time,open,high,low,close
1725228000,1.1054,1.10545,1.10515,1.1054
1725228900,1.1054,1.1056,1.1054,1.10545
1725229800,1.1055,1.1057,1.10545,1.1056
1725230700,1.10565,1.10565,1.1053,1.1053
1725231600,1.10535,1.10545,1.10525,1.1054
1725232500,1.1054,1.10545,1.1052,1.1053
1725233400,1.10535,1.10545,1.10515,1.10515
1725234300,1.1052,1.1053,1.10515,1.1052
1725235200,1.10515,1.1053,1.1049,1.10525
1725236100,1.1053,1.10585,1.1053,1.1058
1725237000,1.1058,1.10615,1.1058,1.10605
1725237900,1.1061,1.1063,1.10595,1.10605
1725238800,1.1061,1.1063,1.1058,1.10585
1725239700,1.10585,1.10625,1.10585,1.1061
1725240600,1.1061,1.10625,1.106,1.10605
1725241500,1.1061,1.1062,1.10575,1.10585
1725242400,1.10585,1.10585,1.10545,1.10545
1725243300,1.1055,1.1056,1.10535,1.10535
1725244200,1.10535,1.10585,1.10535,1.10585
1725245100,1.10585,1.10605,1.10585,1.1059
1725246000,1.1059,1.10595,1.10575,1.1059
1725246900,1.10595,1.10615,1.1059,1.10615
1725247800,1.10615,1.10625,1.10605,1.1061
1725248700,1.1061,1.10615,1.1056,1.1056
1725249600,1.1056,1.1056,1.1051,1.1053
1725250500,1.1053,1.1055,1.10525,1.1055
1725251400,1.1055,1.10555,1.10535,1.1054
1725252300,1.1054,1.10555,1.10535,1.10555
1725253200,1.1055,1.1055,1.10525,1.1054
1725254100,1.10545,1.1059,1.10535,1.1059
1725255000,1.1059,1.1061,1.10585,1.1061
1725255900,1.10605,1.10635,1.106,1.10625
1725256800,1.10625,1.1065,1.1062,1.1064
1725257700,1.10635,1.1067,1.1062,1.1066
1725258600,1.1066,1.1073,1.1065,1.10715
1725259500,1.10715,1.1077,1.10715,1.1073
1725260400,1.1073,1.1073,1.10685,1.1069
1725261300,1.1069,1.10705,1.10635,1.10635
1725262200,1.10635,1.1068,1.1063,1.1068
1725263100,1.10685,1.1076,1.10665,1.1074
1725264000,1.10735,1.1084,1.10735,1.1083
1725264900,1.10835,1.1085,1.10785,1.10795
1725265800,1.10795,1.10825,1.1078,1.10795
1725266700,1.1079,1.1079,1.10715,1.1075
1725267600,1.1075,1.1075,1.10705,1.10725
1725268500,1.10725,1.10775,1.10715,1.1077
1725269400,1.1077,1.108,1.10735,1.1078
1725270300,1.10775,1.1078,1.10745,1.10765
1725271200,1.10765,1.1078,1.10745,1.10765
1725272100,1.1076,1.10775,1.107,1.107
1725273000,1.107,1.1076,1.107,1.1071
1725273900,1.1071,1.1074,1.10685,1.10735
1725274800,1.10735,1.1076,1.1071,1.1072
1725275700,1.1072,1.10755,1.1072,1.10725
1725276600,1.1072,1.10725,1.1068,1.1071
1725277500,1.1071,1.1072,1.1067,1.1067
1725278400,1.1067,1.10715,1.10655,1.1067
1725279300,1.10665,1.10695,1.1066,1.10695
1725280200,1.1069,1.1075,1.10685,1.10735
1725281100,1.10735,1.10785,1.10735,1.1075
1725282000,1.10755,1.1079,1.10735,1.10735
1725282900,1.1074,1.1079,1.10735,1.1076
1725283800,1.10765,1.1078,1.10745,1.1078
1725284700,1.10775,1.10785,1.1074,1.1075
1725285600,1.1075,1.10775,1.10715,1.1072
1725286500,1.10725,1.1074,1.107,1.10705
1725287400,1.107,1.1076,1.10675,1.1076
1725288300,1.1076,1.1079,1.1073,1.1076
1725289200,1.10765,1.10785,1.10755,1.1076
1725290100,1.10755,1.1076,1.1071,1.1074
1725291000,1.10735,1.1076,1.10735,1.10755
1725291900,1.10755,1.10765,1.10745,1.1075
1725292800,1.1075,1.10755,1.10725,1.1073
1725293700,1.1073,1.10735,1.1071,1.10715
1725294600,1.1071,1.1073,1.107,1.10725
1725295500,1.10725,1.10735,1.1071,1.1073
1725314400,1.1079,1.10795,1.10775,1.1078
1725315300,1.10775,1.1078,1.1077,1.1077
1725316200,1.10775,1.10775,1.1075,1.10755
1725317100,1.1075,1.1075,1.10735,1.10735
1725318000,1.1073,1.10735,1.10715,1.10715
1725318900,1.10715,1.1073,1.10715,1.1072
1725319800,1.1072,1.1074,1.10715,1.1074
1725320700,1.10745,1.10745,1.1072,1.1074
1725321600,1.10735,1.1075,1.10715,1.10745
1725322500,1.1074,1.1075,1.1073,1.1074
1725323400,1.10745,1.10745,1.1069,1.10695
1725324300,1.1069,1.107,1.10655,1.1067
1725325200,1.10675,1.1071,1.1067,1.107
1725326100,1.107,1.10715,1.10675,1.1069
1725327000,1.10685,1.10715,1.1068,1.10695
1725327900,1.10695,1.10745,1.1069,1.10735
1725328800,1.1074,1.1076,1.1073,1.1076
1725329700,1.1076,1.1077,1.10735,1.10735
1725330600,1.1074,1.1074,1.10725,1.10735
1725331500,1.10735,1.10745,1.107,1.107
1725332400,1.107,1.107,1.1066,1.1067
1725333300,1.1067,1.1067,1.1065,1.1065
1725334200,1.1065,1.1066,1.10645,1.1065
1725335100,1.1065,1.1067,1.10645,1.1065
1725336000,1.10645,1.1065,1.1061,1.1063
1725336900,1.1063,1.1064,1.1061,1.10615
1725337800,1.1061,1.10625,1.10605,1.1061
1725338700,1.10615,1.10625,1.10605,1.10605
1725339600,1.10605,1.1063,1.10605,1.1062
1725340500,1.1062,1.10635,1.1061,1.1062
1725341400,1.10615,1.10645,1.10605,1.10625
1725342300,1.1062,1.10665,1.10615,1.10665
1725343200,1.10665,1.10665,1.1061,1.10625
1725344100,1.1062,1.1064,1.106,1.10625
1725345000,1.10625,1.1065,1.1058,1.1065
1725345900,1.1065,1.10685,1.1063,1.1068
1725346800,1.10685,1.1071,1.10635,1.10705
1725347700,1.10705,1.10745,1.1069,1.1071
1725348600,1.10705,1.1071,1.10665,1.1069
1725349500,1.1069,1.1071,1.1062,1.1063
1725350400,1.10625,1.1066,1.10605,1.1064
1725351300,1.10635,1.1066,1.10565,1.1058
1725352200,1.1058,1.10605,1.10565,1.1059
1725353100,1.1059,1.106,1.10545,1.1055
1725354000,1.1055,1.10575,1.1041,1.1043
1725354900,1.10425,1.10455,1.10415,1.1045
1725355800,1.1045,1.10485,1.10435,1.10475
1725356700,1.10475,1.10485,1.1046,1.10465
1725357600,1.10465,1.10485,1.10425,1.1048
1725358500,1.1048,1.10485,1.10445,1.10465
1725359400,1.1046,1.1046,1.10395,1.10435
1725360300,1.10435,1.10465,1.10415,1.10425
1725361200,1.1042,1.1046,1.104,1.1046
1725362100,1.1046,1.1047,1.10425,1.1045
1725363000,1.10445,1.105,1.1044,1.1048
1725363900,1.10475,1.1048,1.10425,1.1043
1725364800,1.1043,1.1046,1.10405,1.10455
1725365700,1.10455,1.10465,1.10415,1.1046
1725366600,1.10455,1.1058,1.10455,1.10575
1725367500,1.10575,1.10595,1.10525,1.1055
1725368400,1.1055,1.1063,1.1055,1.10615
1725369300,1.10615,1.10695,1.106,1.10685
1725370200,1.1069,1.107,1.1063,1.10635
1725371100,1.10635,1.10695,1.1058,1.10685
1725372000,1.1069,1.10835,1.1055,1.10555
1725372900,1.1055,1.10575,1.1044,1.1045
1725373800,1.10455,1.10575,1.10445,1.10565
1725374700,1.1057,1.1062,1.1046,1.1049
1725375600,1.10485,1.10515,1.1043,1.1045
1725376500,1.1045,1.10475,1.1043,1.10465
1725377400,1.1047,1.10485,1.1043,1.1044
1725378300,1.10445,1.105,1.10425,1.1049
1725379200,1.1049,1.10515,1.1046,1.10515
1725380100,1.10515,1.1054,1.10495,1.1051
1725381000,1.10515,1.10515,1.1047,1.1048
1725381900,1.1048,1.1048,1.10445,1.1046
1725382800,1.1046,1.10465,1.10395,1.104
1725383700,1.10405,1.1045,1.10405,1.10425
1725384600,1.10425,1.10425,1.104,1.1041
1725385500,1.10415,1.10415,1.1033,1.10345
1725386400,1.10345,1.1036,1.1033,1.1035
1725387300,1.10355,1.1039,1.1034,1.10385
1725388200,1.1038,1.10435,1.10375,1.10415
1725389100,1.10415,1.1046,1.10405,1.10445
1725390000,1.10445,1.10475,1.1044,1.10475
1725390900,1.1047,1.1049,1.10465,1.1047
1725391800,1.1047,1.1048,1.1045,1.10475
1725392700,1.10475,1.1049,1.1047,1.10485
1725393600,1.1048,1.10495,1.10465,1.1047
1725394500,1.1047,1.10485,1.1046,1.1048
1725395400,1.1048,1.10505,1.1048,1.105
1725396300,1.105,1.1051,1.10485,1.105
1725400800,1.10505,1.10505,1.1045,1.1048
1725401700,1.1048,1.1051,1.1048,1.10505
1725402600,1.10505,1.10525,1.10505,1.1052
1725403500,1.1052,1.1053,1.1051,1.10515
1725404400,1.10515,1.1053,1.1051,1.1051
1725405300,1.1051,1.1056,1.1051,1.10555
1725406200,1.10555,1.10555,1.10535,1.1054
1725407100,1.1054,1.1057,1.10535,1.10545
1725408000,1.1054,1.10565,1.10525,1.10535
1725408900,1.1054,1.10555,1.1052,1.1053
1725409800,1.1053,1.10575,1.1053,1.1055
1725410700,1.1055,1.1056,1.1053,1.1054
1725411600,1.1054,1.1056,1.10535,1.1054
1725412500,1.1054,1.1058,1.1054,1.10565
1725413400,1.1057,1.10605,1.10555,1.10595
1725414300,1.10595,1.1062,1.1057,1.1059
1725415200,1.1059,1.106,1.10555,1.106
1725416100,1.106,1.1062,1.1059,1.106
1725417000,1.10605,1.1062,1.10605,1.1061
1725417900,1.10605,1.1061,1.1058,1.10585
1725418800,1.10585,1.1061,1.10585,1.10605
1725419700,1.1061,1.1061,1.10585,1.10585
1725420600,1.1058,1.1059,1.10565,1.10585
1725421500,1.10595,1.1061,1.1058,1.106
1725422400,1.106,1.1061,1.10595,1.1061
1725423300,1.10605,1.1062,1.106,1.10605
1725424200,1.10605,1.1063,1.10595,1.1062
1725425100,1.1062,1.10635,1.1061,1.10625
1725426000,1.10625,1.1064,1.1062,1.10635
1725426900,1.1063,1.1065,1.1062,1.10645
1725427800,1.10645,1.1066,1.1063,1.1064
1725428700,1.10635,1.1064,1.1061,1.1064
1725429600,1.1064,1.10645,1.10585,1.1059
1725430500,1.1059,1.10605,1.1054,1.1055
1725431400,1.1055,1.1061,1.1054,1.106
1725432300,1.106,1.10625,1.10585,1.10595
1725433200,1.10595,1.1064,1.1053,1.10635
1725434100,1.1063,1.10675,1.1062,1.10665
1725435000,1.1066,1.1069,1.1064,1.10675
1725435900,1.1067,1.1067,1.1061,1.1062
1725436800,1.10615,1.10625,1.1056,1.10575
1725437700,1.1057,1.1061,1.10565,1.10605
1725438600,1.1061,1.1065,1.106,1.1063
1725439500,1.1063,1.1064,1.1057,1.1058
1725440400,1.1058,1.106,1.1056,1.1059
1725441300,1.10595,1.10615,1.10565,1.106
1725442200,1.10595,1.10645,1.10585,1.1063
1725443100,1.1063,1.10635,1.1059,1.10595
1725444000,1.10595,1.10595,1.1057,1.1059
1725444900,1.10585,1.10605,1.10575,1.1059
1725445800,1.10585,1.1062,1.1058,1.1059
1725446700,1.10585,1.10595,1.1056,1.1059
1725447600,1.10595,1.106,1.10535,1.10535
1725448500,1.1054,1.10585,1.1052,1.10585
1725449400,1.1058,1.1059,1.1052,1.10525
1725450300,1.10525,1.10565,1.10485,1.10565
1725451200,1.1056,1.1057,1.10535,1.10545
1725452100,1.10545,1.1055,1.1046,1.10505
1725453000,1.105,1.10555,1.1047,1.10555
1725453900,1.10555,1.1059,1.1052,1.1059
1725454800,1.10585,1.10625,1.1056,1.10575
1725455700,1.10575,1.1063,1.10575,1.1062
1725456600,1.10625,1.1065,1.10585,1.1059
1725457500,1.1059,1.10655,1.10575,1.1064
1725458400,1.1064,1.10925,1.10635,1.10735
1725459300,1.1074,1.1091,1.1073,1.1085
1725460200,1.10845,1.10985,1.1084,1.1093
1725461100,1.1093,1.11015,1.10895,1.1096
1725462000,1.1096,1.1098,1.1084,1.10845
1725462900,1.1084,1.10895,1.10825,1.10865
1725463800,1.1086,1.1089,1.1083,1.1086
1725464700,1.10855,1.10875,1.1082,1.10875
1725465600,1.10865,1.1089,1.10845,1.1087
1725466500,1.10865,1.10925,1.1084,1.10915
1725467400,1.10915,1.10925,1.1084,1.10845
1725468300,1.1085,1.10915,1.1082,1.10905
1725469200,1.10905,1.10925,1.1084,1.1084
1725470100,1.1084,1.10845,1.10775,1.1078
1725471000,1.10775,1.10825,1.10765,1.1081
1725471900,1.1081,1.1082,1.1072,1.10725
1725472800,1.1072,1.1079,1.10715,1.1078
1725473700,1.10785,1.10805,1.1077,1.1077
1725474600,1.1077,1.10795,1.1076,1.1079
1725475500,1.1079,1.1083,1.10785,1.1082
1725476400,1.10825,1.10855,1.1081,1.1085
1725477300,1.1085,1.10885,1.1085,1.10875
1725478200,1.10875,1.10875,1.1084,1.10865
1725479100,1.10865,1.10885,1.10835,1.10845
1725480000,1.10845,1.10865,1.10815,1.10865
1725480900,1.1087,1.1087,1.10855,1.1086
1725481800,1.1086,1.10895,1.10855,1.1089
1725482700,1.10895,1.10895,1.10875,1.1088
1725487200,1.10885,1.1091,1.10875,1.1088
1725488100,1.10885,1.1089,1.1088,1.1088
1725489000,1.1088,1.10885,1.10875,1.1088
1725489900,1.10875,1.10895,1.1087,1.10895
1725490800,1.10895,1.109,1.1086,1.1086
1725491700,1.10865,1.10865,1.10845,1.1086
1725492600,1.10865,1.1089,1.1086,1.10865
1725493500,1.10865,1.10875,1.10835,1.10845
1725494400,1.10845,1.1086,1.1084,1.10845
1725495300,1.10845,1.1086,1.10835,1.1084
1725496200,1.1084,1.10845,1.108,1.1083
1725497100,1.1084,1.10845,1.1082,1.10835
1725498000,1.1084,1.1085,1.10825,1.10825
1725498900,1.1083,1.109,1.1083,1.1086
1725499800,1.10865,1.1088,1.10845,1.10875
1725500700,1.10875,1.10885,1.10825,1.1083
1725501600,1.10835,1.1086,1.10825,1.1085
1725502500,1.1084,1.10855,1.1083,1.10845
1725503400,1.1085,1.1088,1.1085,1.1087
1725504300,1.1087,1.1087,1.1084,1.1084
1725505200,1.1084,1.1084,1.1081,1.10815
1725506100,1.1082,1.10825,1.10805,1.1082
1725507000,1.1082,1.1083,1.1081,1.1081
1725507900,1.10815,1.10825,1.1081,1.10815
1725508800,1.10815,1.10815,1.10795,1.108
1725509700,1.10795,1.10805,1.1079,1.108
1725510600,1.10805,1.1082,1.108,1.1082
1725511500,1.1082,1.10825,1.10805,1.10815
1725512400,1.10815,1.10835,1.1081,1.1083
1725513300,1.10825,1.10845,1.1082,1.1084
1725514200,1.1084,1.1085,1.10825,1.1084
1725515100,1.1084,1.1085,1.1083,1.10845
1725516000,1.1085,1.10885,1.1084,1.10875
1725516900,1.10875,1.109,1.10855,1.1088
1725517800,1.10885,1.1091,1.1087,1.109
1725518700,1.109,1.1093,1.10875,1.10885
1725519600,1.1088,1.1093,1.1085,1.10905
1725520500,1.10905,1.1095,1.10855,1.1087
1725521400,1.10875,1.109,1.10845,1.10875
1725522300,1.10875,1.10915,1.1086,1.10915
1725523200,1.10915,1.1099,1.10885,1.1097
1725524100,1.10975,1.1105,1.10965,1.1102
1725525000,1.11025,1.11025,1.1096,1.11005
1725525900,1.1101,1.11045,1.1101,1.11035
1725526800,1.11035,1.1105,1.11005,1.11035
1725527700,1.1103,1.1104,1.11005,1.1103
1725528600,1.11035,1.11045,1.10985,1.11005
1725529500,1.11,1.1101,1.10975,1.10995
1725530400,1.1099,1.11005,1.1097,1.10985
1725531300,1.10985,1.11025,1.10985,1.11
1725532200,1.11,1.1103,1.1099,1.11015
1725533100,1.1102,1.1104,1.11015,1.11035
1725534000,1.1103,1.11065,1.1103,1.11065
1725534900,1.1106,1.1113,1.1106,1.11125
1725535800,1.11125,1.11125,1.1103,1.1103
1725536700,1.11035,1.11035,1.1098,1.10995
1725537600,1.10995,1.11075,1.10995,1.1106
1725538500,1.11065,1.11245,1.11065,1.1121
1725539400,1.1121,1.1122,1.11035,1.1105
1725540300,1.1105,1.1105,1.1092,1.10965
1725541200,1.1097,1.1103,1.1095,1.11
1725542100,1.10995,1.11115,1.1098,1.1111
1725543000,1.1111,1.1113,1.11055,1.1111
1725543900,1.11105,1.11255,1.1105,1.11095
1725544800,1.11115,1.11115,1.10875,1.1096
1725545700,1.1096,1.11015,1.109,1.1091
1725546600,1.10915,1.10945,1.10825,1.10835
1725547500,1.10835,1.10905,1.10805,1.10845
1725548400,1.1084,1.109,1.1083,1.10895
1725549300,1.10895,1.1093,1.1086,1.10865
1725550200,1.1086,1.1094,1.1085,1.10925
1725551100,1.1093,1.11005,1.10915,1.10995
1725552000,1.11,1.11075,1.10995,1.1101
1725552900,1.11015,1.1108,1.1101,1.1107
1725553800,1.1107,1.111,1.11045,1.11065
1725554700,1.11065,1.1107,1.11035,1.1106
1725555600,1.11055,1.11105,1.1104,1.11105
1725556500,1.111,1.11115,1.11055,1.11055
1725557400,1.1106,1.1108,1.11045,1.1107
1725558300,1.1107,1.1112,1.11065,1.11115
1725559200,1.1111,1.11185,1.1111,1.1115
1725560100,1.1115,1.11155,1.11115,1.1113
1725561000,1.11125,1.1116,1.11115,1.11115
1725561900,1.11115,1.1112,1.1107,1.1109
1725562800,1.11085,1.1111,1.1108,1.11095
1725563700,1.11095,1.111,1.11075,1.1109
1725564600,1.11095,1.1112,1.1108,1.1111
1725565500,1.1111,1.1112,1.11075,1.1108
1725566400,1.11085,1.1112,1.1108,1.1112
1725567300,1.11115,1.11155,1.11115,1.11145
1725568200,1.1115,1.11155,1.1114,1.11155
1725569100,1.11155,1.1116,1.1114,1.11155
1725573600,1.1115,1.1115,1.1113,1.11145
1725574500,1.11145,1.1115,1.1114,1.1114
1725575400,1.1114,1.1114,1.1113,1.1113
1725576300,1.1113,1.11135,1.11125,1.11135
1725577200,1.1114,1.11145,1.11135,1.11145
1725578100,1.1114,1.1114,1.11125,1.1113
1725579000,1.1113,1.1116,1.1113,1.1116
1725579900,1.1116,1.11165,1.1115,1.1115
1725580800,1.11155,1.11165,1.11145,1.1115
1725581700,1.1115,1.11155,1.1114,1.11145
1725582600,1.1115,1.11165,1.1114,1.11145
1725583500,1.11145,1.11185,1.11135,1.11175
1725584400,1.11175,1.1118,1.1114,1.1114
1725585300,1.1114,1.1118,1.1114,1.11165
1725586200,1.1116,1.11165,1.11145,1.1116
1725587100,1.1116,1.11175,1.1114,1.11145
1725588000,1.1115,1.1116,1.1114,1.11155
1725588900,1.11155,1.11165,1.11155,1.11165
1725589800,1.1116,1.1117,1.11135,1.1115
1725590700,1.11145,1.11155,1.11135,1.1115
1725591600,1.11155,1.11175,1.1115,1.1117
1725592500,1.1117,1.11185,1.11165,1.1118
1725593400,1.1118,1.112,1.1118,1.11195
1725594300,1.11195,1.11205,1.11185,1.1119
1725595200,1.11195,1.1121,1.11175,1.112
1725596100,1.112,1.1121,1.112,1.11205
1725597000,1.11205,1.1121,1.11195,1.11205
1725597900,1.11205,1.11215,1.11195,1.112
1725598800,1.112,1.1123,1.112,1.1122
1725599700,1.1122,1.11225,1.1121,1.11215
1725600600,1.11215,1.11215,1.1118,1.11205
1725601500,1.112,1.11215,1.11185,1.1121
1725602400,1.1121,1.1124,1.11185,1.1124
1725603300,1.11235,1.11235,1.11205,1.1122
1725604200,1.1122,1.1122,1.1119,1.11215
1725605100,1.1122,1.1125,1.112,1.1125
1725606000,1.11245,1.11245,1.11215,1.1122
1725606900,1.11215,1.1124,1.1119,1.1123
1725607800,1.11225,1.1123,1.1115,1.11165
1725608700,1.11165,1.112,1.1115,1.112
1725609600,1.11195,1.11225,1.11175,1.11185
1725610500,1.1118,1.11215,1.1117,1.11205
1725611400,1.11205,1.11225,1.11195,1.1121
1725612300,1.11205,1.1125,1.1119,1.1121
1725613200,1.1121,1.1121,1.11125,1.1113
1725614100,1.11125,1.11155,1.1112,1.11125
1725615000,1.11125,1.11155,1.11115,1.1113
1725615900,1.11125,1.1118,1.11125,1.11175
1725616800,1.11175,1.11175,1.11135,1.1117
1725617700,1.11165,1.11165,1.1111,1.11125
1725618600,1.11125,1.1115,1.11115,1.11135
1725619500,1.11135,1.1115,1.1111,1.11115
1725620400,1.1111,1.1114,1.11095,1.1111
1725621300,1.11115,1.1112,1.1108,1.111
1725622200,1.11095,1.11125,1.11065,1.11115
1725623100,1.11115,1.11125,1.1109,1.1111
1725624000,1.11115,1.1112,1.1105,1.1107
1725624900,1.11075,1.1115,1.11055,1.11125
1725625800,1.1109,1.11595,1.10825,1.11385
1725626700,1.11385,1.11405,1.1122,1.11255
1725627600,1.1125,1.11295,1.11065,1.1111
1725628500,1.1111,1.11125,1.1092,1.10995
1725629400,1.10995,1.11045,1.10775,1.10775
1725630300,1.10775,1.10875,1.10695,1.1087
1725631200,1.10875,1.1096,1.10765,1.1093
1725632100,1.1093,1.11,1.1088,1.1092
1725633000,1.1091,1.11175,1.1086,1.1109
1725633900,1.1109,1.11145,1.1102,1.11065
1725634800,1.1106,1.11395,1.10885,1.11005
1725635700,1.11005,1.11125,1.10985,1.111
1725636600,1.111,1.111,1.10935,1.10955
1725637500,1.1096,1.1098,1.1087,1.109
1725638400,1.109,1.109,1.10795,1.108
1725639300,1.108,1.1083,1.1075,1.10825
1725640200,1.1083,1.10855,1.1075,1.10765
1725641100,1.1077,1.1082,1.10735,1.10805
1725642000,1.10805,1.10845,1.1074,1.10835
1725642900,1.10845,1.10935,1.10845,1.10915
1725643800,1.10915,1.10915,1.10845,1.1087
1725644700,1.10865,1.1091,1.10845,1.1089
1725645600,1.1089,1.10905,1.10825,1.10865
1725646500,1.1087,1.109,1.1085,1.109
1725647400,1.10905,1.1091,1.1084,1.10865
1725648300,1.1087,1.1091,1.1085,1.109
1725649200,1.109,1.109,1.1086,1.10895
1725650100,1.10895,1.10935,1.10885,1.10935
1725651000,1.1093,1.10935,1.109,1.1091
1725651900,1.1091,1.1093,1.109,1.10925
1725652800,1.1093,1.1093,1.109,1.1091
1725653700,1.10915,1.10925,1.10905,1.1091
1725654600,1.10915,1.10915,1.1089,1.10895
1725655500,1.109,1.1091,1.1089,1.10895
1725832800,1.10895,1.1093,1.10865,1.10915
1725833700,1.1091,1.10925,1.109,1.10915
1725834600,1.10915,1.1094,1.10915,1.1093
1725835500,1.10935,1.10945,1.109,1.1091
1725836400,1.1091,1.10935,1.10905,1.1093
1725837300,1.10925,1.10945,1.1092,1.1094
1725838200,1.1094,1.10945,1.1093,1.10945
1725839100,1.10945,1.1095,1.10905,1.10905
1725840000,1.109,1.1093,1.10885,1.1092
1725840900,1.10925,1.1095,1.109,1.109
1725841800,1.109,1.10925,1.1088,1.1088
1725842700,1.1088,1.10895,1.10865,1.1087
1725843600,1.1087,1.1095,1.1087,1.10935
1725844500,1.10935,1.1094,1.109,1.1091
1725845400,1.1091,1.1091,1.1087,1.10875
1725846300,1.1088,1.1089,1.1085,1.1086
1725847200,1.10855,1.1087,1.10845,1.10855
1725848100,1.1086,1.1086,1.1084,1.10855
1725849000,1.1085,1.1087,1.1085,1.10855
1725849900,1.1085,1.1086,1.1084,1.1084
1725850800,1.1084,1.10845,1.10825,1.10835
1725851700,1.1084,1.1085,1.1083,1.1085
1725852600,1.10845,1.10855,1.1083,1.10835
1725853500,1.10835,1.10855,1.10825,1.10835
1725854400,1.10835,1.10835,1.10825,1.1083
1725855300,1.1083,1.1084,1.10825,1.1083
1725856200,1.1083,1.10835,1.10795,1.108
1725857100,1.108,1.10805,1.1078,1.10795
1725858000,1.10795,1.108,1.1077,1.10785
1725858900,1.1078,1.1079,1.1076,1.1077
1725859800,1.1077,1.10775,1.1074,1.1075
1725860700,1.1075,1.10755,1.10725,1.1073
1725861600,1.1073,1.1076,1.10715,1.10745
1725862500,1.1074,1.1075,1.10675,1.10715
1725863400,1.1071,1.1074,1.10695,1.1073
1725864300,1.10735,1.10735,1.1064,1.10685
1725865200,1.10685,1.10695,1.10585,1.1059
1725866100,1.1059,1.1066,1.10585,1.1063
1725867000,1.1063,1.1065,1.106,1.10645
1725867900,1.1064,1.10675,1.10625,1.1063
1725868800,1.10625,1.10665,1.1058,1.1059
1725869700,1.10585,1.10585,1.10495,1.1052
1725870600,1.1052,1.10535,1.105,1.1052
1725871500,1.10515,1.1055,1.1051,1.1051
1725872400,1.1051,1.1057,1.10495,1.10565
1725873300,1.1056,1.1058,1.1055,1.10565
1725874200,1.1056,1.10615,1.1054,1.1061
1725875100,1.10605,1.10625,1.10595,1.106
1725876000,1.106,1.10605,1.1051,1.10525
1725876900,1.1052,1.10535,1.10455,1.1046
1725877800,1.1046,1.1046,1.104,1.10425
1725878700,1.1043,1.1046,1.1042,1.1044
1725879600,1.1044,1.10485,1.1044,1.10475
1725880500,1.10475,1.10475,1.10415,1.1042
1725881400,1.10415,1.1047,1.10395,1.10455
1725882300,1.10455,1.1048,1.10435,1.1048
1725883200,1.1048,1.10485,1.1044,1.10465
1725884100,1.1047,1.1048,1.1044,1.1046
1725885000,1.1046,1.10525,1.10455,1.1048
1725885900,1.10485,1.10495,1.10415,1.1043
1725886800,1.1043,1.1054,1.1043,1.1053
1725887700,1.10535,1.10555,1.1052,1.1053
1725888600,1.1053,1.1054,1.10455,1.1048
1725889500,1.1048,1.1053,1.10465,1.10505
1725890400,1.1051,1.1051,1.1038,1.1042
1725891300,1.1042,1.1049,1.10405,1.10465
1725892200,1.10455,1.10465,1.1038,1.1039
1725893100,1.10385,1.10475,1.1038,1.10455
1725894000,1.1045,1.1048,1.1042,1.1045
1725894900,1.1045,1.1048,1.104,1.10405
1725895800,1.104,1.10455,1.10395,1.10445
1725896700,1.1045,1.10485,1.1044,1.1045
1725897600,1.10455,1.105,1.1045,1.10485
1725898500,1.10485,1.10525,1.1048,1.10515
1725899400,1.10515,1.1054,1.10505,1.10525
1725900300,1.10525,1.10545,1.1051,1.10525
1725901200,1.1053,1.10575,1.1052,1.10565
1725902100,1.10565,1.10575,1.1055,1.10555
1725903000,1.1055,1.10565,1.10515,1.1052
1725903900,1.10525,1.10525,1.10465,1.10465
1725904800,1.10475,1.1048,1.10455,1.1046
1725905700,1.10465,1.1049,1.10465,1.10475
1725906600,1.10475,1.1049,1.10465,1.1048
1725907500,1.10485,1.105,1.1046,1.10465
1725908400,1.10465,1.1047,1.1043,1.1045
1725909300,1.10455,1.10455,1.10435,1.10435
1725910200,1.10435,1.1044,1.1042,1.10435
1725911100,1.10435,1.1044,1.1041,1.1042
1725912000,1.10415,1.10425,1.10395,1.10425
1725912900,1.10425,1.1043,1.10415,1.1042
1725913800,1.1042,1.1042,1.10405,1.10405
1725914700,1.10405,1.1041,1.1037,1.1038
1725919200,1.1039,1.10425,1.1038,1.1042
1725920100,1.1042,1.1042,1.1041,1.10415
1725921000,1.10415,1.1043,1.10415,1.1042
1725921900,1.10415,1.10415,1.10405,1.1041
1725922800,1.1041,1.1041,1.104,1.10405
1725923700,1.10405,1.10405,1.10395,1.10405
1725924600,1.1041,1.10415,1.10405,1.10405
1725925500,1.10405,1.10405,1.1038,1.1038
1725926400,1.10385,1.10385,1.1034,1.1036
1725927300,1.1036,1.1036,1.10295,1.10325
1725928200,1.10325,1.10355,1.1032,1.10355
1725929100,1.1036,1.1036,1.10335,1.10335
1725930000,1.10335,1.10365,1.10335,1.10355
1725930900,1.1036,1.1036,1.10345,1.10355
1725931800,1.10355,1.1037,1.10345,1.1036
1725932700,1.1036,1.10385,1.1036,1.1038
1725933600,1.1038,1.1039,1.10355,1.1036
1725934500,1.10365,1.1038,1.1036,1.1037
1725935400,1.10375,1.1039,1.10375,1.1038
1725936300,1.10375,1.10385,1.10375,1.1038
1725937200,1.1038,1.10395,1.1038,1.10395
1725938100,1.10395,1.1041,1.10395,1.10405
1725939000,1.104,1.10415,1.104,1.10405
1725939900,1.1041,1.10425,1.1041,1.10415
1725940800,1.1042,1.1042,1.10395,1.104
1725941700,1.10405,1.1041,1.104,1.10405
1725942600,1.104,1.1043,1.104,1.1043
1725943500,1.10425,1.10435,1.10425,1.1043
1725944400,1.1043,1.10435,1.1041,1.1043
1725945300,1.10425,1.10445,1.10425,1.1044
1725946200,1.1044,1.10445,1.1043,1.10445
1725947100,1.1044,1.1046,1.10425,1.10425
1725948000,1.10425,1.10455,1.1037,1.10385
1725948900,1.10385,1.1042,1.1038,1.10415
1725949800,1.10415,1.10465,1.10415,1.10435
1725950700,1.1043,1.1053,1.1043,1.10525
1725951600,1.10525,1.10525,1.1044,1.1045
1725952500,1.1045,1.1048,1.10435,1.10445
1725953400,1.10445,1.1047,1.10415,1.10465
1725954300,1.1046,1.10465,1.104,1.104
1725955200,1.104,1.10425,1.1038,1.10425
1725956100,1.10425,1.1043,1.1038,1.10395
1725957000,1.10395,1.1041,1.10365,1.1041
1725957900,1.10415,1.10415,1.10385,1.1041
1725958800,1.10405,1.10415,1.10355,1.10375
1725959700,1.1037,1.10415,1.1037,1.1041
1725960600,1.10405,1.1045,1.10395,1.10435
1725961500,1.10435,1.1045,1.10405,1.10415
1725962400,1.1042,1.10445,1.1041,1.1041
1725963300,1.10405,1.10425,1.10385,1.10405
1725964200,1.10405,1.10405,1.1037,1.1039
1725965100,1.10385,1.1044,1.10385,1.1043
1725966000,1.10435,1.10465,1.1042,1.10425
1725966900,1.1042,1.1042,1.10375,1.10385
1725967800,1.1038,1.10385,1.10335,1.10345
1725968700,1.10345,1.1035,1.10295,1.10345
1725969600,1.1034,1.1037,1.1031,1.1037
1725970500,1.10375,1.10395,1.1031,1.10315
1725971400,1.10315,1.10375,1.10295,1.1033
1725972300,1.1033,1.1035,1.10295,1.1033
1725973200,1.10325,1.1038,1.10305,1.1035
1725974100,1.10345,1.1038,1.1033,1.10375
1725975000,1.10375,1.10375,1.103,1.1033
1725975900,1.1033,1.10355,1.10205,1.10225
1725976800,1.1023,1.1026,1.102,1.1024
1725977700,1.1024,1.1027,1.1023,1.1026
1725978600,1.10255,1.10255,1.1019,1.10205
1725979500,1.10205,1.1023,1.1018,1.10215
1725980400,1.1021,1.10265,1.10205,1.1025
1725981300,1.10255,1.10295,1.1025,1.10285
1725982200,1.10285,1.10295,1.10225,1.1025
1725983100,1.1025,1.10305,1.10245,1.10285
1725984000,1.1028,1.10305,1.10255,1.10275
1725984900,1.10275,1.103,1.10265,1.10295
1725985800,1.1029,1.1032,1.1028,1.10315
1725986700,1.10315,1.10315,1.1029,1.103
1725987600,1.10295,1.10315,1.1026,1.1026
1725988500,1.1026,1.1028,1.10255,1.10275
1725989400,1.1028,1.103,1.1027,1.1028
1725990300,1.1028,1.10295,1.1026,1.1026
1725991200,1.1026,1.1029,1.1024,1.1028
1725992100,1.1028,1.103,1.10275,1.10295
1725993000,1.103,1.103,1.1028,1.10295
1725993900,1.1029,1.10295,1.10265,1.1028
1725994800,1.1028,1.103,1.10255,1.10295
1725995700,1.1029,1.10305,1.1028,1.1029
1725996600,1.10285,1.10285,1.10265,1.10285
1725997500,1.10285,1.1031,1.10285,1.103
1725998400,1.103,1.103,1.10275,1.10275
1725999300,1.1027,1.10275,1.1026,1.1026
1726000200,1.1026,1.1027,1.1026,1.1026
1726001100,1.10255,1.10255,1.10215,1.1022
1726005600,1.10215,1.1024,1.10215,1.1024
1726006500,1.1024,1.10245,1.1023,1.1024
1726007400,1.10235,1.1024,1.10225,1.1024
1726008300,1.1024,1.1024,1.10225,1.10225
1726009200,1.1023,1.10245,1.1022,1.10245
1726010100,1.1025,1.10265,1.1025,1.1025
1726011000,1.1025,1.10255,1.10225,1.1023
1726011900,1.1023,1.1024,1.1022,1.1023
1726012800,1.1023,1.10245,1.10205,1.1022
1726013700,1.1022,1.10235,1.10195,1.10225
1726014600,1.10225,1.10245,1.10215,1.1024
1726015500,1.10245,1.10255,1.1022,1.10225
1726016400,1.10225,1.1023,1.10205,1.10215
1726017300,1.1022,1.103,1.1021,1.10295
1726018200,1.103,1.10425,1.103,1.10385
1726019100,1.10385,1.1042,1.1038,1.10395
1726020000,1.10395,1.10475,1.1039,1.1044
1726020900,1.10445,1.1046,1.10415,1.10425
1726021800,1.1043,1.1043,1.10365,1.10375
1726022700,1.1038,1.1038,1.10355,1.1036
1726023600,1.10355,1.10395,1.1034,1.10395
1726024500,1.104,1.1042,1.10395,1.1041
1726025400,1.1041,1.1045,1.1041,1.10425
1726026300,1.10425,1.10425,1.1041,1.1041
1726027200,1.10415,1.1044,1.10405,1.10425
1726028100,1.10425,1.1047,1.10425,1.10455
1726029000,1.10455,1.10495,1.1045,1.1049
1726029900,1.10485,1.10495,1.1048,1.1049
1726030800,1.10495,1.10505,1.1049,1.105
1726031700,1.10505,1.10545,1.105,1.10525
1726032600,1.1053,1.10535,1.10485,1.10485
1726033500,1.1049,1.1049,1.10455,1.10465
1726034400,1.1046,1.10515,1.10445,1.10505
1726035300,1.1051,1.10515,1.1046,1.10465
1726036200,1.1046,1.1048,1.10445,1.1045
1726037100,1.10445,1.10485,1.1043,1.1048
1726038000,1.1048,1.10525,1.1044,1.1047
1726038900,1.1047,1.10535,1.1046,1.10525
1726039800,1.10525,1.1055,1.10465,1.1047
1726040700,1.1047,1.1048,1.10425,1.10435
1726041600,1.10435,1.1049,1.10395,1.10475
1726042500,1.10475,1.1048,1.1044,1.10475
1726043400,1.10475,1.10505,1.1046,1.105
1726044300,1.10495,1.105,1.1046,1.1046
1726045200,1.1046,1.1049,1.1044,1.10485
1726046100,1.1048,1.10515,1.1046,1.1046
1726047000,1.1046,1.10505,1.1045,1.1048
1726047900,1.1048,1.1049,1.10445,1.10445
1726048800,1.10445,1.1045,1.1041,1.1044
1726049700,1.10445,1.10485,1.10435,1.10465
1726050600,1.10465,1.10505,1.1046,1.10465
1726051500,1.10465,1.10515,1.1046,1.10515
1726052400,1.1051,1.1056,1.1051,1.10525
1726053300,1.10525,1.10575,1.1052,1.1055
1726054200,1.1055,1.1055,1.1051,1.1051
1726055100,1.1051,1.10535,1.10455,1.10465
1726056000,1.1046,1.10465,1.10425,1.10445
1726056900,1.1045,1.10515,1.10435,1.10465
1726057800,1.10455,1.10455,1.1009,1.1012
1726058700,1.1011,1.1024,1.10055,1.10185
1726059600,1.1019,1.10285,1.1015,1.1026
1726060500,1.1026,1.10285,1.10185,1.10185
1726061400,1.1018,1.1024,1.10155,1.10225
1726062300,1.1023,1.1023,1.1012,1.10155
1726063200,1.10155,1.10165,1.10085,1.1015
1726064100,1.10155,1.1018,1.10075,1.1011
1726065000,1.1011,1.10115,1.10045,1.1007
1726065900,1.1007,1.1014,1.10045,1.1013
1726066800,1.1013,1.1019,1.10105,1.1019
1726067700,1.1019,1.1019,1.1012,1.1016
1726068600,1.10165,1.1018,1.10135,1.1016
1726069500,1.1016,1.1018,1.1013,1.1015
1726070400,1.10145,1.102,1.10125,1.1018
1726071300,1.1019,1.102,1.10145,1.1015
1726072200,1.10145,1.1018,1.1013,1.10175
1726073100,1.10185,1.10195,1.10155,1.10185
1726074000,1.10185,1.10225,1.1018,1.10205
1726074900,1.102,1.1023,1.1018,1.10185
1726075800,1.10185,1.10215,1.10175,1.102
1726076700,1.10205,1.10235,1.102,1.1021
1726077600,1.10215,1.1024,1.10205,1.10225
1726078500,1.1023,1.1023,1.10215,1.10225
1726079400,1.10225,1.10255,1.10215,1.10245
1726080300,1.1025,1.1025,1.10205,1.10205
1726081200,1.1021,1.1026,1.102,1.10255
1726082100,1.10255,1.1029,1.1025,1.10265
1726083000,1.10265,1.10265,1.1018,1.10195
1726083900,1.10195,1.10225,1.1019,1.102
1726084800,1.102,1.1021,1.1018,1.10185
1726085700,1.1018,1.1019,1.1017,1.10175
1726086600,1.1018,1.1018,1.10165,1.1017
1726087500,1.1017,1.1018,1.10135,1.10145
1726092000,1.1015,1.10165,1.1014,1.10155
1726092900,1.1016,1.1016,1.10135,1.1014
1726093800,1.1014,1.1014,1.10125,1.10125
1726094700,1.10125,1.10135,1.1012,1.1013
1726095600,1.10135,1.1014,1.10125,1.10125
1726096500,1.10125,1.1013,1.1012,1.1012
1726097400,1.1012,1.10135,1.1012,1.10125
1726098300,1.1012,1.10135,1.10115,1.10115
1726099200,1.10115,1.10125,1.101,1.10105
1726100100,1.10105,1.1011,1.10085,1.10095
1726101000,1.10095,1.101,1.1008,1.1009
1726101900,1.1009,1.101,1.1007,1.1008
1726102800,1.10075,1.1011,1.10075,1.101
1726103700,1.10105,1.10115,1.10095,1.101
1726104600,1.10105,1.1014,1.10095,1.10135
1726105500,1.10135,1.1014,1.1012,1.1012
1726106400,1.10125,1.1013,1.10085,1.1009
1726107300,1.1009,1.10115,1.1009,1.10115
1726108200,1.10115,1.1013,1.10115,1.1012
1726109100,1.10125,1.10135,1.10105,1.1011
1726110000,1.1011,1.10135,1.10105,1.1013
1726110900,1.1013,1.10145,1.10125,1.10145
1726111800,1.10145,1.1015,1.10135,1.1014
1726112700,1.10135,1.1015,1.10135,1.10145
1726113600,1.1015,1.10165,1.10145,1.1016
1726114500,1.1016,1.1017,1.1016,1.10165
1726115400,1.10165,1.10165,1.10155,1.1016
1726116300,1.10165,1.1018,1.10165,1.10175
1726117200,1.1017,1.1018,1.1016,1.1018
1726118100,1.1018,1.1018,1.10165,1.10175
1726119000,1.10175,1.10195,1.10175,1.10185
1726119900,1.10185,1.1023,1.10185,1.1023
1726120800,1.10225,1.10225,1.10185,1.10215
1726121700,1.10215,1.10245,1.10195,1.10195
1726122600,1.10195,1.10215,1.10185,1.1019
1726123500,1.1019,1.1019,1.10085,1.1009
1726124400,1.10095,1.10135,1.1007,1.10115
1726125300,1.1011,1.1015,1.1007,1.10145
1726126200,1.1015,1.1017,1.10135,1.1014
1726127100,1.10135,1.10145,1.10085,1.1009
1726128000,1.10085,1.10125,1.10065,1.10115
1726128900,1.10115,1.10185,1.10075,1.1018
1726129800,1.10185,1.1023,1.1017,1.1022
1726130700,1.1022,1.1022,1.1015,1.10165
1726131600,1.1017,1.10205,1.1017,1.102
1726132500,1.10205,1.1021,1.10175,1.10195
1726133400,1.10195,1.1021,1.1017,1.10185
1726134300,1.1018,1.10195,1.10135,1.1015
1726135200,1.1015,1.102,1.1015,1.10195
1726136100,1.10195,1.1021,1.10185,1.10195
1726137000,1.1019,1.10225,1.1018,1.10225
1726137900,1.10225,1.10245,1.1021,1.1023
1726138800,1.10225,1.1024,1.10195,1.102
1726139700,1.10195,1.10215,1.10185,1.10205
1726140600,1.102,1.10245,1.10185,1.10195
1726141500,1.10195,1.10195,1.1014,1.1015
1726142400,1.1015,1.1019,1.1008,1.1013
1726143300,1.10135,1.10275,1.10105,1.1022
1726144200,1.10215,1.1031,1.10125,1.1024
1726145100,1.10235,1.10335,1.10225,1.10265
1726146000,1.10265,1.1042,1.1026,1.10355
1726146900,1.1035,1.10405,1.10275,1.10405
1726147800,1.10405,1.1041,1.1031,1.1039
1726148700,1.1039,1.1041,1.1036,1.1038
1726149600,1.10385,1.1039,1.10335,1.10365
1726150500,1.10365,1.10415,1.1034,1.1038
1726151400,1.1038,1.10425,1.1031,1.10415
1726152300,1.1041,1.1048,1.10385,1.1041
1726153200,1.10415,1.10415,1.1037,1.10375
1726154100,1.10375,1.10375,1.10315,1.10355
1726155000,1.10355,1.10405,1.1035,1.10385
1726155900,1.10385,1.10445,1.1035,1.10415
1726156800,1.10415,1.10495,1.10415,1.1045
1726157700,1.10455,1.10495,1.1043,1.1043
1726158600,1.10435,1.1044,1.1038,1.1039
1726159500,1.1039,1.1049,1.1039,1.1047
1726160400,1.1047,1.10525,1.1045,1.10475
1726161300,1.1048,1.10495,1.10445,1.10475
1726162200,1.10475,1.10485,1.10435,1.1045
1726163100,1.1045,1.10575,1.1044,1.10575
1726164000,1.10575,1.10575,1.1052,1.1056
1726164900,1.10565,1.10625,1.10565,1.1061
1726165800,1.10605,1.10635,1.1059,1.10595
1726166700,1.10605,1.10635,1.10595,1.10615
1726167600,1.10615,1.10665,1.1061,1.10655
1726168500,1.10655,1.1067,1.10645,1.10665
1726169400,1.10665,1.10725,1.10665,1.1071
1726170300,1.1071,1.10715,1.1068,1.10715
1726171200,1.10715,1.1073,1.10695,1.1073
1726172100,1.1073,1.1076,1.1072,1.1075
1726173000,1.1075,1.10755,1.10735,1.10755
1726173900,1.10755,1.10765,1.1074,1.1076
1726178400,1.1118,1.112,1.11145,1.1115
1726179300,1.1115,1.11155,1.11125,1.11135
1726180200,1.11135,1.1117,1.11135,1.1116
1726181100,1.11165,1.11165,1.1114,1.1114
1726182000,1.11145,1.1118,1.1114,1.1117
1726182900,1.11175,1.11185,1.1116,1.1117
1726183800,1.1117,1.1118,1.11155,1.1117
1726184700,1.1117,1.11215,1.1117,1.11205
1726185600,1.11205,1.1125,1.11195,1.11245
1726186500,1.1125,1.11265,1.1124,1.11245
1726187400,1.1125,1.11285,1.11225,1.11285
1726188300,1.1128,1.11295,1.11265,1.1129
1726189200,1.11295,1.11315,1.11285,1.1129
1726190100,1.1129,1.11305,1.1126,1.1127
1726191000,1.1127,1.1128,1.11235,1.11245
1726191900,1.1124,1.11245,1.11225,1.1124
1726192800,1.11245,1.11305,1.11215,1.113
1726193700,1.11305,1.11325,1.11295,1.1131
1726194600,1.11305,1.11315,1.1128,1.1128
1726195500,1.1128,1.1131,1.11275,1.11295
1726196400,1.1129,1.11295,1.1126,1.11285
1726197300,1.11285,1.1131,1.11265,1.11305
1726198200,1.1131,1.11325,1.11285,1.11285
1726199100,1.1129,1.11295,1.1128,1.11295
1726200000,1.11295,1.11305,1.11285,1.11285
1726200900,1.11285,1.11295,1.1128,1.11285
1726201800,1.11285,1.11305,1.11275,1.11275
1726202700,1.11275,1.11285,1.11265,1.11265
1726203600,1.11265,1.1127,1.1125,1.1125
1726204500,1.1125,1.1127,1.11245,1.11255
1726205400,1.1126,1.11285,1.1125,1.11275
1726206300,1.11275,1.1128,1.1124,1.1125
1726207200,1.1125,1.11265,1.11225,1.11225
1726208100,1.11225,1.1123,1.11175,1.11185
1726209000,1.11185,1.1121,1.11165,1.11195
1726209900,1.11195,1.1122,1.1117,1.11215
1726210800,1.1121,1.11225,1.11165,1.1117
1726211700,1.11175,1.11245,1.11155,1.1124
1726212600,1.1124,1.113,1.1124,1.11295
1726213500,1.1129,1.1137,1.11265,1.11345
1726214400,1.11345,1.11355,1.11325,1.11335
1726215300,1.11335,1.1136,1.11305,1.11325
1726216200,1.11325,1.11345,1.11285,1.1129
1726217100,1.1129,1.11365,1.1129,1.1135
1726218000,1.11355,1.11365,1.1131,1.1133
1726218900,1.1133,1.1139,1.1131,1.11375
1726219800,1.11375,1.1143,1.1136,1.1142
1726220700,1.11415,1.1143,1.1133,1.1134
1726221600,1.1134,1.11355,1.113,1.11325
1726222500,1.1133,1.11345,1.11315,1.11345
1726223400,1.11345,1.11395,1.11315,1.11385
1726224300,1.11385,1.11385,1.11295,1.1132
1726225200,1.1133,1.11355,1.11305,1.11335
1726226100,1.1133,1.1133,1.11295,1.113
1726227000,1.11295,1.1132,1.1125,1.11265
1726227900,1.1126,1.1128,1.1124,1.1127
1726228800,1.11275,1.11275,1.1122,1.1127
1726229700,1.11275,1.1131,1.11255,1.11265
1726230600,1.11265,1.1132,1.11235,1.1129
1726231500,1.11295,1.1136,1.11255,1.11355
1726232400,1.1136,1.11445,1.1135,1.11415
1726233300,1.1142,1.1142,1.1134,1.11355
1726234200,1.1136,1.11385,1.1133,1.1134
1726235100,1.11335,1.1138,1.11305,1.11365
1726236000,1.1137,1.1138,1.1128,1.1133
1726236900,1.11325,1.1137,1.11295,1.1133
1726237800,1.11335,1.1137,1.11305,1.1136
1726238700,1.1136,1.1136,1.11275,1.11315
1726239600,1.1132,1.11345,1.1128,1.11295
1726240500,1.1129,1.11325,1.1126,1.113
1726241400,1.113,1.11305,1.1125,1.11255
1726242300,1.11255,1.1129,1.11245,1.1127
1726243200,1.11275,1.11275,1.1121,1.11235
1726244100,1.11235,1.1126,1.11205,1.11245
1726245000,1.11245,1.11245,1.1119,1.112
1726245900,1.11195,1.1126,1.1119,1.1126
1726246800,1.1126,1.11285,1.1124,1.11255
1726247700,1.11255,1.11275,1.11245,1.1126
1726248600,1.1126,1.11265,1.11235,1.1124
1726249500,1.1124,1.1125,1.11225,1.1124
1726250400,1.11235,1.11255,1.1123,1.11255
1726251300,1.1125,1.11265,1.11235,1.11255
1726252200,1.11255,1.11255,1.11225,1.1123
1726253100,1.1123,1.11235,1.11185,1.112
1726254000,1.11205,1.11205,1.11185,1.11205
1726254900,1.11205,1.11235,1.11205,1.11225
1726255800,1.1122,1.11225,1.11195,1.11195
1726256700,1.11195,1.11205,1.11185,1.11195
1726257600,1.11205,1.11205,1.11185,1.11185
1726258500,1.1119,1.11195,1.1117,1.11175
1726259400,1.11175,1.11185,1.11155,1.1116
1726260300,1.1116,1.11185,1.1115,1.11185
1726437600,1.1121,1.1124,1.1118,1.11225
1726438500,1.11225,1.11275,1.11225,1.11275
1726439400,1.1127,1.11285,1.11265,1.1128
1726440300,1.11275,1.11285,1.11265,1.1128
1726441200,1.1128,1.1128,1.11255,1.11265
1726442100,1.11265,1.11285,1.1126,1.1128
1726443000,1.1128,1.11305,1.1128,1.113
1726443900,1.113,1.113,1.1128,1.1128
1726444800,1.11285,1.11315,1.1128,1.11305
1726445700,1.113,1.1133,1.113,1.11315
1726446600,1.1132,1.11335,1.11315,1.11325
1726447500,1.11325,1.1134,1.1131,1.11315
1726448400,1.11305,1.1133,1.1129,1.11315
1726449300,1.11315,1.1134,1.11305,1.1133
1726450200,1.1133,1.1134,1.113,1.11305
1726451100,1.11305,1.1131,1.11285,1.1129
1726452000,1.1129,1.11305,1.1128,1.1128
1726452900,1.1128,1.113,1.1128,1.1129
1726453800,1.1129,1.113,1.11285,1.113
1726454700,1.113,1.1132,1.113,1.11305
1726455600,1.1131,1.11315,1.11295,1.11315
1726456500,1.11315,1.1139,1.11315,1.1138
1726457400,1.11385,1.11415,1.11385,1.1141
1726458300,1.11415,1.11465,1.114,1.11455
1726459200,1.11455,1.11465,1.11435,1.1146
1726460100,1.1146,1.11465,1.11415,1.11425
1726461000,1.1142,1.1142,1.1139,1.11395
1726461900,1.11395,1.114,1.1138,1.11385
1726462800,1.1138,1.11405,1.1138,1.1138
1726463700,1.1138,1.1139,1.1138,1.11385
1726464600,1.11385,1.1139,1.1137,1.11385
1726465500,1.11385,1.1141,1.11385,1.11395
1726466400,1.114,1.1143,1.1139,1.11405
1726467300,1.11405,1.11455,1.11395,1.11435
1726468200,1.11435,1.11505,1.1143,1.11485
1726469100,1.11485,1.11565,1.1148,1.11555
1726470000,1.1155,1.1155,1.1151,1.11525
1726470900,1.1153,1.1154,1.11505,1.11515
1726471800,1.1152,1.11605,1.1152,1.116
1726472700,1.116,1.11615,1.1154,1.11565
1726473600,1.1156,1.11605,1.11555,1.116
1726474500,1.116,1.11645,1.116,1.1164
1726475400,1.1164,1.11645,1.11605,1.11625
1726476300,1.1163,1.11675,1.1161,1.1164
1726477200,1.1164,1.11705,1.1161,1.11695
1726478100,1.1169,1.11705,1.1167,1.11695
1726479000,1.1169,1.11705,1.1163,1.1164
1726479900,1.11635,1.11645,1.11595,1.1162
1726480800,1.1162,1.11665,1.11615,1.11655
1726481700,1.11655,1.1169,1.11655,1.1168
1726482600,1.11675,1.11695,1.1162,1.1162
1726483500,1.1162,1.11645,1.11615,1.11635
1726484400,1.1163,1.1167,1.1161,1.1161
1726485300,1.11605,1.11625,1.1157,1.1162
1726486200,1.11615,1.11665,1.11615,1.11645
1726487100,1.11645,1.1166,1.1162,1.1165
1726488000,1.11645,1.1169,1.11645,1.11675
1726488900,1.11675,1.1171,1.1165,1.1171
1726489800,1.11705,1.1174,1.11575,1.11605
1726490700,1.1161,1.1166,1.11605,1.11655
1726491600,1.1166,1.1168,1.11635,1.11675
1726492500,1.11675,1.11725,1.1165,1.11715
1726493400,1.11715,1.11785,1.1171,1.11735
1726494300,1.11735,1.11735,1.11675,1.11705
1726495200,1.1171,1.1171,1.1162,1.1166
1726496100,1.11665,1.117,1.1166,1.1169
1726497000,1.1169,1.1172,1.116,1.11605
1726497900,1.1161,1.1166,1.1159,1.11655
1726498800,1.11645,1.1165,1.11605,1.1163
1726499700,1.1163,1.11655,1.11615,1.1164
1726500600,1.1164,1.1165,1.11575,1.1161
1726501500,1.11615,1.1164,1.11585,1.11635
1726502400,1.11635,1.1168,1.1162,1.1162
1726503300,1.1162,1.11655,1.11605,1.11655
1726504200,1.11655,1.11695,1.1165,1.1169
1726505100,1.1169,1.11715,1.11675,1.11705
1726506000,1.117,1.1171,1.11655,1.11655
1726506900,1.1165,1.1167,1.11615,1.11635
1726507800,1.1163,1.11635,1.1157,1.11615
1726508700,1.11615,1.1165,1.11595,1.11645
1726509600,1.11645,1.11655,1.1161,1.1162
1726510500,1.1162,1.1165,1.1161,1.1164
1726511400,1.11645,1.1166,1.1163,1.11635
1726512300,1.1163,1.1164,1.11605,1.1162
1726513200,1.11615,1.1163,1.116,1.116
1726514100,1.116,1.1164,1.11595,1.11625
1726515000,1.11625,1.1167,1.1162,1.1167
1726515900,1.11665,1.11705,1.11665,1.11695
1726516800,1.117,1.11715,1.1169,1.117
1726517700,1.11705,1.11715,1.11695,1.11705
1726518600,1.1171,1.11735,1.11705,1.11735
1726519500,1.1173,1.11745,1.1173,1.1173
1726524000,1.1174,1.1174,1.1168,1.1169
1726524900,1.1169,1.11695,1.1168,1.11685
1726525800,1.11685,1.1169,1.11675,1.1168
1726526700,1.1168,1.11685,1.11665,1.1167
1726527600,1.11675,1.11685,1.11645,1.11645
1726528500,1.11645,1.11665,1.11635,1.11665
1726529400,1.11665,1.11685,1.11665,1.11685
1726530300,1.11685,1.11695,1.11675,1.1169
1726531200,1.1169,1.11715,1.11685,1.1169
1726532100,1.11685,1.11695,1.1166,1.11675
1726533000,1.1167,1.1169,1.11645,1.11645
1726533900,1.1164,1.11645,1.1162,1.1163
1726534800,1.1163,1.11655,1.1163,1.11645
1726535700,1.11645,1.11655,1.11635,1.11635
1726536600,1.11635,1.11675,1.11635,1.11665
1726537500,1.1167,1.11695,1.11655,1.1168
1726538400,1.1168,1.1169,1.1167,1.11685
1726539300,1.11685,1.1169,1.1165,1.1169
1726540200,1.1169,1.11695,1.1168,1.1169
1726541100,1.1169,1.117,1.11675,1.11675
1726542000,1.1167,1.11675,1.11635,1.11665
1726542900,1.11665,1.11685,1.11665,1.11665
1726543800,1.11665,1.1167,1.1164,1.11645
1726544700,1.1164,1.1165,1.11625,1.1164
1726545600,1.1164,1.11645,1.1162,1.11625
1726546500,1.11625,1.1163,1.11615,1.1163
1726547400,1.1163,1.1164,1.1163,1.1164
1726548300,1.11635,1.1165,1.1163,1.1164
1726549200,1.11645,1.11645,1.1162,1.1163
1726550100,1.1163,1.1166,1.1163,1.1166
1726551000,1.1166,1.1169,1.11655,1.11675
1726551900,1.1168,1.1168,1.11655,1.1167
1726552800,1.1167,1.1171,1.1166,1.11705
1726553700,1.11705,1.1171,1.1167,1.117
1726554600,1.11695,1.11735,1.11695,1.1171
1726555500,1.1171,1.11715,1.11615,1.11615
1726556400,1.1161,1.1163,1.1156,1.1157
1726557300,1.1157,1.11655,1.1156,1.1164
1726558200,1.11645,1.1176,1.11645,1.1176
1726559100,1.11755,1.1178,1.11715,1.1176
1726560000,1.11765,1.11775,1.1173,1.1176
1726560900,1.11755,1.1177,1.1173,1.1174
1726561800,1.1174,1.11805,1.1174,1.11795
1726562700,1.11795,1.1186,1.11775,1.11845
1726563600,1.11845,1.11845,1.11775,1.118
1726564500,1.118,1.1181,1.1178,1.118
1726565400,1.118,1.118,1.1175,1.11755
1726566300,1.1176,1.11785,1.1175,1.11785
1726567200,1.11785,1.118,1.11775,1.11785
1726568100,1.1178,1.1178,1.1174,1.1177
1726569000,1.11765,1.11785,1.1172,1.11745
1726569900,1.11745,1.11755,1.1173,1.11745
1726570800,1.11745,1.11755,1.11705,1.1172
1726571700,1.11725,1.11755,1.11715,1.11745
1726572600,1.11745,1.1178,1.11745,1.1178
1726573500,1.1178,1.1183,1.1177,1.1179
1726574400,1.1179,1.1182,1.1178,1.1179
1726575300,1.11795,1.118,1.1172,1.1174
1726576200,1.1174,1.1184,1.116,1.1164
1726577100,1.11645,1.11665,1.1158,1.11655
1726578000,1.1165,1.11685,1.1155,1.11655
1726578900,1.11655,1.11675,1.1159,1.116
1726579800,1.11595,1.1162,1.11555,1.11615
1726580700,1.1161,1.11625,1.1152,1.1154
1726581600,1.1154,1.11675,1.1154,1.11675
1726582500,1.1167,1.11685,1.1162,1.1165
1726583400,1.11645,1.11675,1.11625,1.1164
1726584300,1.1164,1.11685,1.1161,1.11655
1726585200,1.1165,1.1167,1.1157,1.116
1726586100,1.116,1.11635,1.11565,1.116
1726587000,1.116,1.1163,1.1157,1.1158
1726587900,1.11575,1.116,1.1156,1.11575
1726588800,1.11575,1.1161,1.11565,1.116
1726589700,1.11595,1.11595,1.1155,1.1158
1726590600,1.1158,1.1162,1.11565,1.116
1726591500,1.116,1.1161,1.1159,1.11595
1726592400,1.11595,1.1161,1.11495,1.11545
1726593300,1.1155,1.1158,1.1155,1.1156
1726594200,1.1156,1.11565,1.1152,1.1153
1726595100,1.1153,1.1157,1.11525,1.11565
1726596000,1.1156,1.1159,1.1156,1.1158
1726596900,1.11585,1.1159,1.11565,1.11575
1726597800,1.11575,1.11615,1.11575,1.1161
1726598700,1.11615,1.1163,1.116,1.1163
1726599600,1.11625,1.1164,1.116,1.1161
1726600500,1.1161,1.1162,1.1158,1.11585
1726601400,1.11585,1.1159,1.11555,1.11565
1726602300,1.11565,1.1157,1.11555,1.1156
1726603200,1.11565,1.1157,1.11555,1.11565
1726604100,1.1157,1.11575,1.11555,1.1156
1726605000,1.1156,1.1157,1.11535,1.11535
1726605900,1.11535,1.11545,1.1153,1.1154
1726610400,1.1156,1.1156,1.1154,1.11545
1726611300,1.11545,1.1156,1.11545,1.1156
1726612200,1.1156,1.11575,1.1156,1.11575
1726613100,1.11575,1.1159,1.1157,1.1158
1726614000,1.11585,1.11595,1.1158,1.1159
1726614900,1.1159,1.1162,1.1159,1.11615
1726615800,1.11615,1.11635,1.11615,1.11635
1726616700,1.11635,1.11635,1.11615,1.1162
1726617600,1.1162,1.11645,1.1161,1.11625
1726618500,1.11625,1.1165,1.11625,1.1164
1726619400,1.1164,1.1164,1.1162,1.1163
1726620300,1.11625,1.11685,1.1162,1.11665
1726621200,1.1167,1.11685,1.1166,1.1166
1726622100,1.1166,1.11705,1.1166,1.1166
1726623000,1.11665,1.1168,1.1165,1.1168
1726623900,1.1168,1.1169,1.11665,1.1168
1726624800,1.1168,1.11685,1.1165,1.11655
1726625700,1.11655,1.1166,1.1165,1.1165
1726626600,1.1165,1.1168,1.1165,1.1166
1726627500,1.1166,1.11675,1.1165,1.11675
1726628400,1.1168,1.11685,1.1166,1.1166
1726629300,1.1166,1.11675,1.11655,1.11675
1726630200,1.11675,1.1168,1.1167,1.1167
1726631100,1.1167,1.11675,1.11655,1.1166
1726632000,1.1166,1.1166,1.1165,1.11655
1726632900,1.11655,1.11655,1.1163,1.1164
1726633800,1.11645,1.11645,1.1163,1.11635
1726634700,1.1163,1.1163,1.11595,1.11595
1726635600,1.11595,1.11615,1.11595,1.116
1726636500,1.11595,1.116,1.1159,1.1159
1726637400,1.1159,1.11595,1.1158,1.1159
1726638300,1.1159,1.11615,1.1158,1.1161
1726639200,1.116,1.1166,1.116,1.11635
1726640100,1.1164,1.11645,1.116,1.1161
1726641000,1.11605,1.1163,1.1158,1.1158
1726641900,1.1158,1.1162,1.1155,1.11585
1726642800,1.1159,1.1163,1.11575,1.116
1726643700,1.116,1.11675,1.116,1.1164
1726644600,1.1164,1.11665,1.11625,1.11655
1726645500,1.11655,1.1171,1.1164,1.1171
1726646400,1.11705,1.11725,1.11685,1.117
1726647300,1.117,1.11735,1.1168,1.11715
1726648200,1.1172,1.11735,1.117,1.1171
1726649100,1.1171,1.1173,1.1169,1.117
1726650000,1.11695,1.11715,1.11665,1.1171
1726650900,1.1171,1.11765,1.11705,1.11735
1726651800,1.1173,1.1178,1.1173,1.11765
1726652700,1.11765,1.118,1.11765,1.1178
1726653600,1.1178,1.11785,1.1174,1.11755
1726654500,1.11755,1.1178,1.1174,1.1178
1726655400,1.11775,1.1178,1.11735,1.1175
1726656300,1.11745,1.11755,1.11695,1.117
1726657200,1.117,1.117,1.11645,1.11665
1726658100,1.11665,1.1167,1.11635,1.1166
1726659000,1.1166,1.1166,1.11625,1.1165
1726659900,1.1165,1.1166,1.11625,1.11645
1726660800,1.1165,1.11665,1.11635,1.1165
1726661700,1.11655,1.11685,1.11625,1.1163
1726662600,1.1163,1.1163,1.11575,1.116
1726663500,1.116,1.11635,1.1158,1.11625
1726664400,1.11625,1.11735,1.11625,1.11725
1726665300,1.11725,1.118,1.11715,1.11795
1726666200,1.1179,1.11795,1.11755,1.1179
1726667100,1.1179,1.1179,1.11705,1.1175
1726668000,1.11755,1.11765,1.1168,1.11695
1726668900,1.11695,1.117,1.11555,1.11565
1726669800,1.1156,1.11575,1.1148,1.1154
1726670700,1.1154,1.11585,1.11515,1.1158
1726671600,1.11575,1.1162,1.11565,1.11575
1726672500,1.1158,1.1162,1.1155,1.11605
1726673400,1.11605,1.11615,1.1152,1.1155
1726674300,1.1155,1.1157,1.11525,1.1156
1726675200,1.1156,1.1164,1.1156,1.11635
1726676100,1.11635,1.11665,1.1162,1.1166
1726677000,1.1166,1.1166,1.11625,1.11625
1726677900,1.11625,1.11665,1.11615,1.11645
1726678800,1.1164,1.11665,1.116,1.11605
1726679700,1.11605,1.11615,1.1157,1.11605
1726680600,1.11605,1.11695,1.11605,1.11695
1726681500,1.117,1.1171,1.11635,1.11655
1726682400,1.11645,1.12175,1.11645,1.12005
1726683300,1.12005,1.12175,1.11995,1.12095
1726684200,1.121,1.1227,1.1196,1.11975
1726685100,1.1197,1.121,1.1184,1.11865
1726686000,1.1187,1.1187,1.1165,1.11835
1726686900,1.11835,1.1185,1.11565,1.1169
1726687800,1.1169,1.117,1.11515,1.11515
1726688700,1.11515,1.11515,1.1134,1.11425
1726689600,1.1143,1.1152,1.1141,1.11475
1726690500,1.11475,1.11565,1.11455,1.11555
1726691400,1.11555,1.1158,1.1153,1.11545
1726692300,1.1155,1.1158,1.11545,1.1156
1726696800,1.11575,1.11635,1.11515,1.11555
1726697700,1.1156,1.11595,1.1155,1.1159
1726698600,1.1159,1.11605,1.11575,1.11585
1726699500,1.11585,1.11595,1.11555,1.11575
1726700400,1.11585,1.11585,1.1152,1.1152
1726701300,1.1152,1.1152,1.1148,1.1149
1726702200,1.11495,1.1151,1.1147,1.115
1726703100,1.11495,1.1151,1.1147,1.115
1726704000,1.11505,1.11525,1.11435,1.11465
1726704900,1.1147,1.1148,1.11425,1.1144
1726705800,1.11435,1.11445,1.1136,1.11365
1726706700,1.11365,1.11365,1.1115,1.11175
1726707600,1.1117,1.1121,1.11155,1.1118
1726708500,1.11185,1.11215,1.11115,1.11115
1726709400,1.11125,1.11135,1.1104,1.1111
1726710300,1.1111,1.112,1.11105,1.1119
1726711200,1.1119,1.1129,1.1119,1.1129
1726712100,1.1129,1.11355,1.11275,1.11355
1726713000,1.11355,1.1136,1.11315,1.11325
1726713900,1.1133,1.11395,1.11315,1.1138
1726714800,1.1138,1.11415,1.11355,1.11405
1726715700,1.11405,1.1148,1.11395,1.11475
1726716600,1.1148,1.1154,1.11465,1.1152
1726717500,1.1152,1.11545,1.115,1.1154
1726718400,1.11545,1.1156,1.11525,1.11535
1726719300,1.11535,1.11545,1.11505,1.1151
1726720200,1.11515,1.1156,1.11515,1.1153
1726721100,1.11525,1.11575,1.1151,1.1156
1726722000,1.1156,1.11615,1.1156,1.11615
1726722900,1.11615,1.1166,1.11615,1.11645
1726723800,1.1165,1.11665,1.11635,1.1165
1726724700,1.11645,1.1167,1.1162,1.1167
1726725600,1.11665,1.1171,1.11655,1.11675
1726726500,1.11675,1.11705,1.1165,1.11675
1726727400,1.1167,1.11725,1.1166,1.11715
1726728300,1.11715,1.11815,1.11705,1.11805
1726729200,1.11815,1.11885,1.11785,1.1185
1726730100,1.11855,1.11855,1.11765,1.11805
1726731000,1.1181,1.11835,1.1176,1.11825
1726731900,1.1183,1.11895,1.11805,1.1182
1726732800,1.11815,1.1187,1.1181,1.11855
1726733700,1.1185,1.1194,1.1184,1.11935
1726734600,1.11935,1.1205,1.1193,1.12045
1726735500,1.12045,1.12045,1.11965,1.11985
1726736400,1.11985,1.121,1.11985,1.12095
1726737300,1.1209,1.12115,1.1206,1.12065
1726738200,1.1206,1.12105,1.1205,1.1209
1726739100,1.12085,1.1215,1.12085,1.1214
1726740000,1.1214,1.12145,1.12045,1.12095
1726740900,1.1209,1.12115,1.1205,1.12095
1726741800,1.1209,1.1211,1.1205,1.12105
1726742700,1.1211,1.12115,1.1205,1.12065
1726743600,1.12065,1.12125,1.1195,1.1195
1726744500,1.11955,1.1196,1.11875,1.11945
1726745400,1.1195,1.1199,1.1192,1.1192
1726746300,1.1192,1.11945,1.11895,1.1194
1726747200,1.1194,1.1194,1.11885,1.11915
1726748100,1.11915,1.11935,1.1185,1.11895
1726749000,1.1189,1.1189,1.1166,1.1168
1726749900,1.1168,1.11695,1.11615,1.11615
1726750800,1.11615,1.11755,1.11605,1.1171
1726751700,1.1171,1.1176,1.1165,1.11665
1726752600,1.1166,1.11695,1.11555,1.11555
1726753500,1.1156,1.11585,1.1153,1.1158
1726754400,1.1158,1.1167,1.1152,1.1156
1726755300,1.1156,1.1169,1.1153,1.1163
1726756200,1.11635,1.11665,1.11555,1.1156
1726757100,1.11555,1.11655,1.11535,1.1165
1726758000,1.11645,1.1168,1.1161,1.11655
1726758900,1.11655,1.11795,1.11655,1.11795
1726759800,1.11795,1.1182,1.11765,1.11785
1726760700,1.1179,1.1184,1.11785,1.11825
1726761600,1.11825,1.11885,1.1181,1.1185
1726762500,1.11845,1.1193,1.11835,1.119
1726763400,1.119,1.11925,1.11855,1.1188
1726764300,1.11875,1.1195,1.11875,1.1191
1726765200,1.1191,1.1194,1.11875,1.119
1726766100,1.119,1.11935,1.11885,1.11895
1726767000,1.11895,1.1194,1.11895,1.11925
1726767900,1.1193,1.1197,1.1193,1.1196
1726768800,1.11965,1.1201,1.11965,1.11995
1726769700,1.11995,1.1203,1.1197,1.1203
1726770600,1.1203,1.1204,1.12,1.12
1726771500,1.12005,1.12015,1.11985,1.12015
1726772400,1.1201,1.12025,1.1198,1.11985
1726773300,1.11985,1.1199,1.11955,1.1196
1726774200,1.1196,1.1198,1.1195,1.1195
1726775100,1.11955,1.11995,1.1195,1.11975
1726776000,1.11975,1.11995,1.11965,1.11995
1726776900,1.11995,1.12,1.11965,1.1197
1726777800,1.1197,1.1199,1.1196,1.11985
1726778700,1.1199,1.1199,1.1197,1.1198
1726783200,1.1197,1.1199,1.1196,1.11975
1726784100,1.11975,1.1198,1.1196,1.1197
1726785000,1.11975,1.1198,1.1196,1.1196
1726785900,1.11965,1.11975,1.1196,1.11965
1726786800,1.11965,1.11965,1.11935,1.1194
1726787700,1.11945,1.1195,1.1194,1.1194
1726788600,1.11945,1.1195,1.1194,1.11945
1726789500,1.11945,1.11955,1.1194,1.11945
1726790400,1.1195,1.11965,1.11925,1.1194
1726791300,1.1194,1.11965,1.1193,1.11965
1726792200,1.11965,1.1197,1.1195,1.1195
1726793100,1.1195,1.1197,1.1193,1.11955
1726794000,1.1196,1.11985,1.11945,1.1196
1726794900,1.1197,1.11975,1.1194,1.11965
1726795800,1.1196,1.1199,1.11935,1.11945
1726796700,1.1195,1.11965,1.1194,1.11945
1726797600,1.11945,1.11965,1.11935,1.11945
1726798500,1.11945,1.1195,1.11925,1.11945
1726799400,1.1195,1.11965,1.1195,1.1196
1726800300,1.1196,1.11985,1.11945,1.1197
1726801200,1.1197,1.12015,1.1197,1.1199
1726802100,1.11995,1.12035,1.11995,1.1202
1726803000,1.12015,1.12045,1.1201,1.12015
1726803900,1.12015,1.12015,1.11995,1.1201
1726804800,1.1201,1.1202,1.1201,1.1202
1726805700,1.1202,1.1203,1.1201,1.12025
1726806600,1.1202,1.1202,1.12,1.1201
1726807500,1.1201,1.1201,1.1199,1.12
1726808400,1.12005,1.1201,1.11975,1.11985
1726809300,1.11985,1.11985,1.11965,1.1197
1726810200,1.1197,1.1201,1.1197,1.12005
1726811100,1.12005,1.12015,1.11985,1.1199
1726812000,1.11995,1.1209,1.11995,1.1208
1726812900,1.12075,1.12085,1.1205,1.1208
1726813800,1.12075,1.1213,1.12075,1.12115
1726814700,1.1211,1.1214,1.1207,1.1212
1726815600,1.12115,1.1217,1.1209,1.12165
1726816500,1.12165,1.12165,1.1209,1.12115
1726817400,1.12115,1.12125,1.1202,1.12035
1726818300,1.1203,1.12035,1.11945,1.11975
1726819200,1.11975,1.12005,1.11915,1.1193
1726820100,1.1193,1.1195,1.11875,1.1194
1726821000,1.1194,1.1204,1.11935,1.12035
1726821900,1.12035,1.1204,1.11965,1.11995
1726822800,1.11995,1.1201,1.1196,1.1197
1726823700,1.1197,1.12005,1.11965,1.1199
1726824600,1.11995,1.12,1.1196,1.1196
1726825500,1.1196,1.11975,1.1192,1.1196
1726826400,1.1196,1.1198,1.1194,1.1194
1726827300,1.1194,1.11945,1.119,1.1194
1726828200,1.11935,1.11955,1.11925,1.1195
1726829100,1.1195,1.1195,1.11935,1.1194
1726830000,1.11945,1.11955,1.119,1.119
1726830900,1.119,1.1196,1.11895,1.1194
1726831800,1.1194,1.1194,1.119,1.1194
1726832700,1.1194,1.11975,1.1191,1.1197
1726833600,1.11965,1.12035,1.11965,1.1203
1726834500,1.12035,1.12075,1.12015,1.12065
1726835400,1.12065,1.1208,1.1201,1.1207
1726836300,1.1207,1.12125,1.12055,1.12095
1726837200,1.12095,1.12115,1.1203,1.1203
1726838100,1.12035,1.12045,1.11925,1.11935
1726839000,1.1194,1.1198,1.11915,1.11945
1726839900,1.11945,1.11965,1.1189,1.119
1726840800,1.11905,1.11905,1.1177,1.11775
1726841700,1.1177,1.11815,1.11725,1.118
1726842600,1.1179,1.1185,1.11775,1.1184
1726843500,1.1184,1.11895,1.1176,1.11785
1726844400,1.11785,1.1181,1.11745,1.11765
1726845300,1.11765,1.1178,1.1171,1.11725
1726846200,1.1172,1.1192,1.11715,1.1189
1726847100,1.11895,1.11945,1.11865,1.11935
1726848000,1.1194,1.1204,1.11935,1.1204
1726848900,1.1204,1.12085,1.12025,1.12065
1726849800,1.1206,1.1208,1.12015,1.1206
1726850700,1.1206,1.1211,1.1204,1.1209
1726851600,1.12085,1.1209,1.1203,1.12035
1726852500,1.12035,1.12045,1.12005,1.1201
1726853400,1.1201,1.1202,1.1195,1.11955
1726854300,1.11955,1.1197,1.1193,1.1194
1726855200,1.1194,1.1195,1.11915,1.11925
1726856100,1.1193,1.1195,1.11925,1.11935
1726857000,1.1193,1.1196,1.11925,1.11955
1726857900,1.1196,1.12005,1.1195,1.12
1726858800,1.11995,1.12,1.11975,1.11995
1726859700,1.1199,1.12,1.1197,1.11995
1726860600,1.11995,1.12005,1.1199,1.12
1726861500,1.12,1.12005,1.11965,1.11965
1726862400,1.11965,1.11965,1.1192,1.11925
1726863300,1.1192,1.1193,1.1191,1.11925
1726864200,1.11915,1.11975,1.11905,1.1197
1726865100,1.1197,1.11985,1.1196,1.11975
1727042400,1.11975,1.11975,1.1194,1.11965
1727043300,1.11965,1.1199,1.11965,1.11985
1727044200,1.1198,1.1199,1.1197,1.1198
1727045100,1.11975,1.11985,1.11965,1.11965
1727046000,1.11965,1.11975,1.11935,1.11965
1727046900,1.1197,1.1198,1.11965,1.11975
1727047800,1.1198,1.11985,1.11965,1.11975
1727048700,1.1197,1.1197,1.11935,1.11935
1727049600,1.1193,1.1195,1.1191,1.1192
1727050500,1.1192,1.11925,1.119,1.1192
1727051400,1.11925,1.1193,1.1191,1.1192
1727052300,1.1192,1.11935,1.1191,1.1193
1727053200,1.1193,1.11935,1.11915,1.11935
1727054100,1.1194,1.1195,1.119,1.11925
1727055000,1.11925,1.11945,1.11915,1.1193
1727055900,1.11935,1.1196,1.1193,1.1193
1727056800,1.1193,1.1194,1.11905,1.1194
1727057700,1.1194,1.11945,1.11925,1.11935
1727058600,1.1194,1.1197,1.11925,1.1196
1727059500,1.1196,1.1198,1.11955,1.11965
1727060400,1.11965,1.1199,1.11965,1.1199
1727061300,1.1199,1.1199,1.1198,1.11985
1727062200,1.11985,1.11985,1.11965,1.11965
1727063100,1.11965,1.11975,1.11955,1.11955
1727064000,1.11955,1.11965,1.11945,1.1196
1727064900,1.1196,1.11985,1.1196,1.1198
1727065800,1.1198,1.1199,1.1198,1.11985
1727066700,1.1199,1.11995,1.1198,1.1198
1727067600,1.11975,1.1198,1.11975,1.1198
1727068500,1.1198,1.1199,1.1198,1.11985
1727069400,1.11985,1.12,1.11985,1.12
1727070300,1.12,1.12015,1.1196,1.11975
1727071200,1.1198,1.11985,1.11925,1.11955
1727072100,1.1195,1.1196,1.11895,1.1193
1727073000,1.11925,1.11945,1.11905,1.11935
1727073900,1.1194,1.11945,1.11895,1.1193
1727074800,1.1193,1.11935,1.117,1.1172
1727075700,1.1172,1.1172,1.1149,1.116
1727076600,1.116,1.116,1.114,1.11455
1727077500,1.11455,1.11465,1.1132,1.11355
1727078400,1.11355,1.11365,1.1118,1.11215
1727079300,1.11215,1.11285,1.1118,1.1127
1727080200,1.11265,1.11315,1.1121,1.1131
1727081100,1.113,1.1134,1.11265,1.1127
1727082000,1.1127,1.11345,1.11265,1.1134
1727082900,1.1134,1.1147,1.1134,1.1143
1727083800,1.1143,1.1145,1.1139,1.1141
1727084700,1.1141,1.11445,1.11405,1.1141
1727085600,1.1141,1.11465,1.114,1.1146
1727086500,1.11455,1.11475,1.11435,1.1144
1727087400,1.1144,1.1154,1.11435,1.11495
1727088300,1.11495,1.11535,1.11465,1.1148
1727089200,1.1148,1.11565,1.11475,1.1155
1727090100,1.11545,1.11585,1.11525,1.1155
1727091000,1.1155,1.1159,1.1155,1.11585
1727091900,1.1158,1.11605,1.11545,1.1155
1727092800,1.11545,1.1158,1.11485,1.11495
1727093700,1.11495,1.1151,1.11435,1.11465
1727094600,1.1147,1.11525,1.1147,1.1151
1727095500,1.1151,1.11585,1.1151,1.1157
1727096400,1.1157,1.1165,1.1157,1.11625
1727097300,1.1162,1.117,1.1162,1.1168
1727098200,1.11675,1.1169,1.11645,1.11665
1727099100,1.1167,1.1178,1.11545,1.11645
1727100000,1.11645,1.1167,1.11505,1.1159
1727100900,1.1159,1.11705,1.1159,1.117
1727101800,1.11695,1.11785,1.11695,1.11715
1727102700,1.11715,1.11715,1.11625,1.1168
1727103600,1.1167,1.117,1.1159,1.1166
1727104500,1.1166,1.1172,1.11655,1.1169
1727105400,1.1169,1.11725,1.1168,1.117
1727106300,1.117,1.11725,1.11615,1.11655
1727107200,1.1165,1.1165,1.11575,1.11575
1727108100,1.1158,1.11635,1.11565,1.11615
1727109000,1.1161,1.11615,1.1156,1.11585
1727109900,1.11585,1.11615,1.11565,1.116
1727110800,1.116,1.11605,1.1156,1.1158
1727111700,1.1158,1.1161,1.11575,1.11605
1727112600,1.11605,1.11635,1.11585,1.11595
1727113500,1.1159,1.116,1.1155,1.11555
1727114400,1.11555,1.1158,1.1153,1.11575
1727115300,1.1157,1.1159,1.1154,1.1158
1727116200,1.11575,1.1159,1.11555,1.11565
1727117100,1.1156,1.11575,1.11505,1.11515
1727118000,1.1152,1.11525,1.115,1.115
1727118900,1.11505,1.1151,1.1149,1.115
1727119800,1.115,1.1153,1.11495,1.11525
1727120700,1.11525,1.1153,1.1147,1.11495
1727121600,1.115,1.115,1.11475,1.11485
1727122500,1.1148,1.1148,1.11465,1.11475
1727123400,1.1148,1.1148,1.1147,1.1148
1727124300,1.1148,1.1148,1.11445,1.1146
1727128800,1.1146,1.11495,1.1145,1.11475
1727129700,1.11475,1.1148,1.1146,1.1147
1727130600,1.11465,1.1148,1.1146,1.1147
1727131500,1.1147,1.1147,1.11455,1.11455
1727132400,1.1146,1.1146,1.11445,1.11445
1727133300,1.11445,1.11445,1.1143,1.11435
1727134200,1.11435,1.11445,1.11425,1.11425
1727135100,1.11425,1.1146,1.1142,1.11455
1727136000,1.11455,1.11475,1.1143,1.11475
1727136900,1.1148,1.11485,1.11425,1.11425
1727137800,1.11425,1.1143,1.11405,1.1141
1727138700,1.11405,1.1141,1.1139,1.11405
1727139600,1.11405,1.11435,1.11395,1.1142
1727140500,1.1142,1.1142,1.11395,1.1141
1727141400,1.1141,1.11455,1.11405,1.11455
1727142300,1.11455,1.11455,1.1142,1.1142
1727143200,1.1142,1.1143,1.11395,1.114
1727144100,1.114,1.114,1.11385,1.11395
1727145000,1.11395,1.114,1.1138,1.1139
1727145900,1.11395,1.11415,1.1138,1.114
1727146800,1.11405,1.11455,1.11405,1.11445
1727147700,1.1145,1.11465,1.1143,1.11465
1727148600,1.11465,1.11475,1.1145,1.11475
1727149500,1.1147,1.1148,1.1146,1.1147
1727150400,1.1147,1.1148,1.1144,1.1146
1727151300,1.11465,1.11495,1.1146,1.1149
1727152200,1.1149,1.1152,1.1149,1.11515
1727153100,1.11515,1.11525,1.11505,1.11515
1727154000,1.1152,1.11525,1.1149,1.11515
1727154900,1.11515,1.1154,1.11515,1.11535
1727155800,1.11535,1.1154,1.11505,1.11505
1727156700,1.11505,1.1153,1.11485,1.1151
1727157600,1.1151,1.1151,1.1144,1.1144
1727158500,1.1144,1.1145,1.11395,1.11395
1727159400,1.114,1.11465,1.1139,1.11445
1727160300,1.1145,1.1154,1.11435,1.115
1727161200,1.115,1.1157,1.11475,1.11565
1727162100,1.11565,1.11615,1.11555,1.1157
1727163000,1.1157,1.11625,1.1155,1.1161
1727163900,1.11615,1.1167,1.11615,1.11625
1727164800,1.1162,1.1173,1.1161,1.11715
1727165700,1.1172,1.11745,1.11685,1.11725
1727166600,1.11725,1.11795,1.1172,1.11785
1727167500,1.11785,1.118,1.11745,1.11755
1727168400,1.1175,1.11775,1.11735,1.11765
1727169300,1.11765,1.1179,1.1175,1.11765
1727170200,1.11765,1.11815,1.11755,1.11755
1727171100,1.11755,1.11755,1.11665,1.1171
1727172000,1.1171,1.11765,1.11705,1.1173
1727172900,1.11735,1.11755,1.1169,1.1169
1727173800,1.1169,1.1172,1.1164,1.11685
1727174700,1.11685,1.11695,1.11625,1.11635
1727175600,1.1163,1.11635,1.1158,1.11605
1727176500,1.11605,1.11615,1.1158,1.11605
1727177400,1.11605,1.11615,1.11575,1.116
1727178300,1.116,1.11655,1.116,1.11645
1727179200,1.11645,1.1173,1.11645,1.1173
1727180100,1.1173,1.1174,1.11695,1.117
1727181000,1.11695,1.1183,1.11685,1.11795
1727181900,1.11795,1.1181,1.1175,1.1176
1727182800,1.11765,1.118,1.11725,1.1173
1727183700,1.1173,1.11785,1.11725,1.1176
1727184600,1.11765,1.1178,1.11695,1.117
1727185500,1.117,1.1176,1.1168,1.1175
1727186400,1.11755,1.11945,1.11745,1.11905
1727187300,1.11905,1.11995,1.11895,1.11965
1727188200,1.1196,1.1197,1.1183,1.11895
1727189100,1.11895,1.1192,1.1181,1.11865
1727190000,1.1186,1.1191,1.1185,1.11885
1727190900,1.1188,1.1192,1.11835,1.11895
1727191800,1.11895,1.119,1.11825,1.1183
1727192700,1.1183,1.11865,1.1182,1.11855
1727193600,1.11855,1.11945,1.1185,1.11935
1727194500,1.11935,1.1194,1.119,1.11915
1727195400,1.1191,1.1193,1.11875,1.11925
1727196300,1.1193,1.11975,1.11925,1.1194
1727197200,1.11935,1.1195,1.1192,1.11945
1727198100,1.11945,1.1196,1.11905,1.11925
1727199000,1.11925,1.11965,1.119,1.11955
1727199900,1.1195,1.11995,1.1194,1.1198
1727200800,1.11985,1.11995,1.1197,1.1197
1727201700,1.1197,1.12025,1.1195,1.12
1727202600,1.12,1.12005,1.1198,1.1199
1727203500,1.1199,1.12025,1.11985,1.12015
1727204400,1.1202,1.1207,1.12005,1.12065
1727205300,1.12065,1.1209,1.1206,1.12075
1727206200,1.12075,1.1211,1.1207,1.12095
1727207100,1.12095,1.1212,1.12085,1.1212
1727208000,1.1212,1.1213,1.1211,1.12125
1727208900,1.12125,1.1214,1.12105,1.1212
1727209800,1.1212,1.12145,1.1212,1.12135
1727210700,1.12135,1.12165,1.12125,1.1214
1727215200,1.12145,1.12155,1.12135,1.1214
1727216100,1.1214,1.1215,1.12135,1.1215
1727217000,1.12145,1.12195,1.12145,1.12185
1727217900,1.1219,1.1224,1.1219,1.1224
1727218800,1.12235,1.12235,1.12195,1.12215
1727219700,1.12215,1.1222,1.12185,1.1219
1727220600,1.1219,1.12225,1.1218,1.12225
1727221500,1.12225,1.1226,1.12225,1.1226
1727222400,1.1226,1.1228,1.1222,1.1224
1727223300,1.1224,1.12255,1.12225,1.1223
1727224200,1.12225,1.1229,1.12225,1.12285
1727225100,1.12285,1.12285,1.1226,1.12285
1727226000,1.12285,1.12285,1.1224,1.12255
1727226900,1.1225,1.1229,1.12245,1.1226
1727227800,1.1226,1.1228,1.1221,1.12245
1727228700,1.1224,1.1224,1.12205,1.1223
1727229600,1.1223,1.12265,1.1223,1.12245
1727230500,1.12245,1.12275,1.12245,1.1227
1727231400,1.12275,1.1229,1.1226,1.1229
1727232300,1.1229,1.12315,1.1228,1.12295
1727233200,1.12295,1.1231,1.1227,1.1229
1727234100,1.1229,1.1233,1.1229,1.1233
1727235000,1.1233,1.12335,1.12305,1.1231
1727235900,1.1231,1.12335,1.12305,1.1233
1727236800,1.12335,1.1234,1.12305,1.1232
1727237700,1.1232,1.12335,1.12315,1.1233
1727238600,1.1233,1.1233,1.1231,1.1231
1727239500,1.12305,1.12315,1.12285,1.1231
1727240400,1.12305,1.1231,1.1229,1.1231
1727241300,1.1231,1.1231,1.12275,1.1228
1727242200,1.1228,1.1231,1.1227,1.12295
1727243100,1.12295,1.1231,1.12275,1.1231
1727244000,1.1231,1.1231,1.12235,1.1224
1727244900,1.1224,1.1228,1.1222,1.12275
1727245800,1.12275,1.1229,1.1225,1.12275
1727246700,1.12275,1.12295,1.12245,1.12255
1727247600,1.1226,1.12315,1.1225,1.12285
1727248500,1.12285,1.12285,1.12205,1.1224
1727249400,1.1224,1.12305,1.12225,1.12235
1727250300,1.12235,1.1227,1.12225,1.1227
1727251200,1.12265,1.12305,1.1222,1.1224
1727252100,1.1224,1.1225,1.1219,1.122
1727253000,1.122,1.12265,1.1219,1.1221
1727253900,1.1221,1.1221,1.1217,1.122
1727254800,1.122,1.12225,1.12175,1.12185
1727255700,1.1218,1.1218,1.1213,1.1214
1727256600,1.12135,1.12185,1.1213,1.12175
1727257500,1.12175,1.1219,1.1214,1.1218
1727258400,1.1218,1.12235,1.12165,1.1218
1727259300,1.1218,1.1221,1.1218,1.12205
1727260200,1.122,1.12205,1.1216,1.1219
1727261100,1.1219,1.1224,1.1218,1.1222
1727262000,1.1222,1.12275,1.1221,1.1223
1727262900,1.1223,1.1223,1.12185,1.12195
1727263800,1.1219,1.12235,1.1219,1.12225
1727264700,1.12225,1.12325,1.12225,1.1231
1727265600,1.1231,1.12315,1.1228,1.12315
1727266500,1.12315,1.1232,1.12265,1.12305
1727267400,1.1231,1.1243,1.1228,1.12305
1727268300,1.12305,1.1234,1.12265,1.12325
1727269200,1.12325,1.12495,1.1232,1.12405
1727270100,1.1241,1.1246,1.12395,1.124
1727271000,1.124,1.12425,1.1233,1.12375
1727271900,1.1238,1.12425,1.123,1.123
1727272800,1.12305,1.12305,1.1219,1.12205
1727273700,1.12205,1.12215,1.1214,1.1216
1727274600,1.1216,1.12215,1.121,1.12105
1727275500,1.121,1.12105,1.12,1.12075
1727276400,1.1207,1.121,1.1196,1.11995
1727277300,1.11995,1.12,1.11885,1.1192
1727278200,1.1192,1.11935,1.1187,1.1192
1727279100,1.11925,1.11925,1.1176,1.1178
1727280000,1.1178,1.11825,1.1176,1.1177
1727280900,1.11775,1.1178,1.11725,1.1175
1727281800,1.1175,1.11765,1.1169,1.11695
1727282700,1.1169,1.117,1.1167,1.1169
1727283600,1.1169,1.1169,1.1156,1.11625
1727284500,1.11625,1.1168,1.1162,1.1168
1727285400,1.11675,1.11705,1.1165,1.1167
1727286300,1.11675,1.11725,1.11655,1.11715
1727287200,1.11715,1.1173,1.1168,1.11685
1727288100,1.11685,1.1171,1.11675,1.1171
1727289000,1.11715,1.11725,1.117,1.11715
1727289900,1.1171,1.11735,1.11675,1.11685
1727290800,1.11685,1.11705,1.1166,1.1166
1727291700,1.11665,1.1167,1.11645,1.11645
1727292600,1.11645,1.1166,1.11615,1.1163
1727293500,1.1163,1.1165,1.116,1.11605
1727294400,1.11605,1.1163,1.116,1.11625
1727295300,1.11625,1.11635,1.11615,1.11615
1727296200,1.1162,1.1165,1.11605,1.11645
1727297100,1.1164,1.1168,1.1164,1.1168
1727301600,1.1165,1.1166,1.11635,1.11645
1727302500,1.11645,1.11655,1.11645,1.1165
1727303400,1.1165,1.1166,1.1165,1.11655
1727304300,1.1166,1.1166,1.11645,1.1165
1727305200,1.1165,1.1166,1.11635,1.11645
1727306100,1.11645,1.1165,1.1164,1.11645
1727307000,1.1164,1.11645,1.1163,1.1164
1727307900,1.1164,1.1165,1.11625,1.1163
1727308800,1.1163,1.11685,1.11625,1.1167
1727309700,1.11675,1.117,1.11675,1.11695
1727310600,1.11695,1.117,1.11675,1.1169
1727311500,1.1169,1.117,1.11675,1.11695
1727312400,1.117,1.11705,1.1169,1.11695
1727313300,1.11695,1.117,1.11645,1.1166
1727314200,1.1166,1.11705,1.1165,1.1169
1727315100,1.1169,1.11745,1.1169,1.11725
1727316000,1.1173,1.1174,1.1171,1.1171
1727316900,1.11715,1.1174,1.11705,1.1174
1727317800,1.11745,1.1175,1.1173,1.11745
1727318700,1.1175,1.1175,1.11715,1.1174
1727319600,1.1174,1.1177,1.1174,1.11765
1727320500,1.11765,1.11785,1.1175,1.11755
1727321400,1.11755,1.11765,1.1172,1.11725
1727322300,1.1172,1.1174,1.1171,1.11735
1727323200,1.11735,1.11735,1.1171,1.11725
1727324100,1.1173,1.11755,1.1173,1.1174
1727325000,1.1174,1.1177,1.1174,1.1176
1727325900,1.1176,1.1176,1.1174,1.1175
1727326800,1.11745,1.11795,1.11735,1.1179
1727327700,1.1179,1.1181,1.11785,1.11805
1727328600,1.11805,1.11815,1.1179,1.1181
1727329500,1.11815,1.1185,1.118,1.1183
1727330400,1.11825,1.11845,1.11805,1.1182
1727331300,1.1182,1.1186,1.118,1.1185
1727332200,1.1185,1.1188,1.1183,1.1188
1727333100,1.1188,1.11895,1.1185,1.1187
1727334000,1.11865,1.1191,1.1186,1.11885
1727334900,1.11885,1.11915,1.118,1.1182
1727335800,1.1182,1.11875,1.11775,1.1183
1727336700,1.1183,1.11855,1.1167,1.1168
1727337600,1.1168,1.11715,1.1159,1.117
1727338500,1.117,1.1171,1.1159,1.1169
1727339400,1.11685,1.1177,1.11675,1.11715
1727340300,1.11715,1.1175,1.11675,1.1175
1727341200,1.1175,1.1181,1.1175,1.11785
1727342100,1.1178,1.1185,1.1177,1.1182
1727343000,1.1182,1.11855,1.118,1.1181
1727343900,1.11815,1.11835,1.1176,1.1177
1727344800,1.1177,1.1178,1.1173,1.1175
1727345700,1.11745,1.11825,1.1174,1.11805
1727346600,1.11795,1.11885,1.11775,1.11865
1727347500,1.11865,1.1188,1.11845,1.11875
1727348400,1.11875,1.1193,1.11875,1.11905
1727349300,1.11905,1.1191,1.11815,1.11855
1727350200,1.11855,1.11895,1.1184,1.1188
1727351100,1.1188,1.1195,1.11835,1.11875
1727352000,1.1188,1.1196,1.11865,1.11935
1727352900,1.11935,1.1199,1.1191,1.1194
1727353800,1.1194,1.1196,1.1171,1.1187
1727354700,1.1187,1.11895,1.1184,1.11845
1727355600,1.1185,1.1186,1.11735,1.11745
1727356500,1.11745,1.11895,1.11705,1.1189
1727357400,1.1189,1.1193,1.11765,1.11775
1727358300,1.11775,1.11795,1.11685,1.11735
1727359200,1.1174,1.11755,1.11595,1.1173
1727360100,1.1173,1.11865,1.117,1.1175
1727361000,1.1175,1.1198,1.1174,1.11975
1727361900,1.11975,1.12085,1.11975,1.11985
1727362800,1.1198,1.12045,1.1198,1.1203
1727363700,1.1203,1.12125,1.1203,1.12085
1727364600,1.12085,1.122,1.1208,1.1219
1727365500,1.1219,1.12225,1.12165,1.12165
1727366400,1.1217,1.1217,1.1204,1.1205
1727367300,1.12055,1.1208,1.12015,1.1206
1727368200,1.12065,1.1207,1.12015,1.12025
1727369100,1.1203,1.12065,1.11995,1.12025
1727370000,1.12025,1.1211,1.1202,1.1208
1727370900,1.1208,1.1211,1.1204,1.1209
1727371800,1.12095,1.12105,1.1207,1.1209
1727372700,1.12095,1.12135,1.12085,1.1213
1727373600,1.12135,1.12145,1.1211,1.1213
1727374500,1.12135,1.12165,1.12105,1.12105
1727375400,1.12105,1.1211,1.1207,1.121
1727376300,1.12105,1.1214,1.121,1.12135
1727377200,1.1213,1.1217,1.12125,1.1217
1727378100,1.12165,1.1218,1.12135,1.1215
1727379000,1.12145,1.1215,1.12105,1.1212
1727379900,1.1212,1.12125,1.12095,1.12115
1727380800,1.12115,1.12125,1.12085,1.1209
1727381700,1.1209,1.12095,1.1208,1.1208
1727382600,1.1209,1.1211,1.1208,1.12085
1727383500,1.12085,1.1211,1.1208,1.1211
1727388000,1.12105,1.1211,1.1208,1.121
1727388900,1.121,1.12105,1.1209,1.121
1727389800,1.12095,1.121,1.1209,1.12095
1727390700,1.12095,1.12095,1.1209,1.1209
1727391600,1.12095,1.12095,1.12085,1.12085
1727392500,1.12085,1.1209,1.12065,1.1207
1727393400,1.12065,1.121,1.12065,1.1209
1727394300,1.12095,1.121,1.12075,1.12095
1727395200,1.12095,1.12105,1.1204,1.1204
1727396100,1.12045,1.12055,1.1203,1.12045
1727397000,1.1204,1.12045,1.1201,1.12025
1727397900,1.12025,1.12065,1.1202,1.1202
1727398800,1.1202,1.12045,1.12015,1.1203
1727399700,1.1203,1.1205,1.1201,1.12025
1727400600,1.12025,1.1203,1.1197,1.1197
1727401500,1.1197,1.1199,1.11955,1.1197
1727402400,1.11975,1.12015,1.11955,1.12015
1727403300,1.12015,1.1202,1.1198,1.1199
1727404200,1.11985,1.12015,1.11985,1.11995
1727405100,1.11995,1.1203,1.11995,1.1202
1727406000,1.1202,1.1205,1.1202,1.1203
1727406900,1.12035,1.12055,1.12025,1.1205
1727407800,1.1205,1.1206,1.1204,1.12045
1727408700,1.1205,1.1205,1.1202,1.1202
1727409600,1.1202,1.1203,1.11985,1.11985
1727410500,1.11985,1.11995,1.1197,1.1198
1727411400,1.1198,1.12,1.1198,1.11995
1727412300,1.11995,1.11995,1.1197,1.11975
1727413200,1.1198,1.12015,1.1197,1.1197
1727414100,1.1197,1.11975,1.11915,1.1192
1727415000,1.11925,1.11965,1.11925,1.1196
1727415900,1.1196,1.1198,1.1192,1.1197
1727416800,1.11965,1.11985,1.1194,1.1197
1727417700,1.1197,1.12075,1.1196,1.12045
1727418600,1.12045,1.1209,1.1195,1.1196
1727419500,1.11955,1.11955,1.11735,1.1184
1727420400,1.1183,1.1183,1.1166,1.11705
1727421300,1.11705,1.1171,1.1158,1.1164
1727422200,1.11645,1.11685,1.1159,1.1167
1727423100,1.1167,1.11715,1.1162,1.11665
1727424000,1.1166,1.1168,1.116,1.11675
1727424900,1.1168,1.1174,1.1166,1.11705
1727425800,1.11705,1.11735,1.11675,1.1172
1727426700,1.11715,1.11785,1.1169,1.1178
1727427600,1.1178,1.11785,1.11705,1.1177
1727428500,1.1177,1.11845,1.1175,1.1183
1727429400,1.11825,1.11855,1.1181,1.11825
1727430300,1.1183,1.11935,1.1183,1.1193
1727431200,1.1193,1.11965,1.1189,1.11925
1727432100,1.11925,1.11975,1.1191,1.11965
1727433000,1.11965,1.12045,1.11965,1.1198
1727433900,1.1198,1.12,1.11945,1.1197
1727434800,1.1197,1.12005,1.1196,1.11975
1727435700,1.11975,1.1199,1.11925,1.11945
1727436600,1.11945,1.1198,1.1193,1.11975
1727437500,1.11985,1.12015,1.1195,1.1196
1727438400,1.1196,1.11975,1.11905,1.11905
1727439300,1.1191,1.1194,1.11875,1.1189
1727440200,1.11895,1.1217,1.11885,1.12165
1727441100,1.1217,1.1235,1.12145,1.12335
1727442000,1.1233,1.12365,1.1225,1.123
1727442900,1.123,1.1233,1.1219,1.12215
1727443800,1.1222,1.1228,1.1219,1.1223
1727444700,1.1223,1.1225,1.1213,1.12185
1727445600,1.1219,1.12195,1.1209,1.1211
1727446500,1.1211,1.12145,1.1207,1.12145
1727447400,1.1214,1.12255,1.1214,1.1217
1727448300,1.1217,1.12185,1.1203,1.1212
1727449200,1.12115,1.12125,1.12015,1.1204
1727450100,1.12035,1.1205,1.1197,1.11995
1727451000,1.11995,1.12025,1.11915,1.11925
1727451900,1.11925,1.11935,1.11875,1.1192
1727452800,1.1192,1.11935,1.11865,1.1187
1727453700,1.1187,1.11905,1.1184,1.1188
1727454600,1.11885,1.11905,1.118,1.1182
1727455500,1.1182,1.11885,1.11815,1.11845
1727456400,1.1185,1.11915,1.11835,1.1191
1727457300,1.11905,1.11955,1.1189,1.1193
1727458200,1.1193,1.1197,1.11885,1.11915
1727459100,1.1192,1.11995,1.1191,1.1197
1727460000,1.1197,1.1198,1.1194,1.11975
1727460900,1.11975,1.1199,1.1194,1.11955
1727461800,1.1195,1.1198,1.1193,1.1197
1727462700,1.1197,1.12015,1.1197,1.1201
1727463600,1.1201,1.12015,1.1196,1.1198
1727464500,1.11985,1.12015,1.11975,1.12005
1727465400,1.12,1.1201,1.1198,1.11985
1727466300,1.11985,1.11995,1.1197,1.11975
1727467200,1.1197,1.11975,1.11955,1.11975
1727468100,1.1197,1.1201,1.1196,1.12005
1727469000,1.12005,1.12005,1.11955,1.11965
1727469900,1.11965,1.11995,1.1192,1.11965
1727647200,1.1196,1.12035,1.1192,1.12025
1727648100,1.12025,1.12045,1.1202,1.12035
1727649000,1.1204,1.12055,1.12025,1.12045
1727649900,1.1205,1.12055,1.12035,1.1204
1727650800,1.1204,1.12045,1.12025,1.12025
1727651700,1.12025,1.12045,1.12015,1.1203
1727652600,1.1203,1.12035,1.12005,1.12025
1727653500,1.12025,1.1203,1.12005,1.1202
1727654400,1.1202,1.12045,1.12015,1.12025
1727655300,1.12025,1.1207,1.12025,1.12035
1727656200,1.1204,1.12055,1.12025,1.1204
1727657100,1.12045,1.1207,1.12015,1.12035
1727658000,1.1204,1.12055,1.11985,1.12
1727658900,1.12,1.12045,1.12,1.1202
1727659800,1.1202,1.12035,1.1197,1.1198
1727660700,1.1198,1.1199,1.11935,1.11935
1727661600,1.11935,1.11955,1.11915,1.1192
1727662500,1.1192,1.11925,1.11895,1.119
1727663400,1.119,1.11935,1.11895,1.11925
1727664300,1.1193,1.1194,1.11915,1.1193
1727665200,1.11935,1.11945,1.1191,1.1193
1727666100,1.1193,1.11945,1.11915,1.1194
1727667000,1.1194,1.1194,1.11905,1.11915
1727667900,1.1192,1.1192,1.1189,1.11915
1727668800,1.11915,1.11945,1.11915,1.11935
1727669700,1.1194,1.11945,1.11935,1.1194
1727670600,1.1194,1.1195,1.1192,1.11935
1727671500,1.1194,1.1195,1.11935,1.1195
1727672400,1.1195,1.1199,1.1194,1.1198
1727673300,1.1198,1.1202,1.1197,1.1199
1727674200,1.1199,1.1202,1.11985,1.1202
1727675100,1.1202,1.12025,1.11985,1.11995
1727676000,1.11995,1.1202,1.1193,1.1193
1727676900,1.1193,1.11965,1.1189,1.11965
1727677800,1.1196,1.11985,1.11955,1.1197
1727678700,1.11965,1.1202,1.1196,1.1201
1727679600,1.1201,1.12025,1.1194,1.1197
1727680500,1.11965,1.11995,1.11935,1.11975
1727681400,1.1197,1.1201,1.11925,1.1199
1727682300,1.1199,1.1208,1.1199,1.1205
1727683200,1.12055,1.12185,1.12055,1.1217
1727684100,1.1217,1.12235,1.1214,1.12225
1727685000,1.12225,1.1233,1.12225,1.12315
1727685900,1.1232,1.1242,1.12275,1.12385
1727686800,1.1239,1.1239,1.1224,1.1229
1727687700,1.1229,1.12335,1.12245,1.12275
1727688600,1.12275,1.12295,1.12255,1.1228
1727689500,1.1228,1.1229,1.12215,1.12225
1727690400,1.1223,1.1223,1.12195,1.12215
1727691300,1.12215,1.1222,1.12175,1.12205
1727692200,1.12205,1.12235,1.1216,1.1219
1727693100,1.12195,1.1224,1.1217,1.1223
1727694000,1.1223,1.12275,1.1222,1.12275
1727694900,1.1227,1.12285,1.1224,1.12265
1727695800,1.12265,1.1234,1.12265,1.12335
1727696700,1.1234,1.12365,1.12285,1.12305
1727697600,1.1231,1.12345,1.12265,1.1227
1727698500,1.12275,1.12275,1.12225,1.1225
1727699400,1.12255,1.1226,1.122,1.12235
1727700300,1.1224,1.1225,1.122,1.1223
1727701200,1.12235,1.12245,1.12,1.12125
1727702100,1.12125,1.1217,1.12075,1.12085
1727703000,1.12085,1.1212,1.12035,1.12065
1727703900,1.1206,1.121,1.1202,1.1202
1727704800,1.12025,1.12025,1.11935,1.1197
1727705700,1.11975,1.11995,1.11745,1.11785
1727706600,1.1179,1.1188,1.1178,1.11805
1727707500,1.118,1.1199,1.118,1.1192
1727708400,1.11915,1.1198,1.1186,1.11905
1727709300,1.11905,1.11915,1.11815,1.1183
1727710200,1.1183,1.1183,1.1174,1.1175
1727711100,1.11745,1.1178,1.11685,1.1178
1727712000,1.1178,1.1182,1.11755,1.1179
1727712900,1.11785,1.1182,1.1173,1.1175
1727713800,1.1175,1.1182,1.11735,1.118
1727714700,1.11795,1.11835,1.11785,1.1182
1727715600,1.1182,1.119,1.11815,1.11895
1727716500,1.11895,1.11915,1.11875,1.119
1727717400,1.11895,1.11925,1.1186,1.1188
1727718300,1.1188,1.12,1.1186,1.11865
1727719200,1.11865,1.1188,1.1154,1.1159
1727720100,1.1159,1.116,1.11475,1.11545
1727721000,1.1155,1.1167,1.1154,1.11665
1727721900,1.1167,1.117,1.1165,1.1166
1727722800,1.1166,1.1167,1.1155,1.1156
1727723700,1.1156,1.1163,1.1155,1.11605
1727724600,1.116,1.1165,1.11585,1.1164
1727725500,1.1164,1.117,1.1164,1.11665
1727726400,1.1167,1.1168,1.1164,1.11675
1727727300,1.11675,1.117,1.1167,1.11695
1727728200,1.1169,1.117,1.11675,1.1169
1727729100,1.1169,1.11695,1.11685,1.11685
1727733600,1.11665,1.1171,1.11665,1.117
1727734500,1.11705,1.11735,1.11705,1.11725
1727735400,1.11725,1.1175,1.1172,1.11735
1727736300,1.1174,1.11755,1.1174,1.1175
1727737200,1.11755,1.1176,1.1174,1.11745
1727738100,1.1175,1.11765,1.1172,1.11725
1727739000,1.11725,1.11725,1.11705,1.11705
1727739900,1.11705,1.1171,1.1169,1.117
1727740800,1.117,1.1171,1.11675,1.11695
1727741700,1.11695,1.117,1.1167,1.11675
1727742600,1.1168,1.1168,1.1161,1.11625
1727743500,1.1163,1.11665,1.1163,1.11655
1727744400,1.1166,1.11675,1.1165,1.1166
1727745300,1.11665,1.11715,1.11665,1.1171
1727746200,1.1171,1.1174,1.1171,1.1174
1727747100,1.1174,1.1177,1.11735,1.11765
1727748000,1.11765,1.11765,1.11715,1.1172
1727748900,1.11715,1.11745,1.1171,1.11725
1727749800,1.11725,1.11735,1.11695,1.11735
1727750700,1.1174,1.1174,1.1172,1.1172
1727751600,1.11725,1.11735,1.11715,1.11725
1727752500,1.11725,1.11725,1.11695,1.11705
1727753400,1.11705,1.11715,1.11685,1.11715
1727754300,1.11715,1.1173,1.1171,1.1171
1727755200,1.1171,1.11715,1.11695,1.11695
1727756100,1.1169,1.11705,1.1168,1.11705
1727757000,1.1171,1.1173,1.1171,1.1172
1727757900,1.11715,1.11745,1.11715,1.1174
1727758800,1.11745,1.1175,1.1171,1.1174
1727759700,1.1174,1.11755,1.1172,1.1175
1727760600,1.11755,1.1177,1.11745,1.1175
1727761500,1.1175,1.1175,1.117,1.1171
1727762400,1.11705,1.1171,1.1164,1.1165
1727763300,1.1165,1.11745,1.11645,1.11715
1727764200,1.1171,1.1174,1.11655,1.11665
1727765100,1.11665,1.11685,1.11655,1.11675
1727766000,1.11675,1.11705,1.11445,1.11465
1727766900,1.1147,1.116,1.11465,1.11535
1727767800,1.1153,1.11565,1.11495,1.11555
1727768700,1.11555,1.11555,1.11465,1.11485
1727769600,1.11485,1.1151,1.1135,1.11375
1727770500,1.1137,1.1145,1.11335,1.11445
1727771400,1.1145,1.1153,1.1142,1.1142
1727772300,1.1142,1.11425,1.1131,1.1136
1727773200,1.1136,1.11465,1.1136,1.11455
1727774100,1.11455,1.11475,1.11365,1.11385
1727775000,1.11385,1.11405,1.11285,1.1129
1727775900,1.11285,1.11285,1.1125,1.11285
1727776800,1.11285,1.1131,1.1123,1.11265
1727777700,1.1126,1.11265,1.11205,1.11205
1727778600,1.1121,1.1122,1.1118,1.1119
1727779500,1.1119,1.11205,1.1117,1.11205
1727780400,1.11205,1.1133,1.11205,1.11255
1727781300,1.11255,1.11295,1.11195,1.11195
1727782200,1.11195,1.11205,1.1115,1.11175
1727783100,1.11175,1.11195,1.1112,1.1118
1727784000,1.11175,1.11215,1.11135,1.11135
1727784900,1.11135,1.11145,1.1108,1.11125
1727785800,1.11125,1.11135,1.11055,1.1107
1727786700,1.11075,1.111,1.1103,1.11045
1727787600,1.11045,1.11135,1.1104,1.1111
1727788500,1.11115,1.11155,1.11085,1.111
1727789400,1.11105,1.11165,1.10935,1.1098
1727790300,1.10975,1.11075,1.10915,1.11055
1727791200,1.11065,1.1117,1.109,1.1116
1727792100,1.1116,1.11205,1.11065,1.1109
1727793000,1.1109,1.11155,1.11045,1.11105
1727793900,1.11105,1.1114,1.11055,1.111
1727794800,1.11105,1.11115,1.1096,1.1101
1727795700,1.11015,1.11055,1.10985,1.11
1727796600,1.11,1.11005,1.10935,1.1098
1727797500,1.1098,1.11035,1.1098,1.11
1727798400,1.11,1.1105,1.10955,1.11
1727799300,1.11,1.11005,1.1093,1.10935
1727800200,1.1093,1.10945,1.10865,1.10875
1727801100,1.1087,1.10925,1.1081,1.1088
1727802000,1.10875,1.10905,1.10825,1.10825
1727802900,1.1083,1.1086,1.1079,1.10855
1727803800,1.1086,1.10985,1.1086,1.1098
1727804700,1.1098,1.1098,1.1093,1.1096
1727805600,1.1096,1.11,1.1096,1.10985
1727806500,1.1099,1.1102,1.1098,1.11
1727807400,1.11005,1.11035,1.11,1.11025
1727808300,1.11025,1.1106,1.11015,1.1105
1727809200,1.11055,1.1108,1.11035,1.11045
1727810100,1.11045,1.111,1.1103,1.111
1727811000,1.11095,1.11105,1.1105,1.11055
1727811900,1.11055,1.11055,1.11,1.11015
1727812800,1.11015,1.1104,1.11,1.1102
1727813700,1.11015,1.11065,1.11015,1.11015
1727814600,1.11015,1.11025,1.1099,1.11025
1727815500,1.11025,1.1104,1.1101,1.1101
1727820000,1.1104,1.1104,1.11,1.11015
1727820900,1.11025,1.1103,1.1102,1.1102
1727821800,1.11025,1.11035,1.1102,1.1102
1727822700,1.1102,1.11025,1.11,1.11005
1727823600,1.11005,1.1101,1.1099,1.1099
1727824500,1.1099,1.10995,1.10985,1.10995
1727825400,1.1099,1.10995,1.10975,1.1099
1727826300,1.10985,1.1099,1.10965,1.10975
1727827200,1.1098,1.11015,1.10975,1.1101
1727828100,1.11005,1.11045,1.11,1.1104
1727829000,1.11045,1.1105,1.11025,1.1104
1727829900,1.1104,1.1104,1.10965,1.1099
1727830800,1.10995,1.11025,1.10995,1.11015
1727831700,1.11015,1.1105,1.10995,1.11045
1727832600,1.11045,1.1107,1.11035,1.11055
1727833500,1.1106,1.1107,1.1105,1.1105
1727834400,1.1105,1.1106,1.1102,1.11025
1727835300,1.11025,1.1104,1.11025,1.11035
1727836200,1.11035,1.11035,1.1097,1.1097
1727837100,1.10975,1.1101,1.1097,1.10995
1727838000,1.11,1.1102,1.10975,1.1102
1727838900,1.11015,1.11045,1.11015,1.11035
1727839800,1.11035,1.1104,1.11025,1.11035
1727840700,1.1104,1.1104,1.11015,1.11035
1727841600,1.1104,1.11065,1.11035,1.11065
1727842500,1.11065,1.1107,1.11035,1.11035
1727843400,1.11035,1.11035,1.10985,1.11005
1727844300,1.11005,1.1101,1.1094,1.1096
1727845200,1.1096,1.10965,1.1093,1.1093
1727846100,1.1093,1.10935,1.10885,1.109
1727847000,1.10905,1.10925,1.10875,1.109
1727847900,1.10895,1.1096,1.10895,1.10955
1727848800,1.1095,1.10975,1.1093,1.1097
1727849700,1.1097,1.1101,1.10955,1.11005
1727850600,1.1101,1.1103,1.10965,1.11015
1727851500,1.1102,1.11035,1.10965,1.11
1727852400,1.11005,1.11035,1.10965,1.11015
1727853300,1.1101,1.11065,1.1097,1.11015
1727854200,1.11015,1.11055,1.1099,1.11025
1727855100,1.1103,1.11045,1.10965,1.11
1727856000,1.10995,1.11065,1.10975,1.1105
1727856900,1.11045,1.1113,1.11045,1.11125
1727857800,1.1112,1.1116,1.11095,1.11105
1727858700,1.11105,1.11115,1.11045,1.11055
1727859600,1.11055,1.11055,1.1097,1.10995
1727860500,1.10995,1.11015,1.10975,1.1099
1727861400,1.10985,1.1103,1.1095,1.1103
1727862300,1.1103,1.1105,1.11,1.11045
1727863200,1.1105,1.11095,1.1102,1.11035
1727864100,1.11035,1.111,1.1102,1.1105
1727865000,1.11055,1.1107,1.11005,1.11045
1727865900,1.1105,1.1105,1.11,1.11
1727866800,1.11005,1.11075,1.1098,1.11075
1727867700,1.1107,1.11085,1.11035,1.1105
1727868600,1.1105,1.11075,1.11035,1.1105
1727869500,1.11055,1.11105,1.11035,1.1109
1727870400,1.11085,1.11105,1.11045,1.1107
1727871300,1.11065,1.1109,1.1094,1.10945
1727872200,1.1094,1.1096,1.10865,1.10875
1727873100,1.10875,1.10905,1.10845,1.1087
1727874000,1.10875,1.1099,1.10845,1.1091
1727874900,1.1091,1.1094,1.10865,1.1088
1727875800,1.1088,1.1088,1.10805,1.1084
1727876700,1.10835,1.10915,1.10825,1.10845
1727877600,1.1085,1.10905,1.1082,1.1084
1727878500,1.10835,1.1084,1.1076,1.1076
1727879400,1.1076,1.10785,1.1071,1.10755
1727880300,1.1075,1.10755,1.10685,1.10695
1727881200,1.107,1.1075,1.1066,1.10715
1727882100,1.1071,1.1078,1.1071,1.10755
1727883000,1.10755,1.108,1.1073,1.1079
1727883900,1.10785,1.10835,1.1078,1.1083
1727884800,1.1083,1.1088,1.1083,1.1085
1727885700,1.1085,1.10865,1.10815,1.1082
1727886600,1.1082,1.10835,1.10775,1.10775
1727887500,1.10775,1.1081,1.10775,1.10795
1727888400,1.10805,1.10835,1.10785,1.10825
1727889300,1.10825,1.1083,1.1079,1.10805
1727890200,1.108,1.10805,1.1078,1.10785
1727891100,1.10785,1.10825,1.1078,1.1081
1727892000,1.10805,1.1082,1.1075,1.10755
1727892900,1.1075,1.10765,1.1072,1.1073
1727893800,1.1073,1.10735,1.10715,1.1072
1727894700,1.1072,1.1074,1.1071,1.10715
1727895600,1.1072,1.1073,1.107,1.1073
1727896500,1.10735,1.10745,1.1073,1.10745
1727897400,1.1074,1.10805,1.1073,1.10805
1727898300,1.108,1.10865,1.10795,1.1082
1727899200,1.1082,1.10845,1.10815,1.10835
1727900100,1.1084,1.1086,1.10815,1.10815
1727901000,1.1082,1.10825,1.108,1.10825
1727901900,1.10825,1.10825,1.10775,1.10785
1727906400,1.108,1.10815,1.1079,1.10805
1727907300,1.10805,1.10805,1.1079,1.10795
1727908200,1.10795,1.10795,1.1078,1.10785
1727909100,1.10785,1.10795,1.1078,1.1078
1727910000,1.10785,1.10785,1.10755,1.1077
1727910900,1.10775,1.10785,1.1077,1.10785
1727911800,1.10785,1.1079,1.1078,1.10785
1727912700,1.1079,1.10795,1.10775,1.10775
1727913600,1.1078,1.10785,1.10755,1.1077
1727914500,1.1077,1.1077,1.10695,1.10705
1727915400,1.107,1.10745,1.1069,1.1071
1727916300,1.10715,1.10725,1.10695,1.10715
1727917200,1.1071,1.10715,1.1067,1.10695
1727918100,1.10695,1.1072,1.10685,1.10715
1727919000,1.1072,1.10725,1.1068,1.10695
1727919900,1.1069,1.1071,1.1068,1.1071
1727920800,1.10715,1.10715,1.10675,1.10675
1727921700,1.1068,1.107,1.1068,1.1069
1727922600,1.10695,1.10705,1.1068,1.10685
1727923500,1.10685,1.10705,1.10675,1.10675
1727924400,1.1068,1.1069,1.1067,1.1067
1727925300,1.10675,1.1068,1.1065,1.10655
1727926200,1.10655,1.1068,1.1064,1.1067
1727927100,1.10675,1.1068,1.10665,1.1068
1727928000,1.10675,1.10675,1.1064,1.10655
1727928900,1.10655,1.1067,1.10655,1.1067
1727929800,1.10665,1.10665,1.1065,1.10655
1727930700,1.1066,1.1066,1.10645,1.10645
1727931600,1.1065,1.10665,1.1059,1.10595
1727932500,1.10595,1.106,1.10565,1.1058
1727933400,1.10585,1.10605,1.10575,1.10595
1727934300,1.10595,1.1061,1.1057,1.10605
1727935200,1.106,1.1062,1.1058,1.10595
1727936100,1.106,1.1064,1.10595,1.10615
1727937000,1.10615,1.107,1.10595,1.1069
1727937900,1.1069,1.1074,1.1069,1.107
1727938800,1.10695,1.10715,1.10645,1.1068
1727939700,1.1068,1.1072,1.10655,1.1068
1727940600,1.10675,1.1069,1.106,1.1062
1727941500,1.10615,1.10665,1.10595,1.1065
1727942400,1.10645,1.1071,1.1061,1.107
1727943300,1.107,1.10775,1.10675,1.1073
1727944200,1.1073,1.10775,1.10705,1.10705
1727945100,1.107,1.1071,1.1067,1.1069
1727946000,1.1069,1.1074,1.1067,1.107
1727946900,1.107,1.1077,1.10685,1.10735
1727947800,1.1074,1.10785,1.10735,1.1075
1727948700,1.10745,1.10755,1.10665,1.1068
1727949600,1.10675,1.1071,1.1067,1.1068
1727950500,1.1068,1.107,1.10675,1.10685
1727951400,1.1069,1.1072,1.10655,1.10705
1727952300,1.1071,1.10755,1.10705,1.10745
1727953200,1.10745,1.1077,1.10705,1.10725
1727954100,1.1072,1.1073,1.10695,1.1073
1727955000,1.10735,1.10775,1.10725,1.10765
1727955900,1.10765,1.1078,1.1073,1.10745
1727956800,1.1074,1.10775,1.1069,1.10695
1727957700,1.107,1.1072,1.10675,1.107
1727958600,1.10705,1.10795,1.10595,1.10635
1727959500,1.10635,1.10695,1.1061,1.1064
1727960400,1.10635,1.10685,1.106,1.10665
1727961300,1.10665,1.1073,1.10665,1.10725
1727962200,1.1072,1.1074,1.1067,1.1069
1727963100,1.1069,1.10755,1.1066,1.10695
1727964000,1.10685,1.10705,1.10385,1.10585
1727964900,1.1059,1.1065,1.1054,1.10605
1727965800,1.106,1.106,1.104,1.10455
1727966700,1.1045,1.10535,1.1044,1.1049
1727967600,1.10485,1.1052,1.10455,1.10505
1727968500,1.105,1.10505,1.1044,1.10445
1727969400,1.1044,1.10515,1.1044,1.10505
1727970300,1.105,1.10555,1.1046,1.10465
1727971200,1.10465,1.10525,1.10455,1.10525
1727972100,1.10525,1.1057,1.10515,1.10565
1727973000,1.1056,1.10645,1.10535,1.10615
1727973900,1.10615,1.10655,1.10585,1.10615
1727974800,1.10625,1.10675,1.10615,1.10665
1727975700,1.10665,1.10665,1.1063,1.10635
1727976600,1.10635,1.1068,1.10635,1.1066
1727977500,1.1066,1.1068,1.1064,1.1064
1727978400,1.10645,1.1066,1.1061,1.1062
1727979300,1.1062,1.10665,1.1062,1.1065
1727980200,1.1065,1.1065,1.106,1.1061
1727981100,1.10605,1.1063,1.10575,1.10575
1727982000,1.10575,1.10595,1.1057,1.1058
1727982900,1.1058,1.1064,1.1058,1.1063
1727983800,1.10625,1.1063,1.106,1.1061
1727984700,1.10605,1.1062,1.106,1.10605
1727985600,1.10605,1.1061,1.1058,1.1059
1727986500,1.10585,1.1061,1.10585,1.1061
1727987400,1.10605,1.1061,1.10595,1.10605
1727988300,1.10605,1.1062,1.10595,1.10615
1727992800,1.10615,1.10655,1.1061,1.1064
1727993700,1.10645,1.1065,1.1064,1.1065
1727994600,1.1065,1.1066,1.10645,1.1065
1727995500,1.10655,1.10665,1.1065,1.1065
1727996400,1.1065,1.10665,1.10645,1.10655
1727997300,1.1066,1.1066,1.1065,1.1066
1727998200,1.10665,1.1067,1.10655,1.1067
1727999100,1.1067,1.10685,1.1066,1.1066
1728000000,1.1066,1.10705,1.10655,1.1069
1728000900,1.1069,1.107,1.10675,1.1069
1728001800,1.1069,1.10695,1.1065,1.10655
1728002700,1.1066,1.1067,1.10645,1.10655
1728003600,1.1066,1.1067,1.10635,1.1064
1728004500,1.1064,1.10655,1.10625,1.10625
1728005400,1.1063,1.1065,1.1061,1.10645
1728006300,1.10645,1.10655,1.106,1.1061
1728007200,1.1061,1.10625,1.10595,1.1062
1728008100,1.1062,1.10655,1.1062,1.1064
1728009000,1.1064,1.1065,1.1061,1.10635
1728009900,1.10635,1.1064,1.10615,1.10615
1728010800,1.1062,1.10625,1.10585,1.10585
1728011700,1.10585,1.10585,1.10575,1.10575
1728012600,1.1058,1.10585,1.1057,1.1057
1728013500,1.10575,1.10605,1.1057,1.10585
1728014400,1.10585,1.10595,1.1057,1.1059
1728015300,1.10585,1.1061,1.10575,1.106
1728016200,1.106,1.10615,1.10565,1.1057
1728017100,1.1057,1.1059,1.10565,1.10585
1728018000,1.1059,1.10605,1.10575,1.106
1728018900,1.10605,1.1061,1.106,1.1061
1728019800,1.1061,1.10645,1.106,1.1064
1728020700,1.1064,1.10665,1.10635,1.10645
1728021600,1.1065,1.1065,1.10585,1.1063
1728022500,1.1063,1.1064,1.10615,1.1062
1728023400,1.1062,1.1066,1.10615,1.1064
1728024300,1.1064,1.1066,1.10615,1.10635
1728025200,1.1063,1.10665,1.10595,1.10645
1728026100,1.10645,1.1066,1.106,1.1064
1728027000,1.1064,1.1066,1.1062,1.1064
1728027900,1.10635,1.1064,1.1057,1.10595
1728028800,1.1059,1.1061,1.10575,1.10595
1728029700,1.10595,1.10595,1.10545,1.10555
1728030600,1.10555,1.10595,1.10525,1.10575
1728031500,1.1058,1.1061,1.10545,1.10565
1728032400,1.10565,1.10565,1.1052,1.10535
1728033300,1.1054,1.10575,1.1051,1.10565
1728034200,1.1057,1.10585,1.1056,1.1057
1728035100,1.10575,1.10595,1.10545,1.1058
1728036000,1.10585,1.1061,1.10575,1.10595
1728036900,1.10595,1.1061,1.1059,1.106
1728037800,1.10605,1.1065,1.10595,1.1062
1728038700,1.10625,1.1063,1.10585,1.1059
1728039600,1.10585,1.1063,1.10585,1.10615
1728040500,1.1061,1.1065,1.1061,1.10635
1728041400,1.1063,1.1068,1.1063,1.10655
1728042300,1.1066,1.1066,1.1061,1.1064
1728043200,1.1064,1.10645,1.10585,1.10595
1728044100,1.106,1.1064,1.1057,1.1063
1728045000,1.1063,1.10635,1.09965,1.09995
1728045900,1.09995,1.1,1.09905,1.09925
1728046800,1.0992,1.10065,1.09905,1.1004
1728047700,1.1004,1.101,1.09915,1.0996
1728048600,1.0996,1.1011,1.09935,1.1009
1728049500,1.10085,1.101,1.1003,1.1005
1728050400,1.10055,1.10135,1.1002,1.10065
1728051300,1.1007,1.1012,1.10025,1.10035
1728052200,1.1003,1.1006,1.09985,1.1005
1728053100,1.10055,1.1011,1.10005,1.10015
1728054000,1.1001,1.1006,1.0999,1.1002
1728054900,1.10025,1.1005,1.0989,1.099
1728055800,1.099,1.09985,1.09895,1.09905
1728056700,1.09905,1.09935,1.09865,1.09925
1728057600,1.0992,1.0993,1.0986,1.0986
1728058500,1.09865,1.0988,1.0984,1.09855
1728059400,1.0986,1.09925,1.0983,1.099
1728060300,1.099,1.0994,1.09895,1.09915
1728061200,1.0992,1.0996,1.09895,1.0996
1728062100,1.09965,1.1,1.09955,1.0996
1728063000,1.09955,1.1001,1.09945,1.10005
1728063900,1.1,1.10015,1.09985,1.09995
1728064800,1.1,1.1001,1.0997,1.0998
1728065700,1.0998,1.10005,1.0997,1.1
1728066600,1.1,1.1001,1.0999,1.10005
1728067500,1.10005,1.1006,1.10005,1.10045
1728068400,1.10045,1.10055,1.10025,1.1005
1728069300,1.1005,1.10065,1.1005,1.1006
1728070200,1.10055,1.10095,1.10055,1.10095
1728071100,1.10095,1.101,1.1007,1.10085
1728072000,1.1009,1.101,1.10075,1.10075
1728072900,1.1008,1.10095,1.1008,1.10085
1728073800,1.10085,1.10085,1.10045,1.1005
1728074700,1.10055,1.10085,1.10055,1.1007
1728252000,1.10025,1.1004,1.0995,1.0995
1728252900,1.0995,1.1003,1.0995,1.10025
1728253800,1.1002,1.10025,1.09985,1.1001
1728254700,1.10005,1.1003,1.10005,1.1001
1728255600,1.10015,1.1003,1.10005,1.10025
1728256500,1.10025,1.10025,1.10005,1.10015
1728257400,1.10015,1.1003,1.10015,1.10025
1728258300,1.10025,1.1004,1.1,1.10025
1728259200,1.1003,1.1004,1.10015,1.1004
1728260100,1.1004,1.10075,1.10035,1.1007
1728261000,1.1007,1.10075,1.1003,1.10035
1728261900,1.1003,1.1005,1.10005,1.1002
1728262800,1.1002,1.10075,1.1002,1.10035
1728263700,1.10035,1.1005,1.10015,1.1004
1728264600,1.10035,1.10095,1.10035,1.10065
1728265500,1.10065,1.10075,1.10035,1.10055
1728266400,1.10055,1.10075,1.1005,1.1006
1728267300,1.10065,1.1009,1.1006,1.1007
1728268200,1.10075,1.1009,1.10055,1.10055
1728269100,1.10055,1.10065,1.1003,1.1003
1728270000,1.1003,1.1005,1.10025,1.1003
1728270900,1.1003,1.10035,1.10015,1.1003
1728271800,1.1003,1.1004,1.10025,1.10035
1728272700,1.10035,1.10045,1.10025,1.1004
1728273600,1.10035,1.10045,1.10035,1.1004
1728274500,1.10035,1.1005,1.10035,1.1004
1728275400,1.10045,1.1005,1.1002,1.10035
1728276300,1.10035,1.10035,1.1,1.10005
1728277200,1.10005,1.10005,1.09975,1.0998
1728278100,1.0998,1.09995,1.09965,1.09965
1728279000,1.09965,1.09995,1.09965,1.0999
1728279900,1.0999,1.1002,1.0997,1.10015
1728280800,1.10005,1.10015,1.09955,1.09995
1728281700,1.09995,1.10035,1.09955,1.09985
1728282600,1.09985,1.1003,1.09975,1.10025
1728283500,1.10025,1.1004,1.09985,1.1003
1728284400,1.10035,1.10045,1.09995,1.10005
1728285300,1.1,1.1,1.09895,1.0995
1728286200,1.0995,1.1002,1.09935,1.09965
1728287100,1.09965,1.10015,1.09965,1.10015
1728288000,1.1001,1.1007,1.0997,1.10045
1728288900,1.1005,1.1011,1.1003,1.10065
1728289800,1.10065,1.101,1.10035,1.1004
1728290700,1.1004,1.1005,1.1,1.1002
1728291600,1.1002,1.1002,1.0995,1.09955
1728292500,1.09955,1.09975,1.09915,1.0992
1728293400,1.09925,1.0996,1.09905,1.09955
1728294300,1.09955,1.0996,1.09865,1.0991
1728295200,1.0991,1.09975,1.099,1.0996
1728296100,1.0996,1.1001,1.0996,1.0996
1728297000,1.0996,1.10005,1.09955,1.0999
1728297900,1.0999,1.1002,1.09975,1.09975
1728298800,1.0997,1.1003,1.0994,1.1003
1728299700,1.10025,1.10065,1.10015,1.1004
1728300600,1.10045,1.1012,1.10035,1.101
1728301500,1.10105,1.10125,1.10075,1.1009
1728302400,1.1009,1.1016,1.1009,1.1012
1728303300,1.10125,1.1013,1.10055,1.10075
1728304200,1.1007,1.1009,1.10035,1.1006
1728305100,1.10065,1.1012,1.1005,1.10095
1728306000,1.1009,1.1014,1.10075,1.1012
1728306900,1.10125,1.10155,1.1006,1.1007
1728307800,1.1007,1.1012,1.10045,1.101
1728308700,1.101,1.1013,1.10075,1.10115
1728309600,1.1012,1.1017,1.10075,1.1015
1728310500,1.1015,1.10155,1.1006,1.10085
1728311400,1.1008,1.1011,1.10035,1.10085
1728312300,1.10085,1.101,1.1002,1.1007
1728313200,1.10065,1.101,1.1005,1.10065
1728314100,1.10065,1.101,1.10055,1.10085
1728315000,1.10085,1.10115,1.10055,1.10075
1728315900,1.10075,1.101,1.10055,1.10085
1728316800,1.10085,1.1011,1.10075,1.10105
1728317700,1.101,1.1016,1.101,1.1013
1728318600,1.1013,1.1015,1.10105,1.1015
1728319500,1.10145,1.10165,1.1013,1.1016
1728320400,1.1016,1.10175,1.10155,1.10165
1728321300,1.10165,1.1017,1.10135,1.1016
1728322200,1.10165,1.1019,1.10155,1.1017
1728323100,1.1017,1.10175,1.10135,1.10145
1728324000,1.10145,1.10145,1.10075,1.1008
1728324900,1.1008,1.10085,1.1006,1.10065
1728325800,1.1006,1.1008,1.1005,1.1005
1728326700,1.10045,1.10055,1.10005,1.1001
1728327600,1.1001,1.1002,1.0998,1.10015
1728328500,1.10015,1.10045,1.10015,1.10025
1728329400,1.10025,1.10025,1.1,1.1001
1728330300,1.1001,1.1005,1.10005,1.10045
1728331200,1.1005,1.10055,1.10025,1.1005
1728332100,1.10055,1.1006,1.10045,1.1005
1728333000,1.10055,1.10065,1.10035,1.10065
1728333900,1.10065,1.1007,1.1005,1.1006
1728338400,1.10065,1.10085,1.1004,1.1008
1728339300,1.10085,1.101,1.10085,1.10085
1728340200,1.10085,1.10105,1.10085,1.10095
1728341100,1.101,1.10105,1.1008,1.10095
1728342000,1.10105,1.10105,1.1008,1.10085
1728342900,1.1008,1.10095,1.1008,1.10085
1728343800,1.1008,1.10085,1.1007,1.10075
1728344700,1.1008,1.10085,1.10055,1.10055
1728345600,1.10065,1.101,1.10055,1.1009
1728346500,1.1009,1.1012,1.10085,1.1011
1728347400,1.10115,1.10135,1.1011,1.10135
1728348300,1.10135,1.10155,1.10115,1.10135
1728349200,1.1013,1.10165,1.1012,1.1015
1728350100,1.1015,1.10155,1.10135,1.10145
1728351000,1.10145,1.1016,1.10135,1.1015
1728351900,1.10155,1.1016,1.10145,1.1015
1728352800,1.1015,1.1016,1.1011,1.10115
1728353700,1.10105,1.1013,1.1008,1.10085
1728354600,1.1008,1.1009,1.1004,1.10075
1728355500,1.10075,1.1013,1.1007,1.1013
1728356400,1.10135,1.1018,1.10135,1.1016
1728357300,1.1016,1.1017,1.10135,1.10145
1728358200,1.10145,1.10185,1.10145,1.1017
1728359100,1.1017,1.10175,1.1014,1.10145
1728360000,1.1015,1.10165,1.10145,1.1015
1728360900,1.10155,1.1017,1.10155,1.1016
1728361800,1.1016,1.10175,1.10155,1.10175
1728362700,1.10175,1.10185,1.1016,1.1017
1728363600,1.1017,1.10175,1.1014,1.1015
1728364500,1.1015,1.10185,1.1015,1.1016
1728365400,1.1016,1.1016,1.1013,1.1015
1728366300,1.1014,1.1015,1.1013,1.1015
1728367200,1.1014,1.10185,1.1014,1.10155
1728368100,1.1015,1.10175,1.10145,1.10155
1728369000,1.1015,1.1021,1.1013,1.1019
1728369900,1.1019,1.10205,1.10155,1.10155
1728370800,1.10155,1.10165,1.1011,1.10155
1728371700,1.10145,1.1016,1.101,1.1012
1728372600,1.1012,1.10245,1.1012,1.1024
1728373500,1.1024,1.1027,1.10235,1.10265
1728374400,1.10265,1.1029,1.1022,1.1023
1728375300,1.10235,1.10235,1.1018,1.102
1728376200,1.10195,1.10215,1.10145,1.1019
1728377100,1.10195,1.10255,1.1016,1.10255
1728378000,1.10255,1.1026,1.10215,1.10235
1728378900,1.1024,1.1025,1.1019,1.10205
1728379800,1.1021,1.1026,1.102,1.1021
1728380700,1.1021,1.1022,1.10175,1.1019
1728381600,1.1019,1.1023,1.10185,1.1023
1728382500,1.1023,1.10235,1.10195,1.1021
1728383400,1.10215,1.1023,1.10145,1.1015
1728384300,1.10145,1.1019,1.10135,1.1017
1728385200,1.10165,1.1019,1.10125,1.10135
1728386100,1.10135,1.10145,1.10125,1.10125
1728387000,1.10125,1.1015,1.101,1.1014
1728387900,1.1014,1.1021,1.1014,1.10195
1728388800,1.1019,1.10215,1.1012,1.1013
1728389700,1.10135,1.10175,1.101,1.1011
1728390600,1.10105,1.10105,1.1005,1.10075
1728391500,1.1007,1.1008,1.10025,1.10075
1728392400,1.1007,1.10155,1.10055,1.1011
1728393300,1.10105,1.10145,1.101,1.10105
1728394200,1.10105,1.1013,1.10065,1.1011
1728395100,1.10115,1.1015,1.10065,1.10095
1728396000,1.10095,1.10105,1.1006,1.10075
1728396900,1.1008,1.1012,1.1004,1.10055
1728397800,1.1005,1.1005,1.0998,1.09995
1728398700,1.1,1.10025,1.09985,1.1002
1728399600,1.10025,1.1003,1.09985,1.10015
1728400500,1.1001,1.10035,1.09965,1.09965
1728401400,1.09965,1.09985,1.0992,1.09965
1728402300,1.09965,1.1003,1.09965,1.1001
1728403200,1.1001,1.1004,1.1,1.10035
1728404100,1.1003,1.10085,1.1003,1.1007
1728405000,1.10075,1.1009,1.10065,1.10065
1728405900,1.10065,1.10095,1.1006,1.1007
1728406800,1.1007,1.1007,1.0998,1.09985
1728407700,1.0999,1.1005,1.0997,1.10045
1728408600,1.1004,1.10065,1.10015,1.1005
1728409500,1.1005,1.1006,1.1002,1.1006
1728410400,1.1006,1.1008,1.1005,1.10065
1728411300,1.10065,1.10065,1.1003,1.1003
1728412200,1.1003,1.10055,1.1001,1.10015
1728413100,1.10015,1.10045,1.10005,1.1004
1728414000,1.10035,1.1005,1.1001,1.1002
1728414900,1.10015,1.10055,1.10015,1.10045
1728415800,1.10045,1.10065,1.10025,1.1006
1728416700,1.1006,1.101,1.1006,1.10095
1728417600,1.10095,1.101,1.1008,1.101
1728418500,1.101,1.1011,1.10095,1.101
1728419400,1.101,1.1011,1.1009,1.101
1728420300,1.101,1.10125,1.101,1.1012
1728424800,1.10115,1.1012,1.10095,1.101
1728425700,1.10105,1.10105,1.10095,1.10095
1728426600,1.101,1.10105,1.1009,1.10105
1728427500,1.101,1.1012,1.10095,1.10115
1728428400,1.1012,1.10125,1.1007,1.1007
1728429300,1.1007,1.1008,1.1007,1.10075
1728430200,1.1008,1.1008,1.10075,1.1008
1728431100,1.10085,1.1009,1.10065,1.10065
1728432000,1.1006,1.1008,1.10055,1.10055
1728432900,1.10065,1.1008,1.10065,1.10075
1728433800,1.1007,1.1007,1.10045,1.1007
1728434700,1.1006,1.10095,1.1006,1.10065
1728435600,1.1006,1.1008,1.10025,1.1003
1728436500,1.10025,1.1007,1.10015,1.10035
1728437400,1.10035,1.10035,1.09995,1.10035
1728438300,1.1004,1.10055,1.1003,1.1005
1728439200,1.10045,1.1005,1.10015,1.1003
1728440100,1.10035,1.1005,1.10015,1.10015
1728441000,1.10015,1.1003,1.09995,1.10005
1728441900,1.1001,1.1004,1.1001,1.10015
1728442800,1.10015,1.1002,1.09995,1.1
1728443700,1.09995,1.1001,1.09985,1.10005
1728444600,1.10005,1.10015,1.1,1.10005
1728445500,1.10005,1.1001,1.09975,1.09985
1728446400,1.0999,1.0999,1.09975,1.09975
1728447300,1.0998,1.0998,1.0995,1.09965
1728448200,1.09965,1.09965,1.09935,1.09945
1728449100,1.09945,1.09945,1.0993,1.09935
1728450000,1.09945,1.1007,1.09945,1.1002
1728450900,1.1001,1.10035,1.09995,1.1
1728451800,1.1,1.1005,1.0999,1.10025
1728452700,1.10025,1.1004,1.10015,1.1004
1728453600,1.10045,1.10045,1.09975,1.0998
1728454500,1.0998,1.09985,1.0996,1.09975
1728455400,1.09975,1.0999,1.0996,1.0997
1728456300,1.09965,1.09965,1.0993,1.0994
1728457200,1.09935,1.0995,1.09815,1.09825
1728458100,1.09825,1.09915,1.09825,1.0989
1728459000,1.0989,1.0998,1.0987,1.09935
1728459900,1.0993,1.09955,1.09895,1.09915
1728460800,1.0991,1.0995,1.09895,1.0995
1728461700,1.0994,1.09945,1.09885,1.09885
1728462600,1.09885,1.09905,1.09855,1.0987
1728463500,1.0987,1.0989,1.09845,1.09885
1728464400,1.0989,1.09925,1.0988,1.09895
1728465300,1.09895,1.0994,1.09895,1.09925
1728466200,1.0992,1.09965,1.0992,1.09945
1728467100,1.09945,1.09985,1.09945,1.09975
1728468000,1.09975,1.10005,1.09965,1.09995
1728468900,1.1,1.10015,1.0997,1.09975
1728469800,1.0998,1.09995,1.09945,1.0996
1728470700,1.09955,1.0998,1.09945,1.0997
1728471600,1.0997,1.09975,1.0995,1.0995
1728472500,1.09955,1.0998,1.0994,1.0994
1728473400,1.0994,1.0995,1.09895,1.09895
1728474300,1.09895,1.0991,1.0985,1.0985
1728475200,1.0985,1.09905,1.0985,1.09875
1728476100,1.0988,1.09895,1.09845,1.0986
1728477000,1.0986,1.099,1.09835,1.09875
1728477900,1.09875,1.099,1.09845,1.09875
1728478800,1.09875,1.09895,1.09835,1.0985
1728479700,1.0985,1.09855,1.0977,1.0983
1728480600,1.0983,1.09895,1.09825,1.0989
1728481500,1.0989,1.09895,1.09825,1.09845
1728482400,1.09845,1.09905,1.0979,1.0989
1728483300,1.09885,1.09895,1.098,1.0985
1728484200,1.0985,1.09855,1.09755,1.0976
1728485100,1.0976,1.0979,1.0971,1.0979
1728486000,1.09785,1.0987,1.0978,1.0985
1728486900,1.09845,1.09875,1.0983,1.0985
1728487800,1.09845,1.09845,1.098,1.09835
1728488700,1.09835,1.0984,1.09795,1.0982
1728489600,1.0982,1.0982,1.09765,1.0978
1728490500,1.09785,1.0981,1.09775,1.0978
1728491400,1.0978,1.0978,1.0975,1.09765
1728492300,1.0976,1.0976,1.0971,1.09725
1728493200,1.09725,1.09735,1.0969,1.0969
1728494100,1.09685,1.097,1.0968,1.0969
1728495000,1.09685,1.0971,1.09685,1.09705
1728495900,1.097,1.09715,1.0968,1.097
1728496800,1.09705,1.0972,1.0967,1.09685
1728497700,1.09685,1.0974,1.09675,1.0973
1728498600,1.09735,1.0974,1.09705,1.09715
1728499500,1.0972,1.09735,1.0967,1.09675
1728500400,1.0968,1.09725,1.09675,1.0971
1728501300,1.0971,1.09725,1.09705,1.09715
1728502200,1.09715,1.0972,1.0968,1.09685
1728503100,1.0969,1.0971,1.09685,1.097
1728504000,1.09695,1.097,1.0968,1.09685
1728504900,1.0969,1.097,1.09685,1.0969
1728505800,1.0969,1.09695,1.09675,1.09695
1728506700,1.09695,1.0972,1.09685,1.097
1728511200,1.097,1.09725,1.0967,1.09675
1728512100,1.0968,1.097,1.09675,1.09695
1728513000,1.09695,1.0971,1.09695,1.097
1728513900,1.097,1.0971,1.09695,1.09705
1728514800,1.09705,1.0971,1.09685,1.09705
1728515700,1.09705,1.0971,1.09695,1.09705
1728516600,1.09705,1.0972,1.09695,1.09715
1728517500,1.09715,1.09715,1.09705,1.0971
1728518400,1.09705,1.0972,1.097,1.0971
1728519300,1.09715,1.09715,1.09685,1.09715
1728520200,1.0971,1.0972,1.09695,1.0971
1728521100,1.0971,1.09725,1.09695,1.097
1728522000,1.09695,1.09745,1.09695,1.09735
1728522900,1.0973,1.09745,1.09705,1.0971
1728523800,1.0971,1.09755,1.0971,1.0974
1728524700,1.0974,1.09745,1.09715,1.09725
1728525600,1.09725,1.09735,1.0968,1.0969
1728526500,1.09685,1.0973,1.09685,1.09725
1728527400,1.0973,1.09745,1.09725,1.0973
1728528300,1.09735,1.0974,1.0971,1.0971
1728529200,1.09715,1.09735,1.0971,1.09725
1728530100,1.09725,1.0975,1.09725,1.09725
1728531000,1.0972,1.09725,1.09715,1.09725
1728531900,1.09725,1.0973,1.09715,1.09725
1728532800,1.0973,1.09735,1.0972,1.0973
1728533700,1.09735,1.09735,1.0972,1.0972
1728534600,1.09715,1.09715,1.0968,1.09695
1728535500,1.0969,1.09705,1.0968,1.09695
1728536400,1.09705,1.09715,1.09685,1.097
1728537300,1.09705,1.09705,1.09665,1.0969
1728538200,1.0969,1.09695,1.0968,1.09695
1728539100,1.097,1.0971,1.09675,1.09685
1728540000,1.0968,1.0969,1.09655,1.09675
1728540900,1.09675,1.0971,1.09665,1.0971
1728541800,1.09705,1.0972,1.09665,1.09675
1728542700,1.0967,1.097,1.0966,1.09665
1728543600,1.0966,1.0968,1.0964,1.09655
1728544500,1.0966,1.0966,1.0962,1.09645
1728545400,1.09645,1.0971,1.09635,1.09705
1728546300,1.0971,1.0972,1.09655,1.09665
1728547200,1.09665,1.09685,1.0958,1.096
1728548100,1.09595,1.0963,1.09575,1.0962
1728549000,1.0962,1.0965,1.0961,1.0963
1728549900,1.0963,1.0964,1.09615,1.0962
1728550800,1.0962,1.09625,1.09575,1.0959
1728551700,1.0959,1.0962,1.09565,1.0961
1728552600,1.09605,1.0963,1.096,1.0961
1728553500,1.0961,1.0963,1.09595,1.0963
1728554400,1.09625,1.0964,1.09605,1.09615
1728555300,1.09615,1.0963,1.09605,1.0963
1728556200,1.0963,1.0968,1.0963,1.09645
1728557100,1.09645,1.0969,1.09635,1.09685
1728558000,1.09685,1.0969,1.0966,1.0966
1728558900,1.09655,1.09665,1.09615,1.0964
1728559800,1.09635,1.0965,1.09565,1.09585
1728560700,1.0959,1.09625,1.0958,1.09605
1728561600,1.09605,1.0963,1.09595,1.09615
1728562500,1.09615,1.0964,1.09585,1.09625
1728563400,1.0962,1.0984,1.09345,1.0962
1728564300,1.09625,1.09785,1.0962,1.0973
1728565200,1.09735,1.0979,1.09685,1.097
1728566100,1.09705,1.09785,1.0969,1.0974
1728567000,1.09735,1.09745,1.0965,1.09655
1728567900,1.09655,1.0972,1.09625,1.0966
1728568800,1.09665,1.0971,1.09605,1.09655
1728569700,1.0965,1.09675,1.0951,1.0951
1728570600,1.09515,1.09525,1.09425,1.09465
1728571500,1.0946,1.0954,1.09435,1.0951
1728572400,1.0951,1.0954,1.09455,1.0953
1728573300,1.0953,1.0957,1.0951,1.0956
1728574200,1.09555,1.09585,1.09525,1.0957
1728575100,1.09565,1.09575,1.0953,1.09535
1728576000,1.0954,1.0957,1.09535,1.09565
1728576900,1.09565,1.0957,1.09535,1.09555
1728577800,1.09555,1.0956,1.09505,1.09505
1728578700,1.09505,1.09515,1.09315,1.0935
1728579600,1.09355,1.09385,1.09295,1.09305
1728580500,1.0931,1.0945,1.093,1.09445
1728581400,1.09445,1.09485,1.09445,1.09475
1728582300,1.09475,1.095,1.09455,1.0948
1728583200,1.09485,1.09545,1.09475,1.0953
1728584100,1.0953,1.0953,1.09495,1.0951
1728585000,1.0951,1.0956,1.0951,1.0953
1728585900,1.09535,1.0954,1.095,1.0951
1728586800,1.09515,1.0955,1.095,1.0954
1728587700,1.09545,1.0957,1.0954,1.09555
1728588600,1.0956,1.09605,1.0956,1.09595
1728589500,1.096,1.0964,1.0959,1.0964
1728590400,1.0963,1.09665,1.0963,1.0965
1728591300,1.0965,1.0967,1.0964,1.0966
1728592200,1.0965,1.09655,1.09635,1.09645
1728593100,1.09645,1.09675,1.09645,1.09665
1728597600,1.0966,1.0966,1.0962,1.0964
1728598500,1.0964,1.09645,1.09625,1.09635
1728599400,1.0963,1.09635,1.09625,1.0963
1728600300,1.09635,1.0964,1.0962,1.09625
1728601200,1.09635,1.0964,1.09615,1.09625
1728602100,1.09625,1.09635,1.09615,1.0962
1728603000,1.0962,1.0963,1.0962,1.0963
1728603900,1.0963,1.09635,1.0962,1.09625
1728604800,1.0963,1.0964,1.0961,1.0963
1728605700,1.0963,1.09655,1.09615,1.0963
1728606600,1.0963,1.0965,1.09625,1.09635
1728607500,1.09635,1.0967,1.0963,1.0967
1728608400,1.0967,1.0967,1.09635,1.0966
1728609300,1.09655,1.09665,1.0963,1.09635
1728610200,1.0963,1.0963,1.09585,1.09595
1728611100,1.096,1.0961,1.0959,1.0961
1728612000,1.0961,1.09635,1.096,1.0963
1728612900,1.0963,1.09645,1.09615,1.0963
1728613800,1.09635,1.09655,1.09625,1.0965
1728614700,1.09655,1.0967,1.09655,1.0966
1728615600,1.09665,1.0968,1.09655,1.09665
1728616500,1.09665,1.0969,1.09665,1.0969
1728617400,1.0969,1.097,1.09675,1.0968
1728618300,1.09675,1.09695,1.0967,1.0969
1728619200,1.0969,1.09695,1.0968,1.09695
1728620100,1.09695,1.09695,1.09665,1.09665
1728621000,1.09665,1.0967,1.09655,1.09655
1728621900,1.09655,1.09655,1.09645,1.09645
1728622800,1.0965,1.09655,1.09635,1.0964
1728623700,1.09645,1.0965,1.09635,1.09645
1728624600,1.09645,1.0967,1.09645,1.09655
1728625500,1.0965,1.0965,1.0962,1.09645
1728626400,1.09645,1.0965,1.09615,1.0963
1728627300,1.0963,1.0967,1.0963,1.0967
1728628200,1.0967,1.0968,1.0962,1.0963
1728629100,1.09635,1.097,1.09635,1.0969
1728630000,1.0969,1.09715,1.09645,1.0967
1728630900,1.0967,1.0967,1.09615,1.09665
1728631800,1.0966,1.09705,1.09645,1.097
1728632700,1.09695,1.0975,1.0968,1.0974
1728633600,1.09735,1.0975,1.0971,1.0974
1728634500,1.0974,1.09795,1.0973,1.09785
1728635400,1.09785,1.0983,1.09755,1.0981
1728636300,1.0981,1.0981,1.0977,1.0979
1728637200,1.09785,1.09805,1.09755,1.0976
1728638100,1.0976,1.0978,1.0975,1.09755
1728639000,1.09755,1.0977,1.09735,1.09735
1728639900,1.0974,1.0974,1.0967,1.0968
1728640800,1.0968,1.09685,1.09655,1.0967
1728641700,1.0967,1.0968,1.0964,1.09645
1728642600,1.0964,1.09655,1.09615,1.09615
1728643500,1.09615,1.0967,1.096,1.0964
1728644400,1.09645,1.09655,1.09615,1.09615
1728645300,1.0962,1.09625,1.0956,1.09575
1728646200,1.0958,1.09635,1.0957,1.0963
1728647100,1.0963,1.0963,1.0959,1.09605
1728648000,1.096,1.09685,1.096,1.09685
1728648900,1.0969,1.09715,1.09685,1.0971
1728649800,1.097,1.098,1.09565,1.09585
1728650700,1.0959,1.0963,1.09555,1.09625
1728651600,1.09625,1.09645,1.09575,1.09645
1728652500,1.09645,1.09675,1.09625,1.0963
1728653400,1.09635,1.0969,1.0962,1.09655
1728654300,1.0966,1.09705,1.09625,1.09685
1728655200,1.0969,1.09735,1.0963,1.09705
1728656100,1.09705,1.0977,1.0969,1.09725
1728657000,1.09725,1.09785,1.09715,1.0975
1728657900,1.0975,1.0975,1.0971,1.09725
1728658800,1.0972,1.0978,1.09715,1.09775
1728659700,1.0977,1.098,1.0977,1.09795
1728660600,1.09795,1.0982,1.09765,1.0977
1728661500,1.09765,1.0977,1.09705,1.0971
1728662400,1.09705,1.09735,1.09695,1.09725
1728663300,1.0972,1.09765,1.09715,1.09755
1728664200,1.0975,1.0976,1.09725,1.09725
1728665100,1.09725,1.0975,1.09715,1.09745
1728666000,1.09745,1.09765,1.09725,1.09735
1728666900,1.09735,1.0974,1.0972,1.09735
1728667800,1.0973,1.09745,1.09725,1.09745
1728668700,1.09745,1.09745,1.0972,1.09725
1728669600,1.09725,1.0974,1.0971,1.0972
1728670500,1.0972,1.0975,1.0972,1.09725
1728671400,1.0973,1.0973,1.09715,1.09715
1728672300,1.09715,1.0973,1.09675,1.0968
1728673200,1.09685,1.09685,1.09675,1.0968
1728674100,1.09685,1.09685,1.0966,1.0967
1728675000,1.09665,1.0967,1.0964,1.09645
1728675900,1.09645,1.0966,1.0962,1.0962
1728676800,1.0962,1.09645,1.09615,1.09635
1728677700,1.0964,1.09665,1.0963,1.0966
1728678600,1.0966,1.09675,1.09645,1.09645
1728679500,1.09645,1.0966,1.0963,1.09655
1728856800,1.09635,1.09635,1.0957,1.09605
1728857700,1.096,1.09605,1.09585,1.096
1728858600,1.09595,1.09605,1.09575,1.0958
1728859500,1.0958,1.0958,1.09555,1.09555
1728860400,1.09565,1.0957,1.0954,1.09545
1728861300,1.09545,1.09555,1.0953,1.0955
1728862200,1.0955,1.0955,1.09515,1.09515
1728863100,1.09515,1.09525,1.0951,1.09515
1728864000,1.0952,1.0953,1.0944,1.09465
1728864900,1.09465,1.0953,1.09465,1.0951
1728865800,1.0951,1.09525,1.0949,1.09495
1728866700,1.09495,1.09515,1.0948,1.09505
1728867600,1.095,1.095,1.0947,1.09485
1728868500,1.0949,1.0952,1.0949,1.09505
1728869400,1.0951,1.09545,1.0948,1.0952
1728870300,1.09525,1.0954,1.09515,1.0952
1728871200,1.0952,1.09525,1.09475,1.0952
1728872100,1.0952,1.09535,1.09505,1.09525
1728873000,1.0953,1.09555,1.0953,1.09535
1728873900,1.0954,1.0955,1.0953,1.0953
1728874800,1.09535,1.0956,1.09525,1.0955
1728875700,1.09555,1.09575,1.0954,1.09575
1728876600,1.09575,1.0958,1.0956,1.09565
1728877500,1.09565,1.09565,1.0954,1.09545
1728878400,1.0954,1.09545,1.09535,1.0954
1728879300,1.09535,1.09535,1.0952,1.09525
1728880200,1.09525,1.09535,1.09525,1.09525
1728881100,1.0953,1.09535,1.09525,1.09525
1728882000,1.09525,1.09535,1.0951,1.0952
1728882900,1.09525,1.09545,1.09525,1.09535
1728883800,1.0953,1.09535,1.09525,1.09525
1728884700,1.0953,1.0955,1.0953,1.09545
1728885600,1.0955,1.0959,1.09545,1.09575
1728886500,1.09575,1.0959,1.0956,1.09575
1728887400,1.09575,1.09585,1.0956,1.0958
1728888300,1.0958,1.0958,1.09535,1.0954
1728889200,1.0954,1.0957,1.09525,1.0957
1728890100,1.0957,1.09595,1.0955,1.0955
1728891000,1.0955,1.096,1.0954,1.0959
1728891900,1.09585,1.09585,1.09535,1.0957
1728892800,1.0957,1.09605,1.09565,1.09575
1728893700,1.09575,1.0958,1.09555,1.0956
1728894600,1.09555,1.096,1.0955,1.09575
1728895500,1.09575,1.09585,1.09525,1.09555
1728896400,1.0956,1.09625,1.0955,1.0962
1728897300,1.0962,1.0965,1.09615,1.09635
1728898200,1.0963,1.0963,1.09605,1.0961
1728899100,1.0961,1.0962,1.09565,1.09575
1728900000,1.09575,1.09585,1.0954,1.0958
1728900900,1.0958,1.09585,1.09555,1.0956
1728901800,1.0956,1.0956,1.0954,1.0954
1728902700,1.0954,1.0954,1.0951,1.09515
1728903600,1.09515,1.0953,1.09475,1.0948
1728904500,1.09475,1.09505,1.09435,1.09445
1728905400,1.09445,1.09455,1.0942,1.09435
1728906300,1.0944,1.0944,1.0938,1.09415
1728907200,1.0941,1.0944,1.094,1.09415
1728908100,1.09415,1.09455,1.09405,1.0944
1728909000,1.0944,1.0945,1.09365,1.0938
1728909900,1.09375,1.09415,1.0936,1.09385
1728910800,1.0938,1.09395,1.09335,1.0939
1728911700,1.09395,1.09425,1.0935,1.09395
1728912600,1.09395,1.09475,1.0937,1.09475
1728913500,1.09475,1.09565,1.09465,1.09485
1728914400,1.09485,1.09485,1.09375,1.09385
1728915300,1.09385,1.0945,1.0937,1.09395
1728916200,1.094,1.094,1.0934,1.09385
1728917100,1.0939,1.0944,1.0938,1.0944
1728918000,1.09435,1.09455,1.0941,1.09435
1728918900,1.0943,1.09435,1.0939,1.0941
1728919800,1.09405,1.0945,1.09375,1.0939
1728920700,1.09385,1.09385,1.0934,1.0936
1728921600,1.0936,1.09375,1.0932,1.0933
1728922500,1.0933,1.09335,1.09295,1.09305
1728923400,1.09305,1.09325,1.093,1.09305
1728924300,1.093,1.09315,1.09295,1.093
1728925200,1.093,1.09315,1.09295,1.09295
1728926100,1.0929,1.093,1.0926,1.09275
1728927000,1.09275,1.09315,1.09275,1.09315
1728927900,1.09315,1.0933,1.09305,1.09325
1728928800,1.0933,1.0934,1.09315,1.09335
1728929700,1.09335,1.09335,1.0931,1.0931
1728930600,1.0931,1.09315,1.09295,1.09305
1728931500,1.09305,1.0931,1.09235,1.09255
1728932400,1.0926,1.0932,1.0917,1.09285
1728933300,1.09285,1.0935,1.09285,1.09325
1728934200,1.0932,1.09335,1.09315,1.09315
1728935100,1.0931,1.0934,1.0931,1.0933
1728936000,1.09325,1.0936,1.09315,1.09355
1728936900,1.09355,1.09375,1.0935,1.09355
1728937800,1.0936,1.0937,1.0935,1.09355
1728938700,1.09355,1.09385,1.0935,1.0938
1728943200,1.0935,1.0937,1.0934,1.09345
1728944100,1.09345,1.0935,1.09335,1.09345
1728945000,1.09345,1.0936,1.09345,1.0936
1728945900,1.0936,1.0938,1.0936,1.0937
1728946800,1.0937,1.09375,1.0935,1.0937
1728947700,1.0937,1.09385,1.0937,1.09385
1728948600,1.09385,1.09385,1.09355,1.0936
1728949500,1.09355,1.09375,1.09355,1.09375
1728950400,1.09375,1.09385,1.09325,1.09325
1728951300,1.0933,1.0936,1.0933,1.09345
1728952200,1.09345,1.09345,1.09325,1.09335
1728953100,1.09335,1.0936,1.0933,1.0936
1728954000,1.09355,1.09365,1.0933,1.0935
1728954900,1.09345,1.09365,1.09345,1.0936
1728955800,1.0936,1.0937,1.09335,1.09335
1728956700,1.0934,1.0936,1.0934,1.09355
1728957600,1.09355,1.09375,1.0933,1.09335
1728958500,1.0934,1.09345,1.09325,1.09325
1728959400,1.0933,1.09335,1.0931,1.0931
1728960300,1.09315,1.09315,1.0929,1.09305
1728961200,1.09305,1.09315,1.09295,1.093
1728962100,1.09295,1.09305,1.09265,1.093
1728963000,1.093,1.093,1.0928,1.09285
1728963900,1.0928,1.0928,1.0924,1.0925
1728964800,1.09245,1.0925,1.0922,1.0923
1728965700,1.0923,1.09235,1.092,1.0921
1728966600,1.0921,1.09225,1.092,1.0922
1728967500,1.0922,1.09225,1.0921,1.0921
1728968400,1.0921,1.0921,1.0919,1.092
1728969300,1.092,1.092,1.0918,1.0918
1728970200,1.0918,1.09185,1.0917,1.0918
1728971100,1.09185,1.09205,1.0917,1.092
1728972000,1.09195,1.09205,1.0913,1.09165
1728972900,1.0917,1.09205,1.09145,1.0918
1728973800,1.0918,1.0924,1.09175,1.0923
1728974700,1.09225,1.0923,1.09195,1.0921
1728975600,1.0921,1.09215,1.0914,1.0915
1728976500,1.09145,1.0921,1.0913,1.09195
1728977400,1.09195,1.0923,1.0916,1.09225
1728978300,1.0922,1.0927,1.09215,1.09265
1728979200,1.09265,1.0935,1.0925,1.0934
1728980100,1.0934,1.0938,1.0933,1.0933
1728981000,1.09335,1.0939,1.093,1.09375
1728981900,1.09375,1.09445,1.09375,1.09385
1728982800,1.09385,1.0943,1.09355,1.09375
1728983700,1.09375,1.09405,1.0935,1.09355
1728984600,1.0936,1.09365,1.09345,1.0936
1728985500,1.09365,1.09425,1.0934,1.09415
1728986400,1.0942,1.0943,1.09395,1.09395
1728987300,1.09395,1.09415,1.0935,1.09395
1728988200,1.094,1.09405,1.0934,1.0934
1728989100,1.0934,1.09365,1.0931,1.0931
1728990000,1.0931,1.0934,1.09295,1.0931
1728990900,1.0931,1.0931,1.0926,1.0928
1728991800,1.0928,1.09365,1.0928,1.09355
1728992700,1.0935,1.09375,1.09265,1.0929
1728993600,1.09295,1.09335,1.0928,1.0933
1728994500,1.0933,1.09375,1.0933,1.09365
1728995400,1.09365,1.09405,1.09345,1.09345
1728996300,1.0935,1.09385,1.0933,1.09385
1728997200,1.09385,1.0943,1.0937,1.09425
1728998100,1.09425,1.09435,1.0937,1.09405
1728999000,1.09405,1.0943,1.0938,1.0942
1728999900,1.0942,1.0945,1.0937,1.0938
1729000800,1.0938,1.094,1.09335,1.0934
1729001700,1.0934,1.0937,1.09325,1.09325
1729002600,1.09325,1.09335,1.0927,1.093
1729003500,1.09295,1.0937,1.0928,1.0931
1729004400,1.0931,1.09345,1.09295,1.0934
1729005300,1.0934,1.09355,1.09315,1.09345
1729006200,1.09345,1.09355,1.093,1.0932
1729007100,1.09315,1.0932,1.09265,1.0927
1729008000,1.09275,1.0929,1.09255,1.09285
1729008900,1.09285,1.0931,1.09215,1.09235
1729009800,1.09235,1.09235,1.092,1.09205
1729010700,1.09205,1.0921,1.09175,1.0918
1729011600,1.09175,1.09185,1.09145,1.09155
1729012500,1.09155,1.0918,1.09115,1.09125
1729013400,1.09125,1.0915,1.09125,1.0913
1729014300,1.09135,1.09145,1.091,1.0913
1729015200,1.09135,1.0918,1.0912,1.0916
1729016100,1.0916,1.0918,1.09155,1.0917
1729017000,1.09175,1.0919,1.09165,1.0917
1729017900,1.0917,1.0918,1.09145,1.0915
1729018800,1.0915,1.0917,1.09145,1.09165
1729019700,1.0917,1.0918,1.0916,1.09165
1729020600,1.09165,1.09165,1.0914,1.09155
1729021500,1.0915,1.0916,1.0914,1.0915
1729022400,1.09145,1.0917,1.09145,1.0916
1729023300,1.0916,1.09165,1.09145,1.0915
1729024200,1.0915,1.0918,1.09135,1.09175
1729025100,1.0918,1.092,1.0918,1.09185
1729029600,1.09185,1.092,1.0916,1.09175
1729030500,1.0918,1.09185,1.09175,1.0918
1729031400,1.09175,1.09175,1.09155,1.0916
1729032300,1.0916,1.09175,1.0915,1.09175
1729033200,1.09175,1.09175,1.09145,1.09145
1729034100,1.09145,1.0915,1.09145,1.0915
1729035000,1.0915,1.0916,1.09145,1.0915
1729035900,1.0915,1.09155,1.0911,1.0911
1729036800,1.09105,1.09125,1.09095,1.0911
1729037700,1.09115,1.09125,1.091,1.0911
1729038600,1.0911,1.0914,1.0911,1.09125
1729039500,1.09125,1.09135,1.09115,1.09135
1729040400,1.09125,1.09145,1.0912,1.09135
1729041300,1.09135,1.0915,1.09135,1.0915
1729042200,1.09155,1.0919,1.0914,1.09185
1729043100,1.09185,1.09195,1.09175,1.0919
1729044000,1.09195,1.09205,1.09165,1.09175
1729044900,1.0917,1.09185,1.09165,1.09175
1729045800,1.0917,1.09205,1.0917,1.092
1729046700,1.092,1.09205,1.09195,1.092
1729047600,1.09205,1.0923,1.092,1.0922
1729048500,1.0922,1.09225,1.09205,1.09215
1729049400,1.0922,1.0922,1.09195,1.09205
1729050300,1.0921,1.0921,1.0918,1.09185
1729051200,1.09185,1.09205,1.09185,1.09195
1729052100,1.0919,1.0919,1.0917,1.0918
1729053000,1.0918,1.0918,1.09175,1.09175
1729053900,1.0917,1.0917,1.09155,1.0917
1729054800,1.09175,1.09175,1.09145,1.09145
1729055700,1.09145,1.0916,1.09145,1.0916
1729056600,1.0916,1.0917,1.09155,1.0917
1729057500,1.09175,1.0918,1.0914,1.09155
1729058400,1.0916,1.0917,1.09055,1.0907
1729059300,1.0907,1.0911,1.0906,1.09085
1729060200,1.09085,1.09085,1.09035,1.09055
1729061100,1.0906,1.0909,1.09035,1.09055
1729062000,1.0905,1.09105,1.0903,1.09095
1729062900,1.0909,1.0912,1.09075,1.09105
1729063800,1.09105,1.0912,1.0906,1.09085
1729064700,1.0908,1.0913,1.09075,1.091
1729065600,1.09095,1.0912,1.09065,1.0907
1729066500,1.09065,1.091,1.0906,1.09085
1729067400,1.09085,1.09095,1.0905,1.09085
1729068300,1.09085,1.09115,1.0907,1.09105
1729069200,1.09105,1.0921,1.091,1.09185
1729070100,1.09185,1.0925,1.0918,1.0923
1729071000,1.0923,1.0925,1.092,1.09215
1729071900,1.0921,1.09235,1.09205,1.09225
1729072800,1.09225,1.09235,1.09195,1.0921
1729073700,1.09205,1.0923,1.09185,1.09215
1729074600,1.09215,1.09225,1.092,1.0921
1729075500,1.0921,1.0921,1.0917,1.0918
1729076400,1.09175,1.0921,1.0915,1.092
1729077300,1.092,1.09205,1.09175,1.09185
1729078200,1.09185,1.09215,1.09185,1.09195
1729079100,1.0919,1.09235,1.0919,1.0922
1729080000,1.09215,1.0926,1.0921,1.0925
1729080900,1.09255,1.0929,1.0923,1.0926
1729081800,1.0926,1.0927,1.0916,1.0918
1729082700,1.09185,1.09185,1.0914,1.09165
1729083600,1.09165,1.09175,1.09125,1.09155
1729084500,1.0916,1.0925,1.0916,1.09205
1729085400,1.092,1.0922,1.09175,1.09205
1729086300,1.09205,1.09225,1.0914,1.0918
1729087200,1.0918,1.09185,1.0909,1.09115
1729088100,1.0911,1.09115,1.09,1.0903
1729089000,1.0903,1.0906,1.08985,1.0905
1729089900,1.0905,1.09095,1.09035,1.0907
1729090800,1.0907,1.09075,1.0902,1.0907
1729091700,1.09065,1.0907,1.0901,1.0902
1729092600,1.0902,1.0903,1.08985,1.0899
1729093500,1.0899,1.09025,1.08935,1.09
1729094400,1.09,1.0902,1.08985,1.09015
1729095300,1.09015,1.0904,1.09005,1.09005
1729096200,1.09005,1.0901,1.08955,1.0896
1729097100,1.0896,1.0897,1.08945,1.08955
1729098000,1.0896,1.0896,1.08925,1.08925
1729098900,1.08925,1.0894,1.0891,1.0891
1729099800,1.0891,1.0891,1.0889,1.08905
1729100700,1.08905,1.08915,1.0889,1.089
1729101600,1.08895,1.08905,1.0886,1.08875
1729102500,1.08875,1.08895,1.0885,1.0886
1729103400,1.08865,1.0887,1.0883,1.08855
1729104300,1.08855,1.08865,1.08825,1.0883
1729105200,1.0883,1.0884,1.0881,1.08835
1729106100,1.08835,1.0884,1.08805,1.08825
1729107000,1.0882,1.08875,1.0882,1.0886
1729107900,1.0886,1.08865,1.08835,1.0885
1729108800,1.0885,1.08865,1.0885,1.08855
1729109700,1.0886,1.08865,1.08855,1.08865
1729110600,1.0886,1.08895,1.08855,1.08885
1729111500,1.08885,1.089,1.08875,1.08885
1729116000,1.08885,1.089,1.0887,1.08875
1729116900,1.0888,1.0888,1.08865,1.0887
1729117800,1.0887,1.08875,1.08865,1.08865
1729118700,1.08865,1.08865,1.0884,1.08845
1729119600,1.0885,1.0885,1.08825,1.0884
1729120500,1.0884,1.0885,1.08835,1.08845
1729121400,1.0885,1.08855,1.0884,1.0885
1729122300,1.0885,1.08855,1.08835,1.0885
1729123200,1.08855,1.0887,1.0884,1.08855
1729124100,1.0886,1.08885,1.08855,1.08885
1729125000,1.08885,1.089,1.08865,1.0887
1729125900,1.08875,1.08905,1.08865,1.08895
1729126800,1.08895,1.08895,1.08875,1.08885
1729127700,1.0889,1.0889,1.08855,1.0887
1729128600,1.08865,1.08905,1.0886,1.08895
1729129500,1.08895,1.08895,1.08875,1.08885
1729130400,1.0889,1.08915,1.0888,1.0888
1729131300,1.0888,1.0888,1.0886,1.0887
1729132200,1.08875,1.08875,1.08855,1.08865
1729133100,1.08865,1.08885,1.08865,1.0888
1729134000,1.0888,1.0888,1.0884,1.0884
1729134900,1.0884,1.0884,1.088,1.088
1729135800,1.08805,1.08805,1.08775,1.0878
1729136700,1.08785,1.08795,1.08775,1.08795
1729137600,1.08795,1.0881,1.0879,1.0881
1729138500,1.08815,1.0882,1.08805,1.08815
1729139400,1.0882,1.0882,1.08795,1.08805
1729140300,1.0881,1.0881,1.088,1.088
1729141200,1.08795,1.088,1.0879,1.088
1729142100,1.08805,1.08815,1.088,1.08805
1729143000,1.08805,1.08805,1.0879,1.088
1729143900,1.088,1.08805,1.0879,1.08805
1729144800,1.08805,1.08805,1.08775,1.0879
1729145700,1.08785,1.08805,1.0878,1.08795
1729146600,1.088,1.08845,1.08795,1.08835
1729147500,1.0884,1.08845,1.08755,1.0877
1729148400,1.08765,1.08805,1.08755,1.0878
1729149300,1.0878,1.0881,1.08755,1.08795
1729150200,1.08795,1.08835,1.08795,1.08795
1729151100,1.088,1.08815,1.08765,1.08805
1729152000,1.08805,1.08825,1.0878,1.0881
1729152900,1.08805,1.08825,1.08795,1.08815
1729153800,1.0881,1.08815,1.0876,1.0877
1729154700,1.08765,1.08785,1.0875,1.0878
1729155600,1.0878,1.0881,1.08765,1.0879
1729156500,1.0879,1.08805,1.0877,1.08785
1729157400,1.08785,1.08905,1.08785,1.08875
1729158300,1.08875,1.0888,1.0883,1.0885
1729159200,1.0885,1.08865,1.08845,1.0886
1729160100,1.08855,1.08895,1.08855,1.0887
1729161000,1.08875,1.0889,1.0886,1.08885
1729161900,1.0888,1.0891,1.08865,1.08905
1729162800,1.08905,1.08935,1.089,1.0893
1729163700,1.0893,1.08935,1.08905,1.0893
1729164600,1.08925,1.08935,1.0891,1.0892
1729165500,1.0892,1.08925,1.08895,1.089
1729166400,1.08895,1.0892,1.0887,1.08875
1729167300,1.08885,1.09005,1.0886,1.08925
1729168200,1.08915,1.08915,1.086,1.0869
1729169100,1.0869,1.08755,1.0867,1.0869
1729170000,1.08695,1.0871,1.084,1.08465
1729170900,1.0847,1.08545,1.08375,1.08405
1729171800,1.08405,1.0858,1.0838,1.08575
1729172700,1.08575,1.0862,1.0849,1.0859
1729173600,1.08595,1.08615,1.08475,1.08525
1729174500,1.0852,1.08535,1.08445,1.0847
1729175400,1.0847,1.085,1.08405,1.0848
1729176300,1.0848,1.0855,1.08465,1.0855
1729177200,1.08545,1.08595,1.0853,1.0855
1729178100,1.08545,1.0865,1.0851,1.0864
1729179000,1.08635,1.0867,1.0862,1.0863
1729179900,1.0863,1.08655,1.0862,1.0863
1729180800,1.08635,1.08635,1.0853,1.08555
1729181700,1.08555,1.08565,1.0851,1.08515
1729182600,1.0852,1.08525,1.0849,1.0852
1729183500,1.0852,1.08525,1.08505,1.0851
1729184400,1.08515,1.0854,1.08515,1.0852
1729185300,1.0852,1.0852,1.08495,1.08495
1729186200,1.0849,1.08505,1.0847,1.085
1729187100,1.085,1.08545,1.08495,1.08515
1729188000,1.0852,1.08535,1.0851,1.08525
1729188900,1.08525,1.08535,1.08505,1.0853
1729189800,1.0853,1.08585,1.08515,1.0855
1729190700,1.0855,1.0856,1.0851,1.0851
1729191600,1.08515,1.0854,1.08495,1.08525
1729192500,1.08525,1.0854,1.0852,1.0853
1729193400,1.0853,1.0854,1.0852,1.08535
1729194300,1.08535,1.0855,1.08535,1.0854
1729195200,1.0854,1.0855,1.08535,1.0854
1729196100,1.0854,1.08545,1.08535,1.08545
1729197000,1.0855,1.0857,1.08545,1.08565
1729197900,1.0857,1.08575,1.08565,1.08575
1729202400,1.08575,1.0859,1.08565,1.08575
1729203300,1.0857,1.0858,1.0857,1.0857
1729204200,1.0857,1.08575,1.0856,1.0856
1729205100,1.0856,1.08565,1.0855,1.0855
1729206000,1.08555,1.08555,1.0853,1.0854
1729206900,1.0854,1.08545,1.08535,1.08535
1729207800,1.0853,1.08535,1.0851,1.08525
1729208700,1.0853,1.0856,1.0853,1.0855
1729209600,1.08555,1.0857,1.0854,1.08565
1729210500,1.0856,1.0856,1.08535,1.08535
1729211400,1.08535,1.0857,1.08535,1.08565
1729212300,1.08565,1.0858,1.0855,1.0855
1729213200,1.0855,1.08575,1.08535,1.08575
1729214100,1.08575,1.0858,1.0856,1.08575
1729215000,1.08575,1.086,1.0857,1.08595
1729215900,1.08595,1.0862,1.0858,1.08605
1729216800,1.0861,1.08625,1.08595,1.08595
1729217700,1.08595,1.08605,1.0859,1.086
1729218600,1.08605,1.08655,1.08605,1.08645
1729219500,1.0865,1.08655,1.08625,1.08645
1729220400,1.08645,1.08655,1.0863,1.0863
1729221300,1.08635,1.0865,1.0863,1.0864
1729222200,1.0864,1.0865,1.0863,1.0864
1729223100,1.0865,1.0865,1.08635,1.08645
1729224000,1.08645,1.0865,1.0864,1.0865
1729224900,1.0865,1.08655,1.08645,1.08655
1729225800,1.0865,1.08665,1.08645,1.08655
1729226700,1.08655,1.08665,1.08655,1.0866
1729227600,1.08665,1.08675,1.0866,1.0867
1729228500,1.08675,1.08675,1.0864,1.08655
1729229400,1.08655,1.08665,1.0865,1.0866
1729230300,1.08665,1.087,1.08665,1.0869
1729231200,1.08685,1.0869,1.0864,1.0865
1729232100,1.08645,1.08715,1.08645,1.08715
1729233000,1.08715,1.08745,1.08695,1.087
1729233900,1.08695,1.08725,1.0868,1.087
1729234800,1.087,1.087,1.0863,1.0866
1729235700,1.0866,1.08685,1.08635,1.0864
1729236600,1.0864,1.0866,1.08625,1.0864
1729237500,1.0864,1.087,1.08635,1.0867
1729238400,1.0867,1.0871,1.0867,1.08705
1729239300,1.08705,1.0873,1.08685,1.08705
1729240200,1.0871,1.0871,1.0862,1.0862
1729241100,1.0862,1.0866,1.08605,1.0864
1729242000,1.08635,1.08715,1.08625,1.08705
1729242900,1.08705,1.0872,1.0862,1.08625
1729243800,1.08625,1.08645,1.08605,1.08615
1729244700,1.08615,1.087,1.0861,1.087
1729245600,1.08705,1.08705,1.0864,1.08675
1729246500,1.08675,1.08715,1.08675,1.0869
1729247400,1.08695,1.0873,1.08695,1.0872
1729248300,1.0872,1.08745,1.08705,1.0871
1729249200,1.08715,1.08715,1.0868,1.0869
1729250100,1.08685,1.08725,1.0868,1.0871
1729251000,1.08705,1.08755,1.08705,1.08745
1729251900,1.0874,1.0878,1.0872,1.08745
1729252800,1.0874,1.08765,1.08725,1.08755
1729253700,1.0876,1.0877,1.0873,1.08755
1729254600,1.0875,1.08855,1.08745,1.088
1729255500,1.088,1.0886,1.08795,1.08855
1729256400,1.08855,1.08895,1.0885,1.0886
1729257300,1.08855,1.0888,1.08835,1.0887
1729258200,1.08865,1.0888,1.0882,1.08825
1729259100,1.0883,1.0883,1.08775,1.0883
1729260000,1.0883,1.0887,1.08825,1.08865
1729260900,1.0887,1.08905,1.0884,1.08855
1729261800,1.0886,1.0888,1.0884,1.08845
1729262700,1.0885,1.0886,1.0881,1.08835
1729263600,1.0883,1.08865,1.08825,1.0886
1729264500,1.0886,1.08865,1.0881,1.0886
1729265400,1.0886,1.08865,1.08795,1.088
1729266300,1.08795,1.0883,1.0879,1.088
1729267200,1.08795,1.08835,1.0879,1.08825
1729268100,1.08825,1.08895,1.0882,1.0889
1729269000,1.0889,1.08925,1.0887,1.08925
1729269900,1.08925,1.08945,1.089,1.08925
1729270800,1.08925,1.08925,1.0889,1.08905
1729271700,1.08905,1.08905,1.0888,1.0888
1729272600,1.0888,1.08885,1.0886,1.0886
1729273500,1.08865,1.0888,1.0885,1.08875
1729274400,1.08875,1.08895,1.08875,1.0888
1729275300,1.0888,1.0891,1.08875,1.089
1729276200,1.08905,1.08905,1.0888,1.089
1729277100,1.089,1.0894,1.089,1.0891
1729278000,1.08915,1.08915,1.08885,1.0889
1729278900,1.0889,1.0892,1.0888,1.0891
1729279800,1.08905,1.08915,1.0889,1.08905
1729280700,1.089,1.08915,1.08895,1.08895
1729281600,1.089,1.0893,1.08885,1.0893
1729282500,1.0893,1.08955,1.08925,1.0895
1729283400,1.0895,1.08955,1.08925,1.08935
1729284300,1.08935,1.0894,1.0893,1.0893
1729461600,1.0893,1.08975,1.0891,1.08945
1729462500,1.0895,1.08955,1.08925,1.0893
1729463400,1.0893,1.0895,1.08925,1.08935
1729464300,1.0893,1.08945,1.0893,1.0894
1729465200,1.0895,1.0895,1.08925,1.08945
1729466100,1.0895,1.0895,1.0892,1.0892
1729467000,1.0892,1.0894,1.0892,1.0892
1729467900,1.08925,1.0894,1.08905,1.0894
1729468800,1.0894,1.0894,1.089,1.089
1729469700,1.089,1.08915,1.08895,1.0891
1729470600,1.08915,1.08925,1.08895,1.08895
1729471500,1.08895,1.0891,1.08895,1.08905
1729472400,1.08905,1.0892,1.089,1.089
1729473300,1.089,1.08925,1.0889,1.08925
1729474200,1.08925,1.08935,1.08895,1.0893
1729475100,1.0893,1.08935,1.089,1.08905
1729476000,1.08905,1.0892,1.089,1.089
1729476900,1.089,1.0893,1.089,1.0892
1729477800,1.08925,1.08925,1.0891,1.0891
1729478700,1.0891,1.0892,1.08895,1.08895
1729479600,1.089,1.08925,1.08895,1.0891
1729480500,1.08905,1.0892,1.089,1.08905
1729481400,1.08905,1.08935,1.08905,1.08915
1729482300,1.0892,1.08925,1.08915,1.08915
1729483200,1.08915,1.08915,1.089,1.089
1729484100,1.089,1.08905,1.0889,1.08895
1729485000,1.08895,1.08895,1.0886,1.08865
1729485900,1.0886,1.0887,1.08835,1.08835
1729486800,1.0884,1.0889,1.0884,1.0888
1729487700,1.08875,1.08885,1.08865,1.0887
1729488600,1.0887,1.08875,1.08855,1.08865
1729489500,1.08865,1.08875,1.0884,1.08855
1729490400,1.0885,1.0886,1.08805,1.08815
1729491300,1.08815,1.0882,1.08795,1.0882
1729492200,1.0882,1.0882,1.0877,1.08785
1729493100,1.08785,1.08785,1.08755,1.0878
1729494000,1.0878,1.0881,1.08745,1.08795
1729494900,1.0879,1.0883,1.0878,1.08785
1729495800,1.08785,1.0879,1.08745,1.0876
1729496700,1.0876,1.0878,1.0872,1.08735
1729497600,1.0873,1.08775,1.0873,1.08765
1729498500,1.08765,1.08805,1.0876,1.08775
1729499400,1.08775,1.08805,1.0876,1.088
1729500300,1.08805,1.08835,1.0878,1.08805
1729501200,1.08805,1.08825,1.08795,1.08805
1729502100,1.0881,1.0883,1.08805,1.0882
1729503000,1.08815,1.0884,1.088,1.088
1729503900,1.08805,1.08805,1.0872,1.0872
1729504800,1.0872,1.0874,1.08705,1.0873
1729505700,1.0873,1.08745,1.0871,1.08715
1729506600,1.08715,1.08745,1.0871,1.0873
1729507500,1.0873,1.0875,1.08715,1.08735
1729508400,1.0873,1.08755,1.08725,1.08745
1729509300,1.08745,1.08775,1.08735,1.08765
1729510200,1.0877,1.08775,1.08745,1.08775
1729511100,1.08775,1.0882,1.08765,1.08815
1729512000,1.08815,1.0882,1.08775,1.0881
1729512900,1.08815,1.08825,1.0877,1.08825
1729513800,1.08825,1.0885,1.08805,1.08805
1729514700,1.0881,1.0885,1.08805,1.0883
1729515600,1.0883,1.08835,1.08795,1.08795
1729516500,1.08795,1.088,1.08765,1.08785
1729517400,1.0878,1.0881,1.0877,1.0878
1729518300,1.0878,1.088,1.087,1.0873
1729519200,1.08735,1.08745,1.08705,1.08715
1729520100,1.08715,1.08715,1.08655,1.08665
1729521000,1.0866,1.08665,1.08615,1.08635
1729521900,1.0864,1.0864,1.0859,1.08605
1729522800,1.086,1.08605,1.0853,1.0856
1729523700,1.0856,1.08575,1.08505,1.08515
1729524600,1.0851,1.0852,1.08475,1.0849
1729525500,1.0849,1.08505,1.08455,1.0846
1729526400,1.08455,1.0849,1.08455,1.0847
1729527300,1.08465,1.0847,1.08435,1.08455
1729528200,1.08455,1.08475,1.08435,1.0844
1729529100,1.08435,1.08455,1.08425,1.0844
1729530000,1.0844,1.08485,1.08425,1.0843
1729530900,1.0843,1.08445,1.0841,1.0844
1729531800,1.0844,1.08455,1.08415,1.08425
1729532700,1.08425,1.0844,1.08415,1.08415
1729533600,1.08415,1.0842,1.084,1.0841
1729534500,1.0841,1.08425,1.0841,1.0841
1729535400,1.0841,1.0842,1.084,1.0841
1729536300,1.0841,1.08415,1.0836,1.0837
1729537200,1.08375,1.08385,1.08365,1.08385
1729538100,1.0839,1.084,1.08385,1.08385
1729539000,1.08385,1.08385,1.0837,1.08375
1729539900,1.08375,1.0841,1.08365,1.0841
1729540800,1.08405,1.08425,1.08395,1.08415
1729541700,1.0841,1.0842,1.084,1.08415
1729542600,1.08415,1.08415,1.08385,1.08395
1729543500,1.0839,1.08405,1.08375,1.08405
1729548000,1.08405,1.08425,1.08395,1.08425
1729548900,1.08425,1.08425,1.0842,1.0842
1729549800,1.08425,1.0843,1.08415,1.0842
1729550700,1.08415,1.08425,1.08405,1.08405
1729551600,1.0841,1.08415,1.0839,1.0841
1729552500,1.08415,1.0842,1.08395,1.08395
1729553400,1.08395,1.08405,1.0839,1.08405
1729554300,1.08405,1.08415,1.084,1.08405
1729555200,1.08405,1.08415,1.0839,1.084
1729556100,1.08405,1.08435,1.084,1.0842
1729557000,1.08425,1.0843,1.08395,1.084
1729557900,1.084,1.08425,1.08395,1.0841
1729558800,1.08415,1.0844,1.08415,1.08435
1729559700,1.0844,1.0845,1.0843,1.08445
1729560600,1.0845,1.0846,1.0844,1.0845
1729561500,1.0845,1.0845,1.08435,1.0844
1729562400,1.0844,1.08465,1.08435,1.0845
1729563300,1.08445,1.08455,1.08435,1.08435
1729564200,1.0844,1.08445,1.0842,1.08425
1729565100,1.0842,1.08435,1.08405,1.08405
1729566000,1.08405,1.0842,1.08405,1.0841
1729566900,1.08415,1.0842,1.084,1.08415
1729567800,1.0841,1.08425,1.0841,1.08425
1729568700,1.0842,1.08445,1.0842,1.08445
1729569600,1.0844,1.08445,1.0843,1.08435
1729570500,1.08435,1.08445,1.08435,1.08445
1729571400,1.08445,1.08455,1.08435,1.0844
1729572300,1.0844,1.0846,1.0843,1.0845
1729573200,1.08455,1.08465,1.08445,1.08455
1729574100,1.08455,1.0847,1.08455,1.0847
1729575000,1.0847,1.0849,1.0846,1.0848
1729575900,1.08475,1.08475,1.0844,1.08445
1729576800,1.0844,1.08485,1.0843,1.08485
1729577700,1.0848,1.08505,1.08475,1.085
1729578600,1.085,1.08525,1.08495,1.0851
1729579500,1.0851,1.0854,1.08505,1.08505
1729580400,1.08505,1.0854,1.0846,1.0852
1729581300,1.0852,1.08555,1.08515,1.0853
1729582200,1.0853,1.08625,1.08525,1.08615
1729583100,1.08615,1.08635,1.0858,1.0862
1729584000,1.08615,1.0862,1.08585,1.086
1729584900,1.08595,1.0862,1.08555,1.08555
1729585800,1.08555,1.0856,1.0852,1.08545
1729586700,1.08545,1.08565,1.08515,1.08525
1729587600,1.0852,1.0855,1.08505,1.08525
1729588500,1.0853,1.0856,1.08515,1.0852
1729589400,1.0852,1.0853,1.0848,1.08485
1729590300,1.08485,1.08485,1.084,1.0841
1729591200,1.0841,1.0843,1.08395,1.0843
1729592100,1.0843,1.08525,1.08425,1.08495
1729593000,1.08495,1.0855,1.0849,1.08515
1729593900,1.08515,1.0854,1.085,1.0854
1729594800,1.0854,1.08545,1.08505,1.0853
1729595700,1.0853,1.0854,1.08515,1.0853
1729596600,1.0853,1.0854,1.08465,1.0847
1729597500,1.0847,1.08485,1.084,1.0843
1729598400,1.0843,1.0847,1.08425,1.0845
1729599300,1.08455,1.0846,1.084,1.0843
1729600200,1.0843,1.0843,1.08385,1.08425
1729601100,1.0842,1.0842,1.0836,1.0837
1729602000,1.0837,1.0839,1.08315,1.0838
1729602900,1.0838,1.0844,1.0838,1.08425
1729603800,1.0842,1.08435,1.08275,1.08275
1729604700,1.0828,1.08325,1.08265,1.0832
1729605600,1.08325,1.0833,1.08255,1.08265
1729606500,1.08265,1.0836,1.0826,1.08305
1729607400,1.083,1.08365,1.0829,1.08365
1729608300,1.08365,1.08385,1.08325,1.0835
1729609200,1.08345,1.0836,1.083,1.08355
1729610100,1.08355,1.084,1.0835,1.08385
1729611000,1.0839,1.08405,1.0831,1.0832
1729611900,1.08315,1.0834,1.0829,1.08295
1729612800,1.083,1.0831,1.0828,1.08305
1729613700,1.08305,1.08345,1.08305,1.0834
1729614600,1.08335,1.08385,1.08335,1.08375
1729615500,1.08375,1.08395,1.0831,1.08325
1729616400,1.0833,1.0834,1.0828,1.0829
1729617300,1.0829,1.08305,1.0827,1.08285
1729618200,1.08285,1.08295,1.08265,1.0829
1729619100,1.0829,1.08295,1.08265,1.0828
1729620000,1.0828,1.08295,1.0826,1.08265
1729620900,1.08265,1.08275,1.0826,1.0827
1729621800,1.08275,1.0829,1.08255,1.0827
1729622700,1.08265,1.0827,1.08245,1.0825
1729623600,1.0825,1.08265,1.0821,1.08265
1729624500,1.0826,1.0827,1.08255,1.0826
1729625400,1.08265,1.08265,1.08225,1.0823
1729626300,1.0823,1.08235,1.0819,1.082
1729627200,1.08195,1.08235,1.08175,1.08205
1729628100,1.0821,1.0823,1.082,1.0823
1729629000,1.08235,1.08235,1.08225,1.0823
1729629900,1.0823,1.0824,1.08225,1.0824
1729634400,1.08235,1.08245,1.0822,1.0823
1729635300,1.08225,1.0823,1.08215,1.0823
1729636200,1.0823,1.0824,1.08225,1.08235
1729637100,1.08235,1.0824,1.0822,1.0823
1729638000,1.08235,1.08235,1.08215,1.08225
1729638900,1.08225,1.0823,1.0821,1.0822
1729639800,1.08215,1.08225,1.08215,1.08215
1729640700,1.0822,1.0822,1.08205,1.0821
1729641600,1.0821,1.0821,1.08185,1.0819
1729642500,1.0819,1.0822,1.08185,1.0822
1729643400,1.08215,1.0822,1.08185,1.08185
1729644300,1.08185,1.08255,1.08165,1.08195
1729645200,1.082,1.0823,1.0819,1.082
1729646100,1.08205,1.08205,1.0818,1.08195
1729647000,1.082,1.08215,1.0819,1.08195
1729647900,1.082,1.08215,1.0819,1.08195
1729648800,1.08195,1.08215,1.08195,1.082
1729649700,1.08205,1.0824,1.08205,1.08235
1729650600,1.08235,1.0829,1.0823,1.08285
1729651500,1.0829,1.08295,1.08275,1.0829
1729652400,1.0829,1.083,1.0827,1.0827
1729653300,1.08265,1.0827,1.08245,1.0825
1729654200,1.0825,1.08265,1.08235,1.08255
1729655100,1.08255,1.0827,1.08255,1.08265
1729656000,1.08265,1.0827,1.08235,1.0825
1729656900,1.08245,1.0826,1.08245,1.0826
1729657800,1.08255,1.0827,1.08255,1.0827
1729658700,1.0827,1.0827,1.0825,1.08265
1729659600,1.0827,1.08295,1.08265,1.0829
1729660500,1.0829,1.08305,1.08285,1.0829
1729661400,1.0829,1.08305,1.08275,1.0828
1729662300,1.08275,1.0831,1.08275,1.0831
1729663200,1.08305,1.08305,1.08255,1.0826
1729664100,1.0826,1.0828,1.082,1.08215
1729665000,1.08215,1.0822,1.0818,1.08195
1729665900,1.08195,1.08205,1.0817,1.08175
1729666800,1.0817,1.0817,1.08095,1.08115
1729667700,1.08115,1.08115,1.08075,1.081
1729668600,1.08095,1.081,1.0805,1.0808
1729669500,1.08075,1.08115,1.0806,1.0806
1729670400,1.0806,1.0809,1.0804,1.0805
1729671300,1.0805,1.0808,1.0804,1.0806
1729672200,1.08055,1.0812,1.0805,1.08115
1729673100,1.08115,1.08155,1.08115,1.08125
1729674000,1.0813,1.0814,1.08085,1.0809
1729674900,1.08085,1.0811,1.08065,1.08085
1729675800,1.08085,1.0811,1.0806,1.081
1729676700,1.08095,1.08115,1.08065,1.0807
1729677600,1.08065,1.0808,1.08055,1.08075
1729678500,1.08075,1.08075,1.08045,1.08055
1729679400,1.08055,1.08065,1.08025,1.0803
1729680300,1.0803,1.08055,1.0802,1.0802
1729681200,1.0802,1.08035,1.08015,1.0802
1729682100,1.0802,1.08045,1.08015,1.0802
1729683000,1.0802,1.0803,1.07935,1.07945
1729683900,1.0795,1.0796,1.07875,1.0788
1729684800,1.0788,1.0794,1.07875,1.07895
1729685700,1.07895,1.0793,1.07855,1.0788
1729686600,1.0788,1.0796,1.07875,1.07945
1729687500,1.07945,1.07995,1.07945,1.07985
1729688400,1.0799,1.08,1.0794,1.0796
1729689300,1.0796,1.0804,1.0796,1.08035
1729690200,1.0803,1.0806,1.0802,1.08055
1729691100,1.08055,1.0808,1.0797,1.08
1729692000,1.08005,1.08055,1.07985,1.08015
1729692900,1.08015,1.0807,1.08015,1.0804
1729693800,1.08045,1.08065,1.07965,1.07985
1729694700,1.0799,1.08005,1.07955,1.0799
1729695600,1.07985,1.0811,1.07985,1.08095
1729696500,1.08095,1.081,1.08045,1.08055
1729697400,1.08055,1.0807,1.08045,1.08065
1729698300,1.0806,1.0806,1.0802,1.08035
1729699200,1.0803,1.08035,1.07985,1.07995
1729700100,1.0799,1.08005,1.0796,1.07965
1729701000,1.0796,1.08015,1.07955,1.08
1729701900,1.08,1.08005,1.0797,1.07975
1729702800,1.07975,1.0799,1.07955,1.07965
1729703700,1.07965,1.0797,1.07945,1.07955
1729704600,1.07955,1.07955,1.07925,1.07925
1729705500,1.07925,1.07945,1.0792,1.07935
1729706400,1.0793,1.0798,1.0793,1.07935
1729707300,1.07935,1.0802,1.0793,1.0802
1729708200,1.0802,1.08025,1.0799,1.08005
1729709100,1.08005,1.0807,1.08,1.08045
1729710000,1.08045,1.08075,1.0804,1.08065
1729710900,1.08065,1.08095,1.08065,1.08065
1729711800,1.0806,1.08075,1.08055,1.0807
1729712700,1.0807,1.0811,1.0807,1.081
1729713600,1.08105,1.0811,1.0808,1.0808
1729714500,1.0808,1.08095,1.0808,1.0809
1729715400,1.0809,1.08095,1.0807,1.08075
1729716300,1.08075,1.0808,1.08065,1.0807
1729720800,1.08065,1.08065,1.08035,1.08035
1729721700,1.08035,1.0806,1.0803,1.0805
1729722600,1.0805,1.08055,1.0804,1.0804
1729723500,1.08035,1.0805,1.08035,1.0805
1729724400,1.08055,1.0806,1.08035,1.08045
1729725300,1.0805,1.08065,1.0805,1.0806
1729726200,1.0806,1.08075,1.08045,1.08045
1729727100,1.08045,1.08045,1.0802,1.08025
1729728000,1.08035,1.08055,1.08025,1.08035
1729728900,1.08035,1.08065,1.08025,1.0806
1729729800,1.0806,1.08085,1.0805,1.0808
1729730700,1.08075,1.0813,1.0807,1.08115
1729731600,1.0812,1.0812,1.08075,1.0808
1729732500,1.0808,1.08085,1.0805,1.08055
1729733400,1.0806,1.08075,1.08055,1.08055
1729734300,1.08055,1.08075,1.0805,1.0806
1729735200,1.0806,1.0806,1.0804,1.0806
1729736100,1.0806,1.0811,1.0806,1.081
1729737000,1.081,1.08105,1.0808,1.081
1729737900,1.081,1.08115,1.08095,1.081
1729738800,1.081,1.08115,1.081,1.08105
1729739700,1.0811,1.08115,1.08105,1.08105
1729740600,1.08105,1.08105,1.0808,1.08095
1729741500,1.08095,1.08105,1.0809,1.081
1729742400,1.08095,1.0812,1.08095,1.08115
1729743300,1.0812,1.08145,1.0812,1.0814
1729744200,1.0814,1.08145,1.0813,1.08145
1729745100,1.0814,1.0816,1.0814,1.0816
1729746000,1.0816,1.0816,1.0813,1.0814
1729746900,1.0814,1.0815,1.08135,1.08135
1729747800,1.0814,1.0814,1.08125,1.0813
1729748700,1.0813,1.08135,1.0811,1.08115
1729749600,1.08115,1.08135,1.08095,1.0812
1729750500,1.0812,1.08125,1.08085,1.08095
1729751400,1.08095,1.0812,1.0809,1.08105
1729752300,1.08105,1.08105,1.08045,1.0806
1729753200,1.0806,1.0812,1.0803,1.08105
1729754100,1.08105,1.08105,1.07935,1.0796
1729755000,1.07965,1.0821,1.07965,1.082
1729755900,1.08195,1.0822,1.0813,1.0818
1729756800,1.0818,1.08275,1.0818,1.08225
1729757700,1.08225,1.0824,1.08185,1.0823
1729758600,1.08225,1.0826,1.08195,1.0825
1729759500,1.08245,1.08315,1.08235,1.0826
1729760400,1.08255,1.0828,1.0824,1.08245
1729761300,1.0824,1.0825,1.0819,1.08245
1729762200,1.08245,1.08265,1.082,1.082
1729763100,1.08205,1.0822,1.0818,1.082
1729764000,1.082,1.0826,1.0819,1.0825
1729764900,1.08255,1.08255,1.082,1.08235
1729765800,1.08235,1.0827,1.0823,1.0826
1729766700,1.08265,1.0827,1.0822,1.0822
1729767600,1.0822,1.08255,1.08215,1.0824
1729768500,1.08235,1.08235,1.0817,1.0818
1729769400,1.08175,1.08195,1.08165,1.08175
1729770300,1.0818,1.0819,1.0815,1.0818
1729771200,1.08185,1.0825,1.08175,1.08235
1729772100,1.0824,1.0827,1.08225,1.08265
1729773000,1.08255,1.08255,1.0811,1.0818
1729773900,1.0818,1.0821,1.0816,1.08195
1729774800,1.08195,1.0825,1.0819,1.0825
1729775700,1.08245,1.08285,1.08225,1.0828
1729776600,1.08275,1.0834,1.08225,1.08265
1729777500,1.0826,1.0827,1.08175,1.08235
1729778400,1.08235,1.0834,1.0822,1.0832
1729779300,1.0832,1.0833,1.08205,1.0824
1729780200,1.0824,1.0827,1.0822,1.0826
1729781100,1.0826,1.0828,1.082,1.0821
1729782000,1.08205,1.08245,1.08195,1.0822
1729782900,1.0822,1.0826,1.0822,1.0824
1729783800,1.0824,1.0824,1.08195,1.0823
1729784700,1.08235,1.08285,1.08235,1.0828
1729785600,1.0828,1.0829,1.08255,1.08265
1729786500,1.08265,1.0829,1.0826,1.08275
1729787400,1.08275,1.0832,1.08275,1.08315
1729788300,1.0832,1.0834,1.08315,1.0834
1729789200,1.0834,1.0841,1.08335,1.08405
1729790100,1.0841,1.08465,1.084,1.0845
1729791000,1.0845,1.08475,1.08435,1.0847
1729791900,1.08465,1.08475,1.08425,1.0844
1729792800,1.08435,1.0844,1.08425,1.08435
1729793700,1.0843,1.0844,1.08415,1.08415
1729794600,1.0841,1.08475,1.0841,1.08475
1729795500,1.0847,1.0849,1.0845,1.08455
1729796400,1.08455,1.08485,1.0844,1.0847
1729797300,1.08465,1.08465,1.0845,1.08465
1729798200,1.0847,1.0851,1.0847,1.08495
1729799100,1.08495,1.0852,1.0849,1.0852
1729800000,1.0852,1.0853,1.08505,1.08515
1729800900,1.0852,1.0852,1.085,1.08505
1729801800,1.0851,1.08515,1.085,1.08515
1729802700,1.08515,1.0852,1.08505,1.08505
1729807200,1.08495,1.08515,1.08495,1.0851
1729808100,1.0851,1.0851,1.08495,1.08495
1729809000,1.08495,1.085,1.0848,1.0848
1729809900,1.08485,1.08485,1.08465,1.0847
1729810800,1.08465,1.0847,1.0845,1.08455
1729811700,1.08455,1.08465,1.0845,1.0846
1729812600,1.0846,1.08465,1.08455,1.0846
1729813500,1.08465,1.0847,1.0845,1.0846
1729814400,1.08465,1.0847,1.08435,1.0844
1729815300,1.0844,1.0844,1.08425,1.0844
1729816200,1.08445,1.08455,1.0843,1.0844
1729817100,1.0844,1.0845,1.0842,1.0844
1729818000,1.0844,1.0845,1.0842,1.0845
1729818900,1.0845,1.0846,1.0844,1.0844
1729819800,1.08445,1.08465,1.08435,1.08455
1729820700,1.08455,1.08475,1.0845,1.08455
1729821600,1.08455,1.08495,1.0845,1.0849
1729822500,1.08495,1.08495,1.0848,1.08485
1729823400,1.08485,1.08485,1.08465,1.08475
1729824300,1.08475,1.085,1.08475,1.0848
1729825200,1.0848,1.0848,1.08445,1.08455
1729826100,1.0846,1.0846,1.0844,1.08455
1729827000,1.08455,1.08455,1.08435,1.08435
1729827900,1.08435,1.08445,1.08425,1.0844
1729828800,1.0844,1.0845,1.0844,1.0844
1729829700,1.0844,1.08445,1.08435,1.08435
1729830600,1.08435,1.0844,1.08435,1.08435
1729831500,1.0843,1.08455,1.0843,1.08445
1729832400,1.0844,1.0846,1.0844,1.0845
1729833300,1.0845,1.08475,1.0845,1.08475
1729834200,1.08475,1.0848,1.0845,1.08465
1729835100,1.0846,1.08465,1.08435,1.0844
1729836000,1.0844,1.0845,1.08425,1.08435
1729836900,1.0843,1.0843,1.0839,1.0841
1729837800,1.0841,1.08415,1.08375,1.0839
1729838700,1.0839,1.084,1.0837,1.0838
1729839600,1.08385,1.08435,1.0836,1.08425
1729840500,1.08425,1.0847,1.08415,1.0847
1729841400,1.0847,1.0849,1.08445,1.0847
1729842300,1.0847,1.085,1.0843,1.0847
1729843200,1.08465,1.08505,1.0844,1.08485
1729844100,1.08485,1.08595,1.08475,1.0856
1729845000,1.08555,1.08555,1.08475,1.0848
1729845900,1.08475,1.0848,1.0845,1.08465
1729846800,1.08465,1.0848,1.0845,1.0848
1729847700,1.0848,1.08495,1.08455,1.0849
1729848600,1.08485,1.08495,1.0845,1.08455
1729849500,1.08455,1.08475,1.0845,1.0845
1729850400,1.0845,1.085,1.0845,1.085
1729851300,1.085,1.085,1.0847,1.0848
1729852200,1.0848,1.08505,1.0847,1.08475
1729853100,1.08475,1.08485,1.08455,1.0847
1729854000,1.08465,1.08485,1.08465,1.0848
1729854900,1.0848,1.08485,1.08445,1.0845
1729855800,1.0845,1.0851,1.0845,1.085
1729856700,1.08505,1.0852,1.0844,1.0844
1729857600,1.08445,1.0848,1.0844,1.08455
1729858500,1.0846,1.08485,1.0845,1.08475
1729859400,1.0847,1.08615,1.08435,1.0859
1729860300,1.0859,1.0862,1.08585,1.0861
1729861200,1.0861,1.08615,1.0856,1.08565
1729862100,1.0856,1.0856,1.08505,1.08525
1729863000,1.0853,1.08545,1.08485,1.0851
1729863900,1.08505,1.08585,1.08485,1.08575
1729864800,1.0857,1.08605,1.0854,1.08585
1729865700,1.0859,1.086,1.0854,1.0859
1729866600,1.08585,1.0859,1.0849,1.08515
1729867500,1.08515,1.0856,1.085,1.08535
1729868400,1.08535,1.08575,1.0852,1.0855
1729869300,1.0855,1.08555,1.08425,1.0843
1729870200,1.0843,1.08445,1.08335,1.0835
1729871100,1.0835,1.0838,1.0834,1.0835
1729872000,1.08345,1.0835,1.083,1.08315
1729872900,1.08315,1.08325,1.083,1.0832
1729873800,1.08315,1.08315,1.08275,1.0829
1729874700,1.0829,1.0829,1.08255,1.0828
1729875600,1.0828,1.0829,1.08255,1.0826
1729876500,1.08255,1.0827,1.08245,1.08265
1729877400,1.0826,1.0828,1.0825,1.08265
1729878300,1.08265,1.08285,1.08245,1.08255
1729879200,1.08255,1.0827,1.08225,1.08225
1729880100,1.08225,1.0824,1.08215,1.08235
1729881000,1.08235,1.0826,1.0823,1.0825
1729881900,1.08245,1.0827,1.08245,1.08255
1729882800,1.08255,1.08255,1.0819,1.08195
1729883700,1.082,1.08215,1.0818,1.0818
1729884600,1.08185,1.0819,1.0816,1.08165
1729885500,1.0816,1.08185,1.0816,1.0818
1729886400,1.0818,1.082,1.08175,1.08195
1729887300,1.08195,1.082,1.0818,1.08185
1729888200,1.08185,1.0819,1.08175,1.08185
1729889100,1.0818,1.08195,1.0817,1.08185
1730066400,1.0819,1.0819,1.08075,1.0815
1730067300,1.08145,1.08185,1.08145,1.08175
1730068200,1.08175,1.08195,1.08155,1.0818
1730069100,1.08175,1.08205,1.08165,1.0818
1730070000,1.0818,1.08225,1.08175,1.08195
1730070900,1.082,1.0824,1.08185,1.0823
1730071800,1.0823,1.0824,1.0819,1.08195
1730072700,1.08195,1.08195,1.0816,1.08185
1730073600,1.08185,1.0823,1.08185,1.082
1730074500,1.082,1.0822,1.0817,1.08175
1730075400,1.0818,1.08215,1.08175,1.08215
1730076300,1.0821,1.08235,1.08165,1.0817
1730077200,1.08165,1.0818,1.08125,1.08165
1730078100,1.08165,1.0818,1.0816,1.0816
1730079000,1.0816,1.08165,1.08135,1.0815
1730079900,1.0815,1.08155,1.0813,1.0813
1730080800,1.0813,1.0816,1.0813,1.0814
1730081700,1.08145,1.08185,1.08145,1.0815
1730082600,1.0815,1.0815,1.0813,1.0813
1730083500,1.08135,1.08135,1.0808,1.08105
1730084400,1.0811,1.08125,1.08095,1.0811
1730085300,1.0811,1.0812,1.08095,1.08095
1730086200,1.08095,1.08105,1.0807,1.08075
1730087100,1.0807,1.0807,1.08045,1.0805
1730088000,1.0805,1.0808,1.0805,1.08075
1730088900,1.08075,1.0808,1.0806,1.08075
1730089800,1.08075,1.08105,1.0807,1.081
1730090700,1.081,1.0811,1.081,1.081
1730091600,1.081,1.08105,1.08045,1.08055
1730092500,1.08055,1.08065,1.08045,1.0806
1730093400,1.08065,1.0808,1.08055,1.08075
1730094300,1.0808,1.08105,1.0808,1.081
1730095200,1.08095,1.08155,1.08085,1.0815
1730096100,1.08155,1.08175,1.0813,1.08135
1730097000,1.0813,1.0816,1.0813,1.0816
1730097900,1.0816,1.0819,1.08155,1.08165
1730098800,1.0816,1.082,1.08155,1.08195
1730099700,1.08195,1.0822,1.0819,1.0821
1730100600,1.0821,1.0823,1.0819,1.08215
1730101500,1.0821,1.0828,1.0819,1.0826
1730102400,1.0826,1.0832,1.08235,1.08315
1730103300,1.08315,1.08385,1.083,1.0836
1730104200,1.0836,1.08365,1.0831,1.08345
1730105100,1.0835,1.08435,1.08345,1.0841
1730106000,1.0841,1.0842,1.0838,1.08395
1730106900,1.0839,1.08395,1.0835,1.0836
1730107800,1.0836,1.08375,1.0831,1.0833
1730108700,1.0833,1.08355,1.08305,1.0835
1730109600,1.0835,1.08415,1.0835,1.0839
1730110500,1.0839,1.08405,1.08335,1.0834
1730111400,1.0834,1.08395,1.0834,1.08395
1730112300,1.084,1.0841,1.08375,1.0839
1730113200,1.08385,1.08425,1.08385,1.0839
1730114100,1.08395,1.084,1.0838,1.084
1730115000,1.084,1.0841,1.0837,1.08395
1730115900,1.08395,1.0842,1.0839,1.08415
1730116800,1.08415,1.0848,1.0841,1.0847
1730117700,1.0847,1.0848,1.08445,1.0846
1730118600,1.0846,1.08475,1.0836,1.0838
1730119500,1.08385,1.08395,1.08355,1.08375
1730120400,1.08375,1.08425,1.0836,1.0842
1730121300,1.0842,1.08425,1.08365,1.0838
1730122200,1.08385,1.0843,1.0837,1.0841
1730123100,1.0841,1.08445,1.08365,1.0842
1730124000,1.08425,1.0843,1.08375,1.08405
1730124900,1.0841,1.08465,1.08385,1.0846
1730125800,1.08455,1.0846,1.0841,1.0843
1730126700,1.08425,1.08495,1.08425,1.08465
1730127600,1.0846,1.0847,1.0843,1.0845
1730128500,1.08455,1.08455,1.08395,1.08405
1730129400,1.08405,1.08415,1.08355,1.0837
1730130300,1.08365,1.08415,1.0836,1.0841
1730131200,1.08405,1.0845,1.08395,1.08435
1730132100,1.08435,1.08485,1.08425,1.0843
1730133000,1.0843,1.08435,1.0839,1.084
1730133900,1.084,1.08405,1.08365,1.0838
1730134800,1.0838,1.084,1.0835,1.08365
1730135700,1.08365,1.084,1.0836,1.0838
1730136600,1.0838,1.084,1.0838,1.0839
1730137500,1.0839,1.084,1.08355,1.08355
1730138400,1.08355,1.08365,1.0833,1.0834
1730139300,1.08345,1.08355,1.0832,1.08335
1730140200,1.0834,1.0836,1.08335,1.0835
1730141100,1.08355,1.0837,1.0833,1.08335
1730142000,1.0834,1.08365,1.08335,1.0836
1730142900,1.0836,1.08385,1.0835,1.08375
1730143800,1.0838,1.08415,1.08375,1.08395
1730144700,1.08395,1.08405,1.08365,1.0837
1730145600,1.08375,1.0839,1.0836,1.08365
1730146500,1.0836,1.08375,1.08355,1.08375
1730147400,1.08375,1.0838,1.0836,1.0836
1730148300,1.0836,1.08365,1.08335,1.0834
1730152800,1.08345,1.08355,1.0834,1.08345
1730153700,1.0834,1.0834,1.08325,1.08335
1730154600,1.0833,1.0834,1.0833,1.08335
1730155500,1.08335,1.0834,1.08325,1.0834
1730156400,1.08345,1.0835,1.08335,1.08345
1730157300,1.08345,1.08345,1.08325,1.0833
1730158200,1.08325,1.0836,1.0832,1.08355
1730159100,1.08355,1.08395,1.0835,1.0839
1730160000,1.08385,1.08405,1.08375,1.08385
1730160900,1.08385,1.08395,1.0837,1.08395
1730161800,1.08395,1.084,1.08365,1.08375
1730162700,1.08375,1.08385,1.0834,1.0837
1730163600,1.0837,1.08385,1.08345,1.08355
1730164500,1.08355,1.08355,1.08335,1.0834
1730165400,1.0834,1.0838,1.0833,1.0837
1730166300,1.08365,1.08375,1.0835,1.08375
1730167200,1.08375,1.08375,1.0836,1.0837
1730168100,1.08375,1.084,1.0837,1.08395
1730169000,1.08395,1.084,1.08355,1.0836
1730169900,1.0836,1.08365,1.0833,1.0834
1730170800,1.0834,1.0835,1.08335,1.08345
1730171700,1.08345,1.08345,1.08305,1.08315
1730172600,1.08315,1.0832,1.08275,1.08285
1730173500,1.08285,1.0831,1.08285,1.08295
1730174400,1.08295,1.083,1.0829,1.083
1730175300,1.08305,1.08305,1.08285,1.08295
1730176200,1.08295,1.083,1.08285,1.0829
1730177100,1.0829,1.083,1.0828,1.083
1730178000,1.083,1.08315,1.083,1.08315
1730178900,1.08315,1.08335,1.0831,1.0833
1730179800,1.0833,1.0835,1.08325,1.08325
1730180700,1.08325,1.0833,1.08315,1.08325
1730181600,1.08325,1.0833,1.0829,1.08295
1730182500,1.0829,1.0831,1.08285,1.0829
1730183400,1.08285,1.08325,1.08285,1.0832
1730184300,1.08325,1.0836,1.08325,1.0833
1730185200,1.08325,1.0835,1.08275,1.083
1730186100,1.08305,1.08335,1.08295,1.0833
1730187000,1.08335,1.08375,1.0833,1.0834
1730187900,1.0834,1.0837,1.08315,1.08315
1730188800,1.0831,1.08395,1.0831,1.08375
1730189700,1.08375,1.0841,1.0831,1.08405
1730190600,1.0841,1.08425,1.0837,1.08385
1730191500,1.08385,1.0841,1.08375,1.084
1730192400,1.084,1.08465,1.084,1.08435
1730193300,1.08435,1.0846,1.08425,1.0846
1730194200,1.0846,1.0848,1.0844,1.08445
1730195100,1.08445,1.08455,1.08345,1.0839
1730196000,1.08395,1.08425,1.0837,1.0837
1730196900,1.08365,1.0838,1.08285,1.083
1730197800,1.083,1.08315,1.0825,1.0829
1730198700,1.0829,1.08305,1.0825,1.08275
1730199600,1.08275,1.0828,1.0822,1.08225
1730200500,1.08225,1.08225,1.0818,1.082
1730201400,1.082,1.08255,1.082,1.0821
1730202300,1.0821,1.0824,1.08185,1.0821
1730203200,1.08205,1.08215,1.0817,1.08205
1730204100,1.08205,1.0821,1.08095,1.081
1730205000,1.08095,1.08105,1.07975,1.07985
1730205900,1.0798,1.08035,1.07935,1.07995
1730206800,1.07995,1.07995,1.07905,1.07965
1730207700,1.07965,1.0803,1.07945,1.08005
1730208600,1.08,1.08075,1.07985,1.0803
1730209500,1.0803,1.0813,1.0802,1.0809
1730210400,1.081,1.08345,1.081,1.08135
1730211300,1.08135,1.08335,1.08135,1.0827
1730212200,1.0827,1.0832,1.08245,1.08305
1730213100,1.08305,1.08305,1.08215,1.0822
1730214000,1.08225,1.0823,1.0808,1.08105
1730214900,1.08105,1.0812,1.08065,1.08095
1730215800,1.08095,1.0818,1.0809,1.08145
1730216700,1.08145,1.08205,1.08145,1.0819
1730217600,1.0819,1.0829,1.0819,1.08265
1730218500,1.0826,1.08275,1.08215,1.0823
1730219400,1.08225,1.08225,1.0815,1.0815
1730220300,1.0815,1.0821,1.08135,1.082
1730221200,1.08205,1.0832,1.08195,1.08315
1730222100,1.08315,1.08325,1.0824,1.0826
1730223000,1.08265,1.08265,1.08225,1.08255
1730223900,1.0826,1.08285,1.0825,1.0827
1730224800,1.08275,1.08285,1.0825,1.0825
1730225700,1.0825,1.0832,1.0825,1.08315
1730226600,1.08315,1.08375,1.0831,1.0837
1730227500,1.08365,1.0838,1.08345,1.08345
1730228400,1.0835,1.0837,1.08325,1.0833
1730229300,1.08325,1.08345,1.0832,1.08345
1730230200,1.08345,1.08355,1.0833,1.0835
1730231100,1.08355,1.0837,1.0834,1.0835
1730232000,1.0835,1.0838,1.0834,1.0837
1730232900,1.08365,1.08385,1.0836,1.0836
1730233800,1.08365,1.0839,1.08365,1.0839
1730234700,1.0839,1.084,1.0838,1.084
1730239200,1.0838,1.0839,1.0836,1.08375
1730240100,1.0838,1.084,1.0837,1.08395
1730241000,1.08395,1.08425,1.08395,1.0842
1730241900,1.08415,1.0842,1.0841,1.0841
1730242800,1.0841,1.0842,1.08405,1.0841
1730243700,1.0841,1.0843,1.08405,1.0842
1730244600,1.0842,1.0842,1.0839,1.0841
1730245500,1.08405,1.08415,1.08395,1.0841
1730246400,1.08405,1.08455,1.08405,1.0845
1730247300,1.0845,1.0847,1.08445,1.08445
1730248200,1.08445,1.0846,1.0841,1.08415
1730249100,1.08415,1.0844,1.0841,1.0843
1730250000,1.0843,1.0843,1.08405,1.0843
1730250900,1.08425,1.0847,1.08415,1.0846
1730251800,1.08465,1.08465,1.0844,1.0844
1730252700,1.0844,1.0844,1.0842,1.08425
1730253600,1.08425,1.08425,1.08395,1.0841
1730254500,1.08415,1.08415,1.0839,1.08395
1730255400,1.08395,1.08395,1.08385,1.0839
1730256300,1.0839,1.08405,1.08385,1.0839
1730257200,1.0839,1.0839,1.08375,1.08375
1730258100,1.0838,1.0838,1.0836,1.0836
1730259000,1.0836,1.0837,1.0835,1.0836
1730259900,1.0836,1.08365,1.0835,1.0835
1730260800,1.0835,1.0836,1.08345,1.08355
1730261700,1.08355,1.0837,1.0835,1.0837
1730262600,1.08375,1.0839,1.0837,1.08375
1730263500,1.0838,1.08385,1.0837,1.08375
1730264400,1.08375,1.0838,1.0836,1.0837
1730265300,1.0837,1.08375,1.0836,1.08365
1730266200,1.08365,1.08375,1.08355,1.0836
1730267100,1.0836,1.0837,1.0835,1.08365
1730268000,1.08365,1.0841,1.08365,1.08405
1730268900,1.084,1.0843,1.08395,1.08425
1730269800,1.0843,1.08455,1.0843,1.08445
1730270700,1.08445,1.0847,1.0843,1.08445
1730271600,1.0845,1.0845,1.08395,1.08425
1730272500,1.08425,1.08425,1.08395,1.0842
1730273400,1.0842,1.0843,1.0838,1.0838
1730274300,1.0838,1.08415,1.08365,1.084
1730275200,1.084,1.08595,1.084,1.0859
1730276100,1.0859,1.08665,1.0859,1.08655
1730277000,1.0866,1.0866,1.08595,1.0862
1730277900,1.08625,1.0863,1.08555,1.08555
1730278800,1.08565,1.08805,1.08565,1.0866
1730279700,1.08665,1.0867,1.08565,1.08585
1730280600,1.08585,1.08605,1.08545,1.08565
1730281500,1.0856,1.0862,1.0854,1.08605
1730282400,1.0861,1.0864,1.0858,1.0864
1730283300,1.08635,1.0865,1.08585,1.08595
1730284200,1.08595,1.08595,1.08525,1.08545
1730285100,1.0854,1.0858,1.08525,1.0855
1730286000,1.08555,1.0856,1.08515,1.0852
1730286900,1.0852,1.0855,1.08505,1.0853
1730287800,1.0853,1.08545,1.08475,1.0848
1730288700,1.0848,1.08485,1.08425,1.0845
1730289600,1.0845,1.085,1.08445,1.08485
1730290500,1.0849,1.0849,1.08305,1.08325
1730291400,1.08305,1.08395,1.0826,1.08315
1730292300,1.08315,1.0837,1.083,1.08345
1730293200,1.0835,1.0841,1.08325,1.0834
1730294100,1.08345,1.08415,1.08335,1.08415
1730295000,1.08415,1.0853,1.0841,1.08515
1730295900,1.08515,1.0865,1.08495,1.08645
1730296800,1.0865,1.08745,1.0863,1.08735
1730297700,1.08735,1.08755,1.0866,1.0868
1730298600,1.0868,1.08765,1.08675,1.08745
1730299500,1.08745,1.0879,1.0867,1.087
1730300400,1.087,1.0875,1.08625,1.0875
1730301300,1.0875,1.08795,1.08735,1.0878
1730302200,1.0878,1.0886,1.0878,1.08845
1730303100,1.0884,1.0888,1.0881,1.0885
1730304000,1.0885,1.08865,1.0878,1.0881
1730304900,1.0881,1.08825,1.088,1.08805
1730305800,1.08805,1.08835,1.08795,1.08805
1730306700,1.0881,1.08865,1.08795,1.08825
1730307600,1.0882,1.08825,1.08745,1.08795
1730308500,1.08795,1.08855,1.08785,1.08855
1730309400,1.0886,1.0889,1.0882,1.0889
1730310300,1.08885,1.08895,1.0885,1.0887
1730311200,1.0887,1.089,1.0886,1.08885
1730312100,1.0889,1.0892,1.08885,1.0889
1730313000,1.0889,1.0891,1.08885,1.089
1730313900,1.089,1.08925,1.08895,1.08905
1730314800,1.08905,1.08905,1.08805,1.0881
1730315700,1.08805,1.0882,1.0877,1.08815
1730316600,1.0882,1.08845,1.08815,1.0882
1730317500,1.08825,1.0883,1.08795,1.08815
1730318400,1.0882,1.0883,1.088,1.08805
1730319300,1.08805,1.08805,1.08775,1.0878
1730320200,1.08785,1.08815,1.0878,1.08805
1730321100,1.08805,1.08805,1.08765,1.0878
1730325600,1.08785,1.0879,1.0874,1.08755
1730326500,1.0876,1.08775,1.0875,1.0875
1730327400,1.08755,1.0877,1.0875,1.08765
1730328300,1.08765,1.0878,1.08755,1.0878
1730329200,1.08785,1.08795,1.0877,1.08785
1730330100,1.08785,1.08795,1.0878,1.08785
1730331000,1.0879,1.08795,1.0878,1.0879
1730331900,1.0879,1.0879,1.08775,1.08775
1730332800,1.08775,1.0879,1.08755,1.0878
1730333700,1.0878,1.0879,1.0875,1.08755
1730334600,1.0875,1.08755,1.08735,1.0875
1730335500,1.0875,1.08755,1.08725,1.0873
1730336400,1.08725,1.0878,1.08725,1.0876
1730337300,1.0876,1.0877,1.08725,1.08735
1730338200,1.08735,1.08735,1.087,1.087
1730339100,1.08695,1.08705,1.0864,1.08645
1730340000,1.08645,1.08685,1.0864,1.0866
1730340900,1.08665,1.0869,1.08665,1.08675
1730341800,1.0867,1.08705,1.0867,1.0868
1730342700,1.0868,1.08695,1.08665,1.08685
1730343600,1.08685,1.08705,1.08685,1.087
1730344500,1.087,1.0872,1.08695,1.0872
1730345400,1.08715,1.08725,1.087,1.08705
1730346300,1.08705,1.08705,1.0868,1.0869
1730347200,1.0869,1.0869,1.08665,1.0868
1730348100,1.0868,1.08685,1.0864,1.0865
1730349000,1.0865,1.08685,1.0865,1.0868
1730349900,1.0868,1.08695,1.08675,1.08675
1730350800,1.0867,1.08675,1.08665,1.0867
1730351700,1.0867,1.0869,1.0867,1.08685
1730352600,1.08685,1.08705,1.0868,1.08695
1730353500,1.0869,1.08715,1.0869,1.0871
1730354400,1.0871,1.08715,1.08695,1.08705
1730355300,1.087,1.0871,1.08685,1.087
1730356200,1.087,1.08705,1.0867,1.08685
1730357100,1.0869,1.08755,1.0869,1.0871
1730358000,1.08715,1.0874,1.087,1.08705
1730358900,1.087,1.08745,1.0867,1.0873
1730359800,1.08735,1.0883,1.08735,1.08825
1730360700,1.08825,1.0883,1.0876,1.08785
1730361600,1.08785,1.088,1.08715,1.08765
1730362500,1.0876,1.08795,1.0872,1.0876
1730363400,1.08765,1.08785,1.08745,1.0876
1730364300,1.0876,1.08765,1.0871,1.0876
1730365200,1.08755,1.08795,1.0874,1.08775
1730366100,1.08775,1.0879,1.08755,1.08765
1730367000,1.08765,1.0882,1.0875,1.08805
1730367900,1.088,1.0887,1.0878,1.08855
1730368800,1.08855,1.08895,1.0884,1.0889
1730369700,1.08895,1.08945,1.08875,1.0893
1730370600,1.0893,1.08935,1.0886,1.0888
1730371500,1.08885,1.0892,1.08865,1.08865
1730372400,1.0886,1.08865,1.08825,1.08835
1730373300,1.0884,1.0886,1.0882,1.0883
1730374200,1.0883,1.0885,1.08785,1.08845
1730375100,1.0885,1.08895,1.0884,1.08875
1730376000,1.0888,1.08915,1.08855,1.0891
1730376900,1.08905,1.0897,1.089,1.0894
1730377800,1.0894,1.0905,1.08835,1.0899
1730378700,1.0899,1.09065,1.0896,1.08995
1730379600,1.0899,1.0904,1.08945,1.0899
1730380500,1.08995,1.08995,1.08915,1.0899
1730381400,1.0899,1.0908,1.0899,1.09005
1730382300,1.09005,1.0901,1.08755,1.0879
1730383200,1.0879,1.08815,1.08705,1.0878
1730384100,1.0878,1.0891,1.0874,1.0891
1730385000,1.08905,1.0896,1.0883,1.0885
1730385900,1.08845,1.08905,1.0882,1.0885
1730386800,1.0885,1.0885,1.087,1.0876
1730387700,1.0876,1.088,1.08725,1.08735
1730388600,1.0873,1.08805,1.0871,1.08715
1730389500,1.08715,1.08785,1.08655,1.08745
1730390400,1.08745,1.088,1.08725,1.0879
1730391300,1.0879,1.08825,1.08745,1.0877
1730392200,1.0877,1.0882,1.0877,1.08775
1730393100,1.08775,1.08815,1.08745,1.08775
1730394000,1.0878,1.08835,1.0877,1.0881
1730394900,1.0881,1.0884,1.08775,1.0878
1730395800,1.0878,1.08785,1.0875,1.08775
1730396700,1.0878,1.08815,1.08765,1.0881
1730397600,1.0881,1.0889,1.088,1.0889
1730398500,1.0889,1.0893,1.08845,1.08865
1730399400,1.0887,1.08915,1.08845,1.08915
1730400300,1.0891,1.0892,1.08835,1.089
1730401200,1.089,1.0895,1.089,1.0891
1730402100,1.08915,1.08915,1.08875,1.08905
1730403000,1.0891,1.08945,1.089,1.0894
1730403900,1.08935,1.08975,1.08935,1.08965
1730404800,1.08965,1.09005,1.08955,1.09
1730405700,1.09,1.09025,1.08995,1.0902
1730406600,1.0902,1.09045,1.09015,1.09025
1730407500,1.0903,1.09035,1.0901,1.0903
1730412000,1.0901,1.09035,1.09,1.09025
1730412900,1.09025,1.0903,1.09,1.0902
1730413800,1.0902,1.09045,1.0902,1.0904
1730414700,1.0904,1.09055,1.09025,1.0905
1730415600,1.0905,1.09055,1.0903,1.09035
1730416500,1.0904,1.0904,1.09025,1.09025
1730417400,1.0903,1.0905,1.09025,1.0904
1730418300,1.09035,1.09045,1.0902,1.09025
1730419200,1.0903,1.0903,1.08995,1.0901
1730420100,1.0901,1.09015,1.0899,1.09
1730421000,1.08995,1.0903,1.0899,1.0903
1730421900,1.09035,1.09065,1.0903,1.09055
1730422800,1.0905,1.0907,1.0905,1.09065
1730423700,1.0907,1.0907,1.09045,1.09045
1730424600,1.0904,1.0904,1.0898,1.0898
1730425500,1.0898,1.09,1.0897,1.08985
1730426400,1.0899,1.0899,1.08965,1.0897
1730427300,1.08975,1.09,1.08975,1.08995
1730428200,1.08995,1.08995,1.0896,1.0896
1730429100,1.08965,1.0897,1.08955,1.0897
1730430000,1.08975,1.08975,1.08945,1.08945
1730430900,1.08945,1.08955,1.0894,1.0895
1730431800,1.08955,1.08975,1.08955,1.08975
1730432700,1.0897,1.0898,1.0895,1.08955
1730433600,1.08955,1.08965,1.08945,1.08965
1730434500,1.08965,1.0898,1.08965,1.0898
1730435400,1.08975,1.0898,1.0896,1.08965
1730436300,1.0896,1.0897,1.08955,1.0896
1730437200,1.08965,1.0897,1.0894,1.0895
1730438100,1.0895,1.08955,1.0892,1.0893
1730439000,1.08925,1.0893,1.08905,1.08905
1730439900,1.08905,1.0892,1.089,1.08905
1730440800,1.0891,1.0894,1.089,1.08935
1730441700,1.0893,1.0894,1.0892,1.08935
1730442600,1.0893,1.0894,1.089,1.0891
1730443500,1.0891,1.08925,1.089,1.0892
1730444400,1.08915,1.0896,1.08915,1.08945
1730445300,1.0894,1.0896,1.08925,1.08945
1730446200,1.08945,1.0896,1.0891,1.08925
1730447100,1.0892,1.0892,1.0887,1.0887
1730448000,1.0887,1.0887,1.08785,1.0879
1730448900,1.0879,1.08805,1.08765,1.0879
1730449800,1.08795,1.08825,1.08775,1.0882
1730450700,1.0882,1.08845,1.08805,1.0881
1730451600,1.0881,1.08875,1.0881,1.08855
1730452500,1.0886,1.0886,1.08775,1.0878
1730453400,1.08785,1.0881,1.0877,1.0877
1730454300,1.0877,1.08805,1.0877,1.08775
1730455200,1.08775,1.08775,1.0874,1.08765
1730456100,1.08765,1.08775,1.0873,1.08745
1730457000,1.0875,1.0876,1.08715,1.0873
1730457900,1.0873,1.088,1.0873,1.08795
1730458800,1.08795,1.0884,1.08795,1.0883
1730459700,1.0883,1.08835,1.0878,1.0879
1730460600,1.0879,1.0885,1.08775,1.0885
1730461500,1.0885,1.0888,1.0884,1.0887
1730462400,1.0887,1.089,1.0884,1.0886
1730463300,1.0886,1.0889,1.08815,1.08815
1730464200,1.08815,1.09245,1.0874,1.09185
1730465100,1.09185,1.0922,1.09035,1.0905
1730466000,1.0905,1.09085,1.0892,1.0898
1730466900,1.08975,1.0898,1.0888,1.08895
1730467800,1.0889,1.0896,1.08875,1.0895
1730468700,1.0895,1.0897,1.0884,1.0888
1730469600,1.08885,1.0898,1.08755,1.0884
1730470500,1.08835,1.08845,1.0874,1.08775
1730471400,1.0877,1.08805,1.08685,1.08715
1730472300,1.0871,1.08745,1.0869,1.08735
1730473200,1.0873,1.08765,1.08695,1.0875
1730474100,1.0875,1.08775,1.08715,1.08735
1730475000,1.08735,1.0875,1.08685,1.08715
1730475900,1.0871,1.0874,1.0866,1.08675
1730476800,1.0867,1.08725,1.0867,1.08715
1730477700,1.0871,1.08715,1.08665,1.08675
1730478600,1.08675,1.08685,1.0865,1.08655
1730479500,1.0866,1.0873,1.08655,1.0871
1730480400,1.0871,1.0872,1.0867,1.08675
1730481300,1.0867,1.08675,1.08645,1.0865
1730482200,1.08645,1.08645,1.08535,1.08545
1730483100,1.0854,1.0857,1.08525,1.08545
1730484000,1.08545,1.086,1.08545,1.0857
1730484900,1.0857,1.086,1.08555,1.08595
1730485800,1.08595,1.08645,1.0859,1.08595
1730486700,1.08595,1.086,1.08565,1.0858
1730487600,1.08585,1.0861,1.0856,1.08585
1730488500,1.08585,1.0859,1.08555,1.08555
1730489400,1.0856,1.08565,1.0853,1.0854
1730490300,1.08535,1.08555,1.08535,1.0855
1730491200,1.0855,1.0856,1.08505,1.0851
1730492100,1.0851,1.0852,1.08505,1.0851
1730493000,1.08515,1.0854,1.08505,1.0853
1730493900,1.0853,1.0854,1.08515,1.0852
1730674800,1.0889,1.0898,1.08885,1.0895
1730675700,1.08945,1.0895,1.08915,1.08945
1730676600,1.08945,1.08955,1.0893,1.08945
1730677500,1.0894,1.08955,1.0891,1.0891
1730678400,1.0891,1.08935,1.08885,1.08885
1730679300,1.08885,1.08915,1.0888,1.08905
1730680200,1.08905,1.0892,1.08895,1.08915
1730681100,1.0892,1.08975,1.0891,1.0895
1730682000,1.08955,1.08985,1.0895,1.0898
1730682900,1.08985,1.09055,1.08985,1.0903
1730683800,1.0903,1.0906,1.09005,1.0903
1730684700,1.0903,1.091,1.09025,1.09065
1730685600,1.09065,1.0909,1.09055,1.0907
1730686500,1.09065,1.09085,1.09035,1.09075
1730687400,1.09075,1.09105,1.09055,1.091
1730688300,1.091,1.0913,1.091,1.0913
1730689200,1.0913,1.092,1.0913,1.09185
1730690100,1.0919,1.092,1.0917,1.09175
1730691000,1.09175,1.09225,1.0915,1.092
1730691900,1.092,1.0924,1.0919,1.092
1730692800,1.092,1.09215,1.09185,1.0919
1730693700,1.09185,1.09185,1.09165,1.0917
1730694600,1.09175,1.09205,1.0916,1.09205
1730695500,1.09205,1.0921,1.0915,1.0916
1730696400,1.0916,1.0916,1.09125,1.09135
1730697300,1.0914,1.0915,1.0913,1.0914
1730698200,1.0914,1.0916,1.0913,1.0915
1730699100,1.09155,1.0918,1.0913,1.09175
1730700000,1.0918,1.0921,1.09135,1.0914
1730700900,1.0914,1.09175,1.09135,1.09155
1730701800,1.09155,1.0916,1.09135,1.0914
1730702700,1.09135,1.0914,1.091,1.091
1730703600,1.091,1.0911,1.09075,1.09095
1730704500,1.09095,1.0913,1.09055,1.0908
1730705400,1.09075,1.0914,1.09075,1.0911
1730706300,1.0911,1.09115,1.0907,1.09095
1730707200,1.091,1.0919,1.0908,1.09175
1730708100,1.0918,1.09185,1.0912,1.0914
1730709000,1.0914,1.0914,1.09085,1.091
1730709900,1.091,1.0913,1.0908,1.09115
1730710800,1.0911,1.09145,1.09095,1.09145
1730711700,1.0915,1.09165,1.09105,1.0916
1730712600,1.09165,1.0921,1.09155,1.0919
1730713500,1.0919,1.09195,1.09135,1.09145
1730714400,1.0915,1.0917,1.09135,1.0916
1730715300,1.0916,1.0917,1.09125,1.09155
1730716200,1.0915,1.09215,1.0915,1.09205
1730717100,1.092,1.09205,1.09165,1.092
1730718000,1.092,1.09235,1.0919,1.0922
1730718900,1.09215,1.09225,1.09185,1.092
1730719800,1.092,1.0927,1.09185,1.0926
1730720700,1.0926,1.09325,1.09255,1.0932
1730721600,1.0932,1.09335,1.09215,1.09215
1730722500,1.0922,1.0928,1.0921,1.09265
1730723400,1.0927,1.09275,1.0922,1.09225
1730724300,1.0922,1.0925,1.092,1.09235
1730725200,1.0923,1.09265,1.0921,1.09265
1730726100,1.0927,1.0928,1.09125,1.09135
1730727000,1.09135,1.09175,1.09115,1.0917
1730727900,1.09165,1.09275,1.09155,1.09235
1730728800,1.0924,1.09285,1.0921,1.0924
1730729700,1.0924,1.0926,1.0919,1.092
1730730600,1.09195,1.09235,1.09185,1.09215
1730731500,1.0922,1.0923,1.09145,1.09185
1730732400,1.0919,1.09255,1.0917,1.0923
1730733300,1.09225,1.09265,1.0917,1.09215
1730734200,1.0921,1.0926,1.09195,1.09225
1730735100,1.09225,1.09225,1.09145,1.09175
1730736000,1.09175,1.09195,1.09095,1.09095
1730736900,1.09095,1.0911,1.09045,1.09075
1730737800,1.09075,1.09105,1.09055,1.09065
1730738700,1.0907,1.0907,1.0899,1.0903
1730739600,1.0903,1.0903,1.08985,1.0902
1730740500,1.0902,1.09115,1.09015,1.09105
1730741400,1.0911,1.09125,1.0901,1.0902
1730742300,1.0902,1.09075,1.0901,1.0907
1730743200,1.0907,1.09075,1.0899,1.0904
1730744100,1.0904,1.0904,1.0898,1.0898
1730745000,1.08985,1.0905,1.0897,1.0902
1730745900,1.09025,1.09055,1.09015,1.0904
1730746800,1.0904,1.0904,1.08985,1.08995
1730747700,1.09,1.0901,1.08975,1.0898
1730748600,1.0898,1.0902,1.0896,1.09
1730749500,1.09005,1.09005,1.0896,1.0897
1730750400,1.08975,1.08985,1.0895,1.0897
1730751300,1.0897,1.09,1.08965,1.0897
1730752200,1.0897,1.0897,1.08935,1.0896
1730753100,1.08965,1.08965,1.08935,1.0894
1730754000,1.0894,1.0895,1.08925,1.08935
1730754900,1.0894,1.0894,1.0893,1.0893
1730755800,1.0893,1.08945,1.0893,1.0894
1730756700,1.0894,1.08965,1.0893,1.0896
1730761200,1.0897,1.0897,1.0895,1.0896
1730762100,1.0896,1.0896,1.0895,1.0895
1730763000,1.0895,1.0895,1.08925,1.0893
1730763900,1.0893,1.0893,1.0891,1.08915
1730764800,1.08915,1.08925,1.08905,1.08915
1730765700,1.0892,1.08935,1.08915,1.0892
1730766600,1.0892,1.0893,1.08905,1.08925
1730767500,1.08925,1.0894,1.0892,1.08935
1730768400,1.08935,1.08935,1.08905,1.0891
1730769300,1.0891,1.0892,1.0891,1.08915
1730770200,1.0892,1.0895,1.08915,1.08945
1730771100,1.0895,1.0896,1.08945,1.08955
1730772000,1.08955,1.08965,1.08945,1.08965
1730772900,1.0896,1.0897,1.0895,1.08965
1730773800,1.0897,1.0898,1.0895,1.08955
1730774700,1.08955,1.08955,1.08935,1.08955
1730775600,1.0895,1.0896,1.08945,1.0896
1730776500,1.0896,1.08965,1.0896,1.08965
1730777400,1.08965,1.08975,1.0895,1.0895
1730778300,1.0895,1.0895,1.08935,1.0894
1730779200,1.08935,1.08955,1.08935,1.08955
1730780100,1.08955,1.0896,1.0895,1.0896
1730781000,1.08955,1.0896,1.0894,1.0894
1730781900,1.0894,1.0894,1.0892,1.08935
1730782800,1.0893,1.0895,1.08925,1.08945
1730783700,1.08945,1.0895,1.08945,1.0895
1730784600,1.08945,1.0898,1.08945,1.0897
1730785500,1.0897,1.08975,1.0896,1.08965
1730786400,1.0896,1.0898,1.08955,1.0896
1730787300,1.0896,1.08975,1.0895,1.08955
1730788200,1.0896,1.0898,1.08955,1.08975
1730789100,1.0897,1.09005,1.0896,1.0899
1730790000,1.0899,1.09055,1.0899,1.0904
1730790900,1.0904,1.0908,1.0903,1.09055
1730791800,1.09055,1.0909,1.0905,1.09075
1730792700,1.0907,1.0907,1.0904,1.09065
1730793600,1.0907,1.09085,1.0902,1.0905
1730794500,1.09055,1.0908,1.0905,1.0906
1730795400,1.0906,1.0912,1.0906,1.091
1730796300,1.091,1.0911,1.0909,1.091
1730797200,1.09095,1.09155,1.09095,1.09155
1730798100,1.0915,1.09155,1.09105,1.09105
1730799000,1.09115,1.09115,1.09085,1.091
1730799900,1.091,1.0911,1.0908,1.091
1730800800,1.091,1.0912,1.09095,1.0911
1730801700,1.0911,1.0911,1.0909,1.09095
1730802600,1.09095,1.09115,1.0909,1.0911
1730803500,1.0911,1.09125,1.091,1.0912
1730804400,1.0912,1.0916,1.0912,1.0913
1730805300,1.0913,1.09195,1.0911,1.0919
1730806200,1.09185,1.09195,1.0915,1.09175
1730807100,1.0918,1.09195,1.0916,1.09175
1730808000,1.0918,1.09195,1.09145,1.0915
1730808900,1.0915,1.0916,1.09125,1.0914
1730809800,1.09135,1.09155,1.09125,1.09145
1730810700,1.09145,1.0916,1.0912,1.0914
1730811600,1.0914,1.09165,1.0912,1.0914
1730812500,1.0914,1.0915,1.0911,1.0911
1730813400,1.0911,1.09165,1.09075,1.09155
1730814300,1.0915,1.0916,1.091,1.09105
1730815200,1.0911,1.0922,1.09105,1.0922
1730816100,1.0922,1.0929,1.09215,1.09255
1730817000,1.09255,1.09295,1.0924,1.0925
1730817900,1.09255,1.09255,1.092,1.0925
1730818800,1.09235,1.09235,1.0907,1.09155
1730819700,1.09155,1.09255,1.0914,1.09215
1730820600,1.0922,1.09305,1.09205,1.0923
1730821500,1.0923,1.0928,1.09195,1.09205
1730822400,1.092,1.09315,1.09195,1.0931
1730823300,1.0931,1.0938,1.09305,1.09335
1730824200,1.0934,1.0937,1.0932,1.09365
1730825100,1.09365,1.09385,1.09355,1.0938
1730826000,1.09385,1.09425,1.09365,1.0942
1730826900,1.09425,1.09435,1.0939,1.0943
1730827800,1.0943,1.09475,1.09415,1.0947
1730828700,1.09475,1.09485,1.09455,1.0948
1730829600,1.09485,1.0952,1.0947,1.09505
1730830500,1.09505,1.09545,1.09505,1.0954
1730831400,1.0954,1.0955,1.09495,1.0953
1730832300,1.09525,1.0954,1.0947,1.0949
1730833200,1.09485,1.0949,1.09455,1.09465
1730834100,1.0946,1.09515,1.0945,1.095
1730835000,1.095,1.09505,1.09485,1.0949
1730835900,1.09495,1.09525,1.09485,1.09495
1730836800,1.09495,1.09495,1.0945,1.09475
1730837700,1.09475,1.09475,1.09455,1.0946
1730838600,1.0946,1.0946,1.09445,1.09445
1730839500,1.0944,1.0945,1.0942,1.09435
1730840400,1.0943,1.09455,1.09425,1.0944
1730841300,1.0944,1.0945,1.0943,1.09435
1730842200,1.0943,1.09455,1.09425,1.0944
1730843100,1.09445,1.09485,1.0944,1.09475
1730847600,1.0946,1.0946,1.0936,1.09365
1730848500,1.0936,1.09365,1.09295,1.0935
1730849400,1.0935,1.09475,1.09345,1.0944
1730850300,1.09445,1.09545,1.094,1.09515
1730851200,1.0951,1.09515,1.09005,1.0912
1730852100,1.0913,1.0919,1.0896,1.0896
1730853000,1.08965,1.08995,1.0867,1.0867
1730853900,1.0867,1.08725,1.0849,1.08545
1730854800,1.08545,1.08625,1.08385,1.0859
1730855700,1.08595,1.0875,1.0851,1.0852
1730856600,1.0852,1.0857,1.0846,1.0856
1730857500,1.0856,1.0868,1.08525,1.08545
1730858400,1.08535,1.0857,1.08215,1.0823
1730859300,1.08235,1.0836,1.07995,1.08
1730860200,1.07995,1.08105,1.0781,1.0794
1730861100,1.0794,1.0805,1.0779,1.078
1730862000,1.07805,1.07975,1.07635,1.0779
1730862900,1.0779,1.0789,1.0767,1.07785
1730863800,1.0779,1.0782,1.0736,1.0737
1730864700,1.0737,1.0766,1.07365,1.0764
1730865600,1.0764,1.07805,1.0757,1.0777
1730866500,1.07775,1.07835,1.0771,1.0772
1730867400,1.0772,1.0808,1.0769,1.079
1730868300,1.07895,1.0797,1.07775,1.0795
1730869200,1.0795,1.0812,1.0787,1.0787
1730870100,1.07875,1.0811,1.07855,1.07935
1730871000,1.07935,1.0794,1.07675,1.07795
1730871900,1.0779,1.0784,1.0772,1.07765
1730872800,1.0777,1.0779,1.07425,1.0748
1730873700,1.07475,1.0757,1.0737,1.07375
1730874600,1.07375,1.0744,1.072,1.07305
1730875500,1.0731,1.0745,1.07255,1.07435
1730876400,1.07435,1.076,1.0743,1.07575
1730877300,1.0758,1.077,1.07515,1.07665
1730878200,1.07665,1.0767,1.07455,1.07475
1730879100,1.07475,1.07605,1.07445,1.07515
1730880000,1.0751,1.0764,1.07475,1.0758
1730880900,1.07585,1.0772,1.07555,1.07675
1730881800,1.0768,1.0788,1.0764,1.0783
1730882700,1.07825,1.07985,1.0782,1.07905
1730883600,1.079,1.0791,1.0779,1.07845
1730884500,1.0785,1.0785,1.07675,1.0773
1730885400,1.07735,1.0782,1.07695,1.07735
1730886300,1.07735,1.0782,1.07715,1.07725
1730887200,1.0772,1.07745,1.0759,1.07635
1730888100,1.07635,1.07785,1.0762,1.0775
1730889000,1.07745,1.07755,1.07645,1.0766
1730889900,1.07665,1.077,1.07625,1.07635
1730890800,1.0763,1.07635,1.07465,1.0748
1730891700,1.0748,1.075,1.0731,1.0734
1730892600,1.0734,1.0739,1.07255,1.0728
1730893500,1.07285,1.07295,1.07175,1.0725
1730894400,1.0725,1.0736,1.0723,1.0728
1730895300,1.07275,1.07305,1.0714,1.0715
1730896200,1.0715,1.07175,1.0699,1.07055
1730897100,1.07055,1.07165,1.07015,1.07055
1730898000,1.0706,1.07285,1.06995,1.0721
1730898900,1.0721,1.07315,1.07165,1.07215
1730899800,1.0721,1.073,1.07195,1.0726
1730900700,1.07265,1.0736,1.07185,1.07265
1730901600,1.07265,1.0737,1.0725,1.07355
1730902500,1.07355,1.0737,1.0726,1.07265
1730903400,1.0727,1.07285,1.07165,1.0723
1730904300,1.07235,1.0737,1.07155,1.07325
1730905200,1.0733,1.0755,1.0732,1.074
1730906100,1.074,1.0746,1.0731,1.0745
1730907000,1.07455,1.07485,1.07375,1.0741
1730907900,1.0741,1.0757,1.0741,1.07555
1730908800,1.0755,1.07625,1.0752,1.07535
1730909700,1.0754,1.0754,1.07445,1.07475
1730910600,1.0748,1.07495,1.07435,1.07475
1730911500,1.0747,1.0749,1.0743,1.07485
1730912400,1.0748,1.0757,1.07445,1.07545
1730913300,1.07545,1.0762,1.0751,1.076
1730914200,1.07595,1.07595,1.0753,1.07535
1730915100,1.07535,1.07535,1.0743,1.0744
1730916000,1.07445,1.07635,1.07435,1.07625
1730916900,1.07625,1.07755,1.07595,1.07705
1730917800,1.0771,1.0772,1.0764,1.0769
1730918700,1.07685,1.0775,1.0768,1.077
1730919600,1.07705,1.07705,1.07565,1.0757
1730920500,1.0757,1.07635,1.07555,1.076
1730921400,1.07595,1.0762,1.07485,1.07495
1730922300,1.07495,1.07525,1.0747,1.07525
1730923200,1.07525,1.0756,1.07505,1.07525
1730924100,1.0753,1.0755,1.075,1.0753
1730925000,1.0753,1.0755,1.0751,1.07535
1730925900,1.0753,1.0755,1.07505,1.0752
1730926800,1.0752,1.0753,1.07485,1.0749
1730927700,1.0749,1.0749,1.07465,1.07475
1730928600,1.07475,1.07495,1.0747,1.07485
1730929500,1.07485,1.07485,1.07455,1.07465
1730934000,1.07475,1.075,1.0744,1.07485
1730934900,1.0749,1.0749,1.07465,1.07475
1730935800,1.0747,1.0748,1.07455,1.07465
1730936700,1.0747,1.07505,1.07465,1.0747
1730937600,1.0747,1.0753,1.0747,1.07515
1730938500,1.07515,1.0752,1.07415,1.0744
1730939400,1.0744,1.0746,1.07425,1.0744
1730940300,1.0744,1.0746,1.0736,1.0737
1730941200,1.07365,1.07445,1.07365,1.0743
1730942100,1.0743,1.0743,1.07285,1.07295
1730943000,1.07295,1.0733,1.07285,1.0733
1730943900,1.0733,1.0738,1.0731,1.07335
1730944800,1.07335,1.0743,1.0733,1.07405
1730945700,1.0741,1.0746,1.07405,1.0745
1730946600,1.0745,1.075,1.0743,1.07495
1730947500,1.07495,1.07525,1.0748,1.0752
1730948400,1.0752,1.07535,1.0747,1.075
1730949300,1.07495,1.07535,1.07495,1.07525
1730950200,1.0753,1.0755,1.0752,1.07545
1730951100,1.07545,1.07565,1.07545,1.07555
1730952000,1.0755,1.07555,1.075,1.07525
1730952900,1.07525,1.0761,1.07525,1.07565
1730953800,1.0756,1.07565,1.07535,1.0754
1730954700,1.07535,1.07545,1.0752,1.07535
1730955600,1.0753,1.0757,1.0753,1.07565
1730956500,1.0757,1.07575,1.0753,1.07565
1730957400,1.07565,1.07575,1.0756,1.07575
1730958300,1.0757,1.07635,1.0757,1.0762
1730959200,1.07615,1.0762,1.07555,1.0758
1730960100,1.0758,1.0762,1.0757,1.0762
1730961000,1.07625,1.0764,1.07595,1.07635
1730961900,1.07635,1.0766,1.076,1.0766
1730962800,1.0765,1.07795,1.07605,1.07755
1730963700,1.0776,1.07855,1.07755,1.07795
1730964600,1.07795,1.07805,1.0772,1.0776
1730965500,1.0776,1.0776,1.07655,1.07675
1730966400,1.07675,1.07755,1.07645,1.07745
1730967300,1.0775,1.07865,1.0775,1.07835
1730968200,1.0783,1.0784,1.0772,1.0775
1730969100,1.0776,1.07875,1.0773,1.0784
1730970000,1.0784,1.07845,1.0774,1.07745
1730970900,1.0775,1.07785,1.07725,1.07775
1730971800,1.07775,1.07795,1.077,1.07705
1730972700,1.077,1.0771,1.07615,1.07615
1730973600,1.0762,1.07725,1.07615,1.0772
1730974500,1.07725,1.0782,1.07725,1.07735
1730975400,1.0773,1.07755,1.07695,1.0771
1730976300,1.07715,1.0773,1.0766,1.07715
1730977200,1.07715,1.0772,1.07675,1.07695
1730978100,1.077,1.07775,1.0768,1.07755
1730979000,1.07755,1.07775,1.0773,1.07735
1730979900,1.0773,1.07755,1.0772,1.0775
1730980800,1.07745,1.078,1.07725,1.0777
1730981700,1.07775,1.0785,1.0776,1.07845
1730982600,1.07845,1.07865,1.07805,1.07825
1730983500,1.07825,1.07935,1.0782,1.0791
1730984400,1.0791,1.08085,1.0789,1.08075
1730985300,1.08075,1.08095,1.08,1.08015
1730986200,1.0801,1.0805,1.07935,1.07985
1730987100,1.07985,1.081,1.0797,1.0808
1730988000,1.0808,1.08085,1.07965,1.0798
1730988900,1.0798,1.08135,1.07965,1.08115
1730989800,1.08115,1.0832,1.0805,1.08295
1730990700,1.083,1.0831,1.0823,1.0825
1730991600,1.0825,1.08335,1.08215,1.0833
1730992500,1.0833,1.08355,1.0827,1.08335
1730993400,1.0834,1.084,1.08255,1.08265
1730994300,1.0827,1.0833,1.08205,1.0827
1730995200,1.08265,1.08305,1.08105,1.0812
1730996100,1.0812,1.08125,1.08,1.0802
1730997000,1.08025,1.08105,1.08015,1.08085
1730997900,1.08085,1.08095,1.08025,1.0807
1730998800,1.08065,1.081,1.0803,1.08095
1730999700,1.0809,1.08155,1.0809,1.0815
1731000600,1.08155,1.08175,1.08135,1.0816
1731001500,1.0816,1.08215,1.0816,1.082
1731002400,1.08205,1.08225,1.08085,1.08125
1731003300,1.08125,1.0818,1.08115,1.08165
1731004200,1.0816,1.08165,1.0812,1.0814
1731005100,1.08135,1.0816,1.08125,1.08135
1731006000,1.0814,1.08195,1.07905,1.08035
1731006900,1.0804,1.08085,1.0799,1.07995
1731007800,1.07995,1.08145,1.07825,1.07915
1731008700,1.07915,1.08145,1.07905,1.07975
1731009600,1.0798,1.08245,1.07955,1.08225
1731010500,1.0822,1.0825,1.08155,1.0818
1731011400,1.08185,1.082,1.0809,1.0809
1731012300,1.08095,1.0819,1.0808,1.0818
1731013200,1.08175,1.0818,1.08145,1.0817
1731014100,1.0817,1.08185,1.0815,1.0817
1731015000,1.08175,1.0818,1.08155,1.08165
1731015900,1.0817,1.0819,1.08165,1.0818
1731020400,1.0818,1.082,1.0813,1.0814
1731021300,1.08145,1.0817,1.0814,1.08155
1731022200,1.0815,1.08175,1.0815,1.08165
1731023100,1.0817,1.08175,1.081,1.0811
1731024000,1.0811,1.0811,1.0805,1.0809
1731024900,1.0809,1.08115,1.0807,1.0809
1731025800,1.0809,1.08125,1.08065,1.08065
1731026700,1.08065,1.0808,1.08035,1.08055
1731027600,1.0806,1.0807,1.08005,1.08005
1731028500,1.0801,1.08015,1.07975,1.07985
1731029400,1.0799,1.07995,1.07945,1.07975
1731030300,1.07975,1.08045,1.07965,1.08025
1731031200,1.08025,1.08055,1.08,1.08035
1731032100,1.08035,1.0805,1.08005,1.0802
1731033000,1.08015,1.0804,1.07955,1.07965
1731033900,1.0797,1.07985,1.07955,1.07965
1731034800,1.0796,1.0802,1.0796,1.08015
1731035700,1.0802,1.08045,1.08,1.08005
1731036600,1.0801,1.0801,1.07955,1.07965
1731037500,1.07965,1.0798,1.07925,1.07935
1731038400,1.07935,1.0796,1.0792,1.0796
1731039300,1.0796,1.07995,1.0795,1.0797
1731040200,1.07975,1.0798,1.0794,1.07955
1731041100,1.07955,1.07985,1.07955,1.07985
1731042000,1.07985,1.07995,1.07975,1.07985
1731042900,1.0799,1.0802,1.07985,1.08
1731043800,1.07995,1.08005,1.07965,1.07975
1731044700,1.07975,1.08005,1.07955,1.0797
1731045600,1.07975,1.0799,1.0792,1.07925
1731046500,1.07925,1.07935,1.07885,1.0793
1731047400,1.0793,1.07945,1.079,1.0793
1731048300,1.07925,1.07945,1.07895,1.07925
1731049200,1.0793,1.0798,1.07915,1.07965
1731050100,1.07965,1.07965,1.07905,1.0793
1731051000,1.0793,1.0797,1.07905,1.07965
1731051900,1.07965,1.07995,1.07915,1.0795
1731052800,1.0795,1.0797,1.07765,1.07825
1731053700,1.0783,1.07935,1.07795,1.07925
1731054600,1.0793,1.07985,1.079,1.0792
1731055500,1.0792,1.07975,1.07895,1.0794
1731056400,1.0794,1.0804,1.0793,1.08005
1731057300,1.08,1.08045,1.0793,1.0796
1731058200,1.0796,1.08005,1.0796,1.07985
1731059100,1.07985,1.07995,1.07875,1.07945
1731060000,1.0794,1.0795,1.07845,1.07915
1731060900,1.07915,1.07935,1.0789,1.07915
1731061800,1.0792,1.0792,1.07825,1.07845
1731062700,1.07845,1.07935,1.0784,1.07935
1731063600,1.0794,1.0801,1.0794,1.0801
1731064500,1.08005,1.081,1.08005,1.081
1731065400,1.081,1.08125,1.08065,1.08065
1731066300,1.0806,1.0806,1.07965,1.07985
1731067200,1.07985,1.07995,1.07915,1.07915
1731068100,1.0792,1.0795,1.0785,1.0787
1731069000,1.0787,1.07915,1.0782,1.07855
1731069900,1.07855,1.07905,1.0785,1.07875
1731070800,1.07875,1.07875,1.0781,1.0782
1731071700,1.07825,1.07845,1.0776,1.07775
1731072600,1.0778,1.07785,1.07595,1.0765
1731073500,1.0765,1.0774,1.07645,1.0768
1731074400,1.07685,1.0775,1.0767,1.07725
1731075300,1.0772,1.0781,1.07705,1.078
1731076200,1.07805,1.0781,1.0772,1.0773
1731077100,1.0772,1.0775,1.0765,1.07665
1731078000,1.0767,1.07695,1.0757,1.0761
1731078900,1.0761,1.0761,1.0755,1.0758
1731079800,1.07575,1.0766,1.0757,1.0763
1731080700,1.0763,1.0768,1.0761,1.0764
1731081600,1.07635,1.0766,1.0747,1.07475
1731082500,1.07475,1.07485,1.0741,1.07445
1731083400,1.07445,1.07455,1.0738,1.07405
1731084300,1.07405,1.0741,1.07245,1.0725
1731085200,1.0725,1.07265,1.0702,1.071
1731086100,1.071,1.07155,1.07065,1.07125
1731087000,1.07125,1.0717,1.071,1.07145
1731087900,1.07145,1.07285,1.07115,1.0724
1731088800,1.07245,1.0734,1.07235,1.07315
1731089700,1.07315,1.07325,1.0722,1.0722
1731090600,1.0722,1.07235,1.07165,1.07175
1731091500,1.07175,1.07225,1.0715,1.07215
1731092400,1.07215,1.0726,1.07205,1.0725
1731093300,1.07255,1.0728,1.0723,1.0724
1731094200,1.07235,1.07285,1.07225,1.07275
1731095100,1.0727,1.07305,1.0724,1.0729
1731096000,1.0729,1.07295,1.07255,1.0728
1731096900,1.07275,1.0731,1.0727,1.0729
1731097800,1.07295,1.0734,1.0729,1.07335
1731098700,1.07335,1.0735,1.0732,1.0733
1731099600,1.0733,1.07355,1.07325,1.07345
1731100500,1.07345,1.07365,1.0734,1.0736
1731101400,1.07355,1.0737,1.0733,1.07345
1731102300,1.07345,1.0735,1.07325,1.07345
1731279600,1.07245,1.07285,1.0723,1.07245
1731280500,1.0725,1.07285,1.0724,1.07275
1731281400,1.07275,1.0732,1.07275,1.07285
1731282300,1.07285,1.07315,1.07275,1.0728
1731283200,1.0728,1.07285,1.07235,1.0728
1731284100,1.07275,1.07335,1.07265,1.07335
1731285000,1.07335,1.0734,1.0731,1.07315
1731285900,1.0732,1.0733,1.07285,1.07325
1731286800,1.0732,1.0737,1.0731,1.07365
1731287700,1.07365,1.0743,1.07355,1.074
1731288600,1.074,1.0742,1.0736,1.0738
1731289500,1.07385,1.0739,1.0734,1.0735
1731290400,1.0735,1.07395,1.07345,1.07395
1731291300,1.07395,1.074,1.07355,1.0736
1731292200,1.0736,1.07385,1.0735,1.07375
1731293100,1.07375,1.07405,1.0737,1.0738
1731294000,1.07375,1.07425,1.07375,1.07385
1731294900,1.07385,1.07395,1.0737,1.07375
1731295800,1.0737,1.0737,1.07305,1.0732
1731296700,1.07325,1.07335,1.073,1.0732
1731297600,1.07315,1.07315,1.07265,1.0729
1731298500,1.0729,1.073,1.0729,1.07295
1731299400,1.07295,1.07295,1.0723,1.0724
1731300300,1.0724,1.07295,1.0723,1.0729
1731301200,1.0729,1.0732,1.07285,1.073
1731302100,1.07305,1.07305,1.07265,1.07285
1731303000,1.07285,1.0729,1.07265,1.0728
1731303900,1.0728,1.0734,1.0728,1.07325
1731304800,1.0733,1.0733,1.07275,1.0728
1731305700,1.0728,1.0732,1.0728,1.07305
1731306600,1.07305,1.0733,1.073,1.07325
1731307500,1.0732,1.0736,1.0732,1.07355
1731308400,1.07355,1.0737,1.07305,1.07325
1731309300,1.07325,1.07325,1.07205,1.0723
1731310200,1.0723,1.07235,1.0712,1.07125
1731311100,1.07125,1.0713,1.07005,1.07045
1731312000,1.0705,1.07095,1.07015,1.07055
1731312900,1.07055,1.07075,1.0693,1.06975
1731313800,1.0697,1.07045,1.06935,1.07045
1731314700,1.07045,1.07085,1.06985,1.0702
1731315600,1.0702,1.07045,1.0698,1.07005
1731316500,1.07005,1.07025,1.06845,1.06855
1731317400,1.0686,1.069,1.0683,1.0689
1731318300,1.0689,1.06975,1.0689,1.06965
1731319200,1.0696,1.07,1.06905,1.06925
1731320100,1.06925,1.07015,1.06925,1.07005
1731321000,1.07005,1.07035,1.0693,1.06945
1731321900,1.0694,1.06945,1.0686,1.0687
1731322800,1.06865,1.06865,1.06775,1.06805
1731323700,1.0681,1.0681,1.06745,1.0677
1731324600,1.06775,1.06805,1.06705,1.0678
1731325500,1.06785,1.0679,1.06735,1.06775
1731326400,1.06775,1.06795,1.0675,1.0679
1731327300,1.06785,1.06795,1.06715,1.0673
1731328200,1.06725,1.06755,1.06685,1.0674
1731329100,1.06745,1.0675,1.06665,1.0667
1731330000,1.06675,1.067,1.06645,1.0665
1731330900,1.06655,1.0666,1.0656,1.0656
1731331800,1.0656,1.0662,1.06515,1.066
1731332700,1.06595,1.06645,1.06595,1.06625
1731333600,1.0663,1.06715,1.0662,1.06705
1731334500,1.0671,1.0672,1.0666,1.0671
1731335400,1.06705,1.0672,1.06575,1.06585
1731336300,1.06585,1.06585,1.06435,1.06575
1731337200,1.06575,1.06655,1.0656,1.06575
1731338100,1.0658,1.0661,1.06525,1.06565
1731339000,1.06565,1.06585,1.0651,1.06545
1731339900,1.06545,1.06625,1.0652,1.0662
1731340800,1.0662,1.06665,1.06595,1.06655
1731341700,1.06655,1.0669,1.06635,1.06635
1731342600,1.06635,1.0669,1.06625,1.06675
1731343500,1.0667,1.0667,1.06635,1.0667
1731344400,1.06665,1.06705,1.0666,1.0669
1731345300,1.0669,1.0671,1.06595,1.06625
1731346200,1.06625,1.06685,1.06625,1.06645
1731347100,1.06645,1.0668,1.06635,1.0664
1731348000,1.06635,1.0666,1.0663,1.0665
1731348900,1.0665,1.06665,1.06615,1.0662
1731349800,1.06625,1.06645,1.06605,1.0663
1731350700,1.0663,1.06665,1.0662,1.0665
1731351600,1.0665,1.06675,1.0664,1.0667
1731352500,1.06665,1.06695,1.06665,1.0667
1731353400,1.0667,1.06685,1.06665,1.06685
1731354300,1.06685,1.0672,1.0665,1.06655
1731355200,1.06655,1.0669,1.06655,1.06685
1731356100,1.0668,1.06705,1.06675,1.06685
1731357000,1.0668,1.067,1.0667,1.0667
1731357900,1.0667,1.0671,1.0666,1.06705
1731358800,1.067,1.0672,1.06695,1.0672
1731359700,1.06715,1.06725,1.0671,1.06725
1731360600,1.0672,1.0672,1.06705,1.06705
1731361500,1.06705,1.06715,1.067,1.06705
1731366000,1.0671,1.06715,1.0668,1.06705
1731366900,1.06705,1.0672,1.067,1.06715
1731367800,1.06715,1.06725,1.0671,1.06725
1731368700,1.0673,1.06775,1.06725,1.06775
1731369600,1.0677,1.06775,1.0672,1.0676
1731370500,1.0676,1.0676,1.0669,1.0671
1731371400,1.0671,1.06725,1.06685,1.06715
1731372300,1.06715,1.0673,1.067,1.06725
1731373200,1.06725,1.0673,1.067,1.06725
1731374100,1.06725,1.06725,1.0667,1.0668
1731375000,1.0668,1.06695,1.06645,1.06695
1731375900,1.06695,1.0674,1.0662,1.0663
1731376800,1.06625,1.06635,1.06575,1.06595
1731377700,1.06595,1.0665,1.0658,1.0665
1731378600,1.06645,1.06665,1.06585,1.0659
1731379500,1.06585,1.0661,1.06565,1.0658
1731380400,1.0658,1.06625,1.0658,1.0661
1731381300,1.0661,1.06635,1.0659,1.06625
1731382200,1.0663,1.06635,1.0655,1.06555
1731383100,1.0656,1.0657,1.06525,1.0653
1731384000,1.06525,1.0659,1.06525,1.0657
1731384900,1.06565,1.0658,1.0653,1.0658
1731385800,1.06585,1.066,1.0656,1.06565
1731386700,1.0657,1.0659,1.0654,1.06585
1731387600,1.06585,1.066,1.0656,1.0657
1731388500,1.0657,1.0657,1.06545,1.06545
1731389400,1.0654,1.0657,1.0654,1.0656
1731390300,1.0656,1.06585,1.0654,1.06545
1731391200,1.0654,1.0654,1.0648,1.065
1731392100,1.065,1.06525,1.06465,1.0651
1731393000,1.0651,1.0652,1.0644,1.0644
1731393900,1.06445,1.065,1.06445,1.06485
1731394800,1.06485,1.06515,1.0644,1.06445
1731395700,1.06445,1.0649,1.06395,1.0644
1731396600,1.06435,1.06485,1.0636,1.06475
1731397500,1.0648,1.0651,1.0643,1.06465
1731398400,1.06465,1.06485,1.06395,1.0644
1731399300,1.06435,1.0646,1.06335,1.0634
1731400200,1.0634,1.064,1.06315,1.0639
1731401100,1.06395,1.06475,1.06365,1.0646
1731402000,1.0646,1.06465,1.06385,1.06405
1731402900,1.06405,1.06435,1.0634,1.06345
1731403800,1.06345,1.0639,1.0631,1.0631
1731404700,1.06315,1.06445,1.06315,1.06405
1731405600,1.064,1.064,1.06295,1.06295
1731406500,1.06295,1.06325,1.06275,1.06295
1731407400,1.06295,1.06305,1.06255,1.0629
1731408300,1.06295,1.06345,1.06295,1.0632
1731409200,1.06325,1.0641,1.0632,1.0637
1731410100,1.06365,1.0643,1.0636,1.0643
1731411000,1.0643,1.0644,1.0635,1.0636
1731411900,1.0636,1.0637,1.06315,1.0633
1731412800,1.06335,1.06355,1.0626,1.063
1731413700,1.063,1.06305,1.0621,1.0624
1731414600,1.06245,1.0631,1.06205,1.06305
1731415500,1.063,1.06355,1.06285,1.0634
1731416400,1.0634,1.0635,1.06285,1.0635
1731417300,1.0635,1.064,1.06325,1.06365
1731418200,1.0636,1.06415,1.0631,1.0631
1731419100,1.0631,1.06385,1.06305,1.0637
1731420000,1.0637,1.06375,1.06315,1.06365
1731420900,1.0637,1.0641,1.0631,1.0631
1731421800,1.0631,1.06375,1.0628,1.0634
1731422700,1.0634,1.0636,1.0631,1.06315
1731423600,1.0632,1.06325,1.0621,1.06255
1731424500,1.0626,1.0629,1.062,1.06225
1731425400,1.0623,1.0625,1.06195,1.06195
1731426300,1.06195,1.0628,1.06155,1.0623
1731427200,1.06225,1.0627,1.0619,1.0626
1731428100,1.06265,1.063,1.06225,1.0623
1731429000,1.0623,1.0623,1.0611,1.06125
1731429900,1.06125,1.0616,1.061,1.0612
1731430800,1.06125,1.06175,1.0609,1.0612
1731431700,1.06125,1.0615,1.061,1.06125
1731432600,1.06125,1.0617,1.061,1.0612
1731433500,1.06125,1.06225,1.06115,1.06205
1731434400,1.0621,1.06275,1.06205,1.06255
1731435300,1.0626,1.0628,1.0622,1.06255
1731436200,1.06255,1.063,1.0625,1.0627
1731437100,1.0627,1.06315,1.06235,1.06305
1731438000,1.063,1.06325,1.0629,1.0632
1731438900,1.0632,1.06325,1.06295,1.063
1731439800,1.063,1.0631,1.06275,1.06305
1731440700,1.0631,1.0632,1.06265,1.0627
1731441600,1.0627,1.06285,1.06235,1.0627
1731442500,1.06275,1.0631,1.06275,1.06285
1731443400,1.0628,1.06315,1.0626,1.0631
1731444300,1.0631,1.0638,1.06305,1.06365
1731445200,1.06365,1.0641,1.0636,1.06385
1731446100,1.06385,1.0639,1.06375,1.06385
1731447000,1.06385,1.06405,1.06385,1.064
1731447900,1.064,1.06405,1.0637,1.06375
1731452400,1.06355,1.0636,1.06305,1.0632
1731453300,1.0632,1.06335,1.06295,1.063
1731454200,1.063,1.06305,1.0628,1.063
1731455100,1.06295,1.06345,1.06295,1.06305
1731456000,1.06305,1.06305,1.0625,1.0625
1731456900,1.0625,1.06285,1.0625,1.06275
1731457800,1.0627,1.06295,1.0626,1.06285
1731458700,1.0629,1.06305,1.0626,1.0627
1731459600,1.06265,1.06305,1.0626,1.063
1731460500,1.063,1.0638,1.06295,1.06335
1731461400,1.06335,1.0642,1.06325,1.0642
1731462300,1.06415,1.0643,1.06385,1.0642
1731463200,1.0642,1.0643,1.06365,1.06365
1731464100,1.06365,1.06375,1.06355,1.06355
1731465000,1.06365,1.06375,1.06355,1.06365
1731465900,1.0636,1.0642,1.0636,1.064
1731466800,1.064,1.0641,1.06375,1.064
1731467700,1.064,1.06415,1.06375,1.06375
1731468600,1.0638,1.0638,1.06335,1.06335
1731469500,1.0633,1.0634,1.0632,1.0633
1731470400,1.06325,1.0635,1.06315,1.06315
1731471300,1.06315,1.06365,1.06315,1.06355
1731472200,1.06355,1.06355,1.06325,1.06325
1731473100,1.06325,1.06325,1.06315,1.0632
1731474000,1.06315,1.0632,1.0629,1.0629
1731474900,1.0629,1.0629,1.06235,1.06265
1731475800,1.06265,1.06285,1.0626,1.06285
1731476700,1.0628,1.06295,1.06265,1.0627
1731477600,1.0627,1.06305,1.06215,1.0622
1731478500,1.0622,1.06265,1.06215,1.06265
1731479400,1.06265,1.06275,1.0624,1.06255
1731480300,1.06255,1.0628,1.0623,1.0627
1731481200,1.0627,1.06285,1.06205,1.0621
1731482100,1.0621,1.06215,1.0618,1.06205
1731483000,1.062,1.06245,1.06175,1.0622
1731483900,1.06215,1.06215,1.06165,1.06165
1731484800,1.06165,1.0619,1.06075,1.06105
1731485700,1.06105,1.0619,1.0609,1.0615
1731486600,1.06145,1.06215,1.0614,1.06175
1731487500,1.0618,1.06275,1.0618,1.06255
1731488400,1.06255,1.06275,1.0622,1.06235
1731489300,1.06235,1.0637,1.0622,1.06355
1731490200,1.06355,1.0641,1.06355,1.06385
1731491100,1.06385,1.0644,1.0637,1.06405
1731492000,1.06405,1.0642,1.0635,1.06365
1731492900,1.0637,1.06395,1.06355,1.0637
1731493800,1.06365,1.0637,1.06255,1.06275
1731494700,1.0628,1.06295,1.0626,1.06285
1731495600,1.06285,1.063,1.0626,1.0629
1731496500,1.06285,1.06295,1.06245,1.06255
1731497400,1.06255,1.06285,1.06235,1.06275
1731498300,1.0627,1.0652,1.0627,1.0651
1731499200,1.06515,1.0657,1.06425,1.06435
1731500100,1.06435,1.06465,1.06395,1.0641
1731501000,1.0641,1.0647,1.06385,1.0647
1731501900,1.06475,1.065,1.0643,1.06455
1731502800,1.06455,1.06465,1.06385,1.06395
1731503700,1.064,1.06445,1.06375,1.0641
1731504600,1.0642,1.0669,1.06405,1.06455
1731505500,1.06455,1.06535,1.06385,1.0651
1731506400,1.06505,1.06525,1.0644,1.0647
1731507300,1.0647,1.06475,1.0633,1.06345
1731508200,1.0635,1.06355,1.0616,1.0629
1731509100,1.0629,1.0629,1.059,1.05995
1731510000,1.05995,1.0602,1.05695,1.05805
1731510900,1.05805,1.05865,1.0579,1.0586
1731511800,1.05855,1.0605,1.0585,1.0595
1731512700,1.0595,1.06075,1.05895,1.06025
1731513600,1.06025,1.0606,1.0583,1.0586
1731514500,1.0585,1.0595,1.0581,1.05895
1731515400,1.0589,1.05915,1.0581,1.0582
1731516300,1.05815,1.0585,1.05765,1.058
1731517200,1.05805,1.0588,1.0575,1.0587
1731518100,1.0587,1.05915,1.05775,1.05795
1731519000,1.05795,1.05855,1.05775,1.0582
1731519900,1.05815,1.0588,1.05795,1.05825
1731520800,1.0583,1.05835,1.0572,1.05785
1731521700,1.0579,1.0579,1.0572,1.0573
1731522600,1.0573,1.0575,1.05705,1.05725
1731523500,1.0573,1.0575,1.05705,1.0573
1731524400,1.05725,1.0581,1.05705,1.0581
1731525300,1.05815,1.059,1.05815,1.05885
1731526200,1.05885,1.059,1.0582,1.0586
1731527100,1.05855,1.0587,1.05785,1.0579
1731528000,1.05795,1.05825,1.0577,1.05775
1731528900,1.05775,1.05795,1.0576,1.0578
1731529800,1.0578,1.0579,1.0575,1.0577
1731530700,1.0577,1.05775,1.05725,1.05755
1731531600,1.0576,1.05795,1.0575,1.05795
1731532500,1.058,1.05805,1.0577,1.05775
1731533400,1.0578,1.0579,1.05765,1.05765
1731534300,1.05765,1.0579,1.0576,1.05765
1731538800,1.0577,1.0578,1.0574,1.05765
1731539700,1.05755,1.05785,1.05755,1.0576
1731540600,1.0576,1.0578,1.05745,1.05755
1731541500,1.05755,1.0578,1.05745,1.05775
1731542400,1.05785,1.05785,1.0575,1.0576
1731543300,1.05765,1.0579,1.05755,1.05785
1731544200,1.0578,1.0581,1.05765,1.0581
1731545100,1.05805,1.05815,1.0577,1.0578
1731546000,1.05775,1.05775,1.05695,1.05725
1731546900,1.05725,1.0575,1.05695,1.05705
1731547800,1.05705,1.05715,1.05635,1.0565
1731548700,1.05655,1.05715,1.05655,1.05685
1731549600,1.05685,1.057,1.0565,1.05695
1731550500,1.05695,1.05705,1.0565,1.05665
1731551400,1.0567,1.05685,1.0565,1.0566
1731552300,1.0566,1.05675,1.056,1.0562
1731553200,1.0562,1.05675,1.05605,1.05675
1731554100,1.0568,1.0568,1.0564,1.0566
1731555000,1.05655,1.0566,1.05625,1.05635
1731555900,1.05635,1.05635,1.0558,1.05605
1731556800,1.05605,1.0562,1.0559,1.0559
1731557700,1.05595,1.0563,1.05585,1.05625
1731558600,1.0562,1.0562,1.0559,1.0559
1731559500,1.0559,1.05625,1.0558,1.0561
1731560400,1.0561,1.0561,1.0553,1.0554
1731561300,1.05535,1.05535,1.0546,1.05515
1731562200,1.05515,1.0558,1.05515,1.05575
1731563100,1.0558,1.05595,1.0556,1.05595
1731564000,1.05595,1.0567,1.0559,1.0564
1731564900,1.0564,1.05655,1.05625,1.0563
1731565800,1.05635,1.05645,1.05625,1.0564
1731566700,1.0564,1.0565,1.0555,1.05575
1731567600,1.0558,1.05595,1.05545,1.0557
1731568500,1.0557,1.056,1.05535,1.0556
1731569400,1.05555,1.05635,1.05555,1.05585
1731570300,1.05585,1.0567,1.05585,1.05635
1731571200,1.05635,1.05705,1.05615,1.05635
1731572100,1.0564,1.05655,1.0557,1.05585
1731573000,1.05585,1.05625,1.0554,1.05585
1731573900,1.0559,1.05595,1.05445,1.05485
1731574800,1.05485,1.05545,1.0546,1.05465
1731575700,1.0546,1.0546,1.05355,1.0536
1731576600,1.0536,1.0538,1.05305,1.05365
1731577500,1.0536,1.05375,1.05305,1.0533
1731578400,1.0532,1.05335,1.05245,1.05265
1731579300,1.05265,1.05275,1.0519,1.0522
1731580200,1.0522,1.05265,1.0514,1.05245
1731581100,1.0525,1.0531,1.0524,1.0524
1731582000,1.0524,1.0524,1.05085,1.0514
1731582900,1.05145,1.0523,1.05135,1.05225
1731583800,1.05225,1.05325,1.0519,1.05325
1731584700,1.0533,1.05465,1.05325,1.05415
1731585600,1.05415,1.05425,1.05355,1.05425
1731586500,1.05425,1.05455,1.0541,1.0544
1731587400,1.05435,1.0553,1.05425,1.0552
1731588300,1.05525,1.05575,1.0547,1.05485
1731589200,1.0548,1.05505,1.05435,1.05495
1731590100,1.05495,1.0556,1.0547,1.0553
1731591000,1.05505,1.05555,1.05265,1.05355
1731591900,1.0536,1.05475,1.05325,1.0543
1731592800,1.05425,1.0557,1.0542,1.0555
1731593700,1.0555,1.0569,1.0555,1.05645
1731594600,1.0565,1.0581,1.05625,1.0569
1731595500,1.05685,1.0571,1.05605,1.05655
1731596400,1.05655,1.0581,1.05655,1.0575
1731597300,1.05755,1.05895,1.0573,1.05835
1731598200,1.05835,1.05835,1.05715,1.05775
1731599100,1.05775,1.05905,1.0577,1.05875
1731600000,1.0587,1.05875,1.0578,1.058
1731600900,1.058,1.05955,1.058,1.059
1731601800,1.059,1.059,1.0581,1.0583
1731602700,1.05835,1.05855,1.0573,1.05745
1731603600,1.0574,1.0576,1.05715,1.0573
1731604500,1.05725,1.0576,1.0569,1.0572
1731605400,1.0572,1.0575,1.05675,1.05705
1731606300,1.0571,1.05735,1.05695,1.05715
1731607200,1.0572,1.05735,1.05675,1.0568
1731608100,1.0568,1.0568,1.05595,1.05595
1731609000,1.0559,1.0563,1.05585,1.05625
1731609900,1.05625,1.0564,1.05585,1.05595
1731610800,1.05595,1.05625,1.0558,1.05605
1731611700,1.056,1.0564,1.056,1.05615
1731612600,1.0561,1.0564,1.05595,1.05595
1731613500,1.05595,1.05635,1.0556,1.056
1731614400,1.05605,1.0563,1.0527,1.0533
1731615300,1.0533,1.05465,1.0533,1.0542
1731616200,1.05415,1.0544,1.0533,1.05365
1731617100,1.05365,1.05365,1.0524,1.0533
1731618000,1.05325,1.05395,1.05315,1.05325
1731618900,1.05335,1.0535,1.05315,1.05345
1731619800,1.05355,1.0537,1.0534,1.05365
1731620700,1.0537,1.05425,1.0537,1.05425
1731625200,1.0543,1.05435,1.05405,1.0541
1731626100,1.0541,1.0541,1.0538,1.05385
1731627000,1.0539,1.0543,1.05385,1.0542
1731627900,1.05425,1.05435,1.0539,1.0541
1731628800,1.0541,1.05455,1.05395,1.05405
1731629700,1.05405,1.05425,1.05375,1.05385
1731630600,1.05385,1.05405,1.0535,1.05365
1731631500,1.05365,1.0545,1.05365,1.05425
1731632400,1.05425,1.05475,1.054,1.0546
1731633300,1.05455,1.0553,1.0545,1.0553
1731634200,1.05535,1.05535,1.0543,1.05435
1731635100,1.05435,1.05465,1.0543,1.05435
1731636000,1.0544,1.0551,1.0544,1.05505
1731636900,1.05505,1.05545,1.05505,1.05525
1731637800,1.0552,1.0552,1.05485,1.05495
1731638700,1.05495,1.0555,1.05495,1.0553
1731639600,1.0553,1.0558,1.0553,1.0557
1731640500,1.0557,1.05575,1.05555,1.05555
1731641400,1.0555,1.0557,1.0554,1.0557
1731642300,1.05565,1.0557,1.0551,1.05525
1731643200,1.0552,1.05575,1.0551,1.0556
1731644100,1.0556,1.05585,1.0555,1.0556
1731645000,1.0556,1.0556,1.0554,1.05545
1731645900,1.0554,1.05555,1.0553,1.05545
1731646800,1.0554,1.05545,1.05515,1.0552
1731647700,1.05525,1.0555,1.05515,1.0553
1731648600,1.0553,1.0554,1.0551,1.05525
1731649500,1.0552,1.0553,1.0552,1.05525
1731650400,1.0552,1.05545,1.05495,1.0553
1731651300,1.0553,1.0553,1.0546,1.05495
1731652200,1.05495,1.0561,1.05495,1.05605
1731653100,1.0561,1.05735,1.0561,1.0566
1731654000,1.05655,1.0571,1.0563,1.05685
1731654900,1.0568,1.05725,1.05675,1.0569
1731655800,1.0569,1.0576,1.0567,1.05695
1731656700,1.0569,1.0572,1.0567,1.0568
1731657600,1.05685,1.05735,1.0564,1.0569
1731658500,1.0569,1.0572,1.0568,1.05715
1731659400,1.0572,1.05825,1.0572,1.05825
1731660300,1.05825,1.05835,1.05795,1.0582
1731661200,1.05815,1.0591,1.05775,1.05895
1731662100,1.059,1.0592,1.0581,1.05815
1731663000,1.05815,1.05855,1.058,1.05815
1731663900,1.05805,1.0581,1.0573,1.0574
1731664800,1.0574,1.05795,1.05725,1.0578
1731665700,1.05785,1.0582,1.05755,1.05795
1731666600,1.05795,1.05855,1.0571,1.05845
1731667500,1.05845,1.05895,1.05835,1.05865
1731668400,1.0586,1.0586,1.05825,1.05855
1731669300,1.0585,1.0591,1.05825,1.05905
1731670200,1.05905,1.05915,1.0588,1.059
1731671100,1.05895,1.0592,1.05875,1.0589
1731672000,1.0589,1.0591,1.0582,1.05835
1731672900,1.05835,1.0584,1.0579,1.05815
1731673800,1.0582,1.0582,1.0576,1.05775
1731674700,1.05775,1.05885,1.05775,1.0588
1731675600,1.0588,1.06055,1.05875,1.05975
1731676500,1.0598,1.06005,1.0594,1.05975
1731677400,1.0596,1.06025,1.05665,1.05755
1731678300,1.0575,1.05895,1.0569,1.05705
1731679200,1.057,1.05755,1.05585,1.0561
1731680100,1.0561,1.0563,1.05515,1.05575
1731681000,1.0557,1.056,1.0538,1.0548
1731681900,1.05475,1.0554,1.05355,1.05435
1731682800,1.0544,1.0554,1.054,1.0547
1731683700,1.05475,1.0549,1.05405,1.0548
1731684600,1.05485,1.0551,1.0537,1.0538
1731685500,1.05385,1.0549,1.0538,1.0547
1731686400,1.05465,1.05565,1.0545,1.05545
1731687300,1.05545,1.05615,1.05485,1.05585
1731688200,1.05585,1.056,1.05535,1.0556
1731689100,1.0556,1.05635,1.05545,1.0563
1731690000,1.0563,1.05695,1.0563,1.05675
1731690900,1.0567,1.0572,1.05625,1.0563
1731691800,1.05625,1.05695,1.0559,1.05675
1731692700,1.05675,1.05675,1.05605,1.05605
1731693600,1.0561,1.05645,1.0558,1.05595
1731694500,1.05595,1.05615,1.05585,1.05595
1731695400,1.0559,1.056,1.05505,1.0555
1731696300,1.0555,1.05665,1.0555,1.05635
1731697200,1.0564,1.0564,1.0555,1.05585
1731698100,1.05585,1.05595,1.0552,1.05525
1731699000,1.05525,1.05545,1.05505,1.05505
1731699900,1.05505,1.05535,1.0548,1.0549
1731700800,1.0549,1.05495,1.05425,1.0543
1731701700,1.0543,1.0544,1.0534,1.05355
1731702600,1.0535,1.05355,1.05285,1.0535
1731703500,1.05355,1.05405,1.05355,1.054
1731704400,1.05395,1.054,1.0535,1.05385
1731705300,1.05385,1.0542,1.05385,1.0541
1731706200,1.0541,1.05455,1.0541,1.05445
1731707100,1.0545,1.0554,1.0543,1.0553
1731884400,1.05495,1.05495,1.0544,1.0547
1731885300,1.05465,1.05475,1.05445,1.0545
1731886200,1.05455,1.0549,1.0545,1.05485
1731887100,1.05485,1.05495,1.05445,1.0547
1731888000,1.05475,1.0549,1.05445,1.05475
1731888900,1.0548,1.0551,1.0548,1.05505
1731889800,1.0551,1.05575,1.0551,1.05575
1731890700,1.0557,1.0561,1.0557,1.05605
1731891600,1.056,1.0562,1.0554,1.0557
1731892500,1.0557,1.05605,1.055,1.0551
1731893400,1.0551,1.0555,1.05505,1.0555
1731894300,1.0555,1.0557,1.0552,1.0554
1731895200,1.05535,1.05565,1.05495,1.05565
1731896100,1.0556,1.0558,1.0556,1.0557
1731897000,1.05565,1.0557,1.0551,1.05515
1731897900,1.05515,1.0554,1.05505,1.0553
1731898800,1.0553,1.0556,1.0551,1.0552
1731899700,1.05515,1.05535,1.05495,1.05505
1731900600,1.05505,1.05505,1.05445,1.05445
1731901500,1.05445,1.05475,1.05415,1.05455
1731902400,1.0546,1.05485,1.05455,1.0547
1731903300,1.05475,1.05495,1.05475,1.05495
1731904200,1.05495,1.055,1.05475,1.05495
1731905100,1.055,1.0554,1.055,1.05525
1731906000,1.0552,1.0552,1.05475,1.05495
1731906900,1.05495,1.05505,1.0547,1.05495
1731907800,1.0549,1.05535,1.0548,1.05535
1731908700,1.0554,1.05555,1.0549,1.05495
1731909600,1.05495,1.0552,1.0548,1.0552
1731910500,1.0552,1.0557,1.0552,1.05545
1731911400,1.0555,1.0559,1.05545,1.0557
1731912300,1.0557,1.05575,1.0554,1.05545
1731913200,1.05545,1.0555,1.0551,1.0554
1731914100,1.0554,1.0557,1.05505,1.0552
1731915000,1.05515,1.05575,1.05495,1.05575
1731915900,1.05575,1.056,1.05555,1.05585
1731916800,1.0559,1.0562,1.0553,1.0556
1731917700,1.0556,1.05675,1.05555,1.0565
1731918600,1.05655,1.05655,1.0557,1.056
1731919500,1.05595,1.05605,1.0555,1.05585
1731920400,1.0558,1.05635,1.0555,1.0563
1731921300,1.0563,1.058,1.0563,1.05795
1731922200,1.05795,1.0583,1.0574,1.0575
1731923100,1.0575,1.058,1.0575,1.0578
1731924000,1.0578,1.05785,1.0566,1.0567
1731924900,1.05675,1.05705,1.0561,1.0562
1731925800,1.0562,1.05625,1.05585,1.056
1731926700,1.056,1.05615,1.0557,1.056
1731927600,1.056,1.056,1.0548,1.0551
1731928500,1.0551,1.0555,1.0548,1.0549
1731929400,1.05485,1.0552,1.05445,1.0551
1731930300,1.0551,1.05565,1.0551,1.0554
1731931200,1.0554,1.0556,1.05475,1.055
1731932100,1.05505,1.05515,1.05465,1.055
1731933000,1.05505,1.05555,1.05485,1.05555
1731933900,1.0555,1.056,1.0553,1.05585
1731934800,1.0559,1.05645,1.0557,1.05615
1731935700,1.0562,1.05705,1.056,1.0569
1731936600,1.0569,1.0572,1.0565,1.05715
1731937500,1.0571,1.05805,1.057,1.05795
1731938400,1.05795,1.0582,1.05745,1.05755
1731939300,1.05755,1.0578,1.0572,1.05745
1731940200,1.0574,1.05865,1.05735,1.05805
1731941100,1.05805,1.05835,1.05785,1.0581
1731942000,1.0581,1.0585,1.05775,1.058
1731942900,1.058,1.05815,1.05725,1.0573
1731943800,1.05735,1.0583,1.0573,1.05775
1731944700,1.05775,1.05875,1.05765,1.0585
1731945600,1.0585,1.05855,1.05785,1.05805
1731946500,1.058,1.0582,1.0577,1.05795
1731947400,1.05795,1.05845,1.05795,1.05835
1731948300,1.05835,1.05975,1.0583,1.05975
1731949200,1.05975,1.0601,1.05925,1.05935
1731950100,1.05935,1.0596,1.05915,1.0593
1731951000,1.0593,1.06025,1.0592,1.0601
1731951900,1.06005,1.0604,1.05995,1.0603
1731952800,1.06025,1.06025,1.05985,1.0602
1731953700,1.06015,1.0605,1.06005,1.06045
1731954600,1.0604,1.0607,1.0603,1.0604
1731955500,1.0604,1.06095,1.06035,1.06085
1731956400,1.0609,1.0619,1.0609,1.0615
1731957300,1.0615,1.0615,1.0605,1.0606
1731958200,1.0606,1.06065,1.0601,1.0601
1731959100,1.0601,1.0604,1.06005,1.06025
1731960000,1.06025,1.06075,1.0602,1.0606
1731960900,1.06055,1.0608,1.0604,1.0606
1731961800,1.0606,1.06065,1.0601,1.0601
1731962700,1.0601,1.06045,1.06005,1.06045
1731963600,1.06035,1.0607,1.0602,1.06055
1731964500,1.0605,1.06095,1.06045,1.06075
1731965400,1.0608,1.06115,1.06065,1.0611
1731966300,1.06105,1.0612,1.06095,1.061
1731970800,1.06115,1.06115,1.0605,1.06055
1731971700,1.06055,1.0607,1.0604,1.0607
1731972600,1.0606,1.0608,1.06055,1.0608
1731973500,1.06085,1.06085,1.0605,1.06055
1731974400,1.06055,1.0606,1.0602,1.0602
1731975300,1.0602,1.0605,1.0602,1.0603
1731976200,1.0603,1.06045,1.05995,1.05995
1731977100,1.06,1.0605,1.0598,1.06005
1731978000,1.06005,1.06065,1.06,1.06065
1731978900,1.0607,1.0607,1.06025,1.06035
1731979800,1.06035,1.0604,1.06,1.06025
1731980700,1.0603,1.06055,1.0602,1.0604
1731981600,1.0604,1.06075,1.06005,1.0602
1731982500,1.0602,1.0603,1.06,1.0602
1731983400,1.06025,1.06035,1.06005,1.0601
1731984300,1.06005,1.0604,1.06005,1.0603
1731985200,1.0603,1.06065,1.06025,1.06065
1731986100,1.06065,1.0612,1.06065,1.0609
1731987000,1.0609,1.06095,1.06065,1.0608
1731987900,1.06075,1.06085,1.0605,1.0608
1731988800,1.0608,1.0612,1.06065,1.06065
1731989700,1.06065,1.06075,1.06025,1.0603
1731990600,1.06025,1.06035,1.06,1.0603
1731991500,1.0603,1.0603,1.05975,1.05975
1731992400,1.0598,1.0599,1.0596,1.0599
1731993300,1.0599,1.05995,1.0595,1.05965
1731994200,1.05965,1.0598,1.0594,1.05975
1731995100,1.05975,1.05975,1.05935,1.0595
1731996000,1.0595,1.05985,1.05945,1.05955
1731996900,1.05955,1.05995,1.0595,1.05995
1731997800,1.0599,1.06055,1.0599,1.0605
1731998700,1.06045,1.0607,1.0603,1.0604
1731999600,1.0604,1.0606,1.05855,1.05865
1732000500,1.05865,1.05935,1.05855,1.05895
1732001400,1.059,1.0597,1.05865,1.0597
1732002300,1.0597,1.05975,1.05885,1.05885
1732003200,1.0589,1.0599,1.0588,1.05925
1732004100,1.0593,1.0599,1.05925,1.0597
1732005000,1.05965,1.0597,1.05735,1.05845
1732005900,1.05845,1.0588,1.0577,1.05825
1732006800,1.05825,1.05895,1.05815,1.05845
1732007700,1.05845,1.05845,1.05345,1.05465
1732008600,1.05455,1.0558,1.0542,1.05555
1732009500,1.0556,1.05635,1.0549,1.0561
1732010400,1.05605,1.05695,1.0555,1.05695
1732011300,1.0569,1.0575,1.05655,1.0571
1732012200,1.0571,1.05805,1.05695,1.0576
1732013100,1.05755,1.05775,1.057,1.05725
1732014000,1.05725,1.0576,1.0569,1.0569
1732014900,1.05685,1.05695,1.05615,1.0564
1732015800,1.0564,1.0569,1.05605,1.0566
1732016700,1.0566,1.05745,1.0566,1.0573
1732017600,1.05735,1.05775,1.0571,1.05745
1732018500,1.05745,1.0579,1.05715,1.0578
1732019400,1.0578,1.0582,1.05765,1.058
1732020300,1.058,1.05835,1.05785,1.05835
1732021200,1.05835,1.0592,1.05825,1.0591
1732022100,1.05915,1.0596,1.0587,1.0591
1732023000,1.0592,1.06085,1.05885,1.0603
1732023900,1.06025,1.0604,1.0585,1.05885
1732024800,1.0588,1.06015,1.0581,1.06005
1732025700,1.06005,1.0607,1.05965,1.0601
1732026600,1.06025,1.0605,1.0594,1.0597
1732027500,1.05975,1.0599,1.05815,1.0584
1732028400,1.0584,1.05855,1.05765,1.0584
1732029300,1.05845,1.0592,1.05795,1.05895
1732030200,1.059,1.06125,1.059,1.0605
1732031100,1.0605,1.0605,1.0594,1.0598
1732032000,1.0598,1.06045,1.0595,1.0599
1732032900,1.05995,1.06045,1.05935,1.05945
1732033800,1.0594,1.0595,1.05825,1.0589
1732034700,1.05895,1.0593,1.05855,1.0589
1732035600,1.05885,1.06005,1.0588,1.05995
1732036500,1.05995,1.06005,1.05945,1.0598
1732037400,1.0598,1.06,1.0592,1.05955
1732038300,1.0595,1.0597,1.0591,1.05915
1732039200,1.0591,1.05915,1.05825,1.05845
1732040100,1.05845,1.05895,1.05835,1.0589
1732041000,1.05885,1.0595,1.05865,1.05945
1732041900,1.0595,1.06015,1.0594,1.0601
1732042800,1.06015,1.06035,1.0597,1.06
1732043700,1.06,1.06005,1.0595,1.05975
1732044600,1.0598,1.0599,1.05955,1.05985
1732045500,1.0598,1.06065,1.0598,1.06045
1732046400,1.0605,1.0607,1.06025,1.0607
1732047300,1.0607,1.06075,1.06045,1.06045
1732048200,1.06045,1.06075,1.0603,1.0606
1732049100,1.0606,1.06095,1.06045,1.06045
1732050000,1.06045,1.06075,1.0604,1.0606
1732050900,1.06065,1.0607,1.0605,1.06065
1732051800,1.0607,1.06085,1.06065,1.06075
1732052700,1.0608,1.06085,1.06065,1.06065
1732057200,1.0608,1.061,1.06065,1.061
1732058100,1.061,1.0611,1.06085,1.0611
1732059000,1.06105,1.0618,1.06105,1.0618
1732059900,1.0618,1.06185,1.06165,1.0618
1732060800,1.0618,1.06205,1.06175,1.06175
1732061700,1.0617,1.0619,1.0616,1.0619
1732062600,1.06185,1.06195,1.0617,1.06175
1732063500,1.06175,1.06175,1.061,1.061
1732064400,1.06105,1.06145,1.06095,1.06095
1732065300,1.06095,1.0611,1.06075,1.06085
1732066200,1.0608,1.06115,1.06065,1.06095
1732067100,1.06095,1.0611,1.0608,1.0611
1732068000,1.0611,1.06145,1.061,1.0612
1732068900,1.06115,1.06145,1.06095,1.0613
1732069800,1.06125,1.0614,1.06065,1.06075
1732070700,1.06075,1.06095,1.06065,1.0607
1732071600,1.0607,1.06095,1.0607,1.0608
1732072500,1.0608,1.06085,1.06045,1.06055
1732073400,1.06055,1.06055,1.06025,1.0603
1732074300,1.06025,1.0603,1.0599,1.06005
1732075200,1.0601,1.06015,1.05995,1.06
1732076100,1.06,1.06005,1.0599,1.0599
1732077000,1.0599,1.0602,1.05985,1.06015
1732077900,1.06015,1.06055,1.06015,1.0604
1732078800,1.06035,1.06045,1.0601,1.0604
1732079700,1.0604,1.06055,1.06015,1.0602
1732080600,1.06015,1.06015,1.0599,1.05995
1732081500,1.06,1.0601,1.05975,1.0598
1732082400,1.0598,1.06,1.0594,1.0596
1732083300,1.0596,1.06005,1.0594,1.06
1732084200,1.05995,1.06065,1.0598,1.06045
1732085100,1.06045,1.0605,1.0597,1.05985
1732086000,1.0598,1.0603,1.0597,1.06005
1732086900,1.0601,1.0606,1.05945,1.05945
1732087800,1.05945,1.05945,1.05895,1.0593
1732088700,1.0593,1.0597,1.05875,1.05895
1732089600,1.059,1.059,1.0576,1.05795
1732090500,1.05795,1.0587,1.05795,1.05835
1732091400,1.0583,1.05855,1.05745,1.0575
1732092300,1.0575,1.0577,1.05715,1.0575
1732093200,1.0575,1.05795,1.05685,1.0579
1732094100,1.0579,1.0579,1.05685,1.05695
1732095000,1.057,1.05755,1.0564,1.0571
1732095900,1.0571,1.05745,1.0565,1.05665
1732096800,1.05665,1.0572,1.05655,1.05695
1732097700,1.05695,1.05695,1.05615,1.0562
1732098600,1.0562,1.0566,1.05575,1.05615
1732099500,1.0561,1.0563,1.05565,1.056
1732100400,1.05595,1.0561,1.05565,1.05585
1732101300,1.05585,1.05605,1.05535,1.0559
1732102200,1.05585,1.0567,1.0558,1.05635
1732103100,1.0563,1.05675,1.0562,1.05655
1732104000,1.05655,1.0572,1.05625,1.0564
1732104900,1.0564,1.0572,1.0564,1.0571
1732105800,1.05705,1.05765,1.057,1.0576
1732106700,1.0576,1.0579,1.0569,1.05695
1732107600,1.05695,1.0574,1.05695,1.0571
1732108500,1.0571,1.05725,1.0566,1.0568
1732109400,1.05675,1.05715,1.0562,1.0564
1732110300,1.0564,1.05705,1.0564,1.05675
1732111200,1.05675,1.0568,1.0559,1.05615
1732112100,1.0561,1.0561,1.0535,1.05485
1732113000,1.05485,1.05555,1.0544,1.0553
1732113900,1.05535,1.05535,1.05335,1.05355
1732114800,1.0536,1.0544,1.05355,1.054
1732115700,1.05395,1.05465,1.05335,1.05465
1732116600,1.0546,1.05485,1.05375,1.0538
1732117500,1.0538,1.0539,1.05255,1.05325
1732118400,1.05325,1.05355,1.05175,1.0528
1732119300,1.0528,1.053,1.05205,1.05245
1732120200,1.0524,1.05295,1.0519,1.0529
1732121100,1.0529,1.05355,1.05265,1.0531
1732122000,1.05305,1.0536,1.05265,1.0536
1732122900,1.05355,1.05405,1.05345,1.054
1732123800,1.054,1.05455,1.05375,1.0544
1732124700,1.05435,1.0547,1.0541,1.0543
1732125600,1.0543,1.05435,1.05385,1.05385
1732126500,1.0538,1.05435,1.05365,1.0538
1732127400,1.0538,1.0542,1.05365,1.0539
1732128300,1.0539,1.05475,1.0538,1.05465
1732129200,1.0547,1.05495,1.05465,1.05485
1732130100,1.0549,1.055,1.05475,1.05485
1732131000,1.05485,1.05535,1.05475,1.0553
1732131900,1.05535,1.05535,1.05485,1.05505
1732132800,1.05505,1.05505,1.0547,1.055
1732133700,1.05495,1.05505,1.0547,1.05485
1732134600,1.05485,1.05505,1.0547,1.05495
1732135500,1.05495,1.05505,1.0548,1.055
1732136400,1.05495,1.05525,1.0549,1.05525
1732137300,1.05525,1.0554,1.05515,1.0553
1732138200,1.0553,1.0553,1.05485,1.05495
1732139100,1.055,1.05555,1.055,1.05545
1732143600,1.05535,1.0555,1.05525,1.05535
1732144500,1.05535,1.05555,1.0553,1.0555
1732145400,1.05545,1.05555,1.0554,1.05555
1732146300,1.05555,1.0556,1.0555,1.0556
1732147200,1.05555,1.0556,1.05535,1.0555
1732148100,1.05545,1.05555,1.05525,1.0553
1732149000,1.05525,1.0556,1.0552,1.05545
1732149900,1.05545,1.05575,1.05535,1.0556
1732150800,1.05555,1.0557,1.05555,1.05565
1732151700,1.05565,1.05595,1.0556,1.05575
1732152600,1.05575,1.0559,1.05555,1.05585
1732153500,1.05585,1.05595,1.05545,1.05555
1732154400,1.05555,1.0559,1.05555,1.0559
1732155300,1.0559,1.056,1.05575,1.05585
1732156200,1.0559,1.05595,1.05575,1.05585
1732157100,1.05585,1.056,1.05585,1.0559
1732158000,1.05595,1.05605,1.05575,1.05575
1732158900,1.05575,1.0559,1.0557,1.05585
1732159800,1.05585,1.0562,1.05585,1.056
1732160700,1.056,1.0563,1.056,1.05625
1732161600,1.0563,1.05645,1.0561,1.0561
1732162500,1.0561,1.05615,1.05605,1.05605
1732163400,1.0561,1.05635,1.05605,1.05605
1732164300,1.05605,1.0562,1.05585,1.05615
1732165200,1.05605,1.05615,1.05575,1.05575
1732166100,1.05575,1.056,1.05575,1.05585
1732167000,1.05585,1.05585,1.0556,1.05575
1732167900,1.05575,1.0559,1.0556,1.05565
1732168800,1.05565,1.0563,1.0556,1.05625
1732169700,1.05625,1.05645,1.05575,1.0558
1732170600,1.0558,1.0558,1.05515,1.05565
1732171500,1.0557,1.0557,1.0554,1.0555
1732172400,1.05545,1.05575,1.05445,1.0546
1732173300,1.0546,1.0549,1.0542,1.05425
1732174200,1.0542,1.05465,1.05395,1.05435
1732175100,1.0544,1.05485,1.05425,1.05455
1732176000,1.05465,1.0548,1.05445,1.0546
1732176900,1.0546,1.05485,1.0537,1.05385
1732177800,1.0539,1.0542,1.0534,1.0539
1732178700,1.05395,1.0553,1.05395,1.05505
1732179600,1.055,1.05505,1.0541,1.05415
1732180500,1.05415,1.0542,1.05235,1.0531
1732181400,1.0531,1.0534,1.05235,1.0526
1732182300,1.05255,1.05295,1.0524,1.05265
1732183200,1.05265,1.053,1.05235,1.0524
1732184100,1.05245,1.05295,1.05245,1.05255
1732185000,1.0526,1.05385,1.05245,1.0533
1732185900,1.0533,1.0533,1.05265,1.05305
1732186800,1.05305,1.05325,1.0526,1.05295
1732187700,1.0529,1.0541,1.0529,1.05385
1732188600,1.05385,1.05395,1.0529,1.0531
1732189500,1.0531,1.05325,1.0527,1.05295
1732190400,1.053,1.0533,1.05285,1.05315
1732191300,1.0531,1.0532,1.0527,1.05285
1732192200,1.05285,1.05375,1.05285,1.05375
1732193100,1.05375,1.05455,1.05345,1.05365
1732194000,1.0537,1.0538,1.0533,1.05375
1732194900,1.0538,1.05395,1.05295,1.05295
1732195800,1.0531,1.05495,1.0525,1.05435
1732196700,1.05435,1.05485,1.0538,1.05425
1732197600,1.05425,1.0545,1.0532,1.0534
1732198500,1.0534,1.05395,1.0531,1.0536
1732199400,1.05365,1.0541,1.05305,1.05405
1732200300,1.05405,1.05455,1.0535,1.05445
1732201200,1.0545,1.05545,1.05425,1.05445
1732202100,1.0545,1.05495,1.05425,1.05425
1732203000,1.0542,1.05445,1.05375,1.05405
1732203900,1.05405,1.05405,1.0519,1.052
1732204800,1.052,1.05245,1.0507,1.0513
1732205700,1.0513,1.0513,1.04835,1.04985
1732206600,1.04985,1.05025,1.04895,1.04895
1732207500,1.0489,1.0491,1.0481,1.04835
1732208400,1.0484,1.0485,1.04715,1.0479
1732209300,1.04785,1.0488,1.0474,1.0486
1732210200,1.04855,1.04945,1.0485,1.04925
1732211100,1.04925,1.04975,1.0491,1.04965
1732212000,1.04965,1.0498,1.04875,1.04965
1732212900,1.04965,1.04985,1.0492,1.04925
1732213800,1.0492,1.0497,1.04915,1.0495
1732214700,1.0495,1.0499,1.0493,1.04955
1732215600,1.04955,1.0497,1.0487,1.0489
1732216500,1.0489,1.04905,1.0483,1.04865
1732217400,1.0486,1.0493,1.0485,1.04925
1732218300,1.0493,1.04955,1.04895,1.04945
1732219200,1.04935,1.04965,1.04915,1.04915
1732220100,1.0492,1.0492,1.0488,1.04895
1732221000,1.04895,1.0491,1.0487,1.04885
1732221900,1.0489,1.0492,1.0487,1.0488
1732222800,1.04885,1.04905,1.04855,1.04865
1732223700,1.04865,1.0487,1.0483,1.0483
1732224600,1.0483,1.04835,1.0481,1.0482
1732225500,1.0482,1.0484,1.04815,1.0484
1732230000,1.0484,1.04865,1.04825,1.04825
1732230900,1.04825,1.04825,1.04815,1.04815
1732231800,1.0482,1.04835,1.04815,1.04815
1732232700,1.04815,1.04825,1.0477,1.0478
1732233600,1.0478,1.04825,1.04775,1.048
1732234500,1.04795,1.048,1.04755,1.04775
1732235400,1.0478,1.04815,1.04775,1.048
1732236300,1.04795,1.04845,1.0478,1.04845
1732237200,1.0485,1.0486,1.04835,1.0484
1732238100,1.0484,1.0486,1.0483,1.0483
1732239000,1.04825,1.0485,1.04815,1.04835
1732239900,1.04835,1.04865,1.04785,1.04805
1732240800,1.04805,1.04825,1.0476,1.04765
1732241700,1.04765,1.0481,1.04765,1.04795
1732242600,1.0479,1.04795,1.04765,1.0479
1732243500,1.0479,1.0482,1.04775,1.0482
1732244400,1.0482,1.0484,1.04815,1.0483
1732245300,1.0483,1.0488,1.04825,1.04865
1732246200,1.0486,1.0486,1.04825,1.04835
1732247100,1.0483,1.04855,1.04825,1.0484
1732248000,1.0484,1.04845,1.04815,1.04815
1732248900,1.04815,1.0483,1.04815,1.0483
1732249800,1.04825,1.04825,1.04795,1.04795
1732250700,1.04795,1.0485,1.04785,1.04835
1732251600,1.04835,1.04835,1.0478,1.0479
1732252500,1.0479,1.04795,1.04745,1.04755
1732253400,1.04755,1.04755,1.04715,1.04715
1732254300,1.04715,1.04755,1.04705,1.0474
1732255200,1.04735,1.0479,1.0473,1.0477
1732256100,1.04775,1.0478,1.04735,1.0475
1732257000,1.04755,1.0479,1.04755,1.0477
1732257900,1.04775,1.04795,1.04775,1.04785
1732258800,1.0479,1.04805,1.04715,1.0473
1732259700,1.04735,1.04885,1.04735,1.04885
1732260600,1.04885,1.0498,1.04875,1.04955
1732261500,1.04955,1.04985,1.04925,1.04955
1732262400,1.04955,1.05085,1.04945,1.0506
1732263300,1.0505,1.0505,1.04755,1.049
1732264200,1.0488,1.0496,1.04725,1.04815
1732265100,1.0482,1.0483,1.04505,1.0453
1732266000,1.0453,1.04565,1.03405,1.03495
1732266900,1.03495,1.0418,1.03475,1.04175
1732267800,1.0417,1.04295,1.0408,1.04255
1732268700,1.0425,1.0428,1.04105,1.04115
1732269600,1.04115,1.04125,1.0394,1.0407
1732270500,1.0406,1.0428,1.0406,1.04255
1732271400,1.04255,1.04395,1.04245,1.04375
1732272300,1.0437,1.0447,1.0431,1.0439
1732273200,1.0439,1.04395,1.0425,1.0432
1732274100,1.04315,1.0436,1.0426,1.0432
1732275000,1.0432,1.0436,1.0421,1.04225
1732275900,1.0423,1.0426,1.0417,1.04255
1732276800,1.0426,1.04285,1.04205,1.04215
1732277700,1.04215,1.04235,1.04095,1.04105
1732278600,1.041,1.0419,1.0407,1.04175
1732279500,1.0418,1.04225,1.041,1.04165
1732280400,1.0417,1.0428,1.04155,1.0428
1732281300,1.0428,1.0438,1.0427,1.04285
1732282200,1.04285,1.04435,1.04285,1.04425
1732283100,1.04425,1.0443,1.04325,1.04385
1732284000,1.04385,1.0444,1.0433,1.0434
1732284900,1.0434,1.0438,1.042,1.04205
1732285800,1.04205,1.04345,1.0419,1.0431
1732286700,1.043,1.043,1.041,1.0413
1732287600,1.04145,1.04295,1.0404,1.04215
1732288500,1.04215,1.04285,1.04205,1.04215
1732289400,1.04215,1.04225,1.0414,1.0422
1732290300,1.0422,1.0427,1.0411,1.04195
1732291200,1.04195,1.0421,1.04125,1.04135
1732292100,1.0414,1.0415,1.04015,1.0405
1732293000,1.04045,1.0409,1.0404,1.04065
1732293900,1.04065,1.0409,1.04025,1.04075
1732294800,1.04075,1.04175,1.04075,1.04165
1732295700,1.04165,1.0419,1.04115,1.04185
1732296600,1.04185,1.0427,1.04175,1.04255
1732297500,1.0426,1.04295,1.0424,1.0428
1732298400,1.04275,1.0434,1.04275,1.04315
1732299300,1.04315,1.0432,1.04285,1.04295
1732300200,1.043,1.0432,1.0426,1.0427
1732301100,1.0427,1.0429,1.04235,1.04255
1732302000,1.04255,1.04275,1.04235,1.0425
1732302900,1.04245,1.04265,1.04225,1.0424
1732303800,1.04235,1.04235,1.04175,1.042
1732304700,1.042,1.04215,1.04175,1.042
1732305600,1.042,1.04215,1.04165,1.04185
1732306500,1.0419,1.0424,1.04175,1.0423
1732307400,1.04235,1.0427,1.0423,1.04255
1732308300,1.04255,1.0426,1.0422,1.0424
1732309200,1.04235,1.0426,1.0422,1.0425
1732310100,1.04255,1.0427,1.0425,1.04265
1732311000,1.0427,1.04275,1.0423,1.0424
1732311900,1.04245,1.0429,1.0424,1.0428
1732489200,1.046,1.04945,1.0451,1.04925
1732490100,1.04925,1.05125,1.0491,1.05075
1732491000,1.0507,1.05095,1.0489,1.049
1732491900,1.049,1.04905,1.04845,1.0489
1732492800,1.04875,1.0489,1.0482,1.0488
1732493700,1.0488,1.0494,1.04855,1.04865
1732494600,1.0486,1.04905,1.0483,1.0489
1732495500,1.04885,1.04935,1.04855,1.049
1732496400,1.04895,1.04925,1.04835,1.04835
1732497300,1.0484,1.0496,1.0483,1.04955
1732498200,1.0496,1.0499,1.04895,1.04915
1732499100,1.0491,1.04945,1.0485,1.0487
1732500000,1.04865,1.04905,1.04835,1.04905
1732500900,1.0491,1.0494,1.04895,1.04935
1732501800,1.04935,1.04985,1.04935,1.04955
1732502700,1.0495,1.0497,1.04925,1.0496
1732503600,1.0496,1.0496,1.04895,1.04915
1732504500,1.04925,1.04975,1.04915,1.04925
1732505400,1.04925,1.0494,1.049,1.04905
1732506300,1.049,1.049,1.04845,1.04865
1732507200,1.04865,1.04885,1.0486,1.0486
1732508100,1.0486,1.04875,1.04835,1.0487
1732509000,1.04875,1.049,1.0487,1.0488
1732509900,1.04885,1.04895,1.0486,1.04885
1732510800,1.0488,1.04915,1.0485,1.0491
1732511700,1.04905,1.04905,1.04835,1.0487
1732512600,1.0487,1.0488,1.0486,1.0487
1732513500,1.0487,1.04895,1.04855,1.0488
1732514400,1.0488,1.049,1.0484,1.0487
1732515300,1.04875,1.0498,1.04865,1.04965
1732516200,1.04955,1.04985,1.04935,1.0496
1732517100,1.04955,1.0496,1.0491,1.0492
1732518000,1.0492,1.04925,1.04825,1.0485
1732518900,1.04855,1.04855,1.0478,1.04795
1732519800,1.04795,1.04795,1.0472,1.04735
1732520700,1.04735,1.04745,1.04585,1.04595
1732521600,1.04595,1.04685,1.04575,1.0462
1732522500,1.04615,1.04625,1.04575,1.04625
1732523400,1.0462,1.0468,1.04595,1.0462
1732524300,1.0462,1.04755,1.046,1.04745
1732525200,1.04735,1.04955,1.04715,1.04905
1732526100,1.04905,1.0491,1.048,1.04835
1732527000,1.04835,1.0491,1.0483,1.04875
1732527900,1.0488,1.0506,1.04875,1.04985
1732528800,1.0498,1.0502,1.04955,1.0496
1732529700,1.04965,1.0503,1.04945,1.0499
1732530600,1.04995,1.05055,1.04945,1.04965
1732531500,1.0496,1.04995,1.04925,1.0495
1732532400,1.0495,1.0498,1.04925,1.04935
1732533300,1.04935,1.0499,1.0489,1.0492
1732534200,1.0492,1.04935,1.0485,1.04855
1732535100,1.0486,1.0489,1.0484,1.04885
1732536000,1.04885,1.04925,1.04855,1.0489
1732536900,1.0489,1.0489,1.0483,1.0485
1732537800,1.04845,1.04945,1.04845,1.04915
1732538700,1.04915,1.0502,1.04915,1.0497
1732539600,1.0498,1.0511,1.0497,1.0509
1732540500,1.05085,1.05345,1.05065,1.053
1732541400,1.053,1.05365,1.0525,1.05285
1732542300,1.05285,1.05395,1.05235,1.05375
1732543200,1.05375,1.0539,1.053,1.0536
1732544100,1.0536,1.0537,1.05245,1.05345
1732545000,1.0534,1.05375,1.05135,1.0514
1732545900,1.05145,1.05205,1.05145,1.0517
1732546800,1.0517,1.05175,1.0495,1.0505
1732547700,1.0506,1.0524,1.0505,1.05225
1732548600,1.0522,1.05285,1.05175,1.05215
1732549500,1.0521,1.05235,1.0495,1.04975
1732550400,1.0497,1.05035,1.04955,1.0499
1732551300,1.0499,1.05015,1.04895,1.04935
1732552200,1.0494,1.04975,1.04835,1.04835
1732553100,1.04835,1.04875,1.04755,1.04865
1732554000,1.04865,1.04885,1.0481,1.0481
1732554900,1.0481,1.0486,1.04775,1.04835
1732555800,1.0484,1.0494,1.0484,1.0492
1732556700,1.04925,1.04955,1.04905,1.0495
1732557600,1.04945,1.0507,1.04945,1.0501
1732558500,1.0501,1.0506,1.04995,1.05055
1732559400,1.0506,1.05135,1.0506,1.05075
1732560300,1.05075,1.0517,1.05065,1.0516
1732561200,1.05165,1.05195,1.0516,1.0517
1732562100,1.05175,1.0519,1.0514,1.0518
1732563000,1.0518,1.0519,1.0514,1.0514
1732563900,1.05145,1.05145,1.051,1.05145
1732564800,1.0514,1.05175,1.05135,1.0517
1732565700,1.0517,1.0518,1.05095,1.05115
1732566600,1.05115,1.0512,1.05085,1.0509
1732567500,1.0509,1.05115,1.05,1.0501
1732568400,1.0501,1.0506,1.05,1.0503
1732569300,1.0503,1.05055,1.05025,1.05025
1732570200,1.0502,1.05035,1.05015,1.0502
1732571100,1.0502,1.0505,1.05005,1.05045
1732575600,1.0503,1.05085,1.0503,1.05055
1732576500,1.05065,1.05065,1.0503,1.05045
1732577400,1.0505,1.0505,1.0473,1.0475
1732578300,1.04765,1.04775,1.04505,1.0452
1732579200,1.0452,1.04645,1.04405,1.0441
1732580100,1.0441,1.04625,1.0433,1.0461
1732581000,1.0461,1.04655,1.0451,1.0453
1732581900,1.04535,1.0458,1.04405,1.04425
1732582800,1.0442,1.0456,1.0438,1.04535
1732583700,1.04545,1.0465,1.04515,1.04635
1732584600,1.0464,1.0473,1.0461,1.0462
1732585500,1.0462,1.04695,1.0459,1.0462
1732586400,1.0462,1.0468,1.04595,1.0467
1732587300,1.0467,1.04705,1.04645,1.0466
1732588200,1.0466,1.04675,1.04615,1.0465
1732589100,1.0465,1.04725,1.0464,1.04685
1732590000,1.0468,1.04755,1.0466,1.0475
1732590900,1.0475,1.0477,1.0472,1.04745
1732591800,1.0474,1.04815,1.04735,1.048
1732592700,1.04805,1.04875,1.048,1.04855
1732593600,1.04855,1.0498,1.04855,1.0492
1732594500,1.04915,1.0494,1.04895,1.0492
1732595400,1.04915,1.04915,1.04865,1.0487
1732596300,1.0487,1.04875,1.04845,1.04875
1732597200,1.04875,1.0489,1.04845,1.04855
1732598100,1.04855,1.0487,1.0483,1.04835
1732599000,1.04835,1.04885,1.04835,1.04855
1732599900,1.04855,1.04855,1.0482,1.0483
1732600800,1.0483,1.04915,1.0483,1.04895
1732601700,1.04895,1.049,1.0485,1.04865
1732602600,1.0486,1.04905,1.04835,1.0488
1732603500,1.0488,1.0488,1.0482,1.0484
1732604400,1.04845,1.04895,1.048,1.0489
1732605300,1.04885,1.04895,1.04815,1.0483
1732606200,1.0483,1.04935,1.0482,1.04895
1732607100,1.049,1.04925,1.048,1.048
1732608000,1.048,1.04885,1.04775,1.048
1732608900,1.048,1.04965,1.048,1.04905
1732609800,1.0491,1.04935,1.0486,1.04885
1732610700,1.04885,1.05045,1.04885,1.0499
1732611600,1.0499,1.0527,1.04985,1.0523
1732612500,1.0523,1.0523,1.05055,1.0506
1732613400,1.0506,1.05135,1.05,1.05125
1732614300,1.05125,1.0517,1.051,1.0515
1732615200,1.0515,1.05205,1.05135,1.0517
1732616100,1.05165,1.05235,1.0515,1.05205
1732617000,1.052,1.05255,1.0517,1.05245
1732617900,1.0524,1.05285,1.05225,1.0525
1732618800,1.05245,1.0527,1.0521,1.0521
1732619700,1.05205,1.0523,1.0513,1.0516
1732620600,1.05155,1.05275,1.05145,1.05275
1732621500,1.05275,1.0529,1.05195,1.05215
1732622400,1.0521,1.05315,1.05175,1.0531
1732623300,1.0531,1.05525,1.0529,1.0539
1732624200,1.0539,1.05525,1.0539,1.0545
1732625100,1.0545,1.05455,1.053,1.0532
1732626000,1.0532,1.05345,1.05235,1.05295
1732626900,1.05295,1.05315,1.0509,1.05095
1732627800,1.05095,1.05215,1.05075,1.052
1732628700,1.05205,1.05235,1.0508,1.05115
1732629600,1.05115,1.0514,1.0498,1.0501
1732630500,1.0501,1.05145,1.0499,1.0508
1732631400,1.0507,1.0511,1.05,1.05105
1732632300,1.0511,1.05135,1.05045,1.051
1732633200,1.0511,1.0518,1.0505,1.05105
1732634100,1.05105,1.0513,1.04945,1.0495
1732635000,1.04945,1.05025,1.04925,1.04995
1732635900,1.04995,1.0509,1.04865,1.04875
1732636800,1.0488,1.0494,1.04735,1.04755
1732637700,1.0476,1.0482,1.04715,1.04805
1732638600,1.04805,1.0494,1.04795,1.04835
1732639500,1.0484,1.0494,1.0484,1.04875
1732640400,1.04875,1.04885,1.04775,1.04775
1732641300,1.04775,1.04815,1.0474,1.04765
1732642200,1.0477,1.04805,1.0473,1.0473
1732643100,1.04735,1.04785,1.04725,1.04785
1732644000,1.04785,1.04825,1.0475,1.04785
1732644900,1.04785,1.04795,1.04685,1.04695
1732645800,1.04695,1.04735,1.0465,1.04725
1732646700,1.04725,1.0475,1.04695,1.0473
1732647600,1.04735,1.04885,1.04705,1.0477
1732648500,1.0477,1.0477,1.0468,1.0468
1732649400,1.0468,1.0476,1.04655,1.0475
1732650300,1.0475,1.0485,1.0475,1.04805
1732651200,1.0481,1.0484,1.048,1.0482
1732652100,1.0482,1.04855,1.048,1.04815
1732653000,1.04825,1.04845,1.0479,1.04845
1732653900,1.0484,1.049,1.04805,1.04885
1732654800,1.0488,1.0496,1.0488,1.0495
1732655700,1.0495,1.0498,1.04945,1.04965
1732656600,1.0497,1.04975,1.0495,1.04965
1732657500,1.0497,1.0498,1.04955,1.0497
1732662000,1.0497,1.05,1.0496,1.04985
1732662900,1.0498,1.0498,1.04935,1.04935
1732663800,1.0494,1.0498,1.0494,1.04975
1732664700,1.04975,1.05,1.0497,1.0499
1732665600,1.05,1.05045,1.04995,1.0502
1732666500,1.05015,1.05035,1.04995,1.05005
1732667400,1.05,1.05025,1.0497,1.04985
1732668300,1.0499,1.0501,1.04965,1.04975
1732669200,1.0497,1.04995,1.0494,1.0495
1732670100,1.0495,1.05005,1.04945,1.04955
1732671000,1.0495,1.0498,1.04935,1.0495
1732671900,1.04955,1.0498,1.04925,1.0494
1732672800,1.04945,1.0496,1.04905,1.04925
1732673700,1.0492,1.0494,1.04905,1.0492
1732674600,1.04925,1.0494,1.04895,1.0492
1732675500,1.0492,1.04945,1.0492,1.04935
1732676400,1.04935,1.0494,1.04855,1.04875
1732677300,1.04875,1.04895,1.0486,1.0489
1732678200,1.04885,1.04915,1.04885,1.0491
1732679100,1.0491,1.04935,1.04885,1.04905
1732680000,1.04905,1.0492,1.0489,1.0491
1732680900,1.0491,1.0491,1.0487,1.0487
1732681800,1.0487,1.0489,1.04855,1.0489
1732682700,1.0489,1.04895,1.04865,1.04865
1732683600,1.04865,1.04875,1.0486,1.0487
1732684500,1.04865,1.0488,1.0485,1.04865
1732685400,1.04865,1.04885,1.0486,1.0487
1732686300,1.0487,1.0488,1.04825,1.0485
1732687200,1.0485,1.0488,1.04835,1.04875
1732688100,1.04875,1.04925,1.04845,1.04925
1732689000,1.04925,1.0494,1.0486,1.0487
1732689900,1.04875,1.0489,1.04855,1.0488
1732690800,1.0488,1.0499,1.04875,1.0493
1732691700,1.04925,1.0503,1.04915,1.05005
1732692600,1.05005,1.05095,1.05,1.05055
1732693500,1.05055,1.0513,1.0504,1.0506
1732694400,1.0506,1.0522,1.0504,1.0518
1732695300,1.0518,1.05485,1.0514,1.0537
1732696200,1.05375,1.054,1.05275,1.05285
1732697100,1.05285,1.05305,1.05155,1.0522
1732698000,1.0522,1.0526,1.0517,1.05235
1732698900,1.05235,1.05245,1.0517,1.0523
1732699800,1.0523,1.0525,1.05185,1.0519
1732700700,1.0519,1.05265,1.0518,1.0524
1732701600,1.0524,1.0531,1.0523,1.0527
1732702500,1.0527,1.05295,1.05205,1.0527
1732703400,1.05275,1.05315,1.05245,1.053
1732704300,1.05295,1.0538,1.05265,1.05355
1732705200,1.0535,1.0538,1.0527,1.05275
1732706100,1.0527,1.0527,1.0519,1.05195
1732707000,1.05195,1.0533,1.0518,1.0531
1732707900,1.05305,1.05355,1.05245,1.0534
1732708800,1.0534,1.05375,1.05315,1.0533
1732709700,1.0533,1.05355,1.05275,1.0535
1732710600,1.05345,1.05455,1.0534,1.05435
1732711500,1.05435,1.0546,1.0534,1.0536
1732712400,1.05365,1.05425,1.0535,1.054
1732713300,1.054,1.0545,1.05375,1.05415
1732714200,1.05415,1.0568,1.0541,1.0557
1732715100,1.05575,1.05815,1.05525,1.05805
1732716000,1.05805,1.0587,1.0572,1.0573
1732716900,1.0573,1.05735,1.05625,1.05655
1732717800,1.05655,1.0569,1.05575,1.0565
1732718700,1.05645,1.0567,1.05565,1.05645
1732719600,1.0565,1.05675,1.05415,1.0544
1732720500,1.05435,1.0555,1.0541,1.05525
1732721400,1.05525,1.05675,1.05495,1.0566
1732722300,1.0566,1.0588,1.05625,1.05785
1732723200,1.05785,1.05835,1.0569,1.05715
1732724100,1.05715,1.05735,1.05625,1.05655
1732725000,1.05655,1.05875,1.0565,1.05865
1732725900,1.0586,1.0593,1.0581,1.0582
1732726800,1.05825,1.0592,1.05795,1.05895
1732727700,1.0589,1.0596,1.0588,1.05895
1732728600,1.05895,1.059,1.0582,1.0587
1732729500,1.05875,1.05875,1.0581,1.0584
1732730400,1.05845,1.05865,1.05805,1.05815
1732731300,1.0582,1.05865,1.0581,1.0581
1732732200,1.0581,1.0584,1.05775,1.05785
1732733100,1.0579,1.05795,1.05735,1.05745
1732734000,1.0574,1.0579,1.0572,1.0577
1732734900,1.05765,1.0577,1.05705,1.05715
1732735800,1.05715,1.05765,1.0571,1.05765
1732736700,1.05765,1.0577,1.05685,1.05705
1732737600,1.05705,1.05715,1.0568,1.05695
1732738500,1.057,1.0572,1.0567,1.0572
1732739400,1.0572,1.05735,1.05695,1.05705
1732740300,1.0571,1.05745,1.0571,1.05735
1732741200,1.05735,1.05755,1.05705,1.05735
1732742100,1.05735,1.0576,1.05725,1.05745
1732743000,1.05745,1.05745,1.0572,1.05735
1732743900,1.05735,1.05755,1.05725,1.05745
1732748400,1.0574,1.0576,1.0573,1.05735
1732749300,1.05745,1.0575,1.05715,1.0572
1732750200,1.0572,1.05725,1.057,1.05705
1732751100,1.057,1.05705,1.0567,1.05685
1732752000,1.05685,1.05685,1.0563,1.0563
1732752900,1.05635,1.05685,1.0563,1.0566
1732753800,1.05665,1.05685,1.05635,1.05635
1732754700,1.0564,1.05645,1.05575,1.0559
1732755600,1.0558,1.05595,1.0554,1.0556
1732756500,1.05565,1.0565,1.05565,1.05645
1732757400,1.0564,1.05685,1.056,1.0565
1732758300,1.05645,1.0569,1.05625,1.0563
1732759200,1.0564,1.05675,1.0562,1.0565
1732760100,1.0565,1.0566,1.05615,1.0562
1732761000,1.0562,1.0562,1.05575,1.056
1732761900,1.05605,1.05635,1.056,1.05635
1732762800,1.05635,1.0564,1.056,1.05615
1732763700,1.0562,1.05625,1.05595,1.0562
1732764600,1.05615,1.0562,1.05575,1.0561
1732765500,1.0561,1.0561,1.05565,1.05585
1732766400,1.0559,1.05595,1.05555,1.05575
1732767300,1.0558,1.0564,1.0558,1.0562
1732768200,1.0562,1.0563,1.05605,1.0561
1732769100,1.05605,1.0561,1.0558,1.0561
1732770000,1.05615,1.05645,1.0561,1.05625
1732770900,1.05615,1.0563,1.0559,1.056
1732771800,1.05605,1.0563,1.05605,1.05625
1732772700,1.05625,1.0564,1.0556,1.0557
1732773600,1.05565,1.05565,1.05495,1.05535
1732774500,1.0554,1.05555,1.0552,1.05545
1732775400,1.0555,1.0557,1.0553,1.0557
1732776300,1.05575,1.05585,1.05535,1.0555
1732777200,1.05555,1.05555,1.0548,1.05535
1732778100,1.05535,1.05615,1.05525,1.0553
1732779000,1.05525,1.05525,1.0539,1.05395
1732779900,1.05395,1.05515,1.05385,1.05485
1732780800,1.0548,1.05485,1.05345,1.0548
1732781700,1.05475,1.0548,1.05365,1.0543
1732782600,1.05435,1.055,1.05405,1.055
1732783500,1.05495,1.05565,1.0549,1.05505
1732784400,1.05505,1.0563,1.05425,1.05485
1732785300,1.0548,1.0548,1.05395,1.05425
1732786200,1.05425,1.05465,1.054,1.0543
1732787100,1.0543,1.0544,1.0538,1.0539
1732788000,1.05385,1.0545,1.05365,1.05425
1732788900,1.05425,1.0547,1.05405,1.05465
1732789800,1.05465,1.05515,1.05465,1.0549
1732790700,1.05495,1.05575,1.05485,1.0557
1732791600,1.0557,1.0563,1.05545,1.05615
1732792500,1.0561,1.0562,1.05575,1.0562
1732793400,1.0562,1.05625,1.05565,1.05585
1732794300,1.05585,1.05595,1.05525,1.05565
1732795200,1.05565,1.05575,1.0553,1.05565
1732796100,1.05565,1.05605,1.0555,1.05595
1732797000,1.056,1.056,1.05545,1.05575
1732797900,1.0557,1.05585,1.05505,1.05515
1732798800,1.05515,1.0554,1.05445,1.05525
1732799700,1.05525,1.05535,1.0548,1.0548
1732800600,1.0548,1.0553,1.0543,1.05465
1732801500,1.05465,1.0548,1.0537,1.05405
1732802400,1.0541,1.05455,1.0539,1.05455
1732803300,1.05455,1.0549,1.0538,1.05445
1732804200,1.0545,1.05515,1.05445,1.0551
1732805100,1.0551,1.05565,1.05485,1.0556
1732806000,1.05555,1.0564,1.0554,1.0561
1732806900,1.05615,1.05615,1.0555,1.0561
1732807800,1.0561,1.0562,1.05485,1.05525
1732808700,1.05525,1.0561,1.05505,1.05595
1732809600,1.0559,1.0561,1.0556,1.0557
1732810500,1.05575,1.0558,1.0554,1.05555
1732811400,1.05555,1.056,1.05545,1.05585
1732812300,1.0558,1.0561,1.0558,1.05605
1732813200,1.056,1.0561,1.05575,1.05595
1732814100,1.05585,1.0561,1.0557,1.056
1732815000,1.05595,1.0561,1.0559,1.05605
1732815900,1.05605,1.05625,1.05575,1.05595
1732834800,1.05615,1.0564,1.0559,1.05635
1732835700,1.05635,1.05685,1.05635,1.0566
1732836600,1.0565,1.0566,1.0562,1.0565
1732837500,1.05655,1.05685,1.0565,1.05665
1732838400,1.05665,1.0568,1.05645,1.0567
1732839300,1.05675,1.0569,1.0566,1.05675
1732840200,1.0568,1.0578,1.05675,1.05755
1732841100,1.0575,1.0575,1.05665,1.0569
1732842000,1.05685,1.0579,1.05665,1.0577
1732842900,1.0576,1.0581,1.0572,1.0574
1732843800,1.05745,1.0576,1.0568,1.0568
1732844700,1.05685,1.057,1.05625,1.0566
1732845600,1.05655,1.05755,1.05655,1.05745
1732846500,1.0575,1.05765,1.05715,1.0576
1732847400,1.0576,1.058,1.05755,1.0579
1732848300,1.0579,1.0579,1.0573,1.0577
1732849200,1.0577,1.0578,1.0573,1.0573
1732850100,1.05735,1.05745,1.0572,1.0574
1732851000,1.05745,1.0579,1.0573,1.0579
1732851900,1.0579,1.0582,1.05785,1.058
1732852800,1.058,1.05805,1.05765,1.0578
1732853700,1.05785,1.0583,1.05785,1.058
1732854600,1.058,1.05805,1.0575,1.05755
1732855500,1.05755,1.05765,1.05745,1.0576
1732856400,1.0576,1.05785,1.0575,1.05785
1732857300,1.0578,1.05805,1.0577,1.05785
1732858200,1.0578,1.0578,1.05745,1.05765
1732859100,1.0577,1.0578,1.05725,1.0574
1732860000,1.0574,1.05765,1.0571,1.0573
1732860900,1.05735,1.0578,1.05735,1.0578
1732861800,1.0578,1.0582,1.0578,1.0581
1732862700,1.0581,1.05865,1.05805,1.05865
1732863600,1.05865,1.0592,1.05845,1.0591
1732864500,1.05915,1.0603,1.05875,1.0601
1732865400,1.0601,1.0601,1.0585,1.05855
1732866300,1.05855,1.05945,1.058,1.0586
1732867200,1.05855,1.0588,1.0573,1.05735
1732868100,1.0573,1.0578,1.057,1.05755
1732869000,1.0575,1.05775,1.0573,1.0574
1732869900,1.05735,1.0584,1.0573,1.05765
1732870800,1.05765,1.05875,1.057,1.0586
1732871700,1.0586,1.0586,1.05755,1.05765
1732872600,1.05765,1.0577,1.05575,1.0564
1732873500,1.0564,1.0569,1.05625,1.0564
1732874400,1.05635,1.0574,1.05625,1.057
1732875300,1.05695,1.0573,1.0567,1.05705
1732876200,1.05705,1.05795,1.0565,1.05655
1732877100,1.0565,1.0571,1.0563,1.0571
1732878000,1.05705,1.05715,1.05615,1.05615
1732878900,1.0561,1.05685,1.0561,1.0565
1732879800,1.0565,1.057,1.05625,1.0569
1732880700,1.05685,1.05735,1.0564,1.05685
1732881600,1.0569,1.05715,1.0566,1.0566
1732882500,1.0566,1.0566,1.0556,1.0558
1732883400,1.05575,1.05625,1.0556,1.0559
1732884300,1.05585,1.0572,1.05545,1.05705
1732885200,1.0571,1.05745,1.05665,1.0567
1732886100,1.05675,1.05745,1.0566,1.0568
1732887000,1.05685,1.05705,1.0561,1.0561
1732887900,1.0562,1.05695,1.05615,1.0569
1732888800,1.0569,1.0571,1.05535,1.0554
1732889700,1.0554,1.05575,1.05515,1.05555
1732890600,1.0556,1.05605,1.05545,1.05605
1732891500,1.056,1.05615,1.0554,1.0559
1732892400,1.05595,1.057,1.0554,1.0567
1732893300,1.05675,1.05685,1.0553,1.0554
1732894200,1.05535,1.05705,1.0552,1.0568
1732895100,1.05675,1.05735,1.056,1.05675
1732896000,1.05675,1.0569,1.0554,1.05595
1732896900,1.05595,1.0562,1.05565,1.05615
1732897800,1.0561,1.05635,1.0548,1.0549
1732898700,1.05485,1.05545,1.0547,1.0553
1732899600,1.05525,1.0558,1.055,1.05505
1732900500,1.055,1.0556,1.055,1.05525
1732901400,1.0552,1.0561,1.0551,1.0561
1732902300,1.0561,1.05745,1.0561,1.05735
1732903200,1.0573,1.05845,1.0573,1.0577
1733094000,1.0575,1.0575,1.05525,1.05545
1733094900,1.0555,1.0557,1.05395,1.05395
1733095800,1.05395,1.05515,1.05395,1.05505
1733096700,1.05505,1.0552,1.0547,1.05495
1733097600,1.055,1.0552,1.05385,1.05455
1733098500,1.0545,1.05475,1.05435,1.05465
1733099400,1.05465,1.0549,1.05365,1.05395
1733100300,1.0539,1.0543,1.05375,1.05415
1733101200,1.05415,1.0545,1.05365,1.0537
1733102100,1.0537,1.0539,1.05335,1.05355
1733103000,1.0536,1.0541,1.05355,1.05405
1733103900,1.05405,1.05415,1.05345,1.0536
1733104800,1.05355,1.05375,1.05305,1.05305
1733105700,1.05305,1.05315,1.05255,1.05295
1733106600,1.053,1.05335,1.05295,1.05305
1733107500,1.053,1.05325,1.05295,1.0531
1733108400,1.0531,1.0533,1.05285,1.05295
1733109300,1.053,1.05315,1.05255,1.0529
1733110200,1.0529,1.0532,1.0529,1.0529
1733111100,1.0529,1.05315,1.05275,1.05295
1733112000,1.05295,1.05305,1.05265,1.053
1733112900,1.05295,1.05345,1.05285,1.0533
1733113800,1.05325,1.05345,1.05285,1.05285
1733114700,1.05285,1.05295,1.0525,1.0529
1733115600,1.05295,1.053,1.05275,1.05285
1733116500,1.0528,1.0528,1.05205,1.05275
1733117400,1.0528,1.05325,1.0527,1.0532
1733118300,1.0532,1.0534,1.05275,1.05275
1733119200,1.05275,1.05335,1.0527,1.0532
1733120100,1.0532,1.05325,1.0529,1.0531
1733121000,1.0531,1.0539,1.0529,1.05375
1733121900,1.05375,1.05415,1.05345,1.0538
1733122800,1.0539,1.0543,1.05215,1.0523
1733123700,1.0523,1.0529,1.05125,1.0526
1733124600,1.05255,1.05255,1.05115,1.0512
1733125500,1.0512,1.0517,1.05075,1.05085
1733126400,1.05085,1.0518,1.0502,1.05135
1733127300,1.0513,1.0516,1.05025,1.05115
1733128200,1.0511,1.0512,1.05025,1.05095
1733129100,1.05105,1.05105,1.05025,1.0508
1733130000,1.05075,1.0524,1.05075,1.05195
1733130900,1.05195,1.0522,1.05145,1.05185
1733131800,1.0518,1.0523,1.05165,1.0518
1733132700,1.05175,1.05245,1.0514,1.05195
1733133600,1.0519,1.05235,1.05115,1.05145
1733134500,1.05145,1.05245,1.05125,1.05195
1733135400,1.05195,1.0522,1.0514,1.05185
1733136300,1.0519,1.05295,1.0519,1.0527
1733137200,1.0527,1.0533,1.05255,1.0529
1733138100,1.0529,1.0533,1.0527,1.0532
1733139000,1.0532,1.05345,1.053,1.0531
1733139900,1.0531,1.0532,1.0526,1.05285
1733140800,1.05285,1.0544,1.0523,1.05385
1733141700,1.0539,1.0539,1.05245,1.0525
1733142600,1.05255,1.05285,1.05155,1.05205
1733143500,1.052,1.0522,1.05,1.0506
1733144400,1.05065,1.0515,1.0506,1.0514
1733145300,1.05145,1.052,1.0512,1.0516
1733146200,1.05155,1.05155,1.05055,1.0507
1733147100,1.05065,1.05165,1.0502,1.0511
1733148000,1.05115,1.05205,1.0508,1.0514
1733148900,1.0514,1.05145,1.0496,1.04995
1733149800,1.05,1.05015,1.0486,1.049
1733150700,1.04905,1.04905,1.04775,1.0479
1733151600,1.0479,1.04865,1.04675,1.0474
1733152500,1.04735,1.0485,1.0472,1.04725
1733153400,1.0472,1.04795,1.047,1.0477
1733154300,1.0477,1.0477,1.04675,1.0475
1733155200,1.04745,1.04805,1.04665,1.0477
1733156100,1.04775,1.0503,1.04765,1.04965
1733157000,1.04965,1.04965,1.04855,1.04905
1733157900,1.0491,1.0495,1.04855,1.0489
1733158800,1.0489,1.0498,1.04855,1.04975
1733159700,1.04975,1.05045,1.0495,1.0499
1733160600,1.04985,1.0501,1.0491,1.04915
1733161500,1.0491,1.0493,1.04875,1.04925
1733162400,1.04935,1.04965,1.0491,1.04955
1733163300,1.0496,1.04985,1.0494,1.0496
1733164200,1.0496,1.0496,1.0493,1.0494
1733165100,1.0494,1.0497,1.049,1.0495
1733166000,1.04955,1.04985,1.0493,1.04955
1733166900,1.0496,1.05,1.0495,1.0498
1733167800,1.04975,1.04985,1.0495,1.04975
1733168700,1.04975,1.0499,1.0494,1.0496
1733169600,1.0496,1.04985,1.0494,1.0496
1733170500,1.0496,1.05215,1.0496,1.0515
1733171400,1.0515,1.05205,1.05115,1.05135
1733172300,1.05135,1.05145,1.0505,1.05055
1733173200,1.05055,1.0508,1.05025,1.0507
1733174100,1.0507,1.0507,1.05035,1.0504
1733175000,1.0504,1.0505,1.0503,1.0504
1733175900,1.05045,1.0506,1.0503,1.05045
1733180400,1.05035,1.05055,1.05015,1.0503
1733181300,1.05035,1.0506,1.0503,1.0505
1733182200,1.05055,1.05065,1.05045,1.05065
1733183100,1.05065,1.05075,1.05055,1.05065
1733184000,1.0506,1.05075,1.0501,1.0502
1733184900,1.05015,1.05015,1.0495,1.0495
1733185800,1.04945,1.0499,1.0494,1.04975
1733186700,1.04975,1.04995,1.04965,1.04965
1733187600,1.0497,1.05025,1.0497,1.0502
1733188500,1.0502,1.05025,1.0492,1.0492
1733189400,1.0492,1.05005,1.0491,1.05
1733190300,1.05,1.05,1.049,1.04935
1733191200,1.04935,1.04955,1.049,1.04935
1733192100,1.04945,1.0495,1.0488,1.049
1733193000,1.04895,1.0497,1.04895,1.0496
1733193900,1.04955,1.04975,1.0494,1.04945
1733194800,1.04945,1.0495,1.0492,1.04945
1733195700,1.04945,1.0496,1.04935,1.04935
1733196600,1.0494,1.05,1.0494,1.0498
1733197500,1.0498,1.04985,1.0495,1.04955
1733198400,1.04955,1.04965,1.0494,1.0494
1733199300,1.0494,1.0495,1.04905,1.04925
1733200200,1.04925,1.04925,1.04905,1.0491
1733201100,1.0491,1.04925,1.049,1.0491
1733202000,1.0491,1.0491,1.0486,1.04885
1733202900,1.04885,1.0492,1.04885,1.0492
1733203800,1.0492,1.0496,1.04915,1.04935
1733204700,1.04935,1.0498,1.04935,1.0497
1733205600,1.0497,1.05,1.04935,1.0494
1733206500,1.0494,1.0495,1.04905,1.0493
1733207400,1.0493,1.04965,1.04915,1.04925
1733208300,1.0492,1.04965,1.0489,1.0493
1733209200,1.04935,1.05005,1.04915,1.05005
1733210100,1.0501,1.0509,1.0499,1.05085
1733211000,1.05085,1.0517,1.0505,1.0508
1733211900,1.05075,1.0513,1.05025,1.05035
1733212800,1.0503,1.05145,1.0503,1.0512
1733213700,1.0512,1.05215,1.0512,1.052
1733214600,1.052,1.05335,1.052,1.0532
1733215500,1.0532,1.05325,1.0527,1.0531
1733216400,1.05305,1.0536,1.05285,1.0535
1733217300,1.0535,1.0536,1.0523,1.0525
1733218200,1.05245,1.05275,1.0522,1.05235
1733219100,1.05235,1.05275,1.0522,1.05255
1733220000,1.0526,1.05315,1.0523,1.05305
1733220900,1.05305,1.0533,1.0529,1.0531
1733221800,1.05315,1.0535,1.053,1.0531
1733222700,1.05305,1.05305,1.05175,1.052
1733223600,1.052,1.05255,1.05195,1.05235
1733224500,1.0523,1.0531,1.0522,1.0527
1733225400,1.0527,1.0529,1.05235,1.05265
1733226300,1.05265,1.0533,1.0523,1.0528
1733227200,1.0528,1.053,1.0523,1.0525
1733228100,1.0525,1.0525,1.0515,1.0516
1733229000,1.05155,1.05205,1.0514,1.0519
1733229900,1.05185,1.05245,1.0512,1.0513
1733230800,1.05135,1.05205,1.05115,1.05205
1733231700,1.05205,1.0521,1.05165,1.05195
1733232600,1.052,1.05245,1.052,1.0524
1733233500,1.0524,1.0532,1.0523,1.0529
1733234400,1.05295,1.0532,1.05245,1.0531
1733235300,1.0531,1.05345,1.0527,1.05325
1733236200,1.0533,1.05345,1.05245,1.0526
1733237100,1.05265,1.053,1.05225,1.05245
1733238000,1.05245,1.05245,1.0507,1.05075
1733238900,1.05075,1.05105,1.0498,1.04995
1733239800,1.0499,1.0514,1.04975,1.0514
1733240700,1.0514,1.05235,1.05115,1.0522
1733241600,1.0522,1.0524,1.05085,1.05115
1733242500,1.05115,1.0521,1.05115,1.05135
1733243400,1.05135,1.05185,1.05085,1.0518
1733244300,1.05175,1.05245,1.05155,1.05225
1733245200,1.0523,1.0528,1.0523,1.0526
1733246100,1.05265,1.05285,1.0519,1.0522
1733247000,1.0522,1.05245,1.05155,1.05155
1733247900,1.05155,1.05355,1.0514,1.05335
1733248800,1.05335,1.05405,1.05335,1.05355
1733249700,1.0536,1.05395,1.0533,1.05375
1733250600,1.05375,1.05395,1.05335,1.0535
1733251500,1.0535,1.05355,1.05305,1.0533
1733252400,1.0533,1.05345,1.05235,1.05235
1733253300,1.05235,1.0525,1.0517,1.05185
1733254200,1.0519,1.0522,1.0517,1.05175
1733255100,1.05175,1.05175,1.05095,1.051
1733256000,1.051,1.0518,1.0508,1.05165
1733256900,1.05175,1.05175,1.0513,1.05135
1733257800,1.05135,1.0516,1.0511,1.0512
1733258700,1.0512,1.0515,1.0511,1.0514
1733259600,1.0514,1.0516,1.0512,1.0513
1733260500,1.05135,1.0515,1.05125,1.05145
1733261400,1.05145,1.05175,1.0514,1.05175
1733262300,1.05165,1.0517,1.0514,1.0515
1733266800,1.0515,1.0515,1.05105,1.05105
1733267700,1.0511,1.0513,1.0511,1.05125
1733268600,1.05125,1.05135,1.05115,1.05125
1733269500,1.05125,1.0516,1.05125,1.05145
1733270400,1.0514,1.05165,1.0512,1.0513
1733271300,1.05125,1.05125,1.05075,1.05085
1733272200,1.0508,1.0508,1.0502,1.0504
1733273100,1.05045,1.0508,1.05025,1.0504
1733274000,1.05045,1.05055,1.05015,1.05035
1733274900,1.05035,1.0514,1.0503,1.05105
1733275800,1.0511,1.05175,1.0511,1.0514
1733276700,1.05135,1.0514,1.0509,1.0511
1733277600,1.05115,1.0513,1.05065,1.05085
1733278500,1.05085,1.0512,1.0507,1.051
1733279400,1.05105,1.0512,1.0505,1.0506
1733280300,1.05055,1.05065,1.0503,1.0505
1733281200,1.05055,1.05055,1.0498,1.05005
1733282100,1.05005,1.05035,1.04965,1.0497
1733283000,1.0497,1.0499,1.0493,1.0497
1733283900,1.04975,1.0499,1.0496,1.04985
1733284800,1.0498,1.05055,1.0496,1.0505
1733285700,1.05055,1.05085,1.05055,1.0508
1733286600,1.0508,1.0513,1.05075,1.0513
1733287500,1.05135,1.0518,1.0512,1.0515
1733288400,1.05155,1.05175,1.05145,1.05175
1733289300,1.0517,1.05205,1.0517,1.052
1733290200,1.05205,1.05255,1.052,1.0522
1733291100,1.0522,1.0524,1.05195,1.052
1733292000,1.052,1.052,1.0516,1.05165
1733292900,1.0517,1.05205,1.05155,1.05185
1733293800,1.0519,1.05235,1.05175,1.0523
1733294700,1.05235,1.05335,1.05225,1.05275
1733295600,1.05275,1.05315,1.052,1.05205
1733296500,1.05205,1.05235,1.0517,1.0518
1733297400,1.05175,1.05205,1.0513,1.05185
1733298300,1.05185,1.052,1.05125,1.0514
1733299200,1.0514,1.052,1.0511,1.0513
1733300100,1.05125,1.0516,1.05085,1.0509
1733301000,1.0509,1.0509,1.05035,1.0505
1733301900,1.05045,1.05045,1.04955,1.04965
1733302800,1.04965,1.04985,1.04875,1.04955
1733303700,1.04955,1.04995,1.0491,1.04995
1733304600,1.05,1.0507,1.0497,1.0505
1733305500,1.0505,1.0511,1.05045,1.05075
1733306400,1.0508,1.05125,1.05055,1.05115
1733307300,1.0512,1.0514,1.0502,1.0504
1733308200,1.0504,1.05065,1.05025,1.05045
1733309100,1.0505,1.0508,1.0501,1.05045
1733310000,1.0504,1.0512,1.0504,1.0505
1733310900,1.05045,1.0509,1.05025,1.0509
1733311800,1.0509,1.05175,1.0509,1.05165
1733312700,1.05165,1.0517,1.0507,1.051
1733313600,1.05095,1.051,1.0502,1.05025
1733314500,1.0503,1.0507,1.0501,1.0503
1733315400,1.05025,1.0506,1.05005,1.05055
1733316300,1.0505,1.0507,1.04925,1.0496
1733317200,1.0496,1.04985,1.0492,1.04975
1733318100,1.04975,1.0502,1.04885,1.04935
1733319000,1.0494,1.05015,1.04845,1.04885
1733319900,1.0489,1.04925,1.0484,1.0488
1733320800,1.0488,1.0489,1.0477,1.04845
1733321700,1.04845,1.04965,1.04825,1.0495
1733322600,1.0495,1.04975,1.0489,1.04945
1733323500,1.04945,1.05035,1.04935,1.0497
1733324400,1.05,1.0527,1.05,1.0526
1733325300,1.05265,1.0549,1.0525,1.05405
1733326200,1.054,1.0545,1.0527,1.0531
1733327100,1.05305,1.0542,1.0523,1.05345
1733328000,1.05345,1.05375,1.0528,1.053
1733328900,1.053,1.0539,1.0525,1.05375
1733329800,1.0538,1.05415,1.05265,1.0527
1733330700,1.05275,1.05325,1.0526,1.0532
1733331600,1.0532,1.054,1.05295,1.0537
1733332500,1.0537,1.05445,1.0537,1.0544
1733333400,1.0544,1.0547,1.0538,1.05385
1733334300,1.0539,1.0543,1.05385,1.05415
1733335200,1.0542,1.05435,1.05375,1.0539
1733336100,1.0539,1.054,1.0534,1.05365
1733337000,1.05365,1.0541,1.05315,1.05335
1733337900,1.0533,1.05355,1.0519,1.0521
1733338800,1.05205,1.05345,1.05125,1.0532
1733339700,1.0533,1.05345,1.05125,1.052
1733340600,1.05205,1.053,1.0514,1.0518
1733341500,1.0518,1.05235,1.0516,1.0519
1733342400,1.05185,1.052,1.05165,1.0518
1733343300,1.05175,1.05175,1.05095,1.0516
1733344200,1.05155,1.05205,1.05155,1.052
1733345100,1.052,1.0522,1.05175,1.05175
1733346000,1.0518,1.05205,1.05155,1.05155
1733346900,1.0516,1.05175,1.05145,1.0515
1733347800,1.0515,1.05155,1.0513,1.05145
1733348700,1.0514,1.05165,1.05135,1.0516
1733353200,1.05145,1.0515,1.05115,1.0512
1733354100,1.0513,1.05185,1.0513,1.05175
1733355000,1.0518,1.0519,1.05155,1.05155
1733355900,1.0515,1.0518,1.05145,1.0516
1733356800,1.0516,1.0516,1.0512,1.05155
1733357700,1.0515,1.0516,1.0513,1.0514
1733358600,1.0514,1.0519,1.0514,1.05185
1733359500,1.05185,1.05185,1.05165,1.05175
1733360400,1.0518,1.0519,1.0517,1.0519
1733361300,1.0519,1.052,1.0514,1.0517
1733362200,1.0517,1.0518,1.0514,1.05175
1733363100,1.0517,1.0519,1.0513,1.05155
1733364000,1.0516,1.05185,1.05145,1.05185
1733364900,1.0519,1.05215,1.0518,1.052
1733365800,1.0521,1.0526,1.05205,1.05255
1733366700,1.0526,1.0526,1.05225,1.0523
1733367600,1.05235,1.05265,1.0523,1.05255
1733368500,1.05255,1.05265,1.0522,1.0522
1733369400,1.05215,1.05225,1.05195,1.05215
1733370300,1.05215,1.05265,1.05215,1.0526
1733371200,1.05265,1.0528,1.05255,1.05265
1733372100,1.05265,1.0529,1.05255,1.05265
1733373000,1.0527,1.0527,1.05215,1.0522
1733373900,1.05215,1.05235,1.0521,1.0522
1733374800,1.05215,1.05245,1.05205,1.05245
1733375700,1.0525,1.053,1.0525,1.0528
1733376600,1.0528,1.0532,1.05275,1.05315
1733377500,1.05315,1.05325,1.05295,1.053
1733378400,1.053,1.05335,1.05285,1.0529
1733379300,1.05285,1.05315,1.05275,1.0528
1733380200,1.05275,1.05315,1.05265,1.05305
1733381100,1.05305,1.0532,1.05285,1.05295
1733382000,1.05295,1.0542,1.05285,1.0542
1733382900,1.0542,1.0542,1.0533,1.05335
1733383800,1.0533,1.05345,1.05285,1.0533
1733384700,1.05325,1.05395,1.053,1.0539
1733385600,1.05385,1.0549,1.0537,1.0544
1733386500,1.05445,1.055,1.0541,1.0547
1733387400,1.05475,1.0548,1.05385,1.05395
1733388300,1.0539,1.0542,1.0533,1.0534
1733389200,1.0534,1.0538,1.05255,1.05315
1733390100,1.05315,1.0533,1.0525,1.05265
1733391000,1.0527,1.05385,1.0525,1.0538
1733391900,1.05375,1.05375,1.0529,1.0532
1733392800,1.0532,1.0537,1.0531,1.0537
1733393700,1.0537,1.05385,1.0532,1.05325
1733394600,1.05325,1.05345,1.0529,1.0531
1733395500,1.0531,1.0533,1.05285,1.053
1733396400,1.0529,1.0532,1.05275,1.05295
1733397300,1.053,1.05325,1.05265,1.0529
1733398200,1.0529,1.054,1.0529,1.05375
1733399100,1.0537,1.05415,1.0536,1.054
1733400000,1.054,1.05425,1.05345,1.05345
1733400900,1.0535,1.05355,1.05275,1.05325
1733401800,1.05325,1.05425,1.0531,1.05365
1733402700,1.05365,1.0541,1.05315,1.054
1733403600,1.054,1.05495,1.0537,1.0548
1733404500,1.05485,1.05535,1.05475,1.05485
1733405400,1.055,1.0572,1.0549,1.0554
1733406300,1.0554,1.0571,1.05525,1.0571
1733407200,1.0571,1.0582,1.05695,1.05805
1733408100,1.05805,1.05835,1.0569,1.05825
1733409000,1.05835,1.05935,1.05805,1.05885
1733409900,1.0588,1.059,1.05785,1.0579
1733410800,1.05795,1.05835,1.05665,1.05685
1733411700,1.0569,1.0573,1.0558,1.05605
1733412600,1.056,1.05645,1.05545,1.05555
1733413500,1.0556,1.05795,1.0556,1.05755
1733414400,1.0576,1.05825,1.0569,1.057
1733415300,1.057,1.05765,1.0568,1.05745
1733416200,1.0575,1.0576,1.05685,1.057
1733417100,1.05695,1.0575,1.0569,1.0574
1733418000,1.0574,1.0578,1.05685,1.05695
1733418900,1.057,1.05735,1.0563,1.05645
1733419800,1.05645,1.0569,1.05615,1.05655
1733420700,1.0566,1.05735,1.0565,1.0571
1733421600,1.0571,1.0573,1.0568,1.0569
1733422500,1.05685,1.0569,1.05605,1.05625
1733423400,1.05625,1.0567,1.0561,1.05665
1733424300,1.05665,1.05725,1.0566,1.05715
1733425200,1.0572,1.05815,1.0572,1.05815
1733426100,1.05815,1.0584,1.0579,1.05825
1733427000,1.0582,1.0589,1.0581,1.05875
1733427900,1.05875,1.0593,1.0587,1.0591
1733428800,1.05915,1.05915,1.05865,1.05865
1733429700,1.0587,1.05915,1.0587,1.0591
1733430600,1.0591,1.05915,1.05875,1.05895
1733431500,1.05895,1.059,1.05845,1.0588
1733432400,1.05875,1.059,1.05855,1.05885
1733433300,1.0589,1.05915,1.05885,1.0591
1733434200,1.05915,1.0592,1.05905,1.0592
1733435100,1.0592,1.05925,1.05895,1.05895
1733439600,1.059,1.0591,1.05875,1.05885
1733440500,1.0589,1.0589,1.05875,1.0589
1733441400,1.0589,1.059,1.0587,1.059
1733442300,1.059,1.059,1.0588,1.05895
1733443200,1.05895,1.05895,1.05825,1.05835
1733444100,1.0583,1.0584,1.05815,1.05835
1733445000,1.0584,1.0586,1.05825,1.05835
1733445900,1.05825,1.05835,1.05795,1.05805
1733446800,1.05805,1.05815,1.0577,1.05775
1733447700,1.05775,1.05775,1.05755,1.05765
1733448600,1.0576,1.0577,1.0572,1.05725
1733449500,1.05725,1.0573,1.0569,1.0572
1733450400,1.0572,1.05765,1.0572,1.0576
1733451300,1.0576,1.0579,1.0574,1.0578
1733452200,1.0577,1.05815,1.0577,1.05805
1733453100,1.05805,1.05805,1.0578,1.058
1733454000,1.05805,1.05835,1.0579,1.05825
1733454900,1.05825,1.05825,1.0578,1.0579
1733455800,1.05785,1.05795,1.0576,1.05775
1733456700,1.05775,1.05795,1.0576,1.0579
1733457600,1.05795,1.05805,1.0577,1.0579
1733458500,1.0579,1.05795,1.0577,1.0578
1733459400,1.0578,1.05785,1.0576,1.05785
1733460300,1.0578,1.05785,1.0577,1.05785
1733461200,1.05785,1.05785,1.0572,1.05745
1733462100,1.05745,1.0576,1.0574,1.05755
1733463000,1.05755,1.0577,1.0575,1.05755
1733463900,1.0575,1.0577,1.0574,1.05755
1733464800,1.0575,1.0577,1.0572,1.0577
1733465700,1.0577,1.0581,1.0577,1.0579
1733466600,1.0579,1.0581,1.05765,1.05805
1733467500,1.05805,1.05805,1.05765,1.0578
1733468400,1.0578,1.0579,1.05705,1.0577
1733469300,1.0577,1.05805,1.0574,1.05755
1733470200,1.0575,1.0577,1.05735,1.05745
1733471100,1.05745,1.05875,1.05745,1.0587
1733472000,1.05865,1.0598,1.0585,1.05915
1733472900,1.0591,1.0594,1.05865,1.05865
1733473800,1.0586,1.0587,1.05825,1.0583
1733474700,1.05825,1.05855,1.058,1.0585
1733475600,1.05855,1.05865,1.0577,1.0583
1733476500,1.05825,1.05865,1.05775,1.0578
1733477400,1.05785,1.05845,1.05745,1.05825
1733478300,1.0582,1.0586,1.058,1.05805
1733479200,1.0581,1.05825,1.05745,1.05765
1733480100,1.0577,1.05805,1.05755,1.0578
1733481000,1.05785,1.0586,1.05765,1.0583
1733481900,1.0583,1.05885,1.0583,1.0586
1733482800,1.0586,1.05905,1.0581,1.05815
1733483700,1.05815,1.05855,1.058,1.0585
1733484600,1.05855,1.0587,1.0582,1.05845
1733485500,1.0584,1.05925,1.0584,1.05905
1733486400,1.05905,1.05905,1.0584,1.0587
1733487300,1.0587,1.05915,1.0585,1.0587
1733488200,1.0587,1.059,1.05845,1.0586
1733489100,1.05855,1.05895,1.0584,1.05845
1733490000,1.05845,1.0588,1.05825,1.0586
1733490900,1.05865,1.0594,1.0583,1.05865
1733491800,1.0592,1.06335,1.0592,1.062
1733492700,1.06205,1.0622,1.0599,1.06075
1733493600,1.0608,1.06105,1.0571,1.05855
1733494500,1.0586,1.0591,1.05725,1.05845
1733495400,1.0585,1.0593,1.0576,1.05845
1733496300,1.05845,1.05905,1.0579,1.05825
1733497200,1.0582,1.0582,1.05595,1.0562
1733498100,1.0562,1.05695,1.0555,1.05685
1733499000,1.0569,1.057,1.05475,1.0554
1733499900,1.05535,1.0571,1.0553,1.0567
1733500800,1.05665,1.05695,1.05575,1.05665
1733501700,1.0567,1.05765,1.0565,1.0574
1733502600,1.05745,1.0579,1.0571,1.05735
1733503500,1.0574,1.05745,1.0565,1.05655
1733504400,1.05655,1.05655,1.05555,1.0561
1733505300,1.05605,1.0562,1.05505,1.0556
1733506200,1.05565,1.0565,1.0552,1.0554
1733507100,1.05535,1.05575,1.05515,1.0554
1733508000,1.0554,1.0562,1.0554,1.05615
1733508900,1.05615,1.05645,1.05605,1.05605
1733509800,1.0561,1.0561,1.05545,1.0558
1733510700,1.05575,1.05575,1.05495,1.0553
1733511600,1.0553,1.05535,1.05455,1.05475
1733512500,1.05475,1.0552,1.0546,1.05515
1733513400,1.0552,1.0556,1.0551,1.05535
1733514300,1.0554,1.05585,1.05525,1.05575
1733515200,1.0558,1.05615,1.0557,1.056
1733516100,1.056,1.0564,1.05595,1.0563
1733517000,1.05635,1.0567,1.05615,1.0567
1733517900,1.05665,1.05675,1.05635,1.05665
1733518800,1.0567,1.0568,1.05645,1.0568
1733519700,1.05685,1.05695,1.0567,1.0569
1733520600,1.05695,1.0571,1.05685,1.05705
1733521500,1.05705,1.05725,1.0569,1.0571
1733698800,1.05655,1.0572,1.05625,1.057
1733699700,1.057,1.057,1.05645,1.05655
1733700600,1.0565,1.0568,1.0564,1.05665
1733701500,1.05665,1.05705,1.0564,1.05685
1733702400,1.0569,1.0569,1.05605,1.0563
1733703300,1.0564,1.0564,1.0561,1.05615
1733704200,1.0561,1.05615,1.05585,1.0559
1733705100,1.05585,1.0563,1.05585,1.05625
1733706000,1.05635,1.05635,1.0558,1.0561
1733706900,1.0561,1.05615,1.05565,1.056
1733707800,1.056,1.056,1.05555,1.05565
1733708700,1.05565,1.05565,1.0554,1.05555
1733709600,1.05555,1.05595,1.05555,1.0556
1733710500,1.05555,1.05585,1.0555,1.05555
1733711400,1.0555,1.0558,1.05535,1.05555
1733712300,1.05555,1.0558,1.05555,1.05575
1733713200,1.0558,1.05595,1.05545,1.05555
1733714100,1.0556,1.0557,1.0548,1.05495
1733715000,1.05495,1.05525,1.0546,1.0547
1733715900,1.05465,1.0547,1.054,1.05405
1733716800,1.054,1.0543,1.0538,1.05425
1733717700,1.0543,1.0543,1.0536,1.0536
1733718600,1.05365,1.0538,1.0535,1.0537
1733719500,1.0537,1.05395,1.05365,1.05385
1733720400,1.0538,1.05415,1.05375,1.05375
1733721300,1.0537,1.05405,1.05365,1.05375
1733722200,1.0537,1.05395,1.0537,1.0539
1733723100,1.05395,1.0541,1.05375,1.054
1733724000,1.054,1.05445,1.05395,1.05425
1733724900,1.05415,1.0545,1.05395,1.0543
1733725800,1.0543,1.05475,1.0543,1.0544
1733726700,1.0544,1.0548,1.0544,1.05475
1733727600,1.0547,1.05515,1.0544,1.05505
1733728500,1.05505,1.05595,1.0549,1.0557
1733729400,1.05575,1.05615,1.0551,1.05525
1733730300,1.0553,1.0569,1.0552,1.0567
1733731200,1.05675,1.05695,1.056,1.0563
1733732100,1.0563,1.05695,1.056,1.05665
1733733000,1.0567,1.0569,1.05595,1.0566
1733733900,1.05655,1.05735,1.0565,1.05705
1733734800,1.05705,1.0577,1.05685,1.05735
1733735700,1.05735,1.0578,1.05715,1.05755
1733736600,1.0576,1.0577,1.0566,1.0568
1733737500,1.05675,1.0571,1.05645,1.0569
1733738400,1.05695,1.0586,1.05695,1.0582
1733739300,1.05815,1.05875,1.0581,1.0584
1733740200,1.0584,1.0588,1.0583,1.05855
1733741100,1.05855,1.05885,1.05815,1.05835
1733742000,1.0583,1.05875,1.05825,1.05875
1733742900,1.05875,1.0588,1.05835,1.05835
1733743800,1.05835,1.0584,1.058,1.05805
1733744700,1.0581,1.05815,1.05705,1.05715
1733745600,1.05715,1.0574,1.05665,1.05705
1733746500,1.05705,1.05705,1.05655,1.05695
1733747400,1.057,1.057,1.05625,1.0564
1733748300,1.0564,1.05705,1.0561,1.05685
1733749200,1.0569,1.05735,1.05635,1.0567
1733750100,1.0567,1.05745,1.0561,1.05735
1733751000,1.05735,1.058,1.0573,1.0576
1733751900,1.05755,1.05805,1.05745,1.0579
1733752800,1.0579,1.0585,1.05745,1.058
1733753700,1.058,1.0588,1.05755,1.0582
1733754600,1.0582,1.05825,1.05755,1.05785
1733755500,1.0579,1.05855,1.05765,1.05815
1733756400,1.05815,1.05835,1.0575,1.05765
1733757300,1.05765,1.0581,1.0575,1.0578
1733758200,1.05785,1.05895,1.05785,1.0586
1733759100,1.0586,1.0596,1.058,1.0594
1733760000,1.05935,1.05975,1.05905,1.05905
1733760900,1.05905,1.0591,1.058,1.0585
1733761800,1.05845,1.05875,1.0577,1.05775
1733762700,1.05775,1.058,1.05715,1.0573
1733763600,1.05735,1.0575,1.057,1.05725
1733764500,1.0573,1.05775,1.0572,1.0572
1733765400,1.0572,1.0574,1.057,1.0572
1733766300,1.0572,1.0575,1.0569,1.057
1733767200,1.05695,1.05705,1.0567,1.0567
1733768100,1.0567,1.0569,1.0565,1.0566
1733769000,1.0566,1.0567,1.0563,1.0565
1733769900,1.0565,1.05685,1.05645,1.05665
1733770800,1.05665,1.0567,1.05635,1.0564
1733771700,1.05645,1.05645,1.056,1.05605
1733772600,1.05605,1.0564,1.05605,1.0562
1733773500,1.05615,1.05615,1.05545,1.0558
1733774400,1.05585,1.05605,1.0556,1.0556
1733775300,1.0556,1.05565,1.055,1.055
1733776200,1.055,1.05535,1.055,1.0552
1733777100,1.0552,1.0554,1.055,1.05525
1733778000,1.0553,1.0558,1.0553,1.0555
1733778900,1.05545,1.05555,1.0553,1.05555
1733779800,1.05555,1.0556,1.05535,1.05545
1733780700,1.0554,1.0558,1.0554,1.0556
1733785200,1.0559,1.0559,1.0556,1.05575
1733786100,1.0557,1.05575,1.05555,1.05555
1733787000,1.05555,1.05595,1.0555,1.0557
1733787900,1.05575,1.0558,1.0556,1.0557
1733788800,1.0557,1.0557,1.05515,1.0555
1733789700,1.05545,1.0555,1.05525,1.0555
1733790600,1.05545,1.0556,1.0554,1.0554
1733791500,1.05545,1.05565,1.05525,1.05555
1733792400,1.05555,1.05555,1.055,1.05515
1733793300,1.05515,1.0552,1.055,1.05515
1733794200,1.05515,1.05525,1.05475,1.05505
1733795100,1.055,1.0556,1.055,1.05555
1733796000,1.0556,1.0564,1.0556,1.0561
1733796900,1.056,1.05625,1.05555,1.0557
1733797800,1.0557,1.056,1.0556,1.0559
1733798700,1.056,1.0561,1.0554,1.0556
1733799600,1.0556,1.0557,1.05545,1.05545
1733800500,1.0555,1.0557,1.0553,1.05555
1733801400,1.05555,1.0558,1.05515,1.0558
1733802300,1.05575,1.056,1.0556,1.0559
1733803200,1.0559,1.0562,1.0559,1.05595
1733804100,1.056,1.0561,1.05585,1.05605
1733805000,1.05605,1.05625,1.056,1.0562
1733805900,1.05615,1.0562,1.05595,1.056
1733806800,1.05605,1.0562,1.05575,1.0558
1733807700,1.05585,1.05595,1.05565,1.05575
1733808600,1.0558,1.0562,1.0558,1.0562
1733809500,1.0562,1.0565,1.05615,1.05645
1733810400,1.05645,1.0567,1.0564,1.0567
1733811300,1.0567,1.05705,1.0566,1.05695
1733812200,1.05695,1.05705,1.0565,1.0566
1733813100,1.0566,1.05695,1.05645,1.05695
1733814000,1.0569,1.0569,1.05615,1.05625
1733814900,1.0563,1.05635,1.0559,1.05625
1733815800,1.0563,1.0565,1.05585,1.0559
1733816700,1.05585,1.05605,1.05495,1.05515
1733817600,1.05515,1.0554,1.05445,1.05445
1733818500,1.0545,1.05505,1.0542,1.05495
1733819400,1.055,1.0552,1.0546,1.05495
1733820300,1.0549,1.0549,1.05405,1.05405
1733821200,1.054,1.0541,1.05315,1.0534
1733822100,1.0534,1.054,1.05285,1.05285
1733823000,1.05285,1.05385,1.0527,1.0531
1733823900,1.05305,1.0535,1.0525,1.0534
1733824800,1.05335,1.05405,1.05325,1.0537
1733825700,1.05365,1.0537,1.053,1.05325
1733826600,1.05325,1.05365,1.053,1.053
1733827500,1.05295,1.05335,1.05285,1.0531
1733828400,1.0531,1.0532,1.0527,1.0532
1733829300,1.05315,1.05355,1.05305,1.0535
1733830200,1.0535,1.05355,1.0531,1.05335
1733831100,1.0534,1.05355,1.05305,1.0534
1733832000,1.0534,1.05365,1.0531,1.0531
1733832900,1.0531,1.05325,1.05235,1.05255
1733833800,1.05255,1.05335,1.05225,1.05315
1733834700,1.05315,1.05355,1.053,1.05335
1733835600,1.05335,1.0534,1.0525,1.0525
1733836500,1.05255,1.0526,1.0518,1.0523
1733837400,1.0524,1.0531,1.0524,1.05245
1733838300,1.0525,1.0529,1.05205,1.05255
1733839200,1.0526,1.05315,1.0524,1.0531
1733840100,1.0531,1.05325,1.05295,1.053
1733841000,1.053,1.0534,1.05265,1.0531
1733841900,1.05315,1.0532,1.0522,1.0522
1733842800,1.05225,1.05285,1.05075,1.05105
1733843700,1.051,1.05125,1.05035,1.05055
1733844600,1.0505,1.05135,1.0503,1.0508
1733845500,1.0508,1.0516,1.0501,1.0506
1733846400,1.0506,1.05125,1.0502,1.05095
1733847300,1.05095,1.0512,1.0505,1.051
1733848200,1.051,1.0512,1.0503,1.05095
1733849100,1.051,1.0515,1.05095,1.0514
1733850000,1.0514,1.05195,1.05115,1.0516
1733850900,1.05155,1.0517,1.051,1.0511
1733851800,1.05105,1.0515,1.0507,1.05135
1733852700,1.0514,1.0516,1.05105,1.0512
1733853600,1.05125,1.05195,1.0511,1.0519
1733854500,1.05195,1.05225,1.0516,1.05215
1733855400,1.05215,1.05265,1.05215,1.05235
1733856300,1.05235,1.0529,1.05235,1.0528
1733857200,1.05275,1.0533,1.0527,1.05325
1733858100,1.0532,1.0534,1.05295,1.05295
1733859000,1.0529,1.05305,1.05275,1.0529
1733859900,1.0529,1.05305,1.0527,1.05295
1733860800,1.0529,1.0531,1.0527,1.0529
1733861700,1.05295,1.053,1.0526,1.0529
1733862600,1.053,1.0533,1.0529,1.0532
1733863500,1.0532,1.0532,1.0528,1.0529
1733864400,1.05285,1.05295,1.05265,1.05285
1733865300,1.05285,1.05305,1.0526,1.05295
1733866200,1.0529,1.05315,1.05285,1.05295
1733867100,1.0529,1.05305,1.05285,1.0529
1733871600,1.0529,1.0533,1.0529,1.05325
1733872500,1.05325,1.05345,1.05325,1.05335
1733873400,1.05335,1.0534,1.0533,1.0533
1733874300,1.05335,1.0534,1.05325,1.0533
1733875200,1.05335,1.0534,1.05295,1.05305
1733876100,1.05305,1.0532,1.053,1.05305
1733877000,1.053,1.05325,1.053,1.0532
1733877900,1.05325,1.05345,1.0531,1.05315
1733878800,1.05315,1.0533,1.05305,1.05325
1733879700,1.0533,1.0536,1.0532,1.0535
1733880600,1.0536,1.05375,1.05345,1.0536
1733881500,1.0536,1.05375,1.05335,1.0537
1733882400,1.0537,1.05375,1.05355,1.05375
1733883300,1.05375,1.05415,1.05365,1.05405
1733884200,1.05405,1.05405,1.0537,1.0537
1733885100,1.05365,1.05405,1.0536,1.0539
1733886000,1.05395,1.05395,1.05355,1.05355
1733886900,1.05355,1.0537,1.05305,1.0533
1733887800,1.0533,1.05335,1.05305,1.05335
1733888700,1.0533,1.05335,1.053,1.05305
1733889600,1.053,1.05325,1.05295,1.0531
1733890500,1.05305,1.0531,1.0529,1.0529
1733891400,1.05285,1.0529,1.05225,1.0525
1733892300,1.05245,1.0528,1.0524,1.05275
1733893200,1.0527,1.0528,1.05255,1.0527
1733894100,1.0527,1.0527,1.05235,1.0524
1733895000,1.0524,1.0527,1.0523,1.0525
1733895900,1.0525,1.05295,1.0525,1.05265
1733896800,1.05265,1.05295,1.0525,1.0529
1733897700,1.05295,1.053,1.0527,1.0527
1733898600,1.0527,1.053,1.05265,1.0528
1733899500,1.0528,1.0529,1.0525,1.0528
1733900400,1.0528,1.05305,1.0511,1.05175
1733901300,1.0518,1.0521,1.0509,1.05095
1733902200,1.05095,1.0513,1.04905,1.0493
1733903100,1.04925,1.04975,1.049,1.0492
1733904000,1.0492,1.05025,1.0492,1.05005
1733904900,1.05005,1.0506,1.04965,1.0505
1733905800,1.05045,1.0514,1.05045,1.05115
1733906700,1.05115,1.05145,1.05065,1.0508
1733907600,1.05075,1.0512,1.05025,1.0507
1733908500,1.0507,1.0509,1.0499,1.0505
1733909400,1.0505,1.0509,1.05025,1.0504
1733910300,1.05045,1.05075,1.0501,1.05025
1733911200,1.0502,1.05035,1.0489,1.04955
1733912100,1.0496,1.0501,1.04935,1.0497
1733913000,1.04965,1.05015,1.04945,1.05015
1733913900,1.0501,1.0503,1.04955,1.0497
1733914800,1.0497,1.04985,1.0492,1.04945
1733915700,1.0494,1.05055,1.04935,1.0501
1733916600,1.05,1.05035,1.04985,1.0501
1733917500,1.05015,1.05075,1.04985,1.05055
1733918400,1.05055,1.0512,1.0505,1.0511
1733919300,1.05115,1.05205,1.0509,1.0509
1733920200,1.0509,1.0511,1.05045,1.0509
1733921100,1.0509,1.0511,1.0502,1.0505
1733922000,1.05055,1.05115,1.0505,1.05095
1733922900,1.051,1.05185,1.05055,1.0517
1733923800,1.0518,1.0536,1.0505,1.0535
1733924700,1.05355,1.05395,1.05225,1.05265
1733925600,1.0526,1.05315,1.05155,1.052
1733926500,1.052,1.05245,1.0507,1.05095
1733927400,1.05095,1.0511,1.04995,1.0506
1733928300,1.05065,1.0511,1.04955,1.05035
1733929200,1.0503,1.051,1.04925,1.0509
1733930100,1.05095,1.051,1.04985,1.05
1733931000,1.0499,1.05015,1.04845,1.049
1733931900,1.04905,1.04955,1.0482,1.0493
1733932800,1.04925,1.04995,1.04895,1.0499
1733933700,1.0499,1.05,1.0487,1.04925
1733934600,1.04925,1.0511,1.04915,1.05095
1733935500,1.0509,1.0514,1.05085,1.05105
1733936400,1.051,1.0514,1.05035,1.05055
1733937300,1.0506,1.0506,1.0494,1.04965
1733938200,1.0496,1.05,1.04935,1.0497
1733939100,1.0497,1.0497,1.04885,1.04895
1733940000,1.049,1.05015,1.049,1.0499
1733940900,1.04985,1.05025,1.04965,1.0501
1733941800,1.0501,1.0502,1.0493,1.0495
1733942700,1.04955,1.04965,1.04855,1.04865
1733943600,1.04865,1.04895,1.04835,1.04875
1733944500,1.0488,1.04915,1.0485,1.04915
1733945400,1.0492,1.0496,1.049,1.04915
1733946300,1.04915,1.04935,1.04895,1.04935
1733947200,1.04935,1.0497,1.0493,1.04955
1733948100,1.0496,1.0497,1.0494,1.04955
1733949000,1.0496,1.0496,1.0493,1.04935
1733949900,1.04935,1.04955,1.049,1.04945
1733950800,1.04945,1.04985,1.0494,1.0496
1733951700,1.04965,1.04985,1.0496,1.04975
1733952600,1.04975,1.04995,1.0496,1.04975
1733953500,1.0498,1.0498,1.04965,1.0498
1733958000,1.0499,1.05015,1.04975,1.0501
1733958900,1.05005,1.0501,1.05,1.0501
1733959800,1.05015,1.0504,1.05015,1.0504
1733960700,1.0504,1.05075,1.0504,1.05065
1733961600,1.0506,1.05095,1.0506,1.0508
1733962500,1.05075,1.05075,1.0504,1.0504
1733963400,1.0504,1.05075,1.0503,1.05045
1733964300,1.0504,1.0507,1.0503,1.05065
1733965200,1.05065,1.05085,1.05055,1.0506
1733966100,1.05055,1.05095,1.05045,1.05085
1733967000,1.05085,1.0509,1.05055,1.0508
1733967900,1.0508,1.05085,1.05055,1.0507
1733968800,1.0507,1.0508,1.05035,1.0506
1733969700,1.05055,1.0506,1.05035,1.05045
1733970600,1.0505,1.0506,1.0503,1.05055
1733971500,1.05055,1.0506,1.0503,1.05045
1733972400,1.05045,1.05045,1.05015,1.05025
1733973300,1.0503,1.0509,1.0503,1.05085
1733974200,1.05085,1.05095,1.0505,1.0505
1733975100,1.0505,1.05075,1.0504,1.05065
1733976000,1.0506,1.05085,1.05055,1.0508
1733976900,1.0508,1.051,1.05075,1.0509
1733977800,1.0509,1.0509,1.05055,1.05065
1733978700,1.05065,1.051,1.05055,1.05095
1733979600,1.051,1.05105,1.0506,1.0506
1733980500,1.05055,1.0507,1.05055,1.0507
1733981400,1.05075,1.05085,1.05045,1.05055
1733982300,1.05055,1.0508,1.0505,1.05075
1733983200,1.05075,1.05095,1.0506,1.05065
1733984100,1.05065,1.05075,1.0505,1.05075
1733985000,1.0508,1.05105,1.0508,1.05105
1733985900,1.051,1.0515,1.05095,1.05145
1733986800,1.05145,1.0527,1.05135,1.0526
1733987700,1.05255,1.05315,1.0522,1.0523
1733988600,1.0523,1.05265,1.05225,1.0524
1733989500,1.05245,1.0527,1.0517,1.05175
1733990400,1.0517,1.05215,1.05125,1.05135
1733991300,1.05135,1.05185,1.0511,1.0512
1733992200,1.0512,1.0515,1.05055,1.0509
1733993100,1.05095,1.0513,1.05055,1.051
1733994000,1.051,1.05145,1.0506,1.05135
1733994900,1.05135,1.05185,1.05115,1.0514
1733995800,1.05135,1.0517,1.05105,1.05135
1733996700,1.05135,1.05135,1.05075,1.0511
1733997600,1.05105,1.0515,1.05105,1.05125
1733998500,1.0513,1.0513,1.05075,1.051
1733999400,1.051,1.0511,1.05035,1.05045
1734000300,1.0505,1.0505,1.04965,1.04975
1734001200,1.04975,1.0502,1.04955,1.04995
1734002100,1.05,1.0504,1.04985,1.05035
1734003000,1.0504,1.05085,1.0504,1.0507
1734003900,1.0507,1.0508,1.05035,1.05035
1734004800,1.05035,1.05045,1.04975,1.05005
1734005700,1.0501,1.0502,1.04935,1.04985
1734006600,1.0498,1.0503,1.04975,1.05025
1734007500,1.05025,1.05045,1.04895,1.04895
1734008400,1.049,1.0493,1.04815,1.04865
1734009300,1.0486,1.04985,1.047,1.0487
1734010200,1.04865,1.0503,1.048,1.0495
1734011100,1.04955,1.05005,1.0483,1.04855
1734012000,1.0486,1.0496,1.0473,1.04785
1734012900,1.0478,1.0495,1.04755,1.04825
1734013800,1.0482,1.0507,1.04805,1.05055
1734014700,1.0506,1.05215,1.0506,1.052
1734015600,1.05205,1.0522,1.05015,1.0504
1734016500,1.05035,1.0505,1.04845,1.04845
1734017400,1.0484,1.04845,1.04645,1.04675
1734018300,1.0467,1.04765,1.0465,1.04735
1734019200,1.04735,1.049,1.04725,1.0489
1734020100,1.0489,1.0498,1.0487,1.04955
1734021000,1.0496,1.05085,1.0496,1.05085
1734021900,1.05085,1.05165,1.0506,1.0514
1734022800,1.05145,1.0518,1.0512,1.0518
1734023700,1.0518,1.0518,1.0501,1.05055
1734024600,1.05055,1.05065,1.0496,1.04985
1734025500,1.0499,1.0504,1.04985,1.0501
1734026400,1.0502,1.0503,1.0492,1.0494
1734027300,1.0494,1.0497,1.04915,1.0494
1734028200,1.0494,1.04955,1.0484,1.0486
1734029100,1.04865,1.04875,1.0483,1.04835
1734030000,1.04835,1.0486,1.04805,1.0484
1734030900,1.0484,1.04845,1.0477,1.04785
1734031800,1.04785,1.04785,1.0474,1.0477
1734032700,1.0477,1.04795,1.0473,1.0473
1734033600,1.04735,1.04745,1.04715,1.0472
1734034500,1.04725,1.04755,1.0472,1.04725
1734035400,1.04725,1.04735,1.04655,1.04665
1734036300,1.04665,1.04685,1.04655,1.04685
1734037200,1.0468,1.0473,1.04665,1.0469
1734038100,1.04695,1.04695,1.0465,1.04685
1734039000,1.0468,1.0469,1.04645,1.04655
1734039900,1.04655,1.0469,1.0465,1.04665
1734044400,1.051,1.05135,1.0507,1.0513
1734045300,1.05125,1.0516,1.05125,1.0514
1734046200,1.05145,1.0516,1.0513,1.0516
1734047100,1.05155,1.0517,1.05155,1.05165
1734048000,1.0516,1.05185,1.0513,1.0518
1734048900,1.0518,1.05185,1.05155,1.0518
1734049800,1.0518,1.05195,1.05165,1.05185
1734050700,1.0518,1.0523,1.05155,1.0522
1734051600,1.0522,1.05235,1.0516,1.05165
1734052500,1.0516,1.0517,1.05075,1.051
1734053400,1.051,1.0512,1.05065,1.051
1734054300,1.05105,1.0512,1.05075,1.0508
1734055200,1.05085,1.05085,1.05055,1.0507
1734056100,1.05075,1.05085,1.05055,1.0508
1734057000,1.05075,1.05095,1.0504,1.05075
1734057900,1.0507,1.05085,1.05035,1.0504
1734058800,1.0504,1.05055,1.05035,1.0505
1734059700,1.0505,1.0507,1.05045,1.0505
1734060600,1.0505,1.05085,1.0505,1.0507
1734061500,1.05065,1.05075,1.05025,1.0503
1734062400,1.0503,1.05045,1.05015,1.05025
1734063300,1.0502,1.05025,1.04995,1.0501
1734064200,1.0501,1.05055,1.0501,1.05045
1734065100,1.0504,1.05065,1.0504,1.05065
1734066000,1.05065,1.05075,1.0504,1.05045
1734066900,1.05045,1.05055,1.05035,1.0505
1734067800,1.05045,1.0507,1.0504,1.05055
1734068700,1.05055,1.05085,1.0505,1.0508
1734069600,1.0508,1.05085,1.0504,1.0504
1734070500,1.0504,1.0505,1.04995,1.05035
1734071400,1.05035,1.0506,1.0502,1.0504
1734072300,1.0504,1.0509,1.0504,1.0509
1734073200,1.0509,1.0509,1.0496,1.0501
1734074100,1.0501,1.05025,1.0497,1.04995
1734075000,1.04995,1.05055,1.04965,1.0503
1734075900,1.05025,1.0507,1.0501,1.05025
1734076800,1.0502,1.0515,1.04995,1.0514
1734077700,1.0514,1.0514,1.05045,1.05095
1734078600,1.05095,1.05135,1.05065,1.05095
1734079500,1.0509,1.05125,1.0507,1.0512
1734080400,1.05115,1.05135,1.05095,1.0512
1734081300,1.05115,1.0517,1.051,1.05135
1734082200,1.05135,1.05165,1.0511,1.05155
1734083100,1.0515,1.0537,1.05135,1.053
1734084000,1.05305,1.0539,1.05265,1.05335
1734084900,1.05335,1.05385,1.05315,1.0538
1734085800,1.0538,1.05395,1.05295,1.0532
1734086700,1.0532,1.05345,1.0528,1.05305
1734087600,1.053,1.0536,1.053,1.0535
1734088500,1.05345,1.05375,1.0534,1.0535
1734089400,1.0535,1.05375,1.0531,1.05355
1734090300,1.05355,1.05365,1.05305,1.0532
1734091200,1.0532,1.0539,1.05315,1.05375
1734092100,1.05375,1.05385,1.05335,1.0537
1734093000,1.05375,1.05625,1.05375,1.05605
1734093900,1.056,1.05615,1.055,1.05595
1734094800,1.0559,1.05675,1.05565,1.0563
1734095700,1.05635,1.05655,1.05565,1.05585
1734096600,1.0559,1.0564,1.05535,1.0564
1734097500,1.0564,1.0565,1.05525,1.05535
1734098400,1.05535,1.05535,1.05425,1.05465
1734099300,1.0547,1.0548,1.0539,1.0541
1734100200,1.05405,1.05415,1.0532,1.05345
1734101100,1.05345,1.0539,1.0532,1.05335
1734102000,1.05335,1.05335,1.0526,1.05295
1734102900,1.053,1.0539,1.05275,1.05305
1734103800,1.05305,1.0536,1.05285,1.0536
1734104700,1.0536,1.0537,1.0525,1.0532
1734105600,1.05315,1.05455,1.053,1.0543
1734106500,1.05435,1.0545,1.0536,1.05375
1734107400,1.05375,1.05445,1.05365,1.0543
1734108300,1.05425,1.0549,1.05395,1.0541
1734109200,1.0541,1.0542,1.0536,1.05395
1734110100,1.0539,1.05395,1.0536,1.0537
1734111000,1.0537,1.05475,1.05345,1.0542
1734111900,1.0542,1.0542,1.05375,1.05395
1734112800,1.05395,1.0541,1.05325,1.0533
1734113700,1.0533,1.0538,1.05325,1.0536
1734114600,1.0536,1.05415,1.0536,1.0541
1734115500,1.0541,1.05415,1.05355,1.0539
1734116400,1.0539,1.05455,1.05365,1.05445
1734117300,1.05445,1.0546,1.054,1.05405
1734118200,1.05405,1.05425,1.05375,1.0538
1734119100,1.0538,1.0538,1.0535,1.0538
1734120000,1.0538,1.054,1.0537,1.05375
1734120900,1.0537,1.054,1.05355,1.0539
1734121800,1.0539,1.05405,1.0537,1.05375
1734122700,1.05375,1.05405,1.0537,1.05405
1734123600,1.054,1.0541,1.0539,1.05395
1734124500,1.05395,1.05465,1.05395,1.05445
1734125400,1.05445,1.05455,1.05415,1.0545
1734126300,1.0545,1.05475,1.05445,1.0546
1734303600,1.05405,1.055,1.0537,1.0549
1734304500,1.0549,1.055,1.05475,1.0548
1734305400,1.05475,1.0553,1.05465,1.0553
1734306300,1.0553,1.05535,1.0551,1.05525
1734307200,1.0552,1.0555,1.0552,1.05535
1734308100,1.05535,1.0555,1.05525,1.05545
1734309000,1.0554,1.05615,1.0554,1.05585
1734309900,1.0558,1.05615,1.05565,1.0557
1734310800,1.05575,1.05635,1.0555,1.05625
1734311700,1.05625,1.05635,1.05605,1.0563
1734312600,1.0563,1.0564,1.0561,1.05615
1734313500,1.05615,1.05635,1.05605,1.05615
1734314400,1.05615,1.0566,1.056,1.05645
1734315300,1.05645,1.05645,1.0557,1.0558
1734316200,1.05575,1.05585,1.05555,1.0556
1734317100,1.05555,1.05565,1.05525,1.0555
1734318000,1.05555,1.0557,1.05545,1.0556
1734318900,1.0556,1.05575,1.0553,1.0554
1734319800,1.05545,1.05555,1.0552,1.05545
1734320700,1.05545,1.05555,1.0554,1.05545
1734321600,1.0555,1.05575,1.0555,1.0557
1734322500,1.0557,1.05585,1.05555,1.05565
1734323400,1.0556,1.0559,1.0556,1.05565
1734324300,1.05565,1.0559,1.05545,1.0559
1734325200,1.05585,1.0561,1.0558,1.056
1734326100,1.056,1.05615,1.05595,1.0561
1734327000,1.0561,1.0564,1.0561,1.0563
1734327900,1.0563,1.05645,1.0559,1.0562
1734328800,1.0562,1.0563,1.05575,1.05595
1734329700,1.0559,1.05615,1.0556,1.05605
1734330600,1.05605,1.05605,1.05545,1.0556
1734331500,1.0556,1.0557,1.05545,1.0556
1734332400,1.05565,1.05595,1.0555,1.05555
1734333300,1.0555,1.05635,1.0554,1.05605
1734334200,1.05605,1.05625,1.0553,1.0556
1734335100,1.05555,1.0558,1.0547,1.05475
1734336000,1.0547,1.05535,1.0543,1.0546
1734336900,1.0546,1.0562,1.054,1.0551
1734337800,1.05515,1.05675,1.05515,1.0555
1734338700,1.05545,1.0557,1.05495,1.05515
1734339600,1.0552,1.0564,1.055,1.05615
1734340500,1.0561,1.0562,1.05535,1.05555
1734341400,1.0556,1.05595,1.05495,1.055
1734342300,1.055,1.05525,1.05465,1.0548
1734343200,1.0548,1.05495,1.05415,1.05415
1734344100,1.05415,1.0546,1.0541,1.05445
1734345000,1.0544,1.0544,1.0536,1.05365
1734345900,1.05365,1.0538,1.05315,1.0532
1734346800,1.0532,1.05355,1.05315,1.0533
1734347700,1.0533,1.05355,1.05315,1.05335
1734348600,1.0533,1.05345,1.05285,1.0529
1734349500,1.05295,1.0534,1.0526,1.05335
1734350400,1.05335,1.05385,1.05325,1.0537
1734351300,1.0537,1.05405,1.0535,1.0539
1734352200,1.0539,1.0543,1.0536,1.05405
1734353100,1.05405,1.0543,1.05335,1.05335
1734354000,1.0534,1.0543,1.05335,1.05415
1734354900,1.0542,1.05475,1.054,1.0545
1734355800,1.0545,1.05465,1.0541,1.05415
1734356700,1.0542,1.05515,1.0539,1.05505
1734357600,1.05505,1.0551,1.054,1.05405
1734358500,1.054,1.0542,1.0531,1.05335
1734359400,1.05335,1.05335,1.05275,1.0532
1734360300,1.0531,1.0531,1.0517,1.0525
1734361200,1.05255,1.0534,1.05255,1.05335
1734362100,1.0534,1.05395,1.0526,1.05385
1734363000,1.05385,1.05545,1.0538,1.0552
1734363900,1.05515,1.0556,1.0547,1.05495
1734364800,1.0549,1.0556,1.0547,1.0547
1734365700,1.0547,1.0549,1.0538,1.05425
1734366600,1.0543,1.05495,1.0541,1.0549
1734367500,1.0549,1.0556,1.05465,1.0554
1734368400,1.05545,1.05565,1.05485,1.0555
1734369300,1.0555,1.0563,1.0553,1.0555
1734370200,1.0555,1.0557,1.05495,1.0551
1734371100,1.0551,1.0556,1.05505,1.05545
1734372000,1.05535,1.0557,1.05525,1.05555
1734372900,1.0555,1.05555,1.055,1.05515
1734373800,1.05515,1.0552,1.05485,1.05515
1734374700,1.05515,1.0564,1.05505,1.05635
1734375600,1.0563,1.0565,1.05575,1.05585
1734376500,1.05585,1.05595,1.05545,1.0557
1734377400,1.0557,1.0557,1.05505,1.0551
1734378300,1.0551,1.05535,1.05495,1.0553
1734379200,1.0553,1.0554,1.0551,1.0552
1734380100,1.05515,1.0553,1.05505,1.05525
1734381000,1.0553,1.05545,1.05505,1.0551
1734381900,1.05505,1.05525,1.05495,1.0551
1734382800,1.05505,1.0553,1.05495,1.0551
1734383700,1.05505,1.05525,1.0549,1.0551
1734384600,1.0552,1.0554,1.05505,1.05535
1734385500,1.05535,1.0558,1.0553,1.05545
1734390000,1.0553,1.0555,1.05525,1.05545
1734390900,1.0555,1.05575,1.05545,1.05565
1734391800,1.05565,1.0557,1.05555,1.0557
1734392700,1.05565,1.05605,1.05565,1.0559
1734393600,1.05595,1.0562,1.05575,1.0558
1734394500,1.05585,1.05615,1.05575,1.0561
1734395400,1.05615,1.0564,1.05595,1.0563
1734396300,1.05635,1.0577,1.0563,1.0571
1734397200,1.05715,1.0572,1.0564,1.05645
1734398100,1.0565,1.0566,1.0563,1.0563
1734399000,1.0563,1.0564,1.05615,1.0563
1734399900,1.0563,1.0565,1.0562,1.0564
1734400800,1.0564,1.05695,1.05625,1.0568
1734401700,1.05685,1.05695,1.05665,1.05675
1734402600,1.05675,1.0568,1.0564,1.05655
1734403500,1.0566,1.05665,1.05595,1.05595
1734404400,1.05595,1.05625,1.0559,1.056
1734405300,1.056,1.0561,1.05575,1.05595
1734406200,1.0559,1.056,1.0557,1.0557
1734407100,1.0556,1.0556,1.0554,1.0555
1734408000,1.0555,1.0555,1.0552,1.05525
1734408900,1.05525,1.05535,1.0552,1.0553
1734409800,1.05525,1.05545,1.0552,1.05525
1734410700,1.05525,1.0553,1.05505,1.05505
1734411600,1.0551,1.0551,1.05505,1.0551
1734412500,1.0551,1.0552,1.05495,1.05515
1734413400,1.05515,1.05525,1.05485,1.055
1734414300,1.05495,1.055,1.0545,1.0547
1734415200,1.0548,1.05505,1.0546,1.0546
1734416100,1.0546,1.0546,1.054,1.0541
1734417000,1.0541,1.05435,1.05405,1.05415
1734417900,1.0541,1.05455,1.054,1.05455
1734418800,1.05455,1.05485,1.05415,1.05485
1734419700,1.0548,1.055,1.05465,1.0549
1734420600,1.0549,1.0552,1.05435,1.0544
1734421500,1.05435,1.0544,1.05375,1.054
1734422400,1.054,1.05425,1.05375,1.05395
1734423300,1.05395,1.054,1.05345,1.0535
1734424200,1.05345,1.0535,1.05275,1.05325
1734425100,1.05325,1.05345,1.05305,1.05315
1734426000,1.05315,1.05315,1.0523,1.0525
1734426900,1.0525,1.0529,1.05245,1.0526
1734427800,1.0526,1.05265,1.05225,1.0525
1734428700,1.05255,1.0531,1.05245,1.05285
1734429600,1.0529,1.0534,1.0523,1.05285
1734430500,1.05285,1.05285,1.05215,1.0524
1734431400,1.0524,1.053,1.0523,1.05285
1734432300,1.0529,1.05305,1.0526,1.05305
1734433200,1.053,1.05355,1.05265,1.0528
1734434100,1.05285,1.05325,1.0527,1.05315
1734435000,1.0532,1.0535,1.0531,1.05325
1734435900,1.05325,1.05365,1.05315,1.05335
1734436800,1.0534,1.05375,1.05305,1.05345
1734437700,1.0534,1.05355,1.0532,1.05335
1734438600,1.05335,1.0538,1.0532,1.05375
1734439500,1.05375,1.0544,1.0536,1.05435
1734440400,1.05435,1.0544,1.05375,1.05385
1734441300,1.05385,1.0541,1.05365,1.0538
1734442200,1.0538,1.0549,1.05355,1.0536
1734443100,1.05365,1.0549,1.05335,1.05475
1734444000,1.05475,1.05525,1.05465,1.05495
1734444900,1.05495,1.0554,1.05445,1.05485
1734445800,1.05485,1.0552,1.0546,1.05485
1734446700,1.0549,1.05505,1.05405,1.0547
1734447600,1.0547,1.05495,1.0543,1.0548
1734448500,1.0548,1.05515,1.0543,1.05475
1734449400,1.05475,1.05475,1.0542,1.0543
1734450300,1.05435,1.05455,1.0538,1.05415
1734451200,1.05415,1.05485,1.05415,1.05435
1734452100,1.0544,1.0546,1.0537,1.05415
1734453000,1.0541,1.0544,1.0538,1.05425
1734453900,1.0543,1.05485,1.05415,1.0547
1734454800,1.0547,1.05585,1.0542,1.05425
1734455700,1.0542,1.05485,1.05415,1.05485
1734456600,1.05485,1.055,1.05435,1.0547
1734457500,1.05475,1.05495,1.05405,1.05425
1734458400,1.05425,1.05425,1.0538,1.0541
1734459300,1.0542,1.0542,1.05375,1.05415
1734460200,1.0542,1.0547,1.0541,1.05445
1734461100,1.05445,1.05445,1.05325,1.0536
1734462000,1.05365,1.0538,1.0534,1.05355
1734462900,1.05355,1.05365,1.05305,1.0531
1734463800,1.05305,1.05345,1.05305,1.05345
1734464700,1.0534,1.0536,1.05305,1.05315
1734465600,1.05305,1.05325,1.053,1.053
1734466500,1.05305,1.05325,1.053,1.05325
1734467400,1.05325,1.0533,1.05295,1.05305
1734468300,1.0531,1.05325,1.0528,1.0531
1734469200,1.05305,1.0531,1.0529,1.05305
1734470100,1.0531,1.05325,1.0531,1.0532
1734471000,1.05315,1.05355,1.05315,1.0535
1734471900,1.05355,1.05355,1.0533,1.0533
1734476400,1.05335,1.0536,1.05335,1.05345
1734477300,1.05345,1.0536,1.0534,1.0535
1734478200,1.05355,1.0537,1.0535,1.0537
1734479100,1.0537,1.05375,1.0536,1.05365
1734480000,1.05365,1.05395,1.05345,1.0539
1734480900,1.05395,1.0543,1.0539,1.05425
1734481800,1.0543,1.0544,1.05405,1.05435
1734482700,1.0544,1.05445,1.0539,1.0541
1734483600,1.0541,1.05425,1.0538,1.0539
1734484500,1.0539,1.0542,1.0539,1.0541
1734485400,1.054,1.0542,1.0539,1.05415
1734486300,1.05415,1.05445,1.0537,1.0544
1734487200,1.0544,1.05455,1.0541,1.0542
1734488100,1.0542,1.0542,1.0538,1.05405
1734489000,1.0541,1.0542,1.0538,1.05415
1734489900,1.0541,1.0545,1.0541,1.05425
1734490800,1.05425,1.0544,1.0541,1.05435
1734491700,1.0543,1.0545,1.05425,1.05445
1734492600,1.0544,1.0544,1.0542,1.0542
1734493500,1.0542,1.05435,1.054,1.0541
1734494400,1.0541,1.05415,1.0538,1.05385
1734495300,1.05385,1.0543,1.05385,1.05425
1734496200,1.05425,1.0548,1.05425,1.05475
1734497100,1.05475,1.05475,1.05445,1.0545
1734498000,1.0545,1.0545,1.0542,1.0544
1734498900,1.05445,1.0545,1.05425,1.05425
1734499800,1.0543,1.0545,1.05425,1.0544
1734500700,1.0544,1.05465,1.05425,1.0544
1734501600,1.0544,1.05485,1.05435,1.05475
1734502500,1.05475,1.055,1.05475,1.0548
1734503400,1.0548,1.0551,1.0547,1.0551
1734504300,1.05515,1.0554,1.05495,1.0553
1734505200,1.05525,1.05545,1.05495,1.0553
1734506100,1.05525,1.0554,1.0549,1.0549
1734507000,1.0549,1.05505,1.05445,1.0545
1734507900,1.0545,1.0545,1.05355,1.0539
1734508800,1.05385,1.0541,1.05315,1.0534
1734509700,1.0534,1.0536,1.05295,1.0535
1734510600,1.05345,1.0539,1.05345,1.05365
1734511500,1.05365,1.0538,1.0532,1.05355
1734512400,1.0535,1.05395,1.05335,1.05385
1734513300,1.05385,1.0541,1.0535,1.0536
1734514200,1.05355,1.0539,1.0534,1.0536
1734515100,1.0536,1.05375,1.0534,1.05365
1734516000,1.05365,1.05395,1.05335,1.05335
1734516900,1.05335,1.05355,1.0531,1.05315
1734517800,1.05315,1.05425,1.05315,1.0541
1734518700,1.0541,1.0541,1.0537,1.05405
1734519600,1.05405,1.05455,1.05395,1.0543
1734520500,1.05435,1.05435,1.05385,1.05425
1734521400,1.05425,1.0546,1.0542,1.05445
1734522300,1.05445,1.0545,1.0537,1.0539
1734523200,1.0539,1.05395,1.05345,1.0535
1734524100,1.0535,1.054,1.05345,1.05375
1734525000,1.05375,1.0544,1.0537,1.0537
1734525900,1.05375,1.05375,1.0528,1.0533
1734526800,1.0533,1.0541,1.0532,1.0537
1734527700,1.05375,1.05375,1.0525,1.0529
1734528600,1.05295,1.05355,1.0527,1.05315
1734529500,1.0532,1.05365,1.05295,1.0534
1734530400,1.0534,1.0538,1.0531,1.0534
1734531300,1.05345,1.05365,1.05305,1.0531
1734532200,1.0531,1.05355,1.05295,1.05325
1734533100,1.0532,1.05455,1.05315,1.0539
1734534000,1.05385,1.05415,1.0532,1.05325
1734534900,1.0532,1.0533,1.0528,1.0531
1734535800,1.0531,1.0532,1.05265,1.05295
1734536700,1.05295,1.05295,1.05115,1.0516
1734537600,1.05155,1.0518,1.05115,1.0516
1734538500,1.05165,1.0523,1.0515,1.05175
1734539400,1.05175,1.0519,1.051,1.0513
1734540300,1.05125,1.05125,1.0509,1.0511
1734541200,1.0511,1.05175,1.05105,1.0516
1734542100,1.0516,1.05175,1.0512,1.0517
1734543000,1.0517,1.052,1.0516,1.0519
1734543900,1.05195,1.0522,1.0515,1.05165
1734544800,1.0517,1.05215,1.0516,1.052
1734545700,1.052,1.05265,1.052,1.05265
1734546600,1.05265,1.0534,1.05265,1.0533
1734547500,1.0533,1.05345,1.05275,1.05285
1734548400,1.05275,1.05275,1.0452,1.04555
1734549300,1.04555,1.0469,1.0455,1.0457
1734550200,1.0456,1.04655,1.043,1.04325
1734551100,1.0433,1.0435,1.04145,1.04185
1734552000,1.04185,1.04215,1.03965,1.0404
1734552900,1.04035,1.0412,1.03845,1.03975
1734553800,1.03965,1.04045,1.0391,1.0397
1734554700,1.03975,1.04135,1.03945,1.0406
1734555600,1.0406,1.04175,1.0406,1.04135
1734556500,1.0414,1.0414,1.04045,1.0407
1734557400,1.04075,1.0409,1.04025,1.04075
1734558300,1.04075,1.04075,1.0389,1.03935
1734562800,1.0388,1.04005,1.03875,1.03975
1734563700,1.0398,1.04,1.03945,1.03945
1734564600,1.0395,1.0398,1.03935,1.0394
1734565500,1.0394,1.03945,1.03875,1.03905
1734566400,1.0391,1.0403,1.039,1.0402
1734567300,1.0402,1.0407,1.04015,1.04055
1734568200,1.0406,1.0414,1.04045,1.04135
1734569100,1.04135,1.042,1.0412,1.0413
1734570000,1.04135,1.0417,1.04115,1.04145
1734570900,1.0415,1.04205,1.04135,1.0415
1734571800,1.0415,1.04185,1.04115,1.04165
1734572700,1.0416,1.0419,1.0413,1.0418
1734573600,1.04185,1.04195,1.04135,1.04135
1734574500,1.0413,1.04195,1.04125,1.0417
1734575400,1.0416,1.04175,1.0414,1.04155
1734576300,1.04155,1.04305,1.04135,1.043
1734577200,1.043,1.0431,1.04145,1.042
1734578100,1.04195,1.0424,1.0419,1.0421
1734579000,1.04205,1.04215,1.04175,1.04215
1734579900,1.04205,1.04215,1.04175,1.0419
1734580800,1.04185,1.042,1.0415,1.0418
1734581700,1.04185,1.04205,1.0417,1.042
1734582600,1.042,1.0422,1.04175,1.04185
1734583500,1.0418,1.042,1.04155,1.04195
1734584400,1.0419,1.04225,1.04185,1.0421
1734585300,1.0421,1.0425,1.042,1.04245
1734586200,1.0425,1.04255,1.04195,1.0421
1734587100,1.0421,1.0422,1.04165,1.0422
1734588000,1.0422,1.0422,1.04175,1.042
1734588900,1.042,1.0427,1.042,1.0427
1734589800,1.04275,1.04285,1.0423,1.0424
1734590700,1.04235,1.0428,1.0422,1.04255
1734591600,1.0425,1.04495,1.0425,1.0448
1734592500,1.04475,1.04475,1.0437,1.0439
1734593400,1.04395,1.04405,1.0431,1.04385
1734594300,1.04385,1.0441,1.04345,1.0435
1734595200,1.0435,1.04455,1.04305,1.04405
1734596100,1.0441,1.04425,1.0434,1.044
1734597000,1.044,1.0447,1.0432,1.0447
1734597900,1.0446,1.04495,1.044,1.0449
1734598800,1.04485,1.04605,1.0448,1.046
1734599700,1.046,1.04605,1.0455,1.046
1734600600,1.046,1.0463,1.0452,1.046
1734601500,1.0459,1.046,1.04485,1.0453
1734602400,1.0453,1.0453,1.04445,1.04515
1734603300,1.0451,1.04565,1.04495,1.04505
1734604200,1.04505,1.0454,1.0448,1.04495
1734605100,1.04495,1.0453,1.04455,1.0446
1734606000,1.0446,1.04535,1.04455,1.04505
1734606900,1.0451,1.04555,1.04485,1.0451
1734607800,1.04505,1.04525,1.04445,1.04455
1734608700,1.0445,1.0447,1.044,1.0445
1734609600,1.04435,1.0449,1.04395,1.04445
1734610500,1.04445,1.0447,1.044,1.0441
1734611400,1.0441,1.04505,1.04395,1.04415
1734612300,1.0442,1.0451,1.04315,1.04345
1734613200,1.04345,1.04425,1.04265,1.04405
1734614100,1.04405,1.04525,1.044,1.0446
1734615000,1.0446,1.04545,1.04375,1.04485
1734615900,1.04485,1.0451,1.0437,1.04395
1734616800,1.0439,1.04475,1.0436,1.0441
1734617700,1.04405,1.0443,1.04345,1.0441
1734618600,1.04405,1.0446,1.0438,1.04395
1734619500,1.04395,1.04415,1.04355,1.04365
1734620400,1.0437,1.04425,1.04305,1.0436
1734621300,1.0436,1.0442,1.04335,1.04405
1734622200,1.044,1.0441,1.04275,1.04295
1734623100,1.043,1.04305,1.0417,1.04205
1734624000,1.042,1.0421,1.0409,1.04095
1734624900,1.04095,1.0425,1.0409,1.0423
1734625800,1.0423,1.04245,1.04125,1.04135
1734626700,1.0413,1.04135,1.03965,1.0397
1734627600,1.0397,1.04095,1.0395,1.0405
1734628500,1.0405,1.0417,1.0404,1.04145
1734629400,1.0415,1.0415,1.04065,1.04085
1734630300,1.04085,1.041,1.03995,1.0402
1734631200,1.0402,1.04095,1.03955,1.04095
1734632100,1.04095,1.0413,1.04065,1.0409
1734633000,1.04085,1.0411,1.0405,1.04085
1734633900,1.04085,1.0416,1.0406,1.0414
1734634800,1.0414,1.04175,1.041,1.0411
1734635700,1.04105,1.04115,1.04035,1.0406
1734636600,1.04055,1.0408,1.04045,1.04065
1734637500,1.0406,1.0406,1.04015,1.04015
1734638400,1.0402,1.0408,1.03985,1.0407
1734639300,1.0407,1.04085,1.04055,1.04075
1734640200,1.0407,1.0409,1.0404,1.0408
1734641100,1.04085,1.04095,1.04065,1.0408
1734642000,1.0408,1.0408,1.0401,1.0402
1734642900,1.0402,1.04035,1.0401,1.04035
1734643800,1.0403,1.0405,1.0402,1.04025
1734644700,1.04025,1.0404,1.04015,1.0404
1734649200,1.0404,1.04055,1.0401,1.04015
1734650100,1.04015,1.0404,1.0401,1.04015
1734651000,1.04015,1.0403,1.04005,1.0402
1734651900,1.0402,1.04045,1.0402,1.0404
1734652800,1.0404,1.0409,1.0402,1.0405
1734653700,1.04045,1.04065,1.0404,1.04065
1734654600,1.0406,1.0407,1.04015,1.0402
1734655500,1.0402,1.04065,1.0402,1.0405
1734656400,1.0405,1.04055,1.03995,1.04005
1734657300,1.04,1.04055,1.0399,1.0403
1734658200,1.0403,1.0407,1.0403,1.04045
1734659100,1.04045,1.0406,1.04025,1.0403
1734660000,1.0403,1.04045,1.03995,1.04025
1734660900,1.04025,1.04045,1.0401,1.04035
1734661800,1.04035,1.04035,1.04,1.04
1734662700,1.04,1.04035,1.03995,1.0403
1734663600,1.0403,1.0405,1.0401,1.0403
1734664500,1.04035,1.0404,1.04015,1.04025
1734665400,1.04025,1.0403,1.03995,1.03995
1734666300,1.03995,1.0402,1.03985,1.04015
1734667200,1.0402,1.04025,1.04005,1.0401
1734668100,1.0401,1.04015,1.0399,1.04005
1734669000,1.04005,1.04025,1.04005,1.0401
1734669900,1.04015,1.0402,1.0398,1.03985
1734670800,1.0398,1.0401,1.03965,1.04005
1734671700,1.04005,1.04015,1.03985,1.0399
1734672600,1.0398,1.0402,1.03965,1.04015
1734673500,1.04015,1.04065,1.04005,1.0406
1734674400,1.0406,1.04095,1.03825,1.039
1734675300,1.039,1.04015,1.03895,1.04015
1734676200,1.0402,1.0411,1.0401,1.041
1734677100,1.04105,1.0417,1.04065,1.04145
1734678000,1.0415,1.04215,1.04135,1.04185
1734678900,1.04185,1.0421,1.0412,1.04175
1734679800,1.04175,1.042,1.04125,1.042
1734680700,1.0419,1.04255,1.04175,1.04225
1734681600,1.04225,1.0432,1.0418,1.0432
1734682500,1.04315,1.0438,1.0429,1.04345
1734683400,1.0435,1.0438,1.0432,1.04345
1734684300,1.04335,1.04385,1.04305,1.04325
1734685200,1.0432,1.04325,1.0421,1.0422
1734686100,1.0422,1.0426,1.04185,1.04225
1734687000,1.04225,1.04245,1.0419,1.04195
1734687900,1.04195,1.04265,1.0416,1.0423
1734688800,1.0423,1.04305,1.04225,1.0426
1734689700,1.0426,1.04285,1.04215,1.0427
1734690600,1.04265,1.04295,1.04235,1.04285
1734691500,1.0429,1.04335,1.0427,1.0432
1734692400,1.0432,1.0432,1.04195,1.04255
1734693300,1.0425,1.0428,1.042,1.0428
1734694200,1.0428,1.04375,1.0427,1.0431
1734695100,1.04305,1.04345,1.043,1.04315
1734696000,1.0432,1.0435,1.0431,1.0434
1734696900,1.04345,1.0439,1.04325,1.0438
1734697800,1.0438,1.04405,1.0434,1.0437
1734698700,1.0437,1.0439,1.0428,1.04295
1734699600,1.043,1.0434,1.0428,1.04335
1734700500,1.04335,1.04415,1.0432,1.0438
1734701400,1.0439,1.04605,1.04385,1.0454
1734702300,1.04535,1.04535,1.04435,1.0447
1734703200,1.04475,1.04495,1.04335,1.0436
1734704100,1.04365,1.04385,1.0429,1.04325
1734705000,1.0432,1.04385,1.04295,1.043
1734705900,1.043,1.04365,1.0426,1.0434
1734706800,1.0435,1.0447,1.04325,1.04395
1734707700,1.04395,1.0445,1.04315,1.04345
1734708600,1.04345,1.0447,1.04325,1.04465
1734709500,1.0447,1.04475,1.04315,1.0437
1734710400,1.0437,1.0444,1.0436,1.04415
1734711300,1.04415,1.04595,1.0441,1.0453
1734712200,1.0453,1.04745,1.04525,1.0467
1734713100,1.04665,1.0476,1.0464,1.04685
1734714000,1.0469,1.0481,1.0466,1.04795
1734714900,1.0479,1.04855,1.04775,1.04785
1734715800,1.04785,1.04785,1.0471,1.04745
1734716700,1.0474,1.04745,1.04685,1.0469
1734717600,1.04685,1.0473,1.04655,1.04715
1734718500,1.0472,1.0472,1.0464,1.0465
1734719400,1.04645,1.04805,1.04625,1.04805
1734720300,1.0481,1.0483,1.04765,1.0477
1734721200,1.04765,1.0482,1.0474,1.048
1734722100,1.048,1.0485,1.04795,1.04835
1734723000,1.0483,1.0485,1.048,1.0484
1734723900,1.0484,1.04875,1.04815,1.0485
1734724800,1.04845,1.04875,1.04785,1.04855
1734725700,1.04855,1.0487,1.04835,1.04845
1734726600,1.0484,1.04845,1.0478,1.048
1734727500,1.04805,1.0481,1.0469,1.0469
1734728400,1.0469,1.0474,1.0467,1.04685
1734729300,1.04685,1.0469,1.04655,1.0466
1734730200,1.04655,1.0467,1.04625,1.0467
1734731100,1.0467,1.047,1.0467,1.0469
1734908400,1.04715,1.0483,1.04715,1.04765
1734909300,1.0477,1.0477,1.047,1.0471
1734910200,1.04705,1.04715,1.0469,1.04705
1734911100,1.04705,1.0473,1.047,1.04715
1734912000,1.04725,1.04755,1.04725,1.04725
1734912900,1.0473,1.04745,1.0472,1.04745
1734913800,1.0474,1.0474,1.0471,1.0472
1734914700,1.0472,1.0473,1.04695,1.04705
1734915600,1.0471,1.04715,1.04665,1.0468
1734916500,1.0468,1.047,1.04655,1.047
1734917400,1.047,1.0472,1.047,1.04705
1734918300,1.04705,1.0477,1.04705,1.04745
1734919200,1.0475,1.04795,1.0474,1.04775
1734920100,1.04775,1.04795,1.04765,1.0478
1734921000,1.04785,1.04815,1.0477,1.0479
1734921900,1.04785,1.04815,1.04775,1.0479
1734922800,1.0479,1.04795,1.0477,1.04795
1734923700,1.04795,1.04795,1.0477,1.0479
1734924600,1.0479,1.04805,1.04785,1.0479
1734925500,1.04795,1.0481,1.0477,1.0478
1734926400,1.04775,1.048,1.04775,1.048
1734927300,1.048,1.0481,1.0479,1.048
1734928200,1.04795,1.04815,1.04785,1.048
1734929100,1.04805,1.0484,1.04795,1.04815
1734930000,1.04815,1.0483,1.0479,1.04795
1734930900,1.04795,1.0481,1.0479,1.048
1734931800,1.04795,1.0481,1.0478,1.04795
1734932700,1.0479,1.04815,1.04785,1.0479
1734933600,1.04785,1.04805,1.04755,1.04785
1734934500,1.04785,1.04805,1.0474,1.04745
1734935400,1.0475,1.0477,1.04725,1.04765
1734936300,1.04765,1.0477,1.0472,1.04725
1734937200,1.04725,1.0476,1.0471,1.04745
1734938100,1.0474,1.04745,1.04695,1.0471
1734939000,1.0471,1.0471,1.0462,1.0462
1734939900,1.0462,1.0462,1.045,1.04515
1734940800,1.04515,1.04575,1.04515,1.04545
1734941700,1.04545,1.04565,1.0446,1.045
1734942600,1.04495,1.0453,1.04475,1.04505
1734943500,1.04505,1.04575,1.04505,1.0457
1734944400,1.04565,1.0458,1.0451,1.0457
1734945300,1.04565,1.04585,1.04545,1.0457
1734946200,1.0457,1.0458,1.04505,1.04505
1734947100,1.0451,1.04525,1.0446,1.04465
1734948000,1.0447,1.0448,1.0443,1.0448
1734948900,1.0448,1.04485,1.04415,1.0443
1734949800,1.04435,1.04435,1.04335,1.0435
1734950700,1.0435,1.0435,1.04255,1.0429
1734951600,1.04285,1.0437,1.04285,1.04355
1734952500,1.0435,1.0439,1.04335,1.04375
1734953400,1.0437,1.04375,1.04265,1.04305
1734954300,1.04305,1.04395,1.043,1.04385
1734955200,1.04385,1.044,1.0431,1.0431
1734956100,1.04315,1.04315,1.04245,1.04285
1734957000,1.04285,1.0433,1.0428,1.0431
1734957900,1.0431,1.04375,1.04285,1.0434
1734958800,1.0434,1.0437,1.043,1.043
1734959700,1.04295,1.0438,1.0427,1.04365
1734960600,1.0436,1.04385,1.043,1.0433
1734961500,1.0433,1.04415,1.0433,1.0438
1734962400,1.0439,1.04475,1.0437,1.0443
1734963300,1.04435,1.04465,1.044,1.0441
1734964200,1.0441,1.04415,1.0435,1.0436
1734965100,1.0436,1.04395,1.04305,1.04325
1734966000,1.0433,1.0436,1.0423,1.0431
1734966900,1.0431,1.04345,1.04285,1.04295
1734967800,1.04295,1.04355,1.0429,1.0435
1734968700,1.04345,1.04345,1.0428,1.04295
1734969600,1.04295,1.04375,1.0428,1.0437
1734970500,1.04365,1.04385,1.0432,1.0436
1734971400,1.0436,1.04485,1.0436,1.04465
1734972300,1.04465,1.04495,1.04435,1.04465
1734973200,1.0447,1.04565,1.04455,1.0455
1734974100,1.0455,1.04555,1.0447,1.0447
1734975000,1.04465,1.04465,1.04415,1.04415
1734975900,1.0441,1.0441,1.0436,1.0437
1734976800,1.0437,1.04485,1.0437,1.0447
1734977700,1.04465,1.045,1.0444,1.0449
1734978600,1.04485,1.04515,1.04445,1.0445
1734979500,1.04455,1.04485,1.0444,1.0448
1734980400,1.04475,1.0448,1.044,1.04405
1734981300,1.044,1.04415,1.04385,1.044
1734982200,1.044,1.045,1.044,1.0449
1734983100,1.0449,1.0452,1.04465,1.04505
1734984000,1.04505,1.04535,1.04425,1.04445
1734984900,1.04445,1.04455,1.04425,1.04455
1734985800,1.0445,1.0446,1.0443,1.0445
1734986700,1.0445,1.04475,1.04445,1.0445
1734987600,1.0445,1.04465,1.04435,1.0445
1734988500,1.04455,1.0446,1.04445,1.0445
1734989400,1.0445,1.0447,1.0445,1.0445
1734990300,1.04455,1.0446,1.0444,1.04455
1734994800,1.0445,1.0446,1.0443,1.04445
1734995700,1.0444,1.04465,1.0444,1.04455
1734996600,1.04455,1.0446,1.0443,1.0444
1734997500,1.0444,1.0444,1.04415,1.0442
1734998400,1.0442,1.04425,1.0439,1.04395
1734999300,1.04395,1.044,1.0436,1.04375
1735000200,1.04375,1.0438,1.04355,1.0437
1735001100,1.0437,1.04385,1.0436,1.04385
1735002000,1.0438,1.0443,1.04375,1.0438
1735002900,1.04385,1.0441,1.04385,1.04385
1735003800,1.0439,1.0441,1.04385,1.04385
1735004700,1.04385,1.0441,1.0438,1.04405
1735005600,1.0441,1.04465,1.04405,1.0446
1735006500,1.0446,1.0446,1.044,1.0441
1735007400,1.04405,1.0441,1.04345,1.04355
1735008300,1.04355,1.04385,1.04355,1.04375
1735009200,1.04375,1.0438,1.04325,1.04345
1735010100,1.04345,1.04345,1.04325,1.04335
1735011000,1.0433,1.0435,1.04325,1.0433
1735011900,1.0433,1.04335,1.04265,1.0429
1735012800,1.0429,1.0431,1.0429,1.04305
1735013700,1.0431,1.04335,1.04295,1.0433
1735014600,1.04335,1.04345,1.04325,1.0434
1735015500,1.0434,1.04345,1.04325,1.0434
1735016400,1.04345,1.04355,1.0432,1.0432
1735017300,1.04325,1.0434,1.0431,1.04325
1735018200,1.0432,1.04335,1.04315,1.04325
1735019100,1.0433,1.0435,1.04325,1.04345
1735020000,1.04345,1.04365,1.0433,1.0435
1735020900,1.04345,1.04345,1.043,1.0434
1735021800,1.04335,1.04345,1.0431,1.0434
1735022700,1.0434,1.0435,1.0432,1.04335
1735023600,1.04335,1.04365,1.0432,1.0433
1735024500,1.04325,1.0436,1.0431,1.0435
1735025400,1.04355,1.04355,1.04305,1.0432
1735026300,1.0432,1.0433,1.0428,1.04285
1735027200,1.04285,1.04335,1.0428,1.04315
1735028100,1.0432,1.0435,1.04315,1.04345
1735029000,1.04345,1.0443,1.04345,1.04395
1735029900,1.04395,1.04395,1.043,1.04335
1735030800,1.04335,1.04355,1.04315,1.0435
1735031700,1.04355,1.04365,1.04335,1.0434
1735032600,1.0434,1.04365,1.0432,1.0433
1735033500,1.04325,1.04325,1.0428,1.04295
1735034400,1.04295,1.04315,1.04265,1.04315
1735035300,1.04315,1.0435,1.043,1.0432
1735036200,1.0432,1.0432,1.04285,1.04295
1735037100,1.043,1.04355,1.04285,1.04345
1735038000,1.0434,1.04415,1.04335,1.0441
1735038900,1.04415,1.04415,1.04375,1.04375
1735039800,1.04375,1.0438,1.04325,1.04345
1735040700,1.0434,1.0434,1.04295,1.04325
1735041600,1.0433,1.04365,1.04315,1.04365
1735042500,1.04365,1.0441,1.04365,1.04375
1735043400,1.0438,1.04415,1.0437,1.0437
1735044300,1.04375,1.04405,1.0427,1.0429
1735045200,1.0429,1.0438,1.0427,1.04355
1735046100,1.0435,1.0439,1.0435,1.0438
1735047000,1.0438,1.04385,1.04305,1.04325
1735047900,1.0433,1.04415,1.0433,1.044
1735048800,1.044,1.04405,1.0433,1.04365
1735049700,1.0437,1.04455,1.04365,1.0445
1735050600,1.04445,1.0448,1.04405,1.0445
1735051500,1.04455,1.0447,1.04405,1.0443
1735052400,1.0443,1.0446,1.04405,1.04415
1735053300,1.04415,1.0442,1.0431,1.04335
1735054200,1.0433,1.04355,1.04295,1.0431
1735055100,1.0431,1.04345,1.0428,1.04295
1735056000,1.0429,1.04345,1.04255,1.0427
1735056900,1.0427,1.0429,1.0426,1.0429
1735057800,1.0429,1.04325,1.04275,1.04315
1735058700,1.0432,1.04325,1.0425,1.0425
1735059600,1.04255,1.04315,1.0424,1.0429
1735060500,1.0429,1.043,1.04255,1.0429
1735061400,1.04285,1.04295,1.04225,1.0423
1735062300,1.0423,1.0429,1.0421,1.0426
1735063200,1.04265,1.04305,1.04255,1.04275
1735064100,1.04285,1.0429,1.04255,1.0426
1735065000,1.04255,1.0428,1.0423,1.0428
1735167600,1.04365,1.04415,1.0434,1.04385
1735168500,1.04375,1.0441,1.0437,1.04385
1735169400,1.0438,1.04385,1.04365,1.04375
1735170300,1.04375,1.0438,1.0435,1.04365
1735171200,1.0437,1.0439,1.0434,1.04345
1735172100,1.0434,1.0435,1.0431,1.0432
1735173000,1.04315,1.04325,1.04305,1.04325
1735173900,1.0432,1.04375,1.0432,1.0434
1735174800,1.0434,1.0436,1.0432,1.04345
1735175700,1.0435,1.04365,1.04335,1.04345
1735176600,1.0435,1.04375,1.04345,1.04355
1735177500,1.04355,1.0437,1.04345,1.0435
1735178400,1.0435,1.04375,1.04345,1.04365
1735179300,1.0437,1.04375,1.04355,1.04355
1735180200,1.0436,1.0437,1.0435,1.04355
1735181100,1.0436,1.04375,1.04345,1.04365
1735182000,1.04365,1.04375,1.0436,1.04375
1735182900,1.04375,1.04415,1.0437,1.044
1735183800,1.044,1.0441,1.04385,1.044
1735184700,1.044,1.04405,1.04385,1.04385
1735185600,1.0438,1.0438,1.04355,1.0436
1735186500,1.0436,1.0437,1.04355,1.0437
1735187400,1.0437,1.0439,1.04365,1.0438
1735188300,1.04375,1.04375,1.0435,1.0435
1735189200,1.04355,1.04375,1.0435,1.04365
1735190100,1.0436,1.04385,1.0436,1.04375
1735191000,1.0438,1.04405,1.0438,1.0439
1735191900,1.04395,1.044,1.0435,1.0435
1735192800,1.0435,1.04375,1.04345,1.04375
1735193700,1.04375,1.04375,1.0437,1.0437
1735194600,1.0437,1.04375,1.04365,1.04375
1735195500,1.0437,1.0438,1.04355,1.04355
1735196400,1.04355,1.0437,1.0434,1.0434
1735197300,1.04345,1.04345,1.04285,1.04305
1735198200,1.04305,1.0433,1.0429,1.04325
1735199100,1.04325,1.04375,1.04325,1.0435
1735200000,1.0435,1.0436,1.0432,1.04345
1735200900,1.0434,1.04345,1.0431,1.04325
1735201800,1.0432,1.0433,1.043,1.0432
1735202700,1.0432,1.0434,1.04315,1.04325
1735203600,1.0432,1.04355,1.0429,1.0434
1735204500,1.04335,1.0435,1.0432,1.0435
1735205400,1.0435,1.04365,1.04335,1.0435
1735206300,1.04355,1.0438,1.04345,1.04365
1735207200,1.04365,1.0438,1.04355,1.0438
1735208100,1.04385,1.04395,1.04375,1.0439
1735209000,1.04385,1.0441,1.04385,1.0439
1735209900,1.0439,1.044,1.04375,1.0439
1735210800,1.04395,1.044,1.0437,1.0438
1735211700,1.0438,1.04395,1.0437,1.0438
1735212600,1.04385,1.04395,1.04375,1.04385
1735213500,1.04385,1.0439,1.04375,1.0439
1735214400,1.04385,1.04385,1.04325,1.0433
1735215300,1.04325,1.0433,1.04305,1.0432
1735216200,1.0432,1.04325,1.0431,1.0432
1735217100,1.0432,1.04375,1.0431,1.0437
1735218000,1.04375,1.04435,1.04375,1.0442
1735218900,1.04425,1.04435,1.0435,1.04355
1735219800,1.0435,1.04405,1.0435,1.04385
1735220700,1.0439,1.0442,1.0438,1.044
1735221600,1.04405,1.04415,1.04375,1.0439
1735222500,1.0439,1.0439,1.0435,1.04365
1735223400,1.0436,1.04365,1.04325,1.04335
1735224300,1.0434,1.04425,1.0433,1.044
1735225200,1.04395,1.04465,1.0436,1.04465
1735226100,1.0446,1.04495,1.04425,1.0448
1735227000,1.0448,1.0453,1.0446,1.04525
1735227900,1.04525,1.04535,1.0447,1.0447
1735228800,1.0447,1.04525,1.04465,1.04525
1735229700,1.0452,1.0457,1.04495,1.04565
1735230600,1.0456,1.0457,1.04535,1.0456
1735231500,1.04565,1.0461,1.04535,1.04605
1735232400,1.046,1.0461,1.0456,1.04575
1735233300,1.04575,1.04575,1.0449,1.04505
1735234200,1.0451,1.0453,1.04455,1.04475
1735235100,1.04475,1.0451,1.04445,1.045
1735236000,1.045,1.0463,1.045,1.0461
1735236900,1.0461,1.0466,1.046,1.0465
1735237800,1.0465,1.04685,1.0462,1.0463
1735238700,1.04625,1.04645,1.04585,1.046
1735239600,1.0459,1.0459,1.0454,1.0455
1735240500,1.0455,1.0456,1.04525,1.04555
1735241400,1.0455,1.04605,1.0454,1.04605
1735242300,1.04605,1.0462,1.04555,1.04555
1735243200,1.04555,1.046,1.0454,1.04585
1735244100,1.0459,1.0459,1.04565,1.04575
1735245000,1.04575,1.0459,1.0456,1.04575
1735245900,1.04575,1.046,1.0457,1.0459
1735246800,1.0459,1.0459,1.0457,1.0458
1735247700,1.0458,1.046,1.04575,1.0459
1735248600,1.0459,1.0461,1.0459,1.04605
1735249500,1.04605,1.04615,1.046,1.0461
1735254000,1.0461,1.04675,1.0459,1.04605
1735254900,1.04605,1.0462,1.046,1.04605
1735255800,1.046,1.0461,1.0459,1.0461
1735256700,1.0461,1.0461,1.0457,1.04595
1735257600,1.0459,1.0461,1.04585,1.04595
1735258500,1.0459,1.046,1.04585,1.0459
1735259400,1.04585,1.04585,1.04555,1.04555
1735260300,1.04555,1.046,1.04555,1.04555
1735261200,1.04555,1.04555,1.04535,1.0454
1735262100,1.0455,1.0455,1.0452,1.0454
1735263000,1.04545,1.0456,1.0452,1.0453
1735263900,1.0453,1.0454,1.045,1.0451
1735264800,1.0451,1.0452,1.04485,1.0449
1735265700,1.0449,1.0451,1.04475,1.04475
1735266600,1.04475,1.0448,1.04455,1.0447
1735267500,1.0447,1.04485,1.04465,1.0447
1735268400,1.0447,1.04475,1.04455,1.04465
1735269300,1.0447,1.0447,1.04445,1.04465
1735270200,1.0446,1.0448,1.0446,1.04475
1735271100,1.0448,1.04505,1.04475,1.045
1735272000,1.04505,1.04505,1.0448,1.04485
1735272900,1.04485,1.0449,1.04475,1.0448
1735273800,1.04475,1.0448,1.04455,1.0448
1735274700,1.0448,1.0448,1.04465,1.04465
1735275600,1.04465,1.04465,1.0445,1.0445
1735276500,1.0445,1.04485,1.04445,1.04485
1735277400,1.04485,1.04485,1.04465,1.04475
1735278300,1.0448,1.0449,1.0446,1.04465
1735279200,1.0447,1.0447,1.0445,1.0446
1735280100,1.0446,1.04495,1.04455,1.04485
1735281000,1.0448,1.04495,1.04475,1.0448
1735281900,1.04475,1.045,1.04465,1.045
1735282800,1.0449,1.04495,1.04455,1.04475
1735283700,1.0447,1.04495,1.0446,1.0447
1735284600,1.0447,1.04495,1.04425,1.04445
1735285500,1.0445,1.04625,1.0443,1.0459
1735286400,1.0459,1.0464,1.0455,1.0463
1735287300,1.04625,1.0463,1.0451,1.04515
1735288200,1.04515,1.04555,1.04485,1.04545
1735289100,1.04545,1.0455,1.04485,1.04505
1735290000,1.04505,1.04515,1.0447,1.045
1735290900,1.045,1.0454,1.04485,1.04525
1735291800,1.04525,1.0454,1.04485,1.04495
1735292700,1.04495,1.0456,1.04495,1.0455
1735293600,1.0454,1.0458,1.04515,1.04535
1735294500,1.0454,1.0456,1.04525,1.04555
1735295400,1.04555,1.0457,1.0449,1.0453
1735296300,1.04525,1.04595,1.04525,1.04565
1735297200,1.0456,1.046,1.0456,1.04595
1735298100,1.04595,1.04695,1.04595,1.04665
1735299000,1.0466,1.0468,1.0466,1.0468
1735299900,1.0468,1.0478,1.04675,1.0476
1735300800,1.04765,1.0482,1.04755,1.0476
1735301700,1.04765,1.04785,1.04715,1.04725
1735302600,1.0472,1.0472,1.0467,1.0471
1735303500,1.0471,1.04725,1.04655,1.047
1735304400,1.04695,1.04755,1.04695,1.0471
1735305300,1.0471,1.0471,1.0466,1.0468
1735306200,1.04685,1.0471,1.04685,1.047
1735307100,1.047,1.0476,1.04695,1.0476
1735308000,1.0476,1.0477,1.047,1.0471
1735308900,1.0471,1.04725,1.0467,1.04695
1735309800,1.04695,1.04735,1.0468,1.04695
1735310700,1.047,1.0475,1.0462,1.0464
1735311600,1.0464,1.04645,1.04545,1.04555
1735312500,1.0455,1.0462,1.0453,1.04605
1735313400,1.046,1.0468,1.04595,1.04675
1735314300,1.04675,1.0473,1.04555,1.04595
1735315200,1.04595,1.0465,1.04585,1.04635
1735316100,1.0463,1.0468,1.0463,1.04675
1735317000,1.04675,1.04685,1.0463,1.0468
1735317900,1.0468,1.047,1.046,1.046
1735318800,1.04595,1.04605,1.0454,1.0455
1735319700,1.04555,1.04575,1.04525,1.0457
1735320600,1.04565,1.0457,1.0453,1.0456
1735321500,1.04565,1.0459,1.04535,1.04585
1735322400,1.04585,1.0465,1.0458,1.04645
1735323300,1.0464,1.04645,1.0461,1.0462
1735324200,1.04625,1.04665,1.0462,1.0465
1735325100,1.04655,1.04655,1.0462,1.0464
1735326000,1.04635,1.0466,1.04615,1.0463
1735326900,1.04625,1.04645,1.0461,1.04635
1735327800,1.0463,1.0466,1.04615,1.0465
1735328700,1.04645,1.0468,1.04635,1.0466
1735329600,1.0466,1.0466,1.04605,1.04615
1735330500,1.04615,1.04625,1.04605,1.0461
1735331400,1.04605,1.04645,1.04605,1.04625
1735332300,1.04625,1.04645,1.0461,1.04635
1735333200,1.0463,1.0463,1.04605,1.0463
1735334100,1.04625,1.04635,1.0461,1.0461
1735335000,1.04605,1.04615,1.0459,1.04595
1735335900,1.046,1.0463,1.04595,1.04615
1735513200,1.04645,1.0471,1.04625,1.04675
1735514100,1.0468,1.0468,1.04655,1.04675
1735515000,1.0467,1.0467,1.04635,1.04645
1735515900,1.0465,1.0466,1.0464,1.04645
1735516800,1.0465,1.0466,1.0461,1.0461
1735517700,1.0461,1.04655,1.0461,1.04645
1735518600,1.0465,1.0466,1.04635,1.04655
1735519500,1.04655,1.04665,1.0461,1.04625
1735520400,1.0463,1.04645,1.04605,1.0461
1735521300,1.04615,1.0464,1.04615,1.04625
1735522200,1.04625,1.04665,1.04625,1.04655
1735523100,1.0465,1.04655,1.04605,1.04605
1735524000,1.0461,1.04625,1.04595,1.0462
1735524900,1.04615,1.04625,1.0461,1.04615
1735525800,1.04615,1.0463,1.046,1.04625
1735526700,1.0463,1.0463,1.04605,1.0461
1735527600,1.0461,1.0461,1.04565,1.0457
1735528500,1.04565,1.0459,1.04565,1.04585
1735529400,1.04585,1.04605,1.04585,1.04605
1735530300,1.04605,1.0461,1.04585,1.046
1735531200,1.046,1.0461,1.04595,1.04605
1735532100,1.04605,1.0461,1.04605,1.0461
1735533000,1.0461,1.0461,1.04605,1.0461
1735533900,1.0461,1.04615,1.04605,1.0461
1735534800,1.04605,1.0462,1.04605,1.0461
1735535700,1.0461,1.0462,1.04605,1.04605
1735536600,1.046,1.0462,1.046,1.046
1735537500,1.046,1.0462,1.04585,1.04605
1735538400,1.0461,1.04665,1.0461,1.0464
1735539300,1.04645,1.04655,1.0463,1.04645
1735540200,1.04645,1.0467,1.0464,1.0464
1735541100,1.04635,1.0465,1.04625,1.0464
1735542000,1.04645,1.0465,1.046,1.0461
1735542900,1.0461,1.04645,1.04605,1.04605
1735543800,1.04605,1.0462,1.0457,1.04615
1735544700,1.0461,1.04645,1.0458,1.04625
1735545600,1.0462,1.0465,1.04585,1.04595
1735546500,1.0459,1.046,1.0454,1.0455
1735547400,1.0455,1.0458,1.04525,1.04565
1735548300,1.0457,1.04575,1.0445,1.04485
1735549200,1.0448,1.0454,1.04465,1.045
1735550100,1.04495,1.0454,1.04485,1.04535
1735551000,1.0454,1.04595,1.0452,1.0457
1735551900,1.0457,1.04745,1.0457,1.0469
1735552800,1.0469,1.04795,1.0468,1.0477
1735553700,1.0477,1.0478,1.0471,1.04715
1735554600,1.0471,1.0475,1.04705,1.04745
1735555500,1.04745,1.0479,1.04735,1.04735
1735556400,1.04735,1.04785,1.0472,1.04785
1735557300,1.0478,1.04855,1.04765,1.0482
1735558200,1.04815,1.0486,1.0481,1.0482
1735559100,1.0482,1.04875,1.048,1.0483
1735560000,1.0483,1.04935,1.0482,1.0492
1735560900,1.04925,1.04925,1.0474,1.048
1735561800,1.04805,1.0484,1.0476,1.04835
1735562700,1.0483,1.04865,1.04815,1.0484
1735563600,1.04845,1.0487,1.04745,1.0475
1735564500,1.04745,1.04775,1.04715,1.0473
1735565400,1.04725,1.0473,1.0466,1.04665
1735566300,1.04665,1.0467,1.042,1.0423
1735567200,1.0423,1.0439,1.04145,1.04365
1735568100,1.04365,1.04425,1.04345,1.04355
1735569000,1.0435,1.0435,1.04205,1.0425
1735569900,1.0425,1.0444,1.0425,1.04395
1735570800,1.04395,1.0441,1.0427,1.04285
1735571700,1.04285,1.04315,1.04215,1.0427
1735572600,1.0426,1.043,1.04175,1.04175
1735573500,1.0418,1.04205,1.04065,1.0415
1735574400,1.04155,1.0419,1.0413,1.0415
1735575300,1.0415,1.04235,1.04095,1.04135
1735576200,1.04135,1.0426,1.0413,1.04225
1735577100,1.0423,1.04245,1.04135,1.042
1735578000,1.0421,1.0425,1.0419,1.0424
1735578900,1.04245,1.0428,1.0422,1.0426
1735579800,1.0426,1.0427,1.04205,1.0423
1735580700,1.04235,1.043,1.0422,1.04285
1735581600,1.0429,1.0434,1.04285,1.04325
1735582500,1.0433,1.04345,1.043,1.04315
1735583400,1.0432,1.0438,1.0431,1.0438
1735584300,1.04375,1.04415,1.04375,1.0439
1735585200,1.04395,1.044,1.0434,1.04355
1735586100,1.0435,1.0438,1.0433,1.0437
1735587000,1.0437,1.0439,1.04365,1.04365
1735587900,1.04365,1.0437,1.04305,1.04315
1735588800,1.0431,1.0437,1.043,1.04365
1735589700,1.0437,1.044,1.04365,1.0437
1735590600,1.04375,1.0438,1.0435,1.0438
1735591500,1.04375,1.0439,1.04335,1.0434
1735592400,1.04335,1.04365,1.0433,1.04355
1735593300,1.04355,1.0436,1.04345,1.04345
1735594200,1.0434,1.04385,1.0434,1.04385
1735595100,1.0438,1.0442,1.04375,1.04415
1735599600,1.0441,1.0441,1.04335,1.04355
1735600500,1.04355,1.0438,1.04355,1.0438
1735601400,1.0438,1.044,1.04375,1.04395
1735602300,1.04395,1.04405,1.0438,1.044
1735603200,1.04405,1.04405,1.0438,1.04385
1735604100,1.04385,1.04385,1.0436,1.04365
1735605000,1.04365,1.0437,1.04315,1.04335
1735605900,1.04335,1.0438,1.04335,1.0438
1735606800,1.0438,1.04415,1.04365,1.04415
1735607700,1.0441,1.0446,1.0441,1.0445
1735608600,1.04445,1.04475,1.04415,1.0446
1735609500,1.0446,1.0448,1.0444,1.0447
1735610400,1.04465,1.045,1.0444,1.0445
1735611300,1.0445,1.04455,1.04425,1.04445
1735612200,1.0444,1.04465,1.0444,1.04445
1735613100,1.04445,1.04475,1.0443,1.04475
1735614000,1.04475,1.0448,1.04445,1.04445
1735614900,1.0445,1.04465,1.04445,1.04455
1735615800,1.04455,1.04455,1.04435,1.0444
1735616700,1.0444,1.04445,1.0442,1.0443
1735617600,1.0443,1.04435,1.0441,1.0442
1735618500,1.04425,1.04425,1.044,1.044
1735619400,1.04395,1.04425,1.04385,1.0441
1735620300,1.0441,1.0442,1.0439,1.0439
1735621200,1.04395,1.04415,1.0439,1.04415
1735622100,1.0441,1.0442,1.0441,1.0441
1735623000,1.0441,1.04425,1.0441,1.0441
1735623900,1.04405,1.04405,1.0437,1.0438
1735624800,1.0439,1.044,1.04375,1.0438
1735625700,1.04375,1.0438,1.0436,1.0436
1735626600,1.0436,1.04365,1.04345,1.04365
1735627500,1.0436,1.0441,1.0435,1.04385
1735628400,1.04385,1.044,1.0437,1.0438
1735629300,1.0438,1.04435,1.04375,1.04425
1735630200,1.0442,1.04455,1.0441,1.0445
1735631100,1.0445,1.04475,1.0444,1.04465
1735632000,1.04465,1.0449,1.04445,1.04455
1735632900,1.0446,1.04465,1.04405,1.0442
1735633800,1.0442,1.04485,1.0442,1.04445
1735634700,1.04445,1.04545,1.0442,1.0453
1735635600,1.04525,1.04535,1.0446,1.04495
1735636500,1.045,1.04505,1.0447,1.0448
1735637400,1.0448,1.04585,1.0448,1.0455
1735638300,1.04545,1.04585,1.04525,1.0453
1735639200,1.04535,1.04535,1.04395,1.0447
1735640100,1.0447,1.0447,1.04415,1.04445
1735641000,1.04445,1.04465,1.04425,1.04435
1735641900,1.04435,1.04545,1.04435,1.0447
1735642800,1.0447,1.0453,1.04465,1.04525
1735643700,1.04525,1.04535,1.0448,1.0448
1735644600,1.0448,1.04495,1.0443,1.04435
1735645500,1.0443,1.04455,1.04395,1.04445
1735646400,1.0445,1.04485,1.04405,1.0444
1735647300,1.04445,1.04465,1.04375,1.04375
1735648200,1.04375,1.0438,1.04335,1.0438
1735649100,1.0438,1.044,1.04255,1.0427
1735650000,1.04275,1.0431,1.04205,1.0424
1735650900,1.0424,1.0427,1.0418,1.04245
1735651800,1.0425,1.0432,1.0425,1.0427
1735652700,1.0427,1.0428,1.04225,1.0428
1735653600,1.04275,1.0429,1.0412,1.04215
1735654500,1.0422,1.04235,1.04135,1.0415
1735655400,1.04155,1.04205,1.0409,1.04135
1735656300,1.04135,1.04145,1.0409,1.04105
1735657200,1.041,1.04235,1.0404,1.04205
1735658100,1.04195,1.0421,1.0408,1.041
1735659000,1.0409,1.04105,1.0398,1.0399
1735659900,1.0399,1.0401,1.03865,1.03895
1735660800,1.03895,1.03955,1.03815,1.0386
1735661700,1.0385,1.039,1.0383,1.03865
1735662600,1.03865,1.0392,1.03815,1.03815
1735663500,1.0382,1.0387,1.03815,1.03845
1735664400,1.03845,1.03885,1.0382,1.03875
1735665300,1.0388,1.0389,1.03815,1.03815
1735666200,1.0382,1.03855,1.0378,1.0381
1735667100,1.03815,1.03875,1.03785,1.03825
1735668000,1.03825,1.0385,1.03795,1.0381
1735668900,1.03805,1.03875,1.03805,1.0387
1735669800,1.03865,1.03905,1.0385,1.03905
1735670700,1.039,1.039,1.03865,1.03865
1735671600,1.03865,1.03965,1.03855,1.0396
1735672500,1.03955,1.03985,1.03915,1.0393
1735673400,1.03925,1.03925,1.0388,1.039
1735674300,1.03895,1.0391,1.03875,1.03885
1735675200,1.0389,1.0394,1.03885,1.03915
1735676100,1.03915,1.0397,1.03915,1.0395
1735677000,1.0395,1.03955,1.0392,1.0394
1735677900,1.0394,1.03945,1.0391,1.0392
1735678800,1.03925,1.0395,1.0392,1.03935
1735679700,1.03935,1.03945,1.03915,1.0392
1735680600,1.0393,1.03935,1.0391,1.0392
1735681500,1.0392,1.0392,1.03875,1.0388
1735772400,1.0388,1.0392,1.03835,1.0387
1735773300,1.03865,1.03875,1.0384,1.03845
1735774200,1.03845,1.03845,1.0379,1.0382
1735775100,1.0382,1.03865,1.03815,1.0383
1735776000,1.0384,1.03845,1.03815,1.0382
1735776900,1.0382,1.03845,1.03805,1.03835
1735777800,1.0383,1.03845,1.03815,1.03835
1735778700,1.0384,1.0389,1.0383,1.0385
1735779600,1.03845,1.03845,1.0376,1.0381
1735780500,1.03815,1.0386,1.03785,1.0383
1735781400,1.03835,1.0393,1.03815,1.03905
1735782300,1.0391,1.03925,1.039,1.03905
1735783200,1.0391,1.0394,1.0391,1.03925
1735784100,1.03925,1.0396,1.03925,1.0396
1735785000,1.03955,1.03995,1.03955,1.0399
1735785900,1.0399,1.0404,1.0399,1.0404
1735786800,1.04035,1.04055,1.0403,1.04035
1735787700,1.0404,1.0404,1.04005,1.0403
1735788600,1.04035,1.0407,1.04025,1.0404
1735789500,1.0405,1.0405,1.0402,1.04045
1735790400,1.0404,1.0408,1.0404,1.0407
1735791300,1.0407,1.04075,1.0404,1.0404
1735792200,1.04035,1.0404,1.0399,1.04
1735793100,1.03995,1.0403,1.03995,1.0402
1735794000,1.0402,1.04035,1.03985,1.0399
1735794900,1.0399,1.04,1.03965,1.03975
1735795800,1.0398,1.0398,1.0395,1.0395
1735796700,1.0395,1.03975,1.0395,1.0397
1735797600,1.03965,1.03965,1.0394,1.0395
1735798500,1.03955,1.03965,1.03935,1.03945
1735799400,1.03945,1.03975,1.0393,1.03955
1735800300,1.0396,1.03975,1.0395,1.0397
1735801200,1.0397,1.0401,1.0396,1.04
1735802100,1.04005,1.0402,1.03985,1.0401
1735803000,1.04015,1.0402,1.0399,1.04015
1735803900,1.04015,1.0405,1.03955,1.03955
1735804800,1.03955,1.04035,1.0391,1.0391
1735805700,1.03905,1.03925,1.0381,1.03815
1735806600,1.03815,1.0393,1.0379,1.0391
1735807500,1.0391,1.0396,1.0388,1.0395
1735808400,1.03955,1.03995,1.039,1.03955
1735809300,1.0396,1.0403,1.03945,1.0395
1735810200,1.03945,1.03975,1.03875,1.03885
1735811100,1.03885,1.039,1.0382,1.03845
1735812000,1.03845,1.03875,1.03845,1.03865
1735812900,1.0386,1.03895,1.03825,1.03835
1735813800,1.03835,1.03835,1.0372,1.0373
1735814700,1.03735,1.03745,1.03465,1.03495
1735815600,1.0349,1.0365,1.03485,1.0363
1735816500,1.03635,1.0367,1.03545,1.03545
1735817400,1.03545,1.03575,1.03475,1.03565
1735818300,1.03565,1.0365,1.0354,1.03645
1735819200,1.0365,1.0367,1.036,1.03625
1735820100,1.0362,1.0365,1.03595,1.0362
1735821000,1.0362,1.0364,1.03555,1.03575
1735821900,1.03575,1.03605,1.0347,1.0351
1735822800,1.0351,1.03565,1.03465,1.035
1735823700,1.03505,1.0355,1.0345,1.03505
1735824600,1.035,1.03625,1.03435,1.03575
1735825500,1.03565,1.0357,1.0344,1.0346
1735826400,1.0346,1.0347,1.03385,1.0343
1735827300,1.0343,1.0353,1.03405,1.03485
1735828200,1.0348,1.03565,1.03425,1.03445
1735829100,1.03445,1.03495,1.03345,1.03365
1735830000,1.03365,1.03415,1.0333,1.03365
1735830900,1.03365,1.0341,1.0313,1.0318
1735831800,1.0318,1.03295,1.03145,1.03245
1735832700,1.0324,1.0325,1.0305,1.0307
1735833600,1.03065,1.0309,1.0256,1.02895
1735834500,1.02895,1.0295,1.0282,1.02855
1735835400,1.02855,1.02875,1.02735,1.02775
1735836300,1.0278,1.02965,1.0275,1.0293
1735837200,1.0293,1.03,1.02875,1.02955
1735838100,1.02955,1.02975,1.0289,1.0289
1735839000,1.0289,1.02985,1.02835,1.02965
1735839900,1.02965,1.02985,1.0291,1.0297
1735840800,1.02975,1.02985,1.02935,1.02945
1735841700,1.02945,1.0298,1.0292,1.02945
1735842600,1.02945,1.02945,1.0288,1.02935
1735843500,1.02935,1.02945,1.0288,1.02885
1735844400,1.0289,1.02915,1.02825,1.02835
1735845300,1.0283,1.029,1.02815,1.02895
1735846200,1.0289,1.0293,1.02845,1.0285
1735847100,1.02855,1.0286,1.028,1.02835
1735848000,1.0283,1.0289,1.0283,1.02875
1735848900,1.0287,1.02955,1.0287,1.02945
1735849800,1.02945,1.02965,1.0292,1.02945
1735850700,1.0294,1.02965,1.0293,1.02935
1735851600,1.02935,1.0298,1.02935,1.02955
1735852500,1.02955,1.0298,1.02945,1.02975
1735853400,1.0297,1.03,1.0295,1.0299
1735854300,1.0299,1.0302,1.0297,1.02995
1735858800,1.0297,1.02995,1.0297,1.0299
1735859700,1.0299,1.02995,1.02965,1.02985
1735860600,1.0298,1.0298,1.02965,1.02975
1735861500,1.0298,1.03005,1.0297,1.02995
1735862400,1.02995,1.0301,1.02985,1.02985
1735863300,1.02985,1.03,1.02975,1.02995
1735864200,1.03,1.03015,1.02995,1.0301
1735865100,1.0301,1.03055,1.0301,1.0305
1735866000,1.03045,1.03045,1.03005,1.0301
1735866900,1.0301,1.03035,1.0299,1.03005
1735867800,1.03,1.03025,1.02995,1.02995
1735868700,1.03,1.0301,1.02985,1.02995
1735869600,1.0299,1.03035,1.0299,1.03015
1735870500,1.03015,1.0303,1.02995,1.0303
1735871400,1.03035,1.03045,1.0302,1.03035
1735872300,1.0304,1.03065,1.0303,1.0304
1735873200,1.03045,1.03045,1.03035,1.0304
1735874100,1.03035,1.0306,1.03025,1.0305
1735875000,1.03055,1.03055,1.0302,1.03035
1735875900,1.0303,1.0303,1.03005,1.03025
1735876800,1.03025,1.03025,1.02985,1.0301
1735877700,1.03015,1.03015,1.0299,1.03005
1735878600,1.03005,1.03015,1.02995,1.02995
1735879500,1.02995,1.03015,1.0299,1.0301
1735880400,1.03015,1.03015,1.0298,1.0298
1735881300,1.0298,1.03035,1.02965,1.0303
1735882200,1.03035,1.0305,1.0303,1.0304
1735883100,1.03035,1.0304,1.03015,1.03035
1735884000,1.0304,1.03065,1.03035,1.0306
1735884900,1.03055,1.0307,1.0305,1.03055
1735885800,1.0305,1.03065,1.0304,1.03055
1735886700,1.0306,1.0311,1.03055,1.03105
1735887600,1.03105,1.03145,1.0308,1.0312
1735888500,1.0312,1.0313,1.03005,1.031
1735889400,1.03095,1.03165,1.03095,1.03145
1735890300,1.03145,1.03155,1.0312,1.03125
1735891200,1.0313,1.032,1.031,1.0316
1735892100,1.0316,1.032,1.0313,1.0313
1735893000,1.0313,1.0313,1.0305,1.0309
1735893900,1.03095,1.0318,1.0309,1.03125
1735894800,1.0312,1.03265,1.0312,1.03255
1735895700,1.03255,1.03315,1.0324,1.0328
1735896600,1.03285,1.0332,1.03215,1.0322
1735897500,1.03215,1.03235,1.03195,1.0322
1735898400,1.03225,1.03255,1.03155,1.0317
1735899300,1.0317,1.0318,1.0312,1.03155
1735900200,1.03155,1.0318,1.03135,1.03165
1735901100,1.03155,1.0317,1.0311,1.0313
1735902000,1.03135,1.03215,1.03135,1.0321
1735902900,1.03205,1.0331,1.03205,1.03295
1735903800,1.03295,1.03315,1.0324,1.03315
1735904700,1.0332,1.0335,1.03295,1.033
1735905600,1.0329,1.03325,1.03265,1.0329
1735906500,1.0329,1.0329,1.03265,1.03285
1735907400,1.0328,1.0333,1.0328,1.03295
1735908300,1.033,1.0333,1.0327,1.03275
1735909200,1.0328,1.0332,1.03275,1.03295
1735910100,1.033,1.03305,1.03235,1.03265
1735911000,1.0326,1.0332,1.03255,1.03315
1735911900,1.03315,1.0332,1.03235,1.0325
1735912800,1.0325,1.0325,1.03195,1.0322
1735913700,1.0322,1.03265,1.0322,1.0323
1735914600,1.0323,1.033,1.0321,1.03285
1735915500,1.0329,1.0335,1.03275,1.03325
1735916400,1.0332,1.0338,1.0321,1.0321
1735917300,1.03215,1.03235,1.03055,1.0307
1735918200,1.03075,1.03165,1.0305,1.03155
1735919100,1.0315,1.0321,1.0313,1.0321
1735920000,1.03205,1.0326,1.03175,1.03215
1735920900,1.03215,1.0328,1.03215,1.03275
1735921800,1.03275,1.03315,1.03185,1.0322
1735922700,1.03215,1.03225,1.0315,1.03225
1735923600,1.0323,1.03355,1.03225,1.0334
1735924500,1.0334,1.03365,1.0331,1.0334
1735925400,1.03345,1.0338,1.033,1.0332
1735926300,1.03315,1.03345,1.0329,1.03295
1735927200,1.033,1.03305,1.03245,1.03305
1735928100,1.03295,1.03335,1.03285,1.0333
1735929000,1.0333,1.03345,1.03295,1.033
1735929900,1.03305,1.03315,1.03255,1.03295
1735930800,1.0329,1.033,1.03255,1.033
1735931700,1.033,1.03365,1.03295,1.03355
1735932600,1.03355,1.0338,1.0334,1.03375
1735933500,1.0337,1.03375,1.03305,1.0333
1735934400,1.0333,1.03385,1.03305,1.0338
1735935300,1.03385,1.03395,1.03345,1.0335
1735936200,1.03345,1.03355,1.03325,1.03335
1735937100,1.03335,1.0339,1.0333,1.0337
1735938000,1.0337,1.03415,1.0336,1.0339
1735938900,1.0339,1.034,1.03385,1.03395
1735939800,1.0339,1.034,1.03375,1.03395
1735940700,1.03395,1.03415,1.03385,1.034
1736118000,1.03345,1.03375,1.0333,1.03365
1736118900,1.03365,1.0338,1.0336,1.03365
1736119800,1.03365,1.0339,1.0335,1.03385
1736120700,1.0339,1.03395,1.03355,1.03365
1736121600,1.03365,1.03365,1.0327,1.0328
1736122500,1.0328,1.0332,1.03275,1.03285
1736123400,1.0329,1.0329,1.0327,1.03285
1736124300,1.03285,1.03355,1.03285,1.0334
1736125200,1.0334,1.03385,1.0333,1.03375
1736126100,1.0338,1.03425,1.0337,1.0338
1736127000,1.03385,1.0341,1.03365,1.03395
1736127900,1.034,1.0345,1.0339,1.03435
1736128800,1.0343,1.0349,1.0342,1.03475
1736129700,1.0348,1.03485,1.0343,1.0344
1736130600,1.0344,1.0347,1.0343,1.03455
1736131500,1.03455,1.0349,1.03455,1.0347
1736132400,1.03475,1.035,1.0346,1.03475
1736133300,1.03475,1.03485,1.0346,1.03465
1736134200,1.03465,1.0348,1.0344,1.0346
1736135100,1.0346,1.03495,1.0346,1.03475
1736136000,1.03475,1.03485,1.0345,1.03455
1736136900,1.0345,1.0347,1.03445,1.0347
1736137800,1.0347,1.03485,1.0347,1.0347
1736138700,1.03475,1.0348,1.0346,1.0346
1736139600,1.03465,1.0347,1.03445,1.0345
1736140500,1.0345,1.03485,1.0343,1.03475
1736141400,1.03475,1.03495,1.0344,1.0344
1736142300,1.03435,1.03455,1.034,1.03405
1736143200,1.034,1.03435,1.0339,1.03425
1736144100,1.03425,1.0343,1.0339,1.03405
1736145000,1.03405,1.0347,1.034,1.03465
1736145900,1.0347,1.0348,1.0342,1.0344
1736146800,1.0344,1.0347,1.0341,1.0345
1736147700,1.0345,1.0351,1.03435,1.03505
1736148600,1.035,1.03585,1.035,1.0354
1736149500,1.0354,1.03595,1.0353,1.03585
1736150400,1.0359,1.03685,1.03575,1.03685
1736151300,1.0369,1.03735,1.03645,1.03715
1736152200,1.0372,1.0375,1.03665,1.03665
1736153100,1.0367,1.0384,1.03645,1.03815
1736154000,1.03815,1.04,1.0372,1.03885
1736154900,1.03885,1.03985,1.03865,1.039
1736155800,1.039,1.0391,1.03815,1.03835
1736156700,1.03835,1.0388,1.03825,1.0387
1736157600,1.03875,1.03895,1.0377,1.0377
1736158500,1.0377,1.03805,1.0374,1.0377
1736159400,1.03765,1.038,1.03735,1.0374
1736160300,1.0374,1.03755,1.03665,1.0367
1736161200,1.03665,1.042,1.03605,1.04095
1736162100,1.041,1.0449,1.041,1.0445
1736163000,1.0445,1.0464,1.04445,1.04495
1736163900,1.04495,1.0454,1.044,1.04535
1736164800,1.04535,1.04625,1.0442,1.04425
1736165700,1.0442,1.04495,1.043,1.04305
1736166600,1.04305,1.0439,1.04235,1.04365
1736167500,1.04365,1.0445,1.0428,1.04425
1736168400,1.0443,1.0458,1.0442,1.0455
1736169300,1.04555,1.04685,1.04515,1.0468
1736170200,1.04675,1.04675,1.04415,1.0442
1736171100,1.0442,1.04505,1.0436,1.04485
1736172000,1.0449,1.0455,1.0441,1.0442
1736172900,1.0442,1.04425,1.0384,1.04125
1736173800,1.0413,1.0417,1.03985,1.04
1736174700,1.0401,1.043,1.0401,1.0424
1736175600,1.04245,1.04305,1.04115,1.0417
1736176500,1.0417,1.0418,1.0407,1.04125
1736177400,1.0413,1.04165,1.0403,1.0407
1736178300,1.04075,1.043,1.0407,1.0425
1736179200,1.0425,1.0429,1.0417,1.04215
1736180100,1.0421,1.04275,1.0418,1.0426
1736181000,1.0426,1.0434,1.0426,1.04295
1736181900,1.043,1.04305,1.04235,1.04285
1736182800,1.0428,1.04285,1.04135,1.0414
1736183700,1.04145,1.04185,1.0412,1.0415
1736184600,1.04145,1.0417,1.0412,1.0414
1736185500,1.04135,1.04195,1.0411,1.0419
1736186400,1.0419,1.04205,1.04085,1.04145
1736187300,1.04145,1.0419,1.04115,1.0417
1736188200,1.04175,1.042,1.0411,1.0416
1736189100,1.0416,1.04185,1.04125,1.04135
1736190000,1.0413,1.04175,1.04105,1.0416
1736190900,1.0416,1.0422,1.0416,1.04195
1736191800,1.0419,1.04235,1.04185,1.042
1736192700,1.042,1.0421,1.04165,1.042
1736193600,1.042,1.04235,1.0418,1.0423
1736194500,1.04235,1.04235,1.042,1.0421
1736195400,1.04205,1.04205,1.04175,1.04195
1736196300,1.04195,1.04195,1.0417,1.0419
1736197200,1.0419,1.04205,1.04175,1.04195
1736198100,1.04195,1.04235,1.04195,1.04225
1736199000,1.0423,1.04235,1.04205,1.04215
1736199900,1.04215,1.0422,1.042,1.04215
1736204400,1.042,1.04215,1.0417,1.0417
1736205300,1.04165,1.04165,1.04135,1.0414
1736206200,1.0414,1.0417,1.04135,1.0416
1736207100,1.0416,1.04165,1.0413,1.0414
1736208000,1.04145,1.0415,1.04115,1.04125
1736208900,1.04125,1.0413,1.0408,1.0408
1736209800,1.04085,1.04125,1.04085,1.0412
1736210700,1.04125,1.0416,1.04115,1.0415
1736211600,1.0415,1.04155,1.04085,1.041
1736212500,1.04105,1.04135,1.04095,1.0411
1736213400,1.04105,1.0411,1.04075,1.0408
1736214300,1.04085,1.04145,1.04075,1.0412
1736215200,1.0412,1.04165,1.0412,1.0414
1736216100,1.0414,1.04155,1.04135,1.04155
1736217000,1.0415,1.0415,1.0413,1.04135
1736217900,1.04135,1.04145,1.0411,1.04135
1736218800,1.04135,1.0414,1.04115,1.04135
1736219700,1.0414,1.04165,1.0414,1.04165
1736220600,1.0417,1.0424,1.04165,1.0423
1736221500,1.0423,1.04235,1.0421,1.04235
1736222400,1.04235,1.04245,1.04215,1.0422
1736223300,1.0422,1.04235,1.04215,1.04235
1736224200,1.04235,1.0425,1.04225,1.0424
1736225100,1.04235,1.04245,1.04225,1.04225
1736226000,1.0423,1.04245,1.0422,1.04245
1736226900,1.04245,1.04275,1.04245,1.0426
1736227800,1.04265,1.0434,1.04265,1.0433
1736228700,1.0433,1.0434,1.0427,1.04275
1736229600,1.04275,1.04355,1.04275,1.04325
1736230500,1.04325,1.04345,1.04295,1.04315
1736231400,1.0431,1.0433,1.04285,1.04295
1736232300,1.04295,1.04295,1.0427,1.0428
1736233200,1.04285,1.0441,1.04285,1.044
1736234100,1.044,1.0447,1.0438,1.04435
1736235000,1.04435,1.04555,1.0441,1.0454
1736235900,1.0454,1.0454,1.04405,1.0446
1736236800,1.04455,1.0452,1.0441,1.0441
1736237700,1.0441,1.04455,1.0434,1.04375
1736238600,1.04375,1.04465,1.04365,1.04465
1736239500,1.04465,1.0456,1.0445,1.0456
1736240400,1.04565,1.0465,1.04555,1.04575
1736241300,1.04575,1.04595,1.0455,1.04565
1736242200,1.0456,1.0461,1.04555,1.0459
1736243100,1.0459,1.0461,1.04555,1.0459
1736244000,1.04585,1.04615,1.0448,1.04585
1736244900,1.04585,1.04655,1.04535,1.0454
1736245800,1.04545,1.04575,1.0452,1.04575
1736246700,1.0457,1.0465,1.04555,1.0459
1736247600,1.04585,1.04595,1.045,1.0451
1736248500,1.04515,1.04515,1.044,1.044
1736249400,1.044,1.0442,1.0436,1.0442
1736250300,1.0442,1.04455,1.044,1.04445
1736251200,1.04445,1.04475,1.04395,1.0441
1736252100,1.04405,1.04435,1.0435,1.0436
1736253000,1.04365,1.0437,1.0423,1.0425
1736253900,1.0425,1.04295,1.0418,1.042
1736254800,1.04205,1.0429,1.04195,1.04275
1736255700,1.0428,1.0435,1.0425,1.04325
1736256600,1.04325,1.04365,1.04265,1.04265
1736257500,1.0427,1.0428,1.0418,1.04275
1736258400,1.04275,1.0428,1.04205,1.0421
1736259300,1.0421,1.0428,1.042,1.04265
1736260200,1.04265,1.04285,1.04225,1.0424
1736261100,1.0424,1.04285,1.0422,1.0425
1736262000,1.0424,1.0424,1.039,1.0399
1736262900,1.0399,1.04115,1.0396,1.041
1736263800,1.04105,1.04115,1.03945,1.0395
1736264700,1.0395,1.04045,1.0386,1.04035
1736265600,1.04035,1.0406,1.03955,1.03955
1736266500,1.0396,1.04035,1.0395,1.0397
1736267400,1.0397,1.04125,1.03935,1.04075
1736268300,1.04075,1.0408,1.0394,1.0399
1736269200,1.0399,1.04035,1.03925,1.0394
1736270100,1.03945,1.04045,1.0385,1.04
1736271000,1.04005,1.0405,1.03955,1.03965
1736271900,1.0396,1.04005,1.0392,1.0398
1736272800,1.0398,1.04005,1.0388,1.03915
1736273700,1.03915,1.03995,1.03905,1.03925
1736274600,1.0392,1.0392,1.03825,1.03835
1736275500,1.03835,1.03865,1.03805,1.03855
1736276400,1.0385,1.039,1.03835,1.03865
1736277300,1.0386,1.03885,1.03835,1.03885
1736278200,1.03885,1.03895,1.03845,1.03895
1736279100,1.03895,1.03905,1.0385,1.0386
1736280000,1.0386,1.0387,1.03795,1.03815
1736280900,1.03815,1.0382,1.03775,1.03785
1736281800,1.0379,1.0379,1.0376,1.0377
1736282700,1.03765,1.0379,1.0375,1.03755
1736283600,1.0375,1.03755,1.03715,1.03745
1736284500,1.0374,1.03745,1.03715,1.0374
1736285400,1.03745,1.0375,1.03715,1.03715
1736286300,1.0372,1.03725,1.03705,1.03715
1736290800,1.0373,1.03745,1.03695,1.03705
1736291700,1.03705,1.03735,1.03705,1.0373
1736292600,1.0373,1.03755,1.03725,1.0375
1736293500,1.03755,1.0376,1.0372,1.03725
1736294400,1.0372,1.03765,1.0372,1.03765
1736295300,1.0376,1.038,1.03755,1.038
1736296200,1.03795,1.038,1.0375,1.0379
1736297100,1.0379,1.0379,1.03745,1.0377
1736298000,1.03775,1.038,1.0376,1.03775
1736298900,1.0378,1.038,1.0377,1.0379
1736299800,1.0379,1.03825,1.0378,1.03805
1736300700,1.0381,1.0384,1.0379,1.0383
1736301600,1.03835,1.03855,1.0383,1.03845
1736302500,1.03845,1.0385,1.03825,1.03835
1736303400,1.03835,1.03845,1.0382,1.03845
1736304300,1.03845,1.0385,1.0383,1.03845
1736305200,1.0384,1.03845,1.0383,1.0383
1736306100,1.03825,1.03835,1.03805,1.03805
1736307000,1.03805,1.0381,1.0377,1.03775
1736307900,1.03775,1.038,1.03775,1.0378
1736308800,1.0378,1.03825,1.0378,1.03825
1736309700,1.03825,1.03825,1.038,1.03805
1736310600,1.0381,1.03815,1.03785,1.0379
1736311500,1.0378,1.0382,1.0378,1.0382
1736312400,1.0382,1.03825,1.03795,1.03805
1736313300,1.03815,1.03855,1.03815,1.0385
1736314200,1.03855,1.0386,1.03835,1.03835
1736315100,1.03835,1.03865,1.0383,1.03855
1736316000,1.03855,1.0388,1.0385,1.03875
1736316900,1.03875,1.0388,1.03835,1.0385
1736317800,1.03845,1.03865,1.03835,1.03855
1736318700,1.0386,1.0387,1.0377,1.03825
1736319600,1.03815,1.0382,1.03715,1.0376
1736320500,1.0376,1.03785,1.03735,1.0375
1736321400,1.03745,1.03745,1.0365,1.03665
1736322300,1.03665,1.03685,1.0359,1.0363
1736323200,1.0363,1.0369,1.03525,1.0361
1736324100,1.0361,1.037,1.03555,1.03555
1736325000,1.03555,1.03635,1.03545,1.0359
1736325900,1.03585,1.03585,1.03485,1.03495
1736326800,1.0349,1.0357,1.03485,1.0355
1736327700,1.03545,1.03565,1.03455,1.0351
1736328600,1.03515,1.0355,1.0349,1.0353
1736329500,1.0353,1.0353,1.03475,1.035
1736330400,1.035,1.0352,1.0341,1.03445
1736331300,1.0345,1.03485,1.0343,1.03455
1736332200,1.03455,1.0347,1.03415,1.03455
1736333100,1.0345,1.0351,1.0343,1.035
1736334000,1.03495,1.035,1.03415,1.03415
1736334900,1.03415,1.03425,1.03305,1.0331
1736335800,1.0331,1.0331,1.03035,1.03155
1736336700,1.0315,1.0328,1.0315,1.0328
1736337600,1.03285,1.033,1.032,1.032
1736338500,1.032,1.03235,1.0315,1.0319
1736339400,1.0319,1.03315,1.03135,1.0323
1736340300,1.03225,1.03255,1.03115,1.03135
1736341200,1.0313,1.03255,1.03115,1.03195
1736342100,1.03205,1.0335,1.03185,1.0327
1736343000,1.0326,1.03335,1.0321,1.03245
1736343900,1.03245,1.03345,1.0321,1.03335
1736344800,1.03335,1.0338,1.03275,1.03295
1736345700,1.03295,1.03295,1.03235,1.0324
1736346600,1.0324,1.0327,1.03205,1.03235
1736347500,1.03235,1.03325,1.03195,1.0322
1736348400,1.0322,1.03405,1.0322,1.0338
1736349300,1.03385,1.0339,1.03305,1.03315
1736350200,1.0332,1.03335,1.03255,1.03295
1736351100,1.03295,1.0334,1.03255,1.03325
1736352000,1.0332,1.0333,1.03255,1.03305
1736352900,1.03305,1.0339,1.03275,1.03345
1736353800,1.0334,1.0342,1.0333,1.0336
1736354700,1.0336,1.03455,1.0333,1.0343
1736355600,1.0343,1.03435,1.0333,1.03345
1736356500,1.0335,1.0336,1.03285,1.03335
1736357400,1.03335,1.03355,1.0329,1.03355
1736358300,1.0335,1.0337,1.0332,1.0336
1736359200,1.0336,1.03425,1.0336,1.0338
1736360100,1.03375,1.0344,1.03375,1.03425
1736361000,1.03425,1.03465,1.03415,1.03455
1736361900,1.0346,1.0346,1.0341,1.0344
1736362800,1.03435,1.0349,1.03425,1.03435
1736363700,1.03435,1.0355,1.03435,1.03545
1736364600,1.0354,1.0354,1.0342,1.03425
1736365500,1.0342,1.0343,1.03385,1.034
1736366400,1.03395,1.03425,1.03385,1.0339
1736367300,1.03395,1.03435,1.03395,1.03425
1736368200,1.03425,1.0346,1.03415,1.0346
1736369100,1.03455,1.0347,1.03435,1.03465
1736370000,1.03465,1.035,1.0346,1.0348
1736370900,1.0348,1.03485,1.0346,1.03465
1736371800,1.03465,1.0347,1.03455,1.03465
1736372700,1.03465,1.03505,1.0346,1.0349
1736377200,1.0348,1.03485,1.0345,1.0345
1736378100,1.03455,1.03455,1.0343,1.03445
1736379000,1.0345,1.0346,1.0344,1.03455
1736379900,1.0346,1.0346,1.03425,1.03425
1736380800,1.0343,1.03445,1.03395,1.0341
1736381700,1.03405,1.0342,1.034,1.0342
1736382600,1.0342,1.0342,1.03345,1.03375
1736383500,1.0338,1.03425,1.03365,1.03425
1736384400,1.03425,1.0344,1.0341,1.03425
1736385300,1.03425,1.03465,1.03425,1.03455
1736386200,1.0345,1.03455,1.03425,1.03435
1736387100,1.0343,1.03445,1.03415,1.03435
1736388000,1.03435,1.03465,1.03435,1.03465
1736388900,1.0346,1.0349,1.0346,1.03465
1736389800,1.03465,1.03465,1.0344,1.03455
1736390700,1.03455,1.0347,1.0345,1.03455
1736391600,1.0346,1.03505,1.03455,1.03495
1736392500,1.035,1.035,1.0347,1.0348
1736393400,1.03475,1.03495,1.03475,1.03475
1736394300,1.03475,1.03475,1.034,1.03405
1736395200,1.03405,1.03415,1.0335,1.0337
1736396100,1.0337,1.03395,1.03355,1.0339
1736397000,1.03385,1.03385,1.03365,1.0338
1736397900,1.03375,1.03385,1.0337,1.03385
1736398800,1.0338,1.03415,1.03375,1.03405
1736399700,1.034,1.0342,1.0339,1.0339
1736400600,1.0339,1.0341,1.0338,1.0338
1736401500,1.0338,1.03405,1.0335,1.0336
1736402400,1.03365,1.03365,1.03265,1.03295
1736403300,1.0329,1.03325,1.0329,1.03305
1736404200,1.0331,1.0336,1.03305,1.0335
1736405100,1.03355,1.03375,1.03265,1.03295
1736406000,1.033,1.0336,1.0329,1.03345
1736406900,1.0335,1.03375,1.0332,1.0333
1736407800,1.0333,1.0333,1.03225,1.03235
1736408700,1.03235,1.03265,1.03175,1.032
1736409600,1.03205,1.03265,1.0313,1.03235
1736410500,1.03235,1.0334,1.03225,1.03285
1736411400,1.03285,1.0334,1.03275,1.033
1736412300,1.03295,1.0337,1.0327,1.0337
1736413200,1.0337,1.03395,1.03325,1.0336
1736414100,1.03355,1.0347,1.03345,1.0343
1736415000,1.0343,1.0345,1.03385,1.034
1736415900,1.03405,1.0341,1.03325,1.0335
1736416800,1.0335,1.0336,1.03295,1.03355
1736417700,1.0336,1.03415,1.03345,1.03395
1736418600,1.034,1.0341,1.03285,1.0332
1736419500,1.0332,1.0337,1.03315,1.03325
1736420400,1.03325,1.03325,1.0329,1.03295
1736421300,1.03295,1.0331,1.0326,1.033
1736422200,1.033,1.03315,1.03275,1.03305
1736423100,1.0331,1.0334,1.0329,1.033
1736424000,1.03305,1.03325,1.0329,1.03315
1736424900,1.0331,1.03335,1.0328,1.03305
1736425800,1.03305,1.03325,1.03255,1.0329
1736426700,1.0329,1.0335,1.0328,1.03325
1736427600,1.0333,1.0338,1.03305,1.0336
1736428500,1.0336,1.03415,1.0335,1.03415
1736429400,1.0341,1.03485,1.0341,1.0342
1736430300,1.03415,1.03425,1.03345,1.03375
1736431200,1.03375,1.03425,1.03365,1.0342
1736432100,1.0342,1.0344,1.0338,1.03395
1736433000,1.034,1.03415,1.0335,1.0338
1736433900,1.0338,1.03405,1.0335,1.0337
1736434800,1.03375,1.0339,1.03295,1.0333
1736435700,1.03325,1.0335,1.033,1.0334
1736436600,1.03335,1.03335,1.03265,1.03275
1736437500,1.03275,1.0331,1.0324,1.0329
1736438400,1.0329,1.033,1.0323,1.0328
1736439300,1.03285,1.0329,1.03235,1.0325
1736440200,1.03245,1.03305,1.0321,1.033
1736441100,1.033,1.0331,1.0326,1.0327
1736442000,1.03265,1.0331,1.03265,1.0329
1736442900,1.03295,1.03305,1.03245,1.0327
1736443800,1.03265,1.03265,1.0323,1.03245
1736444700,1.03245,1.0328,1.03235,1.03265
1736445600,1.03265,1.03265,1.0323,1.0326
1736446500,1.0326,1.03285,1.0325,1.03285
1736447400,1.0329,1.0331,1.03285,1.0331
1736448300,1.0331,1.03315,1.0328,1.03295
1736449200,1.033,1.03315,1.03285,1.03285
1736450100,1.0328,1.033,1.03275,1.033
1736451000,1.03295,1.03305,1.03285,1.0329
1736451900,1.03295,1.03315,1.03265,1.0327
1736452800,1.03275,1.03305,1.03275,1.0329
1736453700,1.03295,1.0331,1.03295,1.03295
1736454600,1.03305,1.03325,1.03305,1.03325
1736455500,1.0333,1.0333,1.03295,1.03305
1736456400,1.03305,1.03305,1.0328,1.0329
1736457300,1.03285,1.03305,1.03285,1.03295
1736458200,1.033,1.03305,1.03285,1.03285
1736459100,1.03295,1.03295,1.0328,1.03295
1736463600,1.0329,1.03305,1.03275,1.03275
1736464500,1.0328,1.0329,1.0327,1.03285
1736465400,1.03285,1.03285,1.03255,1.0326
1736466300,1.0326,1.03265,1.0325,1.03255
1736467200,1.03255,1.03295,1.0325,1.03275
1736468100,1.03275,1.03275,1.03215,1.03235
1736469000,1.0323,1.03235,1.0321,1.0323
1736469900,1.03225,1.03265,1.03225,1.03245
1736470800,1.0324,1.03285,1.03225,1.0328
1736471700,1.0328,1.0332,1.03265,1.03305
1736472600,1.03305,1.0333,1.0328,1.03315
1736473500,1.0332,1.03325,1.03295,1.0331
1736474400,1.03305,1.03325,1.03285,1.033
1736475300,1.033,1.03305,1.03285,1.03305
1736476200,1.03305,1.0332,1.0327,1.0328
1736477100,1.0328,1.0331,1.03275,1.03305
1736478000,1.03305,1.03325,1.0329,1.03315
1736478900,1.03315,1.03315,1.0329,1.03295
1736479800,1.0329,1.03295,1.0327,1.03295
1736480700,1.03295,1.033,1.0326,1.03275
1736481600,1.03275,1.0329,1.0326,1.03265
1736482500,1.03265,1.0327,1.03255,1.0326
1736483400,1.0326,1.0326,1.03225,1.0324
1736484300,1.03235,1.0325,1.03225,1.0324
1736485200,1.03235,1.03255,1.0323,1.0325
1736486100,1.03245,1.03265,1.03235,1.0324
1736487000,1.0324,1.0324,1.0319,1.03215
1736487900,1.03215,1.03215,1.03135,1.0315
1736488800,1.0315,1.0317,1.03115,1.0312
1736489700,1.0312,1.0314,1.03115,1.03135
1736490600,1.03135,1.03155,1.03115,1.0313
1736491500,1.0313,1.0314,1.03105,1.03105
1736492400,1.03105,1.0319,1.031,1.03155
1736493300,1.03155,1.032,1.0315,1.0317
1736494200,1.03175,1.03215,1.0317,1.0321
1736495100,1.03215,1.0326,1.03205,1.0326
1736496000,1.03255,1.03275,1.03215,1.0327
1736496900,1.03265,1.03335,1.03235,1.033
1736497800,1.03305,1.0341,1.03305,1.0337
1736498700,1.0337,1.0338,1.03295,1.03315
1736499600,1.03315,1.03325,1.0328,1.03325
1736500500,1.03325,1.03325,1.03295,1.033
1736501400,1.03295,1.0334,1.03285,1.0334
1736502300,1.03335,1.0335,1.03285,1.0329
1736503200,1.0329,1.03335,1.03285,1.0332
1736504100,1.0332,1.0334,1.03295,1.0334
1736505000,1.0334,1.03345,1.033,1.0333
1736505900,1.0333,1.0334,1.033,1.03315
1736506800,1.03315,1.0334,1.0329,1.033
1736507700,1.033,1.03325,1.0328,1.03315
1736508600,1.0331,1.03345,1.033,1.0331
1736509500,1.0331,1.03325,1.03285,1.03305
1736510400,1.03305,1.0333,1.0328,1.03305
1736511300,1.03305,1.03375,1.033,1.0336
1736512200,1.0336,1.03385,1.03345,1.0335
1736513100,1.03355,1.0336,1.03325,1.03345
1736514000,1.03345,1.0338,1.0331,1.0335
1736514900,1.03355,1.0341,1.03325,1.0335
1736515800,1.0335,1.0336,1.02415,1.0279
1736516700,1.02785,1.02895,1.02665,1.02855
1736517600,1.02855,1.0294,1.0273,1.0283
1736518500,1.02825,1.0298,1.028,1.029
1736519400,1.029,1.0302,1.02795,1.03005
1736520300,1.0301,1.03015,1.02765,1.0282
1736521200,1.02805,1.0286,1.02645,1.0284
1736522100,1.02835,1.0308,1.02835,1.02965
1736523000,1.02965,1.02965,1.0283,1.0284
1736523900,1.02845,1.02915,1.0274,1.02795
1736524800,1.0279,1.028,1.02645,1.02665
1736525700,1.02665,1.02685,1.02565,1.02605
1736526600,1.02605,1.02665,1.0256,1.026
1736527500,1.02595,1.027,1.02585,1.0266
1736528400,1.0266,1.02735,1.02615,1.0273
1736529300,1.02725,1.0274,1.02625,1.02675
1736530200,1.0268,1.0279,1.02675,1.02775
1736531100,1.0277,1.0278,1.02715,1.0273
1736532000,1.0273,1.02745,1.02685,1.02685
1736532900,1.02685,1.02705,1.0265,1.02685
1736533800,1.02685,1.02705,1.02645,1.02695
1736534700,1.027,1.0272,1.0266,1.02705
1736535600,1.02705,1.0271,1.02635,1.02675
1736536500,1.02675,1.02725,1.02675,1.0269
1736537400,1.0269,1.02765,1.02675,1.0275
1736538300,1.02745,1.02775,1.02725,1.02745
1736539200,1.0274,1.02745,1.02695,1.02705
1736540100,1.02705,1.02705,1.02655,1.0269
1736541000,1.02695,1.02725,1.02685,1.02715
1736541900,1.02715,1.02745,1.0269,1.02735
1736542800,1.0273,1.02765,1.02725,1.02765
1736543700,1.02765,1.02775,1.02725,1.0273
1736544600,1.0273,1.02755,1.02725,1.02725
1736545500,1.02725,1.0275,1.02725,1.0274
1736722800,1.0274,1.0275,1.02675,1.02715
1736723700,1.0271,1.02735,1.0271,1.0273
1736724600,1.02735,1.02755,1.02735,1.0274
1736725500,1.02745,1.02745,1.0271,1.02715
1736726400,1.02715,1.02735,1.02675,1.02705
1736727300,1.02705,1.02705,1.0268,1.02685
1736728200,1.02685,1.027,1.02675,1.0269
1736729100,1.02685,1.0272,1.0265,1.02705
1736730000,1.0271,1.02745,1.02695,1.0274
1736730900,1.02735,1.02785,1.02735,1.02735
1736731800,1.02735,1.0274,1.0268,1.027
1736732700,1.02705,1.02725,1.0268,1.027
1736733600,1.027,1.02725,1.0268,1.0268
1736734500,1.02685,1.0274,1.02675,1.0273
1736735400,1.0273,1.02735,1.02675,1.02685
1736736300,1.0269,1.02705,1.0267,1.02685
1736737200,1.02685,1.02685,1.0262,1.0262
1736738100,1.02625,1.02635,1.02555,1.02565
1736739000,1.0257,1.0257,1.02455,1.0246
1736739900,1.02455,1.02475,1.02405,1.0244
1736740800,1.0244,1.0248,1.0244,1.0245
1736741700,1.0245,1.0247,1.02435,1.02435
1736742600,1.0244,1.02445,1.0236,1.02385
1736743500,1.02385,1.0241,1.02385,1.024
1736744400,1.024,1.02445,1.0239,1.02425
1736745300,1.02425,1.02435,1.0241,1.02425
1736746200,1.0242,1.0246,1.02405,1.0246
1736747100,1.02455,1.02485,1.02445,1.0248
1736748000,1.0248,1.0253,1.0248,1.02515
1736748900,1.0252,1.02535,1.0245,1.02455
1736749800,1.0246,1.02505,1.0246,1.02465
1736750700,1.0247,1.02485,1.0243,1.0246
1736751600,1.02455,1.02505,1.02425,1.02485
1736752500,1.0248,1.02485,1.0236,1.0236
1736753400,1.0236,1.02455,1.02355,1.024
1736754300,1.02405,1.02525,1.02405,1.0244
1736755200,1.0244,1.0258,1.0242,1.02575
1736756100,1.02575,1.02595,1.025,1.0252
1736757000,1.0252,1.02555,1.02455,1.0248
1736757900,1.02475,1.02505,1.0242,1.025
1736758800,1.02495,1.0252,1.02465,1.0249
1736759700,1.0249,1.0249,1.02045,1.0215
1736760600,1.02155,1.0224,1.021,1.02235
1736761500,1.02235,1.02295,1.02165,1.02215
1736762400,1.0221,1.0233,1.02205,1.0233
1736763300,1.0233,1.02345,1.0228,1.0229
1736764200,1.02285,1.02305,1.02245,1.0227
1736765100,1.02265,1.02355,1.0226,1.02305
1736766000,1.023,1.0232,1.0221,1.02225
1736766900,1.0223,1.0224,1.02145,1.0219
1736767800,1.02185,1.02315,1.02165,1.02275
1736768700,1.02275,1.02285,1.0224,1.02245
1736769600,1.02245,1.0226,1.02185,1.0223
1736770500,1.0223,1.02245,1.02165,1.0217
1736771400,1.02175,1.02245,1.02175,1.02225
1736772300,1.02225,1.0235,1.02225,1.0231
1736773200,1.02315,1.0232,1.02245,1.02285
1736774100,1.0229,1.02415,1.0228,1.02375
1736775000,1.0237,1.0249,1.0237,1.024
1736775900,1.02405,1.02445,1.0235,1.0237
1736776800,1.02365,1.0237,1.02305,1.0235
1736777700,1.0235,1.0241,1.0233,1.0239
1736778600,1.02385,1.0241,1.0229,1.0233
1736779500,1.02325,1.0238,1.02295,1.02365
1736780400,1.02365,1.0237,1.02255,1.02305
1736781300,1.02305,1.0235,1.02275,1.02295
1736782200,1.02295,1.02315,1.0224,1.0225
1736783100,1.02255,1.02345,1.0225,1.02255
1736784000,1.0225,1.02295,1.022,1.0228
1736784900,1.02285,1.02355,1.0224,1.02355
1736785800,1.0235,1.0244,1.0235,1.0244
1736786700,1.0244,1.0246,1.02355,1.02365
1736787600,1.02365,1.02425,1.02355,1.02405
1736788500,1.0241,1.0246,1.0241,1.02445
1736789400,1.0244,1.02465,1.02415,1.02445
1736790300,1.02445,1.0248,1.0241,1.0246
1736791200,1.02465,1.0248,1.0242,1.02445
1736792100,1.02445,1.02445,1.02405,1.02435
1736793000,1.02435,1.0247,1.02435,1.0247
1736793900,1.02465,1.025,1.02445,1.02445
1736794800,1.02445,1.02445,1.024,1.02405
1736795700,1.0241,1.0243,1.02395,1.0243
1736796600,1.02425,1.0243,1.02375,1.024
1736797500,1.02395,1.024,1.02355,1.02355
1736798400,1.0236,1.0242,1.02355,1.0241
1736799300,1.0241,1.02445,1.0241,1.0241
1736800200,1.02415,1.02445,1.02395,1.024
1736801100,1.024,1.0246,1.02395,1.02455
1736802000,1.02445,1.02475,1.02445,1.0247
1736802900,1.02475,1.0251,1.0247,1.0251
1736803800,1.0251,1.0258,1.0249,1.0256
1736804700,1.0256,1.02755,1.02545,1.02735
1736809200,1.0291,1.02945,1.0279,1.02895
1736810100,1.02895,1.0298,1.02885,1.0297
1736811000,1.0297,1.03055,1.0296,1.0298
1736811900,1.0298,1.03015,1.0291,1.0292
1736812800,1.02915,1.0292,1.028,1.028
1736813700,1.02805,1.0281,1.02775,1.02775
1736814600,1.02775,1.028,1.0275,1.02755
1736815500,1.02755,1.02765,1.0274,1.0276
1736816400,1.0276,1.02775,1.02715,1.02755
1736817300,1.0275,1.02765,1.02715,1.02735
1736818200,1.02735,1.0277,1.02705,1.02735
1736819100,1.0273,1.0279,1.02695,1.0277
1736820000,1.0277,1.0278,1.027,1.027
1736820900,1.02705,1.0274,1.0269,1.0272
1736821800,1.02725,1.0273,1.02665,1.02695
1736822700,1.02695,1.0274,1.02695,1.0273
1736823600,1.02725,1.02835,1.0272,1.02805
1736824500,1.028,1.028,1.02775,1.028
1736825400,1.02805,1.02825,1.028,1.02805
1736826300,1.028,1.02805,1.0277,1.0277
1736827200,1.02765,1.02765,1.0274,1.02745
1736828100,1.02745,1.02775,1.02735,1.02775
1736829000,1.02775,1.02835,1.02775,1.028
1736829900,1.0281,1.02815,1.0278,1.0278
1736830800,1.0278,1.028,1.0274,1.0275
1736831700,1.0275,1.02755,1.02705,1.02705
1736832600,1.0271,1.0278,1.0271,1.0277
1736833500,1.02775,1.028,1.0271,1.0273
1736834400,1.02735,1.0277,1.02735,1.02765
1736835300,1.02765,1.0278,1.02735,1.02755
1736836200,1.0276,1.02795,1.02745,1.02765
1736837100,1.0277,1.0281,1.0274,1.02805
1736838000,1.0281,1.0294,1.0281,1.0284
1736838900,1.0284,1.02905,1.0284,1.0286
1736839800,1.0286,1.0289,1.02795,1.0283
1736840700,1.02825,1.02855,1.0278,1.0282
1736841600,1.0282,1.0293,1.0281,1.02895
1736842500,1.0289,1.0303,1.0289,1.0295
1736843400,1.0295,1.02975,1.02875,1.02975
1736844300,1.02975,1.03005,1.0289,1.02895
1736845200,1.02895,1.02915,1.02825,1.02915
1736846100,1.0291,1.02945,1.0282,1.02845
1736847000,1.02845,1.0291,1.0282,1.029
1736847900,1.02905,1.02935,1.02855,1.0288
1736848800,1.02875,1.02915,1.02845,1.0288
1736849700,1.02885,1.02915,1.0283,1.02875
1736850600,1.0288,1.0288,1.028,1.0286
1736851500,1.0286,1.0289,1.02845,1.0288
1736852400,1.0288,1.0291,1.02845,1.02865
1736853300,1.02865,1.0287,1.0284,1.0287
1736854200,1.02875,1.02895,1.0286,1.02865
1736855100,1.02865,1.02885,1.0281,1.0283
1736856000,1.0282,1.0283,1.02705,1.02715
1736856900,1.0272,1.0282,1.02675,1.0281
1736857800,1.0281,1.0282,1.0278,1.0281
1736858700,1.0281,1.02835,1.0274,1.0276
1736859600,1.0276,1.02815,1.02725,1.0281
1736860500,1.02815,1.02825,1.0271,1.02735
1736861400,1.02735,1.0302,1.02705,1.02815
1736862300,1.0282,1.02935,1.0279,1.02815
1736863200,1.02815,1.0282,1.02715,1.02795
1736864100,1.02795,1.0297,1.02785,1.0293
1736865000,1.0293,1.03035,1.02905,1.0297
1736865900,1.02965,1.02995,1.02855,1.02965
1736866800,1.02965,1.0307,1.02945,1.0303
1736867700,1.0303,1.0307,1.0291,1.0298
1736868600,1.0298,1.0318,1.02965,1.03175
1736869500,1.03175,1.03245,1.0312,1.0323
1736870400,1.03235,1.03295,1.03185,1.0328
1736871300,1.0328,1.0333,1.0314,1.0315
1736872200,1.03145,1.03205,1.03115,1.0315
1736873100,1.0315,1.032,1.0313,1.03195
1736874000,1.03195,1.03195,1.03075,1.0312
1736874900,1.0312,1.0317,1.0311,1.03125
1736875800,1.0313,1.0317,1.03125,1.03155
1736876700,1.0316,1.0317,1.03125,1.03165
1736877600,1.03165,1.0319,1.0315,1.03175
1736878500,1.0317,1.0323,1.03165,1.0322
1736879400,1.0322,1.03285,1.0322,1.03265
1736880300,1.03265,1.0328,1.03255,1.03275
1736881200,1.03275,1.0328,1.0325,1.0326
1736882100,1.0326,1.03305,1.03255,1.03295
1736883000,1.03295,1.0334,1.0329,1.03315
1736883900,1.03315,1.03325,1.03245,1.03265
1736884800,1.03265,1.03285,1.0325,1.0327
1736885700,1.03265,1.0337,1.03255,1.03355
1736886600,1.03355,1.03365,1.03335,1.03335
1736887500,1.03335,1.03345,1.033,1.033
1736888400,1.033,1.0333,1.0329,1.0331
1736889300,1.03315,1.0336,1.03315,1.03345
1736890200,1.0335,1.0336,1.0334,1.03345
1736891100,1.03345,1.0337,1.03345,1.0336
1736895600,1.0335,1.03365,1.03335,1.03355
1736896500,1.03355,1.0336,1.0332,1.03325
1736897400,1.03325,1.03335,1.0332,1.0332
1736898300,1.0332,1.03345,1.033,1.03345
1736899200,1.03335,1.0334,1.03275,1.0331
1736900100,1.0331,1.03315,1.03285,1.03285
1736901000,1.0329,1.0331,1.0329,1.0329
1736901900,1.03285,1.033,1.03275,1.0329
1736902800,1.0329,1.03325,1.03285,1.03315
1736903700,1.03315,1.03325,1.03275,1.03285
1736904600,1.0328,1.033,1.03255,1.03285
1736905500,1.0328,1.0329,1.03265,1.0328
1736906400,1.03275,1.03285,1.03265,1.0327
1736907300,1.0327,1.03295,1.0327,1.0328
1736908200,1.0328,1.0328,1.03245,1.0326
1736909100,1.0326,1.03265,1.0323,1.03245
1736910000,1.0325,1.0329,1.0324,1.0328
1736910900,1.03285,1.03285,1.0326,1.03285
1736911800,1.0328,1.033,1.03265,1.03275
1736912700,1.0328,1.033,1.0328,1.033
1736913600,1.03295,1.033,1.03265,1.03265
1736914500,1.03265,1.0328,1.03255,1.0328
1736915400,1.0328,1.03295,1.03275,1.0328
1736916300,1.0328,1.03305,1.03275,1.03305
1736917200,1.033,1.0331,1.03265,1.0329
1736918100,1.0329,1.0333,1.0329,1.0329
1736919000,1.03295,1.033,1.0327,1.0328
1736919900,1.03285,1.03295,1.03205,1.03215
1736920800,1.0321,1.0326,1.03195,1.03235
1736921700,1.03235,1.0326,1.03225,1.03255
1736922600,1.0326,1.0327,1.03245,1.0325
1736923500,1.0325,1.0325,1.03235,1.0324
1736924400,1.0325,1.0326,1.03165,1.032
1736925300,1.032,1.03255,1.0315,1.0323
1736926200,1.03235,1.03315,1.032,1.03285
1736927100,1.03285,1.0337,1.03285,1.0334
1736928000,1.03335,1.03455,1.0332,1.0341
1736928900,1.03405,1.03405,1.0328,1.033
1736929800,1.033,1.03305,1.0325,1.03255
1736930700,1.03255,1.03275,1.0322,1.03245
1736931600,1.03245,1.0335,1.0324,1.0329
1736932500,1.0329,1.0335,1.0328,1.0333
1736933400,1.03335,1.03405,1.03335,1.0339
1736934300,1.03385,1.0341,1.0336,1.0338
1736935200,1.0338,1.0342,1.0336,1.0338
1736936100,1.0338,1.0339,1.0333,1.0334
1736937000,1.0334,1.03345,1.0329,1.03315
1736937900,1.0332,1.0338,1.0332,1.03355
1736938800,1.03355,1.03405,1.0335,1.03405
1736939700,1.03405,1.03405,1.0333,1.03365
1736940600,1.0336,1.0337,1.03285,1.033
1736941500,1.033,1.03315,1.03275,1.03295
1736942400,1.0329,1.03345,1.0328,1.03325
1736943300,1.03325,1.0334,1.033,1.0331
1736944200,1.0331,1.03335,1.0329,1.033
1736945100,1.03305,1.03305,1.03215,1.0328
1736946000,1.0328,1.0329,1.0324,1.0325
1736946900,1.0325,1.0333,1.03245,1.0332
1736947800,1.0332,1.03825,1.0332,1.0357
1736948700,1.03575,1.03785,1.0355,1.03725
1736949600,1.0373,1.0374,1.03565,1.0362
1736950500,1.0362,1.0372,1.03575,1.0369
1736951400,1.0369,1.0373,1.03565,1.03615
1736952300,1.0361,1.0367,1.0353,1.03555
1736953200,1.0355,1.0355,1.0338,1.0351
1736954100,1.0351,1.03565,1.03455,1.0354
1736955000,1.03545,1.03585,1.03415,1.03425
1736955900,1.03425,1.0343,1.03265,1.03345
1736956800,1.03335,1.0336,1.03175,1.0322
1736957700,1.03225,1.03235,1.03135,1.0317
1736958600,1.0317,1.0317,1.0285,1.03045
1736959500,1.0305,1.031,1.0302,1.03095
1736960400,1.0309,1.032,1.03085,1.03135
1736961300,1.03135,1.03165,1.03105,1.03135
1736962200,1.0314,1.03215,1.0312,1.03175
1736963100,1.03175,1.03175,1.03105,1.03135
1736964000,1.0314,1.0318,1.0312,1.0314
1736964900,1.0314,1.03205,1.03135,1.0318
1736965800,1.03185,1.0321,1.0316,1.032
1736966700,1.032,1.03215,1.03185,1.032
1736967600,1.03205,1.03215,1.0317,1.03185
1736968500,1.03185,1.03215,1.03175,1.03205
1736969400,1.0321,1.03225,1.03175,1.03185
1736970300,1.0319,1.03225,1.0319,1.0321
1736971200,1.0321,1.03215,1.03185,1.0321
1736972100,1.0321,1.03255,1.03205,1.03255
1736973000,1.03255,1.0327,1.03235,1.03235
1736973900,1.0324,1.03255,1.03225,1.0324
1736974800,1.03235,1.03245,1.03215,1.03225
1736975700,1.03225,1.0323,1.0318,1.03185
1736976600,1.03185,1.03185,1.0316,1.0317
1736977500,1.03175,1.0319,1.0317,1.03185
1736982000,1.0316,1.03205,1.0316,1.03175
1736982900,1.03175,1.03205,1.0317,1.03205
1736983800,1.032,1.0321,1.0319,1.0321
1736984700,1.03205,1.03225,1.032,1.03215
1736985600,1.03215,1.03225,1.0319,1.0319
1736986500,1.03195,1.03205,1.03165,1.03205
1736987400,1.0321,1.03265,1.0321,1.03235
1736988300,1.03245,1.0326,1.0311,1.0325
1736989200,1.03255,1.0326,1.03205,1.0321
1736990100,1.0321,1.0322,1.03175,1.0319
1736991000,1.0319,1.03245,1.0319,1.0324
1736991900,1.03235,1.03245,1.0314,1.0316
1736992800,1.0316,1.03195,1.0314,1.03155
1736993700,1.0316,1.0316,1.03115,1.0314
1736994600,1.0314,1.03185,1.03135,1.0318
1736995500,1.0318,1.0318,1.03125,1.0313
1736996400,1.03135,1.03145,1.03115,1.03135
1736997300,1.03135,1.03135,1.0311,1.03115
1736998200,1.03115,1.0313,1.03115,1.03125
1736999100,1.0312,1.03155,1.03115,1.0315
1737000000,1.03155,1.032,1.03155,1.0319
1737000900,1.03195,1.032,1.0315,1.03155
1737001800,1.03155,1.03195,1.03115,1.0314
1737002700,1.03145,1.0315,1.03125,1.0313
1737003600,1.03135,1.03135,1.0311,1.0311
1737004500,1.03115,1.0312,1.03095,1.03115
1737005400,1.03115,1.0312,1.03085,1.0309
1737006300,1.0309,1.03095,1.0307,1.03085
1737007200,1.0309,1.0311,1.0308,1.03105
1737008100,1.0311,1.0315,1.03105,1.03145
1737009000,1.03145,1.03145,1.031,1.03115
1737009900,1.03115,1.0316,1.0311,1.0315
1737010800,1.0315,1.03245,1.03125,1.03245
1737011700,1.03245,1.0326,1.03205,1.0321
1737012600,1.03215,1.03285,1.0321,1.03225
1737013500,1.03225,1.03255,1.0321,1.0324
1737014400,1.0324,1.03265,1.03185,1.03185
1737015300,1.0319,1.0325,1.03155,1.03195
1737016200,1.03195,1.0323,1.0314,1.03205
1737017100,1.032,1.03235,1.03195,1.03225
1737018000,1.03225,1.03235,1.0315,1.0318
1737018900,1.0318,1.0325,1.0318,1.03205
1737019800,1.03205,1.03225,1.03085,1.0309
1737020700,1.0309,1.03135,1.0308,1.03125
1737021600,1.0312,1.03165,1.0309,1.03165
1737022500,1.0317,1.0322,1.0314,1.03185
1737023400,1.03185,1.032,1.0314,1.0315
1737024300,1.0315,1.03165,1.0311,1.03115
1737025200,1.0312,1.0315,1.031,1.0314
1737026100,1.0314,1.03165,1.0312,1.0314
1737027000,1.03145,1.0316,1.0312,1.03145
1737027900,1.03145,1.0318,1.03145,1.03165
1737028800,1.0316,1.03165,1.03085,1.0309
1737029700,1.0309,1.0312,1.02985,1.0301
1737030600,1.03005,1.03025,1.02905,1.0291
1737031500,1.0291,1.03005,1.0291,1.0298
1737032400,1.0298,1.03015,1.02945,1.03
1737033300,1.03005,1.0301,1.02885,1.0293
1737034200,1.0294,1.0309,1.02865,1.0305
1737035100,1.03055,1.0312,1.0301,1.0308
1737036000,1.03075,1.03075,1.02965,1.02985
1737036900,1.02985,1.0303,1.02965,1.0301
1737037800,1.0301,1.0304,1.0294,1.03035
1737038700,1.03035,1.031,1.03025,1.03055
1737039600,1.0306,1.03305,1.03005,1.0318
1737040500,1.03175,1.0331,1.03145,1.03245
1737041400,1.0325,1.0332,1.03205,1.0328
1737042300,1.03275,1.0329,1.03205,1.03275
1737043200,1.0327,1.0338,1.0316,1.03185
1737044100,1.03185,1.03285,1.03125,1.03255
1737045000,1.03255,1.03375,1.03245,1.0333
1737045900,1.03325,1.03345,1.0326,1.03285
1737046800,1.03285,1.03325,1.0324,1.0332
1737047700,1.03315,1.03415,1.03265,1.0339
1737048600,1.0339,1.03395,1.0329,1.0329
1737049500,1.0329,1.0329,1.03205,1.0323
1737050400,1.03225,1.03295,1.03215,1.03295
1737051300,1.03285,1.03295,1.03235,1.0324
1737052200,1.0324,1.03245,1.03195,1.03215
1737053100,1.03215,1.0327,1.03205,1.03265
1737054000,1.0326,1.03325,1.0324,1.03315
1737054900,1.03315,1.0334,1.0326,1.0327
1737055800,1.0327,1.03315,1.0325,1.0329
1737056700,1.03285,1.03315,1.0326,1.03275
1737057600,1.0328,1.03285,1.03235,1.0324
1737058500,1.03245,1.0328,1.0324,1.03275
1737059400,1.03275,1.033,1.0325,1.03255
1737060300,1.0325,1.03275,1.03235,1.03265
1737061200,1.03265,1.0327,1.0323,1.0325
1737062100,1.03255,1.0326,1.03245,1.03255
1737063000,1.0326,1.0329,1.0326,1.0327
1737063900,1.03265,1.033,1.0326,1.03295
1737068400,1.0327,1.03305,1.0326,1.03285
1737069300,1.0329,1.03305,1.0327,1.0328
1737070200,1.0328,1.03295,1.03265,1.0327
1737071100,1.03275,1.0328,1.0327,1.03275
1737072000,1.03275,1.03275,1.03245,1.03255
1737072900,1.03255,1.03275,1.03255,1.0327
1737073800,1.03275,1.0331,1.03275,1.03305
1737074700,1.0331,1.0333,1.033,1.03305
1737075600,1.0331,1.0331,1.03275,1.033
1737076500,1.033,1.0332,1.03285,1.03315
1737077400,1.03315,1.03335,1.03285,1.0333
1737078300,1.03335,1.0336,1.033,1.0331
1737079200,1.03315,1.0334,1.033,1.03325
1737080100,1.0333,1.03355,1.0332,1.0333
1737081000,1.03325,1.0335,1.03315,1.0332
1737081900,1.0332,1.03325,1.03295,1.03295
1737082800,1.03295,1.0331,1.0329,1.033
1737083700,1.03295,1.03295,1.03265,1.0328
1737084600,1.0328,1.03295,1.03275,1.03295
1737085500,1.03295,1.03295,1.03265,1.0327
1737086400,1.0327,1.0327,1.0325,1.03265
1737087300,1.03265,1.03265,1.0324,1.0324
1737088200,1.03245,1.03245,1.0319,1.0319
1737089100,1.03195,1.0321,1.0318,1.032
1737090000,1.032,1.03215,1.03195,1.032
1737090900,1.03195,1.032,1.03165,1.0319
1737091800,1.0319,1.03195,1.0316,1.0316
1737092700,1.03155,1.03195,1.03135,1.03195
1737093600,1.0319,1.03205,1.0315,1.03155
1737094500,1.03155,1.0316,1.03115,1.0313
1737095400,1.0313,1.0316,1.03125,1.03135
1737096300,1.0314,1.03175,1.03125,1.0316
1737097200,1.0316,1.0317,1.0309,1.031
1737098100,1.031,1.0311,1.03045,1.03075
1737099000,1.03075,1.031,1.03035,1.0308
1737099900,1.03085,1.0314,1.03085,1.031
1737100800,1.0311,1.0318,1.0311,1.03165
1737101700,1.0316,1.03215,1.03155,1.032
1737102600,1.032,1.03245,1.03195,1.03225
1737103500,1.0322,1.0324,1.0318,1.03235
1737104400,1.0323,1.03305,1.0322,1.03245
1737105300,1.0325,1.0327,1.03205,1.03255
1737106200,1.0325,1.03275,1.03185,1.03185
1737107100,1.03185,1.03245,1.03155,1.0323
1737108000,1.0323,1.03275,1.0323,1.03235
1737108900,1.03235,1.03305,1.03235,1.03305
1737109800,1.03305,1.0331,1.0327,1.0329
1737110700,1.0329,1.0332,1.0328,1.033
1737111600,1.033,1.0334,1.03235,1.0333
1737112500,1.03335,1.03365,1.03315,1.03335
1737113400,1.03335,1.03345,1.03265,1.0327
1737114300,1.0327,1.0331,1.03255,1.0331
1737115200,1.03305,1.0333,1.03225,1.03315
1737116100,1.0331,1.0331,1.0326,1.03285
1737117000,1.0328,1.0332,1.03215,1.03215
1737117900,1.03215,1.0325,1.03165,1.0319
1737118800,1.03195,1.03255,1.0319,1.03225
1737119700,1.0323,1.03235,1.0312,1.03125
1737120600,1.03125,1.03225,1.0312,1.0322
1737121500,1.0322,1.0323,1.0312,1.03165
1737122400,1.03165,1.03165,1.03,1.03005
1737123300,1.03005,1.03055,1.0291,1.0305
1737124200,1.03055,1.03195,1.03005,1.03105
1737125100,1.03105,1.03285,1.0307,1.0325
1737126000,1.03245,1.0357,1.0322,1.035
1737126900,1.03505,1.0352,1.0335,1.03405
1737127800,1.03405,1.0341,1.0326,1.03325
1737128700,1.0333,1.0337,1.03235,1.03255
1737129600,1.0325,1.03255,1.03115,1.03165
1737130500,1.0317,1.03205,1.0314,1.032
1737131400,1.032,1.03265,1.03195,1.0325
1737132300,1.0325,1.0325,1.0308,1.03125
1737133200,1.03125,1.0316,1.03075,1.0314
1737134100,1.03145,1.0317,1.0308,1.031
1737135000,1.031,1.03135,1.0307,1.0309
1737135900,1.03085,1.031,1.0305,1.0307
1737136800,1.0307,1.031,1.03055,1.031
1737137700,1.03095,1.0318,1.03095,1.0311
1737138600,1.03105,1.0311,1.0307,1.031
1737139500,1.031,1.0311,1.0306,1.0307
1737140400,1.0307,1.03105,1.0306,1.03075
1737141300,1.0308,1.0308,1.03015,1.03035
1737142200,1.03035,1.03045,1.02985,1.0301
1737143100,1.0302,1.0304,1.03005,1.0302
1737144000,1.0302,1.0305,1.03,1.0301
1737144900,1.03005,1.0306,1.03,1.0306
1737145800,1.03055,1.03075,1.03005,1.03035
1737146700,1.0303,1.0303,1.03005,1.03015
1737147600,1.0301,1.03015,1.0296,1.0297
1737148500,1.02975,1.02985,1.02955,1.0298
1737149400,1.02985,1.02995,1.02965,1.02985
1737150300,1.02985,1.02985,1.0295,1.02955
1737327600,1.0302,1.03045,1.0296,1.0297
1737328500,1.02975,1.02975,1.0292,1.0294
1737329400,1.0294,1.0301,1.0294,1.02985
1737330300,1.0299,1.03065,1.0298,1.0306
1737331200,1.0306,1.0316,1.0304,1.03155
1737332100,1.0315,1.03155,1.0308,1.0308
1737333000,1.0309,1.03115,1.03085,1.03105
1737333900,1.03105,1.0313,1.03095,1.03125
1737334800,1.0312,1.0312,1.0308,1.031
1737335700,1.03105,1.03105,1.03065,1.03075
1737336600,1.03075,1.0311,1.0305,1.0311
1737337500,1.03105,1.03185,1.03105,1.03165
1737338400,1.03165,1.0317,1.03135,1.0316
1737339300,1.03165,1.03175,1.0313,1.03135
1737340200,1.03135,1.0318,1.03135,1.0317
1737341100,1.03165,1.03175,1.0314,1.0317
1737342000,1.0317,1.0321,1.0317,1.03205
1737342900,1.03205,1.0322,1.032,1.03215
1737343800,1.03215,1.03265,1.0321,1.0323
1737344700,1.03235,1.03325,1.0323,1.0332
1737345600,1.0332,1.03335,1.0329,1.0331
1737346500,1.0331,1.0332,1.03285,1.033
1737347400,1.0329,1.033,1.0328,1.0329
1737348300,1.0329,1.033,1.03275,1.033
1737349200,1.033,1.03315,1.0329,1.03295
1737350100,1.03295,1.033,1.0328,1.0329
1737351000,1.03285,1.03325,1.03285,1.0332
1737351900,1.0332,1.03325,1.03275,1.03285
1737352800,1.03285,1.03295,1.03255,1.0328
1737353700,1.03275,1.0332,1.0326,1.0332
1737354600,1.03325,1.0334,1.0328,1.0328
1737355500,1.0329,1.0345,1.03285,1.03365
1737356400,1.0336,1.0338,1.0333,1.0334
1737357300,1.0334,1.03385,1.0332,1.0336
1737358200,1.03365,1.0344,1.03335,1.0343
1737359100,1.03435,1.03445,1.03375,1.03425
1737360000,1.0343,1.03435,1.0337,1.034
1737360900,1.0341,1.0342,1.0333,1.0335
1737361800,1.03355,1.03395,1.0333,1.0337
1737362700,1.03375,1.03385,1.03335,1.03355
1737363600,1.0336,1.0343,1.03355,1.03395
1737364500,1.0339,1.0339,1.0331,1.0335
1737365400,1.0335,1.03385,1.03305,1.0335
1737366300,1.03355,1.03365,1.0331,1.0332
1737367200,1.03325,1.03415,1.03325,1.03405
1737368100,1.03405,1.0344,1.03395,1.0342
1737369000,1.03425,1.03485,1.0342,1.0344
1737369900,1.03435,1.0345,1.03385,1.0341
1737370800,1.0341,1.03495,1.0339,1.03485
1737371700,1.03485,1.0351,1.03435,1.03475
1737372600,1.0347,1.0348,1.03435,1.0348
1737373500,1.0348,1.0352,1.03475,1.03515
1737374400,1.0352,1.0352,1.0346,1.03465
1737375300,1.03465,1.0348,1.0341,1.0341
1737376200,1.0341,1.03515,1.0341,1.0348
1737377100,1.0348,1.0349,1.03435,1.03465
1737378000,1.0346,1.0346,1.0341,1.0343
1737378900,1.03435,1.03445,1.03385,1.034
1737379800,1.03395,1.0425,1.0333,1.0407
1737380700,1.04065,1.04265,1.04065,1.04245
1737381600,1.04245,1.0431,1.04055,1.0416
1737382500,1.0416,1.04295,1.04155,1.0426
1737383400,1.04265,1.04565,1.0413,1.0451
1737384300,1.04515,1.04545,1.04335,1.04415
1737385200,1.0441,1.0456,1.0435,1.04515
1737386100,1.0452,1.0456,1.0425,1.04295
1737387000,1.043,1.0436,1.0414,1.04145
1737387900,1.0415,1.0429,1.04115,1.04265
1737388800,1.04265,1.04315,1.0417,1.0421
1737389700,1.0422,1.0429,1.04165,1.0428
1737390600,1.0428,1.04305,1.0422,1.0426
1737391500,1.0426,1.0428,1.0423,1.04245
1737392400,1.04245,1.04245,1.0402,1.0403
1737393300,1.0403,1.0411,1.0379,1.03965
1737394200,1.0396,1.04285,1.0396,1.0416
1737395100,1.0417,1.0419,1.0409,1.0412
1737396000,1.04115,1.042,1.04105,1.0413
1737396900,1.04135,1.0416,1.04095,1.0412
1737397800,1.04125,1.04165,1.04095,1.0415
1737398700,1.04145,1.0423,1.04105,1.0423
1737399600,1.0423,1.0426,1.0419,1.04195
1737400500,1.04195,1.0421,1.04165,1.04205
1737401400,1.0421,1.0428,1.042,1.04275
1737402300,1.04285,1.04495,1.0428,1.04465
1737403200,1.04465,1.0461,1.04425,1.04545
1737404100,1.0454,1.0455,1.0438,1.04405
1737405000,1.044,1.0451,1.0438,1.044
1737405900,1.04415,1.04435,1.04375,1.0442
1737406800,1.04415,1.0446,1.0438,1.0445
1737407700,1.04455,1.0446,1.04395,1.04405
1737408600,1.04405,1.0441,1.0436,1.044
1737409500,1.044,1.0443,1.0438,1.0443
1737414000,1.0443,1.0451,1.04385,1.0447
1737414900,1.04475,1.045,1.0441,1.04435
1737415800,1.04435,1.04465,1.04365,1.04455
1737416700,1.04465,1.0449,1.0444,1.0446
1737417600,1.0446,1.046,1.0445,1.0453
1737418500,1.04535,1.04585,1.045,1.0454
1737419400,1.04535,1.0456,1.04435,1.04475
1737420300,1.04475,1.04495,1.0378,1.03875
1737421200,1.03875,1.04065,1.03815,1.0396
1737422100,1.0396,1.04235,1.03955,1.04085
1737423000,1.041,1.04105,1.039,1.039
1737423900,1.03905,1.04005,1.03885,1.03955
1737424800,1.0396,1.04105,1.03945,1.0403
1737425700,1.04035,1.0408,1.0398,1.0407
1737426600,1.0407,1.04135,1.04055,1.04125
1737427500,1.0412,1.0416,1.041,1.04125
1737428400,1.04135,1.0426,1.04125,1.04245
1737429300,1.0425,1.0427,1.0422,1.0423
1737430200,1.04225,1.0424,1.04135,1.04155
1737431100,1.04155,1.04175,1.04105,1.0413
1737432000,1.04125,1.04165,1.041,1.04165
1737432900,1.0416,1.04245,1.0415,1.04235
1737433800,1.0423,1.0423,1.04145,1.0416
1737434700,1.04155,1.04185,1.0414,1.04155
1737435600,1.0415,1.0418,1.0413,1.0413
1737436500,1.04125,1.04135,1.0409,1.041
1737437400,1.04095,1.04105,1.0407,1.04075
1737438300,1.0408,1.0408,1.0403,1.0404
1737439200,1.04045,1.04055,1.04025,1.04055
1737440100,1.04055,1.04075,1.04035,1.0405
1737441000,1.0405,1.0405,1.03945,1.03975
1737441900,1.03975,1.0398,1.03915,1.0394
1737442800,1.0394,1.0402,1.03905,1.04005
1737443700,1.0401,1.04045,1.03995,1.04025
1737444600,1.04025,1.04115,1.0401,1.04065
1737445500,1.0407,1.0408,1.0399,1.0399
1737446400,1.0399,1.0399,1.0391,1.03945
1737447300,1.0394,1.0397,1.0388,1.0389
1737448200,1.0389,1.0394,1.0375,1.0379
1737449100,1.0379,1.0391,1.03785,1.03865
1737450000,1.03865,1.0389,1.03805,1.03815
1737450900,1.03815,1.03895,1.03785,1.0383
1737451800,1.03825,1.0383,1.03675,1.03715
1737452700,1.03715,1.0381,1.0371,1.0379
1737453600,1.0379,1.03805,1.03685,1.03715
1737454500,1.0371,1.03815,1.03685,1.038
1737455400,1.038,1.0385,1.03765,1.0377
1737456300,1.03765,1.038,1.03755,1.03785
1737457200,1.0378,1.038,1.03735,1.03795
1737458100,1.038,1.038,1.03725,1.03755
1737459000,1.03755,1.03755,1.03685,1.0374
1737459900,1.0374,1.03835,1.0372,1.0379
1737460800,1.0379,1.0382,1.0371,1.03735
1737461700,1.03735,1.03825,1.03735,1.0382
1737462600,1.03815,1.0384,1.03785,1.0381
1737463500,1.03815,1.03815,1.0371,1.03795
1737464400,1.03795,1.03855,1.03785,1.0385
1737465300,1.03855,1.0393,1.03845,1.03885
1737466200,1.03885,1.04005,1.0387,1.0398
1737467100,1.0398,1.04035,1.0395,1.04035
1737468000,1.0404,1.04095,1.0399,1.04095
1737468900,1.0409,1.04205,1.04075,1.04195
1737469800,1.04195,1.0425,1.04125,1.0421
1737470700,1.0421,1.04215,1.0405,1.04125
1737471600,1.0413,1.0418,1.04045,1.0415
1737472500,1.0415,1.04245,1.0411,1.0421
1737473400,1.04205,1.04365,1.042,1.04285
1737474300,1.0428,1.0434,1.0422,1.04265
1737475200,1.04265,1.04325,1.0425,1.04275
1737476100,1.04275,1.0442,1.0424,1.04415
1737477000,1.0441,1.0447,1.0437,1.04445
1737477900,1.04445,1.04485,1.04385,1.04485
1737478800,1.0448,1.0454,1.04475,1.0449
1737479700,1.0449,1.04555,1.0447,1.04545
1737480600,1.04545,1.0456,1.04515,1.0452
1737481500,1.0452,1.04555,1.0447,1.04475
1737482400,1.0447,1.0451,1.04455,1.04485
1737483300,1.04485,1.0453,1.0447,1.0452
1737484200,1.0452,1.0461,1.04505,1.04585
1737485100,1.0458,1.046,1.0453,1.0455
1737486000,1.0455,1.04565,1.0453,1.0454
1737486900,1.04535,1.0454,1.04465,1.04475
1737487800,1.0448,1.04485,1.04425,1.04435
1737488700,1.0443,1.0445,1.04415,1.0444
1737489600,1.0444,1.04475,1.0442,1.0444
1737490500,1.0444,1.0445,1.0442,1.0444
1737491400,1.04435,1.04465,1.04425,1.0445
1737492300,1.0445,1.04465,1.0442,1.0446
1737493200,1.04455,1.04505,1.04445,1.045
1737494100,1.04495,1.04525,1.04485,1.0451
1737495000,1.0451,1.0453,1.0451,1.0452
1737495900,1.0453,1.0456,1.04515,1.0454
1737500400,1.04505,1.04535,1.04215,1.04215
1737501300,1.0422,1.04365,1.0418,1.0433
1737502200,1.0433,1.04345,1.04285,1.043
1737503100,1.043,1.04375,1.04285,1.0432
1737504000,1.0432,1.04445,1.0432,1.0443
1737504900,1.0443,1.04495,1.04415,1.04445
1737505800,1.04445,1.04495,1.04445,1.04475
1737506700,1.0447,1.045,1.04445,1.0449
1737507600,1.04485,1.04485,1.044,1.04425
1737508500,1.0443,1.04455,1.0441,1.0442
1737509400,1.0442,1.04425,1.0438,1.04385
1737510300,1.04385,1.044,1.0433,1.0435
1737511200,1.04345,1.04385,1.04315,1.0438
1737512100,1.0438,1.044,1.04345,1.04355
1737513000,1.0435,1.0439,1.04345,1.04385
1737513900,1.04385,1.0442,1.0435,1.04395
1737514800,1.0439,1.04405,1.04365,1.0438
1737515700,1.0438,1.044,1.04375,1.04385
1737516600,1.04385,1.04415,1.04375,1.0439
1737517500,1.0439,1.044,1.04355,1.04375
1737518400,1.0437,1.0443,1.0437,1.04425
1737519300,1.04425,1.0445,1.04415,1.0445
1737520200,1.0445,1.04475,1.0443,1.04435
1737521100,1.04435,1.04465,1.04415,1.04425
1737522000,1.0442,1.04435,1.04405,1.0441
1737522900,1.04405,1.04405,1.0434,1.0437
1737523800,1.0437,1.04395,1.04355,1.0437
1737524700,1.0437,1.04425,1.0437,1.04415
1737525600,1.0441,1.0444,1.0436,1.0436
1737526500,1.04365,1.0438,1.0431,1.0437
1737527400,1.0437,1.04375,1.04285,1.04285
1737528300,1.0429,1.04305,1.04255,1.0429
1737529200,1.043,1.0439,1.0429,1.0438
1737530100,1.0438,1.04425,1.04375,1.0442
1737531000,1.0442,1.04455,1.04395,1.0443
1737531900,1.04425,1.0443,1.0434,1.04375
1737532800,1.04375,1.0442,1.0435,1.04395
1737533700,1.04395,1.0446,1.0436,1.04385
1737534600,1.04385,1.04485,1.04375,1.0445
1737535500,1.0445,1.045,1.0443,1.04485
1737536400,1.0449,1.04535,1.04455,1.0451
1737537300,1.04515,1.04605,1.04505,1.0458
1737538200,1.0458,1.04635,1.04535,1.04615
1737539100,1.04615,1.0473,1.04565,1.0472
1737540000,1.04725,1.04785,1.04685,1.04715
1737540900,1.04715,1.0482,1.04705,1.0481
1737541800,1.0481,1.0483,1.0477,1.0478
1737542700,1.0478,1.048,1.0473,1.04755
1737543600,1.04755,1.0482,1.04735,1.0481
1737544500,1.0481,1.0482,1.0471,1.04715
1737545400,1.04715,1.0473,1.04665,1.04705
1737546300,1.04705,1.04715,1.04665,1.04685
1737547200,1.0468,1.04685,1.0463,1.04675
1737548100,1.04675,1.04685,1.0457,1.04575
1737549000,1.04575,1.0464,1.0457,1.0462
1737549900,1.0462,1.0466,1.04585,1.0464
1737550800,1.0464,1.04715,1.04625,1.04695
1737551700,1.04695,1.04715,1.0461,1.0461
1737552600,1.04615,1.0465,1.0448,1.0454
1737553500,1.0454,1.0461,1.04515,1.04575
1737554400,1.0457,1.0458,1.0443,1.0444
1737555300,1.04445,1.04535,1.04425,1.04465
1737556200,1.04465,1.0449,1.044,1.04445
1737557100,1.0444,1.04545,1.0444,1.04505
1737558000,1.04505,1.0451,1.0441,1.04455
1737558900,1.04455,1.0449,1.04405,1.0442
1737559800,1.0442,1.0449,1.044,1.0443
1737560700,1.0443,1.0447,1.0441,1.04455
1737561600,1.0445,1.04485,1.0442,1.04435
1737562500,1.0443,1.0444,1.0438,1.0439
1737563400,1.04395,1.04475,1.04385,1.0445
1737564300,1.0445,1.0448,1.04435,1.0445
1737565200,1.0445,1.0446,1.04395,1.04405
1737566100,1.04405,1.0442,1.04375,1.0439
1737567000,1.04385,1.0445,1.0438,1.0442
1737567900,1.04425,1.04435,1.04385,1.04425
1737568800,1.0443,1.04445,1.04375,1.044
1737569700,1.044,1.0446,1.04395,1.0445
1737570600,1.04455,1.04465,1.04435,1.04455
1737571500,1.04455,1.0447,1.04405,1.0442
1737572400,1.0442,1.04465,1.0441,1.0446
1737573300,1.04455,1.04485,1.0445,1.04475
1737574200,1.0447,1.04485,1.0445,1.0446
1737575100,1.0445,1.04465,1.0443,1.04455
1737576000,1.04455,1.04485,1.04435,1.0448
1737576900,1.0447,1.04485,1.04455,1.0446
1737577800,1.0446,1.04465,1.044,1.04405
1737578700,1.04405,1.04415,1.0437,1.0438
1737579600,1.0438,1.0439,1.0436,1.04365
1737580500,1.0437,1.0437,1.0435,1.0436
1737581400,1.0436,1.0436,1.04335,1.04345
1737582300,1.0434,1.0436,1.04335,1.04355
1737586800,1.04345,1.0435,1.043,1.043
1737587700,1.043,1.04335,1.043,1.0431
1737588600,1.0431,1.04325,1.04305,1.04325
1737589500,1.04325,1.04335,1.04305,1.0432
1737590400,1.0432,1.04355,1.0432,1.04345
1737591300,1.04345,1.04365,1.0433,1.0433
1737592200,1.04335,1.04345,1.04315,1.0434
1737593100,1.0434,1.0435,1.0432,1.04345
1737594000,1.0435,1.0441,1.04345,1.04395
1737594900,1.0439,1.0439,1.04325,1.0433
1737595800,1.0433,1.04375,1.04325,1.04335
1737596700,1.04335,1.04335,1.0426,1.04275
1737597600,1.0428,1.0429,1.04215,1.04265
1737598500,1.0427,1.04305,1.0426,1.043
1737599400,1.043,1.043,1.0426,1.0428
1737600300,1.04285,1.0429,1.0426,1.0428
1737601200,1.04285,1.04305,1.04275,1.04295
1737602100,1.0429,1.0432,1.0429,1.0431
1737603000,1.04305,1.04335,1.043,1.0432
1737603900,1.0432,1.04335,1.04305,1.04335
1737604800,1.04335,1.0435,1.04335,1.0434
1737605700,1.04335,1.0436,1.04335,1.0436
1737606600,1.04365,1.0437,1.04355,1.04365
1737607500,1.0436,1.0437,1.04345,1.04355
1737608400,1.0435,1.0436,1.043,1.0435
1737609300,1.04345,1.0435,1.04315,1.04315
1737610200,1.04315,1.0432,1.043,1.043
1737611100,1.043,1.0431,1.0429,1.043
1737612000,1.04295,1.04345,1.04295,1.0433
1737612900,1.0433,1.0437,1.04325,1.04365
1737613800,1.04365,1.04365,1.0431,1.0431
1737614700,1.04315,1.04325,1.04275,1.0428
1737615600,1.04285,1.043,1.04145,1.0421
1737616500,1.0421,1.04235,1.0418,1.042
1737617400,1.042,1.04225,1.04175,1.042
1737618300,1.042,1.0426,1.0419,1.0424
1737619200,1.04245,1.0426,1.0418,1.04245
1737620100,1.04245,1.0427,1.04195,1.04195
1737621000,1.042,1.0422,1.04145,1.0417
1737621900,1.04175,1.0421,1.0416,1.0418
1737622800,1.0418,1.04295,1.04175,1.04275
1737623700,1.0427,1.04325,1.0426,1.04285
1737624600,1.0429,1.04335,1.0428,1.0432
1737625500,1.04325,1.0439,1.04305,1.0436
1737626400,1.0436,1.044,1.0434,1.04385
1737627300,1.0439,1.0442,1.04365,1.0442
1737628200,1.04425,1.0445,1.044,1.0443
1737629100,1.0443,1.04435,1.04355,1.04355
1737630000,1.04355,1.0438,1.04325,1.0436
1737630900,1.04355,1.0438,1.04335,1.0437
1737631800,1.0437,1.04385,1.04345,1.0435
1737632700,1.0435,1.04365,1.04255,1.0428
1737633600,1.04275,1.0429,1.04185,1.0421
1737634500,1.04215,1.0424,1.04195,1.04235
1737635400,1.04235,1.0427,1.04205,1.04245
1737636300,1.0425,1.043,1.0423,1.0428
1737637200,1.04285,1.0433,1.04215,1.04225
1737638100,1.0423,1.04345,1.04215,1.043
1737639000,1.04305,1.04395,1.04305,1.04335
1737639900,1.0433,1.04365,1.0429,1.04355
1737640800,1.04355,1.04395,1.04335,1.04375
1737641700,1.04375,1.0443,1.04355,1.0436
1737642600,1.04365,1.0438,1.04305,1.04325
1737643500,1.04325,1.0437,1.043,1.04325
1737644400,1.04335,1.0434,1.04225,1.04255
1737645300,1.0426,1.04265,1.04115,1.04195
1737646200,1.04195,1.0424,1.04175,1.042
1737647100,1.04195,1.0423,1.04135,1.04215
1737648000,1.04215,1.04285,1.03955,1.0422
1737648900,1.0422,1.0441,1.04205,1.04325
1737649800,1.0433,1.04485,1.0428,1.04445
1737650700,1.0445,1.04535,1.04365,1.04435
1737651600,1.04435,1.04485,1.04385,1.0446
1737652500,1.0445,1.04455,1.04395,1.04405
1737653400,1.0441,1.0455,1.044,1.0454
1737654300,1.04535,1.0462,1.04535,1.04595
1737655200,1.04595,1.0461,1.0456,1.04595
1737656100,1.04595,1.04615,1.04515,1.0452
1737657000,1.0452,1.04525,1.04465,1.045
1737657900,1.04505,1.04525,1.04475,1.04485
1737658800,1.04485,1.045,1.0445,1.04455
1737659700,1.04455,1.04505,1.04445,1.04475
1737660600,1.04475,1.04515,1.0445,1.0446
1737661500,1.0446,1.045,1.04455,1.04475
1737662400,1.04475,1.04525,1.04435,1.045
1737663300,1.045,1.04535,1.04485,1.04505
1737664200,1.04505,1.04505,1.0441,1.0442
1737665100,1.04425,1.04445,1.044,1.0442
1737666000,1.04415,1.04435,1.04385,1.0439
1737666900,1.04395,1.0442,1.0437,1.0439
1737667800,1.0439,1.04425,1.0439,1.044
1737668700,1.044,1.0441,1.0439,1.04405
1737673200,1.0441,1.04425,1.04385,1.04385
1737674100,1.04395,1.04415,1.0439,1.044
1737675000,1.044,1.0441,1.0439,1.04395
1737675900,1.044,1.04405,1.04385,1.044
1737676800,1.04395,1.04435,1.0437,1.04435
1737677700,1.04435,1.04445,1.0441,1.0443
1737678600,1.04425,1.04455,1.04425,1.04455
1737679500,1.0446,1.0447,1.0441,1.0443
1737680400,1.0443,1.0444,1.0441,1.04435
1737681300,1.0443,1.0444,1.04405,1.04405
1737682200,1.04405,1.0441,1.0437,1.044
1737683100,1.044,1.04405,1.04355,1.044
1737684000,1.04405,1.0457,1.04395,1.0455
1737684900,1.0455,1.04665,1.0454,1.04595
1737685800,1.0459,1.04725,1.04585,1.0471
1737686700,1.04715,1.0473,1.0469,1.04725
1737687600,1.0473,1.0478,1.0468,1.0469
1737688500,1.0469,1.0469,1.046,1.04645
1737689400,1.0465,1.04695,1.0462,1.04675
1737690300,1.04675,1.0474,1.0467,1.04705
1737691200,1.04695,1.0474,1.0468,1.0474
1737692100,1.0474,1.0474,1.04685,1.0473
1737693000,1.04725,1.04755,1.0468,1.0469
1737693900,1.04685,1.0472,1.04665,1.04715
1737694800,1.04715,1.04775,1.04715,1.04755
1737695700,1.0475,1.0475,1.047,1.047
1737696600,1.04695,1.0472,1.0468,1.04715
1737697500,1.0471,1.04755,1.04705,1.0475
1737698400,1.04755,1.0479,1.04735,1.0477
1737699300,1.04765,1.04825,1.04755,1.0479
1737700200,1.0479,1.04955,1.0476,1.04895
1737701100,1.04895,1.04915,1.0479,1.04815
1737702000,1.0481,1.04825,1.0472,1.0472
1737702900,1.04715,1.04815,1.04715,1.0477
1737703800,1.0477,1.0479,1.04715,1.0477
1737704700,1.04765,1.0489,1.04765,1.0485
1737705600,1.0485,1.0509,1.0482,1.05015
1737706500,1.0502,1.0515,1.0496,1.0504
1737707400,1.05045,1.0518,1.05045,1.0514
1737708300,1.0514,1.052,1.0509,1.05175
1737709200,1.05175,1.05265,1.05155,1.05205
1737710100,1.052,1.0539,1.0518,1.0531
1737711000,1.0531,1.0533,1.052,1.052
1737711900,1.052,1.0521,1.0515,1.0518
1737712800,1.05185,1.0522,1.0515,1.0519
1737713700,1.0519,1.0521,1.05105,1.05165
1737714600,1.05165,1.0519,1.05105,1.05135
1737715500,1.05135,1.0515,1.051,1.0513
1737716400,1.0513,1.05175,1.05105,1.05145
1737717300,1.0515,1.05155,1.0511,1.05125
1737718200,1.05125,1.05125,1.0505,1.05075
1737719100,1.0507,1.0514,1.0507,1.051
1737720000,1.05095,1.051,1.0502,1.0504
1737720900,1.0504,1.05115,1.05035,1.0511
1737721800,1.05105,1.0512,1.0506,1.05065
1737722700,1.05065,1.05065,1.0497,1.0498
1737723600,1.0498,1.0504,1.0493,1.0497
1737724500,1.0497,1.05005,1.04905,1.0491
1737725400,1.0491,1.0495,1.04875,1.04945
1737726300,1.0494,1.0497,1.04915,1.0493
1737727200,1.04925,1.04995,1.04915,1.04975
1737728100,1.0498,1.05015,1.0496,1.0499
1737729000,1.04995,1.05075,1.04965,1.05015
1737729900,1.0502,1.052,1.0502,1.05155
1737730800,1.05155,1.05355,1.0514,1.0526
1737731700,1.0526,1.0533,1.0522,1.0526
1737732600,1.05265,1.0536,1.05255,1.0534
1737733500,1.05345,1.05455,1.05285,1.05405
1737734400,1.0541,1.0545,1.05355,1.05385
1737735300,1.05385,1.05395,1.0533,1.0538
1737736200,1.05375,1.0542,1.0536,1.0538
1737737100,1.05375,1.05415,1.05285,1.0539
1737738000,1.05385,1.05445,1.0537,1.0543
1737738900,1.0543,1.05455,1.0537,1.0537
1737739800,1.0537,1.05425,1.0536,1.054
1737740700,1.05395,1.05405,1.05345,1.05355
1737741600,1.0535,1.0536,1.053,1.0533
1737742500,1.05335,1.0534,1.0526,1.05275
1737743400,1.05275,1.05285,1.0522,1.05225
1737744300,1.0522,1.05225,1.0518,1.05195
1737745200,1.05195,1.05195,1.0516,1.0519
1737746100,1.0519,1.052,1.0518,1.05195
1737747000,1.05195,1.05225,1.0519,1.0521
1737747900,1.0521,1.0521,1.0516,1.0519
1737748800,1.05195,1.05195,1.05145,1.0518
1737749700,1.0518,1.052,1.0516,1.05175
1737750600,1.05175,1.0518,1.05125,1.05145
1737751500,1.0515,1.0519,1.05135,1.0519
1737752400,1.05185,1.05215,1.0518,1.05205
1737753300,1.0521,1.0521,1.0518,1.0519
1737754200,1.0518,1.052,1.05175,1.052
1737755100,1.052,1.0521,1.0517,1.0519
1737932400,1.05095,1.051,1.04985,1.04995
1737933300,1.04995,1.05,1.04945,1.0496
1737934200,1.0496,1.0497,1.04925,1.0496
1737935100,1.0496,1.0496,1.04885,1.0491
1737936000,1.0491,1.04925,1.0489,1.0491
1737936900,1.0491,1.0498,1.049,1.04975
1737937800,1.0497,1.05,1.0494,1.0496
1737938700,1.04955,1.0499,1.0495,1.0496
1737939600,1.0496,1.05025,1.0496,1.0501
1737940500,1.0501,1.05015,1.0495,1.0496
1737941400,1.04955,1.04955,1.04855,1.04885
1737942300,1.04885,1.049,1.0485,1.04865
1737943200,1.04865,1.0489,1.04835,1.0485
1737944100,1.04845,1.0487,1.0483,1.0486
1737945000,1.0486,1.04875,1.0482,1.0487
1737945900,1.0487,1.049,1.04855,1.04895
1737946800,1.0489,1.0495,1.0487,1.0495
1737947700,1.0495,1.0501,1.0492,1.0494
1737948600,1.04945,1.04955,1.04895,1.04905
1737949500,1.04905,1.0493,1.04875,1.04925
1737950400,1.0492,1.04925,1.049,1.049
1737951300,1.04895,1.04905,1.0486,1.04865
1737952200,1.04865,1.0487,1.0483,1.0487
1737953100,1.04875,1.0489,1.04865,1.0487
1737954000,1.04865,1.04865,1.048,1.0481
1737954900,1.04805,1.0483,1.0479,1.04825
1737955800,1.04825,1.04845,1.04815,1.0484
1737956700,1.0484,1.04885,1.0484,1.04865
1737957600,1.04865,1.0487,1.0482,1.04855
1737958500,1.04855,1.0489,1.04835,1.0488
1737959400,1.0488,1.0488,1.04825,1.04825
1737960300,1.04825,1.04845,1.04805,1.04825
1737961200,1.0483,1.0486,1.04775,1.048
1737962100,1.048,1.04875,1.04785,1.04855
1737963000,1.04855,1.04945,1.0484,1.0494
1737963900,1.0494,1.04945,1.048,1.0481
1737964800,1.04805,1.04965,1.0478,1.04955
1737965700,1.04955,1.05015,1.04925,1.04965
1737966600,1.04965,1.0503,1.04955,1.05025
1737967500,1.05025,1.05125,1.05015,1.05115
1737968400,1.05115,1.0517,1.05035,1.0515
1737969300,1.0515,1.05175,1.05015,1.05065
1737970200,1.05065,1.05085,1.0499,1.05075
1737971100,1.05075,1.05135,1.05035,1.05125
1737972000,1.05125,1.0526,1.05125,1.0517
1737972900,1.05175,1.0523,1.0515,1.052
1737973800,1.052,1.05285,1.052,1.05285
1737974700,1.0528,1.05325,1.0525,1.0529
1737975600,1.05285,1.0541,1.0528,1.05375
1737976500,1.05375,1.05385,1.0531,1.0537
1737977400,1.0538,1.0542,1.05335,1.0535
1737978300,1.0535,1.05385,1.05315,1.0537
1737979200,1.05365,1.0542,1.0533,1.0534
1737980100,1.0534,1.05385,1.05325,1.05385
1737981000,1.0538,1.05425,1.0536,1.0539
1737981900,1.0539,1.05515,1.05365,1.0545
1737982800,1.05455,1.05575,1.0541,1.0546
1737983700,1.0547,1.0547,1.05335,1.0537
1737984600,1.0537,1.05485,1.05345,1.05455
1737985500,1.0545,1.05525,1.05425,1.05435
1737986400,1.05435,1.0548,1.05405,1.0542
1737987300,1.05425,1.0547,1.0538,1.05405
1737988200,1.054,1.0543,1.0533,1.0534
1737989100,1.05345,1.05415,1.05315,1.0533
1737990000,1.0533,1.05335,1.05265,1.0529
1737990900,1.0529,1.05335,1.05265,1.05265
1737991800,1.0527,1.05275,1.0517,1.05195
1737992700,1.05195,1.05245,1.05185,1.05225
1737993600,1.05225,1.0531,1.0521,1.0529
1737994500,1.0529,1.05315,1.05235,1.053
1737995400,1.05295,1.053,1.05155,1.0517
1737996300,1.0517,1.05215,1.0513,1.0514
1737997200,1.0515,1.0515,1.05085,1.051
1737998100,1.05095,1.05185,1.05085,1.0512
1737999000,1.0512,1.0513,1.05095,1.05115
1737999900,1.05115,1.0518,1.0511,1.0513
1738000800,1.0512,1.0518,1.0509,1.0513
1738001700,1.05135,1.05135,1.05085,1.05085
1738002600,1.05085,1.05105,1.05055,1.05095
1738003500,1.05095,1.05125,1.05075,1.05085
1738004400,1.05085,1.0509,1.0503,1.05045
1738005300,1.0505,1.05115,1.05045,1.0511
1738006200,1.05115,1.05155,1.05095,1.05145
1738007100,1.0515,1.0517,1.0512,1.05165
1738008000,1.05165,1.0517,1.05125,1.05145
1738008900,1.05145,1.05155,1.05135,1.0515
1738009800,1.0515,1.05185,1.0513,1.05175
1738010700,1.05175,1.0518,1.0511,1.05115
1738011600,1.0512,1.05135,1.05095,1.05135
1738012500,1.0514,1.0515,1.05125,1.0514
1738013400,1.0514,1.0515,1.0512,1.0515
1738014300,1.05145,1.0516,1.05135,1.0516
1738018800,1.05145,1.0515,1.0495,1.0497
1738019700,1.04965,1.04965,1.0464,1.0469
1738020600,1.0469,1.04775,1.04515,1.0463
1738021500,1.04645,1.0474,1.0458,1.04605
1738022400,1.04605,1.04715,1.0459,1.04675
1738023300,1.0468,1.0474,1.04555,1.0468
1738024200,1.0468,1.0474,1.0467,1.0472
1738025100,1.04725,1.0475,1.0467,1.04685
1738026000,1.04685,1.0476,1.04645,1.04755
1738026900,1.0476,1.0479,1.0475,1.04785
1738027800,1.0478,1.04795,1.047,1.04715
1738028700,1.0472,1.0475,1.04525,1.04615
1738029600,1.046,1.0465,1.04475,1.04525
1738030500,1.0452,1.0461,1.04515,1.04605
1738031400,1.04595,1.0462,1.04555,1.04565
1738032300,1.0456,1.04605,1.04525,1.0457
1738033200,1.0457,1.0461,1.0455,1.0459
1738034100,1.0459,1.0461,1.04555,1.04605
1738035000,1.0461,1.04625,1.04565,1.04575
1738035900,1.0457,1.04585,1.04525,1.04525
1738036800,1.04525,1.04555,1.04525,1.04545
1738037700,1.04545,1.0456,1.04515,1.04515
1738038600,1.04515,1.0452,1.04485,1.0452
1738039500,1.0452,1.04575,1.04515,1.04575
1738040400,1.04575,1.04595,1.04565,1.04595
1738041300,1.04595,1.04615,1.0458,1.0461
1738042200,1.04605,1.0462,1.046,1.04605
1738043100,1.0461,1.0462,1.0459,1.04595
1738044000,1.04595,1.04665,1.04595,1.04655
1738044900,1.0465,1.0467,1.0464,1.0466
1738045800,1.04655,1.04675,1.0461,1.04615
1738046700,1.04615,1.0463,1.0457,1.0461
1738047600,1.0461,1.04665,1.04565,1.04625
1738048500,1.0463,1.04655,1.04595,1.04645
1738049400,1.0465,1.0465,1.0451,1.0455
1738050300,1.0455,1.04595,1.0452,1.04575
1738051200,1.0458,1.0459,1.0451,1.04535
1738052100,1.0454,1.04575,1.04515,1.04515
1738053000,1.04515,1.0458,1.0448,1.0456
1738053900,1.0456,1.0456,1.04425,1.0448
1738054800,1.04485,1.0456,1.04455,1.04555
1738055700,1.0456,1.04655,1.0455,1.04645
1738056600,1.0464,1.0467,1.0463,1.0464
1738057500,1.0464,1.04645,1.04555,1.04585
1738058400,1.0458,1.04605,1.04545,1.0458
1738059300,1.04575,1.046,1.04525,1.0455
1738060200,1.04545,1.0459,1.04535,1.04575
1738061100,1.04575,1.04575,1.0448,1.0448
1738062000,1.04475,1.0456,1.0447,1.04555
1738062900,1.0455,1.0455,1.04505,1.0451
1738063800,1.04505,1.04525,1.0446,1.0449
1738064700,1.04485,1.0451,1.04455,1.04465
1738065600,1.04465,1.04475,1.0437,1.04425
1738066500,1.04425,1.0444,1.04375,1.04435
1738067400,1.0443,1.04465,1.0441,1.04455
1738068300,1.0446,1.04485,1.044,1.04435
1738069200,1.0443,1.04475,1.04405,1.0446
1738070100,1.04465,1.04515,1.0446,1.0448
1738071000,1.0448,1.04545,1.04475,1.04525
1738071900,1.04535,1.04535,1.0444,1.0448
1738072800,1.04475,1.04535,1.04475,1.04525
1738073700,1.0452,1.0458,1.04515,1.04555
1738074600,1.04555,1.04645,1.0454,1.0456
1738075500,1.0456,1.04575,1.0451,1.0455
1738076400,1.0455,1.04615,1.0455,1.04605
1738077300,1.04605,1.0461,1.04555,1.04605
1738078200,1.046,1.04625,1.04535,1.04545
1738079100,1.0454,1.04555,1.0444,1.0447
1738080000,1.04475,1.0456,1.0447,1.04515
1738080900,1.04515,1.04535,1.04485,1.04505
1738081800,1.045,1.04535,1.0445,1.0447
1738082700,1.04475,1.04495,1.04455,1.0449
1738083600,1.0449,1.0452,1.0448,1.045
1738084500,1.04495,1.0453,1.0448,1.04505
1738085400,1.045,1.04575,1.0449,1.04545
1738086300,1.0454,1.0455,1.045,1.0451
1738087200,1.04515,1.0453,1.04495,1.04515
1738088100,1.0452,1.0459,1.04515,1.0458
1738089000,1.0458,1.0461,1.0448,1.0448
1738089900,1.04485,1.0451,1.04465,1.04495
1738090800,1.0449,1.0452,1.04465,1.0447
1738091700,1.04465,1.04505,1.04455,1.04505
1738092600,1.04505,1.04555,1.045,1.0455
1738093500,1.04555,1.046,1.04555,1.04585
1738094400,1.0458,1.04585,1.04525,1.0456
1738095300,1.04555,1.04585,1.0455,1.04565
1738096200,1.0456,1.04575,1.04545,1.04555
1738097100,1.0455,1.04565,1.04535,1.04545
1738098000,1.04545,1.0457,1.0454,1.04565
1738098900,1.0456,1.04575,1.04535,1.04535
1738099800,1.04535,1.04545,1.04525,1.0454
1738100700,1.0454,1.04545,1.0453,1.04545
1738105200,1.04535,1.04535,1.04495,1.045
1738106100,1.045,1.04525,1.045,1.04525
1738107000,1.04525,1.0453,1.04505,1.0451
1738107900,1.0451,1.04525,1.045,1.045
1738108800,1.045,1.0457,1.04495,1.0456
1738109700,1.04565,1.0457,1.0454,1.0455
1738110600,1.04545,1.04555,1.04515,1.0455
1738111500,1.04555,1.04565,1.04515,1.0453
1738112400,1.04535,1.04545,1.04525,1.0454
1738113300,1.04545,1.0457,1.04525,1.04555
1738114200,1.0455,1.0456,1.0452,1.04535
1738115100,1.0453,1.0454,1.045,1.045
1738116000,1.04495,1.0455,1.04485,1.0454
1738116900,1.04545,1.04545,1.0452,1.0453
1738117800,1.04525,1.0457,1.0452,1.04545
1738118700,1.04545,1.04585,1.0454,1.04565
1738119600,1.0457,1.0458,1.04555,1.0458
1738120500,1.04575,1.04595,1.0454,1.0459
1738121400,1.04585,1.046,1.0457,1.04595
1738122300,1.046,1.0462,1.0459,1.046
1738123200,1.04605,1.04645,1.046,1.04635
1738124100,1.0464,1.0465,1.04615,1.04625
1738125000,1.04625,1.0464,1.04605,1.0461
1738125900,1.0461,1.04625,1.04605,1.04615
1738126800,1.0461,1.04625,1.046,1.0462
1738127700,1.0462,1.04635,1.0461,1.0462
1738128600,1.0462,1.0462,1.04585,1.04585
1738129500,1.04585,1.0463,1.04585,1.0463
1738130400,1.04635,1.04665,1.04615,1.04635
1738131300,1.04635,1.0466,1.0463,1.0464
1738132200,1.04645,1.0466,1.0463,1.0465
1738133100,1.0465,1.0465,1.0459,1.046
1738134000,1.04595,1.0461,1.04555,1.0457
1738134900,1.0457,1.04575,1.0441,1.04445
1738135800,1.0445,1.0446,1.0441,1.04415
1738136700,1.0441,1.0444,1.0436,1.04385
1738137600,1.0439,1.0449,1.0439,1.0447
1738138500,1.04465,1.04525,1.04455,1.0448
1738139400,1.0448,1.0453,1.04475,1.045
1738140300,1.04505,1.04515,1.04445,1.0447
1738141200,1.04465,1.0447,1.04315,1.04355
1738142100,1.0436,1.0438,1.0433,1.0436
1738143000,1.04365,1.04415,1.04335,1.04365
1738143900,1.0437,1.0437,1.04245,1.0426
1738144800,1.0426,1.0428,1.04195,1.04215
1738145700,1.0421,1.04275,1.0417,1.0427
1738146600,1.04265,1.0431,1.04225,1.0424
1738147500,1.0424,1.04275,1.04205,1.0426
1738148400,1.04265,1.043,1.0424,1.04295
1738149300,1.043,1.043,1.04255,1.0428
1738150200,1.04285,1.04305,1.0422,1.04225
1738151100,1.04225,1.0425,1.04195,1.0424
1738152000,1.0424,1.04265,1.0421,1.0421
1738152900,1.0421,1.04225,1.04165,1.0418
1738153800,1.0418,1.0426,1.04175,1.04255
1738154700,1.04255,1.04275,1.0422,1.04265
1738155600,1.0427,1.04285,1.04105,1.0415
1738156500,1.04145,1.0415,1.04045,1.041
1738157400,1.04105,1.04155,1.0406,1.04115
1738158300,1.04115,1.04125,1.0405,1.041
1738159200,1.041,1.042,1.0409,1.0419
1738160100,1.0419,1.04215,1.0418,1.0419
1738161000,1.04195,1.0422,1.04145,1.04195
1738161900,1.0419,1.04245,1.0416,1.04235
1738162800,1.04235,1.0429,1.04175,1.04285
1738163700,1.0428,1.0434,1.04275,1.04295
1738164600,1.04295,1.04495,1.0429,1.0448
1738165500,1.04475,1.04495,1.04395,1.0442
1738166400,1.04425,1.04465,1.0434,1.044
1738167300,1.04405,1.0443,1.04355,1.044
1738168200,1.044,1.04445,1.04385,1.0439
1738169100,1.0439,1.04425,1.0436,1.0438
1738170000,1.04385,1.04495,1.0438,1.04485
1738170900,1.0448,1.0451,1.0443,1.04455
1738171800,1.0445,1.0447,1.0439,1.0445
1738172700,1.04445,1.04465,1.04425,1.04435
1738173600,1.0444,1.0446,1.04365,1.04455
1738174500,1.04455,1.04475,1.04425,1.0446
1738175400,1.04455,1.0447,1.04425,1.04445
1738176300,1.0444,1.04445,1.04385,1.04415
1738177200,1.0443,1.0448,1.04155,1.0427
1738178100,1.04275,1.0428,1.0418,1.0419
1738179000,1.0419,1.0446,1.04105,1.04455
1738179900,1.04455,1.04515,1.0435,1.0438
1738180800,1.04385,1.0448,1.0427,1.0442
1738181700,1.04415,1.04475,1.0434,1.04375
1738182600,1.0438,1.04385,1.04325,1.04325
1738183500,1.0432,1.04355,1.04285,1.0433
1738184400,1.04325,1.0439,1.0431,1.0439
1738185300,1.0439,1.0444,1.0437,1.04405
1738186200,1.04405,1.04415,1.0436,1.0439
1738187100,1.0439,1.04445,1.0439,1.0444
1738191600,1.04425,1.0445,1.04395,1.0441
1738192500,1.04415,1.0444,1.04415,1.0444
1738193400,1.04435,1.0448,1.04425,1.0447
1738194300,1.0447,1.0449,1.04455,1.04465
1738195200,1.04455,1.04495,1.0445,1.04495
1738196100,1.0449,1.045,1.04475,1.0449
1738197000,1.04485,1.04485,1.0446,1.04485
1738197900,1.0449,1.04495,1.04465,1.0448
1738198800,1.0447,1.04475,1.04415,1.04445
1738199700,1.0445,1.0445,1.04405,1.0442
1738200600,1.04415,1.04435,1.04415,1.0442
1738201500,1.0443,1.04435,1.04415,1.04415
1738202400,1.0442,1.0448,1.0442,1.04475
1738203300,1.04475,1.04485,1.0443,1.04445
1738204200,1.0445,1.0446,1.04425,1.04455
1738205100,1.0446,1.0447,1.04435,1.04445
1738206000,1.04445,1.04455,1.0443,1.04455
1738206900,1.04455,1.0448,1.0445,1.0446
1738207800,1.04465,1.04475,1.04435,1.04465
1738208700,1.04465,1.0447,1.0445,1.0446
1738209600,1.04465,1.04485,1.0446,1.0448
1738210500,1.04485,1.04485,1.04445,1.0445
1738211400,1.04445,1.04445,1.0439,1.04405
1738212300,1.04405,1.0441,1.0439,1.04405
1738213200,1.044,1.04425,1.0439,1.044
1738214100,1.044,1.04415,1.0439,1.04415
1738215000,1.04415,1.04425,1.04395,1.044
1738215900,1.04395,1.04435,1.0439,1.0443
1738216800,1.04435,1.04435,1.0438,1.04385
1738217700,1.0439,1.04405,1.0435,1.0436
1738218600,1.0436,1.04365,1.0432,1.04345
1738219500,1.0434,1.0436,1.04335,1.0435
1738220400,1.0435,1.04355,1.04305,1.0434
1738221300,1.04345,1.0437,1.0432,1.0436
1738222200,1.04355,1.0442,1.0434,1.04415
1738223100,1.0442,1.04455,1.0439,1.0445
1738224000,1.04455,1.04505,1.04385,1.04415
1738224900,1.0441,1.04455,1.0439,1.04445
1738225800,1.0445,1.0445,1.0437,1.04425
1738226700,1.0442,1.04455,1.044,1.0443
1738227600,1.04435,1.0444,1.0424,1.04305
1738228500,1.04305,1.04345,1.0425,1.04295
1738229400,1.04295,1.0433,1.04235,1.04265
1738230300,1.0427,1.04295,1.0426,1.0429
1738231200,1.04285,1.04295,1.0424,1.0428
1738232100,1.0428,1.04325,1.0426,1.0431
1738233000,1.04315,1.0433,1.04275,1.04275
1738233900,1.0427,1.04275,1.0417,1.0422
1738234800,1.04215,1.04215,1.0414,1.04145
1738235700,1.0415,1.0419,1.0413,1.04155
1738236600,1.04155,1.0421,1.04155,1.04195
1738237500,1.04195,1.0421,1.04125,1.0413
1738238400,1.04135,1.0417,1.04115,1.04155
1738239300,1.0415,1.04225,1.04145,1.0422
1738240200,1.04225,1.0423,1.0417,1.0421
1738241100,1.04215,1.0427,1.0421,1.04245
1738242000,1.0425,1.04275,1.0423,1.04275
1738242900,1.0427,1.04415,1.04245,1.04395
1738243800,1.04365,1.04415,1.04235,1.04365
1738244700,1.0436,1.0481,1.04355,1.04785
1738245600,1.04775,1.0489,1.04525,1.046
1738246500,1.04595,1.0464,1.04505,1.0455
1738247400,1.04555,1.04575,1.0444,1.0448
1738248300,1.0448,1.04535,1.04405,1.04495
1738249200,1.045,1.04615,1.04495,1.04545
1738250100,1.04545,1.04615,1.04525,1.04535
1738251000,1.04535,1.0464,1.04485,1.0457
1738251900,1.0457,1.046,1.0449,1.04525
1738252800,1.0453,1.04565,1.04475,1.04515
1738253700,1.0452,1.0453,1.0444,1.04465
1738254600,1.0447,1.045,1.04425,1.04435
1738255500,1.04435,1.04445,1.04385,1.0441
1738256400,1.04405,1.04425,1.0431,1.0434
1738257300,1.0434,1.0445,1.0431,1.04365
1738258200,1.0437,1.04395,1.04355,1.04365
1738259100,1.0437,1.04415,1.0436,1.04385
1738260000,1.0439,1.0443,1.0437,1.04415
1738260900,1.0442,1.04455,1.04395,1.0444
1738261800,1.0444,1.04465,1.0443,1.0444
1738262700,1.0444,1.0447,1.04435,1.04465
1738263600,1.04465,1.04475,1.0444,1.04465
1738264500,1.0447,1.04475,1.04445,1.0447
1738265400,1.0447,1.045,1.04465,1.04495
1738266300,1.0449,1.04515,1.0447,1.04495
1738267200,1.045,1.045,1.0448,1.0449
1738268100,1.04495,1.04525,1.04485,1.0452
1738269000,1.04525,1.04535,1.04075,1.04105
1738269900,1.041,1.04335,1.04095,1.0429
1738270800,1.04285,1.04355,1.04085,1.0416
1738271700,1.0416,1.0419,1.0411,1.0414
1738272600,1.0414,1.0418,1.04105,1.04135
1738273500,1.04135,1.0417,1.0412,1.04125
1738278000,1.0412,1.0412,1.0406,1.0408
1738278900,1.0408,1.0413,1.0408,1.0412
1738279800,1.0412,1.04175,1.0411,1.0417
1738280700,1.04165,1.0419,1.04145,1.0418
1738281600,1.04175,1.04235,1.04165,1.04195
1738282500,1.04195,1.04205,1.0417,1.04175
1738283400,1.0417,1.04185,1.04115,1.04115
1738284300,1.04115,1.04115,1.0406,1.0408
1738285200,1.04075,1.04125,1.0406,1.04095
1738286100,1.04095,1.0411,1.0397,1.04075
1738287000,1.0408,1.04135,1.0408,1.0409
1738287900,1.0409,1.0412,1.0407,1.041
1738288800,1.041,1.04125,1.0408,1.0412
1738289700,1.0412,1.0414,1.04115,1.0412
1738290600,1.04115,1.04165,1.0411,1.0414
1738291500,1.0414,1.0415,1.041,1.04105
1738292400,1.04105,1.04115,1.04055,1.0411
1738293300,1.0411,1.04125,1.0409,1.0409
1738294200,1.0409,1.041,1.0408,1.0409
1738295100,1.0409,1.0409,1.04045,1.0406
1738296000,1.0406,1.04065,1.0404,1.0406
1738296900,1.04055,1.04075,1.04045,1.0407
1738297800,1.0407,1.04095,1.0405,1.04095
1738298700,1.04095,1.0411,1.04075,1.04085
1738299600,1.04085,1.04115,1.04075,1.04105
1738300500,1.041,1.04105,1.04075,1.0408
1738301400,1.04075,1.0408,1.0406,1.04075
1738302300,1.0408,1.04105,1.0407,1.04095
1738303200,1.04095,1.04105,1.04085,1.04095
1738304100,1.041,1.04115,1.04085,1.04115
1738305000,1.04115,1.04155,1.04115,1.0415
1738305900,1.0415,1.04165,1.04135,1.04155
1738306800,1.0415,1.04215,1.0412,1.0419
1738307700,1.04195,1.0425,1.0418,1.04245
1738308600,1.0425,1.04335,1.0425,1.04325
1738309500,1.0432,1.0432,1.0418,1.0425
1738310400,1.0425,1.0428,1.04145,1.04195
1738311300,1.042,1.04205,1.04115,1.0412
1738312200,1.0412,1.04125,1.0406,1.0408
1738313100,1.04075,1.041,1.0401,1.04055
1738314000,1.04045,1.04045,1.0386,1.0393
1738314900,1.0393,1.03945,1.0387,1.0389
1738315800,1.0388,1.04035,1.0387,1.0398
1738316700,1.03985,1.04055,1.03955,1.04045
1738317600,1.0404,1.04045,1.0396,1.03965
1738318500,1.0397,1.04045,1.0394,1.0403
1738319400,1.0403,1.04045,1.03965,1.0401
1738320300,1.04015,1.04025,1.0396,1.0397
1738321200,1.0397,1.04005,1.0395,1.0399
1738322100,1.03995,1.0401,1.0393,1.03965
1738323000,1.0397,1.04,1.03945,1.03985
1738323900,1.03985,1.0399,1.0393,1.03965
1738324800,1.0397,1.0402,1.03955,1.03965
1738325700,1.03965,1.04065,1.03965,1.0403
1738326600,1.0403,1.04045,1.03995,1.0403
1738327500,1.0403,1.0405,1.03985,1.04035
1738328400,1.04035,1.04155,1.0402,1.0414
1738329300,1.04145,1.04165,1.0407,1.041
1738330200,1.041,1.0411,1.0399,1.04015
1738331100,1.04015,1.04045,1.03975,1.0403
1738332000,1.0403,1.0403,1.0388,1.0391
1738332900,1.0391,1.03975,1.0387,1.0396
1738333800,1.03955,1.0396,1.0389,1.0392
1738334700,1.0392,1.0399,1.03885,1.03895
1738335600,1.03895,1.03915,1.0381,1.03915
1738336500,1.03915,1.03965,1.0384,1.03965
1738337400,1.03965,1.04045,1.03925,1.0399
1738338300,1.0399,1.04215,1.0399,1.0417
1738339200,1.04175,1.04175,1.0409,1.041
1738340100,1.041,1.0417,1.0407,1.04155
1738341000,1.0416,1.04285,1.04135,1.0426
1738341900,1.04265,1.04265,1.04155,1.042
1738342800,1.04205,1.0455,1.0409,1.0446
1738343700,1.0445,1.04545,1.04355,1.0453
1738344600,1.04525,1.0453,1.04425,1.04455
1738345500,1.04455,1.04455,1.04345,1.0441
1738346400,1.0441,1.04425,1.0437,1.044
1738347300,1.0441,1.0443,1.03945,1.04035
1738348200,1.0403,1.0407,1.03815,1.03995
1738349100,1.04,1.04055,1.0389,1.03905
1738350000,1.03905,1.03935,1.0385,1.03905
1738350900,1.039,1.0394,1.03865,1.03925
1738351800,1.0392,1.0395,1.03865,1.0389
1738352700,1.03895,1.04,1.0388,1.0397
1738353600,1.03975,1.0398,1.03885,1.0397
1738354500,1.0397,1.0397,1.0391,1.0396
1738355400,1.03965,1.04005,1.0396,1.03995
1738356300,1.04,1.04035,1.0384,1.0394
1738357200,1.0394,1.04085,1.03705,1.03735
1738358100,1.03735,1.03905,1.03735,1.03875
1738359000,1.03875,1.0388,1.0378,1.03805
1738359900,1.03805,1.0384,1.0378,1.03815
1738537200,1.0281,1.0291,1.02545,1.02685
1738538100,1.02685,1.02775,1.0255,1.02625
1738539000,1.0262,1.0275,1.02575,1.0268
1738539900,1.02685,1.02795,1.0265,1.0267
1738540800,1.0267,1.0288,1.0264,1.02785
1738541700,1.02775,1.02785,1.0231,1.02565
1738542600,1.02575,1.0264,1.0247,1.0249
1738543500,1.02495,1.02595,1.02405,1.02525
1738544400,1.0252,1.02595,1.0242,1.02555
1738545300,1.02555,1.02725,1.0254,1.02685
1738546200,1.0268,1.02725,1.0262,1.0267
1738547100,1.02665,1.02675,1.0256,1.02585
1738548000,1.0258,1.0258,1.0243,1.02495
1738548900,1.025,1.0255,1.0247,1.02515
1738549800,1.02515,1.02515,1.0244,1.02475
1738550700,1.0248,1.02505,1.02415,1.0244
1738551600,1.0244,1.0245,1.02355,1.02355
1738552500,1.02355,1.02405,1.02355,1.02395
1738553400,1.02395,1.024,1.0232,1.0235
1738554300,1.02355,1.0244,1.02345,1.02415
1738555200,1.02415,1.026,1.0241,1.02515
1738556100,1.0252,1.0252,1.02425,1.0244
1738557000,1.0244,1.0247,1.02425,1.02435
1738557900,1.02435,1.0248,1.02415,1.02465
1738558800,1.02465,1.02555,1.0246,1.02545
1738559700,1.0254,1.026,1.0254,1.0259
1738560600,1.02585,1.0261,1.02565,1.0257
1738561500,1.02565,1.02635,1.02565,1.02605
1738562400,1.02605,1.02685,1.02595,1.02675
1738563300,1.0268,1.0269,1.02645,1.0267
1738564200,1.0267,1.0272,1.0265,1.0268
1738565100,1.0268,1.02715,1.0262,1.02635
1738566000,1.02635,1.027,1.02545,1.0264
1738566900,1.02635,1.02645,1.02475,1.02535
1738567800,1.0253,1.0255,1.02435,1.0249
1738568700,1.0249,1.0262,1.02425,1.0245
1738569600,1.02455,1.02475,1.02335,1.02435
1738570500,1.02435,1.0264,1.02415,1.0263
1738571400,1.0263,1.02715,1.0258,1.0264
1738572300,1.0264,1.0269,1.02605,1.0264
1738573200,1.0264,1.02715,1.026,1.027
1738574100,1.02695,1.02715,1.0261,1.02715
1738575000,1.02715,1.02745,1.0261,1.0262
1738575900,1.0262,1.0262,1.02455,1.0251
1738576800,1.0251,1.0262,1.025,1.02595
1738577700,1.026,1.0264,1.02525,1.02575
1738578600,1.02575,1.02615,1.02565,1.02595
1738579500,1.02595,1.0265,1.02595,1.0264
1738580400,1.02635,1.027,1.02625,1.0267
1738581300,1.02675,1.0268,1.02595,1.026
1738582200,1.02595,1.0269,1.0257,1.0269
1738583100,1.02695,1.0276,1.02675,1.02725
1738584000,1.02725,1.0275,1.02715,1.02745
1738584900,1.02745,1.0296,1.02735,1.0292
1738585800,1.0292,1.02985,1.02865,1.02895
1738586700,1.0289,1.029,1.02735,1.0278
1738587600,1.0278,1.0309,1.0277,1.02985
1738588500,1.02985,1.03015,1.029,1.02905
1738589400,1.0291,1.0291,1.02795,1.02825
1738590300,1.02825,1.0286,1.02805,1.0284
1738591200,1.0284,1.02845,1.02725,1.0281
1738592100,1.0282,1.02865,1.0276,1.0281
1738593000,1.0281,1.02845,1.0273,1.02805
1738593900,1.028,1.028,1.02675,1.0272
1738594800,1.027,1.028,1.026,1.02755
1738595700,1.0275,1.03415,1.0274,1.03225
1738596600,1.03225,1.03565,1.0318,1.0348
1738597500,1.0348,1.03485,1.0329,1.03365
1738598400,1.03365,1.03415,1.0314,1.0338
1738599300,1.0338,1.0342,1.03195,1.03245
1738600200,1.03245,1.03325,1.03225,1.0324
1738601100,1.03245,1.03255,1.02935,1.02965
1738602000,1.02955,1.03095,1.0292,1.03035
1738602900,1.0303,1.0308,1.02975,1.0306
1738603800,1.0306,1.03095,1.03015,1.03045
1738604700,1.0304,1.03225,1.0291,1.03
1738605600,1.02995,1.03085,1.0289,1.0303
1738606500,1.0303,1.03075,1.0299,1.02995
1738607400,1.03,1.0302,1.0294,1.02975
1738608300,1.02975,1.03,1.0295,1.0298
1738609200,1.02985,1.0311,1.02985,1.0311
1738610100,1.03105,1.03175,1.031,1.03125
1738611000,1.0312,1.0314,1.0306,1.0307
1738611900,1.0307,1.031,1.0303,1.03045
1738612800,1.03045,1.0313,1.0303,1.0312
1738613700,1.0312,1.0317,1.0312,1.03155
1738614600,1.03155,1.03195,1.03145,1.03165
1738615500,1.0317,1.03185,1.03135,1.03155
1738616400,1.03155,1.0316,1.0313,1.0314
1738617300,1.0314,1.03325,1.03135,1.0328
1738618200,1.03275,1.0372,1.03265,1.0359
1738619100,1.03585,1.03705,1.03525,1.03645
1738623600,1.03645,1.03715,1.036,1.03655
1738624500,1.03655,1.0366,1.0356,1.0358
1738625400,1.0358,1.03585,1.0351,1.03515
1738626300,1.03515,1.03525,1.0346,1.03475
1738627200,1.0348,1.0351,1.03405,1.0342
1738628100,1.03425,1.03445,1.0341,1.03425
1738629000,1.03425,1.03435,1.0337,1.03395
1738629900,1.03395,1.034,1.0336,1.03375
1738630800,1.03375,1.0338,1.03305,1.03315
1738631700,1.0332,1.03365,1.0328,1.03355
1738632600,1.03355,1.0338,1.033,1.0337
1738633500,1.03365,1.03425,1.03365,1.03415
1738634400,1.03415,1.0343,1.03385,1.03415
1738635300,1.03405,1.03405,1.0336,1.0338
1738636200,1.03375,1.03395,1.0336,1.03375
1738637100,1.0338,1.03435,1.0338,1.03415
1738638000,1.03415,1.0344,1.034,1.0341
1738638900,1.03405,1.03415,1.0338,1.03395
1738639800,1.0339,1.03395,1.03315,1.0332
1738640700,1.03325,1.03355,1.0332,1.03345
1738641600,1.03345,1.03345,1.03305,1.03335
1738642500,1.0334,1.03345,1.0332,1.03335
1738643400,1.03335,1.03335,1.033,1.0333
1738644300,1.03325,1.0333,1.03255,1.0326
1738645200,1.03255,1.03255,1.0292,1.0299
1738646100,1.02995,1.03065,1.02965,1.0306
1738647000,1.0306,1.0314,1.0305,1.03135
1738647900,1.03135,1.03175,1.0311,1.03125
1738648800,1.0313,1.03175,1.0312,1.03165
1738649700,1.03165,1.0317,1.0314,1.03145
1738650600,1.03145,1.03165,1.0312,1.03145
1738651500,1.0314,1.03275,1.0314,1.0326
1738652400,1.0326,1.03265,1.0319,1.03245
1738653300,1.0325,1.03285,1.03245,1.03265
1738654200,1.03265,1.03365,1.0326,1.03355
1738655100,1.03355,1.0337,1.03295,1.0331
1738656000,1.0331,1.03395,1.03285,1.03395
1738656900,1.03395,1.03535,1.0338,1.03515
1738657800,1.0351,1.03515,1.03435,1.03495
1738658700,1.03495,1.0355,1.0343,1.0354
1738659600,1.0354,1.0365,1.0352,1.0362
1738660500,1.03615,1.03675,1.03605,1.0367
1738661400,1.0367,1.03695,1.03605,1.0362
1738662300,1.03625,1.0366,1.0358,1.03585
1738663200,1.0358,1.0363,1.03565,1.03615
1738664100,1.0361,1.03615,1.03545,1.0356
1738665000,1.0356,1.0356,1.03455,1.035
1738665900,1.035,1.0356,1.03485,1.0355
1738666800,1.03545,1.03545,1.03445,1.03455
1738667700,1.03455,1.0347,1.03425,1.03445
1738668600,1.03445,1.0347,1.03425,1.03455
1738669500,1.03455,1.03475,1.03415,1.0342
1738670400,1.03425,1.03435,1.034,1.0341
1738671300,1.0341,1.0345,1.034,1.03445
1738672200,1.0345,1.0348,1.03425,1.0346
1738673100,1.0346,1.0348,1.0344,1.0345
1738674000,1.03455,1.03585,1.03435,1.03555
1738674900,1.0356,1.03595,1.03515,1.03535
1738675800,1.03535,1.03575,1.03495,1.0357
1738676700,1.0357,1.03605,1.0352,1.036
1738677600,1.03605,1.03755,1.036,1.0373
1738678500,1.03735,1.03795,1.03655,1.03695
1738679400,1.03695,1.03725,1.03635,1.0371
1738680300,1.0371,1.03865,1.0369,1.03795
1738681200,1.0379,1.0398,1.0378,1.03785
1738682100,1.0379,1.03975,1.0379,1.0391
1738683000,1.0391,1.0405,1.0389,1.03995
1738683900,1.0399,1.04065,1.0396,1.04005
1738684800,1.04,1.04065,1.03965,1.03965
1738685700,1.03965,1.0402,1.0393,1.03985
1738686600,1.0399,1.0405,1.03945,1.04025
1738687500,1.04025,1.0408,1.0398,1.0399
1738688400,1.03985,1.0399,1.03925,1.0393
1738689300,1.0393,1.0399,1.03855,1.03925
1738690200,1.0392,1.0395,1.0386,1.0393
1738691100,1.03935,1.03985,1.03905,1.0397
1738692000,1.03965,1.04015,1.03945,1.04005
1738692900,1.04005,1.0403,1.0399,1.03995
1738693800,1.04,1.04065,1.03995,1.04055
1738694700,1.04055,1.0406,1.04005,1.04015
1738695600,1.04015,1.04025,1.0399,1.04015
1738696500,1.04015,1.0402,1.0397,1.04
1738697400,1.04005,1.0405,1.0399,1.0401
1738698300,1.0401,1.04055,1.0398,1.04015
1738699200,1.0402,1.04045,1.03995,1.0404
1738700100,1.04045,1.04055,1.0401,1.04035
1738701000,1.0403,1.04035,1.0401,1.04025
1738701900,1.04025,1.04065,1.04015,1.04055
1738702800,1.0406,1.0408,1.0402,1.0403
1738703700,1.0403,1.04035,1.0398,1.0399
1738704600,1.0399,1.0401,1.0398,1.0401
1738705500,1.04005,1.0401,1.0398,1.03985
1738710000,1.0401,1.0401,1.03945,1.03995
1738710900,1.03985,1.03995,1.0397,1.0397
1738711800,1.03975,1.03995,1.03965,1.03995
1738712700,1.03995,1.03995,1.03905,1.0391
1738713600,1.03915,1.03945,1.03895,1.03925
1738714500,1.0392,1.03955,1.0391,1.03955
1738715400,1.03945,1.04015,1.03945,1.0398
1738716300,1.0398,1.04,1.0394,1.03985
1738717200,1.0399,1.0403,1.0398,1.03995
1738718100,1.04,1.04065,1.03975,1.04045
1738719000,1.0404,1.04045,1.0395,1.0397
1738719900,1.03975,1.0398,1.0392,1.0393
1738720800,1.03925,1.0403,1.03925,1.04025
1738721700,1.04025,1.0404,1.03995,1.0403
1738722600,1.0403,1.0404,1.0401,1.04035
1738723500,1.04035,1.04045,1.0402,1.0404
1738724400,1.04045,1.04055,1.04005,1.0401
1738725300,1.0401,1.0404,1.0401,1.0404
1738726200,1.0404,1.04055,1.04025,1.0404
1738727100,1.04035,1.0404,1.0399,1.03995
1738728000,1.03995,1.04015,1.03985,1.04005
1738728900,1.0401,1.04015,1.0398,1.0398
1738729800,1.0398,1.03985,1.0396,1.03975
1738730700,1.0398,1.03985,1.03965,1.03985
1738731600,1.0398,1.0398,1.0394,1.0395
1738732500,1.0395,1.03965,1.0394,1.03945
1738733400,1.0395,1.03955,1.0393,1.0394
1738734300,1.03935,1.03975,1.03935,1.03975
1738735200,1.0397,1.0401,1.0394,1.04005
1738736100,1.04005,1.04135,1.04005,1.04135
1738737000,1.04125,1.04125,1.0406,1.04065
1738737900,1.04065,1.04085,1.04035,1.04045
1738738800,1.0405,1.04105,1.0402,1.041
1738739700,1.041,1.04285,1.041,1.04265
1738740600,1.0427,1.0429,1.0421,1.04245
1738741500,1.0424,1.0427,1.04175,1.0422
1738742400,1.04215,1.04265,1.04195,1.0422
1738743300,1.04215,1.04215,1.0413,1.0417
1738744200,1.0417,1.04215,1.041,1.04215
1738745100,1.0422,1.0428,1.0421,1.04235
1738746000,1.04235,1.04305,1.04225,1.0429
1738746900,1.04285,1.0437,1.0428,1.04315
1738747800,1.04315,1.04315,1.04235,1.04285
1738748700,1.0429,1.04295,1.0421,1.0424
1738749600,1.04235,1.04285,1.0421,1.04265
1738750500,1.0427,1.0439,1.04265,1.0438
1738751400,1.0438,1.0449,1.0436,1.0444
1738752300,1.04435,1.045,1.0442,1.04445
1738753200,1.04445,1.0445,1.0436,1.04395
1738754100,1.04395,1.04395,1.04335,1.0437
1738755000,1.04375,1.04375,1.04315,1.04335
1738755900,1.0433,1.04365,1.0432,1.04345
1738756800,1.04345,1.04345,1.043,1.04315
1738757700,1.04315,1.0436,1.043,1.0435
1738758600,1.04345,1.04375,1.0433,1.04365
1738759500,1.0437,1.04415,1.04355,1.04385
1738760400,1.04385,1.04455,1.04375,1.0442
1738761300,1.04405,1.04405,1.04295,1.04335
1738762200,1.04335,1.0438,1.0426,1.043
1738763100,1.043,1.04305,1.0421,1.04275
1738764000,1.04275,1.04415,1.04255,1.04405
1738764900,1.044,1.04435,1.0435,1.04415
1738765800,1.04415,1.04435,1.0434,1.0436
1738766700,1.04365,1.04455,1.04325,1.04445
1738767600,1.0445,1.0464,1.04405,1.0445
1738768500,1.04445,1.0451,1.04395,1.044
1738769400,1.044,1.0441,1.04345,1.04375
1738770300,1.0437,1.0445,1.04355,1.0442
1738771200,1.04415,1.04445,1.04335,1.0434
1738772100,1.0434,1.04405,1.043,1.0438
1738773000,1.04375,1.04445,1.04355,1.04365
1738773900,1.0436,1.0438,1.04305,1.0438
1738774800,1.0438,1.0444,1.04375,1.04395
1738775700,1.044,1.044,1.043,1.0433
1738776600,1.0433,1.04385,1.04325,1.04375
1738777500,1.04375,1.04415,1.04365,1.044
1738778400,1.0439,1.04405,1.0434,1.0437
1738779300,1.0437,1.04405,1.0436,1.0438
1738780200,1.0438,1.0441,1.04365,1.04395
1738781100,1.04395,1.04395,1.0435,1.04355
1738782000,1.04355,1.04365,1.0431,1.04325
1738782900,1.0432,1.0434,1.04295,1.04335
1738783800,1.04335,1.04335,1.04265,1.04275
1738784700,1.04275,1.04285,1.0424,1.04265
1738785600,1.04265,1.0427,1.0421,1.0422
1738786500,1.04225,1.04245,1.0422,1.04245
1738787400,1.0424,1.04245,1.0422,1.04235
1738788300,1.04235,1.04265,1.0422,1.04245
1738789200,1.0424,1.04265,1.04215,1.04235
1738790100,1.0424,1.04255,1.04225,1.04235
1738791000,1.0423,1.04235,1.04175,1.0418
1738791900,1.0418,1.04235,1.04165,1.0423
1738796400,1.0424,1.0424,1.0416,1.0416
1738797300,1.04155,1.04225,1.04155,1.0421
1738798200,1.04215,1.04225,1.0416,1.04165
1738799100,1.0417,1.04215,1.04165,1.04165
1738800000,1.04175,1.04205,1.04175,1.04205
1738800900,1.042,1.04205,1.0415,1.0418
1738801800,1.0418,1.0419,1.0416,1.04175
1738802700,1.0418,1.0418,1.0413,1.0416
1738803600,1.0416,1.0418,1.04135,1.04175
1738804500,1.0418,1.04205,1.04175,1.04185
1738805400,1.0418,1.04215,1.0418,1.04195
1738806300,1.042,1.0423,1.0419,1.042
1738807200,1.04205,1.04235,1.04195,1.04195
1738808100,1.0419,1.04195,1.04115,1.04125
1738809000,1.04125,1.04125,1.04095,1.04115
1738809900,1.0412,1.04155,1.04105,1.04135
1738810800,1.0413,1.04145,1.04105,1.04115
1738811700,1.04115,1.0413,1.0411,1.04115
1738812600,1.04115,1.0413,1.04095,1.04095
1738813500,1.0409,1.04105,1.04075,1.04105
1738814400,1.04105,1.0411,1.04085,1.04105
1738815300,1.041,1.0412,1.04095,1.041
1738816200,1.04095,1.04105,1.0406,1.04065
1738817100,1.0406,1.04065,1.04035,1.0405
1738818000,1.04055,1.04075,1.0405,1.04065
1738818900,1.04065,1.04085,1.0405,1.0407
1738819800,1.0407,1.04085,1.04055,1.04065
1738820700,1.0406,1.04065,1.04045,1.04045
1738821600,1.0404,1.0406,1.04035,1.04045
1738822500,1.04045,1.04075,1.04045,1.0406
1738823400,1.04055,1.0411,1.04055,1.041
1738824300,1.041,1.041,1.04055,1.0408
1738825200,1.0408,1.0409,1.0403,1.04035
1738826100,1.0404,1.04095,1.04025,1.0407
1738827000,1.04075,1.04075,1.04015,1.0403
1738827900,1.0403,1.04035,1.0396,1.03985
1738828800,1.03985,1.0399,1.0388,1.039
1738829700,1.039,1.03915,1.03805,1.03815
1738830600,1.03815,1.03835,1.0376,1.038
1738831500,1.03805,1.03835,1.0374,1.0383
1738832400,1.0383,1.0386,1.03815,1.03845
1738833300,1.03845,1.0385,1.03745,1.03795
1738834200,1.03795,1.03835,1.0376,1.03795
1738835100,1.03795,1.0383,1.03755,1.03775
1738836000,1.0378,1.0381,1.03755,1.0378
1738836900,1.0378,1.03845,1.0378,1.03825
1738837800,1.0382,1.0383,1.03735,1.03755
1738838700,1.03755,1.0381,1.0375,1.03805
1738839600,1.03805,1.0381,1.0376,1.0379
1738840500,1.03785,1.03855,1.0378,1.0385
1738841400,1.0385,1.03855,1.03775,1.0379
1738842300,1.0379,1.0383,1.03785,1.03795
1738843200,1.038,1.0382,1.03735,1.03785
1738844100,1.03785,1.03795,1.03745,1.0375
1738845000,1.0375,1.03815,1.0371,1.03805
1738845900,1.03805,1.03805,1.03755,1.038
1738846800,1.03805,1.0381,1.03715,1.0379
1738847700,1.03795,1.038,1.0376,1.0379
1738848600,1.03795,1.03865,1.0378,1.03785
1738849500,1.03785,1.03795,1.03735,1.03785
1738850400,1.03785,1.0386,1.0378,1.03845
1738851300,1.03845,1.03855,1.038,1.03855
1738852200,1.03855,1.03925,1.03835,1.0391
1738853100,1.0391,1.03925,1.03795,1.03805
1738854000,1.03805,1.03915,1.03795,1.03895
1738854900,1.03895,1.03945,1.0384,1.0384
1738855800,1.03845,1.03865,1.03775,1.03845
1738856700,1.03845,1.03905,1.03825,1.0388
1738857600,1.0388,1.03935,1.03865,1.03875
1738858500,1.03875,1.03945,1.0387,1.03925
1738859400,1.0393,1.03945,1.0389,1.03895
1738860300,1.03895,1.0391,1.0385,1.0385
1738861200,1.03855,1.0394,1.03845,1.0394
1738862100,1.0394,1.03975,1.0392,1.03965
1738863000,1.03965,1.03965,1.03915,1.0394
1738863900,1.0394,1.0399,1.0392,1.03975
1738864800,1.03975,1.04045,1.0392,1.0398
1738865700,1.0398,1.0404,1.03975,1.04035
1738866600,1.0403,1.04135,1.04005,1.0413
1738867500,1.04125,1.0415,1.0403,1.04075
1738868400,1.04075,1.04095,1.04035,1.0405
1738869300,1.04045,1.0405,1.04025,1.0403
1738870200,1.04025,1.04025,1.03985,1.0401
1738871100,1.0401,1.0404,1.0401,1.0403
1738872000,1.0403,1.04095,1.0402,1.04065
1738872900,1.04065,1.04075,1.04035,1.04035
1738873800,1.0404,1.0406,1.0402,1.04045
1738874700,1.04045,1.0408,1.0403,1.0407
1738875600,1.04065,1.0408,1.0405,1.0405
1738876500,1.04055,1.0406,1.04025,1.04055
1738877400,1.0405,1.04055,1.04035,1.0404
1738878300,1.04035,1.0404,1.0401,1.04015
1738882800,1.0402,1.04035,1.04,1.04035
1738883700,1.04035,1.0405,1.04025,1.0403
1738884600,1.04025,1.04035,1.04025,1.04035
1738885500,1.04035,1.0404,1.0402,1.04025
1738886400,1.04035,1.0409,1.0403,1.04055
1738887300,1.0405,1.04055,1.0401,1.04015
1738888200,1.0401,1.0402,1.0397,1.0398
1738889100,1.03985,1.04005,1.03955,1.0396
1738890000,1.0396,1.0397,1.03925,1.0393
1738890900,1.0393,1.0398,1.0393,1.0397
1738891800,1.0397,1.03985,1.0395,1.03965
1738892700,1.0397,1.04045,1.03965,1.04015
1738893600,1.0402,1.04035,1.0401,1.04015
1738894500,1.0402,1.04035,1.04015,1.04035
1738895400,1.0403,1.04035,1.04005,1.0401
1738896300,1.0401,1.0402,1.0399,1.0402
1738897200,1.0402,1.04025,1.0399,1.04005
1738898100,1.0401,1.0402,1.04005,1.04005
1738899000,1.04005,1.04015,1.0396,1.03965
1738899900,1.03965,1.03975,1.0395,1.03975
1738900800,1.03975,1.0398,1.03945,1.03945
1738901700,1.03945,1.0398,1.03935,1.0398
1738902600,1.0398,1.04015,1.03975,1.0398
1738903500,1.0398,1.0399,1.0397,1.0399
1738904400,1.03985,1.0399,1.03975,1.0398
1738905300,1.03975,1.03975,1.03955,1.03965
1738906200,1.0397,1.0399,1.0394,1.0394
1738907100,1.03945,1.03955,1.0392,1.0393
1738908000,1.0393,1.03935,1.0391,1.0393
1738908900,1.0393,1.03945,1.039,1.0393
1738909800,1.03935,1.0395,1.0392,1.03945
1738910700,1.03945,1.03945,1.0392,1.0394
1738911600,1.03935,1.03975,1.03925,1.03945
1738912500,1.03945,1.04,1.0394,1.03995
1738913400,1.03995,1.0404,1.0397,1.04025
1738914300,1.04025,1.04075,1.0401,1.0407
1738915200,1.04065,1.0413,1.04035,1.041
1738916100,1.041,1.04135,1.0409,1.04135
1738917000,1.04135,1.04165,1.04125,1.0416
1738917900,1.0416,1.0418,1.0414,1.04155
1738918800,1.04155,1.0417,1.041,1.04125
1738919700,1.04125,1.04135,1.0409,1.0409
1738920600,1.04085,1.04165,1.0408,1.04155
1738921500,1.0416,1.0416,1.04075,1.04085
1738922400,1.0409,1.0409,1.0403,1.04065
1738923300,1.0407,1.0407,1.0405,1.04055
1738924200,1.0406,1.0407,1.0401,1.0401
1738925100,1.04015,1.04015,1.03965,1.0399
1738926000,1.0399,1.03995,1.0395,1.03985
1738926900,1.03985,1.03995,1.0396,1.0398
1738927800,1.0398,1.0399,1.03965,1.0399
1738928700,1.03995,1.0402,1.03985,1.04
1738929600,1.04,1.04,1.0391,1.03945
1738930500,1.03945,1.0395,1.0389,1.03895
1738931400,1.03895,1.0391,1.0386,1.03895
1738932300,1.039,1.0396,1.03885,1.03925
1738933200,1.03925,1.0397,1.03915,1.0395
1738934100,1.0395,1.0397,1.03905,1.03935
1738935000,1.03935,1.04325,1.03665,1.0388
1738935900,1.03875,1.03915,1.03715,1.0381
1738936800,1.0381,1.03915,1.03785,1.03915
1738937700,1.0391,1.04,1.0385,1.0399
1738938600,1.03995,1.0404,1.03975,1.0398
1738939500,1.03985,1.04065,1.0397,1.04035
1738940400,1.0403,1.04055,1.039,1.03925
1738941300,1.0393,1.03965,1.0387,1.03885
1738942200,1.03885,1.03975,1.03875,1.03955
1738943100,1.03955,1.04045,1.03445,1.03735
1738944000,1.0373,1.0373,1.0347,1.0351
1738944900,1.0351,1.0375,1.0347,1.0353
1738945800,1.03535,1.03565,1.0341,1.03425
1738946700,1.03425,1.0355,1.03385,1.03455
1738947600,1.03455,1.0379,1.03395,1.03605
1738948500,1.03605,1.0361,1.0323,1.03375
1738949400,1.0338,1.03435,1.0333,1.0336
1738950300,1.03365,1.03395,1.033,1.03385
1738951200,1.0339,1.035,1.0338,1.03475
1738952100,1.03475,1.03545,1.03475,1.03495
1738953000,1.0349,1.03525,1.03425,1.0343
1738953900,1.0343,1.03435,1.03385,1.0342
1738954800,1.03425,1.03455,1.03415,1.0343
1738955700,1.03435,1.03505,1.03435,1.0348
1738956600,1.03475,1.03545,1.03455,1.035
1738957500,1.03505,1.0352,1.0347,1.035
1738958400,1.035,1.0356,1.0349,1.0351
1738959300,1.03515,1.03535,1.03465,1.03475
1738960200,1.03475,1.03485,1.03395,1.03395
1738961100,1.03395,1.0347,1.03395,1.03455
1738962000,1.0346,1.035,1.03455,1.03485
1738962900,1.03485,1.035,1.0346,1.0347
1738963800,1.03465,1.03465,1.0343,1.0345
1738964700,1.0345,1.03465,1.0342,1.0346
1739142000,1.0315,1.0327,1.03065,1.0326
1739142900,1.0326,1.03285,1.03255,1.03265
1739143800,1.0327,1.033,1.03265,1.0329
1739144700,1.03285,1.0331,1.0327,1.03275
1739145600,1.0327,1.0335,1.0327,1.03295
1739146500,1.03295,1.0336,1.0329,1.0333
1739147400,1.03335,1.0336,1.0332,1.0332
1739148300,1.0332,1.0333,1.03265,1.03275
1739149200,1.03275,1.03295,1.0326,1.03285
1739150100,1.03285,1.0332,1.03235,1.03235
1739151000,1.03235,1.03255,1.03185,1.0319
1739151900,1.0319,1.03215,1.03175,1.032
1739152800,1.03205,1.03245,1.03205,1.0322
1739153700,1.0322,1.0322,1.03175,1.0319
1739154600,1.0319,1.032,1.03175,1.0319
1739155500,1.0319,1.0319,1.0316,1.0317
1739156400,1.0317,1.0323,1.0317,1.03225
1739157300,1.03225,1.0327,1.03225,1.0326
1739158200,1.03265,1.0329,1.0325,1.03255
1739159100,1.0325,1.03285,1.0325,1.03285
1739160000,1.03285,1.0332,1.03285,1.03305
1739160900,1.033,1.03325,1.03295,1.03315
1739161800,1.0332,1.0333,1.03315,1.0332
1739162700,1.03315,1.03315,1.033,1.03305
1739163600,1.03305,1.03345,1.033,1.03345
1739164500,1.03345,1.0338,1.0334,1.0338
1739165400,1.0338,1.03385,1.0336,1.03365
1739166300,1.03365,1.03365,1.0331,1.0333
1739167200,1.0334,1.0334,1.03295,1.03295
1739168100,1.033,1.0333,1.033,1.0332
1739169000,1.0332,1.03345,1.03295,1.03345
1739169900,1.0334,1.0337,1.0334,1.0336
1739170800,1.03355,1.0343,1.03355,1.03375
1739171700,1.03375,1.0338,1.0328,1.03295
1739172600,1.033,1.0333,1.0327,1.03295
1739173500,1.033,1.0333,1.0328,1.033
1739174400,1.033,1.03325,1.03265,1.0329
1739175300,1.03285,1.03365,1.0324,1.0334
1739176200,1.0334,1.0337,1.0331,1.03365
1739177100,1.03365,1.034,1.03345,1.0339
1739178000,1.0339,1.03495,1.0338,1.03495
1739178900,1.0349,1.0349,1.03425,1.0347
1739179800,1.03475,1.0352,1.0346,1.03465
1739180700,1.0347,1.0348,1.03415,1.0344
1739181600,1.0344,1.0345,1.0341,1.0343
1739182500,1.0343,1.03455,1.03405,1.0342
1739183400,1.0342,1.035,1.03415,1.03495
1739184300,1.03495,1.03515,1.03465,1.0347
1739185200,1.03475,1.0354,1.0347,1.035
1739186100,1.035,1.03515,1.0346,1.03505
1739187000,1.035,1.03505,1.03445,1.0345
1739187900,1.0345,1.0345,1.03375,1.03375
1739188800,1.03375,1.03395,1.0326,1.0327
1739189700,1.0327,1.03325,1.0327,1.0331
1739190600,1.0331,1.03345,1.0331,1.03335
1739191500,1.03335,1.03355,1.0328,1.0331
1739192400,1.03305,1.03405,1.03305,1.03395
1739193300,1.034,1.03425,1.0337,1.03395
1739194200,1.0339,1.03435,1.03385,1.03405
1739195100,1.0341,1.0343,1.0337,1.03385
1739196000,1.0339,1.0341,1.03315,1.03315
1739196900,1.03315,1.03315,1.03215,1.0324
1739197800,1.0324,1.03285,1.03225,1.0324
1739198700,1.03245,1.0329,1.0324,1.03285
1739199600,1.03285,1.0335,1.0328,1.0333
1739200500,1.0333,1.03345,1.0328,1.0334
1739201400,1.03345,1.03375,1.0334,1.03345
1739202300,1.03345,1.03355,1.0329,1.03325
1739203200,1.0332,1.0335,1.03295,1.03295
1739204100,1.033,1.0332,1.03265,1.03305
1739205000,1.033,1.0332,1.03255,1.03285
1739205900,1.03285,1.0329,1.03215,1.0328
1739206800,1.03285,1.0332,1.0328,1.0329
1739207700,1.03285,1.03315,1.03275,1.03285
1739208600,1.03285,1.033,1.0326,1.0326
1739209500,1.0326,1.03295,1.03235,1.03295
1739210400,1.0329,1.03335,1.0327,1.03315
1739211300,1.03315,1.0332,1.03275,1.03295
1739212200,1.03295,1.033,1.0325,1.0326
1739213100,1.03255,1.0328,1.0323,1.03245
1739214000,1.0324,1.03275,1.0322,1.0326
1739214900,1.0326,1.03265,1.03225,1.0324
1739215800,1.0324,1.03265,1.0323,1.03255
1739216700,1.03255,1.0326,1.03235,1.03235
1739217600,1.0324,1.03255,1.03225,1.0324
1739218500,1.0324,1.0324,1.0322,1.0322
1739219400,1.03225,1.03235,1.03215,1.03235
1739220300,1.03235,1.03255,1.0322,1.03235
1739221200,1.03235,1.03255,1.03225,1.03245
1739222100,1.03245,1.0325,1.03225,1.03225
1739223000,1.03225,1.0324,1.0322,1.0324
1739223900,1.03235,1.03245,1.03215,1.03245
1739228400,1.03235,1.0325,1.0318,1.03205
1739229300,1.032,1.032,1.03155,1.03165
1739230200,1.0317,1.0318,1.0315,1.0317
1739231100,1.03165,1.0318,1.0316,1.0317
1739232000,1.0317,1.03185,1.03165,1.03175
1739232900,1.0317,1.0321,1.03165,1.0321
1739233800,1.0321,1.03235,1.03205,1.0322
1739234700,1.0322,1.0322,1.032,1.03215
1739235600,1.0321,1.0321,1.0317,1.03185
1739236500,1.0319,1.03195,1.0317,1.03185
1739237400,1.03185,1.03205,1.03165,1.03205
1739238300,1.032,1.0321,1.0318,1.03185
1739239200,1.03185,1.03195,1.0316,1.0316
1739240100,1.0316,1.03185,1.0315,1.03165
1739241000,1.03165,1.0317,1.0312,1.03135
1739241900,1.03135,1.0314,1.0309,1.03095
1739242800,1.031,1.03115,1.0309,1.03095
1739243700,1.03095,1.0314,1.03095,1.03115
1739244600,1.03125,1.0317,1.0312,1.0317
1739245500,1.0317,1.03175,1.03145,1.0315
1739246400,1.0315,1.0318,1.03145,1.03175
1739247300,1.03175,1.03195,1.03175,1.03185
1739248200,1.03185,1.03205,1.03175,1.032
1739249100,1.032,1.0321,1.0319,1.03205
1739250000,1.03205,1.0323,1.03205,1.0321
1739250900,1.03215,1.0322,1.03195,1.03205
1739251800,1.03205,1.03215,1.03185,1.03205
1739252700,1.032,1.03225,1.03195,1.03215
1739253600,1.0321,1.03235,1.0321,1.03225
1739254500,1.0322,1.0326,1.03215,1.03255
1739255400,1.03255,1.0327,1.03235,1.03245
1739256300,1.0324,1.03245,1.03215,1.03215
1739257200,1.03215,1.0323,1.03175,1.03195
1739258100,1.0319,1.0324,1.03185,1.0322
1739259000,1.03225,1.0323,1.03175,1.03205
1739259900,1.03205,1.03245,1.03195,1.032
1739260800,1.032,1.03235,1.03165,1.0322
1739261700,1.03215,1.0325,1.032,1.0324
1739262600,1.0324,1.0332,1.03235,1.033
1739263500,1.033,1.03365,1.0329,1.03345
1739264400,1.03345,1.03385,1.0333,1.0335
1739265300,1.0335,1.03365,1.0329,1.03305
1739266200,1.03305,1.03345,1.033,1.03305
1739267100,1.03305,1.0337,1.03295,1.03345
1739268000,1.0335,1.03395,1.0333,1.03395
1739268900,1.0339,1.0342,1.0338,1.03385
1739269800,1.03385,1.03395,1.0332,1.0333
1739270700,1.0333,1.0335,1.0331,1.03325
1739271600,1.0333,1.03375,1.03325,1.0337
1739272500,1.0337,1.0338,1.0333,1.03335
1739273400,1.0333,1.03365,1.03325,1.0335
1739274300,1.0335,1.034,1.0335,1.03385
1739275200,1.03385,1.0342,1.0337,1.03405
1739276100,1.0341,1.03455,1.034,1.0344
1739277000,1.03435,1.03445,1.0342,1.03435
1739277900,1.03435,1.0345,1.0337,1.0339
1739278800,1.0339,1.0343,1.0337,1.03395
1739279700,1.034,1.03405,1.03335,1.03345
1739280600,1.0335,1.0341,1.0333,1.0335
1739281500,1.0335,1.03395,1.0334,1.03395
1739282400,1.0339,1.03465,1.03385,1.03415
1739283300,1.03415,1.03475,1.0341,1.03475
1739284200,1.03475,1.03505,1.0346,1.0347
1739285100,1.0347,1.0354,1.0346,1.03495
1739286000,1.035,1.03525,1.0345,1.0349
1739286900,1.0349,1.03595,1.0346,1.0358
1739287800,1.0358,1.0359,1.03505,1.03535
1739288700,1.0353,1.036,1.0353,1.0357
1739289600,1.03565,1.0366,1.0356,1.03645
1739290500,1.0364,1.0367,1.0361,1.03655
1739291400,1.03655,1.0368,1.03625,1.0365
1739292300,1.0365,1.0368,1.03615,1.03625
1739293200,1.0362,1.0363,1.036,1.0362
1739294100,1.0362,1.0364,1.036,1.0364
1739295000,1.03635,1.03655,1.0362,1.03645
1739295900,1.03645,1.03645,1.03615,1.03625
1739296800,1.0362,1.0368,1.0361,1.0365
1739297700,1.0365,1.0366,1.0363,1.0363
1739298600,1.03635,1.03655,1.0363,1.0363
1739299500,1.03635,1.0364,1.03615,1.03625
1739300400,1.0362,1.0363,1.03585,1.03595
1739301300,1.03595,1.0363,1.03585,1.0363
1739302200,1.03625,1.03985,1.03625,1.03805
1739303100,1.038,1.0381,1.0372,1.0375
1739304000,1.03745,1.0379,1.03745,1.03785
1739304900,1.0378,1.03805,1.0376,1.0379
1739305800,1.03785,1.03845,1.03785,1.03795
1739306700,1.038,1.03845,1.03795,1.03795
1739307600,1.03795,1.0381,1.0378,1.03785
1739308500,1.0379,1.03805,1.03775,1.03785
1739309400,1.0379,1.03795,1.0377,1.0377
1739310300,1.0377,1.03785,1.03755,1.03785
1739314800,1.0377,1.0384,1.0377,1.0383
1739315700,1.03825,1.0383,1.03785,1.0379
1739316600,1.0379,1.03815,1.0379,1.0381
1739317500,1.03815,1.0382,1.03795,1.03795
1739318400,1.03795,1.03805,1.03745,1.03745
1739319300,1.03745,1.03755,1.03735,1.03745
1739320200,1.03745,1.03755,1.0373,1.03745
1739321100,1.0374,1.03745,1.03725,1.03735
1739322000,1.03735,1.0374,1.037,1.0373
1739322900,1.03735,1.0374,1.03715,1.0374
1739323800,1.0373,1.03755,1.03725,1.03745
1739324700,1.03745,1.038,1.03745,1.0377
1739325600,1.0377,1.038,1.03765,1.03785
1739326500,1.0379,1.0382,1.0378,1.0382
1739327400,1.0382,1.0384,1.03805,1.0383
1739328300,1.0383,1.03835,1.0379,1.0379
1739329200,1.0379,1.038,1.0376,1.038
1739330100,1.038,1.03815,1.0379,1.03795
1739331000,1.03795,1.0381,1.0375,1.03755
1739331900,1.0375,1.03785,1.0375,1.03785
1739332800,1.0378,1.0378,1.0375,1.03765
1739333700,1.03765,1.038,1.03765,1.03785
1739334600,1.0378,1.0378,1.0375,1.03755
1739335500,1.03755,1.03755,1.03725,1.03725
1739336400,1.03725,1.03735,1.03715,1.03725
1739337300,1.03725,1.03745,1.03715,1.0374
1739338200,1.0374,1.03745,1.0373,1.03745
1739339100,1.03745,1.03755,1.0374,1.0375
1739340000,1.03745,1.0376,1.03745,1.0376
1739340900,1.0376,1.0376,1.0374,1.0375
1739341800,1.03755,1.03765,1.0373,1.0374
1739342700,1.0374,1.0376,1.0374,1.0375
1739343600,1.03755,1.038,1.0375,1.03785
1739344500,1.0378,1.0383,1.0378,1.03825
1739345400,1.0382,1.0382,1.0378,1.03805
1739346300,1.03805,1.03955,1.038,1.0392
1739347200,1.0392,1.0396,1.03885,1.03935
1739348100,1.0394,1.03955,1.03875,1.0389
1739349000,1.0388,1.03935,1.03865,1.0391
1739349900,1.0391,1.0393,1.03845,1.03875
1739350800,1.03875,1.0388,1.0381,1.03845
1739351700,1.0384,1.03885,1.0384,1.0384
1739352600,1.0385,1.03905,1.0383,1.0389
1739353500,1.0389,1.039,1.0385,1.03895
1739354400,1.039,1.03935,1.03865,1.0388
1739355300,1.0388,1.0391,1.03865,1.03885
1739356200,1.03885,1.0392,1.0388,1.0391
1739357100,1.0391,1.03925,1.03885,1.0392
1739358000,1.0392,1.03965,1.039,1.0393
1739358900,1.03935,1.0402,1.03935,1.03995
1739359800,1.03995,1.04015,1.03955,1.0396
1739360700,1.0396,1.03965,1.0391,1.0392
1739361600,1.03915,1.0393,1.0388,1.03895
1739362500,1.03895,1.03915,1.03885,1.039
1739363400,1.03905,1.03945,1.03905,1.0393
1739364300,1.0393,1.0395,1.03885,1.0389
1739365200,1.0389,1.03925,1.03845,1.0386
1739366100,1.0386,1.0398,1.03795,1.0386
1739367000,1.03865,1.03885,1.03295,1.0344
1739367900,1.0344,1.0352,1.0341,1.03495
1739368800,1.0349,1.0359,1.03415,1.0356
1739369700,1.03555,1.03645,1.0355,1.0364
1739370600,1.0364,1.037,1.03585,1.03615
1739371500,1.03615,1.0367,1.03595,1.03665
1739372400,1.03665,1.0367,1.0355,1.0357
1739373300,1.0357,1.03905,1.0354,1.03755
1739374200,1.03755,1.0399,1.03735,1.0394
1739375100,1.0394,1.0397,1.03855,1.0391
1739376000,1.03905,1.0394,1.03725,1.0374
1739376900,1.0374,1.0376,1.03665,1.0376
1739377800,1.0376,1.03865,1.0374,1.0385
1739378700,1.0385,1.04115,1.03845,1.04075
1739379600,1.04075,1.0435,1.0407,1.04275
1739380500,1.0427,1.04365,1.04235,1.0434
1739381400,1.04345,1.04415,1.0418,1.04225
1739382300,1.0422,1.04445,1.0421,1.04425
1739383200,1.0442,1.04465,1.043,1.04355
1739384100,1.0436,1.0437,1.0422,1.0426
1739385000,1.0426,1.04265,1.04115,1.0413
1739385900,1.0413,1.04155,1.0403,1.04055
1739386800,1.04055,1.04085,1.0402,1.0404
1739387700,1.0404,1.04065,1.0401,1.04065
1739388600,1.0406,1.04095,1.04055,1.0406
1739389500,1.0406,1.0408,1.0403,1.0407
1739390400,1.0407,1.04085,1.0404,1.0408
1739391300,1.0408,1.04135,1.04065,1.0412
1739392200,1.0412,1.0414,1.0408,1.04105
1739393100,1.041,1.0412,1.0408,1.0408
1739394000,1.04085,1.0415,1.03975,1.04025
1739394900,1.04025,1.0406,1.04025,1.04035
1739395800,1.04035,1.0404,1.03975,1.03995
1739396700,1.0399,1.04005,1.0397,1.03995
1739401200,1.03995,1.04025,1.03945,1.04005
1739402100,1.04005,1.0403,1.04005,1.0403
1739403000,1.0403,1.0403,1.0401,1.04015
1739403900,1.04015,1.0407,1.04015,1.04065
1739404800,1.0407,1.04105,1.0406,1.04075
1739405700,1.04075,1.04125,1.04045,1.04095
1739406600,1.041,1.0415,1.04095,1.04135
1739407500,1.04135,1.04145,1.0403,1.04045
1739408400,1.04045,1.04075,1.0402,1.0407
1739409300,1.0407,1.0411,1.0406,1.04075
1739410200,1.0407,1.04115,1.0406,1.04115
1739411100,1.04115,1.04165,1.0411,1.04145
1739412000,1.04145,1.0415,1.0411,1.0412
1739412900,1.04125,1.04175,1.0412,1.0417
1739413800,1.04175,1.0422,1.04175,1.04215
1739414700,1.04215,1.04215,1.0418,1.04185
1739415600,1.0419,1.04235,1.0418,1.04235
1739416500,1.0424,1.0429,1.04225,1.0428
1739417400,1.0428,1.0434,1.04275,1.0431
1739418300,1.0431,1.04365,1.0431,1.04335
1739419200,1.0433,1.0444,1.0433,1.04435
1739420100,1.04435,1.04445,1.04385,1.04425
1739421000,1.0442,1.045,1.04415,1.0448
1739421900,1.04475,1.045,1.0445,1.04495
1739422800,1.04495,1.04535,1.0448,1.045
1739423700,1.045,1.0452,1.0448,1.0452
1739424600,1.0452,1.04525,1.04455,1.0446
1739425500,1.04465,1.04505,1.0446,1.04495
1739426400,1.04495,1.04525,1.0447,1.0451
1739427300,1.0451,1.0455,1.0451,1.04515
1739428200,1.04515,1.0452,1.0447,1.0448
1739429100,1.0447,1.04485,1.0443,1.0445
1739430000,1.0446,1.04515,1.0446,1.0447
1739430900,1.0447,1.04495,1.04415,1.0442
1739431800,1.04425,1.04495,1.0442,1.04475
1739432700,1.04475,1.0448,1.04375,1.04405
1739433600,1.04405,1.0441,1.04305,1.04345
1739434500,1.04345,1.0439,1.04315,1.04335
1739435400,1.0434,1.0434,1.0427,1.0431
1739436300,1.04315,1.04315,1.0424,1.0428
1739437200,1.0428,1.0434,1.0426,1.0433
1739438100,1.04325,1.0434,1.04275,1.04285
1739439000,1.0428,1.04345,1.04255,1.0434
1739439900,1.0434,1.0441,1.0434,1.04375
1739440800,1.04375,1.04435,1.04365,1.04435
1739441700,1.0443,1.04435,1.0439,1.0439
1739442600,1.04395,1.04395,1.0434,1.0435
1739443500,1.04345,1.0436,1.0428,1.04305
1739444400,1.04305,1.0442,1.04305,1.04395
1739445300,1.0439,1.04395,1.0434,1.0434
1739446200,1.0434,1.04355,1.0433,1.04345
1739447100,1.0434,1.04345,1.0407,1.04175
1739448000,1.0417,1.04175,1.04025,1.04025
1739448900,1.0402,1.04105,1.04,1.0409
1739449800,1.04095,1.0414,1.04065,1.0414
1739450700,1.04135,1.0415,1.04035,1.0404
1739451600,1.04045,1.0408,1.04005,1.0406
1739452500,1.04065,1.04085,1.03985,1.0402
1739453400,1.0402,1.04215,1.03895,1.0414
1739454300,1.04135,1.0415,1.0403,1.0407
1739455200,1.0407,1.0407,1.0396,1.04025
1739456100,1.04025,1.0409,1.03975,1.03995
1739457000,1.03995,1.04065,1.0398,1.04045
1739457900,1.04045,1.0416,1.04025,1.0414
1739458800,1.04145,1.0443,1.04145,1.0438
1739459700,1.04385,1.0453,1.0438,1.0439
1739460600,1.04395,1.04485,1.0435,1.044
1739461500,1.04395,1.04515,1.04385,1.0448
1739462400,1.04475,1.0456,1.04455,1.0455
1739463300,1.04555,1.046,1.04535,1.0457
1739464200,1.0457,1.04575,1.0439,1.0441
1739465100,1.0441,1.04435,1.04385,1.0442
1739466000,1.04415,1.0448,1.04405,1.0446
1739466900,1.04455,1.04525,1.0445,1.045
1739467800,1.045,1.0454,1.04455,1.0446
1739468700,1.0446,1.0448,1.04395,1.044
1739469600,1.04405,1.0442,1.0434,1.04395
1739470500,1.0439,1.04425,1.04305,1.04405
1739471400,1.04405,1.04475,1.03875,1.04175
1739472300,1.0417,1.0433,1.0404,1.0424
1739473200,1.0424,1.0448,1.04225,1.04445
1739474100,1.04445,1.04555,1.0444,1.0454
1739475000,1.0454,1.0458,1.04485,1.0449
1739475900,1.0449,1.04555,1.0445,1.0452
1739476800,1.0452,1.04615,1.045,1.04615
1739477700,1.0461,1.0475,1.04605,1.0472
1739478600,1.0472,1.04765,1.047,1.047
1739479500,1.0471,1.04805,1.047,1.0476
1739480400,1.04765,1.04775,1.04715,1.0474
1739481300,1.0474,1.0476,1.0474,1.04745
1739482200,1.0474,1.04785,1.0474,1.04785
1739483100,1.0478,1.04835,1.04775,1.0479
1739487600,1.04805,1.04815,1.0478,1.04815
1739488500,1.0481,1.0482,1.0477,1.0478
1739489400,1.04785,1.0479,1.04705,1.0476
1739490300,1.04765,1.0477,1.0473,1.0476
1739491200,1.04765,1.04775,1.04725,1.04735
1739492100,1.04735,1.04815,1.0473,1.04795
1739493000,1.0479,1.0479,1.04765,1.0478
1739493900,1.0479,1.04795,1.04735,1.04755
1739494800,1.04755,1.0477,1.04735,1.04735
1739495700,1.0474,1.0482,1.04735,1.04775
1739496600,1.04775,1.04795,1.0476,1.04775
1739497500,1.0477,1.04785,1.0473,1.0474
1739498400,1.04735,1.04755,1.04725,1.0474
1739499300,1.0474,1.04745,1.04715,1.0472
1739500200,1.0472,1.0473,1.047,1.0471
1739501100,1.04705,1.04735,1.04695,1.0471
1739502000,1.0471,1.04715,1.04685,1.0471
1739502900,1.0471,1.04735,1.047,1.0472
1739503800,1.0472,1.04765,1.04715,1.0472
1739504700,1.0472,1.0474,1.04715,1.04735
1739505600,1.04735,1.04775,1.04735,1.0477
1739506500,1.04765,1.04785,1.0474,1.0474
1739507400,1.0474,1.0476,1.04705,1.0471
1739508300,1.04715,1.0472,1.04695,1.04695
1739509200,1.04695,1.04705,1.0465,1.04655
1739510100,1.04655,1.0468,1.0465,1.0465
1739511000,1.04655,1.04655,1.04615,1.04655
1739511900,1.0466,1.04675,1.0465,1.04675
1739512800,1.04665,1.04695,1.04665,1.04695
1739513700,1.04695,1.0473,1.0469,1.04705
1739514600,1.04705,1.0474,1.04705,1.0474
1739515500,1.04745,1.04755,1.0472,1.0473
1739516400,1.04725,1.04865,1.04725,1.0485
1739517300,1.0485,1.04865,1.0482,1.04825
1739518200,1.04825,1.0485,1.04785,1.0479
1739519100,1.0479,1.0483,1.04785,1.0479
1739520000,1.04795,1.04855,1.0478,1.04855
1739520900,1.04855,1.0495,1.0485,1.0493
1739521800,1.0493,1.05005,1.0493,1.05005
1739522700,1.05005,1.05005,1.04885,1.04915
1739523600,1.04915,1.04975,1.0491,1.0496
1739524500,1.0496,1.05015,1.04945,1.05
1739525400,1.05,1.05025,1.04935,1.04935
1739526300,1.0493,1.04965,1.04905,1.0496
1739527200,1.0496,1.0496,1.049,1.0493
1739528100,1.04935,1.04975,1.0489,1.04895
1739529000,1.04895,1.0492,1.0481,1.04825
1739529900,1.0482,1.0485,1.0479,1.04815
1739530800,1.04815,1.04835,1.04775,1.04835
1739531700,1.0483,1.04835,1.0479,1.04805
1739532600,1.048,1.0484,1.04795,1.0481
1739533500,1.04815,1.0483,1.04785,1.0482
1739534400,1.0482,1.0482,1.04715,1.0476
1739535300,1.04765,1.04855,1.04755,1.0483
1739536200,1.0483,1.04895,1.04815,1.0482
1739537100,1.04815,1.04865,1.0481,1.0486
1739538000,1.04865,1.04935,1.0486,1.04915
1739538900,1.0492,1.05015,1.0492,1.04975
1739539800,1.0498,1.0518,1.0497,1.0499
1739540700,1.04995,1.05105,1.04995,1.05025
1739541600,1.0503,1.0515,1.0502,1.05145
1739542500,1.05135,1.05155,1.05055,1.05135
1739543400,1.05135,1.0525,1.0511,1.0524
1739544300,1.0524,1.0529,1.05195,1.05235
1739545200,1.05235,1.0524,1.051,1.0511
1739546100,1.0512,1.05175,1.0506,1.0506
1739547000,1.05065,1.05215,1.05055,1.0521
1739547900,1.05215,1.05275,1.05215,1.05235
1739548800,1.0523,1.0525,1.0517,1.05195
1739549700,1.052,1.0521,1.05145,1.05185
1739550600,1.05185,1.0519,1.05145,1.0515
1739551500,1.0515,1.05165,1.05115,1.0512
1739552400,1.0512,1.0513,1.0509,1.0512
1739553300,1.0512,1.0516,1.0511,1.0513
1739554200,1.05135,1.05185,1.0513,1.0518
1739555100,1.0518,1.05235,1.05175,1.0522
1739556000,1.05215,1.05225,1.0518,1.0519
1739556900,1.05185,1.05205,1.0516,1.0516
1739557800,1.05165,1.05195,1.0516,1.0516
1739558700,1.05165,1.05195,1.0514,1.05195
1739559600,1.0519,1.05195,1.0513,1.0515
1739560500,1.05155,1.05175,1.05145,1.05145
1739561400,1.0515,1.05155,1.05125,1.0514
1739562300,1.05135,1.0515,1.05095,1.0513
1739563200,1.05135,1.05135,1.05085,1.05095
1739564100,1.051,1.05115,1.05085,1.0509
1739565000,1.0509,1.05125,1.05085,1.0509
1739565900,1.0509,1.05095,1.05055,1.0506
1739566800,1.05065,1.05085,1.05055,1.05085
1739567700,1.0508,1.05085,1.05075,1.0508
1739568600,1.0508,1.05085,1.0507,1.0508
1739569500,1.05085,1.05095,1.0503,1.0506
1739746800,1.0505,1.05075,1.0501,1.05065
1739747700,1.05065,1.0508,1.04985,1.05005
1739748600,1.05,1.0503,1.0499,1.0503
1739749500,1.0504,1.05055,1.0502,1.0502
1739750400,1.0503,1.05055,1.04995,1.05005
1739751300,1.05005,1.05035,1.05,1.05005
1739752200,1.05015,1.0505,1.0501,1.05035
1739753100,1.05035,1.05075,1.05025,1.05055
1739754000,1.05065,1.0508,1.05035,1.0507
1739754900,1.05075,1.0513,1.05045,1.05125
1739755800,1.0513,1.05185,1.05125,1.0517
1739756700,1.05175,1.05205,1.05145,1.05195
1739757600,1.05185,1.0519,1.05135,1.05155
1739758500,1.05155,1.0516,1.05125,1.0515
1739759400,1.0515,1.0516,1.05135,1.05135
1739760300,1.05135,1.05165,1.051,1.05155
1739761200,1.0515,1.05175,1.0514,1.05175
1739762100,1.05175,1.05175,1.0509,1.051
1739763000,1.051,1.0511,1.05085,1.051
1739763900,1.05095,1.05115,1.05085,1.05085
1739764800,1.05085,1.05095,1.0503,1.0506
1739765700,1.0506,1.05075,1.0505,1.0507
1739766600,1.0508,1.0509,1.0507,1.0509
1739767500,1.0509,1.05115,1.05085,1.05095
1739768400,1.05095,1.0512,1.0509,1.05095
1739769300,1.0509,1.05105,1.0503,1.0505
1739770200,1.05045,1.05045,1.04995,1.05015
1739771100,1.05015,1.05055,1.04985,1.05035
1739772000,1.05035,1.0504,1.0502,1.05035
1739772900,1.05035,1.0506,1.05025,1.05045
1739773800,1.0505,1.05065,1.0503,1.05055
1739774700,1.05055,1.0507,1.0503,1.0506
1739775600,1.0506,1.0509,1.0502,1.05065
1739776500,1.05065,1.05095,1.05025,1.05025
1739777400,1.0502,1.0506,1.04965,1.05005
1739778300,1.05005,1.05015,1.04945,1.04965
1739779200,1.04965,1.0499,1.04895,1.0495
1739780100,1.0495,1.0497,1.04875,1.04885
1739781000,1.0489,1.04905,1.0485,1.049
1739781900,1.04905,1.0492,1.0487,1.04885
1739782800,1.0488,1.0492,1.04865,1.049
1739783700,1.04895,1.0495,1.0489,1.04925
1739784600,1.04925,1.04925,1.04855,1.0489
1739785500,1.04885,1.04895,1.0485,1.0488
1739786400,1.04885,1.0497,1.04875,1.0496
1739787300,1.04965,1.0499,1.04955,1.04975
1739788200,1.04975,1.0499,1.0495,1.04955
1739789100,1.0496,1.0503,1.0496,1.0503
1739790000,1.05025,1.0503,1.0498,1.04995
1739790900,1.05,1.05025,1.04965,1.04965
1739791800,1.04965,1.0497,1.04915,1.04935
1739792700,1.04935,1.04965,1.04935,1.0496
1739793600,1.0496,1.04985,1.04915,1.0498
1739794500,1.0498,1.0499,1.049,1.04905
1739795400,1.04905,1.0491,1.0483,1.04845
1739796300,1.04845,1.04885,1.0482,1.0486
1739797200,1.04865,1.0488,1.04845,1.04855
1739798100,1.0486,1.04875,1.0481,1.04825
1739799000,1.04825,1.0487,1.04825,1.0487
1739799900,1.0487,1.04905,1.04865,1.0488
1739800800,1.04885,1.04925,1.04865,1.0488
1739801700,1.04885,1.04885,1.0485,1.04875
1739802600,1.04875,1.0492,1.04855,1.04905
1739803500,1.04905,1.0493,1.04895,1.04925
1739804400,1.04925,1.0498,1.04915,1.04965
1739805300,1.04965,1.0497,1.0492,1.04945
1739806200,1.04945,1.04965,1.0492,1.04925
1739807100,1.0493,1.0495,1.0488,1.04935
1739808000,1.0494,1.04955,1.0491,1.0493
1739808900,1.0493,1.0496,1.04915,1.0496
1739809800,1.04955,1.04975,1.04915,1.0492
1739810700,1.04925,1.0495,1.0492,1.04925
1739811600,1.0493,1.0496,1.0492,1.04955
1739812500,1.0495,1.0499,1.0495,1.0498
1739813400,1.0498,1.04985,1.04945,1.0496
1739814300,1.0496,1.04975,1.04945,1.04965
1739815200,1.04965,1.04965,1.04935,1.04935
1739816100,1.04935,1.0496,1.04935,1.0495
1739817000,1.0495,1.0495,1.0493,1.04945
1739817900,1.04945,1.0496,1.0494,1.0496
1739818800,1.04965,1.04975,1.0495,1.04965
1739819700,1.04965,1.04975,1.0496,1.04975
1739820600,1.0497,1.0497,1.0495,1.0495
1739821500,1.04945,1.04955,1.04935,1.0495
1739822400,1.0496,1.0496,1.04945,1.04955
1739823300,1.0495,1.04965,1.0495,1.04955
1739824200,1.04955,1.0497,1.04955,1.0496
1739825100,1.0496,1.0498,1.04955,1.04975
1739826000,1.0498,1.0498,1.0497,1.0497
1739826900,1.0497,1.04985,1.0497,1.0498
1739827800,1.04975,1.0499,1.04975,1.04985
1739828700,1.0498,1.0499,1.0497,1.0498
1739833200,1.04965,1.0499,1.049,1.0495
1739834100,1.0495,1.04955,1.0492,1.0492
1739835000,1.04925,1.0497,1.04925,1.0497
1739835900,1.04975,1.04995,1.04975,1.04985
1739836800,1.0499,1.04995,1.04975,1.04985
1739837700,1.0499,1.0499,1.0493,1.0494
1739838600,1.0494,1.04945,1.049,1.049
1739839500,1.04905,1.04915,1.0486,1.0489
1739840400,1.04885,1.04895,1.0483,1.04835
1739841300,1.0484,1.0485,1.04775,1.0478
1739842200,1.04785,1.0481,1.04775,1.0479
1739843100,1.04785,1.0481,1.04755,1.04795
1739844000,1.04795,1.0483,1.0479,1.0482
1739844900,1.0482,1.0483,1.04805,1.04805
1739845800,1.0481,1.04845,1.04805,1.04815
1739846700,1.04815,1.0483,1.04805,1.0481
1739847600,1.04815,1.0483,1.04775,1.0478
1739848500,1.0478,1.04825,1.0478,1.04805
1739849400,1.048,1.0486,1.0479,1.04795
1739850300,1.048,1.048,1.04755,1.04765
1739851200,1.04765,1.04765,1.0474,1.0476
1739852100,1.0476,1.0478,1.04725,1.04725
1739853000,1.0473,1.0474,1.04695,1.04715
1739853900,1.04715,1.0472,1.04695,1.04705
1739854800,1.0471,1.0473,1.04685,1.04695
1739855700,1.04695,1.04695,1.0468,1.04685
1739856600,1.04685,1.04695,1.0466,1.0467
1739857500,1.0467,1.04695,1.04655,1.04685
1739858400,1.04685,1.0471,1.0468,1.04705
1739859300,1.04705,1.0474,1.04695,1.0472
1739860200,1.0472,1.04725,1.04685,1.0472
1739861100,1.0472,1.0477,1.04715,1.0475
1739862000,1.04745,1.04815,1.04735,1.0481
1739862900,1.0481,1.04825,1.0474,1.0475
1739863800,1.04745,1.04825,1.04725,1.04825
1739864700,1.04825,1.04825,1.04725,1.0477
1739865600,1.0477,1.04805,1.04685,1.04705
1739866500,1.04705,1.0481,1.04705,1.04795
1739867400,1.04795,1.0483,1.0478,1.04795
1739868300,1.04795,1.04795,1.04685,1.04705
1739869200,1.047,1.04735,1.04685,1.04725
1739870100,1.04725,1.04735,1.04705,1.04715
1739871000,1.04715,1.0474,1.0469,1.0473
1739871900,1.0473,1.04785,1.0472,1.04775
1739872800,1.0478,1.0482,1.04745,1.0475
1739873700,1.0475,1.04775,1.04735,1.0474
1739874600,1.04735,1.0476,1.04725,1.04735
1739875500,1.04735,1.04785,1.0472,1.04755
1739876400,1.0476,1.0478,1.0475,1.0477
1739877300,1.04775,1.0478,1.0475,1.04775
1739878200,1.0477,1.04785,1.04765,1.04765
1739879100,1.0477,1.04775,1.0475,1.0476
1739880000,1.0476,1.04815,1.04715,1.0472
1739880900,1.0472,1.0472,1.04665,1.04675
1739881800,1.0467,1.04735,1.0467,1.0472
1739882700,1.0472,1.0472,1.04675,1.04685
1739883600,1.04685,1.04705,1.0459,1.0463
1739884500,1.04635,1.04685,1.04615,1.04635
1739885400,1.0463,1.04655,1.04595,1.0463
1739886300,1.04625,1.0466,1.04555,1.0458
1739887200,1.04585,1.0462,1.04545,1.04595
1739888100,1.04595,1.0468,1.04595,1.0466
1739889000,1.0466,1.0467,1.04585,1.04615
1739889900,1.04615,1.04675,1.0461,1.0466
1739890800,1.04665,1.04725,1.0466,1.04715
1739891700,1.04715,1.04735,1.04665,1.047
1739892600,1.047,1.0472,1.0465,1.04715
1739893500,1.0471,1.04805,1.04705,1.048
1739894400,1.04795,1.04835,1.0476,1.0476
1739895300,1.0476,1.0478,1.04745,1.04765
1739896200,1.04765,1.0478,1.0471,1.04715
1739897100,1.0472,1.0473,1.04675,1.047
1739898000,1.047,1.047,1.0462,1.0464
1739898900,1.04635,1.04645,1.04575,1.0461
1739899800,1.0461,1.04625,1.04555,1.0459
1739900700,1.0459,1.046,1.04525,1.0459
1739901600,1.04595,1.0461,1.04485,1.04505
1739902500,1.04505,1.0453,1.0449,1.04525
1739903400,1.04525,1.0455,1.0451,1.0453
1739904300,1.0453,1.04575,1.04505,1.04575
1739905200,1.0457,1.0459,1.0454,1.04545
1739906100,1.04545,1.04605,1.04545,1.04605
1739907000,1.046,1.0463,1.0459,1.0463
1739907900,1.04625,1.0463,1.0457,1.04585
1739908800,1.04585,1.046,1.0455,1.04595
1739909700,1.04595,1.04605,1.04555,1.04565
1739910600,1.04565,1.0459,1.04565,1.0458
1739911500,1.0458,1.04615,1.0458,1.04615
1739912400,1.04605,1.0463,1.0459,1.0462
1739913300,1.0463,1.0463,1.04575,1.04595
1739914200,1.0459,1.046,1.04585,1.04595
1739915100,1.0459,1.0461,1.04585,1.0459
1739919600,1.04635,1.04635,1.04585,1.04595
1739920500,1.04595,1.046,1.04575,1.04595
1739921400,1.04595,1.0462,1.0459,1.04605
1739922300,1.0461,1.04615,1.04605,1.0461
1739923200,1.0461,1.0461,1.0457,1.0458
1739924100,1.0458,1.0462,1.04575,1.0462
1739925000,1.04615,1.04615,1.04595,1.04595
1739925900,1.0459,1.0461,1.04585,1.04585
1739926800,1.0459,1.04605,1.0455,1.046
1739927700,1.0459,1.0461,1.04575,1.0459
1739928600,1.04585,1.046,1.0456,1.0456
1739929500,1.04565,1.04595,1.0454,1.04595
1739930400,1.04595,1.0461,1.0458,1.04605
1739931300,1.0461,1.04625,1.0461,1.04625
1739932200,1.04625,1.0464,1.0462,1.04635
1739933100,1.04635,1.04655,1.0462,1.0465
1739934000,1.04645,1.04645,1.0462,1.04625
1739934900,1.04625,1.04625,1.0461,1.0462
1739935800,1.0462,1.0464,1.04615,1.04635
1739936700,1.04635,1.0465,1.04635,1.04645
1739937600,1.04645,1.04655,1.0463,1.04655
1739938500,1.04655,1.04665,1.04625,1.04625
1739939400,1.0463,1.0464,1.0462,1.0464
1739940300,1.0464,1.0466,1.04635,1.04655
1739941200,1.0466,1.0466,1.04645,1.04645
1739942100,1.0465,1.0465,1.0462,1.0463
1739943000,1.04635,1.04675,1.04635,1.0467
1739943900,1.04675,1.04695,1.0466,1.0469
1739944800,1.0469,1.0473,1.04685,1.04725
1739945700,1.04725,1.0474,1.0471,1.04735
1739946600,1.0474,1.0474,1.04705,1.04715
1739947500,1.04715,1.04715,1.04675,1.0468
1739948400,1.0468,1.04725,1.04655,1.0467
1739949300,1.04665,1.04705,1.04655,1.04665
1739950200,1.0466,1.0467,1.04615,1.0467
1739951100,1.0467,1.047,1.04635,1.04645
1739952000,1.04645,1.0467,1.0462,1.0467
1739952900,1.0467,1.04695,1.0461,1.0462
1739953800,1.0462,1.0467,1.046,1.0461
1739954700,1.0461,1.0461,1.0452,1.04535
1739955600,1.04535,1.04545,1.0448,1.0454
1739956500,1.0454,1.04565,1.0453,1.04545
1739957400,1.0454,1.0456,1.0447,1.0448
1739958300,1.0448,1.04505,1.0441,1.04425
1739959200,1.0442,1.0443,1.0437,1.0441
1739960100,1.0441,1.04415,1.0438,1.04395
1739961000,1.04395,1.0441,1.04335,1.0434
1739961900,1.04345,1.0437,1.04315,1.0437
1739962800,1.0437,1.0446,1.0435,1.0444
1739963700,1.0444,1.04445,1.0439,1.04395
1739964600,1.04395,1.0441,1.04345,1.0436
1739965500,1.04355,1.0438,1.0433,1.04375
1739966400,1.04375,1.044,1.0435,1.04395
1739967300,1.044,1.0444,1.0436,1.0437
1739968200,1.0437,1.0442,1.0436,1.0442
1739969100,1.0442,1.04455,1.04385,1.04415
1739970000,1.0442,1.04485,1.0441,1.0445
1739970900,1.04445,1.0446,1.0438,1.0442
1739971800,1.0443,1.0445,1.044,1.0444
1739972700,1.04445,1.0448,1.04435,1.04465
1739973600,1.04465,1.04475,1.0443,1.0445
1739974500,1.0445,1.04475,1.04405,1.0443
1739975400,1.0443,1.04475,1.04405,1.0445
1739976300,1.04455,1.0451,1.0444,1.0447
1739977200,1.04475,1.04495,1.04445,1.04455
1739978100,1.04455,1.0448,1.0443,1.0445
1739979000,1.0445,1.04545,1.0442,1.0444
1739979900,1.0444,1.0445,1.0435,1.04375
1739980800,1.0437,1.04385,1.04245,1.04305
1739981700,1.04305,1.0432,1.0419,1.042
1739982600,1.04195,1.0428,1.0419,1.0425
1739983500,1.0425,1.04255,1.0417,1.04175
1739984400,1.04175,1.0421,1.0414,1.04185
1739985300,1.0419,1.04245,1.0419,1.0423
1739986200,1.0423,1.0426,1.04185,1.042
1739987100,1.042,1.04235,1.04195,1.04225
1739988000,1.04225,1.0425,1.04215,1.0422
1739988900,1.04225,1.04265,1.04225,1.0425
1739989800,1.04255,1.0433,1.0425,1.04325
1739990700,1.04325,1.0435,1.043,1.0433
1739991600,1.0432,1.044,1.0431,1.04395
1739992500,1.0439,1.0445,1.0438,1.04445
1739993400,1.0444,1.0444,1.04355,1.044
1739994300,1.04395,1.04395,1.04355,1.04385
1739995200,1.04385,1.0439,1.04355,1.04375
1739996100,1.04375,1.0439,1.0434,1.0436
1739997000,1.04365,1.04385,1.0434,1.0436
1739997900,1.0436,1.04385,1.0435,1.04385
1739998800,1.0438,1.04385,1.0437,1.0438
1739999700,1.0438,1.04395,1.0438,1.0439
1740000600,1.04385,1.04385,1.04355,1.04365
1740001500,1.0437,1.0438,1.0435,1.0436
1740006000,1.04355,1.0437,1.04345,1.0435
1740006900,1.04355,1.04375,1.0434,1.0435
1740007800,1.04345,1.04345,1.0432,1.04325
1740008700,1.04325,1.0433,1.04315,1.04325
1740009600,1.04325,1.0436,1.04325,1.04345
1740010500,1.04345,1.04345,1.0431,1.04335
1740011400,1.0434,1.0439,1.04315,1.0438
1740012300,1.04375,1.04415,1.04375,1.04405
1740013200,1.0441,1.0444,1.04405,1.04435
1740014100,1.04435,1.04435,1.04375,1.0438
1740015000,1.04375,1.0438,1.04325,1.0434
1740015900,1.04335,1.04345,1.04305,1.0433
1740016800,1.0432,1.0441,1.04315,1.044
1740017700,1.044,1.0441,1.04365,1.04365
1740018600,1.0437,1.0445,1.0434,1.04435
1740019500,1.04435,1.0449,1.044,1.0447
1740020400,1.04475,1.04475,1.0443,1.0443
1740021300,1.0443,1.0443,1.0438,1.04405
1740022200,1.044,1.04455,1.0439,1.04445
1740023100,1.04445,1.04465,1.04425,1.0443
1740024000,1.0443,1.04435,1.04395,1.04395
1740024900,1.04395,1.04405,1.0438,1.0438
1740025800,1.0438,1.044,1.04355,1.0439
1740026700,1.04385,1.0443,1.0438,1.0442
1740027600,1.0442,1.04445,1.0441,1.0444
1740028500,1.0444,1.0446,1.0442,1.0443
1740029400,1.0443,1.0443,1.04395,1.044
1740030300,1.04395,1.0443,1.04385,1.04395
1740031200,1.04395,1.04435,1.04385,1.04415
1740032100,1.0442,1.0446,1.0442,1.0444
1740033000,1.04445,1.0445,1.04415,1.04415
1740033900,1.0442,1.0442,1.04365,1.0437
1740034800,1.04375,1.0441,1.0435,1.0439
1740035700,1.0439,1.04435,1.0439,1.044
1740036600,1.04405,1.0443,1.0438,1.04405
1740037500,1.044,1.04455,1.044,1.0443
1740038400,1.0443,1.04525,1.0443,1.0452
1740039300,1.0452,1.0452,1.0447,1.04515
1740040200,1.0451,1.04535,1.04415,1.0442
1740041100,1.0442,1.04465,1.04415,1.0445
1740042000,1.0445,1.04475,1.04415,1.04465
1740042900,1.0447,1.04495,1.04435,1.04445
1740043800,1.0445,1.04455,1.044,1.0443
1740044700,1.04435,1.04495,1.04425,1.04485
1740045600,1.0448,1.04545,1.0446,1.04525
1740046500,1.04525,1.04535,1.0447,1.0453
1740047400,1.04535,1.04545,1.045,1.04535
1740048300,1.04535,1.0456,1.0452,1.04535
1740049200,1.04545,1.0458,1.0454,1.04565
1740050100,1.0456,1.04575,1.04515,1.04515
1740051000,1.0451,1.04515,1.0446,1.04465
1740051900,1.04465,1.045,1.04425,1.045
1740052800,1.045,1.04555,1.0447,1.04515
1740053700,1.0451,1.0454,1.0445,1.04465
1740054600,1.04465,1.04525,1.0445,1.04515
1740055500,1.0451,1.0451,1.04455,1.04475
1740056400,1.0447,1.0456,1.04465,1.04555
1740057300,1.0456,1.04635,1.0456,1.04625
1740058200,1.0463,1.04665,1.04585,1.04595
1740059100,1.0459,1.04605,1.0455,1.046
1740060000,1.04595,1.04645,1.04535,1.0459
1740060900,1.0459,1.04665,1.04585,1.0466
1740061800,1.0466,1.0472,1.0463,1.0468
1740062700,1.04675,1.0468,1.04565,1.04585
1740063600,1.0458,1.047,1.0453,1.0467
1740064500,1.04665,1.0478,1.0464,1.04775
1740065400,1.0478,1.0481,1.0474,1.04795
1740066300,1.04795,1.0487,1.04765,1.0486
1740067200,1.0485,1.04865,1.048,1.04815
1740068100,1.04815,1.0483,1.0476,1.04785
1740069000,1.04785,1.04885,1.04785,1.0488
1740069900,1.04885,1.049,1.04855,1.04865
1740070800,1.04865,1.0496,1.0483,1.04955
1740071700,1.04955,1.0501,1.0494,1.04985
1740072600,1.04975,1.0506,1.04975,1.0506
1740073500,1.05055,1.05055,1.0499,1.0501
1740074400,1.05005,1.0507,1.0497,1.0507
1740075300,1.0507,1.0508,1.0505,1.05055