time,open,high,low,close
1672700400,1.0723,1.0736,1.07015,1.07285
1672704000,1.0729,1.0731,1.07185,1.0722
1672707600,1.0722,1.07255,1.0702,1.07115
1672711200,1.0711,1.0729,1.0709,1.0728
1672714800,1.07275,1.073,1.072,1.07235
1672718400,1.0724,1.07315,1.07185,1.0719
1672722000,1.07185,1.0722,1.071,1.0714
1672725600,1.0715,1.0719,1.0703,1.07035
1672729200,1.0704,1.071,1.06705,1.0675
1672732800,1.06745,1.0679,1.06,1.0602
1672736400,1.0602,1.06115,1.05845,1.0598
1672740000,1.0598,1.0605,1.0576,1.05815
1672743600,1.0581,1.05865,1.057,1.05785
1672747200,1.05785,1.05995,1.05745,1.05865
1672750800,1.0586,1.062,1.05805,1.06105
1672754400,1.06105,1.06485,1.0606,1.06245
1672758000,1.0625,1.0633,1.0605,1.06065
1672761600,1.06065,1.0609,1.05875,1.06085
1672765200,1.06085,1.06095,1.05905,1.0597
1672768800,1.05965,1.0611,1.05935,1.06065
1672772400,1.06075,1.06195,1.06055,1.06175
1672776000,1.0618,1.062,1.06015,1.0603
1672779600,1.0603,1.0605,1.05965,1.05965
1672786800,1.06,1.0605,1.05905,1.05955
1672790400,1.0596,1.0611,1.0595,1.0608
1672794000,1.06085,1.06195,1.06075,1.0617
1672797600,1.06165,1.06195,1.06115,1.06145
1672801200,1.0615,1.06195,1.06145,1.06185
1672804800,1.06185,1.0624,1.06155,1.0623
1672808400,1.06225,1.06285,1.0614,1.06195
1672812000,1.06185,1.06245,1.06095,1.062
1672815600,1.06195,1.0656,1.0617,1.0643
1672819200,1.06435,1.0686,1.064,1.06665
1672822800,1.0666,1.06805,1.0656,1.0661
1672826400,1.06615,1.0673,1.06585,1.0671
1672830000,1.0671,1.06745,1.0653,1.0655
1672833600,1.0655,1.06615,1.0649,1.0657
1672837200,1.0657,1.06705,1.06455,1.0661
1672840800,1.06615,1.0679,1.06525,1.0675
1672844400,1.06755,1.0676,1.06315,1.0654
1672848000,1.06535,1.0671,1.0643,1.06695
1672851600,1.067,1.06705,1.0655,1.0658
1672855200,1.0658,1.0663,1.0646,1.065
1672858800,1.065,1.06575,1.0636,1.06555
1672862400,1.0656,1.06605,1.06515,1.06535
1672866000,1.06535,1.06585,1.06515,1.06535
1672873200,1.0652,1.06595,1.06505,1.0654
1672876800,1.0654,1.0679,1.0651,1.0677
1672880400,1.0677,1.06795,1.0666,1.0668
1672884000,1.06675,1.06675,1.0657,1.0665
1672887600,1.06655,1.06675,1.0654,1.06545
1672891200,1.06555,1.06595,1.0651,1.0652
1672894800,1.0652,1.0659,1.06495,1.06585
1672898400,1.06585,1.06675,1.0651,1.0651
1672902000,1.06505,1.06605,1.0638,1.06535
1672905600,1.06535,1.0676,1.06525,1.06675
1672909200,1.0668,1.0677,1.0656,1.06715
1672912800,1.0672,1.06745,1.06585,1.0667
1672916400,1.0667,1.0671,1.0651,1.06595
1672920000,1.066,1.0666,1.06465,1.0648
1672923600,1.06475,1.06565,1.05985,1.06
1672927200,1.06,1.061,1.05835,1.0587
1672930800,1.05875,1.06155,1.0562,1.0566
1672934400,1.05655,1.05795,1.05655,1.05685
1672938000,1.0569,1.05815,1.0566,1.05775
1672941600,1.05775,1.0591,1.05765,1.0583
1672945200,1.05835,1.05865,1.05765,1.05775
1672948800,1.0578,1.05785,1.05675,1.05675
1672952400,1.0568,1.0571,1.05635,1.0568
1672959600,1.05705,1.05735,1.0567,1.0568
1672963200,1.0568,1.0579,1.0566,1.05765
1672966800,1.0577,1.058,1.05695,1.05725
1672970400,1.0572,1.0581,1.0572,1.0574
1672974000,1.05735,1.0584,1.0573,1.05795
1672977600,1.0579,1.05815,1.05715,1.0572
1672981200,1.0572,1.05725,1.05575,1.05615
1672984800,1.0562,1.0569,1.05565,1.05595
1672988400,1.05595,1.057,1.05545,1.056
1672992000,1.056,1.0578,1.05585,1.0566
1672995600,1.0565,1.05665,1.0544,1.0555
1672999200,1.0555,1.05635,1.05505,1.0555
1673002800,1.0555,1.05585,1.054,1.05415
1673006400,1.0542,1.05435,1.05305,1.0542
1673010000,1.05415,1.05925,1.0529,1.05895
1673013600,1.05895,1.05905,1.0548,1.05565
1673017200,1.05565,1.06595,1.05565,1.0649
1673020800,1.0649,1.06695,1.06445,1.0666
1673024400,1.0666,1.0686,1.0664,1.06855
1673028000,1.06855,1.0691,1.06775,1.06855
1673031600,1.06855,1.0696,1.06855,1.0693
1673035200,1.0693,1.06965,1.06905,1.06945
1673038800,1.06945,1.06945,1.069,1.06925
1673218800,1.069,1.07095,1.0689,1.07095
1673222400,1.07095,1.07145,1.06985,1.0708
1673226000,1.07085,1.07195,1.07025,1.0714
1673229600,1.07135,1.07245,1.07135,1.0724
1673233200,1.0724,1.0724,1.07125,1.0714
1673236800,1.0714,1.07255,1.07135,1.0724
1673240400,1.07235,1.07295,1.07195,1.07235
1673244000,1.0724,1.0733,1.07225,1.07285
1673247600,1.0729,1.07415,1.0715,1.072
1673251200,1.072,1.0747,1.07195,1.07375
1673254800,1.0737,1.0741,1.0707,1.07195
1673258400,1.07195,1.0723,1.07085,1.0716
1673262000,1.07165,1.07325,1.07145,1.07315
1673265600,1.0731,1.07405,1.07275,1.07355
1673269200,1.07355,1.07795,1.07325,1.0773
1673272800,1.07725,1.0786,1.0759,1.0775
1673276400,1.0776,1.0797,1.07755,1.07875
1673280000,1.0788,1.0812,1.07875,1.08055
1673283600,1.08055,1.0808,1.07875,1.0798
1673287200,1.0798,1.0802,1.07855,1.0791
1673290800,1.07915,1.0801,1.079,1.0799
1673294400,1.0799,1.0801,1.07775,1.0778
1673298000,1.07775,1.07825,1.0777,1.07805
1673305200,1.07815,1.0786,1.07765,1.0779
1673308800,1.0779,1.07845,1.0767,1.0774
1673312400,1.0774,1.0786,1.07725,1.07825
1673316000,1.0783,1.07885,1.07675,1.07765
1673319600,1.0777,1.0781,1.0772,1.07785
1673323200,1.0779,1.078,1.07745,1.0777
1673326800,1.07765,1.079,1.0776,1.0789
1673330400,1.0789,1.0789,1.07725,1.078
1673334000,1.07805,1.07855,1.0768,1.07775
1673337600,1.0778,1.07935,1.07775,1.0785
1673341200,1.07845,1.0798,1.0776,1.07925
1673344800,1.0792,1.0793,1.078,1.07825
1673348400,1.0783,1.07885,1.07775,1.07815
1673352000,1.07815,1.07815,1.07615,1.0766
1673355600,1.07655,1.07715,1.07585,1.07675
1673359200,1.07685,1.0806,1.0768,1.0787
1673362800,1.0787,1.07995,1.07675,1.0774
1673366400,1.07745,1.07885,1.07705,1.0783
1673370000,1.07825,1.079,1.0776,1.07795
1673373600,1.07795,1.0786,1.0774,1.07845
1673377200,1.0785,1.079,1.07825,1.07875
1673380800,1.07875,1.07905,1.0777,1.0783
1673384400,1.0783,1.07845,1.07795,1.07795
1673391600,1.07795,1.07845,1.07785,1.07845
1673395200,1.0784,1.07915,1.0783,1.07905
1673398800,1.079,1.079,1.07715,1.0776
1673402400,1.07765,1.07835,1.07725,1.07725
1673406000,1.07725,1.07825,1.0772,1.07795
1673409600,1.07795,1.0785,1.0778,1.0784
1673413200,1.07835,1.0802,1.07825,1.0793
1673416800,1.07935,1.0801,1.0791,1.0791
1673420400,1.0791,1.0803,1.0789,1.0792
1673424000,1.0792,1.07945,1.0774,1.0775
1673427600,1.0775,1.0794,1.07705,1.0787
1673431200,1.07875,1.0797,1.0786,1.07945
1673434800,1.07945,1.0801,1.0789,1.07935
1673438400,1.0794,1.07945,1.07735,1.0786
1673442000,1.07855,1.07985,1.0784,1.07955
1673445600,1.0795,1.0822,1.07905,1.0815
1673449200,1.08155,1.08205,1.07975,1.08005
1673452800,1.0801,1.08075,1.0783,1.07845
1673456400,1.0785,1.0794,1.07815,1.0792
1673460000,1.0792,1.08135,1.0779,1.0799
1673463600,1.0799,1.08095,1.0793,1.08085
1673467200,1.0809,1.0809,1.0798,1.07995
1673470800,1.07995,1.0804,1.07975,1.0803
1673478000,1.0803,1.081,1.07995,1.0808
1673481600,1.08085,1.08175,1.0803,1.08035
1673485200,1.0804,1.08105,1.0803,1.08095
1673488800,1.08085,1.0812,1.0804,1.08095
1673492400,1.081,1.0814,1.0808,1.0811
1673496000,1.0811,1.0816,1.0809,1.08145
1673499600,1.08145,1.0818,1.0805,1.08055
1673503200,1.08055,1.08115,1.07995,1.08
1673506800,1.07995,1.0808,1.0798,1.0805
1673510400,1.08055,1.08075,1.0788,1.07905
1673514000,1.07905,1.08165,1.07855,1.0808
1673517600,1.0808,1.08105,1.07945,1.08045
1673521200,1.08045,1.0809,1.0801,1.08045
1673524800,1.0804,1.08095,1.07975,1.08055
1673528400,1.0805,1.0892,1.0758,1.0873
1673532000,1.08735,1.08775,1.07945,1.08105
1673535600,1.08105,1.0853,1.0807,1.08495
1673539200,1.08495,1.08685,1.08455,1.08655
1673542800,1.0865,1.08925,1.0864,1.08915
1673546400,1.0891,1.09115,1.08895,1.08995
1673550000,1.0899,1.09,1.08825,1.0892
1673553600,1.0892,1.0896,1.08845,1.0896
1673557200,1.0895,1.08985,1.08925,1.0895
1673564400,1.0892,1.0903,1.0889,1.0903
1673568000,1.09025,1.09105,1.0894,1.0895
1673571600,1.08955,1.0899,1.08875,1.0899
1673575200,1.08985,1.0899,1.08745,1.0887
1673578800,1.0888,1.08905,1.08845,1.08885
1673582400,1.08885,1.08895,1.0881,1.08835
1673586000,1.0883,1.08865,1.0875,1.088
1673589600,1.08805,1.0894,1.0877,1.0888
1673593200,1.0888,1.08915,1.0876,1.08915
1673596800,1.08915,1.09075,1.088,1.0898
1673600400,1.08975,1.09035,1.0876,1.08855
1673604000,1.0885,1.08945,1.088,1.08875
1673607600,1.0887,1.08885,1.08505,1.08545
1673611200,1.0854,1.08585,1.08455,1.0854
1673614800,1.0854,1.08625,1.08345,1.0836
1673618400,1.08365,1.0863,1.08225,1.0861
1673622000,1.08605,1.08805,1.0854,1.08715
1673625600,1.0872,1.0875,1.0843,1.08525
1673629200,1.0852,1.0874,1.0849,1.087
1673632800,1.08705,1.0877,1.08605,1.0873
1673636400,1.0873,1.08775,1.08685,1.08715
1673640000,1.08715,1.0878,1.0869,1.08745
1673643600,1.0875,1.08765,1.0871,1.08765
1673823600,1.0877,1.08795,1.08615,1.08635
1673827200,1.0863,1.08855,1.0862,1.0883
1673830800,1.08825,1.09135,1.08815,1.0909
1673834400,1.09095,1.0916,1.0907,1.09085
1673838000,1.09085,1.0909,1.09005,1.09015
1673841600,1.0901,1.09055,1.08925,1.0894
1673845200,1.08945,1.09025,1.0894,1.0902
1673848800,1.09015,1.09025,1.0877,1.0881
1673852400,1.08805,1.08835,1.08675,1.0872
1673856000,1.0872,1.0873,1.0844,1.0845
1673859600,1.0845,1.08655,1.0843,1.08625
1673863200,1.08625,1.08745,1.0862,1.08715
1673866800,1.08715,1.0878,1.0865,1.0868
1673870400,1.08675,1.087,1.08555,1.08565
1673874000,1.08565,1.08615,1.08475,1.08575
1673877600,1.0857,1.0867,1.08555,1.08635
1673881200,1.08635,1.08705,1.0857,1.08665
1673884800,1.08665,1.08675,1.08585,1.0866
1673888400,1.0866,1.08685,1.0853,1.08555
1673892000,1.0855,1.0856,1.08525,1.08545
1673895600,1.0854,1.0861,1.0854,1.0861
1673899200,1.0861,1.0862,1.0859,1.0862
1673902800,1.0862,1.0866,1.086,1.08625
1673910000,1.0862,1.0873,1.0862,1.08705
1673913600,1.087,1.08745,1.08665,1.0869
1673917200,1.08695,1.0872,1.0855,1.08575
1673920800,1.0858,1.08735,1.0847,1.0855
1673924400,1.08545,1.0869,1.0854,1.08655
1673928000,1.0866,1.0869,1.08625,1.0867
1673931600,1.08665,1.08735,1.08625,1.08715
1673935200,1.08715,1.0876,1.0854,1.08555
1673938800,1.0856,1.087,1.08525,1.0869
1673942400,1.08685,1.08795,1.0864,1.0868
1673946000,1.08675,1.08715,1.08515,1.0858
1673949600,1.0858,1.0868,1.08495,1.08625
1673953200,1.08625,1.08745,1.0854,1.0873
1673956800,1.0873,1.08985,1.08625,1.0893
1673960400,1.0893,1.0899,1.0877,1.0883
1673964000,1.08835,1.0911,1.0883,1.09035
1673967600,1.0904,1.0905,1.0835,1.0842
1673971200,1.08425,1.085,1.0826,1.08335
1673974800,1.0833,1.0839,1.08145,1.08225
1673978400,1.0822,1.08365,1.08205,1.08355
1673982000,1.0835,1.0844,1.08315,1.08335
1673985600,1.08335,1.0837,1.08275,1.0834
1673989200,1.08345,1.08345,1.0827,1.0827
1673996400,1.0828,1.0833,1.0825,1.0829
1674000000,1.0829,1.0831,1.0822,1.0824
1674003600,1.0824,1.0836,1.0823,1.08355
1674007200,1.08355,1.0839,1.08055,1.08265
1674010800,1.0827,1.0829,1.0808,1.08125
1674014400,1.0813,1.08175,1.0807,1.0814
1674018000,1.0814,1.082,1.0808,1.08195
1674021600,1.082,1.08305,1.08195,1.083
1674025200,1.0829,1.08765,1.0829,1.08655
1674028800,1.08655,1.08915,1.0865,1.0883
1674032400,1.0883,1.09125,1.0877,1.091
1674036000,1.091,1.09105,1.08895,1.08925
1674039600,1.08925,1.0894,1.08525,1.0855
1674043200,1.08555,1.08735,1.0855,1.0864
1674046800,1.08635,1.09085,1.08625,1.08985
1674050400,1.0898,1.09275,1.08875,1.0903
1674054000,1.0904,1.0909,1.0866,1.0873
1674057600,1.0873,1.08755,1.0853,1.0867
1674061200,1.0867,1.0868,1.0827,1.08355
1674064800,1.0836,1.0839,1.0827,1.08365
1674068400,1.08365,1.08365,1.0827,1.08345
1674072000,1.08345,1.0835,1.0827,1.08285
1674075600,1.0829,1.08375,1.0829,1.08345
1674082800,1.08305,1.08355,1.0828,1.08345
1674086400,1.0835,1.08355,1.08235,1.08245
1674090000,1.08245,1.0833,1.08195,1.0825
1674093600,1.0825,1.0832,1.0819,1.0831
1674097200,1.0831,1.08425,1.083,1.08375
1674100800,1.08375,1.08395,1.08305,1.0833
1674104400,1.0833,1.0835,1.0828,1.08285
1674108000,1.08285,1.0841,1.0828,1.08285
1674111600,1.0829,1.08515,1.08195,1.0845
1674115200,1.08455,1.0863,1.084,1.08545
1674118800,1.0854,1.08665,1.0853,1.0862
1674122400,1.08625,1.08755,1.0853,1.08665
1674126000,1.08665,1.0872,1.0853,1.086
1674129600,1.0859,1.0865,1.0842,1.08465
1674133200,1.08465,1.0862,1.0833,1.0847
1674136800,1.0847,1.0863,1.0832,1.08475
1674140400,1.0848,1.08565,1.08205,1.0826
1674144000,1.0827,1.0847,1.08245,1.0846
1674147600,1.0846,1.0862,1.0846,1.08535
1674151200,1.08535,1.0873,1.08505,1.08655
1674154800,1.08655,1.08745,1.0858,1.0868
1674158400,1.0868,1.08775,1.08655,1.0866
1674162000,1.08665,1.0872,1.0866,1.0867
1674169200,1.0867,1.0874,1.0867,1.08705
1674172800,1.087,1.08775,1.08655,1.0868
1674176400,1.0868,1.08815,1.0865,1.0873
1674180000,1.08735,1.08805,1.08685,1.08735
1674183600,1.08735,1.08755,1.0869,1.0871
1674187200,1.08705,1.0872,1.08645,1.08665
1674190800,1.0866,1.08725,1.08615,1.0872
1674194400,1.08715,1.0874,1.0861,1.08615
1674198000,1.0861,1.0883,1.08575,1.08765
1674201600,1.0877,1.08955,1.0875,1.0877
1674205200,1.0877,1.0888,1.0865,1.08675
1674208800,1.08675,1.0884,1.0863,1.08755
1674212400,1.0875,1.08785,1.08615,1.08615
1674216000,1.0862,1.0864,1.0851,1.0855
1674219600,1.0855,1.08645,1.08385,1.08435
1674223200,1.08435,1.08635,1.08415,1.0859
1674226800,1.08595,1.08845,1.0855,1.0868
1674230400,1.0868,1.0882,1.0864,1.08675
1674234000,1.0867,1.08845,1.08665,1.0881
1674237600,1.08805,1.0889,1.087,1.08845
1674241200,1.08845,1.08955,1.08825,1.08905
1674244800,1.08905,1.0895,1.08885,1.0894
1674248400,1.0894,1.0895,1.08915,1.08935
1674428400,1.09005,1.09055,1.0897,1.08995
1674432000,1.09,1.0923,1.09,1.0921
1674435600,1.09205,1.0936,1.09165,1.09305
1674439200,1.09305,1.0935,1.09255,1.0928
1674442800,1.09285,1.0939,1.09285,1.0935
1674446400,1.09345,1.09345,1.0925,1.0931
1674450000,1.09305,1.09345,1.09265,1.09285
1674453600,1.09285,1.09485,1.0923,1.0937
1674457200,1.0937,1.09625,1.0928,1.09505
1674460800,1.09505,1.0952,1.0929,1.0936
1674464400,1.09355,1.09565,1.0929,1.0948
1674468000,1.09475,1.0951,1.09315,1.09355
1674471600,1.09355,1.09385,1.0915,1.0917
1674475200,1.09175,1.0919,1.09025,1.0907
1674478800,1.09065,1.0914,1.0889,1.08945
1674482400,1.08945,1.0904,1.0882,1.0897
1674486000,1.0898,1.0905,1.08825,1.09005
1674489600,1.09005,1.09115,1.08955,1.08995
1674493200,1.08995,1.0901,1.0893,1.08985
1674496800,1.0898,1.0909,1.0898,1.0902
1674500400,1.0902,1.0903,1.08835,1.08945
1674504000,1.0895,1.0904,1.08925,1.0904
1674507600,1.09035,1.09085,1.09005,1.0908
1674514800,1.09055,1.09105,1.09025,1.09065
1674518400,1.09065,1.09095,1.09025,1.09085
1674522000,1.0909,1.09175,1.09065,1.09155
1674525600,1.0916,1.0918,1.0912,1.0914
1674529200,1.09135,1.09155,1.0908,1.09095
1674532800,1.09095,1.0911,1.09045,1.0911
1674536400,1.09115,1.09175,1.09105,1.0913
1674540000,1.09135,1.09265,1.09125,1.09225
1674543600,1.09225,1.0933,1.0918,1.09235
1674547200,1.0924,1.0931,1.0901,1.091
1674550800,1.091,1.0918,1.0887,1.0896
1674554400,1.08955,1.0902,1.08875,1.0899
1674558000,1.08985,1.09105,1.0889,1.0902
1674561600,1.0902,1.09115,1.0894,1.0895
1674565200,1.08945,1.0916,1.0889,1.0901
1674568800,1.09015,1.0905,1.08755,1.0877
1674572400,1.08775,1.09155,1.087,1.091
1674576000,1.091,1.0919,1.0902,1.0907
1674579600,1.09065,1.0922,1.09055,1.09185
1674583200,1.09185,1.09235,1.09115,1.0914
1674586800,1.0914,1.092,1.0909,1.09185
1674590400,1.0919,1.09195,1.09145,1.0916
1674594000,1.0916,1.0924,1.09155,1.09225
1674601200,1.09195,1.09245,1.0917,1.09245
1674604800,1.09245,1.0925,1.09155,1.0921
1674608400,1.0921,1.09285,1.09185,1.09275
1674612000,1.09275,1.0936,1.0927,1.09305
1674615600,1.0931,1.0934,1.0927,1.0931
1674619200,1.09315,1.09375,1.0931,1.09325
1674622800,1.0933,1.09335,1.0926,1.0932
1674626400,1.09315,1.09455,1.093,1.094
1674630000,1.09405,1.0945,1.0912,1.0915
1674633600,1.0915,1.09255,1.0902,1.09115
1674637200,1.09105,1.0926,1.0904,1.0915
1674640800,1.0915,1.0915,1.0897,1.08995
1674644400,1.08995,1.09035,1.08915,1.08985
1674648000,1.0898,1.09105,1.08925,1.09075
1674651600,1.0907,1.09185,1.08985,1.0906
1674655200,1.0906,1.09345,1.09025,1.0928
1674658800,1.0928,1.0958,1.0925,1.0936
1674662400,1.0936,1.09375,1.0908,1.0934
1674666000,1.09345,1.0938,1.09285,1.09335
1674669600,1.09335,1.09525,1.09335,1.09435
1674673200,1.0944,1.09495,1.09415,1.0949
1674676800,1.09485,1.0952,1.09405,1.0949
1674680400,1.09485,1.0952,1.0946,1.09485
1674687600,1.0948,1.0955,1.0948,1.0953
1674691200,1.0953,1.0957,1.0947,1.0948
1674694800,1.0948,1.0953,1.0939,1.09515
1674698400,1.09515,1.0954,1.0943,1.09475
1674702000,1.09475,1.09495,1.09435,1.09455
1674705600,1.0945,1.09505,1.0945,1.09465
1674709200,1.0946,1.0951,1.09415,1.0951
1674712800,1.09505,1.09615,1.0949,1.0952
1674716400,1.0952,1.0955,1.09385,1.09515
1674720000,1.09515,1.096,1.09375,1.09405
1674723600,1.09405,1.09415,1.0924,1.0927
1674727200,1.0927,1.09395,1.0926,1.09385
1674730800,1.0938,1.09395,1.0931,1.09345
1674734400,1.09345,1.0936,1.0918,1.09245
1674738000,1.0924,1.094,1.09045,1.09345
1674741600,1.09345,1.0949,1.0913,1.0919
1674745200,1.09195,1.09265,1.08825,1.0887
1674748800,1.0887,1.09035,1.08815,1.08965
1674752400,1.08965,1.09015,1.08895,1.0896
1674756000,1.0896,1.09195,1.0895,1.09175
1674759600,1.09175,1.0922,1.0914,1.09205
1674763200,1.09205,1.09245,1.0918,1.0924
1674766800,1.0924,1.0927,1.0922,1.0923
1674774000,1.0924,1.09275,1.09215,1.09245
1674777600,1.09245,1.09315,1.09245,1.0928
1674781200,1.09275,1.0931,1.09175,1.092
1674784800,1.0921,1.0922,1.091,1.0911
1674788400,1.0911,1.09115,1.09015,1.0905
1674792000,1.09045,1.09045,1.0897,1.08975
1674795600,1.08975,1.0905,1.0897,1.09045
1674799200,1.09045,1.0905,1.0897,1.0901
1674802800,1.09005,1.09105,1.08985,1.09045
1674806400,1.0905,1.09225,1.08965,1.09215
1674810000,1.0921,1.0923,1.09085,1.09145
1674813600,1.09145,1.0926,1.09135,1.09205
1674817200,1.092,1.0925,1.09065,1.091
1674820800,1.091,1.09115,1.0897,1.0898
1674824400,1.08975,1.09085,1.089,1.0893
1674828000,1.08935,1.0908,1.0876,1.08975
1674831600,1.08975,1.09105,1.08685,1.0869
1674835200,1.08695,1.0898,1.08685,1.0887
1674838800,1.0888,1.09025,1.0883,1.08975
1674842400,1.0897,1.08985,1.08875,1.08965
1674846000,1.08965,1.0903,1.0895,1.08995
1674849600,1.08995,1.0904,1.08945,1.08965
1674853200,1.0896,1.0902,1.08955,1.0899
1675033200,1.0898,1.09025,1.0894,1.0902
1675036800,1.0902,1.09065,1.08995,1.09045
1675040400,1.09045,1.0905,1.08915,1.09035
1675044000,1.09035,1.0904,1.08955,1.0899
1675047600,1.08995,1.08995,1.0894,1.08985
1675051200,1.08985,1.09095,1.08975,1.09065
1675054800,1.0906,1.09065,1.0894,1.0899
1675058400,1.0899,1.08995,1.08885,1.08915
1675062000,1.08915,1.08995,1.0883,1.08895
1675065600,1.089,1.09195,1.089,1.0912
1675069200,1.09115,1.09345,1.0906,1.09325
1675072800,1.0932,1.09445,1.0932,1.0941
1675076400,1.0941,1.09415,1.0921,1.09265
1675080000,1.0927,1.094,1.09235,1.0934
1675083600,1.0934,1.0942,1.0916,1.0917
1675087200,1.0917,1.093,1.091,1.0922
1675090800,1.0922,1.093,1.0898,1.0901
1675094400,1.0901,1.09055,1.0891,1.0896
1675098000,1.08965,1.0897,1.0887,1.0888
1675101600,1.08875,1.0891,1.088,1.08845
1675105200,1.0885,1.08855,1.0869,1.08765
1675108800,1.0876,1.0885,1.0874,1.0876
1675112400,1.08755,1.08825,1.08755,1.08805
1675119600,1.08815,1.0883,1.0876,1.0879
1675123200,1.08795,1.08865,1.0878,1.08835
1675126800,1.08835,1.08895,1.088,1.0887
1675130400,1.0887,1.08885,1.0879,1.08815
1675134000,1.0881,1.0882,1.0873,1.0874
1675137600,1.08745,1.08755,1.0867,1.0875
1675141200,1.0875,1.0876,1.0862,1.08635
1675144800,1.0864,1.08715,1.0861,1.08685
1675148400,1.0868,1.08785,1.08635,1.0873
1675152000,1.08735,1.0874,1.08315,1.08325
1675155600,1.0832,1.08635,1.08305,1.0859
1675159200,1.08585,1.086,1.0849,1.08515
1675162800,1.08515,1.0867,1.08505,1.08645
1675166400,1.0865,1.0868,1.08545,1.08555
1675170000,1.08545,1.0893,1.0853,1.08805
1675173600,1.08805,1.0894,1.08725,1.0877
1675177200,1.08775,1.08915,1.08625,1.0889
1675180800,1.0889,1.0897,1.08825,1.08855
1675184400,1.0886,1.08955,1.088,1.08935
1675188000,1.0894,1.09045,1.0893,1.0902
1675191600,1.0901,1.0903,1.08915,1.0893
1675195200,1.08935,1.0902,1.0889,1.0901
1675198800,1.09015,1.0902,1.08895,1.08905
1675206000,1.08915,1.0894,1.08885,1.0889
1675209600,1.08885,1.0892,1.08865,1.08905
1675213200,1.08905,1.0892,1.0885,1.08855
1675216800,1.0886,1.0886,1.088,1.0882
1675220400,1.0882,1.0891,1.08805,1.08905
1675224000,1.08905,1.0897,1.089,1.08935
1675227600,1.08935,1.09025,1.0893,1.08995
1675231200,1.08995,1.0905,1.08935,1.08975
1675234800,1.0898,1.0912,1.08945,1.0908
1675238400,1.0908,1.09165,1.0897,1.0915
1675242000,1.0915,1.09165,1.09065,1.0911
1675245600,1.0911,1.09215,1.0907,1.092
1675249200,1.092,1.09245,1.0916,1.09205
1675252800,1.09205,1.0926,1.0916,1.09195
1675256400,1.09195,1.0938,1.09165,1.09325
1675260000,1.09325,1.0939,1.09295,1.09325
1675263600,1.0933,1.0953,1.0916,1.0948
1675267200,1.0948,1.09525,1.0942,1.09445
1675270800,1.09445,1.09475,1.09335,1.0936
1675274400,1.0936,1.0949,1.09345,1.0946
1675278000,1.09465,1.10145,1.0916,1.10065
1675281600,1.10065,1.10395,1.09985,1.10165
1675285200,1.1017,1.1019,1.10115,1.1016
1675292400,1.1018,1.1059,1.1015,1.1038
1675296000,1.1038,1.10525,1.10365,1.1045
1675299600,1.10445,1.10475,1.1032,1.1039
1675303200,1.1039,1.1047,1.10375,1.1045
1675306800,1.10445,1.1047,1.10405,1.1044
1675310400,1.10435,1.10515,1.1042,1.1046
1675314000,1.10455,1.10505,1.1045,1.10465
1675317600,1.1046,1.1048,1.10305,1.1031
1675321200,1.10315,1.1041,1.10175,1.10195
1675324800,1.102,1.10365,1.1016,1.1031
1675328400,1.1031,1.10325,1.1015,1.1025
1675332000,1.10245,1.10265,1.10065,1.1009
1675335600,1.10095,1.10285,1.10085,1.1025
1675339200,1.10255,1.10305,1.10085,1.101
1675342800,1.101,1.10305,1.0969,1.09715
1675346400,1.09715,1.0992,1.093,1.0931
1675350000,1.09315,1.0965,1.0911,1.0962
1675353600,1.09615,1.0974,1.09325,1.09425
1675357200,1.09425,1.09525,1.0931,1.0934
1675360800,1.0934,1.0948,1.09335,1.09445
1675364400,1.09445,1.09475,1.09305,1.0933
1675368000,1.0933,1.09405,1.0931,1.09395
1675371600,1.0939,1.0942,1.09335,1.0936
1675378800,1.09345,1.09365,1.09295,1.09295
1675382400,1.09295,1.09295,1.0917,1.0922
1675386000,1.0922,1.0924,1.0916,1.09185
1675389600,1.0919,1.09205,1.09125,1.09145
1675393200,1.09145,1.09205,1.0914,1.09185
1675396800,1.09185,1.0919,1.09115,1.0918
1675400400,1.09175,1.0923,1.09145,1.0918
1675404000,1.0918,1.09245,1.09165,1.09225
1675407600,1.09225,1.093,1.0906,1.09235
1675411200,1.0924,1.0932,1.09085,1.0928
1675414800,1.09275,1.09555,1.09175,1.0954
1675418400,1.0954,1.0961,1.0949,1.09595
1675422000,1.09595,1.0961,1.0949,1.09535
1675425600,1.09535,1.09615,1.095,1.0957
1675429200,1.09565,1.09645,1.08505,1.0864
1675432800,1.0864,1.0896,1.08565,1.0887
1675436400,1.0887,1.0904,1.0833,1.0882
1675440000,1.08825,1.08855,1.08475,1.0849
1675443600,1.0849,1.0861,1.0846,1.08485
1675447200,1.0848,1.08485,1.08285,1.0836
1675450800,1.0836,1.08385,1.08255,1.08285
1675454400,1.0829,1.0829,1.08165,1.08175
1675458000,1.08175,1.0825,1.08165,1.08185
1675638000,1.08215,1.0822,1.08075,1.0813
1675641600,1.08125,1.08185,1.08045,1.08115
1675645200,1.08115,1.08175,1.08075,1.08085
1675648800,1.0808,1.08215,1.08055,1.08135
1675652400,1.08135,1.0821,1.08125,1.0813
1675656000,1.08135,1.0822,1.0812,1.0819
1675659600,1.0819,1.0821,1.08125,1.08195
1675663200,1.082,1.0821,1.0809,1.08105
1675666800,1.081,1.0819,1.08025,1.0803
1675670400,1.0803,1.08185,1.07975,1.0808
1675674000,1.0808,1.0811,1.0788,1.079
1675677600,1.079,1.08,1.07825,1.07885
1675681200,1.07885,1.07905,1.07795,1.0789
1675684800,1.0789,1.08065,1.0789,1.07965
1675688400,1.0796,1.08005,1.07805,1.0781
1675692000,1.0781,1.07895,1.07625,1.0768
1675695600,1.0768,1.0771,1.07445,1.0753
1675699200,1.07535,1.07625,1.074,1.0744
1675702800,1.0744,1.0745,1.07325,1.0736
1675706400,1.0736,1.07495,1.0733,1.07495
1675710000,1.0749,1.076,1.07465,1.07475
1675713600,1.0748,1.0754,1.07415,1.07525
1675717200,1.0752,1.07535,1.0746,1.0747
1675724400,1.0748,1.0751,1.0746,1.0751
1675728000,1.0751,1.07585,1.075,1.07585
1675731600,1.07585,1.0765,1.07555,1.0763
1675735200,1.0763,1.0764,1.0758,1.0763
1675738800,1.0763,1.0765,1.0758,1.076
1675742400,1.076,1.07605,1.0751,1.0755
1675746000,1.07545,1.07635,1.0753,1.07625
1675749600,1.0762,1.0766,1.0757,1.0761
1675753200,1.0761,1.0762,1.07455,1.07465
1675756800,1.07465,1.07485,1.0719,1.07405
1675760400,1.07405,1.0757,1.0733,1.0733
1675764000,1.0733,1.07445,1.0729,1.0736
1675767600,1.07355,1.074,1.07205,1.0727
1675771200,1.07275,1.0735,1.07235,1.07275
1675774800,1.07275,1.0729,1.0708,1.0718
1675778400,1.0718,1.07215,1.07015,1.07045
1675782000,1.0705,1.0719,1.06915,1.0715
1675785600,1.0715,1.07345,1.07105,1.0727
1675789200,1.07265,1.07895,1.07125,1.07825
1675792800,1.07825,1.07845,1.071,1.07245
1675796400,1.0724,1.07505,1.07235,1.07415
1675800000,1.07415,1.0752,1.07305,1.07475
1675803600,1.07475,1.07525,1.0744,1.075
1675810800,1.075,1.0753,1.07465,1.0752
1675814400,1.0752,1.0756,1.0748,1.0754
1675818000,1.07535,1.0757,1.07445,1.0748
1675821600,1.07475,1.07545,1.07455,1.07545
1675825200,1.0754,1.0756,1.0752,1.0754
1675828800,1.07535,1.0756,1.0752,1.0755
1675832400,1.0755,1.07565,1.0749,1.07555
1675836000,1.0755,1.0761,1.0749,1.0749
1675839600,1.07485,1.07815,1.07455,1.078
1675843200,1.078,1.07805,1.07625,1.07735
1675846800,1.0773,1.07825,1.07715,1.07765
1675850400,1.07765,1.07775,1.07645,1.07685
1675854000,1.07685,1.0769,1.07545,1.0757
1675857600,1.0757,1.0771,1.0755,1.07555
1675861200,1.0756,1.076,1.07475,1.07535
1675864800,1.07535,1.0765,1.07395,1.0747
1675868400,1.0747,1.075,1.07355,1.0747
1675872000,1.0747,1.0758,1.07405,1.07555
1675875600,1.0755,1.0762,1.07475,1.075
1675879200,1.07505,1.07615,1.07455,1.07555
1675882800,1.07555,1.0756,1.0743,1.07445
1675886400,1.0745,1.0746,1.0731,1.07355
1675890000,1.07355,1.07375,1.0733,1.07345
1675897200,1.07335,1.0737,1.07295,1.0736
1675900800,1.0735,1.0739,1.07345,1.07355
1675904400,1.07355,1.07455,1.07285,1.07445
1675908000,1.0744,1.07525,1.07435,1.075
1675911600,1.07505,1.07525,1.0745,1.0749
1675915200,1.0749,1.07525,1.0748,1.0752
1675918800,1.0752,1.07575,1.0746,1.0755
1675922400,1.0755,1.07645,1.0753,1.076
1675926000,1.07595,1.076,1.0744,1.07525
1675929600,1.0753,1.07795,1.07525,1.07725
1675933200,1.07725,1.07895,1.07705,1.07835
1675936800,1.0783,1.0798,1.0779,1.0797
1675940400,1.07975,1.07975,1.07785,1.0783
1675944000,1.0783,1.0792,1.0779,1.0789
1675947600,1.0789,1.08105,1.0782,1.08095
1675951200,1.081,1.0811,1.07975,1.08
1675954800,1.08005,1.081,1.07815,1.0783
1675958400,1.07825,1.07835,1.0764,1.0781
1675962000,1.07805,1.0782,1.07585,1.07685
1675965600,1.07685,1.07685,1.07575,1.07615
1675969200,1.0761,1.0766,1.0752,1.0757
1675972800,1.0757,1.07595,1.07515,1.07535
1675976400,1.0753,1.07595,1.07525,1.0759
1675983600,1.07595,1.07615,1.0757,1.07585
1675987200,1.07585,1.0759,1.0745,1.07535
1675990800,1.07535,1.0758,1.0747,1.0753
1675994400,1.07525,1.07535,1.0743,1.0744
1675998000,1.0744,1.07455,1.07365,1.074
1676001600,1.074,1.07435,1.07365,1.0738
1676005200,1.07375,1.0746,1.0737,1.0745
1676008800,1.0745,1.0748,1.0741,1.0742
1676012400,1.07425,1.0764,1.07385,1.076
1676016000,1.07605,1.0772,1.0746,1.0761
1676019600,1.0761,1.0764,1.0723,1.0726
1676023200,1.07255,1.07305,1.0711,1.07275
1676026800,1.07275,1.073,1.0712,1.07175
1676030400,1.07175,1.07195,1.07,1.0702
1676034000,1.0702,1.07185,1.07005,1.07145
1676037600,1.0715,1.0726,1.0705,1.0717
1676041200,1.07175,1.07265,1.06935,1.0696
1676044800,1.0696,1.07065,1.0687,1.0688
1676048400,1.06875,1.0693,1.0685,1.0687
1676052000,1.0687,1.06955,1.06865,1.069
1676055600,1.069,1.0694,1.06865,1.06925
1676059200,1.0692,1.07,1.0692,1.06975
1676062800,1.06975,1.0699,1.0694,1.0696
1676242800,1.0698,1.0699,1.0689,1.06955
1676246400,1.0696,1.06975,1.06865,1.0691
1676250000,1.06915,1.0693,1.0674,1.0685
1676253600,1.06855,1.06895,1.0679,1.06855
1676257200,1.0686,1.0687,1.0679,1.0679
1676260800,1.0679,1.06875,1.0679,1.0685
1676264400,1.06855,1.0689,1.06815,1.0688
1676268000,1.06875,1.06975,1.0685,1.06925
1676271600,1.0692,1.07085,1.06905,1.0701
1676275200,1.07015,1.07035,1.0692,1.0693
1676278800,1.06925,1.07025,1.06815,1.06955
1676282400,1.0695,1.0703,1.0694,1.0699
1676286000,1.0699,1.0703,1.0692,1.0694
1676289600,1.06945,1.0715,1.0692,1.0709
1676293200,1.0709,1.0714,1.06945,1.0699
1676296800,1.06995,1.07255,1.0695,1.07235
1676300400,1.07235,1.0746,1.07205,1.07385
1676304000,1.07385,1.0742,1.0729,1.07355
1676307600,1.0735,1.074,1.07345,1.0737
1676311200,1.0737,1.07485,1.07305,1.0746
1676314800,1.07465,1.07465,1.0734,1.07355
1676318400,1.0736,1.07425,1.07325,1.07415
1676322000,1.07415,1.0744,1.0739,1.0743
1676329200,1.07425,1.07505,1.0739,1.0749
1676332800,1.07485,1.07545,1.07475,1.07515
1676336400,1.07515,1.0752,1.07435,1.07465
1676340000,1.0747,1.07515,1.07435,1.075
1676343600,1.07495,1.0754,1.07475,1.0752
1676347200,1.0752,1.0758,1.075,1.0756
1676350800,1.07555,1.07575,1.07535,1.0756
1676354400,1.0756,1.0761,1.0752,1.07565
1676358000,1.0757,1.07645,1.0747,1.07495
1676361600,1.075,1.0768,1.0747,1.07665
1676365200,1.0766,1.0785,1.07625,1.0779
1676368800,1.0779,1.07845,1.07665,1.07735
1676372400,1.07735,1.07835,1.0769,1.0773
1676376000,1.0773,1.0786,1.0767,1.0776
1676379600,1.07755,1.08245,1.0735,1.07795
1676383200,1.07795,1.07875,1.0726,1.077
1676386800,1.07705,1.079,1.07245,1.07335
1676390400,1.0734,1.0752,1.073,1.0739
1676394000,1.0739,1.07485,1.0737,1.0746
1676397600,1.07455,1.07635,1.0745,1.07495
1676401200,1.07495,1.0759,1.0741,1.07575
1676404800,1.0757,1.076,1.07505,1.07555
1676408400,1.0756,1.0757,1.0753,1.07545
1676415600,1.07515,1.0757,1.0751,1.07525
1676419200,1.07525,1.0758,1.075,1.07555
1676422800,1.07555,1.0762,1.0753,1.0757
1676426400,1.0757,1.0757,1.07405,1.0742
1676430000,1.0742,1.0745,1.0734,1.07355
1676433600,1.07355,1.0738,1.0732,1.0736
1676437200,1.07355,1.0738,1.07305,1.07325
1676440800,1.07325,1.07375,1.07205,1.07245
1676444400,1.0724,1.0736,1.07165,1.0725
1676448000,1.07255,1.0746,1.0722,1.07415
1676451600,1.0741,1.07475,1.07335,1.0743
1676455200,1.07425,1.075,1.07325,1.0733
1676458800,1.0733,1.07415,1.07275,1.07285
1676462400,1.07285,1.0735,1.0714,1.07145
1676466000,1.07145,1.0723,1.0691,1.07005
1676469600,1.07005,1.0706,1.06825,1.06855
1676473200,1.06865,1.07015,1.0682,1.0693
1676476800,1.0693,1.07045,1.06835,1.0699
1676480400,1.0699,1.06995,1.0679,1.0684
1676484000,1.0684,1.0695,1.06775,1.06925
1676487600,1.06925,1.0703,1.0692,1.06975
1676491200,1.0698,1.0707,1.06965,1.0707
1676494800,1.0707,1.07085,1.0703,1.0704
1676502000,1.0703,1.0707,1.0701,1.07055
1676505600,1.0706,1.07095,1.06985,1.07035
1676509200,1.07035,1.07225,1.07015,1.0719
1676512800,1.07195,1.0729,1.0717,1.0727
1676516400,1.0727,1.0727,1.0722,1.07235
1676520000,1.07235,1.0725,1.0721,1.07215
1676523600,1.07215,1.0723,1.07155,1.072
1676527200,1.07195,1.07235,1.07105,1.0714
1676530800,1.07145,1.07245,1.0711,1.07235
1676534400,1.07235,1.07365,1.0715,1.07215
1676538000,1.0721,1.0727,1.0703,1.0715
1676541600,1.07145,1.07275,1.07145,1.07205
1676545200,1.0721,1.07215,1.0708,1.07195
1676548800,1.07195,1.07225,1.07065,1.0708
1676552400,1.0708,1.07235,1.0684,1.06935
1676556000,1.06935,1.07035,1.067,1.0677
1676559600,1.06775,1.0697,1.06675,1.0687
1676563200,1.0688,1.07055,1.06825,1.0697
1676566800,1.06975,1.07105,1.06925,1.0707
1676570400,1.0708,1.071,1.06975,1.0706
1676574000,1.0706,1.0712,1.07035,1.07045
1676577600,1.0704,1.0705,1.0683,1.06875
1676581200,1.0688,1.069,1.06845,1.0687
1676588400,1.0686,1.0687,1.06765,1.068
1676592000,1.06795,1.06795,1.0669,1.0674
1676595600,1.06745,1.06795,1.06665,1.0668
1676599200,1.06675,1.06695,1.0662,1.06655
1676602800,1.06655,1.067,1.0663,1.06665
1676606400,1.0667,1.0667,1.06465,1.06525
1676610000,1.06525,1.0655,1.0649,1.06525
1676613600,1.06525,1.0653,1.0645,1.0649
1676617200,1.06485,1.06605,1.0642,1.0658
1676620800,1.06585,1.0661,1.0645,1.0658
1676624400,1.06575,1.06755,1.065,1.0651
1676628000,1.0651,1.0659,1.0647,1.06555
1676631600,1.06555,1.0656,1.0638,1.064
1676635200,1.064,1.0641,1.06265,1.0634
1676638800,1.0634,1.06585,1.0634,1.06555
1676642400,1.06555,1.067,1.0651,1.0655
1676646000,1.0655,1.0697,1.0655,1.0676
1676649600,1.0677,1.06935,1.0671,1.06915
1676653200,1.0691,1.0708,1.0691,1.06925
1676656800,1.0693,1.0705,1.0692,1.06995
1676660400,1.07,1.07115,1.06995,1.07105
1676664000,1.07105,1.0713,1.07075,1.0709
1676667600,1.0709,1.0712,1.07065,1.07065
1676847600,1.0706,1.07095,1.06955,1.06975
1676851200,1.0698,1.0699,1.0687,1.06925
1676854800,1.06925,1.0695,1.0687,1.06895
1676858400,1.06895,1.07,1.06895,1.06975
1676862000,1.0697,1.06975,1.06925,1.06955
1676865600,1.0695,1.0705,1.0695,1.07
1676869200,1.07005,1.0707,1.0697,1.07045
1676872800,1.0704,1.07075,1.07015,1.07045
1676876400,1.07045,1.07175,1.0701,1.0715
1676880000,1.0715,1.07185,1.0699,1.0706
1676883600,1.0706,1.07125,1.06925,1.0693
1676887200,1.06935,1.07025,1.06915,1.0702
1676890800,1.0702,1.0706,1.06965,1.06985
1676894400,1.0699,1.07,1.06845,1.0685
1676898000,1.06845,1.06995,1.0684,1.0694
1676901600,1.06945,1.07055,1.0692,1.0702
1676905200,1.0702,1.07075,1.06975,1.07
1676908800,1.07,1.0703,1.0697,1.0702
1676912400,1.0702,1.07045,1.0698,1.06995
1676916000,1.06995,1.07005,1.06975,1.06975
1676919600,1.0697,1.0701,1.0697,1.0701
1676923200,1.07005,1.07015,1.0698,1.06985
1676926800,1.06985,1.07,1.0696,1.0699
1676934000,1.06975,1.0702,1.0695,1.06955
1676937600,1.06955,1.0698,1.069,1.06905
1676941200,1.06905,1.0691,1.0681,1.0687
1676944800,1.06875,1.0688,1.06765,1.06765
1676948400,1.06765,1.068,1.06755,1.068
1676952000,1.06805,1.0683,1.0676,1.0682
1676955600,1.06815,1.06875,1.0679,1.0687
1676959200,1.06865,1.06865,1.068,1.06845
1676962800,1.06845,1.0686,1.0673,1.06825
1676966400,1.06825,1.07015,1.0672,1.0674
1676970000,1.06735,1.06885,1.0656,1.0676
1676973600,1.06755,1.0681,1.06585,1.06615
1676977200,1.06615,1.0674,1.0659,1.0671
1676980800,1.067,1.0678,1.066,1.0673
1676984400,1.06725,1.06825,1.0665,1.0666
1676988000,1.0666,1.0686,1.0657,1.06615
1676991600,1.0662,1.07115,1.0659,1.06985
1676995200,1.06985,1.06985,1.0669,1.06695
1676998800,1.06695,1.06755,1.06655,1.06735
1677002400,1.0674,1.06745,1.06505,1.0655
1677006000,1.06555,1.06655,1.0653,1.06615
1677009600,1.06615,1.06655,1.0658,1.06585
1677013200,1.06585,1.06615,1.0656,1.066
1677020400,1.0665,1.0666,1.066,1.0664
1677024000,1.06635,1.06705,1.0661,1.06705
1677027600,1.067,1.0676,1.06665,1.067
1677031200,1.06705,1.06725,1.0666,1.06685
1677034800,1.0669,1.06745,1.0667,1.0672
1677038400,1.0672,1.06725,1.0669,1.0671
1677042000,1.0671,1.0671,1.06635,1.067
1677045600,1.06695,1.0672,1.06675,1.0669
1677049200,1.06685,1.06755,1.0665,1.0666
1677052800,1.06655,1.067,1.0655,1.06575
1677056400,1.0657,1.0663,1.06475,1.06495
1677060000,1.06495,1.06545,1.0636,1.06375
1677063600,1.06375,1.06485,1.06365,1.06425
1677067200,1.0643,1.066,1.06375,1.066
1677070800,1.066,1.06625,1.0648,1.06585
1677074400,1.0659,1.0673,1.06535,1.0662
1677078000,1.06625,1.067,1.0637,1.0639
1677081600,1.0639,1.0646,1.06295,1.06355
1677085200,1.0635,1.06465,1.063,1.06405
1677088800,1.06405,1.06485,1.06345,1.06375
1677092400,1.06375,1.06475,1.0611,1.0613
1677096000,1.06135,1.06195,1.0611,1.0615
1677099600,1.0615,1.0618,1.06135,1.0618
1677106800,1.06165,1.06205,1.0613,1.06155
1677110400,1.0616,1.06225,1.0616,1.0622
1677114000,1.0622,1.0632,1.0621,1.06295
1677117600,1.06295,1.06355,1.0625,1.06335
1677121200,1.0633,1.0635,1.06315,1.06325
1677124800,1.06325,1.06345,1.06295,1.06345
1677128400,1.06345,1.06345,1.0626,1.06325
1677132000,1.0633,1.0638,1.063,1.06325
1677135600,1.06325,1.06345,1.0621,1.06265
1677139200,1.06265,1.0628,1.06135,1.0616
1677142800,1.0616,1.0617,1.05975,1.06015
1677146400,1.0601,1.06115,1.0597,1.06085
1677150000,1.06085,1.06145,1.0596,1.0614
1677153600,1.0614,1.06295,1.06115,1.0624
1677157200,1.06235,1.0632,1.06045,1.0618
1677160800,1.06185,1.0627,1.06055,1.06175
1677164400,1.06175,1.0619,1.05975,1.0607
1677168000,1.06075,1.0609,1.05895,1.05925
1677171600,1.05925,1.0596,1.0587,1.05955
1677175200,1.0596,1.06035,1.05915,1.05985
1677178800,1.05985,1.06135,1.05965,1.0606
1677182400,1.06055,1.0614,1.0605,1.06135
1677186000,1.0614,1.06145,1.06035,1.06045
1677193200,1.06055,1.06115,1.06035,1.06075
1677196800,1.06075,1.0617,1.06045,1.06165
1677200400,1.06165,1.0624,1.06035,1.0611
1677204000,1.06105,1.0616,1.06045,1.0607
1677207600,1.0607,1.0615,1.0607,1.06095
1677211200,1.061,1.0611,1.06055,1.06095
1677214800,1.06095,1.0612,1.0607,1.06075
1677218400,1.06075,1.0612,1.06065,1.06085
1677222000,1.0608,1.0608,1.0598,1.0599
1677225600,1.0599,1.0606,1.0589,1.05985
1677229200,1.05985,1.06025,1.0594,1.05955
1677232800,1.0595,1.0606,1.0592,1.0596
1677236400,1.0596,1.05995,1.0583,1.0589
1677240000,1.0589,1.0589,1.05735,1.0576
1677243600,1.0576,1.0587,1.0548,1.05635
1677247200,1.05635,1.05705,1.05455,1.05575
1677250800,1.05575,1.0569,1.05495,1.05515
1677254400,1.0552,1.05695,1.05495,1.05535
1677258000,1.05535,1.05685,1.05525,1.05565
1677261600,1.0557,1.05645,1.05535,1.05545
1677265200,1.0555,1.0564,1.05535,1.056
1677268800,1.056,1.0565,1.0556,1.0556
1677272400,1.0556,1.05585,1.05525,1.0555
1677452400,1.05535,1.05645,1.05515,1.0562
1677456000,1.05625,1.05645,1.0554,1.0564
1677459600,1.05635,1.05685,1.05615,1.0568
1677463200,1.0568,1.0569,1.0561,1.0562
1677466800,1.05625,1.05635,1.05485,1.05535
1677470400,1.05535,1.05585,1.05525,1.0558
1677474000,1.0558,1.05595,1.05475,1.0548
1677477600,1.05485,1.0557,1.0542,1.0547
1677481200,1.0547,1.0562,1.05445,1.0557
1677484800,1.0557,1.057,1.0557,1.05615
1677488400,1.0561,1.05675,1.05585,1.05605
1677492000,1.056,1.05765,1.05575,1.05765
1677495600,1.05765,1.05785,1.0568,1.05715
1677499200,1.05715,1.05755,1.05645,1.05675
1677502800,1.0567,1.05925,1.05595,1.0592
1677506400,1.05925,1.0603,1.0584,1.0599
1677510000,1.05995,1.06295,1.0596,1.061
1677513600,1.06105,1.06135,1.05885,1.0604
1677517200,1.0604,1.0611,1.05955,1.06105
1677520800,1.061,1.06165,1.0608,1.0616
1677524400,1.0616,1.0622,1.06155,1.06165
1677528000,1.0617,1.0619,1.0614,1.0618
1677531600,1.0617,1.0619,1.06155,1.0619
1677538800,1.0617,1.0619,1.0613,1.06185
1677542400,1.0618,1.06245,1.06135,1.06185
1677546000,1.06185,1.06185,1.05945,1.0595
1677549600,1.05955,1.0607,1.05945,1.06035
1677553200,1.0604,1.0605,1.05995,1.0601
1677556800,1.0601,1.0601,1.05955,1.0599
1677560400,1.0599,1.0599,1.05905,1.0593
1677564000,1.05935,1.0601,1.05905,1.0596
1677567600,1.0596,1.06055,1.05905,1.0602
1677571200,1.06025,1.06285,1.06025,1.06245
1677574800,1.0624,1.0635,1.0612,1.0614
1677578400,1.0614,1.0626,1.0614,1.06245
1677582000,1.0625,1.0627,1.0616,1.06175
1677585600,1.0618,1.0628,1.06145,1.0626
1677589200,1.0626,1.06405,1.06225,1.064
1677592800,1.064,1.06495,1.0622,1.0643
1677596400,1.06435,1.0654,1.061,1.0614
1677600000,1.06135,1.0626,1.06085,1.06095
1677603600,1.06095,1.06185,1.06035,1.06145
1677607200,1.0614,1.06155,1.0596,1.05995
1677610800,1.05995,1.06045,1.0591,1.05925
1677614400,1.0592,1.05925,1.0585,1.05855
1677618000,1.05845,1.05875,1.0583,1.0585
1677625200,1.0589,1.0589,1.0582,1.05845
1677628800,1.0585,1.05855,1.05735,1.05765
1677632400,1.05765,1.0593,1.0575,1.0592
1677636000,1.05925,1.0594,1.0589,1.0591
1677639600,1.0591,1.0603,1.059,1.0601
1677643200,1.0601,1.0602,1.0596,1.05975
1677646800,1.0597,1.0603,1.0597,1.05985
1677650400,1.05985,1.06225,1.05975,1.06145
1677654000,1.0615,1.0655,1.0612,1.06495
1677657600,1.06495,1.0657,1.06335,1.0656
1677661200,1.06565,1.0666,1.06455,1.065
1677664800,1.065,1.0677,1.06475,1.06755
1677668400,1.0676,1.0682,1.0663,1.06775
1677672000,1.06775,1.06955,1.06715,1.06945
1677675600,1.0694,1.06995,1.0677,1.0679
1677679200,1.06795,1.0688,1.0673,1.0674
1677682800,1.0675,1.0688,1.06505,1.06805
1677686400,1.068,1.06865,1.0667,1.06815
1677690000,1.0681,1.0686,1.06725,1.06735
1677693600,1.0673,1.0673,1.0658,1.066
1677697200,1.06595,1.0667,1.06545,1.06655
1677700800,1.06655,1.06735,1.0664,1.06725
1677704400,1.06725,1.06795,1.0672,1.0679
1677711600,1.06775,1.0679,1.06715,1.06745
1677715200,1.06745,1.06785,1.0664,1.06665
1677718800,1.06665,1.0668,1.0652,1.06575
1677722400,1.06575,1.0663,1.0655,1.06615
1677726000,1.06615,1.06615,1.06505,1.0652
1677729600,1.0652,1.0657,1.06515,1.0654
1677733200,1.06545,1.06545,1.0643,1.0647
1677736800,1.06475,1.06495,1.0641,1.06455
1677740400,1.06455,1.0651,1.0638,1.06425
1677744000,1.06425,1.0645,1.0632,1.06445
1677747600,1.0644,1.06485,1.06245,1.063
1677751200,1.06295,1.06375,1.06185,1.06195
1677754800,1.06195,1.0636,1.06195,1.0631
1677758400,1.0631,1.06365,1.061,1.06115
1677762000,1.0612,1.06155,1.0587,1.0592
1677765600,1.0592,1.06135,1.05915,1.06055
1677769200,1.06055,1.06205,1.0599,1.0614
1677772800,1.0614,1.06185,1.0598,1.05995
1677776400,1.06,1.0601,1.0582,1.05855
1677780000,1.0586,1.06,1.0582,1.05985
1677783600,1.0599,1.0605,1.05945,1.0596
1677787200,1.0596,1.06125,1.0592,1.06065
1677790800,1.06065,1.0607,1.06015,1.06025
1677798000,1.06025,1.06065,1.0602,1.0604
1677801600,1.06035,1.0617,1.0602,1.06155
1677805200,1.06155,1.062,1.06105,1.06135
1677808800,1.0614,1.062,1.0607,1.0608
1677812400,1.06075,1.06125,1.06075,1.06115
1677816000,1.0611,1.0615,1.06105,1.06135
1677819600,1.0614,1.06185,1.06135,1.0614
1677823200,1.0614,1.0628,1.0614,1.0626
1677826800,1.06265,1.0628,1.06145,1.06155
1677830400,1.06155,1.0634,1.06155,1.06265
1677834000,1.0626,1.0626,1.06125,1.0615
1677837600,1.06145,1.06285,1.06055,1.0622
1677841200,1.06225,1.0623,1.06145,1.062
1677844800,1.062,1.06235,1.06085,1.06175
1677848400,1.06175,1.0635,1.0616,1.06275
1677852000,1.0628,1.06345,1.06165,1.06195
1677855600,1.06185,1.0623,1.05935,1.0603
1677859200,1.0603,1.06225,1.05975,1.0621
1677862800,1.06205,1.0631,1.0617,1.063
1677866400,1.063,1.0633,1.06255,1.06295
1677870000,1.06295,1.0641,1.06285,1.06395
1677873600,1.064,1.0644,1.0636,1.0641
1677877200,1.064,1.0641,1.0635,1.0641
1678057200,1.06345,1.0635,1.06285,1.06305
1678060800,1.06305,1.0641,1.063,1.06315
1678064400,1.06315,1.06425,1.06285,1.06405
1678068000,1.06405,1.06545,1.0633,1.06495
1678071600,1.065,1.06535,1.0648,1.065
1678075200,1.065,1.06515,1.06455,1.06475
1678078800,1.06475,1.0653,1.0645,1.0653
1678082400,1.0653,1.06565,1.06415,1.06475
1678086000,1.0648,1.06615,1.06475,1.0653
1678089600,1.06525,1.0662,1.06465,1.06465
1678093200,1.0646,1.0651,1.06325,1.0634
1678096800,1.06335,1.0643,1.06295,1.0633
1678100400,1.06325,1.06525,1.06265,1.0644
1678104000,1.0644,1.06475,1.0637,1.0646
1678107600,1.0647,1.06635,1.06445,1.06595
1678111200,1.06595,1.06785,1.0655,1.06735
1678114800,1.0674,1.06945,1.0666,1.0683
1678118400,1.06835,1.0699,1.06805,1.06985
1678122000,1.0698,1.0699,1.06845,1.069
1678125600,1.069,1.06905,1.06765,1.06785
1678129200,1.06785,1.0682,1.0673,1.06805
1678132800,1.068,1.06825,1.06765,1.0682
1678136400,1.06815,1.0688,1.06805,1.06875
1678143600,1.06855,1.0691,1.06835,1.06895
1678147200,1.0689,1.069,1.06815,1.06835
1678150800,1.06835,1.06925,1.068,1.06905
1678154400,1.069,1.06965,1.0688,1.06915
1678158000,1.06915,1.06955,1.0688,1.06945
1678161600,1.06945,1.0697,1.0692,1.06945
1678165200,1.06945,1.06945,1.0685,1.06895
1678168800,1.0689,1.0691,1.068,1.068
1678172400,1.06805,1.06985,1.0679,1.06895
1678176000,1.06895,1.06905,1.06735,1.0678
1678179600,1.06775,1.06775,1.0659,1.06605
1678183200,1.06605,1.067,1.06575,1.06645
1678186800,1.06645,1.0673,1.0659,1.06605
1678190400,1.06605,1.0675,1.0653,1.0673
1678194000,1.06735,1.0677,1.0657,1.066
1678197600,1.066,1.06645,1.0644,1.0652
1678201200,1.06525,1.06525,1.05775,1.05895
1678204800,1.0589,1.05995,1.0574,1.05765
1678208400,1.05765,1.0592,1.05695,1.0571
1678212000,1.05715,1.0577,1.0556,1.05595
1678215600,1.05595,1.05635,1.05495,1.0555
1678219200,1.0555,1.0561,1.0553,1.0555
1678222800,1.0554,1.0556,1.05505,1.05535
1678230000,1.0553,1.0556,1.0551,1.05515
1678233600,1.05515,1.05535,1.0545,1.05535
1678237200,1.05535,1.05535,1.05465,1.0548
1678240800,1.0548,1.055,1.0535,1.05355
1678244400,1.0536,1.0541,1.0531,1.05325
1678248000,1.0533,1.054,1.0533,1.05385
1678251600,1.05385,1.05385,1.05275,1.0534
1678255200,1.0534,1.05435,1.0534,1.0543
1678258800,1.05425,1.055,1.05365,1.05465
1678262400,1.05465,1.0551,1.0538,1.054
1678266000,1.05395,1.05515,1.05375,1.05385
1678269600,1.0538,1.0549,1.0537,1.05425
1678273200,1.05425,1.0548,1.0537,1.0541
1678276800,1.05405,1.0552,1.05395,1.05495
1678280400,1.0549,1.0552,1.05395,1.0544
1678284000,1.05445,1.0565,1.05445,1.0559
1678287600,1.05595,1.05775,1.0532,1.05555
1678291200,1.05555,1.0571,1.05485,1.0551
1678294800,1.0551,1.0555,1.0545,1.05485
1678298400,1.05485,1.0553,1.0543,1.0546
1678302000,1.0546,1.05535,1.0545,1.0549
1678305600,1.0549,1.05535,1.05445,1.05505
1678309200,1.05505,1.0551,1.05455,1.05485
1678316400,1.0548,1.05515,1.05455,1.05505
1678320000,1.055,1.05545,1.05455,1.0548
1678323600,1.05485,1.055,1.05395,1.0542
1678327200,1.0542,1.05495,1.0541,1.05465
1678330800,1.0547,1.0552,1.0545,1.0551
1678334400,1.05505,1.05545,1.05475,1.05535
1678338000,1.0553,1.05565,1.05515,1.0554
1678341600,1.05535,1.0556,1.055,1.05525
1678345200,1.0552,1.0561,1.05505,1.0557
1678348800,1.0558,1.05645,1.05495,1.05585
1678352400,1.0558,1.0571,1.05515,1.05595
1678356000,1.05595,1.057,1.05545,1.05675
1678359600,1.05675,1.05825,1.05665,1.05725
1678363200,1.05725,1.0573,1.0555,1.05605
1678366800,1.05605,1.0579,1.05535,1.0576
1678370400,1.05755,1.05875,1.0568,1.05765
1678374000,1.05765,1.0587,1.0568,1.057
1678377600,1.05695,1.0585,1.0565,1.0577
1678381200,1.0577,1.05805,1.0571,1.05785
1678384800,1.0578,1.0591,1.0574,1.0591
1678388400,1.05905,1.05925,1.05765,1.05765
1678392000,1.0577,1.0584,1.05735,1.058
1678395600,1.058,1.0585,1.05765,1.0585
1678402800,1.06475,1.0649,1.0642,1.0649
1678406400,1.0649,1.0663,1.06485,1.0662
1678410000,1.0662,1.0663,1.06525,1.06585
1678413600,1.06585,1.06605,1.06435,1.06555
1678417200,1.06545,1.0664,1.06515,1.0663
1678420800,1.06625,1.06645,1.0659,1.0661
1678424400,1.06605,1.06615,1.06515,1.06525
1678428000,1.0652,1.0657,1.0647,1.065
1678431600,1.065,1.0674,1.065,1.06615
1678435200,1.0662,1.0665,1.064,1.06575
1678438800,1.0657,1.0665,1.06455,1.06475
1678442400,1.0647,1.0669,1.0644,1.06535
1678446000,1.0653,1.06675,1.0652,1.06555
1678449600,1.06555,1.0665,1.06465,1.06605
1678453200,1.066,1.0712,1.0648,1.0687
1678456800,1.06875,1.0741,1.06775,1.07335
1678460400,1.0734,1.07705,1.0734,1.07565
1678464000,1.07565,1.07565,1.0723,1.0727
1678467600,1.07265,1.07405,1.0723,1.07355
1678471200,1.0735,1.07395,1.07065,1.071
1678474800,1.071,1.07185,1.0703,1.07105
1678478400,1.07105,1.07145,1.07035,1.07035
1678482000,1.0704,1.0709,1.07035,1.0709
1678658400,1.0744,1.07795,1.07315,1.07535
1678662000,1.07535,1.07655,1.07395,1.0744
1678665600,1.0744,1.0762,1.0739,1.07455
1678669200,1.0746,1.07515,1.0727,1.0732
1678672800,1.0732,1.07935,1.07315,1.0792
1678676400,1.0792,1.07985,1.07785,1.07795
1678680000,1.07795,1.07885,1.07795,1.0782
1678683600,1.07805,1.07895,1.078,1.0783
1678687200,1.07825,1.07925,1.07765,1.0785
1678690800,1.0785,1.07995,1.07785,1.07875
1678694400,1.07875,1.07905,1.07645,1.0768
1678698000,1.0768,1.0768,1.0724,1.0733
1678701600,1.07325,1.0744,1.07235,1.0738
1678705200,1.0738,1.0741,1.0721,1.0727
1678708800,1.07275,1.0763,1.07135,1.0761
1678712400,1.0761,1.07885,1.07505,1.07665
1678716000,1.0767,1.07975,1.0765,1.0792
1678719600,1.0792,1.0806,1.07825,1.08055
1678723200,1.08055,1.0813,1.0794,1.0809
1678726800,1.0808,1.08165,1.08015,1.08075
1678730400,1.08075,1.0811,1.0798,1.08025
1678734000,1.08025,1.08035,1.079,1.07975
1678737600,1.0797,1.08,1.0792,1.07995
1678744800,1.07995,1.08,1.0793,1.07945
1678748400,1.0795,1.07965,1.079,1.0791
1678752000,1.0791,1.0792,1.07795,1.0788
1678755600,1.0788,1.079,1.07745,1.07775
1678759200,1.0778,1.07825,1.07685,1.07705
1678762800,1.0771,1.07765,1.0769,1.0772
1678766400,1.07725,1.0776,1.07675,1.0772
1678770000,1.07725,1.07775,1.0766,1.07765
1678773600,1.07765,1.0784,1.0761,1.07655
1678777200,1.0766,1.07705,1.07485,1.076
1678780800,1.0759,1.0777,1.07535,1.0776
1678784400,1.07755,1.07795,1.076,1.07775
1678788000,1.07775,1.07875,1.0767,1.07865
1678791600,1.07865,1.0794,1.07785,1.07875
1678795200,1.07875,1.0815,1.07405,1.08
1678798800,1.08,1.0808,1.07615,1.0771
1678802400,1.07715,1.07935,1.07685,1.07815
1678806000,1.07815,1.0795,1.07775,1.07845
1678809600,1.07845,1.0789,1.07735,1.078
1678813200,1.078,1.0806,1.078,1.0796
1678816800,1.0796,1.08125,1.07945,1.08045
1678820400,1.08045,1.0807,1.07965,1.0805
1678824000,1.0805,1.0806,1.0796,1.0797
1678831200,1.0797,1.08,1.07945,1.07955
1678834800,1.07955,1.07975,1.07895,1.0791
1678838400,1.0791,1.08015,1.07895,1.07975
1678842000,1.07975,1.08035,1.07945,1.08015
1678845600,1.08015,1.08225,1.08015,1.08185
1678849200,1.0818,1.0819,1.08115,1.08135
1678852800,1.0813,1.0816,1.0805,1.0807
1678856400,1.0807,1.0808,1.0798,1.08005
1678860000,1.08,1.0803,1.07925,1.0796
1678863600,1.07965,1.08065,1.0789,1.07985
1678867200,1.07985,1.0804,1.0786,1.0792
1678870800,1.07915,1.07935,1.07255,1.074
1678874400,1.07395,1.07455,1.06845,1.06915
1678878000,1.06915,1.0694,1.0646,1.06525
1678881600,1.0653,1.06595,1.0616,1.06205
1678885200,1.062,1.06225,1.05855,1.061
1678888800,1.06095,1.06295,1.05925,1.06125
1678892400,1.06125,1.06155,1.05805,1.05985
1678896000,1.0598,1.0615,1.05925,1.06065
1678899600,1.06065,1.06275,1.06065,1.06215
1678903200,1.0622,1.06565,1.06115,1.06515
1678906800,1.0652,1.06585,1.0639,1.0645
1678910400,1.0645,1.06475,1.06385,1.0641
1678917600,1.0641,1.0645,1.06365,1.06415
1678921200,1.06415,1.0651,1.06405,1.06435
1678924800,1.0643,1.06595,1.06345,1.0651
1678928400,1.0651,1.0661,1.0648,1.06555
1678932000,1.0655,1.06585,1.06485,1.0653
1678935600,1.0653,1.0659,1.065,1.0659
1678939200,1.06585,1.06635,1.06575,1.06625
1678942800,1.06625,1.06755,1.06575,1.0667
1678946400,1.0667,1.06685,1.0659,1.06655
1678950000,1.06655,1.06885,1.0653,1.06845
1678953600,1.0685,1.06955,1.06735,1.06735
1678957200,1.06735,1.068,1.06655,1.06775
1678960800,1.06775,1.0681,1.066,1.06765
1678964400,1.0677,1.06775,1.06645,1.06745
1678968000,1.06745,1.0682,1.06375,1.06505
1678971600,1.06505,1.0682,1.06125,1.0668
1678975200,1.0668,1.067,1.0634,1.06615
1678978800,1.0662,1.0689,1.06485,1.0683
1678982400,1.06825,1.06855,1.06685,1.06785
1678986000,1.0679,1.06805,1.06515,1.0652
1678989600,1.06515,1.06795,1.0651,1.0671
1678993200,1.06715,1.0678,1.067,1.06735
1678996800,1.0673,1.0676,1.0669,1.06705
1679004000,1.0669,1.06735,1.06685,1.067
1679007600,1.06705,1.06755,1.067,1.06715
1679011200,1.0672,1.0678,1.06695,1.0676
1679014800,1.06765,1.06915,1.0672,1.06835
1679018400,1.0684,1.0696,1.06835,1.0691
1679022000,1.06905,1.07025,1.0689,1.06975
1679025600,1.06975,1.07065,1.06965,1.0706
1679029200,1.0706,1.07075,1.0701,1.0706
1679032800,1.07055,1.072,1.0701,1.07195
1679036400,1.0719,1.07275,1.07145,1.07205
1679040000,1.07205,1.0728,1.071,1.0711
1679043600,1.07105,1.0719,1.0699,1.0705
1679047200,1.07055,1.07055,1.06835,1.06915
1679050800,1.06915,1.0698,1.06735,1.0688
1679054400,1.0688,1.06915,1.06705,1.06845
1679058000,1.06845,1.0693,1.0675,1.06845
1679061600,1.0685,1.07025,1.0683,1.0692
1679065200,1.06925,1.0707,1.06885,1.07045
1679068800,1.07045,1.07355,1.0701,1.0727
1679072400,1.07265,1.0734,1.07225,1.0732
1679076000,1.07325,1.0744,1.0725,1.07395
1679079600,1.07395,1.0741,1.07185,1.0719
1679083200,1.0719,1.0725,1.0716,1.07245
1679263200,1.0734,1.07485,1.07235,1.0727
1679266800,1.07275,1.07395,1.0725,1.07375
1679270400,1.07375,1.07455,1.07355,1.0738
1679274000,1.0738,1.0747,1.0726,1.0732
1679277600,1.0733,1.0741,1.0731,1.07365
1679281200,1.0736,1.0736,1.07215,1.0726
1679284800,1.07255,1.0731,1.07225,1.07265
1679288400,1.0726,1.0737,1.0725,1.0736
1679292000,1.07355,1.07375,1.0715,1.07175
1679295600,1.07175,1.07275,1.0698,1.07145
1679299200,1.07145,1.07275,1.06905,1.0721
1679302800,1.0722,1.07365,1.0709,1.07335
1679306400,1.07335,1.0758,1.07295,1.0755
1679310000,1.07545,1.07665,1.07475,1.0765
1679313600,1.0765,1.0777,1.076,1.07645
1679317200,1.07645,1.07905,1.07625,1.0783
1679320800,1.0783,1.079,1.07715,1.0785
1679324400,1.0785,1.07855,1.07705,1.078
1679328000,1.07805,1.07845,1.0766,1.0784
1679331600,1.0784,1.0787,1.0774,1.0775
1679335200,1.07745,1.0784,1.0773,1.0782
1679338800,1.07825,1.0784,1.0777,1.0781
1679342400,1.07815,1.0783,1.07785,1.07825
1679349600,1.0782,1.0783,1.0779,1.07805
1679353200,1.07805,1.07825,1.07735,1.0776
1679356800,1.07765,1.0784,1.07725,1.0775
1679360400,1.0775,1.0779,1.0772,1.07745
1679364000,1.0774,1.078,1.07735,1.0779
1679367600,1.0779,1.0779,1.0771,1.07735
1679371200,1.0773,1.0773,1.0767,1.07695
1679374800,1.07695,1.07735,1.0768,1.07735
1679378400,1.07735,1.0775,1.07615,1.0765
1679382000,1.07645,1.07785,1.07635,1.07755
1679385600,1.07755,1.07945,1.07725,1.0786
1679389200,1.07855,1.08055,1.0781,1.0802
1679392800,1.0802,1.0821,1.07955,1.08195
1679396400,1.08195,1.08415,1.08175,1.08355
1679400000,1.08355,1.08395,1.083,1.08375
1679403600,1.08375,1.08445,1.08285,1.0833
1679407200,1.08335,1.0836,1.08165,1.083
1679410800,1.083,1.0838,1.08215,1.08245
1679414400,1.0825,1.08345,1.0818,1.08235
1679418000,1.0824,1.0828,1.08175,1.0821
1679421600,1.0821,1.0823,1.0812,1.08205
1679425200,1.0821,1.0831,1.08185,1.08255
1679428800,1.0825,1.0828,1.0822,1.0825
1679436000,1.0826,1.0827,1.0823,1.08245
1679439600,1.08255,1.0829,1.0824,1.0828
1679443200,1.08275,1.08315,1.08215,1.08235
1679446800,1.0823,1.0832,1.0822,1.08275
1679450400,1.08275,1.083,1.08205,1.08245
1679454000,1.08235,1.0827,1.0821,1.0825
1679457600,1.0825,1.08265,1.0823,1.0824
1679461200,1.0824,1.08295,1.0822,1.08275
1679464800,1.0827,1.08295,1.08185,1.08215
1679468400,1.0822,1.08265,1.0814,1.08205
1679472000,1.08205,1.08385,1.082,1.08355
1679475600,1.08355,1.08485,1.08315,1.0842
1679479200,1.0842,1.08505,1.0835,1.08475
1679482800,1.08475,1.08535,1.08435,1.0852
1679486400,1.08525,1.08555,1.0834,1.08375
1679490000,1.0837,1.0844,1.08305,1.0836
1679493600,1.0836,1.08535,1.08305,1.085
1679497200,1.085,1.08505,1.08385,1.08455
1679500800,1.08455,1.08555,1.0843,1.0854
1679504400,1.0853,1.08545,1.08445,1.0851
1679508000,1.085,1.0968,1.0848,1.0936
1679511600,1.0936,1.0948,1.09075,1.0921
1679515200,1.092,1.0921,1.09095,1.091
1679522400,1.09165,1.0919,1.09105,1.0912
1679526000,1.0912,1.09255,1.0912,1.09225
1679529600,1.0923,1.09375,1.0922,1.0937
1679533200,1.0937,1.0942,1.09325,1.094
1679536800,1.09405,1.09525,1.0936,1.09495
1679540400,1.09495,1.09595,1.0947,1.0954
1679544000,1.0954,1.09575,1.0948,1.09575
1679547600,1.09575,1.0965,1.0955,1.09585
1679551200,1.09585,1.09835,1.0957,1.0969
1679554800,1.0969,1.0981,1.0954,1.09605
1679558400,1.09605,1.0965,1.09455,1.09535
1679562000,1.09535,1.09575,1.0934,1.09395
1679565600,1.09395,1.094,1.09205,1.093
1679569200,1.09305,1.09355,1.09235,1.09295
1679572800,1.093,1.0947,1.0923,1.09265
1679576400,1.09265,1.09465,1.09265,1.09405
1679580000,1.0941,1.09495,1.0934,1.0945
1679583600,1.09445,1.09615,1.0937,1.09435
1679587200,1.09435,1.0952,1.0937,1.0949
1679590800,1.09485,1.09485,1.0917,1.0922
1679594400,1.09225,1.09295,1.08815,1.08955
1679598000,1.08955,1.09065,1.08775,1.0893
1679601600,1.08935,1.0894,1.0884,1.08855
1679608800,1.0884,1.08915,1.08795,1.0884
1679612400,1.0885,1.08885,1.0884,1.0887
1679616000,1.0887,1.08875,1.0877,1.08855
1679619600,1.08855,1.08875,1.08735,1.0878
1679623200,1.0878,1.0881,1.08725,1.08735
1679626800,1.08735,1.0882,1.08705,1.08815
1679630400,1.08815,1.0887,1.08765,1.0887
1679634000,1.0887,1.089,1.0884,1.08865
1679637600,1.0887,1.08885,1.08775,1.08775
1679641200,1.08775,1.0888,1.0876,1.08815
1679644800,1.08815,1.0884,1.08215,1.0834
1679648400,1.0834,1.08445,1.0775,1.0779
1679652000,1.07795,1.0797,1.07755,1.07825
1679655600,1.0783,1.08025,1.0768,1.07925
1679659200,1.07925,1.08065,1.07775,1.0803
1679662800,1.08025,1.08195,1.07955,1.0811
1679666400,1.0811,1.08215,1.0803,1.08035
1679670000,1.08035,1.0817,1.0795,1.0814
1679673600,1.08145,1.08205,1.08045,1.08105
1679677200,1.08105,1.0821,1.0809,1.08155
1679680800,1.08155,1.08165,1.08075,1.0814
1679684400,1.08145,1.082,1.08105,1.08125
1679688000,1.0813,1.0817,1.0812,1.0814
1679868000,1.08165,1.08415,1.08165,1.08305
1679871600,1.08305,1.08325,1.0824,1.08305
1679875200,1.083,1.08305,1.0814,1.08145
1679878800,1.08145,1.082,1.0811,1.0815
1679882400,1.0815,1.08235,1.0815,1.08225
1679886000,1.08225,1.0828,1.08215,1.08245
1679889600,1.0824,1.08255,1.08175,1.08205
1679893200,1.08205,1.08235,1.08165,1.0819
1679896800,1.0818,1.082,1.08045,1.0817
1679900400,1.0817,1.0835,1.07975,1.08045
1679904000,1.08035,1.0825,1.08025,1.08195
1679907600,1.0819,1.08225,1.0809,1.0819
1679911200,1.08185,1.08225,1.08145,1.08205
1679914800,1.0821,1.0833,1.082,1.0824
1679918400,1.08235,1.08325,1.082,1.0825
1679922000,1.08255,1.0848,1.08225,1.08365
1679925600,1.0837,1.0844,1.0828,1.0834
1679929200,1.08335,1.08425,1.083,1.08405
1679932800,1.08405,1.08475,1.0839,1.0844
1679936400,1.0844,1.0849,1.08385,1.08465
1679940000,1.08465,1.08495,1.08415,1.08485
1679943600,1.08485,1.08515,1.0845,1.08505
1679947200,1.08505,1.0853,1.0849,1.0851
1679954400,1.0851,1.0854,1.08495,1.0852
1679958000,1.08515,1.086,1.08515,1.0858
1679961600,1.0858,1.08705,1.0856,1.08675
1679965200,1.08675,1.0871,1.08625,1.08665
1679968800,1.0867,1.08695,1.08625,1.08655
1679972400,1.0866,1.08695,1.0864,1.0867
1679976000,1.0867,1.0867,1.08615,1.0864
1679979600,1.0864,1.08675,1.0858,1.0862
1679983200,1.0862,1.0871,1.08595,1.08595
1679986800,1.086,1.0886,1.086,1.0872
1679990400,1.0872,1.0876,1.0863,1.0864
1679994000,1.0864,1.08745,1.08615,1.0868
1679997600,1.08675,1.08815,1.08665,1.0875
1680001200,1.08745,1.0889,1.0873,1.0884
1680004800,1.08835,1.08995,1.08825,1.08915
1680008400,1.0892,1.0892,1.08745,1.0877
1680012000,1.0877,1.0893,1.08685,1.08845
1680015600,1.0884,1.0898,1.08835,1.0895
1680019200,1.0895,1.08965,1.0884,1.08945
1680022800,1.08945,1.08965,1.0889,1.089
1680026400,1.08895,1.0896,1.08875,1.0895
1680030000,1.08955,1.09005,1.0893,1.08995
1680033600,1.09,1.09,1.08955,1.0897
1680040800,1.08955,1.08965,1.0893,1.08935
1680044400,1.0893,1.0893,1.0888,1.08905
1680048000,1.0891,1.0899,1.0891,1.0899
1680051600,1.0899,1.09015,1.08915,1.08965
1680055200,1.08965,1.0898,1.08885,1.08895
1680058800,1.089,1.0891,1.0886,1.08885
1680062400,1.08885,1.08955,1.0885,1.08895
1680066000,1.08895,1.08925,1.0883,1.0884
1680069600,1.08845,1.08865,1.08745,1.08745
1680073200,1.0875,1.08895,1.087,1.0889
1680076800,1.08885,1.08915,1.08785,1.0885
1680080400,1.08845,1.0914,1.0884,1.09115
1680084000,1.09115,1.0914,1.09025,1.09095
1680087600,1.09095,1.0923,1.09045,1.0907
1680091200,1.09065,1.09115,1.0891,1.09045
1680094800,1.0906,1.09105,1.0885,1.0899
1680098400,1.0899,1.0905,1.0877,1.0883
1680102000,1.0883,1.08955,1.08765,1.0877
1680105600,1.08775,1.08875,1.0875,1.08795
1680109200,1.088,1.09,1.08775,1.0898
1680112800,1.08985,1.0899,1.0889,1.08965
1680116400,1.08965,1.0899,1.0891,1.0891
1680120000,1.0891,1.08975,1.089,1.08965
1680127200,1.08935,1.08985,1.0889,1.08945
1680130800,1.08945,1.08955,1.089,1.08925
1680134400,1.08925,1.0893,1.0885,1.08875
1680138000,1.08875,1.0888,1.0878,1.0881
1680141600,1.08815,1.08845,1.0877,1.088
1680145200,1.08805,1.08855,1.0876,1.0883
1680148800,1.0883,1.0891,1.0882,1.0889
1680152400,1.0889,1.0896,1.0886,1.08915
1680156000,1.08905,1.09,1.08825,1.08955
1680159600,1.08955,1.09065,1.0873,1.09035
1680163200,1.09035,1.09285,1.08995,1.0922
1680166800,1.09225,1.09255,1.0908,1.091
1680170400,1.09095,1.09335,1.09095,1.0928
1680174000,1.09275,1.09305,1.09215,1.0928
1680177600,1.0928,1.0961,1.0928,1.09595
1680181200,1.09595,1.0976,1.09565,1.09665
1680184800,1.0967,1.0971,1.09575,1.0962
1680188400,1.0962,1.0963,1.0944,1.09475
1680192000,1.0947,1.0956,1.09455,1.09545
1680195600,1.09545,1.09545,1.09415,1.09495
1680199200,1.0949,1.09555,1.0946,1.09545
1680202800,1.0955,1.09575,1.0952,1.0956
1680206400,1.09555,1.0957,1.09515,1.0955
1680213600,1.0955,1.09555,1.0951,1.0951
1680217200,1.0951,1.0955,1.09505,1.0953
1680220800,1.09525,1.09655,1.09525,1.0964
1680224400,1.0964,1.09745,1.0956,1.09565
1680228000,1.0957,1.0961,1.09525,1.0956
1680231600,1.0956,1.0957,1.095,1.09555
1680235200,1.09555,1.09585,1.09515,1.09525
1680238800,1.09525,1.0953,1.0944,1.09445
1680242400,1.0945,1.0954,1.0937,1.09525
1680246000,1.09525,1.09595,1.0928,1.09335
1680249600,1.09335,1.09405,1.09215,1.09375
1680253200,1.09375,1.09445,1.09235,1.0932
1680256800,1.0933,1.0937,1.0916,1.0918
1680260400,1.0918,1.0928,1.0913,1.09155
1680264000,1.09155,1.0943,1.09155,1.09355
1680267600,1.0936,1.0942,1.0926,1.0939
1680271200,1.094,1.095,1.0906,1.09155
1680274800,1.09155,1.0924,1.09065,1.092
1680278400,1.092,1.09205,1.09065,1.09175
1680282000,1.0918,1.09195,1.08965,1.09015
1680285600,1.09015,1.091,1.09,1.09035
1680289200,1.0904,1.0905,1.08915,1.0894
1680292800,1.08945,1.08945,1.0885,1.089
1680472800,1.08875,1.0893,1.08535,1.08675
1680476400,1.08675,1.08715,1.08485,1.08505
1680480000,1.08505,1.0862,1.0847,1.0861
1680483600,1.08605,1.0864,1.085,1.0855
1680487200,1.0855,1.0855,1.0838,1.0841
1680490800,1.08415,1.0845,1.08355,1.08375
1680494400,1.08375,1.0843,1.0837,1.084
1680498000,1.08405,1.0843,1.08365,1.08425
1680501600,1.0842,1.08635,1.0838,1.0862
1680505200,1.0862,1.08895,1.086,1.0886
1680508800,1.0886,1.0897,1.0877,1.089
1680512400,1.08895,1.09015,1.08895,1.0898
1680516000,1.0898,1.0919,1.08965,1.09175
1680519600,1.0917,1.0925,1.0908,1.0924
1680523200,1.09235,1.0924,1.0909,1.0912
1680526800,1.09125,1.09445,1.09115,1.0933
1680530400,1.09335,1.0964,1.09315,1.0934
1680534000,1.0934,1.09415,1.09255,1.09375
1680537600,1.09375,1.0941,1.0931,1.0936
1680541200,1.09355,1.09365,1.09275,1.0934
1680544800,1.0934,1.09485,1.0933,1.09435
1680548400,1.0944,1.09545,1.0942,1.0953
1680552000,1.0953,1.0956,1.09495,1.09515
1680559200,1.09505,1.0953,1.0949,1.09505
1680562800,1.0951,1.0956,1.0951,1.09535
1680566400,1.09535,1.09565,1.0945,1.0948
1680570000,1.0948,1.0948,1.09375,1.094
1680573600,1.094,1.09425,1.0935,1.09375
1680577200,1.0938,1.09395,1.09355,1.09355
1680580800,1.09355,1.09455,1.0935,1.09415
1680584400,1.09415,1.09425,1.09295,1.09325
1680588000,1.09325,1.0955,1.0932,1.0954
1680591600,1.0954,1.0985,1.0949,1.0972
1680595200,1.09715,1.09725,1.09605,1.0964
1680598800,1.09635,1.09825,1.09625,1.0978
1680602400,1.09785,1.0982,1.09635,1.0968
1680606000,1.09675,1.09675,1.09425,1.09445
1680609600,1.0945,1.09565,1.09335,1.09375
1680613200,1.09385,1.0958,1.0935,1.09505
1680616800,1.09515,1.10195,1.0951,1.10165
1680620400,1.10155,1.10165,1.09955,1.09975
1680624000,1.0997,1.10005,1.09895,1.09925
1680627600,1.09925,1.0997,1.09895,1.09945
1680631200,1.09945,1.1,1.099,1.1
1680634800,1.09995,1.10035,1.0997,1.1003
1680638400,1.10035,1.10045,1.10005,1.1001
1680645600,1.0998,1.1004,1.09975,1.10015
1680649200,1.10005,1.1005,1.10005,1.1001
1680652800,1.10015,1.10125,1.1,1.10035
1680656400,1.1004,1.10065,1.09995,1.1001
1680660000,1.1001,1.10075,1.10005,1.10045
1680663600,1.10045,1.1006,1.0999,1.10035
1680667200,1.10035,1.10035,1.0997,1.09985
1680670800,1.09985,1.10025,1.0995,1.10005
1680674400,1.10015,1.1003,1.099,1.0992
1680678000,1.0992,1.10105,1.0991,1.09935
1680681600,1.0993,1.0998,1.0984,1.09945
1680685200,1.0994,1.1004,1.09875,1.0995
1680688800,1.09955,1.0997,1.09845,1.09895
1680692400,1.09895,1.09905,1.09785,1.09845
1680696000,1.09845,1.10065,1.0981,1.10015
1680699600,1.1002,1.1004,1.0982,1.09835
1680703200,1.0985,1.101,1.0947,1.0954
1680706800,1.0954,1.09675,1.09495,1.09615
1680710400,1.09615,1.09635,1.094,1.09405
1680714000,1.09405,1.09445,1.09345,1.09445
1680717600,1.09445,1.09535,1.0943,1.09525
1680721200,1.0953,1.09535,1.0946,1.09475
1680724800,1.0948,1.0952,1.0945,1.0951
1680732000,1.0952,1.09535,1.09495,1.09535
1680735600,1.0953,1.0953,1.09465,1.09465
1680739200,1.09465,1.09475,1.09365,1.09375
1680742800,1.09375,1.0938,1.09285,1.0936
1680746400,1.0936,1.0937,1.0929,1.09305
1680750000,1.09305,1.09355,1.09295,1.0935
1680753600,1.09355,1.0939,1.0933,1.0936
1680757200,1.09365,1.0939,1.0933,1.0938
1680760800,1.09375,1.09495,1.09365,1.09455
1680764400,1.09455,1.09605,1.0944,1.09495
1680768000,1.09495,1.09535,1.09365,1.09425
1680771600,1.09425,1.09535,1.09355,1.0952
1680775200,1.0952,1.0952,1.0941,1.0943
1680778800,1.0943,1.096,1.0943,1.09585
1680782400,1.0958,1.09645,1.0932,1.09355
1680786000,1.0936,1.0943,1.0929,1.09395
1680789600,1.094,1.09675,1.09355,1.0966
1680793200,1.0966,1.09715,1.0963,1.097
1680796800,1.0969,1.0981,1.0969,1.0978
1680800400,1.09775,1.09795,1.0973,1.09775
1680804000,1.09775,1.0979,1.0973,1.09745
1680807600,1.09755,1.09755,1.0965,1.0967
1680811200,1.0967,1.0967,1.09605,1.09645
1680818400,1.09635,1.09635,1.0959,1.096
1680822000,1.0961,1.09645,1.096,1.0964
1680825600,1.09635,1.0968,1.0958,1.09595
1680829200,1.09595,1.0964,1.09585,1.0961
1680832800,1.09615,1.09655,1.09605,1.09645
1680836400,1.09645,1.0965,1.09625,1.0963
1680840000,1.09635,1.09645,1.09585,1.09585
1680843600,1.09585,1.09625,1.0958,1.0961
1680847200,1.09605,1.09635,1.09555,1.0962
1680850800,1.09615,1.0963,1.0958,1.0959
1680854400,1.09585,1.09615,1.09565,1.0959
1680858000,1.0959,1.09595,1.0955,1.09575
1680861600,1.0958,1.0966,1.0954,1.09655
1680865200,1.0965,1.0965,1.09575,1.0961
1680868800,1.09615,1.09615,1.092,1.09465
1680872400,1.0947,1.0952,1.0937,1.09425
1680876000,1.09425,1.09595,1.09425,1.0959
1680879600,1.09595,1.09595,1.09495,1.095
1681077600,1.09515,1.0956,1.0949,1.0954
1681081200,1.0953,1.0957,1.09505,1.0957
1681084800,1.0957,1.09585,1.0947,1.09475
1681088400,1.0947,1.09505,1.09415,1.09445
1681092000,1.0944,1.09465,1.0942,1.0942
1681095600,1.09425,1.09455,1.09405,1.0943
1681099200,1.09435,1.09445,1.0939,1.094
1681102800,1.094,1.09435,1.0935,1.09435
1681106400,1.09435,1.09495,1.09395,1.09485
1681110000,1.0949,1.09605,1.0948,1.09605
1681113600,1.096,1.09605,1.09525,1.09555
1681117200,1.0955,1.09605,1.09485,1.095
1681120800,1.09505,1.0955,1.0949,1.09505
1681124400,1.09505,1.09525,1.093,1.0933
1681128000,1.09325,1.09355,1.08905,1.08925
1681131600,1.08925,1.0901,1.08815,1.0882
1681135200,1.08815,1.08875,1.08745,1.08815
1681138800,1.0882,1.0891,1.0881,1.08825
1681142400,1.0883,1.08955,1.08815,1.0891
1681146000,1.08915,1.0901,1.08915,1.0899
1681149600,1.08995,1.0903,1.0897,1.09025
1681153200,1.0903,1.0907,1.0899,1.09065
1681156800,1.09065,1.0907,1.09025,1.09045
1681164000,1.09075,1.0909,1.0903,1.0908
1681167600,1.0908,1.0913,1.0907,1.09115
1681171200,1.0912,1.09225,1.09115,1.09205
1681174800,1.092,1.09215,1.091,1.09215
1681178400,1.09205,1.0928,1.092,1.0925
1681182000,1.0925,1.093,1.09225,1.0924
1681185600,1.09245,1.09285,1.09235,1.0925
1681189200,1.0925,1.09375,1.0925,1.0937
1681192800,1.09365,1.094,1.09235,1.0927
1681196400,1.09275,1.09475,1.09265,1.0938
1681200000,1.0938,1.09525,1.0937,1.09495
1681203600,1.0949,1.0962,1.0949,1.09555
1681207200,1.09555,1.09695,1.0951,1.09655
1681210800,1.0965,1.0967,1.09475,1.0948
1681214400,1.09475,1.0961,1.0945,1.09545
1681218000,1.0955,1.0967,1.095,1.0964
1681221600,1.09645,1.0971,1.09535,1.0954
1681225200,1.0954,1.0959,1.0946,1.0948
1681228800,1.0948,1.095,1.09405,1.09425
1681232400,1.0942,1.09545,1.0939,1.0953
1681236000,1.09535,1.09545,1.09465,1.09505
1681239600,1.09505,1.09595,1.095,1.0957
1681243200,1.09565,1.09585,1.0955,1.09565
1681250400,1.0956,1.09605,1.0954,1.0959
1681254000,1.0959,1.09595,1.0957,1.09585
1681257600,1.09585,1.097,1.0957,1.09665
1681261200,1.0967,1.0971,1.09635,1.0968
1681264800,1.0968,1.0969,1.0959,1.0961
1681268400,1.09615,1.09675,1.09585,1.09665
1681272000,1.0966,1.0971,1.09645,1.09675
1681275600,1.09675,1.0978,1.09675,1.0977
1681279200,1.09775,1.09795,1.0958,1.0969
1681282800,1.0969,1.0976,1.09615,1.0969
1681286400,1.0969,1.0973,1.09605,1.09665
1681290000,1.09655,1.09715,1.0963,1.097
1681293600,1.09705,1.09785,1.0967,1.0967
1681297200,1.09675,1.09735,1.09635,1.0965
1681300800,1.0965,1.1033,1.0962,1.10065
1681304400,1.1007,1.10305,1.10005,1.1017
1681308000,1.10175,1.1042,1.1015,1.10185
1681311600,1.1018,1.103,1.10125,1.1029
1681315200,1.10285,1.10385,1.1027,1.1038
1681318800,1.1038,1.1041,1.10345,1.1036
1681322400,1.10355,1.10425,1.1031,1.1037
1681326000,1.10365,1.10385,1.1028,1.10305
1681329600,1.10305,1.1034,1.10285,1.10335
1681336800,1.10325,1.1035,1.10295,1.1035
1681340400,1.10355,1.10395,1.10335,1.1037
1681344000,1.10365,1.1045,1.1028,1.10415
1681347600,1.1042,1.1043,1.10345,1.1036
1681351200,1.1036,1.1038,1.1032,1.1033
1681354800,1.10325,1.1033,1.1024,1.1028
1681358400,1.10285,1.10335,1.1028,1.103
1681362000,1.10305,1.1031,1.1023,1.1024
1681365600,1.10245,1.1031,1.10165,1.1021
1681369200,1.1021,1.10405,1.1021,1.10385
1681372800,1.10385,1.10655,1.10385,1.1054
1681376400,1.1054,1.10715,1.105,1.10625
1681380000,1.1063,1.1066,1.10525,1.10535
1681383600,1.10535,1.1058,1.1048,1.105
1681387200,1.10495,1.1093,1.10485,1.1088
1681390800,1.1088,1.11075,1.10825,1.11045
1681394400,1.11045,1.11055,1.1084,1.1087
1681398000,1.10865,1.11015,1.1086,1.1093
1681401600,1.1093,1.10975,1.10875,1.1096
1681405200,1.1096,1.11,1.10905,1.1093
1681408800,1.1093,1.10935,1.1084,1.1089
1681412400,1.1089,1.109,1.10845,1.10865
1681416000,1.1087,1.1089,1.1086,1.10865
1681423200,1.10865,1.1089,1.10865,1.1088
1681426800,1.10875,1.10915,1.10875,1.1091
1681430400,1.10915,1.10985,1.10885,1.1094
1681434000,1.1094,1.1103,1.10925,1.11025
1681437600,1.1103,1.11145,1.11025,1.11095
1681441200,1.1109,1.1113,1.1105,1.11095
1681444800,1.1109,1.1112,1.1106,1.1108
1681448400,1.11085,1.1114,1.1101,1.1113
1681452000,1.11135,1.11145,1.1102,1.11055
1681455600,1.1106,1.1111,1.10985,1.1104
1681459200,1.1104,1.1105,1.10925,1.1098
1681462800,1.10975,1.1103,1.1094,1.11015
1681466400,1.1101,1.1105,1.1095,1.10975
1681470000,1.10975,1.10975,1.10865,1.1093
1681473600,1.10925,1.11135,1.1058,1.1074
1681477200,1.10745,1.10755,1.1058,1.1069
1681480800,1.107,1.107,1.1036,1.1045
1681484400,1.10455,1.1049,1.1014,1.1018
1681488000,1.10185,1.10245,1.1012,1.1017
1681491600,1.1017,1.10295,1.10145,1.1026
1681495200,1.10265,1.1038,1.10265,1.1038
1681498800,1.1038,1.10385,1.1031,1.10365
1681502400,1.10355,1.1038,1.10315,1.10325
1681682400,1.10355,1.10375,1.10245,1.1026
1681686000,1.1026,1.10295,1.10225,1.1023
1681689600,1.10235,1.103,1.1012,1.1012
1681693200,1.1012,1.1016,1.1,1.101
1681696800,1.101,1.1021,1.101,1.10195
1681700400,1.1019,1.10195,1.10145,1.1015
1681704000,1.10145,1.10235,1.1014,1.10225
1681707600,1.1023,1.1033,1.10225,1.1027
1681711200,1.1027,1.10315,1.1022,1.1025
1681714800,1.1025,1.1038,1.1025,1.10305
1681718400,1.103,1.1032,1.10025,1.10035
1681722000,1.10035,1.10235,1.1003,1.1019
1681725600,1.1019,1.10235,1.1011,1.102
1681729200,1.10205,1.10225,1.1011,1.10155
1681732800,1.1015,1.1023,1.099,1.0992
1681736400,1.09925,1.09955,1.0968,1.09705
1681740000,1.0971,1.09745,1.0947,1.09525
1681743600,1.09525,1.09625,1.09505,1.0952
1681747200,1.09525,1.09565,1.0949,1.095
1681750800,1.095,1.0964,1.095,1.09615
1681754400,1.0962,1.0967,1.0957,1.09645
1681758000,1.09645,1.097,1.09635,1.0969
1681761600,1.09695,1.09695,1.09645,1.09665
1681768800,1.0964,1.09665,1.09615,1.09625
1681772400,1.0962,1.09645,1.09615,1.09625
1681776000,1.09625,1.0967,1.09595,1.0963
1681779600,1.0963,1.0972,1.09615,1.09705
1681783200,1.0971,1.0974,1.0966,1.09715
1681786800,1.09715,1.09765,1.0971,1.09735
1681790400,1.0973,1.09755,1.09715,1.09745
1681794000,1.09745,1.09815,1.0972,1.09805
1681797600,1.09805,1.09905,1.0973,1.0987
1681801200,1.09865,1.1009,1.09845,1.10085
1681804800,1.1008,1.10215,1.1004,1.1019
1681808400,1.1019,1.10215,1.1009,1.10135
1681812000,1.1013,1.1018,1.10075,1.10165
1681815600,1.10165,1.1017,1.1004,1.1005
1681819200,1.10045,1.10165,1.09925,1.0995
1681822800,1.09945,1.1003,1.09815,1.09965
1681826400,1.09965,1.10095,1.09915,1.1001
1681830000,1.1001,1.1005,1.09945,1.0996
1681833600,1.0996,1.1009,1.09935,1.10085
1681837200,1.10085,1.101,1.10055,1.1007
1681840800,1.10065,1.1013,1.1006,1.10095
1681844400,1.101,1.10135,1.1008,1.1009
1681848000,1.1009,1.10125,1.1008,1.1011
1681855200,1.1012,1.10135,1.101,1.1011
1681858800,1.10115,1.10145,1.10115,1.1013
1681862400,1.1013,1.10205,1.1012,1.102
1681866000,1.102,1.10215,1.1006,1.10065
1681869600,1.10075,1.1012,1.10025,1.10115
1681873200,1.1012,1.1013,1.1008,1.1012
1681876800,1.10125,1.10125,1.1005,1.10065
1681880400,1.10065,1.10085,1.0998,1.09985
1681884000,1.09995,1.10085,1.09845,1.09935
1681887600,1.09935,1.101,1.09935,1.1
1681891200,1.09995,1.1,1.09855,1.09925
1681894800,1.09925,1.10005,1.0963,1.0967
1681898400,1.0967,1.09785,1.09645,1.09705
1681902000,1.0971,1.0971,1.0954,1.0968
1681905600,1.09675,1.0987,1.0964,1.0986
1681909200,1.0987,1.1002,1.09845,1.09975
1681912800,1.0998,1.1017,1.09945,1.09945
1681916400,1.0995,1.09995,1.09885,1.09905
1681920000,1.09905,1.1004,1.09895,1.1003
1681923600,1.1003,1.1004,1.09915,1.09935
1681927200,1.09935,1.09985,1.09895,1.09905
1681930800,1.099,1.0993,1.0989,1.0992
1681934400,1.0992,1.09945,1.0989,1.0994
1681941600,1.0994,1.0994,1.09875,1.09885
1681945200,1.09885,1.09885,1.09825,1.0987
1681948800,1.0987,1.09955,1.0986,1.0992
1681952400,1.0992,1.0997,1.0985,1.0996
1681956000,1.09955,1.0996,1.09875,1.09895
1681959600,1.09895,1.0997,1.0989,1.0995
1681963200,1.0995,1.0995,1.09905,1.09945
1681966800,1.09945,1.09995,1.09905,1.0997
1681970400,1.0997,1.10085,1.09955,1.1002
1681974000,1.1002,1.10045,1.0985,1.0996
1681977600,1.0996,1.10135,1.0991,1.1007
1681981200,1.1007,1.10085,1.09915,1.0997
1681984800,1.0997,1.1014,1.0993,1.10065
1681988400,1.10065,1.101,1.0989,1.099
1681992000,1.099,1.10205,1.09685,1.10135
1681995600,1.10135,1.1017,1.1,1.10085
1681999200,1.1009,1.10255,1.1007,1.10155
1682002800,1.1015,1.1016,1.1001,1.1005
1682006400,1.1005,1.10075,1.0999,1.1003
1682010000,1.1003,1.1006,1.0999,1.1006
1682013600,1.10055,1.1008,1.0994,1.10005
1682017200,1.1,1.10015,1.09915,1.0999
1682020800,1.09985,1.1007,1.0998,1.1006
1682028000,1.1003,1.10065,1.1002,1.1003
1682031600,1.10035,1.10045,1.10005,1.10025
1682035200,1.10025,1.1007,1.09965,1.1005
1682038800,1.10045,1.1008,1.09995,1.1
1682042400,1.09995,1.1005,1.0998,1.09995
1682046000,1.09995,1.1001,1.09975,1.09985
1682049600,1.0998,1.0998,1.0993,1.09945
1682053200,1.0994,1.09955,1.09895,1.0995
1682056800,1.09945,1.0998,1.09725,1.09765
1682060400,1.0976,1.0992,1.0973,1.0991
1682064000,1.09905,1.1007,1.09865,1.0994
1682067600,1.0994,1.09965,1.0986,1.09895
1682071200,1.09895,1.1006,1.0984,1.1
1682074800,1.1,1.10205,1.09975,1.1016
1682078400,1.10155,1.1026,1.1008,1.1023
1682082000,1.10235,1.1029,1.0988,1.09905
1682085600,1.0991,1.10145,1.09775,1.1007
1682089200,1.10075,1.1015,1.10055,1.1007
1682092800,1.10075,1.1015,1.1004,1.10145
1682096400,1.1014,1.10165,1.1007,1.1016
1682100000,1.1016,1.1023,1.10095,1.10115
1682103600,1.1012,1.1025,1.101,1.1025
1682107200,1.10255,1.1028,1.102,1.1025
1682287200,1.1024,1.10275,1.1022,1.1027
1682290800,1.1027,1.10305,1.10255,1.10265
1682294400,1.1026,1.10295,1.10185,1.1029
1682298000,1.10295,1.10295,1.1021,1.10215
1682301600,1.10215,1.1025,1.10145,1.10155
1682305200,1.1015,1.10195,1.10145,1.1016
1682308800,1.10155,1.1017,1.10135,1.1015
1682312400,1.10145,1.10155,1.10065,1.10125
1682316000,1.10125,1.10205,1.10075,1.1009
1682319600,1.10095,1.1023,1.10005,1.10215
1682323200,1.1021,1.1044,1.1018,1.10435
1682326800,1.1043,1.1056,1.1034,1.1035
1682330400,1.10355,1.10515,1.1034,1.1051
1682334000,1.10515,1.1052,1.10335,1.10365
1682337600,1.10365,1.1061,1.1034,1.1058
1682341200,1.1058,1.10665,1.1048,1.10585
1682344800,1.1059,1.10715,1.1055,1.10645
1682348400,1.1064,1.1067,1.1055,1.1061
1682352000,1.1061,1.1069,1.106,1.10685
1682355600,1.10685,1.10835,1.1068,1.1079
1682359200,1.10785,1.1085,1.10765,1.10815
1682362800,1.1081,1.1082,1.10765,1.1078
1682366400,1.1078,1.1082,1.1078,1.10815
1682373600,1.1081,1.1086,1.108,1.1085
1682377200,1.1085,1.1091,1.1083,1.1091
1682380800,1.1091,1.11025,1.10875,1.10925
1682384400,1.10925,1.1101,1.109,1.1091
1682388000,1.10905,1.10905,1.1086,1.10875
1682391600,1.1088,1.10905,1.10855,1.10865
1682395200,1.1087,1.10925,1.1085,1.10855
1682398800,1.10855,1.10885,1.1079,1.1083
1682402400,1.1083,1.1091,1.10805,1.1086
1682406000,1.1086,1.1086,1.10585,1.10665
1682409600,1.1066,1.1075,1.1059,1.10735
1682413200,1.10735,1.1078,1.1064,1.10645
1682416800,1.10645,1.10695,1.1054,1.1055
1682420400,1.10545,1.10575,1.10435,1.1051
1682424000,1.10505,1.1063,1.10475,1.1051
1682427600,1.1051,1.10525,1.10285,1.10335
1682431200,1.10335,1.10375,1.1009,1.10105
1682434800,1.10105,1.1021,1.10025,1.10025
1682438400,1.1003,1.10075,1.09995,1.1002
1682442000,1.10025,1.1007,1.0998,1.10025
1682445600,1.10025,1.10085,1.0998,1.10065
1682449200,1.1006,1.101,1.1003,1.1004
1682452800,1.10045,1.101,1.10035,1.1008
1682460000,1.101,1.10145,1.10075,1.1012
1682463600,1.10115,1.1014,1.1007,1.1012
1682467200,1.10115,1.10135,1.10055,1.1012
1682470800,1.1012,1.1012,1.1002,1.1009
1682474400,1.1009,1.1013,1.1006,1.10105
1682478000,1.1011,1.1012,1.1007,1.1009
1682481600,1.1008,1.10155,1.10055,1.1014
1682485200,1.1014,1.1024,1.1013,1.1022
1682488800,1.10215,1.1045,1.1018,1.10405
1682492400,1.104,1.106,1.1038,1.1053
1682496000,1.1053,1.1077,1.10495,1.10755
1682499600,1.10755,1.10885,1.10705,1.1075
1682503200,1.1076,1.10965,1.1072,1.1079
1682506800,1.1079,1.1092,1.10655,1.108
1682510400,1.10795,1.10915,1.10695,1.1088
1682514000,1.1088,1.1129,1.1082,1.1119
1682517600,1.11195,1.11205,1.1076,1.10775
1682521200,1.1078,1.1091,1.10705,1.1085
1682524800,1.1085,1.1087,1.1067,1.1075
1682528400,1.1075,1.1076,1.10685,1.10715
1682532000,1.10715,1.10735,1.1066,1.1073
1682535600,1.10725,1.10745,1.1066,1.107
1682539200,1.10695,1.1076,1.10685,1.10735
1682546400,1.1076,1.1076,1.1066,1.1071
1682550000,1.1071,1.10775,1.10705,1.10765
1682553600,1.10765,1.10785,1.10725,1.1077
1682557200,1.10765,1.10805,1.10705,1.1077
1682560800,1.1077,1.10845,1.1074,1.1084
1682564400,1.1084,1.1085,1.10765,1.10765
1682568000,1.1077,1.1086,1.1077,1.10815
1682571600,1.10815,1.10945,1.1081,1.1091
1682575200,1.109,1.10925,1.108,1.1087
1682578800,1.10865,1.1089,1.10705,1.10805
1682582400,1.108,1.1091,1.1072,1.1084
1682586000,1.10835,1.10865,1.1065,1.10685
1682589600,1.10685,1.1078,1.10655,1.1076
1682593200,1.10755,1.1081,1.1062,1.10655
1682596800,1.10655,1.10895,1.1032,1.10445
1682600400,1.1045,1.1056,1.1023,1.10415
1682604000,1.10415,1.10545,1.1036,1.1042
1682607600,1.10415,1.10585,1.10375,1.10465
1682611200,1.1047,1.10515,1.10385,1.10395
1682614800,1.104,1.1056,1.1036,1.10535
1682618400,1.1053,1.10585,1.10495,1.1058
1682622000,1.1058,1.1061,1.10535,1.10555
1682625600,1.10555,1.10605,1.1054,1.10595
1682632800,1.10585,1.106,1.1056,1.1057
1682636400,1.1057,1.1064,1.1057,1.1062
1682640000,1.1062,1.10695,1.10605,1.1065
1682643600,1.1065,1.1065,1.10555,1.1057
1682647200,1.1057,1.1057,1.1046,1.10475
1682650800,1.1048,1.10515,1.1043,1.105
1682654400,1.10495,1.10525,1.10385,1.1044
1682658000,1.1044,1.1053,1.10365,1.10425
1682661600,1.10425,1.1067,1.10365,1.1056
1682665200,1.10555,1.10555,1.10235,1.1039
1682668800,1.1039,1.10405,1.10075,1.10215
1682672400,1.10215,1.1025,1.10125,1.10185
1682676000,1.10185,1.10295,1.10135,1.10145
1682679600,1.1015,1.1019,1.1003,1.10045
1682683200,1.10045,1.10265,1.0993,1.10155
1682686800,1.1016,1.10465,1.1014,1.10315
1682690400,1.1032,1.10725,1.10215,1.1068
1682694000,1.10675,1.1076,1.106,1.1071
1682697600,1.1071,1.1072,1.106,1.10625
1682701200,1.10625,1.10625,1.1053,1.10555
1682704800,1.10555,1.10575,1.10465,1.1048
1682708400,1.10485,1.1052,1.1043,1.1051
1682712000,1.1051,1.10515,1.1045,1.10485
1682892000,1.1049,1.1057,1.10415,1.10425
1682895600,1.10425,1.1044,1.10405,1.10415
1682899200,1.10415,1.1045,1.10355,1.10365
1682902800,1.10365,1.1039,1.1033,1.1035
1682906400,1.10345,1.1039,1.10315,1.1039
1682910000,1.10385,1.10445,1.10365,1.10445
1682913600,1.1045,1.10455,1.1034,1.1037
1682917200,1.10365,1.10395,1.1032,1.10365
1682920800,1.10365,1.10375,1.1026,1.10285
1682924400,1.10285,1.1037,1.1027,1.10345
1682928000,1.1034,1.1034,1.10215,1.1023
1682931600,1.10235,1.1036,1.10195,1.1034
1682935200,1.1034,1.104,1.1031,1.10395
1682938800,1.104,1.10445,1.1037,1.1044
1682942400,1.10435,1.10645,1.10385,1.1064
1682946000,1.1064,1.10665,1.1049,1.10495
1682949600,1.10495,1.10495,1.1009,1.10125
1682953200,1.1012,1.1013,1.0997,1.1
1682956800,1.1,1.10025,1.0995,1.0998
1682960400,1.09985,1.10025,1.0996,1.10025
1682964000,1.10025,1.10065,1.09995,1.1
1682967600,1.10005,1.10045,1.0997,1.10035
1682971200,1.1004,1.1008,1.1002,1.1007
1682978400,1.1001,1.10065,1.1001,1.10045
1682982000,1.1004,1.10045,1.09975,1.0999
1682985600,1.0999,1.1009,1.0999,1.1009
1682989200,1.10085,1.1025,1.10085,1.1018
1682992800,1.10185,1.10215,1.10165,1.1019
1682996400,1.10185,1.1019,1.10135,1.10145
1683000000,1.10145,1.1019,1.10095,1.1015
1683003600,1.1015,1.1023,1.10135,1.10135
1683007200,1.10135,1.1025,1.1013,1.1022
1683010800,1.10215,1.1037,1.1012,1.10155
1683014400,1.1015,1.10165,1.09895,1.10025
1683018000,1.10025,1.10115,1.0979,1.0983
1683021600,1.0983,1.099,1.0978,1.0987
1683025200,1.0987,1.10065,1.0987,1.0998
1683028800,1.09975,1.10005,1.0985,1.09855
1683032400,1.09855,1.0989,1.0972,1.0974
1683036000,1.09745,1.10235,1.09735,1.10095
1683039600,1.10095,1.10275,1.1008,1.10265
1683043200,1.10265,1.10335,1.10245,1.10305
1683046800,1.10305,1.1034,1.1025,1.1028
1683050400,1.1028,1.1032,1.1028,1.10315
1683054000,1.1032,1.10385,1.10305,1.1036
1683057600,1.10365,1.1037,1.1029,1.10295
1683064800,1.1032,1.1036,1.10295,1.1036
1683068400,1.10355,1.10435,1.1035,1.1041
1683072000,1.1041,1.10505,1.10345,1.10475
1683075600,1.1047,1.1054,1.1043,1.10525
1683079200,1.10525,1.10555,1.10495,1.1055
1683082800,1.1055,1.10595,1.1055,1.10595
1683086400,1.10595,1.10595,1.10515,1.10515
1683090000,1.1052,1.1057,1.10485,1.105
1683093600,1.105,1.10625,1.10445,1.1061
1683097200,1.10605,1.10715,1.1056,1.10645
1683100800,1.10645,1.1077,1.10645,1.10695
1683104400,1.10695,1.10775,1.10665,1.10705
1683108000,1.10705,1.1071,1.106,1.1063
1683111600,1.1063,1.1074,1.10625,1.10695
1683115200,1.10695,1.1074,1.1052,1.1069
1683118800,1.1069,1.1074,1.10595,1.10625
1683122400,1.1063,1.1089,1.1062,1.1083
1683126000,1.10825,1.10895,1.1078,1.1078
1683129600,1.10775,1.1083,1.10745,1.1077
1683133200,1.10765,1.1083,1.10715,1.10805
1683136800,1.108,1.11215,1.10675,1.10905
1683140400,1.10905,1.10935,1.10705,1.1084
1683144000,1.10845,1.10935,1.1082,1.10935
1683151200,1.10935,1.11065,1.10925,1.10965
1683154800,1.10955,1.11005,1.1092,1.10965
1683158400,1.1097,1.11155,1.10965,1.11035
1683162000,1.1104,1.11125,1.1099,1.11095
1683165600,1.11095,1.11155,1.11085,1.11125
1683169200,1.1112,1.11135,1.1108,1.11095
1683172800,1.1109,1.11155,1.11075,1.11095
1683176400,1.11095,1.1116,1.11075,1.1112
1683180000,1.11125,1.11195,1.11015,1.1104
1683183600,1.1104,1.1105,1.10805,1.10865
1683187200,1.1086,1.1086,1.10645,1.10685
1683190800,1.10685,1.1084,1.10645,1.1083
1683194400,1.1083,1.10915,1.1077,1.10885
1683198000,1.10885,1.1105,1.1088,1.11025
1683201600,1.11025,1.1115,1.103,1.1038
1683205200,1.10375,1.1084,1.1031,1.1052
1683208800,1.10525,1.1067,1.10145,1.1029
1683212400,1.10295,1.10425,1.10235,1.10365
1683216000,1.1037,1.1059,1.10365,1.10535
1683219600,1.10535,1.106,1.1049,1.105
1683223200,1.105,1.1051,1.104,1.10445
1683226800,1.1044,1.10485,1.10425,1.10435
1683230400,1.1043,1.1044,1.104,1.1041
1683237600,1.10405,1.10495,1.10375,1.10485
1683241200,1.10495,1.10525,1.10475,1.1051
1683244800,1.1051,1.10575,1.1047,1.1053
1683248400,1.10535,1.1065,1.10535,1.1063
1683252000,1.10635,1.10655,1.10555,1.1059
1683255600,1.1059,1.1073,1.1059,1.1072
1683259200,1.1072,1.1073,1.10685,1.107
1683262800,1.10695,1.10745,1.1066,1.1068
1683266400,1.1068,1.1075,1.1058,1.10735
1683270000,1.10735,1.1076,1.10535,1.10545
1683273600,1.1055,1.10595,1.1051,1.1056
1683277200,1.1056,1.106,1.105,1.1055
1683280800,1.10555,1.1059,1.1049,1.1053
1683284400,1.1053,1.1054,1.1036,1.1037
1683288000,1.1037,1.10465,1.09945,1.1003
1683291600,1.1004,1.1024,1.10035,1.1019
1683295200,1.1019,1.10355,1.1013,1.10345
1683298800,1.1034,1.10545,1.10325,1.1052
1683302400,1.10525,1.1064,1.10485,1.106
1683306000,1.10595,1.1062,1.1037,1.10395
1683309600,1.1039,1.10545,1.10385,1.10535
1683313200,1.1054,1.1054,1.1044,1.1046
1683316800,1.10455,1.10475,1.1044,1.1044
1683496800,1.10465,1.105,1.10415,1.1043
1683500400,1.1043,1.10485,1.1041,1.1045
1683504000,1.1045,1.10525,1.1044,1.1051
1683507600,1.10515,1.1059,1.10455,1.1058
1683511200,1.10585,1.1064,1.10545,1.1059
1683514800,1.1059,1.1067,1.1058,1.1066
1683518400,1.1066,1.10715,1.10655,1.107
1683522000,1.10705,1.1071,1.10635,1.1066
1683525600,1.1066,1.10775,1.1064,1.1075
1683529200,1.10745,1.1077,1.10655,1.1076
1683532800,1.1076,1.10805,1.10625,1.1063
1683536400,1.1063,1.1066,1.10495,1.10625
1683540000,1.10625,1.1077,1.1062,1.10745
1683543600,1.1075,1.1078,1.1057,1.10615
1683547200,1.10615,1.10685,1.10585,1.1064
1683550800,1.1064,1.1071,1.106,1.107
1683554400,1.10705,1.1071,1.10395,1.10425
1683558000,1.10425,1.105,1.10375,1.1046
1683561600,1.1046,1.10555,1.10455,1.10535
1683565200,1.1054,1.1056,1.104,1.1042
1683568800,1.1042,1.10425,1.10315,1.10325
1683572400,1.10325,1.10345,1.10265,1.10285
1683576000,1.1028,1.10315,1.1027,1.10305
1683583200,1.10295,1.1031,1.1027,1.10275
1683586800,1.10275,1.10285,1.10215,1.10225
1683590400,1.1022,1.1023,1.101,1.1015
1683594000,1.10155,1.10205,1.10125,1.10135
1683597600,1.10135,1.10185,1.10105,1.10165
1683601200,1.1016,1.102,1.10135,1.10195
1683604800,1.10195,1.1021,1.1014,1.1015
1683608400,1.10145,1.102,1.101,1.102
1683612000,1.102,1.1026,1.1013,1.10195
1683615600,1.102,1.1026,1.09985,1.10035
1683619200,1.10035,1.1012,1.09995,1.10045
1683622800,1.10045,1.101,1.10035,1.10095
1683626400,1.10095,1.10095,1.10025,1.10055
1683630000,1.10055,1.10085,1.0984,1.09895
1683633600,1.09895,1.0993,1.0975,1.09755
1683637200,1.09755,1.0989,1.09665,1.09875
1683640800,1.09875,1.099,1.0979,1.09815
1683644400,1.0982,1.09865,1.09765,1.0979
1683648000,1.09785,1.0987,1.0975,1.0981
1683651600,1.0981,1.09905,1.098,1.09895
1683655200,1.099,1.09985,1.0987,1.09925
1683658800,1.09925,1.0996,1.09875,1.0989
1683662400,1.0989,1.09895,1.09855,1.0986
1683669600,1.0985,1.09925,1.0984,1.09895
1683673200,1.099,1.0994,1.0989,1.09895
1683676800,1.09895,1.0997,1.09895,1.09945
1683680400,1.0995,1.0999,1.09935,1.09965
1683684000,1.0997,1.1,1.0995,1.0999
1683687600,1.09995,1.1002,1.09975,1.1001
1683691200,1.1001,1.1002,1.0997,1.0997
1683694800,1.0997,1.09975,1.09875,1.0992
1683698400,1.09915,1.10005,1.09895,1.09945
1683702000,1.09945,1.1008,1.0988,1.099
1683705600,1.09895,1.099,1.0975,1.0977
1683709200,1.0977,1.09845,1.0973,1.09815
1683712800,1.0982,1.09855,1.09765,1.0979
1683716400,1.09795,1.09795,1.0971,1.0974
1683720000,1.0974,1.1031,1.09665,1.1025
1683723600,1.1026,1.1031,1.0997,1.1011
1683727200,1.1011,1.1032,1.0989,1.09975
1683730800,1.09975,1.1005,1.099,1.099
1683734400,1.099,1.10005,1.099,1.09955
1683738000,1.0995,1.0998,1.09865,1.0992
1683741600,1.09925,1.10075,1.09925,1.10015
1683745200,1.1002,1.101,1.10005,1.10075
1683748800,1.1007,1.10095,1.10055,1.1008
1683756000,1.10075,1.1009,1.1005,1.1009
1683759600,1.1009,1.101,1.10055,1.1006
1683763200,1.1006,1.10165,1.10055,1.1016
1683766800,1.1016,1.1021,1.1007,1.10075
1683770400,1.10075,1.1008,1.0998,1.1004
1683774000,1.10035,1.10045,1.0997,1.09975
1683777600,1.0997,1.09995,1.0993,1.0998
1683781200,1.0998,1.10055,1.09975,1.10015
1683784800,1.1002,1.1002,1.0952,1.0953
1683788400,1.0953,1.09615,1.09465,1.0953
1683792000,1.09525,1.09595,1.09405,1.09515
1683795600,1.09515,1.09575,1.09465,1.0951
1683799200,1.09505,1.0954,1.0941,1.09455
1683802800,1.0945,1.09615,1.0944,1.0955
1683806400,1.0954,1.0971,1.09485,1.09555
1683810000,1.09555,1.0956,1.0923,1.09245
1683813600,1.09245,1.0944,1.0923,1.09405
1683817200,1.09405,1.0943,1.09325,1.0938
1683820800,1.09385,1.0952,1.09385,1.09485
1683824400,1.0948,1.09495,1.0934,1.09355
1683828000,1.0936,1.0942,1.0935,1.09415
1683831600,1.0942,1.0945,1.0939,1.094
1683835200,1.094,1.0941,1.0938,1.0939
1683842400,1.0938,1.09415,1.09365,1.0938
1683846000,1.09385,1.094,1.0934,1.09345
1683849600,1.09345,1.0944,1.09345,1.0944
1683853200,1.0944,1.0946,1.09395,1.0946
1683856800,1.09465,1.09475,1.094,1.09405
1683860400,1.0941,1.09445,1.09375,1.09445
1683864000,1.09445,1.09495,1.0944,1.09485
1683867600,1.09485,1.09525,1.0944,1.09465
1683871200,1.0946,1.09565,1.09415,1.0951
1683874800,1.09515,1.0958,1.09285,1.09305
1683878400,1.093,1.09365,1.09265,1.09355
1683882000,1.09355,1.094,1.0921,1.0933
1683885600,1.0933,1.0937,1.09275,1.0928
1683889200,1.09275,1.0928,1.09115,1.0914
1683892800,1.0914,1.0918,1.09035,1.09095
1683896400,1.0909,1.0917,1.0901,1.09115
1683900000,1.09115,1.09195,1.08835,1.08845
1683903600,1.0885,1.08875,1.08765,1.08775
1683907200,1.08775,1.0879,1.08705,1.08735
1683910800,1.08735,1.0879,1.08725,1.0877
1683914400,1.08765,1.0877,1.08705,1.0875
1683918000,1.08755,1.08775,1.0873,1.08745
1683921600,1.08745,1.0875,1.087,1.08715
1684101600,1.08685,1.0875,1.0867,1.0872
1684105200,1.08725,1.0875,1.08695,1.08745
1684108800,1.0875,1.08775,1.08695,1.08745
1684112400,1.0875,1.0886,1.08745,1.08845
1684116000,1.0884,1.08845,1.08765,1.08765
1684119600,1.0877,1.0883,1.08765,1.08815
1684123200,1.08815,1.0885,1.0879,1.08845
1684126800,1.08845,1.08905,1.08835,1.0889
1684130400,1.0889,1.08935,1.0881,1.0891
1684134000,1.0891,1.08985,1.0886,1.08955
1684137600,1.0895,1.0902,1.08875,1.089
1684141200,1.089,1.0891,1.08765,1.089
1684144800,1.089,1.09005,1.0888,1.0899
1684148400,1.08995,1.0902,1.08945,1.0899
1684152000,1.08985,1.09125,1.0895,1.09005
1684155600,1.09,1.09035,1.08935,1.09005
1684159200,1.0901,1.09035,1.0886,1.08865
1684162800,1.08865,1.08965,1.08855,1.0895
1684166400,1.0895,1.09005,1.0889,1.09005
1684170000,1.09005,1.09005,1.08965,1.0898
1684173600,1.08975,1.09,1.08945,1.08955
1684177200,1.08955,1.08985,1.0895,1.08965
1684180800,1.08965,1.0898,1.08945,1.08965
1684188000,1.0897,1.0898,1.08955,1.0897
1684191600,1.0897,1.0897,1.08945,1.08945
1684195200,1.0895,1.0903,1.0895,1.09025
1684198800,1.09025,1.09025,1.0896,1.08985
1684202400,1.0898,1.09045,1.08895,1.09045
1684206000,1.09045,1.09055,1.09005,1.09035
1684209600,1.0903,1.09045,1.09005,1.0904
1684213200,1.0904,1.0904,1.0891,1.08915
1684216800,1.0892,1.0898,1.0884,1.0897
1684220400,1.0897,1.09155,1.08925,1.09095
1684224000,1.09095,1.0919,1.09085,1.09125
1684227600,1.0912,1.0926,1.09095,1.0915
1684231200,1.09145,1.09185,1.09115,1.09165
1684234800,1.0916,1.09185,1.09055,1.0908
1684238400,1.0908,1.09115,1.0889,1.09025
1684242000,1.09025,1.091,1.0895,1.0896
1684245600,1.08965,1.08975,1.08805,1.08875
1684249200,1.0887,1.0889,1.08755,1.08855
1684252800,1.0886,1.0893,1.08845,1.08875
1684256400,1.08885,1.0892,1.08825,1.0888
1684260000,1.0888,1.0891,1.08855,1.08885
1684263600,1.08885,1.08905,1.0879,1.0884
1684267200,1.0884,1.08855,1.08815,1.0884
1684274400,1.08835,1.0885,1.0882,1.0883
1684278000,1.08835,1.0886,1.0881,1.0886
1684281600,1.0886,1.08925,1.08845,1.08905
1684285200,1.0891,1.0892,1.08825,1.089
1684288800,1.089,1.0894,1.08885,1.089
1684292400,1.089,1.0892,1.0885,1.0886
1684296000,1.0886,1.08885,1.08835,1.08855
1684299600,1.0885,1.0886,1.08725,1.0874
1684303200,1.08735,1.08845,1.08705,1.08745
1684306800,1.08745,1.08845,1.08515,1.0852
1684310400,1.0852,1.0869,1.08475,1.08495
1684314000,1.085,1.0853,1.0841,1.08515
1684317600,1.08515,1.0853,1.0845,1.08505
1684321200,1.0851,1.0862,1.08455,1.0846
1684324800,1.08455,1.08525,1.0834,1.08445
1684328400,1.0845,1.08595,1.08355,1.0836
1684332000,1.08365,1.0853,1.0831,1.08415
1684335600,1.0841,1.0857,1.08385,1.085
1684339200,1.08495,1.0866,1.08495,1.0862
1684342800,1.08625,1.087,1.0862,1.08645
1684346400,1.08645,1.0866,1.0857,1.08585
1684350000,1.08585,1.08635,1.0858,1.08605
1684353600,1.0861,1.0861,1.0857,1.0859
1684360800,1.08595,1.08615,1.0857,1.08575
1684364400,1.0857,1.08575,1.08535,1.08565
1684368000,1.08565,1.0862,1.0854,1.08605
1684371600,1.08605,1.08665,1.08565,1.08635
1684375200,1.08635,1.08665,1.0862,1.0865
1684378800,1.08645,1.0866,1.08565,1.08585
1684382400,1.08585,1.0859,1.0851,1.08515
1684386000,1.08515,1.08545,1.08455,1.0849
1684389600,1.08485,1.0853,1.08415,1.08445
1684393200,1.08445,1.08495,1.08275,1.08345
1684396800,1.08345,1.0841,1.0831,1.0835
1684400400,1.0835,1.08385,1.0826,1.0837
1684404000,1.0837,1.0838,1.0824,1.08335
1684407600,1.08335,1.08365,1.08265,1.08335
1684411200,1.08335,1.08365,1.0804,1.08085
1684414800,1.0809,1.08135,1.07935,1.0796
1684418400,1.0797,1.0805,1.0785,1.0788
1684422000,1.07885,1.0797,1.0782,1.07935
1684425600,1.0794,1.07995,1.0781,1.07815
1684429200,1.0782,1.07855,1.0781,1.0785
1684432800,1.0785,1.07875,1.07825,1.07855
1684436400,1.07855,1.07925,1.0784,1.07925
1684440000,1.07925,1.07935,1.0788,1.0788
1684447200,1.07885,1.07945,1.0788,1.0794
1684450800,1.07935,1.07945,1.07915,1.07925
1684454400,1.0793,1.0798,1.07905,1.07915
1684458000,1.0791,1.07935,1.0778,1.07815
1684461600,1.0781,1.07915,1.0778,1.079
1684465200,1.079,1.079,1.0785,1.07865
1684468800,1.0786,1.0787,1.07785,1.07815
1684472400,1.0781,1.0789,1.07795,1.07865
1684476000,1.0787,1.081,1.07845,1.07995
1684479600,1.0799,1.0808,1.07915,1.0795
1684483200,1.0795,1.0812,1.0789,1.0806
1684486800,1.08055,1.0822,1.08055,1.082
1684490400,1.082,1.08205,1.0807,1.0812
1684494000,1.0812,1.0827,1.08105,1.0826
1684497600,1.0826,1.08415,1.0823,1.0824
1684501200,1.08235,1.0826,1.08075,1.08135
1684504800,1.08135,1.0814,1.0802,1.0804
1684508400,1.0804,1.08445,1.08,1.0837
1684512000,1.08365,1.0843,1.08295,1.0839
1684515600,1.0839,1.08475,1.0836,1.08375
1684519200,1.0838,1.08385,1.08255,1.0826
1684522800,1.08265,1.08275,1.0816,1.0824
1684526400,1.08245,1.08265,1.0819,1.0825
1684706400,1.0827,1.08375,1.08245,1.08345
1684710000,1.0834,1.08415,1.0834,1.08395
1684713600,1.08395,1.0842,1.0834,1.08405
1684717200,1.0841,1.08475,1.0838,1.0843
1684720800,1.08425,1.0843,1.0836,1.084
1684724400,1.084,1.08425,1.0837,1.0838
1684728000,1.08375,1.0841,1.0835,1.08355
1684731600,1.0836,1.0837,1.0827,1.0828
1684735200,1.0828,1.08415,1.08245,1.0828
1684738800,1.0828,1.08305,1.0813,1.0824
1684742400,1.0824,1.083,1.0816,1.08275
1684746000,1.08275,1.0841,1.08255,1.08365
1684749600,1.08365,1.0847,1.08345,1.08395
1684753200,1.08395,1.0841,1.083,1.0839
1684756800,1.08385,1.08485,1.08325,1.08365
1684760400,1.08365,1.0839,1.0826,1.08295
1684764000,1.08295,1.08415,1.08145,1.08155
1684767600,1.0816,1.08255,1.08135,1.0822
1684771200,1.0822,1.08345,1.082,1.0827
1684774800,1.0827,1.08375,1.08255,1.08355
1684778400,1.08355,1.08385,1.0831,1.08365
1684782000,1.0836,1.08375,1.08275,1.0828
1684785600,1.0828,1.0831,1.08265,1.08295
1684792800,1.08295,1.0832,1.0828,1.08295
1684796400,1.0829,1.08295,1.0823,1.0827
1684800000,1.08275,1.0837,1.0827,1.0828
1684803600,1.0828,1.08285,1.0821,1.0821
1684807200,1.0821,1.08275,1.08195,1.0827
1684810800,1.08265,1.0827,1.0821,1.08245
1684814400,1.08245,1.0827,1.08225,1.08265
1684818000,1.08265,1.0827,1.0817,1.0824
1684821600,1.0824,1.08295,1.08195,1.08255
1684825200,1.08255,1.08265,1.0801,1.082
1684828800,1.08195,1.08245,1.08055,1.082
1684832400,1.08195,1.082,1.07965,1.0798
1684836000,1.07975,1.0798,1.07855,1.0794
1684839600,1.0794,1.0801,1.07895,1.07895
1684843200,1.0789,1.0799,1.0779,1.07805
1684846800,1.0781,1.0802,1.07795,1.07985
1684850400,1.0799,1.0812,1.0794,1.07955
1684854000,1.07955,1.0797,1.07875,1.07875
1684857600,1.07875,1.07885,1.0777,1.0783
1684861200,1.07835,1.07955,1.0781,1.07945
1684864800,1.07945,1.07975,1.0792,1.07925
1684868400,1.0793,1.0793,1.0783,1.0784
1684872000,1.07845,1.0788,1.07835,1.07875
1684879200,1.07885,1.07895,1.0786,1.07885
1684882800,1.07885,1.07895,1.07845,1.0785
1684886400,1.0785,1.0791,1.0784,1.0788
1684890000,1.07885,1.07905,1.07835,1.07895
1684893600,1.0789,1.07925,1.07845,1.07905
1684897200,1.07905,1.07955,1.07885,1.07945
1684900800,1.07945,1.07985,1.07915,1.07955
1684904400,1.07955,1.08025,1.07945,1.0799
1684908000,1.0799,1.08055,1.07925,1.0794
1684911600,1.07935,1.0802,1.0786,1.08
1684915200,1.07995,1.0811,1.0791,1.07935
1684918800,1.07935,1.0798,1.0789,1.07895
1684922400,1.079,1.079,1.0764,1.0767
1684926000,1.0767,1.0797,1.0767,1.0797
1684929600,1.07965,1.08175,1.07945,1.08055
1684933200,1.0806,1.08105,1.0785,1.07855
1684936800,1.0786,1.0793,1.0774,1.07785
1684940400,1.07785,1.0781,1.0771,1.0774
1684944000,1.07745,1.0777,1.07655,1.0772
1684947600,1.07725,1.07825,1.077,1.07725
1684951200,1.0772,1.0782,1.07655,1.0767
1684954800,1.07665,1.0773,1.0765,1.0766
1684958400,1.07655,1.077,1.0763,1.07655
1684965600,1.07655,1.07705,1.07555,1.07695
1684969200,1.07685,1.077,1.07665,1.07695
1684972800,1.07695,1.07695,1.0759,1.0764
1684976400,1.0764,1.0767,1.07545,1.07575
1684980000,1.0758,1.076,1.07535,1.07555
1684983600,1.07555,1.0756,1.075,1.07515
1684987200,1.07515,1.07535,1.07465,1.0748
1684990800,1.0748,1.07535,1.07475,1.07535
1684994400,1.0753,1.0758,1.0742,1.0745
1684998000,1.07465,1.0747,1.07275,1.07345
1685001600,1.07345,1.07505,1.07335,1.07365
1685005200,1.07365,1.0752,1.0736,1.07455
1685008800,1.07455,1.07465,1.0736,1.07365
1685012400,1.07365,1.0747,1.0736,1.0747
1685016000,1.07465,1.07545,1.07285,1.07325
1685019600,1.0732,1.0739,1.07215,1.07275
1685023200,1.07275,1.07465,1.0727,1.07425
1685026800,1.07425,1.0745,1.0732,1.07385
1685030400,1.07385,1.07385,1.0726,1.07265
1685034000,1.07265,1.07415,1.07255,1.07415
1685037600,1.07415,1.0743,1.07325,1.07345
1685041200,1.07345,1.0738,1.0729,1.0735
1685044800,1.0735,1.07395,1.07345,1.0739
1685052000,1.074,1.07425,1.07375,1.07395
1685055600,1.074,1.0741,1.0736,1.07375
1685059200,1.0737,1.074,1.07325,1.0739
1685062800,1.07395,1.0746,1.0738,1.07455
1685066400,1.07455,1.0751,1.07455,1.0748
1685070000,1.07485,1.0752,1.07475,1.0751
1685073600,1.07505,1.07545,1.07505,1.0753
1685077200,1.07535,1.0756,1.075,1.0751
1685080800,1.07505,1.07515,1.07425,1.0743
1685084400,1.0743,1.07585,1.0739,1.07545
1685088000,1.07535,1.0755,1.07425,1.0745
1685091600,1.0745,1.07505,1.0739,1.07485
1685095200,1.07485,1.07605,1.074,1.0758
1685098800,1.0758,1.07725,1.07545,1.0766
1685102400,1.0766,1.0774,1.07435,1.0756
1685106000,1.0756,1.07645,1.0734,1.0737
1685109600,1.07375,1.0755,1.07155,1.07195
1685113200,1.0719,1.0728,1.07155,1.0726
1685116800,1.0726,1.0736,1.0725,1.0734
1685120400,1.0734,1.0742,1.0733,1.0741
1685124000,1.0741,1.07465,1.07395,1.0743
1685127600,1.07435,1.07455,1.07405,1.0744
1685131200,1.0744,1.0744,1.07385,1.07405
1685311200,1.07385,1.0743,1.0732,1.07335
1685314800,1.0733,1.07375,1.07325,1.07355
1685318400,1.0735,1.07355,1.07305,1.0733
1685322000,1.07335,1.07455,1.0732,1.0745
1685325600,1.07445,1.07485,1.0744,1.07445
1685329200,1.07445,1.0747,1.07425,1.07435
1685332800,1.07435,1.07495,1.0743,1.0749
1685336400,1.0749,1.0752,1.07475,1.07495
1685340000,1.07495,1.07565,1.0749,1.07495
1685343600,1.075,1.0752,1.07375,1.07415
1685347200,1.0741,1.07425,1.07285,1.07375
1685350800,1.0737,1.0737,1.07265,1.07295
1685354400,1.0729,1.0731,1.0725,1.0728
1685358000,1.0728,1.0732,1.07235,1.07235
1685361600,1.07235,1.07285,1.0723,1.0728
1685365200,1.07275,1.0729,1.0721,1.07225
1685368800,1.0723,1.0724,1.0719,1.0722
1685372400,1.0722,1.07285,1.07215,1.0727
1685376000,1.07275,1.07275,1.0724,1.0726
1685379600,1.0726,1.07285,1.0724,1.07245
1685383200,1.0725,1.0725,1.07235,1.07235
1685386800,1.0724,1.0724,1.0722,1.07225
1685390400,1.07225,1.07235,1.07175,1.0722
1685397600,1.07235,1.0725,1.07205,1.0722
1685401200,1.0722,1.07225,1.07185,1.07195
1685404800,1.0719,1.0732,1.07165,1.0726
1685408400,1.07265,1.0739,1.0726,1.07355
1685412000,1.0736,1.07375,1.07315,1.0734
1685415600,1.07335,1.0734,1.0714,1.0719
1685419200,1.07185,1.0721,1.07155,1.07205
1685422800,1.07205,1.07205,1.0694,1.0699
1685426400,1.0699,1.07105,1.06975,1.0707
1685430000,1.07065,1.07065,1.0685,1.07025
1685433600,1.0702,1.07205,1.06995,1.0717
1685437200,1.07175,1.07375,1.07095,1.0732
1685440800,1.0732,1.07485,1.0732,1.0744
1685444400,1.07445,1.0758,1.07435,1.0757
1685448000,1.07565,1.07595,1.0734,1.0735
1685451600,1.0735,1.07515,1.0731,1.07425
1685455200,1.0743,1.07535,1.07335,1.07405
1685458800,1.07405,1.0741,1.0732,1.07345
1685462400,1.07345,1.07405,1.0729,1.0734
1685466000,1.07335,1.07345,1.0727,1.07295
1685469600,1.07295,1.07335,1.0727,1.07325
1685473200,1.0732,1.0743,1.07305,1.0743
1685476800,1.0743,1.07485,1.07395,1.0747
1685484000,1.0749,1.0749,1.0743,1.07445
1685487600,1.0744,1.0748,1.07425,1.0744
1685491200,1.0744,1.07475,1.07395,1.0747
1685494800,1.07465,1.07475,1.07235,1.0725
1685498400,1.07255,1.0727,1.07145,1.07165
1685502000,1.0717,1.0717,1.0706,1.07095
1685505600,1.07095,1.07125,1.0707,1.071
1685509200,1.071,1.0711,1.0697,1.0709
1685512800,1.07095,1.071,1.0691,1.0697
1685516400,1.06965,1.06965,1.0681,1.06855
1685520000,1.06855,1.06885,1.067,1.0672
1685523600,1.0672,1.0688,1.06715,1.06875
1685527200,1.0687,1.0691,1.06795,1.0688
1685530800,1.06885,1.06985,1.06865,1.06915
1685534400,1.0691,1.06995,1.0691,1.06925
1685538000,1.06925,1.0717,1.069,1.07035
1685541600,1.07035,1.07035,1.06685,1.0673
1685545200,1.0673,1.0679,1.0663,1.06645
1685548800,1.06645,1.0666,1.0647,1.065
1685552400,1.065,1.0681,1.06475,1.06745
1685556000,1.06745,1.06915,1.0674,1.06855
1685559600,1.06855,1.07005,1.06815,1.06975
1685563200,1.0698,1.07035,1.0697,1.0701
1685570400,1.07005,1.0704,1.0697,1.07025
1685574000,1.0703,1.07065,1.07025,1.0703
1685577600,1.0703,1.07055,1.06955,1.06965
1685581200,1.06965,1.0703,1.069,1.07015
1685584800,1.0701,1.07035,1.0698,1.0701
1685588400,1.07,1.07035,1.06955,1.0697
1685592000,1.06965,1.07015,1.0691,1.06915
1685595600,1.0691,1.0695,1.0686,1.0687
1685599200,1.06875,1.0695,1.06835,1.0694
1685602800,1.06935,1.0697,1.06715,1.068
1685606400,1.06795,1.06965,1.0674,1.06965
1685610000,1.0696,1.07195,1.06925,1.07185
1685613600,1.07185,1.07245,1.07105,1.07185
1685617200,1.07185,1.07255,1.07145,1.0716
1685620800,1.07155,1.0721,1.06915,1.0718
1685624400,1.0718,1.07415,1.07125,1.07395
1685628000,1.07395,1.0761,1.07305,1.07415
1685631600,1.07415,1.07635,1.0738,1.07605
1685635200,1.07605,1.07735,1.07575,1.077
1685638800,1.07695,1.07745,1.07655,1.0774
1685642400,1.07735,1.07785,1.07705,1.0771
1685646000,1.0771,1.0773,1.07665,1.0772
1685649600,1.07725,1.07735,1.07685,1.07715
1685656800,1.07725,1.0775,1.077,1.07745
1685660400,1.0775,1.0775,1.0769,1.077
1685664000,1.077,1.07735,1.0767,1.07705
1685667600,1.0771,1.0776,1.0768,1.0771
1685671200,1.0771,1.07765,1.077,1.0775
1685674800,1.0775,1.0778,1.07725,1.0777
1685678400,1.07775,1.0778,1.0771,1.07725
1685682000,1.0772,1.07815,1.0771,1.07805
1685685600,1.0781,1.0788,1.0775,1.078
1685689200,1.07805,1.07855,1.07695,1.0771
1685692800,1.0771,1.0786,1.0769,1.0783
1685696400,1.0783,1.0786,1.07695,1.07765
1685700000,1.0777,1.07845,1.07745,1.07765
1685703600,1.0777,1.07785,1.0767,1.0767
1685707200,1.0767,1.07765,1.0743,1.07565
1685710800,1.0757,1.078,1.07495,1.07515
1685714400,1.07515,1.07585,1.073,1.07325
1685718000,1.0733,1.0739,1.07265,1.0732
1685721600,1.07325,1.0733,1.0717,1.0719
1685725200,1.0719,1.07245,1.07165,1.0719
1685728800,1.0719,1.07245,1.07145,1.07215
1685732400,1.0721,1.0723,1.07155,1.07165
1685736000,1.07165,1.0718,1.0714,1.0717
1685916000,1.07165,1.0717,1.071,1.071
1685919600,1.07095,1.07105,1.07025,1.07055
1685923200,1.07055,1.07055,1.06985,1.07025
1685926800,1.0702,1.071,1.06995,1.071
1685930400,1.07095,1.0713,1.0707,1.07085
1685934000,1.07085,1.07125,1.0708,1.07115
1685937600,1.07105,1.0712,1.07045,1.07085
1685941200,1.0708,1.0712,1.0702,1.071
1685944800,1.07095,1.07095,1.06975,1.0702
1685948400,1.0702,1.07075,1.06915,1.0698
1685952000,1.0698,1.07065,1.06935,1.0704
1685955600,1.0704,1.07075,1.06985,1.07005
1685959200,1.07005,1.07035,1.0695,1.07015
1685962800,1.0701,1.07035,1.0693,1.0698
1685966400,1.0698,1.07,1.06825,1.06875
1685970000,1.0687,1.06995,1.06865,1.06895
1685973600,1.069,1.0731,1.069,1.07195
1685977200,1.0719,1.0729,1.0712,1.0729
1685980800,1.0729,1.07295,1.07185,1.07195
1685984400,1.072,1.07225,1.0716,1.0721
1685988000,1.07215,1.0726,1.0719,1.07225
1685991600,1.07225,1.0726,1.072,1.07205
1685995200,1.0721,1.0722,1.0718,1.0721
1686002400,1.0721,1.07225,1.0717,1.0722
1686006000,1.0721,1.0722,1.0715,1.0719
1686009600,1.0719,1.0725,1.0718,1.07235
1686013200,1.0724,1.07245,1.0721,1.07235
1686016800,1.07235,1.07325,1.07235,1.0726
1686020400,1.0726,1.07275,1.07225,1.07235
1686024000,1.0724,1.0732,1.0723,1.07315
1686027600,1.0731,1.0739,1.07305,1.0733
1686031200,1.07335,1.07405,1.07295,1.0732
1686034800,1.07315,1.07355,1.0715,1.0722
1686038400,1.0722,1.07225,1.0703,1.0707
1686042000,1.0707,1.0709,1.0697,1.07
1686045600,1.07,1.07075,1.069,1.07055
1686049200,1.07055,1.0708,1.0684,1.06845
1686052800,1.06845,1.06915,1.06745,1.06785
1686056400,1.0678,1.069,1.0677,1.068
1686060000,1.06805,1.06985,1.06785,1.06985
1686063600,1.0698,1.07045,1.0692,1.0702
1686067200,1.0702,1.07055,1.0695,1.0696
1686070800,1.0696,1.0696,1.06895,1.06935
1686074400,1.0694,1.0704,1.06925,1.0702
1686078000,1.07015,1.07035,1.06985,1.06995
1686081600,1.07,1.0701,1.0698,1.07
1686088800,1.0701,1.07025,1.07005,1.0702
1686092400,1.0702,1.07065,1.07,1.07065
1686096000,1.0706,1.07115,1.07045,1.07075
1686099600,1.0708,1.07085,1.07,1.07035
1686103200,1.07035,1.07035,1.0696,1.07
1686106800,1.07,1.0701,1.06965,1.07
1686110400,1.06995,1.0703,1.0697,1.0698
1686114000,1.06975,1.0698,1.06905,1.0692
1686117600,1.0692,1.0693,1.068,1.06835
1686121200,1.06835,1.06935,1.06755,1.06905
1686124800,1.0691,1.07005,1.06865,1.07
1686128400,1.07,1.0705,1.0697,1.0703
1686132000,1.0703,1.0726,1.0703,1.0722
1686135600,1.0722,1.073,1.07195,1.0723
1686139200,1.07225,1.07255,1.07125,1.0723
1686142800,1.0723,1.07465,1.07215,1.07445
1686146400,1.0745,1.0747,1.07105,1.0715
1686150000,1.07145,1.0718,1.07025,1.0708
1686153600,1.0708,1.07135,1.06995,1.07005
1686157200,1.07005,1.07065,1.0698,1.0706
1686160800,1.07055,1.07105,1.07045,1.07095
1686164400,1.0709,1.0712,1.07,1.07005
1686168000,1.0701,1.0707,1.07005,1.07055
1686175200,1.07055,1.07075,1.0703,1.0704
1686178800,1.07045,1.07125,1.07025,1.0712
1686182400,1.07125,1.0715,1.0711,1.0714
1686186000,1.0714,1.0715,1.07085,1.07135
1686189600,1.0714,1.0717,1.0712,1.0712
1686193200,1.07115,1.0716,1.0711,1.0713
1686196800,1.0713,1.07185,1.0711,1.07165
1686200400,1.07165,1.07225,1.07145,1.07155
1686204000,1.07155,1.07245,1.0713,1.07165
1686207600,1.07165,1.07185,1.07065,1.07185
1686211200,1.0718,1.0735,1.0715,1.0732
1686214800,1.0732,1.07395,1.0726,1.0734
1686218400,1.07345,1.07385,1.0731,1.07355
1686222000,1.0735,1.07445,1.07295,1.0741
1686225600,1.07405,1.07645,1.07385,1.07525
1686229200,1.0752,1.0775,1.07475,1.0771
1686232800,1.0771,1.07815,1.07675,1.07745
1686236400,1.0775,1.07885,1.07725,1.07845
1686240000,1.0784,1.07925,1.0782,1.07905
1686243600,1.079,1.0791,1.07835,1.07835
1686247200,1.07835,1.0788,1.07835,1.07845
1686250800,1.07845,1.07855,1.0779,1.07845
1686254400,1.0785,1.0789,1.0784,1.07885
1686261600,1.0788,1.07895,1.0786,1.07885
1686265200,1.0789,1.07905,1.0787,1.0787
1686268800,1.0787,1.079,1.07865,1.0787
1686272400,1.0787,1.079,1.0784,1.07855
1686276000,1.07855,1.0786,1.07805,1.07815
1686279600,1.07815,1.07855,1.07815,1.07825
1686283200,1.07825,1.07835,1.078,1.07805
1686286800,1.07805,1.07885,1.078,1.07825
1686290400,1.0783,1.07875,1.07775,1.07835
1686294000,1.07835,1.07845,1.0772,1.07805
1686297600,1.078,1.07805,1.07645,1.0768
1686301200,1.07685,1.07735,1.0763,1.0763
1686304800,1.0763,1.07675,1.0761,1.0766
1686308400,1.07655,1.0786,1.0765,1.0778
1686312000,1.0778,1.0789,1.07685,1.07715
1686315600,1.0772,1.07795,1.07665,1.07755
1686319200,1.0776,1.0778,1.07585,1.07615
1686322800,1.07615,1.07645,1.07515,1.0753
1686326400,1.07525,1.07575,1.07485,1.0753
1686330000,1.0753,1.07575,1.0751,1.07535
1686333600,1.0754,1.07555,1.07505,1.0755
1686337200,1.0755,1.0756,1.07475,1.0749
1686340800,1.07495,1.07545,1.07485,1.07535
1686520800,1.07525,1.0754,1.0747,1.07485
1686524400,1.07485,1.0756,1.0748,1.07545
1686528000,1.07545,1.07545,1.07485,1.075
1686531600,1.075,1.07505,1.07405,1.0741
1686535200,1.07415,1.0743,1.07375,1.0743
1686538800,1.07425,1.07455,1.0741,1.0745
1686542400,1.07445,1.0749,1.07435,1.0745
1686546000,1.0745,1.0755,1.07445,1.07535
1686549600,1.07535,1.0759,1.075,1.07535
1686553200,1.0753,1.07765,1.07485,1.0774
1686556800,1.07735,1.07885,1.0772,1.07815
1686560400,1.07815,1.07945,1.0779,1.07895
1686564000,1.079,1.07915,1.07715,1.0777
1686567600,1.0777,1.07795,1.07655,1.0767
1686571200,1.0767,1.07755,1.07645,1.077
1686574800,1.077,1.07755,1.0747,1.0757
1686578400,1.07575,1.0766,1.0749,1.07515
1686582000,1.0751,1.0761,1.07485,1.075
1686585600,1.07505,1.0756,1.0748,1.07525
1686589200,1.0753,1.0758,1.0749,1.07575
1686592800,1.07575,1.07635,1.07545,1.076
1686596400,1.076,1.0768,1.076,1.07645
1686600000,1.07645,1.07645,1.07615,1.0763
1686607200,1.076,1.07655,1.076,1.0764
1686610800,1.07635,1.0768,1.0763,1.0766
1686614400,1.0766,1.077,1.0763,1.0764
1686618000,1.0764,1.0772,1.0763,1.07715
1686621600,1.07715,1.078,1.07695,1.0778
1686625200,1.07775,1.0784,1.07775,1.0783
1686628800,1.07825,1.0787,1.07795,1.07855
1686632400,1.07855,1.08,1.0785,1.07865
1686636000,1.0787,1.08015,1.0785,1.07965
1686639600,1.07965,1.08115,1.07965,1.08035
1686643200,1.0803,1.0813,1.0798,1.0811
1686646800,1.0811,1.08145,1.08045,1.08095
1686650400,1.0809,1.08105,1.07985,1.0802
1686654000,1.0802,1.08025,1.07955,1.07975
1686657600,1.0798,1.0828,1.0778,1.08175
1686661200,1.0818,1.0822,1.07955,1.07975
1686664800,1.07975,1.08115,1.07815,1.08055
1686668400,1.08055,1.08125,1.079,1.0795
1686672000,1.0795,1.0807,1.0794,1.0806
1686675600,1.0806,1.08085,1.07905,1.0793
1686679200,1.07925,1.07945,1.0786,1.07935
1686682800,1.0794,1.07995,1.07875,1.07955
1686686400,1.0795,1.0797,1.0794,1.0797
1686693600,1.07935,1.07955,1.0791,1.07945
1686697200,1.07945,1.0795,1.0791,1.07925
1686700800,1.07925,1.07955,1.0789,1.0793
1686704400,1.07925,1.07985,1.0791,1.07965
1686708000,1.07965,1.0799,1.0793,1.0799
1686711600,1.0799,1.0799,1.07915,1.0793
1686715200,1.0793,1.0795,1.07875,1.07925
1686718800,1.0792,1.0793,1.0777,1.0779
1686722400,1.07795,1.07905,1.0779,1.0788
1686726000,1.07885,1.07995,1.07885,1.07925
1686729600,1.07925,1.08075,1.07885,1.08055
1686733200,1.08045,1.0813,1.07995,1.08075
1686736800,1.08075,1.0813,1.0805,1.08095
1686740400,1.08095,1.08105,1.08045,1.08065
1686744000,1.08065,1.0836,1.08065,1.0834
1686747600,1.0834,1.0848,1.083,1.08475
1686751200,1.08475,1.08595,1.0844,1.0859
1686754800,1.08585,1.0861,1.0851,1.0861
1686758400,1.08605,1.0867,1.08585,1.08655
1686762000,1.0865,1.0866,1.08555,1.08605
1686765600,1.08585,1.08665,1.08045,1.0837
1686769200,1.08375,1.0847,1.0824,1.08295
1686772800,1.08295,1.0838,1.0828,1.0836
1686780000,1.0889,1.0889,1.0883,1.08845
1686783600,1.08845,1.0895,1.0884,1.0895
1686787200,1.08955,1.0897,1.0889,1.08905
1686790800,1.089,1.08905,1.08625,1.08635
1686794400,1.08635,1.08685,1.0861,1.08655
1686798000,1.08655,1.08685,1.0863,1.08655
1686801600,1.0866,1.08675,1.0862,1.08635
1686805200,1.0864,1.0876,1.08585,1.08705
1686808800,1.08705,1.0873,1.08555,1.08625
1686812400,1.0863,1.08805,1.0858,1.0879
1686816000,1.08785,1.089,1.08765,1.0885
1686819600,1.0885,1.08995,1.08835,1.08995
1686823200,1.08995,1.0901,1.0886,1.0894
1686826800,1.08945,1.08955,1.08695,1.087
1686830400,1.087,1.09345,1.08665,1.09155
1686834000,1.09155,1.0953,1.091,1.0951
1686837600,1.0951,1.09735,1.0951,1.09625
1686841200,1.09625,1.09875,1.09615,1.09855
1686844800,1.09845,1.09975,1.0984,1.0996
1686848400,1.09955,1.10025,1.0992,1.09955
1686852000,1.09955,1.10035,1.0994,1.1002
1686855600,1.10025,1.10045,1.0997,1.09995
1686859200,1.1,1.1002,1.0997,1.09975
1686866400,1.0997,1.10015,1.09965,1.1001
1686870000,1.10015,1.1004,1.09975,1.0998
1686873600,1.09985,1.1003,1.0992,1.09945
1686877200,1.09945,1.1001,1.09925,1.0996
1686880800,1.0996,1.0998,1.0988,1.0989
1686884400,1.0989,1.0995,1.0989,1.09905
1686888000,1.0991,1.09955,1.09895,1.09915
1686891600,1.09915,1.09975,1.099,1.0992
1686895200,1.09925,1.1015,1.09915,1.0999
1686898800,1.09995,1.10045,1.0986,1.09945
1686902400,1.0994,1.10055,1.099,1.1002
1686906000,1.1002,1.1003,1.09915,1.1001
1686909600,1.1001,1.1002,1.0995,1.0996
1686913200,1.09965,1.1018,1.09965,1.1012
1686916800,1.1012,1.10225,1.09995,1.1003
1686920400,1.1003,1.101,1.09945,1.1005
1686924000,1.10055,1.1019,1.097,1.0977
1686927600,1.09765,1.0983,1.09735,1.0976
1686931200,1.0976,1.09855,1.0976,1.09855
1686934800,1.09855,1.0991,1.09835,1.0991
1686938400,1.09905,1.09975,1.0989,1.09955
1686942000,1.09955,1.0996,1.09865,1.0987
1686945600,1.0987,1.09945,1.09865,1.0993
1687125600,1.0993,1.09945,1.0988,1.0994
1687129200,1.09945,1.09945,1.09895,1.0991
1687132800,1.0991,1.0997,1.09855,1.09875
1687136400,1.09875,1.09915,1.0985,1.09875
1687140000,1.09875,1.09915,1.09875,1.09875
1687143600,1.0987,1.0989,1.0985,1.0988
1687147200,1.09875,1.09875,1.09835,1.0986
1687150800,1.0986,1.09925,1.09825,1.09915
1687154400,1.0991,1.0991,1.0979,1.09805
1687158000,1.0981,1.09885,1.09765,1.0981
1687161600,1.09805,1.099,1.09775,1.0981
1687165200,1.0981,1.0981,1.0961,1.09625
1687168800,1.09625,1.09705,1.0958,1.09705
1687172400,1.0971,1.09785,1.09685,1.09725
1687176000,1.0972,1.0981,1.09705,1.0977
1687179600,1.0977,1.0977,1.0968,1.09695
1687183200,1.09695,1.0977,1.09635,1.0974
1687186800,1.0974,1.098,1.0972,1.0973
1687190400,1.09735,1.0977,1.09665,1.0967
1687194000,1.0967,1.097,1.09665,1.0968
1687197600,1.09685,1.0972,1.0967,1.09705
1687201200,1.09705,1.0972,1.09685,1.09695
1687204800,1.09695,1.0974,1.09685,1.0972
1687212000,1.0973,1.09765,1.0972,1.0973
1687215600,1.0973,1.09745,1.09695,1.09745
1687219200,1.0974,1.0976,1.09665,1.09705
1687222800,1.09705,1.09725,1.09615,1.0964
1687226400,1.09635,1.09745,1.09615,1.0973
1687230000,1.0973,1.09745,1.0969,1.097
1687233600,1.097,1.0971,1.09635,1.09645
1687237200,1.0964,1.09765,1.0962,1.09765
1687240800,1.09765,1.0983,1.09705,1.0972
1687244400,1.0972,1.09965,1.0966,1.0994
1687248000,1.0994,1.09955,1.0982,1.09885
1687251600,1.0988,1.0991,1.0973,1.09755
1687255200,1.09755,1.09845,1.0975,1.09785
1687258800,1.09785,1.0983,1.0973,1.09795
1687262400,1.0979,1.09865,1.0963,1.09705
1687266000,1.097,1.09755,1.0957,1.09675
1687269600,1.09675,1.09715,1.0943,1.0952
1687273200,1.0952,1.096,1.09505,1.09505
1687276800,1.0951,1.0967,1.09465,1.09655
1687280400,1.09655,1.09675,1.09625,1.0966
1687284000,1.0966,1.09685,1.09625,1.0968
1687287600,1.09675,1.09685,1.09605,1.09635
1687291200,1.0964,1.09695,1.0963,1.09695
1687298400,1.0968,1.0971,1.0968,1.09695
1687302000,1.097,1.0973,1.0969,1.097
1687305600,1.097,1.09705,1.0965,1.09665
1687309200,1.09665,1.0967,1.0962,1.09645
1687312800,1.09645,1.09715,1.0962,1.0963
1687316400,1.0963,1.09665,1.09625,1.0965
1687320000,1.0966,1.09695,1.09645,1.09665
1687323600,1.09665,1.0968,1.0961,1.0963
1687327200,1.0963,1.0967,1.0956,1.09605
1687330800,1.09605,1.097,1.09595,1.0963
1687334400,1.0963,1.0984,1.09595,1.09755
1687338000,1.09755,1.09795,1.09665,1.09665
1687341600,1.09665,1.0976,1.0964,1.09685
1687345200,1.09685,1.09765,1.09665,1.09745
1687348800,1.0974,1.09755,1.0958,1.09755
1687352400,1.0975,1.0981,1.09605,1.0977
1687356000,1.0977,1.10145,1.0973,1.10045
1687359600,1.10045,1.10065,1.09935,1.1001
1687363200,1.10005,1.10235,1.1,1.1021
1687366800,1.10205,1.103,1.1017,1.10275
1687370400,1.10275,1.104,1.1026,1.1035
1687374000,1.1035,1.10395,1.10315,1.1038
1687377600,1.1038,1.1041,1.1035,1.10375
1687384800,1.10355,1.10395,1.10335,1.1039
1687388400,1.1039,1.1041,1.10385,1.104
1687392000,1.104,1.10405,1.1035,1.1037
1687395600,1.10365,1.1044,1.1036,1.10425
1687399200,1.10425,1.10425,1.1037,1.1042
1687402800,1.1042,1.1043,1.10395,1.10415
1687406400,1.10415,1.10425,1.1035,1.1036
1687410000,1.1036,1.104,1.10335,1.10345
1687413600,1.1035,1.1039,1.10295,1.10315
1687417200,1.1031,1.1049,1.1028,1.1043
1687420800,1.10425,1.1052,1.10355,1.1041
1687424400,1.1041,1.10525,1.10405,1.10505
1687428000,1.105,1.10565,1.10485,1.1053
1687431600,1.10535,1.10615,1.10365,1.1038
1687435200,1.10375,1.105,1.10285,1.1031
1687438800,1.10305,1.1033,1.10165,1.10295
1687442400,1.103,1.1037,1.10065,1.10075
1687446000,1.10075,1.1015,1.10005,1.10005
1687449600,1.10005,1.1005,1.0996,1.10025
1687453200,1.10025,1.1006,1.0998,1.1005
1687456800,1.10055,1.10085,1.0999,1.1007
1687460400,1.10075,1.101,1.1003,1.1006
1687464000,1.1006,1.1007,1.10015,1.1004
1687471200,1.1003,1.10035,1.10005,1.10015
1687474800,1.10015,1.10055,1.1001,1.10035
1687478400,1.10035,1.1007,1.1,1.1003
1687482000,1.10035,1.1004,1.0994,1.09945
1687485600,1.09945,1.09945,1.09795,1.09865
1687489200,1.09865,1.09885,1.09825,1.09835
1687492800,1.09835,1.0985,1.09765,1.09805
1687496400,1.0981,1.09815,1.0975,1.098
1687500000,1.098,1.0981,1.0968,1.09705
1687503600,1.09705,1.09735,1.09,1.09155
1687507200,1.0916,1.09215,1.08955,1.0896
1687510800,1.0896,1.0909,1.0891,1.09075
1687514400,1.09075,1.0919,1.0907,1.0915
1687518000,1.09145,1.0926,1.0913,1.0923
1687521600,1.09225,1.09425,1.09225,1.0934
1687525200,1.0934,1.095,1.093,1.093
1687528800,1.09305,1.09455,1.0926,1.09295
1687532400,1.0929,1.0939,1.09255,1.0933
1687536000,1.09325,1.09365,1.09295,1.0932
1687539600,1.09325,1.0943,1.09325,1.0941
1687543200,1.0941,1.0942,1.09355,1.09385
1687546800,1.09385,1.0941,1.0934,1.0938
1687550400,1.0938,1.09435,1.0937,1.0943
1687730400,1.09455,1.09535,1.0942,1.09525
1687734000,1.09525,1.09525,1.0949,1.0952
1687737600,1.0952,1.09555,1.0945,1.09515
1687741200,1.09515,1.09565,1.09475,1.095
1687744800,1.095,1.09555,1.09495,1.09515
1687748400,1.0951,1.09555,1.09505,1.09525
1687752000,1.0952,1.09545,1.0946,1.09485
1687755600,1.09485,1.09565,1.09485,1.09535
1687759200,1.0953,1.09575,1.0944,1.09495
1687762800,1.0949,1.0955,1.0942,1.0949
1687766400,1.09485,1.095,1.09335,1.0938
1687770000,1.09375,1.09475,1.0937,1.0943
1687773600,1.09425,1.09535,1.09405,1.09505
1687777200,1.095,1.0964,1.0949,1.0964
1687780800,1.09635,1.0967,1.096,1.0964
1687784400,1.09635,1.0966,1.0954,1.0959
1687788000,1.0959,1.0962,1.09485,1.0954
1687791600,1.0954,1.0964,1.09515,1.0956
1687795200,1.09555,1.09565,1.0946,1.0955
1687798800,1.0955,1.09595,1.09525,1.09565
1687802400,1.09565,1.09615,1.0955,1.0961
1687806000,1.09615,1.09615,1.09505,1.09525
1687809600,1.0952,1.0955,1.095,1.0952
1687816800,1.0954,1.09575,1.0952,1.09565
1687820400,1.0956,1.09565,1.0953,1.09555
1687824000,1.09555,1.0957,1.09475,1.095
1687827600,1.095,1.0981,1.09495,1.097
1687831200,1.09695,1.097,1.0963,1.09685
1687834800,1.0969,1.0975,1.09675,1.0972
1687838400,1.0972,1.0974,1.0969,1.0969
1687842000,1.09695,1.0973,1.0962,1.09635
1687845600,1.0963,1.0979,1.0962,1.09765
1687849200,1.0977,1.09875,1.0975,1.0985
1687852800,1.09845,1.09895,1.09805,1.0985
1687856400,1.0985,1.09905,1.0972,1.0986
1687860000,1.09865,1.09985,1.0984,1.0997
1687863600,1.09975,1.0998,1.0989,1.099
1687867200,1.099,1.1018,1.099,1.10115
1687870800,1.1011,1.10225,1.10075,1.10125
1687874400,1.10125,1.10155,1.0988,1.0995
1687878000,1.0995,1.1009,1.09915,1.10055
1687881600,1.1006,1.10115,1.1003,1.1005
1687885200,1.10045,1.101,1.1001,1.1008
1687888800,1.10075,1.1009,1.1004,1.10055
1687892400,1.1006,1.101,1.1005,1.1008
1687896000,1.10085,1.1009,1.10055,1.10055
1687903200,1.1007,1.1008,1.10015,1.10025
1687906800,1.1003,1.10035,1.10005,1.1003
1687910400,1.10035,1.1007,1.0998,1.1
1687914000,1.10005,1.1002,1.09915,1.09915
1687917600,1.0992,1.0996,1.0988,1.09945
1687921200,1.0995,1.09995,1.0994,1.09965
1687924800,1.09965,1.0999,1.0992,1.0994
1687928400,1.09945,1.10005,1.09925,1.0999
1687932000,1.0999,1.1,1.09815,1.0984
1687935600,1.0984,1.1002,1.09835,1.0998
1687939200,1.09975,1.1006,1.0991,1.09985
1687942800,1.09985,1.10045,1.09895,1.09925
1687946400,1.0993,1.10075,1.09905,1.09995
1687950000,1.1,1.1001,1.09825,1.09855
1687953600,1.09855,1.099,1.0971,1.0973
1687957200,1.09725,1.09895,1.09685,1.098
1687960800,1.09805,1.09825,1.09415,1.0944
1687964400,1.09435,1.09625,1.0943,1.09485
1687968000,1.09485,1.0964,1.0948,1.0956
1687971600,1.0956,1.09625,1.0955,1.096
1687975200,1.09605,1.0969,1.09605,1.0968
1687978800,1.0968,1.0968,1.0959,1.0961
1687982400,1.09615,1.0962,1.0956,1.0958
1687989600,1.09575,1.09595,1.0957,1.0957
1687993200,1.09575,1.0962,1.0957,1.09585
1687996800,1.0958,1.09595,1.0945,1.09505
1688000400,1.09505,1.09575,1.0949,1.09495
1688004000,1.09495,1.09495,1.0936,1.09365
1688007600,1.09365,1.0939,1.09335,1.09365
1688011200,1.0936,1.09365,1.0924,1.09285
1688014800,1.09285,1.09375,1.0927,1.0937
1688018400,1.0937,1.0943,1.09325,1.09405
1688022000,1.0941,1.0964,1.09405,1.096
1688025600,1.09595,1.0965,1.09535,1.09585
1688029200,1.0958,1.09625,1.09545,1.096
1688032800,1.096,1.09715,1.09595,1.0971
1688036400,1.09705,1.0983,1.0969,1.0982
1688040000,1.09815,1.09845,1.09165,1.0924
1688043600,1.09245,1.0928,1.09035,1.0912
1688047200,1.09125,1.09375,1.09115,1.0933
1688050800,1.09325,1.094,1.0922,1.0924
1688054400,1.0924,1.0927,1.0912,1.0914
1688058000,1.0914,1.0918,1.09115,1.09155
1688061600,1.09155,1.0916,1.09085,1.09105
1688065200,1.09105,1.0915,1.091,1.09125
1688068800,1.09125,1.09125,1.09055,1.09055
1688076000,1.09065,1.09095,1.09045,1.09075
1688079600,1.0907,1.091,1.09065,1.09095
1688083200,1.09095,1.0916,1.09055,1.0914
1688086800,1.0915,1.09175,1.09025,1.09035
1688090400,1.09035,1.0913,1.0903,1.09085
1688094000,1.0908,1.0917,1.09075,1.0913
1688097600,1.0913,1.09155,1.091,1.0911
1688101200,1.09115,1.0917,1.09085,1.09115
1688104800,1.0911,1.09115,1.08985,1.0906
1688108400,1.09055,1.0911,1.0895,1.08985
1688112000,1.0898,1.08985,1.0877,1.08805
1688115600,1.08805,1.0891,1.0876,1.08875
1688119200,1.0887,1.08955,1.0883,1.0895
1688122800,1.0895,1.0901,1.08905,1.0895
1688126400,1.08955,1.094,1.0895,1.0939
1688130000,1.09385,1.09585,1.0938,1.0956
1688133600,1.09565,1.09735,1.09505,1.0952
1688137200,1.0952,1.0961,1.0948,1.09605
1688140800,1.0961,1.09645,1.0954,1.09605
1688144400,1.09605,1.09645,1.09515,1.09535
1688148000,1.0954,1.0958,1.0952,1.0953
1688151600,1.0953,1.09565,1.0951,1.09545
1688155200,1.0955,1.09555,1.09495,1.0953
1688335200,1.09515,1.0955,1.0949,1.09505
1688338800,1.09515,1.09525,1.09485,1.09495
1688342400,1.09495,1.09515,1.09425,1.09435
1688346000,1.0943,1.0959,1.0943,1.09505
1688349600,1.0951,1.0952,1.09485,1.0949
1688353200,1.09495,1.09555,1.0948,1.09545
1688356800,1.09545,1.096,1.0954,1.0959
1688360400,1.0959,1.09595,1.09445,1.0945
1688364000,1.09455,1.09485,1.09295,1.09315
1688367600,1.0932,1.0932,1.0911,1.09165
1688371200,1.0916,1.09305,1.0914,1.09275
1688374800,1.09275,1.0933,1.0917,1.09315
1688378400,1.0931,1.09375,1.09225,1.09335
1688382000,1.0933,1.0946,1.0928,1.094
1688385600,1.094,1.09515,1.09355,1.09505
1688389200,1.09505,1.09615,1.0946,1.0954
1688392800,1.09555,1.09755,1.0944,1.09485
1688396400,1.09485,1.09645,1.0943,1.09595
1688400000,1.09595,1.09625,1.0955,1.0957
1688403600,1.09575,1.09575,1.095,1.095
1688407200,1.09505,1.09545,1.095,1.09535
1688410800,1.09535,1.09535,1.0951,1.0951
1688414400,1.09505,1.09565,1.09505,1.09555
1688421600,1.0955,1.0957,1.09535,1.0954
1688425200,1.0954,1.0956,1.0953,1.0954
1688428800,1.09535,1.09545,1.09495,1.0951
1688432400,1.0951,1.09575,1.09495,1.0952
1688436000,1.09515,1.09525,1.0943,1.09465
1688439600,1.09465,1.09505,1.09445,1.09455
1688443200,1.09455,1.09465,1.0941,1.09415
1688446800,1.09415,1.0942,1.09345,1.09365
1688450400,1.09365,1.0956,1.0936,1.0956
1688454000,1.09555,1.09555,1.09365,1.09435
1688457600,1.09435,1.0945,1.0933,1.0936
1688461200,1.0936,1.09435,1.09355,1.09395
1688464800,1.0939,1.09445,1.0936,1.09365
1688468400,1.0937,1.0943,1.093,1.0939
1688472000,1.0939,1.09415,1.09345,1.09415
1688475600,1.0941,1.0942,1.09365,1.09405
1688479200,1.09405,1.0948,1.09385,1.09425
1688482800,1.0942,1.09435,1.0937,1.09415
1688486400,1.09415,1.0942,1.09325,1.09345
1688490000,1.09355,1.09375,1.09335,1.09345
1688493600,1.09345,1.09365,1.09275,1.0928
1688497200,1.09285,1.09285,1.09215,1.0924
1688500800,1.09235,1.09245,1.09175,1.0919
1688508000,1.09185,1.0922,1.09165,1.0921
1688511600,1.09205,1.0924,1.09195,1.09225
1688515200,1.0923,1.0931,1.0923,1.0927
1688518800,1.0927,1.0927,1.0916,1.09175
1688522400,1.09175,1.09185,1.09145,1.09185
1688526000,1.09185,1.09195,1.0915,1.0917
1688529600,1.0917,1.09175,1.0915,1.0916
1688533200,1.09155,1.0924,1.0908,1.09215
1688536800,1.09215,1.09285,1.0911,1.09225
1688540400,1.09225,1.0948,1.0922,1.0926
1688544000,1.0926,1.0934,1.0906,1.0928
1688547600,1.09275,1.09355,1.09155,1.09345
1688551200,1.09345,1.0935,1.09175,1.09185
1688554800,1.09185,1.0923,1.09155,1.09195
1688558400,1.09195,1.09425,1.0916,1.09345
1688562000,1.09345,1.0942,1.0926,1.09325
1688565600,1.09325,1.0936,1.09065,1.0914
1688569200,1.09135,1.0917,1.0905,1.0907
1688572800,1.09075,1.09075,1.08995,1.0901
1688576400,1.0901,1.0904,1.08985,1.09
1688580000,1.09,1.0906,1.0891,1.0894
1688583600,1.0894,1.08965,1.08925,1.0895
1688587200,1.0895,1.0896,1.0893,1.0894
1688594400,1.08945,1.0896,1.08915,1.08915
1688598000,1.0892,1.0895,1.0891,1.08935
1688601600,1.0894,1.08945,1.0885,1.0888
1688605200,1.08875,1.0889,1.08815,1.0889
1688608800,1.08885,1.0892,1.08845,1.08855
1688612400,1.08855,1.0886,1.0878,1.08785
1688616000,1.08785,1.08825,1.08715,1.08815
1688619600,1.08815,1.0895,1.088,1.0894
1688623200,1.08935,1.0908,1.0892,1.0906
1688626800,1.09055,1.0915,1.0891,1.0894
1688630400,1.0894,1.0904,1.08835,1.09025
1688634000,1.09025,1.09075,1.0898,1.09005
1688637600,1.09,1.0929,1.09,1.0926
1688641200,1.09255,1.0937,1.09225,1.09345
1688644800,1.0934,1.09405,1.08975,1.0913
1688648400,1.0913,1.0927,1.0906,1.0923
1688652000,1.0922,1.0922,1.08725,1.0907
1688655600,1.0907,1.0917,1.08975,1.0912
1688659200,1.09115,1.0925,1.091,1.09115
1688662800,1.09115,1.09215,1.09115,1.0921
1688666400,1.0921,1.09245,1.0916,1.09195
1688670000,1.092,1.0928,1.09195,1.0927
1688673600,1.0927,1.09315,1.0924,1.09305
1688680800,1.0929,1.093,1.09275,1.09295
1688684400,1.09295,1.09335,1.09285,1.09285
1688688000,1.0928,1.093,1.09205,1.09235
1688691600,1.09235,1.093,1.09235,1.0926
1688695200,1.0926,1.09275,1.09225,1.09245
1688698800,1.09245,1.09305,1.09245,1.09265
1688702400,1.09265,1.0934,1.0924,1.09295
1688706000,1.093,1.0935,1.0925,1.09265
1688709600,1.09265,1.0939,1.092,1.09215
1688713200,1.09215,1.093,1.091,1.0915
1688716800,1.09145,1.09195,1.0906,1.09165
1688720400,1.0916,1.0928,1.0909,1.09195
1688724000,1.0919,1.0935,1.09165,1.0931
1688727600,1.09315,1.09365,1.09265,1.09265
1688731200,1.0926,1.09705,1.0913,1.0951
1688734800,1.0951,1.0964,1.09345,1.0955
1688738400,1.09555,1.0994,1.09485,1.0988
1688742000,1.0988,1.10025,1.09835,1.1002
1688745600,1.10025,1.10115,1.1002,1.10105
1688749200,1.10105,1.10125,1.10055,1.10065
1688752800,1.10065,1.10095,1.1005,1.10065
1688756400,1.1006,1.1009,1.10025,1.10055
1688760000,1.1006,1.101,1.1004,1.10085
1688940000,1.1005,1.1009,1.10035,1.1005
1688943600,1.1005,1.1007,1.1001,1.1006
1688947200,1.1006,1.10075,1.09955,1.10025
1688950800,1.10025,1.1008,1.09955,1.0999
1688954400,1.09995,1.10015,1.0995,1.0999
1688958000,1.09995,1.1001,1.09915,1.09945
1688961600,1.09945,1.09965,1.0991,1.09915
1688965200,1.0992,1.0995,1.0984,1.09845
1688968800,1.09845,1.0993,1.09835,1.0989
1688972400,1.09895,1.1004,1.09865,1.0993
1688976000,1.09925,1.1004,1.0991,1.1003
1688979600,1.1003,1.1012,1.0999,1.10005
1688983200,1.10005,1.1004,1.0993,1.09975
1688986800,1.0998,1.10005,1.09915,1.09925
1688990400,1.0992,1.09965,1.0982,1.09855
1688994000,1.0986,1.10095,1.0986,1.10055
1688997600,1.10055,1.10195,1.1005,1.1013
1689001200,1.1013,1.10315,1.1013,1.10285
1689004800,1.10285,1.103,1.1021,1.1028
1689008400,1.10275,1.1035,1.1026,1.10335
1689012000,1.1033,1.1038,1.103,1.10375
1689015600,1.10375,1.10385,1.1035,1.10365
1689019200,1.1037,1.104,1.10355,1.10395
1689026400,1.1039,1.1041,1.1037,1.10395
1689030000,1.10395,1.1044,1.1039,1.10435
1689033600,1.10435,1.10465,1.1039,1.10445
1689037200,1.1045,1.1051,1.10435,1.10475
1689040800,1.10475,1.10585,1.1044,1.10565
1689044400,1.10565,1.10565,1.105,1.10555
1689048000,1.10555,1.1058,1.10535,1.10575
1689051600,1.10575,1.106,1.1044,1.1045
1689055200,1.10455,1.10655,1.1045,1.10595
1689058800,1.10595,1.10605,1.10455,1.1046
1689062400,1.1046,1.10535,1.104,1.1041
1689066000,1.10415,1.1046,1.1035,1.1044
1689069600,1.1044,1.10505,1.1042,1.10435
1689073200,1.10435,1.1044,1.10205,1.10215
1689076800,1.10215,1.1028,1.1014,1.10195
1689080400,1.10195,1.10315,1.10175,1.1025
1689084000,1.10255,1.1031,1.1016,1.10275
1689087600,1.1027,1.1032,1.1024,1.10295
1689091200,1.10295,1.1041,1.10285,1.104
1689094800,1.10405,1.10465,1.104,1.1044
1689098400,1.1044,1.1045,1.10355,1.10365
1689102000,1.10365,1.1045,1.10365,1.10435
1689105600,1.1044,1.10465,1.10425,1.10465
1689112800,1.1046,1.10495,1.1044,1.10495
1689116400,1.10495,1.10515,1.10485,1.1051
1689120000,1.1051,1.1059,1.1049,1.1056
1689123600,1.1056,1.1069,1.10555,1.1064
1689127200,1.10645,1.10705,1.10625,1.10685
1689130800,1.1068,1.10685,1.10635,1.10665
1689134400,1.10665,1.1074,1.10665,1.1073
1689138000,1.10735,1.10735,1.1063,1.1063
1689141600,1.1064,1.10725,1.1058,1.10605
1689145200,1.10605,1.10675,1.1059,1.1065
1689148800,1.10645,1.1068,1.1059,1.106
1689152400,1.10595,1.1066,1.1056,1.1062
1689156000,1.10625,1.1063,1.1056,1.106
1689159600,1.106,1.10625,1.10505,1.1052
1689163200,1.1052,1.11095,1.1052,1.10955
1689166800,1.10955,1.1138,1.1094,1.11355
1689170400,1.1135,1.1161,1.11265,1.11575
1689174000,1.11575,1.11635,1.11485,1.116
1689177600,1.116,1.11715,1.11585,1.117
1689181200,1.11695,1.117,1.11625,1.1168
1689184800,1.1168,1.1178,1.1166,1.11765
1689188400,1.11765,1.11785,1.11715,1.1175
1689192000,1.11755,1.11755,1.11685,1.1169
1689199200,1.11675,1.11735,1.1166,1.1172
1689202800,1.11725,1.11775,1.1171,1.1177
1689206400,1.1177,1.1182,1.11745,1.1175
1689210000,1.11755,1.1182,1.1173,1.11815
1689213600,1.11815,1.1184,1.1176,1.1182
1689217200,1.1182,1.11855,1.11785,1.1182
1689220800,1.11825,1.1185,1.1177,1.1177
1689224400,1.1177,1.11795,1.1166,1.1167
1689228000,1.11675,1.11865,1.1167,1.11845
1689231600,1.11845,1.11935,1.11725,1.11915
1689235200,1.1191,1.12065,1.1186,1.1197
1689238800,1.11965,1.1211,1.1191,1.12085
1689242400,1.1209,1.1209,1.1195,1.1207
1689246000,1.12075,1.1214,1.1204,1.12105
1689249600,1.12105,1.1232,1.11975,1.1216
1689253200,1.1216,1.12315,1.12125,1.12305
1689256800,1.12305,1.1232,1.1217,1.1232
1689260400,1.1232,1.1233,1.1222,1.1229
1689264000,1.1229,1.12455,1.1228,1.12425
1689267600,1.1242,1.12545,1.12385,1.1252
1689271200,1.12515,1.1259,1.1249,1.1259
1689274800,1.12585,1.12635,1.12555,1.12625
1689278400,1.12625,1.12645,1.126,1.1263
1689285600,1.126,1.12655,1.1259,1.12605
1689289200,1.126,1.1264,1.12575,1.12595
1689292800,1.12595,1.12605,1.12495,1.1259
1689296400,1.12585,1.127,1.12585,1.1269
1689300000,1.1269,1.1275,1.1267,1.1271
1689303600,1.12715,1.1279,1.12695,1.1277
1689307200,1.1277,1.1277,1.12685,1.1269
1689310800,1.1269,1.1271,1.12545,1.12555
1689314400,1.1256,1.12615,1.1242,1.12465
1689318000,1.12465,1.12575,1.12405,1.12575
1689321600,1.1257,1.12715,1.1257,1.1267
1689325200,1.1267,1.12805,1.1262,1.12625
1689328800,1.12625,1.12625,1.12515,1.12565
1689332400,1.12565,1.12705,1.12555,1.12605
1689336000,1.12605,1.12635,1.12465,1.12615
1689339600,1.1262,1.128,1.12535,1.1276
1689343200,1.1276,1.128,1.12515,1.12775
1689346800,1.12775,1.12805,1.12705,1.12715
1689350400,1.12715,1.1279,1.12685,1.1275
1689354000,1.12755,1.12755,1.12625,1.127
1689357600,1.127,1.12725,1.1267,1.127
1689361200,1.127,1.127,1.12615,1.1262
1689364800,1.12615,1.12655,1.126,1.1264
1689544800,1.12655,1.12675,1.126,1.12605
1689548400,1.1261,1.1265,1.1259,1.12625
1689552000,1.1263,1.1265,1.12585,1.12605
1689555600,1.1261,1.1263,1.1253,1.1254
1689559200,1.12535,1.12635,1.12505,1.12625
1689562800,1.12625,1.12645,1.126,1.12625
1689566400,1.1262,1.1263,1.1258,1.12625
1689570000,1.12625,1.12705,1.1258,1.12685
1689573600,1.1268,1.12755,1.12585,1.1269
1689577200,1.1269,1.12805,1.1265,1.128
1689580800,1.128,1.12845,1.12715,1.1273
1689584400,1.1273,1.128,1.127,1.1279
1689588000,1.12785,1.12785,1.1266,1.1267
1689591600,1.1267,1.1273,1.12645,1.12695
1689595200,1.1269,1.12725,1.1256,1.1271
1689598800,1.1271,1.12715,1.1239,1.1257
1689602400,1.1257,1.1269,1.12535,1.12675
1689606000,1.12675,1.12735,1.12605,1.12705
1689609600,1.1271,1.12735,1.12655,1.12685
1689613200,1.12685,1.128,1.1268,1.12755
1689616800,1.12755,1.12795,1.12745,1.12785
1689620400,1.12785,1.12815,1.12765,1.12795
1689624000,1.12795,1.12795,1.1272,1.1274
1689631200,1.1273,1.12755,1.1273,1.12745
1689634800,1.1275,1.1275,1.1272,1.12725
1689638400,1.12725,1.12815,1.12695,1.1277
1689642000,1.1277,1.12915,1.1274,1.12805
1689645600,1.12805,1.1284,1.1279,1.1283
1689649200,1.12825,1.129,1.12795,1.1289
1689652800,1.1289,1.12915,1.1285,1.12865
1689656400,1.12865,1.1299,1.12845,1.1285
1689660000,1.1285,1.1292,1.1275,1.1291
1689663600,1.1291,1.13105,1.1278,1.1289
1689667200,1.12885,1.1291,1.1263,1.12725
1689670800,1.12725,1.12845,1.12715,1.12835
1689674400,1.1284,1.12945,1.1282,1.1292
1689678000,1.1292,1.12925,1.12765,1.1288
1689681600,1.1288,1.1305,1.1258,1.12755
1689685200,1.1275,1.1281,1.12515,1.12615
1689688800,1.12615,1.1275,1.126,1.12715
1689692400,1.1272,1.12805,1.1256,1.12575
1689696000,1.1257,1.12635,1.12435,1.12495
1689699600,1.12495,1.12555,1.12445,1.12535
1689703200,1.1254,1.1266,1.12485,1.1264
1689706800,1.12635,1.12655,1.12595,1.12645
1689710400,1.1265,1.12665,1.1262,1.1263
1689717600,1.1262,1.12675,1.1262,1.1266
1689721200,1.12665,1.12665,1.12595,1.1263
1689724800,1.1263,1.1267,1.1262,1.12645
1689728400,1.12645,1.12655,1.12565,1.126
1689732000,1.126,1.12605,1.12505,1.1256
1689735600,1.1256,1.12615,1.1255,1.12605
1689739200,1.1261,1.1261,1.1254,1.1256
1689742800,1.12565,1.12705,1.1255,1.12695
1689746400,1.12695,1.12705,1.12305,1.12475
1689750000,1.12475,1.1272,1.1247,1.12615
1689753600,1.1261,1.12665,1.1254,1.12665
1689757200,1.12665,1.12745,1.126,1.1264
1689760800,1.1264,1.1264,1.12495,1.12505
1689764400,1.12505,1.12545,1.1244,1.1247
1689768000,1.1247,1.1258,1.1243,1.12515
1689771600,1.12515,1.1259,1.12475,1.12475
1689775200,1.1248,1.12485,1.1208,1.12245
1689778800,1.12245,1.12335,1.12235,1.1228
1689782400,1.1228,1.1229,1.12135,1.12255
1689786000,1.1226,1.1233,1.1224,1.12325
1689789600,1.12325,1.1236,1.12285,1.12355
1689793200,1.12355,1.1239,1.1232,1.12375
1689796800,1.12375,1.12385,1.1234,1.1236
1689804000,1.12355,1.12365,1.12315,1.12365
1689807600,1.12355,1.12375,1.12345,1.1237
1689811200,1.1237,1.12525,1.1236,1.12505
1689814800,1.12505,1.12605,1.1248,1.12585
1689818400,1.1258,1.12615,1.1253,1.12575
1689822000,1.12575,1.12595,1.1251,1.12575
1689825600,1.1258,1.1259,1.12525,1.12535
1689829200,1.12535,1.12555,1.12455,1.12495
1689832800,1.1249,1.12505,1.12375,1.1243
1689836400,1.12425,1.12535,1.12305,1.12375
1689840000,1.12375,1.1246,1.12335,1.1241
1689843600,1.12405,1.1247,1.12375,1.1244
1689847200,1.1244,1.1249,1.1234,1.1236
1689850800,1.1236,1.1245,1.1231,1.1239
1689854400,1.1239,1.12395,1.12095,1.1215
1689858000,1.12145,1.122,1.1204,1.12155
1689861600,1.1216,1.1221,1.1172,1.1179
1689865200,1.11785,1.1184,1.1164,1.1167
1689868800,1.11675,1.1171,1.11505,1.11565
1689872400,1.11565,1.1167,1.11535,1.1162
1689876000,1.11625,1.1163,1.1155,1.11585
1689879600,1.11585,1.11655,1.1158,1.11635
1689883200,1.11635,1.1164,1.11605,1.1161
1689890400,1.1165,1.1168,1.116,1.11665
1689894000,1.11665,1.1169,1.11645,1.11655
1689897600,1.11655,1.11695,1.1161,1.1169
1689901200,1.1169,1.1172,1.11625,1.11705
1689904800,1.117,1.1173,1.11675,1.11715
1689908400,1.11705,1.1172,1.11655,1.11675
1689912000,1.11675,1.1171,1.11655,1.1171
1689915600,1.1171,1.1175,1.11645,1.11745
1689919200,1.1174,1.1176,1.1167,1.1174
1689922800,1.11745,1.1176,1.1156,1.11595
1689926400,1.1159,1.1169,1.1153,1.11595
1689930000,1.11595,1.11635,1.1153,1.1159
1689933600,1.1159,1.11605,1.11515,1.1157
1689937200,1.1157,1.1163,1.1148,1.11495
1689940800,1.11495,1.1166,1.11495,1.116
1689944400,1.11595,1.11695,1.11435,1.115
1689948000,1.11505,1.11505,1.1139,1.11445
1689951600,1.11445,1.11575,1.11435,1.1151
1689955200,1.1151,1.11565,1.1147,1.1155
1689958800,1.1155,1.116,1.11545,1.11575
1689962400,1.11575,1.11615,1.1155,1.1156
1689966000,1.11565,1.11565,1.11505,1.11565
1689969600,1.1157,1.11605,1.1156,1.1159
1690149600,1.116,1.1162,1.1155,1.1159
1690153200,1.11595,1.1161,1.11545,1.1155
1690156800,1.11555,1.11635,1.1154,1.11605
1690160400,1.1161,1.11615,1.115,1.1153
1690164000,1.1153,1.1162,1.1152,1.1157
1690167600,1.1157,1.116,1.1156,1.11565
1690171200,1.11565,1.11565,1.1148,1.1151
1690174800,1.1151,1.1163,1.115,1.1163
1690178400,1.1163,1.11715,1.11555,1.11665
1690182000,1.11665,1.11775,1.1105,1.11115
1690185600,1.11115,1.11185,1.10955,1.11015
1690189200,1.11015,1.11225,1.11,1.11125
1690192800,1.11125,1.1124,1.1111,1.11225
1690196400,1.11225,1.114,1.1119,1.11285
1690200000,1.1128,1.1131,1.1113,1.11185
1690203600,1.11185,1.11355,1.11055,1.11155
1690207200,1.1116,1.11215,1.1099,1.111
1690210800,1.11095,1.11145,1.1102,1.1113
1690214400,1.1113,1.1114,1.1102,1.1112
1690218000,1.1112,1.1115,1.10995,1.11055
1690221600,1.11055,1.11055,1.10975,1.11015
1690225200,1.11015,1.1103,1.10905,1.1091
1690228800,1.1091,1.1096,1.1091,1.1095
1690236000,1.1094,1.10965,1.10925,1.1093
1690239600,1.10925,1.1095,1.109,1.1093
1690243200,1.10935,1.11,1.1093,1.10975
1690246800,1.10975,1.11075,1.1097,1.1104
1690250400,1.1104,1.11115,1.11005,1.11105
1690254000,1.11105,1.11105,1.1106,1.1108
1690257600,1.1108,1.1109,1.1099,1.11
1690261200,1.11,1.11085,1.1099,1.1106
1690264800,1.1106,1.1117,1.11015,1.111
1690268400,1.11095,1.1115,1.11,1.1101
1690272000,1.11005,1.11015,1.10825,1.1095
1690275600,1.1095,1.10975,1.10715,1.10725
1690279200,1.1072,1.1077,1.10705,1.1075
1690282800,1.1075,1.108,1.10685,1.1079
1690286400,1.1079,1.1083,1.1072,1.10785
1690290000,1.1079,1.10795,1.10555,1.1068
1690293600,1.1069,1.1075,1.1051,1.10745
1690297200,1.10745,1.10835,1.1072,1.1079
1690300800,1.10795,1.1085,1.10715,1.1072
1690304400,1.1072,1.10725,1.10655,1.10695
1690308000,1.10695,1.10755,1.1066,1.10745
1690311600,1.1075,1.1083,1.1073,1.1082
1690315200,1.10815,1.10855,1.1081,1.1085
1690322400,1.10855,1.1087,1.1078,1.10805
1690326000,1.10805,1.10815,1.1078,1.1079
1690329600,1.10795,1.10825,1.1073,1.1075
1690333200,1.1075,1.1076,1.1067,1.10675
1690336800,1.1068,1.10755,1.1067,1.1075
1690340400,1.1075,1.108,1.10745,1.1079
1690344000,1.10785,1.10825,1.1076,1.10775
1690347600,1.1077,1.1092,1.10765,1.10915
1690351200,1.1091,1.11,1.10855,1.10925
1690354800,1.10925,1.1104,1.1086,1.1099
1690358400,1.10985,1.11065,1.1096,1.11045
1690362000,1.1105,1.1107,1.10975,1.11045
1690365600,1.1104,1.11155,1.1102,1.11115
1690369200,1.11115,1.1113,1.1089,1.1092
1690372800,1.1092,1.11005,1.10865,1.10975
1690376400,1.1098,1.1103,1.1087,1.10945
1690380000,1.1095,1.1101,1.1087,1.10935
1690383600,1.1093,1.11095,1.10915,1.11065
1690387200,1.11065,1.11115,1.10975,1.11015
1690390800,1.1101,1.1101,1.10875,1.10885
1690394400,1.1088,1.11345,1.1086,1.11335
1690398000,1.1134,1.11365,1.1108,1.11265
1690401600,1.11255,1.1126,1.11145,1.11155
1690408800,1.1116,1.11175,1.11125,1.11125
1690412400,1.11125,1.1113,1.11055,1.1106
1690416000,1.1106,1.1115,1.11055,1.1114
1690419600,1.1114,1.11285,1.1114,1.1127
1690423200,1.1127,1.11455,1.11265,1.1127
1690426800,1.11265,1.11335,1.1126,1.1128
1690430400,1.1128,1.1135,1.11235,1.11235
1690434000,1.11235,1.1127,1.1116,1.1116
1690437600,1.11165,1.11275,1.11165,1.11275
1690441200,1.11275,1.11615,1.11255,1.1156
1690444800,1.1156,1.11675,1.1152,1.11665
1690448400,1.1167,1.1172,1.1155,1.11675
1690452000,1.11675,1.1177,1.1164,1.1165
1690455600,1.11655,1.1169,1.11585,1.11665
1690459200,1.1166,1.1167,1.1075,1.1087
1690462800,1.10865,1.1093,1.1019,1.10355
1690466400,1.10355,1.10375,1.1011,1.10195
1690470000,1.1019,1.10305,1.10145,1.1024
1690473600,1.10245,1.10285,1.1013,1.10175
1690477200,1.10175,1.10375,1.1014,1.1026
1690480800,1.10255,1.1026,1.0999,1.1001
1690484400,1.10005,1.10015,1.0993,1.09945
1690488000,1.0994,1.10045,1.0993,1.10035
1690495200,1.1006,1.10105,1.10035,1.101
1690498800,1.10095,1.10095,1.10025,1.1005
1690502400,1.1005,1.1009,1.10045,1.10065
1690506000,1.1007,1.10125,1.10005,1.1009
1690509600,1.10085,1.10125,1.1004,1.10095
1690513200,1.10095,1.10155,1.09985,1.10035
1690516800,1.1003,1.10055,1.0986,1.1
1690520400,1.09995,1.1013,1.0975,1.1013
1690524000,1.10125,1.1018,1.0995,1.0998
1690527600,1.0998,1.10145,1.097,1.09785
1690531200,1.09785,1.0995,1.0974,1.0986
1690534800,1.09865,1.1004,1.0983,1.1
1690538400,1.1,1.10235,1.0997,1.102
1690542000,1.102,1.1045,1.10185,1.1036
1690545600,1.1036,1.10605,1.103,1.1036
1690549200,1.10355,1.10445,1.102,1.1044
1690552800,1.10445,1.10745,1.10435,1.1063
1690556400,1.10625,1.1067,1.10495,1.1065
1690560000,1.1065,1.107,1.10525,1.10525
1690563600,1.10525,1.10565,1.10425,1.10485
1690567200,1.10475,1.1057,1.1043,1.105
1690570800,1.10505,1.1054,1.10465,1.10505
1690574400,1.105,1.1051,1.1042,1.1043
1690754400,1.10445,1.10545,1.1044,1.10535
1690758000,1.1054,1.10545,1.105,1.10505
1690761600,1.10505,1.1054,1.1046,1.10485
1690765200,1.1049,1.1053,1.104,1.104
1690768800,1.10405,1.10425,1.10355,1.10415
1690772400,1.10415,1.10445,1.1038,1.1038
1690776000,1.1039,1.1039,1.1032,1.1032
1690779600,1.1032,1.1041,1.10315,1.10405
1690783200,1.10405,1.1044,1.1033,1.10375
1690786800,1.10375,1.10555,1.10375,1.1046
1690790400,1.1046,1.10625,1.1038,1.10605
1690794000,1.1061,1.1064,1.10525,1.1059
1690797600,1.10585,1.10665,1.10555,1.1063
1690801200,1.1063,1.1063,1.10495,1.1053
1690804800,1.1053,1.1065,1.1045,1.1055
1690808400,1.10545,1.1072,1.1041,1.1064
1690812000,1.1064,1.10725,1.10485,1.10515
1690815600,1.1051,1.1056,1.10385,1.1044
1690819200,1.1045,1.10465,1.103,1.1033
1690822800,1.1033,1.1038,1.103,1.1031
1690826400,1.1031,1.1034,1.10235,1.1025
1690830000,1.1025,1.1027,1.102,1.10215
1690833600,1.10215,1.10245,1.10195,1.1023
1690840800,1.1023,1.1029,1.1022,1.10265
1690844400,1.1027,1.1027,1.10225,1.10225
1690848000,1.10225,1.10275,1.1014,1.10145
1690851600,1.10145,1.10165,1.101,1.10115
1690855200,1.10115,1.10125,1.1006,1.1011
1690858800,1.1011,1.10145,1.10095,1.10115
1690862400,1.1011,1.10165,1.10075,1.1016
1690866000,1.10155,1.10245,1.1012,1.10245
1690869600,1.1025,1.1026,1.10135,1.102
1690873200,1.102,1.102,1.0996,1.1005
1690876800,1.1005,1.1012,1.09965,1.1
1690880400,1.1,1.1002,1.0991,1.10005
1690884000,1.10005,1.101,1.09945,1.10075
1690887600,1.10075,1.1008,1.0999,1.1001
1690891200,1.10005,1.10025,1.09775,1.09815
1690894800,1.0982,1.1003,1.0981,1.09985
1690898400,1.0999,1.10145,1.0986,1.1004
1690902000,1.10035,1.1011,1.09865,1.09955
1690905600,1.09955,1.10035,1.09935,1.09975
1690909200,1.09975,1.1002,1.0988,1.0989
1690912800,1.0989,1.1,1.09885,1.0999
1690916400,1.09985,1.10105,1.09985,1.10085
1690920000,1.10075,1.10105,1.1006,1.10095
1690927200,1.10395,1.1043,1.1023,1.10335
1690930800,1.10335,1.10415,1.1029,1.10325
1690934400,1.1032,1.10325,1.1017,1.10205
1690938000,1.10205,1.1032,1.1016,1.1016
1690941600,1.10165,1.1017,1.1005,1.1009
1690945200,1.1009,1.10135,1.1005,1.10115
1690948800,1.10115,1.1014,1.1006,1.1014
1690952400,1.10135,1.1025,1.10135,1.1019
1690956000,1.10195,1.10205,1.10055,1.10145
1690959600,1.10145,1.1022,1.1006,1.1015
1690963200,1.10145,1.1018,1.1001,1.1009
1690966800,1.10085,1.10095,1.10005,1.10055
1690970400,1.1005,1.1005,1.0993,1.10035
1690974000,1.1004,1.1005,1.09975,1.1003
1690977600,1.1003,1.1012,1.0982,1.09845
1690981200,1.09845,1.09925,1.09745,1.09745
1690984800,1.0975,1.0975,1.09425,1.0952
1690988400,1.09515,1.09685,1.09475,1.09625
1690992000,1.0963,1.09775,1.09615,1.0975
1690995600,1.09755,1.0982,1.09705,1.09705
1690999200,1.09705,1.0974,1.09655,1.09675
1691002800,1.0968,1.097,1.09595,1.09645
1691006400,1.0964,1.09645,1.09605,1.0964
1691013600,1.09625,1.0968,1.0962,1.0968
1691017200,1.0968,1.0969,1.0966,1.0967
1691020800,1.09665,1.0967,1.09605,1.09635
1691024400,1.0963,1.09725,1.0961,1.0967
1691028000,1.0967,1.0968,1.09575,1.09575
1691031600,1.09585,1.09585,1.09535,1.0958
1691035200,1.09575,1.09595,1.09455,1.09465
1691038800,1.09465,1.0964,1.09425,1.0963
1691042400,1.09625,1.09665,1.09435,1.0945
1691046000,1.0945,1.0951,1.0937,1.09425
1691049600,1.09415,1.09475,1.0935,1.09475
1691053200,1.09475,1.09615,1.09465,1.09545
1691056800,1.0955,1.09585,1.0945,1.0957
1691060400,1.0957,1.09715,1.0947,1.09575
1691064000,1.09575,1.09795,1.0945,1.0961
1691067600,1.0961,1.09635,1.09385,1.09415
1691071200,1.0942,1.09705,1.09385,1.0955
1691074800,1.09545,1.09775,1.0953,1.097
1691078400,1.097,1.0986,1.0968,1.09785
1691082000,1.0978,1.098,1.09665,1.09705
1691085600,1.09705,1.0975,1.0965,1.0966
1691089200,1.09665,1.09675,1.09615,1.0967
1691092800,1.09665,1.09735,1.09665,1.09715
1691100000,1.0972,1.0975,1.097,1.0974
1691103600,1.09745,1.0976,1.09725,1.0973
1691107200,1.0973,1.09775,1.0969,1.09775
1691110800,1.0978,1.0984,1.09765,1.0979
1691114400,1.0979,1.0984,1.0975,1.0978
1691118000,1.09775,1.0983,1.0976,1.09765
1691121600,1.0977,1.09785,1.0972,1.09725
1691125200,1.09725,1.09805,1.097,1.09745
1691128800,1.0975,1.0981,1.09685,1.0971
1691132400,1.09705,1.09765,1.09665,1.097
1691136000,1.09695,1.0975,1.09605,1.09625
1691139600,1.09625,1.0968,1.09575,1.0967
1691143200,1.0967,1.0971,1.09615,1.09665
1691146800,1.0967,1.09685,1.09605,1.0961
1691150400,1.09605,1.10205,1.0952,1.10115
1691154000,1.10115,1.1053,1.10095,1.10355
1691157600,1.1035,1.1051,1.1025,1.10465
1691161200,1.10455,1.1065,1.10415,1.1058
1691164800,1.1058,1.10625,1.1052,1.10565
1691168400,1.1057,1.1062,1.10505,1.10515
1691172000,1.1051,1.10515,1.1031,1.10325
1691175600,1.10325,1.1034,1.10265,1.103
1691179200,1.103,1.1035,1.1027,1.1032
1691359200,1.10325,1.1037,1.10255,1.1028
1691362800,1.1028,1.1028,1.1023,1.1025
1691366400,1.1025,1.1034,1.1023,1.10325
1691370000,1.1032,1.10325,1.10175,1.1023
1691373600,1.1023,1.1026,1.10195,1.1023
1691377200,1.10225,1.10245,1.10175,1.10175
1691380800,1.10175,1.10195,1.1014,1.10185
1691384400,1.10185,1.102,1.1004,1.1005
1691388000,1.10055,1.10085,1.09925,1.10025
1691391600,1.10025,1.1017,1.09985,1.1015
1691395200,1.10145,1.10145,1.09955,1.09965
1691398800,1.09965,1.09995,1.0988,1.09885
1691402400,1.09885,1.09965,1.09875,1.0996
1691406000,1.09955,1.10075,1.09945,1.10065
1691409600,1.10065,1.10195,1.1002,1.10185
1691413200,1.10185,1.10355,1.1014,1.10155
1691416800,1.10155,1.10305,1.10085,1.1024
1691420400,1.1024,1.1029,1.10165,1.1021
1691424000,1.1021,1.10255,1.10145,1.1023
1691427600,1.10225,1.1029,1.10175,1.1028
1691431200,1.10285,1.10325,1.1027,1.10295
1691434800,1.10295,1.10305,1.1025,1.1027
1691438400,1.10265,1.1027,1.10215,1.1025
1691445600,1.1024,1.10255,1.1023,1.10235
1691449200,1.1024,1.1027,1.1024,1.10245
1691452800,1.1025,1.1027,1.1012,1.1014
1691456400,1.10135,1.1014,1.10005,1.1001
1691460000,1.1001,1.10115,1.0999,1.101
1691463600,1.10105,1.1012,1.1003,1.10035
1691467200,1.10035,1.1014,1.1002,1.1014
1691470800,1.1014,1.10215,1.10115,1.1021
1691474400,1.1021,1.1033,1.10155,1.1019
1691478000,1.1019,1.102,1.09955,1.10005
1691481600,1.1,1.10085,1.09965,1.10065
1691485200,1.1007,1.1008,1.09885,1.0992
1691488800,1.0992,1.09935,1.09735,1.0975
1691492400,1.09755,1.09785,1.09585,1.09625
1691496000,1.09625,1.09725,1.0956,1.09645
1691499600,1.0964,1.09775,1.09545,1.09595
1691503200,1.096,1.09735,1.09505,1.0967
1691506800,1.0967,1.09775,1.0963,1.0971
1691510400,1.0972,1.0979,1.09695,1.09695
1691514000,1.09695,1.09825,1.09695,1.0981
1691517600,1.0981,1.0982,1.09735,1.09805
1691521200,1.09805,1.09835,1.0978,1.0979
1691524800,1.0979,1.09795,1.09745,1.0978
1691532000,1.09775,1.09775,1.0973,1.0973
1691535600,1.0973,1.0981,1.0973,1.098
1691539200,1.09805,1.0986,1.0979,1.0979
1691542800,1.09785,1.0991,1.09765,1.09845
1691546400,1.0984,1.09905,1.09825,1.0989
1691550000,1.09895,1.0992,1.0987,1.09875
1691553600,1.09875,1.099,1.0984,1.09875
1691557200,1.0988,1.09995,1.0988,1.09975
1691560800,1.0997,1.10005,1.0991,1.0994
1691564400,1.09935,1.1006,1.0992,1.10055
1691568000,1.1005,1.10095,1.0994,1.10045
1691571600,1.10045,1.1008,1.09985,1.09995
1691575200,1.09995,1.1002,1.09955,1.0997
1691578800,1.0997,1.1002,1.099,1.0991
1691582400,1.0991,1.1003,1.0983,1.1003
1691586000,1.1003,1.10095,1.09925,1.1001
1691589600,1.10015,1.10165,1.0998,1.10035
1691593200,1.10035,1.10085,1.09945,1.09955
1691596800,1.0995,1.1003,1.09945,1.09995
1691600400,1.0999,1.1013,1.0996,1.1001
1691604000,1.1001,1.1001,1.09955,1.0996
1691607600,1.09965,1.1003,1.0994,1.0994
1691611200,1.0994,1.0996,1.0992,1.09955
1691618400,1.0997,1.09985,1.0996,1.0996
1691622000,1.0996,1.09975,1.09945,1.09965
1691625600,1.09965,1.09975,1.09865,1.09905
1691629200,1.09905,1.0995,1.0987,1.09925
1691632800,1.0992,1.1,1.0991,1.09985
1691636400,1.09985,1.10015,1.0997,1.09985
1691640000,1.09985,1.10075,1.09985,1.09985
1691643600,1.09985,1.1005,1.0998,1.10045
1691647200,1.10045,1.10185,1.10025,1.1014
1691650800,1.10135,1.10385,1.10125,1.1028
1691654400,1.10275,1.1046,1.10275,1.1038
1691658000,1.1038,1.10445,1.10355,1.104
1691661600,1.10405,1.1047,1.10385,1.1047
1691665200,1.10475,1.10495,1.1034,1.1036
1691668800,1.1036,1.1085,1.10295,1.1061
1691672400,1.10615,1.10655,1.1027,1.1059
1691676000,1.10595,1.10635,1.1032,1.10375
1691679600,1.10375,1.10415,1.1028,1.1035
1691683200,1.10345,1.1039,1.10295,1.1033
1691686800,1.10325,1.10335,1.09955,1.0999
1691690400,1.0999,1.1012,1.0998,1.10105
1691694000,1.101,1.10105,1.0998,1.09985
1691697600,1.0999,1.10015,1.09975,1.1001
1691704800,1.1002,1.10035,1.09995,1.10015
1691708400,1.1002,1.1004,1.1,1.10005
1691712000,1.10005,1.1008,1.09985,1.1007
1691715600,1.1007,1.10165,1.10055,1.1013
1691719200,1.1013,1.1013,1.10045,1.10075
1691722800,1.10075,1.101,1.10045,1.10055
1691726400,1.1006,1.1009,1.1003,1.10045
1691730000,1.1004,1.10125,1.1003,1.1012
1691733600,1.10115,1.1021,1.10085,1.101
1691737200,1.10095,1.1018,1.10065,1.1011
1691740800,1.1011,1.10225,1.1009,1.1018
1691744400,1.1018,1.10195,1.0995,1.09955
1691748000,1.0996,1.1015,1.09955,1.1012
1691751600,1.10115,1.10215,1.10085,1.1016
1691755200,1.1016,1.10245,1.09845,1.0987
1691758800,1.09865,1.1,1.09735,1.0982
1691762400,1.0982,1.10025,1.0977,1.0991
1691766000,1.0991,1.09945,1.09695,1.0975
1691769600,1.0975,1.0983,1.09645,1.09655
1691773200,1.09655,1.09745,1.09615,1.0964
1691776800,1.0964,1.097,1.0962,1.09695
1691780400,1.09695,1.09695,1.0962,1.09655
1691784000,1.09655,1.0968,1.0963,1.0966
1691964000,1.0967,1.0969,1.0958,1.09605
1691967600,1.096,1.0963,1.0959,1.09615
1691971200,1.09615,1.0965,1.0954,1.0955
1691974800,1.0955,1.0959,1.0949,1.09535
1691978400,1.0954,1.0956,1.0948,1.09485
1691982000,1.09485,1.09515,1.0947,1.095
1691985600,1.09495,1.09535,1.09495,1.09535
1691989200,1.09535,1.09585,1.09505,1.09555
1691992800,1.09555,1.0956,1.0944,1.095
1691996400,1.095,1.0974,1.0948,1.097
1692000000,1.09695,1.0978,1.09635,1.09645
1692003600,1.09645,1.09705,1.096,1.0968
1692007200,1.0968,1.09715,1.0963,1.09635
1692010800,1.0963,1.0964,1.0955,1.09575
1692014400,1.0957,1.0959,1.092,1.0924
1692018000,1.0924,1.09255,1.0892,1.08995
1692021600,1.08995,1.0927,1.0898,1.0921
1692025200,1.0921,1.0944,1.092,1.09385
1692028800,1.09385,1.0954,1.0938,1.09465
1692032400,1.09465,1.0949,1.0933,1.0935
1692036000,1.0935,1.09385,1.09215,1.0923
1692039600,1.09225,1.0931,1.092,1.09205
1692043200,1.09205,1.0925,1.09205,1.09235
1692050400,1.09235,1.09255,1.09205,1.0925
1692054000,1.09245,1.09255,1.09215,1.09255
1692057600,1.09255,1.0927,1.09185,1.09245
1692061200,1.09245,1.09325,1.09175,1.09275
1692064800,1.09265,1.09345,1.0925,1.09265
1692068400,1.09265,1.0935,1.09265,1.09315
1692072000,1.09315,1.09315,1.09265,1.09275
1692075600,1.0927,1.09315,1.09235,1.0929
1692079200,1.0929,1.09435,1.09275,1.0941
1692082800,1.09405,1.0948,1.09325,1.0941
1692086400,1.09405,1.0952,1.09355,1.09455
1692090000,1.09455,1.09625,1.0939,1.09575
1692093600,1.09575,1.09605,1.09505,1.09525
1692097200,1.0952,1.09535,1.09445,1.0947
1692100800,1.09465,1.095,1.0914,1.09395
1692104400,1.09395,1.09705,1.09345,1.09585
1692108000,1.09585,1.0965,1.0942,1.09585
1692111600,1.09585,1.09625,1.0941,1.09445
1692115200,1.09445,1.0946,1.09325,1.09355
1692118800,1.0935,1.0939,1.09335,1.0935
1692122400,1.09355,1.0937,1.0921,1.09215
1692126000,1.09215,1.0924,1.09165,1.0923
1692129600,1.09235,1.09235,1.09195,1.09225
1692136800,1.09215,1.09225,1.0919,1.092
1692140400,1.09195,1.0922,1.0919,1.0921
1692144000,1.09205,1.0922,1.0916,1.092
1692147600,1.09195,1.09285,1.0916,1.09225
1692151200,1.09225,1.09275,1.0921,1.09215
1692154800,1.09215,1.0927,1.0921,1.09235
1692158400,1.0923,1.09305,1.0923,1.093
1692162000,1.093,1.09345,1.0928,1.0933
1692165600,1.09325,1.09435,1.09275,1.0936
1692169200,1.0936,1.09435,1.09335,1.094
1692172800,1.09395,1.0951,1.0939,1.0945
1692176400,1.09445,1.0949,1.0938,1.0943
1692180000,1.09435,1.09435,1.09325,1.0935
1692183600,1.0935,1.0936,1.0923,1.09305
1692187200,1.093,1.0935,1.09195,1.09195
1692190800,1.0919,1.09405,1.09125,1.0926
1692194400,1.0926,1.09405,1.0913,1.0923
1692198000,1.09235,1.09295,1.09135,1.09195
1692201600,1.09195,1.09215,1.0903,1.09035
1692205200,1.09035,1.09085,1.0901,1.09065
1692208800,1.09065,1.0917,1.08945,1.08975
1692212400,1.08975,1.0898,1.08885,1.0891
1692216000,1.0891,1.08965,1.08905,1.0896
1692223200,1.0896,1.08985,1.08945,1.08945
1692226800,1.0895,1.0895,1.0889,1.089
1692230400,1.089,1.089,1.0882,1.0885
1692234000,1.0885,1.0886,1.0877,1.08815
1692237600,1.08815,1.08855,1.088,1.0882
1692241200,1.08815,1.08835,1.0878,1.08795
1692244800,1.08795,1.08845,1.0878,1.0884
1692248400,1.0884,1.0889,1.0878,1.0889
1692252000,1.08885,1.0902,1.08855,1.08985
1692255600,1.0899,1.09005,1.089,1.0896
1692259200,1.08955,1.08995,1.08845,1.08885
1692262800,1.0888,1.08895,1.08795,1.0889
1692266400,1.0889,1.0903,1.08885,1.0899
1692270000,1.0899,1.0911,1.08965,1.091
1692273600,1.09095,1.09345,1.0901,1.09215
1692277200,1.0921,1.09335,1.0913,1.0915
1692280800,1.0915,1.0915,1.08995,1.0905
1692284400,1.09045,1.09055,1.08825,1.0889
1692288000,1.08895,1.0905,1.0884,1.0893
1692291600,1.08935,1.08935,1.08725,1.08765
1692295200,1.08765,1.08785,1.08715,1.08725
1692298800,1.08725,1.0889,1.08725,1.0887
1692302400,1.0887,1.0889,1.0885,1.08885
1692309600,1.0888,1.08895,1.0885,1.08885
1692313200,1.0889,1.08905,1.0887,1.0889
1692316800,1.08895,1.09065,1.08865,1.0904
1692320400,1.09045,1.09075,1.0899,1.09055
1692324000,1.09055,1.0909,1.09015,1.0903
1692327600,1.0903,1.09035,1.08975,1.0901
1692331200,1.09015,1.09025,1.0895,1.0897
1692334800,1.0897,1.09,1.0891,1.0898
1692338400,1.0898,1.0902,1.0886,1.0887
1692342000,1.08865,1.0893,1.0879,1.08875
1692345600,1.08875,1.0892,1.08785,1.08825
1692349200,1.0882,1.0888,1.0877,1.0883
1692352800,1.0883,1.0891,1.08765,1.0878
1692356400,1.0878,1.08855,1.08745,1.0878
1692360000,1.08775,1.0882,1.08595,1.08705
1692363600,1.08705,1.0891,1.0868,1.0886
1692367200,1.0886,1.08965,1.08825,1.0887
1692370800,1.0887,1.0895,1.0884,1.08895
1692374400,1.08895,1.08905,1.0883,1.0888
1692378000,1.08885,1.08965,1.08835,1.08945
1692381600,1.08945,1.0895,1.08885,1.08925
1692385200,1.08925,1.0894,1.0887,1.08875
1692388800,1.08875,1.0889,1.08835,1.0886
1692568800,1.0889,1.0893,1.0887,1.0888
1692572400,1.0889,1.08895,1.0886,1.08895
1692576000,1.08895,1.0899,1.0889,1.0894
1692579600,1.0894,1.0894,1.0884,1.0888
1692583200,1.08875,1.08985,1.08845,1.0896
1692586800,1.0896,1.08975,1.08935,1.0895
1692590400,1.08945,1.08975,1.08925,1.08955
1692594000,1.08955,1.09015,1.0893,1.08955
1692597600,1.08955,1.0897,1.0887,1.0892
1692601200,1.0892,1.09035,1.08865,1.09035
1692604800,1.0903,1.0905,1.08965,1.09005
1692608400,1.09005,1.09195,1.09005,1.0916
1692612000,1.0916,1.0919,1.09065,1.0914
1692615600,1.09135,1.0929,1.09125,1.0924
1692619200,1.09235,1.09275,1.09085,1.0913
1692622800,1.09135,1.0915,1.0895,1.09015
1692626400,1.0902,1.0905,1.089,1.09015
1692630000,1.0902,1.0907,1.08965,1.09025
1692633600,1.09025,1.0919,1.0902,1.09165
1692637200,1.0916,1.0918,1.09115,1.0914
1692640800,1.09145,1.0918,1.0912,1.0913
1692644400,1.09135,1.09165,1.0909,1.09105
1692648000,1.0911,1.0911,1.0907,1.09105
1692655200,1.0911,1.09125,1.0909,1.091
1692658800,1.09105,1.09155,1.091,1.0912
1692662400,1.0912,1.09145,1.09075,1.09145
1692666000,1.09145,1.0924,1.09125,1.09205
1692669600,1.09205,1.0927,1.09205,1.0922
1692673200,1.09215,1.093,1.092,1.09295
1692676800,1.09295,1.0931,1.0923,1.09235
1692680400,1.0924,1.0928,1.0919,1.09195
1692684000,1.092,1.09355,1.09195,1.0932
1692687600,1.0932,1.09445,1.09315,1.094
1692691200,1.09395,1.0943,1.0921,1.09245
1692694800,1.0924,1.09265,1.0912,1.0921
1692698400,1.0921,1.0924,1.0899,1.09005
1692702000,1.09005,1.09045,1.08945,1.08985
1692705600,1.08985,1.0905,1.0878,1.08795
1692709200,1.08795,1.0885,1.0855,1.08575
1692712800,1.0858,1.08675,1.08465,1.0865
1692716400,1.08645,1.08695,1.0858,1.0859
1692720000,1.08595,1.0865,1.08585,1.0863
1692723600,1.0863,1.0869,1.0861,1.0866
1692727200,1.0866,1.08695,1.08645,1.0866
1692730800,1.08665,1.08665,1.08575,1.08595
1692734400,1.08595,1.0863,1.0859,1.086
1692741600,1.08575,1.0861,1.08575,1.08595
1692745200,1.08595,1.08615,1.0859,1.086
1692748800,1.086,1.0867,1.08595,1.08605
1692752400,1.08605,1.08695,1.0858,1.08685
1692756000,1.08685,1.0871,1.0866,1.08675
1692759600,1.08675,1.0873,1.08655,1.08705
1692763200,1.08705,1.0874,1.0868,1.08735
1692766800,1.0874,1.08765,1.0872,1.0876
1692770400,1.08755,1.0878,1.0865,1.0875
1692774000,1.08745,1.0885,1.08245,1.0831
1692777600,1.0831,1.0844,1.08285,1.0832
1692781200,1.08325,1.08335,1.0821,1.08225
1692784800,1.0823,1.0825,1.08185,1.08205
1692788400,1.08205,1.08315,1.0817,1.0824
1692792000,1.0824,1.0826,1.08155,1.08175
1692795600,1.08175,1.0858,1.08165,1.0851
1692799200,1.08515,1.08675,1.0848,1.0859
1692802800,1.0859,1.08765,1.0858,1.0875
1692806400,1.08745,1.0882,1.08695,1.08765
1692810000,1.08765,1.08835,1.08735,1.0878
1692813600,1.08775,1.0878,1.0869,1.0872
1692817200,1.08725,1.088,1.0872,1.08775
1692820800,1.0877,1.0879,1.08745,1.0877
1692828000,1.08765,1.08795,1.08755,1.08765
1692831600,1.08765,1.0878,1.08725,1.08775
1692835200,1.08775,1.08865,1.0875,1.08815
1692838800,1.08815,1.08815,1.08705,1.0873
1692842400,1.0873,1.0879,1.087,1.0877
1692846000,1.0877,1.0883,1.08745,1.08775
1692849600,1.0878,1.08815,1.08755,1.08815
1692853200,1.08815,1.08885,1.08805,1.08825
1692856800,1.0883,1.08855,1.0868,1.08685
1692860400,1.0869,1.08725,1.08635,1.0868
1692864000,1.08675,1.0876,1.0867,1.0874
1692867600,1.08735,1.0875,1.08585,1.08605
1692871200,1.086,1.0868,1.0858,1.0867
1692874800,1.08665,1.08705,1.08535,1.0854
1692878400,1.0854,1.0856,1.08255,1.0832
1692882000,1.08325,1.08555,1.08315,1.08535
1692885600,1.0854,1.08605,1.08465,1.0851
1692889200,1.0851,1.08525,1.08345,1.0837
1692892800,1.0837,1.08395,1.08295,1.0833
1692896400,1.0833,1.08355,1.08255,1.08275
1692900000,1.08275,1.08315,1.08205,1.08205
1692903600,1.08205,1.08245,1.0817,1.08175
1692907200,1.0817,1.08235,1.08165,1.08225
1692914400,1.0824,1.0824,1.08175,1.0818
1692918000,1.08185,1.08185,1.08035,1.081
1692921600,1.081,1.0815,1.0805,1.0806
1692925200,1.08055,1.08065,1.07985,1.08
1692928800,1.08,1.08005,1.0794,1.07975
1692932400,1.0797,1.07985,1.0791,1.07915
1692936000,1.0792,1.07945,1.07875,1.07935
1692939600,1.07935,1.0803,1.07895,1.0801
1692943200,1.0801,1.0802,1.07905,1.0792
1692946800,1.0792,1.0803,1.07795,1.07825
1692950400,1.0782,1.0799,1.0777,1.07975
1692954000,1.0797,1.08055,1.0796,1.08005
1692957600,1.0801,1.08145,1.08005,1.08135
1692961200,1.08135,1.0822,1.08105,1.0814
1692964800,1.08135,1.08285,1.08115,1.0824
1692968400,1.08235,1.0826,1.08105,1.08195
1692972000,1.08195,1.0853,1.07765,1.07825
1692975600,1.07825,1.0802,1.0779,1.0797
1692979200,1.07975,1.0811,1.07965,1.0807
1692982800,1.08075,1.08135,1.08015,1.081
1692986400,1.081,1.0824,1.081,1.0818
1692990000,1.0818,1.0822,1.0811,1.0814
1692993600,1.08145,1.08145,1.08025,1.0807
1693173600,1.08085,1.08115,1.0805,1.0805
1693177200,1.0806,1.0812,1.0804,1.08075
1693180800,1.08075,1.08155,1.0807,1.0813
1693184400,1.0813,1.0821,1.08125,1.0813
1693188000,1.08135,1.08205,1.08125,1.08195
1693191600,1.08195,1.0821,1.0818,1.082
1693195200,1.082,1.0822,1.08165,1.08185
1693198800,1.0818,1.08245,1.0816,1.0821
1693202400,1.08205,1.083,1.08205,1.0827
1693206000,1.0827,1.08315,1.08185,1.08195
1693209600,1.08195,1.08215,1.081,1.08115
1693213200,1.0811,1.08195,1.08105,1.0818
1693216800,1.0818,1.08325,1.08165,1.0822
1693220400,1.08225,1.0823,1.08135,1.0815
1693224000,1.08145,1.0822,1.0813,1.0821
1693227600,1.0821,1.0824,1.08095,1.0818
1693231200,1.0818,1.08245,1.08095,1.08165
1693234800,1.08165,1.0821,1.08135,1.08195
1693238400,1.082,1.08235,1.08145,1.08185
1693242000,1.08185,1.0822,1.08145,1.08195
1693245600,1.0819,1.0823,1.08165,1.08225
1693249200,1.0822,1.08305,1.08195,1.08285
1693252800,1.08285,1.083,1.0826,1.0829
1693260000,1.083,1.08375,1.08295,1.0836
1693263600,1.08355,1.084,1.0834,1.0836
1693267200,1.08355,1.08415,1.0831,1.0834
1693270800,1.0834,1.08475,1.08335,1.08445
1693274400,1.0845,1.08455,1.08395,1.08455
1693278000,1.08455,1.08485,1.0843,1.0846
1693281600,1.0846,1.08465,1.0834,1.08345
1693285200,1.0834,1.0836,1.0831,1.0832
1693288800,1.08315,1.08335,1.08185,1.0819
1693292400,1.0819,1.084,1.0819,1.083
1693296000,1.083,1.0833,1.08185,1.082
1693299600,1.082,1.0826,1.08155,1.08235
1693303200,1.08235,1.0826,1.0814,1.08165
1693306800,1.0816,1.0822,1.08135,1.0814
1693310400,1.0814,1.08165,1.0796,1.0802
1693314000,1.08025,1.08165,1.0792,1.0814
1693317600,1.08145,1.0861,1.08135,1.08385
1693321200,1.08385,1.08675,1.0836,1.0861
1693324800,1.08605,1.08745,1.08575,1.0873
1693328400,1.0873,1.0887,1.0873,1.0884
1693332000,1.0884,1.0884,1.0871,1.0882
1693335600,1.0882,1.0902,1.088,1.08955
1693339200,1.0896,1.0896,1.08885,1.089
1693346400,1.08885,1.0895,1.08885,1.08945
1693350000,1.0895,1.0895,1.08785,1.0879
1693353600,1.08795,1.08815,1.0877,1.08795
1693357200,1.088,1.0882,1.08775,1.08785
1693360800,1.08785,1.08805,1.08735,1.0877
1693364400,1.0877,1.08795,1.08765,1.0879
1693368000,1.0879,1.0879,1.08705,1.0871
1693371600,1.087,1.0881,1.08655,1.0876
1693375200,1.08765,1.08865,1.08745,1.0879
1693378800,1.0879,1.08835,1.08685,1.0875
1693382400,1.08745,1.08775,1.08645,1.0877
1693386000,1.08775,1.0903,1.0876,1.08985
1693389600,1.08985,1.09015,1.08895,1.09005
1693393200,1.09,1.09015,1.08885,1.0889
1693396800,1.08885,1.09355,1.08845,1.0931
1693400400,1.09305,1.09555,1.0923,1.09545
1693404000,1.0955,1.0955,1.09355,1.0939
1693407600,1.09385,1.0944,1.09325,1.0936
1693411200,1.0936,1.0936,1.0928,1.0936
1693414800,1.0936,1.0943,1.0929,1.093
1693418400,1.093,1.0934,1.09265,1.0933
1693422000,1.09335,1.09345,1.09285,1.09315
1693425600,1.09315,1.0934,1.0931,1.0933
1693432800,1.0937,1.09375,1.09335,1.0934
1693436400,1.09345,1.09395,1.0934,1.09375
1693440000,1.0937,1.0942,1.0936,1.09405
1693443600,1.09405,1.09475,1.09355,1.0936
1693447200,1.0937,1.09375,1.0929,1.09295
1693450800,1.09295,1.0931,1.0928,1.09285
1693454400,1.09285,1.0931,1.0926,1.09265
1693458000,1.0926,1.0928,1.09245,1.09255
1693461600,1.0926,1.0932,1.0915,1.09155
1693465200,1.0915,1.09165,1.08975,1.09005
1693468800,1.09,1.0901,1.08845,1.08855
1693472400,1.0886,1.08885,1.0872,1.08815
1693476000,1.08815,1.0884,1.08705,1.08805
1693479600,1.0881,1.0881,1.0865,1.0876
1693483200,1.08755,1.08925,1.08725,1.0882
1693486800,1.08815,1.0882,1.0848,1.08565
1693490400,1.0857,1.0864,1.08475,1.0862
1693494000,1.0862,1.08665,1.0844,1.0846
1693497600,1.0846,1.0852,1.08425,1.0846
1693501200,1.08465,1.08595,1.0844,1.0856
1693504800,1.08565,1.0862,1.08505,1.08535
1693508400,1.0853,1.0858,1.08495,1.0851
1693512000,1.08515,1.08545,1.08485,1.085
1693519200,1.08505,1.0852,1.0848,1.08495
1693522800,1.08495,1.0853,1.08495,1.08495
1693526400,1.08495,1.0852,1.0844,1.08455
1693530000,1.08455,1.08615,1.0845,1.0854
1693533600,1.0854,1.08595,1.0849,1.08515
1693537200,1.08515,1.0852,1.08475,1.0849
1693540800,1.08485,1.08545,1.0845,1.0854
1693544400,1.0854,1.0856,1.0851,1.08535
1693548000,1.0853,1.0857,1.08355,1.0857
1693551600,1.0857,1.0867,1.0852,1.08635
1693555200,1.0863,1.08635,1.08535,1.0856
1693558800,1.08555,1.08635,1.0855,1.08565
1693562400,1.0857,1.08575,1.0851,1.0853
1693566000,1.0853,1.08575,1.08405,1.08405
1693569600,1.08405,1.08895,1.0832,1.08715
1693573200,1.0872,1.08885,1.085,1.0853
1693576800,1.0853,1.0855,1.08115,1.08155
1693580400,1.08155,1.0816,1.07935,1.07935
1693584000,1.0794,1.0794,1.0787,1.0791
1693587600,1.0791,1.0796,1.07895,1.07915
1693591200,1.0791,1.07915,1.07825,1.07855
1693594800,1.0786,1.07875,1.0779,1.0782
1693598400,1.0782,1.07845,1.07795,1.07805
1693778400,1.07815,1.0784,1.0778,1.078
1693782000,1.078,1.0783,1.0778,1.07825
1693785600,1.07825,1.0787,1.078,1.07855
1693789200,1.0785,1.0789,1.07815,1.0783
1693792800,1.07835,1.0794,1.07835,1.07925
1693796400,1.0792,1.07935,1.07905,1.07925
1693800000,1.0792,1.0794,1.07875,1.07935
1693803600,1.07935,1.0797,1.0792,1.0794
1693807200,1.07935,1.0801,1.07905,1.0797
1693810800,1.0797,1.08135,1.07955,1.0802
1693814400,1.0802,1.0808,1.0798,1.08045
1693818000,1.08045,1.08075,1.07995,1.08015
1693821600,1.08015,1.08115,1.08005,1.08115
1693825200,1.08115,1.08155,1.08065,1.0807
1693828800,1.0807,1.08085,1.08025,1.08045
1693832400,1.08045,1.0812,1.0802,1.08025
1693836000,1.08025,1.08025,1.079,1.07915
1693839600,1.07915,1.0806,1.07905,1.08055
1693843200,1.08055,1.0807,1.0799,1.0801
1693846800,1.0801,1.0803,1.08,1.0802
1693850400,1.0802,1.0803,1.08015,1.08025
1693854000,1.08025,1.08025,1.08,1.0801
1693857600,1.0801,1.0804,1.0801,1.08025
1693864800,1.0802,1.0805,1.0801,1.0801
1693868400,1.0801,1.0802,1.07975,1.07975
1693872000,1.0798,1.08,1.0795,1.07995
1693875600,1.07995,1.08045,1.07915,1.0795
1693879200,1.0795,1.0795,1.079,1.07935
1693882800,1.0794,1.0795,1.0787,1.0795
1693886400,1.0795,1.08,1.0793,1.07985
1693890000,1.0799,1.08,1.07885,1.07925
1693893600,1.0792,1.07925,1.07645,1.0773
1693897200,1.0773,1.0778,1.07605,1.0762
1693900800,1.07625,1.0765,1.07485,1.0755
1693904400,1.07545,1.07635,1.0751,1.0755
1693908000,1.07545,1.07555,1.0745,1.0746
1693911600,1.07455,1.07465,1.0736,1.0739
1693915200,1.07385,1.07545,1.07225,1.07505
1693918800,1.07505,1.0755,1.0732,1.07355
1693922400,1.0736,1.0737,1.07135,1.0715
1693926000,1.07145,1.07385,1.07125,1.07325
1693929600,1.0733,1.0738,1.073,1.07355
1693933200,1.07355,1.07375,1.07285,1.0729
1693936800,1.0729,1.0733,1.0727,1.0728
1693940400,1.0728,1.07335,1.07255,1.07275
1693944000,1.07275,1.0729,1.0725,1.07285
1693951200,1.07285,1.07325,1.0728,1.07315
1693954800,1.07315,1.0734,1.073,1.073
1693958400,1.07305,1.07315,1.0721,1.0725
1693962000,1.07255,1.07275,1.0719,1.07205
1693965600,1.07205,1.074,1.07205,1.07395
1693969200,1.07395,1.074,1.0735,1.0739
1693972800,1.07385,1.0742,1.0736,1.07415
1693976400,1.0742,1.07445,1.07385,1.07435
1693980000,1.07435,1.0745,1.0733,1.0737
1693983600,1.07365,1.0754,1.07305,1.0735
1693987200,1.07345,1.07435,1.0729,1.074
1693990800,1.074,1.0741,1.07305,1.0738
1693994400,1.0738,1.075,1.0738,1.07445
1693998000,1.07445,1.0755,1.0744,1.075
1694001600,1.07495,1.07515,1.074,1.0743
1694005200,1.07425,1.0746,1.0731,1.07445
1694008800,1.0743,1.0743,1.07085,1.0715
1694012400,1.0715,1.07245,1.07105,1.0719
1694016000,1.0719,1.07275,1.07175,1.07265
1694019600,1.0727,1.0735,1.0726,1.0734
1694023200,1.0734,1.07355,1.0728,1.0732
1694026800,1.0732,1.07345,1.0729,1.0732
1694030400,1.07325,1.0734,1.07295,1.07335
1694037600,1.07315,1.07325,1.07295,1.073
1694041200,1.07295,1.07305,1.0727,1.07285
1694044800,1.07285,1.07305,1.07235,1.07265
1694048400,1.07265,1.07355,1.0725,1.07355
1694052000,1.0735,1.0735,1.0727,1.07325
1694055600,1.07325,1.0736,1.0729,1.0734
1694059200,1.0734,1.07345,1.07225,1.07235
1694062800,1.07235,1.07265,1.072,1.0724
1694066400,1.0724,1.073,1.07195,1.0721
1694070000,1.07215,1.0724,1.0713,1.07205
1694073600,1.072,1.07215,1.0712,1.07155
1694077200,1.0715,1.07225,1.07115,1.07195
1694080800,1.07195,1.07195,1.0708,1.0711
1694084400,1.0711,1.0718,1.0707,1.071
1694088000,1.07095,1.0715,1.06905,1.06975
1694091600,1.06975,1.0709,1.0695,1.0696
1694095200,1.0696,1.0715,1.06905,1.07075
1694098800,1.07075,1.07135,1.06995,1.07075
1694102400,1.0708,1.0714,1.07075,1.07085
1694106000,1.07085,1.0714,1.0703,1.07035
1694109600,1.0704,1.0708,1.0698,1.06985
1694113200,1.06985,1.07055,1.0698,1.06995
1694116800,1.0699,1.0703,1.0699,1.06995
1694124000,1.06995,1.07025,1.06995,1.06995
1694127600,1.07,1.07015,1.0698,1.0701
1694131200,1.07015,1.0719,1.0701,1.0718
1694134800,1.07175,1.0725,1.0709,1.0721
1694138400,1.0721,1.0727,1.07185,1.07215
1694142000,1.0722,1.0722,1.0719,1.07205
1694145600,1.07205,1.07205,1.07165,1.0717
1694149200,1.07175,1.073,1.0717,1.0728
1694152800,1.07275,1.07325,1.0718,1.07195
1694156400,1.07195,1.0723,1.0711,1.07125
1694160000,1.07125,1.07215,1.07115,1.07155
1694163600,1.0715,1.07155,1.0703,1.0707
1694167200,1.07065,1.07085,1.0701,1.0704
1694170800,1.07045,1.0709,1.0698,1.0703
1694174400,1.07025,1.07175,1.07015,1.0706
1694178000,1.0706,1.073,1.07035,1.073
1694181600,1.07305,1.0748,1.0718,1.07195
1694185200,1.07195,1.07215,1.07105,1.07125
1694188800,1.07125,1.07175,1.0704,1.0708
1694192400,1.07085,1.0715,1.07065,1.07095
1694196000,1.071,1.0712,1.0701,1.07015
1694199600,1.0702,1.0704,1.0701,1.0703
1694203200,1.0703,1.0707,1.07025,1.07025
1694383200,1.07175,1.0719,1.0711,1.07155
1694386800,1.0715,1.0724,1.07115,1.07195
1694390400,1.072,1.07245,1.07135,1.0717
1694394000,1.07165,1.0724,1.0713,1.0723
1694397600,1.07235,1.0731,1.0722,1.0727
1694401200,1.0727,1.07285,1.0723,1.0726
1694404800,1.0726,1.0741,1.0725,1.0739
1694408400,1.07385,1.07445,1.07315,1.07325
1694412000,1.0732,1.0739,1.07275,1.07365
1694415600,1.07365,1.0741,1.07285,1.0729
1694419200,1.0729,1.07365,1.07255,1.0732
1694422800,1.07315,1.07375,1.07265,1.0736
1694426400,1.07355,1.07375,1.07295,1.0735
1694430000,1.0735,1.07355,1.07215,1.0723
1694433600,1.07225,1.07315,1.0719,1.0731
1694437200,1.07305,1.07405,1.0726,1.0739
1694440800,1.07395,1.0763,1.0738,1.07495
1694444400,1.0749,1.07535,1.07445,1.0746
1694448000,1.0746,1.07615,1.0746,1.0755
1694451600,1.07545,1.0756,1.07475,1.07495
1694455200,1.0749,1.07545,1.07475,1.0748
1694458800,1.0748,1.07535,1.0748,1.07515
1694462400,1.0752,1.0754,1.0751,1.0754
1694469600,1.0755,1.07555,1.07525,1.0753
1694473200,1.07525,1.07535,1.07505,1.07505
1694476800,1.075,1.0751,1.0745,1.07465
1694480400,1.07465,1.07725,1.07405,1.0744
1694484000,1.0744,1.0754,1.0742,1.0754
1694487600,1.07535,1.0754,1.07475,1.0749
1694491200,1.0749,1.07495,1.0741,1.07415
1694494800,1.0742,1.07435,1.0738,1.0739
1694498400,1.07395,1.07435,1.07335,1.07355
1694502000,1.07355,1.07375,1.0715,1.07165
1694505600,1.0716,1.0726,1.0715,1.07175
1694509200,1.0717,1.07285,1.0716,1.0725
1694512800,1.0725,1.0727,1.07145,1.07185
1694516400,1.0719,1.07215,1.07115,1.0721
1694520000,1.07205,1.0724,1.07085,1.071
1694523600,1.071,1.07215,1.07085,1.07205
1694527200,1.07205,1.0721,1.07135,1.0717
1694530800,1.0717,1.0733,1.07165,1.07285
1694534400,1.0729,1.0741,1.0725,1.07265
1694538000,1.0726,1.0737,1.0726,1.0729
1694541600,1.0729,1.07375,1.07275,1.0735
1694545200,1.07355,1.07365,1.07305,1.0731
1694548800,1.0731,1.0768,1.07305,1.07575
1694556000,1.0762,1.0764,1.0757,1.07585
1694559600,1.0759,1.07605,1.07555,1.07555
1694563200,1.0756,1.07665,1.0756,1.07615
1694566800,1.0762,1.07675,1.07585,1.076
1694570400,1.07605,1.07625,1.07475,1.0749
1694574000,1.0749,1.07525,1.07465,1.075
1694577600,1.075,1.07565,1.07485,1.0755
1694581200,1.0755,1.07575,1.07445,1.07475
1694584800,1.0747,1.07495,1.07375,1.07405
1694588400,1.0741,1.0751,1.07335,1.07465
1694592000,1.0746,1.07475,1.0734,1.0737
1694595600,1.0738,1.0742,1.07315,1.07325
1694599200,1.07325,1.074,1.0731,1.074
1694602800,1.07405,1.07435,1.07325,1.0739
1694606400,1.0739,1.07645,1.0713,1.0751
1694610000,1.07505,1.0759,1.07315,1.0741
1694613600,1.07415,1.07455,1.07295,1.07405
1694617200,1.07405,1.07475,1.0734,1.0738
1694620800,1.07385,1.0749,1.07375,1.0743
1694624400,1.0743,1.07515,1.07395,1.07475
1694628000,1.0747,1.0749,1.0734,1.0734
1694631600,1.07345,1.0735,1.07305,1.0734
1694635200,1.07345,1.07345,1.07315,1.07325
1694642400,1.0729,1.07355,1.0729,1.0734
1694646000,1.0734,1.07355,1.07315,1.07335
1694649600,1.0734,1.07435,1.0731,1.0741
1694653200,1.0741,1.0744,1.07365,1.0738
1694656800,1.0738,1.0741,1.07325,1.0741
1694660400,1.07415,1.07475,1.07415,1.07455
1694664000,1.07455,1.075,1.0745,1.0748
1694667600,1.0748,1.07535,1.07475,1.0749
1694671200,1.0749,1.075,1.0742,1.0744
1694674800,1.0744,1.0744,1.0734,1.07345
1694678400,1.07345,1.0741,1.0733,1.07345
1694682000,1.07345,1.0738,1.07255,1.07295
1694685600,1.0729,1.0738,1.0728,1.07355
1694689200,1.07355,1.0738,1.07295,1.0731
1694692800,1.07315,1.07495,1.0656,1.06775
1694696400,1.06775,1.06985,1.06615,1.0665
1694700000,1.06655,1.06745,1.06545,1.0665
1694703600,1.0665,1.0677,1.0657,1.06595
1694707200,1.066,1.0664,1.0646,1.06495
1694710800,1.06495,1.06515,1.06325,1.0637
1694714400,1.06375,1.0641,1.0634,1.06355
1694718000,1.0636,1.0645,1.0635,1.06435
1694721600,1.06435,1.0648,1.0642,1.06435
1694728800,1.06845,1.06865,1.0681,1.0685
1694732400,1.0685,1.0685,1.06775,1.06775
1694736000,1.06775,1.0686,1.06765,1.06845
1694739600,1.0684,1.06855,1.06755,1.06815
1694743200,1.0682,1.0691,1.0682,1.06855
1694746800,1.06855,1.06905,1.06835,1.069
1694750400,1.069,1.0696,1.06865,1.0696
1694754000,1.06955,1.0699,1.0691,1.06985
1694757600,1.0699,1.071,1.0694,1.0703
1694761200,1.07035,1.0708,1.06925,1.0706
1694764800,1.0706,1.07115,1.07045,1.07085
1694768400,1.0708,1.0712,1.0703,1.07055
1694772000,1.0706,1.07115,1.0697,1.0699
1694775600,1.0699,1.07025,1.0696,1.0697
1694779200,1.0697,1.07045,1.0688,1.06935
1694782800,1.0693,1.07105,1.0692,1.07045
1694786400,1.0705,1.07305,1.0704,1.0707
1694790000,1.07065,1.0719,1.07045,1.07145
1694793600,1.0715,1.0723,1.0713,1.0715
1694797200,1.0715,1.0719,1.0711,1.07145
1694800800,1.07145,1.07145,1.0703,1.0703
1694804400,1.07035,1.07065,1.0702,1.07025
1694808000,1.0702,1.07055,1.06995,1.07045
1694988000,1.0707,1.0712,1.07055,1.07065
1694991600,1.0706,1.0711,1.07045,1.071
1694995200,1.071,1.0714,1.071,1.07135
1694998800,1.0714,1.0716,1.0703,1.07045
1695002400,1.0704,1.07105,1.0704,1.07075
1695006000,1.07075,1.07105,1.07055,1.0706
1695009600,1.0706,1.07115,1.0705,1.07105
1695013200,1.0711,1.0715,1.07095,1.07105
1695016800,1.0711,1.07195,1.07005,1.07005
1695020400,1.07005,1.0708,1.0699,1.0704
1695024000,1.0704,1.07075,1.0698,1.0706
1695027600,1.07055,1.0716,1.0704,1.0715
1695031200,1.07145,1.07165,1.0709,1.07095
1695034800,1.07095,1.0712,1.0704,1.0705
1695038400,1.07045,1.0711,1.0698,1.0699
1695042000,1.0699,1.07135,1.06965,1.0704
1695045600,1.07045,1.07175,1.0701,1.0717
1695049200,1.07165,1.0741,1.0716,1.0736
1695052800,1.0736,1.07375,1.0726,1.0734
1695056400,1.0734,1.07395,1.07285,1.0729
1695060000,1.0729,1.0729,1.0719,1.07195
1695063600,1.072,1.07285,1.07195,1.07285
1695067200,1.0728,1.07345,1.07275,1.07335
1695074400,1.0733,1.0735,1.073,1.07325
1695078000,1.07325,1.07355,1.07325,1.07335
1695081600,1.0733,1.0738,1.0729,1.07295
1695085200,1.073,1.07305,1.0722,1.0725
1695088800,1.07255,1.0729,1.07235,1.07255
1695092400,1.0726,1.07265,1.07235,1.0724
1695096000,1.07235,1.07265,1.072,1.0721
1695099600,1.0721,1.07235,1.0717,1.07205
1695103200,1.0721,1.07245,1.0717,1.07195
1695106800,1.072,1.07365,1.0716,1.07355
1695110400,1.0735,1.07355,1.07255,1.0728
1695114000,1.07275,1.07325,1.0723,1.073
1695117600,1.07305,1.0751,1.0728,1.07415
1695121200,1.07415,1.07515,1.07405,1.075
1695124800,1.075,1.07595,1.07355,1.07415
1695128400,1.0741,1.07425,1.0724,1.0733
1695132000,1.0733,1.07345,1.0724,1.0731
1695135600,1.07305,1.07345,1.07215,1.07245
1695139200,1.07245,1.0728,1.072,1.0726
1695142800,1.07265,1.07335,1.07235,1.0726
1695146400,1.0726,1.07265,1.0718,1.0719
1695150000,1.07185,1.07225,1.07175,1.07215
1695153600,1.0722,1.07225,1.072,1.0721
1695160800,1.07175,1.0724,1.07175,1.07235
1695164400,1.0723,1.07245,1.07215,1.0722
1695168000,1.0722,1.07265,1.072,1.07255
1695171600,1.0726,1.07285,1.0721,1.0727
1695175200,1.0727,1.07305,1.07235,1.07235
1695178800,1.07235,1.07255,1.0719,1.07205
1695182400,1.07205,1.0722,1.0719,1.07195
1695186000,1.0719,1.07245,1.0719,1.07215
1695189600,1.0721,1.0734,1.07135,1.07225
1695193200,1.0723,1.0734,1.0716,1.0731
1695196800,1.0731,1.0738,1.07305,1.0737
1695200400,1.07375,1.0741,1.07345,1.07395
1695204000,1.074,1.0746,1.07395,1.0744
1695207600,1.0744,1.0746,1.0738,1.07425
1695211200,1.07425,1.07445,1.0733,1.07395
1695214800,1.07395,1.076,1.0738,1.07575
1695218400,1.07585,1.07685,1.0754,1.0761
1695222000,1.07605,1.0766,1.0755,1.07555
1695225600,1.0755,1.0778,1.0755,1.07765
1695229200,1.0776,1.07765,1.07655,1.07675
1695232800,1.07675,1.07675,1.07145,1.0727
1695236400,1.0727,1.073,1.0698,1.0699
1695240000,1.0699,1.0703,1.069,1.07015
1695247200,1.07015,1.0704,1.06925,1.0695
1695250800,1.06945,1.06945,1.06875,1.06895
1695254400,1.06895,1.06895,1.0669,1.06705
1695258000,1.06705,1.06785,1.0667,1.06765
1695261600,1.06765,1.06805,1.0656,1.06665
1695265200,1.06665,1.0677,1.0666,1.06755
1695268800,1.06755,1.06765,1.06725,1.0676
1695272400,1.06765,1.0678,1.06715,1.06735
1695276000,1.06735,1.0694,1.06725,1.06895
1695279600,1.06895,1.06975,1.0678,1.0694
1695283200,1.0694,1.07025,1.06915,1.06955
1695286800,1.06945,1.07035,1.069,1.06925
1695290400,1.06925,1.0702,1.0686,1.06895
1695294000,1.0689,1.06895,1.06725,1.06745
1695297600,1.06745,1.06815,1.06605,1.0681
1695301200,1.0681,1.0701,1.0678,1.068
1695304800,1.06805,1.0713,1.0677,1.06995
1695308400,1.0699,1.0708,1.06945,1.07025
1695312000,1.07025,1.0706,1.06935,1.06955
1695315600,1.0695,1.071,1.0695,1.0705
1695319200,1.0705,1.07105,1.07005,1.0701
1695322800,1.07015,1.0707,1.06985,1.0699
1695326400,1.06985,1.07025,1.0697,1.07005
1695333600,1.07015,1.0703,1.06995,1.07005
1695337200,1.0701,1.0701,1.0698,1.06995
1695340800,1.06995,1.07015,1.0693,1.06965
1695344400,1.06965,1.06965,1.06795,1.06825
1695348000,1.0683,1.06905,1.0682,1.0687
1695351600,1.0687,1.0692,1.06865,1.06905
1695355200,1.06905,1.06955,1.069,1.06935
1695358800,1.06935,1.06965,1.0688,1.06885
1695362400,1.06885,1.0699,1.06865,1.06985
1695366000,1.06985,1.07065,1.0653,1.06845
1695369600,1.0685,1.0691,1.0678,1.06855
1695373200,1.0685,1.0688,1.0673,1.06775
1695376800,1.06775,1.06865,1.06735,1.06745
1695380400,1.0675,1.06815,1.06745,1.0676
1695384000,1.06755,1.07,1.06755,1.06945
1695387600,1.0695,1.07015,1.06815,1.07
1695391200,1.07,1.0711,1.06965,1.06975
1695394800,1.0697,1.0704,1.06925,1.0698
1695398400,1.06985,1.0701,1.0694,1.06945
1695402000,1.06945,1.07005,1.06905,1.0691
1695405600,1.0691,1.06915,1.0678,1.0686
1695409200,1.0686,1.06905,1.0682,1.06825
1695412800,1.0683,1.0686,1.06805,1.06845
1695592800,1.06845,1.0691,1.06845,1.06875
1695596400,1.0687,1.06905,1.06855,1.06865
1695600000,1.06865,1.06935,1.06865,1.0693
1695603600,1.0693,1.0693,1.06825,1.0685
1695607200,1.0685,1.06875,1.0681,1.0687
1695610800,1.06875,1.0689,1.06855,1.06865
1695614400,1.0686,1.06885,1.06835,1.0687
1695618000,1.0687,1.0688,1.06805,1.0682
1695621600,1.0682,1.0692,1.0681,1.0685
1695625200,1.06845,1.0691,1.067,1.06765
1695628800,1.0676,1.06815,1.06615,1.0664
1695632400,1.0664,1.0675,1.06625,1.0673
1695636000,1.0673,1.068,1.0672,1.06755
1695639600,1.06755,1.0682,1.06675,1.06685
1695643200,1.06685,1.0673,1.06575,1.066
1695646800,1.06605,1.06625,1.06335,1.064
1695650400,1.06405,1.0645,1.0613,1.06155
1695654000,1.0616,1.0631,1.0614,1.06285
1695657600,1.0628,1.06345,1.0626,1.0627
1695661200,1.0627,1.06355,1.06265,1.06325
1695664800,1.0633,1.0637,1.0624,1.06255
1695668400,1.06255,1.06315,1.06235,1.0631
1695672000,1.0631,1.0633,1.0629,1.06315
1695679200,1.0631,1.0635,1.06295,1.06315
1695682800,1.0632,1.06335,1.0629,1.06295
1695686400,1.0629,1.063,1.06185,1.0622
1695690000,1.0622,1.0626,1.0621,1.06245
1695693600,1.0624,1.06255,1.06175,1.06175
1695697200,1.0618,1.06245,1.06165,1.0624
1695700800,1.0624,1.0631,1.0622,1.06305
1695704400,1.06305,1.06305,1.06195,1.06255
1695708000,1.06255,1.06265,1.0609,1.06095
1695711600,1.06095,1.0626,1.06075,1.06225
1695715200,1.0622,1.06375,1.062,1.06335
1695718800,1.0634,1.0641,1.0631,1.0635
1695722400,1.06345,1.0639,1.0631,1.06335
1695726000,1.06335,1.0641,1.06265,1.0637
1695729600,1.06365,1.06475,1.0636,1.0643
1695733200,1.0643,1.0644,1.0623,1.063
1695736800,1.06305,1.06365,1.06155,1.06215
1695740400,1.0621,1.0622,1.06055,1.061
1695744000,1.06105,1.06145,1.0606,1.06065
1695747600,1.0607,1.0614,1.06045,1.06085
1695751200,1.0609,1.0609,1.05995,1.0604
1695754800,1.06035,1.06095,1.06015,1.06075
1695758400,1.06075,1.06125,1.06065,1.06105
1695765600,1.0609,1.06115,1.0606,1.06085
1695769200,1.06085,1.061,1.0605,1.0606
1695772800,1.0606,1.0609,1.0593,1.0597
1695776400,1.0597,1.06075,1.0596,1.06065
1695780000,1.0607,1.0607,1.0596,1.06015
1695783600,1.06015,1.0602,1.05965,1.0599
1695787200,1.0599,1.06005,1.0594,1.0597
1695790800,1.0597,1.06015,1.0592,1.0597
1695794400,1.0597,1.06075,1.05945,1.06065
1695798000,1.0606,1.0611,1.06015,1.06025
1695801600,1.0602,1.0607,1.05945,1.05975
1695805200,1.0597,1.0601,1.059,1.0597
1695808800,1.0597,1.0599,1.05895,1.05915
1695812400,1.05915,1.0592,1.05715,1.05765
1695816000,1.05765,1.05885,1.057,1.0584
1695819600,1.0584,1.05865,1.0549,1.0557
1695823200,1.05575,1.05635,1.0546,1.05465
1695826800,1.0546,1.05615,1.05455,1.0546
1695830400,1.05465,1.0547,1.05375,1.054
1695834000,1.05405,1.0548,1.05275,1.0536
1695837600,1.05365,1.0547,1.05255,1.0544
1695841200,1.0544,1.05565,1.0539,1.0543
1695844800,1.05435,1.05435,1.05355,1.0539
1695852000,1.0543,1.0545,1.05385,1.0539
1695855600,1.0539,1.05425,1.05375,1.0541
1695859200,1.0541,1.05505,1.05405,1.05505
1695862800,1.05505,1.05515,1.05455,1.05465
1695866400,1.05465,1.05475,1.05345,1.05355
1695870000,1.05355,1.05415,1.0535,1.05395
1695873600,1.05395,1.05415,1.05325,1.054
1695877200,1.054,1.0545,1.0532,1.05445
1695880800,1.0544,1.0545,1.05265,1.0531
1695884400,1.0531,1.0554,1.05295,1.0544
1695888000,1.0544,1.05595,1.054,1.05525
1695891600,1.05525,1.0577,1.0551,1.05745
1695895200,1.0575,1.05775,1.05675,1.05755
1695898800,1.05755,1.0584,1.05725,1.0577
1695902400,1.0577,1.0593,1.05535,1.0554
1695906000,1.05535,1.05905,1.0553,1.0585
1695909600,1.05855,1.06035,1.05815,1.05985
1695913200,1.0598,1.06145,1.05935,1.0612
1695916800,1.0612,1.0614,1.0592,1.0594
1695920400,1.0594,1.05995,1.05855,1.0587
1695924000,1.0587,1.06,1.05855,1.05905
1695927600,1.0591,1.06005,1.05885,1.06
1695931200,1.05995,1.0603,1.05985,1.0602
1695938400,1.06,1.0603,1.06,1.06005
1695942000,1.06005,1.06005,1.05965,1.05975
1695945600,1.05975,1.06,1.0593,1.0599
1695949200,1.0599,1.0611,1.0597,1.0609
1695952800,1.0609,1.0618,1.0609,1.0614
1695956400,1.0614,1.06155,1.06105,1.06105
1695960000,1.06105,1.06165,1.06105,1.0615
1695963600,1.0615,1.06215,1.0611,1.06115
1695967200,1.0612,1.06275,1.06095,1.0625
1695970800,1.0625,1.0646,1.0623,1.06415
1695974400,1.06415,1.06515,1.06345,1.06445
1695978000,1.06445,1.06525,1.0639,1.06495
1695981600,1.06495,1.0651,1.0642,1.0644
1695985200,1.0644,1.0646,1.06255,1.06295
1695988800,1.06295,1.0646,1.06235,1.0635
1695992400,1.06355,1.06425,1.061,1.0616
1695996000,1.06165,1.0628,1.0605,1.0622
1695999600,1.06215,1.06255,1.0608,1.06185
1696003200,1.06185,1.06215,1.06095,1.06125
1696006800,1.06125,1.06125,1.0599,1.06
1696010400,1.06,1.0615,1.05995,1.0613
1696014000,1.06125,1.06145,1.06045,1.06075
1696017600,1.06075,1.06115,1.06045,1.06075
1696197600,1.0602,1.06065,1.05925,1.05945
1696201200,1.0594,1.06,1.0593,1.0599
1696204800,1.05995,1.0603,1.05975,1.0599
1696208400,1.0599,1.0605,1.0599,1.0603
1696212000,1.0603,1.0606,1.0603,1.0603
1696215600,1.06025,1.06055,1.06025,1.06045
1696219200,1.06045,1.0606,1.0603,1.0604
1696222800,1.06035,1.0604,1.0595,1.05965
1696226400,1.0597,1.0625,1.05955,1.0625
1696230000,1.06245,1.0627,1.06065,1.06075
1696233600,1.0607,1.0613,1.0595,1.0597
1696237200,1.05975,1.05975,1.057,1.0574
1696240800,1.0574,1.0579,1.05685,1.0574
1696244400,1.05745,1.05775,1.0565,1.0566
1696248000,1.05655,1.05725,1.05595,1.0564
1696251600,1.0564,1.05675,1.05495,1.055
1696255200,1.05495,1.0562,1.05265,1.053
1696258800,1.053,1.0547,1.05295,1.0533
1696262400,1.0533,1.05335,1.0523,1.0524
1696266000,1.05235,1.05395,1.05235,1.05305
1696269600,1.05305,1.0537,1.0525,1.05275
1696273200,1.05275,1.05285,1.05145,1.0516
1696276800,1.05155,1.05175,1.05115,1.05125
1696284000,1.0513,1.05175,1.05105,1.0511
1696287600,1.05115,1.0517,1.05095,1.0514
1696291200,1.0514,1.05145,1.0499,1.05065
1696294800,1.05065,1.0509,1.0502,1.05055
1696298400,1.05055,1.05055,1.0498,1.05005
1696302000,1.05005,1.05045,1.0499,1.05025
1696305600,1.05025,1.05045,1.0494,1.0497
1696309200,1.0497,1.05,1.04945,1.05
1696312800,1.04995,1.05085,1.0496,1.05065
1696316400,1.05065,1.0518,1.0503,1.0516
1696320000,1.0516,1.05275,1.0512,1.0519
1696323600,1.0519,1.0525,1.05145,1.05175
1696327200,1.05175,1.0519,1.0509,1.051
1696330800,1.051,1.0515,1.0503,1.05075
1696334400,1.05075,1.05125,1.04955,1.05
1696338000,1.05,1.05195,1.0498,1.05145
1696341600,1.0515,1.05165,1.04835,1.051
1696345200,1.0509,1.05095,1.0482,1.04865
1696348800,1.0486,1.05065,1.0486,1.0496
1696352400,1.0496,1.05085,1.0496,1.05025
1696356000,1.05025,1.05135,1.0493,1.05085
1696359600,1.0509,1.05125,1.05045,1.05055
1696363200,1.0505,1.05075,1.04985,1.0501
1696370400,1.0498,1.0502,1.04975,1.0498
1696374000,1.04985,1.05035,1.0497,1.05025
1696377600,1.0502,1.05095,1.04995,1.0505
1696381200,1.0505,1.05055,1.0494,1.05005
1696384800,1.05005,1.05015,1.0493,1.0497
1696388400,1.04965,1.05,1.04905,1.0493
1696392000,1.0493,1.0503,1.04915,1.0503
1696395600,1.05035,1.05075,1.05005,1.05015
1696399200,1.0502,1.05025,1.04875,1.0494
1696402800,1.04935,1.0519,1.0484,1.05175
1696406400,1.05175,1.05225,1.05125,1.0519
1696410000,1.05195,1.05375,1.0518,1.0532
1696413600,1.0531,1.05455,1.05285,1.0537
1696417200,1.05365,1.055,1.0531,1.05315
1696420800,1.0531,1.0566,1.05295,1.05585
1696424400,1.05585,1.05595,1.05385,1.0541
1696428000,1.05415,1.05455,1.0516,1.0526
1696431600,1.0526,1.0554,1.05235,1.0551
1696435200,1.05515,1.05555,1.05445,1.0546
1696438800,1.05455,1.05465,1.05345,1.05365
1696442400,1.05365,1.05405,1.0531,1.0537
1696446000,1.0537,1.0553,1.0535,1.0549
1696449600,1.05485,1.05495,1.0536,1.05375
1696456800,1.054,1.0541,1.0537,1.05385
1696460400,1.05385,1.0541,1.0537,1.05385
1696464000,1.05385,1.0554,1.0534,1.0552
1696467600,1.05515,1.05605,1.05515,1.056
1696471200,1.05605,1.05605,1.05525,1.05545
1696474800,1.05545,1.056,1.0553,1.0557
1696478400,1.05565,1.0558,1.0552,1.0552
1696482000,1.05525,1.0558,1.05485,1.0549
1696485600,1.05495,1.0553,1.0536,1.0539
1696489200,1.05385,1.0546,1.05335,1.05405
1696492800,1.054,1.0552,1.0534,1.0536
1696496400,1.05355,1.0548,1.0535,1.0539
1696500000,1.0539,1.05545,1.0536,1.05505
1696503600,1.05505,1.0557,1.05425,1.0555
1696507200,1.0555,1.05615,1.05315,1.0546
1696510800,1.05465,1.05635,1.05395,1.05565
1696514400,1.0557,1.0564,1.0544,1.05615
1696518000,1.05615,1.0569,1.05515,1.05575
1696521600,1.05575,1.0572,1.0556,1.0567
1696525200,1.05675,1.05715,1.056,1.05695
1696528800,1.05695,1.05835,1.05695,1.0583
1696532400,1.05825,1.0583,1.0576,1.0581
1696536000,1.0581,1.05835,1.05795,1.05815
1696543200,1.05805,1.0582,1.05795,1.058
1696546800,1.05795,1.05805,1.05775,1.05775
1696550400,1.0578,1.0579,1.0573,1.0573
1696554000,1.0573,1.0576,1.05695,1.05745
1696557600,1.05745,1.05785,1.0573,1.05765
1696561200,1.0576,1.0578,1.0572,1.0574
1696564800,1.0574,1.0576,1.0571,1.0572
1696568400,1.0572,1.05735,1.0565,1.0567
1696572000,1.05665,1.05715,1.0563,1.0566
1696575600,1.05665,1.0583,1.0566,1.05815
1696579200,1.0581,1.05845,1.05735,1.05795
1696582800,1.05795,1.0589,1.05775,1.0584
1696586400,1.05845,1.05945,1.05845,1.0586
1696590000,1.0586,1.0599,1.0582,1.05975
1696593600,1.0597,1.06065,1.0514,1.0528
1696597200,1.0528,1.05545,1.052,1.05435
1696600800,1.0544,1.05875,1.0537,1.05695
1696604400,1.05695,1.0632,1.0568,1.06265
1696608000,1.06265,1.06275,1.06075,1.0611
1696611600,1.0611,1.0624,1.0609,1.062
1696615200,1.062,1.06315,1.0619,1.0625
1696618800,1.06255,1.0628,1.062,1.06215
1696622400,1.06215,1.0622,1.0614,1.0619
1696802400,1.05855,1.0597,1.0582,1.05895
1696806000,1.059,1.05995,1.05895,1.05975
1696809600,1.0598,1.06055,1.05935,1.0605
1696813200,1.0605,1.06055,1.0588,1.0594
1696816800,1.0595,1.0597,1.059,1.05925
1696820400,1.05925,1.05925,1.0583,1.05835
1696824000,1.0584,1.0586,1.05795,1.0582
1696827600,1.0582,1.05885,1.05815,1.05855
1696831200,1.0586,1.05905,1.05625,1.05685
1696834800,1.0569,1.0571,1.0551,1.0555
1696838400,1.05545,1.05735,1.05515,1.05735
1696842000,1.05735,1.0577,1.05625,1.05655
1696845600,1.05655,1.05655,1.0555,1.056
1696849200,1.056,1.0572,1.05585,1.056
1696852800,1.056,1.0568,1.05545,1.05645
1696856400,1.05645,1.0586,1.05645,1.05845
1696860000,1.0584,1.0589,1.05685,1.0577
1696863600,1.0577,1.0584,1.05705,1.0571
1696867200,1.0571,1.05755,1.05655,1.0567
1696870800,1.0567,1.05965,1.05665,1.05945
1696874400,1.05945,1.0599,1.0591,1.05955
1696878000,1.05955,1.06025,1.05955,1.06005
1696881600,1.0601,1.0604,1.05965,1.0599
1696888800,1.05985,1.06035,1.0597,1.06
1696892400,1.06,1.0611,1.05995,1.061
1696896000,1.061,1.06145,1.06015,1.06045
1696899600,1.0604,1.06115,1.06015,1.0604
1696903200,1.06045,1.0608,1.0598,1.05985
1696906800,1.0598,1.0602,1.05975,1.0601
1696910400,1.06,1.06,1.0592,1.0593
1696914000,1.05925,1.05985,1.059,1.05925
1696917600,1.0593,1.06,1.0586,1.05925
1696921200,1.0592,1.0604,1.0585,1.06025
1696924800,1.06025,1.06405,1.0601,1.0636
1696928400,1.06355,1.0642,1.06285,1.0633
1696932000,1.0633,1.0636,1.0622,1.06235
1696935600,1.0623,1.0623,1.06025,1.06065
1696939200,1.06065,1.06265,1.0605,1.06245
1696942800,1.0624,1.06275,1.0616,1.06255
1696946400,1.0626,1.06375,1.062,1.06285
1696950000,1.06285,1.06505,1.0627,1.06485
1696953600,1.0648,1.0651,1.06405,1.06485
1696957200,1.0648,1.06495,1.06245,1.0626
1696960800,1.0626,1.0632,1.06235,1.063
1696964400,1.063,1.06375,1.0625,1.06355
1696968000,1.0636,1.06375,1.0633,1.0636
1696975200,1.0635,1.06375,1.0633,1.0636
1696978800,1.06365,1.06405,1.0634,1.06345
1696982400,1.0635,1.0645,1.0635,1.0641
1696986000,1.0641,1.06425,1.06315,1.06385
1696989600,1.06385,1.06405,1.06325,1.0638
1696993200,1.0638,1.0639,1.0634,1.0635
1696996800,1.06355,1.06385,1.0633,1.0633
1697000400,1.0633,1.06405,1.0631,1.0632
1697004000,1.06315,1.0645,1.06295,1.06405
1697007600,1.0641,1.06585,1.06255,1.06305
1697011200,1.06305,1.0644,1.0624,1.06385
1697014800,1.06385,1.0645,1.06345,1.0635
1697018400,1.0635,1.06365,1.06275,1.0632
1697022000,1.06325,1.0639,1.06265,1.06345
1697025600,1.0634,1.0645,1.0611,1.0645
1697029200,1.0645,1.0665,1.0637,1.06595
1697032800,1.066,1.0665,1.06485,1.06545
1697036400,1.0654,1.0655,1.0641,1.0643
1697040000,1.06425,1.06435,1.063,1.0637
1697043600,1.0637,1.064,1.0615,1.0623
1697047200,1.06235,1.06385,1.06215,1.06375
1697050800,1.06375,1.0646,1.0637,1.0643
1697054400,1.06425,1.06505,1.0642,1.065
1697061600,1.06495,1.06515,1.0647,1.06485
1697065200,1.0648,1.06545,1.0648,1.06525
1697068800,1.0652,1.0657,1.06485,1.06515
1697072400,1.06515,1.0656,1.0649,1.06535
1697076000,1.06535,1.0655,1.0649,1.06525
1697079600,1.06525,1.0658,1.06495,1.06575
1697083200,1.06575,1.0661,1.0656,1.066
1697086800,1.06595,1.06625,1.06585,1.066
1697090400,1.06605,1.06685,1.0657,1.0665
1697094000,1.0664,1.0665,1.06485,1.0649
1697097600,1.06485,1.0656,1.0648,1.0655
1697101200,1.06555,1.06565,1.06445,1.0647
1697104800,1.06475,1.06555,1.06455,1.06475
1697108400,1.06475,1.0649,1.0642,1.06485
1697112000,1.0648,1.06575,1.06005,1.0611
1697115600,1.06105,1.0615,1.0576,1.0578
1697119200,1.05785,1.05915,1.0573,1.05845
1697122800,1.05845,1.0589,1.0574,1.05805
1697126400,1.0581,1.05895,1.0575,1.0577
1697130000,1.0577,1.0578,1.0561,1.0563
1697133600,1.05635,1.0566,1.05545,1.05555
1697137200,1.0555,1.05625,1.0555,1.05595
1697140800,1.0559,1.056,1.0556,1.0557
1697148000,1.0559,1.05605,1.0558,1.05595
1697151600,1.056,1.05655,1.0559,1.0564
1697155200,1.0564,1.0568,1.05625,1.0567
1697158800,1.0567,1.0572,1.0566,1.05705
1697162400,1.05705,1.0575,1.0568,1.0574
1697166000,1.05745,1.0576,1.0571,1.0574
1697169600,1.05735,1.05785,1.0571,1.0578
1697173200,1.0578,1.05795,1.05725,1.0577
1697176800,1.05765,1.0577,1.05615,1.0565
1697180400,1.05645,1.0586,1.056,1.058
1697184000,1.05795,1.0587,1.05785,1.0582
1697187600,1.05815,1.0583,1.0556,1.0558
1697191200,1.0558,1.05595,1.05435,1.05465
1697194800,1.0546,1.0559,1.05425,1.0553
1697198400,1.0553,1.05755,1.05495,1.0566
1697202000,1.05655,1.05695,1.0545,1.05545
1697205600,1.0555,1.0555,1.0528,1.0532
1697209200,1.0531,1.0534,1.05235,1.0529
1697212800,1.0529,1.05435,1.0527,1.0537
1697216400,1.05375,1.054,1.05295,1.0533
1697220000,1.05335,1.05405,1.05325,1.05395
1697223600,1.0539,1.0544,1.05375,1.0542
1697227200,1.05415,1.05425,1.0534,1.05375
1697407200,1.0548,1.05535,1.05435,1.05495
1697410800,1.0549,1.05505,1.0545,1.055
1697414400,1.055,1.05515,1.05435,1.0545
1697418000,1.05455,1.05535,1.05455,1.055
1697421600,1.055,1.05535,1.05475,1.05495
1697425200,1.05495,1.0552,1.0547,1.0551
1697428800,1.05515,1.0555,1.055,1.0554
1697432400,1.0554,1.05585,1.05505,1.0557
1697436000,1.05575,1.0566,1.05545,1.05625
1697439600,1.05625,1.05635,1.0551,1.0562
1697443200,1.05615,1.05705,1.05515,1.05685
1697446800,1.0568,1.057,1.05595,1.05595
1697450400,1.05595,1.0562,1.05555,1.056
1697454000,1.05595,1.05665,1.0554,1.05645
1697457600,1.05645,1.05735,1.05575,1.05695
1697461200,1.057,1.0572,1.0556,1.05575
1697464800,1.0558,1.05835,1.05535,1.0578
1697468400,1.0578,1.05805,1.0567,1.0573
1697472000,1.05725,1.05775,1.05685,1.0575
1697475600,1.0575,1.0584,1.0571,1.0583
1697479200,1.05825,1.05845,1.05795,1.05815
1697482800,1.0582,1.05905,1.058,1.05905
1697486400,1.05905,1.0591,1.0586,1.0589
1697493600,1.05885,1.05895,1.05835,1.05835
1697497200,1.05835,1.0585,1.058,1.05815
1697500800,1.0582,1.0588,1.0582,1.0583
1697504400,1.0583,1.0583,1.0577,1.05795
1697508000,1.05795,1.058,1.05735,1.05775
1697511600,1.0577,1.05815,1.05755,1.0577
1697515200,1.05775,1.05775,1.0573,1.05745
1697518800,1.05745,1.0578,1.0571,1.05715
1697522400,1.05715,1.05725,1.0561,1.05645
1697526000,1.05645,1.05825,1.05615,1.0576
1697529600,1.0576,1.05765,1.056,1.05635
1697533200,1.05635,1.0582,1.05635,1.0581
1697536800,1.05815,1.059,1.05735,1.0581
1697540400,1.0581,1.06065,1.0581,1.06025
1697544000,1.0602,1.06055,1.0565,1.0575
1697547600,1.05745,1.0589,1.05675,1.05765
1697551200,1.05765,1.0615,1.0576,1.0603
1697554800,1.0603,1.06205,1.06025,1.062
1697558400,1.06195,1.06225,1.06065,1.0607
1697562000,1.0607,1.06085,1.0592,1.05945
1697565600,1.05945,1.0602,1.05915,1.05965
1697569200,1.05965,1.06085,1.0596,1.06045
1697572800,1.06045,1.06055,1.06005,1.06045
1697580000,1.06045,1.06045,1.06015,1.0603
1697583600,1.0603,1.0603,1.05985,1.05995
1697587200,1.05995,1.0601,1.05875,1.0591
1697590800,1.0591,1.0597,1.05885,1.0596
1697594400,1.05965,1.06055,1.05965,1.06025
1697598000,1.0602,1.0605,1.0599,1.06025
1697601600,1.06025,1.0606,1.06005,1.06025
1697605200,1.0602,1.06115,1.06015,1.06095
1697608800,1.06095,1.06215,1.0604,1.0606
1697612400,1.0606,1.06105,1.05975,1.06055
1697616000,1.06055,1.0612,1.06,1.061
1697619600,1.061,1.0614,1.05925,1.0596
1697623200,1.05955,1.0596,1.05805,1.05825
1697626800,1.0582,1.0595,1.05785,1.05875
1697630400,1.0587,1.06015,1.0576,1.05835
1697634000,1.0584,1.0591,1.0575,1.0577
1697637600,1.05775,1.0587,1.05585,1.0564
1697641200,1.0564,1.0569,1.0552,1.0558
1697644800,1.0558,1.05645,1.05495,1.0563
1697648400,1.05635,1.058,1.0561,1.05765
1697652000,1.0577,1.0578,1.05615,1.0562
1697655600,1.05625,1.0564,1.0558,1.0562
1697659200,1.0562,1.0564,1.0561,1.0563
1697666400,1.05625,1.0565,1.05615,1.05625
1697670000,1.05625,1.0565,1.05615,1.0563
1697673600,1.05635,1.05655,1.0558,1.0564
1697677200,1.05645,1.05675,1.0558,1.05615
1697680800,1.0562,1.05645,1.05595,1.05605
1697684400,1.056,1.0562,1.05575,1.0559
1697688000,1.0559,1.05605,1.05555,1.0559
1697691600,1.05585,1.056,1.05555,1.05585
1697695200,1.0558,1.0567,1.0553,1.05655
1697698800,1.05655,1.05735,1.0561,1.0563
1697702400,1.05625,1.0569,1.05545,1.0561
1697706000,1.05605,1.05705,1.05605,1.05695
1697709600,1.05695,1.05775,1.0568,1.05765
1697713200,1.05765,1.05895,1.05765,1.0583
1697716800,1.05835,1.06055,1.05815,1.0602
1697720400,1.0602,1.06075,1.05915,1.0601
1697724000,1.0601,1.06045,1.05905,1.05945
1697727600,1.0594,1.0604,1.05925,1.0595
1697731200,1.05955,1.06415,1.0581,1.06215
1697734800,1.06215,1.0632,1.0609,1.0624
1697738400,1.0624,1.063,1.06035,1.0606
1697742000,1.0606,1.06155,1.0606,1.06135
1697745600,1.0613,1.06135,1.0606,1.06095
1697752800,1.06045,1.06085,1.06035,1.0606
1697756400,1.06055,1.06115,1.0603,1.06115
1697760000,1.0611,1.06115,1.05985,1.0601
1697763600,1.0601,1.0601,1.0593,1.05975
1697767200,1.0597,1.06045,1.0596,1.0603
1697770800,1.0603,1.0605,1.05995,1.0601
1697774400,1.06005,1.0602,1.05985,1.06
1697778000,1.06,1.06035,1.05965,1.05985
1697781600,1.05985,1.0601,1.05895,1.0599
1697785200,1.05985,1.06015,1.05935,1.05955
1697788800,1.05955,1.062,1.05935,1.0613
1697792400,1.06125,1.0618,1.06045,1.0615
1697796000,1.06145,1.06175,1.0609,1.061
1697799600,1.061,1.0624,1.061,1.0616
1697803200,1.06155,1.06175,1.05895,1.06085
1697806800,1.0609,1.062,1.06035,1.0604
1697810400,1.0604,1.06255,1.05965,1.06125
1697814000,1.06125,1.06215,1.06115,1.0616
1697817600,1.0616,1.0616,1.0606,1.0614
1697821200,1.06145,1.06285,1.06125,1.06205
1697824800,1.06205,1.06215,1.0611,1.06175
1697828400,1.06175,1.06195,1.0613,1.06165
1697832000,1.06165,1.06205,1.0616,1.06195
1698012000,1.0619,1.0621,1.06125,1.0616
1698015600,1.06155,1.06175,1.0613,1.0614
1698019200,1.06135,1.06145,1.0608,1.0611
1698022800,1.06115,1.06115,1.0606,1.06075
1698026400,1.0607,1.0608,1.0597,1.05975
1698030000,1.0598,1.06025,1.0598,1.05995
1698033600,1.0599,1.06015,1.0598,1.06005
1698037200,1.06,1.06035,1.05995,1.06015
1698040800,1.0602,1.0611,1.05955,1.06065
1698044400,1.0607,1.0622,1.0601,1.0622
1698048000,1.06215,1.06345,1.0619,1.06275
1698051600,1.0627,1.06395,1.0615,1.06175
1698055200,1.0617,1.0629,1.0615,1.0629
1698058800,1.06285,1.06345,1.06255,1.0626
1698062400,1.0626,1.06435,1.06195,1.06345
1698066000,1.06345,1.06375,1.0615,1.06295
1698069600,1.06295,1.06565,1.0629,1.06535
1698073200,1.0653,1.06715,1.06525,1.067
1698076800,1.067,1.0689,1.06655,1.0689
1698080400,1.0689,1.06975,1.06835,1.0693
1698084000,1.06925,1.07025,1.069,1.06985
1698087600,1.0699,1.06995,1.06845,1.06905
1698091200,1.069,1.0695,1.0688,1.06945
1698098400,1.06945,1.0697,1.06925,1.06925
1698102000,1.0692,1.06945,1.0691,1.0694
1698105600,1.06945,1.0698,1.06915,1.06965
1698109200,1.06965,1.06995,1.06925,1.06945
1698112800,1.0695,1.07115,1.0693,1.07055
1698116400,1.07055,1.071,1.0705,1.07065
1698120000,1.0707,1.0708,1.0703,1.0703
1698123600,1.0703,1.0707,1.07015,1.0705
1698127200,1.0705,1.07105,1.07015,1.07095
1698130800,1.07095,1.07215,1.06815,1.06865
1698134400,1.06865,1.0687,1.0668,1.0674
1698138000,1.0674,1.0675,1.066,1.06605
1698141600,1.06605,1.06635,1.0646,1.06495
1698145200,1.06495,1.0665,1.06455,1.06595
1698148800,1.0659,1.06605,1.06365,1.064
1698152400,1.06395,1.06485,1.06195,1.06355
1698156000,1.06355,1.064,1.0614,1.06235
1698159600,1.06235,1.0624,1.0607,1.06175
1698163200,1.0618,1.0626,1.06075,1.06105
1698166800,1.06105,1.0618,1.06105,1.06125
1698170400,1.06125,1.06145,1.06085,1.0612
1698174000,1.0612,1.06175,1.0611,1.0616
1698177600,1.0616,1.0618,1.06125,1.06145
1698184800,1.0614,1.0617,1.06125,1.06165
1698188400,1.0617,1.06185,1.0615,1.06185
1698192000,1.06185,1.0622,1.0613,1.0616
1698195600,1.06165,1.06215,1.06155,1.06175
1698199200,1.06175,1.0628,1.06175,1.0627
1698202800,1.0627,1.06285,1.0625,1.0625
1698206400,1.06255,1.06295,1.0624,1.06295
1698210000,1.0629,1.063,1.06205,1.0624
1698213600,1.0624,1.06275,1.06155,1.0616
1698217200,1.06155,1.0616,1.06015,1.06105
1698220800,1.061,1.062,1.06065,1.06085
1698224400,1.0608,1.06085,1.05895,1.0592
1698228000,1.05925,1.06005,1.0589,1.0598
1698231600,1.0598,1.0602,1.0593,1.0596
1698235200,1.05955,1.0603,1.05925,1.05975
1698238800,1.0598,1.0606,1.05895,1.0604
1698242400,1.06045,1.06145,1.05915,1.0608
1698246000,1.06075,1.0619,1.0606,1.0606
1698249600,1.06065,1.06095,1.0594,1.05975
1698253200,1.05975,1.05995,1.0589,1.05945
1698256800,1.05945,1.05965,1.05885,1.059
1698260400,1.059,1.0593,1.0589,1.0591
1698264000,1.0591,1.0593,1.05885,1.059
1698271200,1.059,1.059,1.0586,1.05875
1698274800,1.0587,1.0589,1.0582,1.05885
1698278400,1.0588,1.0591,1.058,1.05815
1698282000,1.05815,1.05835,1.0576,1.0577
1698285600,1.05775,1.0578,1.05655,1.0567
1698289200,1.0567,1.057,1.05635,1.05685
1698292800,1.0569,1.057,1.0564,1.05675
1698296400,1.05675,1.0571,1.05635,1.0565
1698300000,1.0565,1.05675,1.05545,1.05605
1698303600,1.05605,1.0571,1.05595,1.057
1698307200,1.05695,1.0574,1.0566,1.05675
1698310800,1.0567,1.05735,1.05615,1.05675
1698314400,1.0567,1.0571,1.05565,1.0559
1698318000,1.0559,1.05605,1.05525,1.05575
1698321600,1.05575,1.05805,1.05425,1.05805
1698325200,1.0581,1.05825,1.05635,1.05695
1698328800,1.05685,1.05705,1.0553,1.0565
1698332400,1.05645,1.05665,1.05465,1.0554
1698336000,1.05535,1.05585,1.05465,1.055
1698339600,1.055,1.05745,1.055,1.0572
1698343200,1.05725,1.05865,1.05705,1.0583
1698346800,1.05825,1.0585,1.05705,1.0578
1698350400,1.0578,1.0586,1.0577,1.05845
1698357600,1.05835,1.05865,1.05835,1.0585
1698361200,1.0586,1.0587,1.0584,1.05855
1698364800,1.0585,1.05855,1.0577,1.05795
1698368400,1.0579,1.0584,1.0574,1.058
1698372000,1.05805,1.0588,1.05805,1.0586
1698375600,1.0586,1.0587,1.0582,1.0586
1698379200,1.0586,1.0589,1.0585,1.05885
1698382800,1.0588,1.0591,1.05865,1.05905
1698386400,1.05905,1.0591,1.05765,1.05775
1698390000,1.05775,1.05845,1.05735,1.05795
1698393600,1.05795,1.0584,1.0575,1.0583
1698397200,1.0583,1.0587,1.05815,1.0586
1698400800,1.05855,1.05885,1.0577,1.05775
1698404400,1.0577,1.0578,1.0557,1.05585
1698408000,1.05585,1.05905,1.0557,1.05775
1698411600,1.0577,1.06135,1.0577,1.0602
1698415200,1.06025,1.06165,1.05875,1.06
1698418800,1.06,1.06185,1.0599,1.0613
1698422400,1.0613,1.0618,1.06025,1.06045
1698426000,1.06045,1.06045,1.0579,1.0589
1698429600,1.05885,1.0595,1.05835,1.0589
1698433200,1.05895,1.05925,1.05835,1.05925
1698436800,1.05925,1.0593,1.05845,1.0585
1698616800,1.05855,1.0589,1.05805,1.05825
1698620400,1.05825,1.05855,1.058,1.05835
1698624000,1.0583,1.05845,1.0576,1.0584
1698627600,1.0584,1.0585,1.0581,1.0585
1698631200,1.0585,1.0587,1.0583,1.0584
1698634800,1.0584,1.05845,1.058,1.0582
1698638400,1.05815,1.05835,1.05795,1.0582
1698642000,1.0582,1.0583,1.058,1.0583
1698645600,1.0583,1.0587,1.05775,1.05865
1698649200,1.05865,1.0589,1.0574,1.0578
1698652800,1.05775,1.0582,1.0568,1.05805
1698656400,1.0581,1.06075,1.0581,1.0604
1698660000,1.0604,1.06095,1.0595,1.0596
1698663600,1.05965,1.06175,1.0595,1.06065
1698667200,1.0607,1.063,1.0603,1.0628
1698670800,1.0628,1.0636,1.0618,1.0631
1698674400,1.0631,1.064,1.06125,1.06265
1698678000,1.0627,1.06465,1.0626,1.06405
1698681600,1.064,1.06425,1.06265,1.06285
1698685200,1.06285,1.0636,1.06215,1.06325
1698688800,1.0633,1.064,1.06315,1.06395
1698692400,1.0639,1.0643,1.0635,1.06385
1698696000,1.0638,1.0639,1.06355,1.06365
1698703200,1.0635,1.06385,1.06325,1.06325
1698706800,1.06325,1.0636,1.06325,1.0635
1698710400,1.0635,1.06355,1.06305,1.0632
1698714000,1.0632,1.06335,1.06245,1.06305
1698717600,1.06305,1.0632,1.0619,1.0622
1698721200,1.0622,1.06225,1.06115,1.06155
1698724800,1.0615,1.0618,1.06115,1.0615
1698728400,1.06145,1.062,1.06135,1.06195
1698732000,1.06195,1.063,1.0615,1.06295
1698735600,1.0629,1.06465,1.0624,1.0642
1698739200,1.06415,1.06665,1.0636,1.0666
1698742800,1.0666,1.0696,1.0656,1.06895
1698746400,1.069,1.06915,1.0673,1.06855
1698750000,1.06855,1.0688,1.06765,1.0677
1698753600,1.06765,1.0682,1.0642,1.0645
1698757200,1.06445,1.06465,1.0622,1.0625
1698760800,1.0625,1.06365,1.06155,1.06225
1698764400,1.0623,1.06265,1.0587,1.0588
1698768000,1.0588,1.05955,1.0578,1.0588
1698771600,1.0588,1.06005,1.05865,1.05955
1698775200,1.0596,1.0603,1.05915,1.0602
1698778800,1.0602,1.0606,1.06005,1.0601
1698782400,1.06015,1.06045,1.0593,1.05965
1698789600,1.0596,1.06,1.05955,1.05995
1698793200,1.06,1.06005,1.0597,1.05985
1698796800,1.0598,1.0601,1.0589,1.0594
1698800400,1.05935,1.05965,1.05875,1.05895
1698804000,1.05895,1.0593,1.0587,1.05905
1698807600,1.05905,1.0594,1.0589,1.0591
1698811200,1.05905,1.0592,1.0586,1.05875
1698814800,1.05875,1.05895,1.05855,1.0588
1698818400,1.05885,1.0597,1.0588,1.05945
1698822000,1.05945,1.05975,1.0579,1.0585
1698825600,1.05845,1.0588,1.0577,1.0578
1698829200,1.0578,1.0583,1.0565,1.0569
1698832800,1.05695,1.0574,1.0566,1.0568
1698836400,1.0568,1.0571,1.0561,1.0563
1698840000,1.0563,1.05775,1.0557,1.0559
1698843600,1.05585,1.056,1.05415,1.05515
1698847200,1.0552,1.0591,1.0552,1.05725
1698850800,1.0573,1.05795,1.0556,1.05575
1698854400,1.0557,1.05615,1.0552,1.05535
1698858000,1.0554,1.0556,1.05475,1.05535
1698861600,1.0553,1.0572,1.05365,1.05615
1698865200,1.0562,1.0591,1.0561,1.05875
1698868800,1.05875,1.05955,1.0587,1.0591
1698876000,1.05895,1.0598,1.05885,1.05975
1698879600,1.05975,1.0606,1.0596,1.06055
1698883200,1.0606,1.0621,1.06025,1.06205
1698886800,1.0621,1.06215,1.06155,1.06165
1698890400,1.06165,1.06175,1.06125,1.0615
1698894000,1.06145,1.06195,1.0613,1.06185
1698897600,1.0619,1.0619,1.0614,1.0615
1698901200,1.0615,1.0621,1.06145,1.0616
1698904800,1.0616,1.0621,1.06125,1.06185
1698908400,1.0619,1.06295,1.0615,1.06225
1698912000,1.0622,1.06275,1.061,1.0619
1698915600,1.0619,1.0644,1.0618,1.06425
1698919200,1.06425,1.06555,1.064,1.06535
1698922800,1.0653,1.0658,1.0649,1.06525
1698926400,1.06525,1.06865,1.06515,1.0683
1698930000,1.0683,1.0686,1.0661,1.06665
1698933600,1.06665,1.0667,1.06465,1.0658
1698937200,1.06585,1.0662,1.06355,1.06365
1698940800,1.0636,1.0642,1.06295,1.0634
1698944400,1.06345,1.06485,1.0633,1.06475
1698948000,1.0647,1.06515,1.0642,1.0645
1698951600,1.06445,1.0645,1.06355,1.0642
1698955200,1.06415,1.06425,1.0636,1.064
1698962400,1.064,1.06415,1.06355,1.0636
1698966000,1.06355,1.06375,1.06335,1.0634
1698969600,1.0634,1.06405,1.0633,1.06365
1698973200,1.06365,1.0641,1.0633,1.06405
1698976800,1.06405,1.0647,1.064,1.06445
1698980400,1.06445,1.0647,1.06425,1.06435
1698984000,1.06435,1.06475,1.0643,1.0645
1698987600,1.0645,1.065,1.06445,1.0648
1698991200,1.06485,1.06525,1.0646,1.06495
1698994800,1.0649,1.0652,1.06435,1.06475
1698998400,1.0647,1.06505,1.0638,1.0645
1699002000,1.0645,1.06665,1.0642,1.0666
1699005600,1.0666,1.06665,1.06605,1.06615
1699009200,1.06615,1.06705,1.06595,1.0665
1699012800,1.06655,1.07385,1.06635,1.0728
1699016400,1.07275,1.07435,1.07145,1.07355
1699020000,1.0736,1.0755,1.07125,1.07385
1699023600,1.07385,1.0754,1.0734,1.0751
1699027200,1.07505,1.0758,1.0744,1.07575
1699030800,1.0758,1.07655,1.07495,1.07555
1699034400,1.0755,1.0758,1.0751,1.07545
1699038000,1.07545,1.07565,1.0741,1.07435
1699041600,1.0743,1.07515,1.0743,1.07505
1699225200,1.0747,1.0752,1.0742,1.07495
1699228800,1.075,1.07505,1.0741,1.07425
1699232400,1.07425,1.0748,1.0741,1.0747
1699236000,1.0747,1.07515,1.0745,1.0751
1699239600,1.0751,1.0753,1.0749,1.07525
1699243200,1.07525,1.0756,1.0752,1.0754
1699246800,1.07535,1.0757,1.07515,1.07535
1699250400,1.07535,1.07585,1.07525,1.07545
1699254000,1.07545,1.07625,1.075,1.07515
1699257600,1.07515,1.0774,1.075,1.0768
1699261200,1.0768,1.07745,1.0761,1.07655
1699264800,1.0765,1.0774,1.0763,1.07665
1699268400,1.07665,1.0772,1.07625,1.07695
1699272000,1.07695,1.0773,1.07575,1.0762
1699275600,1.07625,1.0763,1.07535,1.07555
1699279200,1.0756,1.0764,1.07545,1.07575
1699282800,1.07575,1.0762,1.07445,1.0762
1699286400,1.07615,1.07675,1.0758,1.0764
1699290000,1.0764,1.07645,1.0752,1.07535
1699293600,1.07535,1.0755,1.0747,1.0754
1699297200,1.0754,1.0755,1.07405,1.07425
1699300800,1.07425,1.07425,1.07375,1.07375
1699304400,1.07385,1.07395,1.07345,1.07355
1699311600,1.07395,1.07405,1.07355,1.0736
1699315200,1.07365,1.0737,1.07295,1.07315
1699318800,1.07315,1.07315,1.07255,1.07285
1699322400,1.07285,1.07305,1.0724,1.0729
1699326000,1.0729,1.0732,1.07255,1.07265
1699329600,1.0727,1.0729,1.0723,1.07245
1699333200,1.07245,1.07285,1.07235,1.0728
1699336800,1.07285,1.07295,1.0718,1.07185
1699340400,1.07185,1.0719,1.07095,1.07145
1699344000,1.07145,1.0724,1.07125,1.0721
1699347600,1.0721,1.07215,1.07005,1.07015
1699351200,1.0701,1.0715,1.0698,1.06995
1699354800,1.0699,1.0701,1.0683,1.0691
1699358400,1.06915,1.0702,1.0691,1.06965
1699362000,1.0696,1.0704,1.06895,1.0694
1699365600,1.0694,1.06945,1.06815,1.06935
1699369200,1.06935,1.07075,1.0691,1.07025
1699372800,1.0702,1.071,1.0701,1.07035
1699376400,1.07035,1.07035,1.069,1.0695
1699380000,1.0695,1.07175,1.06935,1.07165
1699383600,1.07165,1.07225,1.07115,1.07125
1699387200,1.07125,1.07155,1.0707,1.07125
1699390800,1.07125,1.0718,1.07125,1.0718
1699398000,1.0716,1.0717,1.07125,1.0713
1699401600,1.07125,1.0715,1.0707,1.07075
1699405200,1.0708,1.0711,1.07035,1.0709
1699408800,1.07085,1.07165,1.07065,1.07105
1699412400,1.0711,1.07125,1.07055,1.0707
1699416000,1.0707,1.07095,1.0706,1.0709
1699419600,1.07095,1.071,1.07025,1.07035
1699423200,1.0703,1.0705,1.0698,1.06985
1699426800,1.0699,1.07015,1.06925,1.06975
1699430400,1.06975,1.07,1.0688,1.0689
1699434000,1.069,1.06915,1.06775,1.06825
1699437600,1.0682,1.0686,1.06765,1.0685
1699441200,1.06855,1.0695,1.06855,1.0694
1699444800,1.06945,1.06945,1.0684,1.06855
1699448400,1.0685,1.06895,1.0677,1.0686
1699452000,1.06865,1.07095,1.0686,1.07075
1699455600,1.0708,1.0725,1.06995,1.07225
1699459200,1.0722,1.07335,1.0721,1.0732
1699462800,1.07315,1.07315,1.0718,1.0725
1699466400,1.0725,1.0731,1.0719,1.0726
1699470000,1.0726,1.07275,1.07175,1.07195
1699473600,1.07195,1.07275,1.0717,1.07265
1699477200,1.07265,1.0728,1.07255,1.0727
1699484400,1.07255,1.07275,1.07225,1.07275
1699488000,1.07275,1.07285,1.07185,1.0719
1699491600,1.07195,1.07305,1.0719,1.0728
1699495200,1.0728,1.07315,1.07245,1.07255
1699498800,1.0725,1.0727,1.0722,1.07235
1699502400,1.0724,1.07275,1.0724,1.0725
1699506000,1.0725,1.0726,1.0718,1.07185
1699509600,1.07185,1.07255,1.07175,1.0723
1699513200,1.0723,1.0725,1.07185,1.0721
1699516800,1.0721,1.07255,1.07095,1.07175
1699520400,1.0717,1.07205,1.071,1.07135
1699524000,1.07135,1.07155,1.07005,1.07025
1699527600,1.07025,1.07075,1.0696,1.0704
1699531200,1.0704,1.0708,1.0703,1.0706
1699534800,1.07055,1.0724,1.0702,1.0723
1699538400,1.07235,1.0741,1.0716,1.07395
1699542000,1.074,1.07405,1.0723,1.0731
1699545600,1.07305,1.0733,1.07205,1.07255
1699549200,1.07255,1.07285,1.07155,1.07205
1699552800,1.07205,1.0721,1.06885,1.071
1699556400,1.071,1.07125,1.0676,1.0683
1699560000,1.06825,1.06915,1.0678,1.06795
1699563600,1.06795,1.0686,1.06795,1.0684
1699570800,1.0684,1.0685,1.06795,1.06825
1699574400,1.06825,1.0686,1.06785,1.0684
1699578000,1.06835,1.06905,1.06825,1.0687
1699581600,1.0687,1.069,1.06855,1.0688
1699585200,1.0688,1.06895,1.0684,1.06855
1699588800,1.06855,1.06865,1.06825,1.06865
1699592400,1.06865,1.06875,1.06815,1.06845
1699596000,1.0684,1.0685,1.0679,1.0681
1699599600,1.06805,1.0685,1.06715,1.06785
1699603200,1.0679,1.0694,1.06785,1.06865
1699606800,1.0686,1.06955,1.068,1.06925
1699610400,1.06925,1.07035,1.0685,1.07025
1699614000,1.07025,1.07045,1.0689,1.06925
1699617600,1.06925,1.0704,1.06855,1.06975
1699621200,1.0697,1.07085,1.0693,1.0704
1699624800,1.07045,1.0705,1.06855,1.0688
1699628400,1.0689,1.0695,1.06765,1.0685
1699632000,1.06855,1.0695,1.06785,1.0685
1699635600,1.06845,1.06975,1.06795,1.06945
1699639200,1.06945,1.06995,1.06885,1.06965
1699642800,1.06965,1.0703,1.06945,1.0695
1699646400,1.06955,1.0703,1.06925,1.0701
1699650000,1.07005,1.0703,1.0698,1.07025
1699830000,1.0701,1.07055,1.0701,1.07055
1699833600,1.07055,1.07055,1.0697,1.06995
1699837200,1.0699,1.07035,1.0696,1.0702
1699840800,1.0702,1.07025,1.06965,1.0698
1699844400,1.0698,1.0701,1.0697,1.07005
1699848000,1.07005,1.0704,1.06995,1.06995
1699851600,1.0699,1.07015,1.06985,1.0701
1699855200,1.07005,1.07075,1.0699,1.0705
1699858800,1.07055,1.07125,1.0704,1.0708
1699862400,1.0708,1.071,1.07005,1.07065
1699866000,1.0706,1.0717,1.0701,1.07045
1699869600,1.07045,1.07145,1.0702,1.07125
1699873200,1.07125,1.0713,1.07,1.0702
1699876800,1.0702,1.0703,1.06845,1.0688
1699880400,1.06875,1.06885,1.06795,1.06875
1699884000,1.06875,1.0695,1.0683,1.0692
1699887600,1.0692,1.0708,1.06895,1.0704
1699891200,1.07035,1.0719,1.07,1.07145
1699894800,1.0714,1.0722,1.0709,1.0711
1699898400,1.0711,1.07205,1.07055,1.0717
1699902000,1.07165,1.07205,1.07125,1.07175
1699905600,1.0717,1.07195,1.0714,1.0714
1699909200,1.07145,1.07145,1.0712,1.07125
1699916400,1.0713,1.0716,1.07125,1.07155
1699920000,1.0716,1.0717,1.07125,1.0714
1699923600,1.0714,1.0715,1.0709,1.07135
1699927200,1.0713,1.07165,1.0711,1.07125
1699930800,1.07125,1.0713,1.071,1.0711
1699934400,1.0711,1.0714,1.071,1.0711
1699938000,1.07105,1.0711,1.07075,1.071
1699941600,1.071,1.07145,1.0709,1.07135
1699945200,1.0714,1.07245,1.07125,1.0721
1699948800,1.0721,1.07245,1.07105,1.0713
1699952400,1.07125,1.0732,1.07105,1.07305
1699956000,1.07305,1.07455,1.07295,1.07365
1699959600,1.07365,1.07385,1.07295,1.0734
1699963200,1.0734,1.0742,1.0733,1.0736
1699966800,1.0736,1.08155,1.06725,1.0804
1699970400,1.0804,1.0851,1.08035,1.08485
1699974000,1.08485,1.08575,1.0838,1.08525
1699977600,1.08525,1.0879,1.0851,1.08755
1699981200,1.0875,1.08885,1.0869,1.0888
1699984800,1.08875,1.08915,1.08835,1.0885
1699988400,1.0885,1.0898,1.08825,1.0896
1699992000,1.0896,1.0902,1.08925,1.08975
1699995600,1.0897,1.0897,1.08905,1.0894
1700002800,1.0892,1.08975,1.08915,1.0892
1700006400,1.08925,1.0893,1.088,1.0884
1700010000,1.08845,1.0889,1.0882,1.08865
1700013600,1.0887,1.08945,1.08855,1.08935
1700017200,1.0893,1.0897,1.08905,1.08965
1700020800,1.08965,1.08985,1.0892,1.08925
1700024400,1.08925,1.0894,1.0887,1.08875
1700028000,1.08875,1.08915,1.0886,1.0888
1700031600,1.0888,1.0891,1.08795,1.08875
1700035200,1.08875,1.0894,1.08815,1.0885
1700038800,1.08845,1.08855,1.08585,1.08665
1700042400,1.0866,1.08735,1.0865,1.08715
1700046000,1.08715,1.08825,1.087,1.088
1700049600,1.08805,1.0882,1.0869,1.0878
1700053200,1.08775,1.0901,1.08545,1.08735
1700056800,1.0873,1.0875,1.0846,1.08505
1700060400,1.0851,1.08795,1.08485,1.08795
1700064000,1.08795,1.0883,1.08625,1.08665
1700067600,1.08665,1.0871,1.08575,1.08685
1700071200,1.0868,1.0869,1.08565,1.086
1700074800,1.08605,1.08625,1.0855,1.08605
1700078400,1.0861,1.08615,1.08565,1.08575
1700082000,1.0857,1.0862,1.08565,1.0862
1700089200,1.0863,1.08675,1.0861,1.08675
1700092800,1.0867,1.08685,1.0864,1.08685
1700096400,1.08685,1.0869,1.0855,1.0857
1700100000,1.0857,1.0857,1.08435,1.0847
1700103600,1.08465,1.0849,1.0845,1.0846
1700107200,1.0846,1.08505,1.08455,1.08505
1700110800,1.08505,1.0853,1.0847,1.0851
1700114400,1.0851,1.0854,1.08495,1.08525
1700118000,1.0852,1.0859,1.0847,1.0854
1700121600,1.0854,1.08685,1.0852,1.08685
1700125200,1.0868,1.0874,1.0861,1.08645
1700128800,1.0864,1.08645,1.08565,1.08585
1700132400,1.0858,1.0871,1.0858,1.08655
1700136000,1.08655,1.0866,1.0852,1.08555
1700139600,1.08555,1.08945,1.08545,1.08945
1700143200,1.0894,1.08945,1.0871,1.0889
1700146800,1.08895,1.09085,1.0885,1.08915
1700150400,1.0891,1.0896,1.08595,1.08635
1700154000,1.0863,1.0874,1.08605,1.0873
1700157600,1.0873,1.0879,1.08695,1.08725
1700161200,1.0872,1.08735,1.0865,1.0869
1700164800,1.0869,1.08715,1.0858,1.0859
1700168400,1.08595,1.08665,1.0859,1.0865
1700175600,1.0866,1.08685,1.08635,1.0866
1700179200,1.0866,1.08685,1.08615,1.0866
1700182800,1.0866,1.08695,1.08635,1.0866
1700186400,1.08655,1.087,1.0862,1.0868
1700190000,1.08685,1.08695,1.0866,1.0867
1700193600,1.0867,1.08675,1.08625,1.0863
1700197200,1.0863,1.08685,1.08605,1.0866
1700200800,1.0866,1.08695,1.08635,1.08635
1700204400,1.0864,1.0864,1.0848,1.08515
1700208000,1.08515,1.0862,1.08375,1.08605
1700211600,1.08605,1.0871,1.08575,1.08655
1700215200,1.0866,1.08835,1.0864,1.08835
1700218800,1.0883,1.0887,1.08715,1.0879
1700222400,1.0878,1.08815,1.08705,1.0876
1700226000,1.0876,1.089,1.0874,1.08835
1700229600,1.08835,1.0897,1.08715,1.0882
1700233200,1.0882,1.09055,1.08805,1.08995
1700236800,1.08995,1.09025,1.0887,1.08915
1700240400,1.0891,1.09035,1.0891,1.0903
1700244000,1.09025,1.0917,1.0901,1.0916
1700247600,1.0916,1.0916,1.0908,1.0912
1700251200,1.09125,1.09215,1.091,1.0921
1700254800,1.0921,1.0931,1.0917,1.09305
1700434800,1.09235,1.0925,1.09175,1.09175
1700438400,1.09175,1.0918,1.09095,1.09135
1700442000,1.09135,1.0923,1.09135,1.09205
1700445600,1.09205,1.09365,1.092,1.0934
1700449200,1.09345,1.0937,1.09295,1.09355
1700452800,1.0936,1.0948,1.0934,1.0934
1700456400,1.0934,1.09395,1.09305,1.09305
1700460000,1.0931,1.0935,1.0928,1.0929
1700463600,1.0929,1.09315,1.09245,1.0928
1700467200,1.09285,1.09415,1.09275,1.09315
1700470800,1.0931,1.09525,1.09305,1.09485
1700474400,1.09485,1.0949,1.09345,1.0938
1700478000,1.09385,1.0942,1.09335,1.09355
1700481600,1.0935,1.0943,1.0933,1.0942
1700485200,1.09425,1.09445,1.09365,1.0939
1700488800,1.0939,1.0958,1.0931,1.09525
1700492400,1.0953,1.09535,1.09385,1.09505
1700496000,1.095,1.09575,1.09495,1.09565
1700499600,1.09565,1.09635,1.0947,1.09495
1700503200,1.095,1.09645,1.0949,1.0958
1700506800,1.0958,1.09595,1.0951,1.0959
1700510400,1.09585,1.096,1.0954,1.0954
1700514000,1.09545,1.0957,1.09515,1.09525
1700521200,1.09535,1.09585,1.0953,1.09565
1700524800,1.0956,1.09635,1.0954,1.0957
1700528400,1.0957,1.0969,1.0955,1.0963
1700532000,1.0963,1.09735,1.09595,1.0971
1700535600,1.09715,1.09755,1.097,1.0975
1700539200,1.09745,1.09765,1.09695,1.097
1700542800,1.097,1.0975,1.0965,1.0967
1700546400,1.09675,1.0972,1.09635,1.097
1700550000,1.097,1.09745,1.0962,1.0965
1700553600,1.0965,1.09755,1.09555,1.0958
1700557200,1.09575,1.09625,1.0954,1.09555
1700560800,1.0955,1.09655,1.09545,1.0957
1700564400,1.0957,1.09585,1.09505,1.0951
1700568000,1.09515,1.09625,1.0951,1.09595
1700571600,1.096,1.0973,1.0951,1.09565
1700575200,1.0957,1.0971,1.0956,1.09645
1700578800,1.0965,1.0971,1.0943,1.09455
1700582400,1.0946,1.09555,1.0934,1.09345
1700586000,1.0935,1.09385,1.0931,1.09325
1700589600,1.09325,1.0933,1.09145,1.09205
1700593200,1.09205,1.09275,1.09115,1.09265
1700596800,1.0927,1.09285,1.0923,1.09235
1700600400,1.0924,1.09265,1.0921,1.0922
1700607600,1.0922,1.09305,1.09215,1.0929
1700611200,1.0929,1.09315,1.09265,1.09315
1700614800,1.09315,1.09345,1.0921,1.09255
1700618400,1.0925,1.09325,1.09235,1.0928
1700622000,1.09275,1.0931,1.0925,1.0926
1700625600,1.0926,1.09275,1.09225,1.0926
1700629200,1.0925,1.0926,1.09165,1.09195
1700632800,1.0919,1.09195,1.09075,1.09125
1700636400,1.0912,1.09285,1.09115,1.09265
1700640000,1.09265,1.09315,1.0895,1.0897
1700643600,1.0897,1.0924,1.08965,1.0914
1700647200,1.0914,1.0917,1.09065,1.0912
1700650800,1.09125,1.09195,1.09095,1.0912
1700654400,1.09115,1.0924,1.09095,1.09185
1700658000,1.0918,1.09295,1.0903,1.09075
1700661600,1.0908,1.09105,1.08835,1.08865
1700665200,1.0887,1.0887,1.0864,1.0877
1700668800,1.08775,1.08845,1.0873,1.0882
1700672400,1.0882,1.0895,1.08805,1.089
1700676000,1.089,1.08985,1.0889,1.08965
1700679600,1.0896,1.08995,1.08915,1.08955
1700683200,1.08955,1.09,1.0893,1.0899
1700686800,1.0899,1.0901,1.08975,1.08995
1700694000,1.08985,1.0899,1.08925,1.08985
1700697600,1.08985,1.09025,1.0898,1.09025
1700701200,1.0902,1.0906,1.0899,1.0905
1700704800,1.0905,1.0915,1.0905,1.09135
1700708400,1.0914,1.09165,1.09115,1.0915
1700712000,1.0915,1.09155,1.0912,1.0913
1700715600,1.09125,1.0922,1.09115,1.09205
1700719200,1.09205,1.0928,1.0917,1.09185
1700722800,1.0918,1.0925,1.0916,1.09235
1700726400,1.0924,1.0941,1.09055,1.0928
1700730000,1.0928,1.0934,1.0916,1.0933
1700733600,1.0933,1.0934,1.0925,1.0929
1700737200,1.09295,1.093,1.09225,1.0925
1700740800,1.09245,1.09255,1.091,1.0914
1700744400,1.09135,1.0916,1.0907,1.0912
1700748000,1.0912,1.0913,1.0898,1.09065
1700751600,1.09065,1.0921,1.09065,1.092
1700755200,1.092,1.09205,1.0913,1.09165
1700758800,1.09165,1.09175,1.0913,1.0916
1700762400,1.09165,1.09165,1.09135,1.09145
1700766000,1.0914,1.0918,1.09135,1.0914
1700769600,1.09145,1.0917,1.0913,1.0916
1700773200,1.09155,1.09175,1.09145,1.09155
1700780400,1.0917,1.09175,1.09135,1.09135
1700784000,1.0914,1.092,1.0913,1.09165
1700787600,1.0917,1.092,1.0911,1.0912
1700791200,1.09115,1.09135,1.0905,1.09055
1700794800,1.09055,1.09095,1.0905,1.0909
1700798400,1.0909,1.09135,1.0907,1.09135
1700802000,1.09135,1.0922,1.09135,1.09215
1700805600,1.09215,1.09215,1.09135,1.09175
1700809200,1.0917,1.0921,1.0913,1.0918
1700812800,1.09175,1.0929,1.0915,1.09285
1700816400,1.0928,1.09305,1.09115,1.0913
1700820000,1.09125,1.092,1.09115,1.09195
1700823600,1.09195,1.09265,1.09165,1.0924
1700827200,1.0924,1.0938,1.0922,1.09265
1700830800,1.0926,1.09325,1.0917,1.0932
1700834400,1.09315,1.09485,1.0927,1.09465
1700838000,1.0947,1.09555,1.0944,1.09495
1700841600,1.09495,1.09515,1.094,1.09435
1700845200,1.0943,1.0951,1.09385,1.0951
1700848800,1.09505,1.0954,1.095,1.0953
1701039600,1.09545,1.09575,1.0948,1.0949
1701043200,1.0949,1.09505,1.09375,1.09385
1701046800,1.0938,1.0959,1.0936,1.0956
1701050400,1.09565,1.09565,1.09475,1.09525
1701054000,1.09525,1.0955,1.0948,1.09545
1701057600,1.09545,1.0959,1.09515,1.09565
1701061200,1.09565,1.096,1.09535,1.09585
1701064800,1.09585,1.09655,1.09575,1.09595
1701068400,1.09595,1.09685,1.09545,1.09565
1701072000,1.0957,1.09615,1.0949,1.09525
1701075600,1.0952,1.0962,1.095,1.0958
1701079200,1.09575,1.09655,1.0955,1.09635
1701082800,1.0964,1.09645,1.0955,1.09625
1701086400,1.0963,1.09645,1.09545,1.0959
1701090000,1.09585,1.0965,1.0953,1.09535
1701093600,1.09535,1.0954,1.0935,1.0938
1701097200,1.0938,1.09485,1.09345,1.09425
1701100800,1.09425,1.0947,1.09375,1.0946
1701104400,1.09455,1.09475,1.09385,1.0944
1701108000,1.0944,1.0952,1.09415,1.09515
1701111600,1.09515,1.09665,1.09515,1.0966
1701115200,1.0966,1.0967,1.096,1.09665
1701118800,1.0966,1.0967,1.09615,1.09625
1701126000,1.0964,1.09685,1.0964,1.09675
1701129600,1.09675,1.0971,1.09645,1.0967
1701133200,1.09675,1.0971,1.0963,1.0967
1701136800,1.09665,1.0972,1.09625,1.0967
1701140400,1.0967,1.0968,1.09635,1.0964
1701144000,1.0964,1.09645,1.0961,1.09615
1701147600,1.09615,1.09625,1.09595,1.09605
1701151200,1.096,1.09615,1.0955,1.0956
1701154800,1.09555,1.09565,1.09435,1.0945
1701158400,1.0945,1.09595,1.0945,1.0957
1701162000,1.09565,1.09645,1.09555,1.09625
1701165600,1.09625,1.09655,1.0956,1.0961
1701169200,1.09615,1.09665,1.09575,1.0959
1701172800,1.0959,1.09715,1.09565,1.096
1701176400,1.096,1.0983,1.0954,1.0981
1701180000,1.0981,1.09945,1.09735,1.09875
1701183600,1.09885,1.1011,1.0977,1.09905
1701187200,1.09905,1.1015,1.09865,1.1014
1701190800,1.10145,1.1018,1.09945,1.0996
1701194400,1.09965,1.09975,1.09825,1.09905
1701198000,1.099,1.1003,1.099,1.1
1701201600,1.1,1.10005,1.0985,1.0997
1701205200,1.0997,1.10045,1.0995,1.1001
1701212400,1.1002,1.10135,1.1002,1.1012
1701216000,1.10125,1.10155,1.10055,1.1014
1701219600,1.10145,1.1025,1.1013,1.10145
1701223200,1.1014,1.1017,1.10065,1.1015
1701226800,1.1015,1.1016,1.1007,1.1007
1701230400,1.1006,1.10115,1.10055,1.10105
1701234000,1.10105,1.10125,1.10065,1.10105
1701237600,1.101,1.10125,1.1004,1.10095
1701241200,1.1009,1.1009,1.09905,1.09935
1701244800,1.0993,1.10065,1.0985,1.09985
1701248400,1.0998,1.09995,1.098,1.0983
1701252000,1.0983,1.09865,1.09775,1.0985
1701255600,1.0985,1.0993,1.09795,1.0993
1701259200,1.0993,1.09965,1.09875,1.0993
1701262800,1.09935,1.1003,1.09795,1.0981
1701266400,1.0981,1.0999,1.09705,1.09845
1701270000,1.09855,1.09995,1.09685,1.0983
1701273600,1.09825,1.0986,1.097,1.09765
1701277200,1.09765,1.09865,1.09745,1.09845
1701280800,1.09845,1.0994,1.09805,1.09925
1701284400,1.0993,1.1003,1.09855,1.0992
1701288000,1.0992,1.0992,1.09795,1.0981
1701291600,1.09815,1.0983,1.09765,1.09775
1701298800,1.09785,1.09815,1.09775,1.0981
1701302400,1.0981,1.0991,1.09795,1.09895
1701306000,1.09895,1.09895,1.0976,1.09765
1701309600,1.09765,1.0985,1.09745,1.09835
1701313200,1.0983,1.0984,1.098,1.09815
1701316800,1.0981,1.0983,1.09755,1.0976
1701320400,1.0976,1.098,1.0972,1.0979
1701324000,1.0979,1.0989,1.09785,1.09855
1701327600,1.0986,1.0986,1.09475,1.09585
1701331200,1.09585,1.09665,1.09275,1.093
1701334800,1.093,1.0946,1.09265,1.09315
1701338400,1.09315,1.09375,1.09165,1.0925
1701342000,1.0925,1.09265,1.09165,1.09225
1701345600,1.09225,1.0939,1.0918,1.09325
1701349200,1.0933,1.09575,1.0921,1.0923
1701352800,1.09235,1.09295,1.0899,1.09155
1701356400,1.09155,1.09255,1.09015,1.0918
1701360000,1.0918,1.09235,1.09085,1.09135
1701363600,1.09135,1.0919,1.08955,1.0897
1701367200,1.0897,1.0907,1.08905,1.0896
1701370800,1.08965,1.0902,1.08915,1.0897
1701374400,1.0897,1.0899,1.0886,1.08915
1701378000,1.08915,1.08985,1.08905,1.0894
1701385200,1.0897,1.0901,1.0896,1.0898
1701388800,1.08985,1.09095,1.0898,1.09085
1701392400,1.0908,1.0917,1.0908,1.09135
1701396000,1.09135,1.09195,1.0913,1.09135
1701399600,1.09145,1.09155,1.0906,1.0907
1701403200,1.0907,1.0913,1.0905,1.0913
1701406800,1.09125,1.09185,1.09115,1.09175
1701410400,1.0917,1.0918,1.09125,1.0915
1701414000,1.0915,1.09185,1.0901,1.0901
1701417600,1.09015,1.09095,1.08925,1.09
1701421200,1.08995,1.0911,1.0896,1.0904
1701424800,1.0904,1.09105,1.08915,1.0897
1701428400,1.08965,1.09045,1.0889,1.0904
1701432000,1.0904,1.09075,1.08825,1.08835
1701435600,1.0883,1.08915,1.0873,1.0874
1701439200,1.0874,1.0877,1.08475,1.08505
1701442800,1.0851,1.0873,1.08395,1.08445
1701446400,1.08445,1.0892,1.0835,1.08835
1701450000,1.0884,1.0891,1.0878,1.0888
1701453600,1.08885,1.08995,1.0885,1.08955
1701457200,1.0896,1.0899,1.0877,1.08785
1701460800,1.0879,1.08865,1.08775,1.0886
1701464400,1.08865,1.08905,1.0884,1.08875
1701644400,1.08905,1.0901,1.08845,1.0892
1701648000,1.0892,1.08925,1.0876,1.0878
1701651600,1.08775,1.0883,1.08725,1.08795
1701655200,1.0879,1.089,1.0876,1.0889
1701658800,1.08885,1.0892,1.08865,1.08865
1701662400,1.0886,1.08865,1.0876,1.08775
1701666000,1.08775,1.0879,1.0874,1.08755
1701669600,1.0875,1.0883,1.0873,1.0875
1701673200,1.0875,1.08755,1.08555,1.086
1701676800,1.086,1.08795,1.08595,1.087
1701680400,1.08695,1.0887,1.0868,1.08805
1701684000,1.08805,1.08815,1.0865,1.08745
1701687600,1.0874,1.08845,1.08735,1.0875
1701691200,1.0875,1.0878,1.0865,1.0875
1701694800,1.08745,1.0882,1.0859,1.0861
1701698400,1.0861,1.0861,1.0825,1.08455
1701702000,1.0846,1.08495,1.08095,1.082
1701705600,1.08205,1.08305,1.0817,1.0829
1701709200,1.08295,1.0833,1.08235,1.0831
1701712800,1.08315,1.08325,1.0821,1.08225
1701716400,1.0823,1.0835,1.0822,1.08335
1701720000,1.08335,1.0841,1.08335,1.084
1701723600,1.08395,1.0843,1.0839,1.08415
1701730800,1.0839,1.08435,1.0837,1.0843
1701734400,1.08425,1.08515,1.08415,1.0849
1701738000,1.08485,1.085,1.084,1.08445
1701741600,1.08445,1.0848,1.084,1.0842
1701745200,1.0842,1.08485,1.08415,1.08455
1701748800,1.08455,1.085,1.0845,1.08495
1701752400,1.0849,1.0853,1.08455,1.0853
1701756000,1.0853,1.0853,1.0837,1.08395
1701759600,1.0839,1.0839,1.08095,1.0813
1701763200,1.08125,1.08395,1.08115,1.0839
1701766800,1.0839,1.0848,1.0836,1.08375
1701770400,1.0837,1.08455,1.0835,1.0838
1701774000,1.0838,1.0842,1.08205,1.08245
1701777600,1.08245,1.0827,1.0818,1.082
1701781200,1.08195,1.08395,1.0819,1.0834
1701784800,1.08335,1.08355,1.0807,1.0814
1701788400,1.08145,1.08445,1.0804,1.0811
1701792000,1.0811,1.08185,1.07875,1.07915
1701795600,1.0792,1.0803,1.0791,1.07975
1701799200,1.07975,1.07985,1.0784,1.07905
1701802800,1.079,1.07915,1.0786,1.0789
1701806400,1.0789,1.08035,1.0787,1.08005
1701810000,1.08005,1.08045,1.0799,1.08025
1701817200,1.0802,1.08025,1.07955,1.0798
1701820800,1.0798,1.08015,1.0794,1.08005
1701824400,1.08005,1.0804,1.0793,1.0797
1701828000,1.07975,1.07985,1.0793,1.0797
1701831600,1.07975,1.0804,1.0797,1.0802
1701835200,1.08015,1.08045,1.07985,1.07995
1701838800,1.07995,1.0807,1.07965,1.0806
1701842400,1.08055,1.08055,1.0793,1.0793
1701846000,1.07925,1.0798,1.0783,1.0795
1701849600,1.07945,1.0795,1.07795,1.0791
1701853200,1.0791,1.08025,1.07905,1.0796
1701856800,1.0796,1.0801,1.07925,1.07965
1701860400,1.07955,1.0796,1.07825,1.0785
1701864000,1.07845,1.07855,1.0777,1.07825
1701867600,1.0782,1.08045,1.0782,1.0803
1701871200,1.08025,1.08095,1.07935,1.07995
1701874800,1.08,1.08055,1.079,1.07945
1701878400,1.07945,1.0805,1.0788,1.0794
1701882000,1.0794,1.0797,1.0785,1.07865
1701885600,1.07865,1.07895,1.0776,1.0783
1701889200,1.0783,1.0784,1.0772,1.0773
1701892800,1.07735,1.0774,1.07635,1.07675
1701896400,1.07665,1.0771,1.07665,1.07685
1701903600,1.0771,1.07715,1.0768,1.077
1701907200,1.077,1.0776,1.07695,1.0772
1701910800,1.0772,1.07745,1.07675,1.0771
1701914400,1.0771,1.07745,1.07655,1.07685
1701918000,1.07685,1.0769,1.0763,1.07635
1701921600,1.07635,1.07665,1.07615,1.0764
1701925200,1.07645,1.07665,1.07605,1.07655
1701928800,1.0765,1.07705,1.07625,1.07675
1701932400,1.07675,1.07845,1.0759,1.07845
1701936000,1.07845,1.07865,1.07755,1.0784
1701939600,1.07835,1.0788,1.0775,1.07835
1701943200,1.07835,1.0787,1.07675,1.0775
1701946800,1.0775,1.0781,1.0767,1.07745
1701950400,1.0774,1.07775,1.0763,1.0773
1701954000,1.07725,1.0802,1.0765,1.07935
1701957600,1.0794,1.07955,1.07735,1.0774
1701961200,1.0774,1.0797,1.07705,1.0787
1701964800,1.0788,1.07995,1.07875,1.07975
1701968400,1.07975,1.08215,1.0793,1.08175
1701972000,1.0817,1.0817,1.08065,1.0809
1701975600,1.0809,1.081,1.08015,1.0802
1701979200,1.08015,1.08075,1.07985,1.0799
1701982800,1.0799,1.08,1.07945,1.07985
1701990000,1.07985,1.08005,1.07925,1.07925
1701993600,1.0793,1.08015,1.07915,1.07995
1701997200,1.0799,1.08035,1.07885,1.07915
1702000800,1.0791,1.07935,1.0787,1.0793
1702004400,1.07925,1.07985,1.07915,1.07955
1702008000,1.07955,1.07955,1.0786,1.07865
1702011600,1.07865,1.07925,1.07855,1.0787
1702015200,1.0787,1.07905,1.07825,1.07825
1702018800,1.0783,1.0786,1.07765,1.0782
1702022400,1.07825,1.07945,1.07805,1.07925
1702026000,1.0792,1.07925,1.07755,1.078
1702029600,1.07795,1.0793,1.07785,1.0787
1702033200,1.0787,1.07905,1.0781,1.0786
1702036800,1.0786,1.0789,1.07785,1.0781
1702040400,1.07805,1.0783,1.0727,1.075
1702044000,1.075,1.0757,1.07335,1.07495
1702047600,1.075,1.07895,1.075,1.07715
1702051200,1.07715,1.0774,1.0747,1.0748
1702054800,1.0748,1.0761,1.07435,1.07595
1702058400,1.07595,1.07655,1.0756,1.076
1702062000,1.076,1.07645,1.07595,1.07615
1702065600,1.0762,1.07695,1.076,1.0767
1702069200,1.0767,1.07675,1.07645,1.0767
1702249200,1.0765,1.07705,1.0764,1.07675
1702252800,1.07685,1.07765,1.0768,1.07745
1702256400,1.0775,1.07765,1.077,1.07705
1702260000,1.077,1.07705,1.07665,1.07685
1702263600,1.07685,1.07705,1.07665,1.07675
1702267200,1.07675,1.07675,1.0764,1.07665
1702270800,1.0766,1.0771,1.0765,1.07705
1702274400,1.07705,1.07735,1.0769,1.0772
1702278000,1.0772,1.07725,1.0756,1.07585
1702281600,1.0759,1.07735,1.0754,1.0768
1702285200,1.07675,1.07705,1.07605,1.07695
1702288800,1.07695,1.0782,1.0769,1.0776
1702292400,1.0776,1.0781,1.0766,1.0771
1702296000,1.0771,1.0773,1.07585,1.07635
1702299600,1.0764,1.07695,1.07555,1.0766
1702303200,1.07665,1.0767,1.07465,1.07555
1702306800,1.0756,1.0763,1.07445,1.07465
1702310400,1.07465,1.07525,1.07445,1.0749
1702314000,1.07485,1.07575,1.0746,1.07475
1702317600,1.0747,1.07675,1.07455,1.07665
1702321200,1.07665,1.07725,1.07635,1.0764
1702324800,1.07645,1.0768,1.07635,1.0768
1702328400,1.07675,1.0768,1.07665,1.0768
1702335600,1.0768,1.0768,1.0766,1.0768
1702339200,1.0768,1.0769,1.07655,1.07675
1702342800,1.07675,1.0772,1.0767,1.07675
1702346400,1.07675,1.07725,1.0764,1.0764
1702350000,1.07645,1.0772,1.07635,1.0771
1702353600,1.07705,1.0772,1.0767,1.07675
1702357200,1.0768,1.07735,1.0768,1.0772
1702360800,1.0772,1.07825,1.0771,1.0782
1702364400,1.07815,1.07855,1.07765,1.07805
1702368000,1.078,1.07945,1.0776,1.0788
1702371600,1.07875,1.08005,1.0783,1.07965
1702375200,1.0796,1.081,1.07955,1.08035
1702378800,1.08035,1.0805,1.07945,1.0799
1702382400,1.07985,1.08085,1.0798,1.08005
1702386000,1.0801,1.08325,1.0776,1.0779
1702389600,1.0779,1.08025,1.07695,1.07765
1702393200,1.07765,1.07925,1.07715,1.07865
1702396800,1.0787,1.0796,1.07835,1.0791
1702400400,1.07915,1.07985,1.0786,1.07905
1702404000,1.079,1.0801,1.07895,1.07955
1702407600,1.0796,1.0796,1.079,1.07925
1702411200,1.0793,1.08005,1.07915,1.07995
1702414800,1.07995,1.08015,1.07965,1.07975
1702422000,1.0797,1.08015,1.0797,1.08
1702425600,1.08005,1.0802,1.07935,1.0796
1702429200,1.0796,1.0798,1.07935,1.07955
1702432800,1.0795,1.07955,1.07865,1.0789
1702436400,1.07895,1.079,1.07865,1.0789
1702440000,1.0789,1.0792,1.0788,1.0788
1702443600,1.07885,1.0793,1.07885,1.0792
1702447200,1.07915,1.0794,1.0783,1.07855
1702450800,1.0786,1.07905,1.07825,1.0787
1702454400,1.07875,1.0795,1.07845,1.07915
1702458000,1.0791,1.0794,1.07825,1.07895
1702461600,1.0789,1.0789,1.0775,1.078
1702465200,1.07795,1.07865,1.07755,1.07855
1702468800,1.0786,1.07915,1.0783,1.0784
1702472400,1.0784,1.08055,1.0784,1.08025
1702476000,1.08025,1.08115,1.07845,1.0793
1702479600,1.0793,1.0798,1.07865,1.0796
1702483200,1.07965,1.0799,1.07875,1.07935
1702486800,1.07935,1.0796,1.0785,1.0786
1702490400,1.0786,1.0792,1.0782,1.07895
1702494000,1.07885,1.08935,1.0788,1.089
1702497600,1.08905,1.0899,1.0867,1.0883
1702501200,1.08835,1.08865,1.08755,1.08765
1702508400,1.08765,1.0886,1.08765,1.08835
1702512000,1.08835,1.0896,1.08805,1.0894
1702515600,1.0894,1.0899,1.08865,1.08975
1702519200,1.08975,1.09065,1.0894,1.0905
1702522800,1.09055,1.0916,1.0905,1.09065
1702526400,1.09065,1.091,1.09,1.09
1702530000,1.09,1.0901,1.0894,1.08945
1702533600,1.0895,1.09035,1.0895,1.0902
1702537200,1.09025,1.0909,1.08815,1.0882
1702540800,1.0882,1.0906,1.0881,1.09025
1702544400,1.09025,1.09135,1.09005,1.0905
1702548000,1.09045,1.0915,1.08995,1.0914
1702551600,1.0914,1.09325,1.0914,1.09305
1702555200,1.09305,1.09405,1.0924,1.0925
1702558800,1.0925,1.0952,1.09075,1.09445
1702562400,1.0944,1.09935,1.09365,1.0992
1702566000,1.0992,1.0998,1.09685,1.09945
1702569600,1.09945,1.1004,1.09915,1.09965
1702573200,1.0997,1.10105,1.099,1.1006
1702576800,1.1006,1.10065,1.0983,1.09835
1702580400,1.09835,1.09965,1.09805,1.09935
1702584000,1.09935,1.0998,1.0989,1.0994
1702587600,1.0994,1.0995,1.0989,1.0995
1702594800,1.1038,1.10405,1.1033,1.10375
1702598400,1.10375,1.10385,1.1021,1.10275
1702602000,1.10275,1.10335,1.1026,1.1029
1702605600,1.1029,1.10425,1.1029,1.1041
1702609200,1.10415,1.10445,1.1038,1.10425
1702612800,1.1043,1.10475,1.10405,1.1042
1702616400,1.1042,1.1042,1.1028,1.1028
1702620000,1.1028,1.1032,1.10245,1.10315
1702623600,1.10315,1.10395,1.1027,1.1038
1702627200,1.1038,1.10435,1.09905,1.1
1702630800,1.1,1.10115,1.0993,1.1004
1702634400,1.1004,1.1012,1.10005,1.10085
1702638000,1.1008,1.10135,1.10005,1.1012
1702641600,1.1012,1.1013,1.0985,1.0988
1702645200,1.0988,1.09925,1.0948,1.09595
1702648800,1.09595,1.09715,1.0954,1.0963
1702652400,1.09635,1.0967,1.0948,1.0959
1702656000,1.09595,1.096,1.09445,1.09485
1702659600,1.0949,1.09595,1.0948,1.09535
1702663200,1.09535,1.09545,1.09315,1.0937
1702666800,1.09365,1.0943,1.0933,1.0943
1702670400,1.09425,1.0952,1.0937,1.0937
1702674000,1.09375,1.094,1.09355,1.09385
1702854000,1.0938,1.09405,1.0935,1.0938
1702857600,1.09375,1.09445,1.09365,1.09435
1702861200,1.0943,1.09435,1.0938,1.09405
1702864800,1.09405,1.0948,1.09405,1.09465
1702868400,1.0947,1.09565,1.09455,1.09535
1702872000,1.09535,1.09555,1.0952,1.09555
1702875600,1.09555,1.09585,1.09535,1.09585
1702879200,1.0958,1.0963,1.0954,1.0961
1702882800,1.09605,1.0973,1.0958,1.09645
1702886400,1.0964,1.09665,1.09585,1.0961
1702890000,1.09605,1.0971,1.0956,1.09625
1702893600,1.0962,1.0963,1.09505,1.09525
1702897200,1.0953,1.0956,1.09495,1.0955
1702900800,1.09555,1.09605,1.0952,1.09565
1702904400,1.0956,1.09715,1.0956,1.0964
1702908000,1.0964,1.09735,1.09635,1.09725
1702911600,1.09725,1.09745,1.09535,1.09565
1702915200,1.0957,1.09675,1.0956,1.09615
1702918800,1.09615,1.0971,1.09605,1.097
1702922400,1.097,1.09705,1.09625,1.0966
1702926000,1.09655,1.0966,1.09555,1.0959
1702929600,1.0959,1.09625,1.09555,1.0962
1702933200,1.0962,1.09665,1.09595,1.09655
1702940400,1.0966,1.0967,1.09615,1.09645
1702944000,1.0965,1.0967,1.09595,1.0962
1702947600,1.09625,1.0968,1.0959,1.09605
1702951200,1.09605,1.09645,1.0957,1.09635
1702954800,1.0963,1.0971,1.0962,1.09675
1702958400,1.09675,1.09685,1.0962,1.0965
1702962000,1.09645,1.097,1.0963,1.09695
1702965600,1.0969,1.0973,1.0965,1.097
1702969200,1.09695,1.0983,1.09655,1.09705
1702972800,1.097,1.0984,1.09695,1.0982
1702976400,1.0982,1.0991,1.09805,1.0983
1702980000,1.0983,1.0987,1.09775,1.09795
1702983600,1.09795,1.0981,1.09725,1.09785
1702987200,1.0979,1.10125,1.09785,1.101
1702990800,1.10105,1.10155,1.09955,1.10035
1702994400,1.1004,1.10265,1.10005,1.1021
1702998000,1.10215,1.1029,1.1011,1.10275
1703001600,1.10275,1.1028,1.10145,1.1019
1703005200,1.10185,1.1021,1.10145,1.1017
1703008800,1.10165,1.10185,1.10115,1.1017
1703012400,1.10165,1.102,1.1014,1.1018
1703016000,1.1018,1.10205,1.1014,1.10205
1703019600,1.102,1.10235,1.1018,1.10225
1703026800,1.1024,1.1025,1.10185,1.10205
1703030400,1.10205,1.10205,1.10125,1.10145
1703034000,1.10145,1.10155,1.10095,1.1011
1703037600,1.10115,1.1014,1.10085,1.10115
1703041200,1.10115,1.10125,1.1009,1.10115
1703044800,1.10115,1.1012,1.1007,1.101
1703048400,1.10095,1.10105,1.1006,1.1006
1703052000,1.10065,1.10065,1.0997,1.1
1703055600,1.1,1.10115,1.09915,1.10075
1703059200,1.10075,1.10125,1.0999,1.1002
1703062800,1.10015,1.10065,1.0994,1.10055
1703066400,1.1005,1.1006,1.0987,1.09935
1703070000,1.09935,1.0997,1.09765,1.09785
1703073600,1.09785,1.0983,1.0975,1.0978
1703077200,1.0978,1.1004,1.0977,1.1001
1703080800,1.10015,1.10125,1.1,1.10105
1703084400,1.10115,1.10155,1.0994,1.1014
1703088000,1.10145,1.1016,1.09955,1.09965
1703091600,1.09965,1.1001,1.09905,1.09985
1703095200,1.09985,1.1004,1.09945,1.1
1703098800,1.1,1.1001,1.0983,1.0987
1703102400,1.09865,1.09895,1.09715,1.0972
1703106000,1.0972,1.0984,1.097,1.0982
1703113200,1.098,1.09845,1.098,1.09815
1703116800,1.09815,1.0988,1.0979,1.09875
1703120400,1.0988,1.0991,1.09865,1.09905
1703124000,1.099,1.09925,1.09835,1.0987
1703127600,1.09875,1.09875,1.0984,1.0987
1703131200,1.0987,1.09885,1.09855,1.09875
1703134800,1.09875,1.0994,1.0987,1.0993
1703138400,1.09925,1.0993,1.0981,1.0983
1703142000,1.09835,1.09885,1.0981,1.09855
1703145600,1.09855,1.0993,1.09775,1.0978
1703149200,1.0978,1.09855,1.0974,1.09825
1703152800,1.0982,1.0995,1.09785,1.09925
1703156400,1.0993,1.10235,1.09925,1.1019
1703160000,1.1019,1.1026,1.1016,1.102
1703163600,1.10205,1.10415,1.10115,1.10305
1703167200,1.10305,1.10405,1.10215,1.1032
1703170800,1.1032,1.1034,1.10145,1.10295
1703174400,1.1029,1.10345,1.1019,1.10295
1703178000,1.1029,1.1031,1.1018,1.1026
1703181600,1.1026,1.10315,1.10185,1.10295
1703185200,1.10295,1.1041,1.10285,1.1039
1703188800,1.1039,1.10435,1.1033,1.1043
1703192400,1.10425,1.10525,1.10425,1.1051
1703199600,1.1049,1.1052,1.1045,1.10455
1703203200,1.1045,1.10495,1.10425,1.1045
1703206800,1.10445,1.10465,1.1037,1.10385
1703210400,1.1038,1.10405,1.1035,1.104
1703214000,1.104,1.10445,1.10355,1.10375
1703217600,1.10375,1.10425,1.10375,1.104
1703221200,1.104,1.104,1.10355,1.1036
1703224800,1.10365,1.10395,1.10335,1.10335
1703228400,1.1034,1.10475,1.10335,1.10395
1703232000,1.104,1.1051,1.1039,1.1047
1703235600,1.1047,1.10535,1.10425,1.10445
1703239200,1.1044,1.1061,1.10435,1.1059
1703242800,1.10585,1.1069,1.10565,1.1065
1703246400,1.10655,1.10775,1.1056,1.10585
1703250000,1.1059,1.1069,1.10415,1.10685
1703253600,1.1068,1.108,1.1065,1.10755
1703257200,1.1075,1.10815,1.10485,1.1051
1703260800,1.1051,1.10635,1.10455,1.10475
1703264400,1.1047,1.1056,1.104,1.1056
1703268000,1.1056,1.1059,1.1051,1.10535
1703271600,1.1053,1.10555,1.1042,1.10555
1703275200,1.1055,1.10555,1.10475,1.1052
1703278800,1.1052,1.10545,1.105,1.10535
1703545200,1.10535,1.1063,1.10515,1.1059
1703548800,1.1059,1.106,1.10555,1.1059
1703552400,1.10595,1.10625,1.1058,1.1062
1703556000,1.1062,1.1066,1.10595,1.10655
1703559600,1.1066,1.10685,1.1065,1.10675
1703563200,1.1067,1.10675,1.10625,1.10625
1703566800,1.1062,1.1067,1.1061,1.1066
1703570400,1.1066,1.1066,1.1061,1.10635
1703574000,1.1063,1.1065,1.10605,1.10615
1703577600,1.1062,1.1066,1.1053,1.1054
1703581200,1.1054,1.1054,1.1049,1.10535
1703584800,1.10535,1.10585,1.10535,1.10555
1703588400,1.10555,1.1056,1.10505,1.1053
1703592000,1.10525,1.10565,1.1048,1.10525
1703595600,1.10525,1.1064,1.10515,1.1057
1703599200,1.10575,1.1067,1.1053,1.10655
1703602800,1.10665,1.10725,1.10635,1.10645
1703606400,1.1064,1.10775,1.1064,1.10745
1703610000,1.1074,1.1077,1.107,1.1075
1703613600,1.10745,1.10795,1.10735,1.10765
1703617200,1.10765,1.10845,1.1076,1.10845
1703620800,1.10845,1.1085,1.108,1.10825
1703624400,1.10825,1.1083,1.10805,1.1083
1703631600,1.1083,1.1084,1.1081,1.10815
1703635200,1.10815,1.1082,1.1075,1.1076
1703638800,1.1076,1.10765,1.10715,1.10755
1703642400,1.1075,1.1076,1.1069,1.1071
1703646000,1.10705,1.1076,1.1068,1.10755
1703649600,1.10755,1.1081,1.10755,1.10805
1703653200,1.10805,1.10825,1.1076,1.1082
1703656800,1.10825,1.1084,1.1079,1.1083
1703660400,1.10825,1.1088,1.1075,1.108
1703664000,1.10795,1.1093,1.10765,1.10855
1703667600,1.1085,1.1093,1.10845,1.10925
1703671200,1.10925,1.10975,1.109,1.1094
1703674800,1.1094,1.10975,1.10885,1.10965
1703678400,1.10965,1.11085,1.1087,1.1107
1703682000,1.11065,1.11115,1.11,1.11085
1703685600,1.11085,1.1143,1.1107,1.1142
1703689200,1.11425,1.1154,1.1137,1.1145
1703692800,1.1145,1.11605,1.11405,1.11505
1703696400,1.115,1.11505,1.11415,1.1143
1703700000,1.1143,1.11465,1.1139,1.1145
1703703600,1.1145,1.1151,1.1136,1.1139
1703707200,1.11385,1.11445,1.11385,1.1143
1703710800,1.1143,1.11445,1.11395,1.1142
1703718000,1.11415,1.1145,1.114,1.1143
1703721600,1.1143,1.1152,1.1143,1.115
1703725200,1.11495,1.11565,1.11485,1.11565
1703728800,1.11565,1.1157,1.11445,1.11525
1703732400,1.11525,1.11555,1.11495,1.1153
1703736000,1.1153,1.1153,1.1145,1.1145
1703739600,1.1145,1.1152,1.11435,1.1144
1703743200,1.1144,1.115,1.11395,1.1148
1703746800,1.1148,1.11605,1.1148,1.11515
1703750400,1.11515,1.11565,1.1139,1.11555
1703754000,1.11555,1.11745,1.1149,1.11645
1703757600,1.11645,1.11675,1.1158,1.1163
1703761200,1.1163,1.11675,1.11495,1.1155
1703764800,1.11555,1.11555,1.1146,1.1148
1703768400,1.11475,1.11555,1.11075,1.11085
1703772000,1.1109,1.114,1.11075,1.11375
1703775600,1.11385,1.11485,1.1135,1.11415
1703779200,1.11415,1.11415,1.11045,1.11075
1703782800,1.11075,1.11115,1.11015,1.1109
1703786400,1.11095,1.11095,1.10905,1.1099
1703790000,1.1099,1.1101,1.1093,1.10995
1703793600,1.11,1.11055,1.10985,1.11005
1703797200,1.1101,1.1101,1.1095,1.10965
1703804400,1.1097,1.1103,1.10965,1.1103
1703808000,1.1103,1.1114,1.11015,1.11115
1703811600,1.1112,1.11195,1.111,1.11135
1703815200,1.11135,1.11145,1.11055,1.1106
1703818800,1.11065,1.11075,1.1099,1.11
1703822400,1.11,1.11035,1.10985,1.11015
1703826000,1.11015,1.11015,1.10955,1.1101
1703829600,1.1101,1.11095,1.11005,1.1108
1703833200,1.11075,1.1111,1.10985,1.11005
1703836800,1.11,1.1112,1.10925,1.10955
1703840400,1.1095,1.10955,1.1079,1.10835
1703844000,1.10835,1.11015,1.10825,1.10995
1703847600,1.1099,1.11115,1.10955,1.11105
1703851200,1.11105,1.1115,1.10825,1.10865
1703854800,1.1087,1.10935,1.1081,1.1083
1703858400,1.1083,1.1105,1.1081,1.1103
1703862000,1.11035,1.1113,1.1077,1.10815
1703865600,1.10815,1.10955,1.1078,1.1095
1703869200,1.1095,1.11015,1.1087,1.10985
1703872800,1.10985,1.10985,1.10835,1.10875
1703876400,1.10875,1.1088,1.1072,1.1075
1703880000,1.10755,1.1085,1.1073,1.10755
1703883600,1.1075,1.1076,1.10685,1.10705
1704150000,1.1076,1.10785,1.10695,1.1071
1704153600,1.1071,1.10725,1.1068,1.1072
1704157200,1.1072,1.1077,1.1068,1.10685
1704160800,1.1069,1.107,1.1052,1.10525
1704164400,1.10525,1.1059,1.10515,1.10585
1704168000,1.10585,1.10585,1.105,1.10545
1704171600,1.10545,1.1067,1.10545,1.1067
1704175200,1.1067,1.1069,1.1061,1.10625
1704178800,1.10625,1.10715,1.1049,1.10495
1704182400,1.10495,1.1073,1.10495,1.10635
1704186000,1.10635,1.10715,1.1045,1.1049
1704189600,1.10485,1.1051,1.10305,1.1041
1704193200,1.1041,1.1041,1.1,1.1003
1704196800,1.1003,1.10055,1.0987,1.09875
1704200400,1.09875,1.09985,1.09825,1.0986
1704204000,1.0986,1.09975,1.09785,1.09965
1704207600,1.0996,1.1002,1.09745,1.09775
1704211200,1.0978,1.09955,1.0975,1.09905
1704214800,1.09905,1.09915,1.098,1.0984
1704218400,1.0984,1.099,1.098,1.09805
1704222000,1.09805,1.0984,1.0977,1.09805
1704225600,1.098,1.0985,1.0976,1.0977
1704229200,1.0977,1.09775,1.09725,1.09735
1704236400,1.09745,1.09775,1.09745,1.09755
1704240000,1.09755,1.0984,1.0975,1.0983
1704243600,1.0983,1.0988,1.09785,1.09845
1704247200,1.0985,1.09865,1.0982,1.0986
1704250800,1.0986,1.09955,1.09825,1.09945
1704254400,1.0994,1.0996,1.09925,1.09955
1704258000,1.0996,1.0996,1.09845,1.09845
1704261600,1.09845,1.0994,1.0984,1.0992
1704265200,1.09915,1.0996,1.09845,1.0993
1704268800,1.0993,1.09985,1.09835,1.09865
1704272400,1.09855,1.09895,1.0968,1.09695
1704276000,1.09695,1.09725,1.09595,1.0961
1704279600,1.09615,1.0963,1.09485,1.0953
1704283200,1.09525,1.0965,1.0948,1.095
1704286800,1.095,1.0963,1.09435,1.09545
1704290400,1.0955,1.096,1.0943,1.09465
1704294000,1.09475,1.09715,1.09315,1.09375
1704297600,1.0938,1.0951,1.09355,1.09415
1704301200,1.09415,1.09435,1.09365,1.094
1704304800,1.094,1.0948,1.0936,1.09385
1704308400,1.09395,1.09585,1.0926,1.09505
1704312000,1.0951,1.09565,1.09475,1.09545
1704315600,1.0954,1.09565,1.0952,1.0956
1704322800,1.0956,1.09595,1.0954,1.09575
1704326400,1.09575,1.09585,1.09515,1.09545
1704330000,1.09545,1.0956,1.0948,1.09495
1704333600,1.095,1.09515,1.09475,1.09515
1704337200,1.09515,1.09625,1.09515,1.0958
1704340800,1.0958,1.096,1.09565,1.09575
1704344400,1.09575,1.0959,1.09535,1.09585
1704348000,1.09585,1.0966,1.0953,1.0964
1704351600,1.09645,1.09755,1.0961,1.09695
1704355200,1.0969,1.09875,1.09665,1.0985
1704358800,1.09845,1.1001,1.0977,1.09995
1704362400,1.09995,1.1004,1.0986,1.09875
1704366000,1.09875,1.09895,1.0978,1.098
1704369600,1.09795,1.0988,1.09785,1.09845
1704373200,1.09845,1.0987,1.09645,1.09785
1704376800,1.09785,1.0982,1.09705,1.09775
1704380400,1.09775,1.09975,1.09775,1.09875
1704384000,1.0987,1.0996,1.0986,1.0988
1704387600,1.09885,1.0992,1.09745,1.0983
1704391200,1.09825,1.0987,1.09785,1.09795
1704394800,1.09795,1.09825,1.0976,1.09795
1704398400,1.09795,1.09815,1.0975,1.09815
1704402000,1.09815,1.0982,1.0976,1.09765
1704409200,1.09765,1.09805,1.09745,1.09775
1704412800,1.09775,1.0983,1.09755,1.0982
1704416400,1.09825,1.09875,1.0982,1.0983
1704420000,1.0983,1.09855,1.0978,1.0978
1704423600,1.09785,1.09785,1.09705,1.09705
1704427200,1.09705,1.09725,1.0968,1.09685
1704430800,1.09685,1.097,1.0966,1.0969
1704434400,1.09685,1.09685,1.0956,1.0959
1704438000,1.0959,1.09645,1.09535,1.09545
1704441600,1.09545,1.09575,1.0935,1.09395
1704445200,1.0939,1.0962,1.09345,1.0944
1704448800,1.09445,1.09455,1.0935,1.0944
1704452400,1.0944,1.09485,1.09415,1.09455
1704456000,1.09455,1.09525,1.0945,1.09495
1704459600,1.09495,1.09595,1.0908,1.09525
1704463200,1.0953,1.0987,1.0953,1.0981
1704466800,1.09815,1.1031,1.09815,1.101
1704470400,1.101,1.10125,1.09845,1.09875
1704474000,1.0988,1.0988,1.09745,1.0978
1704477600,1.09775,1.0988,1.0967,1.09855
1704481200,1.0986,1.09915,1.09745,1.0977
1704484800,1.0977,1.09785,1.09675,1.0971
1704488400,1.0971,1.0974,1.09685,1.0974
1704668400,1.0977,1.0977,1.09665,1.0973
1704672000,1.0972,1.09805,1.0971,1.09795
1704675600,1.09795,1.0984,1.0978,1.0979
1704679200,1.0979,1.0979,1.0967,1.09685
1704682800,1.0968,1.09705,1.09625,1.0964
1704686400,1.09645,1.09685,1.09615,1.0965
1704690000,1.09655,1.09685,1.09635,1.09685
1704693600,1.09685,1.0978,1.09675,1.09765
1704697200,1.09775,1.09835,1.09705,1.09765
1704700800,1.0977,1.0977,1.09605,1.0965
1704704400,1.09645,1.09735,1.09535,1.09685
1704708000,1.09685,1.0975,1.09655,1.09735
1704711600,1.09735,1.0982,1.0968,1.09695
1704715200,1.09695,1.09795,1.0968,1.09755
1704718800,1.09765,1.09875,1.0974,1.0982
1704722400,1.0982,1.09935,1.09805,1.0992
1704726000,1.0992,1.1006,1.09865,1.1001
1704729600,1.1001,1.101,1.09995,1.10065
1704733200,1.10065,1.101,1.0994,1.0996
1704736800,1.09955,1.0997,1.09805,1.0987
1704740400,1.09865,1.0994,1.0984,1.09925
1704744000,1.09925,1.09925,1.09805,1.09855
1704747600,1.0986,1.09875,1.09805,1.0982
1704754800,1.0984,1.0984,1.098,1.09805
1704758400,1.098,1.099,1.09795,1.0986
1704762000,1.09855,1.09925,1.0982,1.0992
1704765600,1.0992,1.0995,1.0991,1.0993
1704769200,1.09935,1.09965,1.09915,1.0993
1704772800,1.0993,1.0993,1.0984,1.09865
1704776400,1.0987,1.0987,1.09785,1.098
1704780000,1.09805,1.09855,1.09785,1.09805
1704783600,1.09805,1.09935,1.09765,1.0987
1704787200,1.0987,1.0987,1.09695,1.098
1704790800,1.09795,1.0981,1.0968,1.0974
1704794400,1.09745,1.0978,1.0963,1.0966
1704798000,1.09655,1.0966,1.09585,1.0962
1704801600,1.09615,1.09715,1.0959,1.0971
1704805200,1.0971,1.09775,1.09635,1.09765
1704808800,1.0976,1.0982,1.09685,1.09765
1704812400,1.09765,1.09775,1.0948,1.09485
1704816000,1.09485,1.0966,1.0941,1.09645
1704819600,1.0965,1.09695,1.09605,1.09645
1704823200,1.09645,1.0971,1.0953,1.09545
1704826800,1.09545,1.09595,1.0951,1.09555
1704830400,1.09555,1.09605,1.09555,1.09585
1704834000,1.0958,1.0962,1.0958,1.09615
1704841200,1.096,1.0963,1.0959,1.09615
1704844800,1.09615,1.0966,1.09595,1.09605
1704848400,1.09605,1.09635,1.0956,1.09625
1704852000,1.09625,1.09655,1.09615,1.09635
1704855600,1.0964,1.09665,1.0958,1.09595
1704859200,1.0959,1.0963,1.0959,1.0962
1704862800,1.09615,1.0964,1.09605,1.0962
1704866400,1.0962,1.0963,1.09535,1.09545
1704870000,1.0955,1.0975,1.0955,1.0956
1704873600,1.0956,1.0975,1.0953,1.0973
1704877200,1.0973,1.0982,1.09715,1.0977
1704880800,1.0977,1.0985,1.0975,1.0979
1704884400,1.09795,1.09855,1.0972,1.0976
1704888000,1.0976,1.09805,1.0973,1.0974
1704891600,1.09745,1.0982,1.097,1.09705
1704895200,1.09705,1.09715,1.09625,1.09705
1704898800,1.09705,1.1,1.0966,1.09985
1704902400,1.09985,1.1,1.0983,1.09895
1704906000,1.09895,1.09985,1.0989,1.0998
1704909600,1.09975,1.10005,1.099,1.1
1704913200,1.1,1.10015,1.0997,1.1001
1704916800,1.1001,1.10035,1.0992,1.09965
1704920400,1.09955,1.10035,1.0995,1.1003
1704927600,1.1003,1.1004,1.09995,1.1003
1704931200,1.1003,1.10075,1.1002,1.10065
1704934800,1.1007,1.10095,1.10035,1.10075
1704938400,1.10075,1.10135,1.10055,1.10065
1704942000,1.1007,1.101,1.1006,1.1009
1704945600,1.1009,1.1011,1.1006,1.1006
1704949200,1.1006,1.101,1.1004,1.10065
1704952800,1.1007,1.1017,1.1003,1.1014
1704956400,1.10145,1.10155,1.10055,1.10075
1704960000,1.10075,1.101,1.10005,1.10035
1704963600,1.10035,1.10035,1.0987,1.09925
1704967200,1.0992,1.0998,1.09875,1.09975
1704970800,1.09975,1.1011,1.09955,1.10075
1704974400,1.10075,1.1019,1.1005,1.10125
1704978000,1.10125,1.10405,1.0964,1.09675
1704981600,1.0968,1.1002,1.09595,1.09825
1704985200,1.0983,1.09915,1.0958,1.0975
1704988800,1.09745,1.09855,1.0965,1.09705
1704992400,1.0971,1.0983,1.09695,1.09795
1704996000,1.0979,1.09945,1.0978,1.09935
1704999600,1.09935,1.1012,1.09935,1.1011
1705003200,1.10105,1.10115,1.09845,1.09995
1705006800,1.1,1.10035,1.0999,1.1
1705014000,1.1,1.1011,1.0999,1.1011
1705017600,1.1011,1.10135,1.1003,1.1004
1705021200,1.1004,1.1013,1.1001,1.1011
1705024800,1.1011,1.10135,1.10065,1.1008
1705028400,1.1008,1.10115,1.10055,1.1006
1705032000,1.1006,1.1006,1.1002,1.1004
1705035600,1.1004,1.1009,1.1002,1.1004
1705039200,1.10045,1.10075,1.1002,1.10035
1705042800,1.1004,1.1006,1.099,1.0995
1705046400,1.09945,1.1011,1.09935,1.1004
1705050000,1.10035,1.10085,1.09895,1.09915
1705053600,1.0991,1.09925,1.09855,1.09885
1705057200,1.09885,1.09905,1.0975,1.09785
1705060800,1.0978,1.09805,1.09655,1.09665
1705064400,1.09665,1.09985,1.09645,1.0984
1705068000,1.09835,1.1014,1.0981,1.1005
1705071600,1.1004,1.10155,1.0991,1.0995
1705075200,1.09945,1.10025,1.09865,1.0987
1705078800,1.09865,1.0987,1.09755,1.0978
1705082400,1.0978,1.0988,1.09775,1.0988
1705086000,1.09875,1.0992,1.0982,1.0985
1705089600,1.0985,1.0985,1.0979,1.098
1705093200,1.09795,1.0981,1.09765,1.09785
1705273200,1.09775,1.0978,1.09715,1.09735
1705276800,1.0973,1.09815,1.09685,1.0981
1705280400,1.0981,1.0984,1.0977,1.09825
1705284000,1.0983,1.09935,1.0983,1.09925
1705287600,1.0993,1.09955,1.09915,1.0992
1705291200,1.0992,1.09925,1.09865,1.0991
1705294800,1.09905,1.0994,1.0989,1.0992
1705298400,1.0992,1.0995,1.09905,1.0992
1705302000,1.09915,1.0994,1.09795,1.0982
1705305600,1.0982,1.0993,1.0982,1.0986
1705309200,1.09855,1.09865,1.0971,1.09745
1705312800,1.09745,1.09745,1.0961,1.0968
1705316400,1.09675,1.09765,1.09675,1.0973
1705320000,1.0973,1.0987,1.09715,1.09815
1705323600,1.0982,1.0982,1.0972,1.09785
1705327200,1.0979,1.098,1.09665,1.0971
1705330800,1.0971,1.09795,1.09655,1.09775
1705334400,1.0978,1.09805,1.09745,1.0975
1705338000,1.09755,1.09805,1.09745,1.0976
1705359600,1.0979,1.0979,1.09725,1.0973
1705363200,1.0973,1.0974,1.09465,1.0947
1705366800,1.0947,1.09585,1.09425,1.09545
1705370400,1.09545,1.09545,1.0949,1.0951
1705374000,1.0951,1.09525,1.0943,1.0946
1705377600,1.0946,1.09475,1.094,1.0945
1705381200,1.0945,1.0946,1.094,1.09425
1705384800,1.09425,1.09485,1.094,1.09445
1705388400,1.0945,1.09535,1.09355,1.0946
1705392000,1.0945,1.09505,1.09215,1.0932
1705395600,1.09315,1.09315,1.09105,1.0913
1705399200,1.09135,1.0916,1.0906,1.0908
1705402800,1.0908,1.0922,1.0901,1.09195
1705406400,1.0919,1.092,1.09105,1.09135
1705410000,1.09135,1.0925,1.08985,1.0901
1705413600,1.0901,1.09165,1.08935,1.08995
1705417200,1.09,1.09155,1.0893,1.0913
1705420800,1.0913,1.09225,1.08895,1.09075
1705424400,1.09085,1.09105,1.089,1.089
1705428000,1.089,1.09045,1.089,1.0897
1705431600,1.08975,1.0902,1.0895,1.09005
1705435200,1.09005,1.0904,1.0897,1.08985
1705438800,1.0899,1.09045,1.0898,1.09025
1705446000,1.0902,1.09055,1.0902,1.09055
1705449600,1.09055,1.09055,1.0899,1.09045
1705453200,1.09045,1.0909,1.09005,1.0904
1705456800,1.09045,1.09115,1.0901,1.0902
1705460400,1.09015,1.09015,1.0892,1.08935
1705464000,1.0893,1.0898,1.08915,1.0898
1705467600,1.0898,1.0899,1.08875,1.0892
1705471200,1.08915,1.08915,1.08825,1.0889
1705474800,1.08895,1.09005,1.0886,1.0897
1705478400,1.0897,1.09085,1.0893,1.08935
1705482000,1.08935,1.09055,1.0888,1.09035
1705485600,1.09035,1.0911,1.0894,1.08985
1705489200,1.0899,1.09095,1.08965,1.09055
1705492800,1.0905,1.0908,1.08965,1.09015
1705496400,1.09015,1.0905,1.08785,1.0891
1705500000,1.08905,1.0897,1.0874,1.0876
1705503600,1.0876,1.08975,1.0871,1.0876
1705507200,1.0876,1.08915,1.08745,1.0884
1705510800,1.0884,1.08965,1.08835,1.08935
1705514400,1.0894,1.08945,1.08835,1.08925
1705518000,1.0893,1.0906,1.08925,1.09005
1705521600,1.0901,1.09085,1.0897,1.0908
1705525200,1.09075,1.09105,1.09075,1.09105
1705532400,1.091,1.09115,1.09075,1.09115
1705536000,1.0912,1.092,1.0906,1.09195
1705539600,1.09195,1.0927,1.0918,1.0922
1705543200,1.0922,1.0929,1.0919,1.0919
1705546800,1.0919,1.0924,1.09165,1.0921
1705550400,1.0921,1.0922,1.0917,1.092
1705554000,1.092,1.0922,1.0916,1.09205
1705557600,1.09205,1.09325,1.092,1.09295
1705561200,1.09295,1.0932,1.09125,1.0914
1705564800,1.09135,1.09145,1.0903,1.0905
1705568400,1.0905,1.09245,1.0902,1.09105
1705572000,1.091,1.09215,1.0908,1.09205
1705575600,1.09205,1.09205,1.091,1.09145
1705579200,1.0915,1.09195,1.09,1.09025
1705582800,1.0903,1.0903,1.0876,1.08775
1705586400,1.08775,1.0894,1.08745,1.08845
1705590000,1.0885,1.08935,1.0872,1.08775
1705593600,1.08775,1.08955,1.0876,1.08875
1705597200,1.0887,1.08895,1.08755,1.08845
1705600800,1.0885,1.0891,1.08795,1.0889
1705604400,1.08895,1.08945,1.0885,1.0887
1705608000,1.0887,1.0895,1.0886,1.08945
1705611600,1.08945,1.09025,1.08935,1.0902
1705618800,1.09015,1.09055,1.08995,1.0905
1705622400,1.0905,1.09065,1.0903,1.09045
1705626000,1.0905,1.09125,1.09015,1.09105
1705629600,1.09105,1.09145,1.09075,1.0913
1705633200,1.0913,1.0914,1.091,1.09135
1705636800,1.0914,1.0914,1.09105,1.0911
1705640400,1.09115,1.0912,1.09045,1.0906
1705644000,1.09055,1.0907,1.09005,1.09055
1705647600,1.0906,1.0911,1.08995,1.0904
1705651200,1.0904,1.09065,1.0893,1.0902
1705654800,1.0902,1.091,1.08965,1.09075
1705658400,1.09075,1.091,1.0898,1.09055
1705662000,1.0906,1.0918,1.0904,1.0912
1705665600,1.09125,1.09125,1.0905,1.09075
1705669200,1.0908,1.09145,1.09,1.09055
1705672800,1.09055,1.0909,1.08905,1.09055
1705676400,1.0906,1.0915,1.0895,1.09075
1705680000,1.09075,1.09125,1.09055,1.09115
1705683600,1.09115,1.09185,1.09045,1.0915
1705687200,1.09145,1.09215,1.0911,1.0917
1705690800,1.09175,1.092,1.0913,1.0917
1705694400,1.09175,1.0921,1.0915,1.09195
1705698000,1.09195,1.09235,1.09185,1.09225
1705878000,1.09195,1.0923,1.09145,1.0916
1705881600,1.0916,1.0926,1.0915,1.09255
1705885200,1.09255,1.0929,1.09235,1.0926
1705888800,1.0926,1.09335,1.09235,1.09315
1705892400,1.0932,1.0932,1.09255,1.09265
1705896000,1.09265,1.09285,1.0925,1.0927
1705899600,1.09275,1.09285,1.0923,1.0926
1705903200,1.09255,1.09335,1.09255,1.0929
1705906800,1.0929,1.0932,1.0922,1.0922
1705910400,1.09215,1.09255,1.09115,1.0916
1705914000,1.09155,1.09265,1.0914,1.09215
1705917600,1.0921,1.09215,1.091,1.09115
1705921200,1.0911,1.09145,1.0906,1.09145
1705924800,1.0914,1.0924,1.09125,1.0917
1705928400,1.09175,1.092,1.0904,1.0916
1705932000,1.09165,1.0921,1.091,1.0914
1705935600,1.09145,1.0923,1.0907,1.091
1705939200,1.091,1.0919,1.0906,1.0918
1705942800,1.09185,1.0925,1.0915,1.0921
1705946400,1.09205,1.09205,1.09085,1.09145
1705950000,1.09145,1.09155,1.09045,1.0909
1705953600,1.09095,1.091,1.09045,1.09085
1705957200,1.09085,1.0909,1.09055,1.09065
1705964400,1.0905,1.09065,1.0901,1.0901
1705968000,1.0901,1.0908,1.08995,1.09065
1705971600,1.0907,1.09125,1.09005,1.0912
1705975200,1.0912,1.0918,1.0909,1.09115
1705978800,1.09115,1.0919,1.09095,1.0917
1705982400,1.0917,1.09225,1.09155,1.09225
1705986000,1.09225,1.0932,1.09205,1.09315
1705989600,1.0931,1.09385,1.09255,1.0938
1705993200,1.0938,1.09405,1.0928,1.09325
1705996800,1.0933,1.0935,1.09165,1.09195
1706000400,1.0919,1.0919,1.09075,1.0911
1706004000,1.0911,1.0912,1.0891,1.0893
1706007600,1.08935,1.0896,1.0884,1.089
1706011200,1.089,1.0897,1.08845,1.0888
1706014800,1.0888,1.09,1.0888,1.0898
1706018400,1.0898,1.0898,1.08725,1.08765
1706022000,1.0877,1.0882,1.08455,1.0855
1706025600,1.08545,1.08635,1.08495,1.08525
1706029200,1.08525,1.08595,1.08485,1.08555
1706032800,1.08555,1.08635,1.0854,1.0861
1706036400,1.08615,1.0872,1.08595,1.0869
1706040000,1.08695,1.08745,1.08675,1.0874
1706043600,1.0874,1.08805,1.08725,1.0877
1706050800,1.0878,1.0883,1.0877,1.0881
1706054400,1.0881,1.08835,1.0879,1.088
1706058000,1.08795,1.0883,1.0875,1.0882
1706061600,1.08815,1.0882,1.0877,1.08805
1706065200,1.0881,1.0885,1.08805,1.08825
1706068800,1.0883,1.08895,1.0882,1.08885
1706072400,1.0888,1.08885,1.0883,1.0886
1706076000,1.08855,1.08905,1.08845,1.08875
1706079600,1.0887,1.0903,1.0884,1.0897
1706083200,1.08975,1.0909,1.08865,1.08935
1706086800,1.0894,1.09315,1.08935,1.0927
1706090400,1.09265,1.0929,1.0917,1.09215
1706094000,1.0922,1.0925,1.09145,1.09165
1706097600,1.0917,1.0923,1.0911,1.09185
1706101200,1.09185,1.09515,1.09175,1.0949
1706104800,1.09485,1.0956,1.09255,1.09275
1706108400,1.09275,1.09315,1.0917,1.0925
1706112000,1.09245,1.09295,1.09145,1.0925
1706115600,1.0924,1.09325,1.0919,1.0929
1706119200,1.09295,1.093,1.0914,1.09165
1706122800,1.0916,1.0917,1.0905,1.09125
1706126400,1.0912,1.09145,1.0903,1.09035
1706130000,1.09035,1.09095,1.0901,1.09085
1706137200,1.09095,1.09095,1.09035,1.0904
1706140800,1.0904,1.0904,1.08945,1.08965
1706144400,1.08965,1.0901,1.08925,1.09
1706148000,1.09,1.09025,1.08975,1.09
1706151600,1.09,1.09045,1.08995,1.09005
1706155200,1.09,1.09035,1.0897,1.0898
1706158800,1.0898,1.0901,1.0897,1.09005
1706162400,1.0901,1.0909,1.0898,1.09085
1706166000,1.0908,1.09135,1.0906,1.091
1706169600,1.091,1.0922,1.09055,1.09215
1706173200,1.0921,1.0922,1.0914,1.09185
1706176800,1.09185,1.0921,1.0914,1.09155
1706180400,1.09155,1.09175,1.09095,1.0917
1706184000,1.09175,1.0918,1.0908,1.09105
1706187600,1.09105,1.09255,1.08895,1.09015
1706191200,1.09015,1.09015,1.0875,1.08825
1706194800,1.08825,1.0884,1.08515,1.0854
1706198400,1.0854,1.0862,1.08465,1.08585
1706202000,1.08585,1.0874,1.08535,1.086
1706205600,1.086,1.0869,1.0852,1.08525
1706209200,1.08525,1.086,1.0844,1.08585
1706212800,1.08585,1.0863,1.08555,1.0862
1706216400,1.08625,1.08705,1.08615,1.08685
1706223600,1.08685,1.08715,1.08645,1.08675
1706227200,1.0867,1.0868,1.0859,1.0862
1706230800,1.08615,1.08685,1.0861,1.0866
1706234400,1.08665,1.08705,1.08655,1.0866
1706238000,1.0866,1.0869,1.08655,1.08665
1706241600,1.08665,1.0867,1.086,1.08615
1706245200,1.0861,1.08655,1.08605,1.0864
1706248800,1.08645,1.08645,1.08505,1.0851
1706252400,1.0851,1.0852,1.08345,1.08415
1706256000,1.0841,1.0864,1.0839,1.0862
1706259600,1.08615,1.08725,1.0856,1.0866
1706263200,1.0866,1.0888,1.0866,1.08865
1706266800,1.0887,1.0898,1.08865,1.08965
1706270400,1.08965,1.0898,1.0888,1.08895
1706274000,1.089,1.0909,1.08785,1.0894
1706277600,1.0894,1.09025,1.08835,1.0896
1706281200,1.08955,1.0896,1.0877,1.0886
1706284800,1.0886,1.08915,1.0881,1.0887
1706288400,1.08865,1.0892,1.08815,1.08855
1706292000,1.08855,1.08875,1.08755,1.0878
1706295600,1.08775,1.0884,1.08775,1.088
1706299200,1.08805,1.08845,1.08755,1.0876
1706302800,1.08765,1.08785,1.0874,1.0876
1706482800,1.08715,1.08725,1.0863,1.08635
1706486400,1.0864,1.08665,1.08625,1.08665
1706490000,1.08665,1.08705,1.0865,1.08655
1706493600,1.0865,1.08665,1.08605,1.0865
1706497200,1.0865,1.0868,1.0864,1.08665
1706500800,1.08665,1.0869,1.0865,1.0866
1706504400,1.0866,1.08665,1.0861,1.08615
1706508000,1.08615,1.08685,1.08605,1.08675
1706511600,1.0868,1.08715,1.08565,1.0858
1706515200,1.0858,1.08635,1.0854,1.08555
1706518800,1.08555,1.0857,1.0844,1.08465
1706522400,1.08465,1.08465,1.0835,1.08405
1706526000,1.084,1.0848,1.08375,1.0844
1706529600,1.08445,1.0858,1.0842,1.08435
1706533200,1.0844,1.0846,1.0835,1.08415
1706536800,1.08415,1.0844,1.08255,1.08285
1706540400,1.0829,1.0832,1.08175,1.08185
1706544000,1.0819,1.08305,1.08175,1.0827
1706547600,1.08275,1.08375,1.0827,1.08325
1706551200,1.0833,1.0835,1.08305,1.08325
1706554800,1.0833,1.08415,1.0831,1.084
1706558400,1.08405,1.0862,1.084,1.08525
1706562000,1.08525,1.08565,1.0848,1.0855
1706569200,1.08565,1.0858,1.08545,1.0855
1706572800,1.0855,1.08635,1.0855,1.08615
1706576400,1.08615,1.08615,1.08535,1.08555
1706580000,1.08555,1.0857,1.08505,1.0855
1706583600,1.08545,1.0855,1.0851,1.0851
1706587200,1.08515,1.0854,1.0845,1.0846
1706590800,1.0846,1.08495,1.08425,1.08435
1706594400,1.08435,1.08465,1.08345,1.0836
1706598000,1.0836,1.0846,1.0833,1.08435
1706601600,1.0844,1.0853,1.08375,1.0843
1706605200,1.08425,1.08505,1.08385,1.0848
1706608800,1.0848,1.0861,1.08435,1.08595
1706612400,1.08595,1.0869,1.0858,1.0863
1706616000,1.08625,1.08705,1.0858,1.08685
1706619600,1.08685,1.08695,1.0855,1.08555
1706623200,1.08555,1.08785,1.08505,1.08705
1706626800,1.08715,1.08795,1.08485,1.0858
1706630400,1.08575,1.08655,1.08555,1.0864
1706634000,1.0864,1.0868,1.08575,1.086
1706637600,1.086,1.086,1.08525,1.0857
1706641200,1.08565,1.0868,1.0856,1.08665
1706644800,1.08665,1.08695,1.08615,1.0866
1706648400,1.0865,1.0868,1.08635,1.08655
1706655600,1.08655,1.08655,1.0863,1.0863
1706659200,1.08635,1.08685,1.08615,1.0863
1706662800,1.0863,1.0864,1.0852,1.0852
1706666400,1.0852,1.0852,1.0836,1.0838
1706670000,1.08385,1.0839,1.0836,1.0839
1706673600,1.08385,1.0842,1.08385,1.08405
1706677200,1.08405,1.0842,1.08375,1.08405
1706680800,1.08405,1.0842,1.0835,1.0836
1706684400,1.08355,1.0842,1.08265,1.08365
1706688000,1.08365,1.08465,1.08295,1.0839
1706691600,1.0839,1.0857,1.0837,1.08425
1706695200,1.0843,1.0852,1.08415,1.0846
1706698800,1.0846,1.08605,1.0846,1.08595
1706702400,1.08595,1.0863,1.0854,1.0857
1706706000,1.0857,1.08915,1.0855,1.08785
1706709600,1.0878,1.0907,1.0873,1.0901
1706713200,1.09015,1.09085,1.08755,1.0883
1706716800,1.08825,1.0889,1.08665,1.0876
1706720400,1.08755,1.0876,1.0863,1.0871
1706724000,1.08705,1.08735,1.08655,1.0868
1706727600,1.08675,1.0886,1.081,1.0862
1706731200,1.0862,1.08635,1.08155,1.0829
1706734800,1.0829,1.0841,1.08265,1.0839
1706742000,1.08355,1.08385,1.08225,1.08235
1706745600,1.08235,1.0834,1.0821,1.08275
1706749200,1.0828,1.0832,1.08245,1.08285
1706752800,1.0828,1.08415,1.0828,1.0839
1706756400,1.0839,1.084,1.08305,1.0831
1706760000,1.08315,1.0833,1.0825,1.08275
1706763600,1.0827,1.0827,1.0822,1.08225
1706767200,1.0822,1.08245,1.0813,1.08155
1706770800,1.08155,1.0817,1.08025,1.0813
1706774400,1.08125,1.08135,1.0799,1.08115
1706778000,1.0811,1.0821,1.08055,1.08175
1706781600,1.08185,1.08225,1.0811,1.08125
1706785200,1.08125,1.08325,1.08125,1.0828
1706788800,1.0828,1.0839,1.0825,1.0835
1706792400,1.08345,1.08465,1.0828,1.0833
1706796000,1.0833,1.0849,1.0831,1.0846
1706799600,1.0846,1.08515,1.0825,1.08465
1706803200,1.0846,1.08865,1.0846,1.0885
1706806800,1.0885,1.0895,1.0881,1.0893
1706810400,1.0893,1.08935,1.08835,1.089
1706814000,1.089,1.08955,1.0888,1.08915
1706817600,1.08915,1.0895,1.0888,1.08915
1706821200,1.0891,1.0893,1.0888,1.0892
1706828400,1.0893,1.0896,1.0892,1.0894
1706832000,1.08935,1.08995,1.0891,1.0892
1706835600,1.08925,1.08955,1.08895,1.0891
1706839200,1.08915,1.0898,1.0891,1.08975
1706842800,1.0898,1.08985,1.08925,1.0896
1706846400,1.0896,1.08965,1.0891,1.08925
1706850000,1.0892,1.0902,1.08915,1.0897
1706853600,1.08965,1.09005,1.08935,1.0895
1706857200,1.08955,1.09065,1.08935,1.09005
1706860800,1.09,1.091,1.08935,1.0899
1706864400,1.08985,1.0917,1.08985,1.091
1706868000,1.091,1.09145,1.09,1.0904
1706871600,1.09035,1.09055,1.0897,1.0903
1706875200,1.0903,1.0905,1.0897,1.09
1706878800,1.09,1.09055,1.08225,1.0826
1706882400,1.0826,1.0836,1.08105,1.0828
1706886000,1.08285,1.08305,1.0802,1.08215
1706889600,1.08215,1.0823,1.08005,1.08045
1706893200,1.08045,1.08115,1.07995,1.08025
1706896800,1.08025,1.081,1.0799,1.08065
1706900400,1.0807,1.0815,1.0805,1.0811
1706904000,1.0811,1.08165,1.08105,1.08125
1706907600,1.0812,1.0813,1.08055,1.0806
1707087600,1.08,1.0803,1.0788,1.07985
1707091200,1.07985,1.0802,1.0786,1.07915
1707094800,1.07915,1.0797,1.07875,1.0797
1707098400,1.07965,1.07995,1.0794,1.07975
1707102000,1.07975,1.07995,1.0793,1.07975
1707105600,1.07975,1.0798,1.07935,1.07975
1707109200,1.0797,1.08005,1.07915,1.08005
1707112800,1.08,1.0803,1.0796,1.07965
1707116400,1.0796,1.08015,1.0791,1.07985
1707120000,1.07985,1.08045,1.07815,1.07845
1707123600,1.07845,1.0791,1.077,1.0772
1707127200,1.07715,1.07745,1.07655,1.07675
1707130800,1.0768,1.07765,1.0765,1.0773
1707134400,1.0773,1.07755,1.07675,1.07675
1707138000,1.0768,1.07685,1.0754,1.07555
1707141600,1.07555,1.07635,1.0753,1.076
1707145200,1.076,1.076,1.0741,1.07435
1707148800,1.0743,1.0754,1.0743,1.0753
1707152400,1.0753,1.0761,1.0752,1.0757
1707156000,1.07565,1.07645,1.07555,1.0762
1707159600,1.0762,1.07645,1.07595,1.07605
1707163200,1.07605,1.07625,1.0755,1.0761
1707166800,1.0761,1.0761,1.0757,1.076
1707174000,1.07605,1.0761,1.07585,1.07585
1707177600,1.07585,1.0763,1.07585,1.0761
1707181200,1.07615,1.07645,1.07595,1.07625
1707184800,1.0763,1.07665,1.07615,1.0763
1707188400,1.0763,1.07665,1.0761,1.07615
1707192000,1.0761,1.0768,1.07605,1.07665
1707195600,1.0767,1.07715,1.0766,1.0771
1707199200,1.07705,1.07705,1.07655,1.07685
1707202800,1.0768,1.078,1.0768,1.0769
1707206400,1.07695,1.07775,1.07625,1.07635
1707210000,1.0763,1.0765,1.0743,1.0747
1707213600,1.07465,1.0754,1.0745,1.07465
1707217200,1.0747,1.07605,1.07415,1.0756
1707220800,1.0756,1.07565,1.074,1.07535
1707224400,1.0753,1.0761,1.07455,1.0748
1707228000,1.0748,1.0761,1.07465,1.0758
1707231600,1.0758,1.0766,1.0754,1.0761
1707235200,1.0761,1.0771,1.07565,1.07685
1707238800,1.0768,1.0773,1.07655,1.07685
1707242400,1.07685,1.07735,1.07615,1.07715
1707246000,1.07715,1.07725,1.07645,1.07665
1707249600,1.0767,1.0775,1.0767,1.0774
1707253200,1.07745,1.0775,1.07705,1.07725
1707260400,1.0772,1.07745,1.07715,1.0774
1707264000,1.0774,1.07765,1.07735,1.07765
1707267600,1.07765,1.0782,1.07765,1.07805
1707271200,1.07805,1.0783,1.0779,1.0781
1707274800,1.07805,1.07835,1.0776,1.0776
1707278400,1.0776,1.07775,1.0774,1.0776
1707282000,1.0776,1.0781,1.0775,1.078
1707285600,1.078,1.07825,1.0774,1.07785
1707289200,1.0778,1.079,1.0778,1.079
1707292800,1.07895,1.07905,1.0778,1.078
1707296400,1.07795,1.0788,1.07755,1.0786
1707300000,1.07865,1.0788,1.078,1.07815
1707303600,1.0781,1.07915,1.07795,1.07885
1707307200,1.07885,1.07925,1.07835,1.0791
1707310800,1.07915,1.08015,1.0784,1.0788
1707314400,1.07875,1.0795,1.0783,1.07885
1707318000,1.0789,1.07975,1.0773,1.07745
1707321600,1.0774,1.0789,1.07735,1.07855
1707325200,1.0785,1.07855,1.0777,1.07825
1707328800,1.07825,1.0791,1.07815,1.07885
1707332400,1.07885,1.07925,1.0787,1.0789
1707336000,1.07895,1.07915,1.0788,1.07905
1707339600,1.07905,1.07925,1.0789,1.0789
1707346800,1.0789,1.0793,1.0788,1.0792
1707350400,1.07915,1.07955,1.07905,1.0794
1707354000,1.0794,1.0796,1.0791,1.07945
1707357600,1.07945,1.07995,1.07945,1.07985
1707361200,1.07985,1.08005,1.07975,1.0798
1707364800,1.07985,1.08045,1.07955,1.0796
1707368400,1.0796,1.08005,1.07945,1.0799
1707372000,1.0799,1.08025,1.07975,1.08
1707375600,1.08005,1.0805,1.0793,1.0796
1707379200,1.0796,1.08,1.07845,1.0793
1707382800,1.0793,1.08,1.07895,1.07985
1707386400,1.0799,1.08015,1.07875,1.07875
1707390000,1.07875,1.07895,1.0777,1.0779
1707393600,1.0779,1.07795,1.0766,1.07725
1707397200,1.0773,1.0778,1.07575,1.076
1707400800,1.07595,1.0783,1.07595,1.0781
1707404400,1.0781,1.07835,1.07675,1.0777
1707408000,1.07775,1.079,1.07765,1.07895
1707411600,1.07895,1.0793,1.07875,1.0789
1707415200,1.0789,1.0799,1.0789,1.07925
1707418800,1.0793,1.07945,1.07885,1.0791
1707422400,1.07905,1.07955,1.07905,1.07935
1707426000,1.0794,1.0795,1.0792,1.0793
1707433200,1.0794,1.0794,1.07895,1.07935
1707436800,1.07935,1.0794,1.07875,1.07885
1707440400,1.0789,1.0794,1.0789,1.079
1707444000,1.07895,1.0794,1.0789,1.07915
1707447600,1.0792,1.07935,1.0786,1.07865
1707451200,1.07865,1.0788,1.0785,1.0787
1707454800,1.0787,1.07895,1.0785,1.07865
1707458400,1.07865,1.07915,1.0786,1.07905
1707462000,1.07905,1.07985,1.079,1.0796
1707465600,1.0796,1.08,1.0788,1.07885
1707469200,1.0788,1.0792,1.0781,1.07825
1707472800,1.07825,1.07855,1.07775,1.0782
1707476400,1.07825,1.0789,1.0779,1.0787
1707480000,1.0787,1.0792,1.0779,1.0783
1707483600,1.07825,1.08105,1.07805,1.0799
1707487200,1.0798,1.08115,1.079,1.07975
1707490800,1.0798,1.08055,1.07955,1.0802
1707494400,1.0802,1.08035,1.0795,1.0797
1707498000,1.0797,1.0802,1.07945,1.0801
1707501600,1.08015,1.08065,1.0801,1.08025
1707505200,1.08025,1.08035,1.07965,1.07975
1707508800,1.0798,1.0804,1.07955,1.0802
1707512400,1.08015,1.08045,1.07995,1.0801
1707692400,1.0801,1.0814,1.07985,1.08135
1707696000,1.08135,1.08155,1.0812,1.08145
1707699600,1.08145,1.08145,1.0809,1.0811
1707703200,1.0811,1.0813,1.08085,1.081
1707706800,1.08105,1.08125,1.08065,1.0807
1707710400,1.08075,1.0809,1.08045,1.0806
1707714000,1.08055,1.08095,1.08055,1.08065
1707717600,1.08065,1.08085,1.08055,1.0807
1707721200,1.08065,1.08205,1.08045,1.08185
1707724800,1.08185,1.08185,1.0789,1.079
1707728400,1.079,1.0793,1.0782,1.0784
1707732000,1.0784,1.0794,1.0782,1.07915
1707735600,1.0792,1.0793,1.07775,1.07845
1707739200,1.07845,1.07885,1.078,1.07845
1707742800,1.0785,1.07885,1.0776,1.0779
1707746400,1.0779,1.07895,1.07785,1.07875
1707750000,1.07875,1.0788,1.07715,1.07825
1707753600,1.07825,1.07925,1.078,1.07885
1707757200,1.07885,1.0797,1.0788,1.0797
1707760800,1.0797,1.08015,1.07955,1.07965
1707764400,1.07965,1.0798,1.0783,1.07845
1707768000,1.07845,1.079,1.0784,1.0789
1707771600,1.07895,1.079,1.0785,1.07875
1707778800,1.07875,1.07875,1.0785,1.0786
1707782400,1.0786,1.07875,1.07815,1.07875
1707786000,1.07875,1.0789,1.078,1.07815
1707789600,1.0781,1.0781,1.07765,1.07785
1707793200,1.0779,1.0779,1.0775,1.07765
1707796800,1.07765,1.07785,1.0776,1.0778
1707800400,1.0778,1.07825,1.0778,1.0781
1707804000,1.07815,1.0787,1.07805,1.0785
1707807600,1.07845,1.0792,1.07805,1.0786
1707811200,1.0786,1.0789,1.07765,1.07825
1707814800,1.0782,1.0784,1.0771,1.07815
1707818400,1.07815,1.07905,1.07805,1.0787
1707822000,1.07875,1.07965,1.0787,1.07925
1707825600,1.07925,1.08015,1.0791,1.08005
1707829200,1.08,1.083,1.0717,1.0723
1707832800,1.0723,1.07385,1.07145,1.0732
1707836400,1.07325,1.07415,1.07205,1.07315
1707840000,1.0731,1.07365,1.0727,1.07335
1707843600,1.07335,1.07345,1.07265,1.07295
1707847200,1.073,1.0735,1.07225,1.0723
1707850800,1.07235,1.07235,1.07145,1.07155
1707854400,1.07155,1.07245,1.07145,1.07215
1707858000,1.07215,1.07245,1.0721,1.07225
1707865200,1.07225,1.0725,1.07215,1.0722
1707868800,1.0722,1.07285,1.072,1.07215
1707872400,1.07215,1.0726,1.07175,1.07255
1707876000,1.0726,1.0728,1.07225,1.07235
1707879600,1.07235,1.07275,1.07225,1.0726
1707883200,1.07265,1.07285,1.07235,1.07285
1707886800,1.07285,1.0729,1.07255,1.07275
1707890400,1.07275,1.0733,1.07275,1.073
1707894000,1.073,1.07315,1.0719,1.07215
1707897600,1.07215,1.0722,1.0709,1.07165
1707901200,1.0716,1.07195,1.07105,1.07145
1707904800,1.07145,1.07185,1.071,1.07175
1707908400,1.0718,1.07245,1.0711,1.0722
1707912000,1.07215,1.0724,1.07155,1.072
1707915600,1.072,1.0731,1.072,1.0723
1707919200,1.07225,1.0737,1.07205,1.073
1707922800,1.07305,1.07395,1.07275,1.07355
1707926400,1.0735,1.07485,1.07335,1.0748
1707930000,1.07475,1.0748,1.0742,1.0745
1707933600,1.07445,1.0748,1.074,1.0741
1707937200,1.0741,1.07435,1.07395,1.07425
1707940800,1.0742,1.0743,1.074,1.0742
1707944400,1.07415,1.07425,1.07395,1.07425
1707951600,1.07405,1.07445,1.074,1.07445
1707955200,1.0744,1.0748,1.0742,1.07465
1707958800,1.0746,1.0748,1.07385,1.07405
1707962400,1.0741,1.0744,1.0738,1.07415
1707966000,1.0742,1.0743,1.07375,1.0738
1707969600,1.0738,1.0739,1.0737,1.07385
1707973200,1.07385,1.0745,1.07385,1.07415
1707976800,1.07415,1.07465,1.074,1.07435
1707980400,1.0743,1.0754,1.074,1.07455
1707984000,1.0745,1.075,1.0742,1.0743
1707987600,1.0743,1.0749,1.07405,1.07455
1707991200,1.0745,1.0749,1.0743,1.07465
1707994800,1.07475,1.0752,1.07455,1.0748
1707998400,1.07475,1.0761,1.07475,1.07575
1708002000,1.07575,1.0786,1.0755,1.0779
1708005600,1.0779,1.07955,1.0772,1.0789
1708009200,1.0789,1.07975,1.0771,1.07735
1708012800,1.0774,1.0776,1.07675,1.0772
1708016400,1.07725,1.07755,1.0769,1.0775
1708020000,1.07745,1.078,1.0773,1.07795
1708023600,1.07795,1.0785,1.0779,1.0781
1708027200,1.0781,1.07845,1.078,1.0784
1708030800,1.07835,1.07865,1.0783,1.0785
1708038000,1.0787,1.07895,1.07845,1.07855
1708041600,1.07855,1.07865,1.0774,1.07775
1708045200,1.07775,1.0779,1.0774,1.07775
1708048800,1.0777,1.07775,1.07725,1.07735
1708052400,1.0773,1.07755,1.0772,1.07725
1708056000,1.07725,1.07735,1.077,1.0772
1708059600,1.07715,1.07745,1.0771,1.0773
1708063200,1.0773,1.0775,1.07715,1.0775
1708066800,1.07755,1.07805,1.07725,1.07735
1708070400,1.07735,1.0784,1.0772,1.07825
1708074000,1.0782,1.0784,1.07765,1.07785
1708077600,1.07785,1.0783,1.07755,1.07805
1708081200,1.0781,1.07925,1.07795,1.079
1708084800,1.079,1.07905,1.078,1.07805
1708088400,1.0781,1.07835,1.07445,1.07585
1708092000,1.0759,1.077,1.07535,1.07625
1708095600,1.0763,1.07895,1.0761,1.07835
1708099200,1.0783,1.07875,1.07785,1.0781
1708102800,1.07805,1.0791,1.0775,1.07905
1708106400,1.07905,1.07985,1.07865,1.07975
1708110000,1.07975,1.08,1.0788,1.07895
1708113600,1.07895,1.079,1.07855,1.0789
1708117200,1.07885,1.07905,1.07875,1.07905
1708297200,1.07895,1.07975,1.0789,1.0796
1708300800,1.07955,1.08015,1.07955,1.0799
1708304400,1.07995,1.08005,1.07905,1.07925
1708308000,1.0792,1.0794,1.079,1.07935
1708311600,1.07935,1.07955,1.07875,1.07875
1708315200,1.07875,1.0793,1.0787,1.079
1708318800,1.07905,1.0795,1.07895,1.0794
1708322400,1.0794,1.0799,1.0792,1.07985
1708326000,1.0799,1.0802,1.0793,1.07945
1708329600,1.0795,1.07995,1.0788,1.079
1708333200,1.07905,1.07955,1.07845,1.07865
1708336800,1.0787,1.0791,1.07845,1.07875
1708340400,1.0788,1.07935,1.0786,1.0789
1708344000,1.0789,1.0791,1.0781,1.0782
1708347600,1.0782,1.07905,1.0779,1.0782
1708351200,1.0782,1.07825,1.0775,1.0778
1708354800,1.0778,1.07805,1.0774,1.07795
1708358400,1.07795,1.07825,1.07745,1.07815
1708362000,1.07815,1.07885,1.0781,1.07875
1708383600,1.079,1.0791,1.0785,1.0787
1708387200,1.0787,1.0788,1.0779,1.07815
1708390800,1.0781,1.0783,1.07765,1.07775
1708394400,1.07775,1.07785,1.0773,1.07785
1708398000,1.07785,1.078,1.07765,1.0779
1708401600,1.0779,1.07825,1.0779,1.07805
1708405200,1.07805,1.07815,1.0777,1.07795
1708408800,1.07795,1.07845,1.0779,1.07825
1708412400,1.0783,1.0787,1.0779,1.07815
1708416000,1.07815,1.0789,1.07805,1.07875
1708419600,1.0787,1.08105,1.0785,1.08095
1708423200,1.08095,1.08215,1.0807,1.0816
1708426800,1.0816,1.08165,1.0805,1.081
1708430400,1.081,1.0817,1.0807,1.08095
1708434000,1.081,1.08365,1.08085,1.08345
1708437600,1.0835,1.08505,1.083,1.0841
1708441200,1.08415,1.08415,1.08245,1.08345
1708444800,1.0834,1.08365,1.0824,1.08245
1708448400,1.08245,1.08265,1.08205,1.08235
1708452000,1.08235,1.08245,1.08185,1.08215
1708455600,1.0821,1.08225,1.0817,1.08175
1708459200,1.08175,1.0824,1.08155,1.0822
1708462800,1.0822,1.08225,1.0818,1.08185
1708470000,1.0822,1.08225,1.08185,1.0821
1708473600,1.0821,1.0822,1.0818,1.0821
1708477200,1.08215,1.0824,1.08165,1.0823
1708480800,1.0823,1.08285,1.0823,1.0826
1708484400,1.08265,1.083,1.08245,1.0829
1708488000,1.0829,1.083,1.08245,1.08255
1708491600,1.08255,1.0828,1.0824,1.0826
1708495200,1.0826,1.0826,1.08185,1.08225
1708498800,1.0823,1.08255,1.0818,1.0822
1708502400,1.0822,1.0826,1.08085,1.08105
1708506000,1.081,1.08115,1.0801,1.0811
1708509600,1.0811,1.08145,1.08065,1.0812
1708513200,1.0812,1.08135,1.08055,1.081
1708516800,1.081,1.08145,1.08075,1.08145
1708520400,1.08145,1.08225,1.08145,1.08215
1708524000,1.0821,1.0827,1.0817,1.0824
1708527600,1.08245,1.0831,1.08155,1.08165
1708531200,1.08165,1.08305,1.0812,1.0828
1708534800,1.08285,1.08285,1.0818,1.0819
1708538400,1.0819,1.08245,1.0811,1.0823
1708542000,1.08225,1.08355,1.0816,1.0828
1708545600,1.08275,1.08325,1.0824,1.08285
1708549200,1.08285,1.08315,1.08245,1.08305
1708556400,1.0831,1.08325,1.08285,1.083
1708560000,1.083,1.08425,1.083,1.08405
1708563600,1.08405,1.08405,1.0837,1.0837
1708567200,1.08365,1.08375,1.08295,1.0836
1708570800,1.08365,1.08375,1.0833,1.0836
1708574400,1.08355,1.08415,1.08355,1.08405
1708578000,1.08405,1.08475,1.084,1.08435
1708581600,1.0843,1.085,1.0843,1.08485
1708585200,1.0848,1.0864,1.08475,1.0863
1708588800,1.0863,1.0899,1.0863,1.08815
1708592400,1.08815,1.0882,1.0858,1.0863
1708596000,1.08625,1.08685,1.086,1.08665
1708599600,1.08665,1.08675,1.08545,1.0867
1708603200,1.0867,1.08685,1.0852,1.0854
1708606800,1.08545,1.0858,1.0831,1.0833
1708610400,1.08335,1.08345,1.08125,1.0828
1708614000,1.08275,1.08295,1.0813,1.08205
1708617600,1.08205,1.08285,1.08185,1.0824
1708621200,1.0824,1.0834,1.0822,1.083
1708624800,1.083,1.0836,1.08245,1.0835
1708628400,1.08345,1.0835,1.0829,1.08325
1708632000,1.0832,1.0833,1.0828,1.08315
1708635600,1.08315,1.08335,1.08305,1.0832
1708642800,1.0832,1.08355,1.0832,1.08345
1708646400,1.08345,1.08375,1.08245,1.0831
1708650000,1.0831,1.08415,1.0831,1.08355
1708653600,1.08365,1.084,1.08345,1.0835
1708657200,1.08345,1.0835,1.0832,1.08345
1708660800,1.08345,1.0838,1.08345,1.0835
1708664400,1.0835,1.0836,1.08305,1.08325
1708668000,1.08325,1.0837,1.08315,1.0835
1708671600,1.0835,1.08415,1.08335,1.0839
1708675200,1.0839,1.0842,1.0831,1.0835
1708678800,1.0835,1.08355,1.08235,1.08265
1708682400,1.0827,1.0835,1.0827,1.0834
1708686000,1.08335,1.0841,1.08325,1.08365
1708689600,1.08365,1.0849,1.0834,1.0846
1708693200,1.08465,1.08465,1.08365,1.0842
1708696800,1.08415,1.08465,1.0834,1.0835
1708700400,1.0835,1.0835,1.08215,1.08305
1708704000,1.083,1.08385,1.08245,1.0837
1708707600,1.08375,1.08385,1.0831,1.0834
1708711200,1.0834,1.08395,1.08325,1.08365
1708714800,1.0836,1.08365,1.083,1.0833
1708718400,1.0833,1.08345,1.08275,1.0832
1708722000,1.08315,1.0833,1.083,1.08315
1708902000,1.0831,1.0832,1.0828,1.08285
1708905600,1.0828,1.0829,1.08255,1.0826
1708909200,1.0826,1.08285,1.0822,1.08255
1708912800,1.08255,1.08265,1.08235,1.08265
1708916400,1.0826,1.08285,1.08255,1.0828
1708920000,1.0828,1.0832,1.08265,1.083
1708923600,1.083,1.0833,1.0828,1.08325
1708927200,1.0832,1.08345,1.0831,1.0833
1708930800,1.0833,1.0846,1.08315,1.0841
1708934400,1.08415,1.0845,1.08365,1.08415
1708938000,1.0841,1.085,1.08395,1.0849
1708941600,1.0849,1.0858,1.0848,1.0857
1708945200,1.0857,1.08635,1.0854,1.0861
1708948800,1.08615,1.0869,1.0858,1.0859
1708952400,1.08595,1.08685,1.0858,1.0867
1708956000,1.08675,1.0868,1.08535,1.0855
1708959600,1.0856,1.08635,1.0848,1.08605
1708963200,1.086,1.08645,1.08565,1.08635
1708966800,1.0863,1.08645,1.0853,1.0855
1708970400,1.0855,1.08555,1.0849,1.0854
1708974000,1.0854,1.08565,1.0853,1.0855
1708977600,1.08555,1.0862,1.0855,1.086
1708981200,1.08605,1.08615,1.0859,1.08615
1708988400,1.08605,1.08605,1.08575,1.08595
1708992000,1.08595,1.08595,1.0856,1.0856
1708995600,1.08565,1.08595,1.08545,1.0859
1708999200,1.0859,1.08625,1.0857,1.086
1709002800,1.08605,1.0862,1.08575,1.0862
1709006400,1.0862,1.0864,1.08615,1.0862
1709010000,1.0862,1.0863,1.08575,1.0861
1709013600,1.0861,1.08615,1.08555,1.0859
1709017200,1.08585,1.08715,1.08585,1.0865
1709020800,1.08645,1.08745,1.0862,1.08665
1709024400,1.0866,1.08685,1.08605,1.0862
1709028000,1.0862,1.08625,1.08505,1.08605
1709031600,1.08605,1.0868,1.0857,1.08665
1709035200,1.08665,1.0872,1.0865,1.0866
1709038800,1.0866,1.0867,1.0854,1.0857
1709042400,1.0857,1.086,1.08445,1.0849
1709046000,1.08495,1.086,1.08415,1.0856
1709049600,1.0856,1.08665,1.08535,1.0865
1709053200,1.0865,1.08655,1.0858,1.086
1709056800,1.086,1.08655,1.0858,1.08585
1709060400,1.08585,1.08585,1.085,1.0853
1709064000,1.0853,1.08565,1.08505,1.0853
1709067600,1.08535,1.0855,1.08525,1.0853
1709074800,1.08525,1.0854,1.08495,1.08495
1709078400,1.08495,1.0854,1.0849,1.0853
1709082000,1.0853,1.0853,1.0846,1.08475
1709085600,1.0848,1.08485,1.08455,1.0846
1709089200,1.08455,1.0846,1.08405,1.08425
1709092800,1.08425,1.0844,1.08405,1.08405
1709096400,1.08405,1.08415,1.08335,1.08345
1709100000,1.08345,1.08375,1.083,1.08305
1709103600,1.0831,1.0833,1.08245,1.0831
1709107200,1.08315,1.08325,1.08165,1.08175
1709110800,1.0817,1.08205,1.08045,1.0808
1709114400,1.0808,1.08255,1.08075,1.08235
1709118000,1.08235,1.08265,1.08195,1.08235
1709121600,1.0824,1.0829,1.08155,1.08165
1709125200,1.0817,1.0839,1.0815,1.0836
1709128800,1.0836,1.0842,1.083,1.0838
1709132400,1.08385,1.0846,1.08345,1.0842
1709136000,1.0842,1.0851,1.08395,1.085
1709139600,1.085,1.0854,1.0842,1.08465
1709143200,1.0847,1.08485,1.0841,1.08425
1709146800,1.08425,1.08455,1.08405,1.0842
1709150400,1.08415,1.08485,1.0841,1.08465
1709154000,1.0846,1.0848,1.08445,1.0847
1709161200,1.08455,1.08475,1.08435,1.0845
1709164800,1.0845,1.0847,1.08415,1.0843
1709168400,1.0843,1.08475,1.0835,1.0836
1709172000,1.0836,1.08435,1.08355,1.08435
1709175600,1.08435,1.0845,1.08405,1.0844
1709179200,1.0844,1.08445,1.08415,1.0843
1709182800,1.08435,1.08445,1.08385,1.08425
1709186400,1.0842,1.0845,1.08395,1.084
1709190000,1.084,1.0846,1.0833,1.08355
1709193600,1.0835,1.08545,1.0835,1.08445
1709197200,1.0845,1.0859,1.08445,1.0857
1709200800,1.08575,1.08615,1.08445,1.0845
1709204400,1.0844,1.08495,1.0836,1.0841
1709208000,1.0841,1.08425,1.08335,1.0836
1709211600,1.08355,1.08545,1.08285,1.08445
1709215200,1.08445,1.0857,1.08425,1.08535
1709218800,1.0854,1.0863,1.08255,1.0829
1709222400,1.08285,1.08315,1.08115,1.0813
1709226000,1.08125,1.0814,1.08025,1.0806
1709229600,1.08065,1.0817,1.08045,1.08155
1709233200,1.0816,1.08175,1.08075,1.08095
1709236800,1.08095,1.08165,1.0809,1.0815
1709240400,1.0815,1.0816,1.08105,1.0813
1709247600,1.0811,1.0812,1.08085,1.0812
1709251200,1.0812,1.0819,1.08115,1.0818
1709254800,1.0818,1.0828,1.0817,1.08275
1709258400,1.08275,1.08285,1.08235,1.0825
1709262000,1.0825,1.08275,1.08225,1.08235
1709265600,1.08235,1.08235,1.0819,1.082
1709269200,1.08205,1.08205,1.08175,1.08185
1709272800,1.08185,1.08205,1.0815,1.08155
1709276400,1.0815,1.0824,1.0815,1.0819
1709280000,1.0819,1.0826,1.08155,1.08175
1709283600,1.08175,1.0824,1.0815,1.08215
1709287200,1.0822,1.0829,1.08045,1.08165
1709290800,1.0817,1.0826,1.0817,1.0825
1709294400,1.0825,1.08315,1.08185,1.08195
1709298000,1.0819,1.08215,1.0814,1.0819
1709301600,1.0819,1.0827,1.0804,1.0806
1709305200,1.0807,1.08485,1.0807,1.08415
1709308800,1.08415,1.08435,1.08295,1.0837
1709312400,1.08375,1.08465,1.0835,1.0844
1709316000,1.0844,1.08495,1.08375,1.0846
1709319600,1.08465,1.085,1.08445,1.0848
1709323200,1.0848,1.0848,1.0841,1.0844
1709326800,1.08435,1.0847,1.084,1.08465
1709506800,1.08485,1.08505,1.08465,1.08475
1709510400,1.0848,1.08545,1.0847,1.0852
1709514000,1.08515,1.0852,1.08445,1.0846
1709517600,1.0846,1.0852,1.08445,1.08515
1709521200,1.08515,1.08515,1.08485,1.085
1709524800,1.085,1.08515,1.0849,1.08495
1709528400,1.08495,1.08525,1.08485,1.085
1709532000,1.085,1.0854,1.0849,1.0853
1709535600,1.0853,1.086,1.0851,1.086
1709539200,1.08595,1.0864,1.08435,1.08505
1709542800,1.08505,1.0858,1.0848,1.0855
1709546400,1.08545,1.08605,1.08515,1.08595
1709550000,1.086,1.0863,1.08575,1.0862
1709553600,1.08625,1.0864,1.0848,1.08485
1709557200,1.0849,1.08565,1.0846,1.0855
1709560800,1.0855,1.0868,1.08515,1.08655
1709564400,1.0866,1.08695,1.08615,1.0869
1709568000,1.0869,1.08725,1.0863,1.0867
1709571600,1.08675,1.0868,1.08615,1.0864
1709575200,1.0864,1.0867,1.08615,1.0862
1709578800,1.0862,1.08645,1.0861,1.0862
1709582400,1.0862,1.08655,1.0861,1.08615
1709586000,1.0862,1.0863,1.08605,1.08625
1709593200,1.08635,1.08635,1.08595,1.086
1709596800,1.08595,1.08605,1.0857,1.08585
1709600400,1.08585,1.086,1.08535,1.0855
1709604000,1.0855,1.08575,1.08545,1.08555
1709607600,1.08555,1.08605,1.0855,1.086
1709611200,1.08595,1.08595,1.08555,1.08565
1709614800,1.0856,1.08595,1.0855,1.08585
1709618400,1.08585,1.08585,1.085,1.08525
1709622000,1.08525,1.0857,1.08475,1.0852
1709625600,1.0852,1.08575,1.0849,1.08525
1709629200,1.08525,1.08615,1.08525,1.0857
1709632800,1.08565,1.08605,1.0855,1.08555
1709636400,1.08555,1.08595,1.08535,1.08555
1709640000,1.08555,1.0856,1.0851,1.0853
1709643600,1.0853,1.0857,1.08475,1.08515
1709647200,1.08515,1.08605,1.0845,1.0851
1709650800,1.08515,1.0882,1.08515,1.0877
1709654400,1.08765,1.08775,1.08635,1.0867
1709658000,1.08665,1.08705,1.08635,1.0866
1709661600,1.0866,1.0866,1.0857,1.0858
1709665200,1.0858,1.0863,1.08565,1.08585
1709668800,1.0858,1.0864,1.08545,1.08635
1709672400,1.08625,1.08645,1.08615,1.0862
1709679600,1.0862,1.0864,1.086,1.08605
1709683200,1.086,1.08605,1.08545,1.0855
1709686800,1.0855,1.0855,1.0847,1.08485
1709690400,1.0849,1.08585,1.08485,1.08575
1709694000,1.0858,1.0858,1.0855,1.0856
1709697600,1.08555,1.0857,1.08545,1.08565
1709701200,1.0857,1.0862,1.08565,1.086
1709704800,1.086,1.08655,1.086,1.08645
1709708400,1.0864,1.08715,1.08635,1.0867
1709712000,1.0867,1.08795,1.0864,1.0878
1709715600,1.0878,1.0883,1.0874,1.08815
1709719200,1.0882,1.0885,1.08785,1.08825
1709722800,1.08825,1.08835,1.08765,1.08805
1709726400,1.0881,1.08835,1.0873,1.0874
1709730000,1.08745,1.089,1.08715,1.08895
1709733600,1.08895,1.0895,1.0888,1.08925
1709737200,1.0893,1.0914,1.08865,1.09105
1709740800,1.09105,1.09205,1.0905,1.0918
1709744400,1.09175,1.09205,1.09045,1.0908
1709748000,1.0908,1.0913,1.0906,1.09085
1709751600,1.0908,1.0908,1.0898,1.0902
1709755200,1.0902,1.09045,1.0898,1.0904
1709758800,1.09035,1.09045,1.09005,1.09045
1709766000,1.09015,1.09055,1.09015,1.0903
1709769600,1.0903,1.09115,1.0903,1.09065
1709773200,1.0907,1.0908,1.09,1.0902
1709776800,1.09015,1.09025,1.08975,1.0902
1709780400,1.0902,1.09055,1.08995,1.09045
1709784000,1.09045,1.0909,1.0904,1.09075
1709787600,1.0907,1.0909,1.09035,1.0904
1709791200,1.0904,1.09065,1.0902,1.0905
1709794800,1.09055,1.09085,1.0895,1.0898
1709798400,1.08975,1.0902,1.08915,1.09015
1709802000,1.0901,1.0907,1.08965,1.09055
1709805600,1.09055,1.09055,1.08935,1.09005
1709809200,1.09005,1.09025,1.0896,1.08975
1709812800,1.08975,1.0904,1.0896,1.08985
1709816400,1.08985,1.09015,1.08715,1.0876
1709820000,1.0876,1.0923,1.08725,1.0919
1709823600,1.09195,1.0935,1.0912,1.0934
1709827200,1.09335,1.0946,1.09285,1.0944
1709830800,1.09435,1.09455,1.0935,1.0941
1709834400,1.0941,1.09485,1.09405,1.0946
1709838000,1.0946,1.09525,1.0945,1.0951
1709841600,1.0951,1.0953,1.09465,1.0951
1709845200,1.0951,1.0953,1.09495,1.09525
1709852400,1.09525,1.0955,1.095,1.09545
1709856000,1.09545,1.09595,1.0954,1.0955
1709859600,1.0955,1.0956,1.09505,1.09515
1709863200,1.09515,1.09545,1.09485,1.09495
1709866800,1.0949,1.09515,1.09475,1.0951
1709870400,1.09505,1.09525,1.0948,1.0949
1709874000,1.0949,1.0952,1.09485,1.09505
1709877600,1.095,1.09525,1.0948,1.09515
1709881200,1.0952,1.0955,1.09355,1.09375
1709884800,1.0937,1.0942,1.09325,1.09395
1709888400,1.0939,1.0941,1.09295,1.09385
1709892000,1.09385,1.09405,1.093,1.0937
1709895600,1.0937,1.09425,1.0933,1.0938
1709899200,1.0938,1.09385,1.09315,1.09355
1709902800,1.09355,1.0985,1.09215,1.09615
1709906400,1.0962,1.097,1.09485,1.09615
1709910000,1.09615,1.09655,1.0947,1.0964
1709913600,1.09645,1.0965,1.09405,1.0944
1709917200,1.0944,1.09495,1.094,1.0943
1709920800,1.09425,1.09435,1.0937,1.09405
1709924400,1.09405,1.0946,1.0938,1.0945
1709928000,1.09455,1.09475,1.0938,1.094
1709931600,1.09395,1.09445,1.0939,1.0943
1710108000,1.09425,1.09445,1.09385,1.0941
1710111600,1.09405,1.09465,1.09405,1.0946
1710115200,1.0946,1.09495,1.0941,1.09445
1710118800,1.0945,1.09485,1.0942,1.09435
1710122400,1.0944,1.0945,1.09405,1.0942
1710126000,1.0942,1.09475,1.0941,1.09445
1710129600,1.0944,1.09445,1.094,1.0942
1710133200,1.0942,1.0945,1.0942,1.09445
1710136800,1.0944,1.0947,1.09385,1.0945
1710140400,1.0945,1.09505,1.094,1.0945
1710144000,1.09445,1.09515,1.0941,1.09475
1710147600,1.09475,1.0948,1.0937,1.09375
1710151200,1.0938,1.09465,1.0936,1.09445
1710154800,1.09445,1.09465,1.0941,1.09455
1710158400,1.09455,1.09465,1.0933,1.0933
1710162000,1.0933,1.0935,1.09205,1.0923
1710165600,1.0923,1.09275,1.09185,1.09275
1710169200,1.09275,1.0932,1.0917,1.093
1710172800,1.093,1.0931,1.0926,1.093
1710176400,1.09305,1.09335,1.09275,1.09285
1710180000,1.0928,1.0929,1.09215,1.09275
1710183600,1.09275,1.09295,1.0925,1.09295
1710187200,1.09295,1.09305,1.0928,1.09285
1710194400,1.09275,1.093,1.0927,1.09275
1710198000,1.0928,1.09335,1.0928,1.0933
1710201600,1.0933,1.0935,1.0931,1.0931
1710205200,1.09315,1.09365,1.09295,1.0936
1710208800,1.0936,1.0939,1.0933,1.0939
1710212400,1.0939,1.09405,1.09365,1.09385
1710216000,1.09385,1.0941,1.0937,1.09395
1710219600,1.094,1.09415,1.0939,1.0941
1710223200,1.0941,1.09415,1.0937,1.0941
1710226800,1.094,1.0942,1.09335,1.09345
1710230400,1.0934,1.0936,1.0924,1.09275
1710234000,1.0927,1.09355,1.09255,1.09325
1710237600,1.09325,1.0937,1.09295,1.09365
1710241200,1.09365,1.0938,1.09345,1.0936
1710244800,1.0936,1.09465,1.09045,1.09225
1710248400,1.09225,1.09255,1.09045,1.0913
1710252000,1.09135,1.0922,1.0909,1.092
1710255600,1.092,1.0921,1.091,1.092
1710259200,1.092,1.09215,1.0916,1.092
1710262800,1.092,1.09235,1.09155,1.0922
1710266400,1.0922,1.09275,1.0921,1.0927
1710270000,1.09265,1.09285,1.09235,1.09285
1710273600,1.0928,1.093,1.09275,1.0929
1710280800,1.0928,1.0931,1.0928,1.09295
1710284400,1.09295,1.0931,1.0929,1.0929
1710288000,1.0929,1.0932,1.09285,1.09295
1710291600,1.09295,1.0931,1.0926,1.0926
1710295200,1.09265,1.09295,1.09255,1.0929
1710298800,1.0929,1.0933,1.09275,1.093
1710302400,1.093,1.09305,1.09245,1.0926
1710306000,1.09255,1.0931,1.0925,1.09305
1710309600,1.09305,1.09315,1.09275,1.09305
1710313200,1.09305,1.0934,1.0923,1.0929
1710316800,1.09285,1.0935,1.09285,1.09295
1710320400,1.09295,1.09305,1.0922,1.0925
1710324000,1.0925,1.09355,1.0924,1.09325
1710327600,1.09325,1.0948,1.0932,1.09445
1710331200,1.09445,1.09495,1.0936,1.0939
1710334800,1.0939,1.09445,1.0938,1.09395
1710338400,1.09395,1.09465,1.09335,1.09445
1710342000,1.0944,1.0949,1.094,1.09455
1710345600,1.09455,1.0952,1.0942,1.09515
1710349200,1.09515,1.0966,1.0951,1.09595
1710352800,1.0959,1.09605,1.09525,1.0953
1710356400,1.0953,1.0954,1.09475,1.09495
1710360000,1.0949,1.09515,1.0949,1.095
1710367200,1.095,1.0952,1.095,1.095
1710370800,1.095,1.0954,1.095,1.0954
1710374400,1.0954,1.0956,1.0947,1.09495
1710378000,1.095,1.0954,1.0946,1.095
1710381600,1.095,1.09505,1.0944,1.09445
1710385200,1.0945,1.09465,1.09425,1.0943
1710388800,1.0943,1.09435,1.094,1.09435
1710392400,1.09435,1.0944,1.094,1.09405
1710396000,1.09405,1.0943,1.09375,1.09385
1710399600,1.0939,1.09435,1.0933,1.09365
1710403200,1.0936,1.0945,1.0936,1.0939
1710406800,1.0939,1.09455,1.09385,1.0942
1710410400,1.0942,1.0946,1.09385,1.09405
1710414000,1.09405,1.0944,1.09385,1.09425
1710417600,1.0943,1.0946,1.09235,1.0931
1710421200,1.09305,1.09325,1.09095,1.09125
1710424800,1.0913,1.0915,1.0897,1.0899
1710428400,1.0899,1.09005,1.08835,1.08885
1710432000,1.08885,1.08935,1.08855,1.08875
1710435600,1.08875,1.089,1.08815,1.08875
1710439200,1.0887,1.0891,1.0885,1.0886
1710442800,1.0886,1.0892,1.08815,1.0892
1710446400,1.0892,1.0893,1.08825,1.0884
1710453600,1.0928,1.09285,1.09245,1.09255
1710457200,1.0925,1.09265,1.0924,1.0924
1710460800,1.0924,1.09255,1.0917,1.0919
1710464400,1.0919,1.09215,1.0917,1.0918
1710468000,1.0918,1.09185,1.09145,1.0915
1710471600,1.09145,1.09195,1.09145,1.0918
1710475200,1.0918,1.09185,1.09165,1.0918
1710478800,1.0918,1.0919,1.0915,1.0918
1710482400,1.0918,1.0922,1.09165,1.09205
1710486000,1.0921,1.09255,1.0919,1.09215
1710489600,1.09215,1.0928,1.0919,1.0924
1710493200,1.0924,1.09405,1.09235,1.0939
1710496800,1.0939,1.0941,1.09305,1.0932
1710500400,1.0932,1.0937,1.09285,1.09345
1710504000,1.09345,1.09355,1.0926,1.0929
1710507600,1.09285,1.0936,1.09245,1.0928
1710511200,1.0928,1.0936,1.09255,1.0929
1710514800,1.09295,1.093,1.09225,1.09285
1710518400,1.0929,1.0931,1.0925,1.0927
1710522000,1.09275,1.0929,1.09245,1.0925
1710525600,1.09255,1.09325,1.09255,1.0932
1710529200,1.09315,1.09325,1.09285,1.09305
1710532800,1.0931,1.09315,1.0928,1.093
1710712800,1.0932,1.0932,1.0927,1.0927
1710716400,1.0927,1.0928,1.0922,1.0924
1710720000,1.09245,1.0929,1.0921,1.09265
1710723600,1.0926,1.09305,1.09235,1.093
1710727200,1.093,1.0933,1.09285,1.093
1710730800,1.09295,1.0931,1.0926,1.09265
1710734400,1.0926,1.0929,1.0926,1.09285
1710738000,1.0928,1.09295,1.0926,1.0928
1710741600,1.09275,1.093,1.09275,1.09295
1710745200,1.09295,1.09375,1.09295,1.0933
1710748800,1.0933,1.0939,1.09315,1.0935
1710752400,1.09345,1.09415,1.0933,1.09405
1710756000,1.09405,1.09425,1.0937,1.09405
1710759600,1.09405,1.09465,1.09395,1.09435
1710763200,1.09435,1.0946,1.0931,1.09325
1710766800,1.0933,1.0934,1.09265,1.09295
1710770400,1.093,1.0934,1.0925,1.09265
1710774000,1.09265,1.09295,1.0922,1.09255
1710777600,1.0926,1.0926,1.091,1.0913
1710781200,1.0913,1.09155,1.0907,1.0909
1710784800,1.09095,1.0912,1.0908,1.0911
1710788400,1.09115,1.0914,1.0908,1.09095
1710792000,1.09095,1.0913,1.09095,1.0913
1710799200,1.0912,1.0914,1.0911,1.0912
1710802800,1.0912,1.09135,1.0911,1.0913
1710806400,1.0913,1.09145,1.09095,1.09095
1710810000,1.0909,1.09115,1.09065,1.09085
1710813600,1.09085,1.0915,1.09085,1.09135
1710817200,1.0913,1.09165,1.09105,1.0914
1710820800,1.0914,1.09165,1.09075,1.0911
1710824400,1.0911,1.09125,1.0903,1.09045
1710828000,1.0904,1.09085,1.0902,1.0908
1710831600,1.09075,1.09075,1.0892,1.0895
1710835200,1.0895,1.08965,1.0882,1.08875
1710838800,1.08875,1.089,1.08745,1.08765
1710842400,1.0877,1.0886,1.0877,1.0884
1710846000,1.0884,1.08915,1.08825,1.089
1710849600,1.08905,1.0896,1.08855,1.0892
1710853200,1.08915,1.08975,1.08895,1.0894
1710856800,1.08945,1.09055,1.08935,1.09025
1710860400,1.09025,1.09025,1.08935,1.0898
1710864000,1.0898,1.0904,1.0895,1.0904
1710867600,1.0904,1.0908,1.09,1.0904
1710871200,1.0904,1.09055,1.09015,1.09025
1710874800,1.09025,1.09055,1.0901,1.09045
1710878400,1.09045,1.09065,1.0904,1.0905
1710885600,1.09045,1.0906,1.0904,1.0905
1710889200,1.09055,1.0906,1.09015,1.09015
1710892800,1.0901,1.09045,1.0898,1.09035
1710896400,1.09035,1.0905,1.09015,1.09035
1710900000,1.09035,1.09085,1.0902,1.0908
1710903600,1.09085,1.09105,1.0907,1.0909
1710907200,1.09095,1.091,1.09055,1.0906
1710910800,1.0906,1.09075,1.09045,1.09055
1710914400,1.0905,1.091,1.0904,1.09095
1710918000,1.0909,1.0911,1.0904,1.0905
1710921600,1.09045,1.09045,1.08895,1.08915
1710925200,1.08915,1.08915,1.08755,1.0878
1710928800,1.08785,1.0882,1.0876,1.0879
1710932400,1.0879,1.0883,1.08765,1.0882
1710936000,1.0882,1.08845,1.0877,1.08815
1710939600,1.08815,1.0885,1.08765,1.0884
1710943200,1.0884,1.0891,1.0883,1.08895
1710946800,1.0889,1.08955,1.08875,1.08935
1710950400,1.0894,1.09005,1.08925,1.08995
1710954000,1.08995,1.0906,1.0898,1.09045
1710957600,1.0904,1.0957,1.09035,1.0954
1710961200,1.09545,1.09625,1.0941,1.09605
1710964800,1.096,1.09625,1.0958,1.09625
1710972000,1.0962,1.0971,1.096,1.09705
1710975600,1.0971,1.0976,1.0968,1.09755
1710979200,1.09755,1.0976,1.0969,1.0972
1710982800,1.0972,1.09775,1.0972,1.0974
1710986400,1.09735,1.09755,1.0971,1.09735
1710990000,1.09735,1.09755,1.0972,1.09735
1710993600,1.09735,1.0974,1.0971,1.09715
1710997200,1.09715,1.09755,1.097,1.097
1711000800,1.097,1.09765,1.097,1.0976
1711004400,1.09765,1.09815,1.0964,1.09675
1711008000,1.0967,1.09675,1.0925,1.09295
1711011600,1.093,1.0953,1.09265,1.0951
1711015200,1.0951,1.09615,1.09505,1.09575
1711018800,1.09575,1.09585,1.0943,1.0948
1711022400,1.0948,1.09555,1.09415,1.09495
1711026000,1.09495,1.095,1.09215,1.0924
1711029600,1.09235,1.0924,1.09085,1.09165
1711033200,1.09165,1.0917,1.08935,1.0898
1711036800,1.08975,1.09025,1.0896,1.08985
1711040400,1.0899,1.0904,1.0894,1.08955
1711044000,1.0896,1.0901,1.0895,1.09005
1711047600,1.09,1.0901,1.08935,1.0895
1711051200,1.08945,1.08985,1.08945,1.08975
1711058400,1.0902,1.0902,1.08975,1.0899
1711062000,1.0899,1.09005,1.0898,1.0899
1711065600,1.08995,1.09055,1.08995,1.09025
1711069200,1.09025,1.0903,1.08875,1.0888
1711072800,1.08875,1.089,1.0876,1.08765
1711076400,1.08765,1.0879,1.0873,1.08755
1711080000,1.08755,1.0876,1.08685,1.0871
1711083600,1.0871,1.08795,1.08705,1.0878
1711087200,1.08785,1.08785,1.0864,1.08675
1711090800,1.08675,1.0872,1.0858,1.0862
1711094400,1.08615,1.08665,1.0845,1.08485
1711098000,1.0849,1.08605,1.0848,1.0853
1711101600,1.0853,1.08585,1.08515,1.08535
1711105200,1.08535,1.08595,1.0849,1.08535
1711108800,1.08535,1.08685,1.08515,1.0864
1711112400,1.0864,1.0867,1.0856,1.08665
1711116000,1.0867,1.0869,1.08525,1.0853
1711119600,1.08525,1.08595,1.0848,1.0853
1711123200,1.08535,1.0855,1.08435,1.08435
1711126800,1.08435,1.08485,1.08425,1.08435
1711130400,1.08435,1.08455,1.08415,1.08415
1711134000,1.0842,1.08445,1.08395,1.08435
1711137600,1.0843,1.08475,1.08425,1.08445
1711317600,1.08435,1.0846,1.0842,1.08455
1711321200,1.0845,1.0847,1.08435,1.0844
1711324800,1.0844,1.08465,1.08395,1.08405
1711328400,1.0841,1.08575,1.0839,1.0854
1711332000,1.0854,1.0859,1.08525,1.08585
1711335600,1.08585,1.0859,1.08485,1.08505
1711339200,1.08505,1.08515,1.0848,1.08505
1711342800,1.08505,1.0859,1.08495,1.0859
1711346400,1.08595,1.08595,1.0853,1.08545
1711350000,1.08545,1.086,1.0851,1.0851
1711353600,1.0851,1.0861,1.08445,1.08515
1711357200,1.0851,1.08585,1.08485,1.0855
1711360800,1.0855,1.0859,1.08535,1.0855
1711364400,1.0855,1.08665,1.0854,1.0866
1711368000,1.08655,1.08715,1.0865,1.0868
1711371600,1.08675,1.0875,1.08665,1.08725
1711375200,1.0873,1.088,1.0871,1.08765
1711378800,1.0877,1.0877,1.0869,1.0874
1711382400,1.08735,1.08755,1.08705,1.08745
1711386000,1.0874,1.08755,1.0871,1.0874
1711389600,1.0874,1.08745,1.0872,1.08735
1711393200,1.0873,1.08775,1.0873,1.0877
1711396800,1.08765,1.0878,1.0873,1.0875
1711404000,1.08745,1.0876,1.0874,1.0874
1711407600,1.08745,1.0876,1.08735,1.08745
1711411200,1.08745,1.08805,1.08735,1.088
1711414800,1.088,1.0883,1.0876,1.08775
1711418400,1.08775,1.08815,1.0877,1.08795
1711422000,1.08795,1.0881,1.0873,1.0874
1711425600,1.0874,1.0878,1.08735,1.0877
1711429200,1.0877,1.08855,1.0877,1.0884
1711432800,1.0884,1.0889,1.08835,1.08875
1711436400,1.08875,1.08905,1.08765,1.08795
1711440000,1.08795,1.08885,1.0876,1.0887
1711443600,1.0887,1.0893,1.08825,1.08905
1711447200,1.08905,1.09015,1.089,1.08925
1711450800,1.08925,1.0897,1.0891,1.0894
1711454400,1.08945,1.0897,1.0886,1.08895
1711458000,1.08895,1.08955,1.0884,1.089
1711461600,1.08905,1.08925,1.0875,1.08785
1711465200,1.0879,1.08815,1.08625,1.08655
1711468800,1.0866,1.08695,1.08615,1.08655
1711472400,1.08655,1.0873,1.08635,1.08675
1711476000,1.0868,1.0872,1.0867,1.08695
1711479600,1.087,1.0872,1.08655,1.08655
1711483200,1.0866,1.0869,1.08655,1.08685
1711490400,1.0868,1.08685,1.08665,1.08675
1711494000,1.08675,1.0868,1.08655,1.0867
1711497600,1.08675,1.08675,1.08625,1.08645
1711501200,1.08645,1.08655,1.0855,1.0858
1711504800,1.08585,1.08625,1.08585,1.08605
1711508400,1.08605,1.08625,1.08585,1.0861
1711512000,1.0861,1.0865,1.0861,1.0865
1711515600,1.08645,1.08645,1.086,1.0861
1711519200,1.08605,1.0867,1.08595,1.08665
1711522800,1.08665,1.0868,1.08575,1.0861
1711526400,1.08605,1.08645,1.08555,1.08635
1711530000,1.0863,1.08735,1.0861,1.0862
1711533600,1.08625,1.08695,1.08605,1.08675
1711537200,1.0867,1.08695,1.08525,1.08555
1711540800,1.08555,1.0856,1.08495,1.08535
1711544400,1.08535,1.08535,1.08455,1.08515
1711548000,1.08515,1.0856,1.08485,1.08495
1711551600,1.0849,1.0857,1.0848,1.0855
1711555200,1.0855,1.086,1.0853,1.08575
1711558800,1.0858,1.086,1.0852,1.08535
1711562400,1.08535,1.0858,1.0853,1.0857
1711566000,1.0857,1.0862,1.08555,1.0862
1711569600,1.08615,1.08635,1.0861,1.08625
1711576800,1.0862,1.0862,1.0844,1.0848
1711580400,1.0848,1.08495,1.08455,1.0847
1711584000,1.0847,1.08545,1.08415,1.08515
1711587600,1.08515,1.0853,1.0849,1.0852
1711591200,1.0852,1.086,1.08515,1.08565
1711594800,1.0856,1.08585,1.0855,1.0856
1711598400,1.0856,1.08585,1.0855,1.08575
1711602000,1.08575,1.0861,1.0856,1.0858
1711605600,1.0858,1.0858,1.0849,1.0852
1711609200,1.0852,1.0853,1.0834,1.0835
1711612800,1.08345,1.0836,1.0824,1.08255
1711616400,1.08255,1.0826,1.08085,1.08095
1711620000,1.0809,1.0827,1.0809,1.08235
1711623600,1.08235,1.0829,1.0817,1.08185
1711627200,1.08185,1.0843,1.0818,1.0842
1711630800,1.0842,1.08525,1.0837,1.08465
1711634400,1.08475,1.08535,1.0832,1.08345
1711638000,1.0834,1.08415,1.0828,1.08355
1711641600,1.0835,1.0839,1.0827,1.08335
1711645200,1.0833,1.0836,1.0829,1.08305
1711648800,1.083,1.0833,1.082,1.0821
1711652400,1.08215,1.08235,1.08185,1.0822
1711656000,1.0822,1.08225,1.08185,1.08215
1711922400,1.0812,1.08305,1.0812,1.0821
1711926000,1.0821,1.08285,1.08195,1.0827
1711929600,1.08275,1.0833,1.08245,1.08255
1711933200,1.0826,1.0829,1.082,1.0821
1711936800,1.08205,1.08235,1.08195,1.0822
1711940400,1.0822,1.08255,1.0819,1.08245
1711944000,1.08245,1.08255,1.08185,1.0821
1711947600,1.0821,1.08215,1.0817,1.08195
1711951200,1.0819,1.08245,1.0818,1.0821
1711954800,1.08205,1.08265,1.0817,1.08205
1711958400,1.082,1.08255,1.0817,1.0824
1711962000,1.0824,1.0825,1.082,1.082
1711965600,1.082,1.08205,1.08135,1.0815
1711969200,1.08155,1.08215,1.0814,1.08175
1711972800,1.0818,1.08195,1.0811,1.08155
1711976400,1.08155,1.08165,1.08055,1.0807
1711980000,1.0807,1.0807,1.0773,1.0778
1711983600,1.07775,1.0779,1.07645,1.07665
1711987200,1.07665,1.07705,1.0765,1.077
1711990800,1.077,1.07775,1.077,1.07755
1711994400,1.07755,1.0776,1.077,1.0771
1711998000,1.07705,1.07765,1.07705,1.0775
1712001600,1.0775,1.07765,1.07745,1.07765
1712008800,1.07765,1.0777,1.07725,1.07725
1712012400,1.07725,1.07725,1.07685,1.077
1712016000,1.077,1.07725,1.0764,1.07705
1712019600,1.07705,1.07715,1.0764,1.07675
1712023200,1.07675,1.0769,1.0763,1.07685
1712026800,1.07685,1.07695,1.0763,1.07635
1712030400,1.07635,1.07675,1.07625,1.0767
1712034000,1.07665,1.07685,1.0759,1.076
1712037600,1.076,1.07655,1.0758,1.07625
1712041200,1.07625,1.07765,1.07595,1.07755
1712044800,1.0775,1.0775,1.076,1.07645
1712048400,1.07645,1.07765,1.07645,1.0775
1712052000,1.0775,1.0779,1.0772,1.07785
1712055600,1.07785,1.0787,1.0776,1.0785
1712059200,1.0785,1.07895,1.0779,1.07825
1712062800,1.0783,1.0802,1.0782,1.07985
1712066400,1.0799,1.0813,1.0791,1.0799
1712070000,1.07995,1.08055,1.0798,1.0802
1712073600,1.08025,1.0804,1.0798,1.0802
1712077200,1.0802,1.08025,1.0798,1.08005
1712080800,1.0801,1.0802,1.0796,1.0797
1712084400,1.07975,1.08015,1.07935,1.08015
1712088000,1.0801,1.0803,1.0799,1.08015
1712095200,1.08045,1.0806,1.0801,1.0801
1712098800,1.08015,1.08015,1.07995,1.0801
1712102400,1.0801,1.08045,1.0799,1.08015
1712106000,1.08015,1.08065,1.0799,1.0805
1712109600,1.0805,1.0808,1.08045,1.08075
1712113200,1.08075,1.0812,1.08075,1.081
1712116800,1.081,1.08105,1.08075,1.08075
1712120400,1.08075,1.081,1.0807,1.0808
1712124000,1.0808,1.08085,1.08,1.0803
1712127600,1.0803,1.0805,1.0797,1.0804
1712131200,1.08035,1.08105,1.0803,1.08045
1712134800,1.08045,1.08075,1.0798,1.08005
1712138400,1.08005,1.08095,1.0799,1.08085
1712142000,1.08085,1.0818,1.08085,1.08175
1712145600,1.0817,1.08195,1.08055,1.08115
1712149200,1.08115,1.0826,1.0811,1.0823
1712152800,1.0823,1.0857,1.0823,1.08565
1712156400,1.08565,1.0864,1.08525,1.086
1712160000,1.086,1.0869,1.08535,1.0864
1712163600,1.08635,1.08675,1.08585,1.08655
1712167200,1.0865,1.087,1.08645,1.0868
1712170800,1.0868,1.0868,1.08625,1.08665
1712174400,1.08665,1.087,1.08655,1.08695
1712181600,1.08675,1.087,1.0867,1.087
1712185200,1.08695,1.0873,1.08685,1.087
1712188800,1.087,1.08755,1.08665,1.08755
1712192400,1.0875,1.0876,1.0872,1.08725
1712196000,1.0873,1.0876,1.087,1.0875
1712199600,1.0875,1.0875,1.0872,1.08745
1712203200,1.0875,1.0877,1.08745,1.0875
1712206800,1.0875,1.08785,1.0873,1.08735
1712210400,1.0874,1.08785,1.0871,1.08715
1712214000,1.0872,1.08905,1.08715,1.0889
1712217600,1.0889,1.08945,1.0883,1.08935
1712221200,1.08935,1.08975,1.0887,1.0891
1712224800,1.0891,1.08935,1.08875,1.08915
1712228400,1.0892,1.08945,1.0884,1.08845
1712232000,1.0885,1.09025,1.08825,1.09015
1712235600,1.09015,1.09085,1.0896,1.0902
1712239200,1.0902,1.09085,1.08985,1.09
1712242800,1.08995,1.09005,1.08945,1.0897
1712246400,1.0897,1.0899,1.089,1.0891
1712250000,1.0891,1.0894,1.089,1.0892
1712253600,1.08915,1.0892,1.08785,1.08815
1712257200,1.08815,1.08825,1.0865,1.08655
1712260800,1.0865,1.087,1.08635,1.0869
1712268000,1.0871,1.08715,1.0867,1.08685
1712271600,1.0868,1.08715,1.0867,1.08675
1712275200,1.08675,1.08755,1.0866,1.08725
1712278800,1.08725,1.08745,1.08565,1.0858
1712282400,1.08585,1.08595,1.0855,1.08565
1712286000,1.08565,1.08595,1.0856,1.08585
1712289600,1.08585,1.0859,1.08565,1.0858
1712293200,1.08575,1.08595,1.08565,1.0859
1712296800,1.0859,1.08645,1.0854,1.0862
1712300400,1.08615,1.0872,1.08615,1.08705
1712304000,1.087,1.08775,1.0867,1.0869
1712307600,1.08685,1.08735,1.0866,1.087
1712311200,1.087,1.08705,1.0864,1.0866
1712314800,1.0866,1.0873,1.0862,1.08665
1712318400,1.08665,1.08795,1.08315,1.08405
1712322000,1.0841,1.08455,1.08225,1.08325
1712325600,1.08325,1.0858,1.0828,1.085
1712329200,1.08505,1.0875,1.08475,1.08715
1712332800,1.0872,1.0876,1.08645,1.0867
1712336400,1.08675,1.08705,1.0863,1.08645
1712340000,1.08645,1.08695,1.0862,1.08665
1712343600,1.08665,1.08685,1.08635,1.08665
1712347200,1.08665,1.08695,1.08655,1.0868
1712527200,1.0869,1.087,1.0858,1.0859
1712530800,1.08595,1.0864,1.0859,1.0861
1712534400,1.0861,1.0861,1.0854,1.08585
1712538000,1.08585,1.08675,1.08585,1.08665
1712541600,1.0867,1.08745,1.0866,1.0872
1712545200,1.08715,1.0873,1.08635,1.08645
1712548800,1.08645,1.08665,1.08625,1.0863
1712552400,1.08635,1.0868,1.08635,1.08655
1712556000,1.08655,1.08685,1.08605,1.08655
1712559600,1.08655,1.0869,1.08595,1.0863
1712563200,1.0863,1.0866,1.08535,1.0855
1712566800,1.08545,1.08615,1.0852,1.0859
1712570400,1.0859,1.0865,1.08575,1.08635
1712574000,1.08635,1.0864,1.08545,1.0855
1712577600,1.08555,1.0867,1.08525,1.0865
1712581200,1.08655,1.08845,1.08655,1.0883
1712584800,1.0883,1.08875,1.08745,1.0884
1712588400,1.0884,1.089,1.08805,1.0884
1712592000,1.08835,1.0884,1.08775,1.08815
1712595600,1.08815,1.08905,1.08805,1.0889
1712599200,1.0889,1.0893,1.0887,1.0888
1712602800,1.0888,1.089,1.0887,1.08875
1712606400,1.08875,1.0891,1.0887,1.08905
1712613600,1.08915,1.0892,1.089,1.0891
1712617200,1.08915,1.08945,1.0891,1.08925
1712620800,1.0893,1.0894,1.0888,1.0889
1712624400,1.08895,1.0893,1.0888,1.08905
1712628000,1.089,1.0893,1.08865,1.0888
1712631600,1.0888,1.0888,1.08845,1.0886
1712635200,1.08865,1.0889,1.0886,1.0887
1712638800,1.08875,1.08895,1.0887,1.0889
1712642400,1.0889,1.08935,1.08815,1.08835
1712646000,1.0883,1.0891,1.08815,1.0884
1712649600,1.0884,1.089,1.088,1.08885
1712653200,1.0888,1.08965,1.0887,1.08955
1712656800,1.0896,1.09015,1.0896,1.09
1712660400,1.08995,1.09035,1.089,1.08925
1712664000,1.08925,1.0915,1.0891,1.0911
1712667600,1.09115,1.0916,1.09065,1.0909
1712671200,1.09095,1.0913,1.0884,1.08875
1712674800,1.0888,1.08895,1.08825,1.08865
1712678400,1.0886,1.0891,1.0884,1.08855
1712682000,1.0885,1.0886,1.0882,1.0882
1712685600,1.0882,1.0885,1.08805,1.08835
1712689200,1.08835,1.0888,1.0878,1.08875
1712692800,1.0887,1.089,1.08865,1.08875
1712700000,1.0886,1.0889,1.0886,1.0889
1712703600,1.0889,1.089,1.0888,1.0889
1712707200,1.0889,1.0889,1.08855,1.08875
1712710800,1.08875,1.0889,1.0882,1.08845
1712714400,1.08845,1.0886,1.0881,1.0884
1712718000,1.08835,1.08845,1.08825,1.08835
1712721600,1.0883,1.08835,1.0881,1.0883
1712725200,1.08825,1.0886,1.08815,1.0882
1712728800,1.0882,1.08855,1.08775,1.08835
1712732400,1.08835,1.0887,1.0881,1.0886
1712736000,1.0885,1.0891,1.08815,1.08905
1712739600,1.089,1.08955,1.0887,1.0892
1712743200,1.08915,1.0896,1.08905,1.08945
1712746800,1.08945,1.08965,1.0885,1.08855
1712750400,1.0886,1.08955,1.08085,1.08105
1712754000,1.08105,1.08115,1.07795,1.0781
1712757600,1.0781,1.0797,1.07755,1.0783
1712761200,1.0783,1.07845,1.07635,1.07665
1712764800,1.0767,1.07675,1.07585,1.07655
1712768400,1.0766,1.0784,1.07585,1.07805
1712772000,1.0781,1.07845,1.0765,1.0766
1712775600,1.07665,1.07755,1.07655,1.0774
1712779200,1.07735,1.07755,1.0771,1.0773
1712786400,1.0771,1.0773,1.07685,1.07715
1712790000,1.07715,1.0773,1.0768,1.07695
1712793600,1.07695,1.07745,1.0767,1.0771
1712797200,1.0771,1.07755,1.077,1.07745
1712800800,1.0774,1.07755,1.0773,1.0774
1712804400,1.0774,1.07775,1.0773,1.07735
1712808000,1.0773,1.0775,1.07725,1.07745
1712811600,1.0775,1.07755,1.07715,1.07715
1712815200,1.0771,1.07715,1.07555,1.0757
1712818800,1.07575,1.0773,1.07565,1.07715
1712822400,1.0771,1.07785,1.0767,1.07695
1712826000,1.0769,1.07695,1.0758,1.076
1712829600,1.07595,1.07625,1.0755,1.07585
1712833200,1.07585,1.07625,1.0754,1.07575
1712836800,1.0757,1.07755,1.07405,1.077
1712840400,1.077,1.0785,1.0757,1.07635
1712844000,1.07635,1.07635,1.0728,1.07335
1712847600,1.07335,1.075,1.07305,1.07495
1712851200,1.075,1.0752,1.0742,1.07465
1712854800,1.07465,1.07585,1.07435,1.07565
1712858400,1.0757,1.07635,1.07535,1.0754
1712862000,1.0754,1.07605,1.0754,1.0757
1712865600,1.07575,1.0758,1.0754,1.07545
1712872800,1.0754,1.0758,1.0754,1.0756
1712876400,1.07565,1.07565,1.0752,1.0754
1712880000,1.0754,1.0756,1.07505,1.0754
1712883600,1.07545,1.07565,1.0751,1.07525
1712887200,1.07525,1.07555,1.07515,1.07545
1712890800,1.0755,1.0755,1.07435,1.0745
1712894400,1.07455,1.07455,1.0739,1.07395
1712898000,1.07395,1.0743,1.0739,1.074
1712901600,1.07395,1.074,1.0709,1.07115
1712905200,1.07115,1.07155,1.07025,1.07125
1712908800,1.0712,1.07135,1.06985,1.0699
1712912400,1.0699,1.0703,1.0683,1.0688
1712916000,1.06885,1.0689,1.06725,1.0675
1712919600,1.0675,1.06875,1.0674,1.0679
1712923200,1.06795,1.06835,1.06595,1.06665
1712926800,1.06665,1.06725,1.0659,1.0671
1712930400,1.067,1.06745,1.0651,1.06585
1712934000,1.06585,1.0679,1.06565,1.0675
1712937600,1.06745,1.0675,1.06655,1.067
1712941200,1.067,1.0678,1.0669,1.0675
1712944800,1.0675,1.0679,1.0667,1.0667
1712948400,1.06675,1.0671,1.06655,1.06665
1712952000,1.06665,1.06725,1.06655,1.0669
1713132000,1.06665,1.068,1.06635,1.0678
1713135600,1.06775,1.0678,1.06715,1.06735
1713139200,1.0674,1.0677,1.0671,1.0673
1713142800,1.06735,1.0678,1.06665,1.06775
1713146400,1.0677,1.06825,1.0677,1.0678
1713150000,1.0678,1.06815,1.0675,1.06795
1713153600,1.06795,1.0682,1.0675,1.06805
1713157200,1.06805,1.0687,1.06785,1.06855
1713160800,1.0685,1.06925,1.06795,1.0682
1713164400,1.0682,1.06885,1.06775,1.0686
1713168000,1.06855,1.06895,1.0681,1.0684
1713171600,1.0684,1.06905,1.0681,1.06825
1713175200,1.0683,1.06875,1.06795,1.06855
1713178800,1.06855,1.0693,1.0679,1.06825
1713182400,1.06825,1.0685,1.06585,1.06745
1713186000,1.0675,1.0688,1.0662,1.06645
1713189600,1.0665,1.06655,1.06495,1.06545
1713193200,1.06545,1.06725,1.065,1.06705
1713196800,1.0671,1.0675,1.06625,1.0664
1713200400,1.06635,1.0667,1.0651,1.06565
1713204000,1.06565,1.06595,1.0651,1.0653
1713207600,1.06525,1.0655,1.0648,1.0654
1713211200,1.0654,1.0655,1.06485,1.06525
1713218400,1.06525,1.06555,1.06525,1.06545
1713222000,1.0655,1.0656,1.0652,1.0652
1713225600,1.0652,1.0653,1.06455,1.0646
1713229200,1.0646,1.06465,1.0634,1.06435
1713232800,1.06435,1.0645,1.06335,1.06375
1713236400,1.0637,1.06405,1.06345,1.06385
1713240000,1.0639,1.0642,1.06375,1.06415
1713243600,1.0642,1.0648,1.0641,1.0646
1713247200,1.06455,1.06475,1.06295,1.06375
1713250800,1.0638,1.065,1.0638,1.06455
1713254400,1.0645,1.0652,1.064,1.0644
1713258000,1.0644,1.0662,1.06435,1.06565
1713261600,1.06565,1.06595,1.065,1.06535
1713265200,1.06535,1.06745,1.0653,1.06695
1713268800,1.06695,1.0681,1.06635,1.0666
1713272400,1.0666,1.0671,1.0655,1.0657
1713276000,1.06575,1.0672,1.0655,1.0659
1713279600,1.06595,1.06665,1.0649,1.0655
1713283200,1.0655,1.06555,1.0646,1.06525
1713286800,1.06525,1.06525,1.06285,1.06485
1713290400,1.0648,1.0662,1.06435,1.0658
1713294000,1.06585,1.06595,1.0645,1.0649
1713297600,1.06495,1.065,1.06435,1.06455
1713304800,1.06445,1.06465,1.06395,1.0646
1713308400,1.0647,1.0652,1.0646,1.06475
1713312000,1.0648,1.06505,1.0644,1.0649
1713315600,1.0649,1.0657,1.0647,1.0655
1713319200,1.06545,1.06625,1.0654,1.06605
1713322800,1.06605,1.0661,1.06535,1.06535
1713326400,1.0654,1.06575,1.0651,1.06515
1713330000,1.06515,1.06515,1.0637,1.0639
1713333600,1.06385,1.06645,1.0633,1.0661
1713337200,1.0661,1.0661,1.0651,1.0652
1713340800,1.06515,1.06755,1.06505,1.06675
1713344400,1.06675,1.06755,1.0662,1.06675
1713348000,1.06675,1.0673,1.06645,1.06655
1713351600,1.06655,1.06755,1.0659,1.06625
1713355200,1.06625,1.0669,1.0658,1.06615
1713358800,1.0661,1.06795,1.0661,1.06705
1713362400,1.0671,1.0671,1.06565,1.06625
1713366000,1.0662,1.06725,1.0662,1.06695
1713369600,1.067,1.0683,1.06625,1.06765
1713373200,1.0676,1.06955,1.06745,1.06945
1713376800,1.0695,1.0706,1.06935,1.0697
1713380400,1.06975,1.0699,1.0691,1.0698
1713384000,1.0698,1.0701,1.0696,1.07
1713391200,1.06995,1.0702,1.0697,1.0698
1713394800,1.06985,1.0699,1.06935,1.06945
1713398400,1.0695,1.0696,1.069,1.06955
1713402000,1.06955,1.06995,1.06905,1.0696
1713405600,1.0696,1.07045,1.06945,1.07035
1713409200,1.0703,1.07055,1.07005,1.07055
1713412800,1.07055,1.07055,1.0701,1.07035
1713416400,1.07035,1.07095,1.07005,1.0706
1713420000,1.07065,1.07155,1.0705,1.0711
1713423600,1.0711,1.07135,1.0704,1.0706
1713427200,1.07065,1.07095,1.07005,1.0704
1713430800,1.0704,1.07065,1.06955,1.0696
1713434400,1.0696,1.0703,1.06955,1.07015
1713438000,1.07015,1.0705,1.06955,1.0703
1713441600,1.0703,1.0705,1.06845,1.06885
1713445200,1.06885,1.0694,1.0672,1.06765
1713448800,1.0677,1.0689,1.06755,1.068
1713452400,1.06795,1.06905,1.0679,1.06855
1713456000,1.06855,1.06875,1.0677,1.0679
1713459600,1.0679,1.06805,1.0669,1.06745
1713463200,1.06735,1.06755,1.06675,1.06705
1713466800,1.0671,1.0674,1.06685,1.0669
1713470400,1.0669,1.06715,1.0667,1.06685
1713477600,1.06675,1.06695,1.06655,1.0666
1713481200,1.0666,1.06695,1.06655,1.06675
1713484800,1.0667,1.06695,1.0661,1.0664
1713488400,1.0664,1.06655,1.0639,1.0644
1713492000,1.0644,1.0649,1.06355,1.06435
1713495600,1.0643,1.06655,1.064,1.06625
1713499200,1.0663,1.06685,1.0659,1.06605
1713502800,1.066,1.0667,1.0655,1.06565
1713506400,1.0656,1.0675,1.06525,1.06705
1713510000,1.06705,1.06845,1.0669,1.06805
1713513600,1.06805,1.06805,1.06685,1.0671
1713517200,1.0671,1.06875,1.06705,1.06835
1713520800,1.0684,1.0684,1.0672,1.06725
1713524400,1.0673,1.0681,1.06685,1.06775
1713528000,1.06775,1.06995,1.06755,1.0691
1713531600,1.06905,1.0701,1.0684,1.0691
1713535200,1.06915,1.0703,1.0689,1.0695
1713538800,1.0695,1.0697,1.0679,1.06805
1713542400,1.068,1.0685,1.06655,1.06785
1713546000,1.06785,1.06835,1.0676,1.0681
1713549600,1.06805,1.0681,1.06715,1.06755
1713553200,1.06755,1.06805,1.0675,1.068
1713556800,1.068,1.06835,1.06785,1.0682
1713736800,1.06775,1.06865,1.06775,1.06835
1713740400,1.0684,1.0686,1.06825,1.06825
1713744000,1.06825,1.06895,1.06775,1.06785
1713747600,1.06785,1.06945,1.06785,1.06925
1713751200,1.0693,1.0695,1.06885,1.0689
1713754800,1.06885,1.06895,1.0685,1.06865
1713758400,1.06865,1.0693,1.06865,1.069
1713762000,1.06905,1.0691,1.06865,1.06885
1713765600,1.0689,1.0694,1.0685,1.06885
1713769200,1.06885,1.0692,1.0677,1.0683
1713772800,1.06825,1.0687,1.06725,1.06815
1713776400,1.06815,1.0687,1.06735,1.0676
1713780000,1.0676,1.068,1.0672,1.06755
1713783600,1.0675,1.0676,1.06575,1.06605
1713787200,1.06595,1.0669,1.06555,1.0665
1713790800,1.06645,1.06655,1.06485,1.0658
1713794400,1.0658,1.06725,1.06575,1.067
1713798000,1.06695,1.06725,1.0665,1.06715
1713801600,1.0672,1.06755,1.0671,1.06735
1713805200,1.06735,1.0682,1.0673,1.06815
1713808800,1.06815,1.0685,1.0679,1.0683
1713812400,1.0683,1.06835,1.06755,1.06765
1713816000,1.06765,1.068,1.0675,1.06785
1713823200,1.06775,1.0679,1.06765,1.06785
1713826800,1.06785,1.068,1.06765,1.0678
1713830400,1.06785,1.0684,1.06785,1.0683
1713834000,1.0683,1.0685,1.06775,1.06785
1713837600,1.0678,1.0685,1.0678,1.06825
1713841200,1.06825,1.0683,1.0679,1.06805
1713844800,1.06805,1.06825,1.06785,1.06795
1713848400,1.0679,1.0679,1.0674,1.0675
1713852000,1.06755,1.06755,1.06625,1.0669
1713855600,1.0669,1.07195,1.0668,1.0704
1713859200,1.07035,1.07075,1.06935,1.0695
1713862800,1.06945,1.06945,1.068,1.06835
1713866400,1.06835,1.0687,1.06775,1.06795
1713870000,1.06795,1.07025,1.06795,1.0699
1713873600,1.06995,1.07015,1.0688,1.06965
1713877200,1.06965,1.07345,1.0685,1.0726
1713880800,1.07265,1.0736,1.07155,1.07235
1713884400,1.0723,1.0728,1.07145,1.0719
1713888000,1.0719,1.07265,1.07165,1.0724
1713891600,1.07245,1.0732,1.07235,1.0729
1713895200,1.0729,1.07315,1.0726,1.0728
1713898800,1.0728,1.07295,1.07265,1.07275
1713902400,1.0727,1.0728,1.0725,1.07255
1713909600,1.07285,1.0729,1.0725,1.07265
1713913200,1.07275,1.07275,1.0723,1.07265
1713916800,1.07265,1.07345,1.0724,1.07335
1713920400,1.0733,1.0738,1.07315,1.07335
1713924000,1.07335,1.0737,1.07315,1.0734
1713927600,1.0734,1.0735,1.0728,1.073
1713931200,1.073,1.0733,1.0729,1.07295
1713934800,1.0729,1.07295,1.0724,1.0725
1713938400,1.07255,1.07295,1.07165,1.07185
1713942000,1.07185,1.072,1.0709,1.0712
1713945600,1.0712,1.07165,1.07045,1.07075
1713949200,1.0707,1.0715,1.0707,1.0708
1713952800,1.07075,1.07155,1.07075,1.0712
1713956400,1.0712,1.0714,1.0707,1.0713
1713960000,1.0713,1.0717,1.0702,1.0711
1713963600,1.07105,1.07235,1.0708,1.07175
1713967200,1.07175,1.0727,1.07095,1.07125
1713970800,1.0712,1.07155,1.0705,1.071
1713974400,1.07105,1.07155,1.0707,1.0714
1713978000,1.07145,1.07215,1.0714,1.07195
1713981600,1.072,1.0721,1.0711,1.07175
1713985200,1.07175,1.0731,1.0716,1.0725
1713988800,1.07245,1.0725,1.0721,1.0724
1713996000,1.07235,1.07235,1.07175,1.07205
1713999600,1.07205,1.0723,1.07195,1.0723
1714003200,1.0723,1.07275,1.0722,1.0726
1714006800,1.07265,1.07315,1.072,1.073
1714010400,1.07295,1.07315,1.0727,1.073
1714014000,1.073,1.0731,1.07265,1.0729
1714017600,1.0729,1.0733,1.0728,1.0732
1714021200,1.0732,1.0736,1.07305,1.07345
1714024800,1.0735,1.07505,1.0734,1.07435
1714028400,1.0744,1.0746,1.07345,1.0744
1714032000,1.07435,1.07515,1.07425,1.07485
1714035600,1.07485,1.07515,1.0744,1.07495
1714039200,1.0749,1.07525,1.0745,1.07475
1714042800,1.07475,1.0753,1.074,1.0743
1714046400,1.0743,1.0764,1.0708,1.0715
1714050000,1.0715,1.0727,1.0701,1.0723
1714053600,1.07235,1.0744,1.07155,1.0735
1714057200,1.07345,1.07445,1.07305,1.07435
1714060800,1.07435,1.07575,1.0738,1.07545
1714064400,1.07545,1.07615,1.0752,1.07535
1714068000,1.0753,1.0753,1.0746,1.075
1714071600,1.07505,1.07575,1.075,1.07525
1714075200,1.0752,1.07535,1.07515,1.0753
1714082400,1.07535,1.07535,1.07505,1.0751
1714086000,1.0751,1.0753,1.0749,1.0749
1714089600,1.0749,1.07505,1.07455,1.075
1714093200,1.07495,1.0752,1.07465,1.07495
1714096800,1.07495,1.0751,1.0741,1.07455
1714100400,1.07455,1.0748,1.07415,1.07455
1714104000,1.07455,1.0746,1.07435,1.0745
1714107600,1.07445,1.075,1.0744,1.07485
1714111200,1.0748,1.07615,1.0748,1.0758
1714114800,1.07575,1.0759,1.0748,1.07525
1714118400,1.07525,1.07755,1.0751,1.0764
1714122000,1.07635,1.0766,1.0753,1.0759
1714125600,1.0759,1.07595,1.0749,1.07505
1714129200,1.07505,1.0757,1.07375,1.07385
1714132800,1.0739,1.0767,1.0733,1.0739
1714136400,1.0739,1.0746,1.0729,1.073
1714140000,1.07305,1.07345,1.06985,1.07025
1714143600,1.0702,1.07125,1.0696,1.0708
1714147200,1.0708,1.0719,1.07065,1.0717
1714150800,1.0717,1.07205,1.07155,1.0716
1714154400,1.0717,1.0728,1.07165,1.0728
1714158000,1.07275,1.07295,1.07195,1.07225
1714161600,1.0722,1.07245,1.07135,1.07155
1714341600,1.0715,1.0725,1.0714,1.0723
1714345200,1.0723,1.07285,1.0722,1.07285
1714348800,1.07285,1.07325,1.0728,1.0731
1714352400,1.0731,1.07375,1.0729,1.07355
1714356000,1.0736,1.07415,1.0734,1.07385
1714359600,1.07385,1.07395,1.0736,1.07375
1714363200,1.07375,1.0755,1.0736,1.07505
1714366800,1.07505,1.07555,1.07455,1.0747
1714370400,1.0747,1.07505,1.0736,1.0737
1714374000,1.07365,1.07465,1.07295,1.0739
1714377600,1.07385,1.07465,1.07225,1.0726
1714381200,1.0726,1.07405,1.0719,1.0736
1714384800,1.0736,1.0741,1.0734,1.07385
1714388400,1.0739,1.07485,1.07335,1.07355
1714392000,1.0736,1.0745,1.07235,1.0725
1714395600,1.07245,1.07285,1.07115,1.072
1714399200,1.07205,1.0735,1.07205,1.0734
1714402800,1.0734,1.0742,1.0733,1.0738
1714406400,1.07385,1.07505,1.07375,1.0747
1714410000,1.0747,1.07515,1.07425,1.0743
1714413600,1.0743,1.0747,1.07395,1.0746
1714417200,1.07465,1.07465,1.0736,1.0743
1714420800,1.07425,1.07445,1.0741,1.0742
1714428000,1.07435,1.0744,1.07375,1.0738
1714431600,1.07385,1.074,1.0735,1.07355
1714435200,1.07355,1.07385,1.0731,1.0736
1714438800,1.0736,1.07385,1.0728,1.0728
1714442400,1.0728,1.07285,1.07235,1.07275
1714446000,1.0728,1.0728,1.07235,1.0726
1714449600,1.07265,1.0727,1.0723,1.07265
1714453200,1.0727,1.0728,1.0716,1.07205
1714456800,1.072,1.0727,1.0711,1.0726
1714460400,1.07255,1.0731,1.07225,1.0726
1714464000,1.0726,1.07335,1.0714,1.07315
1714467600,1.07325,1.0756,1.07315,1.0748
1714471200,1.0748,1.07565,1.07435,1.07495
1714474800,1.0749,1.0749,1.07405,1.0741
1714478400,1.0741,1.0745,1.071,1.0721
1714482000,1.07215,1.0736,1.0715,1.0727
1714485600,1.07265,1.0741,1.07075,1.07115
1714489200,1.07115,1.072,1.0704,1.0705
1714492800,1.0705,1.0708,1.06965,1.06995
1714496400,1.07,1.07035,1.0696,1.0701
1714500000,1.07015,1.0704,1.0697,1.0699
1714503600,1.0699,1.07015,1.06925,1.06935
1714507200,1.0693,1.06945,1.06855,1.06865
1714514400,1.06875,1.0691,1.0687,1.06885
1714518000,1.0688,1.06885,1.0686,1.0687
1714521600,1.0687,1.0688,1.0679,1.06825
1714525200,1.06825,1.0684,1.068,1.0682
1714528800,1.06815,1.06815,1.0678,1.06795
1714532400,1.06795,1.06795,1.06765,1.06775
1714536000,1.06775,1.06775,1.06755,1.0677
1714539600,1.06765,1.0678,1.0675,1.0676
1714543200,1.06765,1.06795,1.067,1.06725
1714546800,1.06725,1.0683,1.06725,1.0682
1714550400,1.06815,1.0691,1.06815,1.06895
1714554000,1.06905,1.06945,1.06885,1.0691
1714557600,1.06905,1.06945,1.0688,1.069
1714561200,1.069,1.06935,1.06885,1.06925
1714564800,1.0693,1.07055,1.06925,1.0705
1714568400,1.0705,1.07065,1.0696,1.07025
1714572000,1.0703,1.0715,1.06985,1.07035
1714575600,1.07035,1.07065,1.0698,1.07
1714579200,1.07,1.07005,1.0692,1.06925
1714582800,1.06925,1.07035,1.06915,1.0695
1714586400,1.0695,1.0754,1.0692,1.07495
1714590000,1.075,1.07515,1.071,1.07105
1714593600,1.071,1.0744,1.07075,1.07335
1714600800,1.0732,1.0741,1.0732,1.07365
1714604400,1.0736,1.0738,1.0732,1.0737
1714608000,1.0737,1.0737,1.0729,1.07315
1714611600,1.0731,1.07355,1.0727,1.0735
1714615200,1.07355,1.07405,1.07355,1.07385
1714618800,1.07385,1.07385,1.0732,1.0734
1714622400,1.07345,1.074,1.0734,1.0737
1714626000,1.0737,1.074,1.0732,1.07355
1714629600,1.07355,1.0747,1.0733,1.0737
1714633200,1.0737,1.07475,1.07325,1.0735
1714636800,1.0735,1.07385,1.07195,1.0724
1714640400,1.07235,1.0729,1.0715,1.0723
1714644000,1.0723,1.0726,1.07165,1.07235
1714647600,1.0724,1.0726,1.0715,1.0722
1714651200,1.07225,1.0732,1.07135,1.0721
1714654800,1.0721,1.0723,1.07,1.07055
1714658400,1.0706,1.07105,1.0694,1.0708
1714662000,1.07075,1.0728,1.07055,1.07245
1714665600,1.0725,1.07415,1.07215,1.07365
1714669200,1.07365,1.0743,1.0734,1.0739
1714672800,1.0739,1.07505,1.07375,1.075
1714676400,1.07495,1.075,1.07435,1.0747
1714680000,1.0747,1.0748,1.0744,1.07445
1714687200,1.0746,1.0749,1.0745,1.0749
1714690800,1.0748,1.07505,1.07475,1.07495
1714694400,1.07495,1.0751,1.0744,1.07505
1714698000,1.07505,1.0759,1.07505,1.07565
1714701600,1.07565,1.0757,1.0752,1.0753
1714705200,1.07525,1.07545,1.0751,1.0754
1714708800,1.07545,1.07555,1.07515,1.07515
1714712400,1.07515,1.07575,1.0751,1.0755
1714716000,1.07555,1.07555,1.0749,1.07495
1714719600,1.07495,1.07575,1.0744,1.0754
1714723200,1.07535,1.07635,1.07515,1.0762
1714726800,1.07615,1.0767,1.07595,1.07625
1714730400,1.07625,1.0765,1.0758,1.07625
1714734000,1.0762,1.0769,1.0762,1.0765
1714737600,1.0765,1.08325,1.0763,1.08135
1714741200,1.0813,1.0816,1.079,1.0796
1714744800,1.07965,1.08195,1.07705,1.0785
1714748400,1.07855,1.07995,1.07835,1.07885
1714752000,1.0789,1.07925,1.07815,1.0783
1714755600,1.07825,1.0787,1.07785,1.07845
1714759200,1.07845,1.0788,1.07835,1.07865
1714762800,1.0787,1.0789,1.0783,1.0784
1714766400,1.07835,1.0786,1.0781,1.07815
1714946400,1.07815,1.0784,1.078,1.0781
1714950000,1.0781,1.07835,1.0776,1.0777
1714953600,1.0776,1.07875,1.0774,1.0786
1714957200,1.0786,1.07895,1.07815,1.0789
1714960800,1.0789,1.07905,1.0784,1.07845
1714964400,1.07845,1.0786,1.0781,1.07835
1714968000,1.07835,1.07845,1.0781,1.0782
1714971600,1.07815,1.07835,1.07785,1.078
1714975200,1.078,1.0784,1.07785,1.07815
1714978800,1.07815,1.07885,1.07795,1.0781
1714982400,1.07805,1.07955,1.07765,1.07875
1714986000,1.0787,1.0791,1.0785,1.07885
1714989600,1.07885,1.0792,1.07855,1.0791
1714993200,1.07905,1.07935,1.0788,1.07915
1714996800,1.0792,1.08095,1.0791,1.08065
1715000400,1.08065,1.0808,1.08,1.0805
1715004000,1.08055,1.0806,1.07975,1.07995
1715007600,1.0799,1.0799,1.07935,1.0798
1715011200,1.07975,1.0798,1.079,1.07935
1715014800,1.07935,1.07955,1.07925,1.07935
1715018400,1.0793,1.07945,1.0791,1.0794
1715022000,1.0794,1.0794,1.07855,1.0786
1715025600,1.07865,1.07895,1.0785,1.07895
1715032800,1.07865,1.07895,1.07865,1.0787
1715036400,1.07875,1.07875,1.07845,1.0786
1715040000,1.0786,1.0795,1.0785,1.07935
1715043600,1.0794,1.0795,1.07825,1.07845
1715047200,1.0784,1.07855,1.0779,1.07825
1715050800,1.07825,1.07875,1.0782,1.07875
1715054400,1.07875,1.0788,1.0782,1.07845
1715058000,1.0784,1.07875,1.07755,1.0777
1715061600,1.07775,1.07825,1.0773,1.0782
1715065200,1.07825,1.0788,1.0779,1.07835
1715068800,1.0783,1.0784,1.07745,1.0782
1715072400,1.0782,1.07825,1.0774,1.0778
1715076000,1.0778,1.0788,1.0777,1.07875
1715079600,1.07875,1.0789,1.07815,1.07855
1715083200,1.07855,1.07975,1.0783,1.0794
1715086800,1.07945,1.08055,1.0793,1.0799
1715090400,1.07995,1.08015,1.07915,1.07965
1715094000,1.07965,1.08015,1.07845,1.0785
1715097600,1.0785,1.0793,1.07845,1.07885
1715101200,1.0789,1.07895,1.07745,1.0775
1715104800,1.0775,1.0775,1.0766,1.07695
1715108400,1.077,1.07765,1.07695,1.0775
1715112000,1.07745,1.07755,1.0773,1.0774
1715119200,1.07725,1.0774,1.07685,1.0769
1715122800,1.07695,1.07695,1.07655,1.0768
1715126400,1.0768,1.07725,1.07645,1.0766
1715130000,1.07665,1.07665,1.07585,1.07585
1715133600,1.07585,1.07605,1.0756,1.0759
1715137200,1.07595,1.07615,1.0757,1.07595
1715140800,1.0759,1.07605,1.07575,1.07595
1715144400,1.07595,1.076,1.0757,1.0759
1715148000,1.07585,1.0767,1.07585,1.07625
1715151600,1.07625,1.0764,1.0755,1.0757
1715155200,1.07565,1.0763,1.0753,1.0762
1715158800,1.0762,1.0771,1.0762,1.07695
1715162400,1.07695,1.07715,1.07665,1.0767
1715166000,1.0767,1.0772,1.0762,1.0764
1715169600,1.07645,1.07675,1.0758,1.07675
1715173200,1.07675,1.07725,1.07645,1.0769
1715176800,1.0769,1.0773,1.07645,1.0768
1715180400,1.0767,1.0776,1.0762,1.07725
1715184000,1.0773,1.0773,1.07625,1.0764
1715187600,1.0764,1.07655,1.0759,1.0761
1715191200,1.0761,1.0765,1.0759,1.0763
1715194800,1.07635,1.0764,1.07615,1.07635
1715198400,1.0763,1.0767,1.0762,1.0767
1715205600,1.07675,1.0768,1.07655,1.07655
1715209200,1.0766,1.07665,1.0763,1.0764
1715212800,1.07635,1.0764,1.07595,1.076
1715216400,1.07595,1.07655,1.07595,1.07645
1715220000,1.0764,1.0765,1.0762,1.07645
1715223600,1.07645,1.07685,1.07635,1.07645
1715227200,1.07645,1.07675,1.0762,1.07625
1715230800,1.07625,1.0763,1.0759,1.07605
1715234400,1.07605,1.0761,1.0753,1.07545
1715238000,1.0754,1.0758,1.07465,1.07515
1715241600,1.0751,1.0752,1.07425,1.0745
1715245200,1.0745,1.07485,1.07425,1.07475
1715248800,1.07475,1.0755,1.0747,1.07515
1715252400,1.0751,1.0753,1.07405,1.0744
1715256000,1.0744,1.07795,1.0744,1.07765
1715259600,1.0776,1.07845,1.07675,1.0781
1715263200,1.0781,1.0797,1.078,1.07925
1715266800,1.07925,1.0799,1.0786,1.07875
1715270400,1.07875,1.0795,1.0787,1.0793
1715274000,1.07925,1.0797,1.079,1.0794
1715277600,1.0794,1.07995,1.0792,1.07985
1715281200,1.0798,1.08015,1.07975,1.07995
1715284800,1.07995,1.08005,1.0798,1.0799
1715292000,1.08,1.08025,1.0799,1.08015
1715295600,1.08015,1.08015,1.0798,1.07985
1715299200,1.07985,1.07985,1.0793,1.0796
1715302800,1.0796,1.0799,1.07925,1.07925
1715306400,1.0793,1.0794,1.079,1.0791
1715310000,1.0791,1.0793,1.07905,1.07925
1715313600,1.0793,1.07935,1.07905,1.07905
1715317200,1.07905,1.07935,1.079,1.0792
1715320800,1.07925,1.07995,1.0788,1.07935
1715324400,1.0793,1.08005,1.0793,1.0798
1715328000,1.07975,1.08035,1.07935,1.07975
1715331600,1.07975,1.0803,1.07955,1.07965
1715335200,1.0796,1.07985,1.0792,1.0795
1715338800,1.07955,1.0797,1.0792,1.0796
1715342400,1.0796,1.0798,1.07825,1.0787
1715346000,1.0787,1.08065,1.0786,1.0804
1715349600,1.0804,1.0807,1.07765,1.07805
1715353200,1.078,1.0789,1.0779,1.0789
1715356800,1.0789,1.07955,1.0786,1.0793
1715360400,1.07925,1.0794,1.07895,1.07905
1715364000,1.07905,1.07905,1.0786,1.079
1715367600,1.07895,1.0792,1.0788,1.0788
1715371200,1.07885,1.0789,1.0785,1.0788
1715551200,1.0788,1.07895,1.0787,1.0789
1715554800,1.07885,1.07915,1.0786,1.07865
1715558400,1.07865,1.0788,1.0784,1.07855
1715562000,1.0785,1.0789,1.07825,1.0785
1715565600,1.0785,1.0788,1.0782,1.07875
1715569200,1.0787,1.07885,1.07855,1.0788
1715572800,1.07875,1.07885,1.07855,1.07855
1715576400,1.0786,1.07905,1.0786,1.0789
1715580000,1.0789,1.07915,1.07845,1.0786
1715583600,1.0786,1.07965,1.0785,1.07915
1715587200,1.07915,1.0801,1.079,1.08
1715590800,1.08,1.0805,1.07975,1.0799
1715594400,1.0799,1.0801,1.0793,1.0798
1715598000,1.0798,1.0811,1.07975,1.08055
1715601600,1.08055,1.0816,1.0805,1.08145
1715605200,1.08145,1.0823,1.0813,1.08205
1715608800,1.08205,1.08215,1.0812,1.082
1715612400,1.08205,1.08205,1.0805,1.08115
1715616000,1.0811,1.0815,1.08095,1.081
1715619600,1.08095,1.08105,1.0803,1.0808
1715623200,1.08075,1.081,1.0805,1.08055
1715626800,1.0806,1.0806,1.08025,1.08045
1715630400,1.08045,1.08065,1.0804,1.08065
1715637600,1.0807,1.0807,1.0804,1.0805
1715641200,1.0806,1.0809,1.0805,1.08075
1715644800,1.0808,1.0808,1.0801,1.0803
1715648400,1.08035,1.0805,1.08,1.0803
1715652000,1.0803,1.08035,1.08005,1.0803
1715655600,1.08025,1.0804,1.0801,1.08035
1715659200,1.08035,1.0805,1.0801,1.0801
1715662800,1.0801,1.0803,1.08,1.0802
1715666400,1.08025,1.0805,1.0799,1.08035
1715670000,1.08035,1.0805,1.08015,1.08025
1715673600,1.08025,1.0803,1.07905,1.0799
1715677200,1.07995,1.08095,1.07995,1.0808
1715680800,1.08085,1.08145,1.0808,1.0812
1715684400,1.0812,1.08145,1.0808,1.08085
1715688000,1.08085,1.08265,1.07805,1.0819
1715691600,1.0819,1.08385,1.0816,1.0835
1715695200,1.0835,1.08415,1.08255,1.08405
1715698800,1.084,1.0841,1.08305,1.0834
1715702400,1.0834,1.0836,1.08295,1.08325
1715706000,1.08325,1.0836,1.08315,1.0835
1715709600,1.08345,1.08385,1.08345,1.08355
1715713200,1.0836,1.08375,1.0835,1.0836
1715716800,1.08355,1.0837,1.08335,1.0836
1715724000,1.0834,1.0834,1.08315,1.08325
1715727600,1.08325,1.08325,1.0829,1.08295
1715731200,1.0829,1.08335,1.08285,1.08325
1715734800,1.0832,1.0838,1.0832,1.08375
1715738400,1.0838,1.0842,1.08355,1.08405
1715742000,1.08405,1.0843,1.084,1.08415
1715745600,1.08415,1.08415,1.08355,1.08365
1715749200,1.08365,1.0843,1.08365,1.0842
1715752800,1.08425,1.0846,1.0838,1.08455
1715756400,1.08455,1.08475,1.08405,1.08415
1715760000,1.0841,1.085,1.08395,1.0845
1715763600,1.08455,1.0847,1.084,1.08435
1715767200,1.08435,1.0845,1.08385,1.084
1715770800,1.08395,1.0845,1.0837,1.08445
1715774400,1.0845,1.0885,1.08435,1.08765
1715778000,1.0877,1.08815,1.0847,1.08505
1715781600,1.0851,1.08755,1.0849,1.0873
1715785200,1.08725,1.089,1.0871,1.0875
1715788800,1.0875,1.0889,1.08715,1.08875
1715792400,1.08875,1.0896,1.08865,1.0895
1715796000,1.0895,1.0896,1.08885,1.0894
1715799600,1.0894,1.08985,1.0893,1.08975
1715803200,1.08975,1.09015,1.0897,1.09005
1715810400,1.08995,1.0904,1.08985,1.09025
1715814000,1.09035,1.09045,1.09015,1.0902
1715817600,1.09025,1.09095,1.09005,1.0908
1715821200,1.0908,1.0908,1.08985,1.09005
1715824800,1.09005,1.0902,1.08955,1.09015
1715828400,1.0901,1.09035,1.09,1.09015
1715832000,1.0901,1.09015,1.08985,1.0899
1715835600,1.0899,1.08995,1.08935,1.0894
1715839200,1.08935,1.08975,1.0889,1.08905
1715842800,1.08905,1.08965,1.08875,1.08885
1715846400,1.08885,1.08905,1.088,1.08875
1715850000,1.08875,1.0889,1.08825,1.0884
1715853600,1.08835,1.08875,1.08805,1.08865
1715857200,1.0886,1.0889,1.0876,1.0881
1715860800,1.0881,1.0888,1.08745,1.0877
1715864400,1.08775,1.08805,1.08685,1.08695
1715868000,1.087,1.08845,1.0868,1.08845
1715871600,1.0884,1.08895,1.08805,1.08895
1715875200,1.08885,1.08895,1.0884,1.08875
1715878800,1.08875,1.08895,1.0882,1.08845
1715882400,1.08845,1.08855,1.088,1.0885
1715886000,1.08845,1.0885,1.0881,1.0881
1715889600,1.08805,1.08815,1.08785,1.08805
1715896800,1.08815,1.08825,1.08795,1.08815
1715900400,1.08815,1.08815,1.08795,1.08815
1715904000,1.08815,1.0882,1.08735,1.08765
1715907600,1.08765,1.0877,1.0871,1.0873
1715911200,1.08735,1.0874,1.0868,1.0871
1715914800,1.0871,1.0875,1.08705,1.0873
1715918400,1.08725,1.0873,1.0869,1.087
1715922000,1.08695,1.0876,1.08695,1.08745
1715925600,1.0875,1.088,1.08715,1.08765
1715929200,1.08765,1.0882,1.0871,1.08725
1715932800,1.0872,1.0873,1.0855,1.0858
1715936400,1.0858,1.08605,1.08545,1.08585
1715940000,1.0858,1.0858,1.08495,1.08515
1715943600,1.0852,1.08585,1.08495,1.0857
1715947200,1.0857,1.08595,1.0852,1.0856
1715950800,1.08565,1.087,1.08565,1.0869
1715954400,1.0869,1.0891,1.0868,1.089
1715958000,1.08895,1.0892,1.0879,1.0882
1715961600,1.0882,1.0888,1.08805,1.0882
1715965200,1.0882,1.08875,1.0882,1.0887
1715968800,1.0887,1.08905,1.08855,1.0889
1715972400,1.0889,1.089,1.08845,1.0886
1715976000,1.0886,1.08865,1.0882,1.08825
1716156000,1.08825,1.08865,1.0881,1.08835
1716159600,1.0884,1.08875,1.08835,1.0886
1716163200,1.08855,1.089,1.0882,1.0888
1716166800,1.0888,1.089,1.0885,1.08885
1716170400,1.0888,1.08885,1.08845,1.08875
1716174000,1.08875,1.0892,1.0886,1.0891
1716177600,1.0891,1.08955,1.0891,1.08935
1716181200,1.08935,1.08955,1.08925,1.08935
1716184800,1.0893,1.08975,1.08905,1.0892
1716188400,1.0891,1.0894,1.08825,1.0886
1716192000,1.0886,1.08895,1.08845,1.0888
1716195600,1.08875,1.0888,1.088,1.0882
1716199200,1.0882,1.0887,1.0882,1.08835
1716202800,1.0884,1.0885,1.0873,1.08735
1716206400,1.08735,1.0876,1.0867,1.0871
1716210000,1.0871,1.08805,1.0871,1.08785
1716213600,1.08785,1.0883,1.0876,1.08785
1716217200,1.0878,1.08785,1.0871,1.0874
1716220800,1.0874,1.08795,1.08725,1.0879
1716224400,1.0879,1.08835,1.0876,1.0877
1716228000,1.08775,1.088,1.0874,1.08785
1716231600,1.08785,1.08785,1.08725,1.0873
1716235200,1.08725,1.08735,1.08695,1.087
1716242400,1.08715,1.08725,1.0869,1.08715
1716246000,1.08715,1.08735,1.0871,1.08735
1716249600,1.08735,1.0875,1.08695,1.0874
1716253200,1.0874,1.0874,1.0868,1.08685
1716256800,1.08685,1.08695,1.08635,1.0868
1716260400,1.0868,1.08695,1.0867,1.08685
1716264000,1.08685,1.0873,1.0868,1.08715
1716267600,1.08715,1.0874,1.0869,1.08715
1716271200,1.0871,1.0876,1.08695,1.0874
1716274800,1.08745,1.08795,1.0872,1.0877
1716278400,1.0877,1.08825,1.0873,1.08795
1716282000,1.08795,1.08875,1.08785,1.0885
1716285600,1.0885,1.0886,1.08785,1.08795
1716289200,1.08795,1.08825,1.0877,1.0881
1716292800,1.08815,1.08835,1.08675,1.087
1716296400,1.087,1.08735,1.08555,1.08625
1716300000,1.08625,1.08745,1.0859,1.0872
1716303600,1.0872,1.0874,1.08655,1.0867
1716307200,1.0867,1.08695,1.08645,1.08665
1716310800,1.08665,1.0867,1.0859,1.08655
1716314400,1.0866,1.0868,1.08625,1.0865
1716318000,1.0865,1.0869,1.08635,1.08685
1716321600,1.0869,1.08695,1.0866,1.0866
1716328800,1.0868,1.087,1.08665,1.087
1716332400,1.087,1.08715,1.0866,1.0866
1716336000,1.0866,1.0872,1.0866,1.087
1716339600,1.08695,1.08735,1.08675,1.08725
1716343200,1.08725,1.08755,1.0869,1.08715
1716346800,1.08715,1.08715,1.0866,1.0868
1716350400,1.0868,1.08685,1.0865,1.0866
1716354000,1.08655,1.0869,1.08645,1.0868
1716357600,1.08685,1.0876,1.08675,1.0874
1716361200,1.0874,1.0876,1.08625,1.087
1716364800,1.08695,1.087,1.08585,1.08605
1716368400,1.08605,1.08625,1.08535,1.0856
1716372000,1.0856,1.08585,1.0849,1.085
1716375600,1.085,1.08505,1.0834,1.08395
1716379200,1.08395,1.0849,1.08385,1.08445
1716382800,1.08445,1.08535,1.08445,1.08475
1716386400,1.0848,1.08525,1.0844,1.0846
1716390000,1.0846,1.08545,1.08455,1.0848
1716393600,1.0849,1.0857,1.0848,1.08545
1716397200,1.08545,1.0859,1.08465,1.08495
1716400800,1.08505,1.0851,1.08295,1.08335
1716404400,1.0834,1.08345,1.08295,1.08335
1716408000,1.0833,1.0836,1.08325,1.0834
1716415200,1.0837,1.0837,1.0834,1.08355
1716418800,1.0836,1.08375,1.08345,1.0836
1716422400,1.08355,1.08395,1.08355,1.0836
1716426000,1.0836,1.08405,1.0835,1.08385
1716429600,1.0838,1.08395,1.08325,1.0839
1716433200,1.08395,1.0842,1.0838,1.0841
1716436800,1.0841,1.08435,1.08375,1.08375
1716440400,1.0837,1.0839,1.0834,1.08345
1716444000,1.08345,1.08385,1.08325,1.08375
1716447600,1.0838,1.0846,1.0823,1.084
1716451200,1.08395,1.08555,1.08385,1.08495
1716454800,1.08495,1.08585,1.0844,1.08565
1716458400,1.08565,1.0859,1.08545,1.0856
1716462000,1.08555,1.08635,1.0854,1.08615
1716465600,1.0861,1.087,1.0856,1.08635
1716469200,1.08635,1.0872,1.0839,1.08445
1716472800,1.0845,1.0853,1.08335,1.0835
1716476400,1.08355,1.0841,1.0831,1.0837
1716480000,1.08365,1.08415,1.08285,1.08285
1716483600,1.0829,1.0831,1.0819,1.0822
1716487200,1.0822,1.08245,1.0815,1.08155
1716490800,1.08155,1.0822,1.0815,1.0821
1716494400,1.082,1.08265,1.08195,1.0826
1716501600,1.0825,1.0825,1.08225,1.0824
1716505200,1.08235,1.08255,1.0822,1.0822
1716508800,1.0822,1.08235,1.0818,1.0821
1716512400,1.0821,1.08245,1.08185,1.0821
1716516000,1.08215,1.08215,1.0818,1.08195
1716519600,1.0819,1.08195,1.0816,1.0817
1716523200,1.08165,1.0821,1.08165,1.082
1716526800,1.08195,1.0822,1.0818,1.08215
1716530400,1.0821,1.08285,1.0819,1.08235
1716534000,1.08235,1.0836,1.08235,1.08345
1716537600,1.08345,1.08385,1.083,1.0835
1716541200,1.0835,1.0842,1.08345,1.0839
1716544800,1.0839,1.0855,1.0838,1.0851
1716548400,1.0851,1.0854,1.0845,1.08515
1716552000,1.0852,1.08645,1.0848,1.0862
1716555600,1.0862,1.08645,1.08525,1.08535
1716559200,1.08545,1.0861,1.08525,1.08565
1716562800,1.0857,1.0867,1.0856,1.0862
1716566400,1.08615,1.08685,1.0857,1.0858
1716570000,1.08575,1.08635,1.0857,1.08625
1716573600,1.0863,1.08645,1.08585,1.086
1716577200,1.08605,1.0861,1.08585,1.08595
1716580800,1.08595,1.086,1.08565,1.08585
1716760800,1.08585,1.08615,1.0856,1.08605
1716764400,1.08605,1.0861,1.08565,1.0857
1716768000,1.08575,1.08595,1.0857,1.0859
1716771600,1.0859,1.08615,1.0859,1.086
1716775200,1.086,1.08625,1.08585,1.086
1716778800,1.08605,1.0861,1.08575,1.08585
1716782400,1.08595,1.086,1.08575,1.0859
1716786000,1.08585,1.08595,1.08575,1.0859
1716789600,1.08595,1.08615,1.08545,1.0861
1716793200,1.08615,1.0863,1.08575,1.0861
1716796800,1.0861,1.08635,1.0855,1.08595
1716800400,1.08595,1.0877,1.08595,1.0877
1716804000,1.0877,1.08775,1.0864,1.0873
1716807600,1.08725,1.0874,1.08665,1.08675
1716811200,1.0868,1.08715,1.0851,1.0859
1716814800,1.08595,1.0869,1.08545,1.0865
1716818400,1.08655,1.087,1.0859,1.08685
1716822000,1.0869,1.087,1.0866,1.08695
1716825600,1.087,1.08725,1.08695,1.08705
1716847200,1.0868,1.087,1.0868,1.0869
1716850800,1.08695,1.08715,1.08685,1.0871
1716854400,1.08715,1.08785,1.0871,1.0875
1716858000,1.08745,1.08835,1.0874,1.08825
1716861600,1.0882,1.0887,1.08815,1.0886
1716865200,1.0886,1.08885,1.0884,1.08885
1716868800,1.08885,1.0891,1.08855,1.0886
1716872400,1.08865,1.0888,1.08825,1.0885
1716876000,1.08845,1.08905,1.0884,1.0885
1716879600,1.08855,1.0889,1.08815,1.08875
1716883200,1.0887,1.089,1.0877,1.088
1716886800,1.088,1.08875,1.08775,1.0887
1716890400,1.08865,1.089,1.08855,1.0888
1716894000,1.08885,1.0899,1.0888,1.0894
1716897600,1.0894,1.08945,1.0885,1.08865
1716901200,1.08865,1.089,1.08735,1.08745
1716904800,1.08745,1.0887,1.08675,1.0885
1716908400,1.08845,1.08895,1.0881,1.08885
1716912000,1.08885,1.08885,1.08805,1.0885
1716915600,1.08845,1.08855,1.08745,1.0875
1716919200,1.0875,1.0875,1.0865,1.0868
1716922800,1.0868,1.08715,1.08655,1.0871
1716926400,1.08705,1.08715,1.08655,1.0866
1716933600,1.0868,1.08715,1.08635,1.08655
1716937200,1.0866,1.0866,1.08605,1.0861
1716940800,1.0861,1.08615,1.0857,1.08605
1716944400,1.08605,1.08665,1.0859,1.08615
1716948000,1.0861,1.08635,1.08555,1.0856
1716951600,1.08555,1.08575,1.08555,1.08565
1716955200,1.08565,1.0858,1.08535,1.08575
1716958800,1.08575,1.08585,1.08535,1.0854
1716962400,1.08545,1.0865,1.08545,1.08615
1716966000,1.0862,1.08685,1.08605,1.08615
1716969600,1.08615,1.08615,1.0839,1.08465
1716973200,1.08465,1.0866,1.0846,1.0861
1716976800,1.0861,1.0862,1.08505,1.08565
1716980400,1.0856,1.0861,1.08445,1.0859
1716984000,1.08595,1.0868,1.0856,1.0856
1716987600,1.0856,1.08565,1.08415,1.0848
1716991200,1.0848,1.08515,1.08205,1.08245
1716994800,1.0824,1.08265,1.0818,1.08205
1716998400,1.08205,1.08265,1.08165,1.0825
1717002000,1.08245,1.08255,1.08165,1.08225
1717005600,1.08225,1.08245,1.0814,1.0815
1717009200,1.08155,1.08155,1.0809,1.0811
1717012800,1.0811,1.08125,1.0809,1.08105
1717020000,1.0812,1.0812,1.08075,1.08085
1717023600,1.0809,1.081,1.0807,1.0809
1717027200,1.08085,1.08085,1.0803,1.0804
1717030800,1.0804,1.0812,1.08035,1.0806
1717034400,1.0806,1.08075,1.08015,1.0805
1717038000,1.08055,1.08065,1.0804,1.08055
1717041600,1.0806,1.08065,1.07995,1.08035
1717045200,1.08035,1.08035,1.0796,1.07975
1717048800,1.07975,1.0804,1.0797,1.0803
1717052400,1.0803,1.0819,1.08005,1.0816
1717056000,1.0816,1.0826,1.0811,1.08225
1717059600,1.0823,1.0826,1.0819,1.0821
1717063200,1.08205,1.0828,1.08165,1.08255
1717066800,1.0825,1.08295,1.08215,1.08265
1717070400,1.0826,1.08405,1.0821,1.08365
1717074000,1.0837,1.08415,1.08335,1.0837
1717077600,1.08375,1.08525,1.0836,1.08485
1717081200,1.08485,1.0853,1.0844,1.08445
1717084800,1.08445,1.085,1.08435,1.0848
1717088400,1.0848,1.0851,1.08465,1.0847
1717092000,1.0847,1.08475,1.0843,1.0845
1717095600,1.08445,1.08445,1.0835,1.0838
1717099200,1.08375,1.08405,1.08365,1.08395
1717106400,1.084,1.08415,1.08395,1.08405
1717110000,1.0841,1.0841,1.08385,1.08385
1717113600,1.08385,1.08405,1.0837,1.0839
1717117200,1.08395,1.0841,1.08275,1.0828
1717120800,1.08275,1.083,1.0818,1.0818
1717124400,1.08185,1.08275,1.08185,1.08265
1717128000,1.0827,1.0827,1.08225,1.0826
1717131600,1.08255,1.08285,1.08245,1.08265
1717135200,1.0827,1.08325,1.0822,1.0831
1717138800,1.0831,1.08325,1.08235,1.083
1717142400,1.083,1.0846,1.08295,1.0842
1717146000,1.0842,1.0855,1.08415,1.08545
1717149600,1.0855,1.0859,1.0852,1.0857
1717153200,1.0857,1.08625,1.08555,1.086
1717156800,1.08605,1.089,1.08565,1.08875
1717160400,1.0888,1.08885,1.0873,1.0876
1717164000,1.0876,1.0885,1.0858,1.0863
1717167600,1.08625,1.0866,1.0849,1.08535
1717171200,1.0853,1.08595,1.0847,1.0855
1717174800,1.0855,1.086,1.08525,1.08545
1717178400,1.08545,1.0856,1.08485,1.085
1717182000,1.085,1.08585,1.08475,1.0858
1717185600,1.0858,1.08595,1.0853,1.08565
1717365600,1.08575,1.08615,1.08545,1.08585
1717369200,1.08585,1.086,1.0857,1.08595
1717372800,1.08595,1.08645,1.0858,1.08635
1717376400,1.08635,1.08655,1.08615,1.08645
1717380000,1.0865,1.0865,1.0859,1.0861
1717383600,1.0861,1.08635,1.0856,1.08565
1717387200,1.08565,1.08615,1.0856,1.08595
1717390800,1.08585,1.0861,1.0855,1.0859
1717394400,1.08595,1.08655,1.0853,1.0863
1717398000,1.08635,1.08655,1.0847,1.0847
1717401600,1.08465,1.0849,1.084,1.0847
1717405200,1.0847,1.0848,1.0839,1.08415
1717408800,1.08415,1.0846,1.08345,1.0844
1717412400,1.0844,1.08515,1.0844,1.085
1717416000,1.08505,1.0857,1.08475,1.0851
1717419600,1.08515,1.08605,1.08515,1.08585
1717423200,1.0859,1.089,1.0859,1.0877
1717426800,1.0877,1.08975,1.08765,1.0897
1717430400,1.08965,1.08975,1.0888,1.08925
1717434000,1.0892,1.0896,1.08885,1.0895
1717437600,1.0895,1.0905,1.0894,1.09045
1717441200,1.09045,1.09075,1.0903,1.0907
1717444800,1.0907,1.09125,1.09065,1.0912
1717452000,1.0912,1.09165,1.091,1.09135
1717455600,1.09135,1.0916,1.09125,1.0914
1717459200,1.0914,1.0923,1.0914,1.09195
1717462800,1.09195,1.092,1.09135,1.09145
1717466400,1.09145,1.0915,1.09115,1.09145
1717470000,1.09145,1.09165,1.09135,1.09145
1717473600,1.0914,1.09165,1.0913,1.09155
1717477200,1.09155,1.09175,1.09095,1.09095
1717480800,1.091,1.09115,1.0903,1.0904
1717484400,1.09035,1.09055,1.08915,1.0897
1717488000,1.08965,1.08975,1.08805,1.08875
1717491600,1.0887,1.08885,1.0876,1.08785
1717495200,1.0878,1.0878,1.0869,1.0873
1717498800,1.0873,1.0877,1.08655,1.0868
1717502400,1.0868,1.08765,1.0868,1.0871
1717506000,1.0871,1.08785,1.08685,1.08725
1717509600,1.08745,1.08885,1.08695,1.0887
1717513200,1.08865,1.089,1.0881,1.0884
1717516800,1.0884,1.089,1.0884,1.08865
1717520400,1.08865,1.08945,1.0885,1.08895
1717524000,1.08895,1.0893,1.08865,1.0889
1717527600,1.0889,1.08895,1.0885,1.0888
1717531200,1.08875,1.0888,1.08845,1.0885
1717538400,1.0885,1.08865,1.08845,1.0886
1717542000,1.0886,1.0888,1.08855,1.0888
1717545600,1.08875,1.0892,1.08845,1.089
1717549200,1.08905,1.0892,1.0887,1.089
1717552800,1.089,1.08915,1.0889,1.08895
1717556400,1.08895,1.089,1.0883,1.08845
1717560000,1.08845,1.0887,1.08835,1.08865
1717563600,1.08865,1.0888,1.0882,1.08855
1717567200,1.0885,1.08865,1.0878,1.0882
1717570800,1.0882,1.0886,1.0877,1.08775
1717574400,1.08775,1.08835,1.08765,1.0882
1717578000,1.0882,1.08835,1.0878,1.08795
1717581600,1.08795,1.08795,1.0871,1.08745
1717585200,1.08745,1.0875,1.08655,1.08745
1717588800,1.08745,1.08905,1.08745,1.08905
1717592400,1.089,1.0898,1.08875,1.0896
1717596000,1.0896,1.0896,1.0868,1.0872
1717599600,1.08725,1.0877,1.08685,1.08715
1717603200,1.08705,1.08745,1.08605,1.08705
1717606800,1.08705,1.08735,1.0867,1.08735
1717610400,1.08735,1.08835,1.0872,1.08815
1717614000,1.0882,1.08825,1.0879,1.08805
1717617600,1.08805,1.08805,1.0874,1.0874
1717624800,1.0874,1.08775,1.0874,1.08775
1717628400,1.0878,1.0879,1.08775,1.08785
1717632000,1.0879,1.08875,1.08785,1.08865
1717635600,1.0887,1.08995,1.0887,1.08995
1717639200,1.08995,1.0901,1.0893,1.0897
1717642800,1.08965,1.08985,1.08945,1.08955
1717646400,1.08955,1.08955,1.08915,1.0892
1717650000,1.0892,1.08925,1.08875,1.08895
1717653600,1.089,1.089,1.0882,1.0889
1717657200,1.0889,1.0893,1.0881,1.08835
1717660800,1.0883,1.08835,1.0876,1.08825
1717664400,1.0882,1.08865,1.08805,1.08845
1717668000,1.0885,1.0887,1.08805,1.08815
1717671600,1.08815,1.08815,1.08665,1.08725
1717675200,1.08725,1.09075,1.0869,1.08865
1717678800,1.0886,1.0896,1.08765,1.089
1717682400,1.08905,1.08965,1.08775,1.0883
1717686000,1.0883,1.08915,1.08825,1.0887
1717689600,1.08865,1.08925,1.08845,1.0887
1717693200,1.08865,1.08985,1.08855,1.0897
1717696800,1.08965,1.0899,1.08905,1.0898
1717700400,1.0898,1.0899,1.0893,1.08935
1717704000,1.0894,1.0898,1.08935,1.0894
1717711200,1.08955,1.08975,1.08955,1.08965
1717714800,1.08965,1.0897,1.0895,1.0896
1717718400,1.0896,1.08965,1.08915,1.08935
1717722000,1.0894,1.09,1.08915,1.09
1717725600,1.09,1.09025,1.08985,1.09015
1717729200,1.0901,1.0902,1.0898,1.0899
1717732800,1.08985,1.0901,1.0898,1.09
1717736400,1.08995,1.09,1.0894,1.0895
1717740000,1.08955,1.0901,1.0892,1.0897
1717743600,1.08965,1.0903,1.0894,1.0897
1717747200,1.0897,1.08975,1.08875,1.08935
1717750800,1.0893,1.0901,1.08925,1.0896
1717754400,1.0896,1.08985,1.08925,1.0893
1717758000,1.0893,1.0906,1.08915,1.0903
1717761600,1.0903,1.0919,1.0828,1.0837
1717765200,1.0837,1.084,1.0822,1.08235
1717768800,1.0824,1.08295,1.08145,1.08165
1717772400,1.08165,1.08175,1.0808,1.0811
1717776000,1.0811,1.08165,1.08075,1.08095
1717779600,1.08095,1.0811,1.0805,1.08095
1717783200,1.08095,1.08115,1.0805,1.081
1717786800,1.08095,1.08115,1.0804,1.08045
1717790400,1.0805,1.0808,1.08035,1.0806
1717970400,1.07745,1.0783,1.0769,1.07815
1717974000,1.07815,1.0784,1.07795,1.07825
1717977600,1.07825,1.07855,1.0778,1.07815
1717981200,1.0782,1.0784,1.07765,1.0779
1717984800,1.0779,1.0779,1.0771,1.07715
1717988400,1.07715,1.0772,1.07595,1.07595
1717992000,1.07595,1.07595,1.07515,1.07585
1717995600,1.07585,1.07595,1.0752,1.07575
1717999200,1.0757,1.07625,1.07525,1.0756
1718002800,1.07555,1.07705,1.07515,1.07685
1718006400,1.0768,1.0772,1.07585,1.07605
1718010000,1.07605,1.07625,1.07445,1.0747
1718013600,1.0747,1.0748,1.07365,1.0741
1718017200,1.0741,1.07585,1.0741,1.07575
1718020800,1.07575,1.07645,1.0745,1.0745
1718024400,1.0745,1.0753,1.0741,1.0744
1718028000,1.0744,1.07485,1.07375,1.07375
1718031600,1.07375,1.0754,1.0737,1.07535
1718035200,1.0754,1.0763,1.0754,1.0758
1718038800,1.0758,1.0764,1.07545,1.0763
1718042400,1.0763,1.07665,1.0761,1.0766
1718046000,1.0766,1.07695,1.0765,1.0767
1718049600,1.0767,1.07705,1.0765,1.0769
1718056800,1.0768,1.0772,1.07675,1.07685
1718060400,1.0769,1.0769,1.0766,1.0767
1718064000,1.0767,1.0768,1.07645,1.0767
1718067600,1.07675,1.07715,1.07655,1.077
1718071200,1.077,1.0772,1.07685,1.0771
1718074800,1.0771,1.07725,1.077,1.0772
1718078400,1.07715,1.0774,1.0771,1.07715
1718082000,1.07715,1.07735,1.07675,1.0769
1718085600,1.0769,1.0777,1.07685,1.0772
1718089200,1.07715,1.0773,1.07645,1.07675
1718092800,1.0767,1.0768,1.0747,1.07485
1718096400,1.07485,1.0757,1.0744,1.0754
1718100000,1.0754,1.07595,1.074,1.07445
1718103600,1.07445,1.0745,1.0727,1.07325
1718107200,1.07325,1.07395,1.07275,1.0736
1718110800,1.0736,1.07405,1.0723,1.07275
1718114400,1.07275,1.07325,1.0723,1.0726
1718118000,1.07255,1.0737,1.07255,1.07355
1718121600,1.0736,1.0742,1.0736,1.07405
1718125200,1.0741,1.0747,1.074,1.0746
1718128800,1.0746,1.07485,1.0744,1.0747
1718132400,1.07465,1.07525,1.0743,1.07435
1718136000,1.0743,1.0745,1.07425,1.07445
1718143200,1.0743,1.0746,1.0743,1.07435
1718146800,1.0744,1.07445,1.0742,1.0743
1718150400,1.0743,1.0743,1.07375,1.0739
1718154000,1.0739,1.07445,1.0738,1.0743
1718157600,1.0743,1.0746,1.07425,1.0745
1718161200,1.0745,1.0746,1.0743,1.0743
1718164800,1.07435,1.07435,1.07395,1.074
1718168400,1.07395,1.0749,1.0739,1.07485
1718172000,1.07485,1.075,1.0742,1.0744
1718175600,1.07445,1.0748,1.07385,1.07475
1718179200,1.0747,1.07565,1.0747,1.07495
1718182800,1.07495,1.0757,1.0747,1.07555
1718186400,1.07555,1.0763,1.0752,1.07615
1718190000,1.07615,1.07685,1.07605,1.07675
1718193600,1.07675,1.08335,1.07655,1.083
1718197200,1.08295,1.08405,1.0822,1.08395
1718200800,1.084,1.08525,1.08205,1.0851
1718204400,1.08505,1.08555,1.0845,1.08455
1718208000,1.08455,1.08515,1.08445,1.08475
1718211600,1.0847,1.08485,1.0839,1.0843
1718215200,1.08435,1.08505,1.08105,1.0815
1718218800,1.0815,1.0821,1.0807,1.08095
1718222400,1.08095,1.0815,1.0807,1.08115
1718229600,1.0814,1.08165,1.08115,1.0813
1718233200,1.08125,1.0817,1.0812,1.0814
1718236800,1.08145,1.0817,1.0812,1.08145
1718240400,1.08145,1.0817,1.08055,1.08065
1718244000,1.0806,1.081,1.0806,1.08095
1718247600,1.08095,1.08105,1.0807,1.08085
1718251200,1.08085,1.08085,1.08045,1.0805
1718254800,1.08055,1.08085,1.08025,1.0806
1718258400,1.0806,1.08085,1.08025,1.0804
1718262000,1.08035,1.0818,1.08035,1.08155
1718265600,1.08155,1.0816,1.08065,1.0808
1718269200,1.08075,1.08125,1.08035,1.08035
1718272800,1.0803,1.0811,1.07945,1.0796
1718276400,1.0796,1.0798,1.0784,1.07845
1718280000,1.0785,1.08175,1.0782,1.0795
1718283600,1.07955,1.0809,1.07875,1.0789
1718287200,1.0789,1.0792,1.0764,1.0773
1718290800,1.0773,1.07735,1.07545,1.07565
1718294400,1.07565,1.0757,1.07345,1.07365
1718298000,1.07365,1.07455,1.07365,1.0744
1718301600,1.07435,1.07445,1.07375,1.0741
1718305200,1.0741,1.07445,1.07395,1.0742
1718308800,1.0742,1.07445,1.0738,1.07385
1718316000,1.0783,1.07875,1.0782,1.0786
1718319600,1.0786,1.07875,1.0784,1.07845
1718323200,1.0784,1.0788,1.0783,1.07835
1718326800,1.0783,1.07885,1.0782,1.0788
1718330400,1.0788,1.07905,1.07875,1.079
1718334000,1.07895,1.0792,1.0785,1.07875
1718337600,1.0787,1.0788,1.0782,1.07835
1718341200,1.07835,1.07845,1.0777,1.07775
1718344800,1.0777,1.07795,1.0763,1.07725
1718348400,1.0772,1.07745,1.0753,1.0755
1718352000,1.07545,1.07595,1.07375,1.07395
1718355600,1.07395,1.07395,1.07195,1.0735
1718359200,1.0735,1.07465,1.0727,1.0746
1718362800,1.0746,1.07535,1.07405,1.0742
1718366400,1.0742,1.0743,1.0727,1.07365
1718370000,1.07365,1.07395,1.0715,1.07165
1718373600,1.07165,1.0735,1.0715,1.07345
1718377200,1.0734,1.0747,1.0731,1.0746
1718380800,1.0746,1.07495,1.074,1.07475
1718384400,1.0748,1.0752,1.0744,1.0745
1718388000,1.07455,1.0748,1.0742,1.0747
1718391600,1.07465,1.0754,1.0746,1.07535
1718395200,1.0754,1.0755,1.0751,1.0752
1718575200,1.075,1.07555,1.07485,1.0753
1718578800,1.07535,1.0754,1.0748,1.0749
1718582400,1.07495,1.07535,1.07465,1.075
1718586000,1.075,1.07505,1.07455,1.07485
1718589600,1.0748,1.07515,1.07455,1.07505
1718593200,1.07505,1.0751,1.0748,1.07505
1718596800,1.07505,1.0752,1.0748,1.075
1718600400,1.07505,1.07515,1.0745,1.07465
1718604000,1.0746,1.07505,1.07325,1.07445
1718607600,1.0744,1.07555,1.07385,1.07465
1718611200,1.07465,1.07585,1.07455,1.07535
1718614800,1.07535,1.0761,1.0753,1.0757
1718618400,1.0757,1.076,1.0748,1.0756
1718622000,1.0756,1.0764,1.07555,1.07555
1718625600,1.0756,1.07615,1.0753,1.07595
1718629200,1.076,1.0767,1.0758,1.0762
1718632800,1.07625,1.07645,1.07575,1.0762
1718636400,1.07615,1.07705,1.07605,1.07685
1718640000,1.07685,1.07735,1.07665,1.0771
1718643600,1.07705,1.0773,1.0769,1.0772
1718647200,1.07715,1.07845,1.07715,1.0782
1718650800,1.0782,1.07825,1.0776,1.0778
1718654400,1.0778,1.0782,1.0778,1.078
1718661600,1.07795,1.07865,1.07785,1.0784
1718665200,1.07835,1.0787,1.0781,1.0786
1718668800,1.0786,1.07865,1.07815,1.0782
1718672400,1.07825,1.0783,1.07735,1.0774
1718676000,1.07735,1.07745,1.077,1.07705
1718679600,1.077,1.0771,1.0767,1.0771
1718683200,1.0771,1.07725,1.07665,1.0768
1718686800,1.07675,1.07695,1.07645,1.07695
1718690400,1.07695,1.07795,1.0769,1.07795
1718694000,1.0779,1.07815,1.07685,1.07695
1718697600,1.0769,1.0771,1.0761,1.07645
1718701200,1.07655,1.07715,1.0761,1.07655
1718704800,1.07655,1.07665,1.07615,1.0764
1718708400,1.0764,1.0764,1.0756,1.0762
1718712000,1.07625,1.07805,1.07565,1.0777
1718715600,1.0777,1.07955,1.0776,1.0794
1718719200,1.07945,1.08075,1.07825,1.07845
1718722800,1.0785,1.07885,1.078,1.0785
1718726400,1.0785,1.0789,1.07825,1.07855
1718730000,1.07855,1.079,1.07795,1.07815
1718733600,1.0781,1.07865,1.0778,1.0786
1718737200,1.0786,1.0786,1.0782,1.0784
1718740800,1.0785,1.0787,1.0784,1.07855
1718748000,1.07855,1.0787,1.07845,1.0786
1718751600,1.07865,1.07865,1.0784,1.0784
1718755200,1.0784,1.0785,1.0782,1.07825
1718758800,1.0783,1.0787,1.0781,1.0786
1718762400,1.07865,1.0788,1.0783,1.07845
1718766000,1.0784,1.0786,1.07825,1.07835
1718769600,1.0783,1.0783,1.07805,1.0781
1718773200,1.0781,1.07845,1.07805,1.0783
1718776800,1.07835,1.07865,1.07735,1.0777
1718780400,1.07765,1.07865,1.077,1.07825
1718784000,1.07825,1.07875,1.078,1.0786
1718787600,1.07855,1.07895,1.0778,1.07825
1718791200,1.07825,1.07975,1.07805,1.0795
1718794800,1.0796,1.07995,1.07925,1.07965
1718798400,1.07965,1.0799,1.0788,1.07915
1718802000,1.0792,1.07935,1.07865,1.07895
1718805600,1.0789,1.07965,1.07885,1.07935
1718809200,1.0794,1.0795,1.07865,1.07945
1718812800,1.07945,1.0795,1.07915,1.07925
1718834400,1.079,1.0791,1.0788,1.079
1718838000,1.07895,1.0793,1.0789,1.0791
1718841600,1.0791,1.07925,1.0789,1.07905
1718845200,1.07905,1.0792,1.0786,1.079
1718848800,1.07895,1.07895,1.07825,1.07835
1718852400,1.07835,1.0786,1.0783,1.0786
1718856000,1.0786,1.0789,1.0785,1.0787
1718859600,1.0787,1.0788,1.0781,1.0782
1718863200,1.0782,1.07825,1.07745,1.07765
1718866800,1.07765,1.078,1.0768,1.07685
1718870400,1.0768,1.07685,1.07565,1.0761
1718874000,1.0761,1.0772,1.0758,1.07695
1718877600,1.0769,1.0776,1.07685,1.07725
1718881200,1.07725,1.0776,1.0757,1.07585
1718884800,1.07585,1.0775,1.0757,1.0763
1718888400,1.0763,1.0773,1.07605,1.07685
1718892000,1.0769,1.0775,1.0765,1.0766
1718895600,1.07655,1.07665,1.0751,1.0751
1718899200,1.07515,1.0754,1.07475,1.0751
1718902800,1.07515,1.07535,1.07475,1.07505
1718906400,1.0751,1.07615,1.0751,1.0754
1718910000,1.07545,1.0755,1.07475,1.0749
1718913600,1.07495,1.07495,1.07455,1.07455
1718920800,1.0749,1.0749,1.0744,1.0746
1718924400,1.07455,1.0751,1.0745,1.07495
1718928000,1.0749,1.0751,1.0747,1.075
1718931600,1.075,1.0754,1.07485,1.07535
1718935200,1.0754,1.0761,1.07535,1.076
1718938800,1.076,1.076,1.07565,1.07595
1718942400,1.07595,1.0762,1.0759,1.0762
1718946000,1.07615,1.0763,1.07585,1.07615
1718949600,1.0761,1.0764,1.0752,1.07535
1718953200,1.07535,1.07535,1.07145,1.07215
1718956800,1.0721,1.0739,1.07195,1.07345
1718960400,1.07345,1.07415,1.0727,1.0741
1718964000,1.0741,1.07415,1.072,1.07245
1718967600,1.0725,1.07335,1.07235,1.07325
1718971200,1.07325,1.07385,1.07285,1.0738
1718974800,1.0738,1.07415,1.07215,1.0726
1718978400,1.07265,1.07415,1.07235,1.0725
1718982000,1.0725,1.0738,1.0724,1.0737
1718985600,1.07375,1.07395,1.07335,1.0736
1718989200,1.07355,1.07375,1.0734,1.0737
1718992800,1.0737,1.07405,1.07355,1.07385
1718996400,1.0738,1.07405,1.07345,1.0735
1719000000,1.07355,1.07385,1.07345,1.0737
1719180000,1.0735,1.0737,1.0733,1.07365
1719183600,1.0737,1.07385,1.07305,1.0731
1719187200,1.0731,1.07365,1.0728,1.07345
1719190800,1.07345,1.07355,1.0727,1.0734
1719194400,1.0734,1.07365,1.07315,1.07325
1719198000,1.07325,1.07365,1.07325,1.0735
1719201600,1.0735,1.07375,1.07345,1.07375
1719205200,1.07375,1.0743,1.07375,1.0742
1719208800,1.0742,1.075,1.07405,1.0746
1719212400,1.0746,1.0758,1.0745,1.0756
1719216000,1.07555,1.0761,1.0752,1.07565
1719219600,1.07565,1.07725,1.0756,1.0766
1719223200,1.07655,1.0774,1.07625,1.07735
1719226800,1.0773,1.0779,1.077,1.0779
1719230400,1.07785,1.07785,1.07695,1.0778
1719234000,1.0778,1.07865,1.0778,1.0786
1719237600,1.0786,1.079,1.07705,1.0773
1719241200,1.07735,1.0776,1.07665,1.07705
1719244800,1.07705,1.07745,1.07695,1.07705
1719248400,1.07705,1.07705,1.0765,1.07675
1719252000,1.0768,1.0781,1.07675,1.07785
1719255600,1.07785,1.07815,1.07775,1.0779
1719259200,1.07785,1.07805,1.0777,1.07775
1719266400,1.07765,1.0778,1.0775,1.07755
1719270000,1.07755,1.0776,1.0774,1.0775
1719273600,1.0775,1.07785,1.0775,1.0777
1719277200,1.0777,1.07795,1.0775,1.07775
1719280800,1.0777,1.078,1.0777,1.07795
1719284400,1.07795,1.0782,1.07785,1.07815
1719288000,1.07815,1.07825,1.0779,1.0782
1719291600,1.07825,1.07865,1.07825,1.0784
1719295200,1.07845,1.07845,1.0774,1.0775
1719298800,1.07745,1.07755,1.07635,1.077
1719302400,1.07695,1.0778,1.0768,1.0777
1719306000,1.07765,1.07775,1.0766,1.0767
1719309600,1.0767,1.0773,1.0764,1.0766
1719313200,1.07655,1.0767,1.07515,1.0752
1719316800,1.0752,1.07575,1.07445,1.0747
1719320400,1.07475,1.0755,1.07425,1.0745
1719324000,1.0745,1.0746,1.07325,1.0743
1719327600,1.07425,1.0752,1.07425,1.07465
1719331200,1.07465,1.0751,1.07445,1.0747
1719334800,1.07475,1.0757,1.0747,1.07555
1719338400,1.0756,1.07595,1.07545,1.07585
1719342000,1.0758,1.076,1.0756,1.07585
1719345600,1.0758,1.0758,1.07535,1.0757
1719352800,1.0756,1.07575,1.07545,1.07545
1719356400,1.0754,1.0754,1.07505,1.0751
1719360000,1.0751,1.07545,1.0748,1.0753
1719363600,1.07535,1.07585,1.0753,1.0758
1719367200,1.0758,1.076,1.07505,1.0752
1719370800,1.07515,1.07545,1.0751,1.0753
1719374400,1.07525,1.07535,1.0749,1.07525
1719378000,1.0752,1.0753,1.0744,1.0746
1719381600,1.07455,1.07475,1.0735,1.0737
1719385200,1.07365,1.07375,1.0727,1.07355
1719388800,1.0735,1.0741,1.07315,1.0736
1719392400,1.07365,1.0741,1.07295,1.07305
1719396000,1.07305,1.07305,1.07235,1.0726
1719399600,1.0726,1.0736,1.0721,1.07355
1719403200,1.0736,1.0736,1.07185,1.07185
1719406800,1.07185,1.07235,1.07075,1.0716
1719410400,1.0716,1.07375,1.0716,1.0722
1719414000,1.0722,1.0729,1.07165,1.07235
1719417600,1.0724,1.07295,1.0721,1.07235
1719421200,1.07235,1.07325,1.0723,1.0727
1719424800,1.0727,1.0727,1.07195,1.07215
1719428400,1.0721,1.0723,1.07165,1.07225
1719432000,1.07225,1.0723,1.0719,1.0722
1719439200,1.0722,1.07225,1.0719,1.07205
1719442800,1.07205,1.07215,1.07175,1.07195
1719446400,1.07195,1.07215,1.0717,1.0718
1719450000,1.0718,1.07295,1.0718,1.07285
1719453600,1.07285,1.07315,1.0728,1.07295
1719457200,1.0729,1.0732,1.0728,1.0731
1719460800,1.0731,1.0735,1.07305,1.07345
1719464400,1.07345,1.0737,1.0732,1.07355
1719468000,1.07355,1.0739,1.0731,1.0733
1719471600,1.07325,1.0738,1.0728,1.073
1719475200,1.073,1.07315,1.07205,1.0728
1719478800,1.0728,1.0741,1.07275,1.0737
1719482400,1.0737,1.07445,1.0731,1.07435
1719486000,1.0744,1.0744,1.0733,1.0733
1719489600,1.07335,1.07625,1.07335,1.07595
1719493200,1.076,1.0767,1.07575,1.0761
1719496800,1.07615,1.0766,1.0748,1.0753
1719500400,1.07525,1.07535,1.07405,1.07475
1719504000,1.07475,1.0751,1.07435,1.0747
1719507600,1.0747,1.0749,1.0745,1.07455
1719511200,1.07455,1.07485,1.07425,1.07455
1719514800,1.0746,1.07475,1.07415,1.07435
1719518400,1.07435,1.07455,1.0743,1.07435
1719525600,1.0744,1.0745,1.07425,1.07435
1719529200,1.0744,1.0749,1.0743,1.0747
1719532800,1.07475,1.07505,1.0737,1.0737
1719536400,1.07375,1.07385,1.07245,1.0731
1719540000,1.0731,1.07365,1.07275,1.07335
1719543600,1.07335,1.07345,1.07295,1.07315
1719547200,1.07315,1.07315,1.07245,1.07265
1719550800,1.07265,1.0732,1.07255,1.073
1719554400,1.07305,1.0738,1.07295,1.0737
1719558000,1.0737,1.07435,1.0731,1.0737
1719561600,1.07365,1.07405,1.07325,1.07375
1719565200,1.07375,1.0749,1.0733,1.07485
1719568800,1.0749,1.07505,1.07445,1.07495
1719572400,1.07495,1.07515,1.0732,1.0737
1719576000,1.0737,1.07615,1.07355,1.07445
1719579600,1.0745,1.07475,1.07325,1.0738
1719583200,1.0738,1.07625,1.07325,1.07585
1719586800,1.07585,1.07585,1.07495,1.0751
1719590400,1.0751,1.0761,1.07495,1.07555
1719594000,1.07555,1.0765,1.07535,1.0754
1719597600,1.07545,1.07585,1.07505,1.0752
1719601200,1.0752,1.07525,1.07455,1.0751
1719604800,1.07505,1.0754,1.0748,1.0753
1719784800,1.07705,1.07815,1.077,1.0776
1719788400,1.07765,1.0779,1.0773,1.07745
1719792000,1.07745,1.07895,1.0774,1.0785
1719795600,1.0785,1.08015,1.07825,1.07875
1719799200,1.0788,1.0795,1.07865,1.0795
1719802800,1.07945,1.0796,1.0791,1.0792
1719806400,1.0792,1.07985,1.07915,1.0794
1719810000,1.0794,1.08015,1.07935,1.07955
1719813600,1.0795,1.08155,1.07945,1.0809
1719817200,1.0809,1.0812,1.07905,1.07935
1719820800,1.0793,1.0811,1.0789,1.08075
1719824400,1.0807,1.08075,1.0795,1.07965
1719828000,1.0796,1.0796,1.0786,1.0787
1719831600,1.07875,1.07915,1.07815,1.0788
1719835200,1.0788,1.0789,1.07785,1.0787
1719838800,1.07875,1.07985,1.0787,1.0794
1719842400,1.07945,1.08135,1.0767,1.07685
1719846000,1.07685,1.07695,1.07585,1.0766
1719849600,1.0766,1.07725,1.0763,1.07705
1719853200,1.07705,1.07725,1.0767,1.0768
1719856800,1.0768,1.0769,1.0763,1.0768
1719860400,1.07685,1.07785,1.0768,1.0777
1719864000,1.0777,1.07815,1.07765,1.07795
1719871200,1.0779,1.07805,1.0775,1.0775
1719874800,1.0775,1.07755,1.07735,1.0774
1719878400,1.07745,1.07765,1.07705,1.0773
1719882000,1.0773,1.07745,1.077,1.0772
1719885600,1.07725,1.0774,1.077,1.0773
1719889200,1.0773,1.07735,1.07685,1.077
1719892800,1.07705,1.0771,1.0766,1.07675
1719896400,1.07675,1.0771,1.07645,1.07695
1719900000,1.077,1.07735,1.07625,1.0763
1719903600,1.0763,1.0766,1.07495,1.0756
1719907200,1.07555,1.0762,1.0752,1.07585
1719910800,1.07585,1.07605,1.0748,1.0749
1719914400,1.07485,1.07565,1.0748,1.0755
1719918000,1.0755,1.07625,1.0753,1.07615
1719921600,1.0762,1.07715,1.07615,1.07695
1719925200,1.07695,1.07845,1.07675,1.07805
1719928800,1.0781,1.0785,1.0762,1.07805
1719932400,1.0781,1.0782,1.0771,1.07735
1719936000,1.07735,1.0774,1.07685,1.077
1719939600,1.07695,1.07785,1.07695,1.0776
1719943200,1.0776,1.0781,1.0776,1.078
1719946800,1.078,1.07845,1.0779,1.07835
1719950400,1.07835,1.07845,1.07825,1.0783
1719957600,1.0788,1.0788,1.07825,1.07865
1719961200,1.07865,1.0787,1.07845,1.07855
1719964800,1.07855,1.0792,1.0785,1.07855
1719968400,1.0785,1.0785,1.0778,1.078
1719972000,1.07795,1.07845,1.07795,1.07815
1719975600,1.07815,1.0783,1.07805,1.07815
1719979200,1.0781,1.07825,1.078,1.07805
1719982800,1.07805,1.07805,1.0774,1.07765
1719986400,1.07765,1.0786,1.0775,1.0785
1719990000,1.07845,1.07995,1.07845,1.07975
1719993600,1.0797,1.0802,1.07935,1.07965
1719997200,1.0796,1.08005,1.0792,1.0793
1720000800,1.0793,1.08005,1.07905,1.07965
1720004400,1.0796,1.08,1.0794,1.07955
1720008000,1.07955,1.08165,1.0793,1.08125
1720011600,1.08125,1.08305,1.081,1.08275
1720015200,1.0828,1.0855,1.0828,1.0844
1720018800,1.08435,1.0847,1.0835,1.0837
1720022400,1.08365,1.0838,1.083,1.08335
1720026000,1.08335,1.08335,1.08195,1.08215
1720029600,1.0821,1.08225,1.08155,1.08175
1720033200,1.08175,1.08255,1.0817,1.08225
1720036800,1.08225,1.08265,1.0822,1.08255
1720044000,1.08245,1.08265,1.08235,1.08255
1720047600,1.08255,1.08275,1.08245,1.0827
1720051200,1.08275,1.083,1.0825,1.0829
1720054800,1.0829,1.0831,1.08245,1.0827
1720058400,1.0827,1.08275,1.08225,1.08225
1720062000,1.08225,1.08235,1.08195,1.08215
1720065600,1.08215,1.08235,1.0821,1.0823
1720069200,1.0823,1.0827,1.0821,1.08265
1720072800,1.0826,1.08295,1.0821,1.0829
1720076400,1.08285,1.0833,1.0825,1.08305
1720080000,1.08305,1.08395,1.083,1.0838
1720083600,1.08375,1.0839,1.0832,1.0834
1720087200,1.08345,1.08375,1.08305,1.08375
1720090800,1.08375,1.08385,1.0833,1.08335
1720094400,1.08335,1.0838,1.08325,1.08335
1720098000,1.08335,1.08375,1.0831,1.08375
1720101600,1.08375,1.08455,1.08355,1.08445
1720105200,1.0845,1.085,1.08435,1.0847
1720108800,1.0847,1.085,1.0846,1.08485
1720130400,1.08485,1.0851,1.0846,1.0848
1720134000,1.08475,1.0848,1.08455,1.0846
1720137600,1.08465,1.0854,1.0846,1.0851
1720141200,1.08505,1.08535,1.08495,1.08515
1720144800,1.08515,1.0854,1.085,1.08535
1720148400,1.08535,1.086,1.08535,1.0858
1720152000,1.08575,1.08585,1.0856,1.0858
1720155600,1.0858,1.0858,1.0855,1.08575
1720159200,1.08575,1.0862,1.0855,1.08555
1720162800,1.0855,1.08665,1.08525,1.0865
1720166400,1.08645,1.08665,1.08585,1.0864
1720170000,1.08635,1.0867,1.08615,1.08625
1720173600,1.08625,1.0868,1.08585,1.08605
1720177200,1.08605,1.08615,1.08545,1.0855
1720180800,1.08555,1.0878,1.08325,1.0866
1720184400,1.08655,1.08705,1.085,1.0855
1720188000,1.08555,1.0862,1.08465,1.086
1720191600,1.08595,1.0867,1.08555,1.0864
1720195200,1.0864,1.0866,1.0859,1.0862
1720198800,1.08615,1.08665,1.0861,1.08635
1720202400,1.0864,1.0873,1.0863,1.08725
1720206000,1.0873,1.08785,1.08725,1.0877
1720209600,1.08775,1.08775,1.08735,1.0875
1720389600,1.08515,1.08685,1.08515,1.08605
1720393200,1.086,1.08635,1.08575,1.0861
1720396800,1.0861,1.08645,1.08545,1.0857
1720400400,1.0857,1.0865,1.0856,1.08645
1720404000,1.08645,1.0866,1.086,1.08615
1720407600,1.0862,1.08715,1.08615,1.0867
1720411200,1.0867,1.0867,1.08625,1.0864
1720414800,1.0864,1.08655,1.08565,1.0858
1720418400,1.0858,1.08645,1.08505,1.08575
1720422000,1.08575,1.08735,1.08565,1.08725
1720425600,1.0872,1.0879,1.087,1.0874
1720429200,1.08735,1.0877,1.08705,1.08735
1720432800,1.0873,1.0875,1.0859,1.08655
1720436400,1.0865,1.0869,1.08625,1.0869
1720440000,1.0869,1.088,1.08675,1.08785
1720443600,1.0879,1.0881,1.08735,1.0876
1720447200,1.08765,1.088,1.08675,1.087
1720450800,1.087,1.08715,1.08665,1.087
1720454400,1.08695,1.08715,1.0864,1.0868
1720458000,1.08675,1.0869,1.08645,1.08675
1720461600,1.0867,1.08675,1.08585,1.08615
1720465200,1.08615,1.0862,1.08575,1.086
1720468800,1.086,1.08605,1.0858,1.08585
1720476000,1.0859,1.08605,1.0859,1.08605
1720479600,1.08605,1.08665,1.086,1.0865
1720483200,1.08655,1.0868,1.0861,1.0862
1720486800,1.0862,1.08645,1.08575,1.08585
1720490400,1.0858,1.0862,1.0854,1.0861
1720494000,1.08615,1.08645,1.0861,1.08625
1720497600,1.0863,1.0866,1.08625,1.08645
1720501200,1.08645,1.0865,1.0861,1.08635
1720504800,1.0863,1.0865,1.0859,1.08595
1720508400,1.08595,1.08645,1.0852,1.08525
1720512000,1.0852,1.0859,1.08495,1.08575
1720515600,1.0857,1.0861,1.08535,1.08575
1720519200,1.08575,1.0863,1.08545,1.0857
1720522800,1.08565,1.08585,1.0847,1.08485
1720526400,1.0849,1.08525,1.08475,1.08505
1720530000,1.0851,1.0861,1.08505,1.08565
1720533600,1.0857,1.08635,1.08445,1.085
1720537200,1.08505,1.0854,1.08405,1.08475
1720540800,1.08475,1.0851,1.08405,1.0844
1720544400,1.08445,1.08485,1.0841,1.08435
1720548000,1.08435,1.08485,1.08425,1.08475
1720551600,1.0848,1.08505,1.08455,1.0849
1720555200,1.0849,1.08515,1.0848,1.0849
1720562400,1.0847,1.085,1.0847,1.08485
1720566000,1.0849,1.08505,1.0848,1.08485
1720569600,1.0848,1.0851,1.08455,1.0846
1720573200,1.0846,1.08495,1.08455,1.08485
1720576800,1.0849,1.08515,1.08465,1.0851
1720580400,1.0851,1.08555,1.0851,1.0854
1720584000,1.0854,1.08545,1.08515,1.08525
1720587600,1.0853,1.08555,1.08505,1.0852
1720591200,1.0852,1.0858,1.0849,1.08565
1720594800,1.08565,1.08595,1.08495,1.08505
1720598400,1.085,1.0854,1.08465,1.085
1720602000,1.08495,1.08595,1.08485,1.0853
1720605600,1.0853,1.0858,1.0848,1.0856
1720609200,1.0856,1.0861,1.0854,1.086
1720612800,1.08595,1.0862,1.08575,1.0861
1720616400,1.0861,1.0863,1.0854,1.08565
1720620000,1.0857,1.08625,1.0854,1.08575
1720623600,1.0857,1.0862,1.0855,1.0857
1720627200,1.0857,1.0862,1.0856,1.08615
1720630800,1.0861,1.08625,1.0855,1.08565
1720634400,1.0856,1.08595,1.08515,1.0859
1720638000,1.08595,1.08635,1.0858,1.08635
1720641600,1.0863,1.0865,1.08615,1.08645
1720648800,1.08665,1.08665,1.08635,1.08655
1720652400,1.0866,1.08695,1.0864,1.0866
1720656000,1.0866,1.08695,1.08655,1.0868
1720659600,1.0868,1.0873,1.0865,1.0872
1720663200,1.0872,1.0873,1.087,1.087
1720666800,1.087,1.08715,1.08685,1.0871
1720670400,1.0871,1.08715,1.0868,1.08695
1720674000,1.08695,1.08705,1.08675,1.08675
1720677600,1.08675,1.08725,1.0865,1.08665
1720681200,1.08665,1.0873,1.0865,1.08725
1720684800,1.0872,1.08805,1.0871,1.08805
1720688400,1.088,1.0886,1.0876,1.088
1720692000,1.08795,1.08855,1.08785,1.08815
1720695600,1.08815,1.0891,1.08815,1.0888
1720699200,1.08875,1.0933,1.0877,1.092
1720702800,1.092,1.0932,1.09015,1.092
1720706400,1.092,1.0923,1.09035,1.0911
1720710000,1.09115,1.0914,1.08995,1.09025
1720713600,1.09025,1.0903,1.08965,1.08995
1720717200,1.09,1.09,1.08925,1.0894
1720720800,1.08935,1.0902,1.08935,1.09005
1720724400,1.0901,1.0903,1.08965,1.08975
1720728000,1.08975,1.0901,1.0897,1.0901
1720735200,1.0901,1.0901,1.0896,1.0899
1720738800,1.0899,1.09065,1.0897,1.0906
1720742400,1.0906,1.0907,1.09,1.0902
1720746000,1.0902,1.0905,1.08965,1.0897
1720749600,1.08975,1.08995,1.0896,1.08985
1720753200,1.08985,1.0903,1.0897,1.0901
1720756800,1.09015,1.09035,1.09005,1.0902
1720760400,1.09025,1.0905,1.09005,1.0902
1720764000,1.09015,1.09045,1.0896,1.0897
1720767600,1.0898,1.0909,1.08945,1.0908
1720771200,1.09075,1.092,1.09075,1.09195
1720774800,1.0919,1.0922,1.0914,1.09175
1720778400,1.09175,1.09245,1.09175,1.09225
1720782000,1.0922,1.0925,1.0919,1.09205
1720785600,1.09205,1.09255,1.09055,1.0923
1720789200,1.09235,1.0931,1.09195,1.09305
1720792800,1.0931,1.09425,1.0926,1.0942
1720796400,1.09415,1.0944,1.0934,1.0934
1720800000,1.09345,1.0938,1.09335,1.09375
1720803600,1.09375,1.094,1.0934,1.09395
1720807200,1.0939,1.09395,1.09335,1.09385
1720810800,1.09385,1.0944,1.09375,1.0939
1720814400,1.09395,1.0942,1.0937,1.0942
1720994400,1.09255,1.0928,1.0917,1.09195
1720998000,1.09195,1.09205,1.09155,1.0918
1721001600,1.0918,1.09215,1.0916,1.0921
1721005200,1.0921,1.09225,1.09185,1.0922
1721008800,1.0922,1.0924,1.0919,1.0924
1721012400,1.0924,1.0928,1.0923,1.0926
1721016000,1.0926,1.0927,1.09245,1.0926
1721019600,1.0926,1.09285,1.0925,1.09265
1721023200,1.0927,1.09285,1.09185,1.09215
1721026800,1.0922,1.09285,1.09165,1.0928
1721030400,1.09275,1.09415,1.09275,1.09405
1721034000,1.09405,1.09475,1.0939,1.09455
1721037600,1.09445,1.0953,1.0937,1.0942
1721041200,1.0942,1.09475,1.09375,1.0938
1721044800,1.0938,1.0941,1.0934,1.09395
1721048400,1.094,1.0949,1.0939,1.09475
1721052000,1.09475,1.095,1.094,1.0949
1721055600,1.09485,1.0954,1.0942,1.0944
1721059200,1.09435,1.09495,1.0932,1.09385
1721062800,1.0938,1.09385,1.09255,1.0927
1721066400,1.09275,1.09345,1.09255,1.0934
1721070000,1.0934,1.0934,1.09285,1.0931
1721073600,1.09315,1.09315,1.0926,1.09265
1721080800,1.0927,1.0929,1.0926,1.0926
1721084400,1.0926,1.09305,1.0926,1.09305
1721088000,1.09295,1.09295,1.0923,1.0923
1721091600,1.09235,1.09255,1.0922,1.09245
1721095200,1.09245,1.0925,1.09205,1.0923
1721098800,1.0923,1.0926,1.09225,1.0925
1721102400,1.09245,1.09265,1.09235,1.09245
1721106000,1.0924,1.09245,1.0919,1.09205
1721109600,1.092,1.0923,1.09155,1.09205
1721113200,1.09205,1.0932,1.09205,1.09305
1721116800,1.09305,1.09345,1.09255,1.09315
1721120400,1.0932,1.09355,1.09255,1.093
1721124000,1.093,1.0935,1.09275,1.09305
1721127600,1.0931,1.09355,1.09265,1.09335
1721131200,1.09335,1.09375,1.09075,1.0913
1721134800,1.09125,1.0915,1.0903,1.09145
1721138400,1.0915,1.09165,1.09045,1.091
1721142000,1.09105,1.0918,1.091,1.0916
1721145600,1.09165,1.09205,1.0913,1.092
1721149200,1.09205,1.0924,1.0919,1.09235
1721152800,1.09235,1.0929,1.0922,1.09275
1721156400,1.09275,1.09345,1.0927,1.09335
1721160000,1.09335,1.09345,1.093,1.0932
1721167200,1.093,1.09335,1.09285,1.09335
1721170800,1.09335,1.09345,1.09315,1.09335
1721174400,1.09335,1.09345,1.0927,1.09285
1721178000,1.0929,1.0934,1.0927,1.0934
1721181600,1.0934,1.0938,1.09325,1.09355
1721185200,1.09355,1.09375,1.0932,1.09375
1721188800,1.09375,1.09375,1.09335,1.0934
1721192400,1.09345,1.0938,1.0932,1.09355
1721196000,1.09355,1.0937,1.09285,1.09285
1721199600,1.0929,1.09445,1.0926,1.09395
1721203200,1.0939,1.09755,1.09385,1.0973
1721206800,1.09735,1.09765,1.09675,1.0975
1721210400,1.0975,1.09765,1.09615,1.09615
1721214000,1.09615,1.0973,1.096,1.0966
1721217600,1.0966,1.09755,1.09635,1.09735
1721221200,1.09735,1.09795,1.0967,1.097
1721224800,1.09705,1.09705,1.09625,1.0964
1721228400,1.09635,1.09675,1.0959,1.0964
1721232000,1.09635,1.09655,1.0955,1.0961
1721235600,1.0961,1.0968,1.09595,1.09625
1721239200,1.09625,1.09705,1.09615,1.0968
1721242800,1.09685,1.0971,1.0966,1.0967
1721246400,1.09675,1.09715,1.09665,1.09715
1721253600,1.09695,1.097,1.0968,1.09695
1721257200,1.097,1.0971,1.09685,1.097
1721260800,1.097,1.0971,1.09665,1.0967
1721264400,1.0967,1.0969,1.09645,1.0965
1721268000,1.0964,1.0966,1.09625,1.0965
1721271600,1.0965,1.09665,1.09625,1.0963
1721275200,1.0963,1.0966,1.09615,1.09635
1721278800,1.09635,1.0968,1.0963,1.0967
1721282400,1.09665,1.0967,1.09575,1.0961
1721286000,1.0961,1.0965,1.0956,1.0961
1721289600,1.0961,1.09685,1.09585,1.09605
1721293200,1.096,1.09615,1.09575,1.09605
1721296800,1.09605,1.0966,1.09585,1.0963
1721300400,1.0963,1.0963,1.0956,1.09575
1721304000,1.0958,1.09675,1.09535,1.09585
1721307600,1.09585,1.0959,1.0937,1.0941
1721311200,1.0941,1.09465,1.09345,1.09445
1721314800,1.09445,1.0948,1.09345,1.09415
1721318400,1.09415,1.09465,1.0941,1.09455
1721322000,1.09455,1.0946,1.09365,1.09365
1721325600,1.0937,1.0937,1.09255,1.0929
1721329200,1.09285,1.093,1.09235,1.0927
1721332800,1.0927,1.09285,1.0925,1.09265
1721340000,1.09255,1.09295,1.0925,1.09265
1721343600,1.0927,1.09305,1.09255,1.09295
1721347200,1.0929,1.09295,1.092,1.09215
1721350800,1.09215,1.0924,1.09155,1.09165
1721354400,1.0917,1.09215,1.09165,1.0921
1721358000,1.09205,1.0921,1.09175,1.09175
1721361600,1.09175,1.0919,1.0915,1.09165
1721365200,1.09165,1.092,1.0914,1.09185
1721368800,1.0918,1.0919,1.09125,1.09145
1721372400,1.0914,1.09195,1.0911,1.0917
1721376000,1.09165,1.09165,1.0905,1.0908
1721379600,1.0908,1.0914,1.0907,1.091
1721383200,1.09095,1.0916,1.0907,1.09135
1721386800,1.0914,1.09225,1.09125,1.09225
1721390400,1.09225,1.09235,1.09135,1.0918
1721394000,1.09185,1.0919,1.09105,1.09105
1721397600,1.0911,1.09195,1.09085,1.09185
1721401200,1.09185,1.09195,1.09125,1.0917
1721404800,1.09175,1.09205,1.0913,1.09145
1721408400,1.0914,1.09145,1.091,1.0913
1721412000,1.0913,1.09135,1.0905,1.0908
1721415600,1.0908,1.09115,1.0906,1.0908
1721419200,1.09085,1.09135,1.09075,1.0913
1721599200,1.0913,1.09295,1.0912,1.0929
1721602800,1.0929,1.0932,1.09275,1.0928
1721606400,1.0928,1.09285,1.0921,1.09225
1721610000,1.09225,1.09235,1.09135,1.09155
1721613600,1.0915,1.0924,1.09135,1.0921
1721617200,1.0921,1.09225,1.09195,1.092
1721620800,1.092,1.09215,1.09155,1.0916
1721624400,1.0916,1.09165,1.0911,1.09135
1721628000,1.0913,1.0919,1.09075,1.09095
1721631600,1.091,1.09165,1.0909,1.0916
1721635200,1.09155,1.0921,1.09135,1.0917
1721638800,1.09165,1.0924,1.0916,1.09205
1721642400,1.09205,1.09215,1.0914,1.0918
1721646000,1.0918,1.092,1.09125,1.09145
1721649600,1.09145,1.09175,1.0904,1.09065
1721653200,1.0907,1.0915,1.0904,1.0909
1721656800,1.09095,1.0914,1.09015,1.0913
1721660400,1.09135,1.0915,1.09055,1.09085
1721664000,1.09085,1.09155,1.09075,1.0915
1721667600,1.0915,1.09205,1.0915,1.0919
1721671200,1.0919,1.0919,1.0916,1.0918
1721674800,1.09185,1.09185,1.09145,1.0916
1721678400,1.0916,1.09205,1.09145,1.0919
1721685600,1.092,1.09215,1.0919,1.0919
1721689200,1.09195,1.09195,1.0917,1.09175
1721692800,1.0917,1.0921,1.09155,1.0918
1721696400,1.0918,1.09225,1.0916,1.0917
1721700000,1.09165,1.09215,1.09165,1.092
1721703600,1.092,1.0925,1.092,1.09225
1721707200,1.09225,1.0923,1.0919,1.0919
1721710800,1.0919,1.09195,1.09165,1.09185
1721714400,1.09185,1.09185,1.09075,1.0913
1721718000,1.0913,1.0917,1.09025,1.0904
1721721600,1.0904,1.09105,1.0896,1.09055
1721725200,1.09055,1.0906,1.0894,1.0895
1721728800,1.0895,1.08965,1.08845,1.0889
1721732400,1.0889,1.0896,1.0884,1.0885
1721736000,1.0885,1.0892,1.0883,1.0884
1721739600,1.0884,1.08845,1.08735,1.0877
1721743200,1.08775,1.08835,1.08715,1.0873
1721746800,1.08725,1.0886,1.08725,1.0882
1721750400,1.08825,1.08855,1.088,1.08815
1721754000,1.08815,1.08845,1.08785,1.08815
1721757600,1.08815,1.08835,1.08795,1.08805
1721761200,1.088,1.08805,1.0877,1.08785
1721764800,1.08785,1.08845,1.08775,1.0881
1721772000,1.08815,1.0884,1.08765,1.0879
1721775600,1.0879,1.08795,1.0876,1.0877
1721779200,1.08775,1.0878,1.08735,1.08745
1721782800,1.0874,1.0878,1.08735,1.0876
1721786400,1.08755,1.0876,1.08695,1.08705
1721790000,1.08705,1.0873,1.08705,1.08725
1721793600,1.0873,1.08755,1.0871,1.08745
1721797200,1.08745,1.0881,1.08735,1.088
1721800800,1.08795,1.088,1.087,1.0871
1721804400,1.08705,1.0881,1.0852,1.0857
1721808000,1.08565,1.0865,1.0853,1.08625
1721811600,1.08625,1.08685,1.086,1.0868
1721815200,1.08675,1.08735,1.08675,1.087
1721818800,1.087,1.0876,1.0866,1.08735
1721822400,1.0874,1.0887,1.0873,1.08855
1721826000,1.0886,1.08905,1.0879,1.0882
1721829600,1.0882,1.0894,1.0878,1.08815
1721833200,1.0882,1.08855,1.0879,1.08805
1721836800,1.08805,1.08805,1.0875,1.08785
1721840400,1.08785,1.08825,1.0873,1.0874
1721844000,1.08735,1.08735,1.0864,1.0865
1721847600,1.08645,1.08705,1.0863,1.0866
1721851200,1.0866,1.08675,1.08655,1.08665
1721858400,1.08665,1.0868,1.0864,1.08655
1721862000,1.08655,1.0866,1.08635,1.08635
1721865600,1.0864,1.08675,1.0861,1.08655
1721869200,1.0865,1.0869,1.08635,1.08635
1721872800,1.08635,1.08675,1.08625,1.08655
1721876400,1.08655,1.087,1.0865,1.08685
1721880000,1.08685,1.08695,1.0864,1.08655
1721883600,1.0866,1.08715,1.08645,1.0871
1721887200,1.08705,1.0871,1.08595,1.08605
1721890800,1.08605,1.0879,1.0854,1.08755
1721894400,1.08745,1.0884,1.08695,1.08725
1721898000,1.0872,1.0882,1.087,1.08775
1721901600,1.08775,1.0885,1.0874,1.08775
1721905200,1.08775,1.08795,1.08695,1.0872
1721908800,1.08715,1.08835,1.0858,1.08755
1721912400,1.0876,1.0877,1.08565,1.0865
1721916000,1.08645,1.0883,1.08625,1.08805
1721919600,1.08805,1.08905,1.088,1.0886
1721923200,1.08865,1.08895,1.0883,1.0888
1721926800,1.08885,1.0896,1.08795,1.08805
1721930400,1.088,1.0881,1.08735,1.0874
1721934000,1.08735,1.08795,1.08715,1.0872
1721937600,1.08725,1.08725,1.08695,1.0871
1721944800,1.0871,1.0874,1.0869,1.08725
1721948400,1.0873,1.08765,1.08725,1.08765
1721952000,1.0877,1.0881,1.08765,1.08795
1721955600,1.0879,1.0885,1.0877,1.08835
1721959200,1.08835,1.0886,1.088,1.08805
1721962800,1.08805,1.0884,1.08795,1.08835
1721966400,1.0884,1.08855,1.08825,1.0884
1721970000,1.0884,1.0886,1.08825,1.0883
1721973600,1.08825,1.08825,1.0876,1.08775
1721977200,1.08775,1.0881,1.08705,1.08745
1721980800,1.08745,1.08785,1.08675,1.0877
1721984400,1.0877,1.08825,1.08755,1.08795
1721988000,1.088,1.08845,1.0876,1.0882
1721991600,1.08815,1.0887,1.0878,1.08865
1721995200,1.0887,1.0891,1.0871,1.0886
1721998800,1.0886,1.08925,1.08845,1.0891
1722002400,1.08915,1.0894,1.0877,1.08815
1722006000,1.0881,1.08855,1.0878,1.08835
1722009600,1.08835,1.08925,1.0882,1.0891
1722013200,1.08905,1.08915,1.08835,1.08865
1722016800,1.0886,1.0889,1.0882,1.08825
1722020400,1.08825,1.08845,1.0881,1.0883
1722024000,1.0883,1.0883,1.088,1.08805
1722204000,1.08815,1.0885,1.08805,1.08815
1722207600,1.08815,1.0882,1.0878,1.0878
1722211200,1.08775,1.08915,1.0876,1.08885
1722214800,1.08885,1.0893,1.0886,1.08905
1722218400,1.08905,1.0895,1.08895,1.08895
1722222000,1.08895,1.08905,1.08865,1.0887
1722225600,1.0887,1.08885,1.08835,1.0884
1722229200,1.0884,1.08875,1.0882,1.08845
1722232800,1.08845,1.08875,1.088,1.0883
1722236400,1.0883,1.08845,1.0868,1.08695
1722240000,1.0869,1.0869,1.08565,1.0857
1722243600,1.0857,1.0866,1.0851,1.0862
1722247200,1.0862,1.0867,1.08575,1.0861
1722250800,1.0861,1.0861,1.08415,1.08425
1722254400,1.0843,1.08465,1.08395,1.08405
1722258000,1.0841,1.08425,1.08355,1.08365
1722261600,1.0837,1.0841,1.08275,1.08405
1722265200,1.084,1.08485,1.084,1.08435
1722268800,1.0844,1.08485,1.08395,1.0846
1722272400,1.08465,1.0851,1.0844,1.085
1722276000,1.085,1.085,1.0844,1.08465
1722279600,1.08465,1.08505,1.0846,1.08485
1722283200,1.0848,1.08485,1.08445,1.08455
1722290400,1.0846,1.0848,1.0846,1.08465
1722294000,1.08465,1.08465,1.08425,1.0843
1722297600,1.0843,1.08445,1.084,1.08415
1722301200,1.08415,1.0844,1.08385,1.08415
1722304800,1.0842,1.0843,1.0839,1.0842
1722308400,1.0842,1.0847,1.08415,1.08465
1722312000,1.08465,1.08495,1.0846,1.08485
1722315600,1.0848,1.0849,1.08435,1.0845
1722319200,1.08445,1.08485,1.0842,1.08465
1722322800,1.08465,1.0851,1.08405,1.0843
1722326400,1.08425,1.0859,1.084,1.0853
1722330000,1.0853,1.08595,1.0852,1.0856
1722333600,1.08565,1.086,1.0856,1.08575
1722337200,1.08575,1.08575,1.08485,1.08485
1722340800,1.0848,1.085,1.0826,1.08265
1722344400,1.0826,1.0839,1.0826,1.0835
1722348000,1.08355,1.08355,1.08225,1.0829
1722351600,1.08295,1.08355,1.08235,1.08325
1722355200,1.0833,1.0841,1.0831,1.08375
1722358800,1.0838,1.0842,1.0834,1.08385
1722362400,1.08385,1.084,1.0834,1.08355
1722366000,1.08355,1.08375,1.08335,1.0835
1722369600,1.08345,1.084,1.08325,1.084
1722376800,1.08395,1.08405,1.0836,1.08385
1722380400,1.0839,1.0842,1.0838,1.08395
1722384000,1.08395,1.08435,1.08365,1.08435
1722387600,1.08435,1.0848,1.08405,1.08455
1722391200,1.08455,1.08525,1.0844,1.085
1722394800,1.085,1.0854,1.08455,1.0846
1722398400,1.0846,1.085,1.0845,1.0849
1722402000,1.08495,1.08505,1.0844,1.08485
1722405600,1.08485,1.0849,1.0839,1.0849
1722409200,1.08485,1.0849,1.08355,1.0842
1722412800,1.08415,1.0851,1.08305,1.08465
1722416400,1.08465,1.08515,1.0846,1.08495
1722420000,1.0849,1.0859,1.08485,1.08565
1722423600,1.08565,1.0864,1.08505,1.08515
1722427200,1.08515,1.08755,1.0849,1.0865
1722430800,1.08645,1.0873,1.08625,1.08665
1722434400,1.0867,1.08705,1.0841,1.08455
1722438000,1.0845,1.08515,1.08425,1.08465
1722441600,1.0846,1.08465,1.0828,1.08325
1722445200,1.08325,1.08405,1.0829,1.084
1722448800,1.08395,1.08535,1.0825,1.085
1722452400,1.08505,1.08565,1.0843,1.08465
1722456000,1.08465,1.0852,1.0841,1.08485
1722463200,1.0849,1.08535,1.0846,1.08465
1722466800,1.0847,1.0848,1.0844,1.0846
1722470400,1.08455,1.08525,1.08455,1.08505
1722474000,1.085,1.0856,1.08495,1.085
1722477600,1.085,1.0853,1.08465,1.08485
1722481200,1.0848,1.0857,1.08475,1.0855
1722484800,1.0855,1.08575,1.0849,1.08495
1722488400,1.0849,1.0852,1.0848,1.08495
1722492000,1.0849,1.085,1.0833,1.08385
1722495600,1.08385,1.0842,1.08215,1.0823
1722499200,1.0823,1.0824,1.0803,1.0806
1722502800,1.08065,1.0808,1.0799,1.07995
1722506400,1.08,1.0812,1.07995,1.08065
1722510000,1.08065,1.0818,1.08025,1.08145
1722513600,1.0814,1.08305,1.08095,1.08185
1722517200,1.08185,1.08285,1.08095,1.08255
1722520800,1.0826,1.08405,1.08095,1.0814
1722524400,1.08145,1.0817,1.0806,1.0811
1722528000,1.0811,1.08185,1.08025,1.0808
1722531600,1.08085,1.0814,1.0807,1.0814
1722535200,1.0814,1.08145,1.08055,1.08065
1722538800,1.08065,1.08175,1.0805,1.08115
1722542400,1.08115,1.0814,1.08085,1.0813
1722549600,1.08125,1.0815,1.08095,1.08105
1722553200,1.08105,1.08135,1.0808,1.0808
1722556800,1.0808,1.0814,1.08035,1.08125
1722560400,1.08125,1.08155,1.08095,1.08125
1722564000,1.08125,1.08135,1.08065,1.0812
1722567600,1.0812,1.0817,1.0812,1.08145
1722571200,1.0815,1.082,1.0814,1.08195
1722574800,1.08195,1.0826,1.0817,1.0826
1722578400,1.0826,1.0831,1.08145,1.0818
1722582000,1.0818,1.0826,1.0808,1.08255
1722585600,1.08255,1.0837,1.0825,1.08365
1722589200,1.08365,1.0847,1.08365,1.08415
1722592800,1.08425,1.0846,1.08375,1.0845
1722596400,1.0845,1.08595,1.0845,1.0853
1722600000,1.08535,1.0919,1.0851,1.09135
1722603600,1.0913,1.09285,1.09065,1.09275
1722607200,1.09275,1.09485,1.09215,1.0944
1722610800,1.0944,1.0947,1.0934,1.09355
1722614400,1.0935,1.09365,1.09255,1.0934
1722618000,1.0934,1.0937,1.0929,1.0933
1722621600,1.0933,1.09385,1.0932,1.09345
1722625200,1.09345,1.09385,1.09315,1.09345
1722628800,1.09345,1.09365,1.09295,1.0933
1722808800,1.094,1.0945,1.0924,1.0928
1722812400,1.0928,1.09325,1.09255,1.09315
1722816000,1.09315,1.09435,1.0928,1.0938
1722819600,1.0938,1.0943,1.09335,1.094
1722823200,1.09405,1.0945,1.09345,1.09425
1722826800,1.0943,1.09525,1.0942,1.09515
1722830400,1.0952,1.0961,1.0949,1.09535
1722834000,1.09535,1.09595,1.09335,1.09335
1722837600,1.0934,1.09395,1.0914,1.09275
1722841200,1.09265,1.0989,1.0925,1.09705
1722844800,1.09705,1.0997,1.09685,1.09725
1722848400,1.0973,1.09825,1.09665,1.0973
1722852000,1.09725,1.0973,1.09545,1.09695
1722855600,1.097,1.0986,1.0965,1.09845
1722859200,1.09845,1.10305,1.09825,1.10125
1722862800,1.10125,1.1025,1.09975,1.10015
1722866400,1.10005,1.10015,1.0978,1.10005
1722870000,1.10005,1.1008,1.09775,1.0978
1722873600,1.09775,1.09835,1.09695,1.09815
1722877200,1.0981,1.0986,1.0969,1.0975
1722880800,1.0975,1.0979,1.09705,1.0973
1722884400,1.09725,1.098,1.0971,1.098
1722888000,1.098,1.09815,1.09705,1.0973
1722895200,1.09735,1.0983,1.0973,1.09755
1722898800,1.09755,1.09785,1.09705,1.0972
1722902400,1.09715,1.0984,1.0965,1.0984
1722906000,1.09835,1.0984,1.0971,1.09755
1722909600,1.09755,1.09785,1.09725,1.0973
1722913200,1.0973,1.0977,1.09725,1.0975
1722916800,1.0975,1.0977,1.0971,1.0973
1722920400,1.0973,1.0976,1.0966,1.0968
1722924000,1.0968,1.097,1.09555,1.096
1722927600,1.096,1.09615,1.0943,1.0948
1722931200,1.0948,1.09555,1.09395,1.09485
1722934800,1.09485,1.09485,1.09285,1.09325
1722938400,1.0932,1.0935,1.0925,1.0929
1722942000,1.09295,1.09385,1.09245,1.09375
1722945600,1.09375,1.09385,1.09255,1.09255
1722949200,1.0926,1.09455,1.0926,1.09395
1722952800,1.09395,1.0956,1.09365,1.09545
1722956400,1.0955,1.0955,1.0943,1.0946
1722960000,1.09465,1.0953,1.09415,1.09485
1722963600,1.09485,1.0952,1.09435,1.09465
1722967200,1.09465,1.09545,1.0946,1.09495
1722970800,1.09495,1.09515,1.09435,1.095
1722974400,1.09505,1.0953,1.09485,1.09525
1722981600,1.09515,1.0953,1.0948,1.09495
1722985200,1.095,1.09505,1.09445,1.0946
1722988800,1.0946,1.09505,1.09435,1.095
1722992400,1.095,1.09505,1.0931,1.09385
1722996000,1.09385,1.094,1.0933,1.09365
1722999600,1.0937,1.0938,1.09325,1.09365
1723003200,1.09365,1.09375,1.0932,1.0932
1723006800,1.0932,1.09335,1.0927,1.09305
1723010400,1.0931,1.09355,1.09255,1.09355
1723014000,1.09355,1.0948,1.0933,1.09425
1723017600,1.09425,1.09485,1.09385,1.09395
1723021200,1.0939,1.094,1.09285,1.09335
1723024800,1.0934,1.09435,1.093,1.0938
1723028400,1.0938,1.09465,1.0938,1.09435
1723032000,1.0944,1.09455,1.0934,1.0942
1723035600,1.0942,1.09465,1.0933,1.0939
1723039200,1.0939,1.09545,1.0939,1.0952
1723042800,1.09515,1.0957,1.09445,1.0945
1723046400,1.09445,1.09475,1.09415,1.09425
1723050000,1.0942,1.09475,1.0938,1.09425
1723053600,1.0942,1.0944,1.09375,1.0943
1723057200,1.0943,1.0947,1.09415,1.09435
1723060800,1.09435,1.0944,1.094,1.0943
1723068000,1.0943,1.09455,1.0941,1.0945
1723071600,1.0946,1.09525,1.0945,1.0946
1723075200,1.0946,1.09515,1.09445,1.09465
1723078800,1.0947,1.09495,1.0942,1.09465
1723082400,1.09465,1.09535,1.09455,1.09525
1723086000,1.09525,1.0954,1.0949,1.09535
1723089600,1.0954,1.09565,1.09495,1.09505
1723093200,1.09505,1.09545,1.09485,1.09545
1723096800,1.0955,1.09635,1.09525,1.09615
1723100400,1.0962,1.0964,1.09525,1.0959
1723104000,1.09585,1.0963,1.0954,1.09555
1723107600,1.09555,1.0958,1.09445,1.0945
1723111200,1.0946,1.09475,1.094,1.0944
1723114800,1.0944,1.0952,1.0942,1.09495
1723118400,1.09495,1.09515,1.091,1.0916
1723122000,1.09165,1.0925,1.09,1.0911
1723125600,1.09115,1.09265,1.091,1.0925
1723129200,1.0925,1.09335,1.0924,1.0932
1723132800,1.0932,1.0933,1.0924,1.09275
1723136400,1.0928,1.09355,1.0926,1.09315
1723140000,1.09315,1.09385,1.09295,1.0937
1723143600,1.0937,1.09375,1.0932,1.0935
1723147200,1.09345,1.0938,1.09345,1.09375
1723154400,1.09365,1.09375,1.0934,1.09365
1723158000,1.0937,1.09375,1.09325,1.0933
1723161600,1.0933,1.0934,1.093,1.09305
1723165200,1.09315,1.09375,1.093,1.09365
1723168800,1.09365,1.09425,1.0934,1.09395
1723172400,1.09395,1.09425,1.0939,1.09415
1723176000,1.0941,1.0942,1.0938,1.09385
1723179600,1.09385,1.094,1.09365,1.0938
1723183200,1.09375,1.09465,1.09355,1.0945
1723186800,1.09455,1.09475,1.09385,1.09405
1723190400,1.094,1.0941,1.09315,1.0936
1723194000,1.09355,1.09445,1.09355,1.0938
1723197600,1.09375,1.09415,1.0935,1.09355
1723201200,1.09355,1.0939,1.09295,1.0934
1723204800,1.09345,1.0938,1.0927,1.093
1723208400,1.093,1.09425,1.0928,1.0941
1723212000,1.0941,1.09495,1.09395,1.09415
1723215600,1.0941,1.0946,1.09395,1.0942
1723219200,1.09425,1.09425,1.0936,1.09365
1723222800,1.0937,1.09415,1.0933,1.0939
1723226400,1.09385,1.094,1.09355,1.09375
1723230000,1.0938,1.09395,1.09355,1.0937
1723233600,1.09375,1.0938,1.0933,1.09335
1723413600,1.0935,1.094,1.0928,1.0931
1723417200,1.0931,1.0933,1.093,1.09305
1723420800,1.09305,1.0938,1.09295,1.0936
1723424400,1.0936,1.0941,1.0936,1.09385
1723428000,1.0939,1.09395,1.09355,1.09355
1723431600,1.09355,1.09365,1.093,1.09315
1723435200,1.0932,1.09395,1.0931,1.09365
1723438800,1.0937,1.0939,1.09355,1.09365
1723442400,1.0937,1.09415,1.09335,1.0939
1723446000,1.0939,1.09465,1.09375,1.09405
1723449600,1.094,1.0943,1.0934,1.09385
1723453200,1.09385,1.09455,1.09355,1.09445
1723456800,1.0945,1.09475,1.09395,1.0944
1723460400,1.0944,1.0947,1.09375,1.09435
1723464000,1.09435,1.09465,1.0935,1.09375
1723467600,1.0938,1.09515,1.09375,1.0943
1723471200,1.09435,1.0951,1.0933,1.09495
1723474800,1.0949,1.0957,1.09455,1.0946
1723478400,1.09455,1.09475,1.09395,1.09405
1723482000,1.09405,1.09515,1.094,1.0951
1723485600,1.0951,1.09525,1.0946,1.0948
1723489200,1.09485,1.0951,1.09475,1.0949
1723492800,1.0949,1.095,1.0945,1.0949
1723500000,1.09495,1.0951,1.0948,1.09495
1723503600,1.09495,1.0954,1.09485,1.09535
1723507200,1.0953,1.0953,1.09465,1.09475
1723510800,1.09475,1.0953,1.09465,1.09525
1723514400,1.09525,1.0955,1.09515,1.09525
1723518000,1.0953,1.09555,1.09525,1.0954
1723521600,1.0954,1.0957,1.0953,1.09565
1723525200,1.0957,1.09585,1.09545,1.0957
1723528800,1.09575,1.09585,1.095,1.0951
1723532400,1.09505,1.09525,1.09435,1.09475
1723536000,1.0947,1.0947,1.0938,1.0941
1723539600,1.09405,1.0944,1.09305,1.0937
1723543200,1.0937,1.09425,1.0935,1.09405
1723546800,1.0941,1.09495,1.094,1.09475
1723550400,1.09475,1.09725,1.09425,1.09585
1723554000,1.09585,1.09795,1.09555,1.0976
1723557600,1.09765,1.09795,1.0968,1.09735
1723561200,1.0973,1.09765,1.09655,1.0971
1723564800,1.0971,1.09915,1.09705,1.099
1723568400,1.099,1.0996,1.0987,1.09945
1723572000,1.09945,1.1017,1.09945,1.10165
1723575600,1.1017,1.10175,1.10115,1.10135
1723579200,1.1014,1.1017,1.101,1.10115
1723586400,1.1011,1.10145,1.10095,1.1014
1723590000,1.1014,1.10155,1.10115,1.10135
1723593600,1.1013,1.10145,1.1009,1.1009
1723597200,1.1009,1.1014,1.10075,1.1009
1723600800,1.10085,1.1011,1.10075,1.10085
1723604400,1.10085,1.1009,1.1006,1.10075
1723608000,1.1007,1.10105,1.1007,1.10105
1723611600,1.10105,1.10125,1.1007,1.10085
1723615200,1.1008,1.10185,1.10035,1.1017
1723618800,1.1017,1.10255,1.1013,1.1023
1723622400,1.10225,1.1037,1.10195,1.1036
1723626000,1.1036,1.10455,1.10325,1.1043
1723629600,1.10425,1.10425,1.1035,1.1039
1723633200,1.10395,1.10425,1.1037,1.10395
1723636800,1.104,1.10565,1.10215,1.1034
1723640400,1.10335,1.106,1.10335,1.1055
1723644000,1.1055,1.10645,1.10445,1.10525
1723647600,1.10525,1.1053,1.10385,1.10405
1723651200,1.10405,1.1041,1.10325,1.1035
1723654800,1.10355,1.1036,1.10305,1.1032
1723658400,1.1031,1.1034,1.1028,1.10335
1723662000,1.1033,1.10335,1.10285,1.103
1723665600,1.103,1.10315,1.1028,1.1029
1723672800,1.103,1.1031,1.1026,1.10285
1723676400,1.1029,1.10295,1.10255,1.1027
1723680000,1.10275,1.103,1.1025,1.10255
1723683600,1.10255,1.10255,1.10185,1.10225
1723687200,1.1023,1.1027,1.10215,1.1024
1723690800,1.10245,1.1026,1.1023,1.10235
1723694400,1.1024,1.10275,1.10235,1.10275
1723698000,1.10275,1.10285,1.10245,1.1025
1723701600,1.1025,1.10305,1.10235,1.103
1723705200,1.103,1.1031,1.1023,1.1029
1723708800,1.10285,1.1029,1.10205,1.10215
1723712400,1.10215,1.10285,1.1019,1.10275
1723716000,1.10275,1.10295,1.10235,1.10255
1723719600,1.10255,1.1029,1.1025,1.1029
1723723200,1.1029,1.10295,1.0967,1.09715
1723726800,1.09715,1.09855,1.09645,1.0984
1723730400,1.09845,1.10015,1.09805,1.09985
1723734000,1.09985,1.1005,1.09975,1.1001
1723737600,1.10015,1.1005,1.0993,1.09935
1723741200,1.09935,1.09955,1.0987,1.09895
1723744800,1.099,1.09945,1.09895,1.0994
1723748400,1.0994,1.09955,1.0988,1.099
1723752000,1.099,1.099,1.0986,1.0987
1723759200,1.09885,1.09895,1.09855,1.0986
1723762800,1.09865,1.099,1.0986,1.0987
1723766400,1.0987,1.0992,1.0987,1.09905
1723770000,1.09905,1.0996,1.09895,1.09955
1723773600,1.0996,1.09975,1.0993,1.0996
1723777200,1.0996,1.09965,1.09915,1.0992
1723780800,1.0992,1.0997,1.09905,1.0997
1723784400,1.0997,1.1001,1.0996,1.1001
1723788000,1.1,1.1002,1.09955,1.09965
1723791600,1.09965,1.1001,1.09915,1.1
1723795200,1.09995,1.1005,1.0995,1.0996
1723798800,1.09955,1.10055,1.0994,1.1005
1723802400,1.1005,1.101,1.10005,1.1009
1723806000,1.1009,1.101,1.1004,1.10075
1723809600,1.10075,1.101,1.10005,1.1009
1723813200,1.1009,1.10195,1.10065,1.10175
1723816800,1.1018,1.1018,1.09975,1.10055
1723820400,1.10055,1.10125,1.1005,1.1011
1723824000,1.1011,1.1019,1.1011,1.1019
1723827600,1.1019,1.1028,1.10185,1.1028
1723831200,1.10275,1.10365,1.10245,1.10355
1723834800,1.1036,1.104,1.1033,1.1039
1723838400,1.10395,1.10445,1.1037,1.10435
1724018400,1.10435,1.105,1.10385,1.1039
1724022000,1.104,1.10405,1.1037,1.10385
1724025600,1.1039,1.10505,1.10375,1.1045
1724029200,1.10445,1.1048,1.1042,1.10455
1724032800,1.10455,1.10465,1.1043,1.1045
1724036400,1.1045,1.1055,1.10445,1.10535
1724040000,1.10535,1.1056,1.1051,1.1054
1724043600,1.1054,1.10635,1.1054,1.1062
1724047200,1.1062,1.1065,1.10555,1.10565
1724050800,1.10565,1.10615,1.10545,1.1057
1724054400,1.1057,1.1065,1.10505,1.1052
1724058000,1.1052,1.1056,1.1049,1.105
1724061600,1.10495,1.10525,1.10455,1.10505
1724065200,1.1051,1.1058,1.1047,1.1057
1724068800,1.1057,1.1059,1.1049,1.10535
1724072400,1.10535,1.1059,1.10445,1.1059
1724076000,1.1059,1.1088,1.10575,1.108
1724079600,1.10805,1.10865,1.10745,1.10835
1724083200,1.1084,1.1089,1.1082,1.1088
1724086800,1.1088,1.10915,1.1085,1.10915
1724090400,1.10915,1.11,1.1091,1.10965
1724094000,1.1096,1.1101,1.10935,1.1098
1724097600,1.1098,1.1101,1.1096,1.11
1724104800,1.11,1.1103,1.10975,1.10995
1724108400,1.10995,1.1101,1.10975,1.10995
1724112000,1.11,1.11015,1.1094,1.1096
1724115600,1.1096,1.1101,1.10955,1.1099
1724119200,1.10995,1.11015,1.1089,1.10905
1724122800,1.10905,1.10935,1.10895,1.10895
1724126400,1.109,1.10935,1.1089,1.1091
1724130000,1.1091,1.1092,1.1087,1.1091
1724133600,1.1091,1.10965,1.10885,1.10955
1724137200,1.1095,1.1101,1.10855,1.11005
1724140800,1.11005,1.1103,1.1092,1.1094
1724144400,1.1094,1.1096,1.1089,1.10895
1724148000,1.10895,1.10965,1.1089,1.1096
1724151600,1.1096,1.11005,1.1091,1.1095
1724155200,1.10945,1.1113,1.10945,1.1112
1724158800,1.1112,1.11195,1.11065,1.11155
1724162400,1.11165,1.1131,1.11075,1.11265
1724166000,1.11255,1.1126,1.1114,1.11195
1724169600,1.11195,1.11335,1.1118,1.1129
1724173200,1.1129,1.1131,1.1123,1.113
1724176800,1.113,1.1137,1.113,1.1135
1724180400,1.1135,1.11415,1.11335,1.11385
1724184000,1.1139,1.1145,1.1138,1.11445
1724191200,1.11415,1.11435,1.11395,1.11425
1724194800,1.1142,1.11455,1.11405,1.1141
1724198400,1.1141,1.11465,1.1139,1.11415
1724202000,1.1141,1.1142,1.1133,1.11355
1724205600,1.1135,1.1139,1.1134,1.11355
1724209200,1.11355,1.1136,1.1131,1.11345
1724212800,1.11345,1.11355,1.11305,1.1133
1724216400,1.11325,1.11345,1.113,1.11315
1724220000,1.1132,1.11335,1.1127,1.11315
1724223600,1.11315,1.11425,1.1124,1.1128
1724227200,1.11275,1.1136,1.11245,1.1132
1724230800,1.1132,1.11385,1.1127,1.1131
1724234400,1.1131,1.11395,1.11295,1.11385
1724238000,1.1138,1.1138,1.1124,1.11285
1724241600,1.11285,1.11435,1.1127,1.1139
1724245200,1.11385,1.11415,1.1125,1.1128
1724248800,1.11285,1.11435,1.1113,1.11385
1724252400,1.1138,1.1161,1.1138,1.1156
1724256000,1.11555,1.1162,1.1155,1.116
1724259600,1.116,1.1172,1.1159,1.11695
1724263200,1.1169,1.11875,1.11685,1.1175
1724266800,1.11755,1.11755,1.11645,1.11655
1724270400,1.11655,1.1166,1.11605,1.1163
1724277600,1.1162,1.1168,1.1161,1.1168
1724281200,1.11685,1.117,1.1165,1.1167
1724284800,1.11675,1.1169,1.11575,1.11595
1724288400,1.116,1.1161,1.11545,1.11555
1724292000,1.11555,1.11565,1.11525,1.1155
1724295600,1.11555,1.11575,1.1155,1.1157
1724299200,1.1157,1.1158,1.1153,1.1155
1724302800,1.1155,1.1157,1.11525,1.11555
1724306400,1.11555,1.11615,1.1153,1.1161
1724310000,1.11615,1.11895,1.11395,1.1149
1724313600,1.1149,1.11635,1.1148,1.11545
1724317200,1.11545,1.11545,1.1145,1.1152
1724320800,1.1152,1.1158,1.11445,1.11575
1724324400,1.11575,1.11575,1.1144,1.11485
1724328000,1.1149,1.1155,1.11375,1.11525
1724331600,1.11525,1.11535,1.1124,1.1131
1724335200,1.11315,1.11315,1.111,1.11265
1724338800,1.11265,1.1127,1.1117,1.1125
1724342400,1.1125,1.11295,1.11195,1.11225
1724346000,1.11225,1.1123,1.11105,1.11145
1724349600,1.1115,1.1123,1.1115,1.11225
1724353200,1.1122,1.11255,1.1117,1.11205
1724356800,1.112,1.11255,1.11195,1.11245
1724364000,1.1124,1.1128,1.1121,1.1125
1724367600,1.11255,1.11295,1.1125,1.11275
1724371200,1.11275,1.1134,1.11245,1.1131
1724374800,1.1131,1.114,1.11295,1.1139
1724378400,1.11395,1.11405,1.11345,1.11365
1724382000,1.11365,1.11385,1.11345,1.11365
1724385600,1.11365,1.11395,1.1136,1.1139
1724389200,1.1139,1.11405,1.1136,1.11375
1724392800,1.1137,1.1142,1.11315,1.11395
1724396400,1.114,1.11435,1.1124,1.1131
1724400000,1.11305,1.11355,1.1129,1.1134
1724403600,1.11345,1.1139,1.1128,1.1129
1724407200,1.1129,1.11345,1.1127,1.11315
1724410800,1.1131,1.11325,1.11225,1.11305
1724414400,1.11305,1.11345,1.11225,1.1126
1724418000,1.11255,1.11265,1.1117,1.11255
1724421600,1.11255,1.11965,1.11245,1.11865
1724425200,1.1186,1.1208,1.1185,1.1187
1724428800,1.1187,1.11905,1.1176,1.11855
1724432400,1.1185,1.12095,1.11845,1.1204
1724436000,1.1204,1.12125,1.1197,1.1199
1724439600,1.1199,1.1207,1.1197,1.1203
1724443200,1.12025,1.12055,1.1199,1.1204
1724623200,1.12025,1.12055,1.11975,1.1202
1724626800,1.12025,1.12035,1.1197,1.12
1724630400,1.12,1.12125,1.11975,1.12045
1724634000,1.12045,1.1211,1.11985,1.12
1724637600,1.12,1.12055,1.1197,1.1198
1724641200,1.1198,1.11995,1.1193,1.11945
1724644800,1.11945,1.1197,1.11935,1.11945
1724648400,1.1194,1.1196,1.11885,1.119
1724652000,1.11905,1.12005,1.11905,1.1193
1724655600,1.1192,1.11955,1.11865,1.1192
1724659200,1.11915,1.1196,1.11875,1.11915
1724662800,1.1191,1.1194,1.11825,1.11855
1724666400,1.11855,1.1188,1.118,1.11825
1724670000,1.1183,1.11845,1.1174,1.11765
1724673600,1.1176,1.11795,1.11695,1.11725
1724677200,1.1172,1.11735,1.11605,1.11705
1724680800,1.1171,1.119,1.11645,1.11875
1724684400,1.1187,1.1188,1.1174,1.1175
1724688000,1.11745,1.1183,1.11705,1.11815
1724691600,1.1182,1.1186,1.11785,1.11805
1724695200,1.11805,1.1182,1.11705,1.11745
1724698800,1.11745,1.11765,1.11695,1.11705
1724702400,1.117,1.11725,1.11695,1.11715
1724709600,1.117,1.11745,1.117,1.11735
1724713200,1.11735,1.11775,1.1173,1.11745
1724716800,1.1175,1.11765,1.117,1.1171
1724720400,1.11715,1.1181,1.11705,1.118
1724724000,1.11795,1.1181,1.11745,1.11785
1724727600,1.11785,1.11795,1.11755,1.11775
1724731200,1.11775,1.118,1.11775,1.1179
1724734800,1.1179,1.11825,1.1175,1.11775
1724738400,1.11775,1.11815,1.11715,1.11725
1724742000,1.11725,1.1183,1.11725,1.11745
1724745600,1.1174,1.11845,1.11725,1.11775
1724749200,1.1177,1.11895,1.11765,1.11785
1724752800,1.11785,1.11805,1.11725,1.11765
1724756400,1.1177,1.11805,1.1171,1.1171
1724760000,1.11715,1.11755,1.11595,1.1169
1724763600,1.11685,1.11805,1.1163,1.11785
1724767200,1.1179,1.1182,1.11735,1.1177
1724770800,1.11765,1.118,1.11695,1.117
1724774400,1.11705,1.1178,1.117,1.11765
1724778000,1.1176,1.1193,1.1175,1.11915
1724781600,1.11915,1.1201,1.11905,1.11965
1724785200,1.11965,1.11965,1.11915,1.1195
1724788800,1.11945,1.11965,1.11935,1.11955
1724796000,1.11935,1.11955,1.1193,1.1194
1724799600,1.1194,1.1194,1.11845,1.1187
1724803200,1.1187,1.119,1.11845,1.119
1724806800,1.11895,1.119,1.1182,1.1184
1724810400,1.11835,1.11875,1.11765,1.1177
1724814000,1.1177,1.1179,1.11725,1.1176
1724817600,1.1176,1.1178,1.1168,1.1169
1724821200,1.11695,1.1171,1.11495,1.1154
1724824800,1.1154,1.1161,1.1145,1.1158
1724828400,1.1158,1.1169,1.1158,1.1166
1724832000,1.1166,1.11695,1.1149,1.1151
1724835600,1.1151,1.11555,1.1143,1.11455
1724839200,1.1146,1.11475,1.11315,1.11355
1724842800,1.11355,1.1141,1.1127,1.11305
1724846400,1.1131,1.1133,1.11145,1.1122
1724850000,1.11215,1.1132,1.112,1.1121
1724853600,1.11215,1.11475,1.1121,1.114
1724857200,1.11405,1.1141,1.1131,1.11355
1724860800,1.11365,1.11365,1.112,1.1124
1724864400,1.11245,1.1127,1.1115,1.11165
1724868000,1.11165,1.11265,1.11155,1.11255
1724871600,1.1126,1.1128,1.1123,1.11235
1724875200,1.1123,1.113,1.11225,1.11295
1724882400,1.11275,1.11325,1.1125,1.11315
1724886000,1.1132,1.1134,1.11305,1.1132
1724889600,1.1132,1.114,1.1132,1.1139
1724893200,1.11395,1.11415,1.11365,1.1137
1724896800,1.1137,1.114,1.1135,1.11395
1724900400,1.1139,1.1144,1.1138,1.11435
1724904000,1.1143,1.1145,1.1141,1.11435
1724907600,1.1143,1.11455,1.11395,1.11435
1724911200,1.11435,1.11475,1.1133,1.1136
1724914800,1.1136,1.1139,1.1124,1.1138
1724918400,1.11375,1.11375,1.10795,1.1092
1724922000,1.1092,1.11065,1.1091,1.11015
1724925600,1.11015,1.1108,1.1095,1.11055
1724929200,1.11055,1.11075,1.1099,1.1104
1724932800,1.11045,1.1109,1.10805,1.10915
1724936400,1.1092,1.1097,1.10805,1.10905
1724940000,1.10905,1.1091,1.10635,1.10775
1724943600,1.10775,1.1093,1.10745,1.10925
1724947200,1.1093,1.10955,1.1086,1.1089
1724950800,1.10895,1.10935,1.10865,1.10915
1724954400,1.1092,1.1092,1.1083,1.1087
1724958000,1.1087,1.1089,1.10825,1.10835
1724961600,1.1083,1.1087,1.10825,1.1085
1724968800,1.1085,1.1088,1.10845,1.1088
1724972400,1.1088,1.1091,1.10865,1.10875
1724976000,1.1088,1.1091,1.10865,1.10885
1724979600,1.10885,1.109,1.1079,1.1079
1724983200,1.10795,1.1081,1.10775,1.108
1724986800,1.10795,1.1084,1.1079,1.10815
1724990400,1.10815,1.1085,1.10795,1.1082
1724994000,1.10815,1.10855,1.1081,1.1085
1724997600,1.1085,1.10935,1.10825,1.1093
1725001200,1.1093,1.10965,1.1083,1.10915
1725004800,1.10915,1.1103,1.10815,1.10825
1725008400,1.1083,1.10935,1.1082,1.10905
1725012000,1.1091,1.1092,1.1082,1.1087
1725015600,1.1087,1.1096,1.1086,1.1089
1725019200,1.1089,1.1096,1.10655,1.10755
1725022800,1.1076,1.10835,1.1062,1.10805
1725026400,1.10805,1.1088,1.10695,1.10765
1725030000,1.1076,1.10795,1.10605,1.10675
1725033600,1.1067,1.10675,1.1051,1.1057
1725037200,1.1057,1.1064,1.10555,1.106
1725040800,1.106,1.1064,1.1057,1.10595
1725044400,1.10595,1.10625,1.1055,1.10605
1725048000,1.106,1.1063,1.10545,1.10555
1725228000,1.1054,1.1057,1.10515,1.1053
1725231600,1.10535,1.10545,1.10515,1.1052
1725235200,1.10515,1.1063,1.1049,1.10605
1725238800,1.1061,1.1063,1.10575,1.10585
1725242400,1.10585,1.10605,1.10535,1.1059
1725246000,1.1059,1.10625,1.1056,1.1056
1725249600,1.1056,1.1056,1.1051,1.10555
1725253200,1.1055,1.10635,1.10525,1.10625
1725256800,1.10625,1.1077,1.1062,1.1073
1725260400,1.1073,1.1076,1.1063,1.1074
1725264000,1.10735,1.1085,1.10715,1.1075
1725267600,1.1075,1.108,1.10705,1.10765
1725271200,1.10765,1.1078,1.10685,1.10735
1725274800,1.10735,1.1076,1.1067,1.1067
1725278400,1.1067,1.10785,1.10655,1.1075
1725282000,1.10755,1.1079,1.10735,1.1075
1725285600,1.1075,1.1079,1.10675,1.1076
1725289200,1.10765,1.10785,1.1071,1.1075
1725292800,1.1075,1.10755,1.107,1.1073
1725314400,1.1079,1.10795,1.10735,1.10735
1725318000,1.1073,1.10745,1.10715,1.1074
1725321600,1.10735,1.1075,1.10655,1.1067
1725325200,1.10675,1.10745,1.1067,1.10735
1725328800,1.1074,1.1077,1.107,1.107
1725332400,1.107,1.107,1.10645,1.1065
1725336000,1.10645,1.1065,1.10605,1.10605
1725339600,1.10605,1.10665,1.10605,1.10665
1725343200,1.10665,1.10685,1.1058,1.1068
1725346800,1.10685,1.10745,1.1062,1.1063
1725350400,1.10625,1.1066,1.10545,1.1055
1725354000,1.1055,1.10575,1.1041,1.10465
1725357600,1.10465,1.10485,1.10395,1.10425
1725361200,1.1042,1.105,1.104,1.1043
1725364800,1.1043,1.10595,1.10405,1.1055
1725368400,1.1055,1.107,1.1055,1.10685
1725372000,1.1069,1.10835,1.1044,1.1049
1725375600,1.10485,1.10515,1.10425,1.1049
1725379200,1.1049,1.1054,1.10445,1.1046
1725382800,1.1046,1.10465,1.1033,1.10345
1725386400,1.10345,1.1046,1.1033,1.10445
1725390000,1.10445,1.1049,1.1044,1.10485
1725393600,1.1048,1.1051,1.1046,1.105
1725400800,1.10505,1.1053,1.1045,1.10515
1725404400,1.10515,1.1057,1.1051,1.10545
1725408000,1.1054,1.10575,1.1052,1.1054
1725411600,1.1054,1.1062,1.10535,1.1059
1725415200,1.1059,1.1062,1.10555,1.10585
1725418800,1.10585,1.1061,1.10565,1.106
1725422400,1.106,1.10635,1.10595,1.10625
1725426000,1.10625,1.1066,1.1061,1.1064
1725429600,1.1064,1.10645,1.1054,1.10595
1725433200,1.10595,1.1069,1.1053,1.1062
1725436800,1.10615,1.1065,1.1056,1.1058
1725440400,1.1058,1.10645,1.1056,1.10595
1725444000,1.10595,1.1062,1.1056,1.1059
1725447600,1.10595,1.106,1.10485,1.10565
1725451200,1.1056,1.1059,1.1046,1.1059
1725454800,1.10585,1.10655,1.1056,1.1064
1725458400,1.1064,1.11015,1.10635,1.1096
1725462000,1.1096,1.1098,1.1082,1.10875
1725465600,1.10865,1.10925,1.1082,1.10905
1725469200,1.10905,1.10925,1.1072,1.10725
1725472800,1.1072,1.1083,1.10715,1.1082
1725476400,1.10825,1.10885,1.1081,1.10845
1725480000,1.10845,1.10895,1.10815,1.1088
1725487200,1.10885,1.1091,1.1087,1.10895
1725490800,1.10895,1.109,1.10835,1.10845
1725494400,1.10845,1.1086,1.108,1.10835
1725498000,1.1084,1.109,1.10825,1.1083
1725501600,1.10835,1.1088,1.10825,1.1084
1725505200,1.1084,1.1084,1.10805,1.10815
1725508800,1.10815,1.10825,1.1079,1.10815
1725512400,1.10815,1.1085,1.1081,1.10845
1725516000,1.1085,1.1093,1.1084,1.10885
1725519600,1.1088,1.1095,1.10845,1.10915
1725523200,1.10915,1.1105,1.10885,1.11035
1725526800,1.11035,1.1105,1.10975,1.10995
1725530400,1.1099,1.1104,1.1097,1.11035
1725534000,1.1103,1.1113,1.1098,1.10995
1725537600,1.10995,1.11245,1.1092,1.10965
1725541200,1.1097,1.11255,1.1095,1.11095
1725544800,1.11115,1.11115,1.10805,1.10845
1725548400,1.1084,1.11005,1.1083,1.10995
1725552000,1.11,1.111,1.10995,1.1106
1725555600,1.11055,1.1112,1.1104,1.11115
1725559200,1.1111,1.11185,1.1107,1.1109
1725562800,1.11085,1.1112,1.11075,1.1108
1725566400,1.11085,1.1116,1.1108,1.11155
1725573600,1.1115,1.1115,1.11125,1.11135
1725577200,1.1114,1.11165,1.11125,1.1115
1725580800,1.11155,1.11185,1.11135,1.11175
1725584400,1.11175,1.1118,1.1114,1.11145
1725588000,1.1115,1.1117,1.11135,1.1115
1725591600,1.11155,1.11205,1.1115,1.1119
1725595200,1.11195,1.11215,1.11175,1.112
1725598800,1.112,1.1123,1.1118,1.1121
1725602400,1.1121,1.1125,1.11185,1.1125
1725606000,1.11245,1.11245,1.1115,1.112
1725609600,1.11195,1.1125,1.1117,1.1121
1725613200,1.1121,1.1121,1.11115,1.11175
1725616800,1.11175,1.11175,1.1111,1.11115
1725620400,1.1111,1.1114,1.11065,1.1111
1725624000,1.11115,1.11595,1.10825,1.11255
1725627600,1.1125,1.11295,1.10695,1.1087
1725631200,1.10875,1.11175,1.10765,1.11065
1725634800,1.1106,1.11395,1.1087,1.109
1725638400,1.109,1.109,1.10735,1.10805
1725642000,1.10805,1.10935,1.1074,1.1089
1725645600,1.1089,1.1091,1.10825,1.109
1725649200,1.109,1.10935,1.1086,1.10925
1725652800,1.1093,1.1093,1.1089,1.10895
1725832800,1.10895,1.10945,1.10865,1.1091
1725836400,1.1091,1.1095,1.10905,1.10905
1725840000,1.109,1.1095,1.10865,1.1087
1725843600,1.1087,1.1095,1.1085,1.1086
1725847200,1.10855,1.1087,1.1084,1.1084
1725850800,1.1084,1.10855,1.10825,1.10835
1725854400,1.10835,1.1084,1.1078,1.10795
1725858000,1.10795,1.108,1.10725,1.1073
1725861600,1.1073,1.1076,1.1064,1.10685
1725865200,1.10685,1.10695,1.10585,1.1063
1725868800,1.10625,1.10665,1.10495,1.1051
1725872400,1.1051,1.10625,1.10495,1.106
1725876000,1.106,1.10605,1.104,1.1044
1725879600,1.1044,1.10485,1.10395,1.1048
1725883200,1.1048,1.10525,1.10415,1.1043
1725886800,1.1043,1.10555,1.1043,1.10505
1725890400,1.1051,1.1051,1.1038,1.10455
1725894000,1.1045,1.10485,1.10395,1.1045
1725897600,1.10455,1.10545,1.1045,1.10525
1725901200,1.1053,1.10575,1.10465,1.10465
1725904800,1.10475,1.105,1.10455,1.10465
1725908400,1.10465,1.1047,1.1041,1.1042
1725912000,1.10415,1.1043,1.1037,1.1038
1725919200,1.1039,1.1043,1.1038,1.1041
1725922800,1.1041,1.10415,1.1038,1.1038
1725926400,1.10385,1.10385,1.10295,1.10335
1725930000,1.10335,1.10385,1.10335,1.1038
1725933600,1.1038,1.1039,1.10355,1.1038
1725937200,1.1038,1.10425,1.1038,1.10415
1725940800,1.1042,1.10435,1.10395,1.1043
1725944400,1.1043,1.1046,1.1041,1.10425
1725948000,1.10425,1.1053,1.1037,1.10525
1725951600,1.10525,1.10525,1.104,1.104
1725955200,1.104,1.1043,1.10365,1.1041
1725958800,1.10405,1.1045,1.10355,1.10415
1725962400,1.1042,1.10445,1.1037,1.1043
1725966000,1.10435,1.10465,1.10295,1.10345
1725969600,1.1034,1.10395,1.10295,1.1033
1725973200,1.10325,1.1038,1.10205,1.10225
1725976800,1.1023,1.1027,1.1018,1.10215
1725980400,1.1021,1.10305,1.10205,1.10285
1725984000,1.1028,1.1032,1.10255,1.103
1725987600,1.10295,1.10315,1.10255,1.1026
1725991200,1.1026,1.103,1.1024,1.1028
1725994800,1.1028,1.1031,1.10255,1.103
1725998400,1.103,1.103,1.10215,1.1022
1726005600,1.10215,1.10245,1.10215,1.10225
1726009200,1.1023,1.10265,1.1022,1.1023
1726012800,1.1023,1.10255,1.10195,1.10225
1726016400,1.10225,1.10425,1.10205,1.10395
1726020000,1.10395,1.10475,1.10355,1.1036
1726023600,1.10355,1.1045,1.1034,1.1041
1726027200,1.10415,1.10495,1.10405,1.1049
1726030800,1.10495,1.10545,1.10455,1.10465
1726034400,1.1046,1.10515,1.1043,1.1048
1726038000,1.1048,1.1055,1.10425,1.10435
1726041600,1.10435,1.10505,1.10395,1.1046
1726045200,1.1046,1.10515,1.1044,1.10445
1726048800,1.10445,1.10515,1.1041,1.10515
1726052400,1.1051,1.10575,1.10455,1.10465
1726056000,1.1046,1.10515,1.10055,1.10185
1726059600,1.1019,1.10285,1.1012,1.10155
1726063200,1.10155,1.1018,1.10045,1.1013
1726066800,1.1013,1.1019,1.10105,1.1015
1726070400,1.10145,1.102,1.10125,1.10185
1726074000,1.10185,1.10235,1.10175,1.1021
1726077600,1.10215,1.10255,1.10205,1.10205
1726081200,1.1021,1.1029,1.1018,1.102
1726084800,1.102,1.1021,1.10135,1.10145
1726092000,1.1015,1.10165,1.1012,1.1013
1726095600,1.10135,1.1014,1.10115,1.10115
1726099200,1.10115,1.10125,1.1007,1.1008
1726102800,1.10075,1.1014,1.10075,1.1012
1726106400,1.10125,1.10135,1.10085,1.1011
1726110000,1.1011,1.1015,1.10105,1.10145
1726113600,1.1015,1.1018,1.10145,1.10175
1726117200,1.1017,1.1023,1.1016,1.1023
1726120800,1.10225,1.10245,1.10085,1.1009
1726124400,1.10095,1.1017,1.1007,1.1009
1726128000,1.10085,1.1023,1.10065,1.10165
1726131600,1.1017,1.1021,1.10135,1.1015
1726135200,1.1015,1.10245,1.1015,1.1023
1726138800,1.10225,1.10245,1.1014,1.1015
1726142400,1.1015,1.10335,1.1008,1.10265
1726146000,1.10265,1.1042,1.1026,1.1038
1726149600,1.10385,1.1048,1.1031,1.1041
1726153200,1.10415,1.10445,1.10315,1.10415
1726156800,1.10415,1.10495,1.1038,1.1047
1726160400,1.1047,1.10575,1.10435,1.10575
1726164000,1.10575,1.10635,1.1052,1.10615
1726167600,1.10615,1.10725,1.1061,1.10715
1726171200,1.10715,1.10765,1.10695,1.1076
1726178400,1.1118,1.112,1.11125,1.1114
1726182000,1.11145,1.11215,1.1114,1.11205
1726185600,1.11205,1.11295,1.11195,1.1129
1726189200,1.11295,1.11315,1.11225,1.1124
1726192800,1.11245,1.11325,1.11215,1.11295
1726196400,1.1129,1.11325,1.1126,1.11295
1726200000,1.11295,1.11305,1.11265,1.11265
1726203600,1.11265,1.11285,1.1124,1.1125
1726207200,1.1125,1.11265,1.11165,1.11215
1726210800,1.1121,1.1137,1.11155,1.11345
1726214400,1.11345,1.11365,1.11285,1.1135
1726218000,1.11355,1.1143,1.1131,1.1134
1726221600,1.1134,1.11395,1.11295,1.1132
1726225200,1.1133,1.11355,1.1124,1.1127
1726228800,1.11275,1.1136,1.1122,1.11355
1726232400,1.1136,1.11445,1.11305,1.11365
1726236000,1.1137,1.1138,1.11275,1.11315
1726239600,1.1132,1.11345,1.11245,1.1127
1726243200,1.11275,1.11275,1.1119,1.1126
1726246800,1.1126,1.11285,1.11225,1.1124
1726250400,1.11235,1.11265,1.11185,1.112
1726254000,1.11205,1.11235,1.11185,1.11195
1726257600,1.11205,1.11205,1.1115,1.11185
1726437600,1.1121,1.11285,1.1118,1.1128
1726441200,1.1128,1.11305,1.11255,1.1128
1726444800,1.11285,1.1134,1.1128,1.11315
1726448400,1.11305,1.1134,1.11285,1.1129
1726452000,1.1129,1.1132,1.1128,1.11305
1726455600,1.1131,1.11465,1.11295,1.11455
1726459200,1.11455,1.11465,1.1138,1.11385
1726462800,1.1138,1.1141,1.1137,1.11395
1726466400,1.114,1.11565,1.1139,1.11555
1726470000,1.1155,1.11615,1.11505,1.11565
1726473600,1.1156,1.11675,1.11555,1.1164
1726477200,1.1164,1.11705,1.11595,1.1162
1726480800,1.1162,1.11695,1.11615,1.11635
1726484400,1.1163,1.1167,1.1157,1.1165
1726488000,1.11645,1.1174,1.11575,1.11655
1726491600,1.1166,1.11785,1.11635,1.11705
1726495200,1.1171,1.1172,1.1159,1.11655
1726498800,1.11645,1.11655,1.11575,1.11635
1726502400,1.11635,1.11715,1.11605,1.11705
1726506000,1.117,1.1171,1.1157,1.11645
1726509600,1.11645,1.1166,1.11605,1.1162
1726513200,1.11615,1.11705,1.11595,1.11695
1726516800,1.117,1.11745,1.1169,1.1173
1726524000,1.1174,1.1174,1.11665,1.1167
1726527600,1.11675,1.11695,1.11635,1.1169
1726531200,1.1169,1.11715,1.1162,1.1163
1726534800,1.1163,1.11695,1.1163,1.1168
1726538400,1.1168,1.117,1.1165,1.11675
1726542000,1.1167,1.11685,1.11625,1.1164
1726545600,1.1164,1.1165,1.11615,1.1164
1726549200,1.11645,1.1169,1.1162,1.1167
1726552800,1.1167,1.11735,1.11615,1.11615
1726556400,1.1161,1.1178,1.1156,1.1176
1726560000,1.11765,1.1186,1.1173,1.11845
1726563600,1.11845,1.11845,1.1175,1.11785
1726567200,1.11785,1.118,1.1172,1.11745
1726570800,1.11745,1.1183,1.11705,1.1179
1726574400,1.1179,1.1184,1.1158,1.11655
1726578000,1.1165,1.11685,1.1152,1.1154
1726581600,1.1154,1.11685,1.1154,1.11655
1726585200,1.1165,1.1167,1.1156,1.11575
1726588800,1.11575,1.1162,1.1155,1.11595
1726592400,1.11595,1.1161,1.11495,1.11565
1726596000,1.1156,1.1163,1.1156,1.1163
1726599600,1.11625,1.1164,1.11555,1.1156
1726603200,1.11565,1.11575,1.1153,1.1154
1726610400,1.1156,1.1159,1.1154,1.1158
1726614000,1.11585,1.11635,1.1158,1.1162
1726617600,1.1162,1.11685,1.1161,1.11665
1726621200,1.1167,1.11705,1.1165,1.1168
1726624800,1.1168,1.11685,1.1165,1.11675
1726628400,1.1168,1.11685,1.11655,1.1166
1726632000,1.1166,1.1166,1.11595,1.11595
1726635600,1.11595,1.11615,1.1158,1.1161
1726639200,1.116,1.1166,1.1155,1.11585
1726642800,1.1159,1.1171,1.11575,1.1171
1726646400,1.11705,1.11735,1.1168,1.117
1726650000,1.11695,1.118,1.11665,1.1178
1726653600,1.1178,1.11785,1.11695,1.117
1726657200,1.117,1.117,1.11625,1.11645
1726660800,1.1165,1.11685,1.11575,1.11625
1726664400,1.11625,1.118,1.11625,1.1175
1726668000,1.11755,1.11765,1.1148,1.1158
1726671600,1.11575,1.1162,1.1152,1.1156
1726675200,1.1156,1.11665,1.1156,1.11645
1726678800,1.1164,1.1171,1.1157,1.11655
1726682400,1.11645,1.1227,1.11645,1.11865
1726686000,1.1187,1.1187,1.1134,1.11425
1726689600,1.1143,1.1158,1.1141,1.1156
1726696800,1.11575,1.11635,1.11515,1.11575
1726700400,1.11585,1.11585,1.1147,1.115
1726704000,1.11505,1.11525,1.1115,1.11175
1726707600,1.1117,1.11215,1.1104,1.1119
1726711200,1.1119,1.11395,1.1119,1.1138
1726714800,1.1138,1.11545,1.11355,1.1154
1726718400,1.11545,1.11575,1.11505,1.1156
1726722000,1.1156,1.1167,1.1156,1.1167
1726725600,1.11665,1.11815,1.1165,1.11805
1726729200,1.11815,1.11895,1.1176,1.1182
1726732800,1.11815,1.1205,1.1181,1.11985
1726736400,1.11985,1.1215,1.11985,1.1214
1726740000,1.1214,1.12145,1.12045,1.12065
1726743600,1.12065,1.12125,1.11875,1.1194
1726747200,1.1194,1.1194,1.11615,1.11615
1726750800,1.11615,1.1176,1.1153,1.1158
1726754400,1.1158,1.1169,1.1152,1.1165
1726758000,1.11645,1.1184,1.1161,1.11825
1726761600,1.11825,1.1195,1.1181,1.1191
1726765200,1.1191,1.1197,1.11875,1.1196
1726768800,1.11965,1.1204,1.11965,1.12015
1726772400,1.1201,1.12025,1.1195,1.11975
1726776000,1.11975,1.12,1.1196,1.1198
1726783200,1.1197,1.1199,1.1196,1.11965
1726786800,1.11965,1.11965,1.11935,1.11945
1726790400,1.1195,1.1197,1.11925,1.11955
1726794000,1.1196,1.1199,1.11935,1.11945
1726797600,1.11945,1.11985,1.11925,1.1197
1726801200,1.1197,1.12045,1.1197,1.1201
1726804800,1.1201,1.1203,1.1199,1.12
1726808400,1.12005,1.12015,1.11965,1.1199
1726812000,1.11995,1.1214,1.11995,1.1212
1726815600,1.12115,1.1217,1.11945,1.11975
1726819200,1.11975,1.1204,1.11875,1.11995
1726822800,1.11995,1.1201,1.1192,1.1196
1726826400,1.1196,1.1198,1.119,1.1194
1726830000,1.11945,1.11975,1.11895,1.1197
1726833600,1.11965,1.12125,1.11965,1.12095
1726837200,1.12095,1.12115,1.1189,1.119
1726840800,1.11905,1.11905,1.11725,1.11785
1726844400,1.11785,1.11945,1.1171,1.11935
1726848000,1.1194,1.1211,1.11935,1.1209
1726851600,1.12085,1.1209,1.1193,1.1194
1726855200,1.1194,1.12005,1.11915,1.12
1726858800,1.11995,1.12005,1.11965,1.11965
1726862400,1.11965,1.11985,1.11905,1.11975
1727042400,1.11975,1.1199,1.1194,1.11965
1727046000,1.11965,1.11985,1.11935,1.11935
1727049600,1.1193,1.1195,1.119,1.1193
1727053200,1.1193,1.1196,1.119,1.1193
1727056800,1.1193,1.1198,1.11905,1.11965
1727060400,1.11965,1.1199,1.11955,1.11955
1727064000,1.11955,1.11995,1.11945,1.1198
1727067600,1.11975,1.12015,1.1196,1.11975
1727071200,1.1198,1.11985,1.11895,1.1193
1727074800,1.1193,1.11935,1.1132,1.11355
1727078400,1.11355,1.11365,1.1118,1.1127
1727082000,1.1127,1.1147,1.11265,1.1141
1727085600,1.1141,1.1154,1.114,1.1148
1727089200,1.1148,1.11605,1.11475,1.1155
1727092800,1.11545,1.11585,1.11435,1.1157
1727096400,1.1157,1.1178,1.11545,1.11645
1727100000,1.11645,1.11785,1.11505,1.1168
1727103600,1.1167,1.11725,1.1159,1.11655
1727107200,1.1165,1.1165,1.1156,1.116
1727110800,1.116,1.11635,1.1155,1.11555
1727114400,1.11555,1.1159,1.11505,1.11515
1727118000,1.1152,1.1153,1.1147,1.11495
1727121600,1.115,1.115,1.11445,1.1146
1727128800,1.1146,1.11495,1.1145,1.11455
1727132400,1.1146,1.1146,1.1142,1.11455
1727136000,1.11455,1.11485,1.1139,1.11405
1727139600,1.11405,1.11455,1.11395,1.1142
1727143200,1.1142,1.1143,1.1138,1.114
1727146800,1.11405,1.1148,1.11405,1.1147
1727150400,1.1147,1.11525,1.1144,1.11515
1727154000,1.1152,1.1154,1.11485,1.1151
1727157600,1.1151,1.1154,1.1139,1.115
1727161200,1.115,1.1167,1.11475,1.11625
1727164800,1.1162,1.118,1.1161,1.11755
1727168400,1.1175,1.11815,1.11665,1.1171
1727172000,1.1171,1.11765,1.11625,1.11635
1727175600,1.1163,1.11655,1.11575,1.11645
1727179200,1.11645,1.1183,1.11645,1.1176
1727182800,1.11765,1.118,1.1168,1.1175
1727186400,1.11755,1.11995,1.11745,1.11865
1727190000,1.1186,1.1192,1.1182,1.11855
1727193600,1.11855,1.11975,1.1185,1.1194
1727197200,1.11935,1.11995,1.119,1.1198
1727200800,1.11985,1.12025,1.1195,1.12015
1727204400,1.1202,1.1212,1.12005,1.1212
1727208000,1.1212,1.12165,1.12105,1.1214
1727215200,1.12145,1.1224,1.12135,1.1224
1727218800,1.12235,1.1226,1.1218,1.1226
1727222400,1.1226,1.1229,1.1222,1.12285
1727226000,1.12285,1.1229,1.12205,1.1223
1727229600,1.1223,1.12315,1.1223,1.12295
1727233200,1.12295,1.12335,1.1227,1.1233
1727236800,1.12335,1.1234,1.12285,1.1231
1727240400,1.12305,1.1231,1.1227,1.1231
1727244000,1.1231,1.1231,1.1222,1.12255
1727247600,1.1226,1.12315,1.12205,1.1227
1727251200,1.12265,1.12305,1.1217,1.122
1727254800,1.122,1.12225,1.1213,1.1218
1727258400,1.1218,1.1224,1.1216,1.1222
1727262000,1.1222,1.12325,1.12185,1.1231
1727265600,1.1231,1.1243,1.12265,1.12325
1727269200,1.12325,1.12495,1.123,1.123
1727272800,1.12305,1.12305,1.12,1.12075
1727276400,1.1207,1.121,1.1176,1.1178
1727280000,1.1178,1.11825,1.1167,1.1169
1727283600,1.1169,1.11725,1.1156,1.11715
1727287200,1.11715,1.11735,1.11675,1.11685
1727290800,1.11685,1.11705,1.116,1.11605
1727294400,1.11605,1.1168,1.116,1.1168
1727301600,1.1165,1.1166,1.11635,1.1165
1727305200,1.1165,1.1166,1.11625,1.1163
1727308800,1.1163,1.117,1.11625,1.11695
1727312400,1.117,1.11745,1.11645,1.11725
1727316000,1.1173,1.1175,1.11705,1.1174
1727319600,1.1174,1.11785,1.1171,1.11735
1727323200,1.11735,1.1177,1.1171,1.1175
1727326800,1.11745,1.1185,1.11735,1.1183
1727330400,1.11825,1.11895,1.118,1.1187
1727334000,1.11865,1.11915,1.1167,1.1168
1727337600,1.1168,1.1177,1.1159,1.1175
1727341200,1.1175,1.11855,1.1175,1.1177
1727344800,1.1177,1.11885,1.1173,1.11875
1727348400,1.11875,1.1195,1.11815,1.11875
1727352000,1.1188,1.1199,1.1171,1.11845
1727355600,1.1185,1.1193,1.11685,1.11735
1727359200,1.1174,1.12085,1.11595,1.11985
1727362800,1.1198,1.12225,1.1198,1.12165
1727366400,1.1217,1.1217,1.11995,1.12025
1727370000,1.12025,1.12135,1.1202,1.1213
1727373600,1.12135,1.12165,1.1207,1.12135
1727377200,1.1213,1.1218,1.12095,1.12115
1727380800,1.12115,1.12125,1.1208,1.1211
1727388000,1.12105,1.1211,1.1208,1.1209
1727391600,1.12095,1.121,1.12065,1.12095
1727395200,1.12095,1.12105,1.1201,1.1202
1727398800,1.1202,1.1205,1.11955,1.1197
1727402400,1.11975,1.1203,1.11955,1.1202
1727406000,1.1202,1.1206,1.1202,1.1202
1727409600,1.1202,1.1203,1.1197,1.11975
1727413200,1.1198,1.12015,1.11915,1.1197
1727416800,1.11965,1.1209,1.11735,1.1184
1727420400,1.1183,1.1183,1.1158,1.11665
1727424000,1.1166,1.11785,1.116,1.1178
1727427600,1.1178,1.11935,1.11705,1.1193
1727431200,1.1193,1.12045,1.1189,1.1197
1727434800,1.1197,1.12015,1.11925,1.1196
1727438400,1.1196,1.1235,1.11875,1.12335
1727442000,1.1233,1.12365,1.1213,1.12185
1727445600,1.1219,1.12255,1.1203,1.1212
1727449200,1.12115,1.12125,1.11875,1.1192
1727452800,1.1192,1.11935,1.118,1.11845
1727456400,1.1185,1.11995,1.11835,1.1197
1727460000,1.1197,1.12015,1.1193,1.1201
1727463600,1.1201,1.12015,1.1196,1.11975
1727467200,1.1197,1.1201,1.1192,1.11965
1727647200,1.1196,1.12055,1.1192,1.1204
1727650800,1.1204,1.12045,1.12005,1.1202
1727654400,1.1202,1.1207,1.12015,1.12035
1727658000,1.1204,1.12055,1.11935,1.11935
1727661600,1.11935,1.11955,1.11895,1.1193
1727665200,1.11935,1.11945,1.1189,1.11915
1727668800,1.11915,1.1195,1.11915,1.1195
1727672400,1.1195,1.12025,1.1194,1.11995
1727676000,1.11995,1.1202,1.1189,1.1201
1727679600,1.1201,1.1208,1.11925,1.1205
1727683200,1.12055,1.1242,1.12055,1.12385
1727686800,1.1239,1.1239,1.12215,1.12225
1727690400,1.1223,1.1224,1.1216,1.1223
1727694000,1.1223,1.12365,1.1222,1.12305
1727697600,1.1231,1.12345,1.122,1.1223
1727701200,1.12235,1.12245,1.12,1.1202
1727704800,1.12025,1.12025,1.11745,1.1192
1727708400,1.11915,1.1198,1.11685,1.1178
1727712000,1.1178,1.11835,1.1173,1.1182
1727715600,1.1182,1.12,1.11815,1.11865
1727719200,1.11865,1.1188,1.11475,1.1166
1727722800,1.1166,1.117,1.1155,1.11665
1727726400,1.1167,1.117,1.1164,1.11685
1727733600,1.11665,1.11755,1.11665,1.1175
1727737200,1.11755,1.11765,1.1169,1.117
1727740800,1.117,1.1171,1.1161,1.11655
1727744400,1.1166,1.1177,1.1165,1.11765
1727748000,1.11765,1.11765,1.11695,1.1172
1727751600,1.11725,1.11735,1.11685,1.1171
1727755200,1.1171,1.11745,1.1168,1.1174
1727758800,1.11745,1.1177,1.117,1.1171
1727762400,1.11705,1.11745,1.1164,1.11675
1727766000,1.11675,1.11705,1.11445,1.11485
1727769600,1.11485,1.1153,1.1131,1.1136
1727773200,1.1136,1.11475,1.1125,1.11285
1727776800,1.11285,1.1131,1.1117,1.11205
1727780400,1.11205,1.1133,1.1112,1.1118
1727784000,1.11175,1.11215,1.1103,1.11045
1727787600,1.11045,1.11165,1.10915,1.11055
1727791200,1.11065,1.11205,1.109,1.111
1727794800,1.11105,1.11115,1.10935,1.11
1727798400,1.11,1.1105,1.1081,1.1088
1727802000,1.10875,1.10985,1.1079,1.1096
1727805600,1.1096,1.1106,1.1096,1.1105
1727809200,1.11055,1.11105,1.11,1.11015
1727812800,1.11015,1.11065,1.1099,1.1101
1727820000,1.1104,1.1104,1.11,1.11005
1727823600,1.11005,1.1101,1.10965,1.10975
1727827200,1.1098,1.1105,1.10965,1.1099
1727830800,1.10995,1.1107,1.10995,1.1105
1727834400,1.1105,1.1106,1.1097,1.10995
1727838000,1.11,1.11045,1.10975,1.11035
1727841600,1.1104,1.1107,1.1094,1.1096
1727845200,1.1096,1.10965,1.10875,1.10955
1727848800,1.1095,1.11035,1.1093,1.11
1727852400,1.11005,1.11065,1.10965,1.11
1727856000,1.10995,1.1116,1.10975,1.11055
1727859600,1.11055,1.11055,1.1095,1.11045
1727863200,1.1105,1.111,1.11,1.11
1727866800,1.11005,1.11105,1.1098,1.1109
1727870400,1.11085,1.11105,1.10845,1.1087
1727874000,1.10875,1.1099,1.10805,1.10845
1727877600,1.1085,1.10905,1.10685,1.10695
1727881200,1.107,1.10835,1.1066,1.1083
1727884800,1.1083,1.1088,1.10775,1.10795
1727888400,1.10805,1.10835,1.1078,1.1081
1727892000,1.10805,1.1082,1.1071,1.10715
1727895600,1.1072,1.10865,1.107,1.1082
1727899200,1.1082,1.1086,1.10775,1.10785
1727906400,1.108,1.10815,1.1078,1.1078
1727910000,1.10785,1.10795,1.10755,1.10775
1727913600,1.1078,1.10785,1.1069,1.10715
1727917200,1.1071,1.10725,1.1067,1.1071
1727920800,1.10715,1.10715,1.10675,1.10675
1727924400,1.1068,1.1069,1.1064,1.1068
1727928000,1.10675,1.10675,1.1064,1.10645
1727931600,1.1065,1.10665,1.10565,1.10605
1727935200,1.106,1.1074,1.1058,1.107
1727938800,1.10695,1.1072,1.10595,1.1065
1727942400,1.10645,1.10775,1.1061,1.1069
1727946000,1.1069,1.10785,1.10665,1.1068
1727949600,1.10675,1.10755,1.10655,1.10745
1727953200,1.10745,1.1078,1.10695,1.10745
1727956800,1.1074,1.10795,1.10595,1.1064
1727960400,1.10635,1.10755,1.106,1.10695
1727964000,1.10685,1.10705,1.10385,1.1049
1727967600,1.10485,1.10555,1.1044,1.10465
1727971200,1.10465,1.10655,1.10455,1.10615
1727974800,1.10625,1.1068,1.10615,1.1064
1727978400,1.10645,1.10665,1.10575,1.10575
1727982000,1.10575,1.1064,1.1057,1.10605
1727985600,1.10605,1.1062,1.1058,1.10615
1727992800,1.10615,1.10665,1.1061,1.1065
1727996400,1.1065,1.10685,1.10645,1.1066
1728000000,1.1066,1.10705,1.10645,1.10655
1728003600,1.1066,1.1067,1.106,1.1061
1728007200,1.1061,1.10655,1.10595,1.10615
1728010800,1.1062,1.10625,1.1057,1.10585
1728014400,1.10585,1.10615,1.10565,1.10585
1728018000,1.1059,1.10665,1.10575,1.10645
1728021600,1.1065,1.1066,1.10585,1.10635
1728025200,1.1063,1.10665,1.1057,1.10595
1728028800,1.1059,1.1061,1.10525,1.10565
1728032400,1.10565,1.10595,1.1051,1.1058
1728036000,1.10585,1.1065,1.10575,1.1059
1728039600,1.10585,1.1068,1.10585,1.1064
1728043200,1.1064,1.10645,1.09905,1.09925
1728046800,1.0992,1.1011,1.09905,1.1005
1728050400,1.10055,1.10135,1.09985,1.10015
1728054000,1.1001,1.1006,1.09865,1.09925
1728057600,1.0992,1.0994,1.0983,1.09915
1728061200,1.0992,1.10015,1.09895,1.09995
1728064800,1.1,1.1006,1.0997,1.10045
1728068400,1.10045,1.101,1.10025,1.10085
1728072000,1.1009,1.101,1.10045,1.1007
1728252000,1.10025,1.1004,1.0995,1.1001
1728255600,1.10015,1.1004,1.1,1.10025
1728259200,1.1003,1.10075,1.10005,1.1002
1728262800,1.1002,1.10095,1.10015,1.10055
1728266400,1.10055,1.1009,1.1003,1.1003
1728270000,1.1003,1.1005,1.10015,1.1004
1728273600,1.10035,1.1005,1.1,1.10005
1728277200,1.10005,1.1002,1.09965,1.10015
1728280800,1.10005,1.1004,1.09955,1.1003
1728284400,1.10035,1.10045,1.09895,1.10015
1728288000,1.1001,1.1011,1.0997,1.1002
1728291600,1.1002,1.1002,1.09865,1.0991
1728295200,1.0991,1.1002,1.099,1.09975
1728298800,1.0997,1.10125,1.0994,1.1009
1728302400,1.1009,1.1016,1.10035,1.10095
1728306000,1.1009,1.10155,1.10045,1.10115
1728309600,1.1012,1.1017,1.1002,1.1007
1728313200,1.10065,1.10115,1.1005,1.10085
1728316800,1.10085,1.10165,1.10075,1.1016
1728320400,1.1016,1.1019,1.10135,1.10145
1728324000,1.10145,1.10145,1.10005,1.1001
1728327600,1.1001,1.1005,1.0998,1.10045
1728331200,1.1005,1.1007,1.10025,1.1006
1728338400,1.10065,1.10105,1.1004,1.10095
1728342000,1.10105,1.10105,1.10055,1.10055
1728345600,1.10065,1.10155,1.10055,1.10135
1728349200,1.1013,1.10165,1.1012,1.1015
1728352800,1.1015,1.1016,1.1004,1.1013
1728356400,1.10135,1.10185,1.10135,1.10145
1728360000,1.1015,1.10185,1.10145,1.1017
1728363600,1.1017,1.10185,1.1013,1.1015
1728367200,1.1014,1.1021,1.1013,1.10155
1728370800,1.10155,1.1027,1.101,1.10265
1728374400,1.10265,1.1029,1.10145,1.10255
1728378000,1.10255,1.1026,1.10175,1.1019
1728381600,1.1019,1.10235,1.10135,1.1017
1728385200,1.10165,1.1021,1.101,1.10195
1728388800,1.1019,1.10215,1.10025,1.10075
1728392400,1.1007,1.10155,1.10055,1.10095
1728396000,1.10095,1.1012,1.0998,1.1002
1728399600,1.10025,1.10035,1.0992,1.1001
1728403200,1.1001,1.10095,1.1,1.1007
1728406800,1.1007,1.1007,1.0997,1.1006
1728410400,1.1006,1.1008,1.10005,1.1004
1728414000,1.10035,1.101,1.1001,1.10095
1728417600,1.10095,1.10125,1.1008,1.1012
1728424800,1.10115,1.1012,1.1009,1.10115
1728428400,1.1012,1.10125,1.10065,1.10065
1728432000,1.1006,1.10095,1.10045,1.10065
1728435600,1.1006,1.1008,1.09995,1.1005
1728439200,1.10045,1.1005,1.09995,1.10015
1728442800,1.10015,1.1002,1.09975,1.09985
1728446400,1.0999,1.0999,1.0993,1.09935
1728450000,1.09945,1.1007,1.09945,1.1004
1728453600,1.10045,1.10045,1.0993,1.0994
1728457200,1.09935,1.0998,1.09815,1.09915
1728460800,1.0991,1.0995,1.09845,1.09885
1728464400,1.0989,1.09985,1.0988,1.09975
1728468000,1.09975,1.10015,1.09945,1.0997
1728471600,1.0997,1.0998,1.0985,1.0985
1728475200,1.0985,1.09905,1.09835,1.09875
1728478800,1.09875,1.09895,1.0977,1.09845
1728482400,1.09845,1.09905,1.0971,1.0979
1728486000,1.09785,1.09875,1.0978,1.0982
1728489600,1.0982,1.0982,1.0971,1.09725
1728493200,1.09725,1.09735,1.0968,1.097
1728496800,1.09705,1.0974,1.0967,1.09675
1728500400,1.0968,1.09725,1.09675,1.097
1728504000,1.09695,1.0972,1.09675,1.097
1728511200,1.097,1.09725,1.0967,1.09705
1728514800,1.09705,1.0972,1.09685,1.0971
1728518400,1.09705,1.09725,1.09685,1.097
1728522000,1.09695,1.09755,1.09695,1.09725
1728525600,1.09725,1.09745,1.0968,1.0971
1728529200,1.09715,1.0975,1.0971,1.09725
1728532800,1.0973,1.09735,1.0968,1.09695
1728536400,1.09705,1.09715,1.09665,1.09685
1728540000,1.0968,1.0972,1.09655,1.09665
1728543600,1.0966,1.0972,1.0962,1.09665
1728547200,1.09665,1.09685,1.09575,1.0962
1728550800,1.0962,1.0963,1.09565,1.0963
1728554400,1.09625,1.0969,1.09605,1.09685
1728558000,1.09685,1.0969,1.09565,1.09605
1728561600,1.09605,1.0984,1.09345,1.0973
1728565200,1.09735,1.0979,1.09625,1.0966
1728568800,1.09665,1.0971,1.09425,1.0951
1728572400,1.0951,1.09585,1.09455,1.09535
1728576000,1.0954,1.0957,1.09315,1.0935
1728579600,1.09355,1.095,1.09295,1.0948
1728583200,1.09485,1.0956,1.09475,1.0951
1728586800,1.09515,1.0964,1.095,1.0964
1728590400,1.0963,1.09675,1.0963,1.09665
1728597600,1.0966,1.0966,1.0962,1.09625
1728601200,1.09635,1.0964,1.09615,1.09625
1728604800,1.0963,1.0967,1.0961,1.0967
1728608400,1.0967,1.0967,1.09585,1.0961
1728612000,1.0961,1.0967,1.096,1.0966
1728615600,1.09665,1.097,1.09655,1.0969
1728619200,1.0969,1.09695,1.09645,1.09645
1728622800,1.0965,1.0967,1.0962,1.09645
1728626400,1.09645,1.097,1.09615,1.0969
1728630000,1.0969,1.0975,1.09615,1.0974
1728633600,1.09735,1.0983,1.0971,1.0979
1728637200,1.09785,1.09805,1.0967,1.0968
1728640800,1.0968,1.09685,1.096,1.0964
1728644400,1.09645,1.09655,1.0956,1.09605
1728648000,1.096,1.098,1.09555,1.09625
1728651600,1.09625,1.09705,1.09575,1.09685
1728655200,1.0969,1.09785,1.0963,1.09725
1728658800,1.0972,1.0982,1.09705,1.0971
1728662400,1.09705,1.09765,1.09695,1.09745
1728666000,1.09745,1.09765,1.0972,1.09725
1728669600,1.09725,1.0975,1.09675,1.0968
1728673200,1.09685,1.09685,1.0962,1.0962
1728676800,1.0962,1.09675,1.09615,1.09655
1728856800,1.09635,1.09635,1.09555,1.09555
1728860400,1.09565,1.0957,1.0951,1.09515
1728864000,1.0952,1.0953,1.0944,1.09505
1728867600,1.095,1.09545,1.0947,1.0952
1728871200,1.0952,1.09555,1.09475,1.0953
1728874800,1.09535,1.0958,1.09525,1.09545
1728878400,1.0954,1.09545,1.0952,1.09525
1728882000,1.09525,1.0955,1.0951,1.09545
1728885600,1.0955,1.0959,1.09535,1.0954
1728889200,1.0954,1.096,1.09525,1.0957
1728892800,1.0957,1.09605,1.09525,1.09555
1728896400,1.0956,1.0965,1.0955,1.09575
1728900000,1.09575,1.09585,1.0951,1.09515
1728903600,1.09515,1.0953,1.0938,1.09415
1728907200,1.0941,1.09455,1.0936,1.09385
1728910800,1.0938,1.09565,1.09335,1.09485
1728914400,1.09485,1.09485,1.0934,1.0944
1728918000,1.09435,1.09455,1.0934,1.0936
1728921600,1.0936,1.09375,1.09295,1.093
1728925200,1.093,1.0933,1.0926,1.09325
1728928800,1.0933,1.0934,1.09235,1.09255
1728932400,1.0926,1.0935,1.0917,1.0933
1728936000,1.09325,1.09385,1.09315,1.0938
1728943200,1.0935,1.0938,1.09335,1.0937
1728946800,1.0937,1.09385,1.0935,1.09375
1728950400,1.09375,1.09385,1.09325,1.0936
1728954000,1.09355,1.0937,1.0933,1.09355
1728957600,1.09355,1.09375,1.0929,1.09305
1728961200,1.09305,1.09315,1.0924,1.0925
1728964800,1.09245,1.0925,1.092,1.0921
1728968400,1.0921,1.0921,1.0917,1.092
1728972000,1.09195,1.0924,1.0913,1.0921
1728975600,1.0921,1.0927,1.0913,1.09265
1728979200,1.09265,1.09445,1.0925,1.09385
1728982800,1.09385,1.0943,1.0934,1.09415
1728986400,1.0942,1.0943,1.0931,1.0931
1728990000,1.0931,1.09375,1.0926,1.0929
1728993600,1.09295,1.09405,1.0928,1.09385
1728997200,1.09385,1.0945,1.0937,1.0938
1729000800,1.0938,1.094,1.0927,1.0931
1729004400,1.0931,1.09355,1.09265,1.0927
1729008000,1.09275,1.0931,1.09175,1.0918
1729011600,1.09175,1.09185,1.091,1.0913
1729015200,1.09135,1.0919,1.0912,1.0915
1729018800,1.0915,1.0918,1.0914,1.0915
1729022400,1.09145,1.092,1.09135,1.09185
1729029600,1.09185,1.092,1.0915,1.09175
1729033200,1.09175,1.09175,1.0911,1.0911
1729036800,1.09105,1.0914,1.09095,1.09135
1729040400,1.09125,1.09195,1.0912,1.0919
1729044000,1.09195,1.09205,1.09165,1.092
1729047600,1.09205,1.0923,1.0918,1.09185
1729051200,1.09185,1.09205,1.09155,1.0917
1729054800,1.09175,1.0918,1.0914,1.09155
1729058400,1.0916,1.0917,1.09035,1.09055
1729062000,1.0905,1.0913,1.0903,1.091
1729065600,1.09095,1.0912,1.0905,1.09105
1729069200,1.09105,1.0925,1.091,1.09225
1729072800,1.09225,1.09235,1.0917,1.0918
1729076400,1.09175,1.09235,1.0915,1.0922
1729080000,1.09215,1.0929,1.0914,1.09165
1729083600,1.09165,1.0925,1.09125,1.0918
1729087200,1.0918,1.09185,1.08985,1.0907
1729090800,1.0907,1.09075,1.08935,1.09
1729094400,1.09,1.0904,1.08945,1.08955
1729098000,1.0896,1.0896,1.0889,1.089
1729101600,1.08895,1.08905,1.08825,1.0883
1729105200,1.0883,1.08875,1.08805,1.0885
1729108800,1.0885,1.089,1.0885,1.08885
1729116000,1.08885,1.089,1.0884,1.08845
1729119600,1.0885,1.08855,1.08825,1.0885
1729123200,1.08855,1.08905,1.0884,1.08895
1729126800,1.08895,1.08905,1.08855,1.08885
1729130400,1.0889,1.08915,1.08855,1.0888
1729134000,1.0888,1.0888,1.08775,1.08795
1729137600,1.08795,1.0882,1.0879,1.088
1729141200,1.08795,1.08815,1.0879,1.08805
1729144800,1.08805,1.08845,1.08755,1.0877
1729148400,1.08765,1.08835,1.08755,1.08805
1729152000,1.08805,1.08825,1.0875,1.0878
1729155600,1.0878,1.08905,1.08765,1.0885
1729159200,1.0885,1.0891,1.08845,1.08905
1729162800,1.08905,1.08935,1.08895,1.089
1729166400,1.08895,1.09005,1.086,1.0869
1729170000,1.08695,1.0871,1.08375,1.0859
1729173600,1.08595,1.08615,1.08405,1.0855
1729177200,1.08545,1.0867,1.0851,1.0863
1729180800,1.08635,1.08635,1.0849,1.0851
1729184400,1.08515,1.08545,1.0847,1.08515
1729188000,1.0852,1.08585,1.08505,1.0851
1729191600,1.08515,1.0855,1.08495,1.0854
1729195200,1.0854,1.08575,1.08535,1.08575
1729202400,1.08575,1.0859,1.0855,1.0855
1729206000,1.08555,1.0856,1.0851,1.0855
1729209600,1.08555,1.0858,1.08535,1.0855
1729213200,1.0855,1.0862,1.08535,1.08605
1729216800,1.0861,1.08655,1.0859,1.08645
1729220400,1.08645,1.08655,1.0863,1.08645
1729224000,1.08645,1.08665,1.0864,1.0866
1729227600,1.08665,1.087,1.0864,1.0869
1729231200,1.08685,1.08745,1.0864,1.087
1729234800,1.087,1.087,1.08625,1.0867
1729238400,1.0867,1.0873,1.08605,1.0864
1729242000,1.08635,1.0872,1.08605,1.087
1729245600,1.08705,1.08745,1.0864,1.0871
1729249200,1.08715,1.0878,1.0868,1.08745
1729252800,1.0874,1.0886,1.08725,1.08855
1729256400,1.08855,1.08895,1.08775,1.0883
1729260000,1.0883,1.08905,1.0881,1.08835
1729263600,1.0883,1.08865,1.0879,1.088
1729267200,1.08795,1.08945,1.0879,1.08925
1729270800,1.08925,1.08925,1.0885,1.08875
1729274400,1.08875,1.0894,1.08875,1.0891
1729278000,1.08915,1.0892,1.0888,1.08895
1729281600,1.089,1.08955,1.08885,1.0893
1729461600,1.0893,1.08975,1.0891,1.0894
1729465200,1.0895,1.0895,1.08905,1.0894
1729468800,1.0894,1.0894,1.08895,1.08905
1729472400,1.08905,1.08935,1.0889,1.08905
1729476000,1.08905,1.0893,1.08895,1.08895
1729479600,1.089,1.08935,1.08895,1.08915
1729483200,1.08915,1.08915,1.08835,1.08835
1729486800,1.0884,1.0889,1.0884,1.08855
1729490400,1.0885,1.0886,1.08755,1.0878
1729494000,1.0878,1.0883,1.0872,1.08735
1729497600,1.0873,1.08835,1.0873,1.08805
1729501200,1.08805,1.0884,1.0872,1.0872
1729504800,1.0872,1.0875,1.08705,1.08735
1729508400,1.0873,1.0882,1.08725,1.08815
1729512000,1.08815,1.0885,1.0877,1.0883
1729515600,1.0883,1.08835,1.087,1.0873
1729519200,1.08735,1.08745,1.0859,1.08605
1729522800,1.086,1.08605,1.08455,1.0846
1729526400,1.08455,1.0849,1.08425,1.0844
1729530000,1.0844,1.08485,1.0841,1.08415
1729533600,1.08415,1.08425,1.0836,1.0837
1729537200,1.08375,1.0841,1.08365,1.0841
1729540800,1.08405,1.08425,1.08375,1.08405
1729548000,1.08405,1.0843,1.08395,1.08405
1729551600,1.0841,1.0842,1.0839,1.08405
1729555200,1.08405,1.08435,1.0839,1.0841
1729558800,1.08415,1.0846,1.08415,1.0844
1729562400,1.0844,1.08465,1.08405,1.08405
1729566000,1.08405,1.08445,1.084,1.08445
1729569600,1.0844,1.0846,1.0843,1.0845
1729573200,1.08455,1.0849,1.0844,1.08445
1729576800,1.0844,1.0854,1.0843,1.08505
1729580400,1.08505,1.08635,1.0846,1.0862
1729584000,1.08615,1.0862,1.08515,1.08525
1729587600,1.0852,1.0856,1.084,1.0841
1729591200,1.0841,1.0855,1.08395,1.0854
1729594800,1.0854,1.08545,1.084,1.0843
1729598400,1.0843,1.0847,1.0836,1.0837
1729602000,1.0837,1.0844,1.08265,1.0832
1729605600,1.08325,1.08385,1.08255,1.0835
1729609200,1.08345,1.08405,1.0829,1.08295
1729612800,1.083,1.08395,1.0828,1.08325
1729616400,1.0833,1.0834,1.08265,1.0828
1729620000,1.0828,1.08295,1.08245,1.0825
1729623600,1.0825,1.0827,1.0819,1.082
1729627200,1.08195,1.0824,1.08175,1.0824
1729634400,1.08235,1.08245,1.08215,1.0823
1729638000,1.08235,1.08235,1.08205,1.0821
1729641600,1.0821,1.08255,1.08165,1.08195
1729645200,1.082,1.0823,1.0818,1.08195
1729648800,1.08195,1.08295,1.08195,1.0829
1729652400,1.0829,1.083,1.08235,1.08265
1729656000,1.08265,1.0827,1.08235,1.08265
1729659600,1.0827,1.0831,1.08265,1.0831
1729663200,1.08305,1.08305,1.0817,1.08175
1729666800,1.0817,1.0817,1.0805,1.0806
1729670400,1.0806,1.08155,1.0804,1.08125
1729674000,1.0813,1.0814,1.0806,1.0807
1729677600,1.08065,1.0808,1.0802,1.0802
1729681200,1.0802,1.08045,1.07875,1.0788
1729684800,1.0788,1.07995,1.07855,1.07985
1729688400,1.0799,1.0808,1.0794,1.08
1729692000,1.08005,1.0807,1.07955,1.0799
1729695600,1.07985,1.0811,1.07985,1.08035
1729699200,1.0803,1.08035,1.07955,1.07975
1729702800,1.07975,1.0799,1.0792,1.07935
1729706400,1.0793,1.0807,1.0793,1.08045
1729710000,1.08045,1.0811,1.0804,1.081
1729713600,1.08105,1.0811,1.08065,1.0807
1729720800,1.08065,1.08065,1.0803,1.0805
1729724400,1.08055,1.08075,1.0802,1.08025
1729728000,1.08035,1.0813,1.08025,1.08115
1729731600,1.0812,1.0812,1.0805,1.0806
1729735200,1.0806,1.08115,1.0804,1.081
1729738800,1.081,1.08115,1.0808,1.081
1729742400,1.08095,1.0816,1.08095,1.0816
1729746000,1.0816,1.0816,1.0811,1.08115
1729749600,1.08115,1.08135,1.08045,1.0806
1729753200,1.0806,1.0822,1.07935,1.0818
1729756800,1.0818,1.08315,1.0818,1.0826
1729760400,1.08255,1.0828,1.0818,1.082
1729764000,1.082,1.0827,1.0819,1.0822
1729767600,1.0822,1.08255,1.0815,1.0818
1729771200,1.08185,1.0827,1.0811,1.08195
1729774800,1.08195,1.0834,1.08175,1.08235
1729778400,1.08235,1.0834,1.082,1.0821
1729782000,1.08205,1.08285,1.08195,1.0828
1729785600,1.0828,1.0834,1.08255,1.0834
1729789200,1.0834,1.08475,1.08335,1.0844
1729792800,1.08435,1.0849,1.0841,1.08455
1729796400,1.08455,1.0852,1.0844,1.0852
1729800000,1.0852,1.0853,1.085,1.08505
1729807200,1.08495,1.08515,1.08465,1.0847
1729810800,1.08465,1.0847,1.0845,1.0846
1729814400,1.08465,1.0847,1.0842,1.0844
1729818000,1.0844,1.08475,1.0842,1.08455
1729821600,1.08455,1.085,1.0845,1.0848
1729825200,1.0848,1.0848,1.08425,1.0844
1729828800,1.0844,1.08455,1.0843,1.08445
1729832400,1.0844,1.0848,1.08435,1.0844
1729836000,1.0844,1.0845,1.0837,1.0838
1729839600,1.08385,1.085,1.0836,1.0847
1729843200,1.08465,1.08595,1.0844,1.08465
1729846800,1.08465,1.08495,1.0845,1.0845
1729850400,1.0845,1.08505,1.0845,1.0847
1729854000,1.08465,1.0852,1.0844,1.0844
1729857600,1.08445,1.0862,1.08435,1.0861
1729861200,1.0861,1.08615,1.08485,1.08575
1729864800,1.0857,1.08605,1.0849,1.08535
1729868400,1.08535,1.08575,1.08335,1.0835
1729872000,1.08345,1.0835,1.08255,1.0828
1729875600,1.0828,1.0829,1.08245,1.08255
1729879200,1.08255,1.0827,1.08215,1.08255
1729882800,1.08255,1.08255,1.0816,1.0818
1729886400,1.0818,1.082,1.0817,1.08185
1730066400,1.0819,1.08205,1.08075,1.0818
1730070000,1.0818,1.0824,1.0816,1.08185
1730073600,1.08185,1.08235,1.08165,1.0817
1730077200,1.08165,1.0818,1.08125,1.0813
1730080800,1.0813,1.08185,1.0808,1.08105
1730084400,1.0811,1.08125,1.08045,1.0805
1730088000,1.0805,1.0811,1.0805,1.081
1730091600,1.081,1.08105,1.08045,1.081
1730095200,1.08095,1.0819,1.08085,1.08165
1730098800,1.0816,1.0828,1.08155,1.0826
1730102400,1.0826,1.08435,1.08235,1.0841
1730106000,1.0841,1.0842,1.08305,1.0835
1730109600,1.0835,1.08415,1.08335,1.0839
1730113200,1.08385,1.08425,1.0837,1.08415
1730116800,1.08415,1.0848,1.08355,1.08375
1730120400,1.08375,1.08445,1.0836,1.0842
1730124000,1.08425,1.08495,1.08375,1.08465
1730127600,1.0846,1.0847,1.08355,1.0841
1730131200,1.08405,1.08485,1.08365,1.0838
1730134800,1.0838,1.084,1.0835,1.08355
1730138400,1.08355,1.0837,1.0832,1.08335
1730142000,1.0834,1.08415,1.08335,1.0837
1730145600,1.08375,1.0839,1.08335,1.0834
1730152800,1.08345,1.08355,1.08325,1.0834
1730156400,1.08345,1.08395,1.0832,1.0839
1730160000,1.08385,1.08405,1.0834,1.0837
1730163600,1.0837,1.08385,1.0833,1.08375
1730167200,1.08375,1.084,1.0833,1.0834
1730170800,1.0834,1.0835,1.08275,1.08295
1730174400,1.08295,1.08305,1.0828,1.083
1730178000,1.083,1.0835,1.083,1.08325
1730181600,1.08325,1.0836,1.08285,1.0833
1730185200,1.08325,1.08375,1.08275,1.08315
1730188800,1.0831,1.08425,1.0831,1.084
1730192400,1.084,1.0848,1.08345,1.0839
1730196000,1.08395,1.08425,1.0825,1.08275
1730199600,1.08275,1.0828,1.0818,1.0821
1730203200,1.08205,1.08215,1.07935,1.07995
1730206800,1.07995,1.0813,1.07905,1.0809
1730210400,1.081,1.08345,1.081,1.0822
1730214000,1.08225,1.0823,1.08065,1.0819
1730217600,1.0819,1.0829,1.08135,1.082
1730221200,1.08205,1.08325,1.08195,1.0827
1730224800,1.08275,1.0838,1.0825,1.08345
1730228400,1.0835,1.0837,1.0832,1.0835
1730232000,1.0835,1.084,1.0834,1.084
1730239200,1.0838,1.08425,1.0836,1.0841
1730242800,1.0841,1.0843,1.0839,1.0841
1730246400,1.08405,1.0847,1.08405,1.0843
1730250000,1.0843,1.0847,1.08405,1.08425
1730253600,1.08425,1.08425,1.08385,1.0839
1730257200,1.0839,1.0839,1.0835,1.0835
1730260800,1.0835,1.0839,1.08345,1.08375
1730264400,1.08375,1.0838,1.0835,1.08365
1730268000,1.08365,1.0847,1.08365,1.08445
1730271600,1.0845,1.0845,1.08365,1.084
1730275200,1.084,1.08665,1.084,1.08555
1730278800,1.08565,1.08805,1.0854,1.08605
1730282400,1.0861,1.0865,1.08525,1.0855
1730286000,1.08555,1.0856,1.08425,1.0845
1730289600,1.0845,1.085,1.0826,1.08345
1730293200,1.0835,1.0865,1.08325,1.08645
1730296800,1.0865,1.0879,1.0863,1.087
1730300400,1.087,1.0888,1.08625,1.0885
1730304000,1.0885,1.08865,1.0878,1.08825
1730307600,1.0882,1.08895,1.08745,1.0887
1730311200,1.0887,1.08925,1.0886,1.08905
1730314800,1.08905,1.08905,1.0877,1.08815
1730318400,1.0882,1.0883,1.08765,1.0878
1730325600,1.08785,1.0879,1.0874,1.0878
1730329200,1.08785,1.08795,1.0877,1.08775
1730332800,1.08775,1.0879,1.08725,1.0873
1730336400,1.08725,1.0878,1.0864,1.08645
1730340000,1.08645,1.08705,1.0864,1.08685
1730343600,1.08685,1.08725,1.0868,1.0869
1730347200,1.0869,1.08695,1.0864,1.08675
1730350800,1.0867,1.08715,1.08665,1.0871
1730354400,1.0871,1.08755,1.0867,1.0871
1730358000,1.08715,1.0883,1.0867,1.08785
1730361600,1.08785,1.088,1.0871,1.0876
1730365200,1.08755,1.0887,1.0874,1.08855
1730368800,1.08855,1.08945,1.0884,1.08865
1730372400,1.0886,1.08895,1.08785,1.08875
1730376000,1.0888,1.09065,1.08835,1.08995
1730379600,1.0899,1.0908,1.08755,1.0879
1730383200,1.0879,1.0896,1.08705,1.0885
1730386800,1.0885,1.0885,1.08655,1.08745
1730390400,1.08745,1.08825,1.08725,1.08775
1730394000,1.0878,1.0884,1.0875,1.0881
1730397600,1.0881,1.0893,1.088,1.089
1730401200,1.089,1.08975,1.08875,1.08965
1730404800,1.08965,1.09045,1.08955,1.0903
1730412000,1.0901,1.09055,1.09,1.0905
1730415600,1.0905,1.09055,1.0902,1.09025
1730419200,1.0903,1.09065,1.0899,1.09055
1730422800,1.0905,1.0907,1.0897,1.08985
1730426400,1.0899,1.09,1.08955,1.0897
1730430000,1.08975,1.0898,1.0894,1.08955
1730433600,1.08955,1.0898,1.08945,1.0896
1730437200,1.08965,1.0897,1.089,1.08905
1730440800,1.0891,1.0894,1.089,1.0892
1730444400,1.08915,1.0896,1.0887,1.0887
1730448000,1.0887,1.0887,1.08765,1.0881
1730451600,1.0881,1.08875,1.0877,1.08775
1730455200,1.08775,1.088,1.08715,1.08795
1730458800,1.08795,1.0888,1.08775,1.0887
1730462400,1.0887,1.09245,1.0874,1.0905
1730466000,1.0905,1.09085,1.0884,1.0888
1730469600,1.08885,1.0898,1.08685,1.08735
1730473200,1.0873,1.08775,1.0866,1.08675
1730476800,1.0867,1.0873,1.0865,1.0871
1730480400,1.0871,1.0872,1.08525,1.08545
1730484000,1.08545,1.08645,1.08545,1.0858
1730487600,1.08585,1.0861,1.0853,1.0855
1730491200,1.0855,1.0856,1.08505,1.0852
1730674800,1.0889,1.0898,1.08885,1.0891
1730678400,1.0891,1.08975,1.0888,1.0895
1730682000,1.08955,1.091,1.0895,1.09065
1730685600,1.09065,1.0913,1.09035,1.0913
1730689200,1.0913,1.0924,1.0913,1.092
1730692800,1.092,1.09215,1.0915,1.0916
1730696400,1.0916,1.0918,1.09125,1.09175
1730700000,1.0918,1.0921,1.091,1.091
1730703600,1.091,1.0914,1.09055,1.09095
1730707200,1.091,1.0919,1.0908,1.09115
1730710800,1.0911,1.0921,1.09095,1.09145
1730714400,1.0915,1.09215,1.09125,1.092
1730718000,1.092,1.09325,1.09185,1.0932
1730721600,1.0932,1.09335,1.092,1.09235
1730725200,1.0923,1.0928,1.09115,1.09235
1730728800,1.0924,1.09285,1.09145,1.09185
1730732400,1.0919,1.09265,1.09145,1.09175
1730736000,1.09175,1.09195,1.0899,1.0903
1730739600,1.0903,1.09125,1.08985,1.0907
1730743200,1.0907,1.09075,1.0897,1.0904
1730746800,1.0904,1.0904,1.0896,1.0897
1730750400,1.08975,1.09,1.08935,1.0894
1730754000,1.0894,1.08965,1.08925,1.0896
1730761200,1.0897,1.0897,1.0891,1.08915
1730764800,1.08915,1.0894,1.08905,1.08935
1730768400,1.08935,1.0896,1.08905,1.08955
1730772000,1.08955,1.0898,1.08935,1.08955
1730775600,1.0895,1.08975,1.08935,1.0894
1730779200,1.08935,1.0896,1.0892,1.08935
1730782800,1.0893,1.0898,1.08925,1.08965
1730786400,1.0896,1.09005,1.0895,1.0899
1730790000,1.0899,1.0909,1.0899,1.09065
1730793600,1.0907,1.0912,1.0902,1.091
1730797200,1.09095,1.09155,1.0908,1.091
1730800800,1.091,1.09125,1.0909,1.0912
1730804400,1.0912,1.09195,1.0911,1.09175
1730808000,1.0918,1.09195,1.0912,1.0914
1730811600,1.0914,1.09165,1.09075,1.09105
1730815200,1.0911,1.09295,1.09105,1.0925
1730818800,1.09235,1.09305,1.0907,1.09205
1730822400,1.092,1.09385,1.09195,1.0938
1730826000,1.09385,1.09485,1.09365,1.0948
1730829600,1.09485,1.0955,1.0947,1.0949
1730833200,1.09485,1.09525,1.0945,1.09495
1730836800,1.09495,1.09495,1.0942,1.09435
1730840400,1.0943,1.09485,1.09425,1.09475
1730847600,1.0946,1.09545,1.09295,1.09515
1730851200,1.0951,1.09515,1.0849,1.08545
1730854800,1.08545,1.0875,1.08385,1.08545
1730858400,1.08535,1.0857,1.0779,1.078
1730862000,1.07805,1.07975,1.0736,1.0764
1730865600,1.0764,1.0808,1.0757,1.0795
1730869200,1.0795,1.0812,1.07675,1.07765
1730872800,1.0777,1.0779,1.072,1.07435
1730876400,1.07435,1.077,1.0743,1.07515
1730880000,1.0751,1.07985,1.07475,1.07905
1730883600,1.079,1.0791,1.07675,1.07725
1730887200,1.0772,1.07785,1.0759,1.07635
1730890800,1.0763,1.07635,1.07175,1.0725
1730894400,1.0725,1.0736,1.0699,1.07055
1730898000,1.0706,1.0736,1.06995,1.07265
1730901600,1.07265,1.0737,1.07155,1.07325
1730905200,1.0733,1.0757,1.0731,1.07555
1730908800,1.0755,1.07625,1.0743,1.07485
1730912400,1.0748,1.0762,1.0743,1.0744
1730916000,1.07445,1.07755,1.07435,1.077
1730919600,1.07705,1.07705,1.0747,1.07525
1730923200,1.07525,1.0756,1.075,1.0752
1730926800,1.0752,1.0753,1.07455,1.07465
1730934000,1.07475,1.07505,1.0744,1.0747
1730937600,1.0747,1.0753,1.0736,1.0737
1730941200,1.07365,1.07445,1.07285,1.07335
1730944800,1.07335,1.07525,1.0733,1.0752
1730948400,1.0752,1.07565,1.0747,1.07555
1730952000,1.0755,1.0761,1.075,1.07535
1730955600,1.0753,1.07635,1.0753,1.0762
1730959200,1.07615,1.0766,1.07555,1.0766
1730962800,1.0765,1.07855,1.07605,1.07675
1730966400,1.07675,1.07875,1.07645,1.0784
1730970000,1.0784,1.07845,1.07615,1.07615
1730973600,1.0762,1.0782,1.07615,1.07715
1730977200,1.07715,1.07775,1.07675,1.0775
1730980800,1.07745,1.07935,1.07725,1.0791
1730984400,1.0791,1.081,1.0789,1.0808
1730988000,1.0808,1.0832,1.07965,1.0825
1730991600,1.0825,1.084,1.08205,1.0827
1730995200,1.08265,1.08305,1.08,1.0807
1730998800,1.08065,1.08215,1.0803,1.082
1731002400,1.08205,1.08225,1.08085,1.08135
1731006000,1.0814,1.08195,1.07825,1.07975
1731009600,1.0798,1.0825,1.07955,1.0818
1731013200,1.08175,1.0819,1.08145,1.0818
1731020400,1.0818,1.082,1.081,1.0811
1731024000,1.0811,1.08125,1.08035,1.08055
1731027600,1.0806,1.0807,1.07945,1.08025
1731031200,1.08025,1.08055,1.07955,1.07965
1731034800,1.0796,1.08045,1.07925,1.07935
1731038400,1.07935,1.07995,1.0792,1.07985
1731042000,1.07985,1.0802,1.07955,1.0797
1731045600,1.07975,1.0799,1.07885,1.07925
1731049200,1.0793,1.07995,1.07905,1.0795
1731052800,1.0795,1.07985,1.07765,1.0794
1731056400,1.0794,1.08045,1.07875,1.07945
1731060000,1.0794,1.0795,1.07825,1.07935
1731063600,1.0794,1.08125,1.0794,1.07985
1731067200,1.07985,1.07995,1.0782,1.07875
1731070800,1.07875,1.07875,1.07595,1.0768
1731074400,1.07685,1.0781,1.0765,1.07665
1731078000,1.0767,1.07695,1.0755,1.0764
1731081600,1.07635,1.0766,1.07245,1.0725
1731085200,1.0725,1.07285,1.0702,1.0724
1731088800,1.07245,1.0734,1.0715,1.07215
1731092400,1.07215,1.07305,1.07205,1.0729
1731096000,1.0729,1.0735,1.07255,1.0733
1731099600,1.0733,1.0737,1.07325,1.07345
1731279600,1.07245,1.0732,1.0723,1.0728
1731283200,1.0728,1.0734,1.07235,1.07325
1731286800,1.0732,1.0743,1.0731,1.0735
1731290400,1.0735,1.07405,1.07345,1.0738
1731294000,1.07375,1.07425,1.073,1.0732
1731297600,1.07315,1.07315,1.0723,1.0729
1731301200,1.0729,1.0734,1.07265,1.07325
1731304800,1.0733,1.0736,1.07275,1.07355
1731308400,1.07355,1.0737,1.07005,1.07045
1731312000,1.0705,1.07095,1.0693,1.0702
1731315600,1.0702,1.07045,1.0683,1.06965
1731319200,1.0696,1.07035,1.0686,1.0687
1731322800,1.06865,1.06865,1.06705,1.06775
1731326400,1.06775,1.06795,1.06665,1.0667
1731330000,1.06675,1.067,1.06515,1.06625
1731333600,1.0663,1.0672,1.06435,1.06575
1731337200,1.06575,1.06655,1.0651,1.0662
1731340800,1.0662,1.0669,1.06595,1.0667
1731344400,1.06665,1.0671,1.06595,1.0664
1731348000,1.06635,1.06665,1.06605,1.0665
1731351600,1.0665,1.0672,1.0664,1.06655
1731355200,1.06655,1.0671,1.06655,1.06705
1731358800,1.067,1.06725,1.06695,1.06705
1731366000,1.0671,1.06775,1.0668,1.06775
1731369600,1.0677,1.06775,1.06685,1.06725
1731373200,1.06725,1.0674,1.0662,1.0663
1731376800,1.06625,1.06665,1.06565,1.0658
1731380400,1.0658,1.06635,1.06525,1.0653
1731384000,1.06525,1.066,1.06525,1.06585
1731387600,1.06585,1.066,1.0654,1.06545
1731391200,1.0654,1.0654,1.0644,1.06485
1731394800,1.06485,1.06515,1.0636,1.06465
1731398400,1.06465,1.06485,1.06315,1.0646
1731402000,1.0646,1.06465,1.0631,1.06405
1731405600,1.064,1.064,1.06255,1.0632
1731409200,1.06325,1.0644,1.06315,1.0633
1731412800,1.06335,1.06355,1.06205,1.0634
1731416400,1.0634,1.06415,1.06285,1.0637
1731420000,1.0637,1.0641,1.0628,1.06315
1731423600,1.0632,1.06325,1.06155,1.0623
1731427200,1.06225,1.063,1.061,1.0612
1731430800,1.06125,1.06225,1.0609,1.06205
1731434400,1.0621,1.06315,1.06205,1.06305
1731438000,1.063,1.06325,1.06265,1.0627
1731441600,1.0627,1.0638,1.06235,1.06365
1731445200,1.06365,1.0641,1.0636,1.06375
1731452400,1.06355,1.0636,1.0628,1.06305
1731456000,1.06305,1.06305,1.0625,1.0627
1731459600,1.06265,1.0643,1.0626,1.0642
1731463200,1.0642,1.0643,1.06355,1.064
1731466800,1.064,1.06415,1.0632,1.0633
1731470400,1.06325,1.06365,1.06315,1.0632
1731474000,1.06315,1.0632,1.06235,1.0627
1731477600,1.0627,1.06305,1.06215,1.0627
1731481200,1.0627,1.06285,1.06165,1.06165
1731484800,1.06165,1.06275,1.06075,1.06255
1731488400,1.06255,1.0644,1.0622,1.06405
1731492000,1.06405,1.0642,1.06255,1.06285
1731495600,1.06285,1.0652,1.06235,1.0651
1731499200,1.06515,1.0657,1.06385,1.06455
1731502800,1.06455,1.0669,1.06375,1.0651
1731506400,1.06505,1.06525,1.059,1.05995
1731510000,1.05995,1.06075,1.05695,1.06025
1731513600,1.06025,1.0606,1.05765,1.058
1731517200,1.05805,1.05915,1.0575,1.05825
1731520800,1.0583,1.05835,1.05705,1.0573
1731524400,1.05725,1.059,1.05705,1.0579
1731528000,1.05795,1.05825,1.05725,1.05755
1731531600,1.0576,1.05805,1.0575,1.05765
1731538800,1.0577,1.05785,1.0574,1.05775
1731542400,1.05785,1.05815,1.0575,1.0578
1731546000,1.05775,1.05775,1.05635,1.05685
1731549600,1.05685,1.05705,1.056,1.0562
1731553200,1.0562,1.0568,1.0558,1.05605
1731556800,1.05605,1.0563,1.0558,1.0561
1731560400,1.0561,1.0561,1.0546,1.05595
1731564000,1.05595,1.0567,1.0555,1.05575
1731567600,1.0558,1.0567,1.05535,1.05635
1731571200,1.05635,1.05705,1.05445,1.05485
1731574800,1.05485,1.05545,1.05305,1.0533
1731578400,1.0532,1.05335,1.0514,1.0524
1731582000,1.0524,1.05465,1.05085,1.05415
1731585600,1.05415,1.05575,1.05355,1.05485
1731589200,1.0548,1.0556,1.05265,1.0543
1731592800,1.05425,1.0581,1.0542,1.05655
1731596400,1.05655,1.05905,1.05655,1.05875
1731600000,1.0587,1.05955,1.0573,1.05745
1731603600,1.0574,1.0576,1.05675,1.05715
1731607200,1.0572,1.05735,1.05585,1.05595
1731610800,1.05595,1.0564,1.0556,1.056
1731614400,1.05605,1.0563,1.0524,1.0533
1731618000,1.05325,1.05425,1.05315,1.05425
1731625200,1.0543,1.05435,1.0538,1.0541
1731628800,1.0541,1.05455,1.0535,1.05425
1731632400,1.05425,1.05535,1.054,1.05435
1731636000,1.0544,1.0555,1.0544,1.0553
1731639600,1.0553,1.0558,1.0551,1.05525
1731643200,1.0552,1.05585,1.0551,1.05545
1731646800,1.0554,1.0555,1.0551,1.05525
1731650400,1.0552,1.05735,1.0546,1.0566
1731654000,1.05655,1.0576,1.0563,1.0568
1731657600,1.05685,1.05835,1.0564,1.0582
1731661200,1.05815,1.0592,1.0573,1.0574
1731664800,1.0574,1.05895,1.0571,1.05865
1731668400,1.0586,1.0592,1.05825,1.0589
1731672000,1.0589,1.0591,1.0576,1.0588
1731675600,1.0588,1.06055,1.05665,1.05705
1731679200,1.057,1.05755,1.05355,1.05435
1731682800,1.0544,1.0554,1.0537,1.0547
1731686400,1.05465,1.05635,1.0545,1.0563
1731690000,1.0563,1.0572,1.0559,1.05605
1731693600,1.0561,1.05665,1.05505,1.05635
1731697200,1.0564,1.0564,1.0548,1.0549
1731700800,1.0549,1.05495,1.05285,1.054
1731704400,1.05395,1.0554,1.0535,1.0553
1731884400,1.05495,1.05495,1.0544,1.0547
1731888000,1.05475,1.0561,1.05445,1.05605
1731891600,1.056,1.0562,1.055,1.0554
1731895200,1.05535,1.0558,1.05495,1.0553
1731898800,1.0553,1.0556,1.05415,1.05455
1731902400,1.0546,1.0554,1.05455,1.05525
1731906000,1.0552,1.05555,1.0547,1.05495
1731909600,1.05495,1.0559,1.0548,1.05545
1731913200,1.05545,1.056,1.05495,1.05585
1731916800,1.0559,1.05675,1.0553,1.05585
1731920400,1.0558,1.0583,1.0555,1.0578
1731924000,1.0578,1.05785,1.0557,1.056
1731927600,1.056,1.056,1.05445,1.0554
1731931200,1.0554,1.056,1.05465,1.05585
1731934800,1.0559,1.05805,1.0557,1.05795
1731938400,1.05795,1.05865,1.0572,1.0581
1731942000,1.0581,1.05875,1.05725,1.0585
1731945600,1.0585,1.05975,1.0577,1.05975
1731949200,1.05975,1.0604,1.05915,1.0603
1731952800,1.06025,1.06095,1.05985,1.06085
1731956400,1.0609,1.0619,1.06005,1.06025
1731960000,1.06025,1.0608,1.06005,1.06045
1731963600,1.06035,1.0612,1.0602,1.061
1731970800,1.06115,1.06115,1.0604,1.06055
1731974400,1.06055,1.0606,1.0598,1.06005
1731978000,1.06005,1.0607,1.06,1.0604
1731981600,1.0604,1.06075,1.06,1.0603
1731985200,1.0603,1.0612,1.06025,1.0608
1731988800,1.0608,1.0612,1.05975,1.05975
1731992400,1.0598,1.05995,1.05935,1.0595
1731996000,1.0595,1.0607,1.05945,1.0604
1731999600,1.0604,1.0606,1.05855,1.05885
1732003200,1.0589,1.0599,1.05735,1.05825
1732006800,1.05825,1.05895,1.05345,1.0561
1732010400,1.05605,1.05805,1.0555,1.05725
1732014000,1.05725,1.0576,1.05605,1.0573
1732017600,1.05735,1.05835,1.0571,1.05835
1732021200,1.05835,1.06085,1.05825,1.05885
1732024800,1.0588,1.0607,1.0581,1.0584
1732028400,1.0584,1.06125,1.05765,1.0598
1732032000,1.0598,1.06045,1.05825,1.0589
1732035600,1.05885,1.06005,1.0588,1.05915
1732039200,1.0591,1.06015,1.05825,1.0601
1732042800,1.06015,1.06065,1.0595,1.06045
1732046400,1.0605,1.06095,1.06025,1.06045
1732050000,1.06045,1.06085,1.0604,1.06065
1732057200,1.0608,1.06185,1.06065,1.0618
1732060800,1.0618,1.06205,1.061,1.061
1732064400,1.06105,1.06145,1.06065,1.0611
1732068000,1.0611,1.06145,1.06065,1.0607
1732071600,1.0607,1.06095,1.0599,1.06005
1732075200,1.0601,1.06055,1.05985,1.0604
1732078800,1.06035,1.06055,1.05975,1.0598
1732082400,1.0598,1.06065,1.0594,1.05985
1732086000,1.0598,1.0606,1.05875,1.05895
1732089600,1.059,1.059,1.05715,1.0575
1732093200,1.0575,1.05795,1.0564,1.05665
1732096800,1.05665,1.0572,1.05565,1.056
1732100400,1.05595,1.05675,1.05535,1.05655
1732104000,1.05655,1.0579,1.05625,1.05695
1732107600,1.05695,1.0574,1.0562,1.05675
1732111200,1.05675,1.0568,1.05335,1.05355
1732114800,1.0536,1.05485,1.05255,1.05325
1732118400,1.05325,1.05355,1.05175,1.0531
1732122000,1.05305,1.0547,1.05265,1.0543
1732125600,1.0543,1.05475,1.05365,1.05465
1732129200,1.0547,1.05535,1.05465,1.05505
1732132800,1.05505,1.05505,1.0547,1.055
1732136400,1.05495,1.05555,1.05485,1.05545
1732143600,1.05535,1.0556,1.05525,1.0556
1732147200,1.05555,1.05575,1.0552,1.0556
1732150800,1.05555,1.05595,1.05545,1.05555
1732154400,1.05555,1.056,1.05555,1.0559
1732158000,1.05595,1.0563,1.0557,1.05625
1732161600,1.0563,1.05645,1.05585,1.05615
1732165200,1.05605,1.05615,1.0556,1.05565
1732168800,1.05565,1.05645,1.05515,1.0555
1732172400,1.05545,1.05575,1.05395,1.05455
1732176000,1.05465,1.0553,1.0534,1.05505
1732179600,1.055,1.05505,1.05235,1.05265
1732183200,1.05265,1.05385,1.05235,1.05305
1732186800,1.05305,1.0541,1.0526,1.05295
1732190400,1.053,1.05455,1.0527,1.05365
1732194000,1.0537,1.05495,1.0525,1.05425
1732197600,1.05425,1.05455,1.05305,1.05445
1732201200,1.0545,1.05545,1.0519,1.052
1732204800,1.052,1.05245,1.0481,1.04835
1732208400,1.0484,1.04975,1.04715,1.04965
1732212000,1.04965,1.0499,1.04875,1.04955
1732215600,1.04955,1.0497,1.0483,1.04945
1732219200,1.04935,1.04965,1.0487,1.0488
1732222800,1.04885,1.04905,1.0481,1.0484
1732230000,1.0484,1.04865,1.0477,1.0478
1732233600,1.0478,1.04845,1.04755,1.04845
1732237200,1.0485,1.04865,1.04785,1.04805
1732240800,1.04805,1.04825,1.0476,1.0482
1732244400,1.0482,1.0488,1.04815,1.0484
1732248000,1.0484,1.0485,1.04785,1.04835
1732251600,1.04835,1.04835,1.04705,1.0474
1732255200,1.04735,1.04795,1.0473,1.04785
1732258800,1.0479,1.04985,1.04715,1.04955
1732262400,1.04955,1.05085,1.04505,1.0453
1732266000,1.0453,1.04565,1.03405,1.04115
1732269600,1.04115,1.0447,1.0394,1.0439
1732273200,1.0439,1.04395,1.0417,1.04255
1732276800,1.0426,1.04285,1.0407,1.04165
1732280400,1.0417,1.04435,1.04155,1.04385
1732284000,1.04385,1.0444,1.041,1.0413
1732287600,1.04145,1.04295,1.0404,1.04195
1732291200,1.04195,1.0421,1.04015,1.04075
1732294800,1.04075,1.04295,1.04075,1.0428
1732298400,1.04275,1.0434,1.04235,1.04255
1732302000,1.04255,1.04275,1.04175,1.042
1732305600,1.042,1.0427,1.04165,1.0424
1732309200,1.04235,1.0429,1.0422,1.0428
1732489200,1.046,1.05125,1.0451,1.0489
1732492800,1.04875,1.0494,1.0482,1.049
1732496400,1.04895,1.0499,1.0483,1.0487
1732500000,1.04865,1.04985,1.04835,1.0496
1732503600,1.0496,1.04975,1.04845,1.04865
1732507200,1.04865,1.049,1.04835,1.04885
1732510800,1.0488,1.04915,1.04835,1.0488
1732514400,1.0488,1.04985,1.0484,1.0492
1732518000,1.0492,1.04925,1.04585,1.04595
1732521600,1.04595,1.04755,1.04575,1.04745
1732525200,1.04735,1.0506,1.04715,1.04985
1732528800,1.0498,1.05055,1.04925,1.0495
1732532400,1.0495,1.0499,1.0484,1.04885
1732536000,1.04885,1.0502,1.0483,1.0497
1732539600,1.0498,1.05395,1.0497,1.05375
1732543200,1.05375,1.0539,1.05135,1.0517
1732546800,1.0517,1.05285,1.0495,1.04975
1732550400,1.0497,1.05035,1.04755,1.04865
1732554000,1.04865,1.04955,1.04775,1.0495
1732557600,1.04945,1.0517,1.04945,1.0516
1732561200,1.05165,1.05195,1.051,1.05145
1732564800,1.0514,1.0518,1.05,1.0501
1732568400,1.0501,1.0506,1.05,1.05045
1732575600,1.0503,1.05085,1.04505,1.0452
1732579200,1.0452,1.04655,1.0433,1.04425
1732582800,1.0442,1.0473,1.0438,1.0462
1732586400,1.0462,1.04725,1.04595,1.04685
1732590000,1.0468,1.04875,1.0466,1.04855
1732593600,1.04855,1.0498,1.04845,1.04875
1732597200,1.04875,1.0489,1.0482,1.0483
1732600800,1.0483,1.04915,1.0482,1.0484
1732604400,1.04845,1.04935,1.048,1.048
1732608000,1.048,1.05045,1.04775,1.0499
1732611600,1.0499,1.0527,1.04985,1.0515
1732615200,1.0515,1.05285,1.05135,1.0525
1732618800,1.05245,1.0529,1.0513,1.05215
1732622400,1.0521,1.05525,1.05175,1.0532
1732626000,1.0532,1.05345,1.05075,1.05115
1732629600,1.05115,1.05145,1.0498,1.051
1732633200,1.0511,1.0518,1.04865,1.04875
1732636800,1.0488,1.0494,1.04715,1.04875
1732640400,1.04875,1.04885,1.04725,1.04785
1732644000,1.04785,1.04825,1.0465,1.0473
1732647600,1.04735,1.04885,1.04655,1.04805
1732651200,1.0481,1.049,1.0479,1.04885
1732654800,1.0488,1.0498,1.0488,1.0497
1732662000,1.0497,1.05,1.04935,1.0499
1732665600,1.05,1.05045,1.04965,1.04975
1732669200,1.0497,1.05005,1.04925,1.0494
1732672800,1.04945,1.0496,1.04895,1.04935
1732676400,1.04935,1.0494,1.04855,1.04905
1732680000,1.04905,1.0492,1.04855,1.04865
1732683600,1.04865,1.04885,1.04825,1.0485
1732687200,1.0485,1.0494,1.04835,1.0488
1732690800,1.0488,1.0513,1.04875,1.0506
1732694400,1.0506,1.05485,1.0504,1.0522
1732698000,1.0522,1.05265,1.0517,1.0524
1732701600,1.0524,1.0538,1.05205,1.05355
1732705200,1.0535,1.0538,1.0518,1.0534
1732708800,1.0534,1.0546,1.05275,1.0536
1732712400,1.05365,1.05815,1.0535,1.05805
1732716000,1.05805,1.0587,1.05565,1.05645
1732719600,1.0565,1.0588,1.0541,1.05785
1732723200,1.05785,1.0593,1.05625,1.0582
1732726800,1.05825,1.0596,1.05795,1.0584
1732730400,1.05845,1.05865,1.05735,1.05745
1732734000,1.0574,1.0579,1.05685,1.05705
1732737600,1.05705,1.05745,1.0567,1.05735
1732741200,1.05735,1.0576,1.05705,1.05745
1732748400,1.0574,1.0576,1.0567,1.05685
1732752000,1.05685,1.05685,1.05575,1.0559
1732755600,1.0558,1.0569,1.0554,1.0563
1732759200,1.0564,1.05675,1.05575,1.05635
1732762800,1.05635,1.0564,1.05565,1.05585
1732766400,1.0559,1.0564,1.05555,1.0561
1732770000,1.05615,1.05645,1.0556,1.0557
1732773600,1.05565,1.05585,1.05495,1.0555
1732777200,1.05555,1.05615,1.05385,1.05485
1732780800,1.0548,1.05565,1.05345,1.05505
1732784400,1.05505,1.0563,1.0538,1.0539
1732788000,1.05385,1.05575,1.05365,1.0557
1732791600,1.0557,1.0563,1.05525,1.05565
1732795200,1.05565,1.05605,1.05505,1.05515
1732798800,1.05515,1.0554,1.0537,1.05405
1732802400,1.0541,1.05565,1.0538,1.0556
1732806000,1.05555,1.0564,1.05485,1.05595
1732809600,1.0559,1.0561,1.0554,1.05605
1732813200,1.056,1.05625,1.0557,1.05595
1732834800,1.05615,1.05685,1.0559,1.05665
1732838400,1.05665,1.0578,1.05645,1.0569
1732842000,1.05685,1.0581,1.05625,1.0566
1732845600,1.05655,1.058,1.05655,1.0577
1732849200,1.0577,1.0582,1.0572,1.058
1732852800,1.058,1.0583,1.05745,1.0576
1732856400,1.0576,1.05805,1.05725,1.0574
1732860000,1.0574,1.05865,1.0571,1.05865
1732863600,1.05865,1.0603,1.058,1.0586
1732867200,1.05855,1.0588,1.057,1.05765
1732870800,1.05765,1.05875,1.05575,1.0564
1732874400,1.05635,1.05795,1.05625,1.0571
1732878000,1.05705,1.05735,1.0561,1.05685
1732881600,1.0569,1.0572,1.05545,1.05705
1732885200,1.0571,1.05745,1.0561,1.0569
1732888800,1.0569,1.0571,1.05515,1.0559
1732892400,1.05595,1.05735,1.0552,1.05675
1732896000,1.05675,1.0569,1.0547,1.0553
1732899600,1.05525,1.05745,1.055,1.05735
1732903200,1.0573,1.05845,1.0573,1.0577
1733094000,1.0575,1.0575,1.05395,1.05495
1733097600,1.055,1.0552,1.05365,1.05415
1733101200,1.05415,1.0545,1.05335,1.0536
1733104800,1.05355,1.05375,1.05255,1.0531
1733108400,1.0531,1.0533,1.05255,1.05295
1733112000,1.05295,1.05345,1.0525,1.0529
1733115600,1.05295,1.0534,1.05205,1.05275
1733119200,1.05275,1.05415,1.0527,1.0538
1733122800,1.0539,1.0543,1.05075,1.05085
1733126400,1.05085,1.0518,1.0502,1.0508
1733130000,1.05075,1.05245,1.05075,1.05195
1733133600,1.0519,1.05295,1.05115,1.0527
1733137200,1.0527,1.05345,1.05255,1.05285
1733140800,1.05285,1.0544,1.05,1.0506
1733144400,1.05065,1.052,1.0502,1.0511
1733148000,1.05115,1.05205,1.04775,1.0479
1733151600,1.0479,1.04865,1.04675,1.0475
1733155200,1.04745,1.0503,1.04665,1.0489
1733158800,1.0489,1.05045,1.04855,1.04925
1733162400,1.04935,1.04985,1.049,1.0495
1733166000,1.04955,1.05,1.0493,1.0496
1733169600,1.0496,1.05215,1.0494,1.05055
1733173200,1.05055,1.0508,1.05025,1.05045
1733180400,1.05035,1.05075,1.05015,1.05065
1733184000,1.0506,1.05075,1.0494,1.04965
1733187600,1.0497,1.05025,1.049,1.04935
1733191200,1.04935,1.04975,1.0488,1.04945
1733194800,1.04945,1.05,1.0492,1.04955
1733198400,1.04955,1.04965,1.049,1.0491
1733202000,1.0491,1.0498,1.0486,1.0497
1733205600,1.0497,1.05,1.0489,1.0493
1733209200,1.04935,1.0517,1.04915,1.05035
1733212800,1.0503,1.05335,1.0503,1.0531
1733216400,1.05305,1.0536,1.0522,1.05255
1733220000,1.0526,1.0535,1.05175,1.052
1733223600,1.052,1.0533,1.05195,1.0528
1733227200,1.0528,1.053,1.0512,1.0513
1733230800,1.05135,1.0532,1.05115,1.0529
1733234400,1.05295,1.05345,1.05225,1.05245
1733238000,1.05245,1.05245,1.04975,1.0522
1733241600,1.0522,1.05245,1.05085,1.05225
1733245200,1.0523,1.05355,1.0514,1.05335
1733248800,1.05335,1.05405,1.05305,1.0533
1733252400,1.0533,1.05345,1.05095,1.051
1733256000,1.051,1.0518,1.0508,1.0514
1733259600,1.0514,1.05175,1.0512,1.0515
1733266800,1.0515,1.0516,1.05105,1.05145
1733270400,1.0514,1.05165,1.0502,1.0504
1733274000,1.05045,1.05175,1.05015,1.0511
1733277600,1.05115,1.0513,1.0503,1.0505
1733281200,1.05055,1.05055,1.0493,1.04985
1733284800,1.0498,1.0518,1.0496,1.0515
1733288400,1.05155,1.05255,1.05145,1.052
1733292000,1.052,1.05335,1.05155,1.05275
1733295600,1.05275,1.05315,1.05125,1.0514
1733299200,1.0514,1.052,1.04955,1.04965
1733302800,1.04965,1.0511,1.04875,1.05075
1733306400,1.0508,1.0514,1.0501,1.05045
1733310000,1.0504,1.05175,1.05025,1.051
1733313600,1.05095,1.051,1.04925,1.0496
1733317200,1.0496,1.0502,1.0484,1.0488
1733320800,1.0488,1.05035,1.0477,1.0497
1733324400,1.05,1.0549,1.05,1.05345
1733328000,1.05345,1.05415,1.0525,1.0532
1733331600,1.0532,1.0547,1.05295,1.05415
1733335200,1.0542,1.05435,1.0519,1.0521
1733338800,1.05205,1.05345,1.05125,1.0519
1733342400,1.05185,1.0522,1.05095,1.05175
1733346000,1.0518,1.05205,1.0513,1.0516
1733353200,1.05145,1.0519,1.05115,1.0516
1733356800,1.0516,1.0519,1.0512,1.05175
1733360400,1.0518,1.052,1.0513,1.05155
1733364000,1.0516,1.0526,1.05145,1.0523
1733367600,1.05235,1.05265,1.05195,1.0526
1733371200,1.05265,1.0529,1.0521,1.0522
1733374800,1.05215,1.05325,1.05205,1.053
1733378400,1.053,1.05335,1.05265,1.05295
1733382000,1.05295,1.0542,1.05285,1.0539
1733385600,1.05385,1.055,1.0533,1.0534
1733389200,1.0534,1.05385,1.0525,1.0532
1733392800,1.0532,1.05385,1.05285,1.053
1733396400,1.0529,1.05415,1.05265,1.054
1733400000,1.054,1.05425,1.05275,1.054
1733403600,1.054,1.0572,1.0537,1.0571
1733407200,1.0571,1.05935,1.0569,1.0579
1733410800,1.05795,1.05835,1.05545,1.05755
1733414400,1.0576,1.05825,1.0568,1.0574
1733418000,1.0574,1.0578,1.05615,1.0571
1733421600,1.0571,1.0573,1.05605,1.05715
1733425200,1.0572,1.0593,1.0572,1.0591
1733428800,1.05915,1.05915,1.05845,1.0588
1733432400,1.05875,1.05925,1.05855,1.05895
1733439600,1.059,1.0591,1.0587,1.05895
1733443200,1.05895,1.05895,1.05795,1.05805
1733446800,1.05805,1.05815,1.0569,1.0572
1733450400,1.0572,1.05815,1.0572,1.058
1733454000,1.05805,1.05835,1.0576,1.0579
1733457600,1.05795,1.05805,1.0576,1.05785
1733461200,1.05785,1.05785,1.0572,1.05755
1733464800,1.0575,1.0581,1.0572,1.0578
1733468400,1.0578,1.05875,1.05705,1.0587
1733472000,1.05865,1.0598,1.058,1.0585
1733475600,1.05855,1.05865,1.05745,1.05805
1733479200,1.0581,1.05885,1.05745,1.0586
1733482800,1.0586,1.05925,1.058,1.05905
1733486400,1.05905,1.05915,1.0584,1.05845
1733490000,1.05845,1.06335,1.05825,1.06075
1733493600,1.0608,1.06105,1.0571,1.05825
1733497200,1.0582,1.0582,1.05475,1.0567
1733500800,1.05665,1.0579,1.05575,1.05655
1733504400,1.05655,1.05655,1.05505,1.0554
1733508000,1.0554,1.05645,1.05495,1.0553
1733511600,1.0553,1.05585,1.05455,1.05575
1733515200,1.0558,1.05675,1.0557,1.05665
1733518800,1.0567,1.05725,1.05645,1.0571
1733698800,1.05655,1.0572,1.05625,1.05685
1733702400,1.0569,1.0569,1.05585,1.05625
1733706000,1.05635,1.05635,1.0554,1.05555
1733709600,1.05555,1.05595,1.05535,1.05575
1733713200,1.0558,1.05595,1.054,1.05405
1733716800,1.054,1.0543,1.0535,1.05385
1733720400,1.0538,1.05415,1.05365,1.054
1733724000,1.054,1.0548,1.05395,1.05475
1733727600,1.0547,1.0569,1.0544,1.0567
1733731200,1.05675,1.05735,1.05595,1.05705
1733734800,1.05705,1.0578,1.05645,1.0569
1733738400,1.05695,1.05885,1.05695,1.05835
1733742000,1.0583,1.0588,1.05705,1.05715
1733745600,1.05715,1.0574,1.0561,1.05685
1733749200,1.0569,1.05805,1.0561,1.0579
1733752800,1.0579,1.0588,1.05745,1.05815
1733756400,1.05815,1.0596,1.0575,1.0594
1733760000,1.05935,1.05975,1.05715,1.0573
1733763600,1.05735,1.05775,1.0569,1.057
1733767200,1.05695,1.05705,1.0563,1.05665
1733770800,1.05665,1.0567,1.05545,1.0558
1733774400,1.05585,1.05605,1.055,1.05525
1733778000,1.0553,1.0558,1.0553,1.0556
1733785200,1.0559,1.05595,1.0555,1.0557
1733788800,1.0557,1.0557,1.05515,1.05555
1733792400,1.05555,1.0556,1.05475,1.05555
1733796000,1.0556,1.0564,1.0554,1.0556
1733799600,1.0556,1.056,1.05515,1.0559
1733803200,1.0559,1.05625,1.05585,1.056
1733806800,1.05605,1.0565,1.05565,1.05645
1733810400,1.05645,1.05705,1.0564,1.05695
1733814000,1.0569,1.0569,1.05495,1.05515
1733817600,1.05515,1.0554,1.05405,1.05405
1733821200,1.054,1.0541,1.0525,1.0534
1733824800,1.05335,1.05405,1.05285,1.0531
1733828400,1.0531,1.05355,1.0527,1.0534
1733832000,1.0534,1.05365,1.05225,1.05335
1733835600,1.05335,1.0534,1.0518,1.05255
1733839200,1.0526,1.0534,1.0522,1.0522
1733842800,1.05225,1.05285,1.0501,1.0506
1733846400,1.0506,1.0515,1.0502,1.0514
1733850000,1.0514,1.05195,1.0507,1.0512
1733853600,1.05125,1.0529,1.0511,1.0528
1733857200,1.05275,1.0534,1.0527,1.05295
1733860800,1.0529,1.0533,1.0526,1.0529
1733864400,1.05285,1.05315,1.0526,1.0529
1733871600,1.0529,1.05345,1.0529,1.0533
1733875200,1.05335,1.05345,1.05295,1.05315
1733878800,1.05315,1.05375,1.05305,1.0537
1733882400,1.0537,1.05415,1.05355,1.0539
1733886000,1.05395,1.05395,1.053,1.05305
1733889600,1.053,1.05325,1.05225,1.05275
1733893200,1.0527,1.05295,1.0523,1.05265
1733896800,1.05265,1.053,1.0525,1.0528
1733900400,1.0528,1.05305,1.049,1.0492
1733904000,1.0492,1.05145,1.0492,1.0508
1733907600,1.05075,1.0512,1.0499,1.05025
1733911200,1.0502,1.05035,1.0489,1.0497
1733914800,1.0497,1.05075,1.0492,1.05055
1733918400,1.05055,1.05205,1.0502,1.0505
1733922000,1.05055,1.05395,1.0505,1.05265
1733925600,1.0526,1.05315,1.04955,1.05035
1733929200,1.0503,1.051,1.0482,1.0493
1733932800,1.04925,1.0514,1.0487,1.05105
1733936400,1.051,1.0514,1.04885,1.04895
1733940000,1.049,1.05025,1.04855,1.04865
1733943600,1.04865,1.0496,1.04835,1.04935
1733947200,1.04935,1.0497,1.049,1.04945
1733950800,1.04945,1.04995,1.0494,1.0498
1733958000,1.0499,1.05075,1.04975,1.05065
1733961600,1.0506,1.05095,1.0503,1.05065
1733965200,1.05065,1.05095,1.05045,1.0507
1733968800,1.0507,1.0508,1.0503,1.05045
1733972400,1.05045,1.05095,1.05015,1.05065
1733976000,1.0506,1.051,1.05055,1.05095
1733979600,1.051,1.05105,1.05045,1.05075
1733983200,1.05075,1.0515,1.0505,1.05145
1733986800,1.05145,1.05315,1.05135,1.05175
1733990400,1.0517,1.05215,1.05055,1.051
1733994000,1.051,1.05185,1.0506,1.0511
1733997600,1.05105,1.0515,1.04965,1.04975
1734001200,1.04975,1.05085,1.04955,1.05035
1734004800,1.05035,1.05045,1.04895,1.04895
1734008400,1.049,1.0503,1.047,1.04855
1734012000,1.0486,1.05215,1.0473,1.052
1734015600,1.05205,1.0522,1.04645,1.04735
1734019200,1.04735,1.05165,1.04725,1.0514
1734022800,1.05145,1.0518,1.0496,1.0501
1734026400,1.0502,1.0503,1.0483,1.04835
1734030000,1.04835,1.0486,1.0473,1.0473
1734033600,1.04735,1.04755,1.04655,1.04685
1734037200,1.0468,1.0473,1.04645,1.04665
1734044400,1.051,1.0517,1.0507,1.05165
1734048000,1.0516,1.0523,1.0513,1.0522
1734051600,1.0522,1.05235,1.05065,1.0508
1734055200,1.05085,1.05095,1.05035,1.0504
1734058800,1.0504,1.05085,1.05025,1.0503
1734062400,1.0503,1.05065,1.04995,1.05065
1734066000,1.05065,1.05085,1.05035,1.0508
1734069600,1.0508,1.0509,1.04995,1.0509
1734073200,1.0509,1.0509,1.0496,1.05025
1734076800,1.0502,1.0515,1.04995,1.0512
1734080400,1.05115,1.0537,1.05095,1.053
1734084000,1.05305,1.05395,1.05265,1.05305
1734087600,1.053,1.05375,1.053,1.0532
1734091200,1.0532,1.05625,1.05315,1.05595
1734094800,1.0559,1.05675,1.05525,1.05535
1734098400,1.05535,1.05535,1.0532,1.05335
1734102000,1.05335,1.0539,1.0525,1.0532
1734105600,1.05315,1.0549,1.053,1.0541
1734109200,1.0541,1.05475,1.05345,1.05395
1734112800,1.05395,1.05415,1.05325,1.0539
1734116400,1.0539,1.0546,1.0535,1.0538
1734120000,1.0538,1.05405,1.05355,1.05405
1734123600,1.054,1.05475,1.0539,1.0546
1734303600,1.05405,1.05535,1.0537,1.05525
1734307200,1.0552,1.05615,1.0552,1.0557
1734310800,1.05575,1.0564,1.0555,1.05615
1734314400,1.05615,1.0566,1.05525,1.0555
1734318000,1.05555,1.05575,1.0552,1.05545
1734321600,1.0555,1.0559,1.05545,1.0559
1734325200,1.05585,1.05645,1.0558,1.0562
1734328800,1.0562,1.0563,1.05545,1.0556
1734332400,1.05565,1.05635,1.0547,1.05475
1734336000,1.0547,1.05675,1.054,1.05515
1734339600,1.0552,1.0564,1.05465,1.0548
1734343200,1.0548,1.05495,1.05315,1.0532
1734346800,1.0532,1.05355,1.0526,1.05335
1734350400,1.05335,1.0543,1.05325,1.05335
1734354000,1.0534,1.05515,1.05335,1.05505
1734357600,1.05505,1.0551,1.0517,1.0525
1734361200,1.05255,1.0556,1.05255,1.05495
1734364800,1.0549,1.0556,1.0538,1.0554
1734368400,1.05545,1.0563,1.05485,1.05545
1734372000,1.05535,1.0564,1.05485,1.05635
1734375600,1.0563,1.0565,1.05495,1.0553
1734379200,1.0553,1.05545,1.05495,1.0551
1734382800,1.05505,1.0558,1.0549,1.05545
1734390000,1.0553,1.05605,1.05525,1.0559
1734393600,1.05595,1.0577,1.05575,1.0571
1734397200,1.05715,1.0572,1.05615,1.0564
1734400800,1.0564,1.05695,1.05595,1.05595
1734404400,1.05595,1.05625,1.0554,1.0555
1734408000,1.0555,1.0555,1.05505,1.05505
1734411600,1.0551,1.05525,1.0545,1.0547
1734415200,1.0548,1.05505,1.054,1.05455
1734418800,1.05455,1.0552,1.05375,1.054
1734422400,1.054,1.05425,1.05275,1.05315
1734426000,1.05315,1.05315,1.05225,1.05285
1734429600,1.0529,1.0534,1.05215,1.05305
1734433200,1.053,1.05365,1.05265,1.05335
1734436800,1.0534,1.0544,1.05305,1.05435
1734440400,1.05435,1.0549,1.05335,1.05475
1734444000,1.05475,1.0554,1.05405,1.0547
1734447600,1.0547,1.05515,1.0538,1.05415
1734451200,1.05415,1.05485,1.0537,1.0547
1734454800,1.0547,1.05585,1.05405,1.05425
1734458400,1.05425,1.0547,1.05325,1.0536
1734462000,1.05365,1.0538,1.05305,1.05315
1734465600,1.05305,1.0533,1.0528,1.0531
1734469200,1.05305,1.05355,1.0529,1.0533
1734476400,1.05335,1.05375,1.05335,1.05365
1734480000,1.05365,1.05445,1.05345,1.0541
1734483600,1.0541,1.05445,1.0537,1.0544
1734487200,1.0544,1.05455,1.0538,1.05425
1734490800,1.05425,1.0545,1.054,1.0541
1734494400,1.0541,1.0548,1.0538,1.0545
1734498000,1.0545,1.05465,1.0542,1.0544
1734501600,1.0544,1.0554,1.05435,1.0553
1734505200,1.05525,1.05545,1.05355,1.0539
1734508800,1.05385,1.0541,1.05295,1.05355
1734512400,1.0535,1.0541,1.05335,1.05365
1734516000,1.05365,1.05425,1.0531,1.05405
1734519600,1.05405,1.0546,1.0537,1.0539
1734523200,1.0539,1.0544,1.0528,1.0533
1734526800,1.0533,1.0541,1.0525,1.0534
1734530400,1.0534,1.05455,1.05295,1.0539
1734534000,1.05385,1.05415,1.05115,1.0516
1734537600,1.05155,1.0523,1.0509,1.0511
1734541200,1.0511,1.0522,1.05105,1.05165
1734544800,1.0517,1.05345,1.0516,1.05285
1734548400,1.05275,1.05275,1.04145,1.04185
1734552000,1.04185,1.04215,1.03845,1.0406
1734555600,1.0406,1.04175,1.0389,1.03935
1734562800,1.0388,1.04005,1.03875,1.03905
1734566400,1.0391,1.042,1.039,1.0413
1734570000,1.04135,1.04205,1.04115,1.0418
1734573600,1.04185,1.04305,1.04125,1.043
1734577200,1.043,1.0431,1.04145,1.0419
1734580800,1.04185,1.0422,1.0415,1.04195
1734584400,1.0419,1.04255,1.04165,1.0422
1734588000,1.0422,1.04285,1.04175,1.04255
1734591600,1.0425,1.04495,1.0425,1.0435
1734595200,1.0435,1.04495,1.04305,1.0449
1734598800,1.04485,1.0463,1.0448,1.0453
1734602400,1.0453,1.04565,1.04445,1.0446
1734606000,1.0446,1.04555,1.044,1.0445
1734609600,1.04435,1.0451,1.04315,1.04345
1734613200,1.04345,1.04545,1.04265,1.04395
1734616800,1.0439,1.04475,1.04345,1.04365
1734620400,1.0437,1.04425,1.0417,1.04205
1734624000,1.042,1.0425,1.03965,1.0397
1734627600,1.0397,1.0417,1.0395,1.0402
1734631200,1.0402,1.0416,1.03955,1.0414
1734634800,1.0414,1.04175,1.04015,1.04015
1734638400,1.0402,1.04095,1.03985,1.0408
1734642000,1.0408,1.0408,1.0401,1.0404
1734649200,1.0404,1.04055,1.04005,1.0404
1734652800,1.0404,1.0409,1.04015,1.0405
1734656400,1.0405,1.0407,1.0399,1.0403
1734660000,1.0403,1.04045,1.03995,1.0403
1734663600,1.0403,1.0405,1.03985,1.04015
1734667200,1.0402,1.04025,1.0398,1.03985
1734670800,1.0398,1.04065,1.03965,1.0406
1734674400,1.0406,1.0417,1.03825,1.04145
1734678000,1.0415,1.04255,1.0412,1.04225
1734681600,1.04225,1.04385,1.0418,1.04325
1734685200,1.0432,1.04325,1.0416,1.0423
1734688800,1.0423,1.04335,1.04215,1.0432
1734692400,1.0432,1.04375,1.04195,1.04315
1734696000,1.0432,1.04405,1.0428,1.04295
1734699600,1.043,1.04605,1.0428,1.0447
1734703200,1.04475,1.04495,1.0426,1.0434
1734706800,1.0435,1.04475,1.04315,1.0437
1734710400,1.0437,1.0476,1.0436,1.04685
1734714000,1.0469,1.04855,1.0466,1.0469
1734717600,1.04685,1.0483,1.04625,1.0477
1734721200,1.04765,1.04875,1.0474,1.0485
1734724800,1.04845,1.04875,1.0469,1.0469
1734728400,1.0469,1.0474,1.04625,1.0469
1734908400,1.04715,1.0483,1.0469,1.04715
1734912000,1.04725,1.04755,1.04695,1.04705
1734915600,1.0471,1.0477,1.04655,1.04745
1734919200,1.0475,1.04815,1.0474,1.0479
1734922800,1.0479,1.0481,1.0477,1.0478
1734926400,1.04775,1.0484,1.04775,1.04815
1734930000,1.04815,1.0483,1.0478,1.0479
1734933600,1.04785,1.04805,1.0472,1.04725
1734937200,1.04725,1.0476,1.045,1.04515
1734940800,1.04515,1.04575,1.0446,1.0457
1734944400,1.04565,1.04585,1.0446,1.04465
1734948000,1.0447,1.04485,1.04255,1.0429
1734951600,1.04285,1.04395,1.04265,1.04385
1734955200,1.04385,1.044,1.04245,1.0434
1734958800,1.0434,1.04415,1.0427,1.0438
1734962400,1.0439,1.04475,1.04305,1.04325
1734966000,1.0433,1.0436,1.0423,1.04295
1734969600,1.04295,1.04495,1.0428,1.04465
1734973200,1.0447,1.04565,1.0436,1.0437
1734976800,1.0437,1.04515,1.0437,1.0448
1734980400,1.04475,1.0452,1.04385,1.04505
1734984000,1.04505,1.04535,1.04425,1.0445
1734987600,1.0445,1.0447,1.04435,1.04455
1734994800,1.0445,1.04465,1.04415,1.0442
1734998400,1.0442,1.04425,1.04355,1.04385
1735002000,1.0438,1.0443,1.04375,1.04405
1735005600,1.0441,1.04465,1.04345,1.04375
1735009200,1.04375,1.0438,1.04265,1.0429
1735012800,1.0429,1.04345,1.0429,1.0434
1735016400,1.04345,1.04355,1.0431,1.04345
1735020000,1.04345,1.04365,1.043,1.04335
1735023600,1.04335,1.04365,1.0428,1.04285
1735027200,1.04285,1.0443,1.0428,1.04335
1735030800,1.04335,1.04365,1.0428,1.04295
1735034400,1.04295,1.04355,1.04265,1.04345
1735038000,1.0434,1.04415,1.04295,1.04325
1735041600,1.0433,1.04415,1.0427,1.0429
1735045200,1.0429,1.04415,1.0427,1.044
1735048800,1.044,1.0448,1.0433,1.0443
1735052400,1.0443,1.0446,1.0428,1.04295
1735056000,1.0429,1.04345,1.0425,1.0425
1735059600,1.04255,1.04315,1.0421,1.0426
1735063200,1.04265,1.04305,1.0423,1.0428
1735167600,1.04365,1.04415,1.0434,1.04365
1735171200,1.0437,1.0439,1.04305,1.0434
1735174800,1.0434,1.04375,1.0432,1.0435
1735178400,1.0435,1.04375,1.04345,1.04365
1735182000,1.04365,1.04415,1.0436,1.04385
1735185600,1.0438,1.0439,1.0435,1.0435
1735189200,1.04355,1.04405,1.0435,1.0435
1735192800,1.0435,1.0438,1.04345,1.04355
1735196400,1.04355,1.04375,1.04285,1.0435
1735200000,1.0435,1.0436,1.043,1.04325
1735203600,1.0432,1.0438,1.0429,1.04365
1735207200,1.04365,1.0441,1.04355,1.0439
1735210800,1.04395,1.044,1.0437,1.0439
1735214400,1.04385,1.04385,1.04305,1.0437
1735218000,1.04375,1.04435,1.0435,1.044
1735221600,1.04405,1.04425,1.04325,1.044
1735225200,1.04395,1.04535,1.0436,1.0447
1735228800,1.0447,1.0461,1.04465,1.04605
1735232400,1.046,1.0461,1.04445,1.045
1735236000,1.045,1.04685,1.045,1.046
1735239600,1.0459,1.0462,1.04525,1.04555
1735243200,1.04555,1.046,1.0454,1.0459
1735246800,1.0459,1.04615,1.0457,1.0461
1735254000,1.0461,1.04675,1.0457,1.04595
1735257600,1.0459,1.0461,1.04555,1.04555
1735261200,1.04555,1.0456,1.045,1.0451
1735264800,1.0451,1.0452,1.04455,1.0447
1735268400,1.0447,1.04505,1.04445,1.045
1735272000,1.04505,1.04505,1.04455,1.04465
1735275600,1.04465,1.0449,1.04445,1.04465
1735279200,1.0447,1.045,1.0445,1.045
1735282800,1.0449,1.04625,1.04425,1.0459
1735286400,1.0459,1.0464,1.04485,1.04505
1735290000,1.04505,1.0456,1.0447,1.0455
1735293600,1.0454,1.04595,1.0449,1.04565
1735297200,1.0456,1.0478,1.0456,1.0476
1735300800,1.04765,1.0482,1.04655,1.047
1735304400,1.04695,1.0476,1.0466,1.0476
1735308000,1.0476,1.0477,1.0462,1.0464
1735311600,1.0464,1.0473,1.0453,1.04595
1735315200,1.04595,1.047,1.04585,1.046
1735318800,1.04595,1.04605,1.04525,1.04585
1735322400,1.04585,1.04665,1.0458,1.0464
1735326000,1.04635,1.0468,1.0461,1.0466
1735329600,1.0466,1.0466,1.04605,1.04635
1735333200,1.0463,1.04635,1.0459,1.04615
1735513200,1.04645,1.0471,1.04625,1.04645
1735516800,1.0465,1.04665,1.0461,1.04625
1735520400,1.0463,1.04665,1.04605,1.04605
1735524000,1.0461,1.0463,1.04595,1.0461
1735527600,1.0461,1.0461,1.04565,1.046
1735531200,1.046,1.04615,1.04595,1.0461
1735534800,1.04605,1.0462,1.04585,1.04605
1735538400,1.0461,1.0467,1.0461,1.0464
1735542000,1.04645,1.0465,1.0457,1.04625
1735545600,1.0462,1.0465,1.0445,1.04485
1735549200,1.0448,1.04745,1.04465,1.0469
1735552800,1.0469,1.04795,1.0468,1.04735
1735556400,1.04735,1.04875,1.0472,1.0483
1735560000,1.0483,1.04935,1.0474,1.0484
1735563600,1.04845,1.0487,1.042,1.0423
1735567200,1.0423,1.0444,1.04145,1.04395
1735570800,1.04395,1.0441,1.04065,1.0415
1735574400,1.04155,1.0426,1.04095,1.042
1735578000,1.0421,1.043,1.0419,1.04285
1735581600,1.0429,1.04415,1.04285,1.0439
1735585200,1.04395,1.044,1.04305,1.04315
1735588800,1.0431,1.044,1.043,1.0434
1735592400,1.04335,1.0442,1.0433,1.04415
1735599600,1.0441,1.0441,1.04335,1.044
1735603200,1.04405,1.04405,1.04315,1.0438
1735606800,1.0438,1.0448,1.04365,1.0447
1735610400,1.04465,1.045,1.04425,1.04475
1735614000,1.04475,1.0448,1.0442,1.0443
1735617600,1.0443,1.04435,1.04385,1.0439
1735621200,1.04395,1.04425,1.0437,1.0438
1735624800,1.0439,1.0441,1.04345,1.04385
1735628400,1.04385,1.04475,1.0437,1.04465
1735632000,1.04465,1.04545,1.04405,1.0453
1735635600,1.04525,1.04585,1.0446,1.0453
1735639200,1.04535,1.04545,1.04395,1.0447
1735642800,1.0447,1.04535,1.04395,1.04445
1735646400,1.0445,1.04485,1.04255,1.0427
1735650000,1.04275,1.0432,1.0418,1.0428
1735653600,1.04275,1.0429,1.0409,1.04105
1735657200,1.041,1.04235,1.03865,1.03895
1735660800,1.03895,1.03955,1.03815,1.03845
1735664400,1.03845,1.0389,1.0378,1.03825
1735668000,1.03825,1.03905,1.03795,1.03865
1735671600,1.03865,1.03985,1.03855,1.03885
1735675200,1.0389,1.0397,1.03885,1.0392
1735678800,1.03925,1.0395,1.03875,1.0388
1735772400,1.0388,1.0392,1.0379,1.0383
1735776000,1.0384,1.0389,1.03805,1.0385
1735779600,1.03845,1.0393,1.0376,1.03905
1735783200,1.0391,1.0404,1.0391,1.0404
1735786800,1.04035,1.0407,1.04005,1.04045
1735790400,1.0404,1.0408,1.0399,1.0402
1735794000,1.0402,1.04035,1.0395,1.0397
1735797600,1.03965,1.03975,1.0393,1.0397
1735801200,1.0397,1.0405,1.03955,1.03955
1735804800,1.03955,1.04035,1.0379,1.0395
1735808400,1.03955,1.0403,1.0382,1.03845
1735812000,1.03845,1.03895,1.03465,1.03495
1735815600,1.0349,1.0367,1.03475,1.03645
1735819200,1.0365,1.0367,1.0347,1.0351
1735822800,1.0351,1.03625,1.03435,1.0346
1735826400,1.0346,1.03565,1.03345,1.03365
1735830000,1.03365,1.03415,1.0305,1.0307
1735833600,1.03065,1.0309,1.0256,1.0293
1735837200,1.0293,1.03,1.02835,1.0297
1735840800,1.02975,1.02985,1.0288,1.02885
1735844400,1.0289,1.0293,1.028,1.02835
1735848000,1.0283,1.02965,1.0283,1.02935
1735851600,1.02935,1.0302,1.02935,1.02995
1735858800,1.0297,1.03005,1.02965,1.02995
1735862400,1.02995,1.03055,1.02975,1.0305
1735866000,1.03045,1.03045,1.02985,1.02995
1735869600,1.0299,1.03065,1.0299,1.0304
1735873200,1.03045,1.0306,1.03005,1.03025
1735876800,1.03025,1.03025,1.02985,1.0301
1735880400,1.03015,1.0305,1.02965,1.03035
1735884000,1.0304,1.0311,1.03035,1.03105
1735887600,1.03105,1.03165,1.03005,1.03125
1735891200,1.0313,1.032,1.0305,1.03125
1735894800,1.0312,1.0332,1.0312,1.0322
1735898400,1.03225,1.03255,1.0311,1.0313
1735902000,1.03135,1.0335,1.03135,1.033
1735905600,1.0329,1.0333,1.03265,1.03275
1735909200,1.0328,1.0332,1.03235,1.0325
1735912800,1.0325,1.0335,1.03195,1.03325
1735916400,1.0332,1.0338,1.0305,1.0321
1735920000,1.03205,1.03315,1.0315,1.03225
1735923600,1.0323,1.0338,1.03225,1.03295
1735927200,1.033,1.03345,1.03245,1.03295
1735930800,1.0329,1.0338,1.03255,1.0333
1735934400,1.0333,1.03395,1.03305,1.0337
1735938000,1.0337,1.03415,1.0336,1.034
1736118000,1.03345,1.03395,1.0333,1.03365
1736121600,1.03365,1.03365,1.0327,1.0334
1736125200,1.0334,1.0345,1.0333,1.03435
1736128800,1.0343,1.0349,1.0342,1.0347
1736132400,1.03475,1.035,1.0344,1.03475
1736136000,1.03475,1.03485,1.03445,1.0346
1736139600,1.03465,1.03495,1.034,1.03405
1736143200,1.034,1.0348,1.0339,1.0344
1736146800,1.0344,1.03595,1.0341,1.03585
1736150400,1.0359,1.0384,1.03575,1.03815
1736154000,1.03815,1.04,1.0372,1.0387
1736157600,1.03875,1.03895,1.03665,1.0367
1736161200,1.03665,1.0464,1.03605,1.04535
1736164800,1.04535,1.04625,1.04235,1.04425
1736168400,1.0443,1.04685,1.0436,1.04485
1736172000,1.0449,1.0455,1.0384,1.0424
1736175600,1.04245,1.04305,1.0403,1.0425
1736179200,1.0425,1.0434,1.0417,1.04285
1736182800,1.0428,1.04285,1.0411,1.0419
1736186400,1.0419,1.04205,1.04085,1.04135
1736190000,1.0413,1.04235,1.04105,1.042
1736193600,1.042,1.04235,1.0417,1.0419
1736197200,1.0419,1.04235,1.04175,1.04215
1736204400,1.042,1.04215,1.0413,1.0414
1736208000,1.04145,1.0416,1.0408,1.0415
1736211600,1.0415,1.04155,1.04075,1.0412
1736215200,1.0412,1.04165,1.0411,1.04135
1736218800,1.04135,1.0424,1.04115,1.04235
1736222400,1.04235,1.0425,1.04215,1.04225
1736226000,1.0423,1.0434,1.0422,1.04275
1736229600,1.04275,1.04355,1.0427,1.0428
1736233200,1.04285,1.04555,1.04285,1.0446
1736236800,1.04455,1.0456,1.0434,1.0456
1736240400,1.04565,1.0465,1.0455,1.0459
1736244000,1.04585,1.04655,1.0448,1.0459
1736247600,1.04585,1.04595,1.0436,1.04445
1736251200,1.04445,1.04475,1.0418,1.042
1736254800,1.04205,1.04365,1.0418,1.04275
1736258400,1.04275,1.04285,1.042,1.0425
1736262000,1.0424,1.0424,1.0386,1.04035
1736265600,1.04035,1.04125,1.03935,1.0399
1736269200,1.0399,1.0405,1.0385,1.0398
1736272800,1.0398,1.04005,1.03805,1.03855
1736276400,1.0385,1.03905,1.03835,1.0386
1736280000,1.0386,1.0387,1.0375,1.03755
1736283600,1.0375,1.03755,1.03705,1.03715
1736290800,1.0373,1.0376,1.03695,1.03725
1736294400,1.0372,1.038,1.0372,1.0377
1736298000,1.03775,1.0384,1.0376,1.0383
1736301600,1.03835,1.03855,1.0382,1.03845
1736305200,1.0384,1.03845,1.0377,1.0378
1736308800,1.0378,1.03825,1.0378,1.0382
1736312400,1.0382,1.03865,1.03795,1.03855
1736316000,1.03855,1.0388,1.0377,1.03825
1736319600,1.03815,1.0382,1.0359,1.0363
1736323200,1.0363,1.037,1.03485,1.03495
1736326800,1.0349,1.0357,1.03455,1.035
1736330400,1.035,1.0352,1.0341,1.035
1736334000,1.03495,1.035,1.03035,1.0328
1736337600,1.03285,1.03315,1.03115,1.03135
1736341200,1.0313,1.0335,1.03115,1.03335
1736344800,1.03335,1.0338,1.03195,1.0322
1736348400,1.0322,1.03405,1.0322,1.03325
1736352000,1.0332,1.03455,1.03255,1.0343
1736355600,1.0343,1.03435,1.03285,1.0336
1736359200,1.0336,1.03465,1.0336,1.0344
1736362800,1.03435,1.0355,1.03385,1.034
1736366400,1.03395,1.0347,1.03385,1.03465
1736370000,1.03465,1.03505,1.03455,1.0349
1736377200,1.0348,1.03485,1.03425,1.03425
1736380800,1.0343,1.03445,1.03345,1.03425
1736384400,1.03425,1.03465,1.0341,1.03435
1736388000,1.03435,1.0349,1.03435,1.03455
1736391600,1.0346,1.03505,1.034,1.03405
1736395200,1.03405,1.03415,1.0335,1.03385
1736398800,1.0338,1.0342,1.0335,1.0336
1736402400,1.03365,1.03375,1.03265,1.03295
1736406000,1.033,1.03375,1.03175,1.032
1736409600,1.03205,1.0337,1.0313,1.0337
1736413200,1.0337,1.0347,1.03325,1.0335
1736416800,1.0335,1.03415,1.03285,1.03325
1736420400,1.03325,1.0334,1.0326,1.033
1736424000,1.03305,1.0335,1.03255,1.03325
1736427600,1.0333,1.03485,1.03305,1.03375
1736431200,1.03375,1.0344,1.0335,1.0337
1736434800,1.03375,1.0339,1.0324,1.0329
1736438400,1.0329,1.0331,1.0321,1.0327
1736442000,1.03265,1.0331,1.0323,1.03265
1736445600,1.03265,1.03315,1.0323,1.03295
1736449200,1.033,1.03315,1.03265,1.0327
1736452800,1.03275,1.0333,1.03275,1.03305
1736456400,1.03305,1.03305,1.0328,1.03295
1736463600,1.0329,1.03305,1.0325,1.03255
1736467200,1.03255,1.03295,1.0321,1.03245
1736470800,1.0324,1.0333,1.03225,1.0331
1736474400,1.03305,1.03325,1.0327,1.03305
1736478000,1.03305,1.03325,1.0326,1.03275
1736481600,1.03275,1.0329,1.03225,1.0324
1736485200,1.03235,1.03265,1.03135,1.0315
1736488800,1.0315,1.0317,1.03105,1.03105
1736492400,1.03105,1.0326,1.031,1.0326
1736496000,1.03255,1.0341,1.03215,1.03315
1736499600,1.03315,1.0335,1.0328,1.0329
1736503200,1.0329,1.03345,1.03285,1.03315
1736506800,1.03315,1.03345,1.0328,1.03305
1736510400,1.03305,1.03385,1.0328,1.03345
1736514000,1.03345,1.0341,1.02415,1.02855
1736517600,1.02855,1.0302,1.0273,1.0282
1736521200,1.02805,1.0308,1.02645,1.02795
1736524800,1.0279,1.028,1.0256,1.0266
1736528400,1.0266,1.0279,1.02615,1.0273
1736532000,1.0273,1.02745,1.02645,1.02705
1736535600,1.02705,1.02775,1.02635,1.02745
1736539200,1.0274,1.02745,1.02655,1.02735
1736542800,1.0273,1.02775,1.02725,1.0274
1736722800,1.0274,1.02755,1.02675,1.02715
1736726400,1.02715,1.02735,1.0265,1.02705
1736730000,1.0271,1.02785,1.0268,1.027
1736733600,1.027,1.0274,1.0267,1.02685
1736737200,1.02685,1.02685,1.02405,1.0244
1736740800,1.0244,1.0248,1.0236,1.024
1736744400,1.024,1.02485,1.0239,1.0248
1736748000,1.0248,1.02535,1.0243,1.0246
1736751600,1.02455,1.02525,1.02355,1.0244
1736755200,1.0244,1.02595,1.0242,1.025
1736758800,1.02495,1.0252,1.02045,1.02215
1736762400,1.0221,1.02355,1.02205,1.02305
1736766000,1.023,1.0232,1.02145,1.02245
1736769600,1.02245,1.0235,1.02165,1.0231
1736773200,1.02315,1.0249,1.02245,1.0237
1736776800,1.02365,1.0241,1.0229,1.02365
1736780400,1.02365,1.0237,1.0224,1.02255
1736784000,1.0225,1.0246,1.022,1.02365
1736787600,1.02365,1.0248,1.02355,1.0246
1736791200,1.02465,1.025,1.02405,1.02445
1736794800,1.02445,1.02445,1.02355,1.02355
1736798400,1.0236,1.0246,1.02355,1.02455
1736802000,1.02445,1.02755,1.02445,1.02735
1736809200,1.0291,1.03055,1.0279,1.0292
1736812800,1.02915,1.0292,1.0274,1.0276
1736816400,1.0276,1.0279,1.02695,1.0277
1736820000,1.0277,1.0278,1.02665,1.0273
1736823600,1.02725,1.02835,1.0272,1.0277
1736827200,1.02765,1.02835,1.02735,1.0278
1736830800,1.0278,1.028,1.02705,1.0273
1736834400,1.02735,1.0281,1.02735,1.02805
1736838000,1.0281,1.0294,1.0278,1.0282
1736841600,1.0282,1.0303,1.0281,1.02895
1736845200,1.02895,1.02945,1.0282,1.0288
1736848800,1.02875,1.02915,1.028,1.0288
1736852400,1.0288,1.0291,1.0281,1.0283
1736856000,1.0282,1.02835,1.02675,1.0276
1736859600,1.0276,1.0302,1.02705,1.02815
1736863200,1.02815,1.03035,1.02715,1.02965
1736866800,1.02965,1.03245,1.0291,1.0323
1736870400,1.03235,1.0333,1.03115,1.03195
1736874000,1.03195,1.03195,1.03075,1.03165
1736877600,1.03165,1.03285,1.0315,1.03275
1736881200,1.03275,1.0334,1.03245,1.03265
1736884800,1.03265,1.0337,1.0325,1.033
1736888400,1.033,1.0337,1.0329,1.0336
1736895600,1.0335,1.03365,1.033,1.03345
1736899200,1.03335,1.0334,1.03275,1.0329
1736902800,1.0329,1.03325,1.03255,1.0328
1736906400,1.03275,1.03295,1.0323,1.03245
1736910000,1.0325,1.033,1.0324,1.033
1736913600,1.03295,1.03305,1.03255,1.03305
1736917200,1.033,1.0333,1.03205,1.03215
1736920800,1.0321,1.0327,1.03195,1.0324
1736924400,1.0325,1.0337,1.0315,1.0334
1736928000,1.03335,1.03455,1.0322,1.03245
1736931600,1.03245,1.0341,1.0324,1.0338
1736935200,1.0338,1.0342,1.0329,1.03355
1736938800,1.03355,1.03405,1.03275,1.03295
1736942400,1.0329,1.03345,1.03215,1.0328
1736946000,1.0328,1.03825,1.0324,1.03725
1736949600,1.0373,1.0374,1.0353,1.03555
1736953200,1.0355,1.03585,1.03265,1.03345
1736956800,1.03335,1.0336,1.0285,1.03095
1736960400,1.0309,1.03215,1.03085,1.03135
1736964000,1.0314,1.03215,1.0312,1.032
1736967600,1.03205,1.03225,1.0317,1.0321
1736971200,1.0321,1.0327,1.03185,1.0324
1736974800,1.03235,1.03245,1.0316,1.03185
1736982000,1.0316,1.03225,1.0316,1.03215
1736985600,1.03215,1.03265,1.0311,1.0325
1736989200,1.03255,1.0326,1.0314,1.0316
1736992800,1.0316,1.03195,1.03115,1.0313
1736996400,1.03135,1.03155,1.0311,1.0315
1737000000,1.03155,1.032,1.03115,1.0313
1737003600,1.03135,1.03135,1.0307,1.03085
1737007200,1.0309,1.0316,1.0308,1.0315
1737010800,1.0315,1.03285,1.03125,1.0324
1737014400,1.0324,1.03265,1.0314,1.03225
1737018000,1.03225,1.0325,1.0308,1.03125
1737021600,1.0312,1.0322,1.0309,1.03115
1737025200,1.0312,1.0318,1.031,1.03165
1737028800,1.0316,1.03165,1.02905,1.0298
1737032400,1.0298,1.0312,1.02865,1.0308
1737036000,1.03075,1.031,1.0294,1.03055
1737039600,1.0306,1.0332,1.03005,1.03275
1737043200,1.0327,1.0338,1.03125,1.03285
1737046800,1.03285,1.03415,1.03205,1.0323
1737050400,1.03225,1.03295,1.03195,1.03265
1737054000,1.0326,1.0334,1.0324,1.03275
1737057600,1.0328,1.033,1.03235,1.03265
1737061200,1.03265,1.033,1.0323,1.03295
1737068400,1.0327,1.03305,1.0326,1.03275
1737072000,1.03275,1.0333,1.03245,1.03305
1737075600,1.0331,1.0336,1.03275,1.0331
1737079200,1.03315,1.03355,1.03295,1.03295
1737082800,1.03295,1.0331,1.03265,1.0327
1737086400,1.0327,1.0327,1.0318,1.032
1737090000,1.032,1.03215,1.03135,1.03195
1737093600,1.0319,1.03205,1.03115,1.0316
1737097200,1.0316,1.0317,1.03035,1.031
1737100800,1.0311,1.03245,1.0311,1.03235
1737104400,1.0323,1.03305,1.03155,1.0323
1737108000,1.0323,1.0332,1.0323,1.033
1737111600,1.033,1.03365,1.03235,1.0331
1737115200,1.03305,1.0333,1.03165,1.0319
1737118800,1.03195,1.03255,1.0312,1.03165
1737122400,1.03165,1.03285,1.0291,1.0325
1737126000,1.03245,1.0357,1.0322,1.03255
1737129600,1.0325,1.03265,1.0308,1.03125
1737133200,1.03125,1.0317,1.0305,1.0307
1737136800,1.0307,1.0318,1.03055,1.0307
1737140400,1.0307,1.03105,1.02985,1.0302
1737144000,1.0302,1.03075,1.03,1.03015
1737147600,1.0301,1.03015,1.0295,1.02955
1737327600,1.0302,1.03065,1.0292,1.0306
1737331200,1.0306,1.0316,1.0304,1.03125
1737334800,1.0312,1.03185,1.0305,1.03165
1737338400,1.03165,1.0318,1.0313,1.0317
1737342000,1.0317,1.03325,1.0317,1.0332
1737345600,1.0332,1.03335,1.03275,1.033
1737349200,1.033,1.03325,1.03275,1.03285
1737352800,1.03285,1.0345,1.03255,1.03365
1737356400,1.0336,1.03445,1.0332,1.03425
1737360000,1.0343,1.03435,1.0333,1.03355
1737363600,1.0336,1.0343,1.03305,1.0332
1737367200,1.03325,1.03485,1.03325,1.0341
1737370800,1.0341,1.0352,1.0339,1.03515
1737374400,1.0352,1.0352,1.0341,1.03465
1737378000,1.0346,1.04265,1.0333,1.04245
1737381600,1.04245,1.04565,1.04055,1.04415
1737385200,1.0441,1.0456,1.04115,1.04265
1737388800,1.04265,1.04315,1.04165,1.04245
1737392400,1.04245,1.04285,1.0379,1.0412
1737396000,1.04115,1.0423,1.04095,1.0423
1737399600,1.0423,1.04495,1.04165,1.04465
1737403200,1.04465,1.0461,1.04375,1.0442
1737406800,1.04415,1.0446,1.0436,1.0443
1737414000,1.0443,1.0451,1.04365,1.0446
1737417600,1.0446,1.046,1.0378,1.03875
1737421200,1.03875,1.04235,1.03815,1.03955
1737424800,1.0396,1.0416,1.03945,1.04125
1737428400,1.04135,1.0427,1.04105,1.0413
1737432000,1.04125,1.04245,1.041,1.04155
1737435600,1.0415,1.0418,1.0403,1.0404
1737439200,1.04045,1.04075,1.03915,1.0394
1737442800,1.0394,1.04115,1.03905,1.0399
1737446400,1.0399,1.0399,1.0375,1.03865
1737450000,1.03865,1.03895,1.03675,1.0379
1737453600,1.0379,1.0385,1.03685,1.03785
1737457200,1.0378,1.03835,1.03685,1.0379
1737460800,1.0379,1.0384,1.0371,1.03795
1737464400,1.03795,1.04035,1.03785,1.04035
1737468000,1.0404,1.0425,1.0399,1.04125
1737471600,1.0413,1.04365,1.04045,1.04265
1737475200,1.04265,1.04485,1.0424,1.04485
1737478800,1.0448,1.0456,1.0447,1.04475
1737482400,1.0447,1.0461,1.04455,1.0455
1737486000,1.0455,1.04565,1.04415,1.0444
1737489600,1.0444,1.04475,1.0442,1.0446
1737493200,1.04455,1.0456,1.04445,1.0454
1737500400,1.04505,1.04535,1.0418,1.0432
1737504000,1.0432,1.045,1.0432,1.0449
1737507600,1.04485,1.04485,1.0433,1.0435
1737511200,1.04345,1.0442,1.04315,1.04395
1737514800,1.0439,1.04415,1.04355,1.04375
1737518400,1.0437,1.04475,1.0437,1.04425
1737522000,1.0442,1.04435,1.0434,1.04415
1737525600,1.0441,1.0444,1.04255,1.0429
1737529200,1.043,1.04455,1.0429,1.04375
1737532800,1.04375,1.045,1.0435,1.04485
1737536400,1.0449,1.0473,1.04455,1.0472
1737540000,1.04725,1.0483,1.04685,1.04755
1737543600,1.04755,1.0482,1.04665,1.04685
1737547200,1.0468,1.04685,1.0457,1.0464
1737550800,1.0464,1.04715,1.0448,1.04575
1737554400,1.0457,1.0458,1.044,1.04505
1737558000,1.04505,1.0451,1.044,1.04455
1737561600,1.0445,1.04485,1.0438,1.0445
1737565200,1.0445,1.0446,1.04375,1.04425
1737568800,1.0443,1.0447,1.04375,1.0442
1737572400,1.0442,1.04485,1.0441,1.04455
1737576000,1.04455,1.04485,1.0437,1.0438
1737579600,1.0438,1.0439,1.04335,1.04355
1737586800,1.04345,1.0435,1.043,1.0432
1737590400,1.0432,1.04365,1.04315,1.04345
1737594000,1.0435,1.0441,1.0426,1.04275
1737597600,1.0428,1.04305,1.04215,1.0428
1737601200,1.04285,1.04335,1.04275,1.04335
1737604800,1.04335,1.0437,1.04335,1.04355
1737608400,1.0435,1.0436,1.0429,1.043
1737612000,1.04295,1.0437,1.04275,1.0428
1737615600,1.04285,1.043,1.04145,1.0424
1737619200,1.04245,1.0427,1.04145,1.0418
1737622800,1.0418,1.0439,1.04175,1.0436
1737626400,1.0436,1.0445,1.0434,1.04355
1737630000,1.04355,1.04385,1.04255,1.0428
1737633600,1.04275,1.043,1.04185,1.0428
1737637200,1.04285,1.04395,1.04215,1.04355
1737640800,1.04355,1.0443,1.043,1.04325
1737644400,1.04335,1.0434,1.04115,1.04215
1737648000,1.04215,1.04535,1.03955,1.04435
1737651600,1.04435,1.0462,1.04385,1.04595
1737655200,1.04595,1.04615,1.04465,1.04485
1737658800,1.04485,1.04515,1.04445,1.04475
1737662400,1.04475,1.04535,1.044,1.0442
1737666000,1.04415,1.04435,1.0437,1.04405
1737673200,1.0441,1.04425,1.04385,1.044
1737676800,1.04395,1.0447,1.0437,1.0443
1737680400,1.0443,1.0444,1.04355,1.044
1737684000,1.04405,1.0473,1.04395,1.04725
1737687600,1.0473,1.0478,1.046,1.04705
1737691200,1.04695,1.04755,1.04665,1.04715
1737694800,1.04715,1.04775,1.0468,1.0475
1737698400,1.04755,1.04955,1.04735,1.04815
1737702000,1.0481,1.0489,1.04715,1.0485
1737705600,1.0485,1.052,1.0482,1.05175
1737709200,1.05175,1.0539,1.0515,1.0518
1737712800,1.05185,1.0522,1.051,1.0513
1737716400,1.0513,1.05175,1.0505,1.051
1737720000,1.05095,1.0512,1.0497,1.0498
1737723600,1.0498,1.0504,1.04875,1.0493
1737727200,1.04925,1.052,1.04915,1.05155
1737730800,1.05155,1.05455,1.0514,1.05405
1737734400,1.0541,1.0545,1.05285,1.0539
1737738000,1.05385,1.05455,1.05345,1.05355
1737741600,1.0535,1.0536,1.0518,1.05195
1737745200,1.05195,1.05225,1.0516,1.0519
1737748800,1.05195,1.052,1.05125,1.0519
1737752400,1.05185,1.05215,1.0517,1.0519
1737932400,1.05095,1.051,1.04885,1.0491
1737936000,1.0491,1.05,1.0489,1.0496
1737939600,1.0496,1.05025,1.0485,1.04865
1737943200,1.04865,1.049,1.0482,1.04895
1737946800,1.0489,1.0501,1.0487,1.04925
1737950400,1.0492,1.04925,1.0483,1.0487
1737954000,1.04865,1.04885,1.0479,1.04865
1737957600,1.04865,1.0489,1.04805,1.04825
1737961200,1.0483,1.04945,1.04775,1.0481
1737964800,1.04805,1.05125,1.0478,1.05115
1737968400,1.05115,1.05175,1.0499,1.05125
1737972000,1.05125,1.05325,1.05125,1.0529
1737975600,1.05285,1.0542,1.0528,1.0537
1737979200,1.05365,1.05515,1.05325,1.0545
1737982800,1.05455,1.05575,1.05335,1.05435
1737986400,1.05435,1.0548,1.05315,1.0533
1737990000,1.0533,1.05335,1.0517,1.05225
1737993600,1.05225,1.05315,1.0513,1.0514
1737997200,1.0515,1.05185,1.05085,1.0513
1738000800,1.0512,1.0518,1.05055,1.05085
1738004400,1.05085,1.0517,1.0503,1.05165
1738008000,1.05165,1.05185,1.0511,1.05115
1738011600,1.0512,1.0516,1.05095,1.0516
1738018800,1.05145,1.0515,1.04515,1.04605
1738022400,1.04605,1.0475,1.04555,1.04685
1738026000,1.04685,1.04795,1.04525,1.04615
1738029600,1.046,1.0465,1.04475,1.0457
1738033200,1.0457,1.04625,1.04525,1.04525
1738036800,1.04525,1.04575,1.04485,1.04575
1738040400,1.04575,1.0462,1.04565,1.04595
1738044000,1.04595,1.04675,1.0457,1.0461
1738047600,1.0461,1.04665,1.0451,1.04575
1738051200,1.0458,1.0459,1.04425,1.0448
1738054800,1.04485,1.0467,1.04455,1.04585
1738058400,1.0458,1.04605,1.0448,1.0448
1738062000,1.04475,1.0456,1.04455,1.04465
1738065600,1.04465,1.04485,1.0437,1.04435
1738069200,1.0443,1.04545,1.04405,1.0448
1738072800,1.04475,1.04645,1.04475,1.0455
1738076400,1.0455,1.04625,1.0444,1.0447
1738080000,1.04475,1.0456,1.0445,1.0449
1738083600,1.0449,1.04575,1.0448,1.0451
1738087200,1.04515,1.0461,1.04465,1.04495
1738090800,1.0449,1.046,1.04455,1.04585
1738094400,1.0458,1.04585,1.04525,1.04545
1738098000,1.04545,1.04575,1.04525,1.04545
1738105200,1.04535,1.04535,1.04495,1.045
1738108800,1.045,1.0457,1.04495,1.0453
1738112400,1.04535,1.0457,1.045,1.045
1738116000,1.04495,1.04585,1.04485,1.04565
1738119600,1.0457,1.0462,1.0454,1.046
1738123200,1.04605,1.0465,1.046,1.04615
1738126800,1.0461,1.04635,1.04585,1.0463
1738130400,1.04635,1.04665,1.0459,1.046
1738134000,1.04595,1.0461,1.0436,1.04385
1738137600,1.0439,1.0453,1.0439,1.0447
1738141200,1.04465,1.0447,1.04245,1.0426
1738144800,1.0426,1.0431,1.0417,1.0426
1738148400,1.04265,1.04305,1.04195,1.0424
1738152000,1.0424,1.04275,1.04165,1.04265
1738155600,1.0427,1.04285,1.04045,1.041
1738159200,1.041,1.04245,1.0409,1.04235
1738162800,1.04235,1.04495,1.04175,1.0442
1738166400,1.04425,1.04465,1.0434,1.0438
1738170000,1.04385,1.0451,1.0438,1.04435
1738173600,1.0444,1.04475,1.04365,1.04415
1738177200,1.0443,1.04515,1.04105,1.0438
1738180800,1.04385,1.0448,1.0427,1.0433
1738184400,1.04325,1.04445,1.0431,1.0444
1738191600,1.04425,1.0449,1.04395,1.04465
1738195200,1.04455,1.045,1.0445,1.0448
1738198800,1.0447,1.04475,1.04405,1.04415
1738202400,1.0442,1.04485,1.0442,1.04445
1738206000,1.04445,1.0448,1.0443,1.0446
1738209600,1.04465,1.04485,1.0439,1.04405
1738213200,1.044,1.04435,1.0439,1.0443
1738216800,1.04435,1.04435,1.0432,1.0435
1738220400,1.0435,1.04455,1.04305,1.0445
1738224000,1.04455,1.04505,1.0437,1.0443
1738227600,1.04435,1.0444,1.04235,1.0429
1738231200,1.04285,1.0433,1.0417,1.0422
1738234800,1.04215,1.04215,1.04125,1.0413
1738238400,1.04135,1.0427,1.04115,1.04245
1738242000,1.0425,1.0481,1.0423,1.04785
1738245600,1.04775,1.0489,1.04405,1.04495
1738249200,1.045,1.0464,1.04485,1.04525
1738252800,1.0453,1.04565,1.04385,1.0441
1738256400,1.04405,1.0445,1.0431,1.04385
1738260000,1.0439,1.0447,1.0437,1.04465
1738263600,1.04465,1.04515,1.0444,1.04495
1738267200,1.045,1.04535,1.04075,1.0429
1738270800,1.04285,1.04355,1.04085,1.04125
1738278000,1.0412,1.0419,1.0406,1.0418
1738281600,1.04175,1.04235,1.0406,1.0408
1738285200,1.04075,1.04135,1.0397,1.041
1738288800,1.041,1.04165,1.0408,1.04105
1738292400,1.04105,1.04125,1.04045,1.0406
1738296000,1.0406,1.0411,1.0404,1.04085
1738299600,1.04085,1.04115,1.0406,1.04095
1738303200,1.04095,1.04165,1.04085,1.04155
1738306800,1.0415,1.04335,1.0412,1.0425
1738310400,1.0425,1.0428,1.0401,1.04055
1738314000,1.04045,1.04055,1.0386,1.04045
1738317600,1.0404,1.04045,1.0394,1.0397
1738321200,1.0397,1.0401,1.0393,1.03965
1738324800,1.0397,1.04065,1.03955,1.04035
1738328400,1.04035,1.04165,1.03975,1.0403
1738332000,1.0403,1.0403,1.0387,1.03895
1738335600,1.03895,1.04215,1.0381,1.0417
1738339200,1.04175,1.04285,1.0407,1.042
1738342800,1.04205,1.0455,1.0409,1.0441
1738346400,1.0441,1.0443,1.03815,1.03905
1738350000,1.03905,1.04,1.0385,1.0397
1738353600,1.03975,1.04035,1.0384,1.0394
1738357200,1.0394,1.04085,1.03705,1.03815
1738537200,1.0281,1.0291,1.02545,1.0267
1738540800,1.0267,1.0288,1.0231,1.02525
1738544400,1.0252,1.02725,1.0242,1.02585
1738548000,1.0258,1.0258,1.02415,1.0244
1738551600,1.0244,1.0245,1.0232,1.02415
1738555200,1.02415,1.026,1.0241,1.02465
1738558800,1.02465,1.02635,1.0246,1.02605
1738562400,1.02605,1.0272,1.02595,1.02635
1738566000,1.02635,1.027,1.02425,1.0245
1738569600,1.02455,1.02715,1.02335,1.0264
1738573200,1.0264,1.02745,1.02455,1.0251
1738576800,1.0251,1.0265,1.025,1.0264
1738580400,1.02635,1.0276,1.0257,1.02725
1738584000,1.02725,1.02985,1.02715,1.0278
1738587600,1.0278,1.0309,1.0277,1.0284
1738591200,1.0284,1.02865,1.02675,1.0272
1738594800,1.027,1.03565,1.026,1.03365
1738598400,1.03365,1.0342,1.02935,1.02965
1738602000,1.02955,1.03225,1.0291,1.03
1738605600,1.02995,1.03085,1.0289,1.0298
1738609200,1.02985,1.03175,1.02985,1.03045
1738612800,1.03045,1.03195,1.0303,1.03155
1738616400,1.03155,1.0372,1.0313,1.03645
1738623600,1.03645,1.03715,1.0346,1.03475
1738627200,1.0348,1.0351,1.0336,1.03375
1738630800,1.03375,1.03425,1.0328,1.03415
1738634400,1.03415,1.03435,1.0336,1.03415
1738638000,1.03415,1.0344,1.03315,1.03345
1738641600,1.03345,1.03345,1.03255,1.0326
1738645200,1.03255,1.03255,1.0292,1.03125
1738648800,1.0313,1.03275,1.0312,1.0326
1738652400,1.0326,1.0337,1.0319,1.0331
1738656000,1.0331,1.0355,1.03285,1.0354
1738659600,1.0354,1.03695,1.0352,1.03585
1738663200,1.0358,1.0363,1.03455,1.0355
1738666800,1.03545,1.03545,1.03415,1.0342
1738670400,1.03425,1.0348,1.034,1.0345
1738674000,1.03455,1.03605,1.03435,1.036
1738677600,1.03605,1.03865,1.036,1.03795
1738681200,1.0379,1.04065,1.0378,1.04005
1738684800,1.04,1.0408,1.0393,1.0399
1738688400,1.03985,1.0399,1.03855,1.0397
1738692000,1.03965,1.04065,1.03945,1.04015
1738695600,1.04015,1.04055,1.0397,1.04015
1738699200,1.0402,1.04065,1.03995,1.04055
1738702800,1.0406,1.0408,1.0398,1.03985
1738710000,1.0401,1.0401,1.03905,1.0391
1738713600,1.03915,1.04015,1.03895,1.03985
1738717200,1.0399,1.04065,1.0392,1.0393
1738720800,1.03925,1.04045,1.03925,1.0404
1738724400,1.04045,1.04055,1.0399,1.03995
1738728000,1.03995,1.04015,1.0396,1.03985
1738731600,1.0398,1.0398,1.0393,1.03975
1738735200,1.0397,1.04135,1.0394,1.04045
1738738800,1.0405,1.0429,1.0402,1.0422
1738742400,1.04215,1.0428,1.041,1.04235
1738746000,1.04235,1.0437,1.0421,1.0424
1738749600,1.04235,1.045,1.0421,1.04445
1738753200,1.04445,1.0445,1.04315,1.04345
1738756800,1.04345,1.04415,1.043,1.04385
1738760400,1.04385,1.04455,1.0421,1.04275
1738764000,1.04275,1.04455,1.04255,1.04445
1738767600,1.0445,1.0464,1.04345,1.0442
1738771200,1.04415,1.04445,1.043,1.0438
1738774800,1.0438,1.0444,1.043,1.044
1738778400,1.0439,1.0441,1.0434,1.04355
1738782000,1.04355,1.04365,1.0424,1.04265
1738785600,1.04265,1.0427,1.0421,1.04245
1738789200,1.0424,1.04265,1.04165,1.0423
1738796400,1.0424,1.0424,1.04155,1.04165
1738800000,1.04175,1.04205,1.0413,1.0416
1738803600,1.0416,1.0423,1.04135,1.042
1738807200,1.04205,1.04235,1.04095,1.04135
1738810800,1.0413,1.04145,1.04075,1.04105
1738814400,1.04105,1.0412,1.04035,1.0405
1738818000,1.04055,1.04085,1.04045,1.04045
1738821600,1.0404,1.0411,1.04035,1.0408
1738825200,1.0408,1.04095,1.0396,1.03985
1738828800,1.03985,1.0399,1.0374,1.0383
1738832400,1.0383,1.0386,1.03745,1.03775
1738836000,1.0378,1.03845,1.03735,1.03805
1738839600,1.03805,1.03855,1.0376,1.03795
1738843200,1.038,1.0382,1.0371,1.038
1738846800,1.03805,1.03865,1.03715,1.03785
1738850400,1.03785,1.03925,1.0378,1.03805
1738854000,1.03805,1.03945,1.03775,1.0388
1738857600,1.0388,1.03945,1.0385,1.0385
1738861200,1.03855,1.0399,1.03845,1.03975
1738864800,1.03975,1.0415,1.0392,1.04075
1738868400,1.04075,1.04095,1.03985,1.0403
1738872000,1.0403,1.04095,1.0402,1.0407
1738875600,1.04065,1.0408,1.0401,1.04015
1738882800,1.0402,1.0405,1.04,1.04025
1738886400,1.04035,1.0409,1.03955,1.0396
1738890000,1.0396,1.04045,1.03925,1.04015
1738893600,1.0402,1.04035,1.0399,1.0402
1738897200,1.0402,1.04025,1.0395,1.03975
1738900800,1.03975,1.04015,1.03935,1.0399
1738904400,1.03985,1.0399,1.0392,1.0393
1738908000,1.0393,1.0395,1.039,1.0394
1738911600,1.03935,1.04075,1.03925,1.0407
1738915200,1.04065,1.0418,1.04035,1.04155
1738918800,1.04155,1.0417,1.04075,1.04085
1738922400,1.0409,1.0409,1.03965,1.0399
1738926000,1.0399,1.0402,1.0395,1.04
1738929600,1.04,1.04,1.0386,1.03925
1738933200,1.03925,1.04325,1.03665,1.0381
1738936800,1.0381,1.04065,1.03785,1.04035
1738940400,1.0403,1.04055,1.03445,1.03735
1738944000,1.0373,1.0375,1.03385,1.03455
1738947600,1.03455,1.0379,1.0323,1.03385
1738951200,1.0339,1.03545,1.0338,1.0342
1738954800,1.03425,1.03545,1.03415,1.035
1738958400,1.035,1.0356,1.03395,1.03455
1738962000,1.0346,1.035,1.0342,1.0346
1739142000,1.0315,1.0331,1.03065,1.03275
1739145600,1.0327,1.0336,1.03265,1.03275
1739149200,1.03275,1.0332,1.03175,1.032
1739152800,1.03205,1.03245,1.0316,1.0317
1739156400,1.0317,1.0329,1.0317,1.03285
1739160000,1.03285,1.0333,1.03285,1.03305
1739163600,1.03305,1.03385,1.033,1.0333
1739167200,1.0334,1.0337,1.03295,1.0336
1739170800,1.03355,1.0343,1.0327,1.033
1739174400,1.033,1.034,1.0324,1.0339
1739178000,1.0339,1.0352,1.0338,1.0344
1739181600,1.0344,1.03515,1.03405,1.0347
1739185200,1.03475,1.0354,1.03375,1.03375
1739188800,1.03375,1.03395,1.0326,1.0331
1739192400,1.03305,1.03435,1.03305,1.03385
1739196000,1.0339,1.0341,1.03215,1.03285
1739199600,1.03285,1.03375,1.0328,1.03325
1739203200,1.0332,1.0335,1.03215,1.0328
1739206800,1.03285,1.0332,1.03235,1.03295
1739210400,1.0329,1.03335,1.0323,1.03245
1739214000,1.0324,1.03275,1.0322,1.03235
1739217600,1.0324,1.03255,1.03215,1.03235
1739221200,1.03235,1.03255,1.03215,1.03245
1739228400,1.03235,1.0325,1.0315,1.0317
1739232000,1.0317,1.03235,1.03165,1.03215
1739235600,1.0321,1.0321,1.03165,1.03185
1739239200,1.03185,1.03195,1.0309,1.03095
1739242800,1.031,1.03175,1.0309,1.0315
1739246400,1.0315,1.0321,1.03145,1.03205
1739250000,1.03205,1.0323,1.03185,1.03215
1739253600,1.0321,1.0327,1.0321,1.03215
1739257200,1.03215,1.03245,1.03175,1.032
1739260800,1.032,1.03365,1.03165,1.03345
1739264400,1.03345,1.03385,1.0329,1.03345
1739268000,1.0335,1.0342,1.0331,1.03325
1739271600,1.0333,1.034,1.03325,1.03385
1739275200,1.03385,1.03455,1.0337,1.0339
1739278800,1.0339,1.0343,1.0333,1.03395
1739282400,1.0339,1.0354,1.03385,1.03495
1739286000,1.035,1.036,1.0345,1.0357
1739289600,1.03565,1.0368,1.0356,1.03625
1739293200,1.0362,1.03655,1.036,1.03625
1739296800,1.0362,1.0368,1.0361,1.03625
1739300400,1.0362,1.03985,1.03585,1.0375
1739304000,1.03745,1.03845,1.03745,1.03795
1739307600,1.03795,1.0381,1.03755,1.03785
1739314800,1.0377,1.0384,1.0377,1.03795
1739318400,1.03795,1.03805,1.03725,1.03735
1739322000,1.03735,1.038,1.037,1.0377
1739325600,1.0377,1.0384,1.03765,1.0379
1739329200,1.0379,1.03815,1.0375,1.03785
1739332800,1.0378,1.038,1.03725,1.03725
1739336400,1.03725,1.03755,1.03715,1.0375
1739340000,1.03745,1.03765,1.0373,1.0375
1739343600,1.03755,1.03955,1.0375,1.0392
1739347200,1.0392,1.0396,1.03845,1.03875
1739350800,1.03875,1.03905,1.0381,1.03895
1739354400,1.039,1.03935,1.03865,1.0392
1739358000,1.0392,1.0402,1.039,1.0392
1739361600,1.03915,1.0395,1.0388,1.0389
1739365200,1.0389,1.0398,1.03295,1.03495
1739368800,1.0349,1.037,1.03415,1.03665
1739372400,1.03665,1.0399,1.0354,1.0391
1739376000,1.03905,1.04115,1.03665,1.04075
1739379600,1.04075,1.04445,1.0407,1.04425
1739383200,1.0442,1.04465,1.0403,1.04055
1739386800,1.04055,1.04095,1.0401,1.0407
1739390400,1.0407,1.0414,1.0404,1.0408
1739394000,1.04085,1.0415,1.0397,1.03995
1739401200,1.03995,1.0407,1.03945,1.04065
1739404800,1.0407,1.0415,1.0403,1.04045
1739408400,1.04045,1.04165,1.0402,1.04145
1739412000,1.04145,1.0422,1.0411,1.04185
1739415600,1.0419,1.04365,1.0418,1.04335
1739419200,1.0433,1.045,1.0433,1.04495
1739422800,1.04495,1.04535,1.04455,1.04495
1739426400,1.04495,1.0455,1.0443,1.0445
1739430000,1.0446,1.04515,1.04375,1.04405
1739433600,1.04405,1.0441,1.0424,1.0428
1739437200,1.0428,1.0441,1.04255,1.04375
1739440800,1.04375,1.04435,1.0428,1.04305
1739444400,1.04305,1.0442,1.0407,1.04175
1739448000,1.0417,1.04175,1.04,1.0404
1739451600,1.04045,1.04215,1.03895,1.0407
1739455200,1.0407,1.0416,1.0396,1.0414
1739458800,1.04145,1.0453,1.04145,1.0448
1739462400,1.04475,1.046,1.04385,1.0442
1739466000,1.04415,1.0454,1.04395,1.044
1739469600,1.04405,1.04475,1.03875,1.0424
1739473200,1.0424,1.0458,1.04225,1.0452
1739476800,1.0452,1.04805,1.045,1.0476
1739480400,1.04765,1.04835,1.04715,1.0479
1739487600,1.04805,1.0482,1.04705,1.0476
1739491200,1.04765,1.04815,1.04725,1.04755
1739494800,1.04755,1.0482,1.0473,1.0474
1739498400,1.04735,1.04755,1.04695,1.0471
1739502000,1.0471,1.04765,1.04685,1.04735
1739505600,1.04735,1.04785,1.04695,1.04695
1739509200,1.04695,1.04705,1.04615,1.04675
1739512800,1.04665,1.04755,1.04665,1.0473
1739516400,1.04725,1.04865,1.04725,1.0479
1739520000,1.04795,1.05005,1.0478,1.04915
1739523600,1.04915,1.05025,1.04905,1.0496
1739527200,1.0496,1.04975,1.0479,1.04815
1739530800,1.04815,1.0484,1.04775,1.0482
1739534400,1.0482,1.04895,1.04715,1.0486
1739538000,1.04865,1.0518,1.0486,1.05025
1739541600,1.0503,1.0529,1.0502,1.05235
1739545200,1.05235,1.05275,1.05055,1.05235
1739548800,1.0523,1.0525,1.05115,1.0512
1739552400,1.0512,1.05235,1.0509,1.0522
1739556000,1.05215,1.05225,1.0514,1.05195
1739559600,1.0519,1.05195,1.05095,1.0513
1739563200,1.05135,1.05135,1.05055,1.0506
1739566800,1.05065,1.05095,1.0503,1.0506
1739746800,1.0505,1.0508,1.04985,1.0502
1739750400,1.0503,1.05075,1.04995,1.05055
1739754000,1.05065,1.05205,1.05035,1.05195
1739757600,1.05185,1.0519,1.051,1.05155
1739761200,1.0515,1.05175,1.05085,1.05085
1739764800,1.05085,1.05115,1.0503,1.05095
1739768400,1.05095,1.0512,1.04985,1.05035
1739772000,1.05035,1.0507,1.0502,1.0506
1739775600,1.0506,1.05095,1.04945,1.04965
1739779200,1.04965,1.0499,1.0485,1.04885
1739782800,1.0488,1.0495,1.0485,1.0488
1739786400,1.04885,1.0503,1.04875,1.0503
1739790000,1.05025,1.0503,1.04915,1.0496
1739793600,1.0496,1.0499,1.0482,1.0486
1739797200,1.04865,1.04905,1.0481,1.0488
1739800800,1.04885,1.0493,1.0485,1.04925
1739804400,1.04925,1.0498,1.0488,1.04935
1739808000,1.0494,1.04975,1.0491,1.04925
1739811600,1.0493,1.0499,1.0492,1.04965
1739815200,1.04965,1.04965,1.0493,1.0496
1739818800,1.04965,1.04975,1.04935,1.0495
1739822400,1.0496,1.0498,1.04945,1.04975
1739826000,1.0498,1.0499,1.0497,1.0498
1739833200,1.04965,1.04995,1.049,1.04985
1739836800,1.0499,1.04995,1.0486,1.0489
1739840400,1.04885,1.04895,1.04755,1.04795
1739844000,1.04795,1.04845,1.0479,1.0481
1739847600,1.04815,1.0486,1.04755,1.04765
1739851200,1.04765,1.0478,1.04695,1.04705
1739854800,1.0471,1.0473,1.04655,1.04685
1739858400,1.04685,1.0477,1.0468,1.0475
1739862000,1.04745,1.04825,1.04725,1.0477
1739865600,1.0477,1.0483,1.04685,1.04705
1739869200,1.047,1.04785,1.04685,1.04775
1739872800,1.0478,1.0482,1.0472,1.04755
1739876400,1.0476,1.04785,1.0475,1.0476
1739880000,1.0476,1.04815,1.04665,1.04685
1739883600,1.04685,1.04705,1.04555,1.0458
1739887200,1.04585,1.0468,1.04545,1.0466
1739890800,1.04665,1.04805,1.0465,1.048
1739894400,1.04795,1.04835,1.04675,1.047
1739898000,1.047,1.047,1.04525,1.0459
1739901600,1.04595,1.0461,1.04485,1.04575
1739905200,1.0457,1.0463,1.0454,1.04585
1739908800,1.04585,1.04615,1.0455,1.04615
1739912400,1.04605,1.0463,1.04575,1.0459
1739919600,1.04635,1.04635,1.04575,1.0461
1739923200,1.0461,1.0462,1.0457,1.04585
1739926800,1.0459,1.0461,1.0454,1.04595
1739930400,1.04595,1.04655,1.0458,1.0465
1739934000,1.04645,1.0465,1.0461,1.04645
1739937600,1.04645,1.04665,1.0462,1.04655
1739941200,1.0466,1.04695,1.0462,1.0469
1739944800,1.0469,1.0474,1.04675,1.0468
1739948400,1.0468,1.04725,1.04615,1.04645
1739952000,1.04645,1.04695,1.0452,1.04535
1739955600,1.04535,1.04565,1.0441,1.04425
1739959200,1.0442,1.0443,1.04315,1.0437
1739962800,1.0437,1.0446,1.0433,1.04375
1739966400,1.04375,1.04455,1.0435,1.04415
1739970000,1.0442,1.04485,1.0438,1.04465
1739973600,1.04465,1.0451,1.04405,1.0447
1739977200,1.04475,1.04545,1.0435,1.04375
1739980800,1.0437,1.04385,1.0417,1.04175
1739984400,1.04175,1.0426,1.0414,1.04225
1739988000,1.04225,1.0435,1.04215,1.0433
1739991600,1.0432,1.0445,1.0431,1.04385
1739995200,1.04385,1.0439,1.0434,1.04385
1739998800,1.0438,1.04395,1.0435,1.0436
1740006000,1.04355,1.04375,1.04315,1.04325
1740009600,1.04325,1.04415,1.0431,1.04405
1740013200,1.0441,1.0444,1.04305,1.0433
1740016800,1.0432,1.0449,1.04315,1.0447
1740020400,1.04475,1.04475,1.0438,1.0443
1740024000,1.0443,1.04435,1.04355,1.0442
1740027600,1.0442,1.0446,1.04385,1.04395
1740031200,1.04395,1.0446,1.04365,1.0437
1740034800,1.04375,1.04455,1.0435,1.0443
1740038400,1.0443,1.04535,1.04415,1.0445
1740042000,1.0445,1.04495,1.044,1.04485
1740045600,1.0448,1.0456,1.0446,1.04535
1740049200,1.04545,1.0458,1.04425,1.045
1740052800,1.045,1.04555,1.0445,1.04475
1740056400,1.0447,1.04665,1.04465,1.046
1740060000,1.04595,1.0472,1.04535,1.04585
1740063600,1.0458,1.0487,1.0453,1.0486
1740067200,1.0485,1.049,1.0476,1.04865
1740070800,1.04865,1.0506,1.0483,1.0501
1740074400,1.05005,1.0508,1.0497,1.05075