time,open,high,low,close,Volume,Volume MA,Volume Delta (Ouverture),Volume Delta (Haut,Volume Delta (Bas),Volume Delta (Fermeture),Up Volume,Down Volume,delta,Futures Open Interest
1737327600,1.0302,1.03045,1.0299,1.0299,391,NaN,0,0,-391,-391,0,-391,-391,577882
1737327780,1.03,1.03005,1.02985,1.03005,128,NaN,0,94,0,94,111,-17,94,577882
1737327960,1.03005,1.03005,1.0296,1.0298,235,NaN,0,0,-185,-135,50,-185,-135,577882
1737328140,1.02985,1.02995,1.0297,1.0298,98,NaN,0,48,0,48,73,-25,48,577882
1737328320,1.0298,1.02985,1.0297,1.0297,188,NaN,0,0,-188,-188,0,-188,-188,577882
1737328500,1.02975,1.02975,1.02955,1.0296,87,NaN,0,0,-87,-87,0,-87,-87,577882
1737328680,1.0296,1.0296,1.02955,1.0296,115,NaN,0,0,-104,-93,11,-104,-93,577882
1737328860,1.02955,1.0296,1.02955,1.02955,61,NaN,0,0,-61,-61,0,-61,-61,577882
1737329040,1.0295,1.0295,1.0292,1.02935,224,NaN,0,0,-157,-90,67,-157,-90,577882
1737329220,1.02935,1.02945,1.0293,1.0294,51,NaN,0,51,0,51,51,0,51,577882
1737329400,1.0294,1.0296,1.0294,1.02955,125,NaN,0,125,0,125,125,0,125,577882
1737329580,1.02955,1.02985,1.02955,1.02985,210,NaN,0,210,0,210,210,0,210,577882
1737329760,1.0298,1.02995,1.0298,1.0299,93,NaN,0,60,0,27,60,-33,27,577882
1737329940,1.02985,1.03005,1.02985,1.03005,86,NaN,0,26,-20,26,56,-30,26,577882
1737330120,1.03005,1.0301,1.02985,1.02985,42,NaN,0,14,-14,-14,14,-28,-14,577882
1737330300,1.0299,1.03,1.0298,1.03,59,NaN,0,0,-30,-1,29,-30,-1,577882
1737330480,1.03,1.0301,1.03,1.0301,14,NaN,0,14,0,14,14,0,14,577882
1737330660,1.0301,1.0302,1.0301,1.03015,55,NaN,0,55,0,55,55,0,55,577882
1737330840,1.03015,1.0302,1.0301,1.03015,23,NaN,0,14,0,5,14,-9,5,577882
1737331020,1.0302,1.03065,1.0302,1.0306,468,137.65,0,468,0,468,468,0,468,577882
1737331200,1.0306,1.03085,1.03055,1.0306,426,139.4,0,240,0,54,240,-186,54,577882
1737331380,1.0306,1.0307,1.0304,1.0307,123,139.15,0,57,-33,57,90,-33,57,577882
1737331560,1.03075,1.03095,1.03065,1.0309,397,147.25,0,397,0,397,397,0,397,577882
1737331740,1.03085,1.03095,1.0308,1.03095,153,150,0,128,0,117,135,-18,117,577882
1737331920,1.03095,1.0316,1.03095,1.03155,1129,197.05,0,1129,0,1129,1129,0,1129,577882
1737332100,1.0315,1.03155,1.0312,1.03125,519,218.65,0,0,-479,-439,40,-479,-439,577882
1737332280,1.03125,1.03135,1.03125,1.0313,77,216.75,0,21,-19,-3,37,-40,-3,577882
1737332460,1.0313,1.0313,1.0311,1.0311,78,217.6,0,0,-78,-78,0,-78,-78,577882
1737332640,1.0312,1.0312,1.0311,1.0311,106,211.7,0,0,-106,-106,0,-106,-106,577882
1737332820,1.03105,1.03105,1.0308,1.0308,144,216.35,0,0,-144,-144,0,-144,-144,577882
1737333000,1.0309,1.031,1.03085,1.031,63,213.25,0,63,0,63,63,0,63,577882
1737333180,1.031,1.03115,1.031,1.031,44,204.95,0,20,-4,-4,20,-24,-4,577882
1737333360,1.03105,1.0311,1.031,1.03105,55,203.05,0,9,-37,-37,9,-46,-37,577882
1737333540,1.031,1.03105,1.031,1.03105,42,200.85,0,2,-20,2,22,-20,2,577882
1737333720,1.03105,1.03105,1.03095,1.03105,48,201.15,0,17,-3,8,28,-20,8,577882
1737333900,1.03105,1.03125,1.031,1.0311,67,201.55,0,26,-15,-15,26,-41,-15,577882
1737334080,1.0311,1.03115,1.03095,1.03105,46,203.15,0,6,-14,-14,16,-30,-14,577882
1737334260,1.0311,1.0311,1.03105,1.0311,35,202.15,0,7,-14,7,21,-14,7,577882
1737334440,1.0311,1.0312,1.03105,1.0311,76,204.8,0,76,0,76,76,0,76,577882
1737334620,1.0311,1.0313,1.03105,1.03125,76,185.2,0,70,0,70,73,-3,70,577882
1737334800,1.0312,1.0312,1.0309,1.0309,182,173,0,0,-182,-182,0,-182,-182,577882
1737334980,1.03085,1.03095,1.03085,1.03095,154,174.55,0,154,0,154,154,0,154,577882
1737335160,1.0309,1.03095,1.0308,1.03095,73,158.35,0,25,-24,25,49,-24,25,577882
1737335340,1.031,1.0312,1.031,1.03115,97,155.55,0,97,0,97,97,0,97,577882
1737335520,1.0311,1.0311,1.031,1.031,42,101.2,0,0,-42,-42,0,-42,-42,577882
1737335700,1.03105,1.03105,1.0307,1.0308,265,88.5,0,0,-265,-265,0,-265,-265,577882
1737335880,1.03075,1.03075,1.03065,1.0307,78,88.55,0,0,-57,-36,21,-57,-36,577882
1737336060,1.03075,1.03085,1.0307,1.03085,112,90.25,0,112,0,112,112,0,112,577882
1737336240,1.03085,1.0309,1.03075,1.03075,138,91.85,0,0,-138,-138,0,-138,-138,577882
1737336420,1.03075,1.03085,1.0307,1.03075,26,85.95,0,10,-6,6,16,-10,6,577882
1737336600,1.03075,1.03075,1.03065,1.03065,40,84.8,0,0,-40,-40,0,-40,-40,577882
1737336780,1.0306,1.0308,1.0305,1.0307,186,91.9,0,28,-79,28,107,-79,28,577882
1737336960,1.0307,1.0309,1.0307,1.03085,84,93.35,0,84,0,84,84,0,84,577882
1737337140,1.0308,1.03085,1.0307,1.0308,25,92.5,0,13,-6,13,19,-6,13,577882
1737337320,1.0308,1.0311,1.0308,1.0311,73,93.75,0,51,0,51,62,-11,51,577882
1737337500,1.03105,1.03125,1.03105,1.03125,250,102.9,0,250,0,250,250,0,250,577882
1737337680,1.0313,1.0313,1.03115,1.0312,89,105.05,0,0,-89,-89,0,-89,-89,577882
1737337860,1.03125,1.0313,1.0311,1.03115,107,108.65,0,73,0,39,73,-34,39,577882
1737338040,1.03115,1.03155,1.03115,1.0315,160,112.85,0,160,0,160,160,0,160,577882
1737338220,1.03155,1.03185,1.03155,1.03165,352,126.65,0,300,0,248,300,-52,248,577882
1737338400,1.03165,1.0317,1.0315,1.03155,226,128.85,0,0,-226,-226,0,-226,-226,577882
1737338580,1.03155,1.03155,1.0314,1.0314,242,133.25,0,0,-242,-242,0,-242,-242,577882
1737338760,1.0314,1.0316,1.03135,1.0316,98,134.5,0,38,-30,38,68,-30,38,577882
1737338940,1.03165,1.0317,1.0316,1.0317,93,134.3,0,0,-59,-25,34,-59,-25,577882
1737339120,1.03165,1.0317,1.0316,1.0316,127,138.55,0,0,-127,-127,0,-127,-127,577882
1737339300,1.03165,1.03175,1.0316,1.0316,51,127.85,0,16,-19,-19,16,-35,-19,577882
1737339480,1.0316,1.0316,1.03145,1.0315,61,127,0,0,-51,-41,10,-51,-41,577882
1737339660,1.03145,1.03145,1.03145,1.03145,49,123.85,0,0,-49,-49,0,-49,-49,577882
1737339840,1.03145,1.03155,1.03145,1.03145,46,119.25,0,28,0,10,28,-18,10,577882
1737340020,1.03145,1.03145,1.0313,1.03135,86,122.25,0,0,-64,-42,22,-64,-42,577882
1737340200,1.03135,1.0315,1.03135,1.0315,26,121.55,0,26,0,26,26,0,26,577882
1737340380,1.0315,1.0317,1.0315,1.0317,87,116.6,0,81,0,81,84,-3,81,577882
1737340560,1.0317,1.0318,1.0317,1.03175,79,116.35,0,79,0,79,79,0,79,577882
1737340740,1.0318,1.0318,1.0316,1.03165,120,121.1,0,46,-19,46,83,-37,46,577882
1737340920,1.03165,1.0317,1.0316,1.0317,65,120.7,0,0,-48,-31,17,-48,-31,577882
1737341100,1.03165,1.0317,1.0316,1.0317,64,111.4,0,0,-46,-28,18,-46,-28,577882
1737341280,1.03165,1.03165,1.0314,1.03145,90,111.45,0,0,-90,-90,0,-90,-90,577882
1737341460,1.0314,1.0315,1.0314,1.0315,74,109.8,0,74,0,74,74,0,74,577882
1737341640,1.0315,1.03155,1.0314,1.0315,159,109.75,0,117,0,75,117,-42,75,577882
1737341820,1.0315,1.03175,1.03145,1.0317,110,97.65,0,42,-34,42,76,-34,42,577882
1737342000,1.0317,1.0319,1.0317,1.03185,204,96.55,0,204,0,204,204,0,204,577882
1737342180,1.03185,1.0321,1.03185,1.03205,284,98.65,0,284,0,284,284,0,284,577882
1737342360,1.03205,1.03205,1.0319,1.0319,89,98.2,0,0,-89,-89,0,-89,-89,577882
1737342540,1.0319,1.03205,1.03185,1.03205,135,100.3,0,0,-84,-33,51,-84,-33,577882
1737342720,1.03205,1.0321,1.032,1.03205,248,106.35,0,248,0,248,248,0,248,577882
1737342900,1.03205,1.0322,1.03205,1.0322,90,108.3,0,90,0,90,90,0,90,577882
1737343080,1.0322,1.0322,1.032,1.032,110,110.75,0,0,-78,-78,16,-94,-78,577882
1737343260,1.032,1.03215,1.032,1.03205,78,112.2,0,47,0,16,47,-31,16,577882
1737343440,1.032,1.0322,1.032,1.03215,152,117.5,0,152,0,152,152,0,152,577882
1737343620,1.03215,1.0322,1.0321,1.03215,183,122.35,0,26,-131,-131,26,-157,-131,577882
1737343800,1.03215,1.03265,1.03215,1.0324,760,159.05,0,714,0,668,714,-46,668,577882
1737343980,1.0324,1.03255,1.0324,1.03255,111,160.25,0,38,-17,1,56,-55,1,577882
1737344160,1.0325,1.0325,1.0321,1.03225,653,188.95,0,0,-653,-653,0,-653,-653,577882
1737344340,1.03225,1.0324,1.03215,1.0324,142,190.05,0,26,-58,26,84,-58,26,577882
1737344520,1.0324,1.0324,1.03225,1.0323,157,194.65,0,4,-59,-59,49,-108,-59,577882
1737344700,1.03235,1.0326,1.0323,1.03255,138,198.35,0,138,0,138,138,0,138,577882
1737344880,1.03255,1.03275,1.03255,1.03265,207,204.2,0,207,0,207,207,0,207,577882
1737345060,1.03265,1.03285,1.03265,1.03285,252,213.1,0,252,0,252,252,0,252,577882
1737345240,1.03285,1.03295,1.0328,1.0329,249,217.6,0,249,0,249,249,0,249,577882
1737345420,1.0329,1.03325,1.03285,1.0332,613,242.75,0,613,0,613,613,0,613,577882
1737345600,1.0332,1.03325,1.03305,1.0332,287,246.9,0,59,-114,59,173,-114,59,577882
1737345780,1.0332,1.03335,1.03315,1.0332,305,247.95,0,177,0,49,177,-128,49,577882
1737345960,1.03315,1.0332,1.0329,1.0331,596,273.3,0,0,-527,-458,69,-527,-458,577882
1737346140,1.0331,1.0331,1.03295,1.0331,251,279.1,0,57,-97,57,154,-97,57,577882
1737346320,1.03305,1.03315,1.033,1.0331,162,274.8,0,0,-122,-82,40,-122,-82,577882
1737346500,1.0331,1.0332,1.03305,1.0331,181,279.35,0,110,0,39,110,-71,39,577882
1737346680,1.03305,1.03315,1.03305,1.03315,86,278.15,0,86,0,86,86,0,86,577882
1737346860,1.03315,1.03315,1.03305,1.0331,105,279.5,0,0,-105,-105,0,-105,-105,577882
1737347040,1.0331,1.0331,1.033,1.03305,41,273.95,0,0,-41,-41,0,-41,-41,577882
1737347220,1.03305,1.03305,1.03285,1.033,101,269.85,0,65,-18,65,83,-18,65,577882
1737347400,1.0329,1.033,1.0328,1.03285,53,234.5,0,10,-33,-33,10,-43,-33,577882
1737347580,1.03285,1.0329,1.0328,1.0329,53,231.6,0,25,0,25,39,-14,25,577882
1737347760,1.03285,1.0329,1.03285,1.03285,26,200.25,0,14,0,2,14,-12,2,577882
1737347940,1.0329,1.0329,1.0328,1.03285,101,198.2,0,0,-101,-101,0,-101,-101,577882
1737348120,1.03285,1.033,1.03285,1.0329,93,195,0,32,-25,-25,34,-59,-25,577882
1737348300,1.0329,1.0329,1.03285,1.03285,16,188.9,0,0,-12,-12,2,-14,-12,577882
1737348480,1.0329,1.0329,1.0328,1.0328,19,179.5,0,11,0,3,11,-8,3,577882
1737348660,1.0328,1.03285,1.03275,1.0328,70,170.4,0,66,-2,66,68,-2,66,577882
1737348840,1.03285,1.0329,1.03285,1.0329,11,158.5,0,11,0,11,11,0,11,577882
1737349020,1.0329,1.033,1.0329,1.033,90,132.35,0,90,0,90,90,0,90,577882
1737349200,1.033,1.03315,1.03295,1.03295,219,128.95,0,186,0,153,186,-33,153,577882
1737349380,1.03295,1.033,1.0329,1.03295,36,115.5,0,26,-5,26,31,-5,26,577882
1737349560,1.03295,1.03305,1.0329,1.033,96,90.5,0,20,-38,-20,38,-58,-20,577882
1737349740,1.033,1.03305,1.0329,1.033,99,82.9,0,29,-35,29,64,-35,29,577882
1737349920,1.033,1.03305,1.03295,1.03295,118,80.7,0,61,0,4,61,-57,4,577882
1737350100,1.03295,1.033,1.03285,1.03285,80,75.65,0,16,-48,-48,16,-64,-48,577882
1737350280,1.0328,1.03295,1.0328,1.0329,237,83.2,0,97,-19,97,167,-70,97,577882
1737350460,1.0329,1.033,1.0329,1.033,103,83.1,0,103,0,103,103,0,103,577882
1737350640,1.033,1.033,1.03295,1.03295,41,83.1,0,8,-25,-25,8,-33,-25,577882
1737350820,1.033,1.033,1.0328,1.0329,109,83.5,0,0,-61,-13,48,-61,-13,577882
1737351000,1.03285,1.03295,1.03285,1.0329,80,84.85,0,37,-6,-6,37,-43,-6,577882
1737351180,1.0329,1.03295,1.03285,1.0329,82,86.3,0,0,-82,-82,0,-82,-82,577882
1737351360,1.03295,1.03305,1.0329,1.03305,113,90.65,0,73,-20,73,93,-20,73,577882
1737351540,1.033,1.0332,1.033,1.0332,70,89.1,0,70,0,70,70,0,70,577882
1737351720,1.0332,1.03325,1.03315,1.0332,49,86.9,0,13,-14,5,27,-22,5,577882
1737351900,1.0332,1.0332,1.03305,1.0331,86,90.4,0,0,-86,-86,0,-86,-86,577882
1737352080,1.03315,1.03325,1.03315,1.0332,31,91,0,19,0,7,19,-12,7,577882
1737352260,1.0332,1.0332,1.03295,1.03295,67,90.85,0,0,-63,-63,2,-65,-63,577882
1737352440,1.033,1.03305,1.0328,1.0328,58,93.2,0,4,-36,-36,11,-47,-36,577882
1737352620,1.03285,1.03285,1.03275,1.03285,114,94.4,0,0,-60,-6,54,-60,-6,577882
1737352800,1.03285,1.03285,1.03265,1.03265,173,92.1,0,0,-145,-145,14,-159,-145,577882
1737352980,1.03265,1.0327,1.0326,1.03265,142,97.4,0,74,0,74,108,-34,74,577882
1737353160,1.0326,1.0328,1.03255,1.03275,499,117.55,0,353,0,207,353,-146,207,577882
1737353340,1.0328,1.03295,1.03275,1.0329,425,133.85,0,425,0,425,425,0,425,577882
1737353520,1.0329,1.03295,1.03275,1.0328,178,136.85,0,0,-68,-68,55,-123,-68,577882
1737353700,1.03275,1.03285,1.0326,1.0328,265,146.1,0,87,-89,87,176,-89,87,577882
1737353880,1.0328,1.03285,1.03275,1.0328,111,139.8,0,111,0,111,111,0,111,577882
1737354060,1.0328,1.0329,1.03275,1.0328,178,143.55,0,98,0,18,98,-80,18,577882
1737354240,1.0328,1.03315,1.0328,1.03305,150,149,0,150,0,150,150,0,150,577882
1737354420,1.033,1.0332,1.03295,1.0332,80,147.55,0,80,0,80,80,0,80,577882
1737354600,1.03325,1.03335,1.0332,1.03335,239,155.5,0,239,0,239,239,0,239,577882
1737354780,1.0334,1.0334,1.0331,1.03335,478,175.3,0,214,-110,170,324,-154,170,577882
1737354960,1.0333,1.03335,1.033,1.03315,250,182.15,0,0,-193,-136,57,-193,-136,577882
1737355140,1.0331,1.03315,1.0329,1.0329,84,182.85,0,0,-84,-84,0,-84,-84,577882
1737355320,1.0329,1.03305,1.0328,1.0328,83,184.55,0,42,0,1,42,-41,1,577882
1737355500,1.0329,1.03315,1.03285,1.03315,99,185.2,0,99,0,99,99,0,99,577882
1737355680,1.0332,1.0332,1.033,1.033,101,188.7,0,8,-85,-85,8,-93,-85,577882
1737355860,1.033,1.0337,1.033,1.03355,821,226.4,0,821,0,821,821,0,821,577882
1737356040,1.03355,1.0345,1.0335,1.03405,1465,296.75,0,935,0,405,935,-530,405,577882
1737356220,1.03405,1.03415,1.03355,1.03365,741,328.1,0,0,-741,-741,0,-741,-741,577882
1737356400,1.0336,1.03365,1.0334,1.0335,451,342,0,0,-307,-307,72,-379,-307,577882
1737356580,1.0335,1.0338,1.03345,1.03355,370,353.4,0,134,-102,-102,134,-236,-102,577882
1737356760,1.03355,1.0336,1.0333,1.03345,346,345.75,0,0,-228,-110,118,-228,-110,577882
1737356940,1.03345,1.03375,1.0333,1.0337,496,349.3,0,410,-43,410,453,-43,410,577882
1737357120,1.03375,1.03375,1.0333,1.0334,372,359,0,0,-246,-120,126,-246,-120,577882
1737357300,1.0334,1.03345,1.03335,1.0334,96,350.55,0,96,0,96,96,0,96,577882
1737357480,1.0334,1.03345,1.0332,1.03325,179,353.95,0,33,-113,-113,33,-146,-113,577882
1737357660,1.0332,1.0335,1.0332,1.03335,136,351.85,0,117,0,98,117,-19,98,577882
1737357840,1.03335,1.03385,1.03335,1.0337,290,358.85,0,290,0,290,290,0,290,577882
1737358020,1.03365,1.03375,1.0336,1.0336,133,361.5,0,0,-83,-83,25,-108,-83,577882
1737358200,1.03365,1.0338,1.0335,1.03365,258,362.45,0,0,-116,-116,71,-187,-116,577882
1737358380,1.03365,1.03365,1.03335,1.0335,262,351.65,0,0,-147,-32,115,-147,-32,577882
1737358560,1.0335,1.03375,1.0335,1.03375,288,353.55,0,288,0,288,288,0,288,577882
1737358740,1.0337,1.03405,1.0337,1.034,423,370.5,0,423,0,423,423,0,423,577882
1737358920,1.03405,1.0344,1.03405,1.0343,565,394.6,0,245,-45,245,405,-160,245,577882
1737359100,1.03435,1.03445,1.0342,1.0344,394,409.35,0,145,0,122,258,-136,122,577882
1737359280,1.0344,1.03445,1.03395,1.03395,174,413,0,0,-174,-174,0,-174,-174,577882
1737359460,1.03395,1.034,1.0338,1.0339,181,381,0,0,-142,-103,39,-142,-103,577882
1737359640,1.0339,1.03405,1.03375,1.0339,181,316.8,0,130,0,79,130,-51,79,577882
1737359820,1.03395,1.0343,1.0338,1.03425,342,296.85,0,342,0,342,342,0,342,577882
1737360000,1.0343,1.03435,1.0338,1.0339,576,303.1,0,0,-471,-366,105,-471,-366,577882
1737360180,1.0339,1.0342,1.0339,1.03405,407,304.95,0,283,0,159,283,-124,159,577882
1737360360,1.0341,1.03415,1.0337,1.034,608,318.05,0,294,-49,294,451,-157,294,577882
1737360540,1.034,1.03425,1.03395,1.03425,439,315.2,0,171,0,165,302,-137,165,577882
1737360720,1.03425,1.0343,1.03385,1.034,262,309.7,0,0,-159,-56,103,-159,-56,577882
1737360900,1.0341,1.0342,1.0339,1.0339,209,315.35,0,147,0,85,147,-62,85,577882
1737361080,1.03385,1.034,1.0338,1.03395,332,323,0,108,-35,108,220,-112,108,577882
1737361260,1.03395,1.034,1.0337,1.03395,280,330.2,0,96,-92,96,188,-92,96,577882
1737361440,1.0339,1.03395,1.0336,1.0336,191,325.25,0,0,-191,-191,0,-191,-191,577882
1737361620,1.03365,1.03365,1.0333,1.0335,815,359.35,0,0,-704,-593,111,-704,-593,577882
1737361800,1.03355,1.0338,1.0335,1.03355,393,366.1,0,213,0,33,213,-180,33,577882
1737361980,1.03355,1.0337,1.03335,1.03335,258,365.9,0,92,-74,-74,92,-166,-74,577882
1737362160,1.0333,1.0337,1.0333,1.0336,261,364.55,0,261,0,261,261,0,261,577882
1737362340,1.0336,1.03395,1.0336,1.0336,288,357.8,0,128,-32,-32,128,-160,-32,577882
1737362520,1.0336,1.0338,1.03355,1.0337,174,338.25,0,114,0,114,144,-30,114,577882
1737362700,1.03375,1.0338,1.03365,1.0338,128,324.95,0,46,-4,28,78,-50,28,577882
1737362880,1.0338,1.03385,1.03365,1.0338,213,326.9,0,0,-171,-129,42,-171,-129,577882
1737363060,1.03375,1.0338,1.0335,1.03355,188,327.25,0,0,-110,-32,78,-110,-32,577882
1737363240,1.0335,1.0335,1.03335,1.0335,319,334.15,0,189,-65,189,254,-65,189,577882
1737363420,1.0335,1.03355,1.0334,1.03355,267,330.4,0,45,-111,45,156,-111,45,577882
1737363600,1.0336,1.03375,1.03355,1.0337,332,318.2,0,332,0,332,332,0,332,577882
1737363780,1.0337,1.03415,1.03355,1.0339,568,326.25,0,568,0,568,568,0,568,577882
1737363960,1.0339,1.0341,1.0338,1.034,400,315.85,0,323,0,246,323,-77,246,577882
1737364140,1.03395,1.0343,1.0339,1.03395,276,307.7,0,116,-44,-44,116,-160,-44,577882
1737364320,1.03395,1.03415,1.0339,1.03395,379,313.55,0,82,-215,-215,82,-297,-215,577882
1737364500,1.0339,1.0339,1.03345,1.0335,476,326.9,0,0,-476,-476,0,-476,-476,577882
1737364680,1.03345,1.03355,1.0332,1.03335,660,343.3,0,0,-537,-414,123,-537,-414,577882
1737364860,1.03335,1.03335,1.0331,1.03325,518,355.2,0,78,-220,78,298,-220,78,577882
1737365040,1.03325,1.0336,1.0332,1.03355,384,364.85,0,384,0,384,384,0,384,577882
1737365220,1.0335,1.0336,1.0334,1.0335,177,332.95,0,53,-39,7,92,-85,7,577882
1737365400,1.0335,1.03385,1.0335,1.0337,415,334.05,0,218,0,21,218,-197,21,577882
1737365580,1.0337,1.0337,1.03325,1.03325,437,343,0,0,-437,-437,0,-437,-437,577882
1737365760,1.03325,1.03355,1.03305,1.03315,810,370.45,0,538,0,266,538,-272,266,577882
1737365940,1.03315,1.0336,1.0331,1.03355,459,379,0,459,0,459,459,0,459,577882
1737366120,1.0336,1.03365,1.03335,1.0335,334,387,0,0,-278,-222,56,-278,-222,577882
1737366300,1.03355,1.03365,1.03345,1.0336,181,389.65,0,0,-145,-145,18,-163,-145,577882
1737366480,1.0336,1.03365,1.0334,1.0334,158,386.9,0,0,-158,-158,0,-158,-158,577882
1737366660,1.03335,1.0335,1.0333,1.0334,286,391.8,0,0,-110,-110,88,-198,-110,577882
1737366840,1.0334,1.03355,1.0331,1.0332,472,399.45,0,82,-308,-308,82,-390,-308,577882
1737367020,1.0332,1.0333,1.03315,1.0332,602,416.2,0,375,0,148,375,-227,148,577882
1737367200,1.03325,1.0338,1.03325,1.0337,332,416.2,0,332,0,332,332,0,332,577882
1737367380,1.0337,1.03385,1.0336,1.0338,274,401.5,0,274,0,274,274,0,274,577882
1737367560,1.03385,1.03415,1.03365,1.0338,914,427.2,0,164,-287,164,539,-375,164,577882
1737367740,1.0338,1.03405,1.0338,1.03405,200,423.4,0,200,0,200,200,0,200,577882
1737367920,1.0341,1.0341,1.03395,1.03405,178,413.35,0,0,-112,-46,66,-112,-46,577882
1737368100,1.03405,1.0344,1.03405,1.03435,309,405,0,309,0,309,309,0,309,577882
1737368280,1.03435,1.03435,1.0341,1.0341,349,389.45,0,0,-349,-349,0,-349,-349,577882
1737368460,1.03405,1.03435,1.03405,1.03435,168,371.95,0,168,0,168,168,0,168,577882
1737368640,1.0343,1.03435,1.03395,1.034,246,365.05,0,0,-176,-106,70,-176,-106,577882
1737368820,1.034,1.03425,1.034,1.0342,268,369.6,0,268,0,268,268,0,268,577882
1737369000,1.03425,1.03445,1.0342,1.0344,310,364.35,0,310,0,310,310,0,310,577882
1737369180,1.0344,1.0348,1.0344,1.0346,569,370.95,0,431,0,293,431,-138,293,577882
1737369360,1.0346,1.03485,1.0345,1.03475,347,347.8,0,347,0,347,347,0,347,577882
1737369540,1.03475,1.03475,1.03435,1.0344,400,344.85,0,0,-400,-400,0,-400,-400,577882
1737369720,1.03435,1.0344,1.0343,1.0344,210,338.65,0,210,0,210,210,0,210,577882
1737369900,1.03435,1.0345,1.0343,1.03435,147,336.95,0,93,0,39,93,-54,39,577882
1737370080,1.03435,1.03445,1.0341,1.0341,378,347.95,0,0,-378,-378,0,-378,-378,577882
1737370260,1.03415,1.03425,1.0341,1.0341,248,346.05,0,52,-144,-144,52,-196,-144,577882
1737370440,1.0341,1.0341,1.03395,1.034,159,330.4,0,0,-117,-75,42,-117,-75,577882
1737370620,1.034,1.03415,1.03385,1.0341,353,317.95,0,187,0,187,270,-83,187,577882
1737370800,1.0341,1.03435,1.0339,1.0343,285,315.6,0,97,-69,97,191,-94,97,577882
1737370980,1.0343,1.03465,1.03425,1.03435,224,313.1,0,160,0,96,160,-64,96,577882
1737371160,1.03435,1.0345,1.0343,1.0345,173,276.05,0,0,-102,-31,71,-102,-31,577882
1737371340,1.0345,1.0346,1.0345,1.03455,197,275.9,0,197,0,197,197,0,197,577882
1737371520,1.0346,1.03495,1.0346,1.03485,289,281.45,0,289,0,289,289,0,289,577882
1737371700,1.03485,1.0349,1.03465,1.0348,214,276.7,0,0,-108,-2,106,-108,-2,577882
1737371880,1.03485,1.0351,1.03485,1.0349,372,277.85,0,163,-46,-46,163,-209,-46,577882
1737372060,1.0349,1.03495,1.03435,1.03445,265,282.7,0,71,-123,-123,71,-194,-123,577882
1737372240,1.03445,1.03465,1.03445,1.0346,143,277.55,0,143,0,143,143,0,143,577882
1737372420,1.03465,1.0348,1.03465,1.03475,265,277.4,0,51,-116,-69,98,-167,-69,577882
1737372600,1.0347,1.0347,1.03435,1.03445,370,280.4,0,0,-335,-300,35,-335,-300,577882
1737372780,1.03445,1.0347,1.03445,1.0347,361,270,0,361,0,361,361,0,361,577882
1737372960,1.0346,1.03465,1.03445,1.0345,96,257.45,0,56,-9,34,65,-31,34,577882
1737373140,1.0345,1.0348,1.0345,1.0347,398,257.35,0,398,0,398,398,0,398,577882
1737373320,1.0347,1.0348,1.0345,1.0348,332,263.45,0,0,-234,-136,98,-234,-136,577882
1737373500,1.0348,1.03485,1.03475,1.0348,211,266.65,0,145,0,79,145,-66,79,577882
1737373680,1.03475,1.0349,1.03475,1.0348,136,254.55,0,75,0,14,75,-61,14,577882
1737373860,1.03485,1.035,1.03485,1.035,128,248.55,0,128,0,128,128,0,128,577882
1737374040,1.03505,1.0351,1.035,1.03505,121,246.65,0,57,-32,57,89,-32,57,577882
1737374220,1.0351,1.0352,1.0351,1.03515,177,237.85,0,152,0,127,152,-25,127,577882
1737374400,1.0352,1.0352,1.03495,1.035,338,240.5,0,106,-126,-126,106,-232,-126,577882
1737374580,1.035,1.0351,1.03495,1.0351,132,235.9,0,40,-46,40,86,-46,40,577882
1737374760,1.035,1.0351,1.035,1.035,121,233.3,0,55,-11,-11,55,-66,-11,577882
1737374940,1.03495,1.03495,1.0346,1.0346,317,239.3,0,0,-142,-133,92,-225,-133,577882
1737375120,1.0346,1.03475,1.0346,1.03465,223,236,0,175,0,127,175,-48,127,577882
1737375300,1.03465,1.0347,1.03435,1.0344,313,240.95,0,0,-313,-313,0,-313,-313,577882
1737375480,1.03435,1.0348,1.03435,1.0348,154,230.05,0,154,0,154,154,0,154,577882
1737375660,1.0348,1.0348,1.0345,1.0346,182,225.9,0,0,-167,-152,15,-167,-152,577882
1737375840,1.03455,1.0347,1.0343,1.0344,525,245,0,0,-525,-525,0,-525,-525,577882
1737376020,1.0344,1.03445,1.0341,1.0341,422,252.85,0,0,-422,-422,0,-422,-422,577882
1737376200,1.0341,1.0344,1.0341,1.0343,223,245.5,0,104,0,73,148,-75,73,577882
1737376380,1.0343,1.03465,1.03425,1.03455,424,248.65,0,363,0,302,363,-61,302,577882
1737376560,1.0345,1.03485,1.03445,1.0348,253,256.5,0,253,0,253,253,0,253,577882
1737376740,1.0348,1.03515,1.0348,1.03515,510,262.1,0,510,0,510,510,0,510,577882
1737376920,1.0351,1.03515,1.03475,1.0348,263,258.65,0,0,-263,-263,0,-263,-263,577882
1737377100,1.0348,1.0349,1.03455,1.0347,209,258.55,0,75,0,59,134,-75,59,577882
1737377280,1.03465,1.0347,1.0345,1.03465,405,272,0,0,-405,-405,0,-405,-405,577882
1737377460,1.03465,1.03475,1.03445,1.03445,481,289.65,0,170,-141,-141,170,-311,-141,577882
1737377640,1.03445,1.03465,1.03445,1.0346,303,298.75,0,303,0,303,303,0,303,577882
1737377820,1.03465,1.03465,1.03435,1.03465,316,305.7,0,12,-152,12,164,-152,12,577882
1737378000,1.0346,1.0346,1.03425,1.03435,342,305.9,0,0,-342,-342,0,-342,-342,577882
1737378180,1.03435,1.03435,1.0342,1.03435,186,308.6,0,54,-66,54,120,-66,54,577882
1737378360,1.0343,1.0343,1.0341,1.03425,183,311.7,0,0,-113,-113,35,-148,-113,577882
1737378540,1.0343,1.0344,1.03425,1.03425,140,302.85,0,0,-92,-92,24,-116,-92,577882
1737378720,1.0342,1.03435,1.0341,1.0343,217,302.55,0,0,-123,-29,94,-123,-29,577882
1737378900,1.03435,1.03445,1.03405,1.03415,218,297.8,0,0,-218,-218,0,-218,-218,577882
1737379080,1.0342,1.03425,1.0339,1.0339,121,296.15,0,0,-121,-121,0,-121,-121,577882
1737379260,1.0339,1.034,1.03385,1.03395,160,295.05,0,0,-112,-64,48,-112,-64,577882
1737379440,1.034,1.0342,1.0339,1.03395,176,277.6,0,59,-58,-58,59,-117,-58,577882
1737379620,1.0339,1.03405,1.0339,1.034,206,266.8,0,206,0,206,206,0,206,577882
1737379800,1.03395,1.0416,1.0333,1.03945,30703,1790.8,0,23561,0,16419,23561,-7142,16419,577882
1737379980,1.03945,1.0425,1.039,1.0413,8326,2185.9,0,6452,0,4578,6452,-1874,4578,577882
1737380160,1.0413,1.0418,1.0392,1.0396,5833,2464.9,0,511,-1887,-1037,2398,-3435,-1037,577882
1737380340,1.0395,1.0403,1.03935,1.0396,2613,2570.05,0,1560,0,507,1560,-1053,507,577882
1737380520,1.0397,1.041,1.039,1.0407,4543,2784.05,0,809,-1867,809,2676,-1867,809,577882
1737380700,1.04065,1.0418,1.04065,1.0414,2575,2902.35,0,2575,0,2575,2575,0,2575,577882
1737380880,1.04135,1.0423,1.04125,1.0419,3307,3047.45,0,1724,0,141,1724,-1583,141,577882
1737381060,1.0419,1.0425,1.041,1.04185,2610,3153.9,0,1133,0,1124,1867,-743,1124,577882
1737381240,1.0418,1.04235,1.0415,1.0418,2254,3251.45,0,563,-605,82,1168,-1086,82,577882
1737381420,1.0418,1.04265,1.0416,1.04245,2959,3383.6,0,1343,-126,1343,2151,-808,1343,577882
1737381600,1.04245,1.043,1.0421,1.0425,2483,3490.65,0,0,-1157,-1157,663,-1820,-1157,577882
1737381780,1.04255,1.0431,1.0416,1.042,1985,3580.6,0,668,-649,-649,668,-1317,-649,577882
1737381960,1.04195,1.04205,1.04085,1.0415,2201,3681.5,0,0,-1216,-231,985,-1216,-231,577882
1737382140,1.04155,1.0416,1.0408,1.041,1525,3750.75,0,0,-1525,-1525,0,-1525,-1525,577882
1737382320,1.041,1.04175,1.04055,1.0416,1457,3812.75,0,1457,0,1457,1457,0,1457,577882
1737382500,1.0416,1.04265,1.0416,1.0426,1347,3869.2,0,1347,0,1347,1347,0,1347,577882
1737382680,1.04265,1.04295,1.04155,1.04195,2087,3967.5,0,0,-2087,-2087,0,-2087,-2087,577882
1737382860,1.04195,1.04255,1.0417,1.04245,1287,4023.85,0,715,0,697,992,-295,697,577882
1737383040,1.0425,1.0428,1.04205,1.0425,992,4064.65,0,0,-771,-550,221,-771,-550,577882
1737383220,1.0425,1.04285,1.0421,1.0426,1120,4110.35,0,602,0,602,861,-259,602,577882
1737383400,1.04265,1.04285,1.0421,1.0427,1720,2661.2,0,430,-645,430,1075,-645,430,577882
1737383580,1.04275,1.04305,1.04255,1.0427,830,2286.4,0,112,-254,-98,366,-464,-98,577882
1737383760,1.04275,1.04275,1.04175,1.0418,1310,2060.25,0,0,-1310,-1310,0,-1310,-1310,577882
1737383940,1.04175,1.0445,1.0413,1.0445,7236,2291.4,0,7236,0,7236,7236,0,7236,577882
1737384120,1.04445,1.04565,1.044,1.0451,5739,2351.2,0,4098,0,2457,4098,-1641,2457,577882
1737384300,1.04515,1.04545,1.0445,1.0446,2156,2330.25,0,0,-900,-900,628,-1528,-900,577882
1737384480,1.0445,1.0452,1.0443,1.0444,1322,2231,0,965,0,608,965,-357,608,577882
1737384660,1.0444,1.04515,1.0443,1.0445,1806,2190.8,0,1350,0,894,1350,-456,894,577882
1737384840,1.0445,1.04475,1.04375,1.0439,1745,2165.35,0,0,-1015,-1015,365,-1380,-1015,577882
1737385020,1.0439,1.0443,1.04335,1.04415,3607,2197.75,0,1837,-885,1837,2722,-885,1837,577882
1737385200,1.0441,1.04435,1.0435,1.04395,1443,2145.75,0,74,-494,-307,568,-875,-307,577882
1737385380,1.044,1.045,1.04385,1.0448,1953,2144.15,0,1953,0,1953,1953,0,1953,577882
1737385560,1.04485,1.04485,1.04385,1.0444,1355,2101.85,0,0,-969,-583,386,-969,-583,577882
1737385740,1.0444,1.04515,1.04425,1.04505,1075,2079.35,0,1075,0,1075,1075,0,1075,577882
1737385920,1.0451,1.0456,1.04485,1.04515,1194,2066.2,0,85,-436,-152,521,-673,-152,577882
1737386100,1.0452,1.04535,1.0441,1.0442,1489,2073.3,0,0,-1489,-1489,0,-1489,-1489,577882
1737386280,1.04425,1.0456,1.04415,1.0449,1331,2035.5,0,657,-17,-17,657,-674,-17,577882
1737386460,1.04495,1.0453,1.0446,1.04485,804,2011.35,0,287,-230,-230,287,-517,-230,577882
1737386640,1.0449,1.045,1.04345,1.04375,1985,2061,0,0,-1985,-1985,0,-1985,-1985,577882
1737386820,1.04385,1.04385,1.0425,1.04295,2956,2152.8,0,0,-2571,-2186,385,-2571,-2186,577882
1737387000,1.043,1.0434,1.04255,1.04335,1077,2120.65,0,209,-434,209,643,-434,209,577882
1737387180,1.0434,1.0436,1.0429,1.0429,652,2111.75,0,248,-156,-156,248,-404,-156,577882
1737387360,1.04285,1.0431,1.0422,1.0427,1818,2137.15,0,0,-1292,-766,526,-1292,-766,577882
1737387540,1.0427,1.04275,1.0417,1.0418,1828,1866.75,0,0,-1828,-1828,0,-1828,-1828,577882
1737387720,1.0418,1.04215,1.0414,1.04145,938,1626.7,0,219,-500,-500,219,-719,-500,577882
1737387900,1.0415,1.042,1.04115,1.04175,1701,1603.95,0,455,-623,455,1078,-623,455,577882
1737388080,1.0418,1.04185,1.0415,1.04165,666,1571.15,0,0,-666,-666,0,-666,-666,577882
1737388260,1.04165,1.0426,1.0416,1.04255,1367,1549.2,0,1367,0,1367,1367,0,1367,577882
1737388440,1.04255,1.0429,1.0424,1.0428,1313,1527.6,0,1313,0,1313,1313,0,1313,577882
1737388620,1.04275,1.0429,1.04255,1.04265,1151,1404.8,0,511,0,511,831,-320,511,577882
1737388800,1.04265,1.0428,1.04235,1.04275,1131,1389.2,0,267,-432,267,699,-432,267,577882
1737388980,1.04275,1.04315,1.04265,1.0428,378,1310.45,0,298,0,298,338,-40,298,577882
1737389160,1.0428,1.04285,1.04245,1.0425,160,1250.7,0,0,-160,-160,0,-160,-160,577882
1737389340,1.0425,1.0426,1.0419,1.04195,812,1237.55,0,0,-812,-812,0,-812,-812,577882
1737389520,1.0419,1.0425,1.0417,1.0421,918,1223.75,0,779,0,640,779,-139,640,577882
1737389700,1.0422,1.0423,1.0418,1.0418,531,1175.85,0,137,-257,-257,137,-394,-257,577882
1737389880,1.0418,1.04205,1.04165,1.04185,663,1142.45,0,0,-363,-363,150,-513,-363,577882
1737390060,1.04185,1.0425,1.0418,1.04245,783,1141.4,0,783,0,783,783,0,783,577882
1737390240,1.04245,1.0426,1.0423,1.0424,487,1066.5,0,227,-33,-33,227,-260,-33,577882
1737390420,1.04245,1.0429,1.0424,1.0428,678,952.6,0,678,0,678,678,0,678,577882
1737390600,1.0428,1.04295,1.0427,1.0429,456,921.55,0,456,0,456,456,0,456,577882
1737390780,1.0429,1.04305,1.0425,1.0425,225,900.2,0,21,-105,-105,60,-165,-105,577882
1737390960,1.04255,1.04265,1.0422,1.0424,430,830.8,0,0,-361,-292,69,-361,-292,577882
1737391140,1.0424,1.0426,1.04225,1.04245,512,765,0,386,0,386,449,-63,386,577882
1737391320,1.0424,1.0427,1.04235,1.0426,208,728.5,0,96,-56,96,152,-56,96,577882
1737391500,1.0426,1.04275,1.04245,1.0426,201,653.5,0,76,-49,-49,76,-125,-49,577882
1737391680,1.04265,1.0427,1.0425,1.0426,163,628.35,0,38,-53,19,91,-72,19,577882
1737391860,1.04265,1.0428,1.04255,1.0427,403,580.15,0,403,0,403,403,0,403,577882
1737392040,1.0427,1.0427,1.04235,1.04255,285,528.75,0,0,-160,-35,125,-160,-35,577882
1737392220,1.0425,1.0425,1.0423,1.04245,202,481.3,0,0,-164,-126,38,-164,-126,577882
1737392400,1.04245,1.04245,1.042,1.0422,248,437.15,0,0,-196,-144,52,-196,-144,577882
1737392580,1.04215,1.0422,1.0413,1.0413,1212,478.85,0,0,-1212,-1212,0,-1212,-1212,577882
1737392760,1.04135,1.04155,1.0413,1.0414,225,482.1,0,107,0,107,166,-59,107,577882
1737392940,1.04145,1.04145,1.0407,1.04075,831,483.05,0,7,-533,-533,149,-682,-533,577882
1737393120,1.04075,1.04095,1.0402,1.0403,768,475.55,0,259,-250,-250,259,-509,-250,577882
1737393300,1.0403,1.0405,1.0398,1.0405,1197,508.85,0,273,-462,273,735,-462,273,577882
1737393480,1.0405,1.0409,1.0403,1.04035,815,516.45,0,375,-65,-65,375,-440,-65,577882
1737393660,1.04035,1.0411,1.04015,1.0409,345,494.55,0,345,0,345,345,0,345,577882
1737393840,1.04085,1.0411,1.0379,1.03965,9109,925.65,0,0,-6916,-4723,2193,-6916,-4723,577882
1737394020,1.03965,1.03995,1.03895,1.03965,1730,978.25,0,1507,0,1284,1507,-223,1284,577882
1737394200,1.0396,1.04075,1.0396,1.04015,1130,1011.95,0,604,0,78,604,-526,78,577882
1737394380,1.04015,1.0418,1.0401,1.04095,1095,1055.45,0,480,-135,-135,480,-615,-135,577882
1737394560,1.04095,1.04135,1.04085,1.0411,417,1054.8,0,209,0,141,279,-138,141,577882
1737394740,1.04105,1.04285,1.041,1.04185,1214,1089.9,0,755,0,296,755,-459,296,577882
1737394920,1.0419,1.0419,1.04105,1.0416,465,1102.75,0,0,-367,-269,98,-367,-269,577882
1737395100,1.0417,1.0417,1.0413,1.04135,250,1105.2,0,20,-101,-8,121,-129,-8,577882
1737395280,1.04135,1.0416,1.0413,1.04135,140,1104.05,0,69,-2,2,71,-69,2,577882
1737395460,1.0414,1.0419,1.04135,1.0417,144,1091.1,0,130,0,130,137,-7,130,577882
1737395640,1.04165,1.0417,1.04115,1.04115,284,1091.05,0,0,-284,-284,0,-284,-284,577882
1737395820,1.0411,1.0413,1.0409,1.0412,251,1093.5,0,147,-52,147,199,-52,147,577882
1737396000,1.04115,1.04145,1.04105,1.0413,112,1086.7,0,69,0,26,69,-43,26,577882
1737396180,1.04125,1.04175,1.0412,1.04175,144,1033.3,0,144,0,144,144,0,144,577882
1737396360,1.04175,1.042,1.0416,1.0416,81,1026.1,0,0,-81,-81,0,-81,-81,577882
1737396540,1.0416,1.04185,1.0416,1.0416,77,988.4,0,59,0,41,59,-18,41,577882
1737396720,1.04155,1.04155,1.0413,1.0413,129,956.45,0,0,-129,-129,0,-129,-129,577882
1737396900,1.04135,1.0416,1.04125,1.04145,259,909.55,0,229,-15,229,244,-15,229,577882
1737397080,1.0414,1.04145,1.04125,1.04125,315,884.55,0,0,-315,-315,0,-315,-315,577882
1737397260,1.0412,1.0414,1.04095,1.04115,344,884.5,0,0,-234,-234,55,-289,-234,577882
1737397440,1.04115,1.04115,1.04105,1.0411,39,431,0,0,-29,-19,10,-29,-19,577882
1737397620,1.0411,1.04125,1.04105,1.0412,174,353.2,0,174,0,174,174,0,174,577882
1737397800,1.04125,1.0415,1.0411,1.04145,229,308.15,0,77,-76,77,153,-76,77,577882
1737397980,1.04145,1.04165,1.0413,1.0413,279,267.35,0,35,-209,-209,35,-244,-209,577882
1737398160,1.0413,1.0414,1.04095,1.041,258,259.4,0,0,-114,-114,72,-186,-114,577882
1737398340,1.04105,1.0412,1.04105,1.0412,54,201.4,0,54,0,54,54,0,54,577882
1737398520,1.04125,1.0416,1.04125,1.0415,112,183.75,0,56,0,52,82,-30,52,577882
1737398700,1.04145,1.04145,1.04105,1.04115,101,176.3,0,0,-85,-69,16,-85,-69,577882
1737398880,1.04115,1.0414,1.0411,1.0414,133,175.95,0,37,-48,37,85,-48,37,577882
1737399060,1.0413,1.04135,1.0413,1.0413,14,169.45,0,0,-14,-14,0,-14,-14,577882
1737399240,1.04125,1.0419,1.04125,1.0419,109,160.7,0,109,0,109,109,0,109,577882
1737399420,1.04195,1.0423,1.0419,1.0423,149,155.6,0,149,0,149,149,0,149,577882
1737399600,1.0423,1.0426,1.0421,1.04225,241,162.05,0,179,0,117,179,-62,117,577882
1737399780,1.04215,1.04235,1.0421,1.0422,121,160.9,0,67,0,13,67,-54,13,577882
1737399960,1.04215,1.0423,1.04195,1.042,29,158.3,0,12,-5,-5,12,-17,-5,577882
1737400140,1.04195,1.04205,1.0419,1.042,36,156.25,0,4,-13,4,20,-16,4,577882
1737400320,1.04195,1.04205,1.0419,1.04195,18,150.7,0,4,-7,4,11,-7,4,577882
1737400500,1.04195,1.04195,1.04195,1.04195,2,137.85,0,2,0,2,2,0,2,577882
1737400680,1.04195,1.04195,1.04175,1.04175,70,125.6,0,13,-17,-10,30,-40,-10,577882
1737400860,1.0417,1.0418,1.04165,1.04175,56,111.2,0,4,-48,-48,4,-52,-48,577882
1737401040,1.0417,1.04185,1.0417,1.0418,49,111.7,0,31,0,13,31,-18,13,577882
1737401220,1.0418,1.0421,1.0418,1.04205,115,108.75,0,115,0,115,115,0,115,577882
1737401400,1.0421,1.04225,1.042,1.04215,186,106.6,0,52,-45,8,97,-89,8,577882
1737401580,1.04215,1.0422,1.04215,1.0422,34,94.35,0,34,0,34,34,0,34,577882
1737401760,1.0422,1.0422,1.04215,1.0422,16,82.25,0,16,0,16,16,0,16,577882
1737401940,1.0422,1.0428,1.04215,1.0426,422,100.65,0,292,0,162,292,-130,162,577882
1737402120,1.04255,1.04275,1.04245,1.04275,120,101.05,0,120,0,120,120,0,120,577882
1737402300,1.04285,1.0437,1.0428,1.0435,590,125.5,0,501,0,412,501,-89,412,577882
1737402480,1.0435,1.04445,1.0435,1.04435,660,151.85,0,660,0,660,660,0,660,577882
1737402660,1.04425,1.04495,1.0442,1.04495,452,173.75,0,452,0,452,452,0,452,577882
1737402840,1.04485,1.04485,1.044,1.04415,361,186.35,0,0,-361,-361,0,-361,-361,577882
1737403020,1.04425,1.04475,1.0441,1.04465,265,192.15,0,155,-55,155,210,-55,155,577882
1737403200,1.04465,1.04485,1.04445,1.04475,251,192.65,0,168,0,85,168,-83,85,577882
1737403380,1.04475,1.0455,1.04425,1.0453,667,219.95,0,437,-115,437,552,-115,437,577882
1737403560,1.04535,1.0455,1.0451,1.0455,139,225.45,0,0,-80,-21,59,-80,-21,577882
1737403740,1.04535,1.04555,1.0451,1.0454,205,233.9,0,19,-93,19,112,-93,19,577882
1737403920,1.0454,1.0461,1.04535,1.04545,951,280.55,0,769,0,587,769,-182,587,577882
1737404100,1.0454,1.0455,1.0445,1.04465,491,305,0,0,-387,-283,104,-387,-283,577882
1737404280,1.04465,1.04485,1.0443,1.0445,265,314.75,0,67,-99,67,166,-99,67,577882
1737404460,1.04455,1.04455,1.04405,1.0443,209,322.4,0,0,-174,-139,35,-174,-139,577882
1737404640,1.04425,1.0443,1.0438,1.0439,225,331.2,0,0,-225,-225,0,-225,-225,577882
1737404820,1.04395,1.0441,1.0439,1.04405,121,331.5,0,87,0,87,104,-17,87,577882
1737405000,1.044,1.04445,1.0438,1.0443,204,332.4,0,26,-89,26,115,-89,26,577882
1737405180,1.0443,1.04465,1.0443,1.04465,80,334.7,0,74,0,74,77,-3,74,577882
1737405360,1.0447,1.0451,1.0446,1.0449,289,348.35,0,240,0,191,240,-49,191,577882
1737405540,1.04485,1.0449,1.04455,1.04455,62,330.35,0,0,-62,-62,0,-62,-62,577882
1737405720,1.04465,1.04465,1.044,1.044,114,330.05,0,0,-114,-114,0,-114,-114,577882
1737405900,1.04415,1.04415,1.04375,1.044,77,304.4,0,0,-66,-55,11,-66,-55,577882
1737406080,1.04405,1.0441,1.04395,1.04395,29,272.85,0,20,0,11,20,-9,11,577882
1737406260,1.044,1.0443,1.04395,1.0443,68,253.65,0,68,0,68,68,0,68,577882
1737406440,1.04425,1.04435,1.0442,1.0443,37,237.45,0,13,-12,13,25,-12,13,577882
1737406620,1.04425,1.0443,1.0442,1.0442,33,225.85,0,11,-10,9,21,-12,9,577882
1737406800,1.04415,1.04415,1.0438,1.0438,230,224.8,0,0,-230,-230,0,-230,-230,577882
1737406980,1.0439,1.0441,1.04385,1.0441,47,193.8,0,33,-7,33,40,-7,33,577882
1737407160,1.0441,1.04425,1.0439,1.04395,95,191.6,0,11,-73,-73,11,-84,-73,577882
1737407340,1.044,1.0441,1.044,1.04405,25,182.6,0,11,-3,-3,11,-14,-3,577882
1737407520,1.04415,1.0446,1.04415,1.0445,59,138,0,43,0,43,51,-8,43,577882
1737407700,1.04455,1.0446,1.04435,1.04435,80,117.45,0,0,-46,-44,18,-62,-44,577882
1737407880,1.0443,1.0443,1.044,1.044,44,106.4,0,0,-44,-44,0,-44,-44,577882
1737408060,1.044,1.04425,1.044,1.04405,42,98.05,0,18,-2,-2,20,-22,-2,577882
1737408240,1.044,1.044,1.044,1.044,8,87.2,0,0,-8,-8,0,-8,-8,577882
1737408420,1.044,1.04405,1.04395,1.04405,32,82.75,0,32,0,32,32,0,32,577882
1737408600,1.04405,1.04405,1.04385,1.0439,70,76.05,0,0,-70,-70,0,-70,-70,577882
1737408780,1.04385,1.04395,1.0436,1.0436,43,74.2,0,5,-33,-33,5,-38,-33,577882
1737408960,1.0437,1.04385,1.0437,1.04375,46,62.05,0,32,0,18,32,-14,18,577882
1737409140,1.04385,1.04405,1.04385,1.044,71,62.5,0,71,0,71,71,0,71,577882
1737409320,1.044,1.0441,1.044,1.044,55,59.55,0,25,-5,-5,25,-30,-5,577882
1737409500,1.044,1.044,1.04385,1.04385,35,57.45,0,0,-21,-21,7,-28,-21,577882
1737409680,1.0439,1.044,1.04385,1.04395,59,58.95,0,50,0,41,50,-9,41,577882
1737409860,1.04385,1.0439,1.0438,1.0439,38,57.45,0,0,-31,-24,7,-31,-24,577882
1737410040,1.0439,1.0442,1.0439,1.0442,35,57.35,0,35,0,35,35,0,35,577882
1737410220,1.04415,1.0443,1.0441,1.0443,25,56.95,0,0,-17,-9,8,-17,-9,577882
1737414000,1.0443,1.04435,1.0439,1.0442,411,66,0,0,-312,-213,99,-312,-213,577882
1737414180,1.04415,1.04435,1.04385,1.0443,126,69.95,0,40,-43,40,83,-43,40,577882
1737414360,1.04435,1.0451,1.04435,1.04505,253,77.85,0,253,0,253,253,0,253,577882
1737414540,1.04505,1.04505,1.0446,1.04485,276,90.4,0,0,-262,-248,14,-262,-248,577882
1737414720,1.0448,1.045,1.0447,1.0447,250,99.95,0,45,-66,-66,92,-158,-66,577882
1737414900,1.04475,1.04485,1.04455,1.04455,390,115.45,0,55,-280,-280,55,-335,-280,577882
1737415080,1.0446,1.04495,1.04455,1.0449,344,130.45,0,344,0,344,344,0,344,577882
1737415260,1.04485,1.045,1.0445,1.0447,218,139.25,0,0,-148,-78,70,-148,-78,577882
1737415440,1.0447,1.0448,1.0445,1.0446,304,154.05,0,168,0,162,233,-71,162,577882
1737415620,1.04455,1.04455,1.0441,1.04435,193,162.1,0,0,-146,-99,47,-146,-99,577882
1737415800,1.04435,1.04445,1.044,1.04405,276,172.4,0,0,-204,-132,72,-204,-132,577882
1737415980,1.04405,1.0443,1.044,1.04415,171,178.8,0,67,0,57,114,-57,57,577882
1737416160,1.04415,1.04415,1.04365,1.0437,299,191.45,0,0,-299,-299,0,-299,-299,577882
1737416340,1.0437,1.0442,1.04365,1.0442,255,200.65,0,255,0,255,255,0,255,577882
1737416520,1.04425,1.04465,1.0442,1.04455,295,212.65,0,295,0,295,295,0,295,577882
1737416700,1.04465,1.04465,1.0444,1.0445,171,219.45,0,0,-171,-171,0,-171,-171,577882
1737416880,1.0446,1.0449,1.04455,1.0448,342,233.6,0,187,0,32,187,-155,32,577882
1737417060,1.0448,1.04485,1.0446,1.04475,121,237.75,0,69,-26,69,95,-26,69,577882
1737417240,1.04465,1.04475,1.0445,1.04455,117,241.85,0,0,-117,-117,0,-117,-117,577882
1737417420,1.0445,1.04465,1.0445,1.0446,121,246.65,0,46,-5,19,70,-51,19,577882
1737417600,1.0446,1.04495,1.0445,1.0448,356,243.9,0,356,0,356,356,0,356,577882
1737417780,1.0448,1.04535,1.04475,1.0452,649,270.05,0,251,-147,-147,251,-398,-147,577882
1737417960,1.0452,1.04555,1.04515,1.0453,400,277.4,0,102,-196,-196,102,-298,-196,577882
1737418140,1.0453,1.046,1.0453,1.04595,581,292.65,0,581,0,581,581,0,581,577882
1737418320,1.0459,1.0459,1.0453,1.0453,395,299.9,0,0,-395,-395,0,-395,-395,577882
1737418500,1.04535,1.04545,1.045,1.04545,445,302.65,0,0,-333,-221,112,-333,-221,577882
1737418680,1.0454,1.04565,1.0453,1.0455,241,297.5,0,131,-55,131,186,-55,131,577882
1737418860,1.0456,1.04585,1.0454,1.0454,237,298.45,0,74,-89,-89,74,-163,-89,577882
1737419040,1.0454,1.04575,1.0454,1.0456,275,297,0,190,0,105,190,-85,105,577882
1737419220,1.0456,1.04565,1.0454,1.0454,167,295.7,0,0,-91,-83,42,-125,-83,577882
1737419400,1.04535,1.0456,1.0449,1.0452,272,295.5,0,10,-131,10,141,-131,10,577882
1737419580,1.04525,1.04525,1.04475,1.0448,199,296.9,0,0,-199,-199,0,-199,-199,577882
1737419760,1.04475,1.04485,1.04455,1.04465,185,291.2,0,76,-33,-33,76,-109,-33,577882
1737419940,1.0447,1.0447,1.04435,1.0445,209,288.9,0,0,-209,-209,0,-209,-209,577882
1737420120,1.04445,1.0448,1.04435,1.04475,197,284,0,57,-70,57,127,-70,57,577882
1737420300,1.04475,1.04495,1.0447,1.0448,217,286.3,0,85,0,85,151,-66,85,577882
1737420480,1.04485,1.0449,1.0412,1.04175,2961,417.25,0,0,-2961,-2961,0,-2961,-2961,577882
1737420660,1.0418,1.0419,1.0394,1.0394,4416,632,0,0,-4416,-4416,0,-4416,-4416,577882
1737420840,1.03935,1.04005,1.0381,1.03835,2757,764,0,1180,-397,-397,1180,-1577,-397,577882
1737421020,1.03825,1.0391,1.0378,1.03875,1882,852.05,0,640,-602,-602,640,-1242,-602,577882
1737421200,1.03875,1.0394,1.0384,1.0391,1744,921.45,0,1161,0,578,1161,-583,578,577882
1737421380,1.03915,1.0397,1.03815,1.0391,761,927.05,0,0,-402,-43,359,-402,-43,577882
1737421560,1.03915,1.03965,1.03875,1.03925,901,952.1,0,0,-660,-419,241,-660,-419,577882
1737421740,1.03915,1.04065,1.03905,1.04015,1290,987.55,0,212,-539,212,751,-539,212,577882
1737421920,1.0401,1.04015,1.0395,1.0396,323,983.95,0,0,-234,-145,89,-234,-145,577882
1737422100,1.0396,1.04045,1.0396,1.0401,614,992.4,0,318,0,22,318,-296,22,577882
1737422280,1.04015,1.04045,1.03985,1.0404,373,999,0,117,-128,117,245,-128,117,577882
1737422460,1.04045,1.0413,1.0403,1.04115,881,1031.2,0,765,0,765,823,-58,765,577882
1737422640,1.041,1.041,1.03955,1.0399,1972,1116.05,0,0,-1972,-1972,0,-1972,-1972,577882
1737422820,1.03995,1.04235,1.0399,1.04085,2041,1209.75,0,1222,0,813,1427,-614,813,577882
1737423000,1.041,1.04105,1.0402,1.04055,606,1226.45,0,182,-212,182,394,-212,182,577882
1737423180,1.0405,1.04065,1.0402,1.04025,233,1228.15,0,98,-37,-37,98,-135,-37,577882
1737423360,1.04025,1.04025,1.0394,1.0395,540,1245.9,0,7,-192,-192,174,-366,-192,577882
1737423540,1.03955,1.04015,1.0393,1.0398,397,1255.3,0,10,-145,-87,155,-242,-87,577882
1737423720,1.0398,1.04005,1.039,1.039,292,1260.05,0,0,-292,-292,0,-292,-292,577882
1737423900,1.03905,1.0392,1.03885,1.03905,293,1263.85,0,79,-33,69,181,-112,69,577882
1737424080,1.0391,1.03975,1.03905,1.03975,565,1144.05,0,291,0,283,424,-141,283,577882
1737424260,1.03975,1.03975,1.03915,1.03955,249,935.7,0,0,-167,-85,82,-167,-85,577882
1737424440,1.0396,1.04005,1.0393,1.03995,200,807.85,0,82,-59,82,141,-59,82,577882
1737424620,1.0399,1.04,1.03955,1.03955,99,718.7,0,0,-44,-41,29,-70,-41,577882
1737424800,1.0396,1.04025,1.03945,1.04015,178,640.4,0,178,0,178,178,0,178,577882
1737424980,1.0403,1.04105,1.0402,1.0409,287,616.7,0,287,0,287,287,0,287,577882
1737425160,1.04095,1.04095,1.0402,1.04035,139,578.6,0,0,-89,-39,50,-89,-39,577882
1737425340,1.04035,1.0407,1.04015,1.04045,236,525.9,0,148,0,148,192,-44,148,577882
1737425520,1.0403,1.04055,1.04005,1.0403,122,515.85,0,44,-34,-34,44,-78,-34,577882
1737425700,1.04035,1.04035,1.0398,1.0399,139,492.1,0,0,-139,-139,0,-139,-139,577882
1737425880,1.03985,1.04035,1.03985,1.04025,163,481.6,0,163,0,163,163,0,163,577882
1737426060,1.0402,1.0403,1.04,1.04025,129,444,0,0,-77,-25,52,-77,-25,577882
1737426240,1.04025,1.0406,1.0401,1.04055,81,349.45,0,81,0,81,81,0,81,577882
1737426420,1.04065,1.0408,1.04045,1.0407,148,254.8,0,72,-38,72,110,-38,72,577882
1737426600,1.0407,1.04085,1.04055,1.04085,147,231.85,0,78,0,73,110,-37,73,577882
1737426780,1.04085,1.041,1.04065,1.04075,159,228.15,0,72,-15,-15,72,-87,-15,577882
1737426960,1.04075,1.041,1.0407,1.041,141,208.2,0,141,0,141,141,0,141,577882
1737427140,1.041,1.04125,1.04095,1.04115,108,193.75,0,64,0,64,86,-22,64,577882
1737427320,1.0411,1.04135,1.04095,1.04125,109,184.6,0,37,-26,17,63,-46,17,577882
1737427500,1.0412,1.04155,1.0412,1.0413,113,175.6,0,80,0,47,80,-33,47,577882
1737427680,1.04125,1.04135,1.04105,1.04105,87,151.7,0,0,-51,-51,18,-69,-51,577882
1737427860,1.04105,1.04115,1.041,1.0411,95,144,0,33,-1,33,64,-31,33,577882
1737428040,1.0411,1.0415,1.041,1.0414,149,141.45,0,91,-29,91,120,-29,91,577882
1737428220,1.0414,1.0416,1.04125,1.04125,150,144,0,103,0,56,103,-47,56,577882
1737428400,1.04135,1.0417,1.04125,1.0417,170,143.6,0,170,0,170,170,0,170,577882
1737428580,1.0417,1.0418,1.04145,1.04145,62,132.35,0,24,-14,-14,24,-38,-14,577882
1737428760,1.0414,1.04155,1.0413,1.04155,78,129.3,0,78,0,78,78,0,78,577882
1737428940,1.04155,1.04225,1.0415,1.0421,131,124.05,0,131,0,131,131,0,131,577882
1737429120,1.0421,1.0426,1.04195,1.04245,322,134.05,0,132,0,132,227,-95,132,577882
1737429300,1.0425,1.0427,1.04235,1.04245,171,135.65,0,0,-145,-119,26,-145,-119,577882
1737429480,1.04245,1.04245,1.04225,1.04235,61,130.55,0,0,-27,-19,21,-40,-19,577882
1737429660,1.0424,1.04255,1.0423,1.0425,81,128.15,0,7,-37,7,44,-37,7,577882
1737429840,1.04255,1.04255,1.0422,1.0423,150,131.6,0,0,-150,-150,0,-150,-150,577882
1737430020,1.04235,1.04235,1.04225,1.0423,32,125.8,0,13,-6,-6,13,-19,-6,577882
1737430200,1.04225,1.0424,1.04215,1.0423,46,120.75,0,33,0,20,33,-13,20,577882
1737430380,1.0422,1.0422,1.042,1.04205,75,116.55,0,0,-44,-33,21,-54,-33,577882
1737430560,1.04205,1.04205,1.0417,1.0417,96,114.3,0,0,-96,-96,0,-96,-96,577882
1737430740,1.0417,1.0418,1.04155,1.0416,68,112.3,0,52,0,36,52,-16,36,577882
1737430920,1.0416,1.04165,1.04135,1.04155,289,121.3,0,0,-202,-115,87,-202,-115,577882
1737431100,1.04155,1.04175,1.04115,1.0413,348,133.05,0,0,-348,-348,0,-348,-348,577882
1737431280,1.0413,1.0414,1.04105,1.04125,148,136.1,0,56,-10,56,102,-46,56,577882
1737431460,1.04135,1.04135,1.04115,1.04125,126,137.65,0,0,-86,-46,40,-86,-46,577882
1737431640,1.0413,1.04155,1.04115,1.0415,174,138.9,0,0,-105,-36,69,-105,-36,577882
1737431820,1.0415,1.04155,1.0412,1.0413,223,142.55,0,0,-223,-223,0,-223,-223,577882
1737432000,1.04125,1.04155,1.04125,1.04145,110,139.55,0,42,-26,-26,42,-68,-26,577882
1737432180,1.04145,1.04145,1.0411,1.04125,173,145.1,0,0,-140,-107,33,-140,-107,577882
1737432360,1.04125,1.04125,1.041,1.0411,162,149.3,0,0,-63,-38,62,-100,-38,577882
1737432540,1.04105,1.04115,1.041,1.04115,124,148.95,0,52,-36,52,88,-36,52,577882
1737432720,1.04115,1.04165,1.04115,1.04165,127,139.2,0,127,0,127,127,0,127,577882
1737432900,1.0416,1.0418,1.0415,1.0418,82,134.75,0,26,-28,26,54,-28,26,577882
1737433080,1.0418,1.0421,1.0418,1.04205,44,133.9,0,44,0,44,44,0,44,577882
1737433260,1.04185,1.0422,1.0418,1.04215,66,133.15,0,66,0,66,66,0,66,577882
1737433440,1.0422,1.0424,1.0422,1.04235,130,132.15,0,72,0,72,101,-29,72,577882
1737433620,1.0423,1.04245,1.04225,1.04235,66,133.85,0,50,0,46,56,-10,46,577882
1737433800,1.0423,1.0423,1.04195,1.04215,132,138.15,0,52,-40,52,92,-40,52,577882
1737433980,1.04215,1.04215,1.0419,1.0419,39,136.35,0,13,-13,-13,13,-26,-13,577882
1737434160,1.04195,1.04195,1.04155,1.04155,62,134.65,0,0,-62,-62,0,-62,-62,577882
1737434340,1.0416,1.0417,1.0416,1.0417,57,134.1,0,57,0,57,57,0,57,577882
1737434520,1.0417,1.0418,1.04145,1.0416,79,123.6,0,0,-53,-27,26,-53,-27,577882
1737434700,1.04155,1.04155,1.0414,1.0415,52,108.8,0,0,-33,-14,19,-33,-14,577882
1737434880,1.04155,1.0416,1.04145,1.0415,55,104.15,0,0,-47,-39,8,-47,-39,577882
1737435060,1.04145,1.0418,1.04145,1.04175,88,102.25,0,58,0,58,73,-15,58,577882
1737435240,1.04185,1.04185,1.0415,1.0415,54,96.25,0,0,-54,-54,0,-54,-54,577882
1737435420,1.0415,1.04155,1.04145,1.04155,80,89.1,0,30,-25,30,55,-25,30,577882
1737435600,1.0415,1.0418,1.0415,1.04175,137,90.45,0,137,0,137,137,0,137,577882
1737435780,1.0418,1.0418,1.0415,1.04155,30,83.3,0,2,-26,-26,2,-28,-26,577882
1737435960,1.0415,1.04165,1.0415,1.0416,43,77.35,0,33,0,33,38,-5,33,577882
1737436140,1.04155,1.0416,1.0414,1.0414,57,74,0,29,0,1,29,-28,1,577882
1737436320,1.0414,1.0414,1.0413,1.0413,32,69.25,0,0,-26,-26,3,-29,-26,577882
1737436500,1.04125,1.04135,1.04125,1.0413,35,66.9,0,0,-30,-25,5,-30,-25,577882
1737436680,1.04125,1.0413,1.0412,1.0412,19,65.65,0,0,-19,-19,0,-19,-19,577882
1737436860,1.0413,1.0413,1.04125,1.04125,9,62.8,0,0,-7,-7,1,-8,-7,577882
1737437040,1.0412,1.0412,1.04105,1.04105,84,60.5,0,0,-84,-84,0,-84,-84,577882
1737437220,1.0411,1.0411,1.0409,1.041,72,60.8,0,0,-46,-38,17,-55,-38,577882
1737437400,1.04095,1.041,1.04075,1.0408,46,56.5,0,2,-29,-16,15,-31,-16,577882
1737437580,1.0408,1.04105,1.0408,1.04105,49,57,0,49,0,49,49,0,49,577882
1737437760,1.041,1.041,1.04095,1.041,15,54.65,0,0,-10,-5,5,-10,-5,577882
1737437940,1.041,1.041,1.04085,1.04085,59,54.75,0,0,-59,-59,0,-59,-59,577882
1737438120,1.04085,1.04085,1.0407,1.04075,54,53.5,0,22,-16,22,38,-16,22,577882
1737438300,1.0408,1.0408,1.0407,1.0407,56,53.7,0,0,-26,-26,15,-41,-26,577882
1737438480,1.0407,1.04075,1.0405,1.0406,108,56.35,0,12,-48,12,60,-48,12,577882
1737438660,1.0406,1.04065,1.04045,1.04055,71,55.5,0,44,0,17,44,-27,17,577882
1737438840,1.0406,1.04075,1.0403,1.04035,162,60.9,0,120,0,78,120,-42,78,577882
1737439020,1.0404,1.04055,1.04035,1.0404,177,65.75,0,113,0,49,113,-64,49,577882
1737439200,1.04045,1.0405,1.04025,1.04035,130,65.4,0,0,-130,-130,0,-130,-130,577882
1737439380,1.0403,1.0405,1.04025,1.04035,66,67.2,0,30,0,30,48,-18,30,577882
1737439560,1.04035,1.0405,1.0403,1.0403,124,71.25,0,61,-2,-2,61,-63,-2,577882
1737439740,1.0403,1.0405,1.0403,1.0403,72,72,0,54,0,36,54,-18,36,577882
1737439920,1.0403,1.04055,1.04025,1.04055,78,74.3,0,78,0,78,78,0,78,577882
1737440100,1.04055,1.0406,1.0404,1.04055,45,74.8,0,0,-27,-9,18,-27,-9,577882
1737440280,1.04055,1.04075,1.0405,1.0405,98,78.75,0,87,0,76,87,-11,76,577882
1737440460,1.0405,1.0405,1.0404,1.04045,31,79.85,0,0,-31,-31,0,-31,-31,577882
1737440640,1.04045,1.0405,1.04035,1.04045,71,79.2,0,0,-41,-11,30,-41,-11,577882
1737440820,1.04045,1.0406,1.04045,1.0405,138,82.5,0,76,0,76,107,-31,76,577882
1737441000,1.0405,1.0405,1.04015,1.04015,153,87.85,0,0,-153,-153,0,-153,-153,577882
1737441180,1.04015,1.0402,1.0399,1.03995,131,91.95,0,0,-131,-131,0,-131,-131,577882
1737441360,1.0399,1.03995,1.03945,1.0396,340,108.2,0,27,-286,-286,27,-313,-286,577882
1737441540,1.03965,1.04,1.03955,1.04,228,116.65,0,228,0,228,228,0,228,577882
1737441720,1.03995,1.04005,1.03975,1.03975,94,118.65,0,9,-76,-76,9,-85,-76,577882
1737441900,1.03975,1.0398,1.0397,1.0397,130,122.35,0,0,-130,-130,0,-130,-130,577882
1737442080,1.0397,1.0397,1.0393,1.03935,270,130.45,0,0,-270,-270,0,-270,-270,577882
1737442260,1.0393,1.0394,1.0392,1.03935,280,140.9,0,0,-151,-22,129,-151,-22,577882
1737442440,1.0393,1.0394,1.03915,1.0393,174,141.5,0,16,-50,-50,62,-112,-50,577882
1737442620,1.0393,1.03955,1.03925,1.0394,358,150.55,0,37,-132,-132,113,-245,-132,577882
1737442800,1.0394,1.03955,1.03905,1.03945,1134,200.75,0,176,-479,176,655,-479,176,577882
1737442980,1.03945,1.0395,1.03925,1.03925,353,215.1,0,0,-353,-353,0,-353,-353,577882
1737443160,1.03935,1.0397,1.03935,1.03965,308,224.3,0,308,0,308,308,0,308,577882
1737443340,1.03965,1.0402,1.03965,1.04005,646,253,0,646,0,646,646,0,646,577882
1737443520,1.04,1.0402,1.03995,1.04005,252,261.7,0,200,0,148,200,-52,148,577882
1737443700,1.0401,1.0403,1.03995,1.0402,205,269.7,0,155,0,155,180,-25,155,577882
1737443880,1.04025,1.04035,1.0401,1.0403,506,290.1,0,342,-82,342,424,-82,342,577882
1737444060,1.04025,1.04045,1.0401,1.04015,385,307.8,0,158,-7,55,220,-165,55,577882
1737444240,1.0401,1.0402,1.03995,1.04015,274,317.95,0,0,-154,-34,120,-154,-34,577882
1737444420,1.04015,1.04035,1.04005,1.04025,267,324.4,0,218,0,169,218,-49,169,577882
1737444600,1.04025,1.04065,1.0401,1.0406,384,335.95,0,106,-46,106,245,-139,106,577882
1737444780,1.0406,1.04115,1.04055,1.0409,947,376.75,0,511,0,75,511,-436,75,577882
1737444960,1.04085,1.04105,1.0407,1.0407,152,367.35,0,0,-152,-152,0,-152,-152,577882
1737445140,1.0407,1.04085,1.0405,1.0407,134,362.65,0,46,-7,46,90,-44,46,577882
1737445320,1.04065,1.04075,1.0405,1.04065,186,367.25,0,114,0,42,114,-72,42,577882
1737445500,1.0407,1.0408,1.0405,1.0408,235,372.5,0,0,-189,-143,46,-189,-143,577882
1737445680,1.04075,1.04075,1.04025,1.0403,184,368.2,0,0,-184,-184,0,-184,-184,577882
1737445860,1.0403,1.04045,1.04025,1.0404,88,358.6,0,42,0,42,65,-23,42,577882
1737446040,1.0404,1.04055,1.04005,1.04005,157,357.75,0,60,-37,-37,60,-97,-37,577882
1737446220,1.04005,1.0401,1.0399,1.0399,271,353.4,0,57,-61,-61,105,-166,-61,577882
1737446400,1.0399,1.0399,1.0394,1.0394,1014,347.4,0,0,-525,-442,286,-728,-442,577882
1737446580,1.0394,1.03945,1.0392,1.03945,437,351.6,0,0,-303,-169,134,-303,-169,577882
1737446760,1.0394,1.03955,1.0391,1.03915,486,360.5,0,0,-311,-136,175,-311,-136,577882
1737446940,1.0391,1.0395,1.0391,1.0395,304,343.4,0,304,0,304,304,0,304,577882
1737447120,1.0395,1.03985,1.0394,1.03945,758,368.7,0,235,-288,-288,235,-523,-288,577882
1737447300,1.0394,1.0397,1.03935,1.03955,235,370.2,0,235,0,235,235,0,235,577882
1737447480,1.0396,1.0396,1.0394,1.03945,204,355.1,0,0,-110,-110,47,-157,-110,577882
1737447660,1.0394,1.0397,1.03935,1.03955,447,358.2,0,214,-19,-19,214,-233,-19,577882
1737447840,1.03955,1.03955,1.0391,1.0392,296,359.3,0,0,-176,-114,91,-205,-114,577882
1737448020,1.03915,1.03915,1.0388,1.0389,480,369.95,0,0,-480,-480,0,-480,-480,577882
1737448200,1.0389,1.0394,1.0389,1.03915,362,368.85,0,305,0,248,305,-57,248,577882
1737448380,1.03915,1.03915,1.0389,1.0389,349,338.95,0,0,-349,-349,0,-349,-349,577882
1737448560,1.0389,1.0389,1.0383,1.0383,828,372.75,0,0,-828,-828,0,-828,-828,577882
1737448740,1.0383,1.03835,1.0375,1.03795,1486,440.35,0,0,-1240,-994,246,-1240,-994,577882
1737448920,1.03795,1.0381,1.0378,1.0379,511,456.6,0,130,-167,-83,214,-297,-83,577882
1737449100,1.0379,1.03855,1.03785,1.03845,499,469.8,0,499,0,499,499,0,499,577882
1737449280,1.0385,1.0391,1.0385,1.0391,707,495.95,0,707,0,707,707,0,707,577882
1737449460,1.039,1.039,1.03865,1.0388,398,511.45,0,0,-156,-150,124,-274,-150,577882
1737449640,1.0388,1.03885,1.03855,1.0387,283,517.75,0,0,-283,-283,0,-283,-283,577882
1737449820,1.03865,1.0388,1.03855,1.03865,239,516.15,0,161,0,83,161,-78,83,577882
1737450000,1.03865,1.0389,1.0386,1.0387,293,480.1,0,139,-15,-15,139,-154,-15,577882
1737450180,1.0387,1.0387,1.0383,1.0384,175,467,0,0,-175,-175,0,-175,-175,577882
1737450360,1.03835,1.0385,1.03815,1.03825,398,462.6,0,0,-232,-232,83,-315,-232,577882
1737450540,1.03825,1.0384,1.03805,1.0383,236,459.2,0,68,-84,68,152,-84,68,577882
1737450720,1.0383,1.0384,1.03805,1.03815,377,440.15,0,142,0,135,256,-121,135,577882
1737450900,1.03815,1.03835,1.03785,1.03785,432,450,0,62,-308,-308,62,-370,-308,577882
1737451080,1.0379,1.03825,1.03785,1.0381,334,456.5,0,334,0,334,334,0,334,577882
1737451260,1.03815,1.03895,1.03815,1.03865,1120,490.15,0,1020,0,920,1020,-100,920,577882
1737451440,1.0387,1.0388,1.03835,1.03835,374,494.05,0,0,-374,-374,0,-374,-374,577882
1737451620,1.0384,1.03845,1.03815,1.0383,302,485.15,0,0,-107,-100,101,-201,-100,577882
1737451800,1.03825,1.0383,1.0379,1.038,357,484.9,0,35,-161,35,196,-161,35,577882
1737451980,1.038,1.038,1.03745,1.0376,742,504.55,0,0,-415,-88,327,-415,-88,577882
1737452160,1.0376,1.0379,1.0375,1.03755,375,481.9,0,186,-3,-3,186,-189,-3,577882
1737452340,1.03755,1.0376,1.03675,1.03705,1727,493.95,0,0,-1727,-1727,0,-1727,-1727,577882
1737452520,1.03705,1.03735,1.037,1.03715,568,496.8,0,416,0,264,416,-152,264,577882
1737452700,1.03715,1.0375,1.0371,1.03735,372,490.45,0,307,0,242,307,-65,242,577882
1737452880,1.03735,1.0376,1.0372,1.03755,320,471.1,0,320,0,320,320,0,320,577882
1737453060,1.0376,1.038,1.03755,1.03775,423,472.35,0,256,0,89,256,-167,89,577882
1737453240,1.03775,1.0381,1.0377,1.0377,629,489.65,0,159,-107,-97,266,-363,-97,577882
1737453420,1.0377,1.038,1.0376,1.0379,632,509.3,0,438,-97,438,535,-97,438,577882
1737453600,1.0379,1.03805,1.0373,1.03785,1735,581.4,0,0,-992,-249,743,-992,-249,577882
1737453780,1.0379,1.03805,1.0376,1.03785,560,600.65,0,0,-331,-102,229,-331,-102,577882
1737453960,1.03785,1.03785,1.0373,1.0374,384,599.95,0,0,-384,-384,0,-384,-384,577882
1737454140,1.0375,1.0376,1.03715,1.03715,224,599.35,0,39,-146,-146,39,-185,-146,577882
1737454320,1.03715,1.03735,1.03685,1.03715,417,601.35,0,23,-136,-99,159,-258,-99,577882
1737454500,1.0371,1.0372,1.03685,1.037,229,591.2,0,0,-229,-229,0,-229,-229,577882
1737454680,1.03705,1.03725,1.03695,1.03715,259,587.45,0,119,-70,119,189,-70,119,577882
1737454860,1.0372,1.03755,1.0372,1.03755,442,553.55,0,206,0,120,281,-161,120,577882
1737455040,1.03755,1.03795,1.03755,1.0379,666,568.15,0,666,0,666,666,0,666,577882
1737455220,1.0379,1.03815,1.0379,1.038,392,572.65,0,310,0,228,310,-82,228,577882
1737455400,1.038,1.03835,1.0378,1.03825,777,593.65,0,161,-308,161,469,-308,161,577882
1737455580,1.03825,1.0383,1.03805,1.0383,298,571.45,0,0,-198,-98,100,-198,-98,577882
1737455760,1.0383,1.0385,1.0382,1.03825,300,567.7,0,167,0,34,167,-133,34,577882
1737455940,1.0382,1.03835,1.0382,1.0383,317,497.2,0,139,0,125,221,-96,125,577882
1737456120,1.0383,1.0383,1.03765,1.0377,306,484.1,0,0,-306,-306,0,-306,-306,577882
1737456300,1.03765,1.0378,1.03755,1.03765,207,475.85,0,45,-54,-9,99,-108,-9,577882
1737456480,1.03765,1.03775,1.03755,1.0376,289,474.3,0,34,-79,-63,113,-176,-63,577882
1737456660,1.0376,1.03785,1.03755,1.0378,242,465.25,0,175,0,108,175,-67,108,577882
1737456840,1.03775,1.038,1.03775,1.03775,373,452.45,0,78,-217,-217,78,-295,-217,577882
1737457020,1.03775,1.038,1.03775,1.03785,227,432.2,0,114,0,1,114,-113,1,577882
1737457200,1.0378,1.038,1.0374,1.0374,402,365.55,0,0,-402,-402,0,-402,-402,577882
1737457380,1.0374,1.0376,1.03735,1.0376,232,349.15,0,146,0,146,189,-43,146,577882
1737457560,1.0376,1.0377,1.0375,1.03755,235,341.7,0,117,-1,-1,117,-118,-1,577882
1737457740,1.03755,1.03785,1.03755,1.03785,341,347.55,0,341,0,341,341,0,341,577882
1737457920,1.03785,1.03795,1.03785,1.03795,286,341,0,286,0,286,286,0,286,577882
1737458100,1.038,1.038,1.0375,1.03765,291,344.1,0,0,-218,-145,73,-218,-145,577882
1737458280,1.0376,1.0377,1.0375,1.03765,220,342.15,0,166,-27,166,193,-27,166,577882
1737458460,1.03765,1.0377,1.03745,1.0375,215,330.8,0,74,-67,-67,74,-141,-67,577882
1737458640,1.03745,1.0375,1.03725,1.0375,188,306.9,0,0,-137,-86,51,-137,-86,577882
1737458820,1.0375,1.0377,1.0375,1.03755,318,303.2,0,245,0,172,245,-73,172,577882
1737459000,1.03755,1.03755,1.03685,1.03695,1101,319.4,0,0,-1101,-1101,0,-1101,-1101,577882
1737459180,1.03695,1.0373,1.03695,1.03715,316,320.3,0,145,-26,-26,145,-171,-26,577882
1737459360,1.0371,1.03745,1.0371,1.0372,282,319.4,0,165,0,48,165,-117,48,577882
1737459540,1.03725,1.0373,1.03715,1.03725,311,319.1,0,59,-126,59,185,-126,59,577882
1737459720,1.03725,1.03745,1.03715,1.0374,400,323.8,0,286,0,286,343,-57,286,577882
1737459900,1.0374,1.03745,1.0372,1.03745,246,325.75,0,126,0,126,186,-60,126,577882
1737460080,1.03745,1.03805,1.03745,1.03805,484,335.5,0,484,0,484,484,0,484,577882
1737460260,1.0381,1.03835,1.03805,1.0381,624,354.6,0,430,0,236,430,-194,236,577882
1737460440,1.0381,1.03815,1.03765,1.03775,820,376.95,0,0,-820,-820,0,-820,-820,577882
1737460620,1.0377,1.03815,1.0376,1.0379,580,394.6,0,249,-101,120,350,-230,120,577882
1737460800,1.0379,1.038,1.03755,1.03765,359,392.45,0,0,-359,-359,0,-359,-359,577882
1737460980,1.0377,1.03795,1.0371,1.0379,1404,451.05,0,0,-962,-520,442,-962,-520,577882
1737461160,1.0379,1.0382,1.03755,1.0376,353,456.95,0,60,-233,-233,60,-293,-233,577882
1737461340,1.03765,1.03775,1.0373,1.0375,356,457.7,0,134,-68,134,245,-111,134,577882
1737461520,1.0375,1.03755,1.03725,1.03735,336,460.2,0,20,-137,-22,157,-179,-22,577882
1737461700,1.03735,1.0378,1.03735,1.0378,471,469.2,0,471,0,471,471,0,471,577882
1737461880,1.0378,1.03805,1.0377,1.03795,521,484.25,0,180,-11,139,330,-191,139,577882
1737462060,1.03795,1.03825,1.03785,1.03795,588,502.9,0,467,0,346,467,-121,346,577882
1737462240,1.03805,1.03805,1.03765,1.03805,493,518.15,0,0,-311,-129,182,-311,-129,577882
1737462420,1.03805,1.03825,1.03795,1.0382,145,509.5,0,145,0,145,145,0,145,577882
1737462600,1.03815,1.03825,1.03785,1.0381,275,468.2,0,50,-67,-41,117,-158,-41,577882
1737462780,1.0381,1.03825,1.0381,1.0382,323,468.55,0,279,0,235,279,-44,235,577882
1737462960,1.03815,1.0384,1.03815,1.03825,482,478.55,0,286,0,90,286,-196,90,577882
1737463140,1.0382,1.03825,1.0379,1.03805,264,476.2,0,0,-185,-106,79,-185,-106,577882
1737463320,1.03805,1.03815,1.03795,1.0381,266,469.5,0,138,-64,138,202,-64,138,577882
1737463500,1.03815,1.03815,1.03755,1.0376,482,481.3,0,0,-482,-482,0,-482,-482,577882
1737463680,1.0376,1.03775,1.0371,1.0371,979,506.05,0,235,-509,-509,235,-744,-509,577882
1737463860,1.03715,1.0375,1.0371,1.0374,1384,544.05,0,1384,0,1384,1384,0,1384,577882
1737464040,1.03745,1.0375,1.03715,1.03745,855,545.8,0,0,-627,-399,228,-627,-399,577882
1737464220,1.0374,1.03795,1.0374,1.03795,1355,584.55,0,661,0,661,1008,-347,661,577882
1737464400,1.03795,1.0382,1.0379,1.0382,1234,628.3,0,1234,0,1234,1234,0,1234,577882
1737464580,1.0381,1.0383,1.0379,1.03795,481,582.15,0,21,-155,-129,176,-305,-129,577882
1737464760,1.03785,1.0385,1.03785,1.03815,821,605.55,0,277,-267,-267,277,-544,-267,577882
1737464940,1.03815,1.0384,1.03815,1.03825,495,612.5,0,341,0,187,341,-154,187,577882
1737465120,1.0383,1.03855,1.0382,1.0385,472,619.3,0,472,0,472,472,0,472,577882
1737465300,1.03855,1.0388,1.03845,1.03855,1248,658.15,0,1248,0,1248,1248,0,1248,577882
1737465480,1.0386,1.0391,1.0386,1.03905,906,677.4,0,906,0,906,906,0,906,577882
1737465660,1.03905,1.0393,1.03885,1.039,724,684.2,0,317,-90,-90,317,-407,-90,577882
1737465840,1.03895,1.0391,1.0386,1.0388,704,694.75,0,0,-490,-276,214,-490,-276,577882
1737466020,1.0388,1.039,1.03855,1.03885,809,727.95,0,0,-649,-649,80,-729,-649,577882
1737466200,1.03885,1.0394,1.0387,1.03935,1149,771.65,0,1149,0,1149,1149,0,1149,577882
1737466380,1.03935,1.0399,1.0392,1.03935,1413,826.15,0,581,-251,-251,581,-832,-251,577882
1737466560,1.0394,1.03985,1.03935,1.03975,558,829.95,0,558,0,558,558,0,558,577882
1737466740,1.0398,1.03995,1.0396,1.0399,448,839.15,0,448,0,448,448,0,448,577882
1737466920,1.0398,1.04005,1.0397,1.0398,595,855.6,0,86,-423,-423,86,-509,-423,577882
1737467100,1.0398,1.0402,1.03975,1.0398,1117,887.35,0,650,0,183,650,-467,183,577882
1737467280,1.0398,1.0399,1.0395,1.0398,630,869.9,0,0,-258,-134,248,-382,-134,577882
1737467460,1.0398,1.04035,1.0396,1.04015,587,830.05,0,311,-138,311,449,-138,311,577882
1737467640,1.04015,1.04025,1.0398,1.0401,631,818.85,0,53,-289,53,342,-289,53,577882
1737467820,1.0401,1.04035,1.04,1.04035,561,779.15,0,561,0,561,561,0,561,577882
1737468000,1.0404,1.04075,1.04015,1.04035,881,761.5,0,0,-647,-413,234,-647,-413,577882
1737468180,1.04035,1.04055,1.04005,1.0402,436,759.25,0,212,-72,132,284,-152,132,577882
1737468360,1.0402,1.0402,1.0399,1.0401,433,739.85,0,0,-326,-219,107,-326,-219,577882
1737468540,1.0401,1.0406,1.04,1.0406,328,731.5,0,174,-77,174,251,-77,174,577882
1737468720,1.0406,1.04095,1.04055,1.04095,768,746.3,0,768,0,768,768,0,768,577882
1737468900,1.0409,1.04125,1.04075,1.04115,742,721,0,226,-258,226,484,-258,226,577882
1737469080,1.04115,1.04115,1.0408,1.04115,981,724.75,0,0,-742,-503,239,-742,-503,577882
1737469260,1.04115,1.0418,1.04115,1.0418,958,736.45,0,958,0,958,958,0,958,577882
1737469440,1.0418,1.042,1.0417,1.04185,824,742.45,0,0,-546,-268,278,-546,-268,577882
1737469620,1.04185,1.04205,1.0417,1.04195,625,733.25,0,353,-136,353,489,-136,353,577882
1737469800,1.04195,1.04205,1.0415,1.0415,1522,751.9,0,487,-548,-548,487,-1035,-548,577882
1737469980,1.0415,1.0417,1.04125,1.04145,835,723,0,0,-403,-403,216,-619,-403,577882
1737470160,1.04145,1.0422,1.04135,1.0421,856,737.9,0,364,-246,364,610,-246,364,577882
1737470340,1.0421,1.0425,1.0419,1.04215,896,760.3,0,590,-153,590,743,-153,590,577882
1737470520,1.0421,1.0422,1.04165,1.0421,710,766.05,0,96,-307,96,403,-307,96,577882
1737470700,1.0421,1.04215,1.04175,1.042,986,759.5,0,397,-192,-192,397,-589,-192,577882
1737470880,1.04195,1.04195,1.0409,1.04105,1808,818.4,0,0,-1808,-1808,0,-1808,-1808,577882
1737471060,1.04105,1.04115,1.0405,1.0411,1764,877.25,0,1060,-352,1060,1412,-352,1060,577882
1737471240,1.04115,1.04125,1.0409,1.04105,533,872.35,0,0,-306,-219,157,-376,-219,577882
1737471420,1.041,1.0414,1.04085,1.04125,683,878.45,0,59,-312,59,371,-312,59,577882
1737471600,1.0413,1.0418,1.04125,1.0414,655,867.15,0,270,-115,-115,270,-385,-115,577882
1737471780,1.0414,1.04145,1.0408,1.041,594,875.05,0,0,-594,-594,0,-594,-594,577882
1737471960,1.041,1.04125,1.04045,1.04125,883,897.55,0,0,-455,-27,428,-455,-27,577882
1737472140,1.04125,1.0413,1.04085,1.0411,871,924.7,0,383,-160,215,543,-328,215,577882
1737472320,1.0411,1.0416,1.0408,1.0415,1087,940.65,0,673,-207,673,880,-207,673,577882
1737472500,1.0415,1.04175,1.0411,1.0416,1107,958.9,0,47,-530,47,577,-530,47,577882
1737472680,1.0416,1.0419,1.0414,1.04165,632,941.45,0,632,0,632,632,0,632,577882
1737472860,1.04165,1.0424,1.0416,1.04225,849,936,0,849,0,849,849,0,849,577882
1737473040,1.0422,1.04245,1.0421,1.04235,797,934.65,0,797,0,797,797,0,797,577882
1737473220,1.04235,1.04245,1.04195,1.0421,690,937.9,0,232,-226,-226,232,-458,-226,577882
1737473400,1.04205,1.0426,1.042,1.0426,470,885.3,0,184,-32,184,327,-143,184,577882
1737473580,1.04265,1.043,1.0425,1.04295,1045,895.8,0,337,-354,337,691,-354,337,577882
1737473760,1.04295,1.043,1.0426,1.0429,921,899.05,0,331,-295,331,626,-295,331,577882
1737473940,1.0429,1.0436,1.0428,1.04355,1625,935.5,0,1625,0,1625,1625,0,1625,577882
1737474120,1.04355,1.04365,1.0428,1.04285,1344,967.2,0,418,-508,-508,418,-926,-508,577882
1737474300,1.0428,1.04315,1.04275,1.04315,824,959.1,0,422,0,422,623,-201,422,577882
1737474480,1.0431,1.0434,1.04295,1.04315,1132,925.3,0,428,-352,428,780,-352,428,577882
1737474660,1.04315,1.0432,1.0424,1.0426,1125,893.35,0,0,-760,-395,365,-760,-395,577882
1737474840,1.04265,1.0427,1.0422,1.04235,1620,947.7,0,0,-1620,-1620,0,-1620,-1620,577882
1737475020,1.04235,1.0428,1.04235,1.04265,1778,1002.45,0,1044,-13,1044,1411,-367,1044,577882
1737475200,1.04265,1.0428,1.0425,1.0426,1211,1030.25,0,96,-374,-271,470,-741,-271,577882
1737475380,1.0426,1.0431,1.04255,1.0431,862,1043.65,0,862,0,862,862,0,862,577882
1737475560,1.0431,1.04315,1.04275,1.04305,478,1023.4,0,184,-147,184,331,-147,184,577882
1737475740,1.04305,1.04325,1.04275,1.04275,493,1004.5,0,142,-209,-209,142,-351,-209,577882
1737475920,1.0427,1.04285,1.0425,1.04275,425,971.4,0,35,-195,35,230,-195,35,577882
1737476100,1.04275,1.04285,1.0424,1.0426,321,932.1,0,0,-321,-321,0,-321,-321,577882
1737476280,1.04265,1.0431,1.04265,1.043,382,919.6,0,312,0,242,312,-70,242,577882
1737476460,1.04305,1.04325,1.043,1.0432,360,895.15,0,166,0,130,245,-115,130,577882
1737476640,1.0432,1.04365,1.04255,1.04335,1441,927.35,0,0,-1051,-1051,195,-1246,-1051,577882
1737476820,1.0434,1.0442,1.04335,1.04415,1050,945.35,0,1050,0,1050,1050,0,1050,577882
1737477000,1.0441,1.04445,1.04405,1.04425,1386,991.15,0,1121,0,856,1121,-265,856,577882
1737477180,1.04425,1.0443,1.0439,1.044,952,986.5,0,0,-952,-952,0,-952,-952,577882
1737477360,1.04405,1.0441,1.0437,1.04405,550,967.95,0,251,0,146,348,-202,146,577882
1737477540,1.0441,1.0446,1.04395,1.0446,504,911.9,0,272,-116,272,388,-116,272,577882
1737477720,1.0446,1.0447,1.0441,1.04445,365,862.95,0,116,-11,111,238,-127,111,577882
1737477900,1.04445,1.04455,1.0443,1.04445,470,845.25,0,0,-346,-346,62,-408,-346,577882
1737478080,1.0445,1.0445,1.04415,1.04415,212,799.25,0,0,-212,-212,0,-212,-212,577882
1737478260,1.04415,1.0442,1.04385,1.04415,570,771.5,0,0,-353,-136,217,-353,-136,577882
1737478440,1.04415,1.0447,1.044,1.0447,466,713.8,0,466,0,466,466,0,466,577882
1737478620,1.0447,1.04485,1.04455,1.04485,394,644.6,0,162,-116,162,278,-116,162,577882
1737478800,1.0448,1.04515,1.04475,1.04495,818,624.95,0,596,0,374,596,-222,374,577882
1737478980,1.045,1.04515,1.04495,1.04495,310,597.35,0,188,0,66,188,-122,66,577882
1737479160,1.045,1.0453,1.045,1.0453,415,594.2,0,178,0,95,255,-160,95,577882
1737479340,1.0453,1.0454,1.04515,1.04515,262,582.65,0,0,-101,-86,88,-174,-86,577882
1737479520,1.04515,1.0452,1.04485,1.0449,470,584.9,0,0,-238,-6,232,-238,-6,577882
1737479700,1.0449,1.0453,1.0447,1.04525,344,586.05,0,172,0,172,258,-86,172,577882
1737479880,1.04525,1.0454,1.0451,1.04515,221,578,0,107,-7,-7,107,-114,-7,577882
1737480060,1.04515,1.0454,1.04505,1.0454,178,568.9,0,100,-39,100,139,-39,100,577882
1737480240,1.0454,1.04555,1.0454,1.04545,356,514.65,0,282,0,208,282,-74,208,577882
1737480420,1.0454,1.04555,1.0453,1.04545,359,480.1,0,66,-85,-57,151,-208,-57,577882
1737480600,1.04545,1.04555,1.0453,1.0455,515,436.55,0,0,-270,-25,245,-270,-25,577882
1737480780,1.0455,1.0455,1.0453,1.0454,351,406.5,0,0,-351,-351,0,-351,-351,577882
1737480960,1.04545,1.04545,1.0452,1.0452,245,391.25,0,0,-245,-245,0,-245,-245,577882
1737481140,1.04525,1.04545,1.0452,1.04535,530,392.55,0,459,0,388,459,-71,388,577882
1737481320,1.0454,1.0456,1.04515,1.0452,584,403.5,0,170,-244,-244,170,-414,-244,577882
1737481500,1.0452,1.0454,1.0451,1.0453,998,429.9,0,418,-162,-162,418,-580,-162,577882
1737481680,1.04535,1.04555,1.04525,1.0454,703,454.45,0,517,0,331,517,-186,331,577882
1737481860,1.04535,1.04545,1.04515,1.04545,302,441.05,0,72,-115,72,187,-115,72,577882
1737482040,1.04545,1.0455,1.04495,1.04525,507,443.1,0,0,-319,-131,188,-319,-131,577882
1737482220,1.04525,1.04525,1.0447,1.04475,945,470.65,0,0,-945,-945,0,-945,-945,577882
1737482400,1.0447,1.0448,1.04455,1.0447,676,463.55,0,0,-427,-178,249,-427,-178,577882
1737482580,1.04475,1.0449,1.0447,1.04475,624,479.25,0,277,-70,-70,277,-347,-70,577882
1737482760,1.04475,1.0451,1.04475,1.045,456,481.3,0,254,0,254,355,-101,254,577882
1737482940,1.04505,1.04505,1.0448,1.0449,520,494.2,0,0,-520,-520,0,-520,-520,577882
1737483120,1.0449,1.045,1.04475,1.04485,92,475.3,0,0,-60,-60,16,-76,-60,577882
1737483300,1.04485,1.0449,1.0447,1.04485,239,470.05,0,0,-156,-73,83,-156,-73,577882
1737483480,1.04485,1.0449,1.0447,1.04475,192,468.6,0,0,-118,-44,74,-118,-44,577882
1737483660,1.04475,1.045,1.0447,1.045,260,472.7,0,260,0,260,260,0,260,577882
1737483840,1.045,1.04515,1.045,1.0451,208,465.3,0,179,0,150,179,-29,150,577882
1737484020,1.0451,1.0453,1.04505,1.0452,258,460.25,0,212,0,166,212,-46,166,577882
1737484200,1.0452,1.04535,1.04505,1.04535,305,449.75,0,31,-137,31,168,-137,31,577882
1737484380,1.04535,1.0457,1.0453,1.04555,904,477.4,0,400,-104,-104,400,-504,-104,577882
1737484560,1.0456,1.0457,1.04545,1.04565,361,483.2,0,63,-149,63,212,-149,63,577882
1737484740,1.04565,1.0461,1.04565,1.04595,1373,525.35,0,1163,0,953,1163,-210,953,577882
1737484920,1.046,1.046,1.0458,1.04585,334,512.85,0,0,-245,-156,89,-245,-156,577882
1737485100,1.0458,1.046,1.0458,1.04595,555,490.7,0,337,0,337,446,-109,337,577882
1737485280,1.0459,1.046,1.04575,1.04595,289,470,0,145,-72,145,217,-72,145,577882
1737485460,1.04595,1.04595,1.0457,1.0457,315,470.65,0,0,-315,-315,0,-315,-315,577882
1737485640,1.04565,1.04565,1.0455,1.0455,390,464.8,0,0,-188,-188,101,-289,-188,577882
1737485820,1.04555,1.04555,1.0453,1.0455,253,430.2,0,59,-97,59,156,-97,59,577882
1737486000,1.0455,1.0456,1.0454,1.0454,405,416.65,0,171,-63,-63,171,-234,-63,577882
1737486180,1.04535,1.0455,1.0453,1.0454,133,392.1,0,0,-107,-107,13,-120,-107,577882
1737486360,1.0454,1.04565,1.0454,1.0456,168,377.7,0,168,0,168,168,0,168,577882
1737486540,1.0456,1.0456,1.04545,1.0455,197,361.55,0,123,-37,123,160,-37,123,577882
1737486720,1.0455,1.0456,1.0454,1.0454,111,362.5,0,77,0,43,77,-34,43,577882
1737486900,1.04535,1.0454,1.0451,1.0452,137,357.4,0,0,-137,-137,0,-137,-137,577882
1737487080,1.0452,1.04525,1.04505,1.04505,76,351.6,0,12,-52,-52,12,-64,-52,577882
1737487260,1.04505,1.04505,1.04485,1.0449,119,344.55,0,0,-119,-119,0,-119,-119,577882
1737487440,1.0449,1.0449,1.0448,1.04485,300,349.15,0,0,-300,-300,0,-300,-300,577882
1737487620,1.04485,1.0449,1.04465,1.04475,187,345.6,0,47,-52,-11,88,-99,-11,577882
1737487800,1.0448,1.04485,1.0446,1.0447,321,346.4,0,66,-189,-189,66,-255,-189,577882
1737487980,1.0447,1.0447,1.0445,1.0446,670,334.7,0,274,-198,274,472,-198,274,577882
1737488160,1.0446,1.04465,1.04455,1.0446,401,336.7,0,0,-276,-151,125,-276,-151,577882
1737488340,1.0446,1.0446,1.0443,1.04435,450,290.55,0,0,-269,-218,116,-334,-218,577882
1737488520,1.04435,1.04445,1.04425,1.04435,460,296.85,0,413,-5,376,418,-42,376,577882
1737488700,1.0443,1.0444,1.04425,1.0443,336,285.9,0,249,0,162,249,-87,162,577882
1737488880,1.0443,1.0444,1.04425,1.0443,327,287.8,0,37,-253,-253,37,-290,-253,577882
1737489060,1.04435,1.04435,1.04415,1.0443,207,282.4,0,0,-178,-149,29,-178,-149,577882
1737489240,1.0443,1.0445,1.0443,1.0444,332,279.5,0,332,0,332,332,0,332,577882
1737489420,1.0444,1.0445,1.04425,1.0444,1254,329.55,0,0,-1048,-1048,103,-1151,-1048,577882
1737489600,1.0444,1.04445,1.0442,1.04445,530,335.8,0,0,-419,-308,111,-419,-308,577882
1737489780,1.0444,1.04455,1.04425,1.04455,151,336.7,0,50,-33,-15,68,-83,-15,577882
1737489960,1.04455,1.04475,1.04455,1.0447,98,333.2,0,98,0,98,98,0,98,577882
1737490140,1.04475,1.04475,1.04445,1.0445,150,330.85,0,0,-150,-150,0,-150,-150,577882
1737490320,1.0445,1.04455,1.04435,1.0444,168,333.7,0,0,-129,-90,39,-129,-90,577882
1737490500,1.0444,1.04445,1.0443,1.04445,174,335.55,0,16,-79,16,95,-79,16,577882
1737490680,1.04445,1.0445,1.0444,1.04445,53,334.4,0,0,-53,-53,0,-53,-53,577882
1737490860,1.0445,1.0445,1.0443,1.04445,152,336.05,0,0,-128,-104,24,-128,-104,577882
1737491040,1.04445,1.0445,1.0442,1.04425,147,328.4,0,30,-87,-87,30,-117,-87,577882
1737491220,1.04425,1.04445,1.04425,1.0444,161,327.1,0,161,0,161,161,0,161,577882
1737491400,1.04435,1.04445,1.04435,1.04435,96,315.85,0,47,-13,24,60,-36,24,577882
1737491580,1.0444,1.04445,1.04425,1.0444,168,290.75,0,98,-35,98,133,-35,98,577882
1737491760,1.0444,1.04465,1.0444,1.04455,259,283.65,0,259,0,259,259,0,259,577882
1737491940,1.0445,1.0446,1.04445,1.04445,197,271,0,47,-103,-103,47,-150,-103,577882
1737492120,1.04445,1.0446,1.0444,1.0445,219,258.95,0,173,0,127,173,-46,127,577882
1737492300,1.0445,1.0445,1.0444,1.0444,145,249.4,0,0,-145,-145,0,-145,-145,577882
1737492480,1.0444,1.04445,1.0443,1.0444,592,262.65,0,0,-396,-200,196,-396,-200,577882
1737492660,1.0444,1.0444,1.04425,1.04425,305,267.55,0,0,-305,-305,0,-305,-305,577882
1737492840,1.0443,1.04445,1.0442,1.0444,240,262.95,0,96,-72,96,168,-72,96,577882
1737493020,1.0444,1.04465,1.0444,1.0446,453,222.9,0,115,-96,115,284,-169,115,577882
1737493200,1.04455,1.04465,1.04445,1.04455,519,222.35,0,397,0,275,397,-122,275,577882
1737493380,1.04455,1.04465,1.0445,1.04455,96,219.6,0,30,-28,30,63,-33,30,577882
1737493560,1.0445,1.0448,1.0445,1.04475,342,231.8,0,342,0,342,342,0,342,577882
1737493740,1.0447,1.04505,1.04455,1.0447,830,265.8,0,800,0,770,800,-30,770,577882
1737493920,1.04475,1.045,1.04475,1.045,116,263.2,0,116,0,116,116,0,116,577882
1737494100,1.04495,1.045,1.0449,1.04495,139,261.45,0,63,-8,3,71,-68,3,577882
1737494280,1.045,1.04505,1.04485,1.04485,81,262.85,0,22,-37,-37,22,-59,-37,577882
1737494460,1.0449,1.0452,1.0449,1.0452,175,264,0,175,0,175,175,0,175,577882
1737494640,1.0451,1.04515,1.04505,1.0451,140,263.65,0,0,-140,-140,0,-140,-140,577882
1737494820,1.0451,1.04525,1.0451,1.0451,133,262.25,0,0,-115,-115,9,-124,-115,577882
1737495000,1.0451,1.0453,1.0451,1.0452,140,264.45,0,122,-9,122,131,-9,122,577882
1737495180,1.04515,1.04515,1.0451,1.0451,98,260.95,0,0,-98,-98,0,-98,-98,577882
1737495360,1.0451,1.04525,1.0451,1.04515,183,257.15,0,175,-4,175,179,-4,175,577882
1737495540,1.04515,1.0452,1.04515,1.0452,21,248.35,0,21,0,21,21,0,21,577882
1737495720,1.04515,1.0453,1.04515,1.0452,157,245.25,0,125,-16,125,141,-16,125,577882
1737495900,1.0453,1.0455,1.04515,1.04535,497,262.85,0,207,-145,207,352,-145,207,577882
1737496080,1.04535,1.04545,1.04535,1.04545,112,238.85,0,112,0,112,112,0,112,577882
1737496260,1.0454,1.0456,1.0454,1.04545,285,237.85,0,136,-13,-13,136,-149,-13,577882
1737496440,1.04545,1.04555,1.04535,1.04555,109,231.3,0,0,-87,-65,22,-87,-65,577882
1737496620,1.04545,1.04555,1.04525,1.0454,90,213.15,0,42,-2,42,66,-24,42,583240
1737500400,1.04505,1.0453,1.04475,1.04525,730,223.7,0,0,-599,-468,131,-599,-468,583240
1737500580,1.04525,1.04535,1.04235,1.04395,4496,443.7,0,0,-2730,-964,1766,-2730,-964,583240
1737500760,1.04385,1.0443,1.0429,1.0429,1864,519.8,0,0,-1296,-1296,284,-1580,-1296,583240
1737500940,1.04285,1.0433,1.0424,1.04305,1544,555.5,0,114,-715,114,829,-715,114,583240
1737501120,1.0431,1.0435,1.04215,1.04215,1336,616.5,0,456,-424,-424,456,-880,-424,583240
1737501300,1.0422,1.04265,1.0418,1.04255,978,658.45,0,204,-387,204,591,-387,204,583240
1737501480,1.04255,1.04305,1.04245,1.04265,431,675.95,0,287,0,143,287,-144,143,583240
1737501660,1.04265,1.04325,1.04255,1.0431,390,686.7,0,337,0,284,337,-53,284,583240
1737501840,1.0431,1.04335,1.04305,1.04335,231,691.25,0,231,0,231,231,0,231,583240
1737502020,1.0434,1.04365,1.04315,1.0433,461,707.65,0,244,0,27,244,-217,27,583240
1737502200,1.0433,1.04345,1.043,1.0432,153,708.3,0,0,-128,-103,25,-128,-103,583240
1737502380,1.0432,1.04345,1.04305,1.0431,172,712,0,43,-86,-86,43,-129,-86,583240
1737502560,1.043,1.0431,1.0429,1.04295,140,709.85,0,0,-140,-140,0,-140,-140,583240
1737502740,1.043,1.04315,1.0429,1.04305,83,712.95,0,0,-44,-5,39,-44,-5,583240
1737502920,1.0431,1.04315,1.04285,1.043,90,709.6,0,0,-72,-54,18,-72,-54,583240
1737503100,1.043,1.04365,1.043,1.04365,306,700.05,0,306,0,306,306,0,306,583240
1737503280,1.0437,1.04375,1.0433,1.0434,265,707.7,0,116,-33,-33,116,-149,-33,583240
1737503460,1.04345,1.0435,1.04295,1.04315,278,707.35,0,0,-161,-44,117,-161,-44,583240
1737503640,1.04315,1.04315,1.04285,1.04315,175,710.65,0,44,-83,-79,48,-127,-79,583240
1737503820,1.0431,1.0433,1.04305,1.0432,175,714.9,0,0,-127,-127,24,-151,-127,583240
1737504000,1.0432,1.04365,1.0432,1.04365,347,695.75,0,347,0,347,347,0,347,583240
1737504180,1.0436,1.04385,1.0436,1.04385,284,485.15,0,284,0,284,284,0,284,583240
1737504360,1.04375,1.04415,1.0437,1.04415,337,408.8,0,235,0,235,286,-51,235,583240
1737504540,1.0442,1.04445,1.0441,1.0442,400,351.6,0,268,0,136,268,-132,136,583240
1737504720,1.0442,1.04435,1.0441,1.0443,178,293.7,0,70,-54,70,124,-54,70,583240
1737504900,1.0443,1.0443,1.04415,1.0442,152,252.4,0,28,-96,-96,28,-124,-96,583240
1737505080,1.04415,1.04475,1.04415,1.04475,338,247.75,0,226,-56,226,282,-56,226,583240
1737505260,1.0448,1.04495,1.0445,1.0446,341,245.3,0,112,-117,-117,112,-229,-117,583240
1737505440,1.04455,1.04465,1.0445,1.04455,139,240.7,0,33,-43,-13,63,-76,-13,583240
1737505620,1.0445,1.0446,1.0444,1.04445,113,223.3,0,49,0,49,81,-32,49,583240
1737505800,1.04445,1.04455,1.04445,1.04455,112,221.25,0,112,0,112,112,0,112,583240
1737505980,1.0445,1.04485,1.0445,1.0448,167,221,0,45,-61,45,106,-61,45,583240
1737506160,1.0448,1.04495,1.0447,1.04495,175,222.75,0,175,0,175,175,0,175,583240
1737506340,1.04495,1.04495,1.0448,1.0448,120,224.6,0,0,-120,-120,0,-120,-120,583240
1737506520,1.04485,1.04485,1.04475,1.04475,36,221.9,0,7,-22,-22,7,-29,-22,583240
1737506700,1.0447,1.0448,1.04465,1.0447,37,208.45,0,20,0,17,27,-10,17,583240
1737506880,1.0447,1.04475,1.04465,1.04465,33,196.85,0,26,0,19,26,-7,19,583240
1737507060,1.0446,1.04475,1.0445,1.0447,128,189.35,0,72,0,72,100,-28,72,583240
1737507240,1.04465,1.0448,1.04445,1.0448,350,198.1,0,202,-74,202,276,-74,202,583240
1737507420,1.04485,1.045,1.04485,1.0449,154,197.05,0,62,-30,-30,62,-92,-30,583240
1737507600,1.04485,1.04485,1.04405,1.04405,314,195.4,0,58,-92,-14,150,-164,-14,583240
1737507780,1.0441,1.04445,1.044,1.0444,292,195.8,0,292,0,292,292,0,292,583240
1737507960,1.04445,1.04465,1.04435,1.0445,246,191.25,0,114,-66,114,180,-66,114,583240
1737508140,1.0445,1.04465,1.04435,1.04445,134,177.95,0,0,-80,-80,27,-107,-80,583240
1737508320,1.04435,1.0444,1.04415,1.04425,88,173.45,0,9,-70,-70,9,-79,-70,583240
1737508500,1.0443,1.04455,1.0443,1.04435,96,170.65,0,57,0,18,57,-39,18,583240
1737508680,1.04435,1.04455,1.0442,1.04455,79,157.7,0,17,-31,17,48,-31,17,583240
1737508860,1.0445,1.04455,1.04415,1.04435,159,148.6,0,0,-159,-159,0,-159,-159,583240
1737509040,1.0443,1.0444,1.0441,1.0443,117,147.5,0,11,-53,11,64,-53,11,583240
1737509220,1.0443,1.0443,1.0441,1.0442,112,147.45,0,0,-60,-8,52,-60,-8,583240
1737509400,1.0442,1.04425,1.04405,1.04415,117,147.7,0,0,-44,-35,41,-76,-35,583240
1737509580,1.04405,1.04405,1.0438,1.04385,199,149.3,0,0,-199,-199,0,-199,-199,583240
1737509760,1.04385,1.04405,1.04385,1.0439,137,147.4,0,104,0,71,104,-33,71,583240
1737509940,1.044,1.044,1.0438,1.0439,32,143,0,0,-32,-32,0,-32,-32,583240
1737510120,1.0438,1.04395,1.0438,1.04385,104,146.4,0,41,-22,-22,41,-63,-22,583240
1737510300,1.04385,1.044,1.0437,1.0438,263,157.7,0,62,-139,-139,62,-201,-139,583240
1737510480,1.04385,1.04385,1.04365,1.0438,157,163.9,0,35,-61,35,96,-61,35,583240
1737510660,1.04385,1.04385,1.04365,1.04365,93,162.15,0,0,-93,-93,0,-93,-93,583240
1737510840,1.04365,1.04365,1.0435,1.04355,165,152.9,0,43,-44,9,87,-78,9,583240
1737511020,1.0435,1.04355,1.0433,1.0435,154,152.9,0,26,-64,26,90,-64,26,583240
1737511200,1.04345,1.04355,1.0433,1.0434,212,147.8,0,0,-212,-212,0,-212,-212,583240
1737511380,1.0434,1.0435,1.0433,1.0434,106,138.5,0,0,-55,-4,51,-55,-4,583240
1737511560,1.0433,1.04345,1.04315,1.04325,254,138.9,0,21,-81,-50,102,-152,-50,583240
1737511740,1.0433,1.04365,1.0433,1.04365,93,136.85,0,93,0,93,93,0,93,583240
1737511920,1.04365,1.04385,1.04365,1.0438,81,136.5,0,81,0,81,81,0,81,583240
1737512100,1.0438,1.044,1.0438,1.04395,103,136.85,0,60,0,17,60,-43,17,583240
1737512280,1.04385,1.044,1.04375,1.04375,87,137.25,0,12,-63,-63,12,-75,-63,583240
1737512460,1.04375,1.0439,1.0437,1.0438,139,136.25,0,67,-5,-5,67,-72,-5,583240
1737512640,1.04375,1.0438,1.04355,1.04355,113,136.05,0,28,-26,-5,54,-59,-5,583240
1737512820,1.0436,1.04365,1.04345,1.04355,124,136.65,0,33,-20,18,71,-53,18,583240
1737513000,1.0435,1.0436,1.04345,1.04355,85,135.05,0,85,0,85,85,0,85,583240
1737513180,1.04355,1.04365,1.04355,1.04365,56,127.9,0,56,0,56,56,0,56,583240
1737513360,1.04365,1.0439,1.04365,1.04385,127,127.4,0,38,-30,-9,59,-68,-9,583240
1737513540,1.04385,1.0439,1.0437,1.04385,73,129.45,0,0,-56,-39,17,-56,-39,583240
1737513720,1.04385,1.0439,1.0438,1.04385,60,127.25,0,60,0,60,60,0,60,583240
1737513900,1.04385,1.0439,1.0435,1.04375,202,124.2,0,0,-186,-170,16,-186,-170,583240
1737514080,1.04375,1.04395,1.04365,1.04395,75,120.1,0,61,-7,61,68,-7,61,583240
1737514260,1.044,1.0441,1.04395,1.0441,72,119.05,0,72,0,72,72,0,72,583240
1737514440,1.0441,1.0442,1.044,1.04405,72,114.4,0,36,0,0,36,-36,0,583240
1737514620,1.04395,1.044,1.04385,1.04395,69,110.15,0,47,-11,47,58,-11,47,583240
1737514800,1.0439,1.04405,1.0439,1.0439,71,103.1,0,47,0,23,47,-24,23,583240
1737514980,1.0439,1.0439,1.04375,1.04375,48,100.2,0,0,-48,-48,0,-48,-48,583240
1737515160,1.0437,1.04375,1.04365,1.04365,82,91.6,0,14,-29,4,43,-39,4,583240
1737515340,1.0437,1.0438,1.04365,1.04375,59,89.9,0,43,-8,43,51,-8,43,583240
1737515520,1.0437,1.04385,1.04365,1.0438,55,88.6,0,27,-14,27,41,-14,27,583240
1737515700,1.0438,1.044,1.0438,1.04385,88,87.85,0,17,-54,-54,17,-71,-54,583240
1737515880,1.0439,1.0439,1.0438,1.0438,80,87.5,0,0,-80,-80,0,-80,-80,583240
1737516060,1.04375,1.0438,1.04375,1.0438,31,82.1,0,0,-28,-25,3,-28,-25,583240
1737516240,1.0438,1.0439,1.04375,1.0439,70,79.95,0,30,-20,30,50,-20,30,583240
1737516420,1.04395,1.04395,1.0438,1.04385,25,75,0,0,-25,-25,0,-25,-25,583240
1737516600,1.04385,1.04385,1.04375,1.04385,50,73.25,0,0,-27,-4,23,-27,-4,583240
1737516780,1.0439,1.04395,1.0439,1.0439,23,71.6,0,23,0,23,23,0,23,583240
1737516960,1.04395,1.04415,1.04395,1.0441,192,74.85,0,172,0,152,172,-20,152,583240
1737517140,1.0441,1.04415,1.04395,1.04395,29,72.65,0,0,-29,-29,0,-29,-29,583240
1737517320,1.0439,1.0439,1.0438,1.0439,74,73.35,0,0,-38,-2,36,-38,-2,583240
1737517500,1.0439,1.044,1.0436,1.04365,49,65.7,0,8,-33,-33,8,-41,-33,583240
1737517680,1.04365,1.04365,1.04355,1.04365,32,63.55,0,0,-24,-16,8,-24,-16,583240
1737517860,1.04365,1.0437,1.0436,1.0436,46,62.25,0,13,-20,-20,13,-33,-20,583240
1737518040,1.04365,1.0437,1.04365,1.0437,65,61.9,0,65,0,65,65,0,65,583240
1737518220,1.0437,1.0438,1.0437,1.04375,97,63.3,0,97,0,97,97,0,97,583240
1737518400,1.0437,1.04385,1.0437,1.0438,81,63.8,0,63,0,63,72,-9,63,583240
1737518580,1.0438,1.0439,1.0438,1.04385,25,62.65,0,25,0,25,25,0,25,583240
1737518760,1.0438,1.0439,1.0438,1.0439,87,62.9,0,81,-3,81,84,-3,81,583240
1737518940,1.0439,1.04405,1.0439,1.04405,33,61.6,0,33,0,33,33,0,33,583240
1737519120,1.0441,1.0443,1.0441,1.04425,48,61.25,0,48,0,48,48,0,48,583240
1737519300,1.04425,1.0443,1.04415,1.04415,84,61.05,0,0,-37,-22,31,-53,-22,583240
1737519480,1.0442,1.04425,1.04415,1.04425,82,61.15,0,0,-59,-36,23,-59,-36,583240
1737519660,1.0443,1.04445,1.0443,1.0443,88,64,0,58,0,28,58,-30,28,583240
1737519840,1.04435,1.0444,1.04435,1.0444,12,61.1,0,12,0,12,12,0,12,583240
1737520020,1.0444,1.0445,1.0444,1.0445,35,61.6,0,14,0,7,21,-14,7,583240
1737520200,1.0445,1.0446,1.0445,1.04455,97,63.95,0,63,0,29,63,-34,29,583240
1737520380,1.04455,1.04475,1.04455,1.04465,115,68.55,0,39,-37,-37,39,-76,-37,583240
1737520560,1.0446,1.0446,1.0444,1.0444,111,64.5,0,0,-111,-111,0,-111,-111,583240
1737520740,1.0444,1.04445,1.0443,1.04435,78,66.95,0,0,-78,-78,0,-78,-78,583240
1737520920,1.0444,1.0444,1.0443,1.04435,40,65.25,0,0,-40,-40,0,-40,-40,583240
1737521100,1.04435,1.0445,1.04435,1.04445,25,64.05,0,17,-4,17,21,-4,17,583240
1737521280,1.0445,1.0446,1.0445,1.0446,57,65.3,0,57,0,57,57,0,57,583240
1737521460,1.0446,1.04465,1.0445,1.0445,44,65.2,0,4,-36,-36,4,-40,-36,583240
1737521640,1.04445,1.04445,1.04425,1.04425,24,63.15,0,0,-24,-24,0,-24,-24,583240
1737521820,1.04425,1.04425,1.04415,1.04425,65,61.55,0,47,-9,47,56,-9,47,583240
1737522000,1.0442,1.04425,1.04415,1.04425,31,59.05,0,7,-12,7,19,-12,7,583240
1737522180,1.04425,1.04435,1.04415,1.04435,82,61.9,0,52,-14,52,67,-15,52,583240
1737522360,1.04435,1.04435,1.0442,1.04425,30,59.05,0,0,-26,-22,4,-26,-22,583240
1737522540,1.04425,1.04425,1.0441,1.0441,46,59.7,0,21,-4,-4,21,-25,-4,583240
1737522720,1.04405,1.04415,1.04405,1.0441,52,59.9,0,46,0,40,46,-6,40,583240
1737522900,1.04405,1.04405,1.044,1.04405,48,58.1,0,0,-42,-36,6,-42,-36,583240
1737523080,1.044,1.044,1.0437,1.0437,43,56.15,0,0,-43,-43,0,-43,-43,583240
1737523260,1.0437,1.04375,1.0437,1.04375,32,53.35,0,4,-12,0,16,-16,0,583240
1737523440,1.0438,1.0438,1.0434,1.04345,766,91.05,0,12,-742,-742,12,-754,-742,583240
1737523620,1.0435,1.0438,1.0435,1.0437,138,96.2,0,112,0,86,112,-26,86,583240
1737523800,1.0437,1.0437,1.04355,1.0436,96,96.15,0,0,-96,-96,0,-96,-96,583240
1737523980,1.0436,1.0439,1.0436,1.0439,51,92.95,0,51,0,51,51,0,51,583240
1737524160,1.0439,1.04395,1.04385,1.04385,30,88.9,0,8,-14,-14,8,-22,-14,583240
1737524340,1.0438,1.0439,1.0438,1.0439,18,85.9,0,18,0,18,18,0,18,583240
1737524520,1.0439,1.0439,1.0437,1.0437,50,86.4,0,0,-50,-50,0,-50,-50,583240
1737524700,1.0437,1.0438,1.0437,1.04375,38,87.05,0,0,-18,-18,10,-28,-18,583240
1737524880,1.04375,1.04395,1.0437,1.04385,48,86.6,0,41,0,34,41,-7,34,583240
1737525060,1.04385,1.04415,1.04385,1.04415,78,88.3,0,66,-6,66,72,-6,66,583240
1737525240,1.04415,1.04425,1.0441,1.04415,90,91.6,0,56,-17,56,73,-17,56,583240
1737525420,1.0441,1.0442,1.0441,1.04415,76,92.15,0,17,-19,4,40,-36,4,583240
1737525600,1.0441,1.04425,1.04405,1.04425,314,106.3,0,314,0,314,314,0,314,583240
1737525780,1.0443,1.0444,1.04425,1.0444,197,112.05,0,72,-8,37,117,-80,37,583240
1737525960,1.04435,1.0444,1.04425,1.0444,106,115.85,0,60,-23,60,83,-23,60,583240
1737526140,1.04435,1.0444,1.04415,1.0442,95,118.3,0,0,-95,-95,0,-95,-95,583240
1737526320,1.04415,1.04415,1.0436,1.0436,396,135.5,0,0,-396,-396,0,-396,-396,583240
1737526500,1.04365,1.0437,1.04325,1.0434,373,151.75,0,0,-166,-165,104,-269,-165,583240
1737526680,1.0434,1.04345,1.0431,1.04325,449,172.05,0,0,-449,-449,0,-449,-449,583240
1737526860,1.0433,1.04355,1.04325,1.0435,186,179.75,0,186,0,186,186,0,186,583240
1737527040,1.04355,1.04365,1.04345,1.04365,203,151.6,0,47,-78,47,125,-78,47,583240
1737527220,1.0436,1.0438,1.0436,1.0437,135,151.45,0,0,-93,-93,21,-114,-93,583240
1737527400,1.0437,1.04375,1.0436,1.0436,44,148.85,0,0,-44,-44,0,-44,-44,583240
1737527580,1.0436,1.0436,1.04345,1.04355,50,148.8,0,4,-23,4,27,-23,4,583240
1737527760,1.04355,1.0436,1.0433,1.04335,101,152.35,0,0,-92,-83,9,-92,-83,583240
1737527940,1.04335,1.0434,1.04315,1.04315,187,160.8,0,45,-97,-97,45,-142,-97,583240
1737528120,1.0431,1.04315,1.04285,1.04285,665,191.55,0,0,-665,-665,0,-665,-665,583240
1737528300,1.0429,1.04305,1.0427,1.04285,320,205.65,0,77,-166,-166,77,-243,-166,583240
1737528480,1.0429,1.0429,1.0427,1.0427,116,209.05,0,0,-116,-116,0,-116,-116,583240
1737528660,1.04275,1.0428,1.04255,1.04255,342,222.25,0,6,-168,-168,87,-255,-168,583240
1737528840,1.04265,1.04295,1.04265,1.04285,153,225.4,0,95,0,37,95,-58,37,583240
1737529020,1.0429,1.043,1.0429,1.0429,105,226.85,0,69,0,33,69,-36,33,583240
1737529200,1.043,1.0432,1.0429,1.0432,774,249.85,0,774,0,774,774,0,774,583240
1737529380,1.0432,1.04335,1.04315,1.0433,506,265.3,0,263,0,260,383,-123,260,583240
1737529560,1.04335,1.0438,1.04335,1.04375,565,288.25,0,565,0,565,565,0,565,583240
1737529740,1.0438,1.0439,1.04365,1.04375,306,298.8,0,0,-306,-306,0,-306,-306,583240
1737529920,1.04375,1.04385,1.04365,1.0438,182,288.1,0,48,-67,48,115,-67,48,583240
1737530100,1.0438,1.04425,1.04375,1.0442,230,280.95,0,230,0,230,230,0,230,583240
1737530280,1.0442,1.0442,1.04395,1.0441,262,271.6,0,0,-168,-74,94,-168,-74,583240
1737530460,1.0441,1.04425,1.044,1.0441,275,276.05,0,104,-67,-67,104,-171,-67,583240
1737530640,1.04405,1.04405,1.0438,1.04395,155,273.65,0,21,-67,21,88,-67,21,583240
1737530820,1.04395,1.0442,1.04395,1.0442,230,278.4,0,230,0,230,230,0,230,583240
1737531000,1.0442,1.04455,1.04415,1.04455,299,291.15,0,299,0,299,299,0,299,583240
1737531180,1.0445,1.0445,1.04395,1.0441,197,298.5,0,0,-140,-83,57,-140,-83,583240
1737531360,1.0441,1.04425,1.044,1.04415,131,300,0,24,-31,-21,55,-76,-21,583240
1737531540,1.0442,1.0442,1.044,1.044,120,296.65,0,0,-88,-88,16,-104,-88,583240
1737531720,1.044,1.0444,1.044,1.0443,201,273.45,0,132,0,63,132,-69,63,583240
1737531900,1.04425,1.0443,1.04375,1.04375,279,271.4,0,0,-279,-279,0,-279,-279,583240
1737532080,1.0437,1.04415,1.0437,1.0441,410,286.1,0,358,0,306,358,-52,306,583240
1737532260,1.04405,1.0441,1.0438,1.04385,210,279.5,0,0,-210,-210,0,-210,-210,583240
1737532440,1.04385,1.0439,1.0435,1.0437,269,285.3,0,77,-96,77,173,-96,77,583240
1737532620,1.0437,1.0438,1.0434,1.04375,704,315.25,0,384,-160,384,544,-160,384,583240
1737532800,1.04375,1.0442,1.04355,1.0439,1108,331.95,0,0,-469,-222,443,-665,-222,583240
1737532980,1.0439,1.04405,1.0435,1.0436,439,328.6,0,0,-318,-197,121,-318,-197,583240
1737533160,1.04355,1.04395,1.04355,1.04375,301,315.4,0,198,0,95,198,-103,95,583240
1737533340,1.0437,1.044,1.0437,1.0438,364,318.3,0,124,0,116,240,-124,116,583240
1737533520,1.0438,1.04395,1.04375,1.04395,284,323.4,0,284,0,284,284,0,284,583240
1737533700,1.04395,1.0446,1.04395,1.04405,1612,392.5,0,598,-416,-416,598,-1014,-416,583240
1737533880,1.044,1.0442,1.04375,1.0441,781,418.45,0,78,-301,-23,379,-402,-23,583240
1737534060,1.04405,1.04405,1.04365,1.0439,500,429.7,0,0,-252,-4,248,-252,-4,583240
1737534240,1.0439,1.04405,1.0436,1.04385,494,446.65,0,184,-56,184,339,-155,184,583240
1737534420,1.04385,1.04395,1.04375,1.04385,273,448.8,0,0,-181,-181,46,-227,-181,583240
1737534600,1.04385,1.044,1.04375,1.044,477,457.7,0,239,0,213,345,-132,213,583240
1737534780,1.044,1.0443,1.04395,1.04395,570,476.35,0,348,0,126,348,-222,126,583240
1737534960,1.04395,1.0446,1.0439,1.04455,586,499.1,0,586,0,586,586,0,586,583240
1737535140,1.04455,1.04485,1.04455,1.04465,440,515.1,0,350,0,260,350,-90,260,583240
1737535320,1.04465,1.04465,1.04435,1.0445,213,515.7,0,0,-175,-137,38,-175,-137,583240
1737535500,1.0445,1.0449,1.0444,1.04465,482,525.85,0,346,0,346,414,-68,346,583240
1737535680,1.0447,1.04475,1.0445,1.04455,205,515.6,0,0,-117,-117,44,-161,-117,583240
1737535860,1.04455,1.04465,1.0443,1.0446,296,519.9,0,136,-80,136,216,-80,136,583240
1737536040,1.04465,1.04475,1.04445,1.0447,214,517.15,0,98,0,98,156,-58,98,583240
1737536220,1.0447,1.045,1.0447,1.04485,543,509.1,0,330,0,117,330,-213,117,583240
1737536400,1.0449,1.04505,1.0446,1.0446,608,484.1,0,51,-224,-58,275,-333,-58,583240
1737536580,1.0446,1.0451,1.04455,1.0451,321,478.2,0,97,-112,97,209,-112,97,583240
1737536760,1.0451,1.0452,1.0449,1.0449,547,490.5,0,254,-39,-39,254,-293,-39,583240
1737536940,1.0449,1.0453,1.0448,1.04525,399,492.25,0,399,0,399,399,0,399,583240
1737537120,1.04525,1.04535,1.0451,1.0451,331,494.6,0,150,-31,-31,150,-181,-31,583240
1737537300,1.04515,1.04555,1.04515,1.0455,519,439.95,0,168,-62,59,289,-230,59,583240
1737537480,1.04555,1.0456,1.04505,1.0454,863,444.05,0,0,-601,-339,262,-601,-339,583240
1737537660,1.0454,1.04565,1.04535,1.0456,509,444.5,0,126,-82,93,301,-208,93,583240
1737537840,1.04555,1.0459,1.0454,1.0457,673,453.45,0,15,-421,-421,126,-547,-421,583240
1737538020,1.0457,1.04605,1.04565,1.0458,528,466.2,0,269,0,134,331,-197,134,583240
1737538200,1.0458,1.0459,1.04545,1.04545,364,460.55,0,156,-52,-52,156,-208,-52,583240
1737538380,1.04545,1.0457,1.04535,1.0456,367,450.4,0,301,0,235,301,-66,235,583240
1737538560,1.0456,1.0457,1.0455,1.0457,293,435.75,0,63,-115,63,178,-115,63,583240
1737538740,1.0457,1.0458,1.0455,1.04555,387,433.1,0,0,-330,-273,57,-330,-273,583240
1737538920,1.04555,1.04635,1.04555,1.04615,922,468.55,0,922,0,922,922,0,922,583240
1737539100,1.04615,1.0464,1.04565,1.046,2022,545.55,0,0,-1134,-246,888,-1134,-246,583240
1737539280,1.046,1.046,1.0457,1.046,427,556.65,0,155,-136,155,291,-136,155,583240
1737539460,1.04595,1.04655,1.0457,1.0465,1052,594.45,0,164,-444,164,608,-444,164,583240
1737539640,1.04655,1.04655,1.0462,1.0464,503,608.9,0,0,-431,-359,72,-431,-359,583240
1737539820,1.0464,1.0473,1.0464,1.0472,2117,687.6,0,2117,0,2117,2117,0,2117,583240
1737540000,1.04725,1.0473,1.04695,1.04705,985,706.45,0,0,-402,-213,386,-599,-213,583240
1737540180,1.0471,1.04735,1.04685,1.04725,724,726.6,0,70,-327,70,397,-327,70,583240
1737540360,1.04725,1.04785,1.04725,1.04745,1354,766.95,0,706,0,58,706,-648,58,583240
1737540540,1.04745,1.0478,1.04745,1.0475,713,782.65,0,458,0,203,458,-255,203,583240
1737540720,1.0475,1.04755,1.0471,1.04715,483,790.25,0,0,-483,-483,0,-483,-483,583240
1737540900,1.04715,1.0475,1.04705,1.04745,403,784.45,0,403,0,403,403,0,403,583240
1737541080,1.0475,1.0476,1.0474,1.04745,443,763.45,0,293,0,275,359,-84,275,583240
1737541260,1.0475,1.04795,1.0475,1.0479,534,764.7,0,534,0,534,534,0,534,583240
1737541440,1.04785,1.0479,1.0477,1.0478,289,745.5,0,0,-289,-289,0,-289,-289,583240
1737541620,1.04785,1.0482,1.0478,1.0481,1348,786.5,0,950,0,950,1149,-199,950,583240
1737541800,1.0481,1.0483,1.0479,1.048,931,814.85,0,0,-840,-749,91,-840,-749,583240
1737541980,1.048,1.04805,1.0477,1.0477,709,831.95,0,0,-709,-709,0,-709,-709,583240
1737542160,1.04775,1.0481,1.04775,1.04795,670,850.8,0,270,0,270,470,-200,270,583240
1737542340,1.048,1.04805,1.04775,1.0478,458,854.35,0,219,-20,-20,219,-239,-20,583240
1737542520,1.0478,1.0479,1.04775,1.0478,212,818.85,0,108,-1,108,160,-52,108,583240
1737542700,1.0478,1.04795,1.0477,1.0478,596,747.55,0,302,0,302,449,-147,302,583240
1737542880,1.04775,1.048,1.0476,1.04785,450,748.7,0,168,-141,168,309,-141,168,583240
1737543060,1.04785,1.04795,1.04755,1.0476,264,709.3,0,29,-206,-206,29,-235,-206,583240
1737543240,1.04755,1.04775,1.0473,1.0476,877,728,0,0,-531,-185,346,-531,-185,583240
1737543420,1.0476,1.04765,1.04745,1.04755,410,642.65,0,0,-215,-182,114,-296,-182,583240
1737543600,1.04755,1.04755,1.04735,1.0475,363,611.55,0,0,-185,-149,107,-256,-149,583240
1737543780,1.0475,1.04765,1.04745,1.04755,171,583.9,0,138,0,105,138,-33,105,583240
1737543960,1.0476,1.0481,1.04755,1.04805,354,533.9,0,354,0,354,354,0,354,583240
1737544140,1.0481,1.0482,1.04785,1.04785,475,522,0,211,-53,-53,211,-264,-53,583240
1737544320,1.04785,1.04815,1.04775,1.0481,285,512.1,0,81,-102,81,183,-102,81,583240
1737544500,1.0481,1.0482,1.04795,1.04805,146,499.25,0,42,-62,-62,42,-104,-62,583240
1737544680,1.04805,1.04805,1.0479,1.0479,293,491.75,0,0,-147,-147,73,-220,-147,583240
1737544860,1.0479,1.048,1.04755,1.04755,246,477.35,0,114,-18,-18,114,-132,-18,583240
1737545040,1.0476,1.04765,1.04745,1.04745,335,479.65,0,141,-53,-53,141,-194,-53,583240
1737545220,1.04745,1.0475,1.0471,1.04715,524,438.45,0,0,-524,-524,0,-524,-524,583240
1737545400,1.04715,1.0473,1.0471,1.0471,251,404.45,0,137,0,23,137,-114,23,583240
1737545580,1.0471,1.0471,1.0468,1.04695,443,391.15,0,0,-253,-63,190,-253,-63,583240
1737545760,1.0469,1.047,1.04665,1.0467,734,394.35,0,0,-734,-734,0,-734,-734,583240
1737545940,1.04665,1.0469,1.04665,1.04685,326,387.75,0,326,0,326,326,0,326,583240
1737546120,1.0468,1.04705,1.0468,1.04705,401,397.2,0,115,-66,115,258,-143,115,583240
1737546300,1.04705,1.04715,1.0467,1.04675,310,382.9,0,98,-114,-114,98,-212,-114,583240
1737546480,1.04675,1.0469,1.0467,1.04685,186,369.7,0,186,0,186,186,0,186,583240
1737546660,1.04685,1.04695,1.04665,1.04675,317,372.35,0,0,-165,-13,152,-165,-13,583240
1737546840,1.04675,1.0468,1.04665,1.04675,201,338.55,0,135,0,69,135,-66,69,583240
1737547020,1.0468,1.04695,1.0467,1.04685,331,334.6,0,46,-91,-57,137,-194,-57,583240
1737547200,1.0468,1.04685,1.0466,1.0467,367,334.8,0,196,0,25,196,-171,25,583240
1737547380,1.0467,1.0467,1.0463,1.0463,422,347.35,0,0,-422,-422,0,-422,-422,583240
1737547560,1.04635,1.0467,1.04635,1.0465,243,341.8,0,196,0,149,196,-47,149,583240
1737547740,1.0465,1.0465,1.04635,1.0465,220,329.05,0,0,-125,-30,95,-125,-30,583240
1737547920,1.04645,1.04675,1.04645,1.04675,241,326.85,0,63,-41,33,137,-104,33,583240
1737548100,1.04675,1.0468,1.0466,1.04675,310,335.05,0,0,-202,-94,108,-202,-94,583240
1737548280,1.0468,1.04685,1.0466,1.0466,163,328.55,0,0,-163,-163,0,-163,-163,583240
1737548460,1.0466,1.0467,1.0466,1.04665,102,321.35,0,38,-26,-26,38,-64,-26,583240
1737548640,1.04665,1.0467,1.04595,1.046,717,340.45,0,0,-717,-717,0,-717,-717,583240
1737548820,1.04595,1.046,1.0457,1.04575,670,347.75,0,0,-493,-454,108,-562,-454,583240
1737549000,1.04575,1.046,1.0457,1.046,452,357.8,0,452,0,452,452,0,452,583240
1737549180,1.04605,1.04625,1.04605,1.0462,321,351.7,0,321,0,321,321,0,321,583240
1737549360,1.0462,1.0463,1.046,1.046,486,339.3,0,114,-258,-258,114,-372,-258,583240
1737549540,1.046,1.04635,1.04595,1.04635,245,335.25,0,245,0,245,245,0,245,583240
1737549720,1.0463,1.0464,1.04615,1.0462,247,327.55,0,34,-77,-25,111,-136,-25,583240
1737549900,1.0462,1.0463,1.04605,1.0462,434,333.75,0,0,-202,-202,116,-318,-202,583240
1737550080,1.04615,1.0462,1.04585,1.04595,400,344.45,0,37,-226,-226,87,-313,-226,583240
1737550260,1.04595,1.0464,1.04595,1.0462,748,366,0,445,0,142,445,-303,142,583240
1737550440,1.04625,1.0466,1.0462,1.0463,930,402.45,0,643,0,356,643,-287,356,583240
1737550620,1.04625,1.0466,1.04625,1.0464,554,413.6,0,452,0,350,452,-102,350,583240
1737550800,1.0464,1.04655,1.04625,1.0464,483,419.4,0,0,-243,-243,120,-363,-243,583240
1737550980,1.04635,1.0465,1.0463,1.04635,303,413.45,0,98,-107,-107,98,-205,-107,583240
1737551160,1.04635,1.0468,1.04625,1.04675,1184,460.5,0,836,-174,836,1010,-174,836,583240
1737551340,1.04675,1.04715,1.0467,1.04705,726,485.8,0,377,0,28,377,-349,28,583240
1737551520,1.04705,1.04705,1.04675,1.04695,555,501.5,0,0,-555,-555,0,-555,-555,583240
1737551700,1.04695,1.04715,1.0469,1.047,574,514.7,0,0,-360,-360,107,-467,-360,583240
1737551880,1.047,1.047,1.0466,1.0467,1531,583.1,0,0,-953,-953,289,-1242,-953,583240
1737552060,1.0467,1.04675,1.04635,1.04645,819,618.95,0,0,-819,-819,0,-819,-819,583240
1737552240,1.0464,1.04665,1.0462,1.0463,969,631.55,0,217,-535,-535,217,-752,-535,583240
1737552420,1.04625,1.0465,1.0461,1.0461,512,623.65,0,214,-84,-84,214,-298,-84,583240
1737552600,1.04615,1.0465,1.0461,1.04635,545,628.3,0,362,0,179,362,-183,179,583240
1737552780,1.0464,1.04645,1.04615,1.04615,434,633.95,0,34,-212,-212,111,-323,-212,583240
1737552960,1.04615,1.0462,1.0452,1.04545,1657,692.5,0,0,-1657,-1657,0,-1657,-1657,583240
1737553140,1.0454,1.04555,1.0448,1.0449,2706,815.55,0,392,-1922,-1922,392,-2314,-1922,583240
1737553320,1.0449,1.04555,1.04485,1.0454,993,852.85,0,675,0,357,675,-318,357,583240
1737553500,1.0454,1.04555,1.04515,1.0454,831,872.7,0,0,-661,-491,170,-661,-491,583240
1737553680,1.04545,1.0457,1.0454,1.04565,1407,923.05,0,1407,0,1407,1407,0,1407,583240
1737553860,1.04565,1.0457,1.0454,1.0456,524,911.85,0,0,-415,-306,109,-415,-306,583240
1737554040,1.0456,1.046,1.04545,1.04595,990,914.85,0,990,0,990,990,0,990,583240
1737554220,1.046,1.0461,1.04575,1.04575,1101,942.2,0,0,-641,-641,230,-871,-641,583240
1737554400,1.0457,1.0458,1.04555,1.0456,1046,970.35,0,0,-580,-114,466,-580,-114,583240
1737554580,1.04555,1.04555,1.0449,1.0449,955,1002.95,0,0,-955,-955,0,-955,-955,583240
1737554760,1.0449,1.04505,1.0448,1.04495,956,991.55,0,430,-23,430,693,-263,430,583240
1737554940,1.04495,1.045,1.04435,1.0445,1033,1006.9,0,0,-812,-591,221,-812,-591,583240
1737555120,1.0445,1.04455,1.0443,1.0444,804,1019.35,0,0,-354,-354,225,-579,-354,583240
1737555300,1.04445,1.0445,1.04425,1.0444,1363,1058.8,0,169,-597,169,766,-597,169,583240
1737555480,1.04445,1.04495,1.04435,1.0449,1172,1040.85,0,472,-350,472,822,-350,472,583240
1737555660,1.04485,1.04505,1.0447,1.04505,361,1017.95,0,0,-290,-219,71,-290,-219,583240
1737555840,1.04505,1.04535,1.0448,1.04485,911,1015.05,0,719,0,527,719,-192,527,583240
1737556020,1.0449,1.0449,1.04465,1.04465,768,1027.85,0,0,-768,-768,0,-768,-768,583240
1737556200,1.04465,1.0447,1.044,1.04405,1663,1083.75,0,0,-1311,-959,352,-1311,-959,583240
1737556380,1.0441,1.04465,1.04405,1.0446,1992,1161.65,0,1992,0,1992,1992,0,1992,583240
1737556560,1.0446,1.0449,1.04425,1.04475,2052,1181.4,0,0,-1067,-888,582,-1470,-888,583240
1737556740,1.04475,1.0448,1.0444,1.04455,699,1081.05,0,185,-257,185,442,-257,185,583240
1737556920,1.04455,1.0446,1.0443,1.04445,676,1065.2,0,29,-234,-150,263,-413,-150,583240
1737557100,1.0444,1.0451,1.0444,1.0451,974,1072.35,0,974,0,974,974,0,974,583240
1737557280,1.0451,1.0454,1.04505,1.04525,634,1033.7,0,634,0,634,634,0,634,583240
1737557460,1.0453,1.04545,1.0452,1.0452,892,1052.1,0,389,-114,-114,389,-503,-114,583240
1737557640,1.0452,1.04525,1.04485,1.04515,878,1046.5,0,0,-565,-252,313,-565,-252,583240
1737557820,1.0452,1.0452,1.0449,1.04505,1504,1066.65,0,22,-741,22,763,-741,22,583240
1737558000,1.04505,1.0451,1.0444,1.0446,1518,1090.25,0,0,-644,-402,558,-960,-402,583240
1737558180,1.04455,1.04485,1.04445,1.0446,552,1070.1,0,264,0,264,408,-144,264,583240
1737558360,1.0446,1.0446,1.04425,1.0443,387,1041.65,0,0,-184,-179,104,-283,-179,583240
1737558540,1.0443,1.04485,1.0441,1.04465,726,1026.3,0,602,0,478,602,-124,478,583240
1737558720,1.04465,1.0448,1.04445,1.04455,607,1016.45,0,76,-455,-455,76,-531,-455,583240
1737558900,1.04455,1.04475,1.04435,1.0446,275,962.05,0,140,0,5,140,-135,5,583240
1737559080,1.04465,1.0449,1.04445,1.04465,443,925.6,0,133,-177,-177,133,-310,-177,583240
1737559260,1.04465,1.04465,1.0442,1.04435,456,930.35,0,0,-293,-130,163,-293,-130,583240
1737559440,1.04435,1.0445,1.0442,1.04445,429,906.25,0,141,-13,141,285,-144,141,583240
1737559620,1.04445,1.0445,1.04405,1.0442,399,887.8,0,0,-247,-247,76,-323,-247,583240
1737559800,1.0442,1.04435,1.044,1.04435,593,834.3,0,203,-195,203,398,-195,203,583240
1737559980,1.0444,1.0448,1.04435,1.04445,824,775.9,0,576,0,328,576,-248,328,583240
1737560160,1.04445,1.04475,1.04435,1.0447,668,706.7,0,246,-211,246,457,-211,246,583240
1737560340,1.0447,1.0449,1.0444,1.0445,643,703.9,0,113,-417,-417,113,-530,-417,583240
1737560520,1.04455,1.04475,1.0442,1.0443,798,710,0,365,-68,-68,365,-433,-68,583240
1737560700,1.0443,1.0445,1.0441,1.0444,766,699.6,0,0,-439,-112,327,-439,-112,583240
1737560880,1.0444,1.04465,1.0443,1.04435,732,704.5,0,224,-284,-284,224,-508,-284,583240
1737561060,1.04435,1.04445,1.04415,1.0443,969,708.35,0,42,-415,-415,277,-692,-415,583240
1737561240,1.0443,1.0447,1.04425,1.0446,1189,723.9,0,533,0,533,861,-328,533,583240
1737561420,1.04455,1.0447,1.0444,1.04455,922,694.8,0,166,-378,166,544,-378,166,583240
1737561600,1.0445,1.04455,1.04425,1.04435,1225,680.15,0,0,-954,-683,271,-954,-683,583240
1737561780,1.04435,1.0446,1.0442,1.04455,615,683.3,0,615,0,615,615,0,615,583240
1737561960,1.04455,1.04485,1.04455,1.0447,426,685.25,0,139,-53,42,234,-192,42,583240
1737562140,1.0447,1.0448,1.04455,1.04455,297,663.8,0,73,-151,-151,73,-224,-151,583240
1737562320,1.04455,1.04475,1.04435,1.04435,522,659.55,0,363,0,204,363,-159,204,583240
1737562500,1.0443,1.0444,1.04415,1.04425,430,667.3,0,0,-430,-430,0,-430,-430,583240
1737562680,1.0443,1.04435,1.044,1.0441,436,666.95,0,0,-436,-436,0,-436,-436,583240
1737562860,1.04405,1.04415,1.0438,1.0441,688,678.55,0,14,-337,14,351,-337,14,583240
1737563040,1.0441,1.04425,1.044,1.04405,364,675.3,0,234,0,104,234,-130,104,583240
1737563220,1.04405,1.0441,1.0439,1.0439,379,674.3,0,10,-139,-139,120,-259,-139,583240
1737563400,1.04395,1.0442,1.04385,1.04415,441,666.7,0,441,0,441,441,0,441,583240
1737563580,1.0442,1.0442,1.04385,1.0441,333,642.15,0,109,-112,109,221,-112,109,583240
1737563760,1.04415,1.04455,1.0441,1.04455,257,621.6,0,257,0,257,257,0,257,583240
1737563940,1.04455,1.04475,1.04435,1.04445,456,612.25,0,89,-140,-2,227,-229,-2,583240
1737564120,1.04445,1.0446,1.0444,1.0445,347,589.7,0,288,0,229,288,-59,229,583240
1737564300,1.0445,1.0446,1.0444,1.04445,274,565.1,0,0,-120,-120,77,-197,-120,583240
1737564480,1.04445,1.04475,1.04445,1.04475,190,538,0,190,0,190,190,0,190,583240
1737564660,1.04475,1.0448,1.04445,1.0445,308,504.95,0,0,-308,-308,0,-308,-308,583240
1737564840,1.04455,1.0447,1.0445,1.0445,153,453.15,0,117,0,81,117,-36,81,583240
1737565020,1.0445,1.0446,1.04435,1.0445,470,430.55,0,0,-256,-256,107,-363,-256,583240
1737565200,1.0445,1.04455,1.0444,1.04455,223,380.45,0,43,-90,43,133,-90,43,583240
1737565380,1.04455,1.0446,1.0443,1.04435,267,363.05,0,0,-153,-153,57,-210,-153,583240
1737565560,1.04435,1.04435,1.04415,1.04425,260,354.75,0,0,-162,-64,98,-162,-64,583240
1737565740,1.04425,1.04435,1.04405,1.0441,319,355.85,0,165,0,11,165,-154,11,583240
1737565920,1.0441,1.0441,1.04395,1.04405,278,343.65,0,0,-153,-28,125,-153,-28,583240
1737566100,1.04405,1.04415,1.044,1.04405,133,328.8,0,41,-37,-37,48,-85,-37,583240
1737566280,1.0441,1.0442,1.04395,1.04395,817,347.85,0,0,-381,-381,218,-599,-381,583240
1737566460,1.04395,1.0441,1.04375,1.0438,416,334.25,0,305,0,194,305,-111,194,583240
1737566640,1.0438,1.04395,1.04375,1.0438,265,329.3,0,155,0,155,210,-55,155,583240
1737566820,1.04375,1.0439,1.04375,1.0439,293,325,0,293,0,293,293,0,293,583240
1737567000,1.04385,1.04405,1.0438,1.044,309,318.4,0,195,-57,195,252,-57,195,583240
1737567180,1.04405,1.0445,1.04405,1.0442,1051,354.3,0,927,0,803,927,-124,803,583240
1737567360,1.04425,1.0444,1.0442,1.0442,186,350.75,0,88,-10,-10,88,-98,-10,583240
1737567540,1.0442,1.04435,1.0442,1.04425,140,334.95,0,140,0,140,140,0,140,583240
1737567720,1.04425,1.0443,1.04415,1.0442,150,325.1,0,17,-116,-116,17,-133,-116,583240
1737567900,1.04425,1.04435,1.04415,1.0443,286,325.7,0,168,0,168,227,-59,168,583240
1737568080,1.04425,1.04435,1.04385,1.0441,1078,370.1,0,0,-975,-872,103,-975,-872,583240
1737568260,1.0441,1.04425,1.0441,1.04415,107,360.05,0,72,0,37,72,-35,37,583240
1737568440,1.04425,1.04425,1.04415,1.04415,128,358.8,0,0,-128,-128,0,-128,-128,583240
1737568620,1.0442,1.0443,1.04415,1.04425,322,351.4,0,322,0,322,322,0,322,583240
1737568800,1.0443,1.04445,1.0442,1.04425,483,364.4,0,91,-301,-301,91,-392,-301,583240
1737568980,1.0442,1.04425,1.0438,1.0439,277,364.9,0,0,-170,-63,107,-170,-63,583240
1737569160,1.0439,1.04405,1.0439,1.04405,132,358.5,0,132,0,132,132,0,132,583240
1737569340,1.04405,1.04415,1.04375,1.04395,166,350.85,0,36,-65,36,101,-65,36,583240
1737569520,1.044,1.0441,1.04395,1.044,104,342.15,0,26,-52,-52,26,-78,-52,583240
1737569700,1.044,1.0441,1.04395,1.04405,289,349.95,0,125,-22,125,207,-82,125,583240
1737569880,1.04405,1.0442,1.044,1.0442,236,320.9,0,91,-18,18,127,-109,18,583240
1737570060,1.0442,1.0445,1.04415,1.04445,228,311.5,0,228,0,228,228,0,228,583240
1737570240,1.04445,1.0446,1.0443,1.0446,187,307.6,0,99,-34,99,143,-44,99,583240
1737570420,1.0446,1.0446,1.04445,1.0445,196,302.75,0,38,-120,-120,38,-158,-120,583240
1737570600,1.04455,1.04465,1.0444,1.04455,371,305.85,0,0,-201,-31,170,-201,-31,583240
1737570780,1.0446,1.04465,1.0445,1.04465,180,262.3,0,64,-58,64,122,-58,64,583240
1737570960,1.0446,1.04465,1.0445,1.04465,105,258.25,0,41,-32,41,73,-32,41,583240
1737571140,1.0446,1.0446,1.04445,1.04445,224,262.45,0,0,-224,-224,0,-224,-224,583240
1737571320,1.04445,1.0446,1.04435,1.04455,254,267.65,0,237,0,220,237,-17,220,583240
1737571500,1.04455,1.0447,1.04455,1.04455,116,259.15,0,81,0,46,81,-35,46,583240
1737571680,1.0445,1.04455,1.0444,1.0444,93,209.9,0,0,-93,-93,0,-93,-93,583240
1737571860,1.0444,1.04445,1.04425,1.04435,176,213.35,0,0,-129,-82,47,-129,-82,583240
1737572040,1.04435,1.0444,1.04405,1.04415,217,217.8,0,33,-66,19,118,-99,19,583240
1737572220,1.0441,1.04425,1.04405,1.0442,332,218.3,0,332,0,332,332,0,332,583240
1737572400,1.0442,1.04445,1.0441,1.04445,364,212.35,0,364,0,364,364,0,364,583240
1737572580,1.04445,1.0445,1.0444,1.0445,443,220.65,0,11,-378,-335,54,-389,-335,583240
1737572760,1.0445,1.04455,1.04445,1.04455,130,220.55,0,130,0,130,130,0,130,583240
1737572940,1.04455,1.04465,1.04455,1.04455,84,216.45,0,49,0,14,49,-35,14,583240
1737573120,1.04455,1.04465,1.0445,1.0446,223,222.4,0,149,-3,149,186,-37,149,583240
1737573300,1.04455,1.04465,1.0445,1.04465,116,213.75,0,116,0,116,116,0,116,583240
1737573480,1.04465,1.0448,1.04455,1.04455,215,212.7,0,78,-59,-59,78,-137,-59,583240
1737573660,1.04455,1.0447,1.04455,1.0446,101,206.35,0,13,-75,-75,13,-88,-75,583240
1737573840,1.0446,1.0447,1.0446,1.0446,93,201.65,0,8,-77,-77,8,-85,-77,583240
1737574020,1.04465,1.04485,1.04465,1.04475,213,202.5,0,164,0,115,164,-49,115,583240
1737574200,1.0447,1.04485,1.04465,1.0447,163,192.1,0,0,-125,-125,19,-144,-125,583240
1737574380,1.0447,1.0447,1.04465,1.04465,100,188.1,0,0,-100,-100,0,-100,-100,583240
1737574560,1.04465,1.0448,1.04455,1.04475,223,194,0,0,-141,-59,82,-141,-59,583240
1737574740,1.04475,1.0448,1.0445,1.0445,193,192.45,0,0,-193,-193,0,-193,-193,583240
1737574920,1.0445,1.0446,1.0445,1.0446,212,190.35,0,156,-28,156,184,-28,156,583240
1737575100,1.0445,1.04455,1.04445,1.04445,159,192.5,0,103,0,47,103,-56,47,583240
1737575280,1.0444,1.0445,1.04435,1.04445,235,199.6,0,137,-49,137,186,-49,137,583240
1737575460,1.04445,1.0445,1.0444,1.04445,128,197.2,0,23,-82,-82,23,-105,-82,583240
1737575640,1.0445,1.04455,1.0443,1.04435,288,200.75,0,122,-83,122,205,-83,122,583240
1737575820,1.0444,1.04465,1.0444,1.04455,804,224.35,0,275,-254,-254,275,-529,-254,583240
1737576000,1.04455,1.0446,1.04435,1.0444,429,227.6,0,0,-429,-429,0,-429,-429,583240
1737576180,1.0444,1.04465,1.0444,1.04465,102,210.55,0,102,0,102,102,0,102,583240
1737576360,1.04465,1.04475,1.04465,1.04475,150,211.55,0,101,0,98,124,-26,98,583240
1737576540,1.04475,1.04485,1.04475,1.0448,116,213.15,0,81,0,46,81,-35,46,583240
1737576720,1.04475,1.0448,1.04465,1.0448,138,208.9,0,0,-104,-70,34,-104,-70,583240
1737576900,1.0447,1.04485,1.0447,1.04475,160,211.1,0,101,0,42,101,-59,42,583240
1737577080,1.0447,1.04485,1.0446,1.0447,128,206.75,0,100,0,72,100,-28,72,583240
1737577260,1.0447,1.0447,1.04455,1.0446,126,208,0,0,-108,-90,18,-108,-90,583240
1737577440,1.0446,1.04475,1.0446,1.0446,114,209.05,0,58,0,2,58,-56,2,583240
1737577620,1.0446,1.0446,1.04455,1.0446,59,201.35,0,0,-52,-45,7,-52,-45,583240
1737577800,1.0446,1.04465,1.04445,1.04445,139,200.15,0,20,-99,-99,20,-119,-99,583240
1737577980,1.0444,1.04455,1.0444,1.0444,259,208.1,0,171,0,83,171,-88,83,583240
1737578160,1.0444,1.0444,1.0442,1.0443,226,208.25,0,0,-203,-180,23,-203,-180,583240
1737578340,1.04435,1.04435,1.04425,1.0443,93,203.25,0,23,-35,23,58,-35,23,583240
1737578520,1.04425,1.04425,1.044,1.04405,173,201.3,0,0,-173,-173,0,-173,-173,583240
1737578700,1.04405,1.04415,1.04405,1.04405,221,204.4,0,138,0,55,138,-83,55,583240
1737578880,1.04405,1.0441,1.044,1.04405,132,199.25,0,10,-61,10,71,-61,10,583240
1737579060,1.04405,1.04415,1.0439,1.04395,186,202.15,0,76,-34,-34,76,-110,-34,583240
1737579240,1.04395,1.04405,1.04375,1.04385,460,210.75,0,0,-460,-460,0,-460,-460,583240
1737579420,1.0438,1.04385,1.0437,1.0438,850,213.05,0,182,-334,182,516,-334,182,583240
1737579600,1.0438,1.04385,1.0436,1.04375,419,212.55,0,0,-363,-307,56,-363,-307,583240
1737579780,1.04375,1.0439,1.04365,1.0439,128,213.85,0,84,0,84,106,-22,84,583240
1737579960,1.0439,1.0439,1.0438,1.0438,58,209.25,0,0,-58,-58,0,-58,-58,583240
1737580140,1.0438,1.0438,1.04375,1.0438,34,205.15,0,0,-18,-2,16,-18,-2,583240
1737580320,1.0438,1.0438,1.04365,1.04365,49,200.7,0,0,-49,-49,0,-49,-49,583240
1737580500,1.0437,1.0437,1.0436,1.04365,115,198.45,0,0,-115,-115,0,-115,-115,583240
1737580680,1.04365,1.0437,1.04355,1.0436,92,196.65,0,6,-44,-8,42,-50,-8,583240
1737580860,1.0436,1.04365,1.04355,1.04365,155,198.1,0,0,-137,-119,18,-137,-119,583240
1737581040,1.04365,1.04365,1.0435,1.04355,80,196.4,0,15,-50,-50,15,-65,-50,583240
1737581220,1.04355,1.04365,1.04355,1.0436,20,194.45,0,0,-19,-18,1,-19,-18,583240
1737581400,1.0436,1.0436,1.0435,1.0435,73,191.15,0,2,-69,-69,2,-71,-69,583240
1737581580,1.04355,1.04355,1.04335,1.04335,89,182.65,0,0,-89,-89,0,-89,-89,583240
1737581760,1.0434,1.04345,1.04335,1.04345,28,172.75,0,28,0,28,28,0,28,583240
1737581940,1.04345,1.0435,1.0434,1.04345,28,169.5,0,28,0,28,28,0,28,583240
1737582120,1.0435,1.0435,1.04345,1.04345,73,164.5,0,0,-43,-43,15,-58,-43,583240
1737582300,1.0434,1.04345,1.04335,1.0434,79,157.4,0,3,-38,3,41,-38,3,583240
1737582480,1.0434,1.04355,1.0434,1.04345,99,155.75,0,36,-27,-27,36,-63,-27,583240
1737582660,1.0435,1.04355,1.0434,1.04355,174,155.15,0,174,0,174,174,0,174,583240
1737582840,1.0436,1.0436,1.04355,1.0436,54,134.85,0,18,-9,18,36,-18,18,583240
1737583020,1.04355,1.0436,1.0435,1.04355,45,94.6,0,11,-17,-11,17,-28,-11,582455
1737586800,1.04345,1.0435,1.0432,1.0432,206,83.95,0,0,-137,-118,44,-162,-118,582455
1737586980,1.04325,1.04325,1.0431,1.0431,122,83.65,0,0,-122,-122,0,-122,-122,582455
1737587160,1.0431,1.0432,1.0431,1.04315,90,85.25,0,85,0,80,85,-5,80,582455
1737587340,1.04315,1.0432,1.04315,1.0432,26,84.85,0,22,-2,22,24,-2,22,582455
1737587520,1.04315,1.04315,1.043,1.043,90,86.9,0,0,-90,-90,0,-90,-90,582455
1737587700,1.043,1.0432,1.043,1.0432,48,83.55,0,48,0,48,48,0,48,582455
1737587880,1.04325,1.04335,1.0432,1.0433,63,82.1,0,0,-36,-9,27,-36,-9,582455
1737588060,1.0433,1.0433,1.04315,1.0432,38,76.25,0,0,-38,-38,0,-38,-38,582455
1737588240,1.04315,1.0432,1.0431,1.0431,31,73.8,0,9,-13,-13,9,-22,-13,582455
1737588420,1.04305,1.04315,1.043,1.0431,129,79.25,0,0,-102,-75,27,-102,-75,582455
1737588600,1.0431,1.04315,1.0431,1.04315,20,76.6,0,20,0,20,20,0,20,582455
1737588780,1.0431,1.0432,1.04305,1.04315,35,73.9,0,13,-3,13,24,-11,13,582455
1737588960,1.0432,1.0432,1.04315,1.0432,14,73.2,0,14,0,14,14,0,14,582455
1737589140,1.04315,1.0432,1.0431,1.0432,39,73.75,0,18,0,7,23,-16,7,582455
1737589320,1.0432,1.04325,1.04315,1.04325,18,71,0,1,-11,-6,6,-12,-6,582455
1737589500,1.04325,1.04325,1.04305,1.04315,78,70.95,0,0,-70,-62,8,-70,-62,582455
1737589680,1.0431,1.0432,1.0431,1.04315,55,68.75,0,3,-39,-29,13,-42,-29,582455
1737589860,1.0431,1.04315,1.0431,1.04315,23,61.2,0,7,-8,7,15,-8,7,582455
1737590040,1.0431,1.04335,1.0431,1.0433,118,64.4,0,91,0,76,97,-21,76,582455
1737590220,1.0433,1.0433,1.0432,1.0432,25,63.4,0,0,-25,-25,0,-25,-25,582455
1737590400,1.0432,1.0435,1.0432,1.0434,201,63.15,0,61,-42,-5,98,-103,-5,582455
1737590580,1.0434,1.04345,1.04325,1.04345,106,62.35,0,0,-71,-36,35,-71,-36,582455
1737590760,1.04345,1.04345,1.04335,1.04335,61,60.9,0,0,-61,-61,0,-61,-61,582455
1737590940,1.04335,1.0435,1.04335,1.04345,44,61.8,0,44,0,44,44,0,44,582455
1737591120,1.0434,1.04355,1.0434,1.04345,96,62.1,0,73,0,50,73,-23,50,582455
1737591300,1.04345,1.04345,1.0433,1.0433,106,65,0,0,-94,-94,6,-100,-94,582455
1737591480,1.0433,1.0435,1.0433,1.0435,42,63.95,0,18,-12,18,30,-12,18,582455
1737591660,1.0435,1.04365,1.0435,1.0436,77,65.9,0,77,0,77,77,0,77,582455
1737591840,1.0436,1.04365,1.04335,1.0434,95,69.1,0,0,-78,-61,17,-78,-61,582455
1737592020,1.04345,1.04345,1.0433,1.0433,134,69.35,0,53,-28,-28,53,-81,-28,582455
1737592200,1.04335,1.04345,1.04335,1.04335,85,72.6,0,85,0,85,85,0,85,582455
1737592380,1.0434,1.04345,1.0433,1.0434,28,72.25,0,0,-18,-8,10,-18,-8,582455
1737592560,1.0434,1.0434,1.04315,1.0433,81,75.6,0,0,-42,-3,39,-42,-3,582455
1737592740,1.0433,1.04335,1.04325,1.04335,60,76.65,0,0,-36,-12,24,-36,-12,582455
1737592920,1.04335,1.0434,1.0433,1.0434,67,79.1,0,0,-38,-9,29,-38,-9,582455
1737593100,1.0434,1.04345,1.04325,1.04325,98,80.1,0,27,-44,-44,27,-71,-44,582455
1737593280,1.0433,1.04335,1.0432,1.04325,73,81,0,28,-2,13,43,-30,13,582455
1737593460,1.04325,1.04335,1.04325,1.04335,56,82.65,0,56,0,56,56,0,56,582455
1737593640,1.04335,1.0435,1.04335,1.0434,125,83,0,95,0,65,95,-30,65,582455
1737593820,1.04345,1.0435,1.0434,1.04345,39,83.7,0,15,-12,15,27,-12,15,582455
1737594000,1.0435,1.0436,1.04345,1.0436,133,80.3,0,49,0,39,86,-47,39,582455
1737594180,1.0436,1.0437,1.0435,1.04365,86,79.3,0,56,-15,56,71,-15,56,582455
1737594360,1.04365,1.04365,1.0436,1.04365,52,78.85,0,32,-10,32,42,-10,32,582455
1737594540,1.0436,1.04375,1.04355,1.04375,95,81.4,0,95,0,95,95,0,95,582455
1737594720,1.0438,1.0441,1.0438,1.04395,226,87.9,0,180,0,134,180,-46,134,582455
1737594900,1.0439,1.0439,1.04345,1.04345,89,87.05,0,0,-89,-89,0,-89,-89,582455
1737595080,1.04345,1.0436,1.04345,1.0435,48,87.35,0,31,0,14,31,-17,14,582455
1737595260,1.0435,1.0435,1.0434,1.0434,59,86.45,0,0,-59,-59,0,-59,-59,582455
1737595440,1.04335,1.04345,1.0433,1.0434,270,95.2,0,0,-219,-178,46,-224,-178,582455
1737595620,1.0434,1.04345,1.04325,1.0433,117,94.35,0,21,-75,-75,21,-96,-75,582455
1737595800,1.0433,1.04355,1.04325,1.04345,76,93.9,0,73,0,70,73,-3,70,582455
1737595980,1.0434,1.0434,1.0433,1.04335,32,94.1,0,0,-24,-16,8,-24,-16,582455
1737596160,1.0434,1.04365,1.04335,1.0435,158,97.95,0,37,-30,-24,67,-91,-24,582455
1737596340,1.0435,1.04375,1.0435,1.04355,107,100.3,0,21,-27,-27,40,-67,-27,582455
1737596520,1.04345,1.0435,1.04335,1.04335,38,98.85,0,24,0,10,24,-14,10,582455
1737596700,1.04335,1.04335,1.04315,1.04325,86,98.25,0,0,-55,-24,31,-55,-24,582455
1737596880,1.0432,1.0432,1.04305,1.0431,146,101.9,0,0,-100,-54,46,-100,-54,582455
1737597060,1.0431,1.04315,1.04295,1.04295,129,105.55,0,66,0,3,66,-63,3,582455
1737597240,1.043,1.043,1.0427,1.0427,332,115.9,0,0,-332,-332,0,-332,-332,582455
1737597420,1.0427,1.0429,1.0426,1.04275,287,128.3,0,19,-95,-95,96,-191,-95,582455
1737597600,1.0428,1.0429,1.0427,1.0427,69,125.1,0,28,-13,-13,28,-41,-13,582455
1737597780,1.04265,1.04275,1.04225,1.04225,395,140.55,0,64,-267,-267,64,-331,-267,582455
1737597960,1.0423,1.0427,1.04215,1.0426,212,148.55,0,32,-90,32,122,-90,32,582455
1737598140,1.0426,1.0427,1.0425,1.04255,84,148,0,69,0,54,69,-15,54,582455
1737598320,1.0425,1.04265,1.04245,1.04265,91,141.25,0,91,0,91,91,0,91,582455
1737598500,1.0427,1.0428,1.0426,1.04275,57,139.65,0,16,-13,1,29,-28,1,582455
1737598680,1.04275,1.0428,1.0427,1.0428,51,139.8,0,51,0,51,51,0,51,582455
1737598860,1.04285,1.04305,1.0428,1.043,43,139,0,29,-7,29,36,-7,29,582455
1737599040,1.04295,1.043,1.04295,1.04295,40,127.5,0,7,-26,-26,7,-33,-26,582455
1737599220,1.04295,1.04305,1.04295,1.043,71,125.2,0,21,-8,13,42,-29,13,582455
1737599400,1.043,1.043,1.0427,1.0427,88,125.8,0,0,-88,-88,0,-88,-88,582455
1737599580,1.0427,1.0428,1.04265,1.0428,119,130.15,0,89,-15,89,104,-15,89,582455
1737599760,1.0428,1.0428,1.04265,1.0427,105,127.5,0,0,-63,-21,42,-63,-21,582455
1737599940,1.04265,1.0427,1.0426,1.04265,92,126.75,0,20,-37,-22,35,-57,-22,582455
1737600120,1.0427,1.0428,1.0427,1.0428,80,128.85,0,80,0,80,80,0,80,582455
1737600300,1.04285,1.0429,1.0428,1.04285,92,129.15,0,92,0,92,92,0,92,582455
1737600480,1.04285,1.0429,1.04265,1.0427,261,134.9,0,0,-207,-207,27,-234,-207,582455
1737600660,1.04265,1.04275,1.0426,1.0427,68,131.85,0,0,-47,-28,20,-48,-28,582455
1737600840,1.04275,1.04285,1.0427,1.04275,103,120.4,0,48,-7,-7,48,-55,-7,582455
1737601020,1.04275,1.04285,1.0427,1.0428,116,111.85,0,64,0,12,64,-52,12,582455
1737601200,1.04285,1.043,1.04275,1.04295,205,118.65,0,42,-56,-9,98,-107,-9,582455
1737601380,1.04295,1.04305,1.04295,1.043,82,103,0,0,-42,-2,40,-42,-2,582455
1737601560,1.04305,1.04305,1.04295,1.04295,29,93.85,0,8,-13,-13,8,-21,-13,582455
1737601740,1.043,1.043,1.04295,1.043,46,91.95,0,16,-15,16,31,-15,16,582455
1737601920,1.043,1.043,1.04295,1.04295,46,89.7,0,0,-46,-46,0,-46,-46,582455
1737602100,1.0429,1.04315,1.0429,1.0431,145,94.1,0,145,0,145,145,0,145,582455
1737602280,1.0431,1.0431,1.043,1.0431,47,93.9,0,4,-27,-15,16,-31,-15,582455
1737602460,1.04315,1.0432,1.0431,1.0431,79,95.7,0,0,-30,-23,28,-51,-23,582455
1737602640,1.0431,1.0431,1.043,1.04305,44,95.9,0,0,-31,-18,13,-31,-18,582455
1737602820,1.0431,1.04315,1.0431,1.0431,90,96.85,0,74,0,58,74,-16,58,582455
1737603000,1.04305,1.0431,1.043,1.0431,80,96.45,0,34,-23,34,57,-23,34,582455
1737603180,1.0431,1.04315,1.0431,1.04315,36,92.3,0,36,0,36,36,0,36,582455
1737603360,1.0431,1.0431,1.0431,1.0431,27,88.4,0,0,-27,-27,0,-27,-27,582455
1737603540,1.04315,1.04335,1.04315,1.0433,93,88.45,0,62,0,31,62,-31,31,582455
1737603720,1.0433,1.0433,1.0431,1.0432,64,87.65,0,0,-49,-34,15,-49,-34,582455
1737603900,1.0432,1.04325,1.0431,1.0431,32,84.65,0,19,0,6,19,-13,6,582455
1737604080,1.04305,1.0431,1.04305,1.0431,15,72.35,0,0,-9,-3,6,-9,-3,582455
1737604260,1.04305,1.04325,1.04305,1.04325,18,69.85,0,18,0,18,18,0,18,582455
1737604440,1.0432,1.0433,1.0432,1.0433,21,65.75,0,21,0,21,21,0,21,582455
1737604620,1.04325,1.04335,1.0432,1.04335,75,63.7,0,0,-38,-1,37,-38,-1,582455
1737604800,1.04335,1.0434,1.04335,1.0434,45,55.7,0,45,0,45,45,0,45,582455
1737604980,1.04345,1.0435,1.04345,1.04345,32,53.2,0,10,-12,-12,10,-22,-12,582455
1737605160,1.04345,1.0435,1.04345,1.04345,20,52.75,0,0,-20,-20,0,-20,-20,582455
1737605340,1.0435,1.0435,1.0434,1.04345,21,51.5,0,4,-9,-5,8,-13,-5,582455
1737605520,1.0434,1.0434,1.0434,1.0434,14,49.9,0,0,-14,-14,0,-14,-14,582455
1737605700,1.04335,1.0434,1.04335,1.0434,11,43.2,0,7,-2,7,9,-2,7,582455
1737605880,1.0434,1.0434,1.04335,1.0434,19,41.8,0,19,0,19,19,0,19,582455
1737606060,1.0434,1.04345,1.04335,1.04345,35,39.6,0,19,0,19,27,-8,19,582455
1737606240,1.0435,1.0436,1.0435,1.04355,110,42.9,0,110,0,110,110,0,110,582455
1737606420,1.0436,1.0436,1.04355,1.0436,48,40.8,0,36,-6,36,42,-6,36,582455
1737606600,1.04365,1.0437,1.0436,1.0436,74,40.5,0,46,0,18,46,-28,18,582455
1737606780,1.0436,1.04365,1.04355,1.0436,17,39.55,0,10,0,5,11,-6,5,582455
1737606960,1.0436,1.0436,1.0436,1.0436,8,38.6,0,8,0,8,8,0,8,582455
1737607140,1.0436,1.04365,1.0436,1.0436,44,36.15,0,33,0,22,33,-11,22,582455
1737607320,1.0436,1.04365,1.0436,1.04365,8,33.35,0,0,-6,-4,2,-6,-4,582455
1737607500,1.0436,1.0437,1.04355,1.0437,37,33.6,0,0,-19,-1,18,-19,-1,582455
1737607680,1.04365,1.04365,1.04365,1.04365,26,34.15,0,0,-26,-26,0,-26,-26,582455
1737607860,1.04365,1.04365,1.04365,1.04365,13,33.9,0,0,-13,-13,0,-13,-13,582455
1737608040,1.0436,1.0437,1.0436,1.0436,50,35.35,0,22,-6,-6,22,-28,-6,582455
1737608220,1.04355,1.04355,1.04345,1.04355,99,36.55,0,0,-79,-59,20,-79,-59,582455
1737608400,1.0435,1.0436,1.0433,1.0433,114,40,0,18,-78,-78,18,-96,-78,582455
1737608580,1.0433,1.04335,1.04315,1.04315,117,44.25,0,0,-117,-117,0,-117,-117,582455
1737608760,1.0432,1.04335,1.043,1.04335,335,60,0,0,-186,-37,149,-186,-37,582455
1737608940,1.04335,1.0436,1.04335,1.04345,169,67.4,0,157,0,145,157,-12,145,582455
1737609120,1.0434,1.0435,1.04335,1.0435,43,68.85,0,0,-28,-13,15,-28,-13,582455
1737609300,1.04345,1.0435,1.04345,1.04345,53,70.95,0,0,-39,-39,7,-46,-39,582455
1737609480,1.0435,1.0435,1.04345,1.04345,15,70.75,0,0,-15,-15,0,-15,-15,582455
1737609660,1.0435,1.0435,1.0433,1.0434,21,70.05,0,0,-14,-7,7,-14,-7,582455
1737609840,1.0434,1.0434,1.04335,1.04335,12,65.15,0,3,-6,-6,3,-9,-6,582455
1737610020,1.0433,1.0433,1.04315,1.04315,63,65.9,0,0,-63,-63,0,-63,-63,582455
1737610200,1.04315,1.04315,1.04305,1.04315,46,64.5,0,0,-33,-20,13,-33,-20,582455
1737610380,1.0432,1.0432,1.04305,1.04315,51,66.2,0,7,-22,7,29,-22,7,582455
1737610560,1.04315,1.0432,1.0431,1.0431,45,68.05,0,24,0,3,24,-21,3,582455
1737610740,1.0431,1.04315,1.043,1.04305,75,69.6,0,34,-7,-7,34,-41,-7,582455
1737610920,1.04305,1.04305,1.043,1.043,55,71.95,0,0,-55,-55,0,-55,-55,582455
1737611100,1.043,1.043,1.04295,1.04295,33,71.75,0,0,-33,-33,0,-33,-33,582455
1737611280,1.04295,1.04295,1.0429,1.04295,77,74.3,0,0,-67,-57,10,-67,-57,582455
1737611460,1.04295,1.04305,1.0429,1.043,37,75.5,0,21,0,5,21,-16,5,582455
1737611640,1.04305,1.0431,1.043,1.043,55,75.75,0,36,0,17,36,-19,17,582455
1737611820,1.04305,1.0431,1.043,1.043,83,74.95,0,7,-69,-69,7,-76,-69,582455
1737612000,1.04295,1.0432,1.04295,1.04315,185,78.5,0,123,0,123,154,-31,123,582455
1737612180,1.04315,1.0433,1.04315,1.0433,120,78.65,0,120,0,120,120,0,120,582455
1737612360,1.0433,1.04345,1.04325,1.0434,567,90.25,0,504,0,465,516,-51,465,582455
1737612540,1.0434,1.04345,1.04325,1.04325,52,84.4,0,28,0,4,28,-24,4,582455
1737612720,1.04325,1.0433,1.0432,1.0433,20,83.25,0,0,-10,0,10,-10,0,582455
1737612900,1.0433,1.04345,1.04325,1.04345,56,83.4,0,56,0,56,56,0,56,582455
1737613080,1.04345,1.04355,1.0434,1.04355,190,92.15,0,0,-121,-52,69,-121,-52,582455
1737613260,1.04355,1.0436,1.04345,1.04355,172,99.7,0,0,-105,-38,67,-105,-38,582455
1737613440,1.0435,1.0437,1.04345,1.04365,143,106.25,0,53,-45,53,98,-45,53,582455
1737613620,1.04365,1.0437,1.04355,1.04365,177,111.95,0,71,0,71,124,-53,71,582455
1737613800,1.04365,1.04365,1.0435,1.04355,90,114.15,0,0,-52,-14,38,-52,-14,582455
1737613980,1.0435,1.0435,1.0432,1.0432,202,121.7,0,0,-202,-202,0,-202,-202,582455
1737614160,1.0432,1.04335,1.0432,1.0433,39,121.4,0,0,-21,-3,18,-21,-3,582455
1737614340,1.04335,1.04335,1.0432,1.04325,47,120,0,2,-19,-19,14,-33,-19,582455
1737614520,1.04325,1.04325,1.0431,1.0431,89,121.7,0,0,-89,-89,0,-89,-89,582455
1737614700,1.04315,1.04315,1.04295,1.0431,166,128.35,0,6,-80,6,86,-80,6,582455
1737614880,1.0431,1.04325,1.04305,1.04315,43,126.65,0,17,-13,17,30,-13,17,582455
1737615060,1.04315,1.0432,1.04295,1.043,49,127.25,0,9,-31,-31,9,-40,-31,582455
1737615240,1.043,1.043,1.0428,1.04285,220,135.5,0,0,-220,-220,0,-220,-220,582455
1737615420,1.04285,1.0429,1.04275,1.0428,106,136.65,0,15,-76,-76,15,-91,-76,582455
1737615600,1.04285,1.04285,1.0425,1.04285,611,157.95,0,0,-358,-105,253,-358,-105,582455
1737615780,1.0429,1.043,1.0428,1.0428,242,164.05,0,60,-122,-122,60,-182,-122,582455
1737615960,1.04285,1.043,1.0427,1.0427,183,144.85,0,93,0,3,93,-90,3,582455
1737616140,1.04265,1.0427,1.04145,1.0417,2069,245.7,0,0,-2069,-2069,0,-2069,-2069,582455
1737616320,1.0418,1.04225,1.0416,1.0421,878,288.6,0,878,0,878,878,0,878,582455
1737616500,1.0421,1.0422,1.04205,1.0422,483,309.95,0,233,0,233,358,-125,233,582455
1737616680,1.0422,1.04235,1.04205,1.04205,413,321.1,0,150,-113,-113,150,-263,-113,582455
1737616860,1.04205,1.04205,1.04185,1.04185,315,328.25,0,0,-315,-315,0,-315,-315,582455
1737617040,1.04185,1.0421,1.0418,1.04205,319,337.05,0,319,0,319,319,0,319,582455
1737617220,1.0421,1.04215,1.04195,1.042,147,335.55,0,47,-53,-53,47,-100,-53,582455
1737617400,1.042,1.04225,1.0419,1.04215,473,354.7,0,317,-78,317,395,-78,317,582455
1737617580,1.04215,1.04225,1.04205,1.04215,197,354.45,0,25,-53,-53,72,-125,-53,582455
1737617760,1.04215,1.04215,1.04185,1.04185,142,359.6,0,0,-142,-142,0,-142,-142,582455
1737617940,1.0418,1.04205,1.0418,1.0419,136,364.05,0,136,0,136,136,0,136,582455
1737618120,1.04185,1.042,1.04175,1.042,181,368.65,0,0,-109,-37,72,-109,-37,582455
1737618300,1.042,1.04215,1.0419,1.0421,220,371.35,0,60,-80,60,140,-80,60,582455
1737618480,1.0421,1.04225,1.042,1.04205,132,375.8,0,79,0,26,79,-53,26,582455
1737618660,1.04205,1.0426,1.042,1.0426,375,392.1,0,375,0,375,375,0,375,582455
1737618840,1.0426,1.0426,1.0423,1.0423,462,404.2,0,175,-112,-112,175,-287,-112,582455
1737619020,1.04235,1.04255,1.0422,1.0424,334,415.6,0,230,0,126,230,-104,126,582455
1737619200,1.04245,1.0426,1.0419,1.0419,930,431.55,0,390,-150,-150,390,-540,-150,582455
1737619380,1.0419,1.04205,1.04185,1.04185,462,442.55,0,210,-42,-42,210,-252,-42,582455
1737619560,1.04185,1.04205,1.0418,1.04205,139,440.35,0,54,-2,27,83,-56,27,582455
1737619740,1.04205,1.04235,1.042,1.04205,517,362.75,0,270,0,23,270,-247,23,582455
1737619920,1.0421,1.0425,1.04205,1.04245,245,331.1,0,245,0,245,245,0,245,582455
1737620100,1.04245,1.0426,1.0424,1.0425,247,319.3,0,247,0,247,247,0,247,582455
1737620280,1.04255,1.0427,1.04235,1.0424,322,314.75,0,259,0,196,259,-63,196,582455
1737620460,1.04235,1.0424,1.0423,1.04235,246,311.3,0,0,-186,-126,60,-186,-126,582455
1737620640,1.04235,1.0424,1.04215,1.0422,332,311.95,0,0,-332,-332,0,-332,-332,582455
1737620820,1.0422,1.0425,1.04195,1.04195,539,331.55,0,239,-61,-61,239,-300,-61,582455
1737621000,1.042,1.0422,1.04195,1.0421,529,334.35,0,325,0,305,417,-112,305,582455
1737621180,1.04205,1.04205,1.04165,1.04175,317,340.35,0,0,-194,-71,123,-194,-71,582455
1737621360,1.04175,1.0418,1.0416,1.0417,290,347.75,0,66,-72,14,152,-138,14,582455
1737621540,1.0417,1.0417,1.04145,1.0417,348,358.35,0,110,-119,110,229,-119,110,582455
1737621720,1.0417,1.04185,1.0416,1.0417,268,362.7,0,156,0,156,212,-56,156,582455
1737621900,1.04175,1.0418,1.0416,1.04165,274,365.4,0,15,-98,-98,88,-186,-98,582455
1737622080,1.04165,1.0421,1.0416,1.04195,458,381.7,0,458,0,458,458,0,458,582455
1737622260,1.04195,1.04205,1.0418,1.0419,278,376.85,0,0,-167,-128,75,-203,-128,582455
1737622440,1.04195,1.042,1.04175,1.04185,241,365.8,0,155,0,69,155,-86,69,582455
1737622620,1.0418,1.04195,1.04175,1.0418,212,359.7,0,13,-104,-104,54,-158,-104,582455
1737622800,1.0418,1.0423,1.04175,1.0423,565,341.45,0,565,0,565,565,0,565,582455
1737622980,1.0423,1.0428,1.0423,1.04265,558,346.25,0,346,0,134,346,-212,134,582455
1737623160,1.04265,1.04265,1.04245,1.0425,174,348,0,0,-174,-174,0,-174,-174,582455
1737623340,1.04255,1.0428,1.0425,1.0427,335,338.9,0,246,0,157,246,-89,157,582455
1737623520,1.0427,1.04295,1.0427,1.04275,353,344.3,0,230,0,107,230,-123,107,582455
1737623700,1.0427,1.04305,1.04265,1.04275,209,342.4,0,136,0,63,136,-73,63,582455
1737623880,1.0427,1.04325,1.04265,1.04295,788,365.7,0,254,-118,-118,335,-453,-118,582455
1737624060,1.043,1.0431,1.04285,1.0429,766,391.7,0,683,0,600,683,-83,600,582455
1737624240,1.04285,1.04295,1.0427,1.0427,388,394.5,0,0,-228,-228,80,-308,-228,582455
1737624420,1.0427,1.043,1.0426,1.04285,345,384.8,0,155,-95,155,250,-95,155,582455
1737624600,1.0429,1.04295,1.0428,1.04285,228,369.75,0,137,0,46,137,-91,46,582455
1737624780,1.0429,1.0433,1.04285,1.0432,314,369.6,0,206,-54,206,260,-54,206,582455
1737624960,1.04325,1.04335,1.043,1.04325,243,367.25,0,49,-97,49,146,-97,49,582455
1737625140,1.0432,1.0433,1.0431,1.0433,279,363.8,0,0,-249,-219,30,-249,-219,582455
1737625320,1.04325,1.04325,1.04305,1.0432,355,368.15,0,0,-238,-121,117,-238,-121,582455
1737625500,1.04325,1.04325,1.04305,1.0432,301,369.5,0,0,-157,-13,144,-157,-13,582455
1737625680,1.0432,1.04355,1.0432,1.0435,676,380.4,0,676,0,676,676,0,676,582455
1737625860,1.04345,1.04365,1.0434,1.04365,475,390.25,0,475,0,475,475,0,475,582455
1737626040,1.0436,1.0439,1.0436,1.0437,665,411.45,0,483,0,301,483,-182,301,582455
1737626220,1.0437,1.04375,1.0435,1.0436,341,417.9,0,0,-341,-341,0,-341,-341,582455
1737626400,1.0436,1.044,1.0436,1.0436,582,418.75,0,306,0,30,306,-276,30,582455
1737626580,1.04355,1.0437,1.0435,1.0435,308,406.25,0,217,0,126,217,-91,126,582455
1737626760,1.04355,1.0438,1.0435,1.04355,329,414,0,229,0,129,229,-100,129,582455
1737626940,1.0436,1.0436,1.0434,1.0436,170,405.75,0,0,-135,-100,35,-135,-100,582455
1737627120,1.04355,1.0439,1.04355,1.04385,260,401.1,0,260,0,260,260,0,260,582455
1737627300,1.0439,1.0442,1.0439,1.04395,366,408.95,0,251,0,136,251,-115,136,582455
1737627480,1.04395,1.04395,1.0438,1.0438,142,376.65,0,0,-70,-70,36,-106,-70,582455
1737627660,1.04375,1.04385,1.04365,1.04375,257,351.2,0,0,-212,-167,45,-212,-167,582455
1737627840,1.0438,1.04395,1.04375,1.04385,234,343.5,0,234,0,234,234,0,234,582455
1737628020,1.04385,1.0442,1.04385,1.0442,474,349.95,0,474,0,474,474,0,474,582455
1737628200,1.04425,1.04425,1.044,1.0441,242,350.65,0,0,-242,-242,0,-242,-242,582455
1737628380,1.0441,1.04415,1.044,1.04415,177,343.8,0,0,-90,-3,87,-90,-3,582455
1737628560,1.0442,1.04435,1.04415,1.0443,200,341.65,0,200,0,200,200,0,200,582455
1737628740,1.04435,1.0445,1.04415,1.0442,406,348,0,223,0,40,223,-183,40,582455
1737628920,1.04415,1.04435,1.0441,1.0443,247,342.6,0,133,0,133,190,-57,133,582455
1737629100,1.0443,1.04435,1.04405,1.04405,282,341.65,0,0,-282,-282,0,-282,-282,582455
1737629280,1.0441,1.04415,1.0439,1.0439,126,314.15,0,22,-82,-82,22,-104,-82,582455
1737629460,1.0439,1.0439,1.04355,1.04365,318,306.3,0,138,-90,138,228,-90,138,582455
1737629640,1.04365,1.04385,1.04365,1.04375,202,283.15,0,88,-26,-26,88,-114,-26,582455
1737629820,1.04375,1.04375,1.04355,1.04355,382,285.2,0,0,-382,-382,0,-382,-382,582455
1737630000,1.04355,1.0436,1.04325,1.04335,759,294.05,0,0,-464,-169,295,-464,-169,582455
1737630180,1.0433,1.04345,1.04325,1.04345,398,298.55,0,398,0,398,398,0,398,582455
1737630360,1.04345,1.0438,1.04345,1.0436,394,301.8,0,217,0,40,217,-177,40,582455
1737630540,1.04355,1.04355,1.0434,1.04345,125,299.55,0,0,-125,-125,0,-125,-125,582455
1737630720,1.04345,1.0436,1.0434,1.0436,131,293.1,0,1,-65,1,66,-65,1,582455
1737630900,1.04355,1.0437,1.04355,1.04355,234,286.5,0,91,-52,-52,91,-143,-52,582455
1737631080,1.04355,1.04365,1.0434,1.0434,303,294.55,0,91,-57,-7,148,-155,-7,582455
1737631260,1.0434,1.0435,1.04335,1.04345,272,295.3,0,48,-112,48,160,-112,48,582455
1737631440,1.04345,1.0437,1.04345,1.04365,161,291.65,0,161,0,161,161,0,161,582455
1737631620,1.04365,1.0438,1.04355,1.0437,411,288.5,0,362,0,313,362,-49,313,582455
1737631800,1.0437,1.04385,1.04355,1.04375,289,290.85,0,141,-74,141,215,-74,141,582455
1737631980,1.04375,1.0438,1.0435,1.0436,245,294.25,0,0,-141,-37,104,-141,-37,582455
1737632160,1.0436,1.0437,1.04355,1.04365,98,289.15,0,76,0,54,76,-22,54,582455
1737632340,1.04365,1.04375,1.04355,1.04355,95,273.6,0,22,-51,-51,22,-73,-51,582455
1737632520,1.04355,1.0436,1.04345,1.0435,162,269.35,0,108,-27,108,135,-27,108,582455
1737632700,1.0435,1.04365,1.0433,1.0433,345,272.5,0,115,-115,-115,115,-230,-115,582455
1737632880,1.04325,1.0433,1.04255,1.0427,949,313.65,0,0,-949,-949,0,-949,-949,582455
1737633060,1.0427,1.04295,1.0427,1.0428,329,314.2,0,264,0,199,264,-65,199,582455
1737633240,1.0428,1.0431,1.0428,1.0431,336,320.9,0,76,-72,76,206,-130,76,582455
1737633420,1.04315,1.04315,1.0426,1.0428,529,328.25,0,0,-529,-529,0,-529,-529,582455
1737633600,1.04275,1.0429,1.0424,1.0426,526,316.6,0,0,-485,-444,41,-485,-444,582455
1737633780,1.04255,1.04265,1.0424,1.0426,487,321.05,0,243,-122,243,365,-122,243,582455
1737633960,1.04255,1.04255,1.04225,1.04225,159,309.3,0,0,-159,-159,0,-159,-159,582455
1737634140,1.0422,1.0423,1.0421,1.04215,174,311.75,0,90,0,6,90,-84,6,582455
1737634320,1.04215,1.04215,1.04185,1.0421,438,327.1,0,0,-287,-136,151,-287,-136,582455
1737634500,1.04215,1.0423,1.0421,1.0422,287,329.75,0,250,0,213,250,-37,213,582455
1737634680,1.04225,1.0423,1.04195,1.0421,250,327.1,0,0,-156,-156,47,-203,-156,582455
1737634860,1.0421,1.04215,1.04205,1.04205,281,327.55,0,53,-175,-175,53,-228,-175,582455
1737635040,1.04205,1.0424,1.04205,1.04235,344,336.7,0,344,0,344,344,0,344,582455
1737635220,1.0423,1.04235,1.04215,1.04235,113,321.8,0,0,-59,-5,54,-59,-5,582455
1737635400,1.04235,1.0426,1.0423,1.04235,406,327.65,0,95,-216,-216,95,-311,-216,582455
1737635580,1.0423,1.0423,1.0421,1.04225,231,326.95,0,103,-64,103,167,-64,103,582455
1737635760,1.04225,1.04225,1.04205,1.04225,287,336.4,0,131,-78,131,209,-78,131,582455
1737635940,1.0422,1.04265,1.0422,1.0426,185,340.9,0,185,0,185,185,0,185,582455
1737636120,1.04255,1.0427,1.04245,1.04245,256,345.6,0,125,-6,-6,125,-131,-6,582455
1737636300,1.0425,1.04275,1.04245,1.0426,420,349.35,0,299,0,178,299,-121,178,582455
1737636480,1.0426,1.0426,1.0423,1.0426,207,312.25,0,0,-171,-135,36,-171,-135,582455
1737636660,1.0426,1.0429,1.0426,1.0427,402,315.9,0,289,0,176,289,-113,176,582455
1737636840,1.0427,1.043,1.04265,1.043,381,318.15,0,223,-79,223,302,-79,223,582455
1737637020,1.04295,1.04295,1.0427,1.0428,507,317.05,0,0,-507,-507,0,-507,-507,582455
1737637200,1.04285,1.0433,1.04275,1.04325,623,321.9,0,623,0,623,623,0,623,582455
1737637380,1.0433,1.0433,1.04295,1.043,507,322.9,0,0,-507,-507,0,-507,-507,582455
1737637560,1.043,1.043,1.0426,1.0428,348,332.35,0,206,-71,206,277,-71,206,582455
1737637740,1.0428,1.0429,1.04245,1.0425,495,348.4,0,75,-345,-345,75,-420,-345,582455
1737637920,1.0425,1.0427,1.04215,1.04225,638,358.4,0,0,-638,-638,0,-638,-638,582455
1737638100,1.0423,1.0424,1.04215,1.0424,595,373.8,0,129,-233,129,362,-233,129,582455
1737638280,1.04245,1.04285,1.0424,1.0428,310,376.8,0,310,0,310,310,0,310,582455
1737638460,1.0428,1.0431,1.0427,1.0431,212,373.35,0,212,0,212,212,0,212,582455
1737638640,1.04305,1.04335,1.0429,1.0433,279,370.1,0,139,-70,139,209,-70,139,582455
1737638820,1.04325,1.04345,1.043,1.043,473,388.1,0,0,-331,-331,71,-402,-331,582455
1737639000,1.04305,1.0436,1.04305,1.0432,1344,435,0,796,0,612,978,-366,612,582455
1737639180,1.04325,1.04395,1.0432,1.0438,1217,484.3,0,940,0,663,940,-277,663,582455
1737639360,1.0438,1.04395,1.0437,1.04375,870,513.45,0,627,0,384,627,-243,384,582455
1737639540,1.0437,1.04375,1.04345,1.0435,956,552,0,0,-392,-392,282,-674,-392,582455
1737639720,1.04345,1.04365,1.0433,1.04335,538,566.1,0,175,-188,-188,175,-363,-188,582455
1737639900,1.0433,1.0434,1.0429,1.0432,1247,607.45,0,537,-355,537,892,-355,537,582455
1737640080,1.0432,1.04325,1.0429,1.04305,448,619.5,0,146,-111,66,257,-191,66,582455
1737640260,1.04315,1.04365,1.0431,1.04355,343,616.55,0,301,0,259,301,-42,259,582455
1737640440,1.0435,1.0436,1.04325,1.04355,341,614.55,0,0,-218,-95,123,-218,-95,582455
1737640620,1.04355,1.04365,1.04345,1.04355,458,612.1,0,224,-117,224,341,-117,224,582455
1737640800,1.04355,1.0438,1.0434,1.04345,477,604.8,0,119,-239,-239,119,-358,-239,582455
1737640980,1.04345,1.04395,1.04335,1.04385,546,606.75,0,546,0,546,546,0,546,582455
1737641160,1.0439,1.0439,1.0436,1.0439,475,613.1,0,273,-101,273,374,-101,273,582455
1737641340,1.04385,1.04385,1.0435,1.04365,656,621.15,0,0,-656,-656,0,-656,-656,582455
1737641520,1.0436,1.0438,1.04355,1.04375,287,603.6,0,287,0,287,287,0,287,582455
1737641700,1.04375,1.0441,1.04365,1.0438,416,594.65,0,316,0,316,366,-50,316,582455
1737641880,1.0438,1.0443,1.0438,1.044,541,606.2,0,373,-37,373,457,-84,373,582455
1737642060,1.04395,1.044,1.0437,1.04395,528,622,0,0,-402,-276,126,-402,-276,582455
1737642240,1.04395,1.044,1.0437,1.04375,350,625.55,0,0,-350,-350,0,-350,-350,582455
1737642420,1.04375,1.04385,1.04355,1.0436,440,623.9,0,0,-440,-440,0,-440,-440,582455
1737642600,1.04365,1.0438,1.04335,1.0435,995,606.45,0,0,-995,-995,0,-995,-995,582455
1737642780,1.04355,1.04355,1.0433,1.04335,699,580.55,0,0,-699,-699,0,-699,-699,582455
1737642960,1.0433,1.0433,1.04305,1.04325,523,563.2,0,0,-415,-307,108,-415,-307,582455
1737643140,1.04325,1.0433,1.04315,1.0433,303,530.55,0,147,-78,147,225,-78,147,582455
1737643320,1.0433,1.0434,1.04315,1.04325,380,522.65,0,72,-236,-236,72,-308,-236,582455
1737643500,1.04325,1.04365,1.0432,1.04345,809,500.75,0,236,-81,175,492,-317,175,582455
1737643680,1.0434,1.0435,1.0433,1.0434,403,498.5,0,108,-187,-187,108,-295,-187,582455
1737643860,1.04345,1.0437,1.0431,1.04325,726,517.65,0,0,-726,-726,0,-726,-726,582455
1737644040,1.04325,1.04355,1.043,1.04345,526,526.9,0,194,-166,194,360,-166,194,582455
1737644220,1.0434,1.0435,1.04325,1.04325,506,529.3,0,0,-249,-232,137,-369,-232,582455
1737644400,1.04335,1.0434,1.0432,1.04325,655,538.2,0,459,0,263,459,-196,263,582455
1737644580,1.0432,1.0432,1.04225,1.0424,1239,572.85,0,0,-1239,-1239,0,-1239,-1239,582455
1737644760,1.0424,1.04265,1.0423,1.0425,722,585.2,0,75,-214,-144,289,-433,-144,582455
1737644940,1.04245,1.0426,1.04235,1.04245,540,579.4,0,132,-169,-62,239,-301,-62,582455
1737645120,1.04245,1.04275,1.0424,1.04255,931,611.6,0,931,0,931,931,0,931,582455
1737645300,1.0426,1.04265,1.04195,1.04195,1095,645.55,0,0,-1095,-1095,0,-1095,-1095,582455
1737645480,1.04195,1.0423,1.0418,1.0422,1143,675.65,0,952,0,761,952,-191,761,582455
1737645660,1.0422,1.0423,1.04115,1.0416,2111,754.8,0,0,-2111,-2111,0,-2111,-2111,582455
1737645840,1.0416,1.042,1.04145,1.0418,1086,791.6,0,1086,0,1086,1086,0,1086,582455
1737646020,1.04185,1.0421,1.0418,1.04195,454,792.3,0,323,0,192,323,-131,192,582455
1737646200,1.04195,1.04215,1.04175,1.0418,794,782.25,0,0,-794,-794,0,-794,-794,582455
1737646380,1.0418,1.04205,1.04175,1.0419,407,767.65,0,407,0,407,407,0,407,582455
1737646560,1.04195,1.0423,1.04185,1.0423,566,769.8,0,566,0,566,566,0,566,582455
1737646740,1.0423,1.0424,1.04215,1.04215,446,776.95,0,186,-74,-74,186,-260,-74,582455
1737646920,1.0421,1.0421,1.042,1.042,321,774,0,0,-321,-321,0,-321,-321,582455
1737647100,1.04195,1.04215,1.04165,1.0417,347,750.9,0,48,-251,-251,48,-299,-251,582455
1737647280,1.04175,1.04195,1.0415,1.0415,574,759.45,0,0,-574,-574,0,-574,-574,582455
1737647460,1.0415,1.04205,1.04135,1.04185,931,769.7,0,54,-386,-51,440,-491,-51,582455
1737647640,1.04185,1.042,1.0416,1.0419,513,769.05,0,0,-294,-75,219,-294,-75,582455
1737647820,1.042,1.0423,1.0419,1.04215,1766,832.05,0,1766,0,1766,1766,0,1766,582455
1737648000,1.04215,1.04235,1.04195,1.04215,1226,860.6,0,966,0,706,966,-260,706,582455
1737648180,1.04215,1.04245,1.042,1.0421,486,822.95,0,142,-202,-202,142,-344,-202,582455
1737648360,1.0422,1.0423,1.04185,1.04215,942,833.95,0,0,-759,-576,183,-759,-576,582455
1737648540,1.04215,1.0423,1.0402,1.04075,5589,1086.4,0,21,-5389,-5389,100,-5489,-5389,582455
1737648720,1.04075,1.04285,1.03955,1.0422,10124,1546.05,0,10124,0,10124,10124,0,10124,582455
1737648900,1.0422,1.04325,1.0421,1.0427,3286,1655.6,0,2467,0,1648,2467,-819,1648,582455
1737649080,1.0427,1.0434,1.04245,1.0433,1933,1695.1,0,1213,-360,1213,1573,-360,1213,582455
1737649260,1.04335,1.0441,1.04285,1.0437,5327,1855.9,0,3071,-1128,3071,4199,-1128,3071,582455
1737649440,1.04375,1.0439,1.0423,1.0432,9522,2277.7,0,1328,-4097,1328,5425,-4097,1328,582455
1737649620,1.04315,1.04335,1.04205,1.04325,3775,2443.75,0,0,-2245,-715,1530,-2245,-715,582455
1737649800,1.0433,1.0439,1.04305,1.04385,1615,2484.8,0,1615,0,1615,1615,0,1615,582455
1737649980,1.04385,1.04405,1.0435,1.0437,852,2507.05,0,0,-567,-282,285,-567,-282,582455
1737650160,1.04375,1.044,1.0431,1.0432,739,2515.7,0,244,-251,-251,244,-495,-251,582455
1737650340,1.04325,1.04345,1.0428,1.0429,458,2516.3,0,13,-202,-202,128,-330,-202,582455
1737650520,1.0429,1.04485,1.0428,1.04445,2576,2629.05,0,2576,0,2576,2576,0,2576,582455
1737650700,1.0445,1.04535,1.0445,1.0451,4117,2817.55,0,4117,0,4117,4117,0,4117,582455
1737650880,1.0451,1.04515,1.04445,1.04445,1258,2851.75,0,0,-1258,-1258,0,-1258,-1258,582455
1737651060,1.0445,1.04455,1.04365,1.0444,1789,2894.65,0,113,-838,113,951,-838,113,582455
1737651240,1.04435,1.04475,1.04405,1.04425,1072,2922.6,0,371,-330,-330,371,-701,-330,582455
1737651420,1.0442,1.0444,1.04405,1.04435,373,2852.95,0,127,-123,127,250,-123,127,582455
1737651600,1.04435,1.04435,1.04385,1.04385,583,2820.8,0,0,-583,-583,0,-583,-583,582455
1737651780,1.0439,1.0445,1.0439,1.04445,478,2820.4,0,478,0,478,478,0,478,582455
1737651960,1.0445,1.04485,1.04435,1.0445,534,2800,0,0,-346,-346,94,-440,-346,582455
1737652140,1.04445,1.04475,1.04435,1.0446,419,2541.5,0,0,-185,-111,154,-265,-111,582455
1737652320,1.04455,1.0447,1.04435,1.0446,329,2051.75,0,39,-145,39,184,-145,39,582455
1737652500,1.0445,1.04455,1.0441,1.04455,676,1921.25,0,46,-315,46,361,-315,46,582455
1737652680,1.0445,1.04455,1.04415,1.0443,520,1850.6,0,0,-474,-428,46,-474,-428,582455
1737652860,1.04435,1.04445,1.0442,1.0443,266,1597.55,0,0,-266,-266,0,-266,-266,582455
1737653040,1.0443,1.0444,1.044,1.0441,408,1141.85,0,0,-270,-270,69,-339,-270,582455
1737653220,1.04415,1.0442,1.04395,1.04405,352,970.7,0,0,-226,-226,63,-289,-226,582455
1737653400,1.0441,1.0444,1.044,1.0444,316,905.75,0,190,0,190,253,-63,190,582455
1737653580,1.04445,1.0448,1.04425,1.04475,250,875.65,0,156,-47,156,203,-47,156,582455
1737653760,1.04475,1.0449,1.04475,1.0448,277,852.55,0,141,0,5,141,-136,5,582455
1737653940,1.04485,1.0454,1.04485,1.0453,521,855.7,0,521,0,521,521,0,521,582455
1737654120,1.0453,1.0455,1.0451,1.0454,585,756.15,0,201,-58,201,393,-192,201,582455
1737654300,1.04535,1.04585,1.04535,1.04565,1184,609.5,0,900,0,900,1042,-142,900,582455
1737654480,1.0456,1.04605,1.0456,1.04595,808,587,0,808,0,808,808,0,808,582455
1737654660,1.04595,1.0461,1.04575,1.04585,909,543,0,235,-439,-439,235,-674,-439,582455
1737654840,1.04585,1.0462,1.0458,1.04615,416,510.2,0,416,0,416,416,0,416,582455
1737655020,1.0462,1.0462,1.04585,1.04595,669,525,0,0,-292,-201,234,-435,-201,582455
1737655200,1.04595,1.046,1.0457,1.0458,386,515.15,0,0,-386,-386,0,-386,-386,582455
1737655380,1.04585,1.046,1.0457,1.04595,202,501.35,0,87,0,78,140,-62,78,582455
1737655560,1.0459,1.04595,1.04565,1.04565,287,489,0,0,-287,-287,0,-287,-287,582455
1737655740,1.0457,1.046,1.0456,1.046,265,481.3,0,265,0,265,265,0,265,582455
1737655920,1.046,1.0461,1.0459,1.04595,252,477.45,0,172,0,92,172,-80,92,582455
1737656100,1.04595,1.04615,1.04585,1.0459,254,456.35,0,82,-90,-90,82,-172,-90,582455
1737656280,1.0459,1.0459,1.0455,1.04555,242,442.45,0,0,-242,-242,0,-242,-242,582455
1737656460,1.04555,1.04565,1.0455,1.04565,212,439.75,0,168,-22,168,190,-22,168,582455
1737656640,1.04565,1.0457,1.0453,1.0453,234,431.05,0,0,-234,-234,0,-234,-234,582455
1737656820,1.0453,1.0454,1.04515,1.0452,670,446.95,0,0,-670,-670,0,-670,-670,582455
1737657000,1.0452,1.04525,1.04495,1.04495,254,443.85,0,0,-254,-254,0,-254,-254,582455
1737657180,1.04495,1.045,1.04485,1.0449,579,460.3,0,1,-277,-277,151,-428,-277,582455
1737657360,1.04495,1.04495,1.04465,1.04495,341,463.5,0,0,-238,-135,103,-238,-135,582455
1737657540,1.04495,1.0452,1.04485,1.0449,250,449.95,0,80,-90,-90,80,-170,-90,582455
1737657720,1.0449,1.04505,1.04475,1.045,264,433.9,0,80,-92,80,172,-92,80,582455
1737657900,1.04505,1.04515,1.045,1.04505,96,379.5,0,39,-7,4,50,-46,4,582455
1737658080,1.0451,1.04525,1.045,1.0451,125,345.35,0,32,-61,-61,32,-93,-61,582455
1737658260,1.04505,1.04505,1.0449,1.04495,279,313.85,0,0,-279,-279,0,-279,-279,582455
1737658440,1.045,1.04515,1.045,1.045,118,298.95,0,95,0,72,95,-23,72,582455
1737658620,1.045,1.0451,1.04475,1.04485,201,275.55,0,0,-116,-31,85,-116,-31,582455
1737658800,1.04485,1.045,1.0446,1.04465,592,285.85,0,122,-348,-348,122,-470,-348,582455
1737658980,1.04465,1.04485,1.04455,1.0448,369,294.2,0,99,-135,99,234,-135,99,582455
1737659160,1.04475,1.0449,1.04475,1.04475,211,290.4,0,163,0,115,163,-48,115,582455
1737659340,1.04475,1.04475,1.0446,1.0446,75,280.9,0,33,-14,19,47,-28,19,582455
1737659520,1.04465,1.04485,1.0445,1.04455,238,280.2,0,67,-104,-104,67,-171,-104,582455
1737659700,1.04455,1.04475,1.04445,1.04455,219,278.45,0,157,0,157,188,-31,157,582455
1737659880,1.0446,1.0447,1.04455,1.0446,60,269.35,0,29,-2,-2,29,-31,-2,582455
1737660060,1.0446,1.04475,1.0446,1.04475,72,262.35,0,42,0,42,57,-15,42,582455
1737660240,1.04475,1.04505,1.0447,1.0449,307,266,0,266,0,225,266,-41,225,582455
1737660420,1.04485,1.04485,1.04465,1.04475,150,240,0,0,-130,-110,20,-130,-110,582455
1737660600,1.04475,1.0451,1.0447,1.045,153,234.95,0,153,0,153,153,0,153,582455
1737660780,1.045,1.04515,1.0449,1.04495,131,212.55,0,107,0,83,107,-24,83,582455
1737660960,1.0449,1.0449,1.0448,1.0448,12,196.1,0,7,-2,6,9,-3,6,582455
1737661140,1.04485,1.04495,1.0447,1.04485,93,188.25,0,93,0,93,93,0,93,582455
1737661320,1.04485,1.04485,1.0445,1.0446,307,190.4,0,0,-290,-273,17,-290,-273,582455
1737661500,1.0446,1.04475,1.04455,1.0446,122,191.7,0,41,-40,-40,41,-81,-40,582455
1737661680,1.0446,1.04475,1.04455,1.0446,139,192.4,0,20,-33,-33,53,-86,-33,582455
1737661860,1.04465,1.045,1.04465,1.0449,175,187.2,0,135,0,95,135,-40,95,582455
1737662040,1.04485,1.045,1.04475,1.0449,276,195.1,0,62,-107,62,169,-107,62,582455
1737662220,1.04485,1.0449,1.04465,1.04475,708,220.45,0,138,-285,138,423,-285,138,582455
1737662400,1.04475,1.04475,1.04435,1.0446,757,228.7,0,0,-648,-539,109,-648,-539,582455
1737662580,1.0446,1.04465,1.0445,1.0446,123,216.4,0,123,0,123,123,0,123,582455
1737662760,1.0446,1.04475,1.04455,1.04475,166,214.15,0,26,-70,26,96,-70,26,582455
1737662940,1.04475,1.0452,1.04475,1.04515,300,225.4,0,300,0,300,300,0,300,582455
1737663120,1.0451,1.04525,1.04495,1.045,174,222.2,0,48,-78,-78,48,-126,-78,582455
1737663300,1.045,1.0453,1.045,1.0452,107,216.6,0,107,0,107,107,0,107,582455
1737663480,1.04515,1.04515,1.045,1.0451,56,216.4,0,0,-30,-4,26,-30,-4,582455
1737663660,1.0451,1.04535,1.045,1.0451,577,241.65,0,362,0,147,362,-215,147,582455
1737663840,1.0451,1.04515,1.04485,1.045,160,234.3,0,0,-131,-102,29,-131,-102,582455
1737664020,1.0449,1.04505,1.0449,1.04505,137,233.65,0,119,0,119,128,-9,119,582455
1737664200,1.04505,1.04505,1.0445,1.0448,2005,326.25,0,81,-962,81,1043,-962,81,582455
1737664380,1.04475,1.04485,1.04435,1.04435,224,330.9,0,0,-224,-224,0,-224,-224,582455
1737664560,1.0444,1.0446,1.0444,1.0444,117,336.15,0,94,0,71,94,-23,71,582455
1737664740,1.04445,1.04445,1.0442,1.04425,160,339.5,0,0,-160,-160,0,-160,-160,582455
1737664920,1.0442,1.0443,1.0441,1.0442,334,340.85,0,0,-202,-70,132,-202,-70,582455
1737665100,1.04425,1.04445,1.04425,1.04435,109,340.2,0,53,0,53,81,-28,53,582455
1737665280,1.04435,1.0444,1.04425,1.0443,203,343.4,0,73,-57,-57,73,-130,-57,582455
1737665460,1.04425,1.0443,1.044,1.04405,206,344.95,0,17,-172,-172,17,-189,-172,582455
1737665640,1.04405,1.04425,1.04405,1.04425,225,342.4,0,107,0,107,166,-59,107,582455
1737665820,1.0442,1.04425,1.0441,1.0442,250,319.5,0,204,-23,204,227,-23,204,582455
1737666000,1.04415,1.04435,1.04395,1.04435,751,319.2,0,67,-342,67,409,-342,67,582455
1737666180,1.0443,1.04435,1.04425,1.04435,49,315.5,0,1,-24,1,25,-24,1,582455
1737666360,1.0443,1.04435,1.0441,1.0441,168,315.6,0,0,-168,-168,0,-168,-168,582455
1737666540,1.04415,1.0442,1.04385,1.04395,385,319.85,0,0,-385,-385,0,-385,-385,582455
1737666720,1.04395,1.0441,1.04385,1.0439,335,327.9,0,164,-7,7,171,-164,7,582455
1737666900,1.04395,1.04395,1.04375,1.04375,62,325.65,0,0,-62,-62,0,-62,-62,582455
1737667080,1.0437,1.044,1.0437,1.044,145,330.1,0,145,0,145,145,0,145,582455
1737667260,1.04405,1.0442,1.04405,1.0442,243,313.4,0,243,0,243,243,0,243,582455
1737667440,1.0441,1.0441,1.04385,1.04385,224,316.6,0,0,-224,-224,0,-224,-224,582455
1737667620,1.0438,1.0439,1.04375,1.0439,136,316.55,0,0,-97,-58,39,-97,-58,582455
1737667800,1.0439,1.04405,1.0439,1.044,41,218.35,0,41,0,41,41,0,41,582455
1737667980,1.04405,1.04425,1.04405,1.04425,117,213,0,117,0,117,117,0,117,582455
1737668160,1.0442,1.04425,1.04415,1.04415,45,209.4,0,0,-45,-45,0,-45,-45,582455
1737668340,1.04415,1.04415,1.04405,1.0441,90,205.9,0,0,-90,-90,0,-90,-90,582455
1737668520,1.0441,1.0441,1.044,1.044,33,190.85,0,0,-33,-33,0,-33,-33,582455
1737668700,1.044,1.0441,1.044,1.044,32,187,0,12,-8,-8,12,-20,-8,582455
1737668880,1.044,1.044,1.0439,1.044,67,180.2,0,0,-44,-21,23,-44,-21,582455
1737669060,1.044,1.044,1.04395,1.04395,190,179.4,0,101,0,12,101,-89,12,582455
1737669240,1.044,1.044,1.04395,1.044,48,170.55,0,2,-39,-34,7,-41,-34,582455
1737669420,1.044,1.04405,1.04395,1.04405,121,164.1,0,37,-42,37,79,-42,37,588706
1737673200,1.0441,1.0442,1.044,1.04415,158,134.45,0,158,0,158,158,0,158,588706
1737673380,1.04415,1.04425,1.044,1.04405,65,135.25,0,26,-13,-13,26,-39,-13,588706
1737673560,1.044,1.0441,1.0439,1.0439,87,131.2,0,16,-55,-55,16,-71,-55,588706
1737673740,1.04385,1.044,1.04385,1.04395,33,113.6,0,31,-1,31,32,-1,31,588706
1737673920,1.04395,1.04405,1.04385,1.04385,59,99.8,0,46,0,33,46,-13,33,588706
1737674100,1.04395,1.044,1.0439,1.04395,28,98.1,0,2,-24,-24,2,-26,-24,588706
1737674280,1.04395,1.044,1.04395,1.044,20,91.85,0,12,0,12,16,-4,12,588706
1737674460,1.04395,1.0441,1.04395,1.04405,22,80.8,0,19,0,16,19,-3,16,588706
1737674640,1.0441,1.0441,1.044,1.04405,25,70.85,0,2,-21,-21,2,-23,-21,588706
1737674820,1.04405,1.04415,1.044,1.044,39,66,0,22,-2,9,24,-15,9,588706
1737675000,1.044,1.0441,1.044,1.0441,14,64.65,0,14,0,14,14,0,14,588706
1737675180,1.0441,1.0441,1.04405,1.04405,32,60.4,0,16,0,0,16,-16,0,588706
1737675360,1.044,1.04405,1.044,1.044,26,59.45,0,11,-4,-4,11,-15,-4,588706
1737675540,1.04395,1.044,1.0439,1.04395,25,56.2,0,0,-25,-25,0,-25,-25,588706
1737675720,1.0439,1.04395,1.0439,1.04395,36,56.35,0,36,0,36,36,0,36,588706
1737675900,1.044,1.044,1.04385,1.0439,36,56.55,0,0,-36,-36,0,-36,-36,588706
1737676080,1.0439,1.04395,1.0439,1.04395,57,56.05,0,0,-45,-33,12,-45,-33,588706
1737676260,1.04395,1.044,1.04395,1.044,26,47.85,0,26,0,26,26,0,26,588706
1737676440,1.04395,1.04395,1.0439,1.0439,53,48.1,0,0,-43,-43,5,-48,-43,588706
1737676620,1.04395,1.04405,1.0439,1.044,86,46.35,0,74,0,62,74,-12,62,588706
1737676800,1.04395,1.04395,1.0437,1.0438,166,46.75,0,0,-166,-166,0,-166,-166,588706
1737676980,1.0438,1.0441,1.0438,1.0441,61,46.55,0,61,0,61,61,0,61,588706
1737677160,1.04415,1.04425,1.04415,1.0442,50,44.7,0,50,0,50,50,0,50,588706
1737677340,1.0442,1.0443,1.0442,1.0443,105,48.3,0,105,0,105,105,0,105,588706
1737677520,1.0443,1.04435,1.0443,1.04435,31,46.9,0,31,0,31,31,0,31,588706
1737677700,1.04435,1.04435,1.04415,1.04415,64,48.7,0,0,-64,-64,0,-64,-64,588706
1737677880,1.0442,1.0442,1.0441,1.0442,22,48.8,0,0,-12,-2,10,-12,-2,588706
1737678060,1.04415,1.04435,1.04415,1.04435,70,51.2,0,42,-14,42,56,-14,42,588706
1737678240,1.0444,1.04445,1.0443,1.0443,76,53.75,0,0,-76,-76,0,-76,-76,588706
1737678420,1.04425,1.0443,1.0442,1.0443,57,54.65,0,0,-41,-25,16,-41,-25,588706
1737678600,1.04425,1.0443,1.04425,1.04425,106,59.25,0,27,-52,-52,27,-79,-52,588706
1737678780,1.04425,1.04455,1.04425,1.04445,154,65.35,0,138,0,122,138,-16,122,588706
1737678960,1.04445,1.04445,1.04435,1.04435,49,66.5,0,0,-49,-49,0,-49,-49,588706
1737679140,1.0443,1.04435,1.04425,1.04435,31,66.8,0,0,-23,-15,8,-23,-15,588706
1737679320,1.04435,1.04455,1.04425,1.04455,299,79.95,0,299,0,299,299,0,299,588706
1737679500,1.0446,1.0447,1.0444,1.0444,155,85.9,0,79,0,3,79,-76,3,588706
1737679680,1.04445,1.04455,1.04425,1.04425,146,90.35,0,7,-132,-132,7,-139,-132,588706
1737679860,1.04435,1.04435,1.0442,1.0443,99,94,0,11,-44,11,55,-44,11,588706
1737680040,1.04425,1.0444,1.0441,1.04415,251,103.9,0,96,-59,-59,96,-155,-59,588706
1737680220,1.04415,1.04435,1.0441,1.0443,74,103.3,0,26,-24,26,50,-24,26,588706
1737680400,1.0443,1.04435,1.0442,1.04425,92,99.6,0,2,-45,2,47,-45,2,588706
1737680580,1.04425,1.0443,1.04415,1.0442,62,99.65,0,0,-46,-46,8,-54,-46,588706
1737680760,1.04415,1.04425,1.04415,1.0442,29,98.6,0,5,-12,5,17,-12,5,588706
1737680940,1.0442,1.04435,1.0441,1.04435,174,102.05,0,174,0,174,174,0,174,588706
1737681120,1.04435,1.0444,1.0443,1.04435,51,103.05,0,0,-43,-35,8,-43,-35,588706
1737681300,1.0443,1.04435,1.0443,1.0443,88,104.25,0,59,-14,58,73,-15,58,588706
1737681480,1.0443,1.0444,1.0443,1.04435,84,107.35,0,22,-16,-16,34,-50,-16,588706
1737681660,1.0443,1.04435,1.04415,1.0442,65,107.1,0,0,-46,-27,19,-46,-27,588706
1737681840,1.04425,1.04425,1.0441,1.0441,74,107,0,0,-74,-74,0,-74,-74,588706
1737682020,1.04415,1.04425,1.04405,1.04405,75,107.9,0,13,-21,-7,34,-41,-7,588706
1737682200,1.04405,1.0441,1.04395,1.04405,157,110.45,0,0,-157,-157,0,-157,-157,588706
1737682380,1.044,1.04405,1.04395,1.04395,23,103.9,0,0,-23,-23,0,-23,-23,588706
1737682560,1.0439,1.0439,1.0437,1.0437,65,104.7,0,0,-65,-65,0,-65,-65,588706
1737682740,1.04375,1.04385,1.0437,1.04385,65,106.4,0,65,0,65,65,0,65,588706
1737682920,1.0439,1.044,1.0439,1.044,61,94.5,0,29,0,13,37,-24,13,588706
1737683100,1.044,1.04405,1.0438,1.0438,57,89.6,0,16,-25,-25,16,-41,-25,588706
1737683280,1.04385,1.0439,1.04385,1.04385,24,83.5,0,12,0,0,12,-12,0,588706
1737683460,1.0439,1.0439,1.04375,1.0438,39,80.5,0,0,-22,-5,17,-22,-5,588706
1737683640,1.0437,1.04385,1.04355,1.0438,95,72.7,0,0,-51,-51,22,-73,-51,588706
1737683820,1.0438,1.044,1.0438,1.044,100,74,0,100,0,100,100,0,100,588706
1737684000,1.04405,1.04415,1.04395,1.04415,92,74,0,53,0,36,64,-28,36,588706
1737684180,1.04415,1.0443,1.0441,1.0441,238,82.8,0,138,0,38,138,-100,38,588706
1737684360,1.04415,1.04435,1.04415,1.0442,48,83.75,0,16,-16,-16,16,-32,-16,588706
1737684540,1.0442,1.04425,1.0441,1.04425,70,78.55,0,0,-48,-26,22,-48,-26,588706
1737684720,1.04425,1.0457,1.04425,1.0455,951,123.55,0,951,0,951,951,0,951,588706
1737684900,1.0455,1.0465,1.0455,1.04605,920,165.15,0,645,0,370,645,-275,370,588706
1737685080,1.04605,1.04665,1.0458,1.04645,716,196.75,0,214,-251,214,465,-251,214,588706
1737685260,1.04645,1.04655,1.0458,1.04585,524,219.7,0,0,-524,-524,0,-524,-524,588706
1737685440,1.0458,1.04595,1.0454,1.04565,711,251.55,0,425,0,425,568,-143,425,588706
1737685620,1.04565,1.04595,1.0456,1.04595,170,256.3,0,170,0,170,170,0,170,588706
1737685800,1.0459,1.0462,1.04585,1.04615,320,264.45,0,320,0,320,320,0,320,588706
1737685980,1.04625,1.0464,1.04615,1.0464,216,274.1,0,216,0,216,216,0,216,588706
1737686160,1.04645,1.04675,1.04635,1.04665,360,288.85,0,360,0,360,360,0,360,588706
1737686340,1.04665,1.0469,1.0464,1.04685,603,315.75,0,433,-85,433,518,-85,433,588706
1737686520,1.04685,1.04725,1.04685,1.0471,825,353.95,0,631,0,437,631,-194,437,588706
1737686700,1.04715,1.04725,1.047,1.0471,326,367.4,0,110,-39,28,177,-149,28,588706
1737686880,1.0471,1.0473,1.04705,1.04725,284,380.4,0,284,0,284,284,0,284,588706
1737687060,1.04725,1.04725,1.04695,1.04705,262,391.55,0,0,-226,-190,36,-226,-190,588706
1737687240,1.04705,1.04715,1.047,1.04705,184,396,0,113,0,42,113,-71,42,588706
1737687420,1.04705,1.0473,1.0469,1.04725,410,411.5,0,0,-221,-32,189,-221,-32,588706
1737687600,1.0473,1.0474,1.0472,1.04735,273,420.55,0,273,0,273,273,0,273,588706
1737687780,1.04735,1.0478,1.0473,1.04755,702,443.75,0,593,0,484,593,-109,484,588706
1737687960,1.04755,1.0477,1.04715,1.04715,538,468.25,0,0,-538,-538,0,-538,-538,588706
1737688140,1.0471,1.04725,1.0468,1.04685,345,482,0,0,-228,-111,117,-228,-111,588706
1737688320,1.04695,1.04715,1.0469,1.0469,211,445,0,144,0,77,144,-67,77,588706
1737688500,1.0469,1.0469,1.0465,1.04655,254,411.7,0,0,-254,-254,0,-254,-254,588706
1737688680,1.0466,1.0467,1.04645,1.0467,145,383.15,0,25,-60,25,85,-60,25,588706
1737688860,1.0467,1.0468,1.0464,1.04645,210,367.45,0,41,-128,-128,41,-169,-128,588706
1737689040,1.04645,1.0465,1.046,1.04645,990,381.4,0,0,-804,-618,186,-804,-618,588706
1737689220,1.04645,1.0466,1.04635,1.04645,142,380,0,97,0,52,97,-45,52,588706
1737689400,1.0465,1.0466,1.04625,1.0464,177,372.85,0,105,0,33,105,-72,33,588706
1737689580,1.0464,1.0466,1.0462,1.04655,214,372.75,0,68,-73,68,141,-73,68,588706
1737689760,1.04655,1.0468,1.04645,1.04665,413,375.4,0,317,0,317,365,-48,317,588706
1737689940,1.04665,1.04695,1.04665,1.04665,291,359.8,0,166,0,41,166,-125,41,588706
1737690120,1.0467,1.04675,1.04645,1.04675,193,328.2,0,77,-58,77,135,-58,77,588706
1737690300,1.04675,1.0469,1.0467,1.04685,99,316.85,0,99,0,99,99,0,99,588706
1737690480,1.04685,1.04715,1.04685,1.0471,145,309.9,0,145,0,145,145,0,145,588706
1737690660,1.04715,1.0474,1.04695,1.04735,364,315,0,234,-65,234,299,-65,234,588706
1737690840,1.0473,1.04735,1.04705,1.0471,153,313.45,0,0,-153,-153,0,-153,-153,588706
1737691020,1.0471,1.04715,1.04695,1.04705,152,300.55,0,1,-58,-58,47,-105,-58,588706
1737691200,1.04695,1.04705,1.0468,1.0468,116,292.7,0,0,-50,-16,50,-66,-16,588706
1737691380,1.0468,1.04695,1.0468,1.0469,125,263.85,0,125,0,125,125,0,125,588706
1737691560,1.04695,1.04715,1.04685,1.0471,112,242.55,0,46,-33,46,79,-33,46,588706
1737691740,1.04715,1.04735,1.04715,1.04725,187,234.65,0,176,0,165,176,-11,165,588706
1737691920,1.0473,1.0474,1.0472,1.0474,142,231.2,0,20,-61,20,81,-61,20,588706
1737692100,1.0474,1.0474,1.04705,1.04725,304,233.7,0,34,-135,34,169,-135,34,588706
1737692280,1.04725,1.0473,1.0469,1.04705,297,241.3,0,0,-168,-39,129,-168,-39,588706
1737692460,1.04705,1.0473,1.04695,1.04695,173,239.45,0,85,-3,-3,85,-88,-3,588706
1737692640,1.047,1.0471,1.04685,1.0471,190,199.45,0,108,0,108,149,-41,108,588706
1737692820,1.0471,1.0473,1.0471,1.0473,191,201.9,0,50,-44,3,97,-94,3,588706
1737693000,1.04725,1.04735,1.04715,1.04715,89,197.5,0,0,-39,-39,25,-64,-39,588706
1737693180,1.0472,1.04735,1.0471,1.04735,124,193,0,124,0,124,124,0,124,588706
1737693360,1.04735,1.04755,1.04735,1.04755,133,179,0,133,0,133,133,0,133,588706
1737693540,1.04755,1.04755,1.04715,1.04715,341,181.5,0,0,-341,-341,0,-341,-341,588706
1737693720,1.0471,1.0471,1.0468,1.0469,97,176.7,0,0,-66,-35,31,-66,-35,588706
1737693900,1.04685,1.04695,1.04665,1.0468,207,182.1,0,155,0,103,155,-52,103,588706
1737694080,1.04685,1.047,1.04685,1.047,42,176.95,0,42,0,42,42,0,42,588706
1737694260,1.04705,1.0472,1.04695,1.04715,38,160.65,0,8,-13,8,23,-15,8,588706
1737694440,1.04715,1.04715,1.0471,1.0471,45,155.25,0,0,-26,-15,15,-30,-15,588706
1737694620,1.0471,1.04715,1.0471,1.04715,22,148.75,0,6,-8,6,14,-8,6,588706
1737694800,1.04715,1.04745,1.04715,1.0474,270,156.45,0,270,0,270,270,0,270,588706
1737694980,1.0474,1.04755,1.0474,1.0475,206,160.5,0,123,0,40,123,-83,40,588706
1737695160,1.04755,1.04765,1.04745,1.0476,171,163.45,0,89,0,45,108,-63,45,588706
1737695340,1.0476,1.04775,1.0476,1.04775,118,160,0,118,0,118,118,0,118,588706
1737695520,1.0477,1.0477,1.0475,1.04755,81,156.95,0,0,-81,-81,0,-81,-81,588706
1737695700,1.0475,1.0475,1.0472,1.04725,81,145.8,0,0,-81,-81,0,-81,-81,588706
1737695880,1.0472,1.0473,1.04715,1.0473,65,134.2,0,5,-30,5,35,-30,5,588706
1737696060,1.0473,1.04745,1.0472,1.0472,56,128.35,0,13,-30,-30,13,-43,-30,588706
1737696240,1.04725,1.04725,1.04715,1.0472,28,120.25,0,6,-11,6,17,-11,6,588706
1737696420,1.0472,1.04725,1.047,1.047,109,116.15,0,16,-77,-77,16,-93,-77,588706
1737696600,1.04695,1.04705,1.0468,1.047,211,122.25,0,53,-79,53,132,-79,53,588706
1737696780,1.0469,1.047,1.04685,1.0469,27,117.4,0,3,-11,-11,8,-19,-11,588706
1737696960,1.0469,1.047,1.04685,1.04695,49,113.2,0,27,0,19,34,-15,19,588706
1737697140,1.04695,1.047,1.04695,1.047,45,98.4,0,45,0,45,45,0,45,588706
1737697320,1.04695,1.0472,1.04695,1.04715,168,101.95,0,168,0,168,168,0,168,588706
1737697500,1.0471,1.0472,1.0471,1.04715,36,93.4,0,1,-12,-12,12,-24,-12,588706
1737697680,1.0472,1.0472,1.04705,1.04705,89,95.75,0,20,-49,-49,20,-69,-49,588706
1737697860,1.04705,1.04745,1.04705,1.04735,91,98.4,0,63,0,35,63,-28,35,588706
1737698040,1.0473,1.0473,1.0471,1.04715,73,99.8,0,0,-41,-21,26,-47,-21,588706
1737698220,1.0471,1.04755,1.0471,1.0475,175,107.45,0,175,0,175,175,0,175,588706
1737698400,1.04755,1.04765,1.04735,1.0475,268,107.35,0,70,-85,42,155,-113,42,588706
1737698580,1.0475,1.0476,1.04745,1.0476,156,104.85,0,58,0,50,103,-53,50,588706
1737698760,1.0476,1.04775,1.04755,1.04765,267,109.65,0,218,0,169,218,-49,169,588706
1737698940,1.0477,1.04775,1.0476,1.04765,171,112.3,0,66,-39,-39,66,-105,-39,588706
1737699120,1.0477,1.0479,1.04765,1.0477,266,121.55,0,97,-8,56,161,-105,56,588706
1737699300,1.04765,1.04785,1.04755,1.0478,143,124.65,0,143,0,143,143,0,143,588706
1737699480,1.04775,1.04805,1.04775,1.048,207,131.75,0,207,0,207,207,0,207,588706
1737699660,1.048,1.04825,1.0478,1.04795,463,152.1,0,279,0,279,371,-92,279,588706
1737699840,1.04795,1.04815,1.0478,1.04805,273,164.35,0,0,-193,-193,40,-233,-193,588706
1737700020,1.04805,1.04805,1.04785,1.0479,160,166.9,0,0,-62,-62,49,-111,-62,588706
1737700200,1.0479,1.048,1.0476,1.04775,232,167.95,0,78,-76,-76,78,-154,-76,588706
1737700380,1.04775,1.04825,1.04765,1.04815,401,186.65,0,300,0,199,300,-101,199,588706
1737700560,1.04815,1.04955,1.048,1.04905,3424,355.4,0,3424,0,3424,3424,0,3424,588706
1737700740,1.04905,1.04935,1.04885,1.0492,1213,413.8,0,349,-289,-63,575,-638,-63,588706
1737700920,1.0492,1.04935,1.0488,1.04895,826,446.7,0,175,-476,-476,175,-651,-476,588706
1737701100,1.04895,1.04915,1.04865,1.0487,518,470.8,0,118,-282,-282,118,-400,-282,588706
1737701280,1.0487,1.04905,1.04855,1.04885,1046,518.65,0,404,-321,404,725,-321,404,588706
1737701460,1.04885,1.0489,1.04845,1.04855,437,535.95,0,0,-437,-437,0,-437,-437,588706
1737701640,1.04855,1.04855,1.0479,1.048,517,558.15,0,0,-517,-517,0,-517,-517,588706
1737701820,1.04805,1.0483,1.048,1.04815,412,570,0,271,0,130,271,-141,130,588706
1737702000,1.0481,1.04825,1.04785,1.0481,1045,608.85,0,0,-708,-371,337,-708,-371,588706
1737702180,1.0481,1.04815,1.04765,1.0478,458,623.95,0,0,-350,-242,108,-350,-242,588706
1737702360,1.04775,1.0478,1.04755,1.0476,315,626.35,0,0,-315,-315,0,-315,-315,588706
1737702540,1.0476,1.04775,1.04735,1.0477,555,645.55,0,233,-161,233,394,-161,233,588706
1737702720,1.0477,1.04775,1.0472,1.0472,400,652.25,0,0,-206,-206,97,-303,-206,588706
1737702900,1.04715,1.0477,1.04715,1.04745,431,666.65,0,324,0,217,324,-107,217,588706
1737703080,1.04745,1.0478,1.0474,1.0477,584,685.5,0,430,-77,430,507,-77,430,588706
1737703260,1.0477,1.04795,1.04755,1.04795,648,694.75,0,648,0,648,648,0,648,588706
1737703440,1.04795,1.04815,1.0478,1.04785,315,696.85,0,45,-77,-71,122,-193,-71,588706
1737703620,1.04785,1.04785,1.04765,1.0477,194,698.55,0,51,-50,8,101,-93,8,588706
1737703800,1.0477,1.04785,1.0475,1.0476,396,706.75,0,45,-154,2,199,-197,2,588706
1737703980,1.04765,1.04785,1.04735,1.04745,329,703.15,0,136,-57,-57,136,-193,-57,588706
1737704160,1.0474,1.04745,1.04715,1.0473,672,565.55,0,260,-152,-152,260,-412,-152,588706
1737704340,1.04735,1.04765,1.0473,1.0475,340,521.9,0,202,0,64,202,-138,64,588706
1737704520,1.04755,1.0479,1.04755,1.0477,420,501.6,0,148,-124,-124,148,-272,-124,588706
1737704700,1.04765,1.04825,1.04765,1.048,569,504.15,0,415,0,261,415,-154,261,588706
1737704880,1.048,1.0484,1.048,1.0484,360,469.85,0,360,0,360,360,0,360,588706
1737705060,1.04835,1.0484,1.04815,1.04825,366,466.3,0,150,0,126,246,-120,126,588706
1737705240,1.04825,1.0489,1.04825,1.04865,809,480.9,0,809,0,809,809,0,809,588706
1737705420,1.04865,1.0487,1.04835,1.0485,525,486.55,0,0,-283,-41,242,-283,-41,588706
1737705600,1.0485,1.04855,1.0482,1.04855,901,479.35,0,0,-646,-391,255,-646,-391,588706
1737705780,1.04855,1.0489,1.0485,1.0489,479,480.4,0,479,0,479,479,0,479,588706
1737705960,1.04895,1.04945,1.04895,1.04935,740,501.65,0,740,0,740,740,0,740,588706
1737706140,1.04935,1.04975,1.0493,1.04975,946,521.2,0,946,0,946,946,0,946,588706
1737706320,1.04975,1.0509,1.04975,1.05015,2418,622.1,0,1997,0,1576,1997,-421,1576,588706
1737706500,1.0502,1.0515,1.05015,1.0503,3240,762.55,0,2157,0,1074,2157,-1083,1074,588706
1737706680,1.0503,1.05035,1.05,1.05005,749,770.8,0,0,-749,-749,0,-749,-749,588706
1737706860,1.05005,1.0501,1.04965,1.04965,878,782.3,0,0,-878,-878,0,-878,-878,588706
1737707040,1.04965,1.05,1.0496,1.0499,798,806.45,0,798,0,798,798,0,798,588706
1737707220,1.0499,1.0506,1.0499,1.0504,1347,864.1,0,1347,0,1347,1347,0,1347,588706
1737707400,1.05045,1.0517,1.05045,1.0517,7807,1234.65,0,7807,0,7807,7807,0,7807,588706
1737707580,1.05165,1.0518,1.05125,1.05175,2141,1325.25,0,868,0,571,1356,-785,571,588706
1737707760,1.05175,1.05175,1.051,1.05135,1449,1364.1,0,383,-533,383,916,-533,383,588706
1737707940,1.05135,1.0515,1.051,1.0511,1619,1428.05,0,0,-1177,-1177,221,-1398,-1177,588706
1737708120,1.0511,1.0514,1.05085,1.0514,1195,1466.8,0,297,-449,297,746,-449,297,588706
1737708300,1.0514,1.0515,1.0509,1.0515,854,1481.05,0,388,-233,388,621,-233,388,588706
1737708480,1.05145,1.0519,1.05145,1.05185,861,1506.1,0,861,0,861,861,0,861,588706
1737708660,1.0518,1.052,1.05135,1.05135,1356,1555.6,0,278,-800,-800,278,-1078,-800,588706
1737708840,1.0513,1.0517,1.05125,1.05125,922,1561.25,0,362,-198,-198,362,-560,-198,588706
1737709020,1.0513,1.0519,1.0512,1.05175,579,1563.95,0,201,-189,201,390,-189,201,588706
1737709200,1.05175,1.05265,1.0516,1.0522,3898,1713.8,0,1614,-1142,1614,2756,-1142,1614,588706
1737709380,1.05215,1.0522,1.05165,1.0519,986,1739.15,0,0,-693,-400,293,-693,-400,588706
1737709560,1.05195,1.0521,1.0517,1.05195,962,1750.25,0,0,-630,-298,332,-630,-298,588706
1737709740,1.052,1.05235,1.05175,1.05195,696,1737.75,0,266,0,266,481,-215,266,588706
1737709920,1.052,1.05205,1.05155,1.05205,643,1649,0,99,-272,99,371,-272,99,588706
1737710100,1.052,1.05265,1.0518,1.0525,794,1526.7,0,794,0,794,794,0,794,588706
1737710280,1.05255,1.05325,1.05255,1.05325,1188,1548.65,0,826,0,826,1007,-181,826,588706
1737710460,1.05325,1.05385,1.05325,1.0537,1957,1602.6,0,1156,0,925,1441,-516,925,588706
1737710640,1.0537,1.0539,1.05325,1.0533,1330,1629.2,0,364,-602,-602,364,-966,-602,588706
1737710820,1.05335,1.0534,1.05285,1.0531,1014,1612.55,0,0,-683,-352,331,-683,-352,588706
1737711000,1.0531,1.0533,1.05285,1.05295,1172,1280.8,0,702,0,232,702,-470,232,588706
1737711180,1.05295,1.053,1.05265,1.05265,879,1217.7,0,0,-879,-879,0,-879,-879,588706
1737711360,1.0527,1.0527,1.0521,1.05225,1626,1226.55,0,0,-1626,-1626,0,-1626,-1626,588706
1737711540,1.05225,1.05255,1.0521,1.0521,881,1189.65,0,630,0,379,630,-251,379,588706
1737711720,1.0521,1.05225,1.052,1.052,511,1155.45,0,221,-69,-69,221,-290,-69,588706
1737711900,1.052,1.0521,1.0515,1.05155,778,1151.65,0,0,-778,-778,0,-778,-778,588706
1737712080,1.05155,1.052,1.0515,1.0519,705,1143.85,0,285,0,285,495,-210,285,588706
1737712260,1.0519,1.0519,1.0516,1.0516,464,1099.25,0,0,-464,-464,0,-464,-464,588706
1737712440,1.0516,1.0519,1.0515,1.05185,573,1081.8,0,404,0,235,404,-169,235,588706
1737712620,1.05185,1.0521,1.05175,1.0518,593,1082.5,0,206,-181,-181,206,-387,-181,588706
1737712800,1.05185,1.05195,1.0515,1.0518,319,903.55,0,0,-249,-179,70,-249,-179,588706
1737712980,1.05175,1.0519,1.05155,1.05155,215,865,0,149,0,83,149,-66,83,588706
1737713160,1.05155,1.0517,1.0515,1.05165,321,832.95,0,321,0,321,321,0,321,588706
1737713340,1.0517,1.052,1.0517,1.05175,360,816.15,0,235,0,110,235,-125,110,588706
1737713520,1.05175,1.0522,1.0517,1.0519,340,801,0,244,0,148,244,-96,148,588706
1737713700,1.0519,1.0521,1.0519,1.0519,327,777.65,0,221,0,115,221,-106,115,588706
1737713880,1.05185,1.052,1.0513,1.05155,480,742.25,0,0,-374,-268,106,-374,-268,588706
1737714060,1.0515,1.05165,1.05105,1.0511,704,679.6,0,159,-386,-386,159,-545,-386,588706
1737714240,1.0511,1.0519,1.0511,1.0518,1043,665.25,0,1043,0,1043,1043,0,1043,588706
1737714420,1.0518,1.0519,1.0515,1.05165,451,637.1,0,0,-332,-213,119,-332,-213,588706
1737714600,1.05165,1.0519,1.05155,1.0519,566,606.8,0,138,-85,138,352,-214,138,588706
1737714780,1.0518,1.0518,1.05145,1.05155,427,584.2,0,0,-328,-229,99,-328,-229,588706
1737714960,1.05155,1.05185,1.05125,1.05125,384,522.1,0,99,-186,-186,99,-285,-186,588706
1737715140,1.0512,1.05125,1.05105,1.05105,492,502.65,0,0,-492,-492,0,-492,-492,588706
1737715320,1.0511,1.0514,1.0511,1.05135,221,488.15,0,221,0,221,221,0,221,588706
1737715500,1.05135,1.0514,1.051,1.0512,651,481.8,0,90,-217,-37,307,-344,-37,588706
1737715680,1.05125,1.0514,1.0512,1.0512,223,457.7,0,92,-39,-39,92,-131,-39,588706
1737715860,1.0512,1.0515,1.05115,1.05125,941,481.55,0,70,-506,-211,365,-576,-211,588706
1737716040,1.05125,1.05145,1.05125,1.05135,261,465.95,0,261,0,261,261,0,261,588706
1737716220,1.0514,1.0514,1.05105,1.0513,350,453.8,0,0,-156,-156,97,-253,-156,588706
1737716400,1.0513,1.0514,1.0512,1.0514,222,448.95,0,0,-135,-48,87,-135,-48,588706
1737716580,1.05135,1.0514,1.05125,1.0514,336,455,0,0,-179,-22,157,-179,-22,588706
1737716760,1.05145,1.05175,1.0513,1.05135,454,461.65,0,174,-106,-106,174,-280,-106,588706
1737716940,1.0514,1.05145,1.05105,1.0514,426,464.95,0,258,-84,258,342,-84,258,588706
1737717120,1.0514,1.05165,1.0513,1.05145,381,467,0,150,-81,-81,150,-231,-81,588706
1737717300,1.0515,1.0515,1.0512,1.05145,277,464.5,0,0,-164,-51,113,-164,-51,588706
1737717480,1.05145,1.0515,1.05125,1.05145,333,457.15,0,181,0,165,249,-84,165,588706
1737717660,1.05145,1.05145,1.0513,1.05135,148,429.35,0,0,-93,-38,55,-93,-38,588706
1737717840,1.0513,1.05135,1.0511,1.0513,267,390.55,0,0,-181,-95,86,-181,-95,588706
1737718020,1.05135,1.05155,1.05125,1.05125,366,386.3,0,239,0,112,239,-127,112,588706
1737718200,1.05125,1.05125,1.05075,1.05075,554,385.7,0,0,-554,-554,0,-554,-554,588706
1737718380,1.0508,1.0508,1.0505,1.0506,449,386.8,0,0,-283,-117,166,-283,-117,588706
1737718560,1.0506,1.051,1.0506,1.0509,635,399.35,0,534,0,433,534,-101,433,588706
1737718740,1.0509,1.05095,1.0507,1.0507,439,396.7,0,97,-205,-205,117,-322,-205,588706
1737718920,1.0507,1.05095,1.0507,1.05075,253,398.3,0,158,0,63,158,-95,63,588706
1737719100,1.0507,1.0512,1.0507,1.05105,697,400.6,0,697,0,697,697,0,697,588706
1737719280,1.05105,1.0514,1.05105,1.05135,387,408.8,0,387,0,387,387,0,387,588706
1737719460,1.05135,1.05135,1.0511,1.0513,247,374.1,0,0,-132,-17,115,-132,-17,588706
1737719640,1.05125,1.0513,1.05095,1.05095,193,370.7,0,0,-193,-193,0,-193,-193,588706
1737719820,1.05095,1.05105,1.0507,1.051,428,374.6,0,204,-112,204,316,-112,204,588706
1737720000,1.05095,1.051,1.05075,1.05075,335,380.25,0,0,-150,-93,121,-214,-93,588706
1737720180,1.05075,1.05085,1.0506,1.0507,289,377.9,0,17,-162,-69,110,-179,-69,588706
1737720360,1.0507,1.05075,1.05045,1.0505,488,379.6,0,184,-120,-120,184,-304,-120,588706
1737720540,1.0505,1.0506,1.0503,1.05045,810,398.8,0,372,-219,372,591,-219,372,588706
1737720720,1.0504,1.0504,1.0502,1.0504,527,406.1,0,41,-243,41,284,-243,41,588706
1737720900,1.0504,1.0508,1.05035,1.0507,368,410.65,0,175,0,112,240,-128,112,588706
1737721080,1.0507,1.0508,1.05065,1.05075,177,402.85,0,91,0,5,91,-86,5,588706
1737721260,1.0507,1.05085,1.0506,1.0506,255,408.2,0,146,0,37,146,-109,37,588706
1737721440,1.0506,1.0508,1.05055,1.0508,215,405.6,0,215,0,215,215,0,215,588706
1737721620,1.05085,1.05115,1.0508,1.0511,310,402.8,0,310,0,310,310,0,310,588706
1737721800,1.05105,1.0512,1.05095,1.05095,199,385.05,0,133,0,67,133,-66,67,588706
1737721980,1.0509,1.0511,1.05085,1.05105,171,371.15,0,171,0,171,171,0,171,588706
1737722160,1.0511,1.0511,1.0507,1.0507,252,352,0,0,-252,-252,0,-252,-252,588706
1737722340,1.05075,1.05075,1.0506,1.05065,213,340.7,0,0,-154,-95,59,-154,-95,588706
1737722520,1.0507,1.05085,1.05065,1.05065,286,342.35,0,41,-204,-204,41,-245,-204,588706
1737722700,1.05065,1.05065,1.05005,1.0501,553,335.15,0,0,-553,-553,0,-553,-553,588706
1737722880,1.0501,1.0502,1.05005,1.05005,359,333.75,0,0,-359,-359,0,-359,-359,588706
1737723060,1.05005,1.0502,1.0499,1.04995,363,339.55,0,12,-149,-149,107,-256,-149,588706
1737723240,1.0499,1.05015,1.0497,1.05005,881,373.95,0,525,-178,525,703,-178,525,588706
1737723420,1.0501,1.05015,1.04975,1.0498,1147,409.9,0,0,-1147,-1147,0,-1147,-1147,588706
1737723600,1.0498,1.05015,1.04965,1.0501,827,434.5,0,827,0,827,827,0,827,588706
1737723780,1.05005,1.0504,1.05005,1.0503,406,440.35,0,406,0,406,406,0,406,588706
1737723960,1.0503,1.05035,1.0501,1.05015,222,427.05,0,0,-222,-222,0,-222,-222,588706
1737724140,1.05015,1.05015,1.0493,1.04965,1163,444.7,0,0,-1047,-931,116,-1047,-931,588706
1737724320,1.0496,1.04995,1.04955,1.0497,505,443.6,0,318,0,131,318,-187,131,588706
1737724500,1.0497,1.05005,1.0495,1.0495,447,447.55,0,310,0,173,310,-137,173,588706
1737724680,1.0495,1.0495,1.0491,1.0492,1182,497.8,0,246,-468,246,714,-468,246,588706
1737724860,1.04915,1.04935,1.04905,1.0491,996,534.85,0,285,-426,-426,285,-711,-426,588706
1737725040,1.0491,1.0495,1.0491,1.0493,618,555,0,293,0,274,446,-172,274,588706
1737725220,1.0493,1.0494,1.04905,1.0491,580,568.5,0,64,-258,64,322,-258,64,588706
1737725400,1.0491,1.04935,1.049,1.04935,646,590.85,0,646,0,646,646,0,646,588706
1737725580,1.04935,1.04935,1.04905,1.04915,413,602.95,0,0,-258,-103,155,-258,-103,588706
1737725760,1.0491,1.04915,1.04875,1.04905,1159,648.3,0,0,-730,-301,429,-730,-301,588706
1737725940,1.04905,1.0491,1.04885,1.04905,779,676.6,0,0,-697,-615,82,-697,-615,588706
1737726120,1.04905,1.0495,1.049,1.04945,594,692,0,356,-119,356,475,-119,356,588706
1737726300,1.0494,1.04965,1.0493,1.0496,680,698.35,0,200,-81,118,399,-281,118,588706
1737726480,1.0496,1.0497,1.04945,1.04955,318,696.3,0,188,0,58,188,-130,58,588706
1737726660,1.04955,1.04965,1.0494,1.0494,1121,734.2,0,707,0,293,707,-414,293,588706
1737726840,1.0494,1.04945,1.04915,1.04935,586,719.45,0,0,-392,-198,194,-392,-198,588706
1737727020,1.04935,1.04935,1.04915,1.0493,722,698.2,0,0,-584,-446,138,-584,-446,588706
1737727200,1.04925,1.04945,1.04915,1.04915,1519,732.8,0,353,-813,-813,353,-1166,-813,588706
1737727380,1.0492,1.04935,1.04915,1.0493,1677,796.35,0,1677,0,1677,1677,0,1677,588706
1737727560,1.0493,1.04965,1.04925,1.0496,495,810,0,495,0,495,495,0,495,588706
1737727740,1.0496,1.04985,1.0496,1.0496,374,770.55,0,312,0,250,312,-62,250,588706
1737727920,1.04965,1.04995,1.04955,1.04975,732,781.9,0,500,0,268,500,-232,268,588706
1737728100,1.0498,1.04995,1.04965,1.0499,555,787.3,0,207,-174,207,381,-174,207,588706
1737728280,1.04995,1.05005,1.0497,1.0498,428,749.6,0,0,-428,-428,0,-428,-428,588706
1737728460,1.04975,1.04995,1.0496,1.0497,592,729.4,0,276,-95,150,371,-221,150,588706
1737728640,1.0497,1.05,1.0497,1.04995,520,724.5,0,288,0,288,404,-116,288,588706
1737728820,1.04995,1.05015,1.0499,1.0499,621,726.55,0,103,-415,-415,103,-518,-415,588706
1737729000,1.04995,1.0505,1.04995,1.05045,1274,757.95,0,1274,0,1274,1274,0,1274,588706
1737729180,1.05045,1.05075,1.0502,1.05025,942,784.4,0,363,-216,-216,363,-579,-216,588706
1737729360,1.05025,1.0503,1.04965,1.05,889,770.9,0,0,-623,-357,266,-623,-357,588706
1737729540,1.0499,1.05005,1.04965,1.04995,767,770.3,0,176,-129,157,462,-305,157,588706
1737729720,1.04995,1.05025,1.0499,1.05015,776,779.4,0,364,0,364,570,-206,364,588706
1737729900,1.0502,1.052,1.0502,1.0513,5775,1034.15,0,2813,0,2221,3998,-1777,2221,588706
1737730080,1.05135,1.05145,1.05055,1.05085,2058,1121.15,0,0,-2058,-2058,0,-2058,-2058,588706
1737730260,1.05085,1.05135,1.05065,1.05125,1930,1161.6,0,770,-580,770,1350,-580,770,588706
1737730440,1.0513,1.0518,1.05115,1.0516,1996,1232.1,0,362,-817,362,1179,-817,362,588706
1737730620,1.05155,1.0518,1.05125,1.05155,1525,1272.25,0,323,-601,323,924,-601,323,588706
1737730800,1.05155,1.0519,1.0514,1.05185,1337,1263.15,0,695,0,695,1016,-321,695,588706
1737730980,1.0518,1.05235,1.0518,1.0523,2004,1279.5,0,658,-151,386,1195,-809,386,588706
1737731160,1.0523,1.05315,1.0522,1.0531,1771,1343.3,0,849,0,849,1310,-461,849,588706
1737731340,1.05315,1.05355,1.05275,1.0529,2030,1426.1,0,1309,0,588,1309,-721,588,588706
1737731520,1.0529,1.05305,1.05255,1.0526,1235,1451.25,0,0,-1235,-1235,0,-1235,-1235,588706
1737731700,1.0526,1.0526,1.0522,1.0524,1825,1514.75,0,0,-947,-69,878,-947,-69,588706
1737731880,1.0524,1.0528,1.05225,1.0526,811,1533.9,0,185,-313,185,498,-313,185,588706
1737732060,1.05265,1.053,1.05255,1.0529,652,1536.9,0,298,-177,298,475,-177,298,588706
1737732240,1.05295,1.0533,1.05255,1.0526,450,1533.4,0,217,-16,-16,217,-233,-16,588706
1737732420,1.0526,1.0527,1.0524,1.0526,472,1525.95,0,0,-256,-40,216,-256,-40,588706
1737732600,1.05265,1.053,1.05255,1.05275,573,1490.9,0,573,0,573,573,0,573,588706
1737732780,1.0527,1.053,1.05265,1.05275,507,1469.15,0,344,0,181,344,-163,181,588706
1737732960,1.0528,1.0533,1.0528,1.05305,757,1462.55,0,549,0,549,653,-104,549,588706
1737733140,1.05305,1.0536,1.05295,1.0534,1157,1482.05,0,1157,0,1157,1157,0,1157,588706
1737733320,1.05345,1.0535,1.05335,1.0534,1004,1493.45,0,677,0,350,677,-327,350,588706
1737733500,1.05345,1.0535,1.05285,1.0534,2690,1339.2,0,0,-1307,-444,1123,-1567,-444,588706
1737733680,1.0534,1.05375,1.0534,1.0536,996,1286.1,0,996,0,996,996,0,996,588706
1737733860,1.05365,1.05455,1.05365,1.054,3099,1344.55,0,1145,-809,-809,1145,-1954,-809,588706
1737734040,1.054,1.05435,1.0539,1.05425,1794,1334.45,0,1794,0,1794,1794,0,1794,588706
1737734220,1.0542,1.0544,1.05405,1.05405,2930,1404.7,0,1778,0,626,1778,-1152,626,588706
1737734400,1.0541,1.0545,1.0539,1.0542,2393,1457.5,0,2393,0,2393,2393,0,2393,588706
1737734580,1.0542,1.0543,1.0539,1.05395,1216,1418.1,0,0,-1216,-1216,0,-1216,-1216,588706
1737734760,1.05395,1.05395,1.05365,1.05385,906,1374.85,0,0,-699,-492,207,-699,-492,588706
1737734940,1.0538,1.0541,1.05355,1.0538,961,1321.4,0,717,0,473,717,-244,473,588706
1737735120,1.0538,1.05405,1.0536,1.05385,660,1292.65,0,0,-488,-316,172,-488,-316,588706
1737735300,1.05385,1.0539,1.0533,1.05335,694,1236.1,0,0,-694,-694,0,-694,-694,588706
1737735480,1.05335,1.0537,1.05335,1.0537,385,1214.8,0,385,0,385,385,0,385,588706
1737735660,1.0537,1.0538,1.05355,1.0536,595,1211.95,0,279,0,279,437,-158,279,588706
1737735840,1.05365,1.05395,1.05365,1.0538,413,1210.1,0,198,0,187,300,-113,187,588706
1737736020,1.0538,1.05395,1.0536,1.0538,502,1211.6,0,101,-132,-132,185,-317,-132,588706
1737736200,1.05375,1.05415,1.05375,1.05395,342,1200.05,0,258,0,174,258,-84,174,588706
1737736380,1.05395,1.0542,1.05385,1.0539,789,1214.15,0,649,0,649,719,-70,649,588706
1737736560,1.0539,1.054,1.0536,1.05365,762,1214.4,0,0,-762,-762,0,-762,-762,588706
1737736740,1.0536,1.05395,1.0536,1.0539,298,1171.45,0,298,0,298,298,0,298,588706
1737736920,1.0539,1.0541,1.0538,1.0538,325,1137.5,0,173,0,21,173,-152,21,588706
1737737100,1.05375,1.05415,1.05345,1.0535,1812,1093.6,0,925,0,38,925,-887,38,588706
1737737280,1.05345,1.0537,1.05345,1.0537,458,1066.7,0,352,0,352,405,-53,352,588706
1737737460,1.05375,1.0538,1.05285,1.05315,2257,1024.6,0,0,-2257,-2257,0,-2257,-2257,588706
1737737640,1.05315,1.0538,1.0531,1.05365,1200,994.9,0,1077,0,954,1077,-123,954,588706
1737737820,1.05365,1.0539,1.05355,1.0539,234,860.1,0,32,-101,32,133,-101,32,588706
1737738000,1.05385,1.05395,1.0537,1.0538,529,766.9,0,0,-345,-161,184,-345,-161,588706
1737738180,1.0538,1.05395,1.0538,1.05385,162,714.2,0,85,0,8,85,-77,8,588706
1737738360,1.05395,1.0543,1.05395,1.05425,368,687.3,0,368,0,368,368,0,368,588706
1737738540,1.05425,1.05445,1.0541,1.0541,438,661.15,0,85,-268,-268,85,-353,-268,588706
1737738720,1.05405,1.05435,1.05405,1.0543,503,653.3,0,503,0,503,503,0,503,588706
1737738900,1.0543,1.05455,1.0542,1.05455,357,636.45,0,133,-112,133,245,-112,133,588706
1737739080,1.05455,1.05455,1.0543,1.0544,336,634,0,0,-273,-210,63,-273,-210,588706
1737739260,1.05435,1.0545,1.0542,1.05425,638,636.15,0,392,0,146,392,-246,146,588706
1737739440,1.05425,1.0543,1.05405,1.0541,235,627.25,0,0,-160,-85,75,-160,-85,588706
1737739620,1.05405,1.05405,1.0537,1.0537,485,626.4,0,0,-485,-485,0,-485,-485,588706
1737739800,1.0537,1.0539,1.0536,1.0539,667,642.65,0,0,-381,-95,286,-381,-95,588706
1737739980,1.0539,1.054,1.0538,1.05395,391,622.75,0,290,0,189,290,-101,189,588706
1737740160,1.05395,1.0541,1.0539,1.0541,397,604.5,0,235,-81,235,316,-81,235,588706
1737740340,1.0541,1.05425,1.05385,1.05395,613,620.25,0,0,-514,-415,99,-514,-415,588706
1737740520,1.05395,1.0541,1.0539,1.054,413,624.65,0,0,-295,-295,59,-354,-295,588706
1737740700,1.05395,1.05405,1.05365,1.05375,203,544.2,0,24,-110,-65,69,-134,-65,588706
1737740880,1.05375,1.05375,1.05345,1.0535,454,544,0,0,-454,-454,0,-454,-454,588706
1737741060,1.05345,1.05365,1.05345,1.0535,221,442.2,0,61,-99,-99,61,-160,-99,588706
1737741240,1.0535,1.05375,1.05345,1.05365,527,408.55,0,417,0,307,417,-110,307,588706
1737741420,1.05365,1.05375,1.05355,1.05355,288,411.25,0,69,-150,-150,69,-219,-150,588706
1737741600,1.0535,1.0536,1.05325,1.05325,264,398,0,166,0,68,166,-98,68,588706
1737741780,1.05325,1.0533,1.05315,1.05315,145,397.15,0,0,-145,-145,0,-145,-145,588706
1737741960,1.0532,1.0534,1.0531,1.05315,459,401.7,0,22,-415,-415,22,-437,-415,588706
1737742140,1.05315,1.05325,1.05305,1.0532,253,392.45,0,0,-157,-61,96,-157,-61,588706
1737742320,1.05325,1.05335,1.053,1.0533,330,383.8,0,0,-181,-32,149,-181,-32,588706
1737742500,1.05335,1.0534,1.0529,1.05295,605,396.2,0,0,-605,-605,0,-605,-605,588706
1737742680,1.05295,1.053,1.05275,1.0528,204,389.6,0,9,-78,-78,63,-141,-78,588706
1737742860,1.0528,1.05285,1.0526,1.05275,318,373.6,0,0,-265,-212,53,-265,-212,588706
1737743040,1.05275,1.05295,1.05265,1.05265,93,366.5,0,40,-13,-13,40,-53,-13,588706
1737743220,1.05265,1.0528,1.05265,1.05275,110,347.75,0,110,0,110,110,0,110,588706
1737743400,1.05275,1.05285,1.05275,1.0528,175,323.15,0,175,0,175,175,0,175,588706
1737743580,1.05275,1.05275,1.0526,1.0526,161,311.65,0,0,-161,-161,0,-161,-161,588706
1737743760,1.05255,1.0527,1.05235,1.0524,612,322.4,0,0,-612,-612,0,-612,-612,588706
1737743940,1.0524,1.0525,1.0523,1.0523,299,306.7,0,203,0,107,203,-96,107,588706
1737744120,1.0523,1.05235,1.0522,1.05225,238,297.95,0,0,-175,-112,63,-175,-112,588706
1737744300,1.0522,1.05225,1.052,1.052,601,317.85,0,0,-351,-351,125,-476,-351,588706
1737744480,1.05205,1.0522,1.05185,1.05185,573,323.8,0,414,0,255,414,-159,255,588706
1737744660,1.0519,1.052,1.05185,1.05195,424,333.95,0,348,0,272,348,-76,272,588706
1737744840,1.05195,1.0521,1.0519,1.05205,214,318.3,0,214,0,214,214,0,214,588706
1737745020,1.052,1.05205,1.0518,1.05195,291,318.45,0,0,-291,-291,0,-291,-291,588706
1737745200,1.05195,1.05195,1.05175,1.05175,309,320.7,0,0,-309,-309,0,-309,-309,588706
1737745380,1.0518,1.0519,1.0517,1.05175,262,326.55,0,110,0,54,158,-104,54,588706
1737745560,1.05175,1.05175,1.0517,1.0517,59,306.55,0,15,-29,-29,15,-44,-29,588706
1737745740,1.05175,1.05175,1.0516,1.05165,226,305.2,0,76,-74,-74,76,-150,-74,588706
1737745920,1.05165,1.0519,1.05165,1.0519,253,301.35,0,179,-37,179,216,-37,179,588706
1737746100,1.0519,1.052,1.0518,1.0518,95,275.85,0,40,-15,-15,40,-55,-15,588706
1737746280,1.0518,1.0519,1.0518,1.0519,134,272.35,0,134,0,134,134,0,134,588706
1737746460,1.05185,1.0519,1.0518,1.05185,57,259.3,0,2,-53,-53,2,-55,-53,588706
1737746640,1.05185,1.05195,1.0518,1.0519,167,263,0,0,-106,-45,61,-106,-45,588706
1737746820,1.0519,1.05195,1.05185,1.05195,145,264.75,0,145,0,145,145,0,145,588706
1737747000,1.05195,1.0522,1.05195,1.0521,350,273.5,0,109,-132,-132,109,-241,-132,588706
1737747180,1.0521,1.05215,1.05205,1.0521,207,275.8,0,0,-131,-55,76,-131,-55,588706
1737747360,1.0521,1.05225,1.0521,1.05215,314,260.9,0,191,0,68,191,-123,68,588706
1737747540,1.05205,1.05215,1.05195,1.05205,144,253.15,0,0,-116,-88,28,-116,-88,588706
1737747720,1.052,1.05215,1.0519,1.0521,150,248.75,0,68,-41,68,109,-41,68,588706
1737747900,1.0521,1.0521,1.05195,1.05195,209,229.15,0,0,-89,-89,60,-149,-89,588706
1737748080,1.05195,1.05205,1.05195,1.052,176,209.3,0,73,-15,0,88,-88,0,588706
1737748260,1.05205,1.05205,1.0516,1.0517,671,221.65,0,41,-477,-365,153,-518,-365,588706
1737748440,1.05175,1.0519,1.05175,1.0519,191,220.5,0,191,0,191,191,0,191,588706
1737748620,1.0519,1.052,1.0517,1.0519,1072,259.55,0,654,-209,654,863,-209,654,588706
1737748800,1.05195,1.05195,1.0515,1.0517,582,273.2,0,0,-519,-456,63,-519,-456,588706
1737748980,1.05165,1.0517,1.05155,1.0516,182,269.2,0,0,-168,-154,14,-168,-154,588706
1737749160,1.0516,1.05165,1.05145,1.0516,154,273.95,0,82,0,38,96,-58,38,588706
1737749340,1.0516,1.0518,1.05155,1.05175,131,269.2,0,75,0,51,91,-40,51,588706
1737749520,1.0518,1.0519,1.05175,1.0518,99,261.5,0,31,-37,-37,31,-68,-37,588706
1737749700,1.0518,1.052,1.0518,1.052,345,274,0,159,0,123,234,-111,123,588706
1737749880,1.052,1.052,1.05185,1.052,447,289.65,0,0,-261,-75,186,-261,-75,588706
1737750060,1.052,1.052,1.05185,1.05195,212,297.4,0,0,-166,-120,46,-166,-120,588706
1737750240,1.05195,1.05195,1.0517,1.0518,247,301.4,0,0,-247,-247,0,-247,-247,588706
1737750420,1.05175,1.0518,1.0516,1.05175,275,307.9,0,53,-111,53,164,-111,53,588706
1737750600,1.05175,1.0518,1.05155,1.05155,180,299.4,0,45,-90,-90,45,-135,-90,588706
1737750780,1.05155,1.05155,1.05135,1.0514,293,303.7,0,0,-293,-293,0,-293,-293,588706
1737750960,1.0514,1.05145,1.05125,1.0513,343,305.15,0,0,-343,-343,0,-343,-343,588706
1737751140,1.05125,1.05135,1.05125,1.0513,171,306.5,0,85,-43,85,128,-43,85,588706
1737751320,1.0513,1.05145,1.05125,1.05145,141,306.05,0,141,0,141,141,0,141,588706
1737751500,1.0515,1.0515,1.05135,1.05135,120,301.6,0,0,-120,-120,0,-120,-120,588706
1737751680,1.05135,1.0515,1.05135,1.05145,105,298.05,0,0,-62,-19,43,-62,-19,588706
1737751860,1.0515,1.0517,1.0515,1.05165,182,273.6,0,182,0,182,182,0,182,588706
1737752040,1.05165,1.05175,1.0516,1.0517,339,281,0,0,-205,-71,134,-205,-71,588706
1737752220,1.05175,1.0519,1.05175,1.0519,294,242.1,0,294,0,294,294,0,294,588706
1737752400,1.05185,1.05205,1.0518,1.052,297,227.85,0,215,0,133,215,-82,133,588706
1737752580,1.052,1.05205,1.0519,1.05205,90,223.25,0,0,-45,0,45,-45,0,588706
1737752760,1.05205,1.0521,1.052,1.05205,39,217.5,0,39,0,39,39,0,39,588706
1737752940,1.05205,1.05215,1.052,1.0521,97,215.8,0,91,-3,91,94,-3,91,588706
1737753120,1.0521,1.05215,1.052,1.05205,158,218.75,0,90,0,42,100,-58,42,588706
1737753300,1.0521,1.0521,1.052,1.05205,113,207.15,0,20,-73,-73,20,-93,-73,588706
1737753480,1.05205,1.05205,1.052,1.052,102,189.9,0,0,-74,-74,14,-88,-74,588706
1737753660,1.052,1.05205,1.052,1.05205,4,179.5,0,2,-1,2,3,-1,2,588706
1737753840,1.05205,1.05205,1.05185,1.05185,113,172.8,0,0,-113,-113,0,-113,-113,588706
1737754020,1.0518,1.0519,1.0518,1.0519,92,163.65,0,70,-11,70,81,-11,70,588706
1737754200,1.0518,1.0518,1.05175,1.0518,11,155.2,0,7,-2,7,9,-2,7,588706
1737754380,1.05185,1.05195,1.0518,1.05195,109,146,0,0,-66,-23,43,-66,-23,588706
1737754560,1.0519,1.05195,1.0518,1.05185,169,137.3,0,0,-169,-169,0,-169,-169,588706
1737754740,1.0519,1.052,1.05185,1.05195,181,137.8,0,53,-75,-75,53,-128,-75,588706
1737754920,1.0519,1.052,1.05185,1.052,17,131.6,0,17,0,17,17,0,17,588706
1737755100,1.052,1.05205,1.0519,1.0519,88,130,0,71,0,54,71,-17,54,588706
1737755280,1.0519,1.052,1.0519,1.0519,55,127.5,0,26,-2,1,28,-27,1,588706
1737755460,1.0519,1.05205,1.0519,1.05205,108,123.8,0,108,0,108,108,0,108,588706
1737755640,1.05205,1.0521,1.05185,1.05185,153,114.5,0,1,-151,-151,1,-152,-151,588706
1737755820,1.0518,1.0519,1.0517,1.0519,211,110.35,0,143,0,113,162,-49,113,592602
1737932400,1.05095,1.051,1.05015,1.0504,893,140.15,0,0,-781,-669,112,-781,-669,592602
1737932580,1.05035,1.0505,1.05,1.05015,352,153.25,0,119,-100,86,219,-133,86,592602
1737932760,1.0502,1.05035,1.04985,1.04985,291,165.85,0,122,-47,-47,122,-169,-47,592602
1737932940,1.0499,1.05025,1.0499,1.0499,337,177.85,0,118,-101,-101,118,-219,-101,592602
1737933120,1.04995,1.0501,1.04985,1.04995,289,184.4,0,128,0,87,188,-101,87,592602
1737933300,1.04995,1.05,1.04985,1.0499,71,182.3,0,0,-66,-61,5,-66,-61,592602
1737933480,1.04985,1.04985,1.0497,1.04975,200,187.2,0,0,-121,-42,79,-121,-42,592602
1737933660,1.0497,1.04985,1.0497,1.04975,91,191.55,0,62,0,33,62,-29,33,592602
1737933840,1.0497,1.04975,1.04945,1.04945,143,193.05,0,0,-143,-143,0,-143,-143,592602
1737934020,1.0495,1.0496,1.04945,1.0496,155,196.2,0,125,0,125,140,-15,125,592602
1737934200,1.0496,1.0496,1.04925,1.0493,183,204.8,0,0,-147,-111,36,-147,-111,592602
1737934380,1.04935,1.04955,1.04935,1.0495,123,205.5,0,32,-34,-9,57,-66,-9,592602
1737934560,1.0495,1.04955,1.04945,1.0495,70,200.55,0,70,0,70,70,0,70,592602
1737934740,1.04945,1.0497,1.0494,1.0497,81,195.55,0,81,0,81,81,0,81,592602
1737934920,1.04965,1.04965,1.04945,1.0496,59,197.65,0,0,-50,-41,9,-50,-41,592602
1737935100,1.0496,1.0496,1.0492,1.0492,250,205.75,0,0,-250,-250,0,-250,-250,592602
1737935280,1.0492,1.04925,1.04905,1.0492,273,216.65,0,0,-273,-273,0,-273,-273,592602
1737935460,1.0492,1.04925,1.04915,1.0492,194,220.95,0,0,-148,-102,46,-148,-102,592602
1737935640,1.0492,1.0492,1.04885,1.04895,182,222.4,0,25,-132,-132,25,-157,-132,592602
1737935820,1.049,1.04915,1.049,1.0491,130,218.35,0,130,0,130,130,0,130,592602
1737936000,1.0491,1.04925,1.04895,1.0491,307,189.05,0,0,-270,-233,37,-270,-233,592602
1737936180,1.0491,1.0491,1.04895,1.0491,135,178.2,0,5,-65,5,70,-65,5,592602
1737936360,1.04905,1.0491,1.0489,1.0489,156,171.45,0,0,-156,-156,0,-156,-156,592602
1737936540,1.04895,1.049,1.0489,1.049,87,158.95,0,43,-22,43,65,-22,43,592602
1737936720,1.049,1.04915,1.04895,1.0491,78,148.4,0,71,0,64,71,-7,64,592602
1737936900,1.0491,1.0494,1.049,1.04935,212,155.45,0,60,-76,60,136,-76,60,592602
1737937080,1.04935,1.0495,1.0493,1.0495,96,150.25,0,52,0,36,66,-30,36,592602
1737937260,1.0495,1.04975,1.0495,1.04975,113,151.35,0,113,0,113,113,0,113,592602
1737937440,1.0497,1.0498,1.0497,1.0497,189,153.65,0,104,0,19,104,-85,19,592602
1737937620,1.0497,1.0498,1.04965,1.04975,71,149.45,0,33,-5,-5,33,-38,-5,592602
1737937800,1.0497,1.04985,1.0496,1.04985,265,153.55,0,43,-111,43,154,-111,43,592602
1737937980,1.0499,1.05,1.0496,1.04975,410,167.9,0,0,-342,-274,68,-342,-274,592602
1737938160,1.04975,1.04985,1.04965,1.0497,169,172.85,0,61,-47,-47,61,-108,-47,592602
1737938340,1.0497,1.0497,1.04945,1.04945,128,175.2,0,0,-128,-128,0,-128,-128,592602
1737938520,1.04945,1.04965,1.0494,1.0496,126,178.55,0,88,0,88,107,-19,88,592602
1737938700,1.04955,1.04975,1.0495,1.04975,110,171.55,0,110,0,110,110,0,110,592602
1737938880,1.04975,1.04975,1.04965,1.04975,96,162.7,0,68,0,68,82,-14,68,592602
1737939060,1.04975,1.0499,1.04965,1.04985,114,158.7,0,114,0,114,114,0,114,592602
1737939240,1.04985,1.0499,1.0496,1.0498,260,162.6,0,127,-2,2,131,-129,2,592602
1737939420,1.0498,1.0498,1.0496,1.0496,111,161.65,0,0,-89,-89,11,-100,-89,592602
1737939600,1.0496,1.0501,1.0496,1.05,312,161.9,0,312,0,312,312,0,312,592602
1737939780,1.05,1.05005,1.0499,1.05,95,159.9,0,45,-10,45,70,-25,45,592602
1737939960,1.05,1.05015,1.0498,1.05,192,161.7,0,132,0,132,162,-30,132,592602
1737940140,1.05,1.05015,1.05,1.05,73,161,0,37,0,1,37,-36,1,592602
1737940320,1.05005,1.05025,1.05,1.0501,116,162.9,0,76,0,36,76,-40,36,592602
1737940500,1.0501,1.05015,1.04985,1.04985,126,158.6,0,0,-62,-62,32,-94,-62,592602
1737940680,1.04985,1.0501,1.04985,1.05005,81,157.85,0,81,0,81,81,0,81,592602
1737940860,1.05,1.05015,1.04995,1.05005,77,156.05,0,15,-19,9,43,-34,9,592602
1737941040,1.05,1.05,1.0497,1.0497,91,151.15,0,0,-91,-91,0,-91,-91,592602
1737941220,1.04975,1.04975,1.0495,1.0496,94,152.3,0,0,-79,-64,15,-79,-64,592602
1737941400,1.04955,1.04955,1.0491,1.0495,219,150,0,0,-161,-103,58,-161,-103,592602
1737941580,1.0495,1.0495,1.0492,1.0492,110,135,0,0,-110,-110,0,-110,-110,592602
1737941760,1.04915,1.0492,1.0488,1.04895,294,141.25,0,0,-205,-116,89,-205,-116,592602
1737941940,1.0489,1.0489,1.04855,1.04885,304,150.05,0,0,-262,-220,42,-262,-220,592602
1737942120,1.0489,1.04905,1.04885,1.04885,154,151.45,0,20,-114,-114,20,-134,-114,592602
1737942300,1.04885,1.049,1.0487,1.0488,153,153.6,0,36,-44,-7,73,-80,-7,592602
1737942480,1.0489,1.0489,1.04865,1.0487,242,160.9,0,0,-242,-242,0,-242,-242,592602
1737942660,1.0487,1.0488,1.0486,1.04875,162,163.3,0,162,0,162,162,0,162,592602
1737942840,1.0487,1.0487,1.0485,1.04865,184,159.5,0,68,-58,68,126,-58,68,592602
1737943020,1.04865,1.0487,1.0485,1.04865,167,162.3,0,27,-70,27,97,-70,27,592602
1737943200,1.04865,1.0489,1.04865,1.0488,207,157.05,0,172,0,137,172,-35,137,592602
1737943380,1.04885,1.04885,1.04865,1.0487,64,155.5,0,0,-64,-64,0,-64,-64,592602
1737943560,1.04865,1.0488,1.04865,1.0487,74,149.6,0,0,-52,-52,11,-63,-52,592602
1737943740,1.0486,1.0487,1.04845,1.0485,101,151,0,20,-61,-61,20,-81,-61,592602
1737943920,1.0485,1.04855,1.04835,1.0485,78,149.1,0,11,-40,-24,27,-51,-24,592602
1737944100,1.04845,1.0485,1.04835,1.04835,86,147.1,0,0,-48,-48,19,-67,-48,592602
1737944280,1.04835,1.0486,1.0483,1.0486,152,150.65,0,152,0,152,152,0,152,592602
1737944460,1.0486,1.0487,1.0485,1.0485,99,151.75,0,34,-31,-31,34,-65,-31,592602
1737944640,1.04855,1.0486,1.0485,1.04855,45,149.45,0,11,-23,-23,11,-34,-23,592602
1737944820,1.04855,1.0486,1.0485,1.0486,51,147.3,0,21,-15,21,36,-15,21,592602
1737945000,1.0486,1.0486,1.0482,1.0484,362,154.45,0,0,-339,-316,23,-339,-316,592602
1737945180,1.04845,1.04865,1.04845,1.04855,73,152.6,0,53,0,33,53,-20,33,592602
1737945360,1.04855,1.04855,1.04825,1.04835,47,140.25,0,13,-17,13,30,-17,13,592602
1737945540,1.0484,1.04855,1.0484,1.0485,46,127.35,0,36,0,26,36,-10,26,592602
1737945720,1.0485,1.04875,1.0485,1.0487,129,126.1,0,75,-27,75,102,-27,75,592602
1737945900,1.0487,1.04875,1.04855,1.0486,131,125,0,0,-131,-131,0,-131,-131,592602
1737946080,1.04855,1.04885,1.04855,1.0488,165,121.15,0,165,0,165,165,0,165,592602
1737946260,1.04875,1.0489,1.04875,1.04885,66,116.35,0,43,0,20,43,-23,20,592602
1737946440,1.0489,1.04895,1.0488,1.0489,62,110.25,0,17,-14,0,31,-31,0,592602
1737946620,1.04895,1.049,1.0489,1.04895,98,106.8,0,48,-2,-2,48,-50,-2,592602
1737946800,1.0489,1.049,1.04875,1.049,61,99.5,0,0,-50,-39,11,-50,-39,592602
1737946980,1.0489,1.0491,1.0489,1.04895,75,100.05,0,39,0,3,39,-36,3,592602
1737947160,1.04895,1.04905,1.0489,1.0489,97,101.2,0,64,0,31,64,-33,31,592602
1737947340,1.04895,1.04925,1.0487,1.04895,800,136.15,0,438,-181,438,619,-181,438,592602
1737947520,1.04885,1.0495,1.04885,1.0495,233,143.9,0,233,0,233,233,0,233,592602
1737947700,1.0495,1.0501,1.0495,1.04975,732,176.2,0,631,0,530,631,-101,530,592602
1737947880,1.0497,1.04975,1.0493,1.04945,242,180.7,0,0,-161,-80,81,-161,-80,592602
1737948060,1.04945,1.0496,1.0493,1.0493,135,182.5,0,50,-35,-35,50,-85,-35,592602
1737948240,1.0493,1.04945,1.0492,1.04945,74,183.95,0,24,-25,24,49,-25,24,592602
1737948420,1.0495,1.0495,1.0493,1.0494,43,183.55,0,0,-37,-31,6,-37,-31,592602
1737948600,1.04945,1.04955,1.0493,1.04935,83,169.6,0,27,-29,-29,27,-56,-29,592602
1737948780,1.0493,1.0493,1.0491,1.04915,65,169.2,0,19,-23,19,42,-23,19,592602
1737948960,1.0491,1.04915,1.04895,1.049,118,172.75,0,0,-118,-118,0,-118,-118,592602
1737949140,1.04905,1.0493,1.04905,1.04915,68,173.85,0,28,-12,-12,28,-40,-12,592602
1737949320,1.0492,1.0492,1.049,1.04905,59,170.35,0,0,-55,-51,4,-55,-51,592602
1737949500,1.04905,1.0491,1.04895,1.04895,28,165.2,0,13,-2,-2,13,-15,-2,592602
1737949680,1.049,1.049,1.04875,1.04875,163,165.1,0,0,-163,-163,0,-163,-163,592602
1737949860,1.04875,1.04905,1.04875,1.049,72,165.4,0,72,0,72,72,0,72,592602
1737950040,1.049,1.0493,1.049,1.04915,235,174.05,0,188,0,141,188,-47,141,592602
1737950220,1.0492,1.04925,1.04915,1.04925,95,173.9,0,0,-63,-31,32,-63,-31,592602
1737950400,1.0492,1.04925,1.049,1.04905,109,176.3,0,0,-89,-69,20,-89,-69,592602
1737950580,1.049,1.0492,1.049,1.0492,34,174.25,0,26,-4,26,30,-4,26,592602
1737950760,1.0492,1.04925,1.0491,1.0491,42,171.5,0,21,0,0,21,-21,0,592602
1737950940,1.04915,1.0492,1.049,1.04905,19,132.45,0,6,-5,-3,8,-11,-3,592602
1737951120,1.049,1.04905,1.049,1.049,30,122.3,0,21,0,12,21,-9,12,592602
1737951300,1.04895,1.04895,1.04885,1.0489,23,86.85,0,0,-17,-11,6,-17,-11,592602
1737951480,1.04895,1.04905,1.04895,1.04905,60,77.75,0,27,0,16,38,-22,16,592602
1737951660,1.04905,1.04905,1.049,1.04905,12,71.6,0,12,0,12,12,0,12,592602
1737951840,1.049,1.049,1.04865,1.04865,198,77.8,0,0,-198,-198,0,-198,-198,592602
1737952020,1.04865,1.0487,1.0486,1.04865,173,84.3,0,120,0,67,120,-53,67,592602
1737952200,1.04865,1.04865,1.0484,1.0485,153,87.8,0,0,-85,-17,68,-85,-17,592602
1737952380,1.0485,1.0485,1.04835,1.04845,95,89.3,0,0,-67,-39,28,-67,-39,592602
1737952560,1.04845,1.0485,1.0483,1.04845,146,90.7,0,0,-76,-76,35,-111,-76,592602
1737952740,1.0484,1.0486,1.04835,1.04855,71,90.85,0,71,0,71,71,0,71,592602
1737952920,1.04855,1.0487,1.04855,1.0487,42,90,0,42,0,42,42,0,42,592602
1737953100,1.04875,1.0489,1.0487,1.0488,83,92.75,0,29,-27,29,56,-27,29,592602
1737953280,1.04885,1.04885,1.0487,1.0487,76,88.4,0,0,-76,-76,0,-76,-76,592602
1737953460,1.0487,1.0488,1.0487,1.0488,49,87.25,0,9,-25,-19,15,-34,-19,592602
1737953640,1.04875,1.0488,1.0487,1.04875,26,76.8,0,13,-3,6,16,-10,6,592602
1737953820,1.0487,1.04875,1.04865,1.0487,41,74.1,0,0,-24,-15,13,-28,-15,592602
1737954000,1.04865,1.04865,1.04845,1.0485,99,73.6,0,0,-69,-39,30,-69,-39,592602
1737954180,1.04845,1.0485,1.04835,1.0484,66,75.2,0,0,-56,-46,10,-56,-46,592602
1737954360,1.0484,1.0484,1.0481,1.04815,203,83.25,0,0,-149,-149,27,-176,-149,592602
1737954540,1.04815,1.0482,1.048,1.04805,188,91.7,0,42,-104,-104,42,-146,-104,592602
1737954720,1.0481,1.04815,1.04805,1.0481,65,93.45,0,33,0,21,43,-22,21,592602
1737954900,1.04805,1.0482,1.0479,1.04795,209,102.75,0,33,-143,-143,33,-176,-143,592602
1737955080,1.048,1.04815,1.04795,1.04815,78,103.65,0,54,0,54,66,-12,54,592602
1737955260,1.04815,1.04815,1.04805,1.04815,11,103.6,0,0,-6,-1,5,-6,-1,592602
1737955440,1.04815,1.0482,1.04805,1.0482,90,98.2,0,40,-25,40,65,-25,40,592602
1737955620,1.04815,1.0483,1.04815,1.04825,190,99.05,0,190,0,190,190,0,190,592602
1737955800,1.04825,1.0483,1.04815,1.0482,91,95.95,0,34,-6,11,51,-40,11,592602
1737955980,1.0482,1.0484,1.0482,1.04835,53,93.85,0,36,0,19,36,-17,19,592602
1737956160,1.04835,1.04835,1.04825,1.04825,19,87.5,0,0,-19,-19,0,-19,-19,592602
1737956340,1.04825,1.0484,1.04825,1.04835,48,86.35,0,48,0,48,48,0,48,592602
1737956520,1.0483,1.04845,1.0483,1.0484,92,88.85,0,16,-28,-4,44,-48,-4,592602
1737956700,1.0484,1.0487,1.0484,1.0487,118,90.6,0,40,-11,40,79,-39,40,592602
1737956880,1.0487,1.04875,1.0486,1.04875,83,90.95,0,0,-56,-29,27,-56,-29,592602
1737957060,1.04875,1.04885,1.04865,1.04875,78,92.4,0,11,-36,-16,31,-47,-16,592602
1737957240,1.04875,1.0488,1.0485,1.0486,213,101.75,0,44,-125,-125,44,-169,-125,592602
1737957420,1.04855,1.0487,1.04855,1.04865,59,102.65,0,59,0,59,59,0,59,592602
1737957600,1.04865,1.0487,1.0485,1.0486,203,107.85,0,81,0,81,142,-61,81,592602
1737957780,1.04855,1.04865,1.04845,1.04855,120,110.55,0,0,-60,-60,30,-90,-60,592602
1737957960,1.0486,1.0486,1.0482,1.0483,550,127.9,0,0,-401,-252,149,-401,-252,592602
1737958140,1.0483,1.04855,1.0483,1.04845,173,127.15,0,173,0,173,173,0,173,592602
1737958320,1.04845,1.0486,1.04835,1.04855,191,133.45,0,63,-64,63,127,-64,63,592602
1737958500,1.04855,1.0486,1.04835,1.0485,102,128.1,0,34,-34,34,68,-34,34,592602
1737958680,1.0485,1.0486,1.0485,1.04855,102,129.3,0,63,0,24,63,-39,24,592602
1737958860,1.04855,1.04865,1.04855,1.04855,77,132.6,0,22,-33,-33,22,-55,-33,592602
1737959040,1.0485,1.0488,1.0485,1.0488,156,135.9,0,156,0,156,156,0,156,592602
1737959220,1.04885,1.0489,1.0487,1.0488,167,134.75,0,0,-87,-7,80,-87,-7,592602
1737959400,1.0488,1.0488,1.0485,1.0485,47,132.55,0,0,-47,-47,0,-47,-47,592602
1737959580,1.0485,1.0486,1.04845,1.04855,126,136.2,0,0,-78,-30,48,-78,-30,592602
1737959760,1.04855,1.04855,1.0484,1.04855,142,142.35,0,18,-62,18,80,-62,18,592602
1737959940,1.0486,1.0487,1.0486,1.0486,99,144.9,0,70,0,41,70,-29,41,592602
1737960120,1.04855,1.0486,1.04825,1.04825,63,143.45,0,0,-63,-63,0,-63,-63,592602
1737960300,1.04825,1.04825,1.0481,1.0482,131,144.1,0,0,-85,-39,46,-85,-39,592602
1737960480,1.04815,1.04835,1.04805,1.04835,156,147.75,0,50,-53,50,103,-53,50,592602
1737960660,1.0483,1.04845,1.04825,1.0484,47,146.2,0,35,0,29,38,-9,29,592602
1737960840,1.0484,1.0484,1.0482,1.0482,45,137.8,0,0,-45,-45,0,-45,-45,592602
1737961020,1.04825,1.04835,1.0482,1.04825,142,141.95,0,105,0,68,105,-37,68,592602
1737961200,1.0483,1.0486,1.0482,1.04835,787,171.15,0,562,0,337,562,-225,337,592602
1737961380,1.04835,1.04845,1.0483,1.0483,185,174.4,0,0,-125,-125,30,-155,-125,592602
1737961560,1.0483,1.0483,1.04795,1.0481,598,176.8,0,0,-411,-224,187,-411,-224,592602
1737961740,1.0481,1.0481,1.04775,1.0478,435,189.9,0,127,-154,127,281,-154,127,592602
1737961920,1.04785,1.0481,1.04785,1.048,323,196.5,0,323,0,323,323,0,323,592602
1737962100,1.048,1.04805,1.04785,1.048,268,204.8,0,60,-104,60,164,-104,60,592602
1737962280,1.048,1.04815,1.0479,1.0481,272,213.3,0,146,0,146,209,-63,146,592602
1737962460,1.0481,1.04845,1.04795,1.0484,311,225,0,89,-111,89,200,-111,89,592602
1737962640,1.0484,1.04875,1.0482,1.04875,312,232.8,0,76,-118,76,194,-118,76,592602
1737962820,1.0487,1.04875,1.04855,1.04855,264,237.65,0,0,-264,-264,0,-264,-264,592602
1737963000,1.04855,1.04875,1.0484,1.04875,429,256.75,0,217,-106,217,323,-106,217,592602
1737963180,1.04875,1.04895,1.0487,1.0489,242,262.55,0,88,-23,20,131,-111,20,592602
1737963360,1.0489,1.049,1.04875,1.04895,326,271.75,0,96,-63,8,167,-159,8,592602
1737963540,1.04895,1.04915,1.0489,1.0491,323,282.95,0,135,0,135,229,-94,135,592602
1737963720,1.0491,1.04945,1.04905,1.0494,477,303.65,0,204,0,141,309,-168,141,592602
1737963900,1.0494,1.04945,1.04915,1.0492,506,322.4,0,161,-184,-184,161,-345,-184,592602
1737964080,1.0492,1.0493,1.04905,1.0491,232,326.2,0,0,-88,-62,85,-147,-62,592602
1737964260,1.04905,1.04915,1.04895,1.049,473,347.5,0,354,0,235,354,-119,235,592602
1737964440,1.049,1.049,1.0485,1.04855,1016,396.05,0,0,-1016,-1016,0,-1016,-1016,592602
1737964620,1.0485,1.04855,1.048,1.0481,1087,443.3,0,0,-1087,-1087,0,-1087,-1087,592602
1737964800,1.04805,1.0486,1.0478,1.0486,1836,495.75,0,0,-1038,-240,798,-1038,-240,592602
1737964980,1.04865,1.0489,1.04855,1.04875,677,520.35,0,415,0,153,415,-262,153,592602
1737965160,1.04875,1.04885,1.0486,1.0488,677,524.3,0,221,-23,189,433,-244,189,592602
1737965340,1.0488,1.04905,1.0488,1.04895,485,526.8,0,161,-7,161,323,-162,161,592602
1737965520,1.04895,1.04965,1.04895,1.04955,595,540.4,0,595,0,595,595,0,595,592602
1737965700,1.04955,1.0497,1.0494,1.04965,442,549.1,0,442,0,442,442,0,442,592602
1737965880,1.04965,1.05,1.0496,1.04975,577,564.35,0,167,-243,-243,167,-410,-243,592602
1737966060,1.04975,1.04975,1.04925,1.04955,412,569.4,0,0,-239,-66,173,-239,-66,592602
1737966240,1.0496,1.05015,1.0496,1.05,534,580.5,0,188,0,178,356,-178,178,592602
1737966420,1.05,1.05005,1.04965,1.04965,498,592.2,0,144,-210,-210,144,-354,-210,592602
1737966600,1.04965,1.0499,1.04955,1.0497,604,600.95,0,118,-213,58,331,-273,58,592602
1737966780,1.0498,1.05,1.0498,1.04995,171,597.4,0,44,-22,39,105,-66,39,592602
1737966960,1.04995,1.05015,1.0499,1.05005,292,595.7,0,224,0,156,224,-68,156,592602
1737967140,1.0501,1.0503,1.0498,1.05015,580,608.55,0,188,-116,28,304,-276,28,592602
1737967320,1.05015,1.05025,1.0498,1.05025,444,606.9,0,0,-227,-10,217,-227,-10,592602
1737967500,1.05025,1.0506,1.05025,1.0504,626,612.9,0,512,0,398,512,-114,398,592602
1737967680,1.05035,1.0506,1.05035,1.05045,659,634.25,0,273,-113,-113,273,-386,-113,592602
1737967860,1.05045,1.05085,1.05015,1.05085,491,635.15,0,101,-195,101,296,-195,101,592602
1737968040,1.05085,1.05115,1.0506,1.0511,607,614.7,0,0,-390,-173,217,-390,-173,592602
1737968220,1.0511,1.05125,1.0509,1.05115,927,606.7,0,387,-270,387,657,-270,387,592602
1737968400,1.05115,1.0514,1.05075,1.0509,826,556.2,0,0,-460,-282,272,-554,-282,592602
1737968580,1.0509,1.051,1.05045,1.0505,677,556.2,0,17,-330,17,347,-330,17,592602
1737968760,1.05055,1.05075,1.05035,1.05075,610,552.85,0,302,0,302,456,-154,302,592602
1737968940,1.05075,1.05165,1.0506,1.05155,989,578.05,0,989,0,989,989,0,989,592602
1737969120,1.0516,1.0517,1.0513,1.0515,805,588.55,0,459,0,459,632,-173,459,592602
1737969300,1.0515,1.05175,1.0514,1.05145,685,600.7,0,129,-427,-427,129,-556,-427,592602
1737969480,1.0514,1.0514,1.05025,1.0503,963,620,0,0,-963,-963,0,-963,-963,592602
1737969660,1.0503,1.0506,1.05015,1.0505,622,630.5,0,622,0,622,622,0,622,592602
1737969840,1.0505,1.0505,1.0502,1.0503,589,633.25,0,0,-589,-589,0,-589,-589,592602
1737970020,1.0503,1.0507,1.05015,1.05065,260,621.35,0,124,-68,124,192,-68,124,592602
1737970200,1.05065,1.05085,1.0503,1.05035,461,614.2,0,0,-284,-107,177,-284,-107,592602
1737970380,1.05045,1.05045,1.0499,1.0502,625,636.9,0,0,-510,-395,115,-510,-395,592602
1737970560,1.0502,1.05045,1.0501,1.05045,361,640.35,0,361,0,361,361,0,361,592602
1737970740,1.05045,1.05065,1.05025,1.0506,528,637.75,0,528,0,528,528,0,528,592602
1737970920,1.05065,1.05085,1.05055,1.05075,525,641.8,0,289,0,53,289,-236,53,592602
1737971100,1.05075,1.05075,1.05035,1.0505,345,627.75,0,0,-345,-345,0,-345,-345,592602
1737971280,1.05055,1.05095,1.05055,1.05065,262,607.9,0,127,-8,-8,127,-135,-8,592602
1737971460,1.05065,1.0513,1.05065,1.05105,455,606.1,0,329,0,203,329,-126,203,592602
1737971640,1.05105,1.0513,1.05105,1.05125,333,592.4,0,128,-13,51,192,-141,51,592602
1737971820,1.0513,1.05135,1.05105,1.05125,364,564.25,0,0,-214,-64,150,-214,-64,592602
1737972000,1.05125,1.05175,1.05125,1.05175,421,544,0,421,0,421,421,0,421,592602
1737972180,1.0518,1.0523,1.05175,1.05185,1232,571.75,0,931,0,630,931,-301,630,592602
1737972360,1.0518,1.05225,1.0517,1.0521,720,577.25,0,282,0,282,501,-219,282,592602
1737972540,1.0521,1.0526,1.0518,1.05185,1219,588.75,0,461,-297,-297,461,-758,-297,592602
1737972720,1.0519,1.052,1.05165,1.0517,392,568.1,0,154,-84,-84,154,-238,-84,592602
1737972900,1.05175,1.05205,1.05165,1.05195,457,556.7,0,247,-105,247,352,-105,247,592602
1737973080,1.0519,1.052,1.05155,1.0517,834,550.25,0,69,-696,-696,69,-765,-696,592602
1737973260,1.05175,1.05195,1.0515,1.05175,785,558.4,0,324,0,319,552,-233,319,592602
1737973440,1.05175,1.052,1.05165,1.0519,745,566.2,0,187,-115,187,466,-279,187,592602
1737973620,1.0519,1.0523,1.0518,1.052,446,575.5,0,275,0,104,275,-171,104,592602
1737973800,1.052,1.05245,1.052,1.05225,737,589.3,0,343,0,313,525,-212,313,592602
1737973980,1.0523,1.05245,1.0522,1.0523,433,579.7,0,118,-197,-197,118,-315,-197,592602
1737974160,1.0523,1.0524,1.052,1.05225,246,573.95,0,0,-134,-134,56,-190,-134,592602
1737974340,1.0523,1.05255,1.0522,1.0525,569,576,0,359,-105,359,464,-105,359,592602
1737974520,1.0525,1.05285,1.05245,1.05285,708,585.15,0,193,-65,192,450,-258,192,592602
1737974700,1.0528,1.05295,1.0525,1.05285,633,599.55,0,211,-211,211,422,-211,211,592602
1737974880,1.0529,1.05315,1.0528,1.05285,915,632.2,0,732,0,549,732,-183,549,592602
1737975060,1.05285,1.05325,1.05275,1.05315,757,647.3,0,467,0,177,467,-290,177,592602
1737975240,1.0531,1.0532,1.0528,1.05295,629,662.1,0,190,-103,43,336,-293,43,592602
1737975420,1.0529,1.05305,1.0528,1.0529,526,670.2,0,216,-155,216,371,-155,216,592602
1737975600,1.05285,1.05315,1.0528,1.05305,704,684.35,0,364,-170,364,534,-170,364,592602
1737975780,1.0531,1.05365,1.053,1.05305,1381,691.8,0,388,-605,-605,388,-993,-605,592602
1737975960,1.053,1.0534,1.0529,1.05325,577,684.65,0,485,0,393,485,-92,393,592602
1737976140,1.0533,1.0537,1.05325,1.05355,748,661.1,0,748,0,748,748,0,748,592602
1737976320,1.05355,1.0541,1.0535,1.05375,860,684.5,0,588,0,316,588,-272,316,592602
1737976500,1.05375,1.0538,1.0534,1.0535,397,681.5,0,0,-397,-397,0,-397,-397,592602
1737976680,1.05345,1.0537,1.0531,1.0537,623,670.95,0,0,-323,-23,300,-323,-23,592602
1737976860,1.05365,1.05385,1.0536,1.0536,313,647.35,0,0,-145,-65,124,-189,-65,592602
1737977040,1.0536,1.0537,1.0533,1.0536,424,631.3,0,0,-273,-122,151,-273,-122,592602
1737977220,1.0536,1.0538,1.0535,1.0537,442,631.1,0,181,-80,-80,181,-261,-80,592602
1737977400,1.0538,1.0542,1.05375,1.054,628,625.65,0,471,0,314,471,-157,314,592602
1737977580,1.05395,1.05395,1.05355,1.0537,502,629.1,0,0,-502,-502,0,-502,-502,592602
1737977760,1.05365,1.05385,1.0535,1.0537,496,641.6,0,174,-161,174,335,-161,174,592602
1737977940,1.0537,1.0538,1.05355,1.05365,265,626.4,0,98,-69,-69,98,-167,-69,592602
1737978120,1.05365,1.05365,1.05335,1.0535,376,609.8,0,0,-319,-262,57,-319,-262,592602
1737978300,1.0535,1.0535,1.05335,1.0534,184,587.35,0,0,-99,-14,85,-99,-14,592602
1737978480,1.05335,1.0534,1.05315,1.0534,573,570.25,0,0,-287,-1,286,-287,-1,592602
1737978660,1.0534,1.05385,1.0534,1.0536,234,544.1,0,110,-14,-14,110,-124,-14,592602
1737978840,1.0536,1.05375,1.0535,1.0536,296,527.45,0,82,-56,20,158,-138,20,592602
1737979020,1.05355,1.0537,1.0535,1.0537,278,515.05,0,278,0,278,278,0,278,592602
1737979200,1.05365,1.05415,1.05365,1.05415,597,509.7,0,597,0,597,597,0,597,592602
1737979380,1.05415,1.0542,1.0539,1.0539,355,458.4,0,0,-355,-355,0,-355,-355,592602
1737979560,1.05385,1.05395,1.0537,1.05385,327,445.9,0,267,-30,267,297,-30,267,592602
1737979740,1.0538,1.0538,1.0533,1.0535,425,429.75,0,0,-309,-193,116,-309,-193,592602
1737979920,1.05345,1.05365,1.05335,1.0534,518,412.65,0,247,-24,-24,247,-271,-24,592602
1737980100,1.0534,1.0535,1.05325,1.0535,435,414.55,0,0,-322,-209,113,-322,-209,592602
1737980280,1.05355,1.05375,1.05335,1.0536,547,410.75,0,287,0,27,287,-260,27,592602
1737980460,1.0536,1.0538,1.0534,1.05355,364,413.3,0,181,0,140,252,-112,140,592602
1737980640,1.05355,1.0537,1.05325,1.05365,407,412.45,0,119,-144,119,263,-144,119,592602
1737980820,1.0536,1.05385,1.0536,1.05385,338,407.25,0,164,0,164,251,-87,164,592602
1737981000,1.0538,1.054,1.0536,1.05395,363,394,0,0,-231,-99,132,-231,-99,592602
1737981180,1.054,1.05415,1.05385,1.0541,491,393.45,0,369,0,369,430,-61,369,592602
1737981360,1.0541,1.05425,1.0539,1.05415,452,391.25,0,403,0,354,403,-49,354,592602
1737981540,1.05415,1.05415,1.0538,1.05395,313,393.65,0,0,-198,-83,115,-198,-83,592602
1737981720,1.054,1.05405,1.05385,1.0539,368,393.25,0,0,-368,-368,0,-368,-368,592602
1737981900,1.0539,1.05395,1.05365,1.0539,597,413.9,0,0,-498,-399,99,-498,-399,592602
1737982080,1.05395,1.0541,1.0537,1.0541,393,404.9,0,0,-279,-165,114,-279,-165,592602
1737982260,1.0541,1.0542,1.054,1.0542,332,409.8,0,78,-127,78,205,-127,78,592602
1737982440,1.0542,1.05515,1.0542,1.05485,2585,524.25,0,2168,0,1751,2168,-417,1751,592602
1737982620,1.0549,1.0551,1.05445,1.0545,1066,563.65,0,500,-66,-66,500,-566,-66,592602
1737982800,1.05455,1.05485,1.0541,1.0548,1075,587.55,0,89,-493,89,582,-493,89,592602
1737982980,1.05475,1.0549,1.0546,1.05475,603,599.95,0,0,-411,-411,96,-507,-411,592602
1737983160,1.05475,1.05575,1.05475,1.05515,1888,678,0,521,-846,-846,521,-1367,-846,592602
1737983340,1.0552,1.0556,1.0547,1.05475,1728,743.15,0,659,-410,-410,659,-1069,-410,592602
1737983520,1.05475,1.05475,1.0543,1.0546,645,749.5,0,0,-388,-131,257,-388,-131,592602
1737983700,1.0547,1.0547,1.0542,1.0543,897,772.6,0,0,-713,-713,92,-805,-713,592602
1737983880,1.0543,1.05445,1.05405,1.05405,765,783.5,0,147,-471,-471,147,-618,-471,592602
1737984060,1.05405,1.05405,1.0536,1.0536,1393,834.95,0,0,-1393,-1393,0,-1393,-1393,592602
1737984240,1.0536,1.0538,1.05335,1.0534,1282,878.7,0,0,-736,-736,273,-1009,-736,592602
1737984420,1.0534,1.05375,1.05335,1.0537,626,893.1,0,318,0,318,472,-154,318,592602
1737984600,1.0537,1.05405,1.05345,1.05395,976,923.75,0,376,-300,376,676,-300,376,592602
1737984780,1.054,1.0542,1.05395,1.05415,624,930.4,0,248,0,240,432,-192,240,592602
1737984960,1.05415,1.05445,1.05405,1.0542,502,932.9,0,0,-297,-246,128,-374,-246,592602
1737985140,1.0542,1.0545,1.05415,1.05435,605,947.5,0,193,-68,83,344,-261,83,592602
1737985320,1.0543,1.05485,1.0543,1.05455,708,964.5,0,534,0,360,534,-174,360,592602
1737985500,1.0545,1.055,1.0544,1.05465,609,965.1,0,436,0,263,436,-173,263,592602
1737985680,1.05465,1.05495,1.05465,1.05495,281,959.5,0,281,0,281,281,0,281,592602
1737985860,1.055,1.05525,1.0547,1.0547,613,973.55,0,429,0,245,429,-184,245,592602
1737986040,1.05475,1.05475,1.05425,1.05435,416,865.1,0,0,-416,-416,0,-416,-416,592602
1737986220,1.05435,1.05455,1.05425,1.05435,329,828.25,0,282,0,235,282,-47,235,592602
1737986400,1.05435,1.05465,1.05405,1.0544,689,808.95,0,243,-223,243,466,-223,243,592602
1737986580,1.0544,1.0545,1.05405,1.0543,638,810.7,0,0,-472,-306,166,-472,-306,592602
1737986760,1.0543,1.05475,1.05425,1.0546,392,735.9,0,392,0,392,392,0,392,592602
1737986940,1.05455,1.0548,1.05445,1.05465,676,683.3,0,163,-245,-140,268,-408,-140,592602
1737987120,1.0547,1.05475,1.0542,1.0542,282,665.15,0,0,-282,-282,0,-282,-282,592602
1737987300,1.05425,1.0544,1.0541,1.0542,769,658.75,0,339,-115,139,454,-315,139,592602
1737987480,1.05425,1.0547,1.05425,1.0545,425,641.75,0,304,0,183,304,-121,183,592602
1737987660,1.0545,1.0546,1.0543,1.05435,526,598.4,0,37,-214,-214,156,-370,-214,592602
1737987840,1.05435,1.05435,1.05395,1.05405,597,564.15,0,0,-369,-141,228,-369,-141,592602
1737988020,1.05405,1.0541,1.0538,1.05405,469,556.3,0,0,-280,-91,189,-280,-91,592602
1737988200,1.054,1.0543,1.05375,1.05395,771,546.05,0,94,-236,-111,330,-441,-111,592602
1737988380,1.05395,1.0542,1.05385,1.05405,288,529.25,0,62,-54,56,172,-116,56,592602
1737988560,1.05405,1.05405,1.0536,1.0536,493,528.8,0,0,-493,-493,0,-493,-493,592602
1737988740,1.0537,1.05395,1.0536,1.0539,636,530.35,0,208,-214,208,422,-214,208,592602
1737988920,1.0539,1.0539,1.0533,1.0534,705,530.2,0,0,-705,-705,0,-705,-705,592602
1737989100,1.05345,1.05415,1.05345,1.05415,854,542.45,0,854,0,854,854,0,854,592602
1737989280,1.0541,1.0541,1.0536,1.0539,810,568.9,0,0,-507,-204,303,-507,-204,592602
1737989460,1.0539,1.054,1.0534,1.0534,616,569.05,0,215,-186,-186,215,-401,-186,592602
1737989640,1.05335,1.05345,1.05315,1.05315,748,585.65,0,0,-748,-748,0,-748,-748,592602
1737989820,1.05315,1.05335,1.05315,1.0533,689,603.65,0,689,0,689,689,0,689,592602
1737990000,1.0533,1.0533,1.0527,1.0528,1373,637.85,0,0,-1373,-1373,0,-1373,-1373,592602
1737990180,1.0528,1.05305,1.05265,1.0529,853,648.6,0,247,-74,211,532,-321,211,592602
1737990360,1.05285,1.05305,1.0528,1.0528,507,654.35,0,259,0,11,259,-248,11,592602
1737990540,1.0528,1.05335,1.05275,1.0532,458,643.45,0,279,0,100,279,-179,100,592602
1737990720,1.05325,1.05335,1.0529,1.0529,213,640,0,0,-213,-213,0,-213,-213,592602
1737990900,1.0529,1.05335,1.0528,1.05315,505,626.8,0,335,0,165,335,-170,165,592602
1737991080,1.0532,1.0533,1.053,1.0531,548,632.95,0,0,-548,-548,0,-548,-548,592602
1737991260,1.05305,1.05315,1.05285,1.0529,549,634.1,0,0,-395,-241,154,-395,-241,592602
1737991440,1.05295,1.0532,1.0529,1.0529,344,621.45,0,204,0,64,204,-140,64,592602
1737991620,1.05295,1.0531,1.05265,1.05265,543,625.15,0,196,-151,-151,196,-347,-151,592602
1737991800,1.0527,1.05275,1.05235,1.0524,1268,650,0,0,-1268,-1268,0,-1268,-1268,592602
1737991980,1.0524,1.05265,1.0522,1.0523,953,683.25,0,138,-677,-677,138,-815,-677,592602
1737992160,1.0523,1.05245,1.0521,1.0521,935,705.35,0,0,-935,-935,0,-935,-935,592602
1737992340,1.05215,1.0522,1.05175,1.05185,1214,734.25,0,181,-413,26,620,-594,26,592602
1737992520,1.0519,1.05215,1.0517,1.05195,1038,750.9,0,166,-436,166,602,-436,166,592602
1737992700,1.05195,1.0521,1.05185,1.05205,697,743.05,0,330,0,193,445,-252,193,592602
1737992880,1.05205,1.05245,1.052,1.05215,1181,761.6,0,286,-609,-609,286,-895,-609,592602
1737993060,1.0522,1.0523,1.0519,1.05205,1759,818.75,0,0,-1498,-1237,261,-1498,-1237,592602
1737993240,1.05205,1.0522,1.0519,1.0521,649,813.8,0,302,0,229,439,-210,229,592602
1737993420,1.05205,1.05235,1.05205,1.05225,915,825.1,0,587,0,259,587,-328,259,592602
1737993600,1.05225,1.0526,1.0521,1.05245,2249,868.9,0,967,-641,967,1608,-641,967,592602
1737993780,1.0525,1.05275,1.0524,1.05265,935,873,0,535,0,535,735,-200,535,592602
1737993960,1.05265,1.05285,1.0525,1.0528,985,896.9,0,277,-354,277,631,-354,277,592602
1737994140,1.0528,1.05295,1.0527,1.0529,911,919.55,0,507,-202,507,709,-202,507,592602
1737994320,1.0529,1.0531,1.05275,1.0529,768,947.3,0,0,-391,-354,207,-561,-354,592602
1737994500,1.0529,1.05305,1.05285,1.053,737,958.9,0,737,0,737,737,0,737,592602
1737994680,1.053,1.05305,1.0528,1.05285,537,958.35,0,180,-177,-177,180,-357,-177,592602
1737994860,1.0529,1.05295,1.0527,1.05285,522,957,0,0,-215,-130,196,-326,-130,592602
1737995040,1.05285,1.0529,1.05235,1.05275,2040,1041.8,0,0,-1507,-974,533,-1507,-974,592602
1737995220,1.0528,1.05315,1.0528,1.053,487,1039,0,387,0,387,437,-50,387,592602
1737995400,1.05295,1.053,1.0523,1.0524,753,1013.25,0,0,-753,-753,0,-753,-753,592602
1737995580,1.0524,1.0526,1.0522,1.0525,855,1008.35,0,0,-542,-229,313,-542,-229,592602
1737995760,1.0525,1.0525,1.0519,1.0519,1184,1020.8,0,0,-1184,-1184,0,-1184,-1184,592602
1737995940,1.0519,1.05215,1.05155,1.0521,963,1008.25,0,0,-527,-91,436,-527,-91,592602
1737996120,1.0521,1.0521,1.05165,1.0517,905,1001.6,0,0,-905,-905,0,-905,-905,592602
1737996300,1.0517,1.05175,1.0513,1.05155,1476,1040.55,0,0,-1159,-842,317,-1159,-842,592602
1737996480,1.05155,1.05175,1.0514,1.05165,613,1012.15,0,0,-313,-13,300,-313,-13,592602
1737996660,1.0517,1.05215,1.0516,1.05215,344,941.4,0,344,0,344,344,0,344,592602
1737996840,1.05215,1.05215,1.0517,1.05175,413,929.6,0,0,-413,-413,0,-413,-413,592602
1737997020,1.05175,1.05175,1.0514,1.0514,318,899.75,0,0,-318,-318,0,-318,-318,592602
1737997200,1.0515,1.0515,1.05125,1.0513,545,814.55,0,0,-198,-181,182,-363,-181,592602
1737997380,1.05135,1.05135,1.0511,1.0511,689,802.25,0,0,-689,-689,0,-689,-689,592602
1737997560,1.0511,1.05115,1.05085,1.0509,674,786.7,0,0,-674,-674,0,-674,-674,592602
1737997740,1.0509,1.0513,1.05085,1.05125,610,771.65,0,610,0,610,610,0,610,592602
1737997920,1.05125,1.0513,1.0509,1.051,725,769.5,0,0,-478,-231,247,-478,-231,592602
1737998100,1.05095,1.05125,1.05085,1.051,587,762,0,449,0,311,449,-138,311,592602
1737998280,1.051,1.05135,1.051,1.0512,392,754.75,0,190,-12,-12,190,-202,-12,592602
1737998460,1.05125,1.05165,1.05125,1.05165,744,765.85,0,744,0,744,744,0,744,592602
1737998640,1.0517,1.05185,1.05165,1.05165,540,690.85,0,125,-290,-290,125,-415,-290,592602
1737998820,1.05165,1.05165,1.0512,1.0512,392,686.1,0,0,-392,-392,0,-392,-392,592602
1737999000,1.0512,1.05125,1.0511,1.05115,404,668.65,0,0,-404,-404,0,-404,-404,592602
1737999180,1.05115,1.0512,1.051,1.05105,249,638.35,0,0,-249,-249,0,-249,-249,592602
1737999360,1.05105,1.0511,1.05095,1.0511,293,593.8,0,139,0,139,216,-77,139,592602
1737999540,1.05105,1.0512,1.051,1.05115,304,560.85,0,226,0,148,226,-78,148,592602
1737999720,1.05115,1.0513,1.0511,1.05115,373,534.25,0,240,0,107,240,-133,107,592602
1737999900,1.05115,1.0518,1.0511,1.0518,254,473.15,0,254,0,254,254,0,254,592602
1738000080,1.05175,1.0518,1.0515,1.0517,386,461.8,0,0,-255,-124,131,-255,-124,592602
1738000260,1.05165,1.05165,1.05135,1.05155,294,459.3,0,66,-114,66,180,-114,66,592602
1738000440,1.0516,1.0516,1.0514,1.05145,133,445.3,0,0,-133,-133,0,-133,-133,592602
1738000620,1.05145,1.05155,1.05115,1.0513,309,444.85,0,76,-157,-157,76,-233,-157,592602
1738000800,1.0512,1.05135,1.05095,1.0512,422,438.7,0,136,-143,136,279,-143,136,592602
1738000980,1.05125,1.05145,1.0509,1.0513,887,448.6,0,135,-529,-441,223,-664,-441,592602
1738001160,1.05135,1.05155,1.0512,1.0515,159,422.85,0,113,-23,113,136,-23,113,592602
1738001340,1.05155,1.0518,1.05155,1.05155,275,406.1,0,180,0,85,180,-95,85,592602
1738001520,1.05155,1.05155,1.0513,1.0513,233,381.5,0,0,-233,-233,0,-233,-233,592602
1738001700,1.05135,1.05135,1.051,1.05125,236,363.95,0,0,-180,-124,56,-180,-124,592602
1738001880,1.05125,1.05125,1.051,1.051,201,354.4,0,0,-201,-201,0,-201,-201,592602
1738002060,1.051,1.05115,1.05095,1.0511,319,333.15,0,71,-114,71,195,-124,71,592602
1738002240,1.05105,1.05115,1.05085,1.05105,799,346.1,0,0,-580,-361,219,-580,-361,592602
1738002420,1.0511,1.0511,1.05085,1.05085,256,339.3,0,53,-150,-150,53,-203,-150,592602
1738002600,1.05085,1.0509,1.0506,1.05075,379,338.05,0,0,-299,-219,80,-299,-219,592602
1738002780,1.0507,1.05075,1.05055,1.0506,338,342.5,0,0,-338,-338,0,-338,-338,592602
1738002960,1.05065,1.0509,1.05055,1.05085,510,353.35,0,306,-102,306,408,-102,306,592602
1738003140,1.05085,1.05105,1.0508,1.05105,150,345.65,0,150,0,150,150,0,150,592602
1738003320,1.05095,1.051,1.0509,1.05095,224,338.2,0,0,-130,-84,70,-154,-84,592602
1738003500,1.05095,1.05125,1.0509,1.0512,377,344.35,0,236,0,95,236,-141,95,592602
1738003680,1.05125,1.05125,1.0509,1.05095,246,337.35,0,0,-140,-140,53,-193,-140,592602
1738003860,1.05095,1.051,1.05075,1.0509,461,345.7,0,296,0,131,296,-165,131,592602
1738004040,1.0509,1.0509,1.0508,1.0508,211,349.6,0,0,-211,-211,0,-211,-211,592602
1738004220,1.0508,1.051,1.05075,1.05085,299,349.1,0,109,-81,-81,109,-190,-81,592602
1738004400,1.05085,1.0509,1.0504,1.05065,688,362.4,0,0,-405,-122,283,-405,-122,592602
1738004580,1.0507,1.05075,1.0506,1.05075,219,329,0,145,-37,145,182,-37,145,592602
1738004760,1.05075,1.0508,1.0506,1.0506,340,338.05,0,0,-210,-210,65,-275,-210,592602
1738004940,1.0506,1.05065,1.0503,1.05065,792,363.9,0,0,-588,-384,204,-588,-384,592602
1738005120,1.05065,1.05065,1.05045,1.05045,171,360.8,0,0,-171,-171,0,-171,-171,592602
1738005300,1.0505,1.05075,1.05045,1.0507,205,359.25,0,205,0,205,205,0,205,592602
1738005480,1.0507,1.05095,1.0507,1.05075,300,364.2,0,112,-53,-30,135,-165,-30,592602
1738005660,1.0508,1.0509,1.05075,1.05085,251,360.8,0,55,-141,-141,55,-196,-141,592602
1738005840,1.0508,1.05105,1.0508,1.051,489,345.3,0,489,0,489,489,0,489,592602
1738006020,1.051,1.05115,1.051,1.0511,338,349.4,0,248,0,158,248,-90,158,592602
1738006200,1.05115,1.0514,1.0511,1.05135,337,347.3,0,110,-29,59,198,-139,59,592602
1738006380,1.0513,1.05135,1.0512,1.0513,255,343.15,0,0,-137,-19,118,-137,-19,592602
1738006560,1.05125,1.0513,1.05115,1.0512,304,332.85,0,100,-104,-104,100,-204,-104,592602
1738006740,1.0512,1.05145,1.05115,1.05115,597,355.2,0,254,-89,-89,254,-343,-89,592602
1738006920,1.0511,1.05155,1.05095,1.05145,495,368.75,0,495,0,495,495,0,495,592602
1738007100,1.0515,1.0516,1.0514,1.0516,389,369.35,0,159,0,159,274,-115,159,592602
1738007280,1.0516,1.05165,1.0515,1.05155,449,379.5,0,233,0,17,233,-216,17,592602
1738007460,1.0516,1.0516,1.0512,1.0514,608,386.85,0,0,-366,-124,242,-366,-124,592602
1738007640,1.05145,1.05165,1.05145,1.0515,356,394.1,0,115,-77,-28,164,-192,-28,592602
1738007820,1.05155,1.0517,1.05135,1.05165,1983,478.3,0,1241,-371,1241,1612,-371,1241,592602
1738008000,1.05165,1.0517,1.0513,1.05135,786,483.2,0,0,-786,-786,0,-786,-786,592602
1738008180,1.0513,1.05135,1.05125,1.05135,250,484.75,0,0,-205,-160,45,-205,-160,592602
1738008360,1.0514,1.05145,1.0513,1.0514,149,475.2,0,0,-83,-83,33,-116,-83,592602
1738008540,1.05135,1.0515,1.05125,1.05135,101,440.65,0,9,-30,-23,39,-62,-23,592602
1738008720,1.0513,1.0515,1.05125,1.05145,102,437.2,0,6,-34,-22,40,-62,-22,592602
1738008900,1.05145,1.05155,1.0514,1.0515,122,433.05,0,55,-15,18,70,-52,18,592602
1738009080,1.05145,1.0515,1.0514,1.05145,133,424.7,0,0,-69,-69,32,-101,-69,592602
1738009260,1.05145,1.05145,1.05135,1.05135,121,418.2,0,0,-121,-121,0,-121,-121,592602
1738009440,1.05135,1.05155,1.05135,1.0514,173,402.4,0,100,0,27,100,-73,27,592602
1738009620,1.0514,1.0515,1.05135,1.0515,168,393.9,0,168,0,168,168,0,168,592602
1738009800,1.0515,1.0515,1.0513,1.0514,134,383.75,0,0,-85,-36,49,-85,-36,592602
1738009980,1.0514,1.0516,1.0514,1.0515,149,378.45,0,74,-1,-1,74,-75,-1,592602
1738010160,1.05155,1.0517,1.05155,1.05165,126,369.55,0,126,0,126,126,0,126,592602
1738010340,1.05165,1.05185,1.0516,1.0517,236,351.5,0,108,-20,-20,108,-128,-20,592602
1738010520,1.0517,1.05175,1.05155,1.05175,167,335.1,0,91,-38,91,129,-38,91,592602
1738010700,1.05175,1.0518,1.0515,1.0516,192,325.25,0,0,-192,-192,0,-192,-192,592602
1738010880,1.05155,1.05155,1.05135,1.0514,245,315.05,0,140,-39,113,179,-66,113,592602
1738011060,1.05135,1.0515,1.0513,1.05145,121,290.7,0,95,-13,95,108,-13,95,592602
1738011240,1.05135,1.05135,1.05115,1.05115,622,304,0,49,-396,-396,113,-509,-396,592602
1738011420,1.0512,1.0513,1.0511,1.05115,1046,257.15,0,246,-554,-554,246,-800,-554,592602
1738011600,1.0512,1.05125,1.05095,1.05105,737,254.7,0,0,-690,-643,47,-690,-643,592602
1738011780,1.0511,1.0513,1.0511,1.05125,169,250.65,0,169,0,169,169,0,169,592602
1738011960,1.05125,1.0513,1.0512,1.0513,100,248.2,0,100,0,100,100,0,100,592602
1738012140,1.05135,1.05135,1.05125,1.05125,57,246,0,0,-37,-37,10,-47,-37,592602
1738012320,1.0513,1.05135,1.0513,1.05135,11,241.45,0,11,0,11,11,0,11,592602
1738012500,1.0514,1.0514,1.05125,1.05125,47,237.7,0,1,-45,-45,1,-46,-45,592602
1738012680,1.05135,1.05135,1.0513,1.0513,14,231.75,0,2,-10,-10,2,-12,-10,592602
1738012860,1.05135,1.05145,1.05135,1.0514,33,227.35,0,33,0,33,33,0,33,592602
1738013040,1.05135,1.0515,1.05135,1.05145,43,220.85,0,43,0,43,43,0,43,592602
1738013220,1.05145,1.0515,1.05135,1.0514,47,214.8,0,30,0,13,30,-17,13,592602
1738013400,1.0514,1.0514,1.05135,1.05135,7,208.45,0,0,-7,-7,0,-7,-7,592602
1738013580,1.05135,1.05135,1.05125,1.05125,164,209.2,0,0,-164,-164,0,-164,-164,592602
1738013760,1.0513,1.05145,1.0512,1.05145,103,208.05,0,103,0,103,103,0,103,592602
1738013940,1.05145,1.05145,1.0513,1.0513,70,199.75,0,0,-70,-70,0,-70,-70,592602
1738014120,1.05125,1.0515,1.05125,1.0515,145,198.65,0,43,-51,43,94,-51,43,592602
1738014300,1.05145,1.0515,1.0514,1.05145,143,196.2,0,0,-116,-89,27,-116,-89,592602
1738014480,1.0514,1.0515,1.05135,1.05145,94,188.65,0,0,-54,-14,40,-54,-14,592602
1738014660,1.0515,1.0515,1.05145,1.0515,106,187.9,0,106,0,106,106,0,106,592602
1738014840,1.05145,1.05155,1.05145,1.05155,73,160.45,0,65,0,65,69,-4,65,592602
1738015020,1.05155,1.0516,1.0515,1.0516,59,111.1,0,55,0,55,57,-2,55,591934
1738018800,1.05145,1.0515,1.0505,1.0506,561,102.3,0,0,-561,-561,0,-561,-561,591934
1738018980,1.0506,1.0506,1.05005,1.0502,589,123.3,0,0,-477,-477,56,-533,-477,591934
1738019160,1.05025,1.0504,1.05015,1.0502,93,122.95,0,44,-5,-5,44,-49,-5,591934
1738019340,1.0502,1.0503,1.0496,1.04965,276,133.9,0,0,-276,-276,0,-276,-276,591934
1738019520,1.0496,1.0498,1.0495,1.0497,144,140.55,0,9,-44,-38,53,-91,-38,591934
1738019700,1.04965,1.04965,1.04875,1.04885,587,167.55,0,0,-587,-587,0,-587,-587,591934
1738019880,1.0488,1.0488,1.04805,1.04825,1170,225.35,0,0,-806,-806,182,-988,-806,591934
1738020060,1.04825,1.04825,1.0472,1.0475,1306,289,0,0,-785,-264,521,-785,-264,591934
1738020240,1.0475,1.04765,1.0465,1.04685,1069,340.3,0,0,-733,-733,168,-901,-733,591934
1738020420,1.0469,1.0469,1.0464,1.0469,755,375.7,0,143,-306,143,449,-306,143,591934
1738020600,1.0469,1.04775,1.0461,1.0463,905,420.6,0,303,-299,-299,303,-602,-299,591934
1738020780,1.04625,1.0465,1.04515,1.0463,2003,512.55,0,0,-1304,-605,699,-1304,-605,591934
1738020960,1.0463,1.0465,1.04575,1.0458,389,526.85,0,130,-129,-129,130,-259,-129,591934
1738021140,1.0458,1.04675,1.04575,1.0463,985,572.6,0,561,0,137,561,-424,137,591934
1738021320,1.0464,1.0468,1.0462,1.0463,373,584,0,233,0,93,233,-140,93,591934
1738021500,1.04645,1.0465,1.0458,1.04585,335,593.6,0,0,-335,-335,0,-335,-335,591934
1738021680,1.0459,1.04685,1.04585,1.0468,539,615.85,0,539,0,539,539,0,539,591934
1738021860,1.0468,1.0474,1.04675,1.0472,582,639.65,0,313,0,44,313,-269,44,591934
1738022040,1.0472,1.0472,1.04675,1.0468,282,650.1,0,0,-112,-68,107,-175,-68,591934
1738022220,1.0468,1.0469,1.04585,1.04605,281,661.2,0,0,-281,-281,0,-281,-281,591934
1738022400,1.04605,1.0471,1.0459,1.04685,917,679,0,825,0,733,825,-92,733,591934
1738022580,1.0469,1.04705,1.0467,1.04685,488,673.95,0,393,0,298,393,-95,298,591934
1738022760,1.0469,1.047,1.04655,1.0469,278,683.2,0,86,-32,42,160,-118,42,591934
1738022940,1.04695,1.04715,1.0468,1.0468,139,676.35,0,99,0,59,99,-40,59,591934
1738023120,1.0468,1.047,1.04625,1.04675,411,689.7,0,30,-281,-211,100,-311,-211,591934
1738023300,1.0468,1.0472,1.0466,1.0471,492,684.95,0,0,-282,-72,210,-282,-72,591934
1738023480,1.0471,1.0474,1.04705,1.04705,291,641,0,169,0,47,169,-122,47,591934
1738023660,1.04705,1.04715,1.0463,1.04635,352,593.3,0,95,-162,-162,95,-257,-162,591934
1738023840,1.04625,1.04635,1.04555,1.0459,546,567.15,0,182,-115,182,364,-182,182,591934
1738024020,1.04585,1.04685,1.04585,1.0468,352,547,0,352,0,352,352,0,352,591934
1738024200,1.0468,1.04705,1.0467,1.047,342,518.85,0,111,-53,14,178,-164,14,591934
1738024380,1.0469,1.04715,1.0469,1.0469,129,425.15,0,90,0,51,90,-39,51,591934
1738024560,1.0469,1.0471,1.0469,1.047,76,409.5,0,76,0,76,76,0,76,591934
1738024740,1.04695,1.0473,1.04695,1.04725,132,366.85,0,132,0,132,132,0,132,591934
1738024920,1.0473,1.0474,1.0472,1.0472,149,355.65,0,124,0,99,124,-25,99,591934
1738025100,1.04725,1.0473,1.047,1.04705,84,343.1,0,0,-84,-84,0,-84,-84,591934
1738025280,1.047,1.04735,1.047,1.0473,76,319.95,0,76,0,76,76,0,76,591934
1738025460,1.04725,1.0475,1.0471,1.0471,280,304.85,0,164,0,48,164,-116,48,591934
1738025640,1.04715,1.04715,1.0467,1.0468,213,301.4,0,0,-213,-213,0,-213,-213,591934
1738025820,1.0468,1.0469,1.04675,1.04685,103,292.5,0,20,-30,-3,50,-53,-3,591934
1738026000,1.04685,1.04725,1.04645,1.0472,305,261.9,0,305,0,305,305,0,305,591934
1738026180,1.04725,1.0475,1.04725,1.0474,111,243.05,0,111,0,111,111,0,111,591934
1738026360,1.04735,1.04755,1.0472,1.04735,179,238.1,0,67,-56,67,123,-56,67,591934
1738026540,1.04735,1.04745,1.04715,1.04745,151,238.7,0,105,-23,105,128,-23,105,591934
1738026720,1.04745,1.0476,1.0474,1.04755,171,226.7,0,49,-34,49,110,-61,49,591934
1738026900,1.0476,1.04785,1.04755,1.04775,196,211.9,0,196,0,196,196,0,196,591934
1738027080,1.04775,1.0478,1.0475,1.0477,158,205.25,0,15,-58,-58,50,-108,-58,591934
1738027260,1.0477,1.0478,1.04755,1.0477,181,196.7,0,133,-24,133,157,-24,133,591934
1738027440,1.04765,1.0479,1.04755,1.04775,227,180.75,0,55,-86,55,141,-86,55,591934
1738027620,1.0477,1.0479,1.0476,1.04785,169,171.6,0,107,0,107,138,-31,107,591934
1738027800,1.0478,1.04795,1.04775,1.04785,296,169.3,0,229,0,162,229,-67,162,591934
1738027980,1.0478,1.0478,1.04735,1.0474,407,183.2,0,0,-307,-251,78,-329,-251,591934
1738028160,1.04735,1.04755,1.04735,1.04755,78,183.3,0,78,0,78,78,0,78,591934
1738028340,1.04755,1.04755,1.04725,1.0473,30,178.2,0,9,-12,-12,9,-21,-12,591934
1738028520,1.0472,1.0473,1.047,1.04715,100,175.75,0,0,-68,-68,16,-84,-68,591934
1738028700,1.0472,1.04725,1.0469,1.0469,59,174.5,0,0,-59,-59,0,-59,-59,591934
1738028880,1.04695,1.04725,1.04695,1.04725,154,178.4,0,154,0,154,154,0,154,591934
1738029060,1.04725,1.0474,1.04725,1.0474,127,170.75,0,127,0,127,127,0,127,591934
1738029240,1.0474,1.0474,1.04725,1.0474,81,164.15,0,31,-25,31,56,-25,31,591934
1738029420,1.0474,1.0475,1.04525,1.04615,3570,337.5,0,18,-3534,-3534,18,-3552,-3534,591934
1738029600,1.046,1.0465,1.04555,1.04555,891,366.8,0,272,-347,-347,272,-619,-347,591934
1738029780,1.0455,1.0456,1.0451,1.04525,817,402.1,0,0,-617,-417,200,-617,-417,591934
1738029960,1.04515,1.04585,1.04475,1.0458,802,433.25,0,70,-366,70,436,-366,70,591934
1738030140,1.04585,1.0462,1.0455,1.0458,1110,481.2,0,0,-680,-250,430,-680,-250,591934
1738030320,1.0457,1.04575,1.0452,1.04525,226,483.95,0,0,-226,-226,0,-226,-226,591934
1738030500,1.0452,1.04595,1.04515,1.0459,295,488.9,0,295,0,295,295,0,295,591934
1738030680,1.04585,1.0461,1.0458,1.04595,204,491.2,0,14,-86,4,104,-100,4,591934
1738030860,1.04595,1.04595,1.04575,1.04585,56,484.95,0,0,-45,-34,11,-45,-34,591934
1738031040,1.04585,1.0461,1.04585,1.046,114,479.3,0,86,0,58,86,-28,58,591934
1738031220,1.0459,1.04605,1.04575,1.04605,42,472.95,0,8,-17,8,25,-17,8,591934
1738031400,1.04595,1.0462,1.04595,1.04605,140,465.15,0,90,0,40,90,-50,40,591934
1738031580,1.046,1.04605,1.04585,1.04595,52,447.4,0,18,-8,-8,22,-30,-8,591934
1738031760,1.04595,1.046,1.0458,1.0458,140,450.5,0,18,-104,-104,18,-122,-104,591934
1738031940,1.0458,1.04595,1.0457,1.0457,43,451.15,0,9,-25,-25,9,-34,-25,591934
1738032120,1.0456,1.04575,1.04555,1.04565,52,448.75,0,43,0,34,43,-9,34,591934
1738032300,1.0456,1.0456,1.0454,1.0454,31,447.35,0,0,-31,-31,0,-31,-31,591934
1738032480,1.04545,1.04555,1.04545,1.0455,18,440.55,0,17,0,16,17,-1,16,591934
1738032660,1.04545,1.0456,1.04525,1.0456,161,442.25,0,0,-111,-61,50,-111,-61,591934
1738032840,1.04565,1.04605,1.04565,1.04575,79,442.15,0,59,0,39,59,-20,39,591934
1738033020,1.04575,1.0459,1.0457,1.0457,56,266.45,0,12,-32,-32,12,-44,-32,591934
1738033200,1.0457,1.04585,1.0457,1.04575,49,224.35,0,8,-33,-33,8,-41,-33,591934
1738033380,1.04575,1.0461,1.04575,1.0459,94,188.2,0,68,0,42,68,-26,42,591934
1738033560,1.0458,1.04585,1.04565,1.04585,36,149.9,0,8,-14,8,22,-14,8,591934
1738033740,1.04575,1.04595,1.0457,1.0457,37,96.25,0,5,-27,-27,5,-32,-27,591934
1738033920,1.04575,1.0459,1.0455,1.0459,143,92.1,0,17,-63,17,80,-63,17,591934
1738034100,1.0459,1.0461,1.0458,1.0458,58,80.25,0,45,0,32,45,-13,32,591934
1738034280,1.0457,1.04575,1.04565,1.04575,8,70.45,0,0,-4,0,4,-4,0,591934
1738034460,1.0458,1.0458,1.0456,1.0456,46,69.95,0,1,-20,-20,13,-33,-20,591934
1738034640,1.0456,1.04585,1.04555,1.04585,99,69.2,0,19,-40,19,59,-40,19,591934
1738034820,1.0458,1.0461,1.0458,1.04605,70,70.6,0,70,0,70,70,0,70,591934
1738035000,1.0461,1.04625,1.04595,1.04595,319,79.55,0,234,0,149,234,-85,149,591934
1738035180,1.04595,1.0461,1.04575,1.0458,174,85.65,0,24,-126,-126,24,-150,-126,591934
1738035360,1.0458,1.0458,1.0457,1.0457,59,81.6,0,0,-59,-59,0,-59,-59,591934
1738035540,1.04575,1.0458,1.0457,1.04575,33,81.1,0,6,-21,-21,6,-27,-21,591934
1738035720,1.04575,1.04575,1.04565,1.04575,85,82.75,0,31,-27,31,58,-27,31,591934
1738035900,1.0457,1.04585,1.0457,1.0457,81,85.25,0,57,0,33,57,-24,33,591934
1738036080,1.0456,1.0457,1.04555,1.04555,31,85.9,0,6,-19,-19,6,-25,-19,591934
1738036260,1.0456,1.04575,1.0456,1.04575,46,80.15,0,46,0,46,46,0,46,591934
1738036440,1.0457,1.0457,1.04535,1.04535,69,79.65,0,0,-69,-69,0,-69,-69,591934
1738036620,1.0453,1.0454,1.04525,1.04525,451,99.4,0,432,0,413,432,-19,413,591934
1738036800,1.04525,1.0455,1.04525,1.04535,133,103.6,0,117,0,101,117,-16,101,591934
1738036980,1.0454,1.04545,1.04525,1.04545,144,106.1,0,136,0,136,140,-4,136,591934
1738037160,1.0455,1.04555,1.04545,1.04545,92,108.9,0,29,-30,-30,31,-61,-30,591934
1738037340,1.04545,1.0455,1.0454,1.0454,69,110.5,0,51,0,33,51,-18,33,591934
1738037520,1.04545,1.04555,1.0454,1.04545,55,106.1,0,25,-5,-5,25,-30,-5,591934
1738037700,1.04545,1.0456,1.0454,1.0454,70,106.7,0,48,0,26,48,-22,26,591934
1738037880,1.0454,1.04545,1.04535,1.0454,44,108.5,0,0,-30,-30,7,-37,-30,591934
1738038060,1.0453,1.04545,1.0453,1.04545,14,106.9,0,14,0,14,14,0,14,591934
1738038240,1.0454,1.0454,1.0452,1.0452,40,103.95,0,0,-40,-40,0,-40,-40,591934
1738038420,1.0452,1.04525,1.04515,1.04515,59,103.4,0,8,-27,-27,16,-43,-27,591934
1738038600,1.04515,1.0452,1.04505,1.0452,117,93.3,0,0,-115,-113,2,-115,-113,591934
1738038780,1.04515,1.04515,1.04505,1.04505,36,86.4,0,0,-36,-36,0,-36,-36,591934
1738038960,1.04505,1.04515,1.04505,1.04505,48,85.85,0,32,0,16,32,-16,16,591934
1738039140,1.045,1.0451,1.04485,1.0451,273,97.85,0,0,-221,-169,52,-221,-169,591934
1738039320,1.04515,1.0452,1.0451,1.0452,39,95.55,0,0,-30,-21,9,-30,-21,591934
1738039500,1.0452,1.04535,1.04515,1.0453,56,94.3,0,56,0,56,56,0,56,591934
1738039680,1.0453,1.04535,1.0453,1.0453,41,94.8,0,40,0,39,40,-1,39,591934
1738039860,1.04535,1.0455,1.04535,1.0455,53,95.15,0,19,-2,19,36,-17,19,591934
1738040040,1.04555,1.04575,1.04555,1.0457,42,93.8,0,42,0,42,42,0,42,591934
1738040220,1.0457,1.04575,1.04565,1.04575,65,74.5,0,65,0,65,65,0,65,591934
1738040400,1.04575,1.04585,1.0457,1.0458,56,70.65,0,2,-27,2,29,-27,2,591934
1738040580,1.0458,1.0458,1.04575,1.04575,22,64.55,0,19,0,16,19,-3,16,591934
1738040760,1.0457,1.0457,1.04565,1.0457,33,61.6,0,0,-33,-33,0,-33,-33,591934
1738040940,1.04575,1.04595,1.04575,1.0459,37,60,0,37,0,37,37,0,37,591934
1738041120,1.04585,1.04595,1.0458,1.04595,46,59.55,0,26,-10,26,36,-10,26,591934
1738041300,1.04595,1.04595,1.0458,1.04595,31,57.6,0,7,-11,7,19,-12,7,591934
1738041480,1.04585,1.04605,1.04585,1.04605,52,58,0,44,-4,44,48,-4,44,591934
1738041660,1.04605,1.04615,1.046,1.046,77,61.15,0,10,-57,-57,10,-67,-57,591934
1738041840,1.046,1.04605,1.046,1.04605,26,60.45,0,22,-2,22,24,-2,22,591934
1738042020,1.04605,1.0461,1.04605,1.0461,30,59,0,30,0,30,30,0,30,591934
1738042200,1.04605,1.04605,1.046,1.046,12,53.75,0,0,-12,-12,0,-12,-12,591934
1738042380,1.04605,1.0462,1.04605,1.0462,54,54.65,0,54,0,54,54,0,54,591934
1738042560,1.0462,1.0462,1.04615,1.04615,37,54.1,0,0,-37,-37,0,-37,-37,591934
1738042740,1.0461,1.0461,1.04605,1.0461,40,42.45,0,0,-26,-12,14,-26,-12,591934
1738042920,1.0461,1.0461,1.046,1.04605,25,41.75,0,5,-10,5,15,-10,5,591934
1738043100,1.0461,1.0462,1.0461,1.0462,61,42,0,61,0,61,61,0,61,591934
1738043280,1.04615,1.04615,1.046,1.046,58,42.85,0,0,-58,-58,0,-58,-58,591934
1738043460,1.0461,1.0461,1.04605,1.0461,44,42.4,0,44,0,44,44,0,44,591934
1738043640,1.0461,1.04615,1.0459,1.04595,72,43.9,0,52,0,52,62,-10,52,591934
1738043820,1.046,1.046,1.04595,1.04595,65,43.9,0,15,-35,-35,15,-50,-35,591934
1738044000,1.04595,1.04635,1.04595,1.04635,99,46.05,0,99,0,99,99,0,99,591934
1738044180,1.0463,1.0464,1.04625,1.0464,182,54.05,0,16,-83,16,99,-83,16,591934
1738044360,1.0464,1.0466,1.04625,1.0465,195,62.15,0,93,-51,93,144,-51,93,591934
1738044540,1.0465,1.0465,1.04635,1.04635,285,74.55,0,0,-285,-285,0,-285,-285,591934
1738044720,1.04635,1.04665,1.04635,1.04655,636,104.05,0,636,0,636,636,0,636,591934
1738044900,1.0465,1.0466,1.04645,1.0465,70,106,0,66,0,62,66,-4,62,591934
1738045080,1.04655,1.0467,1.04655,1.04665,96,108.2,0,96,0,96,96,0,96,591934
1738045260,1.0466,1.0466,1.04645,1.0465,168,112.75,0,0,-144,-120,24,-144,-120,591934
1738045440,1.0465,1.0465,1.0464,1.0465,148,118.85,0,0,-133,-118,15,-133,-118,591934
1738045620,1.04655,1.0466,1.04655,1.0466,22,118.45,0,22,0,22,22,0,22,591934
1738045800,1.04655,1.04675,1.04655,1.04675,144,125.05,0,130,-7,130,137,-7,130,591934
1738045980,1.04675,1.04675,1.0465,1.04655,87,126.7,0,0,-77,-67,10,-77,-67,591934
1738046160,1.04655,1.04655,1.04645,1.04645,46,127.15,0,0,-36,-36,5,-41,-36,591934
1738046340,1.04645,1.04645,1.04625,1.0463,83,129.3,0,13,-21,-15,34,-49,-15,591934
1738046520,1.0463,1.0463,1.0461,1.04615,64,131.25,0,0,-64,-64,0,-64,-64,591934
1738046700,1.04615,1.04615,1.0457,1.04575,290,142.7,0,0,-290,-290,0,-290,-290,591934
1738046880,1.04575,1.0461,1.04575,1.046,104,145,0,57,0,10,57,-47,10,591934
1738047060,1.04605,1.04605,1.04585,1.0459,161,150.85,0,30,-101,-101,30,-131,-101,591934
1738047240,1.0459,1.04605,1.04585,1.04595,108,152.65,0,0,-78,-78,15,-93,-78,591934
1738047420,1.046,1.0463,1.046,1.0461,158,157.3,0,86,0,14,86,-72,14,591934
1738047600,1.0461,1.0462,1.0458,1.0458,1014,203.05,0,0,-1014,-1014,0,-1014,-1014,591934
1738047780,1.04585,1.046,1.04565,1.0459,307,209.3,0,85,-111,85,196,-111,85,591934
1738047960,1.0459,1.04635,1.0459,1.0462,230,211.05,0,152,0,152,191,-39,152,591934
1738048140,1.0462,1.04665,1.0462,1.0463,761,234.85,0,664,0,567,664,-97,567,591934
1738048320,1.0463,1.04635,1.04615,1.04625,221,214.1,0,108,-40,75,148,-73,75,591934
1738048500,1.0463,1.0464,1.0462,1.0463,318,226.5,0,206,0,94,206,-112,94,591934
1738048680,1.04625,1.0464,1.04605,1.04605,314,237.4,0,93,-128,-128,93,-221,-128,591934
1738048860,1.04605,1.04655,1.04595,1.0465,720,265,0,194,-263,194,457,-263,194,591934
1738049040,1.0464,1.04645,1.0462,1.04625,408,278,0,0,-408,-408,0,-408,-408,591934
1738049220,1.0462,1.04655,1.0461,1.04645,437,298.75,0,235,-101,235,336,-101,235,591934
1738049400,1.0465,1.0465,1.04585,1.0461,370,310.05,0,0,-306,-242,64,-306,-242,591934
1738049580,1.046,1.0462,1.04585,1.0461,280,319.7,0,114,-83,114,197,-83,114,591934
1738049760,1.0461,1.04615,1.0456,1.04565,256,330.2,0,0,-256,-256,0,-256,-256,591934
1738049940,1.04565,1.04565,1.0452,1.0453,377,344.9,0,0,-251,-125,126,-251,-125,591934
1738050120,1.0453,1.04555,1.0451,1.0455,282,355.8,0,148,-67,148,215,-67,148,591934
1738050300,1.0455,1.04565,1.0452,1.04545,167,349.65,0,0,-105,-43,62,-105,-43,591934
1738050480,1.0454,1.04565,1.0454,1.0455,169,352.9,0,79,-11,-11,79,-90,-11,591934
1738050660,1.0455,1.04555,1.0452,1.0453,204,355.05,0,0,-140,-76,64,-140,-76,591934
1738050840,1.04535,1.04585,1.0453,1.04585,391,369.2,0,391,0,391,391,0,391,591934
1738051020,1.04585,1.04595,1.0457,1.04575,563,389.45,0,215,-133,-133,215,-348,-133,591934
1738051200,1.0458,1.0459,1.0455,1.0457,804,378.95,0,0,-410,-410,197,-607,-410,591934
1738051380,1.0457,1.0458,1.0453,1.04535,804,403.8,0,277,-250,-250,277,-527,-250,591934
1738051560,1.0454,1.0458,1.04535,1.0456,830,433.8,0,830,0,830,830,0,830,591934
1738051740,1.04555,1.04565,1.04515,1.0454,665,429,0,0,-459,-253,206,-459,-253,591934
1738051920,1.04535,1.0454,1.0451,1.04535,420,438.95,0,96,-162,96,258,-162,96,591934
1738052100,1.0454,1.0457,1.0453,1.0456,601,453.1,0,245,-178,245,423,-178,245,591934
1738052280,1.0456,1.04575,1.04545,1.0456,476,461.2,0,166,-144,-144,166,-310,-144,591934
1738052460,1.04555,1.0456,1.04515,1.0453,704,460.4,0,0,-612,-520,92,-612,-520,591934
1738052640,1.0453,1.0455,1.0453,1.04545,352,457.6,0,236,0,120,236,-116,120,591934
1738052820,1.04545,1.04555,1.04515,1.04515,416,456.55,0,0,-416,-416,0,-416,-416,591934
1738053000,1.04515,1.04515,1.0448,1.0449,1252,500.65,0,0,-1252,-1252,0,-1252,-1252,591934
1738053180,1.0449,1.04555,1.04485,1.0454,456,509.45,0,456,0,456,456,0,456,591934
1738053360,1.04535,1.04565,1.0452,1.0455,643,528.8,0,402,0,161,402,-241,161,591934
1738053540,1.04555,1.0456,1.04515,1.0454,270,523.45,0,0,-160,-50,110,-160,-50,591934
1738053720,1.0455,1.0458,1.0454,1.0456,466,532.65,0,349,0,232,349,-117,232,591934
1738053900,1.0456,1.0456,1.045,1.0451,362,542.4,0,0,-245,-128,117,-245,-128,591934
1738054080,1.0451,1.0454,1.0451,1.0454,378,552.85,0,378,0,378,378,0,378,591934
1738054260,1.0454,1.0455,1.0451,1.04515,424,563.85,0,151,-44,-44,190,-234,-44,591934
1738054440,1.04515,1.04515,1.04425,1.0447,1304,609.5,0,0,-1304,-1304,0,-1304,-1304,591934
1738054620,1.0447,1.04505,1.0445,1.0448,691,615.9,0,209,-175,-77,307,-384,-77,591934
1738054800,1.04485,1.0451,1.04465,1.0448,665,608.95,0,429,0,193,429,-236,193,591934
1738054980,1.04485,1.04505,1.04455,1.04505,555,596.5,0,0,-309,-63,246,-309,-63,591934
1738055160,1.045,1.04545,1.04485,1.0453,540,582,0,430,-55,430,485,-55,430,591934
1738055340,1.0453,1.0455,1.0453,1.0454,409,569.2,0,409,0,409,409,0,409,591934
1738055520,1.0454,1.0456,1.0454,1.04555,316,564,0,316,0,316,316,0,316,591934
1738055700,1.0456,1.04585,1.0455,1.04585,465,557.2,0,465,0,465,465,0,465,591934
1738055880,1.0459,1.04605,1.04565,1.04575,480,557.4,0,220,-40,-40,220,-260,-40,591934
1738056060,1.0458,1.04595,1.0457,1.04585,314,537.9,0,0,-206,-98,108,-206,-98,591934
1738056240,1.04585,1.0463,1.0457,1.04615,492,544.9,0,254,-119,254,373,-119,254,591934
1738056420,1.0462,1.04655,1.04605,1.04645,835,565.85,0,531,-152,531,683,-152,531,591934
1738056600,1.0464,1.0467,1.0464,1.0466,731,539.8,0,398,0,295,513,-218,295,591934
1738056780,1.0466,1.0467,1.04645,1.04645,531,543.55,0,134,-263,-263,134,-397,-263,591934
1738056960,1.0465,1.04665,1.0463,1.04635,216,522.2,0,34,-148,-148,34,-182,-148,591934
1738057140,1.04645,1.0466,1.0464,1.04655,435,530.45,0,321,-57,321,378,-57,321,591934
1738057320,1.04655,1.04665,1.0464,1.0464,357,525,0,0,-269,-269,44,-313,-269,591934
1738057500,1.0464,1.04645,1.04605,1.0461,285,521.15,0,0,-285,-285,0,-285,-285,591934
1738057680,1.04605,1.0461,1.04575,1.04595,595,532,0,209,-193,209,402,-193,209,591934
1738057860,1.04595,1.046,1.04555,1.0456,634,542.5,0,0,-634,-634,0,-634,-634,591934
1738058040,1.04565,1.0459,1.04555,1.0459,476,501.1,0,258,0,258,367,-109,258,591934
1738058220,1.04585,1.04595,1.0456,1.04585,559,494.5,0,257,-151,257,408,-151,257,591934
1738058400,1.0458,1.04605,1.04565,1.04575,279,475.2,0,152,0,25,152,-127,25,591934
1738058580,1.0457,1.0459,1.0455,1.0459,366,465.75,0,230,-68,230,298,-68,230,591934
1738058760,1.0459,1.04595,1.04545,1.04555,248,451.15,0,0,-248,-248,0,-248,-248,591934
1738058940,1.0455,1.046,1.0455,1.0459,335,447.45,0,335,0,335,335,0,335,591934
1738059120,1.0459,1.0459,1.0456,1.0458,140,438.65,0,20,-34,-34,53,-87,-34,591934
1738059300,1.04575,1.046,1.04575,1.04595,70,418.9,0,70,0,70,70,0,70,591934
1738059480,1.04595,1.04595,1.04525,1.04535,410,415.4,0,0,-410,-410,0,-410,-410,591934
1738059660,1.04535,1.0455,1.04525,1.0455,490,424.2,0,490,0,490,490,0,490,591934
1738059840,1.0455,1.0456,1.0454,1.0455,124,405.8,0,86,0,48,86,-38,48,591934
1738060020,1.0455,1.0457,1.04545,1.0455,175,372.8,0,0,-175,-175,0,-175,-175,591934
1738060200,1.04545,1.04555,1.04535,1.0455,245,348.5,0,0,-149,-131,57,-188,-131,591934
1738060380,1.0455,1.04585,1.04545,1.0458,165,330.2,0,165,0,165,165,0,165,591934
1738060560,1.04575,1.0458,1.04565,1.04575,129,325.85,0,23,-30,-23,53,-76,-23,591934
1738060740,1.0457,1.0457,1.0455,1.0456,175,312.85,0,0,-114,-53,61,-114,-53,591934
1738060920,1.04555,1.0459,1.0455,1.04575,316,310.8,0,72,-172,-172,72,-244,-172,591934
1738061100,1.04575,1.04575,1.04535,1.0455,301,311.6,0,0,-301,-301,0,-301,-301,591934
1738061280,1.0455,1.0456,1.04525,1.04535,266,295.15,0,74,-118,-118,74,-192,-118,591934
1738061460,1.0454,1.04545,1.04485,1.045,866,306.75,0,0,-866,-866,0,-866,-866,591934
1738061640,1.045,1.04505,1.04485,1.0449,271,296.5,0,0,-271,-271,0,-271,-271,591934
1738061820,1.0449,1.0449,1.0448,1.0448,147,275.9,0,0,-147,-147,0,-147,-147,591934
1738062000,1.04475,1.045,1.0447,1.04485,264,275.15,0,212,0,160,212,-52,160,591934
1738062180,1.04485,1.04515,1.0448,1.04515,247,269.2,0,247,0,247,247,0,247,591934
1738062360,1.0452,1.0454,1.0451,1.0453,360,274.8,0,360,0,360,360,0,360,591934
1738062540,1.0454,1.0454,1.04525,1.0454,122,264.15,0,49,0,36,79,-43,36,591934
1738062720,1.04535,1.0456,1.0453,1.04555,387,276.5,0,0,-171,-139,124,-263,-139,591934
1738062900,1.0455,1.0455,1.0451,1.04515,433,294.65,0,0,-433,-433,0,-433,-433,591934
1738063080,1.0451,1.04525,1.0451,1.04515,229,285.6,0,21,-187,-187,21,-208,-187,591934
1738063260,1.0452,1.04525,1.04505,1.0452,367,279.45,0,74,-75,69,218,-149,69,591934
1738063440,1.0452,1.04525,1.04515,1.04515,460,296.25,0,0,-460,-460,0,-460,-460,591934
1738063620,1.04515,1.04525,1.04505,1.0451,267,300.85,0,102,-63,-63,102,-165,-63,591934
1738063800,1.04505,1.04525,1.04505,1.0452,372,307.2,0,372,0,372,372,0,372,591934
1738063980,1.04515,1.0452,1.04475,1.04495,559,326.9,0,272,0,169,364,-195,169,591934
1738064160,1.04495,1.04495,1.0446,1.0447,255,333.2,0,0,-255,-255,0,-255,-255,591934
1738064340,1.0447,1.0449,1.0447,1.0448,214,335.15,0,172,0,130,172,-42,130,591934
1738064520,1.0448,1.0451,1.0448,1.0449,307,334.7,0,225,0,143,225,-82,143,591934
1738064700,1.04485,1.04495,1.0446,1.0447,568,348.05,0,151,-266,-266,151,-417,-266,591934
1738064880,1.04465,1.045,1.0446,1.04495,428,356.15,0,280,-74,280,354,-74,280,591934
1738065060,1.04495,1.0451,1.0446,1.0448,360,330.85,0,0,-239,-118,121,-239,-118,591934
1738065240,1.0448,1.0451,1.0448,1.04485,345,334.55,0,144,-57,-57,144,-201,-57,591934
1738065420,1.0448,1.0449,1.04455,1.04465,686,361.5,0,38,-610,-610,38,-648,-610,591934
1738065600,1.04465,1.04475,1.04445,1.04445,923,394.45,0,10,-471,-471,226,-697,-471,591934
1738065780,1.0445,1.0445,1.0439,1.0441,1429,453.55,0,0,-1299,-1169,130,-1299,-1169,591934
1738065960,1.04415,1.04415,1.0437,1.04395,967,483.9,0,0,-606,-245,361,-606,-245,591934
1738066140,1.04395,1.0442,1.04385,1.0442,696,512.6,0,696,0,696,696,0,696,591934
1738066320,1.0442,1.04445,1.04415,1.04425,485,517.5,0,331,0,177,331,-154,177,591934
1738066500,1.04425,1.0443,1.0439,1.04395,782,534.95,0,0,-782,-782,0,-782,-782,591934
1738066680,1.04395,1.04415,1.04375,1.04415,492,548.1,0,240,-126,240,366,-126,240,591934
1738066860,1.0442,1.0444,1.0441,1.04425,290,544.25,0,235,0,180,235,-55,180,591934
1738067040,1.0443,1.0444,1.04415,1.0444,190,530.75,0,104,-43,104,147,-43,104,591934
1738067220,1.04435,1.0444,1.0442,1.04435,203,527.55,0,0,-151,-99,52,-151,-99,591934
1738067400,1.0443,1.04445,1.0441,1.04435,386,528.25,0,132,-127,132,259,-127,132,591934
1738067580,1.0444,1.0446,1.0443,1.04455,349,517.75,0,217,-26,217,283,-66,217,591934
1738067760,1.04455,1.04455,1.0442,1.0444,290,519.5,0,0,-258,-226,32,-258,-226,591934
1738067940,1.0444,1.0445,1.0442,1.04445,222,519.9,0,144,-25,144,183,-39,144,591934
1738068120,1.04445,1.04465,1.0444,1.04455,274,518.25,0,136,-2,-2,136,-138,-2,591934
1738068300,1.0446,1.0447,1.0444,1.0444,450,512.35,0,216,-64,110,280,-170,110,591934
1738068480,1.0444,1.0447,1.0444,1.0447,208,501.35,0,208,0,208,208,0,208,591934
1738068660,1.0447,1.04485,1.0447,1.0448,518,509.25,0,246,0,56,287,-231,56,591934
1738068840,1.0448,1.0448,1.04435,1.0444,381,511.05,0,0,-381,-381,0,-381,-381,591934
1738069020,1.04435,1.04435,1.044,1.04435,374,495.45,0,86,-144,86,230,-144,86,591934
1738069200,1.0443,1.0445,1.0442,1.04435,372,467.9,0,183,0,180,276,-96,180,591934
1738069380,1.0444,1.0444,1.04405,1.0441,167,404.8,0,0,-127,-127,20,-147,-127,591934
1738069560,1.0441,1.0445,1.0441,1.04445,248,368.85,0,248,0,248,248,0,248,591934
1738069740,1.04445,1.0445,1.04435,1.04445,418,354.95,0,58,-118,-66,176,-242,-66,591934
1738069920,1.0445,1.04475,1.0444,1.0446,421,351.75,0,190,-41,-41,190,-231,-41,591934
1738070100,1.04465,1.04495,1.04465,1.04475,831,354.2,0,276,-279,-279,276,-555,-279,591934
1738070280,1.04475,1.045,1.0446,1.045,480,353.6,0,224,0,224,352,-128,224,591934
1738070460,1.04495,1.0451,1.04475,1.0451,650,371.6,0,418,-116,418,534,-116,418,591934
1738070640,1.04505,1.04515,1.0449,1.0451,775,400.85,0,341,0,341,558,-217,341,591934
1738070820,1.04505,1.0451,1.0448,1.0448,697,425.55,0,1,-375,-375,161,-536,-375,591934
1738071000,1.0448,1.0453,1.0448,1.04515,2081,510.3,0,1236,0,889,1485,-596,889,591934
1738071180,1.0452,1.04545,1.04495,1.045,513,518.5,0,174,-165,-165,174,-339,-165,591934
1738071360,1.045,1.04515,1.04475,1.0448,520,530,0,249,-22,-22,249,-271,-22,591934
1738071540,1.04485,1.0451,1.04475,1.04505,716,554.7,0,422,-147,422,569,-147,422,591934
1738071720,1.04505,1.0453,1.04495,1.04525,399,560.95,0,399,0,399,399,0,399,591934
1738071900,1.04535,1.04535,1.04485,1.04485,432,560.05,0,0,-432,-432,0,-432,-432,591934
1738072080,1.0449,1.0449,1.0444,1.0446,797,589.5,0,0,-520,-243,277,-520,-243,591934
1738072260,1.0446,1.04475,1.0445,1.04465,779,602.55,0,223,-333,-333,223,-556,-333,591934
1738072440,1.04465,1.045,1.0446,1.045,694,618.2,0,694,0,694,694,0,694,591934
1738072620,1.04495,1.04505,1.04475,1.0448,438,621.4,0,154,-130,-130,154,-284,-130,591934
1738072800,1.04475,1.0453,1.04475,1.04495,569,631.25,0,426,0,283,426,-143,283,591934
1738072980,1.04495,1.04515,1.04475,1.04475,228,634.3,0,67,-94,-94,67,-161,-94,591934
1738073160,1.0448,1.0453,1.04475,1.04495,484,646.1,0,165,-154,-154,165,-319,-154,591934
1738073340,1.0449,1.04505,1.0448,1.04505,443,647.35,0,297,-73,297,370,-73,297,591934
1738073520,1.04505,1.04535,1.04485,1.04525,401,646.35,0,197,-102,197,299,-102,197,591934
1738073700,1.0452,1.0454,1.04515,1.0452,308,620.2,0,89,-130,-130,89,-219,-130,591934
1738073880,1.0452,1.04565,1.04515,1.0456,323,612.35,0,241,-41,241,282,-41,241,591934
1738074060,1.0456,1.0457,1.04545,1.0456,853,622.5,0,671,-91,671,762,-91,671,591934
1738074240,1.0456,1.04565,1.04545,1.04545,359,601.7,0,256,0,153,256,-103,153,591934
1738074420,1.0455,1.0458,1.04545,1.04555,373,585.5,0,193,0,13,193,-180,13,591934
1738074600,1.04555,1.046,1.0454,1.04595,1118,537.35,0,747,0,376,747,-371,376,591934
1738074780,1.04595,1.04605,1.0458,1.04595,530,538.2,0,44,-243,44,287,-243,44,591934
1738074960,1.046,1.04645,1.046,1.04615,1014,562.9,0,619,0,224,619,-395,224,591934
1738075140,1.04605,1.04615,1.04585,1.04585,574,555.8,0,0,-260,-260,157,-417,-260,591934
1738075320,1.04585,1.04605,1.0456,1.0456,882,579.95,0,288,-155,4,443,-439,4,591934
1738075500,1.0456,1.04565,1.0452,1.0454,1147,615.7,0,406,-166,-3,572,-575,-3,591934
1738075680,1.0454,1.04575,1.04535,1.04545,652,608.45,0,259,-134,-134,259,-393,-134,591934
1738075860,1.0454,1.04555,1.0452,1.0452,916,615.3,0,0,-416,-216,350,-566,-216,591934
1738076040,1.04515,1.0455,1.0451,1.0455,692,615.2,0,692,0,692,692,0,692,591934
1738076220,1.0455,1.0456,1.0453,1.0455,599,623.25,0,0,-323,-47,276,-323,-47,591934
1738076400,1.0455,1.04595,1.0455,1.0456,1005,645.05,0,569,0,133,569,-436,133,591934
1738076580,1.0456,1.04605,1.0456,1.046,847,676,0,847,0,847,847,0,847,591934
1738076760,1.04595,1.04615,1.04585,1.046,660,684.8,0,72,-288,-288,186,-474,-288,591934
1738076940,1.04595,1.0461,1.04565,1.0458,303,677.8,0,100,-34,35,169,-134,35,591934
1738077120,1.0458,1.0461,1.0457,1.04605,496,682.55,0,74,-211,74,285,-211,74,591934
1738077300,1.04605,1.04605,1.04565,1.04605,517,693,0,165,-176,165,341,-176,165,591934
1738077480,1.046,1.046,1.04565,1.0457,402,696.95,0,89,-84,-56,173,-229,-56,591934
1738077660,1.04575,1.04605,1.04575,1.046,434,676,0,434,0,434,434,0,434,591934
1738077840,1.04605,1.0461,1.0457,1.04595,665,691.3,0,0,-665,-665,0,-665,-665,591934
1738078020,1.04595,1.04605,1.04555,1.04605,766,710.95,0,94,-336,94,430,-336,94,591934
1738078200,1.046,1.04625,1.0459,1.04615,757,692.9,0,44,-281,-107,325,-432,-107,591934
1738078380,1.04615,1.04625,1.04595,1.046,394,686.1,0,0,-394,-394,0,-394,-394,591934
1738078560,1.04595,1.04605,1.04575,1.046,421,656.45,0,129,-57,129,275,-146,129,591934
1738078740,1.04605,1.04615,1.0458,1.0459,605,658,0,205,-48,205,405,-200,205,591934
1738078920,1.0459,1.0459,1.04535,1.04545,959,661.85,0,0,-959,-959,0,-959,-959,591934
1738079100,1.0454,1.04555,1.0452,1.04535,684,638.7,0,170,-257,170,427,-257,170,591934
1738079280,1.0453,1.04555,1.04515,1.0454,612,636.7,0,0,-236,-236,188,-424,-236,591934
1738079460,1.04535,1.04535,1.0448,1.04485,1183,650.05,0,0,-1183,-1183,0,-1183,-1183,591934
1738079640,1.04485,1.0449,1.04465,1.04465,1548,692.85,0,0,-792,-792,378,-1170,-792,591934
1738079820,1.04465,1.0448,1.0444,1.0447,2058,765.8,0,0,-1125,-1066,496,-1562,-1066,591934
1738080000,1.04475,1.04515,1.0447,1.0451,1879,809.5,0,841,0,383,1131,-748,383,591934
1738080180,1.0451,1.04525,1.045,1.04525,765,805.4,0,337,0,337,551,-214,337,591934
1738080360,1.04525,1.0454,1.0452,1.0453,841,814.45,0,212,-417,-417,212,-629,-417,591934
1738080540,1.04525,1.0456,1.04525,1.04545,883,843.45,0,883,0,883,883,0,883,591934
1738080720,1.0454,1.04545,1.04515,1.04515,513,844.3,0,0,-513,-513,0,-513,-513,591934
1738080900,1.04515,1.04535,1.0451,1.0452,1109,873.9,0,203,-556,-409,350,-759,-409,591934
1738081080,1.0452,1.0453,1.045,1.045,1403,923.95,0,530,-343,-343,530,-873,-343,591934
1738081260,1.04495,1.04515,1.04485,1.045,656,935.05,0,420,0,184,420,-236,184,591934
1738081440,1.045,1.0453,1.045,1.045,428,923.2,0,122,-184,-184,122,-306,-184,591934
1738081620,1.045,1.0452,1.0449,1.04505,359,902.85,0,147,0,147,253,-106,147,591934
1738081800,1.045,1.0451,1.04475,1.0449,513,890.65,0,0,-283,-283,115,-398,-283,591934
1738081980,1.0449,1.04495,1.0447,1.0447,569,899.4,0,0,-237,-117,226,-343,-117,591934
1738082160,1.0447,1.04515,1.04465,1.04505,507,903.7,0,256,0,5,256,-251,5,591934
1738082340,1.045,1.04535,1.04485,1.04485,474,897.15,0,349,0,224,349,-125,224,591934
1738082520,1.0448,1.04485,1.0445,1.0447,638,881.1,0,0,-408,-408,115,-523,-408,591934
1738082700,1.04475,1.04495,1.04475,1.04485,508,872.3,0,114,-280,-280,114,-394,-280,591934
1738082880,1.04485,1.04495,1.04475,1.0448,398,861.6,0,128,-142,-142,128,-270,-142,591934
1738083060,1.0448,1.0449,1.04465,1.0447,659,835.4,0,190,-279,-279,190,-469,-279,591934
1738083240,1.0447,1.0449,1.04455,1.04485,333,774.65,0,0,-206,-79,127,-206,-79,591934
1738083420,1.0449,1.0449,1.0446,1.0449,355,689.5,0,0,-227,-99,128,-227,-99,591934
1738083600,1.0449,1.0451,1.04485,1.04495,304,610.75,0,188,0,148,226,-78,148,591934
1738083780,1.045,1.04505,1.0448,1.0449,241,584.55,0,0,-188,-135,53,-188,-135,591934
1738083960,1.0449,1.0451,1.04485,1.04505,357,560.35,0,357,0,357,357,0,357,591934
1738084140,1.0451,1.0452,1.045,1.04515,284,530.4,0,50,-79,26,155,-129,26,591934
1738084320,1.0452,1.0452,1.04495,1.045,303,519.9,0,0,-303,-303,0,-303,-303,591934
1738084500,1.04495,1.045,1.04485,1.04495,265,477.7,0,0,-232,-199,33,-232,-199,591934
1738084680,1.0449,1.04505,1.0448,1.0449,326,423.85,0,132,0,68,197,-129,68,591934
1738084860,1.04495,1.0451,1.04495,1.04505,180,400.05,0,121,0,62,121,-59,62,591934
1738085040,1.04505,1.04515,1.04505,1.0451,104,383.85,0,0,-58,-12,46,-58,-12,591934
1738085220,1.04515,1.0453,1.04505,1.04505,300,380.9,0,116,-68,-68,116,-184,-68,591934
1738085400,1.045,1.04505,1.0449,1.04505,168,363.65,0,0,-130,-92,38,-130,-92,591934
1738085580,1.045,1.04535,1.04495,1.0453,327,351.55,0,239,-44,239,283,-44,239,591934
1738085760,1.0453,1.0454,1.0453,1.04535,254,338.9,0,127,0,0,127,-127,0,591934
1738085940,1.04535,1.04575,1.04535,1.0456,426,336.5,0,364,0,302,364,-62,302,591934
1738086120,1.0456,1.0457,1.04535,1.04545,899,349.55,0,0,-810,-721,89,-810,-721,591934
1738086300,1.0454,1.0455,1.04535,1.0454,188,333.55,0,0,-100,-100,44,-144,-100,591934
1738086480,1.0454,1.04545,1.0453,1.0454,173,322.3,0,0,-173,-173,0,-173,-173,591934
1738086660,1.0454,1.0455,1.04535,1.04535,171,297.9,0,119,0,67,119,-52,67,591934
1738086840,1.0453,1.0454,1.04525,1.04525,391,300.8,0,84,-223,-223,84,-307,-223,591934
1738087020,1.04525,1.04525,1.045,1.0451,403,303.2,0,83,-160,83,243,-160,83,591934
1738087200,1.04515,1.0453,1.04495,1.04515,565,316.25,0,369,-98,369,467,-98,369,591934
1738087380,1.04515,1.0453,1.045,1.0451,231,315.75,0,193,0,155,193,-38,155,591934
1738087560,1.04515,1.04525,1.04515,1.04525,135,304.65,0,135,0,135,135,0,135,591934
1738087740,1.04525,1.0453,1.0451,1.0452,180,299.45,0,0,-128,-128,26,-154,-128,591934
1738087920,1.04525,1.0453,1.04505,1.04515,237,296.15,0,83,-71,-71,83,-154,-71,591934
1738088100,1.0452,1.0453,1.04515,1.0453,233,294.55,0,233,0,233,233,0,233,591934
1738088280,1.0453,1.0453,1.04525,1.0453,82,282.35,0,0,-59,-36,23,-59,-36,591934
1738088460,1.04525,1.0456,1.04525,1.04555,234,285.05,0,172,0,110,172,-62,110,591934
1738088640,1.04555,1.0457,1.0455,1.04565,187,289.2,0,115,-36,115,151,-36,115,591934
1738088820,1.04565,1.0459,1.0456,1.0458,312,289.8,0,216,0,146,229,-83,146,591934
1738089000,1.0458,1.0461,1.0458,1.04605,364,299.6,0,250,0,250,307,-57,250,591934
1738089180,1.046,1.0461,1.04585,1.04585,172,291.85,0,112,0,52,112,-60,52,591934
1738089360,1.04585,1.04585,1.04545,1.04545,337,296,0,0,-337,-337,0,-337,-337,591934
1738089540,1.04545,1.04545,1.0449,1.04495,3378,443.6,0,0,-3378,-3378,0,-3378,-3378,591934
1738089720,1.0449,1.04525,1.0448,1.0448,388,418.05,0,243,0,98,243,-145,98,591934
1738089900,1.04485,1.04495,1.04465,1.04495,587,438,0,0,-376,-165,211,-376,-165,591934
1738090080,1.045,1.0451,1.0449,1.045,162,437.45,0,110,0,58,110,-52,58,591934
1738090260,1.045,1.04505,1.04485,1.045,142,436,0,0,-100,-58,42,-100,-58,591934
1738090440,1.04495,1.04495,1.04475,1.04495,105,421.7,0,0,-56,-7,49,-56,-7,591934
1738090620,1.0449,1.0451,1.0449,1.04495,272,415.15,0,164,0,56,164,-108,56,591934
1738090800,1.0449,1.04515,1.0448,1.0451,259,399.85,0,47,-106,47,153,-106,47,591934
1738090980,1.0451,1.0452,1.04505,1.0451,112,393.9,0,79,0,46,79,-33,46,591934
1738091160,1.0451,1.04515,1.04485,1.04485,87,391.5,0,0,-87,-87,0,-87,-87,591934
1738091340,1.04485,1.04485,1.04465,1.0447,123,388.65,0,0,-123,-123,0,-123,-123,591934
1738091520,1.04475,1.04485,1.0447,1.0447,140,383.8,0,91,0,42,91,-49,42,591934
1738091700,1.04465,1.0448,1.04455,1.0448,126,378.45,0,88,0,88,107,-19,88,591934
1738091880,1.0448,1.04495,1.04475,1.0449,76,378.15,0,0,-38,0,38,-38,0,591934
1738092060,1.04485,1.04485,1.0447,1.04475,286,380.75,0,0,-286,-286,0,-286,-286,591934
1738092240,1.0448,1.045,1.0447,1.04495,186,380.7,0,158,-14,158,172,-14,158,591934
1738092420,1.0449,1.04505,1.04485,1.04505,148,372.5,0,34,-57,34,91,-57,34,591934
1738092600,1.04505,1.0453,1.045,1.04525,232,365.9,0,232,0,232,232,0,232,591934
1738092780,1.0453,1.0453,1.0451,1.04525,270,370.8,0,0,-138,-6,132,-138,-6,591934
1738092960,1.04525,1.04535,1.04525,1.04525,71,357.5,0,16,-39,-39,16,-55,-39,591934
1738093140,1.04525,1.0455,1.04525,1.0455,171,197.15,0,171,0,171,171,0,171,591934
1738093320,1.0455,1.04555,1.04545,1.0455,180,186.75,0,59,-32,-2,89,-91,-2,591934
1738093500,1.04555,1.0457,1.04555,1.0456,249,169.85,0,249,0,249,249,0,249,591934
1738093680,1.04565,1.04575,1.04565,1.0457,114,167.45,0,94,0,74,94,-20,74,591934
1738093860,1.0457,1.046,1.0457,1.04585,582,189.45,0,523,0,464,523,-59,464,591934
1738094040,1.0459,1.04595,1.04575,1.04585,253,196.85,0,190,0,127,190,-63,127,591934
1738094220,1.04585,1.046,1.0458,1.04585,1321,249.3,0,0,-997,-997,162,-1159,-997,591934
1738094400,1.0458,1.04585,1.0455,1.0456,1133,293,0,0,-574,-15,559,-574,-15,591934
1738094580,1.0456,1.0456,1.04535,1.04535,234,299.1,0,0,-234,-234,0,-234,-234,591934
1738094760,1.04535,1.0456,1.04525,1.0456,161,302.8,0,69,-46,69,115,-46,69,591934
1738094940,1.0456,1.04565,1.0454,1.0455,199,306.6,0,74,-51,-51,74,-125,-51,591934
1738095120,1.04555,1.04565,1.0455,1.0456,183,308.75,0,26,-55,21,102,-81,21,591934
1738095300,1.04555,1.04575,1.0455,1.0456,77,306.3,0,60,0,43,60,-17,43,591934
1738095480,1.04565,1.0458,1.04565,1.0458,103,307.65,0,103,0,103,103,0,103,591934
1738095660,1.0458,1.0458,1.0456,1.04575,205,303.6,0,19,-93,19,112,-93,19,591934
1738095840,1.04575,1.0458,1.04575,1.0458,122,300.4,0,60,-12,60,91,-31,60,591934
1738096020,1.0458,1.04585,1.0456,1.04565,169,301.45,0,44,-81,-81,44,-125,-81,591934
1738096200,1.0456,1.04575,1.0456,1.04565,125,296.1,0,125,0,125,125,0,125,591934
1738096380,1.0457,1.0457,1.04545,1.0455,202,292.7,0,15,-172,-172,15,-187,-172,591934
1738096560,1.04555,1.0456,1.04545,1.04545,231,300.7,0,64,-103,-103,64,-167,-103,591934
1738096740,1.0455,1.04555,1.04545,1.0455,117,298,0,67,0,67,92,-25,67,591934
1738096920,1.0455,1.0456,1.0455,1.04555,117,294.85,0,117,0,117,117,0,117,591934
1738097100,1.0455,1.04555,1.04535,1.0455,212,293,0,0,-160,-108,52,-160,-108,591934
1738097280,1.0455,1.04565,1.0455,1.0456,69,290.75,0,69,0,69,69,0,69,591934
1738097460,1.0456,1.04565,1.0455,1.0455,107,267,0,54,0,1,54,-53,1,591934
1738097640,1.04555,1.0456,1.0454,1.0456,215,265.1,0,0,-134,-53,81,-134,-53,591934
1738097820,1.04555,1.0456,1.04545,1.04545,262,212.15,0,73,-116,-116,73,-189,-116,591934
1738098000,1.04545,1.0455,1.0454,1.0455,140,162.5,0,0,-117,-94,23,-117,-94,591934
1738098180,1.0455,1.04555,1.0455,1.04555,68,154.2,0,68,0,68,68,0,68,591934
1738098360,1.04555,1.04565,1.04555,1.04565,28,147.55,0,28,0,28,28,0,28,591934
1738098540,1.04565,1.0457,1.0456,1.04565,140,144.6,0,98,0,98,119,-21,98,591934
1738098720,1.04565,1.04565,1.0456,1.04565,63,138.6,0,21,-17,-13,25,-38,-13,591934
1738098900,1.0456,1.04565,1.0456,1.0456,21,135.8,0,0,-21,-21,0,-21,-21,591934
1738099080,1.0456,1.04575,1.0456,1.04565,144,137.85,0,105,-15,96,120,-24,96,591934
1738099260,1.0456,1.0456,1.0455,1.0456,146,134.9,0,0,-110,-74,36,-110,-74,591934
1738099440,1.04565,1.04565,1.0455,1.0455,41,130.85,0,0,-41,-41,0,-41,-41,591934
1738099620,1.0455,1.0455,1.04535,1.04535,61,125.45,0,0,-61,-61,0,-61,-61,591934
1738099800,1.04535,1.04545,1.04525,1.0454,55,121.95,0,5,-25,5,30,-25,5,591934
1738099980,1.0454,1.0454,1.0453,1.04535,34,113.55,0,0,-34,-34,0,-34,-34,591934
1738100160,1.0454,1.0454,1.04535,1.04535,12,102.6,0,5,-2,-2,5,-7,-2,591934
1738100340,1.04535,1.04535,1.04535,1.04535,35,98.5,0,0,-35,-35,0,-35,-35,591934
1738100520,1.04535,1.0454,1.0453,1.0454,36,94.45,0,28,0,28,32,-4,28,591934
1738100700,1.0454,1.04545,1.04535,1.04535,81,87.9,0,0,-81,-81,0,-81,-81,591934
1738100880,1.04535,1.04535,1.0453,1.04535,34,86.15,0,0,-23,-12,11,-23,-12,591934
1738101060,1.0454,1.0454,1.04535,1.0454,3,80.95,0,1,0,1,2,-1,1,591934
1738101240,1.04535,1.0454,1.04535,1.04535,11,70.75,0,0,-11,-11,0,-11,-11,591934
1738101420,1.0454,1.04545,1.04535,1.04545,94,62.35,0,94,0,94,94,0,94,590889
1738105200,1.04535,1.04535,1.04505,1.0451,117,61.2,0,0,-117,-117,0,-117,-117,590889
1738105380,1.0451,1.0452,1.0451,1.04515,16,58.6,0,2,-12,-12,2,-14,-12,590889
1738105560,1.0451,1.0451,1.04505,1.04505,58,60.1,0,0,-58,-58,0,-58,-58,590889
1738105740,1.04505,1.0451,1.045,1.045,126,59.4,0,43,-40,-40,43,-83,-40,590889
1738105920,1.04495,1.04505,1.04495,1.045,22,57.35,0,22,0,22,22,0,22,590889
1738106100,1.045,1.0451,1.045,1.0451,37,58.15,0,37,0,37,37,0,37,590889
1738106280,1.04505,1.0451,1.04505,1.0451,33,52.6,0,0,-19,-5,14,-19,-5,590889
1738106460,1.0451,1.04515,1.04505,1.0451,16,46.1,0,0,-10,-8,4,-12,-8,590889
1738106640,1.0451,1.04515,1.0451,1.04515,10,44.55,0,6,-2,6,8,-2,6,590889
1738106820,1.0452,1.04525,1.0452,1.04525,36,43.3,0,36,0,36,36,0,36,590889
1738107000,1.04525,1.0453,1.0452,1.0452,75,44.3,0,56,0,37,56,-19,37,590889
1738107180,1.04525,1.04525,1.0452,1.0452,11,43.15,0,5,-1,-1,5,-6,-1,590889
1738107360,1.0452,1.04525,1.0451,1.0451,117,48.4,0,0,-117,-117,0,-117,-117,590889
1738107540,1.04515,1.04515,1.04505,1.0451,25,47.9,0,5,-15,-15,5,-20,-15,590889
1738107720,1.04515,1.04515,1.04505,1.0451,15,46.85,0,0,-12,-9,3,-12,-9,590889
1738107900,1.0451,1.0451,1.04505,1.04505,12,43.4,0,8,0,4,8,-4,4,590889
1738108080,1.0451,1.0451,1.04505,1.04505,8,42.1,0,1,-6,-6,1,-7,-6,590889
1738108260,1.04505,1.0451,1.04505,1.0451,63,45.1,0,13,-25,13,38,-25,13,590889
1738108440,1.04515,1.04525,1.04515,1.0452,24,45.75,0,24,0,24,24,0,24,590889
1738108620,1.04525,1.04525,1.045,1.045,77,44.9,0,0,-77,-77,0,-77,-77,590889
1738108800,1.045,1.0452,1.04495,1.0452,166,47.35,0,166,0,166,166,0,166,590889
1738108980,1.0452,1.0455,1.0452,1.0455,85,50.8,0,85,0,85,85,0,85,590889
1738109160,1.0455,1.0457,1.0455,1.0457,122,54,0,24,-27,24,73,-49,24,590889
1738109340,1.04565,1.0457,1.04555,1.04555,74,51.4,0,0,-74,-74,0,-74,-74,590889
1738109520,1.0456,1.0456,1.04555,1.0456,36,52.1,0,36,0,36,36,0,36,590889
1738109700,1.04565,1.0457,1.0456,1.0456,56,53.05,0,30,0,4,30,-26,4,590889
1738109880,1.0456,1.0456,1.0454,1.0454,110,56.9,0,0,-110,-110,0,-110,-110,590889
1738110060,1.0454,1.04555,1.0454,1.04555,30,57.6,0,4,-12,-2,14,-16,-2,590889
1738110240,1.04555,1.0456,1.0455,1.0455,48,59.5,0,15,-11,4,26,-22,4,590889
1738110420,1.04555,1.0456,1.0455,1.0455,55,60.45,0,1,-53,-53,1,-54,-53,590889
1738110600,1.04545,1.04545,1.04515,1.04525,717,92.55,0,0,-612,-549,84,-633,-549,590889
1738110780,1.0453,1.0454,1.0452,1.04535,80,96,0,0,-40,0,40,-40,0,590889
1738110960,1.04535,1.04535,1.0452,1.04525,49,92.6,0,0,-37,-25,12,-37,-25,590889
1738111140,1.0453,1.04545,1.0453,1.0454,49,93.8,0,49,0,49,49,0,49,590889
1738111320,1.0454,1.04555,1.04535,1.0455,61,96.1,0,60,0,59,60,-1,59,590889
1738111500,1.04555,1.04565,1.04555,1.04555,53,98.15,0,40,0,27,40,-13,27,590889
1738111680,1.0455,1.0455,1.0454,1.0454,36,99.55,0,0,-36,-36,0,-36,-36,590889
1738111860,1.0454,1.0455,1.0453,1.0453,74,100.1,0,0,-46,-46,14,-60,-46,590889
1738112040,1.04525,1.04545,1.04515,1.0454,208,109.3,0,107,0,18,113,-95,18,590889
1738112220,1.0454,1.0454,1.04525,1.0453,60,108.45,0,23,0,18,39,-21,18,590889
1738112400,1.04535,1.04545,1.04535,1.04545,80,104.15,0,23,-11,12,46,-34,12,590889
1738112580,1.04545,1.04545,1.0453,1.0453,60,102.9,0,0,-32,-32,14,-46,-32,590889
1738112760,1.0453,1.04545,1.0453,1.0453,22,97.9,0,6,-10,-10,6,-16,-10,590889
1738112940,1.04525,1.04535,1.04525,1.04535,50,96.7,0,12,-19,12,31,-19,12,590889
1738113120,1.04535,1.04545,1.04535,1.0454,31,96.45,0,31,0,31,31,0,31,590889
1738113300,1.04545,1.0456,1.04545,1.04545,107,99,0,89,0,71,89,-18,71,590889
1738113480,1.04545,1.04545,1.04525,1.0454,59,96.45,0,29,-15,29,44,-15,29,590889
1738113660,1.0454,1.0455,1.0454,1.04545,24,96.15,0,24,0,24,24,0,24,590889
1738113840,1.04545,1.04565,1.0454,1.04565,33,95.4,0,15,-9,15,24,-9,15,590889
1738114020,1.04565,1.0457,1.04555,1.04555,76,96.45,0,34,-8,-8,34,-42,-8,590889
1738114200,1.0455,1.0456,1.0455,1.0455,57,63.45,0,39,0,21,39,-18,21,590889
1738114380,1.0455,1.0455,1.0454,1.04545,39,61.4,0,3,-18,3,21,-18,3,590889
1738114560,1.0454,1.0455,1.0454,1.04545,58,61.85,0,24,-6,-2,28,-30,-2,590889
1738114740,1.0455,1.0455,1.0453,1.04535,66,62.7,0,8,-50,-50,8,-58,-50,590889
1738114920,1.0453,1.04535,1.0452,1.04535,29,61.1,0,0,-17,-5,12,-17,-5,590889
1738115100,1.0453,1.0454,1.04525,1.04535,74,62.15,0,0,-70,-66,4,-70,-66,590889
1738115280,1.0453,1.04535,1.04525,1.04535,48,62.75,0,8,-20,8,28,-20,8,590889
1738115460,1.04535,1.0454,1.04525,1.04535,70,62.55,0,44,0,44,57,-13,44,590889
1738115640,1.0453,1.04535,1.0451,1.0451,57,55,0,0,-57,-57,0,-57,-57,590889
1738115820,1.0451,1.04515,1.045,1.045,154,59.7,0,0,-154,-154,0,-154,-154,590889
1738116000,1.04495,1.04505,1.04485,1.04505,126,62,0,126,0,126,126,0,126,590889
1738116180,1.04505,1.04525,1.04505,1.0452,80,63,0,80,0,80,80,0,80,590889
1738116360,1.0452,1.04535,1.0452,1.0453,35,63.65,0,35,0,35,35,0,35,590889
1738116540,1.0453,1.04545,1.04525,1.04545,23,62.3,0,17,-3,17,20,-3,17,590889
1738116720,1.04545,1.0455,1.0454,1.0454,35,62.5,0,17,-1,-1,17,-18,-1,590889
1738116900,1.04545,1.04545,1.0453,1.0454,81,61.2,0,0,-61,-41,20,-61,-41,590889
1738117080,1.0453,1.04535,1.04525,1.0453,39,60.2,0,5,-29,-29,5,-34,-29,590889
1738117260,1.04535,1.04545,1.04535,1.04535,33,60.65,0,17,0,1,17,-16,1,590889
1738117440,1.04535,1.04535,1.0452,1.0452,69,62.45,0,0,-69,-69,0,-69,-69,590889
1738117620,1.04525,1.0453,1.0452,1.0453,42,60.75,0,42,0,42,42,0,42,590889
1738117800,1.04525,1.0454,1.0452,1.0454,56,60.7,0,24,-16,24,40,-16,24,590889
1738117980,1.0454,1.04545,1.04535,1.0454,37,60.6,0,8,-8,5,21,-16,5,590889
1738118160,1.0454,1.04545,1.04535,1.04545,68,61.1,0,42,0,42,55,-13,42,590889
1738118340,1.04545,1.0457,1.04545,1.04565,95,62.55,0,95,0,95,95,0,95,590889
1738118520,1.04565,1.04565,1.04545,1.04545,78,65,0,0,-78,-78,0,-78,-78,590889
1738118700,1.04545,1.0456,1.0454,1.0456,37,63.15,0,37,0,37,37,0,37,590889
1738118880,1.04565,1.04575,1.04555,1.0457,183,69.9,0,19,-75,-5,89,-94,-5,590889
1738119060,1.0457,1.04585,1.0457,1.0458,72,70,0,55,0,38,55,-17,38,590889
1738119240,1.0458,1.0458,1.04565,1.04575,73,70.8,0,0,-45,-17,28,-45,-17,590889
1738119420,1.04575,1.0458,1.04565,1.04565,33,64.75,0,28,0,23,28,-5,23,590889
1738119600,1.0457,1.0457,1.0456,1.04565,51,61,0,29,-11,29,40,-11,29,590889
1738119780,1.04565,1.0457,1.04565,1.0457,26,58.3,0,26,0,26,26,0,26,590889
1738119960,1.0457,1.0457,1.04555,1.0456,24,57.75,0,7,-10,-10,7,-17,-10,590889
1738120140,1.0456,1.04565,1.04555,1.04565,47,58.95,0,31,-8,31,39,-8,31,590889
1738120320,1.0456,1.0458,1.0456,1.0458,52,59.8,0,52,0,52,52,0,52,590889
1738120500,1.04575,1.04575,1.0456,1.0456,50,58.25,0,6,-16,-6,22,-28,-6,590889
1738120680,1.0456,1.0456,1.0454,1.0455,112,61.9,0,0,-112,-112,0,-112,-112,590889
1738120860,1.04555,1.0458,1.04555,1.0457,75,64,0,75,0,75,75,0,75,590889
1738121040,1.04575,1.0458,1.04565,1.0458,34,62.25,0,2,-21,-12,11,-23,-12,590889
1738121220,1.0458,1.04595,1.0458,1.0459,154,67.85,0,134,0,132,143,-11,132,590889
1738121400,1.04585,1.04585,1.0457,1.04575,69,68.5,0,0,-41,-39,15,-54,-39,590889
1738121580,1.04575,1.0459,1.04575,1.0459,37,68.5,0,0,-22,-7,15,-22,-7,590889
1738121760,1.04585,1.046,1.04585,1.0459,100,70.1,0,6,-88,-88,6,-94,-88,590889
1738121940,1.0458,1.046,1.0458,1.04595,51,67.9,0,30,0,9,30,-21,9,590889
1738122120,1.0459,1.04595,1.0459,1.04595,28,65.4,0,18,-5,18,23,-5,18,590889
1738122300,1.046,1.0461,1.04595,1.04595,170,72.05,0,159,0,148,159,-11,148,590889
1738122480,1.046,1.046,1.0459,1.04595,16,63.7,0,2,-7,2,9,-7,2,590889
1738122660,1.04595,1.04605,1.0459,1.04605,18,61,0,18,0,18,18,0,18,590889
1738122840,1.04605,1.0461,1.046,1.04605,52,59.95,0,46,0,40,46,-6,40,590889
1738123020,1.04605,1.0462,1.046,1.046,167,66.65,0,50,-67,-67,50,-117,-67,590889
1738123200,1.04605,1.04625,1.046,1.04625,62,67.2,0,50,-6,50,56,-6,50,590889
1738123380,1.0462,1.04625,1.04615,1.04615,53,68.55,0,25,-6,9,31,-22,9,590889
1738123560,1.04615,1.0463,1.04615,1.0463,41,69.4,0,29,-6,29,35,-6,29,590889
1738123740,1.0463,1.0464,1.04625,1.0464,52,69.65,0,52,0,52,52,0,52,590889
1738123920,1.04635,1.04645,1.04635,1.04635,68,70.45,0,52,0,36,52,-16,36,590889
1738124100,1.0464,1.0465,1.04635,1.04645,64,71.15,0,64,0,64,64,0,64,590889
1738124280,1.04645,1.0465,1.0464,1.0464,90,70.05,0,63,0,36,63,-27,36,590889
1738124460,1.0464,1.0464,1.04625,1.0463,98,71.2,0,0,-98,-98,0,-98,-98,590889
1738124640,1.04625,1.04625,1.04615,1.0462,61,72.55,0,0,-44,-27,17,-44,-27,590889
1738124820,1.0462,1.04625,1.0462,1.04625,33,66.5,0,33,0,33,33,0,33,590889
1738125000,1.04625,1.04625,1.0462,1.04625,48,65.45,0,0,-27,-6,21,-27,-6,590889
1738125180,1.04625,1.0464,1.04625,1.0464,31,65.15,0,31,0,31,31,0,31,590889
1738125360,1.04635,1.04635,1.0463,1.0463,46,62.45,0,0,-46,-46,0,-46,-46,590889
1738125540,1.0463,1.0463,1.04615,1.04615,43,62.05,0,0,-43,-43,0,-43,-43,590889
1738125720,1.04615,1.04615,1.04605,1.0461,34,62.35,0,0,-28,-22,6,-28,-22,590889
1738125900,1.0461,1.0462,1.0461,1.0462,24,55.05,0,24,0,24,24,0,24,590889
1738126080,1.0462,1.0462,1.0462,1.0462,19,55.2,0,19,0,19,19,0,19,590889
1738126260,1.0462,1.04625,1.04615,1.0462,33,55.95,0,4,-20,-15,9,-24,-15,590889
1738126440,1.0462,1.0462,1.04605,1.04605,44,55.55,0,0,-44,-44,0,-44,-44,590889
1738126620,1.04605,1.04615,1.04605,1.04615,25,48.45,0,0,-15,-5,10,-15,-5,590889
1738126800,1.0461,1.04615,1.04605,1.04605,39,47.3,0,0,-39,-39,0,-39,-39,590889
1738126980,1.04605,1.0461,1.046,1.0461,25,45.9,0,1,-12,1,13,-12,1,590889
1738127160,1.0461,1.0462,1.0461,1.04615,47,46.2,0,16,-15,-15,16,-31,-15,590889
1738127340,1.0461,1.04625,1.04605,1.0462,103,48.75,0,2,-37,-37,33,-70,-37,590889
1738127520,1.0462,1.0462,1.04615,1.0462,41,47.4,0,27,-7,27,34,-7,27,590889
1738127700,1.0462,1.04625,1.0461,1.0462,36,46,0,16,-10,16,26,-10,16,590889
1738127880,1.0462,1.0463,1.0462,1.04625,23,42.65,0,23,0,23,23,0,23,590889
1738128060,1.0463,1.04635,1.04625,1.04625,53,40.4,0,27,0,1,27,-26,1,590889
1738128240,1.0463,1.04635,1.0463,1.0463,54,40.05,0,27,0,0,27,-27,0,590889
1738128420,1.04625,1.04625,1.04615,1.0462,73,42.05,0,0,-73,-73,0,-73,-73,590889
1738128600,1.0462,1.0462,1.04605,1.04605,74,43.35,0,0,-74,-74,0,-74,-74,590889
1738128780,1.046,1.04615,1.046,1.0461,53,44.45,0,40,0,27,40,-13,27,590889
1738128960,1.0461,1.0461,1.04605,1.04605,38,44.05,0,0,-38,-38,0,-38,-38,590889
1738129140,1.04605,1.04605,1.046,1.046,43,44.05,0,3,-17,-17,13,-30,-17,590889
1738129320,1.04595,1.04605,1.04585,1.04585,71,45.9,0,12,-47,-47,12,-59,-47,590889
1738129500,1.04585,1.046,1.04585,1.046,38,46.6,0,38,0,38,38,0,38,590889
1738129680,1.046,1.04605,1.046,1.04605,17,46.5,0,17,0,17,17,0,17,590889
1738129860,1.04605,1.0461,1.046,1.0461,13,45.5,0,7,0,7,10,-3,7,590889
1738130040,1.0461,1.0462,1.04605,1.0462,61,46.35,0,51,-5,51,56,-5,51,590889
1738130220,1.04625,1.0463,1.0462,1.0463,113,50.75,0,65,-24,65,89,-24,65,590889
1738130400,1.04635,1.0466,1.0463,1.0465,377,67.65,0,275,0,173,275,-102,173,590889
1738130580,1.0465,1.04665,1.04645,1.0465,245,78.65,0,122,-42,83,164,-81,83,590889
1738130760,1.04645,1.04645,1.0462,1.04625,196,86.1,0,0,-196,-196,0,-196,-196,590889
1738130940,1.04625,1.0464,1.04615,1.04635,158,88.85,0,114,-22,114,136,-22,114,590889
1738131120,1.04635,1.0464,1.04635,1.04635,86,91.1,0,68,0,50,68,-18,50,590889
1738131300,1.04635,1.04645,1.0463,1.0464,108,94.7,0,20,-44,20,64,-44,20,590889
1738131480,1.0464,1.0466,1.0464,1.04645,136,100.35,0,64,-8,-8,64,-72,-8,590889
1738131660,1.0464,1.04645,1.0464,1.04645,51,100.25,0,23,-14,23,37,-14,23,590889
1738131840,1.04645,1.04655,1.04645,1.0465,178,106.45,0,178,0,178,178,0,178,590889
1738132020,1.04645,1.04655,1.0464,1.0464,88,107.2,0,65,0,42,65,-23,42,590889
1738132200,1.04645,1.04645,1.0463,1.04635,88,107.9,0,0,-70,-52,18,-70,-52,590889
1738132380,1.0464,1.04645,1.0463,1.04635,36,107.05,0,26,0,16,26,-10,16,590889
1738132560,1.0464,1.04645,1.04635,1.04635,43,107.3,0,20,-3,-3,20,-23,-3,590889
1738132740,1.0464,1.04655,1.0464,1.04655,41,107.2,0,41,0,41,41,0,41,590889
1738132920,1.04655,1.0466,1.04645,1.0465,104,108.85,0,34,-36,-36,34,-70,-36,590889
1738133100,1.0465,1.0465,1.0464,1.04645,70,110.45,0,48,-11,48,59,-11,48,590889
1738133280,1.04645,1.04645,1.04625,1.04625,146,116.9,0,0,-146,-146,0,-146,-146,590889
1738133460,1.0462,1.04645,1.0462,1.04625,286,130.55,0,226,0,166,226,-60,166,590889
1738133640,1.04625,1.0464,1.0462,1.0462,87,131.85,0,0,-33,-33,27,-60,-33,590889
1738133820,1.0462,1.0462,1.0459,1.046,208,136.6,0,102,-31,58,133,-75,58,590889
1738134000,1.04595,1.0461,1.04575,1.046,348,135.15,0,0,-242,-206,71,-277,-206,590889
1738134180,1.046,1.046,1.04575,1.0458,286,137.2,0,0,-286,-286,0,-286,-286,590889
1738134360,1.0458,1.04585,1.04565,1.0458,273,141.05,0,31,-121,31,152,-121,31,590889
1738134540,1.0458,1.0458,1.04555,1.04565,549,160.6,0,0,-242,-171,189,-360,-171,590889
1738134720,1.04565,1.0458,1.04555,1.0457,286,170.6,0,38,-124,38,162,-124,38,590889
1738134900,1.0457,1.04575,1.04545,1.0455,364,183.4,0,0,-364,-364,0,-364,-364,590889
1738135080,1.0455,1.0457,1.0455,1.0457,248,189,0,248,0,248,248,0,248,590889
1738135260,1.04565,1.0457,1.04515,1.0452,443,208.6,0,0,-443,-443,0,-443,-443,590889
1738135440,1.0452,1.0452,1.0447,1.04475,1345,266.95,0,0,-1345,-1345,0,-1345,-1345,590889
1738135620,1.04475,1.04475,1.0441,1.04445,1386,331.85,0,78,-820,-820,283,-1103,-820,590889
1738135800,1.0445,1.0445,1.0442,1.0444,574,356.15,0,0,-353,-132,221,-353,-132,590889
1738135980,1.0444,1.04455,1.0441,1.0445,443,376.5,0,85,-179,85,264,-179,85,590889
1738136160,1.0445,1.0446,1.0443,1.04435,347,391.7,0,176,0,5,176,-171,5,590889
1738136340,1.04435,1.04455,1.0443,1.0444,213,400.3,0,92,-29,-29,92,-121,-29,590889
1738136520,1.04435,1.04445,1.04415,1.04415,268,408.5,0,0,-268,-268,0,-268,-268,590889
1738136700,1.0441,1.0444,1.04395,1.04405,409,425.45,0,196,-17,-17,196,-213,-17,590889
1738136880,1.044,1.044,1.04375,1.0439,529,444.6,0,0,-354,-179,175,-354,-179,590889
1738137060,1.04395,1.0441,1.0438,1.04385,220,441.3,0,138,0,56,138,-82,56,590889
1738137240,1.04385,1.044,1.0436,1.04395,618,467.85,0,0,-421,-224,197,-421,-224,590889
1738137420,1.044,1.044,1.04375,1.04385,373,476.1,0,0,-159,-117,128,-245,-117,590889
1738137600,1.0439,1.04435,1.0439,1.04405,1237,520.55,0,1031,0,825,1031,-206,825,590889
1738137780,1.0441,1.0443,1.04405,1.0443,496,531.05,0,314,0,314,405,-91,314,590889
1738137960,1.0443,1.04465,1.0443,1.04455,607,547.75,0,607,0,607,607,0,607,590889
1738138140,1.04455,1.0449,1.0445,1.0448,609,550.75,0,481,0,353,481,-128,353,590889
1738138320,1.04485,1.04485,1.04465,1.0447,304,551.65,0,0,-235,-166,69,-235,-166,590889
1738138500,1.04465,1.04505,1.04455,1.04495,297,548.3,0,297,0,297,297,0,297,590889
1738138680,1.04495,1.04525,1.04495,1.04505,210,546.4,0,66,-78,-78,66,-144,-78,590889
1738138860,1.04505,1.0451,1.04475,1.04495,304,539.45,0,0,-238,-172,66,-238,-172,590889
1738139040,1.04495,1.04495,1.0446,1.0447,176,481,0,0,-107,-38,69,-107,-38,590889
1738139220,1.04465,1.04485,1.04465,1.0448,251,424.25,0,147,0,43,147,-104,43,590889
1738139400,1.0448,1.04495,1.04475,1.0449,296,410.35,0,296,0,296,296,0,296,590889
1738139580,1.0449,1.0451,1.0448,1.0451,295,402.95,0,153,0,153,224,-71,153,590889
1738139760,1.0451,1.04515,1.045,1.04505,226,396.9,0,138,0,50,138,-88,50,590889
1738139940,1.045,1.0453,1.045,1.04525,572,414.85,0,572,0,572,572,0,572,590889
1738140120,1.04525,1.04525,1.04485,1.045,323,417.6,0,0,-223,-123,100,-223,-123,590889
1738140300,1.04505,1.04515,1.045,1.04505,143,404.3,0,50,-43,-43,50,-93,-43,590889
1738140480,1.04505,1.0451,1.0448,1.0449,172,386.45,0,2,-85,2,87,-85,2,590889
1738140660,1.04485,1.0449,1.0445,1.0445,331,392,0,0,-331,-331,0,-331,-331,590889
1738140840,1.04455,1.0447,1.04445,1.04465,187,370.45,0,84,0,73,130,-57,73,590889
1738141020,1.0446,1.0448,1.0446,1.0447,258,364.7,0,258,0,258,258,0,258,590889
1738141200,1.04465,1.0447,1.04425,1.04425,455,325.6,0,0,-455,-455,0,-455,-455,590889
1738141380,1.0443,1.04435,1.04315,1.04315,1313,366.45,0,0,-1313,-1313,0,-1313,-1313,590889
1738141560,1.0432,1.0436,1.0432,1.0435,818,377,0,518,0,518,668,-150,518,590889
1738141740,1.0435,1.0437,1.04325,1.0433,447,368.9,0,106,-235,-235,106,-341,-235,590889
1738141920,1.0433,1.0436,1.04325,1.04355,509,379.15,0,382,0,255,382,-127,255,590889
1738142100,1.0436,1.0437,1.04355,1.0437,294,379,0,96,-5,96,195,-99,96,590889
1738142280,1.0437,1.04375,1.04355,1.04355,259,381.45,0,0,-181,-181,39,-220,-181,590889
1738142460,1.04355,1.0438,1.04345,1.04345,325,382.5,0,149,-27,-27,149,-176,-27,590889
1738142640,1.0434,1.04355,1.0433,1.04355,333,390.35,0,155,0,79,206,-127,79,590889
1738142820,1.0436,1.04375,1.0434,1.0436,270,391.3,0,109,0,90,180,-90,90,590889
1738143000,1.04365,1.04395,1.0436,1.04365,1015,427.25,0,330,-355,-355,330,-685,-355,590889
1738143180,1.04365,1.0439,1.04365,1.04385,488,436.9,0,264,0,40,264,-224,40,590889
1738143360,1.04385,1.04415,1.04385,1.0439,407,445.95,0,314,0,221,314,-93,221,590889
1738143540,1.0439,1.044,1.04345,1.0435,442,439.45,0,50,-342,-342,50,-392,-342,590889
1738143720,1.0435,1.0437,1.04335,1.04365,541,450.35,0,0,-381,-221,160,-381,-221,590889
1738143900,1.0437,1.0437,1.0433,1.04335,204,453.4,0,0,-136,-136,34,-170,-136,590889
1738144080,1.04335,1.0434,1.0431,1.0433,483,468.95,0,0,-483,-483,0,-483,-483,590889
1738144260,1.04335,1.04335,1.04285,1.04295,626,483.7,0,0,-374,-122,252,-374,-122,590889
1738144440,1.0429,1.04295,1.0426,1.04265,680,508.35,0,0,-680,-680,0,-680,-680,590889
1738144620,1.04265,1.04275,1.04245,1.0426,799,535.4,0,0,-506,-213,293,-506,-213,590889
1738144800,1.0426,1.0428,1.0425,1.04265,632,544.25,0,406,0,406,519,-113,406,590889
1738144980,1.04265,1.0428,1.0424,1.04245,616,509.4,0,291,-34,-34,291,-325,-34,590889
1738145160,1.04245,1.04255,1.04215,1.04235,1356,536.3,0,204,-948,-948,204,-1152,-948,590889
1738145340,1.0424,1.0426,1.04235,1.0424,376,532.75,0,131,-114,-114,131,-245,-114,590889
1738145520,1.0424,1.0424,1.04195,1.04215,618,538.2,0,0,-234,-178,220,-398,-178,590889
1738145700,1.0421,1.04235,1.0419,1.04195,540,550.5,0,194,-152,-152,194,-346,-152,590889
1738145880,1.04195,1.04225,1.0417,1.04225,806,577.85,0,0,-486,-166,320,-486,-166,590889
1738146060,1.0423,1.04255,1.0423,1.04245,374,580.3,0,374,0,374,374,0,374,590889
1738146240,1.04245,1.04255,1.04235,1.04255,120,569.65,0,120,0,120,120,0,120,590889
1738146420,1.04255,1.04275,1.04255,1.0427,276,569.95,0,175,0,74,175,-101,74,590889
1738146600,1.04265,1.0431,1.0426,1.04295,585,548.45,0,585,0,585,585,0,585,590889
1738146780,1.04295,1.04305,1.04285,1.04295,278,537.95,0,36,-206,-206,36,-242,-206,590889
1738146960,1.0429,1.0429,1.0426,1.04275,348,535,0,0,-244,-140,104,-244,-140,590889
1738147140,1.0427,1.0427,1.0424,1.0424,266,526.2,0,0,-266,-266,0,-266,-266,590889
1738147320,1.0424,1.0425,1.04225,1.0424,575,527.9,0,168,-239,-239,168,-407,-239,590889
1738147500,1.0424,1.0425,1.04215,1.04235,285,531.95,0,0,-231,-177,54,-231,-177,590889
1738147680,1.04235,1.0425,1.0422,1.0422,287,522.15,0,77,-133,-133,77,-210,-133,590889
1738147860,1.0422,1.04245,1.04205,1.0422,533,517.5,0,257,0,257,395,-138,257,590889
1738148040,1.0422,1.04265,1.04215,1.04255,463,506.65,0,463,0,463,463,0,463,590889
1738148220,1.0425,1.04275,1.04245,1.0426,932,513.3,0,287,-47,264,598,-334,264,590889
1738148400,1.04265,1.0427,1.04245,1.04255,225,492.95,0,0,-149,-149,38,-187,-149,590889
1738148580,1.0426,1.04275,1.0424,1.0427,150,469.65,0,40,-55,40,95,-55,40,590889
1738148760,1.0427,1.0427,1.04255,1.0426,261,414.9,0,0,-261,-261,0,-261,-261,590889
1738148940,1.0426,1.0429,1.04255,1.04285,502,421.2,0,502,0,502,502,0,502,590889
1738149120,1.04285,1.043,1.04285,1.04295,280,404.3,0,280,0,280,280,0,280,590889
1738149300,1.043,1.043,1.04255,1.0426,304,392.5,0,0,-304,-304,0,-304,-304,590889
1738149480,1.04265,1.0428,1.04265,1.04275,132,358.8,0,49,-34,-34,49,-83,-34,590889
1738149660,1.04275,1.04295,1.0427,1.0428,254,352.8,0,104,-46,-46,104,-150,-46,590889
1738149840,1.0428,1.0429,1.0427,1.04285,239,358.75,0,95,-72,95,167,-72,95,590889
1738150020,1.04285,1.04295,1.0428,1.0428,173,353.6,0,100,0,27,100,-73,27,590889
1738150200,1.04285,1.043,1.04275,1.043,244,336.55,0,40,-102,40,142,-102,40,590889
1738150380,1.04305,1.04305,1.04275,1.0428,398,342.55,0,0,-398,-398,0,-398,-398,590889
1738150560,1.0428,1.0428,1.0423,1.0423,634,356.85,0,0,-634,-634,0,-634,-634,590889
1738150740,1.04235,1.0425,1.04225,1.0423,401,363.6,0,137,-132,137,269,-132,137,590889
1738150920,1.0423,1.0424,1.0422,1.04225,352,352.45,0,128,-96,-96,128,-224,-96,590889
1738151100,1.04225,1.04245,1.04215,1.0424,445,360.45,0,221,0,195,320,-125,195,590889
1738151280,1.0424,1.0424,1.04205,1.0421,339,363.05,0,0,-339,-339,0,-339,-339,590889
1738151460,1.04205,1.0422,1.04195,1.04215,487,360.75,0,137,-175,137,312,-175,137,590889
1738151640,1.04215,1.04245,1.04215,1.0423,475,361.35,0,300,0,125,300,-175,125,590889
1738151820,1.0423,1.0425,1.0423,1.0424,256,327.55,0,0,-174,-174,41,-215,-174,590889
1738152000,1.0424,1.04255,1.0423,1.0425,325,332.55,0,209,-58,209,267,-58,209,590889
1738152180,1.0425,1.0426,1.04235,1.0426,501,350.1,0,501,0,501,501,0,501,590889
1738152360,1.0426,1.04265,1.0424,1.0424,179,346,0,0,-179,-179,0,-179,-179,590889
1738152540,1.04245,1.0425,1.0423,1.0425,300,335.9,0,0,-150,0,150,-150,0,590889
1738152720,1.0425,1.0426,1.0421,1.0421,598,351.8,0,0,-598,-598,0,-598,-598,590889
1738152900,1.0421,1.04225,1.0419,1.04195,623,367.75,0,163,-297,-297,163,-460,-297,590889
1738153080,1.04195,1.04205,1.04165,1.042,866,404.45,0,0,-549,-232,317,-549,-232,590889
1738153260,1.042,1.04225,1.0419,1.0422,315,407.5,0,315,0,315,315,0,315,590889
1738153440,1.04225,1.04225,1.0419,1.0419,650,428.05,0,0,-313,-286,182,-468,-286,590889
1738153620,1.04185,1.04195,1.04175,1.0418,437,441.25,0,0,-200,-155,141,-296,-155,590889
1738153800,1.0418,1.0424,1.04175,1.04235,558,456.95,0,558,0,558,558,0,558,590889
1738153980,1.0424,1.0424,1.0421,1.0423,772,475.65,0,0,-625,-478,147,-625,-478,590889
1738154160,1.0423,1.0423,1.04205,1.0423,319,459.9,0,0,-244,-169,75,-244,-169,590889
1738154340,1.04225,1.0425,1.04225,1.0425,252,452.45,0,252,0,252,252,0,252,590889
1738154520,1.0425,1.0426,1.04235,1.04255,305,450.1,0,0,-153,-1,152,-153,-1,590889
1738154700,1.04255,1.04255,1.0424,1.0425,202,437.95,0,0,-202,-202,0,-202,-202,590889
1738154880,1.0425,1.04255,1.0422,1.04235,419,441.95,0,0,-419,-419,0,-419,-419,590889
1738155060,1.04235,1.0426,1.04235,1.04245,511,443.15,0,57,-397,-397,57,-454,-397,590889
1738155240,1.04245,1.04265,1.0424,1.04255,862,462.5,0,575,0,288,575,-287,288,590889
1738155420,1.04255,1.04275,1.0422,1.04265,1088,504.1,0,1088,0,1088,1088,0,1088,590889
1738155600,1.0427,1.04285,1.0423,1.04235,746,525.15,0,426,0,106,426,-320,106,590889
1738155780,1.04235,1.04245,1.04225,1.04235,337,516.95,0,0,-143,-125,106,-231,-125,590889
1738155960,1.04235,1.04235,1.04185,1.04195,1371,576.55,0,0,-1371,-1371,0,-1371,-1371,590889
1738156140,1.04195,1.042,1.04105,1.04145,1614,642.25,0,0,-1614,-1614,0,-1614,-1614,590889
1738156320,1.04145,1.0417,1.04125,1.0415,720,648.35,0,0,-424,-128,296,-424,-128,590889
1738156500,1.04145,1.0415,1.04085,1.0409,1274,680.9,0,0,-1274,-1274,0,-1274,-1274,590889
1738156680,1.0409,1.04125,1.04085,1.0411,1174,696.3,0,504,0,504,839,-335,504,590889
1738156860,1.04105,1.04135,1.0407,1.04095,1666,763.85,0,594,-478,-478,594,-1072,-478,590889
1738157040,1.0409,1.0411,1.04045,1.0411,1021,782.4,0,0,-664,-307,357,-664,-307,590889
1738157220,1.04105,1.04105,1.04065,1.041,597,790.4,0,0,-302,-7,295,-302,-7,590889
1738157400,1.04105,1.0412,1.0406,1.04065,1114,818.2,0,5,-578,-578,268,-846,-578,590889
1738157580,1.04065,1.041,1.04065,1.04085,444,801.8,0,328,0,212,328,-116,212,590889
1738157760,1.04085,1.04155,1.04075,1.04145,805,826.1,0,805,0,805,805,0,805,590889
1738157940,1.0414,1.04145,1.04125,1.0414,435,835.25,0,0,-171,-149,143,-292,-149,590889
1738158120,1.0414,1.0414,1.041,1.04115,545,847.25,0,0,-431,-317,114,-431,-317,590889
1738158300,1.04115,1.04125,1.0408,1.0408,684,871.35,0,78,-528,-528,78,-606,-528,590889
1738158480,1.04085,1.041,1.0405,1.04065,671,883.95,0,0,-671,-671,0,-671,-671,590889
1738158660,1.04065,1.0411,1.04065,1.0411,676,892.2,0,426,0,426,551,-125,426,590889
1738158840,1.04105,1.0411,1.0408,1.0408,762,887.2,0,0,-762,-762,0,-762,-762,590889
1738159020,1.0408,1.0412,1.0408,1.041,807,873.15,0,406,0,5,406,-401,5,590889
1738159200,1.041,1.0413,1.041,1.0413,550,863.35,0,550,0,550,550,0,550,590889
1738159380,1.04125,1.04145,1.0409,1.04145,828,887.9,0,0,-762,-696,66,-762,-696,590889
1738159560,1.04145,1.0418,1.0414,1.04175,1121,875.4,0,1121,0,1121,1121,0,1121,590889
1738159740,1.04175,1.042,1.0416,1.04185,1046,847,0,1046,0,1046,1046,0,1046,590889
1738159920,1.04185,1.0419,1.0417,1.0419,525,837.25,0,0,-318,-111,207,-318,-111,590889
1738160100,1.0419,1.04205,1.04185,1.0419,649,806,0,491,0,333,491,-158,333,590889
1738160280,1.0419,1.0421,1.04185,1.04195,629,778.75,0,187,-255,-255,187,-442,-255,590889
1738160460,1.042,1.04205,1.0418,1.042,407,715.8,0,159,-124,159,283,-124,159,590889
1738160640,1.042,1.04215,1.04185,1.04185,397,684.6,0,141,-115,-115,141,-256,-115,590889
1738160820,1.04185,1.04205,1.0418,1.0419,667,688.1,0,301,-65,-65,301,-366,-65,590889
1738161000,1.04195,1.0422,1.04175,1.0419,934,679.1,0,322,-290,-290,322,-612,-290,590889
1738161180,1.04185,1.04185,1.0417,1.04185,874,700.6,0,0,-636,-398,238,-636,-398,590889
1738161360,1.04185,1.04185,1.04145,1.04165,1774,749.05,0,0,-1774,-1774,0,-1774,-1774,590889
1738161540,1.04165,1.0422,1.0416,1.0419,933,773.95,0,645,0,357,645,-288,357,590889
1738161720,1.0419,1.0421,1.04175,1.04195,334,763.4,0,142,0,136,235,-99,136,590889
1738161900,1.0419,1.04235,1.0418,1.0419,857,772.05,0,410,-37,-37,410,-447,-37,590889
1738162080,1.0419,1.04195,1.04165,1.0419,659,771.45,0,0,-495,-331,164,-495,-331,590889
1738162260,1.0419,1.0421,1.04165,1.0417,715,773.4,0,515,0,315,515,-200,315,590889
1738162440,1.04165,1.04225,1.0416,1.0421,872,778.9,0,872,0,872,872,0,872,590889
1738162620,1.0421,1.04245,1.04205,1.04235,1435,810.3,0,1435,0,1435,1435,0,1435,590889
1738162800,1.04235,1.0424,1.04175,1.04195,628,814.2,0,0,-501,-374,127,-501,-374,590889
1738162980,1.0419,1.04225,1.0419,1.0421,474,796.5,0,323,0,172,323,-151,172,590889
1738163160,1.04205,1.0422,1.0418,1.04215,587,769.8,0,341,0,341,464,-123,341,590889
1738163340,1.04215,1.04265,1.04215,1.04265,1030,769,0,1030,0,1030,1030,0,1030,590889
1738163520,1.0427,1.0429,1.04265,1.04285,645,775,0,645,0,645,645,0,645,590889
1738163700,1.0428,1.0432,1.0428,1.04315,838,784.45,0,838,0,838,838,0,838,590889
1738163880,1.04315,1.0434,1.04285,1.043,1472,826.6,0,1049,0,626,1049,-423,626,590889
1738164060,1.04295,1.04315,1.04285,1.043,513,831.9,0,415,0,317,415,-98,317,590889
1738164240,1.04295,1.0431,1.04275,1.04295,790,851.55,0,0,-364,-364,213,-577,-364,590889
1738164420,1.0429,1.0431,1.04285,1.04295,462,841.3,0,242,0,242,352,-110,242,590889
1738164600,1.04295,1.04335,1.04295,1.0431,626,825.9,0,473,0,320,473,-153,320,590889
1738164780,1.0431,1.04335,1.0429,1.04315,714,817.9,0,23,-271,-126,294,-420,-126,590889
1738164960,1.04315,1.0437,1.04315,1.04365,890,773.7,0,890,0,890,890,0,890,590889
1738165140,1.04365,1.04405,1.04355,1.044,1839,819,0,1839,0,1839,1839,0,1839,590889
1738165320,1.044,1.04495,1.04395,1.0448,2874,946,0,2874,0,2874,2874,0,2874,590889
1738165500,1.04475,1.04495,1.0442,1.04425,2204,1013.35,0,0,-1216,-1216,494,-1710,-1216,590889
1738165680,1.04425,1.0447,1.04415,1.04465,1032,1032,0,1032,0,1032,1032,0,1032,590889
1738165860,1.04465,1.0448,1.0441,1.04415,1183,1055.4,0,0,-1183,-1183,0,-1183,-1183,590889
1738166040,1.04415,1.0443,1.04405,1.04405,1879,1105.75,0,0,-1879,-1879,0,-1879,-1879,590889
1738166220,1.04405,1.04455,1.04395,1.0442,2755,1171.75,0,639,-1477,-1477,639,-2116,-1477,590889
1738166400,1.04425,1.0444,1.04385,1.04425,2515,1266.1,0,1091,0,539,1527,-988,539,590889
1738166580,1.04425,1.04465,1.0442,1.04435,985,1291.65,0,662,0,339,662,-323,339,590889
1738166760,1.0444,1.0445,1.0434,1.04355,5410,1532.8,0,0,-5410,-5410,0,-5410,-5410,590889
1738166940,1.0436,1.04395,1.0434,1.0438,2051,1583.85,0,155,-948,155,1103,-948,155,590889
1738167120,1.0438,1.04415,1.0436,1.044,1207,1611.95,0,626,0,45,626,-581,45,590889
1738167300,1.04405,1.0443,1.0436,1.04385,1655,1652.8,0,613,-429,-429,613,-1042,-429,590889
1738167480,1.0438,1.0442,1.04355,1.044,2011,1679.75,0,355,-1301,-1301,355,-1656,-1301,590889
1738167660,1.044,1.0443,1.044,1.04405,617,1684.95,0,510,0,403,510,-107,403,590889
1738167840,1.0441,1.0441,1.04375,1.0441,697,1680.3,0,0,-453,-209,244,-453,-209,590889
1738168020,1.0441,1.0442,1.0439,1.044,578,1686.1,0,0,-296,-226,176,-402,-226,590889
1738168200,1.044,1.04425,1.044,1.0442,420,1675.8,0,420,0,420,420,0,420,590889
1738168380,1.0442,1.04445,1.04405,1.04445,448,1662.5,0,0,-315,-182,133,-315,-182,590889
1738168560,1.04445,1.04445,1.04385,1.04405,562,1646.1,0,0,-562,-562,0,-562,-562,590889
1738168740,1.04405,1.04415,1.04385,1.044,468,1577.55,0,0,-212,-212,128,-340,-212,590889
1738168920,1.04395,1.04405,1.04385,1.0439,206,1444.15,0,0,-206,-206,0,-206,-206,590889
1738169100,1.0439,1.044,1.0438,1.04385,258,1346.85,0,154,0,50,154,-104,50,590889
1738169280,1.0438,1.0442,1.0436,1.04405,1423,1366.4,0,570,-100,-83,670,-753,-83,590889
1738169460,1.04405,1.04425,1.0438,1.0438,988,1356.65,0,55,-878,-878,55,-933,-878,590889
1738169640,1.04385,1.0441,1.0437,1.04405,495,1287.45,0,495,0,495,495,0,495,590889
1738169820,1.04405,1.0441,1.0438,1.0438,529,1176.15,0,253,-23,-23,253,-276,-23,590889
1738170000,1.04385,1.0449,1.0438,1.0448,1621,1131.45,0,1155,0,689,1155,-466,689,590889
1738170180,1.04485,1.0449,1.04455,1.0449,1006,1132.5,0,14,-496,14,510,-496,14,590889
1738170360,1.0449,1.04495,1.04465,1.04475,443,884.15,0,0,-443,-443,0,-443,-443,590889
1738170540,1.0447,1.04475,1.0444,1.04465,385,800.85,0,0,-245,-105,140,-245,-105,590889
1738170720,1.0446,1.04485,1.0446,1.04485,334,757.2,0,334,0,334,334,0,334,590889
1738170900,1.0448,1.0451,1.0447,1.045,623,705.6,0,16,-213,-213,205,-418,-213,590889
1738171080,1.045,1.04505,1.0446,1.0449,690,639.55,0,0,-415,-140,275,-415,-140,590889
1738171260,1.0449,1.0451,1.04485,1.045,697,643.55,0,206,-70,145,421,-276,145,590889
1738171440,1.04495,1.0451,1.0447,1.04485,924,654.9,0,0,-380,-380,272,-652,-380,590889
1738171620,1.04485,1.045,1.0443,1.04455,2147,733.35,0,0,-2147,-2147,0,-2147,-2147,590889
1738171800,1.0445,1.0447,1.0444,1.04445,836,754.15,0,326,-184,-184,326,-510,-184,590889
1738171980,1.0445,1.0445,1.0442,1.0442,676,765.55,0,0,-676,-676,0,-676,-676,590889
1738172160,1.0442,1.0442,1.0439,1.04405,382,756.55,0,0,-264,-146,118,-264,-146,590889
1738172340,1.0441,1.0442,1.044,1.0441,177,742,0,42,-51,-9,84,-93,-9,590889
1738172520,1.0441,1.0445,1.0441,1.0445,247,744.05,0,247,0,247,247,0,247,590889
1738172700,1.04445,1.04465,1.0444,1.04445,107,736.5,0,68,0,29,68,-39,29,590889
1738172880,1.0444,1.0446,1.0443,1.0445,170,673.85,0,37,-34,-28,71,-99,-28,590889
1738173060,1.04455,1.04455,1.04425,1.0443,126,630.75,0,0,-126,-126,0,-126,-126,590889
1738173240,1.04435,1.04445,1.04425,1.04435,151,613.55,0,101,0,51,101,-50,51,590889
1738173420,1.04435,1.0445,1.0443,1.04435,186,596.4,0,66,-54,-54,66,-120,-54,590889
1738173600,1.0444,1.0444,1.04365,1.0442,3220,676.35,0,0,-2828,-2436,392,-2828,-2436,590889
1738173780,1.0442,1.04435,1.04415,1.04415,412,646.65,0,290,0,168,290,-122,168,590889
1738173960,1.04415,1.0444,1.04395,1.0444,914,670.2,0,914,0,914,914,0,914,590889
1738174140,1.0444,1.04455,1.04435,1.04445,419,671.9,0,134,-48,55,237,-182,55,590889
1738174320,1.04445,1.0446,1.04445,1.04455,204,665.4,0,204,0,204,204,0,204,590889
1738174500,1.04455,1.04465,1.04445,1.04445,302,649.35,0,182,0,62,182,-120,62,590889
1738174680,1.04445,1.04465,1.04445,1.04465,55,617.6,0,55,0,55,55,0,55,590889
1738174860,1.04465,1.04465,1.0444,1.0444,282,596.85,0,0,-282,-282,0,-282,-282,590889
1738175040,1.0444,1.0446,1.04425,1.04455,175,559.4,0,175,0,175,175,0,175,590889
1738175220,1.04455,1.04475,1.0445,1.0446,426,473.35,0,287,0,148,287,-139,148,590889
1738175400,1.04455,1.0447,1.04455,1.0446,280,445.55,0,208,0,136,208,-72,136,590889
1738175580,1.0446,1.0446,1.04445,1.04455,197,421.6,0,0,-137,-137,30,-167,-137,590889
1738175760,1.04455,1.0446,1.0444,1.0444,193,412.15,0,103,0,13,103,-90,13,590889
1738175940,1.04445,1.04455,1.04435,1.04455,189,412.75,0,43,-73,43,116,-73,43,590889
1738176120,1.04445,1.04445,1.04425,1.04445,191,409.95,0,33,-79,33,112,-79,33,590889
1738176300,1.0444,1.04445,1.0441,1.0443,356,422.4,0,0,-257,-158,99,-257,-158,590889
1738176480,1.0443,1.0444,1.04385,1.04395,381,432.95,0,115,-151,-151,115,-266,-151,590889
1738176660,1.044,1.04415,1.044,1.04405,331,443.2,0,249,0,167,249,-82,167,590889
1738176840,1.04405,1.04405,1.0439,1.0439,229,447.1,0,85,-60,61,145,-84,61,590889
1738177020,1.0439,1.0444,1.04385,1.04415,537,464.65,0,280,0,23,280,-257,23,590889
1738177200,1.0443,1.0448,1.04215,1.043,4183,512.8,0,0,-2530,-2133,1025,-3158,-2133,590889
1738177380,1.0429,1.0434,1.04155,1.04165,1753,579.85,0,0,-1753,-1753,0,-1753,-1753,590889
1738177560,1.04165,1.04245,1.0416,1.04235,2220,645.15,0,2220,0,2220,2220,0,2220,590889
1738177740,1.04235,1.0426,1.0416,1.04195,1488,698.6,0,0,-1488,-1488,0,-1488,-1488,590889
1738177920,1.042,1.04275,1.0419,1.0427,677,722.25,0,357,-160,357,517,-160,357,590889
1738178100,1.04275,1.0428,1.0421,1.0421,646,739.45,0,0,-646,-646,0,-646,-646,590889
1738178280,1.0421,1.04245,1.0418,1.04235,398,756.6,0,398,0,398,398,0,398,590889
1738178460,1.0423,1.0428,1.04225,1.0427,547,769.85,0,547,0,547,547,0,547,590889
1738178640,1.0427,1.0427,1.0419,1.0419,576,789.9,0,0,-576,-576,0,-576,-576,590889
1738178820,1.04195,1.0422,1.0418,1.0419,567,796.95,0,314,0,61,314,-253,61,590889
1738179000,1.0419,1.04275,1.04145,1.0427,1426,854.25,0,144,-641,144,785,-641,144,590889
1738179180,1.0427,1.04295,1.04145,1.0417,2012,945,0,0,-2012,-2012,0,-2012,-2012,590889
1738179360,1.0417,1.04355,1.04105,1.043,4789,1174.8,0,3475,-657,3475,4132,-657,3475,590889
1738179540,1.04305,1.0446,1.0429,1.0445,4168,1373.75,0,4168,0,4168,4168,0,4168,590889
1738179720,1.04455,1.0446,1.04355,1.04455,1556,1442,0,160,-698,160,858,-698,160,590889
1738179900,1.04455,1.04465,1.0439,1.04445,1935,1520.95,0,0,-1609,-1283,326,-1609,-1283,590889
1738180080,1.0445,1.04455,1.0436,1.0441,1200,1561.9,0,0,-704,-208,496,-704,-208,590889
1738180260,1.04415,1.04515,1.04395,1.04445,1807,1635.7,0,568,-671,-671,568,-1239,-671,590889
1738180440,1.0445,1.0446,1.0435,1.0437,1131,1680.8,0,0,-789,-447,342,-789,-447,590889
1738180620,1.04365,1.04495,1.04365,1.0438,4854,1896.65,0,1821,-1212,-1212,1821,-3033,-1212,590889
1738180800,1.04385,1.0443,1.04355,1.0436,1366,1755.8,0,909,0,452,909,-457,452,590889
1738180980,1.04365,1.04415,1.04355,1.04415,882,1712.25,0,882,0,882,882,0,882,590889
1738181160,1.04415,1.0443,1.04395,1.04405,611,1631.8,0,0,-453,-295,158,-453,-295,590889
1738181340,1.04405,1.0448,1.044,1.04475,848,1599.8,0,848,0,848,848,0,848,590889
1738181520,1.04475,1.04475,1.0427,1.0442,4544,1793.15,0,0,-3789,-3034,755,-3789,-3034,590889
1738181700,1.04415,1.0443,1.0437,1.0438,673,1794.5,0,0,-446,-219,227,-446,-219,590889
1738181880,1.04375,1.04435,1.0434,1.044,798,1814.5,0,238,-280,238,518,-280,238,590889
1738182060,1.04405,1.04465,1.044,1.04465,601,1817.2,0,601,0,601,601,0,601,590889
1738182240,1.0446,1.04475,1.0442,1.04435,335,1805.15,0,0,-218,-101,117,-218,-101,590889
1738182420,1.0444,1.0444,1.0437,1.04375,247,1789.15,0,0,-247,-247,0,-247,-247,590889
1738182600,1.0438,1.04385,1.04345,1.04355,581,1746.9,0,96,-192,-5,288,-293,-5,590889
1738182780,1.0435,1.04365,1.04345,1.04355,263,1659.45,0,169,0,75,169,-94,75,590889
1738182960,1.0435,1.04375,1.04345,1.04345,242,1432.1,0,204,0,166,204,-38,166,590889
1738183140,1.0434,1.0437,1.04335,1.0437,151,1231.25,0,11,-70,11,81,-70,11,590889
1738183320,1.04365,1.04365,1.04325,1.04325,317,1169.3,0,0,-317,-317,0,-317,-317,590889
1738183500,1.0432,1.0433,1.0429,1.04295,319,1088.5,0,0,-319,-319,0,-319,-319,590889
1738183680,1.043,1.04315,1.04285,1.04295,322,1044.6,0,130,-40,18,170,-152,18,590889
1738183860,1.0429,1.0435,1.0429,1.04345,233,965.9,0,233,0,233,233,0,233,590889
1738184040,1.04345,1.04355,1.0433,1.0434,217,920.2,0,63,-45,1,109,-108,1,590889
1738184220,1.0434,1.0435,1.0433,1.0433,205,687.75,0,141,0,77,141,-64,77,590889
1738184400,1.04325,1.04345,1.0432,1.04345,505,644.7,0,309,0,239,372,-133,239,590889
1738184580,1.04345,1.04345,1.0431,1.04325,108,606,0,0,-91,-74,17,-91,-74,590889
1738184760,1.0433,1.0435,1.04325,1.0435,75,579.2,0,75,0,75,75,0,75,590889
1738184940,1.04345,1.0438,1.04345,1.04375,183,545.95,0,183,0,183,183,0,183,590889
1738185120,1.04375,1.0439,1.04375,1.0439,145,326,0,145,0,145,145,0,145,590889
1738185300,1.0439,1.0444,1.0437,1.04385,1514,368.05,0,77,-1360,-1360,77,-1437,-1360,590889
1738185480,1.0439,1.04415,1.0439,1.04395,179,337.1,0,60,-25,9,94,-85,9,590889
1738185660,1.0439,1.04395,1.04385,1.04385,36,308.85,0,0,-15,-12,12,-24,-12,590889
1738185840,1.04385,1.04395,1.04375,1.04395,56,294.9,0,9,-31,-24,16,-40,-24,590889
1738186020,1.04385,1.04425,1.04385,1.04405,353,300.2,0,317,-18,317,335,-18,317,590889
1738186200,1.04405,1.04415,1.04375,1.04375,149,278.6,0,52,-45,-45,52,-97,-45,590889
1738186380,1.0437,1.04385,1.04365,1.04365,62,268.55,0,0,-31,-20,21,-41,-20,590889
1738186560,1.04365,1.04375,1.0436,1.04365,74,260.15,0,0,-62,-62,6,-68,-62,590889
1738186740,1.04365,1.04375,1.0436,1.04375,34,254.3,0,28,-3,28,31,-3,28,590889
1738186920,1.04375,1.04395,1.04365,1.0439,74,242.15,0,44,0,14,44,-30,14,590889
1738187100,1.0439,1.0441,1.0439,1.0441,113,231.85,0,113,0,113,113,0,113,590889
1738187280,1.04415,1.0442,1.04405,1.0442,109,221.2,0,59,-25,59,84,-25,59,590889
1738187460,1.04415,1.0443,1.04415,1.0443,146,216.85,0,114,0,114,130,-16,114,590889
1738187640,1.04435,1.04445,1.0443,1.0443,215,216.75,0,58,-99,-99,58,-157,-99,590889
1738187820,1.0443,1.0444,1.0442,1.0444,292,221.1,0,0,-155,-18,137,-155,-18,593145
1738191600,1.04425,1.0445,1.0442,1.0443,162,203.95,0,149,0,136,149,-13,136,593145
1738191780,1.0443,1.0444,1.04425,1.0444,49,201,0,0,-33,-17,16,-33,-17,593145
1738191960,1.0444,1.0444,1.0443,1.0443,71,200.8,0,0,-34,-13,29,-42,-13,593145
1738192140,1.0443,1.0443,1.04395,1.04405,131,198.2,0,0,-131,-131,0,-131,-131,593145
1738192320,1.044,1.0442,1.044,1.0441,61,194,0,6,-19,-11,25,-36,-11,593145
1738192500,1.04415,1.0443,1.04415,1.0443,24,119.5,0,24,0,24,24,0,24,593145
1738192680,1.04425,1.04435,1.04425,1.04425,51,113.1,0,16,-11,-11,20,-31,-11,593145
1738192860,1.04435,1.04435,1.04425,1.04435,28,112.7,0,1,-14,-2,13,-15,-2,593145
1738193040,1.04435,1.0444,1.04425,1.0443,12,110.5,0,3,-6,-6,3,-9,-6,593145
1738193220,1.04435,1.0444,1.04435,1.0444,6,93.15,0,6,0,6,6,0,6,593145
1738193400,1.04435,1.0444,1.0443,1.0443,68,89.1,0,4,-21,-18,25,-43,-18,593145
1738193580,1.04435,1.04435,1.0443,1.0443,21,87.05,0,12,0,3,12,-9,3,593145
1738193760,1.0443,1.04435,1.04425,1.0443,24,84.55,0,0,-24,-24,0,-24,-24,593145
1738193940,1.0443,1.04465,1.04425,1.0446,366,101.15,0,366,0,366,366,0,366,593145
1738194120,1.0446,1.0448,1.0446,1.0447,110,102.95,0,77,0,44,77,-33,44,593145
1738194300,1.0447,1.0449,1.0447,1.04475,167,105.65,0,117,0,67,117,-50,67,593145
1738194480,1.04475,1.04485,1.04475,1.0448,31,101.75,0,11,-10,11,21,-10,11,593145
1738194660,1.04475,1.04475,1.0446,1.0447,82,98.55,0,0,-72,-72,5,-77,-72,593145
1738194840,1.0447,1.04475,1.0446,1.04465,46,90.1,0,8,-14,-2,22,-24,-2,593145
1738195020,1.04465,1.04465,1.04455,1.04465,24,76.7,0,0,-21,-18,3,-21,-18,593145
1738195200,1.04455,1.0447,1.04455,1.04455,77,72.45,0,54,0,31,54,-23,31,593145
1738195380,1.04455,1.04475,1.0445,1.04475,27,71.35,0,11,-8,11,19,-8,11,593145
1738195560,1.0448,1.04495,1.0448,1.04495,95,72.55,0,95,0,95,95,0,95,593145
1738195740,1.0449,1.04495,1.04485,1.04485,23,67.15,0,7,-9,-9,7,-16,-9,593145
1738195920,1.04485,1.04495,1.04485,1.04495,80,68.1,0,52,-14,52,66,-14,52,593145
1738196100,1.0449,1.04495,1.0448,1.04495,66,70.2,0,18,-24,18,42,-24,18,593145
1738196280,1.04495,1.045,1.04485,1.04495,67,71,0,67,0,67,67,0,67,593145
1738196460,1.04495,1.045,1.0449,1.04495,67,72.95,0,30,-7,-7,30,-37,-7,593145
1738196640,1.04495,1.04495,1.04475,1.0448,69,75.8,0,0,-60,-51,9,-60,-51,593145
1738196820,1.0448,1.0449,1.0448,1.0449,32,77.1,0,32,0,32,32,0,32,593145
1738197000,1.04485,1.04485,1.04475,1.0448,18,74.6,0,9,-2,4,11,-7,4,593145
1738197180,1.0448,1.04485,1.0446,1.0447,44,75.75,0,0,-31,-18,13,-31,-18,593145
1738197360,1.0447,1.0448,1.04465,1.0448,27,75.9,0,27,0,27,27,0,27,593145
1738197540,1.0447,1.0448,1.0447,1.04475,66,60.9,0,54,0,42,54,-12,42,593145
1738197720,1.0448,1.04485,1.04475,1.04485,24,56.6,0,10,0,8,16,-8,8,593145
1738197900,1.0449,1.04495,1.04475,1.0448,55,51,0,0,-47,-39,8,-47,-39,593145
1738198080,1.0448,1.04485,1.0447,1.0447,42,51.55,0,11,-20,-20,11,-31,-20,593145
1738198260,1.0447,1.04485,1.0447,1.0448,54,50.15,0,54,0,54,54,0,54,593145
1738198440,1.0449,1.0449,1.04465,1.0447,118,53.75,0,0,-118,-118,0,-118,-118,593145
1738198620,1.0447,1.0448,1.04465,1.0448,49,55,0,31,-9,31,40,-9,31,593145
1738198800,1.0447,1.04475,1.0445,1.0445,204,61.35,0,0,-204,-204,0,-204,-204,593145
1738198980,1.0445,1.0446,1.04415,1.04415,134,66.7,0,0,-134,-134,0,-134,-134,593145
1738199160,1.04425,1.04435,1.0442,1.04435,75,65.7,0,75,0,75,75,0,75,593145
1738199340,1.0444,1.0444,1.04425,1.04425,61,67.6,0,0,-61,-61,0,-61,-61,593145
1738199520,1.0443,1.04445,1.0443,1.04445,83,67.75,0,83,0,83,83,0,83,593145
1738199700,1.0445,1.0445,1.04415,1.0443,147,71.8,0,0,-93,-39,54,-93,-39,593145
1738199880,1.0443,1.04445,1.0442,1.0442,55,71.2,0,4,-47,-47,4,-51,-47,593145
1738200060,1.0442,1.04425,1.04405,1.04405,39,69.8,0,0,-39,-39,0,-39,-39,593145
1738200240,1.0441,1.04415,1.0441,1.04415,47,68.7,0,23,-3,23,35,-12,23,593145
1738200420,1.04425,1.0443,1.0442,1.0442,59,70.05,0,30,0,1,30,-29,1,593145
1738200600,1.04415,1.0442,1.04415,1.0442,21,70.2,0,0,-15,-9,6,-15,-9,593145
1738200780,1.0443,1.0443,1.0443,1.0443,14,68.7,0,14,0,14,14,0,14,593145
1738200960,1.04435,1.04435,1.0443,1.04435,26,68.65,0,9,-5,-2,12,-14,-2,593145
1738201140,1.04435,1.04435,1.0443,1.0443,25,66.6,0,20,0,15,20,-5,15,593145
1738201320,1.04435,1.04435,1.0442,1.0442,45,67.65,0,13,-19,-19,13,-32,-19,593145
1738201500,1.0443,1.0443,1.04425,1.04425,10,65.4,0,7,0,4,7,-3,4,593145
1738201680,1.04425,1.04435,1.04425,1.0443,59,66.25,0,57,-1,57,58,-1,57,593145
1738201860,1.04425,1.04425,1.0442,1.04425,19,64.5,0,9,-5,9,14,-5,9,593145
1738202040,1.0443,1.04435,1.0443,1.04435,19,59.55,0,15,0,15,17,-2,15,593145
1738202220,1.04425,1.04425,1.04415,1.04415,23,58.25,0,0,-23,-23,0,-23,-23,593145
1738202400,1.0442,1.0443,1.0442,1.04425,39,50,0,39,0,39,39,0,39,593145
1738202580,1.04425,1.0444,1.04425,1.04435,40,45.3,0,40,0,40,40,0,40,593145
1738202760,1.04435,1.04455,1.04435,1.04455,54,44.25,0,54,0,54,54,0,54,593145
1738202940,1.0446,1.04465,1.04455,1.0446,40,43.2,0,32,0,24,32,-8,24,593145
1738203120,1.0446,1.0448,1.04455,1.04475,65,42.3,0,1,-32,1,33,-32,1,593145
1738203300,1.04475,1.04485,1.04455,1.04475,118,40.85,0,0,-61,-4,57,-61,-4,593145
1738203480,1.0448,1.04485,1.04465,1.0447,158,46,0,11,-106,-106,26,-132,-106,593145
1738203660,1.04475,1.04475,1.04445,1.04445,109,49.5,0,9,-65,-65,22,-87,-65,593145
1738203840,1.0445,1.0445,1.04435,1.0444,44,49.35,0,10,-22,-20,12,-32,-20,593145
1738204020,1.0444,1.0445,1.0443,1.04445,49,48.85,0,35,0,21,35,-14,21,593145
1738204200,1.0445,1.0445,1.0444,1.04445,51,50.35,0,0,-30,-9,21,-30,-9,593145
1738204380,1.0445,1.0446,1.0445,1.0445,65,52.9,0,22,-21,-21,22,-43,-21,593145
1738204560,1.04445,1.04445,1.04425,1.0444,66,54.9,0,0,-44,-22,22,-44,-22,593145
1738204740,1.04435,1.0445,1.04425,1.04445,51,56.2,0,31,-10,31,41,-10,31,593145
1738204920,1.0445,1.04455,1.0444,1.04455,75,57.7,0,39,0,39,57,-18,39,593145
1738205100,1.0446,1.0446,1.04445,1.0445,59,60.15,0,28,0,21,40,-19,21,593145
1738205280,1.0445,1.0445,1.0444,1.0445,81,61.25,0,22,-14,9,45,-36,9,593145
1738205460,1.0445,1.0447,1.04445,1.04465,58,63.2,0,36,0,14,36,-22,14,593145
1738205640,1.0446,1.04465,1.0444,1.0444,96,67.05,0,23,-50,-50,23,-73,-50,593145
1738205820,1.04435,1.04455,1.04435,1.04445,90,70.4,0,40,-10,-10,40,-50,-10,593145
1738206000,1.04445,1.04445,1.0443,1.0444,78,72.35,0,0,-36,-10,34,-44,-10,593145
1738206180,1.04445,1.0445,1.04435,1.0444,123,76.5,0,73,0,23,73,-50,23,593145
1738206360,1.0444,1.04455,1.0444,1.04455,22,74.9,0,10,-6,10,16,-6,10,593145
1738206540,1.0445,1.04455,1.0445,1.04455,32,74.5,0,15,0,10,21,-11,10,593145
1738206720,1.04455,1.04455,1.04445,1.04455,57,74.1,0,0,-36,-15,21,-36,-15,593145
1738206900,1.04455,1.04465,1.0445,1.04465,61,71.25,0,35,-13,35,48,-13,35,593145
1738207080,1.04465,1.0447,1.0445,1.0447,55,66.1,0,27,-14,27,41,-14,27,593145
1738207260,1.04475,1.0448,1.0446,1.0446,45,62.9,0,0,-45,-45,0,-45,-45,593145
1738207440,1.04455,1.04465,1.04455,1.0446,42,62.8,0,24,-9,24,33,-9,24,593145
1738207620,1.0446,1.0446,1.0446,1.0446,36,62.15,0,36,0,36,36,0,36,593145
1738207800,1.04465,1.04475,1.0446,1.04465,68,63,0,52,0,36,52,-16,36,593145
1738207980,1.04465,1.04465,1.0444,1.0444,89,64.2,0,0,-89,-89,0,-89,-89,593145
1738208160,1.0444,1.0446,1.04435,1.04455,145,68.15,0,0,-63,-63,41,-104,-63,593145
1738208340,1.04455,1.0447,1.04455,1.04465,116,71.4,0,88,0,60,88,-28,60,593145
1738208520,1.0447,1.04475,1.04465,1.04465,35,69.4,0,6,-23,-23,6,-29,-23,593145
1738208700,1.04465,1.04465,1.0445,1.0445,68,69.85,0,0,-68,-68,0,-68,-68,593145
1738208880,1.04455,1.04465,1.04455,1.04465,22,66.9,0,22,0,22,22,0,22,593145
1738209060,1.04465,1.0447,1.0446,1.0446,34,65.7,0,5,-24,-24,5,-29,-24,593145
1738209240,1.0446,1.04465,1.0446,1.04465,50,63.4,0,5,-32,-24,13,-37,-24,593145
1738209420,1.04465,1.04465,1.0446,1.0446,57,61.75,0,0,-57,-57,0,-57,-57,593145
1738209600,1.04465,1.04475,1.0446,1.04475,91,62.4,0,91,0,91,91,0,91,593145
1738209780,1.04475,1.04485,1.04465,1.0448,167,64.6,0,87,0,81,124,-43,81,593145
1738209960,1.0448,1.04485,1.0448,1.0448,222,74.6,0,196,0,170,196,-26,170,593145
1738210140,1.0448,1.0448,1.04465,1.04465,68,76.4,0,0,-68,-68,0,-68,-68,593145
1738210320,1.0447,1.04485,1.0447,1.0448,56,76.35,0,26,-4,-4,26,-30,-4,593145
1738210500,1.04485,1.04485,1.0446,1.0447,85,77.55,0,0,-46,-7,39,-46,-7,593145
1738210680,1.04465,1.04475,1.0446,1.04465,87,79.15,0,0,-75,-75,6,-81,-75,593145
1738210860,1.04465,1.0447,1.04465,1.04465,22,78,0,0,-22,-22,0,-22,-22,593145
1738211040,1.04465,1.04465,1.04455,1.0446,44,78.1,0,0,-44,-44,0,-44,-44,593145
1738211220,1.04455,1.04455,1.04445,1.0445,55,79.05,0,0,-39,-23,16,-39,-23,593145
1738211400,1.04445,1.04445,1.04415,1.04415,92,80.25,0,0,-92,-92,0,-92,-92,593145
1738211580,1.0442,1.04425,1.0442,1.04425,109,81.25,0,109,0,109,109,0,109,593145
1738211760,1.0442,1.0443,1.04415,1.04415,39,75.95,0,31,0,23,31,-8,23,593145
1738211940,1.04415,1.04415,1.0439,1.04395,217,81,0,0,-217,-217,0,-217,-217,593145
1738212120,1.0439,1.04405,1.0439,1.04405,47,81.6,0,47,0,47,47,0,47,593145
1738212300,1.04405,1.0441,1.044,1.044,27,79.55,0,25,0,23,25,-2,23,593145
1738212480,1.044,1.0441,1.0439,1.0441,65,81.7,0,33,-16,33,49,-16,33,593145
1738212660,1.0441,1.0441,1.04405,1.0441,24,81.2,0,6,-5,6,15,-9,6,593145
1738212840,1.0441,1.0441,1.044,1.044,35,80.45,0,16,-3,-3,16,-19,-3,593145
1738213020,1.044,1.0441,1.04395,1.04405,46,79.9,0,12,-13,-4,21,-25,-4,593145
1738213200,1.044,1.04415,1.04395,1.04415,112,80.95,0,62,0,48,80,-32,48,593145
1738213380,1.04415,1.04425,1.0441,1.0441,90,77.1,0,67,0,44,67,-23,44,593145
1738213560,1.0441,1.0441,1.04395,1.04395,27,67.35,0,0,-27,-27,0,-27,-27,593145
1738213740,1.04395,1.044,1.0439,1.0439,31,65.5,0,13,-5,-5,13,-18,-5,593145
1738213920,1.04395,1.044,1.0439,1.044,28,64.1,0,5,-7,4,16,-12,4,593145
1738214100,1.044,1.0441,1.044,1.04405,33,61.5,0,15,-3,-3,15,-18,-3,593145
1738214280,1.0441,1.0441,1.044,1.044,28,58.55,0,5,-18,-18,5,-23,-18,593145
1738214460,1.04395,1.044,1.0439,1.04395,24,58.65,0,11,0,10,17,-7,10,593145
1738214640,1.044,1.0441,1.044,1.0441,38,58.35,0,38,0,38,38,0,38,593145
1738214820,1.04405,1.04415,1.04405,1.04415,8,56,0,8,0,8,8,0,8,593145
1738215000,1.04415,1.04425,1.04415,1.0442,45,53.65,0,33,0,21,33,-12,21,593145
1738215180,1.0442,1.04425,1.0442,1.0442,45,50.45,0,19,-7,-7,19,-26,-7,593145
1738215360,1.04425,1.04425,1.04405,1.04405,27,49.85,0,4,-19,-19,4,-23,-19,593145
1738215540,1.04405,1.04425,1.04405,1.04415,54,41.7,0,44,0,44,49,-5,44,593145
1738215720,1.0441,1.0441,1.04395,1.044,62,42.45,0,0,-62,-62,0,-62,-62,593145
1738215900,1.04395,1.04405,1.0439,1.044,60,44.1,0,32,-14,32,46,-14,32,593145
1738216080,1.04405,1.0441,1.04395,1.04395,61,43.9,0,21,-19,-19,21,-40,-19,593145
1738216260,1.044,1.0442,1.044,1.0442,56,45.5,0,56,0,56,56,0,56,593145
1738216440,1.04415,1.04415,1.0441,1.04415,27,45.1,0,0,-17,-7,10,-17,-7,593145
1738216620,1.04415,1.04435,1.04415,1.0443,73,46.45,0,73,0,73,73,0,73,593145
1738216800,1.04435,1.04435,1.0442,1.0442,129,47.3,0,64,-1,-1,64,-65,-1,593145
1738216980,1.0442,1.04425,1.0441,1.0442,151,50.35,0,0,-140,-129,11,-140,-129,593145
1738217160,1.0442,1.04425,1.04415,1.04415,76,52.8,0,5,-66,-66,5,-71,-66,593145
1738217340,1.0442,1.0442,1.044,1.044,115,57,0,28,-22,-15,50,-65,-15,593145
1738217520,1.044,1.04405,1.0438,1.04385,156,63.4,0,0,-156,-156,0,-156,-156,593145
1738217700,1.0439,1.04405,1.04385,1.04385,85,66,0,51,0,17,51,-34,17,593145
1738217880,1.04385,1.0439,1.0438,1.0438,31,66.15,0,3,-25,-25,3,-28,-25,593145
1738218060,1.04385,1.0439,1.0438,1.04385,50,67.45,0,22,-6,-6,22,-28,-6,593145
1738218240,1.04385,1.04385,1.0436,1.04365,109,71,0,0,-94,-79,15,-94,-79,593145
1738218420,1.04365,1.04365,1.0435,1.0436,79,74.55,0,43,-18,43,61,-18,43,593145
1738218600,1.0436,1.04365,1.04335,1.0434,217,83.15,0,0,-217,-217,0,-217,-217,593145
1738218780,1.04345,1.04345,1.0432,1.04325,154,88.6,0,0,-154,-154,0,-154,-154,593145
1738218960,1.04325,1.0434,1.04325,1.04335,78,91.15,0,68,-5,68,73,-5,68,593145
1738219140,1.0434,1.04355,1.0433,1.04355,188,97.85,0,188,0,188,188,0,188,593145
1738219320,1.04355,1.04365,1.04345,1.04345,89,99.2,0,31,-27,-27,31,-58,-27,593145
1738219500,1.0434,1.0435,1.04335,1.0434,52,98.8,0,0,-52,-52,0,-52,-52,593145
1738219680,1.0434,1.0435,1.04335,1.0435,57,98.6,0,21,-18,21,39,-18,21,593145
1738219860,1.0435,1.04355,1.0434,1.04355,72,99.4,0,72,0,72,72,0,72,593145
1738220040,1.04355,1.0436,1.04335,1.04345,82,102.15,0,26,-14,26,54,-28,26,593145
1738220220,1.04345,1.04355,1.04345,1.0435,29,99.95,0,12,-5,-5,12,-17,-5,593145
1738220400,1.0435,1.04355,1.0433,1.0433,283,107.65,0,49,-94,3,143,-140,3,593145
1738220580,1.0433,1.0434,1.0432,1.0433,202,110.2,0,94,-1,94,148,-54,94,593145
1738220760,1.04335,1.04345,1.04305,1.0431,284,120.6,0,0,-284,-284,0,-284,-284,593145
1738220940,1.04315,1.0433,1.04315,1.0433,192,124.45,0,192,0,192,192,0,192,593145
1738221120,1.0433,1.0435,1.04325,1.0434,175,125.4,0,0,-95,-95,40,-135,-95,593145
1738221300,1.04345,1.04345,1.04325,1.0434,157,129,0,119,-19,119,138,-19,119,593145
1738221480,1.0434,1.0435,1.04325,1.04345,151,135,0,63,-44,63,107,-44,63,593145
1738221660,1.04345,1.0436,1.04335,1.0434,144,139.7,0,85,0,26,85,-59,26,593145
1738221840,1.0434,1.04345,1.0432,1.04345,120,140.25,0,60,-30,60,90,-30,60,593145
1738222020,1.04345,1.0437,1.04345,1.0436,310,151.8,0,278,0,246,278,-32,246,593145
1738222200,1.04355,1.04355,1.0434,1.0435,89,145.4,0,0,-69,-49,20,-69,-49,593145
1738222380,1.04355,1.04375,1.0435,1.04355,241,149.75,0,151,0,61,151,-90,61,593145
1738222560,1.0436,1.04365,1.0435,1.0436,132,152.45,0,58,-37,58,95,-37,58,593145
1738222740,1.04365,1.04395,1.0436,1.04395,183,152.2,0,107,-38,107,145,-38,107,593145
1738222920,1.04395,1.0442,1.0439,1.04415,242,159.85,0,174,0,106,174,-68,106,593145
1738223100,1.0442,1.0442,1.0439,1.04395,252,169.85,0,0,-198,-198,27,-225,-198,593145
1738223280,1.0439,1.0442,1.0439,1.0442,184,176.2,0,47,-25,40,112,-72,40,593145
1738223460,1.04415,1.04425,1.044,1.04415,194,182.3,0,68,-20,-18,88,-106,-18,593145
1738223640,1.04415,1.04445,1.0441,1.0443,272,191.8,0,180,0,88,180,-92,88,593145
1738223820,1.04425,1.04455,1.04425,1.0445,338,207.25,0,338,0,338,338,0,338,593145
1738224000,1.04455,1.04505,1.04385,1.04405,2360,311.1,0,0,-2158,-1956,202,-2158,-1956,593145
1738224180,1.04405,1.04465,1.044,1.0446,698,335.9,0,698,0,698,698,0,698,593145
1738224360,1.0446,1.0446,1.04415,1.0444,447,344.05,0,0,-280,-113,167,-280,-113,593145
1738224540,1.04435,1.04435,1.04415,1.04435,321,350.5,0,0,-295,-269,26,-295,-269,593145
1738224720,1.04435,1.04455,1.0441,1.04415,306,357.05,0,90,-126,-126,90,-216,-126,593145
1738224900,1.0441,1.04425,1.0439,1.04425,270,362.7,0,48,-111,48,159,-111,48,593145
1738225080,1.0442,1.0443,1.04405,1.0443,175,363.9,0,0,-97,-19,78,-97,-19,593145
1738225260,1.0443,1.0445,1.0443,1.0445,168,365.1,0,168,0,168,168,0,168,593145
1738225440,1.04445,1.04445,1.04425,1.0443,293,373.75,0,0,-234,-175,59,-234,-175,593145
1738225620,1.0443,1.04455,1.0443,1.04445,437,380.1,0,275,0,113,275,-162,113,593145
1738225800,1.0445,1.0445,1.04405,1.0442,530,402.15,0,0,-530,-530,0,-530,-530,593145
1738225980,1.04425,1.04445,1.04415,1.0444,301,405.15,0,301,0,301,301,0,301,593145
1738226160,1.04435,1.0445,1.04415,1.04415,206,408.85,0,46,-114,-114,46,-160,-114,593145
1738226340,1.0442,1.0443,1.0437,1.0441,786,439,0,68,-359,68,427,-359,68,593145
1738226520,1.04405,1.04435,1.04405,1.04425,136,433.7,0,111,0,86,111,-25,86,593145
1738226700,1.0442,1.04455,1.04405,1.04455,96,425.9,0,60,-18,60,78,-18,60,593145
1738226880,1.04445,1.04455,1.0443,1.04435,143,423.85,0,46,-32,13,78,-65,13,593145
1738227060,1.0443,1.04435,1.04405,1.0441,367,432.5,0,0,-367,-367,0,-367,-367,593145
1738227240,1.0441,1.04425,1.044,1.0441,258,431.8,0,0,-189,-120,69,-189,-120,593145
1738227420,1.0441,1.04435,1.0441,1.0443,319,430.85,0,125,-27,15,167,-152,15,593145
1738227600,1.04435,1.0444,1.0437,1.0438,1153,370.5,0,0,-1153,-1153,0,-1153,-1153,593145
1738227780,1.04375,1.04375,1.0424,1.0429,2009,436.05,0,0,-1558,-1107,451,-1558,-1107,593145
1738227960,1.0429,1.043,1.04255,1.0429,705,448.95,0,23,-341,23,364,-341,23,593145
1738228140,1.04285,1.0429,1.04255,1.04275,721,468.95,0,271,-225,271,496,-225,271,593145
1738228320,1.04275,1.04305,1.04275,1.04305,527,480,0,527,0,527,527,0,527,593145
1738228500,1.04305,1.0433,1.04305,1.0433,653,499.15,0,653,0,653,653,0,653,593145
1738228680,1.0433,1.04345,1.0431,1.0432,337,507.25,0,199,0,61,199,-138,61,593145
1738228860,1.0432,1.0432,1.04265,1.04285,527,525.2,0,5,-261,5,266,-261,5,593145
1738229040,1.0429,1.0429,1.0425,1.04275,600,540.55,0,0,-418,-236,182,-418,-236,593145
1738229220,1.04275,1.04295,1.04275,1.04295,265,531.95,0,265,0,265,265,0,265,593145
1738229400,1.04295,1.04325,1.0429,1.04305,675,539.2,0,570,0,465,570,-105,465,593145
1738229580,1.04305,1.0433,1.0429,1.04305,452,546.75,0,297,0,142,297,-155,142,593145
1738229760,1.043,1.043,1.0425,1.0426,683,570.6,0,0,-577,-471,106,-577,-471,593145
1738229940,1.04255,1.04265,1.04245,1.0425,442,553.4,0,0,-196,-196,123,-319,-196,593145
1738230120,1.04255,1.04275,1.04235,1.04265,386,565.9,0,0,-273,-160,113,-273,-160,593145
1738230300,1.0427,1.04285,1.0426,1.04265,348,578.5,0,150,-48,-48,150,-198,-48,593145
1738230480,1.04265,1.04295,1.0426,1.0429,262,584.45,0,262,0,262,262,0,262,593145
1738230660,1.0429,1.0429,1.04265,1.04275,414,586.8,0,100,-76,-62,176,-238,-62,593145
1738230840,1.04275,1.04285,1.04265,1.04285,253,586.55,0,0,-170,-87,83,-170,-87,593145
1738231020,1.04285,1.04295,1.04275,1.0429,411,591.15,0,79,-166,79,245,-166,79,593145
1738231200,1.04285,1.0429,1.0426,1.0428,549,560.95,0,0,-243,-119,215,-334,-119,593145
1738231380,1.04275,1.0429,1.0424,1.0428,731,497.05,0,333,-199,333,532,-199,333,593145
1738231560,1.0428,1.04295,1.0426,1.04275,467,485.15,0,320,0,299,383,-84,299,593145
1738231740,1.04275,1.0429,1.0426,1.0428,211,459.65,0,73,-8,73,142,-69,73,593145
1738231920,1.04285,1.0429,1.0426,1.0428,298,448.2,0,210,0,210,254,-44,210,593145
1738232100,1.0428,1.04305,1.0428,1.0428,253,428.2,0,121,-11,-11,121,-132,-11,593145
1738232280,1.0428,1.0428,1.0426,1.04275,155,419.1,0,73,-41,73,114,-41,73,593145
1738232460,1.04275,1.04315,1.04275,1.04315,415,413.5,0,101,-136,-59,178,-237,-59,593145
1738232640,1.04315,1.04325,1.043,1.043,358,401.4,0,53,-252,-252,53,-305,-252,593145
1738232820,1.04295,1.0431,1.04295,1.0431,197,398,0,197,0,197,197,0,197,593145
1738233000,1.04315,1.04315,1.04295,1.04305,244,376.45,0,0,-162,-80,82,-162,-80,593145
1738233180,1.04305,1.0432,1.043,1.04305,234,365.55,0,146,0,58,146,-88,58,593145
1738233360,1.04305,1.0432,1.04295,1.043,354,349.1,0,0,-252,-150,102,-252,-150,593145
1738233540,1.043,1.0433,1.043,1.0432,239,338.95,0,128,0,17,128,-111,17,593145
1738233720,1.04315,1.04315,1.04275,1.04275,189,329.1,0,0,-189,-189,0,-189,-189,593145
1738233900,1.0427,1.04275,1.0426,1.0427,339,328.65,0,0,-161,-75,132,-207,-75,593145
1738234080,1.0427,1.0427,1.0419,1.042,765,353.8,0,0,-765,-765,0,-765,-765,593145
1738234260,1.042,1.0423,1.0417,1.04225,1058,386,0,0,-677,-296,381,-677,-296,593145
1738234440,1.04225,1.0423,1.0421,1.04225,660,406.35,0,0,-501,-342,159,-501,-342,593145
1738234620,1.04225,1.0423,1.04215,1.0422,238,397.7,0,2,-132,-132,53,-185,-132,593145
1738234800,1.04215,1.04215,1.0416,1.04185,1356,438.05,0,0,-1211,-1066,145,-1211,-1066,593145
1738234980,1.0419,1.042,1.0416,1.0418,483,425.65,0,0,-360,-237,123,-360,-237,593145
1738235160,1.0418,1.0418,1.0416,1.04175,313,417.95,0,0,-203,-93,110,-203,-93,593145
1738235340,1.0417,1.04175,1.0414,1.0416,536,434.2,0,26,-255,26,281,-255,26,593145
1738235520,1.0416,1.04165,1.0414,1.04145,213,429.95,0,0,-213,-213,0,-213,-213,593145
1738235700,1.0415,1.0418,1.0414,1.0418,225,428.55,0,0,-164,-103,61,-164,-103,593145
1738235880,1.0418,1.0419,1.04165,1.0417,191,430.35,0,132,0,73,132,-59,73,593145
1738236060,1.04165,1.04165,1.04135,1.04135,343,426.75,0,0,-343,-343,0,-343,-343,593145
1738236240,1.04135,1.0415,1.0413,1.0414,222,419.95,0,120,0,120,171,-51,120,593145
1738236420,1.04145,1.04155,1.04135,1.04155,217,420.95,0,59,-79,59,138,-79,59,593145
1738236600,1.04155,1.0418,1.04155,1.04175,255,421.5,0,255,0,255,255,0,255,593145
1738236780,1.04175,1.0418,1.0416,1.0416,213,420.45,0,81,-51,-51,81,-132,-51,593145
1738236960,1.0416,1.04195,1.0416,1.04195,390,422.25,0,390,0,390,390,0,390,593145
1738237140,1.0419,1.0421,1.04185,1.04205,257,423.15,0,166,0,75,166,-91,75,593145
1738237320,1.04205,1.04205,1.0418,1.04195,549,441.15,0,231,-91,95,322,-227,95,593145
1738237500,1.04195,1.0421,1.04185,1.04185,313,439.85,0,149,-15,-15,149,-164,-15,593145
1738237680,1.0418,1.04185,1.04165,1.0417,253,414.25,0,0,-253,-253,0,-253,-253,593145
1738237860,1.0417,1.0418,1.04155,1.0417,196,371.15,0,0,-80,-64,66,-130,-64,593145
1738238040,1.0417,1.0418,1.04155,1.0416,320,354.15,0,81,-158,-158,81,-239,-158,593145
1738238220,1.0416,1.04165,1.04125,1.0413,865,385.5,0,0,-865,-865,0,-865,-865,593145
1738238400,1.04135,1.04155,1.04115,1.0414,561,345.75,0,137,-212,137,349,-212,137,593145
1738238580,1.0414,1.0415,1.0413,1.0414,187,330.95,0,50,-26,35,111,-76,35,593145
1738238760,1.04145,1.0417,1.04135,1.04165,361,333.35,0,118,-32,61,211,-150,61,593145
1738238940,1.0416,1.0417,1.04145,1.0415,281,320.6,0,66,-149,-149,66,-215,-149,593145
1738239120,1.0415,1.0417,1.04145,1.04155,390,329.45,0,131,-31,66,228,-162,66,593145
1738239300,1.0415,1.0419,1.04145,1.0418,243,330.35,0,243,0,243,243,0,243,593145
1738239480,1.04185,1.0419,1.0417,1.0418,204,331,0,73,-58,-58,73,-131,-58,593145
1738239660,1.04175,1.0419,1.0416,1.0418,243,326,0,0,-145,-145,49,-194,-145,593145
1738239840,1.0418,1.0421,1.0418,1.042,301,329.95,0,87,-26,75,188,-113,75,593145
1738240020,1.042,1.04225,1.04195,1.0422,188,328.5,0,188,0,188,188,0,188,593145
1738240200,1.04225,1.0423,1.04195,1.0421,492,340.35,0,209,-74,-74,209,-283,-74,593145
1738240380,1.0421,1.04215,1.04195,1.0421,334,346.4,0,12,-161,12,173,-161,12,593145
1738240560,1.0421,1.04225,1.042,1.0421,301,341.95,0,203,0,105,203,-98,105,593145
1738240740,1.0421,1.04215,1.04175,1.04175,311,344.65,0,0,-311,-311,0,-311,-311,593145
1738240920,1.0417,1.0421,1.0417,1.0421,321,333.25,0,321,0,321,321,0,321,593145
1738241100,1.04215,1.04225,1.0421,1.04215,225,328.85,0,139,0,53,139,-86,53,593145
1738241280,1.0422,1.04265,1.04215,1.0426,528,342.6,0,424,-52,424,476,-52,424,593145
1738241460,1.0426,1.0427,1.0425,1.04255,349,350.25,0,0,-189,-117,116,-233,-117,593145
1738241640,1.04255,1.04265,1.0424,1.0424,725,370.5,0,159,-407,-407,159,-566,-407,593145
1738241820,1.0424,1.04245,1.0423,1.04245,848,369.65,0,238,-305,238,543,-305,238,593145
1738242000,1.0425,1.04265,1.0423,1.0423,267,354.95,0,111,-45,-45,111,-156,-45,593145
1738242180,1.04235,1.0426,1.0423,1.04245,200,355.6,0,163,0,126,163,-37,126,593145
1738242360,1.0425,1.04265,1.0424,1.0426,348,354.95,0,144,-60,-60,144,-204,-60,593145
1738242540,1.04255,1.0426,1.04235,1.04255,492,365.5,0,0,-248,-4,244,-248,-4,593145
1738242720,1.0425,1.04275,1.0424,1.04275,522,372.1,0,404,0,404,463,-59,404,593145
1738242900,1.0427,1.04305,1.0425,1.04265,1233,421.6,0,640,0,47,640,-593,47,593145
1738243080,1.0426,1.04315,1.04245,1.043,796,451.2,0,234,-281,234,515,-281,234,593145
1738243260,1.043,1.0436,1.043,1.0435,951,486.6,0,951,0,951,951,0,951,593145
1738243440,1.0435,1.04365,1.04325,1.04365,928,517.95,0,146,-391,146,537,-391,146,593145
1738243620,1.04365,1.04415,1.0436,1.04395,1405,578.8,0,834,0,815,1110,-295,815,593145
1738243800,1.04365,1.0438,1.04235,1.04295,3279,718.15,0,0,-2763,-2247,516,-2763,-2247,593145
1738243980,1.04295,1.0432,1.04265,1.0427,1173,760.1,0,615,0,57,615,-558,57,593145
1738244160,1.0427,1.04335,1.0427,1.04335,904,790.25,0,904,0,904,904,0,904,593145
1738244340,1.04335,1.04365,1.04325,1.04365,834,816.4,0,834,0,834,834,0,834,593145
1738244520,1.04365,1.04415,1.0436,1.04365,1185,859.6,0,875,0,565,875,-310,565,593145
1738244700,1.0436,1.04405,1.04355,1.044,850,890.85,0,850,0,850,850,0,850,593145
1738244880,1.04405,1.04475,1.04405,1.0445,1810,954.95,0,669,0,516,1163,-647,516,593145
1738245060,1.04445,1.04565,1.04435,1.045,3771,1126.05,0,3771,0,3771,3771,0,3771,593145
1738245240,1.045,1.04585,1.0446,1.0457,3881,1283.85,0,2259,-811,2259,3070,-811,2259,593145
1738245420,1.0457,1.0481,1.04555,1.04785,9500,1716.45,0,9500,0,9500,9500,0,9500,593145
1738245600,1.04775,1.0489,1.04735,1.04755,7878,2097,0,3668,-542,-542,3668,-4210,-542,593145
1738245780,1.04755,1.04765,1.0462,1.04665,6039,2388.95,0,0,-6039,-6039,0,-6039,-6039,593145
1738245960,1.04665,1.047,1.04565,1.04575,3162,2529.65,0,0,-3162,-3162,0,-3162,-3162,593145
1738246140,1.04575,1.04605,1.0456,1.04575,1155,2562.8,0,591,0,585,870,-285,585,593145
1738246320,1.04575,1.046,1.04525,1.046,1360,2604.7,0,200,-580,200,780,-580,200,593145
1738246500,1.04595,1.0464,1.04535,1.04565,802,2583.15,0,528,0,528,665,-137,528,593145
1738246680,1.0457,1.0457,1.04505,1.04525,794,2583.05,0,0,-794,-794,0,-794,-794,593145
1738246860,1.04515,1.0459,1.04515,1.04585,677,2569.35,0,677,0,677,677,0,677,593145
1738247040,1.0459,1.0461,1.04545,1.04585,605,2553.2,0,0,-485,-365,120,-485,-365,593145
1738247220,1.04585,1.046,1.0452,1.0455,2512,2608.55,0,1444,-334,1444,1978,-534,1444,593145
1738247400,1.04555,1.04575,1.04485,1.0451,1424,2515.8,0,0,-914,-404,510,-914,-404,593145
1738247580,1.0451,1.04515,1.0444,1.04455,1568,2535.55,0,0,-1568,-1568,0,-1568,-1568,593145
1738247760,1.0446,1.0454,1.0444,1.0452,1679,2574.3,0,1194,0,709,1194,-485,709,593145
1738247940,1.04515,1.04525,1.0446,1.04515,1073,2586.25,0,21,-526,21,547,-526,21,593145
1738248120,1.0452,1.04525,1.04475,1.0448,672,2560.6,0,0,-672,-672,0,-672,-672,593145
1738248300,1.0448,1.0449,1.04405,1.04445,1770,2606.6,0,0,-1146,-522,624,-1146,-522,593145
1738248480,1.04445,1.0448,1.0444,1.04465,1207,2576.45,0,466,0,287,747,-460,287,593145
1738248660,1.04465,1.0448,1.04415,1.0448,1224,2449.1,0,264,-480,264,744,-480,264,593145
1738248840,1.0448,1.04535,1.04475,1.04495,1181,2314.1,0,932,0,683,932,-249,683,593145
1738249020,1.04495,1.04535,1.0448,1.04495,801,1879.15,0,565,0,329,565,-236,329,593145
1738249200,1.045,1.0458,1.04495,1.04545,1505,1560.5,0,971,0,437,971,-534,437,593145
1738249380,1.04545,1.04575,1.0451,1.0456,1515,1334.3,0,0,-879,-879,318,-1197,-879,593145
1738249560,1.0456,1.04615,1.04545,1.04545,1091,1230.75,0,400,-291,-291,400,-691,-291,593145
1738249740,1.0455,1.046,1.0455,1.046,729,1209.45,0,729,0,729,729,0,729,593145
1738249920,1.046,1.0461,1.04515,1.04545,1025,1192.7,0,0,-618,-211,407,-618,-211,593145
1738250100,1.04545,1.04615,1.04545,1.04595,636,1184.4,0,636,0,636,636,0,636,593145
1738250280,1.046,1.0461,1.0456,1.04565,731,1181.25,0,0,-731,-731,0,-731,-731,593145
1738250460,1.04565,1.0459,1.0455,1.0456,354,1165.1,0,24,-141,-24,165,-189,-24,593145
1738250640,1.0456,1.0458,1.04535,1.04535,465,1158.1,0,14,-211,-211,127,-338,-211,593145
1738250820,1.0454,1.04555,1.04525,1.04535,326,1048.8,0,0,-172,-168,79,-247,-168,593145
1738251000,1.04535,1.0458,1.0453,1.04555,391,997.15,0,139,-113,-113,139,-252,-113,593145
1738251180,1.04555,1.04575,1.0453,1.0453,422,939.85,0,146,-130,-130,146,-276,-130,593145
1738251360,1.04535,1.0454,1.04485,1.04485,465,879.15,0,0,-465,-465,0,-465,-465,593145
1738251540,1.0449,1.0464,1.04485,1.04605,2315,941.25,0,2315,0,2315,2315,0,2315,593145
1738251720,1.046,1.046,1.04545,1.0457,900,952.65,0,0,-733,-566,167,-733,-566,593145
1738251900,1.0457,1.0457,1.0449,1.0452,892,908.75,0,0,-892,-892,0,-892,-892,593145
1738252080,1.0452,1.046,1.0452,1.0459,888,892.8,0,354,0,354,621,-267,354,593145
1738252260,1.0459,1.046,1.04525,1.0453,866,874.9,0,268,-330,-330,268,-598,-330,593145
1738252440,1.0453,1.0455,1.045,1.0453,873,859.5,0,242,-144,101,487,-386,101,593145
1738252620,1.0453,1.04535,1.045,1.04525,1304,884.65,0,0,-819,-334,485,-819,-334,593145
1738252800,1.0453,1.04565,1.0449,1.0451,1583,888.55,0,811,0,39,811,-772,39,593145
1738252980,1.04515,1.0452,1.0448,1.0451,676,846.6,0,0,-565,-454,111,-565,-454,593145
1738253160,1.0451,1.04535,1.04505,1.0451,325,808.3,0,238,0,151,238,-87,151,593145
1738253340,1.04505,1.0452,1.04475,1.04485,558,799.75,0,0,-383,-366,96,-462,-366,593145
1738253520,1.04485,1.04525,1.0448,1.04515,671,782.05,0,671,0,671,671,0,671,593145
1738253700,1.0452,1.0453,1.0447,1.04485,907,795.6,0,183,-541,-541,183,-724,-541,593145
1738253880,1.04485,1.045,1.0447,1.04475,244,771.25,0,117,-10,-10,117,-127,-10,593145
1738254060,1.0448,1.04485,1.04465,1.0447,288,767.95,0,27,-85,-64,112,-176,-64,593145
1738254240,1.0447,1.0447,1.0444,1.04445,533,771.35,0,0,-533,-533,0,-533,-533,593145
1738254420,1.0445,1.0448,1.0445,1.04465,305,770.3,0,305,0,305,305,0,305,593145
1738254600,1.0447,1.04475,1.04435,1.0445,343,767.9,0,0,-223,-103,120,-223,-103,593145
1738254780,1.04445,1.04495,1.0443,1.0449,753,784.45,0,461,-146,461,607,-146,461,593145
1738254960,1.0449,1.045,1.04455,1.0446,314,776.9,0,0,-152,-152,81,-233,-152,593145
1738255140,1.04455,1.04475,1.04435,1.0444,246,673.45,0,42,-162,-162,42,-204,-162,593145
1738255320,1.0444,1.04445,1.04425,1.04435,471,652,0,133,-169,133,302,-169,133,593145
1738255500,1.04435,1.04445,1.04425,1.04425,353,625.05,0,119,-115,-115,119,-234,-115,593145
1738255680,1.0442,1.04425,1.04385,1.04395,850,623.15,0,0,-683,-516,167,-683,-516,593145
1738255860,1.04395,1.0442,1.04385,1.0442,311,595.4,0,311,0,311,311,0,311,593145
1738256040,1.0442,1.0442,1.04395,1.04415,350,569.25,0,0,-184,-18,166,-184,-18,593145
1738256220,1.0442,1.0442,1.04385,1.0441,588,533.45,0,0,-409,-230,179,-409,-230,593145
1738256400,1.04405,1.0442,1.04395,1.0441,308,469.7,0,42,-133,42,175,-133,42,593145
1738256580,1.04405,1.04425,1.04395,1.04405,267,449.25,0,17,-96,-41,113,-154,-41,593145
1738256760,1.044,1.044,1.0436,1.04365,644,465.2,0,0,-644,-644,0,-644,-644,593145
1738256940,1.04365,1.04365,1.04335,1.04345,604,467.5,0,0,-604,-604,0,-604,-604,593145
1738257120,1.04345,1.04355,1.0431,1.0434,863,477.1,0,0,-770,-677,93,-770,-677,593145
1738257300,1.0434,1.0434,1.0431,1.04315,424,452.95,0,0,-424,-424,0,-424,-424,593145
1738257480,1.0432,1.0445,1.04315,1.0443,2585,570,0,2585,0,2585,2585,0,2585,593145
1738257660,1.0443,1.0443,1.0437,1.04375,749,593.05,0,0,-749,-749,0,-749,-749,593145
1738257840,1.04375,1.0441,1.04365,1.0437,598,596.3,0,211,-176,-176,211,-387,-176,593145
1738258020,1.04375,1.0438,1.0435,1.04365,486,605.35,0,0,-313,-140,173,-313,-140,593145
1738258200,1.0437,1.04395,1.04365,1.0438,96,593,0,74,0,52,74,-22,52,593145
1738258380,1.0438,1.04385,1.0436,1.04375,348,572.75,0,0,-244,-140,104,-244,-140,593145
1738258560,1.0438,1.0439,1.0437,1.04385,229,568.5,0,58,-38,37,133,-96,37,593145
1738258740,1.0438,1.04385,1.0437,1.0437,148,563.6,0,81,-18,50,99,-49,50,593145
1738258920,1.04375,1.0438,1.04355,1.04365,186,549.35,0,39,-108,-108,39,-147,-108,593145
1738259100,1.0437,1.0438,1.0436,1.04375,168,540.1,0,64,-40,-40,64,-104,-40,593145
1738259280,1.0437,1.044,1.0437,1.0437,504,522.8,0,411,0,318,411,-93,318,593145
1738259460,1.0437,1.0439,1.04365,1.0439,125,513.5,0,0,-74,-23,51,-74,-23,593145
1738259640,1.0439,1.04415,1.04365,1.04375,481,520.05,0,171,-139,-139,171,-310,-139,593145
1738259820,1.04375,1.0439,1.04375,1.04385,194,500.35,0,112,0,112,153,-41,112,593145
1738260000,1.0439,1.044,1.0437,1.04395,213,495.6,0,0,-126,-39,87,-126,-39,593145
1738260180,1.04395,1.04415,1.04395,1.0441,309,497.7,0,309,0,309,309,0,309,593145
1738260360,1.0441,1.0441,1.0439,1.04405,235,477.25,0,0,-205,-175,30,-205,-175,593145
1738260540,1.044,1.0443,1.04395,1.04425,233,458.7,0,233,0,233,233,0,233,593145
1738260720,1.0442,1.04425,1.04415,1.04415,65,418.8,0,26,-13,-13,26,-39,-13,593145
1738260900,1.0442,1.0442,1.04405,1.0441,78,401.5,0,0,-60,-60,9,-69,-60,593145
1738261080,1.04405,1.04435,1.04395,1.04435,77,276.1,0,17,-30,17,47,-30,17,593145
1738261260,1.0444,1.04445,1.04425,1.0444,288,253.05,0,0,-177,-66,111,-177,-66,593145
1738261440,1.0444,1.0444,1.0443,1.04435,109,228.6,0,0,-97,-85,12,-97,-85,593145
1738261620,1.04435,1.04455,1.04435,1.0444,375,223.05,0,124,-127,-127,124,-251,-127,593145
1738261800,1.0444,1.0445,1.0443,1.0445,247,230.6,0,125,-61,125,186,-61,125,593145
1738261980,1.0445,1.04465,1.0445,1.04455,372,231.8,0,260,0,148,260,-112,148,593145
1738262160,1.0446,1.0446,1.0444,1.0445,269,233.8,0,0,-269,-269,0,-269,-269,593145
1738262340,1.04445,1.0446,1.0444,1.0445,128,232.8,0,0,-95,-62,33,-95,-62,593145
1738262520,1.0445,1.0446,1.0444,1.0444,114,229.2,0,43,-28,-28,43,-71,-28,593145
1738262700,1.0444,1.04455,1.04435,1.04455,105,226.05,0,105,0,105,105,0,105,593145
1738262880,1.0446,1.04465,1.04455,1.04455,190,210.35,0,152,0,114,152,-38,114,593145
1738263060,1.04455,1.0447,1.04455,1.04465,188,213.5,0,188,0,188,188,0,188,593145
1738263240,1.04465,1.0447,1.0445,1.0445,151,197,0,47,-57,-57,47,-104,-57,593145
1738263420,1.04445,1.04465,1.04445,1.04465,186,196.6,0,186,0,186,186,0,186,593145
1738263600,1.04465,1.04475,1.0446,1.0447,175,194.7,0,87,-8,87,131,-44,87,593145
1738263780,1.04465,1.04475,1.0445,1.0447,562,207.35,0,0,-486,-410,76,-486,-410,593145
1738263960,1.04475,1.04475,1.0445,1.0445,154,203.3,0,0,-154,-154,0,-154,-154,593145
1738264140,1.0445,1.0447,1.0444,1.0447,227,203,0,197,-15,197,212,-15,197,593145
1738264320,1.0447,1.04475,1.0446,1.04465,266,213.05,0,0,-142,-142,62,-204,-142,593145
1738264500,1.0447,1.04475,1.04455,1.04455,79,213.1,0,6,-67,-67,6,-73,-67,593145
1738264680,1.0446,1.0446,1.0445,1.0445,114,214.95,0,0,-114,-114,0,-114,-114,593145
1738264860,1.04455,1.04465,1.04445,1.04455,83,204.7,0,56,0,29,56,-27,29,593145
1738265040,1.0446,1.0447,1.0446,1.04465,52,201.85,0,30,-6,30,41,-11,30,593145
1738265220,1.04465,1.04475,1.04465,1.0447,142,190.2,0,142,0,142,142,0,142,593145
1738265400,1.0447,1.0448,1.04465,1.0448,43,180,0,43,0,43,43,0,43,593145
1738265580,1.0448,1.0449,1.0448,1.04485,56,164.2,0,56,0,56,56,0,56,593145
1738265760,1.04485,1.0449,1.0448,1.04485,49,153.2,0,3,-43,-43,3,-46,-43,593145
1738265940,1.04485,1.0449,1.0448,1.0449,108,152.2,0,76,0,76,92,-16,76,593145
1738266120,1.04495,1.045,1.04485,1.04495,106,151.8,0,90,-8,90,98,-8,90,593145
1738266300,1.0449,1.04515,1.0449,1.0451,95,151.3,0,49,-23,49,72,-23,49,593145
1738266480,1.04505,1.0451,1.04495,1.045,124,148,0,45,-34,-34,45,-79,-34,593145
1738266660,1.04505,1.0451,1.0447,1.04475,297,153.45,0,26,-245,-245,26,-271,-245,593145
1738266840,1.0448,1.04505,1.0448,1.04505,155,153.65,0,155,0,155,155,0,155,593145
1738267020,1.04505,1.04515,1.0449,1.04495,748,181.75,0,81,-586,-586,81,-667,-586,593145
1738267200,1.045,1.045,1.0448,1.04485,375,191.75,0,0,-375,-375,0,-375,-375,593145
1738267380,1.04485,1.04495,1.0448,1.0449,107,169,0,91,-8,91,99,-8,91,593145
1738267560,1.04485,1.04495,1.04485,1.04485,74,165,0,18,-38,-38,18,-56,-38,593145
1738267740,1.04485,1.0449,1.0448,1.04485,73,157.3,0,0,-54,-35,19,-54,-35,593145
1738267920,1.04485,1.04495,1.0448,1.0449,86,148.3,0,86,0,86,86,0,86,593145
1738268100,1.04495,1.04515,1.04485,1.0451,175,153.1,0,161,-7,161,168,-7,161,593145
1738268280,1.0451,1.04515,1.04505,1.0451,63,150.55,0,0,-45,-45,9,-54,-45,593145
1738268460,1.04515,1.0452,1.0451,1.04515,180,155.4,0,180,0,180,180,0,180,593145
1738268640,1.0451,1.0452,1.04505,1.04515,56,155.6,0,22,-8,4,30,-26,4,593145
1738268820,1.04515,1.04525,1.04515,1.0452,62,151.6,0,62,0,62,62,0,62,593145
1738269000,1.04525,1.04535,1.04525,1.04535,175,158.2,0,85,0,83,129,-46,83,593145
1738269180,1.04535,1.04535,1.0453,1.0453,97,160.25,0,0,-97,-97,0,-97,-97,593145
1738269360,1.0453,1.0453,1.0422,1.04285,10132,664.4,0,0,-10132,-10132,0,-10132,-10132,593145
1738269540,1.04285,1.04285,1.0408,1.0414,4613,889.65,0,0,-4613,-4613,0,-4613,-4613,593145
1738269720,1.04145,1.0417,1.04075,1.04105,2269,997.8,0,720,-96,637,1453,-816,637,593145
1738269900,1.041,1.04305,1.04095,1.04285,3930,1189.55,0,3930,0,3930,3930,0,3930,593145
1738270080,1.0429,1.04335,1.04245,1.04245,1199,1243.3,0,541,-117,-117,541,-658,-117,593145
1738270260,1.04255,1.04295,1.04235,1.04285,805,1268.7,0,388,0,259,532,-273,259,593145
1738270440,1.0428,1.0429,1.04235,1.04245,522,1287.05,0,0,-522,-522,0,-522,-522,593145
1738270620,1.0425,1.0433,1.0425,1.0429,1090,1304.15,0,550,0,330,710,-380,330,593145
1738270800,1.04285,1.0434,1.0428,1.04335,643,1317.55,0,643,0,643,643,0,643,593145
1738270980,1.04335,1.04355,1.0431,1.04315,335,1328.95,0,0,-335,-335,0,-335,-335,593145
1738271160,1.0431,1.0431,1.0415,1.04155,1569,1403.7,0,0,-1569,-1569,0,-1569,-1569,593145
1738271340,1.04145,1.04175,1.04085,1.04145,2153,1507.7,0,255,-949,255,1204,-949,255,593145
1738271520,1.04145,1.04185,1.0413,1.0416,629,1534.85,0,341,0,341,485,-144,341,593145
1738271700,1.0416,1.04165,1.04125,1.0416,499,1551.05,0,233,-133,233,366,-133,233,593145
1738271880,1.04155,1.0419,1.0415,1.04175,175,1556.65,0,108,0,41,108,-67,41,593145
1738272060,1.0418,1.0419,1.0416,1.04165,136,1554.45,0,86,0,36,86,-50,36,593145
1738272240,1.0416,1.0416,1.0411,1.0413,487,1576,0,0,-446,-405,41,-446,-405,593145
1738272420,1.04135,1.04145,1.04115,1.0414,198,1582.8,0,112,-43,112,155,-43,112,593145
1738272600,1.0414,1.0418,1.0414,1.04175,364,1592.25,0,364,0,364,364,0,364,593145
1738272780,1.0417,1.04175,1.0415,1.0415,40,1589.4,0,6,-28,-28,6,-34,-28,593145
1738272960,1.0415,1.04155,1.0412,1.0415,206,1093.1,0,0,-166,-126,40,-166,-126,593145
1738273140,1.0416,1.0416,1.0412,1.0413,168,870.85,0,0,-168,-168,0,-168,-168,593145
1738273320,1.0414,1.0416,1.04105,1.04135,747,794.75,0,324,-4,91,419,-328,91,593145
1738273500,1.04135,1.04165,1.0412,1.0415,291,612.8,0,0,-196,-101,95,-196,-101,593145
1738273680,1.0415,1.0417,1.0414,1.0414,173,561.5,0,105,0,37,105,-68,37,593145
1738273860,1.0414,1.04145,1.04135,1.04145,118,527.15,0,0,-74,-30,44,-74,-30,593145
1738274040,1.04145,1.04145,1.04125,1.04145,306,516.35,0,0,-212,-118,94,-212,-118,593145
1738274220,1.0414,1.04155,1.04125,1.04125,290,476.35,0,0,-290,-290,0,-290,-290,590800
1738278000,1.0412,1.0412,1.04075,1.041,905,489.45,0,0,-672,-439,233,-672,-439,590800
1738278180,1.04105,1.0411,1.04075,1.041,427,494.05,0,0,-359,-291,68,-359,-291,590800
1738278360,1.041,1.04105,1.04075,1.04075,285,429.85,0,0,-247,-247,19,-266,-247,590800
1738278540,1.04075,1.0409,1.04065,1.0407,384,341.4,0,132,-120,-120,132,-252,-120,590800
1738278720,1.0407,1.0408,1.0406,1.0408,151,317.5,0,151,0,151,151,0,151,590800
1738278900,1.0408,1.04095,1.0408,1.0409,118,298.45,0,118,0,118,118,0,118,590800
1738279080,1.0409,1.041,1.0409,1.041,61,292.75,0,61,0,61,61,0,61,590800
1738279260,1.041,1.04105,1.04095,1.041,55,288.7,0,31,0,31,43,-12,31,590800
1738279440,1.04105,1.0411,1.04095,1.0411,61,267.4,0,0,-32,-3,29,-32,-3,590800
1738279620,1.04115,1.0413,1.0411,1.0412,94,262.2,0,38,-28,38,66,-28,38,590800
1738279800,1.0412,1.0413,1.0412,1.04125,67,247.35,0,67,0,67,67,0,67,590800
1738279980,1.0412,1.0414,1.0411,1.0414,271,258.9,0,3,-134,3,137,-134,3,590800
1738280160,1.0414,1.04155,1.04135,1.04155,201,258.65,0,201,0,201,201,0,201,590800
1738280340,1.04155,1.04165,1.04145,1.0416,83,254.4,0,47,-18,47,65,-18,47,590800
1738280520,1.04165,1.04175,1.04165,1.0417,89,221.5,0,89,0,89,89,0,89,590800
1738280700,1.04165,1.0417,1.0416,1.0417,82,211.05,0,47,0,46,64,-18,46,590800
1738280880,1.04175,1.0418,1.0416,1.0416,30,203.9,0,16,0,2,16,-14,2,590800
1738281060,1.04165,1.04175,1.0415,1.04155,28,199.4,0,5,-18,-18,5,-23,-18,590800
1738281240,1.04155,1.04155,1.04145,1.04155,47,186.45,0,0,-43,-39,4,-43,-39,590800
1738281420,1.0416,1.0419,1.0416,1.0418,196,181.75,0,196,0,196,196,0,196,590800
1738281600,1.04175,1.0419,1.04165,1.0419,115,142.25,0,57,0,57,86,-29,57,590800
1738281780,1.0419,1.04225,1.0419,1.04225,154,128.6,0,154,0,154,154,0,154,590800
1738281960,1.04225,1.04225,1.0421,1.04225,68,117.75,0,0,-34,0,34,-34,0,590800
1738282140,1.0423,1.04235,1.0421,1.04215,145,105.8,0,0,-145,-145,0,-145,-145,590800
1738282320,1.04215,1.0422,1.04195,1.04195,58,101.15,0,0,-58,-58,0,-58,-58,590800
1738282500,1.04195,1.04195,1.0417,1.0419,138,102.15,0,0,-87,-36,51,-87,-36,590800
1738282680,1.0419,1.04205,1.04185,1.04185,55,101.85,0,43,0,31,43,-12,31,590800
1738282860,1.04185,1.04195,1.04185,1.04185,26,100.4,0,13,0,0,13,-13,0,590800
1738283040,1.0419,1.04195,1.0418,1.0418,41,99.4,0,21,0,1,21,-20,1,590800
1738283220,1.04185,1.04185,1.04175,1.04175,25,95.95,0,8,-9,-9,8,-17,-9,590800
1738283400,1.0417,1.04185,1.0417,1.04175,110,98.1,0,94,0,78,94,-16,78,590800
1738283580,1.04175,1.04175,1.0414,1.04145,126,90.85,0,0,-126,-126,0,-126,-126,590800
1738283760,1.0415,1.04165,1.0415,1.04155,41,82.85,0,26,0,11,26,-15,11,590800
1738283940,1.0416,1.0416,1.04135,1.04135,35,80.45,0,0,-35,-35,0,-35,-35,590800
1738284120,1.0413,1.0414,1.04115,1.04115,106,81.3,0,7,-92,-92,7,-99,-92,590800
1738284300,1.04115,1.04115,1.04065,1.0407,363,95.35,0,0,-363,-363,0,-363,-363,590800
1738284480,1.0407,1.0409,1.0407,1.04085,67,97.2,0,67,0,67,67,0,67,590800
1738284660,1.0409,1.041,1.04075,1.04085,62,98.9,0,23,-16,-16,23,-39,-16,590800
1738284840,1.04075,1.0408,1.0406,1.0408,290,111.05,0,92,-99,92,191,-99,92,590800
1738285020,1.04085,1.0409,1.0407,1.0408,70,104.75,0,0,-46,-22,24,-46,-22,590800
1738285200,1.04075,1.0409,1.0406,1.0409,152,106.6,0,0,-105,-58,47,-105,-58,590800
1738285380,1.04095,1.041,1.0408,1.04095,83,103.05,0,0,-63,-43,20,-63,-43,590800
1738285560,1.04095,1.04125,1.04095,1.041,167,108,0,102,0,37,102,-65,37,590800
1738285740,1.041,1.041,1.0408,1.04085,53,103.4,0,20,-9,-9,22,-31,-9,590800
1738285920,1.04085,1.04105,1.0408,1.04095,177,109.35,0,79,-14,79,128,-49,79,590800
1738286100,1.04095,1.041,1.04085,1.041,40,104.45,0,14,-13,14,27,-13,14,590800
1738286280,1.041,1.04105,1.0409,1.04105,135,108.45,0,0,-110,-85,25,-110,-85,590800
1738286460,1.04105,1.0411,1.04095,1.04095,71,110.7,0,36,0,1,36,-35,1,590800
1738286640,1.04095,1.0411,1.0408,1.0411,107,114,0,43,-32,43,75,-32,43,590800
1738286820,1.04105,1.04105,1.0397,1.04075,4661,345.8,0,0,-3246,-1831,1415,-3246,-1831,590800
1738287000,1.0408,1.04125,1.0408,1.04095,576,369.1,0,473,0,370,473,-103,370,590800
1738287180,1.041,1.04125,1.04095,1.04095,170,371.3,0,143,0,116,143,-27,116,590800
1738287360,1.041,1.04135,1.041,1.0413,110,374.75,0,110,0,110,110,0,110,590800
1738287540,1.0413,1.04135,1.04115,1.04115,156,380.8,0,63,-30,-30,63,-93,-30,590800
1738287720,1.0411,1.04115,1.0409,1.0409,165,383.75,0,0,-165,-165,0,-165,-165,590800
1738287900,1.0409,1.0412,1.0409,1.04105,182,374.7,0,131,0,80,131,-51,80,590800
1738288080,1.04105,1.04105,1.0409,1.04095,107,376.7,0,0,-44,-29,39,-68,-29,590800
1738288260,1.0409,1.041,1.04075,1.04075,176,382.4,0,80,-16,-16,80,-96,-16,590800
1738288440,1.0407,1.041,1.0407,1.041,132,374.5,0,132,0,132,132,0,132,590800
1738288620,1.04095,1.041,1.0409,1.041,139,377.95,0,71,0,71,105,-34,71,590800
1738288800,1.041,1.04115,1.041,1.041,131,376.9,0,102,0,73,102,-29,73,590800
1738288980,1.04105,1.04125,1.041,1.0411,196,382.55,0,160,0,124,160,-36,124,590800
1738289160,1.04105,1.04105,1.04085,1.04085,98,379.1,0,0,-98,-98,0,-98,-98,590800
1738289340,1.0409,1.04095,1.0408,1.04095,217,387.3,0,0,-178,-139,39,-178,-139,590800
1738289520,1.04095,1.04125,1.04095,1.0412,106,383.75,0,106,0,106,106,0,106,590800
1738289700,1.0412,1.04135,1.04115,1.04135,92,386.35,0,92,0,92,92,0,92,590800
1738289880,1.04135,1.0414,1.04125,1.0413,94,384.3,0,0,-34,-32,31,-63,-32,590800
1738290060,1.0413,1.0414,1.04115,1.04135,42,382.85,0,9,-15,6,24,-18,6,590800
1738290240,1.04135,1.04135,1.0412,1.04135,138,384.4,0,40,-49,40,89,-49,40,590800
1738290420,1.04135,1.0414,1.0412,1.0412,118,157.25,0,0,-118,-118,0,-118,-118,590800
1738290600,1.04115,1.04115,1.0411,1.0411,88,132.85,0,0,-88,-88,0,-88,-88,590800
1738290780,1.0411,1.04135,1.0411,1.04135,50,126.85,0,50,0,50,50,0,50,590800
1738290960,1.04135,1.0414,1.04125,1.04135,67,124.7,0,17,-9,15,41,-26,15,590800
1738291140,1.04135,1.04165,1.04125,1.0415,541,143.95,0,453,-44,453,497,-44,453,590800
1738291320,1.0415,1.0415,1.04135,1.0414,97,140.55,0,43,-11,-11,43,-54,-11,590800
1738291500,1.0414,1.0414,1.04125,1.04125,64,134.65,0,0,-64,-64,0,-64,-64,590800
1738291680,1.0412,1.0414,1.04115,1.0414,86,133.6,0,10,-38,10,48,-38,10,590800
1738291860,1.04135,1.04135,1.04125,1.0413,91,129.35,0,27,-32,27,59,-32,27,590800
1738292040,1.04135,1.0415,1.04125,1.04135,74,126.45,0,68,0,68,71,-3,68,590800
1738292220,1.0413,1.0413,1.041,1.04105,76,123.3,0,0,-76,-76,0,-76,-76,590800
1738292400,1.04105,1.04115,1.0409,1.04095,368,135.15,0,55,-258,-258,55,-313,-258,590800
1738292580,1.0409,1.0409,1.0406,1.0407,137,132.2,0,0,-137,-137,0,-137,-137,590800
1738292760,1.04065,1.04075,1.04055,1.04075,190,136.8,0,0,-145,-100,45,-145,-100,590800
1738292940,1.0408,1.0409,1.04075,1.04085,30,127.45,0,18,0,6,18,-12,6,590800
1738293120,1.04085,1.0411,1.0408,1.0411,165,130.4,0,165,0,165,165,0,165,590800
1738293300,1.0411,1.04125,1.0411,1.04115,68,129.2,0,46,0,24,46,-22,24,590800
1738293480,1.04115,1.04115,1.041,1.041,77,128.35,0,0,-77,-77,0,-77,-77,590800
1738293660,1.04105,1.04115,1.04095,1.041,94,130.95,0,28,-32,-26,34,-60,-26,590800
1738293840,1.041,1.04105,1.04095,1.04095,50,126.55,0,42,0,34,42,-8,34,590800
1738294020,1.0409,1.04095,1.0409,1.0409,52,123.25,0,18,-16,-16,18,-34,-16,590800
1738294200,1.0409,1.041,1.0409,1.041,21,119.9,0,21,0,21,21,0,21,590800
1738294380,1.04095,1.041,1.04095,1.04095,24,118.6,0,0,-24,-24,0,-24,-24,590800
1738294560,1.04095,1.04095,1.04085,1.0409,24,116.45,0,22,-1,22,23,-1,22,590800
1738294740,1.04085,1.0409,1.0408,1.0408,51,91.95,0,0,-30,-29,11,-40,-29,590800
1738294920,1.0408,1.0409,1.0408,1.0409,41,89.15,0,17,-12,17,29,-12,17,590800
1738295100,1.0409,1.0409,1.0408,1.0408,34,87.65,0,0,-34,-34,0,-34,-34,590800
1738295280,1.0408,1.04085,1.0408,1.0408,55,86.1,0,0,-55,-55,0,-55,-55,590800
1738295460,1.0408,1.0408,1.0406,1.0406,96,86.35,0,0,-96,-96,0,-96,-96,590800
1738295640,1.04055,1.04065,1.04045,1.0405,88,87.05,0,0,-88,-88,0,-88,-88,590800
1738295820,1.0405,1.0406,1.04045,1.0406,162,91.35,0,0,-142,-122,20,-142,-122,590800
1738296000,1.0406,1.0406,1.04045,1.0405,74,76.65,0,0,-55,-36,19,-55,-36,590800
1738296180,1.0405,1.04055,1.0405,1.0405,43,71.95,0,5,-33,-33,5,-38,-33,590800
1738296360,1.0405,1.04055,1.04045,1.0405,55,65.2,0,5,-45,-45,5,-50,-45,590800
1738296540,1.0405,1.04055,1.0404,1.0405,121,69.75,0,0,-109,-97,12,-109,-97,590800
1738296720,1.0405,1.04065,1.0405,1.0406,73,65.15,0,73,0,73,73,0,73,590800
1738296900,1.04055,1.0406,1.04045,1.0405,30,63.25,0,0,-19,-8,11,-19,-8,590800
1738297080,1.04055,1.0406,1.04055,1.04055,86,63.7,0,19,-48,-48,19,-67,-48,590800
1738297260,1.04055,1.04065,1.04055,1.0406,37,60.85,0,11,-13,11,24,-13,11,590800
1738297440,1.04055,1.04075,1.04055,1.0407,49,60.8,0,21,-6,5,27,-22,5,590800
1738297620,1.0407,1.04075,1.0407,1.0407,9,58.65,0,0,-7,-7,1,-8,-7,590800
1738297800,1.0407,1.0407,1.0405,1.0405,79,61.55,0,0,-79,-79,0,-79,-79,590800
1738297980,1.0405,1.04055,1.0405,1.0405,14,61.05,0,0,-14,-14,0,-14,-14,590800
1738298160,1.04055,1.04065,1.04055,1.0406,86,64.15,0,86,0,86,86,0,86,590800
1738298340,1.04065,1.0409,1.04065,1.0409,87,65.95,0,87,0,87,87,0,87,590800
1738298520,1.0409,1.04095,1.04085,1.04095,64,67.1,0,24,-20,24,44,-20,24,590800
1738298700,1.04095,1.0411,1.04095,1.04095,175,74.15,0,60,-55,-55,60,-115,-55,590800
1738298880,1.04095,1.04105,1.04085,1.041,193,81.05,0,193,0,193,193,0,193,590800
1738299060,1.041,1.041,1.0409,1.0409,62,79.35,0,16,-30,-30,16,-46,-30,590800
1738299240,1.0409,1.0409,1.04075,1.04085,63,78.1,0,15,-24,15,39,-24,15,590800
1738299420,1.0409,1.0409,1.04085,1.04085,26,71.3,0,12,-2,-2,12,-14,-2,590800
1738299600,1.04085,1.041,1.04075,1.041,31,69.15,0,0,-24,-17,7,-24,-17,590800
1738299780,1.041,1.04115,1.041,1.04115,58,69.9,0,58,0,58,58,0,58,590800
1738299960,1.0411,1.04115,1.04105,1.0411,35,68.9,0,14,0,9,22,-13,9,590800
1738300140,1.0411,1.0411,1.041,1.04105,30,64.35,0,4,-11,4,17,-13,4,590800
1738300320,1.0411,1.0411,1.04105,1.04105,11,61.25,0,0,-11,-11,0,-11,-11,590800
1738300500,1.041,1.04105,1.04095,1.04095,12,60.35,0,2,-8,-8,2,-10,-8,590800
1738300680,1.0409,1.04105,1.0409,1.04105,25,57.3,0,25,0,25,25,0,25,590800
1738300860,1.04105,1.04105,1.04095,1.041,49,57.9,0,36,0,27,38,-11,27,590800
1738301040,1.0409,1.0409,1.0408,1.04085,28,56.85,0,0,-28,-28,0,-28,-28,590800
1738301220,1.0408,1.04085,1.04075,1.0408,47,58.75,0,15,-16,15,31,-16,15,590800
1738301400,1.04075,1.0408,1.0407,1.0407,129,61.25,0,83,0,37,83,-46,37,590800
1738301580,1.04075,1.04075,1.0406,1.0406,52,63.15,0,1,-50,-50,1,-51,-50,590800
1738301760,1.04065,1.0408,1.04065,1.0408,40,60.85,0,40,0,40,40,0,40,590800
1738301940,1.04075,1.0408,1.0407,1.0407,40,58.5,0,13,-8,-8,16,-24,-8,590800
1738302120,1.0407,1.0408,1.0407,1.04075,104,60.5,0,88,0,72,88,-16,72,590800
1738302300,1.0408,1.04085,1.0407,1.0408,45,54,0,29,-8,29,37,-8,29,590800
1738302480,1.0408,1.0409,1.0408,1.0409,17,45.2,0,15,0,15,16,-1,15,590800
1738302660,1.04085,1.04105,1.0408,1.0409,43,44.25,0,1,-17,-7,18,-25,-7,590800
1738302840,1.04095,1.04105,1.04085,1.04085,105,46.35,0,36,-33,-33,36,-69,-33,590800
1738303020,1.0408,1.041,1.0408,1.04095,100,50.05,0,100,0,100,100,0,100,590800
1738303200,1.04095,1.041,1.0409,1.0409,84,52.7,0,0,-48,-48,18,-66,-48,590800
1738303380,1.0409,1.041,1.04085,1.041,89,54.25,0,25,-32,25,57,-32,25,590800
1738303560,1.04095,1.04105,1.04095,1.04095,52,55.1,0,30,0,8,30,-22,8,590800
1738303740,1.04095,1.041,1.0409,1.0409,90,58.1,0,34,-22,-22,34,-56,-22,590800
1738303920,1.0409,1.041,1.04085,1.04095,129,64,0,0,-106,-83,23,-106,-83,590800
1738304100,1.041,1.04105,1.0409,1.0409,57,66.25,0,38,0,19,38,-19,19,590800
1738304280,1.0409,1.041,1.0409,1.041,55,67.75,0,0,-32,-9,23,-32,-9,590800
1738304460,1.04095,1.04115,1.04095,1.04105,212,75.9,0,48,-82,48,130,-82,48,590800
1738304640,1.04105,1.04105,1.04085,1.04085,127,80.85,0,0,-65,-65,31,-96,-65,590800
1738304820,1.04085,1.04115,1.04085,1.04115,146,85.8,0,146,0,146,146,0,146,590800
1738305000,1.04115,1.0414,1.04115,1.0413,274,93.05,0,183,0,92,183,-91,92,590800
1738305180,1.0413,1.04135,1.0412,1.0412,100,95.45,0,0,-100,-100,0,-100,-100,590800
1738305360,1.0412,1.0414,1.0412,1.0414,95,98.2,0,95,0,95,95,0,95,590800
1738305540,1.0414,1.04155,1.0414,1.0415,159,104.15,0,159,0,159,159,0,159,590800
1738305720,1.04145,1.0415,1.04135,1.0415,97,103.8,0,43,-27,43,70,-27,43,590800
1738305900,1.0415,1.04155,1.04145,1.0415,77,105.4,0,5,-36,5,41,-36,5,590800
1738306080,1.04145,1.04165,1.04145,1.0415,215,115.3,0,117,0,19,117,-98,19,590800
1738306260,1.0415,1.0415,1.0414,1.04145,83,117.3,0,0,-57,-31,26,-57,-31,590800
1738306440,1.04145,1.04155,1.04135,1.0415,77,115.9,0,77,0,77,77,0,77,590800
1738306620,1.0415,1.04155,1.0414,1.04155,82,115,0,24,-29,24,53,-29,24,590800
1738306800,1.0415,1.04155,1.0412,1.0415,741,147.85,0,0,-616,-491,125,-616,-491,590800
1738306980,1.0415,1.0421,1.0414,1.04205,700,178.4,0,700,0,700,700,0,700,590800
1738307160,1.04205,1.04215,1.04195,1.04195,455,198.55,0,0,-187,-187,134,-321,-187,590800
1738307340,1.042,1.04205,1.0416,1.042,395,213.8,0,0,-290,-185,105,-290,-185,590800
1738307520,1.04205,1.0421,1.0419,1.0419,359,225.3,0,0,-359,-359,0,-359,-359,590800
1738307700,1.04195,1.0422,1.0419,1.0419,341,239.5,0,222,0,103,222,-119,103,590800
1738307880,1.04195,1.042,1.0418,1.04195,697,271.6,0,253,-222,253,475,-222,253,590800
1738308060,1.0419,1.0425,1.0419,1.04235,473,284.65,0,291,0,109,291,-182,109,590800
1738308240,1.0423,1.0425,1.0422,1.0424,301,293.35,0,129,-43,-43,129,-172,-43,590800
1738308420,1.0424,1.0425,1.04235,1.04245,108,291.45,0,68,0,28,68,-40,28,590800
1738308600,1.0425,1.043,1.0425,1.04285,577,306.6,0,577,0,577,577,0,577,590800
1738308780,1.04285,1.04315,1.0428,1.0431,278,315.5,0,278,0,278,278,0,278,590800
1738308960,1.0431,1.04335,1.04305,1.0432,431,332.3,0,311,0,191,311,-120,191,590800
1738309140,1.0432,1.0432,1.04295,1.04305,398,344.25,0,0,-345,-292,53,-345,-292,590800
1738309320,1.0431,1.04325,1.043,1.04325,241,351.45,0,125,-10,125,183,-58,125,590800
1738309500,1.0432,1.0432,1.04255,1.04255,1871,441.15,0,0,-1871,-1871,0,-1871,-1871,590800
1738309680,1.0426,1.0426,1.042,1.04225,910,475.9,0,0,-910,-910,0,-910,-910,590800
1738309860,1.04225,1.0423,1.0418,1.0419,538,498.65,0,0,-538,-538,0,-538,-538,590800
1738310040,1.04195,1.0426,1.04195,1.0425,471,518.35,0,471,0,471,471,0,471,590800
1738310220,1.0425,1.0427,1.0424,1.0425,565,542.5,0,453,0,341,453,-112,341,590800
1738310400,1.0425,1.0428,1.04235,1.0427,731,542,0,0,-471,-211,260,-471,-211,590800
1738310580,1.0427,1.0427,1.04235,1.04235,344,524.2,0,0,-344,-344,0,-344,-344,590800
1738310760,1.04235,1.04235,1.0418,1.0418,710,536.95,0,0,-352,-352,179,-531,-352,590800
1738310940,1.0418,1.04185,1.04145,1.04155,845,559.45,0,162,-261,-1,422,-423,-1,590800
1738311120,1.04155,1.04205,1.0415,1.04195,402,561.6,0,402,0,402,402,0,402,590800
1738311300,1.042,1.04205,1.0415,1.0416,479,568.5,0,0,-479,-479,0,-479,-479,590800
1738311480,1.04155,1.0416,1.0414,1.04155,647,566,0,0,-419,-191,228,-419,-191,590800
1738311660,1.0415,1.0415,1.04115,1.0414,692,576.95,0,0,-520,-348,172,-520,-348,590800
1738311840,1.04145,1.0417,1.04115,1.0412,764,600.1,0,0,-764,-764,0,-764,-764,590800
1738312020,1.0412,1.04155,1.04115,1.0412,775,633.45,0,549,0,323,549,-226,323,590800
1738312200,1.0412,1.04125,1.0409,1.04105,970,653.1,0,0,-572,-174,398,-572,-174,590800
1738312380,1.0411,1.04125,1.04065,1.0407,791,678.75,0,0,-791,-791,0,-791,-791,590800
1738312560,1.04065,1.0409,1.0406,1.04075,420,678.2,0,231,0,42,231,-189,42,590800
1738312740,1.04075,1.04085,1.0406,1.04075,375,677.05,0,179,-98,179,277,-98,179,590800
1738312920,1.04075,1.0409,1.04075,1.0408,307,680.35,0,153,-1,-1,153,-154,-1,590800
1738313100,1.04075,1.04095,1.0406,1.0409,382,605.9,0,0,-234,-234,74,-308,-234,590800
1738313280,1.04095,1.041,1.04065,1.04065,347,577.75,0,0,-347,-347,0,-347,-347,590800
1738313460,1.04065,1.04065,1.0401,1.0404,1190,610.35,0,0,-985,-780,205,-985,-780,590800
1738313640,1.0404,1.0408,1.04035,1.0407,741,623.85,0,502,0,263,502,-239,263,590800
1738313820,1.04065,1.0408,1.0403,1.04055,572,624.2,0,142,-288,-288,142,-430,-288,590800
1738314000,1.04045,1.04045,1.03885,1.039,7856,980.45,0,0,-7856,-7856,0,-7856,-7856,590800
1738314180,1.039,1.0395,1.0386,1.0394,2411,1083.8,0,1118,0,1101,1756,-655,1101,590800
1738314360,1.03945,1.03985,1.0393,1.0397,1148,1105.7,0,355,-204,30,589,-559,30,590800
1738314540,1.0397,1.04,1.03945,1.03995,897,1108.3,0,341,0,341,619,-278,341,590800
1738314720,1.0399,1.0401,1.0392,1.0393,1078,1142.1,0,0,-1078,-1078,0,-1078,-1078,590800
1738314900,1.0393,1.03945,1.03885,1.03895,741,1155.2,0,0,-741,-741,0,-741,-741,590800
1738315080,1.03895,1.03935,1.0388,1.03885,1124,1179.05,0,106,-321,-270,427,-697,-270,590800
1738315260,1.03885,1.03925,1.0387,1.0391,841,1186.5,0,315,-263,315,578,-263,315,590800
1738315440,1.0391,1.03915,1.0388,1.0391,536,1175.1,0,110,-213,110,323,-213,110,590800
1738315620,1.03905,1.03915,1.0389,1.0389,495,1161.1,0,5,-233,-233,131,-364,-233,590800
1738315800,1.0388,1.0389,1.0387,1.03885,433,1134.25,0,243,0,243,338,-95,243,590800
1738315980,1.0389,1.03955,1.0389,1.03955,536,1121.5,0,536,0,536,536,0,536,590800
1738316160,1.03955,1.0397,1.0393,1.0396,503,1125.65,0,161,-171,161,332,-171,161,590800
1738316340,1.0396,1.04035,1.0396,1.04,1931,1203.45,0,1931,0,1931,1931,0,1931,590800
1738316520,1.04,1.04005,1.03965,1.0398,697,1222.95,0,0,-516,-335,181,-516,-335,590800
1738316700,1.03985,1.03995,1.0396,1.0397,391,1223.4,0,35,-127,-67,162,-229,-67,590800
1738316880,1.03975,1.0398,1.03965,1.03975,208,1216.45,0,178,0,148,178,-30,148,590800
1738317060,1.03975,1.0403,1.03955,1.04015,505,1182.2,0,421,-42,421,463,-42,421,590800
1738317240,1.0401,1.04055,1.04005,1.04045,753,1182.8,0,440,0,127,440,-313,127,590800
1738317420,1.04045,1.04055,1.0402,1.04045,486,1178.5,0,0,-279,-72,207,-279,-72,590800
1738317600,1.0404,1.04045,1.04005,1.0402,421,806.75,0,0,-282,-143,139,-282,-143,590800
1738317780,1.04015,1.04035,1.0399,1.04015,453,708.85,0,388,0,323,388,-65,323,590800
1738317960,1.04015,1.0404,1.0401,1.0403,211,662,0,168,0,125,168,-43,125,590800
1738318140,1.0403,1.0404,1.03975,1.03975,475,640.9,0,0,-475,-475,0,-475,-475,590800
1738318320,1.03975,1.0399,1.0396,1.03965,524,613.2,0,234,-56,-56,234,-290,-56,590800
1738318500,1.0397,1.0399,1.0394,1.0398,280,590.15,0,68,-106,68,174,-106,68,590800
1738318680,1.03985,1.04015,1.0398,1.04,271,547.5,0,205,0,205,238,-33,205,590800
1738318860,1.04,1.0403,1.03995,1.04025,350,522.95,0,350,0,350,350,0,350,590800
1738319040,1.04025,1.04045,1.04025,1.04045,217,507,0,99,0,99,158,-59,99,590800
1738319220,1.04045,1.04045,1.0403,1.0403,222,493.35,0,0,-120,-120,51,-171,-120,590800
1738319400,1.0403,1.04045,1.04025,1.0403,208,482.1,0,43,-52,-18,95,-113,-18,590800
1738319580,1.0403,1.0404,1.0401,1.04015,165,463.55,0,15,-81,-81,42,-123,-81,590800
1738319760,1.0402,1.04025,1.0397,1.04,673,472.05,0,0,-610,-547,63,-610,-547,590800
1738319940,1.03995,1.04005,1.0398,1.0398,322,391.6,0,133,-56,-56,133,-189,-56,590800
1738320120,1.0398,1.04015,1.03965,1.0401,283,370.9,0,49,-117,49,166,-117,49,590800
1738320300,1.04015,1.04025,1.04015,1.04025,201,361.4,0,107,0,107,154,-47,107,590800
1738320480,1.0402,1.0402,1.03975,1.03985,304,366.2,0,0,-304,-304,0,-304,-304,590800
1738320660,1.03985,1.03995,1.0398,1.03985,245,353.2,0,67,-49,-49,98,-147,-49,590800
1738320840,1.03985,1.04,1.0397,1.03985,371,334.1,0,86,-83,33,202,-169,33,590800
1738321020,1.03985,1.03985,1.0396,1.0397,304,325,0,0,-184,-64,120,-184,-64,590800
1738321200,1.0397,1.03975,1.0395,1.03955,255,316.7,0,0,-255,-255,0,-255,-255,590800
1738321380,1.0396,1.03985,1.0396,1.03985,262,307.15,0,262,0,262,262,0,262,590800
1738321560,1.03985,1.04005,1.0398,1.03995,195,306.35,0,80,0,39,117,-78,39,590800
1738321740,1.0399,1.04,1.0399,1.0399,81,286.65,0,54,0,27,54,-27,27,590800
1738321920,1.0399,1.03995,1.03985,1.0399,376,279.25,0,0,-335,-294,41,-335,-294,590800
1738322100,1.03995,1.0401,1.03985,1.04005,90,269.75,0,48,-21,48,69,-21,48,590800
1738322280,1.04005,1.04005,1.03985,1.0399,118,262.1,0,41,-25,14,66,-52,14,590800
1738322460,1.0399,1.0399,1.0396,1.03965,238,256.5,0,0,-238,-238,0,-238,-238,590800
1738322640,1.0396,1.03965,1.0393,1.0395,610,276.15,0,0,-563,-516,47,-563,-516,590800
1738322820,1.03955,1.0397,1.0395,1.03965,296,279.85,0,219,0,142,219,-77,142,590800
1738323000,1.0397,1.0397,1.03945,1.0395,123,275.6,0,31,-61,-61,31,-92,-61,590800
1738323180,1.0395,1.03975,1.03945,1.0397,175,276.1,0,175,0,175,175,0,175,590800
1738323360,1.03965,1.03995,1.03965,1.03985,137,249.3,0,137,0,137,137,0,137,590800
1738323540,1.03985,1.03995,1.0398,1.0399,211,243.75,0,109,0,109,160,-51,109,590800
1738323720,1.0399,1.04,1.0398,1.03985,98,234.5,0,27,-44,-44,27,-71,-44,590800
1738323900,1.03985,1.0399,1.0396,1.03965,144,231.65,0,0,-144,-144,0,-144,-144,590800
1738324080,1.0397,1.03975,1.03945,1.03965,242,228.55,0,94,-74,94,168,-74,94,590800
1738324260,1.03965,1.0397,1.03945,1.03945,120,222.3,0,0,-120,-120,0,-120,-120,590800
1738324440,1.03945,1.03955,1.0393,1.03955,323,219.9,0,97,-22,97,210,-113,97,590800
1738324620,1.0395,1.03985,1.0395,1.03965,296,219.5,0,94,-24,60,178,-118,60,590800
1738324800,1.0397,1.0399,1.0397,1.0399,414,227.45,0,414,0,414,414,0,414,590800
1738324980,1.03985,1.04,1.03985,1.03995,216,225.15,0,216,0,216,216,0,216,590800
1738325160,1.04,1.0402,1.0399,1.0399,298,230.3,0,208,0,118,208,-90,118,590800
1738325340,1.0399,1.04,1.0397,1.03985,248,238.65,0,0,-131,-74,87,-161,-74,590800
1738325520,1.0398,1.03985,1.03955,1.03965,436,241.65,0,0,-436,-436,0,-436,-436,590800
1738325700,1.03965,1.0399,1.03965,1.03985,229,248.6,0,147,0,65,147,-82,65,590800
1738325880,1.0399,1.0402,1.0399,1.0402,339,259.65,0,339,0,339,339,0,339,590800
1738326060,1.04025,1.04035,1.0402,1.0403,167,256.1,0,95,0,95,131,-36,95,590800
1738326240,1.0403,1.04065,1.04025,1.04045,516,251.4,0,421,0,326,421,-95,326,590800
1738326420,1.0405,1.0405,1.04025,1.0403,238,248.5,0,0,-238,-238,0,-238,-238,590800
1738326600,1.0403,1.04045,1.04025,1.0404,208,252.75,0,134,-13,134,171,-37,134,590800
1738326780,1.0404,1.0404,1.04005,1.04025,494,268.7,0,130,-182,130,312,-182,130,590800
1738326960,1.04025,1.04045,1.0401,1.0401,204,272.05,0,40,-49,-26,89,-115,-26,590800
1738327140,1.04005,1.0402,1.03995,1.0402,256,274.3,0,0,-200,-144,56,-200,-144,590800
1738327320,1.04015,1.0403,1.0401,1.0403,329,285.85,0,165,0,165,247,-82,165,590800
1738327500,1.0403,1.04045,1.0402,1.0402,440,300.65,0,345,0,250,345,-95,250,590800
1738327680,1.0402,1.0402,1.03985,1.0399,223,299.7,0,0,-223,-223,0,-223,-223,590800
1738327860,1.0399,1.04015,1.0399,1.0401,190,303.2,0,84,-53,84,137,-53,84,590800
1738328040,1.04005,1.0405,1.04005,1.0405,418,307.95,0,418,0,418,418,0,418,590800
1738328220,1.0405,1.0405,1.0403,1.04035,547,320.5,0,0,-547,-547,0,-547,-547,590800
1738328400,1.04035,1.04085,1.0403,1.0406,1241,361.85,0,951,0,951,1096,-145,951,590800
1738328580,1.0406,1.041,1.0402,1.04095,1158,408.95,0,572,-293,572,865,-293,572,590800
1738328760,1.041,1.04125,1.0409,1.04115,654,426.75,0,262,0,262,458,-196,262,590800
1738328940,1.0412,1.04145,1.0412,1.04135,817,455.2,0,661,0,505,661,-156,505,590800
1738329120,1.04135,1.04155,1.04125,1.0414,614,464.1,0,497,0,380,497,-117,380,590800
1738329300,1.04145,1.04165,1.0413,1.0413,457,475.5,0,193,-71,-71,193,-264,-71,590800
1738329480,1.0413,1.0414,1.041,1.04105,757,496.4,0,92,-279,-279,239,-518,-279,590800
1738329660,1.0411,1.0411,1.0407,1.04095,862,531.15,0,0,-511,-160,351,-511,-160,590800
1738329840,1.04095,1.04095,1.0407,1.04095,423,526.5,0,119,-152,119,271,-152,119,590800
1738330020,1.0409,1.04115,1.04085,1.041,619,545.55,0,97,-261,97,358,-261,97,590800
1738330200,1.041,1.0411,1.04015,1.0405,1700,620.15,0,0,-1700,-1700,0,-1700,-1700,590800
1738330380,1.04055,1.0407,1.0399,1.04005,1001,645.5,0,244,-513,-513,244,-757,-513,590800
1738330560,1.0401,1.0407,1.0401,1.04045,767,673.65,0,455,0,143,455,-312,143,590800
1738330740,1.0405,1.04065,1.03995,1.04005,519,686.8,0,0,-519,-519,0,-519,-519,590800
1738330920,1.04005,1.0403,1.04005,1.04015,450,692.85,0,172,0,156,303,-147,156,590800
1738331100,1.04015,1.04035,1.03985,1.03995,728,707.25,0,135,-458,-458,135,-593,-458,590800
1738331280,1.04,1.0403,1.03975,1.0398,571,724.65,0,0,-359,-359,106,-465,-359,590800
1738331460,1.03985,1.04035,1.03985,1.04035,707,750.5,0,707,0,707,707,0,707,590800
1738331640,1.04035,1.04045,1.0402,1.0402,799,769.55,0,0,-368,-335,232,-567,-335,590800
1738331820,1.04015,1.0404,1.04005,1.0403,786,781.5,0,786,0,786,786,0,786,590800
1738332000,1.0403,1.0403,1.0399,1.03995,528,745.85,0,0,-528,-528,0,-528,-528,590800
1738332180,1.0399,1.0401,1.0398,1.0398,648,720.35,0,450,0,252,450,-198,252,590800
1738332360,1.03975,1.0401,1.03975,1.03985,970,736.15,0,301,-368,-368,301,-669,-368,590800
1738332540,1.03985,1.03985,1.03915,1.0392,741,732.35,0,0,-741,-741,0,-741,-741,590800
1738332720,1.0392,1.0392,1.0388,1.0391,1608,782.05,0,140,-734,140,874,-734,140,590800
1738332900,1.0391,1.03915,1.0387,1.039,1162,817.3,0,0,-926,-690,236,-926,-690,590800
1738333080,1.03895,1.03955,1.0389,1.0394,1228,840.85,0,0,-777,-326,451,-777,-326,590800
1738333260,1.03945,1.0396,1.03935,1.03955,496,822.55,0,106,-195,106,301,-195,106,590800
1738333440,1.03955,1.03975,1.03935,1.0396,758,839.3,0,472,-143,472,615,-143,472,590800
1738333620,1.0396,1.03975,1.0395,1.0396,887,852.7,0,235,-235,-53,417,-470,-53,590800
1738333800,1.03955,1.0396,1.0391,1.03915,936,814.5,0,0,-936,-936,0,-936,-936,590800
1738333980,1.03915,1.0392,1.0389,1.03905,833,806.1,0,40,-293,-293,270,-563,-293,590800
1738334160,1.039,1.0395,1.039,1.0394,660,800.75,0,264,0,204,432,-228,204,590800
1738334340,1.0394,1.0394,1.03895,1.03915,891,819.35,0,0,-685,-479,206,-685,-479,590800
1738334520,1.0391,1.03935,1.0389,1.0392,913,842.5,0,275,-129,105,509,-404,105,590800
1738334700,1.0392,1.0396,1.039,1.03945,681,840.15,0,681,0,681,681,0,681,590800
1738334880,1.03945,1.0396,1.0394,1.0395,1069,865.05,0,401,-112,-43,513,-556,-43,590800
1738335060,1.03955,1.03975,1.0394,1.03965,2147,937.05,0,803,-672,803,1475,-672,803,590800
1738335240,1.03965,1.0399,1.0392,1.03925,1676,980.9,0,0,-958,-892,392,-1284,-892,590800
1738335420,1.03925,1.03935,1.03885,1.03895,1932,1038.2,0,0,-1932,-1932,0,-1932,-1932,590800
1738335600,1.03895,1.039,1.03835,1.03845,2471,1135.35,0,0,-2471,-2471,0,-2471,-2471,590800
1738335780,1.03845,1.03855,1.0381,1.03815,1449,1175.4,0,423,-603,-603,423,-1026,-603,590800
1738335960,1.0382,1.03865,1.03815,1.0383,1199,1186.85,0,890,0,581,890,-309,581,590800
1738336140,1.0383,1.0386,1.0383,1.0385,755,1187.55,0,755,0,755,755,0,755,590800
1738336320,1.03855,1.03915,1.03855,1.03915,675,1140.9,0,409,0,409,542,-133,409,590800
1738336500,1.03915,1.03915,1.03875,1.03885,795,1122.55,0,0,-398,-367,214,-581,-367,590800
1738336680,1.03885,1.03895,1.0386,1.0386,588,1090.55,0,0,-588,-588,0,-588,-588,590800
1738336860,1.0386,1.03905,1.0384,1.03895,1393,1135.4,0,1393,0,1393,1393,0,1393,590800
1738337040,1.039,1.03945,1.03895,1.0393,1394,1167.2,0,1394,0,1394,1394,0,1394,590800
1738337220,1.03935,1.03965,1.0393,1.03965,742,1159.95,0,742,0,742,742,0,742,590800
1738337400,1.03965,1.03985,1.03925,1.03975,848,1155.55,0,346,-251,346,597,-251,346,590800
1738337580,1.03975,1.04,1.0394,1.03955,1754,1201.6,0,550,-654,-654,550,-1204,-654,590800
1738337760,1.0396,1.04025,1.03935,1.04015,2280,1282.6,0,2280,0,2280,2280,0,2280,590800
1738337940,1.0402,1.0402,1.0398,1.04015,1554,1315.75,0,0,-1554,-1554,0,-1554,-1554,590800
1738338120,1.04015,1.04045,1.0399,1.0399,1077,1323.95,0,411,-255,-255,411,-666,-255,590800
1738338300,1.0399,1.04085,1.0399,1.0406,1361,1357.95,0,1361,0,1361,1361,0,1361,590800
1738338480,1.0406,1.0407,1.0402,1.04025,1001,1354.55,0,0,-449,-449,276,-725,-449,590800
1738338660,1.0402,1.0407,1.04005,1.04055,1422,1318.3,0,1422,0,1422,1422,0,1422,590800
1738338840,1.04055,1.04155,1.04055,1.04145,2592,1364.1,0,2592,0,2592,2592,0,2592,590800
1738339020,1.04145,1.04215,1.04135,1.0417,5643,1549.65,0,3888,0,2133,3888,-1755,2133,590800
1738339200,1.04175,1.04175,1.0412,1.04135,3326,1592.4,0,0,-1696,-1324,1001,-2325,-1324,590800
1738339380,1.04135,1.04145,1.04115,1.0414,1139,1576.9,0,501,-319,501,820,-319,501,590800
1738339560,1.04135,1.0414,1.0411,1.04125,686,1551.25,0,348,-169,348,517,-169,348,590800
1738339740,1.0413,1.0413,1.04095,1.04095,435,1535.25,0,0,-435,-435,0,-435,-435,590800
1738339920,1.04095,1.04115,1.0409,1.041,964,1549.7,0,409,0,358,661,-303,358,590800
1738340100,1.041,1.04105,1.0407,1.04095,1023,1561.1,0,0,-551,-79,472,-551,-79,590800
1738340280,1.04095,1.0413,1.0409,1.0412,370,1550.2,0,244,0,118,244,-126,118,590800
1738340460,1.0412,1.04145,1.0412,1.04125,534,1507.25,0,333,0,132,333,-201,132,590800
1738340640,1.0413,1.04155,1.0413,1.04145,884,1481.75,0,462,0,462,673,-211,462,590800
1738340820,1.0414,1.0417,1.0413,1.04155,545,1471.9,0,38,-225,-225,160,-385,-225,590800
1738341000,1.0416,1.04205,1.04135,1.042,1202,1489.6,0,1202,0,1202,1202,0,1202,590800
1738341180,1.04205,1.0424,1.0417,1.04185,1479,1475.85,0,469,-541,-541,469,-1010,-541,590800
1738341360,1.04185,1.04255,1.04185,1.0425,1267,1425.2,0,1267,0,1267,1267,0,1267,590800
1738341540,1.0425,1.04285,1.0423,1.0424,1378,1416.4,0,432,-473,432,905,-473,432,590800
1738341720,1.04235,1.0427,1.04235,1.0426,1022,1413.65,0,838,0,654,838,-184,654,590800
1738341900,1.04265,1.04265,1.0419,1.04195,722,1381.7,0,0,-722,-722,0,-722,-722,590800
1738342080,1.04195,1.042,1.04155,1.0417,553,1359.3,0,0,-553,-553,0,-553,-553,590800
1738342260,1.0417,1.04195,1.04165,1.0418,455,1310.95,0,380,0,305,380,-75,305,590800
1738342440,1.04185,1.0422,1.04185,1.04205,451,1203.9,0,451,0,451,451,0,451,590800
1738342620,1.042,1.0421,1.04185,1.042,325,938,0,0,-210,-95,115,-210,-95,590800
1738342800,1.04205,1.0424,1.04205,1.04225,446,794,0,338,0,230,338,-108,230,590800
1738342980,1.0422,1.04235,1.04205,1.0422,443,759.2,0,126,-81,29,236,-207,29,590800
1738343160,1.04225,1.0425,1.0409,1.0424,5203,985.05,0,5033,0,5033,5118,-85,5033,590800
1738343340,1.04245,1.0447,1.04245,1.04455,7322,1329.4,0,4446,0,3098,5210,-2112,3098,590800
1738343520,1.04455,1.0455,1.0443,1.0446,4372,1499.8,0,1979,-414,-414,1979,-2393,-414,590800
1738343700,1.0445,1.04455,1.04355,1.04385,2544,1575.85,0,0,-2544,-2544,0,-2544,-2544,590800
1738343880,1.0438,1.04475,1.0436,1.0444,1413,1628,0,1055,0,697,1055,-358,697,590800
1738344060,1.0444,1.045,1.04435,1.04465,696,1636.1,0,206,-284,-284,206,-490,-284,590800
1738344240,1.04465,1.0454,1.04455,1.0453,958,1639.8,0,958,0,958,958,0,958,590800
1738344420,1.0453,1.04545,1.0449,1.0453,993,1662.2,0,0,-738,-483,255,-738,-483,590800
1738344600,1.04525,1.0453,1.0446,1.0446,1087,1656.45,0,0,-438,-297,395,-692,-297,590800
1738344780,1.0446,1.0447,1.04425,1.0446,1181,1641.55,0,0,-473,-473,354,-827,-473,590800
1738344960,1.04455,1.04485,1.04445,1.04445,555,1605.95,0,251,-53,-53,251,-304,-53,590800
1738345140,1.0445,1.04475,1.04425,1.04475,620,1568.05,0,244,-188,244,432,-188,244,590800
1738345320,1.04475,1.0449,1.0444,1.04455,306,1532.25,0,176,0,46,176,-130,46,590800
1738345500,1.04455,1.04455,1.04355,1.0436,935,1542.9,0,0,-935,-935,0,-935,-935,590800
1738345680,1.0436,1.0441,1.04345,1.0441,776,1554.05,0,776,0,776,776,0,776,590800
1738345860,1.04415,1.0445,1.04395,1.0441,701,1566.35,0,308,-85,-85,308,-393,-85,590800
1738346040,1.0441,1.0443,1.0439,1.04395,331,1560.35,0,145,-41,-41,145,-186,-41,590800
1738346220,1.04395,1.04415,1.04385,1.0441,326,1560.4,0,15,-99,-98,114,-212,-98,590800
1738346400,1.0441,1.0441,1.0437,1.0439,484,1562.3,0,196,-144,196,340,-144,196,590800
1738346580,1.04395,1.04425,1.0439,1.04405,466,1563.45,0,334,0,334,400,-66,334,590800
1738346760,1.044,1.044,1.04375,1.04385,268,1316.7,0,0,-225,-182,43,-225,-182,590800
1738346940,1.04395,1.04405,1.04375,1.04405,315,966.35,0,0,-172,-29,143,-172,-29,590800
1738347120,1.0441,1.0442,1.0439,1.044,203,757.9,0,111,0,51,127,-76,51,590800
1738347300,1.0441,1.0443,1.0441,1.0441,139,637.65,0,96,0,53,96,-43,53,590800
1738347480,1.04405,1.0441,1.0409,1.04165,10702,1102.1,0,0,-5988,-1274,4714,-5988,-1274,590800
1738347660,1.0416,1.042,1.041,1.0411,3097,1222.15,0,0,-1645,-1237,930,-2167,-1237,590800
1738347840,1.04105,1.04145,1.03995,1.04005,3357,1342.1,0,750,-1857,-1857,750,-2607,-1857,590800
1738348020,1.0401,1.04045,1.03945,1.04035,2211,1403,0,1043,0,1043,1627,-584,1043,590800
1738348200,1.0403,1.0403,1.0393,1.03945,1378,1417.55,0,0,-1378,-1378,0,-1378,-1378,590800
1738348380,1.0395,1.0395,1.03815,1.03935,2357,1476.35,0,0,-1500,-643,857,-1500,-643,590800
1738348560,1.0393,1.0394,1.0385,1.03905,910,1494.1,0,0,-724,-538,186,-724,-538,590800
1738348740,1.03905,1.04065,1.0389,1.04035,4882,1707.2,0,4882,0,4882,4882,0,4882,590800
1738348920,1.04035,1.0407,1.03965,1.03995,1576,1770.7,0,0,-1318,-1060,258,-1318,-1060,590800
1738349100,1.04,1.04045,1.04,1.04045,967,1772.3,0,453,0,387,677,-290,387,590800
1738349280,1.0404,1.04055,1.04005,1.04005,618,1764.4,0,0,-320,-320,149,-469,-320,590800
1738349460,1.04,1.04005,1.03925,1.03955,804,1769.55,0,0,-434,-64,370,-434,-64,590800
1738349640,1.0396,1.0399,1.0394,1.03945,792,1792.6,0,283,-226,-226,283,-509,-226,590800
1738349820,1.0394,1.03955,1.0389,1.03905,806,1816.6,0,0,-806,-806,0,-806,-806,590800
1738350000,1.03905,1.03935,1.0389,1.039,640,1824.4,0,511,0,382,511,-129,382,590800
1738350180,1.03895,1.0392,1.03855,1.03865,754,1838.8,0,137,-480,-480,137,-617,-480,590800
1738350360,1.03865,1.03905,1.0386,1.03895,577,1854.25,0,577,0,577,577,0,577,590800
1738350540,1.03895,1.03895,1.0385,1.03865,437,1860.35,0,104,-123,17,227,-210,17,590800
1738350720,1.03875,1.0392,1.03855,1.03905,828,1891.6,0,0,-488,-488,170,-658,-488,590800
1738350900,1.039,1.03915,1.0388,1.039,637,1916.5,0,169,-234,169,403,-234,169,590800
1738351080,1.039,1.0391,1.0387,1.03885,587,1410.75,0,0,-347,-347,120,-467,-347,590800
1738351260,1.03885,1.03895,1.03865,1.03885,293,1270.55,0,0,-209,-125,84,-209,-125,590800
1738351440,1.03885,1.0394,1.03875,1.0391,317,1118.55,0,256,0,195,256,-61,195,590800
1738351620,1.0392,1.03925,1.0389,1.03925,387,1027.35,0,67,-160,67,227,-160,67,590800
1738351800,1.0392,1.0395,1.03895,1.039,489,982.9,0,134,-221,-221,134,-355,-221,590800
1738351980,1.03895,1.0392,1.03895,1.03905,269,878.5,0,207,0,145,207,-62,145,590800
1738352160,1.039,1.039,1.03865,1.0388,295,847.75,0,0,-216,-137,79,-216,-137,590800
1738352340,1.0388,1.03935,1.0387,1.0393,627,635,0,627,0,627,627,0,627,590800
1738352520,1.0392,1.0393,1.03885,1.0389,470,579.7,0,268,0,66,268,-202,66,590800
1738352700,1.03895,1.0391,1.0388,1.0391,198,541.25,0,74,0,52,125,-73,52,590800
1738352880,1.03905,1.03965,1.039,1.0395,1481,584.4,0,1071,0,1071,1276,-205,1071,590800
1738353060,1.03945,1.03995,1.03945,1.0398,1001,594.25,0,253,-278,-61,470,-531,-61,590800
1738353240,1.0398,1.04,1.03965,1.0397,888,599.05,0,186,-307,-98,395,-493,-98,590800
1738353420,1.03965,1.0398,1.03955,1.0397,1181,617.8,0,340,-501,-501,340,-841,-501,590800
1738353600,1.03975,1.03975,1.0392,1.0393,742,622.9,0,0,-742,-742,0,-742,-742,590800
1738353780,1.03935,1.0394,1.03895,1.03905,370,603.7,0,94,-182,-182,94,-276,-182,590800
1738353960,1.03895,1.0393,1.03885,1.0392,731,611.4,0,515,-108,515,623,-108,515,590800
1738354140,1.0392,1.0398,1.0392,1.0397,217,600.4,0,217,0,217,217,0,217,590800
1738354320,1.0397,1.03975,1.03935,1.0397,307,574.35,0,0,-170,-33,137,-170,-33,590800
1738354500,1.0397,1.0397,1.0391,1.03925,288,556.9,0,0,-213,-138,75,-213,-138,590800
1738354680,1.03925,1.03935,1.03915,1.03925,174,536.25,0,70,0,70,122,-52,70,590800
1738354860,1.0393,1.0394,1.0392,1.0393,129,528.05,0,81,0,81,105,-24,81,590800
1738355040,1.0393,1.03955,1.0393,1.03935,173,520.85,0,73,0,31,102,-71,31,590800
1738355220,1.03935,1.03965,1.03935,1.0396,405,521.75,0,405,0,405,405,0,405,590800
1738355400,1.03965,1.03975,1.0396,1.03965,230,508.8,0,204,0,178,204,-26,178,590800
1738355580,1.0397,1.0399,1.0397,1.0399,183,504.5,0,69,-7,31,107,-76,31,590800
1738355760,1.0399,1.04005,1.0399,1.03995,320,505.75,0,176,0,32,176,-144,32,590800
1738355940,1.0399,1.0399,1.0398,1.0399,108,479.8,0,8,-50,8,58,-50,8,590800
1738356120,1.03995,1.04,1.03975,1.03995,454,479,0,203,-11,26,240,-214,26,590800
1738356300,1.04,1.0401,1.03995,1.0401,145,476.35,0,145,0,145,145,0,145,590800
1738356480,1.0401,1.04025,1.0401,1.0402,231,413.85,0,54,-42,39,135,-96,39,590800
1738356660,1.04025,1.04035,1.03845,1.0386,4780,602.8,0,0,-4780,-4780,0,-4780,-4780,590800
1738356840,1.03865,1.03955,1.0384,1.03955,1692,643,0,1692,0,1692,1692,0,1692,590800
1738357020,1.03955,1.03955,1.03915,1.0394,1173,642.6,0,0,-859,-859,157,-1016,-859,590800
1738357200,1.0394,1.0399,1.0394,1.03965,529,631.95,0,412,0,295,412,-117,295,590800
1738357380,1.03965,1.04015,1.03965,1.0401,576,642.25,0,576,0,576,576,0,576,590800
1738357560,1.04015,1.04085,1.03845,1.0388,10167,1114.05,0,667,-8833,-8833,667,-9500,-8833,590800
1738357740,1.03885,1.03915,1.0372,1.03745,5063,1356.35,0,0,-5063,-5063,0,-5063,-5063,590800
1738357920,1.0375,1.0377,1.03705,1.03735,1643,1423.15,0,741,0,319,981,-662,319,590800
1738358100,1.03735,1.03825,1.03735,1.03815,998,1458.65,0,998,0,998,998,0,998,590800
1738358280,1.03815,1.0383,1.038,1.0382,330,1466.45,0,0,-242,-154,88,-242,-154,590800
1738358460,1.03825,1.0385,1.03815,1.03845,325,1476.25,0,221,0,221,273,-52,221,590800
1738358640,1.0384,1.0384,1.0381,1.0383,344,1484.8,0,0,-291,-238,53,-291,-238,590800
1738358820,1.03825,1.03905,1.0382,1.03875,518,1490.45,0,360,0,202,360,-158,202,590800
1738359000,1.03875,1.0388,1.03805,1.0385,368,1497.35,0,20,-174,20,194,-174,20,590800
1738359180,1.0386,1.03865,1.0381,1.0383,301,1503.25,0,59,-93,3,152,-149,3,590800
1738359360,1.03825,1.03825,1.03795,1.0382,272,1500.85,0,0,-146,-20,126,-146,-20,590800
1738359540,1.03825,1.0383,1.0379,1.038,115,1501.2,0,0,-101,-101,7,-108,-101,590800
1738359720,1.038,1.0382,1.0378,1.03805,345,1495.75,0,262,0,179,262,-83,179,590800
1738359900,1.03805,1.03835,1.038,1.0383,120,1494.5,0,120,0,120,120,0,120,590800
1738360080,1.0383,1.0384,1.03825,1.0383,71,1486.5,0,22,-27,-27,22,-49,-27,590800
1738360260,1.0383,1.0383,1.03815,1.0382,64,1250.7,0,0,-64,-64,0,-64,-64,590800
1738360440,1.03815,1.0384,1.0378,1.0379,451,1188.65,0,0,-451,-451,0,-451,-451,590800
1738360620,1.03795,1.03815,1.0379,1.03815,213,1140.65,0,213,0,213,213,0,213,585868
1738537200,1.0281,1.0282,1.02545,1.02685,3674,1297.9,0,0,-2516,-1358,1158,-2516,-1358,585868
1738537380,1.0268,1.0277,1.02635,1.0276,863,1312.25,0,459,-202,459,661,-202,459,585868
1738537560,1.02765,1.0291,1.0276,1.0284,1304,869.1,0,855,0,406,855,-449,406,585868
1738537740,1.0282,1.0287,1.02755,1.0277,1247,678.3,0,405,-437,-437,405,-842,-437,585868
1738537920,1.02775,1.0282,1.02685,1.02685,929,642.6,0,322,-285,-285,322,-607,-285,585868
1738538100,1.02685,1.02715,1.02635,1.0264,1077,646.55,0,0,-1077,-1077,0,-1077,-1077,585868
1738538280,1.0264,1.02775,1.0263,1.0277,890,674.55,0,890,0,890,890,0,890,585868
1738538460,1.02765,1.02765,1.0263,1.0263,714,694,0,0,-714,-714,0,-714,-714,585868
1738538640,1.0263,1.0264,1.0255,1.0258,1186,736.1,0,0,-807,-428,379,-807,-428,585868
1738538820,1.02585,1.02655,1.02555,1.02625,1033,761.85,0,1033,0,1033,1033,0,1033,585868
1738539000,1.0262,1.0275,1.0262,1.0271,1127,799.8,0,1127,0,1127,1127,0,1127,585868
1738539180,1.02705,1.0273,1.02645,1.0269,696,819.55,0,338,0,338,517,-179,338,585868
1738539360,1.02685,1.02695,1.02585,1.02585,450,828.45,0,0,-450,-450,0,-450,-450,585868
1738539540,1.0259,1.02655,1.02575,1.0264,590,852.2,0,590,0,590,590,0,590,585868
1738539720,1.0264,1.0268,1.02615,1.0268,385,854.2,0,19,-183,19,202,-183,19,585868
1738539900,1.02685,1.02795,1.02675,1.02715,825,889.45,0,505,0,185,505,-320,185,585868
1738540080,1.02715,1.02715,1.02675,1.02685,236,897.7,0,6,-86,-86,75,-161,-86,585868
1738540260,1.0269,1.02745,1.02675,1.0273,279,908.45,0,279,0,279,279,0,279,585868
1738540440,1.02725,1.0273,1.0265,1.0267,251,898.45,0,0,-251,-251,0,-251,-251,585868
1738540620,1.0266,1.0269,1.0266,1.0267,286,902.1,0,122,-42,-42,122,-164,-42,585868
1738540800,1.0267,1.02775,1.0264,1.0275,983,767.55,0,457,-263,457,720,-263,457,585868
1738540980,1.02755,1.02855,1.0274,1.0281,1417,795.25,0,909,-254,909,1163,-254,909,585868
1738541160,1.0281,1.0285,1.0281,1.02835,486,754.35,0,197,0,180,333,-153,180,585868
1738541340,1.02845,1.0288,1.0282,1.0282,521,718.05,0,385,0,249,385,-136,249,585868
1738541520,1.02815,1.02825,1.02775,1.02785,387,690.95,0,0,-288,-189,99,-288,-189,585868
1738541700,1.02775,1.02785,1.02705,1.0271,598,667,0,0,-598,-598,0,-598,-598,585868
1738541880,1.027,1.0272,1.0264,1.0265,607,652.85,0,0,-361,-361,123,-484,-361,585868
1738542060,1.0265,1.0265,1.0231,1.0237,5681,901.2,0,0,-5681,-5681,0,-5681,-5681,585868
1738542240,1.02375,1.02545,1.02355,1.025,3224,1003.1,0,3224,0,3224,3224,0,3224,585868
1738542420,1.025,1.02565,1.0244,1.02565,1341,1018.5,0,559,0,477,909,-432,477,585868
1738542600,1.02575,1.0264,1.02565,1.02585,1048,1014.55,0,462,-124,-124,462,-586,-124,585868
1738542780,1.02585,1.026,1.0251,1.0253,622,1010.85,0,0,-622,-622,0,-622,-622,585868
1738542960,1.02535,1.02565,1.02485,1.02515,477,1012.2,0,98,-281,-281,98,-379,-281,585868
1738543140,1.02525,1.02525,1.0247,1.02495,548,1010.1,0,0,-250,-242,153,-395,-242,585868
1738543320,1.02495,1.02555,1.0249,1.0249,503,1016,0,378,0,253,378,-125,253,585868
1738543500,1.02495,1.02595,1.02495,1.0253,706,1010.05,0,453,0,200,453,-253,200,585868
1738543680,1.02525,1.0255,1.0249,1.02515,319,1014.2,0,0,-113,-113,103,-216,-113,585868
1738543860,1.02525,1.02535,1.02465,1.02475,445,1022.5,0,0,-295,-145,150,-295,-145,585868
1738544040,1.02475,1.02515,1.02405,1.025,862,1053.05,0,0,-465,-68,397,-465,-68,585868
1738544220,1.02495,1.0253,1.0247,1.02525,524,1064.95,0,0,-313,-102,211,-313,-102,585868
1738544400,1.0252,1.02535,1.02475,1.0248,641,1047.85,0,0,-641,-641,0,-641,-641,585868
1738544580,1.0248,1.025,1.0242,1.02495,641,1009.05,0,433,-104,433,537,-104,433,585868
1738544760,1.0249,1.02545,1.02465,1.0252,830,1026.25,0,830,0,830,830,0,830,585868
1738544940,1.0252,1.02595,1.0252,1.02555,627,1031.55,0,451,0,275,451,-176,275,585868
1738545120,1.02555,1.02585,1.0254,1.02555,211,1022.75,0,9,-84,-25,93,-118,-25,585868
1738545300,1.02555,1.026,1.0254,1.0259,601,1022.9,0,601,0,601,601,0,601,585868
1738545480,1.02595,1.0264,1.02575,1.0262,920,1038.55,0,920,0,920,920,0,920,585868
1738545660,1.0262,1.0267,1.02595,1.0264,467,777.85,0,207,-53,-53,207,-260,-53,585868
1738545840,1.02625,1.02695,1.02615,1.02695,750,654.15,0,582,-84,582,666,-84,582,585868
1738546020,1.027,1.02725,1.02675,1.02685,635,618.85,0,0,-439,-377,129,-506,-377,585868
1738546200,1.0268,1.02725,1.02675,1.027,289,580.9,0,0,-141,-141,74,-215,-141,585868
1738546380,1.02695,1.02695,1.0264,1.02655,525,576.05,0,0,-525,-525,0,-525,-525,585868
1738546560,1.02655,1.02675,1.02645,1.0266,124,558.4,0,40,-23,-2,61,-63,-2,585868
1738546740,1.0266,1.0266,1.02625,1.0263,187,540.35,0,0,-187,-187,0,-187,-187,585868
1738546920,1.0263,1.0267,1.0262,1.0267,262,528.3,0,262,0,262,262,0,262,585868
1738547100,1.02665,1.02675,1.02635,1.0265,256,505.8,0,0,-177,-98,79,-177,-98,585868
1738547280,1.02645,1.0265,1.0258,1.02645,256,502.65,0,178,-39,178,217,-39,178,585868
1738547460,1.02645,1.0265,1.026,1.026,140,487.4,0,0,-140,-140,0,-140,-140,585868
1738547640,1.026,1.026,1.0256,1.02565,200,454.3,0,62,-47,18,109,-91,18,585868
1738547820,1.0257,1.0259,1.02565,1.02585,200,438.1,0,200,0,200,200,0,200,585868
1738548000,1.0258,1.0258,1.0253,1.0253,177,414.9,0,0,-177,-177,0,-177,-177,585868
1738548180,1.02525,1.02525,1.02485,1.0249,614,413.55,0,0,-614,-614,0,-614,-614,585868
1738548360,1.0249,1.0249,1.0243,1.02455,305,387.3,0,0,-305,-305,0,-305,-305,585868
1738548540,1.02455,1.02485,1.0245,1.02475,263,369.1,0,216,0,169,216,-47,169,585868
1738548720,1.02475,1.0251,1.0244,1.02495,465,381.8,0,283,-91,283,374,-91,283,585868
1738548900,1.025,1.02505,1.0247,1.0249,258,364.65,0,0,-192,-126,66,-192,-126,585868
1738549080,1.0249,1.0253,1.0249,1.02515,336,335.45,0,221,0,106,221,-115,106,585868
1738549260,1.02515,1.02525,1.02485,1.02525,263,325.25,0,171,0,171,217,-46,171,585868
1738549440,1.02525,1.0255,1.02515,1.0254,245,300,0,186,0,127,186,-59,127,585868
1738549620,1.0254,1.0254,1.02515,1.02515,125,274.5,0,0,-125,-125,0,-125,-125,585868
1738549800,1.02515,1.02515,1.02455,1.02455,199,270,0,0,-199,-199,0,-199,-199,585868
1738549980,1.0246,1.0248,1.02445,1.0248,149,251.2,0,0,-114,-79,35,-114,-79,585868
1738550160,1.0248,1.02495,1.0245,1.02455,219,255.95,0,104,-11,-11,104,-115,-11,585868
1738550340,1.0245,1.0249,1.0244,1.0247,254,259.3,0,154,0,54,154,-100,54,585868
1738550520,1.0247,1.02495,1.02455,1.02475,195,255.95,0,154,0,113,154,-41,113,585868
1738550700,1.0248,1.02505,1.0247,1.02495,165,251.4,0,139,-13,139,152,-13,139,585868
1738550880,1.0249,1.02495,1.0244,1.0244,180,247.6,0,0,-180,-180,0,-180,-180,585868
1738551060,1.02435,1.02445,1.02415,1.02435,294,255.3,0,80,-39,56,175,-119,56,585868
1738551240,1.0244,1.02465,1.02425,1.02465,195,255.05,0,107,-44,107,151,-44,107,585868
1738551420,1.02465,1.0247,1.02435,1.0244,149,252.5,0,115,0,81,115,-34,81,585868
1738551600,1.0244,1.0245,1.0243,1.0244,93,248.3,0,0,-83,-73,10,-83,-73,585868
1738551780,1.0244,1.0245,1.02425,1.02425,96,222.4,0,20,-56,-56,20,-76,-56,585868
1738551960,1.0243,1.02435,1.02395,1.02395,232,218.75,0,0,-232,-232,0,-232,-232,585868
1738552140,1.024,1.02405,1.0239,1.024,168,214,0,8,-80,8,88,-80,8,585868
1738552320,1.024,1.0242,1.02355,1.02355,411,211.3,0,0,-411,-411,0,-411,-411,585868
1738552500,1.02355,1.02375,1.02355,1.02355,315,214.15,0,247,0,179,247,-68,179,585868
1738552680,1.0236,1.024,1.0236,1.0238,270,210.85,0,207,0,144,207,-63,144,585868
1738552860,1.0238,1.0239,1.02365,1.0237,203,207.85,0,29,-145,-145,29,-174,-145,585868
1738553040,1.0237,1.0239,1.0237,1.02375,111,201.15,0,86,0,61,86,-25,61,585868
1738553220,1.0237,1.02405,1.02365,1.02395,219,205.85,0,219,0,219,219,0,219,585868
1738553400,1.02395,1.024,1.02365,1.02385,166,204.2,0,18,-74,18,92,-74,18,585868
1738553580,1.0239,1.02395,1.0236,1.0236,119,202.7,0,0,-119,-119,0,-119,-119,585868
1738553760,1.0236,1.0236,1.0233,1.0236,284,205.95,0,0,-164,-44,120,-164,-44,585868
1738553940,1.0235,1.02355,1.0232,1.02335,107,198.6,0,7,-50,7,57,-50,7,585868
1738554120,1.0233,1.02355,1.02325,1.0235,127,195.2,0,127,0,127,127,0,127,585868
1738554300,1.02355,1.02365,1.02345,1.0236,123,193.1,0,33,-45,33,78,-45,33,585868
1738554480,1.0236,1.0238,1.0236,1.0237,180,193.1,0,180,0,180,180,0,180,585868
1738554660,1.02375,1.0243,1.02375,1.02425,320,194.4,0,320,0,320,320,0,320,585868
1738554840,1.0243,1.0244,1.0241,1.0241,186,193.95,0,97,0,8,97,-89,8,585868
1738555020,1.0241,1.02425,1.0241,1.02415,64,189.7,0,27,-10,-10,27,-37,-10,585868
1738555200,1.02415,1.026,1.0241,1.02555,2586,314.35,0,1834,0,1082,1834,-752,1082,585868
1738555380,1.0256,1.0258,1.02485,1.02485,727,345.9,0,250,-227,-227,250,-477,-227,585868
1738555560,1.0249,1.02505,1.02465,1.0248,657,367.15,0,487,0,317,487,-170,317,585868
1738555740,1.0248,1.02505,1.02465,1.0247,229,370.2,0,173,0,117,173,-56,117,585868
1738555920,1.0247,1.02515,1.0246,1.02515,175,358.4,0,175,0,175,175,0,175,585868
1738556100,1.0252,1.0252,1.02475,1.02485,155,350.4,0,0,-155,-155,0,-155,-155,585868
1738556280,1.0248,1.0249,1.0246,1.0246,110,342.4,0,40,-30,-30,40,-70,-30,585868
1738556460,1.02455,1.0246,1.02425,1.0244,237,344.1,0,0,-213,-189,24,-213,-189,585868
1738556640,1.0244,1.0246,1.02435,1.02455,216,349.35,0,216,0,216,216,0,216,585868
1738556820,1.0246,1.0247,1.0244,1.0244,188,347.8,0,81,-26,-26,81,-107,-26,585868
1738557000,1.0244,1.02465,1.02425,1.0244,275,353.25,0,159,0,113,194,-81,113,585868
1738557180,1.02435,1.0247,1.0243,1.0247,99,352.25,0,99,0,99,99,0,99,585868
1738557360,1.02465,1.0247,1.02455,1.0246,95,342.8,0,42,-22,33,64,-31,33,585868
1738557540,1.0246,1.0247,1.0245,1.0246,94,342.15,0,0,-41,-34,30,-64,-34,585868
1738557720,1.0246,1.0246,1.0243,1.02435,136,342.6,0,0,-136,-136,0,-136,-136,585868
1738557900,1.02435,1.0244,1.02415,1.02425,122,342.55,0,0,-122,-122,0,-122,-122,585868
1738558080,1.02425,1.0245,1.02425,1.0245,149,341,0,149,0,149,149,0,149,585868
1738558260,1.02445,1.0245,1.0244,1.0244,80,329,0,20,-20,-20,30,-50,-20,585868
1738558440,1.0245,1.0248,1.02445,1.0248,170,328.2,0,170,0,170,170,0,170,585868
1738558620,1.0248,1.0248,1.0246,1.02465,89,329.45,0,26,-37,-37,26,-63,-37,585868
1738558800,1.02465,1.02495,1.0246,1.02485,179,209.1,0,79,-50,79,129,-50,79,585868
1738558980,1.02485,1.0252,1.0248,1.02515,192,182.35,0,192,0,192,192,0,192,585868
1738559160,1.02515,1.02545,1.0251,1.02525,277,163.35,0,228,0,179,228,-49,179,585868
1738559340,1.02525,1.02535,1.0251,1.0253,142,159,0,90,-26,90,116,-26,90,585868
1738559520,1.0253,1.02555,1.0253,1.02545,222,161.35,0,52,-50,18,120,-102,18,585868
1738559700,1.0254,1.0256,1.0254,1.02555,164,161.8,0,34,-47,2,83,-81,2,585868
1738559880,1.02555,1.0259,1.02555,1.02585,276,170.1,0,276,0,276,276,0,276,585868
1738560060,1.0258,1.026,1.0257,1.0259,137,165.1,0,35,-33,35,86,-51,35,585868
1738560240,1.0259,1.026,1.02575,1.02595,158,162.2,0,0,-110,-110,24,-134,-110,585868
1738560420,1.02595,1.02595,1.02575,1.0259,239,164.75,0,0,-186,-133,53,-186,-133,585868
1738560600,1.02585,1.0261,1.0258,1.02585,142,158.1,0,58,-26,-26,58,-84,-26,585868
1738560780,1.0258,1.02595,1.02575,1.02585,178,162.05,0,178,0,178,178,0,178,585868
1738560960,1.0258,1.0259,1.0258,1.0259,218,168.2,0,218,0,218,218,0,218,585868
1738561140,1.02585,1.02585,1.02565,1.0257,206,173.8,0,0,-206,-206,0,-206,-206,585868
1738561320,1.0257,1.0258,1.02565,1.0257,137,173.85,0,0,-63,-63,37,-100,-63,585868
1738561500,1.02565,1.0261,1.02565,1.026,145,175,0,95,-25,95,120,-25,95,585868
1738561680,1.026,1.0261,1.02595,1.026,100,172.55,0,52,0,4,52,-48,4,585868
1738561860,1.026,1.02625,1.026,1.026,437,190.4,0,58,-321,-321,58,-379,-321,585868
1738562040,1.02595,1.02635,1.02595,1.0263,369,200.35,0,369,0,369,369,0,369,585868
1738562220,1.0262,1.0263,1.02605,1.02605,294,210.6,0,0,-294,-294,0,-294,-294,585868
1738562400,1.02605,1.02635,1.02595,1.02635,241,213.7,0,241,0,241,241,0,241,585868
1738562580,1.02635,1.02665,1.02625,1.0264,414,224.8,0,179,0,138,276,-138,138,585868
1738562760,1.02635,1.0265,1.02635,1.02645,135,217.7,0,0,-101,-67,34,-101,-67,585868
1738562940,1.0264,1.0265,1.02625,1.0264,140,217.6,0,0,-103,-66,37,-103,-66,585868
1738563120,1.02635,1.02685,1.0263,1.02675,374,225.2,0,374,0,374,374,0,374,585868
1738563300,1.0268,1.0269,1.0266,1.0267,312,232.6,0,205,0,98,205,-107,98,585868
1738563480,1.02665,1.02665,1.02645,1.02645,183,227.95,0,0,-183,-183,0,-183,-183,585868
1738563660,1.02645,1.0269,1.02645,1.0267,259,234.05,0,156,0,53,156,-103,53,585868
1738563840,1.02675,1.02685,1.0265,1.02655,281,240.2,0,75,-66,-1,140,-141,-1,585868
1738564020,1.0265,1.02675,1.0265,1.0267,230,239.75,0,230,0,230,230,0,230,585868
1738564200,1.0267,1.02695,1.0266,1.0269,338,249.55,0,338,0,338,338,0,338,585868
1738564380,1.0269,1.0271,1.0267,1.0268,452,263.25,0,183,-86,-86,183,-269,-86,585868
1738564560,1.02675,1.0269,1.0265,1.0269,259,265.3,0,0,-210,-161,49,-210,-161,585868
1738564740,1.0269,1.02705,1.0268,1.027,354,272.7,0,354,0,354,354,0,354,585868
1738564920,1.027,1.0272,1.0268,1.0268,372,284.45,0,158,-56,-56,158,-214,-56,585868
1738565100,1.0268,1.0271,1.02675,1.027,271,290.75,0,271,0,271,271,0,271,585868
1738565280,1.027,1.02715,1.0268,1.0268,263,298.9,0,100,-63,-63,100,-163,-63,585868
1738565460,1.0268,1.0268,1.0263,1.0266,840,319.05,0,0,-791,-742,49,-791,-742,585868
1738565640,1.02655,1.0267,1.0264,1.0264,175,309.35,0,15,-145,-145,15,-160,-145,585868
1738565820,1.0264,1.02645,1.0262,1.02635,660,327.65,0,132,-264,132,396,-264,132,585868
1738566000,1.02635,1.0269,1.0262,1.0268,1221,376.65,0,1221,0,1221,1221,0,1221,585868
1738566180,1.0268,1.027,1.02645,1.02665,373,374.6,0,106,-161,-161,106,-267,-161,585868
1738566360,1.02665,1.0268,1.02635,1.0266,564,396.05,0,186,-189,186,375,-189,186,585868
1738566540,1.0266,1.02665,1.02555,1.0256,688,423.45,0,0,-688,-688,0,-688,-688,585868
1738566720,1.0256,1.0264,1.02545,1.0264,590,434.25,0,590,0,590,590,0,590,585868
1738566900,1.02635,1.02645,1.0259,1.026,281,432.7,0,57,-167,-167,57,-224,-167,585868
1738567080,1.026,1.02605,1.02525,1.0254,963,471.7,0,226,-282,53,508,-455,53,585868
1738567260,1.0254,1.02555,1.0253,1.0255,484,482.95,0,57,-173,-24,230,-254,-24,585868
1738567440,1.0255,1.02555,1.02495,1.0251,509,494.35,0,9,-250,9,259,-250,9,585868
1738567620,1.02505,1.0254,1.02475,1.02535,368,501.25,0,0,-191,-14,177,-191,-14,585868
1738567800,1.0253,1.0255,1.02515,1.02515,299,499.3,0,130,-39,-39,130,-169,-39,585868
1738567980,1.02515,1.0253,1.02475,1.02495,392,496.3,0,88,-89,38,215,-177,38,585868
1738568160,1.02495,1.0251,1.02485,1.025,297,498.2,0,67,-115,67,182,-115,67,585868
1738568340,1.02505,1.0252,1.0244,1.0245,671,514.05,0,0,-671,-671,0,-671,-671,585868
1738568520,1.02445,1.025,1.02435,1.0249,824,536.65,0,824,0,824,824,0,824,585868
1738568700,1.0249,1.0257,1.0249,1.0254,819,564.05,0,664,0,509,664,-155,509,585868
1738568880,1.02535,1.0262,1.0253,1.0256,979,599.85,0,809,0,639,809,-170,639,585868
1738569060,1.02555,1.02565,1.0248,1.025,385,577.1,0,0,-193,-1,192,-193,-1,585868
1738569240,1.025,1.025,1.02425,1.0243,508,593.75,0,0,-508,-508,0,-508,-508,585868
1738569420,1.02425,1.0246,1.02425,1.0245,610,591.25,0,610,0,610,610,0,610,585868
1738569600,1.02455,1.02475,1.0236,1.0244,2247,642.55,0,0,-1237,-227,1010,-1237,-227,585868
1738569780,1.02435,1.0244,1.02365,1.02395,1493,698.55,0,0,-1064,-635,429,-1064,-635,585868
1738569960,1.0239,1.02395,1.02335,1.02365,1700,755.35,0,0,-1007,-314,693,-1007,-314,585868
1738570140,1.02365,1.02425,1.02345,1.0242,1285,785.2,0,1285,0,1285,1285,0,1285,585868
1738570320,1.0242,1.02445,1.024,1.02435,1042,807.8,0,1042,0,1042,1042,0,1042,585868
1738570500,1.02435,1.0248,1.02415,1.0247,1135,850.5,0,122,-321,-249,443,-692,-249,585868
1738570680,1.0246,1.02535,1.02435,1.0252,1925,898.6,0,1391,-267,1391,1658,-267,1391,585868
1738570860,1.0252,1.02595,1.0249,1.0257,1757,962.25,0,757,-500,757,1257,-500,757,585868
1738571040,1.02565,1.02605,1.0255,1.026,1580,1015.8,0,1580,0,1580,1580,0,1580,585868
1738571220,1.02595,1.0264,1.0258,1.0263,1244,1059.6,0,662,0,80,662,-582,80,585868
1738571400,1.0263,1.0269,1.02615,1.0268,1709,1130.1,0,0,-927,-145,782,-927,-145,585868
1738571580,1.0268,1.02715,1.02665,1.02685,1667,1193.85,0,985,0,303,985,-682,303,585868
1738571760,1.0268,1.0271,1.0263,1.02645,1339,1245.95,0,655,-29,-29,655,-684,-29,585868
1738571940,1.02645,1.02645,1.0259,1.026,766,1250.7,0,0,-766,-766,0,-766,-766,585868
1738572120,1.026,1.0266,1.0258,1.0264,682,1243.6,0,44,-319,44,363,-319,44,585868
1738572300,1.0264,1.02665,1.0264,1.02655,457,1225.5,0,457,0,457,457,0,457,585868
1738572480,1.02655,1.02685,1.02645,1.02685,551,1204.1,0,189,-181,189,370,-181,189,585868
1738572660,1.0268,1.02685,1.02605,1.0262,758,1222.75,0,0,-427,-96,331,-427,-96,585868
1738572840,1.02615,1.02685,1.02605,1.02655,1046,1249.65,0,754,0,462,754,-292,462,585868
1738573020,1.0266,1.0269,1.0264,1.0264,588,1248.55,0,199,-190,-190,199,-389,-190,585868
1738573200,1.0264,1.02685,1.026,1.02665,810,1176.7,0,441,0,382,596,-214,382,585868
1738573380,1.02665,1.0271,1.02635,1.02665,950,1149.55,0,442,0,252,601,-349,252,585868
1738573560,1.0266,1.02675,1.0264,1.02645,810,1105.05,0,0,-810,-810,0,-810,-810,585868
1738573740,1.0265,1.0269,1.0265,1.02685,607,1071.15,0,241,0,235,421,-186,235,585868
1738573920,1.0269,1.02715,1.0266,1.027,826,1060.35,0,180,-178,-110,358,-468,-110,585868
1738574100,1.02695,1.027,1.0266,1.027,635,1035.35,0,95,-270,95,365,-270,95,585868
1738574280,1.02695,1.02715,1.0264,1.0265,572,967.7,0,181,-210,-210,181,-391,-210,585868
1738574460,1.02655,1.0266,1.0261,1.0263,604,910.05,0,0,-365,-126,239,-365,-126,585868
1738574640,1.02625,1.0267,1.02615,1.0267,480,855.05,0,480,0,480,480,0,480,585868
1738574820,1.02665,1.02715,1.0266,1.02715,432,814.45,0,432,0,432,432,0,432,585868
1738575000,1.02715,1.0273,1.02695,1.0272,612,759.6,0,0,-485,-358,127,-485,-358,585868
1738575180,1.02725,1.02745,1.0272,1.0274,516,702.05,0,147,-49,124,320,-196,124,585868
1738575360,1.0274,1.02745,1.02705,1.02715,494,659.8,0,0,-494,-494,0,-494,-494,585868
1738575540,1.0271,1.02725,1.0265,1.02655,314,637.2,0,73,-168,-168,73,-241,-168,585868
1738575720,1.02655,1.02655,1.0261,1.0262,601,633.15,0,0,-319,-319,141,-460,-319,585868
1738575900,1.0262,1.0262,1.02545,1.0255,1051,662.85,0,0,-637,-481,285,-766,-481,585868
1738576080,1.0255,1.0255,1.025,1.0254,975,684.05,0,303,-336,303,639,-336,303,585868
1738576260,1.02545,1.02555,1.02515,1.02525,428,667.55,0,137,-154,-154,137,-291,-154,585868
1738576440,1.02525,1.02535,1.0247,1.0247,923,661.4,0,104,-291,-133,395,-528,-133,585868
1738576620,1.0247,1.0252,1.02455,1.0251,655,664.75,0,655,0,655,655,0,655,585868
1738576800,1.0251,1.02545,1.025,1.0251,1185,683.5,0,682,0,179,682,-503,179,585868
1738576980,1.02505,1.02565,1.02505,1.0256,522,662.1,0,522,0,522,522,0,522,585868
1738577160,1.0256,1.02605,1.0254,1.0259,798,661.5,0,274,-262,274,536,-262,274,585868
1738577340,1.0259,1.0262,1.0258,1.0258,505,656.4,0,348,0,191,348,-157,191,585868
1738577520,1.0258,1.02605,1.0255,1.02595,431,636.65,0,0,-291,-151,140,-291,-151,585868
1738577700,1.026,1.0264,1.026,1.0262,451,627.45,0,324,0,197,324,-127,197,585868
1738577880,1.0262,1.0263,1.0259,1.0259,482,622.95,0,0,-276,-276,103,-379,-276,585868
1738578060,1.0259,1.0261,1.0254,1.0255,370,611.25,0,112,-146,-146,112,-258,-146,585868
1738578240,1.02545,1.02575,1.0254,1.0255,305,602.5,0,211,0,117,211,-94,117,585868
1738578420,1.0255,1.0258,1.02525,1.02575,424,602.1,0,280,-72,280,352,-72,280,585868
1738578600,1.02575,1.02605,1.0257,1.02575,434,593.2,0,335,0,236,335,-99,236,585868
1738578780,1.0258,1.02615,1.0258,1.0258,289,581.85,0,157,0,25,157,-132,25,585868
1738578960,1.02585,1.02595,1.02565,1.0257,377,576,0,140,-97,-97,140,-237,-97,585868
1738579140,1.02575,1.02605,1.0257,1.0259,481,584.35,0,348,0,215,348,-133,215,585868
1738579320,1.02585,1.02595,1.0257,1.02595,245,566.55,0,0,-166,-87,79,-166,-87,585868
1738579500,1.02595,1.0263,1.02595,1.02605,307,529.35,0,242,0,177,242,-65,177,585868
1738579680,1.02605,1.0263,1.02595,1.02625,204,490.8,0,204,0,204,204,0,204,585868
1738579860,1.02625,1.0264,1.02615,1.0263,241,481.45,0,241,0,241,241,0,241,585868
1738580040,1.0263,1.02645,1.0262,1.02635,266,448.6,0,74,-28,74,170,-96,74,585868
1738580220,1.02635,1.0265,1.02615,1.0264,386,435.15,0,166,0,88,237,-149,88,585868
1738580400,1.02635,1.02665,1.02625,1.02655,533,402.55,0,341,0,149,341,-192,149,585868
1738580580,1.0266,1.0266,1.02625,1.02645,458,399.35,0,74,-192,74,266,-192,74,585868
1738580760,1.02645,1.02675,1.0264,1.02665,786,398.75,0,330,0,250,518,-268,250,585868
1738580940,1.0267,1.027,1.0266,1.0267,983,422.65,0,653,0,653,818,-165,653,585868
1738581120,1.02675,1.027,1.02665,1.0267,518,427,0,212,-94,-94,212,-306,-94,585868
1738581300,1.02675,1.0268,1.0264,1.02665,328,420.85,0,104,-35,50,189,-139,50,585868
1738581480,1.0267,1.02675,1.0266,1.02665,160,404.75,0,33,-94,-94,33,-127,-94,585868
1738581660,1.02665,1.02675,1.0264,1.02675,428,407.65,0,0,-250,-72,178,-250,-72,585868
1738581840,1.02675,1.0268,1.02645,1.0266,440,414.4,0,0,-409,-378,31,-409,-378,585868
1738582020,1.02655,1.02655,1.02595,1.026,728,429.6,0,0,-728,-728,0,-728,-728,585868
1738582200,1.02595,1.02605,1.0257,1.02605,869,451.35,0,0,-653,-437,216,-653,-437,585868
1738582380,1.02605,1.0264,1.02595,1.0262,585,466.15,0,464,0,343,464,-121,343,585868
1738582560,1.0262,1.0264,1.026,1.0264,351,464.85,0,187,-82,187,269,-82,187,585868
1738582740,1.0264,1.0266,1.02635,1.02655,450,463.3,0,450,0,450,450,0,450,585868
1738582920,1.0266,1.0269,1.0266,1.0269,350,468.55,0,350,0,350,350,0,350,585868
1738583100,1.02695,1.02715,1.02685,1.02695,343,470.35,0,224,0,105,224,-119,105,585868
1738583280,1.02695,1.02705,1.0268,1.0268,254,472.85,0,49,-156,-156,49,-205,-156,585868
1738583460,1.0268,1.02705,1.02675,1.02705,337,477.65,0,125,-106,125,231,-106,125,585868
1738583640,1.0271,1.0276,1.027,1.0272,1232,525.95,0,783,0,334,783,-449,334,585868
1738583820,1.0272,1.0273,1.02715,1.02725,915,552.4,0,587,0,259,587,-328,259,585868
1738584000,1.02725,1.0273,1.02715,1.0272,512,551.35,0,0,-512,-512,0,-512,-512,585868
1738584180,1.0272,1.02725,1.02715,1.0272,266,541.75,0,0,-266,-266,0,-266,-266,585868
1738584360,1.0272,1.02725,1.02715,1.02725,381,521.5,0,255,0,255,318,-63,255,585868
1738584540,1.02725,1.0274,1.0272,1.02735,583,501.5,0,583,0,583,583,0,583,585868
1738584720,1.02735,1.0275,1.0273,1.02745,835,517.35,0,497,0,497,666,-169,497,585868
1738584900,1.02745,1.02775,1.02735,1.0274,3863,694.1,0,2953,0,2043,2953,-910,2043,585868
1738585080,1.02745,1.0281,1.02735,1.02805,2625,817.35,0,669,-367,553,1589,-1036,553,585868
1738585260,1.02805,1.02825,1.0279,1.0281,1807,886.3,0,1807,0,1807,1807,0,1807,585868
1738585440,1.0281,1.029,1.02805,1.02885,1781,953.35,0,1781,0,1781,1781,0,1781,585868
1738585620,1.02885,1.0296,1.0288,1.0292,2929,1063.4,0,1180,-569,-569,1180,-1749,-569,585868
1738585800,1.0292,1.02955,1.0288,1.02955,1322,1086.05,0,0,-871,-420,451,-871,-420,585868
1738585980,1.02955,1.02985,1.02935,1.02955,1846,1149.1,0,1107,0,368,1107,-739,368,585868
1738586160,1.0295,1.0296,1.02905,1.0293,980,1180.55,0,0,-604,-228,376,-604,-228,585868
1738586340,1.0293,1.0295,1.0291,1.0292,697,1192.9,0,0,-697,-697,0,-697,-697,585868
1738586520,1.0291,1.0292,1.02865,1.02895,1383,1244.55,0,0,-937,-491,446,-937,-491,585868
1738586700,1.0289,1.029,1.0287,1.0288,376,1246.2,0,155,-66,-66,155,-221,-66,585868
1738586880,1.0288,1.02895,1.0286,1.02885,1309,1298.95,0,651,-329,651,980,-329,651,585868
1738587060,1.0288,1.02895,1.0281,1.0282,1553,1359.75,0,0,-1553,-1553,0,-1553,-1553,585868
1738587240,1.02825,1.0283,1.02765,1.02775,2962,1446.25,0,0,-2962,-2962,0,-2962,-2962,585868
1738587420,1.0278,1.0279,1.02735,1.0278,3116,1556.3,0,1372,-872,1372,2244,-872,1372,585868
1738587600,1.0278,1.02865,1.0277,1.02855,1344,1597.9,0,1344,0,1344,1344,0,1344,585868
1738587780,1.02855,1.0309,1.02855,1.0302,7425,1955.85,0,7425,0,7425,7425,0,7425,585868
1738587960,1.03015,1.03045,1.02905,1.02935,4114,2142.5,0,0,-3676,-3238,438,-3676,-3238,585868
1738588140,1.02935,1.02965,1.0289,1.02925,1214,2174.05,0,401,-412,-412,401,-813,-412,585868
1738588320,1.0293,1.0299,1.0292,1.02985,1442,2204.4,0,1442,0,1442,1442,0,1442,585868
1738588500,1.02985,1.03015,1.0297,1.0297,1830,2102.75,0,828,-174,-174,828,-1002,-174,585868
1738588680,1.02975,1.0298,1.02935,1.0296,1555,2049.25,0,0,-848,-141,707,-848,-141,585868
1738588860,1.0296,1.0299,1.02915,1.0292,1533,2035.55,0,587,-359,-359,587,-946,-359,585868
1738589040,1.0292,1.0294,1.029,1.0292,1029,1997.95,0,270,-180,129,579,-450,129,585868
1738589220,1.02915,1.02935,1.029,1.02905,498,1876.4,0,163,-172,-172,163,-335,-172,585868
1738589400,1.0291,1.0291,1.02865,1.02875,1132,1866.9,0,0,-1132,-1132,0,-1132,-1132,585868
1738589580,1.0288,1.02905,1.02855,1.0286,1586,1853.9,0,1081,0,576,1081,-505,576,585868
1738589760,1.0286,1.0288,1.0285,1.0286,567,1833.25,0,181,-205,-205,181,-386,-205,585868
1738589940,1.0286,1.02875,1.0282,1.0283,1812,1889,0,168,-1476,-1476,168,-1644,-1476,585868
1738590120,1.0283,1.0284,1.02795,1.02825,1210,1880.35,0,262,-474,262,736,-474,262,585868
1738590300,1.02825,1.0283,1.02805,1.0282,951,1909.1,0,318,-241,167,559,-392,167,585868
1738590480,1.02825,1.0286,1.02815,1.0282,446,1865.95,0,168,-110,-110,168,-278,-110,585868
1738590660,1.02815,1.02845,1.0281,1.02845,642,1820.4,0,142,-250,142,392,-250,142,585868
1738590840,1.02845,1.02855,1.02825,1.0283,425,1693.55,0,122,-57,67,246,-179,67,585868
1738591020,1.02825,1.02845,1.02805,1.0284,645,1570,0,227,-209,227,436,-209,227,585868
1738591200,1.0284,1.02845,1.0277,1.0278,791,1542.35,0,0,-791,-791,0,-791,-791,585868
1738591380,1.02785,1.0279,1.0273,1.02735,965,1219.35,0,0,-965,-965,0,-965,-965,585868
1738591560,1.0274,1.02765,1.0274,1.0275,636,1045.45,0,419,0,202,419,-217,202,585868
1738591740,1.0275,1.02775,1.02725,1.02775,875,1028.5,0,363,-80,363,619,-256,363,585868
1738591920,1.02775,1.0282,1.02775,1.0281,667,989.75,0,667,0,667,667,0,667,585868
1738592100,1.0282,1.02855,1.02815,1.0285,789,937.7,0,416,0,319,554,-235,319,585868
1738592280,1.0286,1.02865,1.0277,1.0277,1305,925.2,0,0,-1305,-1305,0,-1305,-1305,585868
1738592460,1.0277,1.02795,1.0276,1.02795,513,874.2,0,91,-211,91,302,-211,91,585868
1738592640,1.02795,1.02845,1.02795,1.02835,1013,873.4,0,320,-109,155,584,-429,155,585868
1738592820,1.0283,1.0283,1.02795,1.0281,350,866,0,0,-243,-136,107,-243,-136,585868
1738593000,1.0281,1.02825,1.02755,1.02785,1068,862.8,0,0,-1068,-1068,0,-1068,-1068,585868
1738593180,1.0279,1.02845,1.0279,1.02815,1224,844.7,0,853,0,482,853,-371,482,585868
1738593360,1.02815,1.02825,1.0273,1.02755,1035,868.1,0,0,-632,-229,403,-632,-229,585868
1738593540,1.02755,1.02795,1.02755,1.0278,521,803.55,0,148,-106,13,267,-254,13,585868
1738593720,1.0278,1.0281,1.0278,1.02805,495,767.8,0,495,0,495,495,0,495,585868
1738593900,1.028,1.028,1.02745,1.0276,1321,786.3,0,0,-870,-419,451,-870,-419,585868
1738594080,1.0276,1.02765,1.02685,1.02695,1190,823.5,0,0,-1190,-1190,0,-1190,-1190,585868
1738594260,1.02695,1.0273,1.0269,1.0272,1022,842.5,0,1022,0,1022,1022,0,1022,585868
1738594440,1.0272,1.0273,1.02675,1.02695,709,856.7,0,0,-709,-709,0,-709,-709,585868
1738594620,1.027,1.0273,1.0269,1.0272,592,854.05,0,592,0,592,592,0,592,585868
1738594800,1.027,1.027,1.02605,1.02675,2220,925.5,0,0,-1757,-1294,463,-1757,-1294,585868
1738594980,1.0268,1.02715,1.026,1.02685,3203,1037.4,0,2653,-132,2653,2928,-275,2653,585868
1738595160,1.0269,1.0274,1.0268,1.0273,1492,1080.2,0,1492,0,1492,1492,0,1492,585868
1738595340,1.02735,1.02795,1.02735,1.02795,1298,1101.35,0,1298,0,1298,1298,0,1298,585868
1738595520,1.02795,1.028,1.02745,1.02755,814,1108.7,0,0,-701,-588,113,-701,-588,585868
1738595700,1.0275,1.02805,1.02745,1.02805,1210,1129.75,0,788,-211,788,999,-211,788,585868
1738595880,1.02805,1.0281,1.0277,1.02785,1214,1125.2,0,0,-931,-648,283,-931,-648,585868
1738596060,1.0278,1.03155,1.0274,1.0311,14138,1806.45,0,14138,0,14138,14138,0,14138,585868
1738596240,1.0311,1.03415,1.03095,1.0321,12422,2376.9,0,5515,-1392,-1392,5515,-6907,-1392,585868
1738596420,1.0321,1.0325,1.03125,1.03225,3632,2541,0,1404,-1114,1404,2518,-1114,1404,585868
1738596600,1.03225,1.03375,1.0318,1.03215,3466,2660.9,0,2517,0,1568,2517,-949,1568,585868
1738596780,1.03215,1.03355,1.03205,1.0334,3178,2758.6,0,3178,0,3178,3178,0,3178,585868
1738596960,1.0334,1.0343,1.0327,1.0327,3848,2899.25,0,1271,-1306,-1306,1271,-2577,-1306,585868
1738597140,1.0327,1.03385,1.03195,1.0332,3402,3043.3,0,146,-1628,146,1774,-1628,146,585868
1738597320,1.0331,1.03565,1.0331,1.0348,5808,3308.95,0,2536,0,1734,3771,-2037,1734,585868
1738597500,1.0348,1.03485,1.0331,1.0332,2159,3350.85,0,0,-2159,-2159,0,-2159,-2159,585868
1738597680,1.03325,1.0343,1.0329,1.0342,2710,3426.85,0,1202,-754,1202,1956,-754,1202,585868
1738597860,1.03415,1.0346,1.03335,1.03375,2641,3507.8,0,0,-935,-935,853,-1788,-935,585868
1738598040,1.0337,1.034,1.0333,1.0335,2464,3595.55,0,0,-870,-780,842,-1622,-780,585868
1738598220,1.0335,1.03375,1.0331,1.03365,3611,3746.5,0,1633,-989,1633,2622,-989,1633,585868
1738598400,1.03365,1.03415,1.03325,1.03365,2705,3770.75,0,1522,0,339,1522,-1183,339,585868
1738598580,1.03365,1.0338,1.0314,1.0322,9115,4066.35,0,0,-6703,-6703,1206,-7909,-6703,585868
1738598760,1.0321,1.03315,1.03195,1.0328,3755,4179.5,0,2142,0,1841,2798,-957,1841,585868
1738598940,1.03275,1.0334,1.0324,1.03295,2042,4216.7,0,0,-1174,-1128,457,-1585,-1128,585868
1738599120,1.03295,1.0339,1.03295,1.0338,1566,4254.3,0,1566,0,1566,1566,0,1566,585868
1738599300,1.0338,1.03415,1.03355,1.03395,1840,4285.8,0,1840,0,1840,1840,0,1840,585868
1738599480,1.03395,1.0342,1.0333,1.03335,923,4271.25,0,0,-405,-405,259,-664,-405,585868
1738599660,1.0333,1.0335,1.03305,1.0335,1005,3614.6,0,0,-686,-367,319,-686,-367,585868
1738599840,1.03355,1.0338,1.0331,1.03315,715,3029.25,0,157,-401,-401,157,-558,-401,585868
1738600020,1.0331,1.0331,1.03195,1.03245,1752,2935.25,0,0,-1180,-608,572,-1180,-608,585868
1738600200,1.03245,1.0328,1.03225,1.0325,699,2796.9,0,515,0,331,515,-184,331,585868
1738600380,1.03265,1.03315,1.0325,1.03305,739,2674.95,0,195,-124,101,420,-319,101,585868
1738600560,1.033,1.03325,1.0324,1.03265,675,2516.3,0,61,-553,-553,61,-614,-553,585868
1738600740,1.03265,1.03305,1.03255,1.0327,456,2369,0,159,-138,-138,159,-297,-138,585868
1738600920,1.03265,1.0328,1.03235,1.0324,470,2102.1,0,0,-470,-470,0,-470,-470,585868
1738601100,1.03245,1.03255,1.0321,1.03215,683,2028.3,0,0,-683,-683,0,-683,-683,585868
1738601280,1.03205,1.0323,1.0314,1.03165,2490,2017.3,0,216,-1536,-1014,738,-1752,-1014,585868
1738601460,1.0316,1.03215,1.03145,1.0318,1410,1955.75,0,916,0,422,916,-494,422,585868
1738601640,1.0318,1.03185,1.03025,1.0313,5468,2105.95,0,0,-5468,-5468,0,-5468,-5468,585868
1738601820,1.0312,1.0314,1.02935,1.02965,6736,2262.2,0,0,-6736,-6736,0,-6736,-6736,585868
1738602000,1.02955,1.0307,1.0292,1.0295,3373,2295.6,0,1850,0,327,1850,-1523,327,585868
1738602180,1.02955,1.03065,1.02945,1.03065,1419,1910.8,0,1419,0,1419,1419,0,1419,585868
1738602360,1.03065,1.03065,1.03,1.0301,463,1746.2,0,0,-330,-197,133,-330,-197,585868
1738602540,1.0301,1.0306,1.02995,1.0304,700,1679.1,0,155,-260,-130,285,-415,-130,585868
1738602720,1.03035,1.03095,1.03035,1.03035,569,1629.25,0,208,-153,-153,208,-361,-153,585868
1738602900,1.0303,1.0304,1.0299,1.03,342,1554.35,0,0,-342,-342,0,-342,-342,585868
1738603080,1.03005,1.0302,1.0299,1.02995,337,1525.05,0,0,-267,-267,35,-302,-267,585868
1738603260,1.0299,1.0303,1.02975,1.03025,535,1501.55,0,347,0,347,441,-94,347,585868
1738603440,1.03025,1.03065,1.03,1.0306,339,1482.75,0,339,0,339,339,0,339,585868
1738603620,1.03055,1.0308,1.0305,1.0306,289,1409.6,0,210,0,131,210,-79,131,585868
1738603800,1.0306,1.03095,1.0305,1.03075,407,1395,0,290,0,173,290,-117,173,585868
1738603980,1.0308,1.0308,1.03035,1.0306,383,1377.2,0,0,-383,-383,0,-383,-383,585868
1738604160,1.0306,1.03085,1.03045,1.0305,563,1371.6,0,124,-315,-315,124,-439,-315,585868
1738604340,1.0305,1.03055,1.03015,1.03035,338,1365.7,0,0,-228,-118,110,-228,-118,585868
1738604520,1.0304,1.0307,1.0303,1.03045,469,1365.65,0,282,0,95,282,-187,95,585868
1738604700,1.0304,1.03055,1.0302,1.03025,559,1359.45,0,175,-209,-209,175,-384,-209,585868
1738604880,1.03025,1.03085,1.03025,1.03085,439,1256.9,0,439,0,439,439,0,439,585868
1738605060,1.0309,1.031,1.0307,1.03075,412,1207,0,127,-158,-158,127,-285,-158,585868
1738605240,1.03085,1.03225,1.0291,1.03035,12652,1566.2,0,896,-5878,896,6774,-5878,896,585868
1738605420,1.03035,1.03055,1.0292,1.03,3217,1390.25,0,0,-1575,-1575,821,-2396,-1575,585868
1738605600,1.02995,1.03,1.0289,1.02985,1902,1316.7,0,1326,-288,1326,1614,-288,1326,585868
1738605780,1.02985,1.0306,1.0295,1.03015,797,1285.6,0,656,0,515,656,-141,515,585868
1738605960,1.03015,1.03075,1.0298,1.03,1024,1313.65,0,0,-809,-704,160,-864,-704,585868
1738606140,1.02995,1.02995,1.02955,1.02995,306,1293.95,0,0,-234,-162,72,-234,-162,585868
1738606320,1.0299,1.03085,1.0299,1.0303,1288,1329.9,0,1208,0,1128,1208,-80,1128,585868
1738606500,1.0303,1.03065,1.03015,1.0306,615,1343.55,0,279,-168,279,447,-168,279,585868
1738606680,1.03055,1.03075,1.03025,1.0306,428,1348.1,0,0,-333,-238,95,-333,-238,585868
1738606860,1.03065,1.03065,1.03015,1.03015,203,1331.5,0,31,-60,-21,91,-112,-21,585868
1738607040,1.0302,1.0305,1.03015,1.0302,150,1322.05,0,124,0,98,124,-26,98,585868
1738607220,1.03015,1.03025,1.0299,1.02995,185,1316.85,0,7,-63,-63,61,-124,-63,585868
1738607400,1.03,1.0302,1.0297,1.0301,292,1311.1,0,92,-100,92,192,-100,92,585868
1738607580,1.03005,1.03005,1.02985,1.02995,180,1300.95,0,86,-47,86,133,-47,86,585868
1738607760,1.02995,1.02995,1.0296,1.02975,339,1289.75,0,157,-91,157,248,-91,157,585868
1738607940,1.0298,1.02985,1.02955,1.0297,353,1290.5,0,138,0,123,238,-115,123,585868
1738608120,1.02965,1.02975,1.0294,1.02975,319,1283,0,25,-147,25,172,-147,25,585868
1738608300,1.02975,1.02975,1.0295,1.02975,280,1269.05,0,172,-54,172,226,-54,172,585868
1738608480,1.0298,1.02995,1.02965,1.02965,237,1258.95,0,66,-105,-105,66,-171,-105,585868
1738608660,1.02965,1.0298,1.0296,1.02975,150,1245.85,0,40,-55,40,95,-55,40,585868
1738608840,1.0298,1.0299,1.0297,1.02975,154,620.95,0,97,0,40,97,-57,40,585868
1738609020,1.02975,1.03,1.02975,1.0298,205,470.35,0,141,0,77,141,-64,77,585868
1738609200,1.02985,1.0303,1.02985,1.03025,355,393,0,355,0,355,355,0,355,585868
1738609380,1.03025,1.03045,1.03025,1.03045,265,366.4,0,265,0,265,265,0,265,585868
1738609560,1.0305,1.03055,1.03025,1.0303,233,326.85,0,109,-15,-15,109,-124,-15,585868
1738609740,1.03025,1.0307,1.03025,1.03065,181,320.6,0,181,0,181,181,0,181,585868
1738609920,1.03065,1.0311,1.03065,1.0311,280,270.2,0,280,0,280,280,0,280,585868
1738610100,1.03105,1.0313,1.03105,1.0311,609,269.9,0,184,-241,-241,184,-425,-241,585868
1738610280,1.03115,1.03165,1.031,1.0316,1434,320.2,0,126,-654,126,780,-654,126,585868
1738610460,1.03155,1.03165,1.03135,1.03165,427,331.4,0,0,-247,-67,180,-247,-67,585868
1738610640,1.03165,1.03175,1.0314,1.03145,533,350.55,0,112,-309,-309,112,-421,-309,585868
1738610820,1.0314,1.0314,1.0312,1.03125,163,349.45,0,0,-163,-163,0,-163,-163,585868
1738611000,1.0312,1.0314,1.0309,1.03095,526,361.15,0,95,-336,-336,95,-431,-336,585868
1738611180,1.03095,1.03105,1.0306,1.0306,407,372.5,0,0,-407,-407,0,-407,-407,585868
1738611360,1.0306,1.03085,1.0306,1.0308,414,376.25,0,136,-7,128,271,-143,128,585868
1738611540,1.0308,1.03085,1.03065,1.03065,404,378.8,0,129,-146,-146,129,-275,-146,585868
1738611720,1.0307,1.0308,1.0306,1.0307,462,385.95,0,214,0,176,319,-143,176,585868
1738611900,1.0307,1.03075,1.03055,1.03075,397,391.8,0,35,-181,35,216,-181,35,585868
1738612080,1.0308,1.03085,1.0306,1.0307,434,401.65,0,0,-434,-434,0,-434,-434,585868
1738612260,1.0307,1.031,1.0307,1.0309,407,414.5,0,248,0,245,326,-81,245,585868
1738612440,1.03085,1.031,1.03055,1.0306,555,434.55,0,230,-95,-95,230,-325,-95,585868
1738612620,1.0306,1.03065,1.0303,1.03045,1880,518.3,0,0,-1880,-1880,0,-1880,-1880,585868
1738612800,1.03045,1.0307,1.0303,1.0306,879,544.5,0,715,0,711,795,-84,711,585868
1738612980,1.0306,1.0308,1.03055,1.03075,85,535.5,0,85,0,85,85,0,85,585868
1738613160,1.0307,1.03095,1.03065,1.03085,298,538.75,0,56,-74,-38,130,-168,-38,585868
1738613340,1.03095,1.03115,1.03095,1.03115,412,550.3,0,412,0,412,412,0,412,585868
1738613520,1.03105,1.0313,1.031,1.0312,162,544.4,0,162,0,162,162,0,162,585868
1738613700,1.0312,1.0315,1.0312,1.0315,196,523.75,0,196,0,196,196,0,196,585868
1738613880,1.0315,1.0317,1.03135,1.0316,321,468.1,0,241,-40,241,281,-40,241,585868
1738614060,1.0316,1.03165,1.0315,1.03165,192,456.35,0,192,0,192,192,0,192,585868
1738614240,1.03165,1.03165,1.03145,1.0315,295,444.45,0,108,-79,-79,108,-187,-79,585868
1738614420,1.03145,1.0316,1.0314,1.03155,195,446.05,0,171,0,171,183,-12,171,585868
1738614600,1.03155,1.0317,1.03145,1.03165,497,444.6,0,338,0,331,414,-83,331,585868
1738614780,1.0317,1.0317,1.0315,1.03155,122,430.35,0,0,-122,-122,0,-122,-122,585868
1738614960,1.0316,1.03195,1.03155,1.0318,614,440.35,0,614,0,614,614,0,614,585868
1738615140,1.03175,1.0318,1.03155,1.0317,251,432.7,0,0,-158,-65,93,-158,-65,585868
1738615320,1.0317,1.0318,1.0316,1.03165,149,417.05,0,67,-15,-15,67,-82,-15,585868
1738615500,1.0317,1.0318,1.03165,1.03165,403,417.35,0,54,-295,-295,54,-349,-295,585868
1738615680,1.03165,1.03185,1.0315,1.0316,577,424.5,0,0,-368,-357,110,-467,-357,585868
1738615860,1.0316,1.03165,1.0314,1.03155,473,427.8,0,336,-7,213,343,-130,213,585868
1738616040,1.03155,1.03155,1.0314,1.03145,113,405.7,0,0,-113,-113,0,-113,-113,585868
1738616220,1.03145,1.03185,1.03135,1.03155,980,360.7,0,116,-644,-644,168,-812,-644,585868
1738616400,1.03155,1.0316,1.0314,1.0315,442,338.85,0,0,-373,-304,69,-373,-304,585868
1738616580,1.03145,1.03145,1.03135,1.03145,77,338.45,0,53,-12,53,65,-12,53,585868
1738616760,1.03145,1.03145,1.03135,1.0314,28,324.95,0,0,-28,-28,0,-28,-28,585868
1738616940,1.03145,1.03155,1.0313,1.03135,112,309.95,0,15,-82,-82,15,-97,-82,585868
1738617120,1.03135,1.0314,1.0313,1.0314,125,308.1,0,21,-52,21,73,-52,21,585868
1738617300,1.0314,1.0315,1.03135,1.03145,20,299.3,0,16,-2,16,18,-2,16,585868
1738617480,1.0315,1.03325,1.0314,1.0325,3023,434.4,0,3023,0,3023,3023,0,3023,585868
1738617660,1.03255,1.0326,1.0322,1.03235,419,445.75,0,0,-364,-309,55,-364,-309,585868
1738617840,1.0324,1.0325,1.03225,1.03245,100,436,0,0,-71,-42,29,-71,-42,585868
1738618020,1.03235,1.0328,1.03235,1.0328,266,439.55,0,266,0,266,266,0,266,585868
1738618200,1.03275,1.03295,1.03265,1.03295,141,421.75,0,17,-62,17,79,-62,17,585868
1738618380,1.0329,1.0332,1.0329,1.03305,410,436.15,0,171,-68,-68,171,-239,-68,585868
1738618560,1.03305,1.03555,1.03305,1.03545,5933,702.1,0,5933,0,5933,5933,0,5933,585868
1738618740,1.03545,1.03655,1.03525,1.03645,1604,769.75,0,1604,0,1604,1604,0,1604,585868
1738618920,1.03645,1.0372,1.0359,1.0359,1503,837.45,0,614,-275,-275,614,-889,-275,585868
1738619100,1.03585,1.03705,1.03575,1.0366,834,859,0,634,0,434,634,-200,434,585868
1738619280,1.03645,1.0366,1.03615,1.0362,315,845.9,0,0,-315,-315,0,-315,-315,585868
1738619460,1.0362,1.03635,1.03525,1.03555,468,845.65,0,0,-411,-354,57,-411,-354,585868
1738619640,1.03555,1.03615,1.03545,1.0359,255,852.75,0,136,0,17,136,-119,17,585868
1738619820,1.03595,1.0365,1.0359,1.03645,147,811.1,0,147,0,147,147,0,147,593257
1738623600,1.03645,1.03645,1.036,1.0361,682,823.1,0,0,-682,-682,0,-682,-682,593257
1738623780,1.03605,1.03655,1.03605,1.0364,354,836.95,0,354,0,354,354,0,354,593257
1738623960,1.03635,1.0366,1.03625,1.03645,328,851.95,0,48,-134,-134,97,-231,-134,593257
1738624140,1.0365,1.03715,1.03645,1.03695,578,875.25,0,339,0,190,384,-194,190,593257
1738624320,1.0369,1.0369,1.03655,1.03655,186,878.3,0,0,-186,-186,0,-186,-186,593257
1738624500,1.03655,1.0366,1.0364,1.0365,123,883.45,0,9,-59,-59,32,-91,-59,593257
1738624680,1.03645,1.03645,1.0359,1.0361,619,763.25,0,0,-316,-13,303,-316,-13,593257
1738624860,1.03605,1.03605,1.0358,1.0359,145,749.55,0,0,-113,-81,32,-113,-81,593257
1738625040,1.03595,1.036,1.03565,1.03585,309,760,0,0,-194,-79,115,-194,-79,593257
1738625220,1.03585,1.03585,1.0356,1.0358,165,754.95,0,0,-114,-63,51,-114,-63,593257
1738625400,1.0358,1.03585,1.03545,1.0355,281,761.95,0,0,-281,-281,0,-281,-281,593257
1738625580,1.0355,1.03555,1.0353,1.0353,202,751.55,0,0,-202,-202,0,-202,-202,593257
1738625760,1.03535,1.03535,1.03525,1.0353,140,461.9,0,0,-140,-140,0,-140,-140,593257
1738625940,1.0353,1.03535,1.03515,1.0352,168,390.1,0,0,-168,-168,0,-168,-168,593257
1738626120,1.03525,1.03535,1.0351,1.03515,188,324.35,0,0,-105,-102,43,-145,-102,593257
1738626300,1.03515,1.0352,1.0348,1.0348,268,296.05,0,0,-268,-268,0,-268,-268,593257
1738626480,1.0348,1.03525,1.0348,1.035,273,293.95,0,167,0,125,199,-74,125,593257
1738626660,1.035,1.0351,1.0349,1.03505,152,278.15,0,94,-29,94,123,-29,94,593257
1738626840,1.03505,1.03505,1.03475,1.03475,142,272.5,0,0,-142,-142,0,-142,-142,593257
1738627020,1.03475,1.0348,1.0346,1.03475,133,271.8,0,0,-81,-29,52,-81,-29,593257
1738627200,1.0348,1.0351,1.03475,1.03475,273,251.35,0,159,0,45,159,-114,45,593257
1738627380,1.0347,1.03475,1.0344,1.03445,213,244.3,0,0,-213,-213,0,-213,-213,593257
1738627560,1.0344,1.03445,1.0342,1.0342,288,242.3,0,0,-288,-288,0,-288,-288,593257
1738627740,1.03425,1.0343,1.03405,1.0341,239,225.35,0,58,-123,-123,58,-181,-123,593257
1738627920,1.03415,1.03425,1.0341,1.0342,198,225.95,0,0,-151,-104,47,-151,-104,593257
1738628100,1.03425,1.03445,1.0342,1.0343,257,232.65,0,214,0,171,214,-43,171,593257
1738628280,1.0343,1.03435,1.03415,1.03415,256,214.5,0,0,-256,-256,0,-256,-256,593257
1738628460,1.03415,1.03445,1.0341,1.03445,245,219.5,0,163,-41,163,204,-41,163,593257
1738628640,1.0344,1.0344,1.03415,1.0343,239,216,0,0,-134,-29,105,-134,-29,593257
1738628820,1.0343,1.03435,1.0342,1.03425,160,215.75,0,100,0,40,100,-60,40,593257
1738629000,1.03425,1.03435,1.03405,1.0342,448,224.1,0,0,-309,-286,81,-367,-286,593257
1738629180,1.03415,1.0343,1.03405,1.0341,124,220.2,0,29,-29,8,66,-58,8,593257
1738629360,1.03415,1.03415,1.03385,1.03395,286,227.5,0,0,-181,-76,105,-181,-76,593257
1738629540,1.034,1.034,1.0337,1.03395,281,233.15,0,0,-154,-27,127,-154,-27,593257
1738629720,1.0339,1.034,1.0339,1.03395,94,228.45,0,73,0,52,73,-21,52,593257
1738629900,1.03395,1.034,1.0337,1.03375,107,220.4,0,0,-107,-107,0,-107,-107,593257
1738630080,1.0337,1.03375,1.0336,1.0337,143,213.9,0,55,-5,55,99,-44,55,593257
1738630260,1.0337,1.03385,1.03365,1.0338,223,217.45,0,223,0,223,223,0,223,593257
1738630440,1.03375,1.03395,1.0337,1.03375,223,221.5,0,76,-71,-71,76,-147,-71,593257
1738630620,1.0337,1.03375,1.03365,1.03375,82,218.95,0,0,-64,-46,18,-64,-46,593257
1738630800,1.03375,1.0338,1.0336,1.03365,210,215.8,0,0,-114,-90,60,-150,-90,593257
1738630980,1.0337,1.0338,1.0335,1.0337,186,214.45,0,0,-121,-56,65,-121,-56,593257
1738631160,1.0337,1.0337,1.0335,1.03355,112,205.65,0,0,-53,-28,42,-70,-28,593257
1738631340,1.03355,1.0337,1.0331,1.03315,443,215.85,0,37,-369,-369,37,-406,-369,593257
1738631520,1.0331,1.03335,1.03305,1.03315,372,224.55,0,244,0,244,308,-64,244,593257
1738631700,1.0332,1.0335,1.0332,1.0333,261,224.75,0,198,0,135,198,-63,135,593257
1738631880,1.03325,1.0333,1.03295,1.033,496,236.75,0,0,-429,-362,67,-429,-362,593257
1738632060,1.03295,1.03305,1.0328,1.03285,320,240.5,0,38,-128,-128,96,-224,-128,593257
1738632240,1.03295,1.03335,1.0329,1.0333,298,243.45,0,298,0,298,298,0,298,593257
1738632420,1.03335,1.03365,1.03325,1.03355,189,244.9,0,189,0,189,189,0,189,593257
1738632600,1.03355,1.03355,1.0333,1.0333,232,234.1,0,0,-232,-232,0,-232,-232,593257
1738632780,1.0333,1.03335,1.0332,1.03325,93,232.55,0,0,-93,-93,0,-93,-93,593257
1738632960,1.0333,1.03335,1.033,1.03325,212,228.85,0,0,-181,-150,31,-181,-150,593257
1738633140,1.03325,1.0335,1.03315,1.0335,90,219.3,0,0,-53,-16,37,-53,-16,593257
1738633320,1.0335,1.0338,1.03335,1.0337,183,223.75,0,83,-50,83,133,-50,83,593257
1738633500,1.03365,1.03395,1.03365,1.03385,170,226.9,0,136,-17,136,153,-17,136,593257
1738633680,1.03385,1.03395,1.03375,1.03385,113,225.4,0,36,-41,-41,36,-77,-41,593257
1738633860,1.03385,1.0341,1.0338,1.0341,101,219.3,0,101,0,101,101,0,101,593257
1738634040,1.0341,1.0342,1.034,1.03415,167,216.5,0,167,0,167,167,0,167,593257
1738634220,1.03415,1.03425,1.0341,1.03415,120,218.4,0,80,0,40,80,-40,40,593257
1738634400,1.03415,1.03415,1.03385,1.03395,135,214.65,0,0,-121,-107,14,-121,-107,593257
1738634580,1.03395,1.0342,1.0339,1.0342,81,209.4,0,81,0,81,81,0,81,593257
1738634760,1.0342,1.0343,1.0341,1.03425,159,211.75,0,63,-48,63,111,-48,63,593257
1738634940,1.0342,1.0343,1.0341,1.03425,128,196,0,72,0,72,100,-28,72,593257
1738635120,1.0342,1.03425,1.03405,1.03415,97,182.25,0,47,0,47,72,-25,47,593257
1738635300,1.03405,1.03405,1.0338,1.03385,102,174.3,0,0,-102,-102,0,-102,-102,593257
1738635480,1.0338,1.03385,1.0337,1.0337,97,154.35,0,31,-35,-35,31,-66,-35,593257
1738635660,1.0337,1.0337,1.0336,1.0337,74,142.05,0,0,-55,-36,19,-55,-36,593257
1738635840,1.0337,1.0338,1.03365,1.03375,100,132.15,0,58,0,16,58,-42,16,593257
1738636020,1.03375,1.03395,1.0337,1.0338,105,127.95,0,79,0,53,79,-26,53,593257
1738636200,1.03375,1.03395,1.0336,1.0337,125,122.6,0,20,-85,-85,20,-105,-85,593257
1738636380,1.03375,1.03395,1.03375,1.03385,128,124.35,0,94,0,60,94,-34,60,593257
1738636560,1.03385,1.03395,1.0337,1.0337,58,116.65,0,34,0,10,34,-24,10,593257
1738636740,1.0338,1.0339,1.03365,1.0338,122,118.25,0,44,-12,10,66,-56,10,593257
1738636920,1.03375,1.03385,1.03365,1.03375,139,116.05,0,83,-28,83,111,-28,83,593257
1738637100,1.0338,1.034,1.0338,1.034,93,112.2,0,93,0,93,93,0,93,593257
1738637280,1.034,1.03425,1.034,1.03425,270,120.05,0,230,0,230,250,-20,230,593257
1738637460,1.03425,1.03435,1.03425,1.03425,213,125.65,0,159,0,105,159,-54,105,593257
1738637640,1.03425,1.03435,1.0341,1.03415,67,120.65,0,16,-35,-35,16,-51,-35,593257
1738637820,1.0342,1.03425,1.03415,1.03415,83,118.8,0,37,-9,-9,37,-46,-9,593257
1738638000,1.03415,1.03435,1.03415,1.03415,93,116.7,0,29,-35,-35,29,-64,-35,593257
1738638180,1.03415,1.0342,1.034,1.0341,91,117.2,0,0,-91,-91,0,-91,-91,593257
1738638360,1.0341,1.0344,1.0341,1.03425,83,113.4,0,67,0,51,67,-16,51,593257
1738638540,1.03425,1.03425,1.0342,1.03425,44,109.2,0,0,-40,-36,4,-40,-36,593257
1738638720,1.03425,1.03425,1.0341,1.0341,88,108.75,0,0,-88,-88,0,-88,-88,593257
1738638900,1.03405,1.0341,1.034,1.0341,31,105.2,0,0,-20,-9,11,-20,-9,593257
1738639080,1.0341,1.03415,1.0339,1.034,45,102.6,0,0,-37,-29,8,-37,-29,593257
1738639260,1.03405,1.03405,1.0338,1.03385,91,103.45,0,0,-91,-91,0,-91,-91,593257
1738639440,1.03385,1.034,1.03385,1.034,61,101.5,0,21,-20,21,41,-20,21,593257
1738639620,1.034,1.034,1.03395,1.03395,25,97.5,0,5,-15,-15,5,-20,-15,593257
1738639800,1.0339,1.03395,1.03365,1.03365,111,96.8,0,0,-111,-111,0,-111,-111,593257
1738639980,1.0336,1.0337,1.0335,1.0337,63,93.55,0,0,-43,-23,20,-43,-23,593257
1738640160,1.0337,1.03375,1.0336,1.0336,66,93.95,0,36,0,6,36,-30,6,593257
1738640340,1.0335,1.0335,1.03315,1.0332,114,93.55,0,0,-114,-114,0,-114,-114,593257
1738640520,1.03315,1.0333,1.03315,1.0332,160,94.6,0,160,0,160,160,0,160,593257
1738640700,1.03325,1.03335,1.03325,1.03325,50,92.45,0,40,0,30,40,-10,30,593257
1738640880,1.03325,1.0334,1.0332,1.03335,127,85.3,0,45,-41,45,86,-41,45,593257
1738641060,1.0334,1.0335,1.0334,1.0335,68,78.05,0,68,0,68,68,0,68,593257
1738641240,1.03345,1.0335,1.0334,1.0335,80,78.7,0,0,-45,-10,35,-45,-10,593257
1738641420,1.0335,1.03355,1.03335,1.03345,76,78.35,0,0,-36,-36,20,-56,-36,593257
1738641600,1.03345,1.03345,1.0333,1.0334,106,79,0,6,-50,6,56,-50,6,593257
1738641780,1.03335,1.03335,1.0332,1.03325,58,77.35,0,0,-58,-58,0,-58,-58,593257
1738641960,1.03325,1.0333,1.03315,1.03315,86,77.5,0,0,-54,-54,16,-70,-54,593257
1738642140,1.0332,1.03325,1.03305,1.03315,78,79.2,0,0,-60,-60,9,-69,-60,593257
1738642320,1.0332,1.0334,1.03315,1.03335,89,79.25,0,89,0,89,89,0,89,593257
1738642500,1.0334,1.0334,1.03325,1.03325,79,81.65,0,29,-21,-21,29,-50,-21,593257
1738642680,1.03325,1.03335,1.0332,1.03325,50,81.9,0,0,-34,-34,8,-42,-34,593257
1738642860,1.0333,1.0334,1.03325,1.0334,42,79.45,0,42,0,42,42,0,42,593257
1738643040,1.0334,1.03345,1.03335,1.03335,218,87.3,0,0,-88,-64,77,-141,-64,593257
1738643220,1.0333,1.0334,1.03325,1.03335,38,87.95,0,14,-12,14,26,-12,14,593257
1738643400,1.03335,1.03335,1.03315,1.03315,68,85.8,0,0,-68,-68,0,-68,-68,593257
1738643580,1.0331,1.0333,1.0331,1.0332,49,85.1,0,49,0,49,49,0,49,593257
1738643760,1.03325,1.0333,1.0332,1.0332,31,83.35,0,7,-17,-17,7,-24,-17,593257
1738643940,1.0332,1.03325,1.033,1.03315,78,81.55,0,0,-45,-12,33,-45,-12,593257
1738644120,1.0332,1.0333,1.03315,1.0333,57,76.4,0,57,0,57,57,0,57,593257
1738644300,1.03325,1.0333,1.0331,1.03315,39,75.85,0,6,-27,-27,6,-33,-27,593257
1738644480,1.03315,1.03315,1.03295,1.03295,49,71.95,0,0,-49,-49,0,-49,-49,593257
1738644660,1.0329,1.03295,1.03265,1.03275,179,77.5,0,0,-92,-5,87,-92,-5,593257
1738644840,1.03275,1.0328,1.03255,1.03255,160,81.5,0,16,-128,-128,16,-144,-128,593257
1738645020,1.0326,1.0328,1.0326,1.0326,92,82.3,0,52,0,12,52,-40,12,593257
1738645200,1.03255,1.03255,1.03195,1.0321,786,116.3,0,32,-377,32,409,-377,32,593257
1738645380,1.0321,1.0324,1.03105,1.03135,1493,188.05,0,307,-879,-879,307,-1186,-879,593257
1738645560,1.03135,1.03135,1.02975,1.02985,2335,300.5,0,0,-2335,-2335,0,-2335,-2335,593257
1738645740,1.0299,1.03035,1.0292,1.0293,1036,348.4,0,360,-316,-316,360,-676,-316,593257
1738645920,1.02935,1.03005,1.02935,1.0299,973,392.6,0,973,0,973,973,0,973,593257
1738646100,1.02995,1.03035,1.02965,1.03,574,417.35,0,383,0,192,383,-191,192,593257
1738646280,1.03,1.03025,1.02975,1.03005,413,435.5,0,31,-144,-63,175,-238,-63,593257
1738646460,1.0301,1.03015,1.02965,1.02965,321,449.45,0,0,-321,-321,0,-321,-321,593257
1738646640,1.0297,1.0304,1.0297,1.0304,487,462.9,0,487,0,487,487,0,487,593257
1738646820,1.0304,1.03065,1.03035,1.0306,357,478.85,0,279,0,201,279,-78,201,593257
1738647000,1.0306,1.0312,1.0305,1.031,688,509.85,0,688,0,688,688,0,688,593257
1738647180,1.031,1.0312,1.03085,1.0311,222,518.5,0,0,-139,-56,83,-139,-56,593257
1738647360,1.03105,1.03115,1.03095,1.03095,174,525.65,0,73,-28,-28,73,-101,-28,593257
1738647540,1.031,1.03135,1.03095,1.0313,183,530.9,0,83,0,83,133,-50,83,593257
1738647720,1.0313,1.0314,1.0311,1.03135,239,540,0,26,-73,-41,99,-140,-41,593257
1738647900,1.03135,1.03135,1.03115,1.0312,133,544.7,0,0,-69,-43,45,-88,-43,593257
1738648080,1.0313,1.03175,1.0311,1.03155,255,555,0,47,-104,47,151,-104,47,593257
1738648260,1.03155,1.0317,1.03145,1.0316,164,554.25,0,149,0,134,149,-15,134,593257
1738648440,1.0316,1.0316,1.0312,1.0312,211,556.8,0,0,-211,-211,0,-211,-211,593257
1738648620,1.0312,1.0313,1.0312,1.03125,66,555.5,0,66,0,66,66,0,66,593257
1738648800,1.0313,1.03175,1.0312,1.0317,417,537.05,0,273,-72,273,345,-72,273,593257
1738648980,1.0317,1.0317,1.03145,1.0315,166,470.7,0,0,-166,-166,0,-166,-166,593257
1738649160,1.0315,1.0316,1.03135,1.0316,114,359.65,0,14,-50,14,64,-50,14,593257
1738649340,1.0316,1.0317,1.0315,1.0316,214,318.55,0,42,-47,36,125,-89,36,593257
1738649520,1.0316,1.0317,1.03155,1.03165,165,278.15,0,0,-91,-91,37,-128,-91,593257
1738649700,1.03165,1.0317,1.0314,1.03145,114,255.15,0,0,-114,-114,0,-114,-114,593257
1738649880,1.0314,1.0316,1.0314,1.0315,161,242.55,0,119,0,77,119,-42,77,593257
1738650060,1.0315,1.0317,1.0315,1.03155,67,229.85,0,28,-11,-11,28,-39,-11,593257
1738650240,1.03155,1.0317,1.0315,1.03165,195,215.25,0,71,-62,71,133,-62,71,593257
1738650420,1.0316,1.0317,1.0314,1.03145,130,203.9,0,47,-36,-36,47,-83,-36,593257
1738650600,1.03145,1.03145,1.0312,1.0314,97,174.35,0,0,-69,-41,28,-69,-41,593257
1738650780,1.0314,1.0316,1.03135,1.03145,64,166.45,0,55,0,46,55,-9,46,593257
1738650960,1.03145,1.03165,1.0313,1.03135,112,163.35,0,40,-3,26,69,-43,26,593257
1738651140,1.03135,1.03145,1.03135,1.03135,94,158.9,0,25,-44,-44,25,-69,-44,593257
1738651320,1.03135,1.0316,1.03135,1.03145,177,155.8,0,148,0,119,148,-29,119,593257
1738651500,1.0314,1.0317,1.0314,1.0317,157,157,0,157,0,157,157,0,157,593257
1738651680,1.03175,1.0318,1.03155,1.03165,275,158,0,0,-275,-275,0,-275,-275,593257
1738651860,1.03165,1.03235,1.0316,1.03215,511,175.35,0,511,0,511,511,0,511,593257
1738652040,1.03215,1.0322,1.0321,1.0322,204,175,0,204,0,204,204,0,204,593257
1738652220,1.0322,1.03275,1.0322,1.0326,658,204.6,0,658,0,658,658,0,658,593257
1738652400,1.0326,1.03265,1.0322,1.03225,756,221.55,0,0,-553,-488,134,-622,-488,593257
1738652580,1.03225,1.03235,1.03205,1.0321,292,227.85,0,0,-292,-292,0,-292,-292,593257
1738652760,1.03205,1.0322,1.0319,1.03205,246,234.45,0,0,-157,-148,49,-197,-148,593257
1738652940,1.03205,1.03235,1.032,1.0323,166,232.05,0,48,-59,48,107,-59,48,593257
1738653120,1.0323,1.03265,1.03225,1.03245,343,240.95,0,78,-135,-83,130,-213,-83,593257
1738653300,1.0325,1.03265,1.03245,1.03255,376,254.05,0,140,-60,140,258,-118,140,593257
1738653480,1.03255,1.03285,1.03255,1.0327,535,272.75,0,248,-39,-39,248,-287,-39,593257
1738653660,1.0327,1.03275,1.0325,1.03265,351,286.95,0,31,-160,31,191,-160,31,593257
1738653840,1.03265,1.0328,1.0325,1.0326,392,296.8,0,231,0,70,231,-161,70,593257
1738654020,1.0326,1.0327,1.03245,1.03265,235,302.05,0,5,-115,5,120,-115,5,593257
1738654200,1.03265,1.0328,1.0326,1.0327,229,308.65,0,66,-39,19,124,-105,19,593257
1738654380,1.03275,1.03285,1.03265,1.03275,200,315.45,0,144,0,88,144,-56,88,593257
1738654560,1.0327,1.03315,1.03265,1.03315,279,323.8,0,279,0,279,279,0,279,593257
1738654740,1.03315,1.03345,1.0331,1.0333,438,341,0,257,0,76,257,-181,76,593257
1738654920,1.03325,1.03365,1.03315,1.03355,428,353.55,0,282,-73,282,355,-73,282,593257
1738655100,1.03355,1.03365,1.03335,1.0336,450,368.2,0,0,-227,-4,223,-227,-4,593257
1738655280,1.0336,1.0337,1.03355,1.0337,244,366.65,0,36,-104,36,140,-104,36,593257
1738655460,1.03365,1.0337,1.03305,1.03325,434,362.8,0,0,-328,-222,106,-328,-222,593257
1738655640,1.0332,1.03325,1.03305,1.03305,270,366.1,0,0,-270,-270,0,-270,-270,593257
1738655820,1.03305,1.0333,1.03295,1.0331,183,342.35,0,56,-8,55,119,-64,55,593257
1738656000,1.0331,1.0336,1.033,1.0336,1302,369.65,0,820,0,820,1061,-241,820,593257
1738656180,1.0336,1.03365,1.0331,1.03325,775,393.8,0,0,-553,-331,222,-553,-331,593257
1738656360,1.0332,1.0339,1.03285,1.0337,1182,440.6,0,0,-619,-56,563,-619,-56,593257
1738656540,1.0337,1.0337,1.0333,1.0334,732,468.9,0,0,-538,-344,194,-538,-344,593257
1738656720,1.03335,1.03395,1.0331,1.03395,671,485.3,0,51,-310,51,361,-310,51,593257
1738656900,1.03395,1.0343,1.0338,1.03425,882,510.6,0,882,0,882,882,0,882,593257
1738657080,1.03425,1.03435,1.03405,1.0341,549,511.3,0,89,-142,-87,231,-318,-87,593257
1738657260,1.0341,1.03535,1.0339,1.03475,1468,567.15,0,439,-346,-102,683,-785,-102,593257
1738657440,1.03475,1.03475,1.0345,1.0347,640,579.55,0,0,-421,-202,219,-421,-202,593257
1738657620,1.0347,1.0352,1.03465,1.03515,841,609.85,0,232,-115,147,494,-347,147,593257
1738657800,1.0351,1.0351,1.0347,1.0348,765,636.65,0,0,-462,-431,167,-598,-431,593257
1738657980,1.03485,1.03505,1.0347,1.03485,743,663.8,0,170,-403,-403,170,-573,-403,593257
1738658160,1.03485,1.03485,1.03435,1.0344,633,681.5,0,0,-633,-633,0,-633,-633,593257
1738658340,1.0344,1.0349,1.0344,1.03485,501,684.65,0,173,-48,59,280,-221,59,593257
1738658520,1.0348,1.03515,1.0348,1.03495,633,694.9,0,633,0,633,633,0,633,593257
1738658700,1.03495,1.03495,1.03455,1.03465,717,708.25,0,0,-412,-107,305,-412,-107,593257
1738658880,1.03465,1.03485,1.0343,1.0346,828,737.45,0,220,-118,220,524,-304,220,593257
1738659060,1.03455,1.0349,1.03445,1.0348,489,740.2,0,53,-218,53,271,-218,53,593257
1738659240,1.0348,1.03515,1.0348,1.03505,485,750.95,0,234,0,191,338,-147,191,593257
1738659420,1.03505,1.0355,1.0349,1.0354,729,778.25,0,389,-170,389,559,-170,389,593257
1738659600,1.0354,1.0358,1.03525,1.0353,1111,768.7,0,711,0,311,711,-400,311,593257
1738659780,1.0353,1.0358,1.0352,1.0357,582,759.05,0,582,0,582,582,0,582,593257
1738659960,1.03565,1.0361,1.03565,1.03605,427,721.3,0,427,0,427,427,0,427,593257
1738660140,1.03605,1.0364,1.03585,1.03635,606,715,0,606,0,606,606,0,606,593257
1738660320,1.0364,1.0365,1.03615,1.0362,638,713.35,0,242,0,176,407,-231,176,593257
1738660500,1.03615,1.03645,1.03605,1.0364,438,691.15,0,158,-140,158,298,-140,158,593257
1738660680,1.0364,1.0365,1.03635,1.03635,270,677.2,0,119,-32,-32,119,-151,-32,593257
1738660860,1.03635,1.03655,1.03635,1.0364,485,628.05,0,153,-179,-179,153,-332,-179,593257
1738661040,1.03635,1.0365,1.03625,1.0363,454,618.75,0,104,-246,-246,104,-350,-246,593257
1738661220,1.0363,1.03675,1.0363,1.0367,248,589.1,0,248,0,248,248,0,248,593257
1738661400,1.0367,1.0367,1.03645,1.03655,437,572.7,0,0,-305,-305,66,-371,-305,593257
1738661580,1.0366,1.0368,1.0364,1.03675,425,556.8,0,109,-158,109,267,-158,109,593257
1738661760,1.03675,1.03695,1.0366,1.03685,507,550.5,0,213,0,213,360,-147,213,593257
1738661940,1.03685,1.0369,1.03615,1.03615,524,551.65,0,0,-524,-524,0,-524,-524,593257
1738662120,1.0362,1.03635,1.03605,1.0362,191,529.55,0,59,-27,59,125,-66,59,593257
1738662300,1.03625,1.0366,1.03625,1.0364,269,507.15,0,228,0,187,228,-41,187,593257
1738662480,1.03635,1.03635,1.0359,1.03595,925,512,0,0,-925,-925,0,-925,-925,593257
1738662660,1.03595,1.036,1.03585,1.03595,398,507.45,0,0,-297,-196,101,-297,-196,593257
1738662840,1.03595,1.0364,1.0359,1.0364,338,500.1,0,338,0,338,338,0,338,593257
1738663020,1.03645,1.0365,1.0358,1.03585,444,485.85,0,0,-230,-230,107,-337,-230,593257
1738663200,1.0358,1.036,1.03565,1.03595,589,459.75,0,589,0,589,589,0,589,593257
1738663380,1.0359,1.0362,1.03585,1.0361,314,446.35,0,314,0,314,314,0,314,593257
1738663560,1.0361,1.03625,1.03595,1.03615,275,438.75,0,83,-35,39,157,-118,39,593257
1738663740,1.03615,1.0363,1.036,1.0363,206,418.75,0,88,-59,88,147,-59,88,593257
1738663920,1.03625,1.0363,1.03605,1.03615,194,396.55,0,0,-136,-78,58,-136,-78,593257
1738664100,1.0361,1.03615,1.03585,1.03595,228,386.05,0,20,-148,-148,40,-188,-148,593257
1738664280,1.036,1.036,1.03575,1.0359,303,387.7,0,0,-218,-133,85,-218,-133,593257
1738664460,1.03585,1.03605,1.03585,1.03605,365,381.7,0,365,0,365,365,0,365,593257
1738664640,1.03605,1.0361,1.0359,1.03605,154,366.7,0,154,0,154,154,0,154,593257
1738664820,1.0361,1.03615,1.03545,1.0356,408,374.7,0,0,-408,-408,0,-408,-408,593257
1738665000,1.0356,1.0356,1.0351,1.03515,484,377.05,0,0,-484,-484,0,-484,-484,593257
1738665180,1.0351,1.0352,1.03485,1.0351,360,373.8,0,0,-297,-234,63,-297,-234,593257
1738665360,1.03505,1.0351,1.03465,1.03465,283,362.6,0,0,-283,-283,0,-283,-283,593257
1738665540,1.03465,1.0348,1.03455,1.03455,287,350.75,0,102,-83,-83,102,-185,-83,593257
1738665720,1.03455,1.035,1.03455,1.035,301,356.25,0,301,0,301,301,0,301,593257
1738665900,1.035,1.03515,1.03495,1.0351,206,353.1,0,206,0,206,206,0,206,593257
1738666080,1.03505,1.03515,1.03485,1.03515,175,315.6,0,25,-75,25,100,-75,25,593257
1738666260,1.03515,1.03535,1.0351,1.0353,143,302.85,0,39,-32,39,91,-52,39,593257
1738666440,1.0353,1.03535,1.0352,1.03535,331,302.5,0,102,-32,63,197,-134,63,593257
1738666620,1.0353,1.0356,1.0353,1.0355,384,299.5,0,384,0,384,384,0,384,593257
1738666800,1.03545,1.03545,1.03515,1.03525,269,283.5,0,0,-269,-269,0,-269,-269,593257
1738666980,1.0352,1.0352,1.03485,1.0349,226,279.1,0,0,-162,-98,64,-162,-98,593257
1738667160,1.03485,1.03505,1.0347,1.03485,423,286.5,0,0,-227,-227,98,-325,-227,593257
1738667340,1.0349,1.0349,1.03455,1.03455,287,290.55,0,0,-287,-287,0,-287,-287,593257
1738667520,1.0346,1.03465,1.03445,1.03455,305,296.1,0,0,-250,-195,55,-250,-195,593257
1738667700,1.03455,1.0347,1.0344,1.0346,213,295.35,0,0,-123,-33,90,-123,-33,593257
1738667880,1.0346,1.0346,1.03435,1.0344,276,294,0,0,-276,-276,0,-276,-276,593257
1738668060,1.03435,1.03455,1.03425,1.0345,131,282.3,0,131,0,131,131,0,131,593257
1738668240,1.0345,1.03465,1.0344,1.0346,139,281.55,0,0,-101,-63,38,-101,-63,593257
1738668420,1.0346,1.0347,1.0343,1.03445,277,275,0,46,-185,-185,46,-231,-185,593257
1738668600,1.03445,1.03445,1.03425,1.03435,291,265.35,0,0,-163,-35,128,-163,-35,593257
1738668780,1.0344,1.03455,1.03435,1.03455,126,253.65,0,56,-35,56,91,-35,56,593257
1738668960,1.03455,1.03465,1.0345,1.0345,192,249.1,0,36,-120,-120,36,-156,-120,593257
1738669140,1.03455,1.0346,1.03445,1.0345,221,245.8,0,0,-221,-221,0,-221,-221,593257
1738669320,1.03455,1.0347,1.0345,1.03455,158,238.65,0,89,0,20,89,-69,20,593257
1738669500,1.03455,1.0346,1.0342,1.0346,523,254.5,0,0,-423,-323,100,-423,-323,593257
1738669680,1.03465,1.0347,1.03445,1.03445,255,258.5,0,51,-153,-153,51,-204,-153,593257
1738669860,1.03445,1.03475,1.0344,1.0344,186,260.65,0,57,-72,-72,57,-129,-72,593257
1738670040,1.0344,1.03445,1.03425,1.03435,291,258.65,0,0,-291,-291,0,-291,-291,593257
1738670220,1.0343,1.03435,1.03415,1.0342,303,254.6,0,0,-303,-303,0,-303,-303,593257
1738670400,1.03425,1.0343,1.03405,1.03415,467,264.5,0,0,-390,-313,77,-390,-313,593257
1738670580,1.0342,1.0342,1.034,1.03415,153,260.85,0,0,-112,-71,41,-112,-71,593257
1738670760,1.0342,1.03425,1.034,1.03415,261,252.75,0,83,-89,83,172,-89,83,593257
1738670940,1.0341,1.03425,1.03405,1.03415,165,246.65,0,10,-75,-75,45,-120,-75,593257
1738671120,1.0341,1.03435,1.03405,1.0341,207,241.75,0,140,0,73,140,-67,73,593257
1738671300,1.0341,1.03425,1.034,1.03415,272,244.7,0,0,-138,-138,67,-205,-138,593257
1738671480,1.03415,1.03445,1.03415,1.03425,252,243.5,0,134,0,16,134,-118,16,593257
1738671660,1.0342,1.0343,1.0341,1.03425,81,241,0,31,-25,31,56,-25,31,593257
1738671840,1.0342,1.0345,1.0342,1.0345,126,240.35,0,22,-34,14,70,-56,14,593257
1738672020,1.03445,1.03445,1.03435,1.03445,344,243.7,0,0,-187,-30,157,-187,-30,593257
1738672200,1.0345,1.03455,1.0343,1.0343,236,240.95,0,0,-236,-236,0,-236,-236,593257
1738672380,1.0343,1.0348,1.03425,1.03475,361,252.7,0,201,-80,201,281,-80,201,593257
1738672560,1.03475,1.03475,1.03455,1.03465,138,250,0,32,-23,32,85,-53,32,593257
1738672740,1.03465,1.03465,1.0344,1.03445,153,246.6,0,0,-111,-69,42,-111,-69,593257
1738672920,1.0344,1.0347,1.03435,1.0346,120,244.7,0,23,-30,-14,53,-67,-14,593257
1738673100,1.0346,1.03465,1.03445,1.03445,239,230.5,0,0,-239,-239,0,-239,-239,593257
1738673280,1.03445,1.0347,1.0344,1.03465,211,228.3,0,211,0,211,211,0,211,593257
1738673460,1.0346,1.0348,1.03455,1.0348,472,242.6,0,0,-290,-108,182,-290,-108,593257
1738673640,1.03475,1.0348,1.03465,1.03465,315,243.8,0,0,-315,-315,0,-315,-315,593257
1738673820,1.0347,1.0347,1.03445,1.0345,697,263.5,0,29,-228,-183,257,-440,-183,593257
1738674000,1.03455,1.03495,1.03435,1.0348,572,268.75,0,442,0,312,442,-130,312,593257
1738674180,1.03485,1.0353,1.03485,1.03515,568,289.5,0,437,0,306,437,-131,306,593257
1738674360,1.03515,1.0354,1.0351,1.0353,560,304.45,0,96,-368,-368,96,-464,-368,593257
1738674540,1.0353,1.03575,1.0353,1.03575,417,317.05,0,269,0,269,343,-74,269,593257
1738674720,1.0357,1.03585,1.0354,1.03555,368,325.1,0,212,0,56,212,-156,56,593257
1738674900,1.0356,1.0357,1.0354,1.0356,258,324.4,0,44,-107,44,151,-107,44,593257
1738675080,1.03565,1.03595,1.03515,1.0354,1102,366.9,0,69,-964,-964,69,-1033,-964,593257
1738675260,1.03545,1.03565,1.0352,1.03525,370,381.35,0,63,-244,-244,63,-307,-244,593257
1738675440,1.03525,1.03535,1.03515,1.03535,267,388.4,0,0,-198,-129,69,-198,-129,593257
1738675620,1.03535,1.03545,1.0352,1.03535,371,389.75,0,188,0,151,261,-110,151,593257
1738675800,1.03535,1.03535,1.035,1.03525,625,409.2,0,375,-125,375,500,-125,375,593257
1738675980,1.0353,1.0355,1.0353,1.0353,528,417.55,0,344,0,160,344,-184,160,593257
1738676160,1.0353,1.0354,1.03515,1.03515,404,430.85,0,85,-234,-234,85,-319,-234,593257
1738676340,1.0352,1.0353,1.03495,1.0352,526,449.5,0,227,0,214,370,-156,214,593257
1738676520,1.03515,1.03575,1.03515,1.0357,810,484,0,810,0,810,810,0,810,593257
1738676700,1.0357,1.0357,1.03535,1.03535,412,492.65,0,0,-205,-172,120,-292,-172,593257
1738676880,1.0354,1.0356,1.0352,1.0355,403,502.25,0,403,0,403,403,0,403,593257
1738677060,1.03555,1.0359,1.03555,1.0358,464,501.85,0,323,0,182,323,-141,182,593257
1738677240,1.0358,1.0358,1.0356,1.0357,490,510.6,0,0,-490,-490,0,-490,-490,593257
1738677420,1.0357,1.03605,1.0355,1.036,947,523.1,0,0,-570,-193,377,-570,-193,593257
1738677600,1.03605,1.03655,1.036,1.03635,1469,567.95,0,805,0,701,1085,-384,701,593257
1738677780,1.03635,1.03665,1.03625,1.0365,672,573.15,0,672,0,672,672,0,672,593257
1738677960,1.0365,1.0373,1.03645,1.03695,1740,632.15,0,1740,0,1740,1740,0,1740,593257
1738678140,1.03695,1.03725,1.03695,1.03715,1029,662.75,0,371,0,297,663,-366,297,593257
1738678320,1.0371,1.03755,1.03695,1.0373,926,690.65,0,537,0,148,537,-389,148,593257
1738678500,1.03735,1.0379,1.0372,1.03775,807,718.1,0,807,0,807,807,0,807,593257
1738678680,1.03775,1.03795,1.0371,1.0374,942,710.1,0,239,-464,-464,239,-703,-464,593257
1738678860,1.0374,1.03745,1.03695,1.03695,709,727.05,0,0,-709,-709,0,-709,-709,593257
1738679040,1.03695,1.03705,1.0366,1.03685,1194,773.4,0,0,-699,-626,284,-910,-626,593257
1738679220,1.03685,1.037,1.03655,1.03695,661,787.9,0,121,-270,121,391,-270,121,593257
1738679400,1.03695,1.037,1.03665,1.03665,580,785.65,0,53,-189,-96,242,-338,-96,593257
1738679580,1.03665,1.03685,1.0365,1.03655,808,799.65,0,213,-382,-382,213,-595,-382,593257
1738679760,1.0366,1.03685,1.03635,1.03685,910,824.95,0,910,0,910,910,0,910,593257
1738679940,1.03685,1.03725,1.0367,1.0371,870,842.15,0,870,0,870,870,0,870,593257
1738680120,1.03715,1.0372,1.03685,1.0371,886,845.95,0,428,-229,428,657,-229,428,593257
1738680300,1.0371,1.03735,1.0369,1.03715,915,871.1,0,551,0,187,551,-364,187,593257
1738680480,1.0372,1.0379,1.0372,1.0378,849,893.4,0,849,0,849,849,0,849,593257
1738680660,1.03775,1.03865,1.03765,1.0383,2692,1004.8,0,2692,0,2692,2692,0,2692,593257
1738680840,1.03835,1.0384,1.03805,1.03815,636,1012.1,0,0,-399,-162,237,-399,-162,593257
1738681020,1.03815,1.0383,1.03765,1.03795,2031,1066.3,0,789,-453,-453,789,-1242,-453,593257
1738681200,1.0379,1.0398,1.03785,1.03905,5935,1289.6,0,3518,0,3115,4525,-1410,3115,593257
1738681380,1.03905,1.0395,1.0387,1.03875,2508,1381.4,0,1140,-228,-228,1140,-1368,-228,593257
1738681560,1.0388,1.0388,1.0382,1.03845,2112,1400,0,0,-2112,-2112,0,-2112,-2112,593257
1738681740,1.03845,1.03855,1.0378,1.03815,1557,1426.4,0,0,-1076,-595,481,-1076,-595,593257
1738681920,1.0382,1.0389,1.0378,1.03785,4844,1622.3,0,3613,0,2382,3613,-1231,2382,593257
1738682100,1.0379,1.03885,1.0379,1.0388,1615,1662.7,0,1615,0,1615,1615,0,1615,593257
1738682280,1.03875,1.03945,1.03875,1.03925,1874,1709.3,0,1277,0,680,1277,-597,680,593257
1738682460,1.03925,1.0396,1.039,1.03915,1009,1724.3,0,0,-491,-491,259,-750,-491,593257
1738682640,1.03915,1.0397,1.03915,1.03965,1309,1730.05,0,514,-51,179,744,-565,179,593257
1738682820,1.0397,1.03975,1.03895,1.0391,1524,1773.2,0,0,-947,-370,577,-947,-370,593257
1738683000,1.0391,1.0395,1.0389,1.0395,1060,1797.2,0,1060,0,1060,1060,0,1060,593257
1738683180,1.0395,1.04015,1.03925,1.03995,1234,1818.5,0,676,-279,676,955,-279,676,593257
1738683360,1.03995,1.0405,1.03985,1.0403,2036,1874.8,0,1166,0,1166,1601,-435,1166,593257
1738683540,1.0403,1.04045,1.03985,1.04,1135,1888.05,0,0,-491,-491,322,-813,-491,593257
1738683720,1.04,1.0401,1.0398,1.03995,716,1879.55,0,0,-464,-212,252,-464,-212,593257
1738683900,1.0399,1.03995,1.0396,1.0399,1131,1890.35,0,257,-437,257,694,-437,257,593257
1738684080,1.0399,1.0402,1.03975,1.04015,1763,1936.05,0,959,-402,959,1361,-402,959,593257
1738684260,1.04015,1.04035,1.03995,1.0403,853,1844.1,0,183,-335,183,518,-335,183,593257
1738684440,1.0403,1.04065,1.0403,1.04035,1776,1901.1,0,807,-162,-162,807,-969,-162,593257
1738684620,1.04035,1.0404,1.03995,1.04005,1826,1890.85,0,0,-1205,-584,621,-1205,-584,593257
1738684800,1.04,1.0402,1.03995,1.0401,1901,1689.15,0,979,0,979,1440,-461,979,593257
1738684980,1.0401,1.04045,1.04005,1.0403,1149,1621.2,0,1149,0,1149,1149,0,1149,593257
1738685160,1.04025,1.04065,1.0402,1.04035,1898,1610.5,0,1455,0,1012,1455,-443,1012,593257
1738685340,1.04035,1.0406,1.0401,1.04015,634,1564.35,0,174,-286,-286,174,-460,-286,593257
1738685520,1.0402,1.0403,1.03965,1.03965,1130,1378.65,0,443,-244,-244,443,-687,-244,593257
1738685700,1.03965,1.04005,1.03965,1.04005,601,1327.95,0,601,0,601,601,0,601,593257
1738685880,1.04005,1.0402,1.0394,1.0396,961,1282.3,0,323,-315,-315,323,-638,-315,593257
1738686060,1.03965,1.03985,1.03945,1.03955,694,1266.55,0,181,-332,-332,181,-513,-332,593257
1738686240,1.0395,1.0397,1.0393,1.03945,642,1233.2,0,259,-124,-124,259,-383,-124,593257
1738686420,1.0394,1.04,1.0394,1.03985,671,1190.55,0,439,0,207,439,-232,207,593257
1738686600,1.0399,1.0399,1.0395,1.03955,690,1172.05,0,0,-690,-690,0,-690,-690,593257
1738686780,1.0395,1.03975,1.03945,1.0397,247,1122.7,0,107,0,107,177,-70,107,593257
1738686960,1.03975,1.0402,1.03975,1.0401,411,1041.45,0,411,0,411,411,0,411,593257
1738687140,1.0401,1.0405,1.0401,1.04025,703,1019.85,0,533,0,363,533,-170,363,593257
1738687320,1.0403,1.0404,1.0401,1.04025,707,1019.4,0,0,-277,-205,251,-456,-205,593257
1738687500,1.04025,1.0408,1.0402,1.0407,513,988.5,0,513,0,513,513,0,513,593257
1738687680,1.0407,1.0407,1.04025,1.0403,524,926.55,0,0,-282,-282,121,-403,-282,593257
1738687860,1.04035,1.04045,1.0402,1.0404,300,898.9,0,135,-30,-30,135,-165,-30,593257
1738688040,1.0404,1.0404,1.03995,1.0401,484,834.3,0,0,-484,-484,0,-484,-484,593257
1738688220,1.04005,1.04005,1.0398,1.0399,325,759.25,0,0,-173,-21,152,-173,-21,593257
1738688400,1.03985,1.0399,1.0397,1.0398,326,680.5,0,0,-200,-74,126,-200,-74,593257
1738688580,1.03985,1.03985,1.0395,1.0397,537,649.9,0,0,-282,-221,158,-379,-221,593257
1738688760,1.0397,1.0398,1.03935,1.0394,734,591.7,0,0,-734,-734,0,-734,-734,593257
1738688940,1.0394,1.03955,1.03925,1.03945,815,600.75,0,0,-444,-73,371,-444,-73,593257
1738689120,1.03945,1.0395,1.0393,1.0393,367,562.6,0,0,-367,-367,0,-367,-367,593257
1738689300,1.0393,1.0399,1.03875,1.0393,4619,763.5,0,123,-2469,-565,2027,-2592,-565,593257
1738689480,1.03935,1.03945,1.03875,1.03895,756,753.25,0,0,-572,-388,184,-572,-388,593257
1738689660,1.03895,1.03925,1.03855,1.03915,769,757,0,0,-528,-287,241,-528,-287,593257
1738689840,1.0392,1.03925,1.03905,1.03915,188,734.3,0,34,-50,-20,84,-104,-20,593257
1738690020,1.03905,1.0394,1.03905,1.03925,336,717.55,0,234,0,132,234,-102,132,593257
1738690200,1.0392,1.03925,1.0386,1.03905,467,706.4,0,0,-303,-139,164,-303,-139,593257
1738690380,1.0391,1.0394,1.03905,1.0393,620,725.05,0,620,0,620,620,0,620,593257
1738690560,1.0393,1.0395,1.03915,1.0393,377,723.35,0,162,0,157,267,-110,157,593257
1738690740,1.03925,1.03945,1.0392,1.03945,249,700.65,0,249,0,249,249,0,249,593257
1738690920,1.0394,1.03945,1.0392,1.0393,222,676.4,0,0,-131,-40,91,-131,-40,593257
1738691100,1.03935,1.03945,1.03905,1.03915,246,663.05,0,0,-158,-158,44,-202,-158,593257
1738691280,1.0392,1.03945,1.03915,1.0394,286,651.15,0,78,-28,74,180,-106,74,593257
1738691460,1.03935,1.03955,1.0393,1.0394,455,658.9,0,300,0,145,300,-155,145,593257
1738691640,1.03945,1.03985,1.0394,1.0398,395,654.45,0,395,0,395,395,0,395,593257
1738691820,1.0398,1.0398,1.03955,1.0397,349,655.65,0,0,-167,-167,91,-258,-167,593257
1738692000,1.03965,1.03975,1.03945,1.03965,266,652.65,0,0,-146,-26,120,-146,-26,593257
1738692180,1.03965,1.0398,1.03955,1.03975,473,649.45,0,473,0,473,473,0,473,593257
1738692360,1.03975,1.04,1.03975,1.04,156,620.55,0,156,0,156,156,0,156,593257
1738692540,1.04,1.04005,1.03985,1.04,306,595.1,0,306,0,306,306,0,306,593257
1738692720,1.04,1.04015,1.04,1.04005,130,583.25,0,130,0,130,130,0,130,593257
1738692900,1.04005,1.0402,1.04,1.04005,172,360.9,0,93,0,14,93,-79,14,593257
1738693080,1.04005,1.0401,1.0399,1.0401,192,332.7,0,2,-95,2,97,-95,2,593257
1738693260,1.04015,1.0403,1.04015,1.04015,143,301.4,0,56,-31,-31,56,-87,-31,593257
1738693440,1.0402,1.0402,1.04005,1.04005,191,301.55,0,0,-191,-191,0,-191,-191,593257
1738693620,1.0401,1.04015,1.03995,1.03995,221,295.8,0,0,-221,-221,0,-221,-221,593257
1738693800,1.04,1.04035,1.04,1.04035,448,294.85,0,448,0,448,448,0,448,593257
1738693980,1.0403,1.0403,1.0401,1.0401,187,273.2,0,0,-187,-187,0,-187,-187,593257
1738694160,1.0401,1.0402,1.04,1.04,175,263.1,0,79,-17,-17,79,-96,-17,593257
1738694340,1.04,1.04035,1.03995,1.04035,371,269.2,0,231,-70,231,301,-70,231,593257
1738694520,1.04035,1.04065,1.04035,1.04055,383,277.25,0,238,0,93,238,-145,93,593257
1738694700,1.04055,1.0406,1.04035,1.0404,525,291.2,0,75,-375,-375,75,-450,-375,593257
1738694880,1.0404,1.0405,1.04035,1.0404,236,288.7,0,56,-124,-124,56,-180,-124,593257
1738695060,1.04035,1.0405,1.0403,1.04045,185,275.2,0,51,-67,51,118,-67,51,593257
1738695240,1.04045,1.04045,1.04025,1.0403,242,267.55,0,0,-242,-242,0,-242,-242,593257
1738695420,1.0403,1.04035,1.04005,1.04015,272,263.7,0,30,-212,-212,30,-242,-212,593257
1738695600,1.04015,1.04015,1.0399,1.03995,415,271.15,0,74,-92,-83,166,-249,-83,593257
1738695780,1.03995,1.0402,1.03995,1.04015,241,259.55,0,165,0,89,165,-76,89,593257
1738695960,1.04025,1.04025,1.04005,1.04005,180,260.75,0,37,-106,-106,37,-143,-106,593257
1738696140,1.04005,1.0402,1.04005,1.0401,180,254.45,0,132,0,84,132,-48,84,593257
1738696320,1.0401,1.04025,1.0401,1.04015,258,260.85,0,151,0,44,151,-107,44,593257
1738696500,1.04015,1.0402,1.03975,1.03975,416,273.05,0,0,-416,-416,0,-416,-416,593257
1738696680,1.03975,1.0401,1.0397,1.0401,278,277.35,0,76,-101,76,177,-101,76,593257
1738696860,1.0401,1.0402,1.03995,1.0401,217,281.05,0,0,-155,-93,62,-155,-93,593257
1738697040,1.04005,1.04015,1.04,1.04015,306,286.8,0,140,0,140,223,-83,140,593257
1738697220,1.04015,1.04015,1.03985,1.04,428,297.15,0,0,-358,-288,70,-358,-288,593257
1738697400,1.04005,1.04035,1.04005,1.04035,242,286.85,0,242,0,242,242,0,242,593257
1738697580,1.04035,1.0405,1.04035,1.0405,153,285.15,0,153,0,153,153,0,153,593257
1738697760,1.0405,1.0405,1.0403,1.0404,218,287.3,0,0,-180,-142,38,-180,-142,593257
1738697940,1.04035,1.04035,1.0399,1.0399,382,287.85,0,0,-382,-382,0,-382,-382,593257
1738698120,1.03995,1.04015,1.0399,1.0401,388,288.1,0,388,0,388,388,0,388,593257
1738698300,1.0401,1.04015,1.03995,1.0401,254,274.55,0,61,-67,-2,126,-128,-2,593257
1738698480,1.04005,1.0403,1.03995,1.0403,222,273.85,0,64,-79,64,143,-79,64,593257
1738698660,1.0403,1.04045,1.0403,1.0404,414,285.3,0,414,0,414,414,0,414,593257
1738698840,1.04045,1.04055,1.04015,1.0402,460,296.2,0,211,-38,-38,211,-249,-38,593257
1738699020,1.0402,1.04045,1.0398,1.04015,3860,475.6,0,372,-3116,-3116,372,-3488,-3116,593257
1738699200,1.0402,1.04025,1.03995,1.04005,682,488.95,0,0,-647,-612,35,-647,-612,593257
1738699380,1.04,1.04025,1.04,1.04005,127,483.25,0,49,-29,-29,49,-78,-29,593257
1738699560,1.04005,1.04015,1.04,1.04015,82,478.35,0,23,-9,18,50,-32,18,593257
1738699740,1.0401,1.0403,1.0401,1.0403,246,481.65,0,136,0,136,191,-55,136,593257
1738699920,1.04025,1.04045,1.04025,1.0404,221,479.8,0,221,0,221,221,0,221,593257
1738700100,1.04045,1.04055,1.04035,1.04045,112,464.6,0,31,-27,-4,54,-58,-4,593257
1738700280,1.0404,1.0404,1.04015,1.04015,176,459.5,0,25,-52,-22,77,-99,-22,593257
1738700460,1.04015,1.0402,1.0401,1.04015,238,460.55,0,49,-48,-48,95,-143,-48,593257
1738700640,1.04015,1.04025,1.04015,1.04025,132,451.85,0,132,0,132,132,0,132,593257
1738700820,1.04025,1.04035,1.04015,1.04035,288,444.85,0,178,-55,178,233,-55,178,593257
1738701000,1.0403,1.04035,1.0402,1.04025,220,443.75,0,0,-189,-158,31,-189,-158,593257
1738701180,1.04025,1.0403,1.0401,1.0402,197,445.95,0,0,-173,-149,24,-173,-149,593257
1738701360,1.0402,1.0403,1.0401,1.04025,128,441.45,0,16,-62,-28,50,-78,-28,593257
1738701540,1.0402,1.04035,1.0401,1.0402,366,440.65,0,269,0,172,269,-97,172,593257
1738701720,1.0402,1.04035,1.04015,1.04025,167,429.6,0,50,-40,13,90,-77,13,593257
1738701900,1.04025,1.0403,1.0402,1.0402,140,423.9,0,0,-140,-140,0,-140,-140,593257
1738702080,1.04015,1.04035,1.04015,1.0403,217,423.65,0,48,-45,31,124,-93,31,593257
1738702260,1.0403,1.04045,1.04025,1.0404,202,413.05,0,155,0,108,155,-47,108,593257
1738702440,1.0404,1.04065,1.0404,1.0405,425,411.3,0,425,0,425,425,0,425,593257
1738702620,1.0405,1.0406,1.0405,1.04055,224,229.5,0,96,-7,96,160,-64,96,593257
1738702800,1.0406,1.0408,1.04045,1.0405,646,227.7,0,0,-434,-434,106,-540,-434,593257
1738702980,1.04055,1.04055,1.04025,1.04025,421,242.4,0,4,-285,-285,68,-353,-285,593257
1738703160,1.04025,1.0403,1.0402,1.0403,59,241.25,0,21,-19,21,40,-19,21,593257
1738703340,1.0403,1.0404,1.04025,1.0404,103,234.1,0,16,-51,-31,36,-67,-31,593257
1738703520,1.04035,1.04035,1.04025,1.0403,130,229.55,0,0,-124,-124,3,-127,-124,593257
1738703700,1.0403,1.04035,1.0402,1.04025,86,228.25,0,16,-54,-54,16,-70,-54,593257
1738703880,1.0402,1.0402,1.0401,1.04015,72,223.05,0,0,-41,-10,31,-41,-10,593257
1738704060,1.04015,1.04015,1.0399,1.03995,315,226.9,0,0,-315,-315,0,-315,-315,593257
1738704240,1.0399,1.04,1.0398,1.03985,156,228.1,0,0,-136,-116,20,-136,-116,593257
1738704420,1.03985,1.03995,1.03985,1.0399,247,226.05,0,114,-19,-19,114,-133,-19,593257
1738704600,1.0399,1.04,1.03985,1.0399,75,218.8,0,0,-57,-57,9,-66,-57,593257
1738704780,1.0399,1.04005,1.0399,1.04,93,213.6,0,93,0,93,93,0,93,593257
1738704960,1.04005,1.04005,1.03985,1.03985,93,211.85,0,0,-83,-83,5,-88,-83,593257
1738705140,1.03985,1.0399,1.0398,1.0399,108,198.95,0,54,-27,54,81,-27,54,593257
1738705320,1.0399,1.0401,1.0399,1.0401,45,192.85,0,45,0,45,45,0,45,593257
1738705500,1.04005,1.0401,1.03995,1.03995,83,190,0,0,-83,-83,0,-83,-83,593257
1738705680,1.0399,1.03995,1.0398,1.0398,177,188,0,0,-177,-177,0,-177,-177,593257
1738705860,1.0399,1.0401,1.03985,1.04005,114,183.6,0,114,0,114,114,0,114,593257
1738706040,1.04,1.0401,1.03995,1.03995,42,164.45,0,14,-14,-14,14,-28,-14,593257
1738706220,1.0399,1.03995,1.03985,1.03985,54,155.95,0,30,0,6,30,-24,6,589188
1738710000,1.0401,1.0401,1.0396,1.03985,278,137.55,0,0,-204,-204,37,-241,-204,589188
1738710180,1.0399,1.04,1.03985,1.03995,153,124.15,0,153,0,153,153,0,153,589188
1738710360,1.03985,1.03985,1.03965,1.03965,113,126.85,0,0,-113,-113,0,-113,-113,589188
1738710540,1.0396,1.03975,1.03945,1.0397,107,127.05,0,0,-70,-55,26,-81,-55,589188
1738710720,1.0397,1.03995,1.0397,1.03995,51,123.1,0,51,0,51,51,0,51,589188
1738710900,1.03985,1.0399,1.03985,1.0399,65,122.05,0,59,-3,59,62,-3,59,589188
1738711080,1.0399,1.03995,1.0398,1.03985,31,120,0,0,-15,-11,10,-21,-11,589188
1738711260,1.03985,1.03995,1.0398,1.0399,33,105.9,0,33,0,33,33,0,33,589188
1738711440,1.03995,1.03995,1.0398,1.0398,36,99.9,0,3,-13,-4,16,-20,-4,589188
1738711620,1.03975,1.03985,1.0397,1.0397,34,89.25,0,19,0,4,19,-15,4,589188
1738711800,1.03975,1.03985,1.03975,1.0398,36,87.3,0,20,0,20,28,-8,20,589188
1738711980,1.0398,1.0399,1.03975,1.0399,48,85.05,0,22,-13,22,35,-13,22,589188
1738712160,1.03985,1.0399,1.03975,1.03975,40,82.4,0,0,-40,-40,0,-40,-40,589188
1738712340,1.03975,1.0398,1.03965,1.0398,288,91.4,0,0,-149,-10,139,-149,-10,589188
1738712520,1.03975,1.03995,1.03975,1.03995,53,91.8,0,53,0,53,53,0,53,589188
1738712700,1.03995,1.03995,1.0397,1.03975,158,95.55,0,0,-132,-106,26,-132,-106,589188
1738712880,1.03965,1.0397,1.0393,1.0393,295,101.45,0,26,-243,-243,26,-269,-243,589188
1738713060,1.0394,1.03945,1.03925,1.0394,126,102.05,0,0,-119,-112,7,-119,-112,589188
1738713240,1.0394,1.03945,1.0393,1.0394,70,103.45,0,70,0,70,70,0,70,589188
1738713420,1.0394,1.0394,1.03905,1.0391,220,111.75,0,0,-220,-220,0,-220,-220,589188
1738713600,1.03915,1.03945,1.03915,1.03925,148,105.25,0,65,-18,-18,65,-83,-18,589188
1738713780,1.0393,1.0393,1.0392,1.03925,92,102.2,0,12,-40,12,52,-40,12,589188
1738713960,1.03925,1.03925,1.03895,1.03895,72,100.15,0,0,-72,-72,0,-72,-72,589188
1738714140,1.03895,1.03925,1.03895,1.0392,81,98.85,0,81,0,81,81,0,81,589188
1738714320,1.0392,1.03925,1.03915,1.03925,65,99.55,0,65,0,65,65,0,65,589188
1738714500,1.0392,1.03935,1.0392,1.03935,136,103.1,0,26,-55,26,81,-55,26,589188
1738714680,1.0393,1.03935,1.03925,1.03925,35,103.3,0,7,-21,-21,7,-28,-21,589188
1738714860,1.03925,1.03925,1.03915,1.0392,28,103.05,0,4,-12,4,16,-12,4,589188
1738715040,1.0392,1.03925,1.0391,1.03925,131,107.8,0,27,-52,27,79,-52,27,589188
1738715220,1.0393,1.03955,1.0393,1.03955,57,108.95,0,57,0,57,57,0,57,589188
1738715400,1.03945,1.0398,1.03945,1.0398,177,116,0,177,0,177,177,0,177,589188
1738715580,1.03985,1.03995,1.0397,1.0398,158,121.5,0,99,0,74,116,-42,74,589188
1738715760,1.0398,1.04015,1.0398,1.04015,185,128.75,0,185,0,185,185,0,185,589188
1738715940,1.0401,1.0401,1.0398,1.03995,93,119,0,0,-56,-19,37,-56,-19,589188
1738716120,1.0399,1.03995,1.0398,1.0398,57,119.2,0,5,-21,-5,26,-31,-5,589188
1738716300,1.0398,1.04,1.0397,1.0397,101,116.35,0,47,-7,-7,47,-54,-7,589188
1738716480,1.03965,1.0397,1.0394,1.03945,68,105,0,0,-68,-68,0,-68,-68,589188
1738716660,1.0395,1.03965,1.03945,1.03965,82,102.8,0,82,0,82,82,0,82,589188
1738716840,1.0396,1.0398,1.03955,1.0397,250,111.8,0,154,0,66,158,-92,66,589188
1738717020,1.03975,1.0399,1.03975,1.03985,124,107,0,105,0,86,105,-19,86,589188
1738717200,1.0399,1.04005,1.0398,1.0399,220,110.6,0,164,0,164,192,-28,164,589188
1738717380,1.0399,1.04015,1.0399,1.0401,108,111.4,0,108,0,108,108,0,108,589188
1738717560,1.0401,1.0403,1.04,1.04,260,120.8,0,102,-56,-56,102,-158,-56,589188
1738717740,1.04005,1.04015,1.04,1.04,81,120.8,0,16,-49,-49,16,-65,-49,589188
1738717920,1.04,1.04015,1.0399,1.03995,105,122.8,0,56,0,7,56,-49,7,589188
1738718100,1.04,1.0405,1.03985,1.03985,237,127.85,0,149,0,61,149,-88,61,589188
1738718280,1.03985,1.04015,1.03975,1.0401,294,140.8,0,286,0,286,290,-4,286,589188
1738718460,1.0401,1.0403,1.03995,1.04,288,153.8,0,197,0,106,197,-91,106,589188
1738718640,1.03995,1.04025,1.03995,1.0401,121,153.3,0,85,0,49,85,-36,49,589188
1738718820,1.04025,1.04065,1.0402,1.04045,315,166.2,0,266,0,217,266,-49,217,589188
1738719000,1.0404,1.04045,1.04,1.04,156,165.15,0,0,-156,-156,0,-156,-156,589188
1738719180,1.03995,1.04,1.03975,1.03975,146,164.55,0,0,-116,-116,15,-131,-116,589188
1738719360,1.03975,1.03985,1.0396,1.03985,105,160.55,0,0,-60,-15,45,-60,-15,589188
1738719540,1.0399,1.0399,1.0395,1.03955,268,169.3,0,0,-152,-36,116,-152,-36,589188
1738719720,1.0395,1.03975,1.0395,1.0397,78,170.35,0,78,0,78,78,0,78,589188
1738719900,1.03975,1.0398,1.0396,1.03965,147,172.65,0,0,-147,-147,0,-147,-147,589188
1738720080,1.0396,1.0397,1.03955,1.03965,153,176.9,0,104,0,55,104,-49,55,589188
1738720260,1.03965,1.03965,1.0394,1.0394,122,178.9,0,0,-122,-122,0,-122,-122,589188
1738720440,1.0394,1.0395,1.0392,1.0393,521,192.45,0,0,-521,-521,0,-521,-521,589188
1738720620,1.0393,1.03945,1.03925,1.0393,136,193.05,0,28,-55,-30,53,-83,-30,589188
1738720800,1.03925,1.03935,1.03925,1.03935,79,186,0,33,0,33,56,-23,33,589188
1738720980,1.03935,1.03955,1.03935,1.03945,128,187,0,78,0,28,78,-50,28,589188
1738721160,1.0394,1.03975,1.0394,1.0397,116,179.8,0,116,0,116,116,0,116,589188
1738721340,1.0397,1.0401,1.03965,1.0401,97,180.6,0,97,0,97,97,0,97,589188
1738721520,1.04015,1.0403,1.04005,1.04025,150,182.85,0,8,-58,-18,66,-84,-18,589188
1738721700,1.04025,1.0403,1.03995,1.04,97,175.85,0,0,-97,-97,0,-97,-97,589188
1738721880,1.04005,1.0402,1.04005,1.0402,74,164.85,0,74,0,74,74,0,74,589188
1738722060,1.0402,1.04035,1.04015,1.0403,77,154.3,0,77,0,77,77,0,77,589188
1738722240,1.04035,1.0404,1.0401,1.0402,137,155.1,0,0,-77,-17,60,-77,-17,589188
1738722420,1.0402,1.0403,1.04015,1.0403,76,143.15,0,0,-38,0,38,-38,0,589188
1738722600,1.0403,1.04035,1.0402,1.04025,129,141.8,0,73,0,17,73,-56,17,589188
1738722780,1.04025,1.0404,1.0401,1.0401,97,139.35,0,23,-51,-51,23,-74,-51,589188
1738722960,1.0401,1.04025,1.0401,1.0402,86,138.4,0,86,0,86,86,0,86,589188
1738723140,1.0402,1.04035,1.04015,1.0402,72,128.6,0,49,0,26,49,-23,26,589188
1738723320,1.0402,1.04035,1.0402,1.04035,72,128.3,0,32,-20,32,52,-20,32,589188
1738723500,1.04035,1.04035,1.04025,1.0403,58,123.85,0,0,-53,-48,5,-53,-48,589188
1738723680,1.0403,1.04035,1.0402,1.04025,55,118.95,0,25,-5,-5,25,-30,-5,589188
1738723860,1.0403,1.04035,1.04025,1.0403,79,116.8,0,79,0,79,79,0,79,589188
1738724040,1.04035,1.04045,1.04025,1.0404,75,94.5,0,22,-13,5,40,-35,5,589188
1738724220,1.04035,1.0404,1.0402,1.0404,68,91.1,0,18,-25,18,43,-25,18,589188
1738724400,1.04045,1.04055,1.04025,1.0403,156,94.95,0,60,-36,-36,60,-96,-36,589188
1738724580,1.04025,1.04025,1.04005,1.04015,82,92.65,0,0,-48,-14,34,-48,-14,589188
1738724760,1.0402,1.04025,1.0402,1.0402,9,87.3,0,8,0,7,8,-1,7,589188
1738724940,1.0402,1.04025,1.04015,1.04015,24,83.65,0,0,-24,-24,0,-24,-24,589188
1738725120,1.04015,1.04025,1.0401,1.0401,51,78.7,0,21,-5,1,26,-25,1,589188
1738725300,1.0401,1.0403,1.0401,1.0403,58,76.75,0,58,0,58,58,0,58,589188
1738725480,1.04025,1.04025,1.0402,1.04025,17,73.9,0,0,-11,-5,6,-11,-5,589188
1738725660,1.0403,1.0403,1.0402,1.0402,14,70.75,0,4,-6,-6,4,-10,-6,589188
1738725840,1.0402,1.0402,1.04015,1.04015,30,65.4,0,0,-30,-30,0,-30,-30,589188
1738726020,1.0402,1.0404,1.0402,1.0404,50,64.1,0,50,0,50,50,0,50,589188
1738726200,1.0404,1.0405,1.0403,1.04045,63,60.8,0,23,-12,7,35,-28,7,589188
1738726380,1.04045,1.04045,1.04025,1.04025,26,57.25,0,0,-16,-16,5,-21,-16,589188
1738726560,1.04025,1.0405,1.04025,1.04045,48,55.35,0,23,-2,-2,23,-25,-2,589188
1738726740,1.0404,1.04045,1.04035,1.0404,123,57.9,0,0,-123,-123,0,-123,-123,589188
1738726920,1.04045,1.04055,1.04035,1.0404,132,60.9,0,0,-121,-110,11,-121,-110,589188
1738727100,1.04035,1.0404,1.0402,1.0402,166,66.3,0,36,-94,-94,36,-130,-94,589188
1738727280,1.04015,1.04025,1.0401,1.0402,56,66.35,0,16,-20,16,36,-20,16,589188
1738727460,1.0401,1.0402,1.0401,1.0401,39,64.35,0,9,-21,-21,9,-30,-21,589188
1738727640,1.0401,1.0401,1.03995,1.04,21,61.65,0,0,-21,-21,0,-21,-21,589188
1738727820,1.04,1.04,1.0399,1.03995,183,67.4,0,0,-117,-51,66,-117,-51,589188
1738728000,1.03995,1.0401,1.03995,1.0401,155,67.35,0,155,0,155,155,0,155,589188
1738728180,1.04,1.04,1.03985,1.03995,38,65.15,0,0,-26,-14,12,-26,-14,589188
1738728360,1.03995,1.03995,1.03985,1.0399,42,66.8,0,26,0,26,34,-8,26,589188
1738728540,1.03995,1.04005,1.03995,1.04005,18,66.5,0,18,0,18,18,0,18,589188
1738728720,1.0401,1.04015,1.04005,1.04005,31,65.5,0,10,-11,-11,10,-21,-11,589188
1738728900,1.0401,1.04015,1.03995,1.03995,62,65.7,0,0,-62,-62,0,-62,-62,589188
1738729080,1.0399,1.03995,1.0399,1.0399,27,66.2,0,11,-5,-5,11,-16,-5,589188
1738729260,1.03985,1.03985,1.0398,1.03985,28,66.9,0,0,-24,-20,4,-24,-20,589188
1738729440,1.0398,1.0399,1.0398,1.0398,61,68.45,0,22,-18,19,40,-21,19,589188
1738729620,1.0398,1.0399,1.0398,1.0398,52,68.55,0,12,-28,-28,12,-40,-28,589188
1738729800,1.0398,1.0398,1.03975,1.03975,15,66.15,0,0,-15,-15,0,-15,-15,589188
1738729980,1.0398,1.03985,1.03975,1.03985,30,66.35,0,2,-14,2,16,-14,2,589188
1738730160,1.03985,1.03985,1.03965,1.0397,108,69.35,0,0,-102,-96,6,-102,-96,589188
1738730340,1.0397,1.03975,1.0396,1.0396,58,66.1,0,1,-56,-56,1,-57,-56,589188
1738730520,1.03965,1.03975,1.03965,1.03975,30,61,0,30,0,30,30,0,30,589188
1738730700,1.0398,1.0398,1.03975,1.03975,22,53.8,0,7,-8,-8,7,-15,-8,589188
1738730880,1.0398,1.0398,1.0398,1.0398,8,51.4,0,8,0,8,8,0,8,589188
1738731060,1.0398,1.03985,1.0398,1.0398,4,49.65,0,2,0,0,2,-2,0,589188
1738731240,1.03975,1.0398,1.0397,1.0397,28,50,0,0,-28,-28,0,-28,-28,589188
1738731420,1.03965,1.03985,1.03965,1.03985,55,43.6,0,55,0,55,55,0,55,589188
1738731600,1.0398,1.0398,1.03975,1.0398,28,37.25,0,0,-15,-2,13,-15,-2,589188
1738731780,1.0398,1.0398,1.0394,1.03945,220,46.35,0,0,-163,-106,57,-163,-106,589188
1738731960,1.0395,1.0396,1.03945,1.03955,95,49,0,69,0,51,73,-22,51,589188
1738732140,1.03955,1.03955,1.0395,1.03955,43,50.25,0,25,-9,25,34,-9,25,589188
1738732320,1.03955,1.0396,1.0395,1.0395,40,50.7,0,27,0,14,27,-13,14,589188
1738732500,1.0395,1.03965,1.0395,1.03955,28,49,0,20,-1,14,21,-7,14,589188
1738732680,1.0396,1.0396,1.0395,1.0396,48,50.05,0,0,-24,0,24,-24,0,589188
1738732860,1.0396,1.03965,1.03955,1.03965,40,50.65,0,40,0,40,40,0,40,589188
1738733040,1.03965,1.03965,1.0394,1.0394,69,51.05,0,0,-69,-69,0,-69,-69,589188
1738733220,1.03945,1.0395,1.0394,1.03945,33,50.1,0,4,-25,-25,4,-29,-25,589188
1738733400,1.0395,1.03955,1.0394,1.0394,46,51.65,0,0,-46,-46,0,-46,-46,589188
1738733580,1.03935,1.03955,1.0393,1.03945,168,58.55,0,140,0,112,140,-28,112,589188
1738733760,1.03945,1.03945,1.03935,1.03935,36,54.95,0,0,-36,-36,0,-36,-36,589188
1738733940,1.0394,1.03945,1.0394,1.03945,51,54.6,0,51,0,51,51,0,51,589188
1738734120,1.03945,1.0395,1.0394,1.0394,208,63.5,0,74,-63,66,137,-71,66,589188
1738734300,1.03935,1.03965,1.03935,1.03965,72,66,0,72,0,72,72,0,72,589188
1738734480,1.03965,1.0397,1.0396,1.0397,74,69.3,0,74,0,74,74,0,74,589188
1738734660,1.03965,1.0397,1.03955,1.03965,146,76.4,0,0,-78,-78,34,-112,-78,589188
1738734840,1.0397,1.0397,1.0396,1.03965,167,83.35,0,79,-9,-9,79,-88,-9,589188
1738735020,1.0397,1.03975,1.0396,1.03975,111,86.15,0,27,-42,27,69,-42,27,589188
1738735200,1.0397,1.0397,1.0396,1.0396,73,88.4,0,0,-55,-47,13,-60,-47,589188
1738735380,1.0396,1.03965,1.03945,1.03945,182,86.5,0,3,-118,-118,32,-150,-118,589188
1738735560,1.03945,1.0397,1.0394,1.03965,195,91.5,0,111,-42,111,153,-42,111,589188
1738735740,1.03965,1.0399,1.03965,1.0399,150,96.85,0,150,0,150,150,0,150,589188
1738735920,1.0399,1.0401,1.0398,1.04005,211,105.4,0,93,-59,93,152,-59,93,589188
1738736100,1.04005,1.04045,1.04005,1.04045,317,119.85,0,317,0,317,317,0,317,589188
1738736280,1.04045,1.04075,1.04045,1.0407,532,144.05,0,532,0,532,532,0,532,589188
1738736460,1.04065,1.0412,1.04045,1.0411,467,165.4,0,287,-90,287,377,-90,287,589188
1738736640,1.0411,1.0413,1.041,1.04105,492,186.55,0,210,-72,-72,210,-282,-72,589188
1738736820,1.0411,1.04135,1.0411,1.04135,230,196.4,0,230,0,230,230,0,230,589188
1738737000,1.04125,1.04125,1.041,1.04105,184,203.3,0,0,-184,-184,0,-184,-184,589188
1738737180,1.04105,1.0411,1.04095,1.04105,136,201.7,0,18,-100,-100,18,-118,-100,589188
1738737360,1.041,1.041,1.04075,1.04075,180,208.9,0,0,-90,-44,68,-112,-44,589188
1738737540,1.04075,1.04085,1.0406,1.04065,65,209.6,0,13,-39,-39,13,-52,-39,589188
1738737720,1.04065,1.0407,1.04065,1.04065,25,200.45,0,4,-7,-3,11,-14,-3,589188
1738737900,1.04065,1.0407,1.0405,1.0406,230,208.35,0,0,-150,-70,80,-150,-70,589188
1738738080,1.0406,1.0406,1.04045,1.0405,123,210.8,0,0,-123,-123,0,-123,-123,589188
1738738260,1.0405,1.0406,1.0404,1.0406,120,209.5,0,90,-15,90,105,-15,90,589188
1738738440,1.0406,1.04085,1.0404,1.0405,249,213.6,0,80,-89,-89,80,-169,-89,589188
1738738620,1.04045,1.0406,1.04035,1.04045,191,217.6,0,47,-97,-97,47,-144,-97,589188
1738738800,1.0405,1.0405,1.0402,1.04035,564,242.15,0,0,-564,-564,0,-564,-564,589188
1738738980,1.0403,1.04045,1.0402,1.0403,100,238.05,0,46,-8,46,73,-27,46,589188
1738739160,1.04025,1.0404,1.04025,1.0404,86,232.6,0,86,0,86,86,0,86,589188
1738739340,1.0404,1.0407,1.04035,1.0407,152,232.7,0,48,-27,2,77,-75,2,589188
1738739520,1.0407,1.04105,1.0407,1.041,473,245.8,0,473,0,473,473,0,473,589188
1738739700,1.041,1.04135,1.041,1.04135,307,245.3,0,307,0,307,307,0,307,589188
1738739880,1.0413,1.0418,1.0412,1.04165,1193,278.35,0,502,-142,95,644,-549,95,589188
1738740060,1.0416,1.04175,1.0415,1.04165,320,271,0,0,-216,-112,104,-216,-112,589188
1738740240,1.04165,1.0427,1.0415,1.04255,2381,365.45,0,2301,-40,2301,2341,-40,2301,589188
1738740420,1.04255,1.04285,1.04245,1.04265,1252,416.55,0,682,0,510,881,-371,510,589188
1738740600,1.0427,1.0429,1.0425,1.04255,629,438.8,0,204,-96,-29,300,-329,-29,589188
1738740780,1.0425,1.0425,1.0421,1.04225,522,458.1,0,0,-288,-54,234,-288,-54,589188
1738740960,1.04225,1.04285,1.0422,1.04285,677,482.95,0,677,0,677,677,0,677,589188
1738741140,1.0428,1.0428,1.04255,1.04265,317,495.55,0,0,-159,-1,158,-159,-1,589188
1738741320,1.0426,1.0426,1.04225,1.04245,610,524.8,0,0,-453,-296,157,-453,-296,589188
1738741500,1.0424,1.04245,1.04215,1.04245,489,537.75,0,181,-154,181,335,-154,181,589188
1738741680,1.04245,1.0427,1.04235,1.04235,289,546.05,0,0,-231,-231,29,-260,-231,589188
1738741860,1.04235,1.0424,1.04175,1.0419,658,572.95,0,0,-658,-658,0,-658,-658,589188
1738742040,1.04185,1.0423,1.0418,1.0423,326,576.8,0,326,0,326,326,0,326,589188
1738742220,1.04225,1.04235,1.04205,1.0422,488,591.65,0,237,0,182,335,-153,182,589188
1738742400,1.04215,1.04265,1.042,1.04255,1136,620.25,0,0,-569,-2,567,-569,-2,589188
1738742580,1.04255,1.0426,1.04225,1.04225,559,643.2,0,217,-125,-125,217,-342,-125,589188
1738742760,1.04225,1.0424,1.04195,1.0421,1006,689.2,0,0,-698,-698,154,-852,-698,589188
1738742940,1.0421,1.04245,1.04205,1.04235,430,703.1,0,430,0,430,430,0,430,589188
1738743120,1.04235,1.04235,1.04215,1.0422,374,698.15,0,0,-316,-258,58,-316,-258,589188
1738743300,1.04215,1.04215,1.0417,1.04185,702,717.9,0,0,-508,-314,194,-508,-314,589188
1738743480,1.0418,1.04195,1.04145,1.0416,741,695.3,0,153,-186,153,447,-294,153,589188
1738743660,1.04165,1.0417,1.0413,1.0416,420,700.3,0,0,-298,-176,122,-298,-176,589188
1738743840,1.04165,1.04195,1.0416,1.0417,580,610.25,0,320,0,320,450,-130,320,589188
1738744020,1.04165,1.04185,1.0415,1.0417,408,568.05,0,153,0,148,278,-130,148,589188
1738744200,1.0417,1.0417,1.0414,1.04145,557,564.45,0,0,-557,-557,0,-557,-557,589188
1738744380,1.0415,1.0418,1.0415,1.04165,306,553.65,0,127,0,74,190,-116,74,589188
1738744560,1.04165,1.04175,1.041,1.04145,930,566.3,0,0,-786,-642,144,-786,-642,589188
1738744740,1.04145,1.042,1.04135,1.0419,579,579.4,0,579,0,579,579,0,579,589188
1738744920,1.0419,1.04215,1.0415,1.04215,609,579.35,0,123,-243,123,366,-243,123,589188
1738745100,1.0422,1.04255,1.0422,1.04235,459,577.85,0,343,0,227,343,-116,227,589188
1738745280,1.04235,1.04245,1.0421,1.04225,414,584.1,0,0,-190,-190,112,-302,-190,589188
1738745460,1.0423,1.0426,1.0423,1.04245,429,572.65,0,268,0,107,268,-161,107,589188
1738745640,1.04245,1.0428,1.0423,1.0423,479,580.3,0,323,0,167,323,-156,167,589188
1738745820,1.04235,1.0425,1.0423,1.04235,351,573.45,0,95,-161,-161,95,-256,-161,589188
1738746000,1.04235,1.0428,1.0423,1.0427,938,563.55,0,777,0,616,777,-161,616,589188
1738746180,1.0427,1.043,1.04225,1.04265,1846,627.9,0,1454,0,1062,1454,-392,1062,589188
1738746360,1.0426,1.04275,1.0424,1.0425,448,600,0,144,-160,-160,144,-304,-160,589188
1738746540,1.0425,1.0426,1.0423,1.0426,515,604.25,0,515,0,515,515,0,515,589188
1738746720,1.04255,1.04305,1.04255,1.0429,604,615.75,0,303,0,2,303,-301,2,589188
1738746900,1.04285,1.0437,1.0428,1.04325,1959,678.6,0,1625,0,1291,1625,-334,1291,589188
1738747080,1.0432,1.0432,1.0429,1.04305,647,673.9,0,0,-238,-205,221,-426,-205,589188
1738747260,1.0431,1.04345,1.043,1.04345,347,670.25,0,347,0,347,347,0,347,589188
1738747440,1.04345,1.04345,1.0432,1.04335,346,658.55,0,0,-184,-22,162,-184,-22,589188
1738747620,1.04335,1.0434,1.0431,1.04315,361,656.2,0,0,-183,-171,95,-266,-171,589188
1738747800,1.04315,1.04315,1.04265,1.04265,739,665.3,0,0,-495,-495,122,-617,-495,589188
1738747980,1.0427,1.0429,1.04265,1.04275,375,668.75,0,287,0,199,287,-88,199,589188
1738748160,1.0427,1.0428,1.0424,1.0424,509,647.7,0,95,-121,-77,216,-293,-77,589188
1738748340,1.04235,1.0427,1.04235,1.0427,313,634.4,0,313,0,313,313,0,313,589188
1738748520,1.0427,1.04295,1.0427,1.04285,566,632.25,0,57,-301,-150,208,-358,-150,589188
1738748700,1.0429,1.04295,1.04275,1.04285,183,618.45,0,0,-95,-7,88,-95,-7,589188
1738748880,1.04285,1.0429,1.04265,1.04275,259,610.7,0,105,-77,105,182,-77,105,589188
1738749060,1.0427,1.0427,1.0423,1.04245,536,616.05,0,0,-433,-330,103,-433,-330,589188
1738749240,1.04245,1.04255,1.0421,1.0421,262,605.2,0,66,-130,-130,66,-196,-130,589188
1738749420,1.04215,1.04245,1.04215,1.0424,452,610.25,0,361,0,270,361,-91,270,589188
1738749600,1.04235,1.04265,1.0421,1.04255,497,588.2,0,239,-129,239,368,-129,239,589188
1738749780,1.0426,1.0428,1.0425,1.04255,359,513.85,0,94,-171,-171,94,-265,-171,589188
1738749960,1.04255,1.04275,1.0425,1.0427,615,522.2,0,615,0,615,615,0,615,589188
1738750140,1.04275,1.04285,1.0426,1.04265,310,511.95,0,203,0,96,203,-107,96,589188
1738750320,1.0427,1.04275,1.04255,1.04265,236,493.55,0,0,-128,-128,54,-182,-128,589188
1738750500,1.0427,1.04325,1.04265,1.04315,536,422.4,0,536,0,536,536,0,536,589188
1738750680,1.0432,1.04345,1.0432,1.04345,368,408.45,0,169,0,106,237,-131,106,589188
1738750860,1.0434,1.04365,1.0433,1.0433,664,424.3,0,327,-10,-10,327,-337,-10,589188
1738751040,1.0433,1.0435,1.04315,1.0435,582,436.1,0,190,-196,190,386,-196,190,589188
1738751220,1.04345,1.0439,1.0434,1.0438,715,453.8,0,715,0,715,715,0,715,589188
1738751400,1.0438,1.0441,1.0436,1.04395,947,464.2,0,421,-150,195,571,-376,195,589188
1738751580,1.04395,1.0447,1.04395,1.04455,1627,526.8,0,1627,0,1627,1627,0,1627,589188
1738751760,1.04455,1.0449,1.04455,1.0448,1099,556.3,0,1099,0,1099,1099,0,1099,589188
1738751940,1.04485,1.0449,1.0442,1.0443,704,575.85,0,0,-704,-704,0,-704,-704,589188
1738752120,1.0443,1.0444,1.04415,1.0444,648,579.95,0,376,0,274,461,-187,274,589188
1738752300,1.04435,1.04465,1.0442,1.0445,403,590.95,0,24,-129,-129,137,-266,-129,589188
1738752480,1.0445,1.045,1.0445,1.04465,988,627.4,0,569,0,150,569,-419,150,589188
1738752660,1.04465,1.04475,1.04445,1.0445,403,620.75,0,105,-193,-193,105,-298,-193,589188
1738752840,1.0445,1.0445,1.04425,1.0444,368,626.05,0,0,-150,-150,109,-259,-150,589188
1738753020,1.0444,1.0445,1.04435,1.04445,228,614.85,0,124,0,124,176,-52,124,589188
1738753200,1.04445,1.0445,1.04425,1.04425,300,605,0,0,-126,-126,87,-213,-126,589188
1738753380,1.04425,1.0443,1.04415,1.0442,507,612.4,0,0,-507,-507,0,-507,-507,589188
1738753560,1.04415,1.0442,1.0439,1.04395,550,609.15,0,0,-550,-550,0,-550,-550,589188
1738753740,1.0439,1.044,1.04375,1.04375,319,609.6,0,80,-159,-159,80,-239,-159,589188
1738753920,1.04375,1.04395,1.0436,1.04395,463,620.95,0,0,-391,-319,72,-391,-319,589188
1738754100,1.04395,1.04395,1.04365,1.0437,245,606.4,0,0,-245,-245,0,-245,-245,589188
1738754280,1.0437,1.0438,1.04345,1.0435,349,605.45,0,0,-349,-349,0,-349,-349,589188
1738754460,1.04355,1.04365,1.04335,1.04345,323,588.4,0,98,-127,-127,98,-225,-127,589188
1738754640,1.04345,1.0437,1.0434,1.0437,157,567.15,0,157,0,157,157,0,157,589188
1738754820,1.0437,1.04385,1.0436,1.0437,287,545.75,0,192,0,97,192,-95,97,589188
1738755000,1.04375,1.04375,1.04345,1.04355,378,517.3,0,0,-299,-220,79,-299,-220,589188
1738755180,1.0436,1.0437,1.04325,1.04325,390,455.45,0,0,-390,-390,0,-390,-390,589188
1738755360,1.04325,1.04345,1.04315,1.04335,372,419.1,0,0,-285,-198,87,-285,-198,589188
1738755540,1.0433,1.04345,1.04325,1.04335,269,397.35,0,231,0,193,231,-38,193,589188
1738755720,1.0433,1.04335,1.04315,1.04335,382,384.05,0,0,-307,-232,75,-307,-232,589188
1738755900,1.0433,1.0434,1.0432,1.04335,145,371.15,0,21,-62,21,83,-62,21,589188
1738756080,1.0434,1.04345,1.0433,1.0434,179,330.7,0,109,-35,109,144,-35,109,589188
1738756260,1.04345,1.04355,1.04325,1.04325,338,327.45,0,0,-338,-338,0,-338,-338,589188
1738756440,1.0432,1.0435,1.0432,1.0435,227,320.4,0,227,0,227,227,0,227,589188
1738756620,1.0435,1.04365,1.04345,1.04345,203,319.15,0,127,0,51,127,-76,51,589188
1738756800,1.04345,1.04345,1.043,1.04325,513,329.8,0,0,-383,-253,130,-383,-253,589188
1738756980,1.04325,1.0434,1.0432,1.04335,150,311.95,0,150,0,150,150,0,150,589188
1738757160,1.0433,1.04335,1.0432,1.04335,289,298.9,0,0,-182,-75,107,-182,-75,589188
1738757340,1.0433,1.04335,1.04315,1.04325,174,291.65,0,72,-51,72,123,-51,72,589188
1738757520,1.04325,1.04325,1.04305,1.04315,192,278.1,0,61,-30,10,101,-91,10,589188
1738757700,1.04315,1.04345,1.0431,1.04315,572,294.45,0,389,0,206,389,-183,206,589188
1738757880,1.04315,1.0433,1.043,1.0432,287,291.35,0,87,-70,27,157,-130,27,589188
1738758060,1.04325,1.0434,1.04325,1.04335,167,283.55,0,167,0,167,167,0,167,589188
1738758240,1.0433,1.0436,1.04315,1.0435,425,296.95,0,255,-85,255,340,-85,255,589188
1738758420,1.04355,1.0436,1.04345,1.0435,123,288.75,0,54,-15,-15,54,-69,-15,589188
1738758600,1.04345,1.0437,1.0433,1.04365,470,293.35,0,470,0,470,470,0,470,589188
1738758780,1.0436,1.0436,1.0434,1.0434,236,285.65,0,0,-236,-236,0,-236,-236,589188
1738758960,1.04335,1.0436,1.0433,1.0436,212,277.65,0,10,-101,10,111,-101,10,589188
1738759140,1.0436,1.04365,1.0435,1.0436,209,274.65,0,27,-53,-53,78,-131,-53,589188
1738759320,1.0436,1.04375,1.04355,1.04365,197,265.4,0,0,-113,-113,42,-155,-113,589188
1738759500,1.0437,1.0439,1.04365,1.04375,391,277.7,0,190,-11,-11,190,-201,-11,589188
1738759680,1.04375,1.04385,1.04355,1.0438,299,283.7,0,147,-76,147,223,-76,147,589188
1738759860,1.0438,1.0439,1.04375,1.0439,266,280.1,0,266,0,266,266,0,266,589188
1738760040,1.0439,1.04415,1.0439,1.0441,314,284.45,0,314,0,314,314,0,314,589188
1738760220,1.04405,1.0441,1.0438,1.04385,427,295.65,0,0,-427,-427,0,-427,-427,589188
1738760400,1.04385,1.044,1.04375,1.044,427,291.35,0,0,-224,-21,203,-224,-21,589188
1738760580,1.0439,1.04415,1.0438,1.044,266,297.15,0,68,-99,68,167,-99,68,589188
1738760760,1.044,1.04405,1.0438,1.0439,680,316.7,0,377,0,248,464,-216,248,589188
1738760940,1.0439,1.04445,1.04385,1.04445,589,337.45,0,589,0,589,589,0,589,589188
1738761120,1.04445,1.04455,1.044,1.0442,748,365.25,0,126,-311,126,437,-311,126,589188
1738761300,1.04405,1.04405,1.04325,1.04325,2216,447.45,0,0,-2216,-2216,0,-2216,-2216,589188
1738761480,1.0432,1.0436,1.04295,1.0434,1052,485.7,0,0,-625,-198,427,-625,-198,589188
1738761660,1.04335,1.0438,1.04335,1.0436,847,519.7,0,651,0,455,651,-196,455,589188
1738761840,1.0436,1.0438,1.04345,1.0435,622,529.55,0,0,-622,-622,0,-622,-622,589188
1738762020,1.0435,1.04365,1.0432,1.04335,710,558.9,0,0,-552,-394,158,-552,-394,589188
1738762200,1.04335,1.0438,1.0432,1.04355,1097,590.25,0,783,0,783,940,-157,783,589188
1738762380,1.0436,1.0436,1.0426,1.04295,1731,665,0,0,-1228,-725,503,-1228,-725,589188
1738762560,1.043,1.0434,1.043,1.0432,539,681.35,0,539,0,539,539,0,539,589188
1738762740,1.0432,1.04335,1.04295,1.043,738,707.8,0,448,0,158,448,-290,158,589188
1738762920,1.043,1.0431,1.0427,1.043,744,735.15,0,94,-325,94,419,-325,94,589188
1738763100,1.043,1.04305,1.04265,1.04265,622,746.7,0,70,-202,-78,272,-350,-78,589188
1738763280,1.04265,1.0427,1.04245,1.04255,963,779.9,0,0,-485,-301,331,-632,-301,589188
1738763460,1.0426,1.0426,1.0421,1.04215,919,812.55,0,0,-919,-919,0,-919,-919,589188
1738763640,1.04215,1.04245,1.04215,1.04245,809,837.3,0,809,0,809,809,0,809,589188
1738763820,1.04245,1.04285,1.04235,1.04275,767,854.3,0,589,0,411,589,-178,411,589188
1738764000,1.04275,1.04285,1.0426,1.04265,524,859.15,0,0,-266,-266,129,-395,-266,589188
1738764180,1.0427,1.0431,1.04255,1.04285,1803,936,0,1361,0,1361,1582,-221,1361,589188
1738764360,1.04285,1.04375,1.04285,1.04375,966,950.3,0,966,0,966,966,0,966,589188
1738764540,1.04375,1.0439,1.04345,1.04385,1436,992.65,0,0,-1134,-832,302,-1134,-832,589188
1738764720,1.0438,1.04415,1.0437,1.04405,829,996.7,0,642,0,455,642,-187,455,589188
1738764900,1.044,1.0441,1.0438,1.04405,384,905.1,0,0,-282,-180,102,-282,-180,589188
1738765080,1.04405,1.0442,1.04375,1.04405,329,868.95,0,0,-262,-195,67,-262,-195,589188
1738765260,1.04405,1.04435,1.04385,1.04425,440,848.6,0,330,-55,330,385,-55,330,589188
1738765440,1.04425,1.04425,1.0435,1.0439,1363,885.65,0,0,-837,-311,526,-837,-311,589188
1738765620,1.04395,1.0442,1.04365,1.04415,1158,908.05,0,228,-465,228,693,-465,228,589188
1738765800,1.04415,1.04435,1.04395,1.0441,840,895.2,0,174,-236,-20,410,-430,-20,589188
1738765980,1.04405,1.04425,1.0437,1.0437,565,836.9,0,136,-293,-293,136,-429,-293,589188
1738766160,1.0437,1.044,1.04355,1.0439,536,836.75,0,536,0,536,536,0,536,589188
1738766340,1.04395,1.04395,1.0434,1.04355,591,829.4,0,0,-591,-591,0,-591,-591,589188
1738766520,1.04355,1.0437,1.0434,1.0436,352,809.8,0,2,-175,2,177,-175,2,589188
1738766700,1.04365,1.0437,1.04325,1.04355,846,821,0,58,-394,58,452,-394,58,589188
1738766880,1.04355,1.04405,1.04355,1.044,729,809.3,0,729,0,729,729,0,729,589188
1738767060,1.044,1.04435,1.04385,1.04435,1966,861.65,0,1362,-302,1362,1664,-302,1362,589188
1738767240,1.04435,1.04455,1.0442,1.0444,1367,889.55,0,1038,0,709,1038,-329,709,589188
1738767420,1.0444,1.0445,1.0443,1.04445,1129,907.65,0,429,-350,429,779,-350,429,589188
1738767600,1.0445,1.0464,1.0445,1.0454,6319,1197.4,0,4194,0,2069,4194,-2125,2069,589188
1738767780,1.0454,1.0454,1.0444,1.04445,2035,1209,0,0,-2035,-2035,0,-2035,-2035,589188
1738767960,1.04445,1.0447,1.0441,1.0444,1932,1257.3,0,545,-426,10,971,-961,10,589188
1738768140,1.0444,1.04485,1.04415,1.04415,1308,1250.9,0,906,0,504,906,-402,504,589188
1738768320,1.0442,1.0446,1.04405,1.0445,675,1243.2,0,675,0,675,675,0,675,589188
1738768500,1.04445,1.045,1.04425,1.04495,1270,1287.5,0,1270,0,1270,1270,0,1270,589188
1738768680,1.04495,1.0451,1.04465,1.045,951,1318.6,0,573,0,573,762,-189,573,589188
1738768860,1.04495,1.04495,1.0442,1.0442,1123,1352.75,0,0,-1123,-1123,0,-1123,-1123,589188
1738769040,1.0442,1.0446,1.04395,1.044,706,1319.9,0,216,-274,-274,216,-490,-274,589188
1738769220,1.044,1.04435,1.044,1.044,603,1292.15,0,480,0,357,480,-123,357,589188
1738769400,1.044,1.0441,1.0437,1.04405,625,1281.4,0,0,-329,-33,296,-329,-33,589188
1738769580,1.04405,1.04405,1.0437,1.0438,678,1287.05,0,424,0,424,551,-127,424,589188
1738769760,1.04375,1.04405,1.04375,1.044,374,1278.95,0,374,0,374,374,0,374,589188
1738769940,1.044,1.04405,1.04345,1.04365,857,1292.25,0,0,-682,-507,175,-682,-507,589188
1738770120,1.0437,1.0439,1.04365,1.04375,411,1295.2,0,275,0,139,275,-136,139,589188
1738770300,1.0437,1.0439,1.0436,1.04385,550,1280.4,0,80,-235,80,315,-235,80,589188
1738770480,1.04385,1.0442,1.04375,1.04415,899,1288.9,0,899,0,899,899,0,899,589188
1738770660,1.04415,1.0445,1.0441,1.04425,1105,1245.85,0,829,0,553,829,-276,553,589188
1738770840,1.04425,1.04435,1.04355,1.04375,1263,1240.65,0,0,-901,-539,362,-901,-539,589188
1738771020,1.04375,1.04425,1.04375,1.0442,1397,1254.05,0,1397,0,1397,1397,0,1397,589188
1738771200,1.04415,1.04425,1.044,1.04405,1274,1001.8,0,0,-1274,-1274,0,-1274,-1274,589188
1738771380,1.0441,1.04445,1.04395,1.04415,1074,953.75,0,652,0,652,863,-211,652,589188
1738771560,1.04415,1.0442,1.04375,1.04375,829,898.6,0,197,-435,-435,197,-632,-435,589188
1738771740,1.04385,1.04405,1.0437,1.0437,399,853.15,0,287,0,175,287,-112,175,589188
1738771920,1.04375,1.04385,1.04335,1.0434,850,861.9,0,0,-440,-354,248,-602,-354,589188
1738772100,1.0434,1.0435,1.043,1.0431,916,844.2,0,0,-916,-916,0,-916,-916,589188
1738772280,1.0431,1.0436,1.0431,1.04355,261,809.7,0,261,0,261,261,0,261,589188
1738772460,1.04355,1.0439,1.04355,1.04385,503,778.7,0,220,0,219,361,-142,219,589188
1738772640,1.04385,1.04405,1.0437,1.04375,429,764.85,0,51,-136,-55,187,-242,-55,589188
1738772820,1.04375,1.04385,1.0437,1.0438,372,753.3,0,124,-124,124,248,-124,124,589188
1738773000,1.04375,1.0442,1.04375,1.0442,755,759.8,0,755,0,755,755,0,755,589188
1738773180,1.0442,1.04445,1.0441,1.0442,650,758.4,0,222,-206,-206,222,-428,-206,589188
1738773360,1.0442,1.0442,1.0439,1.04405,392,759.3,0,0,-355,-318,37,-355,-318,589188
1738773540,1.04405,1.04415,1.0437,1.04375,328,732.85,0,63,-202,-202,63,-265,-202,589188
1738773720,1.04375,1.04385,1.04355,1.04365,667,745.65,0,241,-213,241,454,-213,241,589188
1738773900,1.0436,1.0436,1.04305,1.04315,1003,768.3,0,0,-563,-563,220,-783,-563,589188
1738774080,1.04315,1.04355,1.04305,1.04335,539,750.3,0,400,0,261,400,-139,261,589188
1738774260,1.04335,1.0437,1.04335,1.0437,234,706.75,0,234,0,234,234,0,234,589188
1738774440,1.0437,1.0437,1.04335,1.0435,177,652.45,0,0,-121,-65,56,-121,-65,589188
1738774620,1.04345,1.0438,1.04345,1.0438,211,593.15,0,211,0,211,211,0,211,589188
1738774800,1.0438,1.0441,1.04375,1.04405,305,544.7,0,305,0,305,305,0,305,589188
1738774980,1.04405,1.04425,1.04395,1.04425,236,502.8,0,94,-50,94,165,-71,94,589188
1738775160,1.04425,1.0444,1.044,1.044,316,477.15,0,0,-316,-316,0,-316,-316,589188
1738775340,1.0441,1.0442,1.044,1.04415,314,472.9,0,63,-107,-26,144,-170,-26,589188
1738775520,1.04415,1.0443,1.04395,1.04395,278,444.3,0,32,-214,-214,32,-246,-214,589188
1738775700,1.044,1.044,1.04355,1.04355,620,429.5,0,50,-520,-520,50,-570,-520,589188
1738775880,1.04355,1.04355,1.04325,1.0434,595,446.2,0,0,-365,-135,230,-365,-135,589188
1738776060,1.04335,1.0434,1.04315,1.0434,332,437.65,0,0,-166,0,166,-166,0,589188
1738776240,1.0434,1.0434,1.043,1.04335,362,434.3,0,0,-217,-72,145,-217,-72,589188
1738776420,1.04335,1.04345,1.04315,1.0433,307,431.05,0,0,-307,-307,0,-307,-307,589188
1738776600,1.0433,1.0435,1.04325,1.0435,302,408.4,0,123,0,94,198,-104,94,589188
1738776780,1.04345,1.04365,1.0434,1.0436,462,399,0,462,0,462,462,0,462,589188
1738776960,1.04365,1.04385,1.0436,1.04375,334,396.1,0,261,0,188,261,-73,188,589188
1738777140,1.04375,1.0438,1.0436,1.0437,180,388.7,0,25,-46,-38,71,-109,-38,589188
1738777320,1.04365,1.0438,1.0436,1.04375,278,369.25,0,2,-138,2,140,-138,2,589188
1738777500,1.04375,1.04395,1.04375,1.04385,306,334.4,0,94,-25,94,200,-106,94,589188
1738777680,1.0438,1.0439,1.04375,1.0439,177,316.3,0,177,0,177,177,0,177,589188
1738777860,1.0439,1.04415,1.04385,1.04405,213,315.25,0,183,0,153,183,-30,153,589188
1738778040,1.04405,1.0441,1.0438,1.04385,172,315,0,0,-172,-172,0,-172,-172,589188
1738778220,1.0438,1.044,1.04365,1.044,242,316.55,0,16,-113,16,129,-113,16,589188
1738778400,1.0439,1.04405,1.04385,1.04385,229,312.75,0,161,0,93,161,-68,93,589188
1738778580,1.0438,1.0439,1.04375,1.0438,122,307.05,0,96,0,96,109,-13,96,589188
1738778760,1.0438,1.0438,1.04345,1.04345,209,301.7,0,0,-209,-209,0,-209,-209,589188
1738778940,1.0434,1.0436,1.0434,1.0435,115,291.75,0,87,0,59,87,-28,59,589188
1738779120,1.0435,1.0437,1.04345,1.0437,171,286.4,0,171,0,171,171,0,171,589188
1738779300,1.0437,1.0438,1.04365,1.04375,64,258.6,0,64,0,64,64,0,64,589188
1738779480,1.0437,1.04405,1.0437,1.044,167,237.2,0,167,0,167,167,0,167,589188
1738779660,1.044,1.044,1.04385,1.04385,210,231.1,0,0,-210,-210,0,-210,-210,589188
1738779840,1.0438,1.0438,1.0436,1.0438,105,218.25,0,0,-65,-25,40,-65,-25,589188
1738780020,1.04385,1.0439,1.04375,1.0438,133,209.55,0,56,-23,25,79,-54,25,589188
1738780200,1.0438,1.0439,1.0437,1.0437,124,200.65,0,63,0,2,63,-61,2,589188
1738780380,1.04375,1.04385,1.04365,1.04385,69,181,0,51,-9,51,60,-9,51,589188
1738780560,1.04385,1.044,1.04385,1.044,111,169.85,0,111,0,111,111,0,111,589188
1738780740,1.044,1.0441,1.04395,1.044,97,165.7,0,34,-13,-3,47,-50,-3,589188
1738780920,1.044,1.0441,1.04395,1.04395,209,162.25,0,31,-69,-69,70,-139,-69,589188
1738781100,1.04395,1.04395,1.04365,1.0437,318,162.85,0,0,-318,-318,0,-318,-318,589188
1738781280,1.0437,1.04375,1.0436,1.0436,232,165.6,0,0,-232,-232,0,-232,-232,589188
1738781460,1.0436,1.04365,1.0435,1.04355,181,164,0,99,-16,99,140,-41,99,589188
1738781640,1.04355,1.04365,1.04355,1.04355,344,172.6,0,97,-150,-150,97,-247,-150,589188
1738781820,1.04355,1.0437,1.0435,1.04355,446,182.8,0,131,-184,-184,131,-315,-184,589188
1738782000,1.04355,1.04365,1.0433,1.0436,354,189.05,0,0,-298,-242,56,-298,-242,589188
1738782180,1.04355,1.04355,1.0433,1.04335,246,195.25,0,0,-246,-246,0,-246,-246,589188
1738782360,1.04335,1.04345,1.0433,1.04345,312,200.4,0,312,0,312,312,0,312,589188
1738782540,1.0434,1.0434,1.04315,1.0432,550,222.15,0,240,-155,240,395,-155,240,589188
1738782720,1.0432,1.04325,1.0431,1.04325,164,221.8,0,164,0,164,164,0,164,589188
1738782900,1.0432,1.0434,1.0432,1.04325,569,247.05,0,219,-131,-131,219,-350,-131,589188
1738783080,1.04325,1.04335,1.04315,1.04315,286,253,0,0,-286,-286,0,-286,-286,589188
1738783260,1.04315,1.04315,1.04295,1.04305,275,256.25,0,0,-162,-49,113,-162,-49,589188
1738783440,1.043,1.0431,1.04295,1.04305,189,260.45,0,105,0,93,141,-48,93,589188
1738783620,1.043,1.0434,1.043,1.04335,311,269.35,0,311,0,311,311,0,311,589188
1738783800,1.04335,1.04335,1.04315,1.04315,280,277.15,0,0,-280,-280,0,-280,-280,589188
1738783980,1.0431,1.0432,1.043,1.04305,338,290.6,0,127,-39,-6,166,-172,-6,589188
1738784160,1.04305,1.04305,1.04275,1.043,575,313.8,0,0,-542,-509,33,-542,-509,589188
1738784340,1.0429,1.04295,1.0427,1.0428,410,329.45,0,0,-244,-78,166,-244,-78,589188
1738784520,1.04285,1.04285,1.04265,1.04275,319,334.95,0,99,-11,99,209,-110,99,589188
1738784700,1.04275,1.04285,1.0426,1.0427,351,336.6,0,0,-231,-231,60,-291,-231,589188
1738784880,1.0427,1.0428,1.04255,1.04255,383,344.15,0,81,-221,-221,81,-302,-221,589188
1738785060,1.04255,1.04285,1.0425,1.0426,638,367,0,419,0,200,419,-219,200,589188
1738785240,1.0426,1.0427,1.0424,1.04245,484,374,0,0,-484,-484,0,-484,-484,589188
1738785420,1.04245,1.04275,1.0424,1.04265,1276,415.5,0,1276,0,1276,1276,0,1276,589188
1738785600,1.04265,1.0427,1.0424,1.0426,404,418,0,0,-321,-238,83,-321,-238,589188
1738785780,1.0426,1.0426,1.04235,1.04235,345,422.95,0,0,-345,-345,0,-345,-345,589188
1738785960,1.0424,1.0424,1.0422,1.04225,298,422.25,0,0,-298,-298,0,-298,-298,589188
1738786140,1.04225,1.0423,1.04215,1.04225,410,415.25,0,0,-257,-104,153,-257,-104,589188
1738786320,1.04225,1.04225,1.0421,1.0422,216,417.85,0,0,-165,-114,51,-165,-114,589188
1738786500,1.04225,1.0423,1.0422,1.04225,94,394.1,0,18,-38,18,56,-38,18,589188
1738786680,1.04225,1.0424,1.0422,1.0423,559,407.75,0,183,-193,-193,183,-376,-193,589188
1738786860,1.04235,1.04245,1.04225,1.0423,171,402.55,0,78,-15,-15,78,-93,-15,589188
1738787040,1.04235,1.0424,1.04225,1.0424,105,398.35,0,0,-53,-1,52,-53,-1,589188
1738787220,1.0424,1.04245,1.0423,1.04245,167,391.15,0,39,-64,39,103,-64,39,589188
1738787400,1.0424,1.0424,1.04225,1.04235,157,385,0,0,-108,-59,49,-108,-59,589188
1738787580,1.04235,1.04245,1.04235,1.04245,122,374.2,0,122,0,122,122,0,122,589188
1738787760,1.04245,1.04245,1.0423,1.0423,195,355.2,0,0,-195,-195,0,-195,-195,589188
1738787940,1.0423,1.04235,1.0422,1.04235,159,342.65,0,21,-69,21,90,-69,21,589188
1738788120,1.0424,1.0424,1.0423,1.04235,155,334.45,0,21,-39,-35,60,-95,-35,589188
1738788300,1.04235,1.04235,1.04225,1.04225,214,327.6,0,0,-214,-214,0,-214,-214,589188
1738788480,1.04225,1.04235,1.0422,1.04235,179,317.4,0,0,-99,-19,80,-99,-19,589188
1738788660,1.0423,1.0426,1.0423,1.04255,224,296.7,0,224,0,224,224,0,224,589188
1738788840,1.0426,1.04265,1.04245,1.04245,446,294.8,0,131,-184,-184,131,-315,-184,589188
1738789020,1.04245,1.0426,1.04235,1.04245,804,271.2,0,310,-184,-184,310,-494,-184,589188
1738789200,1.0424,1.04265,1.0424,1.04245,364,269.2,0,244,0,124,244,-120,124,589188
1738789380,1.04245,1.0425,1.04235,1.04235,109,257.4,0,24,-61,-61,24,-85,-61,589188
1738789560,1.04235,1.04235,1.04215,1.04215,119,248.45,0,0,-119,-119,0,-119,-119,589188
1738789740,1.0422,1.04225,1.04215,1.04225,16,228.75,0,12,-2,12,14,-2,12,589188
1738789920,1.04225,1.04235,1.04225,1.04235,32,219.55,0,32,0,32,32,0,32,589188
1738790100,1.0424,1.04255,1.04235,1.0425,281,228.9,0,281,0,281,281,0,281,589188
1738790280,1.0425,1.0425,1.0424,1.0424,65,204.2,0,0,-65,-65,0,-65,-65,589188
1738790460,1.04235,1.0425,1.04235,1.0425,72,199.25,0,72,0,72,72,0,72,589188
1738790640,1.04245,1.04245,1.0424,1.04245,63,197.15,0,0,-56,-49,7,-56,-49,589188
1738790820,1.04245,1.04245,1.04225,1.04235,114,194.5,0,1,-68,-24,45,-69,-24,589188
1738791000,1.0423,1.04235,1.04225,1.0423,68,190.05,0,35,0,2,35,-33,2,589188
1738791180,1.04225,1.0423,1.0422,1.04225,52,186.55,0,0,-52,-52,0,-52,-52,589188
1738791360,1.0423,1.0423,1.0422,1.0422,159,184.75,0,116,0,73,116,-43,73,589188
1738791540,1.0422,1.04225,1.0421,1.0421,207,187.15,0,0,-207,-207,0,-207,-207,589188
1738791720,1.04205,1.0421,1.04175,1.0418,357,197.25,0,0,-357,-357,0,-357,-357,589188
1738791900,1.0418,1.0419,1.04165,1.04175,406,206.85,0,0,-406,-406,0,-406,-406,589188
1738792080,1.0418,1.04185,1.0417,1.0417,158,205.8,0,51,-56,-56,51,-107,-56,589188
1738792260,1.0417,1.04185,1.0417,1.04175,76,198.4,0,41,0,6,41,-35,6,589188
1738792440,1.0418,1.04215,1.0418,1.04215,236,187.9,0,236,0,236,236,0,236,589188
1738792620,1.04215,1.04235,1.04215,1.0423,68,151.1,0,50,0,50,59,-9,50,588879
1738796400,1.0424,1.0424,1.0418,1.0418,154,140.6,0,0,-154,-154,0,-154,-154,588879
1738796580,1.0418,1.04195,1.0418,1.04195,47,137.5,0,17,-15,17,32,-15,17,588879
1738796760,1.04185,1.04185,1.0417,1.04175,160,139.55,0,0,-128,-96,32,-128,-96,588879
1738796940,1.0417,1.0419,1.04165,1.04175,84,142.95,0,40,-4,-4,40,-44,-4,588879
1738797120,1.04165,1.0417,1.0416,1.0416,64,144.55,0,9,-17,-12,26,-38,-12,588879
1738797300,1.04155,1.04185,1.04155,1.04185,60,133.5,0,60,0,60,60,0,60,588879
1738797480,1.04185,1.042,1.0418,1.042,54,132.95,0,54,0,54,54,0,54,588879
1738797660,1.042,1.04205,1.04195,1.042,23,130.5,0,14,0,5,14,-9,5,588879
1738797840,1.0421,1.04225,1.0421,1.04225,24,128.55,0,24,0,24,24,0,24,588879
1738798020,1.04225,1.04225,1.0421,1.0421,18,123.75,0,0,-18,-18,0,-18,-18,588879
1738798200,1.04215,1.04225,1.04215,1.04215,60,123.35,0,35,0,10,35,-25,10,588879
1738798380,1.04215,1.04215,1.0419,1.0419,34,122.45,0,0,-34,-34,0,-34,-34,588879
1738798560,1.04185,1.04185,1.0418,1.0418,12,115.1,0,0,-12,-12,0,-12,-12,588879
1738798740,1.0418,1.0418,1.0416,1.04165,95,109.5,0,0,-95,-95,0,-95,-95,588879
1738798920,1.0417,1.0417,1.04165,1.04165,34,93.35,0,28,0,22,28,-6,22,588879
1738799100,1.0417,1.0419,1.0417,1.0419,70,76.55,0,50,0,42,56,-14,42,588879
1738799280,1.04185,1.04215,1.04185,1.0421,76,72.45,0,76,0,76,76,0,76,588879
1738799460,1.0421,1.0421,1.04185,1.04205,65,71.9,0,0,-45,-25,20,-45,-25,588879
1738799640,1.04195,1.04195,1.04185,1.0419,62,63.2,0,0,-62,-62,0,-62,-62,588879
1738799820,1.0419,1.0419,1.04165,1.04165,88,64.2,0,0,-88,-88,0,-88,-88,588879
1738800000,1.04175,1.04195,1.04175,1.0418,182,65.6,0,136,0,136,159,-23,136,588879
1738800180,1.0418,1.0419,1.0418,1.0419,47,65.6,0,19,0,19,33,-14,19,588879
1738800360,1.042,1.04205,1.0419,1.04195,53,60.25,0,27,0,21,37,-16,21,588879
1738800540,1.04195,1.04195,1.0419,1.0419,49,58.5,0,37,0,25,37,-12,25,588879
1738800720,1.04185,1.04205,1.04185,1.04205,40,57.3,0,40,0,40,40,0,40,588879
1738800900,1.042,1.04205,1.0418,1.0418,45,56.55,0,0,-45,-45,0,-45,-45,588879
1738801080,1.04175,1.04175,1.0415,1.0415,112,59.45,0,0,-112,-112,0,-112,-112,588879
1738801260,1.0415,1.0417,1.0415,1.0417,78,62.2,0,42,-18,42,60,-18,42,588879
1738801440,1.04165,1.0417,1.04155,1.0417,42,63.1,0,0,-24,-6,18,-24,-6,588879
1738801620,1.0417,1.0418,1.0417,1.0418,27,63.55,0,27,0,27,27,0,27,588879
1738801800,1.0418,1.0419,1.0418,1.0418,61,63.6,0,47,0,33,47,-14,33,588879
1738801980,1.0418,1.0418,1.04175,1.04175,56,64.7,0,0,-56,-56,0,-56,-56,588879
1738802160,1.0417,1.0418,1.0417,1.04175,29,65.55,0,2,-9,-7,11,-18,-7,588879
1738802340,1.0417,1.04175,1.0416,1.04175,43,62.95,0,3,-20,3,23,-20,3,588879
1738802520,1.0418,1.04185,1.04175,1.04175,27,62.6,0,8,-11,-11,8,-19,-11,588879
1738802700,1.0418,1.0418,1.0415,1.04155,73,62.75,0,0,-73,-73,0,-73,-73,588879
1738802880,1.0415,1.0415,1.04135,1.04135,101,64,0,0,-101,-101,0,-101,-101,588879
1738803060,1.0414,1.04145,1.04135,1.04145,91,65.3,0,91,0,91,91,0,91,588879
1738803240,1.0414,1.04155,1.0413,1.0414,340,79.2,0,106,-128,-128,106,-234,-128,588879
1738803420,1.04145,1.0416,1.04135,1.0416,86,79.1,0,86,0,86,86,0,86,588879
1738803600,1.0416,1.04165,1.0415,1.0415,92,74.6,0,22,-48,-48,22,-70,-48,588879
1738803780,1.04145,1.04175,1.04135,1.04175,43,74.4,0,17,-13,17,30,-13,17,588879
1738803960,1.04175,1.04175,1.04155,1.04155,87,76.1,0,0,-87,-87,0,-87,-87,588879
1738804140,1.04155,1.0417,1.0415,1.04165,45,75.9,0,31,-7,31,38,-7,31,588879
1738804320,1.04175,1.0418,1.04165,1.04175,34,75.6,0,16,0,10,22,-12,10,588879
1738804500,1.0418,1.04205,1.04175,1.04205,60,76.35,0,44,-8,44,52,-8,44,588879
1738804680,1.042,1.042,1.04185,1.04185,22,71.85,0,0,-22,-22,0,-22,-22,588879
1738804860,1.04185,1.042,1.04185,1.0419,50,70.45,0,46,-1,44,47,-3,44,588879
1738805040,1.0419,1.04195,1.0418,1.0418,176,77.15,0,140,0,104,140,-36,104,588879
1738805220,1.0418,1.0419,1.04175,1.04185,31,77.35,0,4,-15,-7,12,-19,-7,588879
1738805400,1.0418,1.04205,1.0418,1.04205,119,80.25,0,73,0,73,96,-23,73,588879
1738805580,1.0421,1.04215,1.0419,1.042,499,102.4,0,421,0,343,421,-78,343,588879
1738805760,1.04195,1.04215,1.04195,1.042,101,106,0,0,-71,-71,15,-86,-71,588879
1738805940,1.04205,1.04215,1.04195,1.04195,223,115,0,138,0,53,138,-85,53,588879
1738806120,1.04195,1.04205,1.0418,1.04195,78,117.55,0,0,-33,-14,32,-46,-14,588879
1738806300,1.042,1.04205,1.04195,1.042,95,118.65,0,53,-21,53,74,-21,53,588879
1738806480,1.04205,1.04215,1.042,1.04205,124,119.8,0,81,0,38,81,-43,38,588879
1738806660,1.042,1.04215,1.0419,1.04205,108,120.65,0,36,-36,36,72,-36,36,588879
1738806840,1.04205,1.0423,1.04205,1.0423,64,106.85,0,64,0,64,64,0,64,588879
1738807020,1.0422,1.0422,1.042,1.042,141,109.6,0,0,-141,-141,0,-141,-141,588879
1738807200,1.04205,1.0421,1.04205,1.0421,57,107.85,0,57,0,57,57,0,57,588879
1738807380,1.04215,1.0423,1.0421,1.0421,56,108.5,0,35,0,14,35,-21,14,588879
1738807560,1.04215,1.0423,1.04215,1.0423,55,106.9,0,18,-9,1,28,-27,1,588879
1738807740,1.0422,1.04235,1.0422,1.04235,100,109.65,0,100,0,100,100,0,100,588879
1738807920,1.04225,1.04225,1.04195,1.04195,86,112.25,0,0,-86,-86,0,-86,-86,588879
1738808100,1.0419,1.04195,1.04165,1.04165,85,113.5,0,0,-85,-85,0,-85,-85,588879
1738808280,1.0416,1.04175,1.04155,1.0417,139,119.35,0,125,0,111,125,-14,111,588879
1738808460,1.04165,1.0417,1.0413,1.04135,152,124.45,0,10,-132,-132,10,-142,-132,588879
1738808640,1.04135,1.0414,1.04115,1.0413,101,120.7,0,27,-37,27,64,-37,27,588879
1738808820,1.04125,1.0413,1.0412,1.04125,70,122.65,0,0,-46,-22,24,-46,-22,588879
1738809000,1.04125,1.04125,1.04105,1.04105,106,122,0,0,-106,-106,0,-106,-106,588879
1738809180,1.04115,1.0412,1.041,1.0411,72,100.65,0,20,-32,-32,20,-52,-32,588879
1738809360,1.04105,1.04105,1.04095,1.04095,94,100.3,0,0,-94,-94,0,-94,-94,588879
1738809540,1.041,1.04115,1.04095,1.0411,171,97.7,0,42,-87,-87,42,-129,-87,588879
1738809720,1.0411,1.0412,1.041,1.04115,51,96.35,0,51,0,51,51,0,51,588879
1738809900,1.0412,1.0413,1.04105,1.04105,57,94.45,0,17,-23,-23,17,-40,-23,588879
1738810080,1.04105,1.04135,1.04105,1.04135,71,91.8,0,71,0,71,71,0,71,588879
1738810260,1.0413,1.04145,1.04125,1.04145,98,91.3,0,26,-36,26,62,-36,26,588879
1738810440,1.0415,1.04155,1.04145,1.0415,73,91.75,0,55,0,37,55,-18,37,588879
1738810620,1.0415,1.0415,1.0413,1.04135,74,88.4,0,0,-45,-42,16,-58,-42,588879
1738810800,1.0413,1.04145,1.0413,1.0413,60,88.55,0,23,-14,-14,23,-37,-14,588879
1738810980,1.04125,1.04125,1.0412,1.04125,20,86.75,0,0,-15,-10,5,-15,-10,588879
1738811160,1.04125,1.0413,1.0412,1.0412,45,86.25,0,19,-7,-7,19,-26,-7,588879
1738811340,1.04125,1.04125,1.04105,1.04105,68,84.65,0,0,-68,-68,0,-68,-68,588879
1738811520,1.0411,1.0412,1.04105,1.04115,48,82.75,0,28,-10,28,38,-10,28,588879
1738811700,1.04115,1.0412,1.0411,1.0412,21,79.55,0,0,-14,-7,7,-14,-7,588879
1738811880,1.0412,1.0412,1.04115,1.04115,49,75.05,0,17,-15,-15,17,-32,-15,588879
1738812060,1.04115,1.0413,1.0411,1.04125,40,69.45,0,28,-6,28,34,-6,28,588879
1738812240,1.04115,1.0412,1.04115,1.04115,15,65.15,0,0,-15,-15,0,-15,-15,588879
1738812420,1.04115,1.04115,1.0411,1.04115,10,62.15,0,4,-3,4,7,-3,4,588879
1738812600,1.04115,1.04115,1.04105,1.0411,12,57.45,0,6,-3,6,9,-3,6,588879
1738812780,1.0411,1.0413,1.0411,1.04125,68,57.25,0,57,0,46,57,-11,46,588879
1738812960,1.04125,1.04125,1.0411,1.04115,55,55.3,0,0,-55,-55,0,-55,-55,588879
1738813140,1.04115,1.04115,1.0411,1.0411,23,47.9,0,0,-23,-23,0,-23,-23,588879
1738813320,1.0411,1.0411,1.04095,1.04095,93,50,0,30,-21,-21,36,-57,-21,588879
1738813500,1.0409,1.04105,1.0409,1.041,30,48.65,0,30,0,30,30,0,30,588879
1738813680,1.04105,1.04105,1.0408,1.0409,149,52.55,0,6,-137,-137,6,-143,-137,588879
1738813860,1.0409,1.0409,1.04075,1.04075,121,53.7,0,0,-121,-121,0,-121,-121,588879
1738814040,1.04085,1.04095,1.04075,1.0409,86,54.35,0,0,-43,0,43,-43,0,588879
1738814220,1.0409,1.04105,1.04085,1.04105,141,57.7,0,141,0,141,141,0,141,588879
1738814400,1.04105,1.04105,1.041,1.041,35,56.45,0,0,-35,-35,0,-35,-35,588879
1738814580,1.04095,1.04105,1.0409,1.041,69,58.9,0,48,0,27,48,-21,27,588879
1738814760,1.04095,1.04095,1.04095,1.04095,10,57.15,0,0,-10,-10,0,-10,-10,588879
1738814940,1.0409,1.04105,1.04085,1.04105,39,55.7,0,27,-6,27,33,-6,27,588879
1738815120,1.041,1.0411,1.041,1.04105,44,55.5,0,44,0,44,44,0,44,588879
1738815300,1.041,1.04105,1.04095,1.04105,62,57.55,0,48,-7,48,55,-7,48,588879
1738815480,1.041,1.0411,1.041,1.04105,112,60.7,0,112,0,112,112,0,112,588879
1738815660,1.04105,1.0412,1.041,1.0412,102,63.8,0,48,0,48,75,-27,48,588879
1738815840,1.04115,1.04115,1.04115,1.04115,30,64.55,0,0,-30,-30,0,-30,-30,588879
1738816020,1.04115,1.04115,1.041,1.041,35,65.8,0,0,-35,-35,0,-35,-35,588879
1738816200,1.04095,1.04105,1.04095,1.04105,27,66.55,0,0,-19,-11,8,-19,-11,588879
1738816380,1.041,1.041,1.04085,1.04085,51,65.7,0,0,-51,-51,0,-51,-51,588879
1738816560,1.04085,1.04085,1.04075,1.04075,74,66.65,0,0,-74,-74,0,-74,-74,588879
1738816740,1.0407,1.0407,1.0406,1.0407,49,67.95,0,0,-43,-37,6,-43,-37,588879
1738816920,1.0407,1.0407,1.04065,1.04065,67,66.65,0,37,0,7,37,-30,7,588879
1738817100,1.0406,1.04065,1.04055,1.04055,79,69.1,0,0,-79,-79,0,-79,-79,588879
1738817280,1.0405,1.0405,1.04045,1.0405,69,65.1,0,0,-64,-59,5,-64,-59,588879
1738817460,1.0405,1.0405,1.04035,1.0405,105,64.3,0,49,-28,49,77,-28,49,588879
1738817640,1.0405,1.0406,1.04045,1.0405,224,71.2,0,218,0,212,218,-6,212,588879
1738817820,1.04045,1.04055,1.04045,1.0405,16,64.95,0,12,0,8,12,-4,8,588879
1738818000,1.04055,1.0407,1.0405,1.04065,131,69.75,0,92,0,53,92,-39,53,588879
1738818180,1.04065,1.0407,1.0406,1.04065,49,68.75,0,0,-31,-31,9,-40,-31,588879
1738818360,1.04065,1.04065,1.04065,1.04065,13,68.9,0,0,-13,-13,0,-13,-13,588879
1738818540,1.0406,1.04075,1.0406,1.04065,48,69.35,0,22,-13,22,35,-13,22,588879
1738818720,1.0407,1.0407,1.04055,1.04065,67,70.5,0,0,-51,-35,16,-51,-35,588879
1738818900,1.04065,1.04065,1.0405,1.04055,73,71.05,0,0,-40,-7,33,-40,-7,588879
1738819080,1.0406,1.0407,1.04055,1.0406,116,71.25,0,105,0,94,105,-11,94,588879
1738819260,1.0406,1.04075,1.0406,1.04075,47,68.5,0,23,0,23,35,-12,23,588879
1738819440,1.04075,1.0408,1.04075,1.04075,52,69.6,0,26,0,0,26,-26,0,588879
1738819620,1.0408,1.04085,1.0407,1.0407,84,72.05,0,32,-20,-20,32,-52,-20,588879
1738819800,1.0407,1.04075,1.04065,1.04075,75,74.45,0,0,-48,-21,27,-48,-21,588879
1738819980,1.04075,1.04085,1.04065,1.04075,61,74.95,0,23,0,23,42,-19,23,588879
1738820160,1.04075,1.0408,1.04065,1.04065,30,72.75,0,2,-26,-26,2,-28,-26,588879
1738820340,1.04065,1.04065,1.04055,1.0406,20,71.3,0,0,-20,-20,0,-20,-20,588879
1738820520,1.04055,1.04065,1.04055,1.04065,26,69.25,0,26,0,26,26,0,26,588879
1738820700,1.0406,1.0406,1.04055,1.04055,31,66.85,0,0,-31,-31,0,-31,-31,588879
1738820880,1.0406,1.04065,1.0406,1.04065,54,66.1,0,54,0,54,54,0,54,588879
1738821060,1.04065,1.04065,1.0405,1.0405,26,62.15,0,0,-26,-26,0,-26,-26,588879
1738821240,1.0406,1.04065,1.0406,1.0406,51,53.5,0,48,0,45,48,-3,45,588879
1738821420,1.04055,1.04055,1.04045,1.04045,58,55.6,0,0,-58,-58,0,-58,-58,588879
1738821600,1.0404,1.04055,1.0404,1.04055,93,53.7,0,93,0,93,93,0,93,588879
1738821780,1.04055,1.0406,1.0404,1.04045,102,56.35,0,18,-66,-66,18,-84,-66,588879
1738821960,1.04045,1.0405,1.0404,1.04045,220,66.7,0,0,-197,-174,23,-197,-174,588879
1738822140,1.04045,1.0405,1.04035,1.0405,162,72.4,0,67,0,56,109,-53,56,588879
1738822320,1.0405,1.04055,1.04045,1.04045,34,70.75,0,0,-34,-34,0,-34,-34,588879
1738822500,1.04045,1.0405,1.04045,1.0405,23,68.25,0,23,0,23,23,0,23,588879
1738822680,1.0405,1.04055,1.04045,1.04055,106,67.75,0,106,0,106,106,0,106,588879
1738822860,1.0405,1.04055,1.0405,1.04055,59,68.35,0,1,-29,1,30,-29,1,588879
1738823040,1.0406,1.04075,1.0406,1.0407,112,71.35,0,112,0,112,112,0,112,588879
1738823220,1.0407,1.04075,1.04055,1.0406,76,70.95,0,11,-54,-54,11,-65,-54,588879
1738823400,1.04055,1.04065,1.04055,1.04065,109,72.65,0,109,0,109,109,0,109,588879
1738823580,1.0407,1.04085,1.0406,1.04085,58,72.5,0,58,0,58,58,0,58,588879
1738823760,1.04085,1.04105,1.04085,1.04095,210,81.5,0,99,-12,-12,99,-111,-12,588879
1738823940,1.0409,1.04105,1.0409,1.04105,89,84.95,0,89,0,89,89,0,89,588879
1738824120,1.04105,1.0411,1.041,1.041,68,87.05,0,28,-12,-12,28,-40,-12,588879
1738824300,1.041,1.041,1.0407,1.0407,175,94.25,0,0,-175,-175,0,-175,-175,588879
1738824480,1.0407,1.04075,1.04055,1.04065,179,100.5,0,0,-101,-23,78,-101,-23,588879
1738824660,1.0407,1.04085,1.0407,1.04085,152,106.8,0,152,0,152,152,0,152,588879
1738824840,1.0409,1.0409,1.0407,1.0407,148,111.65,0,91,0,34,91,-57,34,588879
1738825020,1.0407,1.0408,1.04065,1.0408,67,112.1,0,67,0,67,67,0,67,588879
1738825200,1.0408,1.0409,1.04055,1.04065,727,143.8,0,0,-521,-521,103,-624,-521,588879
1738825380,1.0407,1.04075,1.04055,1.0406,125,144.95,0,59,-7,-7,59,-66,-7,588879
1738825560,1.0406,1.04075,1.04045,1.04065,212,144.55,0,0,-178,-144,34,-178,-144,588879
1738825740,1.04065,1.0407,1.04045,1.0407,255,149.2,0,0,-139,-23,116,-139,-23,588879
1738825920,1.0407,1.0408,1.0403,1.04035,432,169.1,0,227,0,22,227,-205,22,588879
1738826100,1.0404,1.0406,1.04025,1.0406,228,179.35,0,118,-55,118,173,-55,118,588879
1738826280,1.0406,1.0408,1.04055,1.0408,241,186.1,0,241,0,241,241,0,241,588879
1738826460,1.0408,1.04095,1.0408,1.04095,319,199.1,0,319,0,319,319,0,319,588879
1738826640,1.04095,1.04095,1.04055,1.04065,261,206.55,0,0,-194,-127,67,-194,-127,588879
1738826820,1.0406,1.0407,1.04055,1.0407,79,206.7,0,0,-46,-13,33,-46,-13,588879
1738827000,1.04075,1.04075,1.0403,1.04035,272,214.85,0,0,-272,-272,0,-272,-272,588879
1738827180,1.0403,1.0403,1.04015,1.04025,343,229.1,0,0,-255,-167,88,-255,-167,588879
1738827360,1.04025,1.04055,1.0402,1.0405,245,230.85,0,245,0,245,245,0,245,588879
1738827540,1.0405,1.04055,1.0403,1.0403,273,240.05,0,54,-165,-165,54,-219,-165,588879
1738827720,1.0403,1.04045,1.0402,1.0403,359,254.6,0,217,0,75,217,-142,75,588879
1738827900,1.0403,1.04035,1.04005,1.0401,543,273,0,0,-543,-543,0,-543,-543,588879
1738828080,1.04015,1.0403,1.04005,1.0401,268,277.45,0,34,-200,-200,34,-234,-200,588879
1738828260,1.0401,1.04025,1.0398,1.03985,1011,320.4,0,168,-675,-675,168,-843,-675,588879
1738828440,1.0398,1.04005,1.0396,1.0399,767,351.35,0,0,-404,-335,216,-551,-335,588879
1738828620,1.0399,1.04,1.0397,1.03985,324,364.2,0,8,-118,-118,103,-221,-118,588879
1738828800,1.03985,1.03985,1.0396,1.0397,746,365.15,0,18,-263,-184,281,-465,-184,588879
1738828980,1.0397,1.0399,1.0397,1.0398,555,386.65,0,396,0,237,396,-159,237,588879
1738829160,1.0398,1.03985,1.0394,1.0395,743,413.2,0,0,-743,-743,0,-743,-743,588879
1738829340,1.0395,1.0395,1.03905,1.0392,1583,479.6,0,0,-814,-351,616,-967,-351,588879
1738829520,1.03925,1.03925,1.0388,1.039,771,496.55,0,293,-239,293,532,-239,293,588879
1738829700,1.039,1.03915,1.0388,1.0391,457,508,0,134,-71,47,252,-205,47,588879
1738829880,1.0391,1.0391,1.03855,1.03855,502,521.05,0,0,-502,-502,0,-502,-502,588879
1738830060,1.0386,1.03905,1.0386,1.03905,530,531.6,0,530,0,530,530,0,530,588879
1738830240,1.03905,1.0391,1.03865,1.0388,745,555.8,0,0,-525,-525,110,-635,-525,588879
1738830420,1.03875,1.03875,1.03805,1.03815,1374,620.55,0,0,-1374,-1374,0,-1374,-1374,588879
1738830600,1.03815,1.0383,1.03765,1.0379,1522,683.05,0,0,-1522,-1522,0,-1522,-1522,588879
1738830780,1.0379,1.03815,1.0376,1.03805,824,707.1,0,0,-468,-392,216,-608,-392,588879
1738830960,1.03805,1.03835,1.03805,1.03825,597,724.7,0,330,0,63,330,-267,63,588879
1738831140,1.03825,1.03835,1.038,1.038,668,744.45,0,259,-150,-150,259,-409,-150,588879
1738831320,1.03805,1.0382,1.03775,1.038,610,757,0,288,-11,288,449,-161,288,588879
1738831500,1.03805,1.0381,1.0378,1.038,485,754.1,0,124,-88,61,273,-212,61,588879
1738831680,1.038,1.038,1.03755,1.0376,625,771.95,0,41,-236,-71,277,-348,-71,588879
1738831860,1.0376,1.03785,1.0374,1.0378,517,747.25,0,47,-235,47,282,-235,47,588879
1738832040,1.03785,1.0382,1.03785,1.0381,546,736.2,0,546,0,546,546,0,546,588879
1738832220,1.0381,1.03835,1.03805,1.0383,675,753.75,0,675,0,675,675,0,675,588879
1738832400,1.0383,1.0384,1.03825,1.03835,600,746.45,0,600,0,600,600,0,600,588879
1738832580,1.03835,1.0386,1.03815,1.03845,923,764.85,0,0,-665,-665,129,-794,-665,588879
1738832760,1.03845,1.0385,1.03825,1.03825,451,750.25,0,0,-451,-451,0,-451,-451,588879
1738832940,1.0382,1.0384,1.03815,1.0384,237,682.95,0,237,0,237,237,0,237,588879
1738833120,1.0384,1.0386,1.0384,1.03845,436,666.2,0,213,-10,-10,213,-223,-10,588879
1738833300,1.03845,1.0385,1.03805,1.03805,619,674.3,0,0,-619,-619,0,-619,-619,588879
1738833480,1.0381,1.0381,1.03775,1.0378,415,669.95,0,0,-415,-415,0,-415,-415,588879
1738833660,1.03785,1.03785,1.03745,1.03755,340,660.45,0,0,-284,-228,56,-284,-228,588879
1738833840,1.0376,1.03785,1.03755,1.0378,428,644.6,0,330,0,232,330,-98,232,588879
1738834020,1.0378,1.03805,1.0378,1.03795,181,584.95,0,131,0,81,131,-50,81,588879
1738834200,1.03795,1.0381,1.0376,1.0381,823,550,0,0,-729,-635,94,-729,-635,588879
1738834380,1.0381,1.0382,1.03805,1.03815,206,519.1,0,206,0,206,206,0,206,588879
1738834560,1.03815,1.03815,1.038,1.03805,238,501.15,0,80,-41,4,121,-117,4,588879
1738834740,1.0381,1.03835,1.03805,1.03805,552,495.35,0,299,0,46,299,-253,46,588879
1738834920,1.03805,1.03805,1.03785,1.03795,205,475.1,0,27,-89,27,116,-89,27,588879
1738835100,1.03795,1.0383,1.03795,1.0383,261,463.9,0,261,0,261,261,0,261,588879
1738835280,1.03825,1.0383,1.03795,1.03805,201,442.7,0,0,-162,-123,39,-162,-123,588879
1738835460,1.0381,1.0382,1.03795,1.0381,316,432.65,0,58,-129,58,187,-129,58,588879
1738835640,1.0381,1.0381,1.0376,1.0376,400,425.35,0,114,-172,-172,114,-286,-172,588879
1738835820,1.03755,1.03785,1.03755,1.03775,531,418.15,0,531,0,531,531,0,531,588879
1738836000,1.0378,1.038,1.03765,1.0379,407,408.5,0,77,-111,-31,188,-219,-31,588879
1738836180,1.0379,1.03795,1.03775,1.0379,189,371.8,0,0,-102,-15,87,-102,-15,588879
1738836360,1.0379,1.0381,1.03755,1.0377,825,390.5,0,179,-467,-467,179,-646,-467,588879
1738836540,1.0377,1.03785,1.03755,1.03775,170,387.15,0,60,-22,-6,82,-88,-6,588879
1738836720,1.0377,1.038,1.0377,1.0378,312,380.95,0,0,-155,-134,89,-223,-134,588879
1738836900,1.0378,1.038,1.0378,1.03795,122,356.1,0,122,0,122,122,0,122,588879
1738837080,1.03795,1.0382,1.03785,1.0382,242,347.45,0,242,0,242,242,0,242,588879
1738837260,1.03825,1.0383,1.03815,1.0382,359,348.4,0,128,-103,-103,128,-231,-103,588879
1738837440,1.03815,1.0383,1.0381,1.0383,129,333.45,0,129,0,129,129,0,129,588879
1738837620,1.03835,1.03845,1.03815,1.03825,600,354.4,0,94,-253,94,347,-253,94,588879
1738837800,1.0382,1.0383,1.03805,1.0381,408,333.65,0,0,-314,-220,94,-314,-220,588879
1738837980,1.0381,1.03825,1.0379,1.0382,391,342.9,0,55,-168,55,223,-168,55,588879
1738838160,1.0382,1.0382,1.03795,1.03795,206,341.3,0,0,-206,-206,0,-206,-206,588879
1738838340,1.038,1.03805,1.03775,1.03775,329,330.15,0,51,-227,-227,51,-278,-227,588879
1738838520,1.0378,1.03785,1.03735,1.03755,332,336.5,0,41,-250,-250,41,-291,-250,588879
1738838700,1.03755,1.0379,1.0375,1.03785,320,339.45,0,207,0,94,207,-113,94,588879
1738838880,1.0379,1.0379,1.03765,1.0377,85,333.65,0,0,-65,-65,10,-75,-65,588879
1738839060,1.03775,1.0379,1.0377,1.03785,231,329.4,0,197,0,197,214,-17,197,588879
1738839240,1.03785,1.03795,1.03775,1.03785,654,342.1,0,377,0,100,377,-277,100,588879
1738839420,1.03785,1.0381,1.0378,1.03805,331,332.1,0,187,-72,187,259,-72,187,588879
1738839600,1.03805,1.0381,1.03785,1.03795,231,323.3,0,0,-136,-41,95,-136,-41,588879
1738839780,1.0379,1.0379,1.0376,1.0379,491,338.4,0,0,-371,-251,120,-371,-251,588879
1738839960,1.0379,1.0379,1.0377,1.03775,352,314.75,0,0,-352,-352,0,-352,-352,588879
1738840140,1.03775,1.03805,1.03775,1.0379,628,337.65,0,628,0,628,628,0,628,588879
1738840320,1.03785,1.0379,1.03775,1.0379,137,328.9,0,0,-88,-39,49,-88,-39,588879
1738840500,1.03785,1.03825,1.0378,1.0382,563,350.95,0,563,0,563,563,0,563,588879
1738840680,1.0382,1.03845,1.0381,1.0384,859,381.8,0,859,0,859,859,0,859,588879
1738840860,1.0384,1.03855,1.03825,1.03835,397,383.7,0,287,0,177,287,-110,177,588879
1738841040,1.03835,1.03855,1.03835,1.03855,362,395.35,0,89,-83,18,190,-172,18,588879
1738841220,1.0385,1.03855,1.0384,1.0385,156,373.15,0,0,-111,-66,45,-111,-66,588879
1738841400,1.0385,1.03855,1.03805,1.03805,370,371.25,0,0,-370,-370,0,-370,-370,588879
1738841580,1.0381,1.03825,1.0379,1.0379,280,365.7,0,60,-160,-160,60,-220,-160,588879
1738841760,1.0379,1.0382,1.03785,1.0381,307,370.75,0,307,0,307,307,0,307,588879
1738841940,1.03805,1.03805,1.03775,1.0378,381,373.35,0,0,-381,-381,0,-381,-381,588879
1738842120,1.03785,1.03795,1.03785,1.0379,161,364.8,0,80,0,49,105,-56,49,588879
1738842300,1.0379,1.0381,1.0379,1.038,212,359.4,0,68,-76,-76,68,-144,-76,588879
1738842480,1.03795,1.0382,1.03795,1.03815,172,363.75,0,112,0,52,112,-60,52,588879
1738842660,1.0381,1.03815,1.03795,1.03795,196,362,0,0,-196,-196,0,-196,-196,588879
1738842840,1.0379,1.03805,1.03785,1.0379,158,337.2,0,55,-15,18,88,-70,18,588879
1738843020,1.0379,1.0383,1.0379,1.03795,648,353.05,0,341,0,34,341,-307,34,588879
1738843200,1.038,1.0382,1.0374,1.0376,2954,489.2,0,0,-2447,-1940,507,-2447,-1940,588879
1738843380,1.0376,1.03795,1.03745,1.0376,938,511.55,0,497,0,56,497,-441,56,588879
1738843560,1.0376,1.03795,1.03745,1.03785,738,530.85,0,452,0,452,595,-143,452,588879
1738843740,1.0378,1.03795,1.03735,1.0375,1132,556.05,0,424,-12,260,696,-436,260,588879
1738843920,1.0375,1.03785,1.0375,1.03785,1406,619.5,0,764,0,764,1085,-321,764,588879
1738844100,1.03785,1.03795,1.03755,1.0377,713,627,0,0,-573,-433,140,-573,-433,588879
1738844280,1.03765,1.0378,1.0375,1.03765,254,596.75,0,80,-18,80,167,-87,80,588879
1738844460,1.0376,1.03775,1.03745,1.0375,432,598.5,0,0,-432,-432,0,-432,-432,588879
1738844640,1.03745,1.0377,1.03745,1.03755,361,598.45,0,194,0,27,194,-167,27,588879
1738844820,1.03755,1.03785,1.03745,1.0375,405,610.9,0,209,0,13,209,-196,13,588879
1738845000,1.0375,1.0378,1.0375,1.03775,304,607.6,0,304,0,304,304,0,304,588879
1738845180,1.0378,1.0378,1.0374,1.03745,405,613.85,0,0,-405,-405,0,-405,-405,588879
1738845360,1.0374,1.03755,1.0371,1.03715,893,643.15,0,0,-533,-533,180,-713,-533,588879
1738845540,1.03715,1.03805,1.03715,1.038,1008,674.5,0,1008,0,1008,1008,0,1008,588879
1738845720,1.03795,1.03815,1.0379,1.03805,805,706.7,0,0,-451,-421,192,-613,-421,588879
1738845900,1.03805,1.03805,1.03765,1.03775,1005,746.35,0,0,-442,-237,384,-621,-237,588879
1738846080,1.03775,1.03795,1.0377,1.0379,302,752.85,0,18,-142,18,160,-142,18,588879
1738846260,1.0379,1.0379,1.03765,1.0377,304,758.25,0,0,-304,-304,0,-304,-304,588879
1738846440,1.0377,1.03775,1.03755,1.0377,349,767.8,0,147,-101,147,248,-101,147,588879
1738846620,1.0378,1.03805,1.03765,1.038,553,763.05,0,553,0,553,553,0,553,588879
1738846800,1.03805,1.0381,1.03765,1.0377,914,661.05,0,316,-282,-282,316,-598,-282,588879
1738846980,1.0377,1.03775,1.03745,1.0375,410,634.65,0,0,-202,-202,104,-306,-202,588879
1738847160,1.0375,1.0379,1.03715,1.0379,501,622.8,0,0,-281,-61,220,-281,-61,588879
1738847340,1.0379,1.0379,1.03765,1.03785,812,606.8,0,0,-583,-354,229,-583,-354,588879
1738847520,1.03785,1.03805,1.03765,1.0379,655,569.25,0,389,-133,389,522,-133,389,588879
1738847700,1.03795,1.038,1.0376,1.0378,882,577.7,0,0,-578,-274,304,-578,-274,588879
1738847880,1.0378,1.03785,1.03765,1.03785,603,595.15,0,301,0,301,452,-151,301,588879
1738848060,1.03785,1.0379,1.0377,1.03775,611,604.1,0,0,-302,-281,165,-446,-281,588879
1738848240,1.03775,1.0379,1.03765,1.0379,555,613.8,0,77,-239,77,316,-239,77,588879
1738848420,1.03785,1.03795,1.03765,1.0379,705,628.8,0,225,-240,225,465,-240,225,588879
1738848600,1.03795,1.03865,1.0378,1.0381,2249,726.05,0,1352,0,455,1352,-897,455,588879
1738848780,1.0381,1.03845,1.0381,1.03815,1027,757.15,0,707,0,387,707,-320,387,588879
1738848960,1.0382,1.0385,1.03805,1.0383,661,745.55,0,339,0,17,339,-322,17,588879
1738849140,1.03825,1.03835,1.0381,1.03815,1271,758.7,0,474,-323,-323,474,-797,-323,588879
1738849320,1.0382,1.0382,1.03785,1.03785,888,762.85,0,0,-888,-888,0,-888,-888,588879
1738849500,1.03785,1.03795,1.0376,1.0377,1485,786.85,0,0,-1485,-1485,0,-1485,-1485,588879
1738849680,1.0377,1.03785,1.0375,1.03755,552,799.35,0,0,-552,-552,0,-552,-552,588879
1738849860,1.0375,1.03775,1.03735,1.03765,932,830.75,0,48,-329,-178,377,-555,-178,588879
1738850040,1.03765,1.0377,1.0374,1.0375,571,841.85,0,0,-571,-571,0,-571,-571,588879
1738850220,1.0375,1.0379,1.0374,1.03785,653,846.85,0,653,0,653,653,0,653,588879
1738850400,1.03785,1.0381,1.0378,1.03785,630,832.65,0,466,0,302,466,-164,302,588879
1738850580,1.0379,1.0381,1.03785,1.0381,346,829.45,0,146,0,146,246,-100,146,588879
1738850760,1.03815,1.0385,1.0381,1.03845,771,842.95,0,771,0,771,771,0,771,588879
1738850940,1.0384,1.0386,1.0383,1.0383,644,834.55,0,499,0,354,499,-145,354,588879
1738851120,1.03835,1.03845,1.0382,1.03845,492,826.4,0,290,0,290,391,-101,290,588879
1738851300,1.03845,1.03845,1.0381,1.0382,313,797.95,0,0,-230,-147,83,-230,-147,588879
1738851480,1.03825,1.0383,1.03805,1.0381,259,780.75,0,56,-147,-147,56,-203,-147,588879
1738851660,1.0381,1.03825,1.038,1.03815,335,766.95,0,209,-26,209,272,-63,209,588879
1738851840,1.0381,1.0385,1.03805,1.0385,379,758.15,0,379,0,379,379,0,379,588879
1738852020,1.0385,1.03855,1.03825,1.03855,300,737.9,0,78,-53,38,169,-131,38,588879
1738852200,1.03855,1.0386,1.03835,1.0384,438,647.35,0,215,-8,-8,215,-223,-8,588879
1738852380,1.0384,1.0389,1.0384,1.0389,781,635.05,0,781,0,781,781,0,781,588879
1738852560,1.03885,1.03905,1.0387,1.03885,836,643.8,0,0,-545,-476,180,-656,-476,588879
1738852740,1.0389,1.03925,1.03885,1.039,887,624.6,0,130,-397,-167,360,-527,-167,588879
1738852920,1.039,1.0392,1.039,1.0391,744,617.4,0,490,0,236,490,-254,236,588879
1738853100,1.0391,1.03925,1.0386,1.0387,1029,594.6,0,0,-1029,-1029,0,-1029,-1029,588879
1738853280,1.03865,1.03865,1.03805,1.0381,879,610.95,0,0,-879,-879,0,-879,-879,588879
1738853460,1.0381,1.0386,1.0381,1.0385,801,604.4,0,801,0,801,801,0,801,588879
1738853640,1.0385,1.0385,1.0383,1.03835,786,615.15,0,45,-326,-326,230,-556,-326,588879
1738853820,1.03835,1.03845,1.03795,1.03805,1242,644.6,0,131,-522,-64,589,-653,-64,588879
1738854000,1.03805,1.0389,1.03795,1.0389,1138,670,0,382,-378,382,760,-378,382,588879
1738854180,1.03895,1.03915,1.0388,1.0388,863,695.85,0,0,-477,-477,193,-670,-477,588879
1738854360,1.03875,1.0391,1.0385,1.039,519,683.25,0,273,-123,273,396,-123,273,588879
1738854540,1.039,1.03905,1.0387,1.03895,433,672.7,0,0,-280,-127,153,-280,-127,588879
1738854720,1.03895,1.039,1.0386,1.03895,1503,723.25,0,621,-441,621,1062,-441,621,588879
1738854900,1.03895,1.03925,1.03885,1.03925,739,744.55,0,739,0,739,739,0,739,588879
1738855080,1.0392,1.03945,1.03885,1.0392,830,773.1,0,68,-424,-424,203,-627,-424,588879
1738855260,1.03925,1.0393,1.039,1.03905,411,776.9,0,100,-75,-61,175,-236,-61,588879
1738855440,1.039,1.039,1.03885,1.0389,522,784.05,0,0,-522,-522,0,-522,-522,588879
1738855620,1.03895,1.039,1.0384,1.0384,697,803.9,0,0,-697,-697,0,-697,-697,588879
1738855800,1.03845,1.03855,1.038,1.03835,2533,908.65,0,894,-739,733,1633,-900,733,588879
1738855980,1.0383,1.0385,1.03815,1.0382,600,899.6,0,204,-192,-192,204,-396,-192,588879
1738856160,1.03825,1.0384,1.03805,1.0381,297,872.65,0,34,-85,-59,119,-178,-59,588879
1738856340,1.0381,1.0384,1.03775,1.0383,1483,902.45,0,1483,0,1483,1483,0,1483,588879
1738856520,1.0383,1.03865,1.0383,1.03845,739,902.2,0,588,0,437,588,-151,437,588879
1738856700,1.03845,1.03905,1.03845,1.0385,1179,909.7,0,576,-27,-27,576,-603,-27,588879
1738856880,1.0385,1.0389,1.0385,1.03865,750,903.25,0,460,0,170,460,-290,170,588879
1738857060,1.03865,1.0387,1.03835,1.03835,855,905.95,0,0,-855,-855,0,-855,-855,588879
1738857240,1.03835,1.03865,1.03825,1.03855,1353,934.3,0,993,0,633,993,-360,633,588879
1738857420,1.03855,1.0389,1.03855,1.0388,1221,933.25,0,1221,0,1221,1221,0,1221,588879
1738857600,1.0388,1.0389,1.0387,1.03875,1115,932.1,0,839,0,563,839,-276,563,588879
1738857780,1.03875,1.039,1.03865,1.039,823,930.1,0,823,0,823,823,0,823,588879
1738857960,1.039,1.0391,1.03895,1.03905,201,914.2,0,201,0,201,201,0,201,588879
1738858140,1.03905,1.03925,1.03885,1.0392,839,934.5,0,0,-474,-109,365,-474,-109,588879
1738858320,1.0392,1.03935,1.03875,1.03875,761,897.4,0,348,-65,-65,348,-413,-65,588879
1738858500,1.03875,1.03905,1.0387,1.03905,605,890.7,0,107,-249,107,356,-249,107,588879
1738858680,1.0391,1.03925,1.03905,1.03925,208,859.6,0,66,-8,60,134,-74,60,588879
1738858860,1.03925,1.0394,1.03915,1.0392,424,860.25,0,82,-260,-260,82,-342,-260,588879
1738859040,1.03925,1.03945,1.03925,1.0394,393,853.8,0,103,-93,103,248,-145,103,588879
1738859220,1.0394,1.03945,1.03915,1.03925,1209,879.4,0,12,-527,-527,341,-868,-527,588879
1738859400,1.0393,1.03945,1.0392,1.03925,335,769.5,0,300,0,265,300,-35,265,588879
1738859580,1.0392,1.03925,1.03895,1.0391,475,763.25,0,20,-158,-119,178,-297,-119,588879
1738859760,1.0391,1.03915,1.0389,1.0391,448,770.8,0,0,-358,-268,90,-358,-268,588879
1738859940,1.0391,1.03925,1.03905,1.03915,514,722.35,0,212,0,182,348,-166,182,588879
1738860120,1.03915,1.03915,1.03895,1.03895,216,696.2,0,0,-216,-216,0,-216,-216,588879
1738860300,1.03895,1.03895,1.0388,1.0389,461,660.3,0,0,-285,-109,176,-285,-109,588879
1738860480,1.03885,1.0389,1.0387,1.0389,240,634.8,0,0,-157,-74,83,-157,-74,588879
1738860660,1.03885,1.0391,1.03885,1.0389,394,611.75,0,194,-6,-6,194,-200,-6,588879
1738860840,1.0389,1.0389,1.0387,1.03875,252,556.7,0,0,-252,-252,0,-252,-252,588879
1738861020,1.03875,1.03875,1.0385,1.0385,321,511.7,0,0,-321,-321,0,-321,-321,588879
1738861200,1.03855,1.03885,1.03845,1.03875,1655,538.7,0,1655,0,1655,1655,0,1655,588879
1738861380,1.0387,1.0391,1.0387,1.03905,420,518.55,0,420,0,420,420,0,420,588879
1738861560,1.03905,1.0393,1.03905,1.0393,388,527.9,0,388,0,388,388,0,388,588879
1738861740,1.03925,1.03935,1.0391,1.0393,336,502.75,0,0,-174,-12,162,-174,-12,588879
1738861920,1.03925,1.0394,1.03925,1.0394,313,480.35,0,49,-114,-13,150,-163,-13,588879
1738862100,1.0394,1.03965,1.03935,1.0395,446,472.4,0,300,0,154,300,-146,154,588879
1738862280,1.03945,1.03945,1.0392,1.0394,262,475.1,0,0,-163,-64,99,-163,-64,588879
1738862460,1.03935,1.03965,1.03925,1.03965,235,465.65,0,77,-79,77,156,-79,77,588879
1738862640,1.0396,1.0397,1.03955,1.03965,317,461.85,0,0,-171,-171,73,-244,-171,588879
1738862820,1.03965,1.03975,1.03955,1.03965,193,411.05,0,93,-15,23,108,-85,23,588879
1738863000,1.03965,1.03965,1.0394,1.0394,400,414.3,0,47,-132,-132,134,-266,-132,588879
1738863180,1.0394,1.0395,1.03915,1.03935,792,430.15,0,0,-469,-146,323,-469,-146,588879
1738863360,1.03935,1.03945,1.0393,1.03935,183,416.9,0,154,0,125,154,-29,125,588879
1738863540,1.0394,1.0395,1.03935,1.03945,164,399.4,0,100,0,100,132,-32,100,588879
1738863720,1.0395,1.03955,1.03935,1.0394,420,409.6,0,151,-118,-118,151,-269,-118,588879
1738863900,1.0394,1.0394,1.0392,1.0393,530,413.05,0,0,-470,-410,60,-470,-410,588879
1738864080,1.0393,1.0395,1.0393,1.0395,370,419.55,0,370,0,370,370,0,370,588879
1738864260,1.0395,1.03955,1.03935,1.03945,196,409.65,0,0,-84,-78,59,-137,-78,588879
1738864440,1.0395,1.03965,1.0395,1.03955,217,407.9,0,163,0,109,163,-54,109,588879
1738864620,1.03955,1.0399,1.03955,1.03975,491,416.4,0,246,0,1,246,-245,1,588879
1738864800,1.03975,1.03995,1.0397,1.0399,560,361.65,0,560,0,560,560,0,560,588879
1738864980,1.03985,1.04015,1.0398,1.0401,758,378.55,0,758,0,758,758,0,758,588879
1738865160,1.04015,1.0404,1.0401,1.0402,790,398.65,0,350,0,172,481,-309,172,588879
1738865340,1.04025,1.04045,1.0392,1.04025,6319,697.8,0,151,-3084,151,3235,-3084,151,588879
1738865520,1.04025,1.0404,1.03975,1.0398,1567,760.5,0,0,-1375,-1183,192,-1375,-1183,588879
1738865700,1.0398,1.04035,1.03975,1.04035,851,780.75,0,851,0,851,851,0,851,588879
1738865880,1.0403,1.0404,1.04,1.04,827,809,0,0,-827,-827,0,-827,-827,588879
1738866060,1.04005,1.0401,1.03985,1.0401,493,821.9,0,190,-13,87,290,-203,87,588879
1738866240,1.04015,1.0403,1.0401,1.0403,207,816.4,0,139,0,139,173,-34,139,588879
1738866420,1.0403,1.04035,1.04015,1.04035,208,817.15,0,0,-108,-8,100,-108,-8,588879
1738866600,1.0403,1.04045,1.0403,1.0404,305,812.4,0,198,0,91,198,-107,91,588879
1738866780,1.04035,1.04045,1.04005,1.0402,239,784.75,0,0,-175,-111,64,-175,-111,588879
1738866960,1.0402,1.0406,1.0402,1.0405,738,812.5,0,738,0,738,738,0,738,588879
1738867140,1.0405,1.04075,1.0405,1.04075,352,821.9,0,352,0,352,352,0,352,588879
1738867320,1.0407,1.04135,1.0407,1.0413,1011,851.45,0,1011,0,1011,1011,0,1011,588879
1738867500,1.04125,1.0415,1.04115,1.04125,788,864.35,0,448,0,448,618,-170,448,588879
1738867680,1.04125,1.0413,1.04105,1.0411,388,865.25,0,12,-129,-106,141,-247,-106,588879
1738867860,1.0411,1.04115,1.0407,1.04075,793,895.1,0,0,-793,-793,0,-793,-793,588879
1738868040,1.04075,1.04075,1.0403,1.04045,495,909,0,0,-271,-47,224,-271,-47,588879
1738868220,1.04045,1.04085,1.0404,1.04075,368,902.85,0,368,0,368,368,0,368,588879
1738868400,1.04075,1.04095,1.0407,1.0408,366,893.15,0,104,-41,104,235,-131,104,588879
1738868580,1.0408,1.0408,1.0405,1.0405,351,872.8,0,0,-351,-351,0,-351,-351,588879
1738868760,1.0405,1.04055,1.04035,1.04055,435,855.05,0,0,-246,-57,189,-246,-57,588879
1738868940,1.0405,1.0407,1.0405,1.04055,147,546.45,0,90,0,33,90,-57,33,588879
1738869120,1.0405,1.04065,1.0405,1.0405,176,476.9,0,104,0,32,104,-72,32,588879
1738869300,1.04045,1.04045,1.04025,1.0403,389,453.8,0,0,-282,-175,107,-282,-175,588879
1738869480,1.0403,1.04045,1.04025,1.0404,123,418.6,0,123,0,123,123,0,123,588879
1738869660,1.04045,1.0405,1.04035,1.0404,68,397.35,0,0,-40,-40,14,-54,-40,588879
1738869840,1.04035,1.04045,1.0403,1.0404,185,396.25,0,0,-136,-87,49,-136,-87,588879
1738870020,1.0404,1.04045,1.0403,1.0403,264,399.05,0,0,-96,-80,92,-172,-80,588879
1738870200,1.04025,1.04025,1.04,1.0402,423,404.95,0,55,-184,55,239,-184,55,588879
1738870380,1.04025,1.04025,1.04,1.04005,163,401.15,0,0,-163,-163,0,-163,-163,588879
1738870560,1.04005,1.0401,1.03985,1.0399,443,386.4,0,236,-84,197,320,-123,197,588879
1738870740,1.03995,1.04,1.03995,1.04,39,370.75,0,39,0,39,39,0,39,588879
1738870920,1.03995,1.0401,1.03985,1.0401,156,328,0,60,-48,60,108,-48,60,588879
1738871100,1.0401,1.04035,1.0401,1.04025,149,296.05,0,103,0,57,103,-46,57,588879
1738871280,1.0403,1.04035,1.04025,1.04025,157,284.5,0,45,-67,-67,45,-112,-67,588879
1738871460,1.0402,1.04025,1.0401,1.04015,112,250.45,0,15,-33,-16,48,-64,-16,588879
1738871640,1.0402,1.04035,1.04015,1.0403,481,249.75,0,327,-77,327,404,-77,327,588879
1738871820,1.04025,1.0404,1.04025,1.0403,1521,307.4,0,1257,-132,1257,1389,-132,1257,588879
1738872000,1.0403,1.04035,1.0402,1.04035,494,313.8,0,494,0,494,494,0,494,588879
1738872180,1.0403,1.04045,1.04025,1.04045,158,304.15,0,158,0,158,158,0,158,588879
1738872360,1.04045,1.0408,1.0404,1.04075,281,296.45,0,281,0,281,281,0,281,588879
1738872540,1.04075,1.04095,1.04075,1.04075,311,304.65,0,108,-95,-95,108,-203,-95,588879
1738872720,1.0407,1.04075,1.0406,1.04065,213,306.5,0,0,-213,-213,0,-213,-213,588879
1738872900,1.04065,1.04075,1.04055,1.04075,80,291.05,0,4,-38,4,42,-38,4,588879
1738873080,1.04075,1.04075,1.04055,1.04055,52,287.5,0,0,-52,-52,0,-52,-52,588879
1738873260,1.04055,1.04055,1.0405,1.0405,26,285.4,0,0,-24,-24,1,-25,-24,588879
1738873440,1.04055,1.04075,1.0404,1.04045,351,293.7,0,0,-351,-351,0,-351,-351,588879
1738873620,1.04045,1.0405,1.04035,1.04035,162,288.6,0,59,-44,-44,59,-103,-44,588879
1738873800,1.0404,1.0404,1.0402,1.0403,470,290.95,0,0,-470,-470,0,-470,-470,588879
1738873980,1.0403,1.0404,1.0403,1.04035,160,290.8,0,104,0,48,104,-56,48,588879
1738874160,1.0404,1.0405,1.0404,1.0405,105,273.9,0,105,0,105,105,0,105,588879
1738874340,1.0405,1.04055,1.0404,1.04055,133,278.6,0,11,-61,11,72,-61,11,588879
1738874520,1.0406,1.0406,1.04045,1.04045,203,280.95,0,0,-203,-203,0,-203,-203,588879
1738874700,1.04045,1.04045,1.0403,1.0403,253,286.15,0,0,-253,-253,0,-253,-253,588879
1738874880,1.0403,1.0405,1.0403,1.0405,111,283.85,0,111,0,111,111,0,111,588879
1738875060,1.04045,1.04055,1.04045,1.0405,154,285.95,0,106,0,58,106,-48,58,588879
1738875240,1.0405,1.04065,1.0405,1.04055,437,283.75,0,353,0,269,353,-84,269,588879
1738875420,1.04055,1.0408,1.0405,1.0407,699,242.65,0,442,0,185,442,-257,185,588879
1738875600,1.04065,1.0408,1.04055,1.04065,438,239.85,0,268,0,98,268,-170,98,588879
1738875780,1.04065,1.04075,1.0406,1.0407,236,243.75,0,0,-218,-200,18,-218,-200,588879
1738875960,1.04065,1.04065,1.0406,1.04065,18,230.6,0,0,-18,-18,0,-18,-18,588879
1738876140,1.0407,1.0407,1.04065,1.0407,118,220.95,0,118,0,118,118,0,118,588879
1738876320,1.04065,1.04065,1.0405,1.0405,105,215.55,0,0,-105,-105,0,-105,-105,588879
1738876500,1.04055,1.0406,1.04035,1.0404,195,221.3,0,0,-140,-85,55,-140,-85,588879
1738876680,1.04045,1.04045,1.04035,1.04035,131,225.25,0,0,-131,-131,0,-131,-131,588879
1738876860,1.04035,1.0404,1.04025,1.0403,158,231.85,0,97,0,82,120,-38,82,588879
1738877040,1.0403,1.04035,1.04025,1.04035,66,217.6,0,66,0,66,66,0,66,588879
1738877220,1.04035,1.04055,1.04035,1.04055,51,212.05,0,51,0,51,51,0,51,588879
1738877400,1.0405,1.04055,1.04045,1.04045,40,190.55,0,0,-21,-12,14,-26,-12,588879
1738877580,1.04055,1.04055,1.04045,1.04055,64,185.75,0,0,-36,-8,28,-36,-8,588879
1738877760,1.0405,1.04055,1.0405,1.0405,27,181.85,0,0,-27,-27,0,-27,-27,588879
1738877940,1.0405,1.0405,1.04045,1.04045,64,178.4,0,0,-44,-44,10,-54,-44,588879
1738878120,1.0405,1.04055,1.04035,1.0404,175,177,0,0,-175,-175,0,-175,-175,588879
1738878300,1.04035,1.0404,1.0403,1.04035,89,168.8,0,0,-89,-89,0,-89,-89,588879
1738878480,1.04035,1.0404,1.0403,1.0403,79,167.2,0,0,-79,-79,0,-79,-79,588879
1738878660,1.0403,1.04035,1.04025,1.04035,107,164.85,0,0,-95,-83,12,-95,-83,588879
1738878840,1.0403,1.0403,1.04025,1.0403,32,144.6,0,0,-25,-18,7,-25,-18,588879
1738879020,1.04025,1.04025,1.0401,1.04015,96,114.45,0,0,-51,-6,45,-51,-6,589034
1738882800,1.0402,1.0403,1.04,1.04015,117,98.4,0,0,-77,-37,40,-77,-37,589034
1738882980,1.0401,1.0403,1.0401,1.0402,94,91.3,0,82,-6,82,88,-6,82,589034
1738883160,1.04025,1.04035,1.0402,1.0403,60,93.4,0,54,0,48,54,-6,48,589034
1738883340,1.0403,1.0403,1.04025,1.04025,59,90.45,0,0,-35,-35,12,-47,-35,589034
1738883520,1.04025,1.04035,1.04025,1.04035,58,88.1,0,58,0,58,58,0,58,589034
1738883700,1.04035,1.0405,1.04035,1.0404,50,80.85,0,30,0,10,30,-20,10,589034
1738883880,1.04045,1.04045,1.0403,1.0403,58,77.2,0,0,-58,-58,0,-58,-58,589034
1738884060,1.0403,1.0404,1.0403,1.0404,6,69.6,0,4,-1,4,5,-1,4,589034
1738884240,1.0404,1.0404,1.0403,1.0403,26,67.6,0,0,-26,-26,0,-26,-26,589034
1738884420,1.0403,1.04035,1.04025,1.0403,44,67.25,0,0,-42,-40,2,-42,-40,589034
1738884600,1.04025,1.04035,1.04025,1.04025,39,67.2,0,26,0,13,26,-13,13,589034
1738884780,1.04025,1.0403,1.04025,1.0403,12,64.6,0,12,0,12,12,0,12,589034
1738884960,1.04025,1.04035,1.04025,1.0403,31,64.8,0,12,-5,3,17,-14,3,589034
1738885140,1.04025,1.04035,1.04025,1.04035,29,63.05,0,29,0,29,29,0,29,589034
1738885320,1.04035,1.04035,1.04025,1.04035,15,55.05,0,0,-8,-1,7,-8,-1,589034
1738885500,1.04035,1.0404,1.0403,1.0403,58,53.5,0,14,-30,-30,14,-44,-30,589034
1738885680,1.0403,1.0403,1.0402,1.0403,92,54.15,0,0,-56,-20,36,-56,-20,589034
1738885860,1.04035,1.0404,1.04025,1.0404,35,50.55,0,25,-5,25,30,-5,25,589034
1738886040,1.0404,1.0404,1.0403,1.04035,32,50.55,0,0,-24,-16,8,-24,-16,589034
1738886220,1.04035,1.04035,1.0402,1.04025,73,49.4,0,0,-73,-73,0,-73,-73,589034
1738886400,1.04035,1.0408,1.0403,1.0408,193,53.2,0,193,0,193,193,0,193,589034
1738886580,1.04085,1.0409,1.04065,1.04065,211,59.05,0,88,-35,-35,88,-123,-35,589034
1738886760,1.0407,1.0407,1.04035,1.0404,208,66.45,0,0,-208,-208,0,-208,-208,589034
1738886940,1.0404,1.0405,1.04035,1.0405,63,66.65,0,0,-36,-9,27,-36,-9,589034
1738887120,1.04055,1.0406,1.04045,1.04055,143,70.9,0,62,-26,33,88,-55,33,589034
1738887300,1.0405,1.04055,1.04045,1.0405,36,70.2,0,0,-27,-18,9,-27,-18,589034
1738887480,1.04045,1.0405,1.0401,1.04015,220,78.3,0,15,-190,-190,15,-205,-190,589034
1738887660,1.0402,1.04025,1.0401,1.04015,70,81.5,0,35,0,0,35,-35,0,589034
1738887840,1.04015,1.0403,1.04015,1.0402,102,85.3,0,102,0,102,102,0,102,589034
1738888020,1.0402,1.04025,1.04015,1.04015,79,87.05,0,61,0,43,61,-18,43,589034
1738888200,1.0401,1.04015,1.04005,1.04015,183,94.25,0,27,-78,27,105,-78,27,589034
1738888380,1.0401,1.0402,1.0399,1.03995,237,105.5,0,75,-87,-87,75,-162,-87,589034
1738888560,1.0399,1.03995,1.03975,1.0399,113,109.6,0,0,-63,-63,25,-88,-63,589034
1738888740,1.03995,1.03995,1.03985,1.03985,19,109.1,0,0,-19,-19,0,-19,-19,589034
1738888920,1.0398,1.0399,1.0397,1.0398,100,113.35,0,68,0,36,68,-32,36,589034
1738889100,1.03985,1.04005,1.0398,1.0398,95,115.2,0,40,-15,-15,40,-55,-15,589034
1738889280,1.0398,1.0398,1.0396,1.0397,132,117.2,0,0,-81,-62,35,-97,-62,589034
1738889460,1.03975,1.0398,1.03975,1.03975,46,117.75,0,20,-6,-6,20,-26,-6,589034
1738889640,1.0398,1.03985,1.03965,1.03965,168,124.55,0,43,-82,-82,43,-125,-82,589034
1738889820,1.0396,1.03965,1.03955,1.0396,182,130,0,102,-40,102,142,-40,102,589034
1738890000,1.0396,1.03965,1.0394,1.0395,305,135.6,0,0,-169,-135,85,-220,-135,589034
1738890180,1.03955,1.0397,1.03955,1.03965,78,128.95,0,37,-4,-4,37,-41,-4,589034
1738890360,1.0396,1.03965,1.03945,1.03955,185,127.8,0,0,-142,-99,43,-142,-99,589034
1738890540,1.0395,1.0395,1.03925,1.0394,202,134.75,0,0,-202,-202,0,-202,-202,589034
1738890720,1.0394,1.0394,1.03925,1.0393,106,132.9,0,0,-83,-60,23,-83,-60,589034
1738890900,1.0393,1.0395,1.0393,1.0394,44,133.3,0,37,0,30,37,-7,30,589034
1738891080,1.0394,1.03955,1.0393,1.0395,254,135,0,230,-12,230,242,-12,230,589034
1738891260,1.03945,1.03965,1.03945,1.0396,90,136,0,0,-48,-48,21,-69,-48,589034
1738891440,1.03965,1.03975,1.03965,1.03975,143,138.05,0,8,-70,-13,65,-78,-13,589034
1738891620,1.0397,1.0398,1.03965,1.0397,89,138.55,0,57,0,25,57,-32,25,589034
1738891800,1.0397,1.0397,1.0395,1.03965,45,131.65,0,0,-27,-9,18,-27,-9,589034
1738891980,1.0397,1.0398,1.0396,1.0398,31,121.35,0,3,-14,3,17,-14,3,589034
1738892160,1.03985,1.03985,1.0397,1.0397,38,117.6,0,0,-38,-38,0,-38,-38,589034
1738892340,1.0397,1.03975,1.03965,1.03965,22,117.75,0,0,-22,-22,0,-22,-22,589034
1738892520,1.0396,1.0397,1.03955,1.03965,41,114.8,0,4,-12,-9,16,-25,-9,589034
1738892700,1.0397,1.03995,1.03965,1.03995,76,113.85,0,18,-29,18,47,-29,18,589034
1738892880,1.03995,1.03995,1.0399,1.03995,59,110.2,0,0,-41,-23,18,-41,-23,589034
1738893060,1.04,1.04015,1.04,1.04015,137,114.75,0,55,-20,55,96,-41,55,589034
1738893240,1.04015,1.04045,1.04015,1.0404,604,136.55,0,604,0,604,604,0,604,589034
1738893420,1.04035,1.04035,1.04,1.04015,255,140.2,0,3,-126,3,129,-126,3,589034
1738893600,1.0402,1.04035,1.0402,1.0403,150,132.45,0,150,0,150,150,0,150,589034
1738893780,1.04025,1.0403,1.0401,1.04025,225,139.8,0,111,-57,111,168,-57,111,589034
1738893960,1.04025,1.04035,1.04025,1.04035,126,136.85,0,86,0,86,106,-20,86,589034
1738894140,1.0403,1.04035,1.0402,1.04035,102,131.85,0,32,-35,32,67,-35,32,589034
1738894320,1.04035,1.04035,1.04015,1.04015,94,131.25,0,0,-94,-94,0,-94,-94,589034
1738894500,1.0402,1.04035,1.04015,1.04025,50,131.55,0,12,-26,-26,12,-38,-26,589034
1738894680,1.04025,1.04035,1.0402,1.0403,60,121.85,0,20,-20,20,40,-20,20,589034
1738894860,1.04025,1.04035,1.0402,1.04025,75,121.1,0,18,-22,5,40,-35,5,589034
1738895040,1.0402,1.0403,1.0402,1.0403,91,118.5,0,20,-27,-3,44,-47,-3,589034
1738895220,1.0403,1.04035,1.04025,1.04035,39,116,0,39,0,39,39,0,39,589034
1738895400,1.0403,1.04035,1.0402,1.04025,67,117.1,0,44,0,21,44,-23,21,589034
1738895580,1.04025,1.04025,1.04015,1.04015,36,117.35,0,0,-36,-36,0,-36,-36,589034
1738895760,1.04015,1.0403,1.04015,1.04025,64,118.65,0,29,-6,-6,29,-35,-6,589034
1738895940,1.04025,1.0403,1.0402,1.0403,40,119.55,0,28,-6,28,34,-6,28,589034
1738896120,1.04025,1.0403,1.04005,1.0401,41,119.55,0,0,-41,-41,0,-41,-41,589034
1738896300,1.0401,1.0401,1.0399,1.0399,55,118.5,0,0,-55,-55,0,-55,-55,589034
1738896480,1.03995,1.04,1.0399,1.03995,37,117.4,0,37,0,37,37,0,37,589034
1738896660,1.0399,1.03995,1.0399,1.0399,83,114.7,0,58,0,33,58,-25,33,589034
1738896840,1.03995,1.04,1.0399,1.04,42,86.6,0,34,-4,34,38,-4,34,589034
1738897020,1.04,1.0402,1.03995,1.0402,93,78.5,0,55,-19,55,74,-19,55,589034
1738897200,1.0402,1.04025,1.04015,1.0402,30,72.5,0,30,0,30,30,0,30,589034
1738897380,1.04025,1.04025,1.04005,1.04005,48,63.65,0,8,-32,-32,8,-40,-32,589034
1738897560,1.04,1.04005,1.03995,1.04,44,59.55,0,0,-35,-26,9,-35,-26,589034
1738897740,1.04,1.04,1.0399,1.0399,23,55.6,0,0,-23,-23,0,-23,-23,589034
1738897920,1.0399,1.0401,1.0399,1.04005,69,54.35,0,51,0,33,51,-18,33,589034
1738898100,1.0401,1.0402,1.04005,1.0402,233,63.5,0,233,0,233,233,0,233,589034
1738898280,1.0402,1.0402,1.04005,1.04005,142,67.6,0,0,-142,-142,0,-142,-142,589034
1738898460,1.0401,1.0402,1.0401,1.04015,34,65.55,0,23,0,12,23,-11,12,589034
1738898640,1.04015,1.04015,1.04005,1.04005,27,62.35,0,0,-27,-27,0,-27,-27,589034
1738898820,1.0401,1.0401,1.04005,1.04005,17,61.25,0,0,-17,-17,0,-17,-17,589034
1738899000,1.04005,1.0401,1.04005,1.04005,48,60.3,0,34,0,20,34,-14,20,589034
1738899180,1.04005,1.04015,1.04005,1.04005,36,60.3,0,8,-20,-20,8,-28,-20,589034
1738899360,1.04005,1.0401,1.0399,1.0399,81,61.15,0,0,-81,-81,0,-81,-81,589034
1738899540,1.03985,1.03985,1.03975,1.03975,92,63.75,0,0,-92,-92,0,-92,-92,589034
1738899720,1.0397,1.03975,1.0396,1.03965,32,63.3,0,9,-14,-14,9,-23,-14,589034
1738899900,1.03965,1.03965,1.0395,1.0396,113,66.2,0,3,-55,3,58,-55,3,589034
1738900080,1.03965,1.03965,1.03955,1.03955,19,65.3,0,0,-19,-19,0,-19,-19,589034
1738900260,1.0396,1.0397,1.0396,1.03965,39,63.1,0,10,-19,-19,10,-29,-19,589034
1738900440,1.03965,1.0397,1.0396,1.0396,43,63.15,0,0,-43,-43,0,-43,-43,589034
1738900620,1.0396,1.03975,1.0396,1.03975,71,62.05,0,71,0,71,71,0,71,589034
1738900800,1.03975,1.0398,1.0397,1.03975,52,63.15,0,25,-2,-2,25,-27,-2,589034
1738900980,1.0397,1.03975,1.0396,1.0396,51,63.3,0,2,-29,-29,11,-40,-29,589034
1738901160,1.03965,1.03965,1.03955,1.0396,36,62.9,0,0,-35,-34,1,-35,-34,589034
1738901340,1.03955,1.0396,1.03955,1.03955,55,64.5,0,0,-55,-55,0,-55,-55,589034
1738901520,1.0396,1.0396,1.03945,1.03945,92,65.65,0,12,-30,-30,31,-61,-30,589034
1738901700,1.03945,1.03945,1.03935,1.0394,52,56.6,0,0,-39,-26,13,-39,-26,589034
1738901880,1.03945,1.03955,1.03945,1.03945,40,51.5,0,21,0,2,21,-19,2,589034
1738902060,1.0395,1.03965,1.0395,1.0396,33,51.45,0,33,0,33,33,0,33,589034
1738902240,1.0396,1.0398,1.0396,1.0398,111,55.65,0,111,0,111,111,0,111,589034
1738902420,1.0398,1.0398,1.03975,1.0398,60,57.8,0,60,0,60,60,0,60,589034
1738902600,1.0398,1.04,1.0398,1.04,303,70.55,0,303,0,303,303,0,303,589034
1738902780,1.04,1.04015,1.0399,1.0399,142,75.85,0,118,0,94,118,-24,94,589034
1738902960,1.03985,1.03985,1.0398,1.0398,42,73.9,0,0,-42,-42,0,-42,-42,589034
1738903140,1.03975,1.0398,1.03975,1.0398,31,70.85,0,31,0,31,31,0,31,589034
1738903320,1.0398,1.0398,1.0398,1.0398,5,69.5,0,5,0,5,5,0,5,589034
1738903500,1.0398,1.0398,1.0398,1.0398,5,64.1,0,5,0,5,5,0,5,589034
1738903680,1.0398,1.0398,1.0397,1.0397,24,64.35,0,9,-6,-6,9,-15,-6,589034
1738903860,1.03975,1.0398,1.0397,1.03975,22,63.5,0,11,0,0,11,-11,0,589034
1738904220,1.03975,1.0399,1.03975,1.0399,20,62.35,0,20,0,20,20,0,20,589034
1738904400,1.03985,1.03985,1.0398,1.0398,61,61.85,0,0,-61,-61,0,-61,-61,589034
1738904580,1.0398,1.0399,1.0398,1.03985,24,60.45,0,9,-6,-6,9,-15,-6,589034
1738904760,1.03985,1.0399,1.0398,1.03985,15,58.65,0,0,-15,-15,0,-15,-15,589034
1738904940,1.0398,1.0398,1.03975,1.0398,7,57.2,0,0,-7,-7,0,-7,-7,589034
1738905120,1.03985,1.0399,1.0398,1.0398,23,55.6,0,9,-5,-5,9,-14,-5,589034
1738905300,1.03975,1.03975,1.03965,1.03965,26,52.3,0,0,-26,-26,0,-26,-26,589034
1738905480,1.0397,1.0397,1.03965,1.03965,19,50.65,0,17,0,15,17,-2,15,589034
1738905660,1.0396,1.0396,1.03955,1.0396,27,50,0,9,-9,9,18,-9,9,589034
1738905840,1.0396,1.03965,1.03955,1.03965,38,50.25,0,38,0,38,38,0,38,589034
1738906020,1.0397,1.0397,1.03965,1.03965,39,46.65,0,24,0,9,24,-15,9,589034
1738906200,1.0397,1.0398,1.0397,1.0398,17,44.5,0,17,0,17,17,0,17,589034
1738906380,1.0398,1.0398,1.03975,1.0398,32,30.95,0,8,-12,8,20,-12,8,589034
1738906560,1.03985,1.0399,1.03975,1.03975,48,26.25,0,8,-32,-32,8,-40,-32,589034
1738906740,1.03975,1.03975,1.03975,1.03975,2,24.25,0,0,-2,-2,0,-2,-2,589034
1738906920,1.0396,1.0396,1.0394,1.0394,82,26.8,0,0,-82,-82,0,-82,-82,589034
1738907100,1.03945,1.03955,1.03945,1.03945,34,28.25,0,14,-6,-6,14,-20,-6,589034
1738907280,1.0394,1.03945,1.0393,1.0393,129,34.45,0,61,-7,-7,61,-68,-7,589034
1738907460,1.0393,1.0394,1.0392,1.0393,562,61.35,0,123,-291,-266,148,-414,-266,589034
1738907640,1.03925,1.03935,1.03925,1.0393,30,61.75,0,3,-24,-24,3,-27,-24,589034
1738907820,1.0393,1.0393,1.0392,1.0393,55,63.5,0,0,-37,-19,18,-37,-19,589034
1738908000,1.0393,1.03935,1.0391,1.0392,65,63.7,0,0,-53,-41,12,-53,-41,589034
1738908180,1.03915,1.0392,1.03915,1.0392,18,63.4,0,8,-5,8,13,-5,8,589034
1738908360,1.03925,1.0393,1.0392,1.03925,24,63.85,0,0,-18,-12,6,-18,-12,589034
1738908540,1.03925,1.0393,1.0391,1.03915,122,69.6,0,39,-4,36,79,-43,36,589034
1738908720,1.0392,1.03935,1.03915,1.0393,49,70.9,0,3,-23,3,26,-23,3,589034
1738908900,1.0393,1.0394,1.03905,1.0391,565,97.85,0,0,-565,-565,0,-565,-565,589034
1738909080,1.0391,1.0392,1.039,1.0392,101,101.95,0,29,-36,29,65,-36,29,589034
1738909260,1.0392,1.0393,1.03915,1.03915,89,105.05,0,88,0,87,88,-1,87,589034
1738909440,1.0392,1.03925,1.0392,1.03925,39,105.1,0,39,0,39,39,0,39,589034
1738909620,1.03925,1.03945,1.03925,1.0393,156,110.95,0,156,0,156,156,0,156,589034
1738909800,1.03935,1.0394,1.03925,1.0393,92,114.7,0,10,-41,10,51,-41,10,589034
1738909980,1.0393,1.0394,1.0392,1.0392,52,115.7,0,25,-2,-2,25,-27,-2,589034
1738910160,1.0392,1.03945,1.0392,1.0394,30,114.8,0,20,0,10,20,-10,10,589034
1738910340,1.03935,1.0395,1.03935,1.0395,73,118.35,0,73,0,73,73,0,73,589034
1738910520,1.03945,1.0395,1.03945,1.03945,81,118.3,0,0,-81,-81,0,-81,-81,589034
1738910700,1.03945,1.03945,1.0394,1.03945,22,117.7,0,0,-14,-6,8,-14,-6,589034
1738910880,1.0394,1.0394,1.0393,1.0393,35,113,0,0,-35,-35,0,-35,-35,589034
1738911060,1.03925,1.0393,1.0392,1.0392,31,86.45,0,6,-13,-13,9,-22,-13,589034
1738911240,1.03925,1.0393,1.0392,1.0393,66,88.25,0,66,0,66,66,0,66,589034
1738911420,1.0393,1.0394,1.03925,1.0394,29,86.95,0,29,0,29,29,0,29,589034
1738911600,1.03935,1.0395,1.03925,1.03945,157,91.55,0,9,-74,9,83,-74,9,589034
1738911780,1.03945,1.03975,1.0394,1.03965,216,101.45,0,216,0,216,216,0,216,589034
1738911960,1.03965,1.03965,1.03945,1.03945,154,107.95,0,64,-26,-26,64,-90,-26,589034
1738912140,1.03945,1.0395,1.03935,1.0395,190,111.35,0,8,-91,8,99,-91,8,589034
1738912320,1.0395,1.0395,1.0394,1.03945,157,116.75,0,70,-2,13,85,-72,13,589034
1738912500,1.03945,1.0396,1.0394,1.03955,246,100.8,0,62,-66,62,154,-92,62,589034
1738912680,1.0396,1.03975,1.03955,1.0396,157,103.6,0,47,-63,-63,47,-110,-63,589034
1738912860,1.03965,1.0398,1.03965,1.03975,147,106.5,0,147,0,147,147,0,147,589034
1738913040,1.03975,1.0399,1.0397,1.0399,133,111.2,0,59,-12,59,96,-37,59,589034
1738913220,1.03995,1.04,1.03985,1.03995,194,113.1,0,54,-70,54,124,-70,54,589034
1738913400,1.03995,1.04,1.0397,1.03975,231,120.05,0,0,-231,-231,0,-231,-231,589034
1738913580,1.03975,1.03995,1.03975,1.0399,201,127.5,0,201,0,201,201,0,201,589034
1738913760,1.03995,1.04005,1.0399,1.03995,291,140.55,0,136,-19,-19,136,-155,-19,589034
1738913940,1.03995,1.0404,1.0399,1.0403,507,162.25,0,507,0,507,507,0,507,589034
1738914120,1.04035,1.0404,1.04015,1.04025,349,175.65,0,175,0,1,175,-174,1,589034
1738914300,1.04025,1.04035,1.0402,1.04025,157,182.4,0,49,-29,-1,78,-79,-1,589034
1738914480,1.04025,1.04035,1.0401,1.0403,364,198.85,0,0,-237,-110,127,-237,-110,589034
1738914660,1.0403,1.0406,1.04025,1.0406,410,217.8,0,87,-86,64,237,-173,64,589034
1738914840,1.04055,1.0407,1.04045,1.04065,547,241.85,0,0,-438,-329,109,-438,-329,589034
1738915020,1.04065,1.04075,1.0406,1.0407,672,274,0,672,0,672,672,0,672,589034
1738915200,1.04065,1.04075,1.04035,1.04045,860,309.15,0,0,-727,-594,133,-727,-594,589034
1738915380,1.0405,1.0409,1.0405,1.0406,529,324.8,0,389,0,249,389,-140,249,589034
1738915560,1.0406,1.0411,1.0406,1.04105,739,354.05,0,739,0,739,739,0,739,589034
1738915740,1.04105,1.0413,1.04095,1.04125,643,376.7,0,643,0,643,643,0,643,589034
1738915920,1.04125,1.04125,1.041,1.041,437,390.7,0,0,-437,-437,0,-437,-437,589034
1738916100,1.041,1.04135,1.041,1.0413,360,396.4,0,91,-75,28,194,-166,28,589034
1738916280,1.0413,1.04135,1.0411,1.04115,700,423.55,0,0,-700,-700,0,-700,-700,589034
1738916460,1.04115,1.0413,1.04105,1.0411,257,429.05,0,102,-53,-53,102,-155,-53,589034
1738916640,1.0411,1.0412,1.04095,1.04095,207,432.75,0,102,-3,-3,102,-105,-3,589034
1738916820,1.041,1.04135,1.0409,1.04135,698,457.95,0,698,0,698,698,0,698,589034
1738917000,1.04135,1.04155,1.04125,1.0413,577,475.25,0,425,0,273,425,-152,273,589034
1738917180,1.0413,1.04165,1.0413,1.04155,321,481.25,0,203,0,85,203,-118,85,589034
1738917360,1.04155,1.0416,1.04145,1.04155,302,481.8,0,0,-283,-264,19,-283,-264,589034
1738917540,1.0416,1.04165,1.04135,1.0414,352,474.05,0,146,-60,-60,146,-206,-60,589034
1738917720,1.0414,1.04165,1.0414,1.0416,172,465.2,0,43,-37,12,92,-80,12,589034
1738917900,1.0416,1.0417,1.04145,1.0417,155,465.1,0,75,-40,75,115,-40,75,589034
1738918080,1.0417,1.0418,1.04165,1.0417,186,456.2,0,114,0,42,114,-72,42,589034
1738918260,1.04175,1.04175,1.0415,1.04155,317,451.55,0,0,-317,-317,0,-317,-317,589034
1738918440,1.04155,1.04165,1.0414,1.04145,352,441.8,0,0,-162,-154,99,-253,-154,589034
1738918620,1.0415,1.0417,1.0415,1.04155,256,421,0,192,0,128,192,-64,128,589034
1738918800,1.04155,1.0417,1.0413,1.0414,519,403.95,0,0,-352,-185,167,-352,-185,589034
1738918980,1.04135,1.0414,1.0412,1.04125,409,397.95,0,0,-331,-331,39,-370,-331,589034
1738919160,1.04125,1.0415,1.0412,1.04145,352,378.6,0,352,0,352,352,0,352,589034
1738919340,1.04145,1.04145,1.041,1.0411,449,368.9,0,0,-449,-449,0,-449,-449,589034
1738919520,1.0411,1.0413,1.04105,1.04125,185,356.3,0,0,-81,-81,52,-133,-81,589034
1738919700,1.04125,1.04135,1.041,1.0413,226,349.6,0,86,-70,86,156,-70,86,589034
1738919880,1.0413,1.04135,1.041,1.0411,361,332.65,0,0,-276,-191,85,-276,-191,589034
1738920060,1.0411,1.04125,1.0411,1.04125,162,327.9,0,162,0,162,162,0,162,589034
1738920240,1.04125,1.0413,1.04095,1.041,187,326.9,0,0,-187,-187,0,-187,-187,589034
1738920420,1.041,1.04105,1.0409,1.0409,105,297.25,0,0,-89,-89,8,-97,-89,589034
1738920600,1.04085,1.04105,1.0408,1.04105,431,289.95,0,0,-255,-79,176,-255,-79,589034
1738920780,1.0411,1.0413,1.041,1.0412,603,304.05,0,181,-211,181,392,-211,181,589034
1738920960,1.0412,1.04135,1.0411,1.04125,244,301.15,0,244,0,244,244,0,244,589034
1738921140,1.04125,1.04145,1.04125,1.04135,452,306.15,0,327,0,202,327,-125,202,589034
1738921320,1.0414,1.04165,1.04135,1.04155,282,311.65,0,135,0,106,194,-88,106,589034
1738921500,1.0416,1.0416,1.0412,1.04125,201,313.95,0,0,-154,-107,47,-154,-107,589034
1738921680,1.0413,1.0413,1.04115,1.0412,163,312.8,0,0,-108,-53,55,-108,-53,589034
1738921860,1.0412,1.0412,1.041,1.04115,251,309.5,0,0,-152,-53,99,-152,-53,589034
1738922040,1.0412,1.04125,1.0409,1.041,367,310.25,0,144,-79,-79,144,-223,-79,589034
1738922220,1.041,1.041,1.04075,1.04085,235,309.2,0,0,-235,-235,0,-235,-235,589034
1738922400,1.0409,1.0409,1.0406,1.04065,272,296.85,0,0,-272,-272,0,-272,-272,589034
1738922580,1.04065,1.0407,1.0404,1.0406,305,291.65,0,0,-225,-225,40,-265,-225,589034
1738922760,1.0406,1.0407,1.04035,1.0404,620,305.05,0,0,-620,-620,0,-620,-620,589034
1738922940,1.04045,1.0405,1.0403,1.04045,422,303.7,0,229,0,220,321,-101,220,589034
1738923120,1.0405,1.04065,1.04045,1.04065,270,307.95,0,270,0,270,270,0,270,589034
1738923300,1.0407,1.0407,1.0405,1.04055,289,311.1,0,66,-157,-157,66,-223,-157,589034
1738923480,1.0406,1.04065,1.0405,1.04065,181,302.1,0,0,-161,-141,20,-161,-141,589034
1738923660,1.0407,1.0407,1.0406,1.0406,174,302.7,0,0,-110,-110,32,-142,-110,589034
1738923840,1.0406,1.04065,1.04055,1.0406,170,301.85,0,43,-84,-84,43,-127,-84,589034
1738924020,1.0406,1.04065,1.04055,1.04055,129,303.05,0,0,-129,-129,0,-129,-129,589034
1738924200,1.0406,1.0407,1.04045,1.0405,400,301.5,0,0,-400,-400,0,-400,-400,589034
1738924380,1.0405,1.0405,1.04025,1.04025,380,290.35,0,0,-380,-380,0,-380,-380,589034
1738924560,1.04025,1.0403,1.04015,1.0402,525,304.4,0,116,-293,-293,116,-409,-293,589034
1738924740,1.0402,1.0404,1.04015,1.0403,306,297.1,0,158,0,158,232,-74,158,589034
1738924920,1.0403,1.04035,1.0401,1.0401,132,289.6,0,19,-94,-94,19,-113,-94,589034
1738925100,1.04015,1.04015,1.03975,1.0398,1780,368.55,0,0,-1780,-1780,0,-1780,-1780,589034
1738925280,1.03975,1.03985,1.0397,1.0398,423,381.55,0,47,-188,47,235,-188,47,589034
1738925460,1.03985,1.03985,1.03975,1.03975,262,382.1,0,0,-262,-262,0,-262,-262,589034
1738925640,1.03975,1.0399,1.03965,1.0398,317,379.6,0,215,-51,215,266,-51,215,589034
1738925820,1.03985,1.04,1.03985,1.0399,348,385.25,0,309,0,270,309,-39,270,589034
1738926000,1.0399,1.03995,1.0397,1.0399,248,384.05,0,0,-142,-36,106,-142,-36,589034
1738926180,1.0399,1.03995,1.0396,1.0396,146,376.1,0,0,-146,-146,0,-146,-146,589034
1738926360,1.03965,1.0397,1.0395,1.03955,321,361.15,0,0,-321,-321,0,-321,-321,589034
1738926540,1.0396,1.03975,1.03955,1.0397,212,350.65,0,138,0,138,175,-37,138,589034
1738926720,1.03965,1.03985,1.0396,1.03985,198,347.05,0,170,-14,170,184,-14,170,589034
1738926900,1.03985,1.0399,1.03975,1.03975,137,339.45,0,0,-57,-57,40,-97,-57,589034
1738927080,1.03975,1.03995,1.03965,1.03985,141,337.45,0,0,-85,-85,28,-113,-85,589034
1738927260,1.0399,1.0399,1.03965,1.03965,193,338.4,0,55,-83,-83,55,-138,-83,589034
1738927440,1.03965,1.03985,1.0396,1.03985,91,334.45,0,91,0,91,91,0,91,589034
1738927620,1.0398,1.0398,1.03965,1.0398,142,335.1,0,0,-92,-42,50,-92,-42,589034
1738927800,1.0398,1.03985,1.0397,1.0397,195,324.85,0,27,-141,-141,27,-168,-141,589034
1738927980,1.03975,1.0399,1.0397,1.0397,102,310.95,0,60,0,18,60,-42,18,589034
1738928160,1.0397,1.0398,1.03965,1.03975,123,290.85,0,123,0,123,123,0,123,589034
1738928340,1.03975,1.0398,1.03965,1.03975,131,282.1,0,0,-79,-27,52,-79,-27,589034
1738928520,1.03975,1.0399,1.03975,1.0399,137,282.35,0,137,0,137,137,0,137,589034
1738928700,1.03995,1.03995,1.03985,1.0399,339,210.3,0,0,-238,-137,101,-238,-137,589034
1738928880,1.0399,1.04015,1.0399,1.04015,174,197.85,0,174,0,174,174,0,174,589034
1738929060,1.04015,1.0402,1.03995,1.04,349,202.2,0,134,-81,-81,134,-215,-81,589034
1738929240,1.03995,1.04,1.03995,1.04,81,190.4,0,59,-11,59,70,-11,59,589034
1738929420,1.04,1.04005,1.0399,1.04,154,180.7,0,42,-70,-70,42,-112,-70,589034
1738929600,1.04,1.04,1.03955,1.03955,351,185.85,0,0,-293,-293,29,-322,-293,589034
1738929780,1.03955,1.0396,1.0393,1.03935,503,203.7,0,94,-315,-315,94,-409,-315,589034
1738929960,1.03935,1.0396,1.0391,1.0396,563,215.8,0,0,-388,-213,175,-388,-213,589034
1738930140,1.03955,1.0396,1.03945,1.0395,195,214.95,0,55,-21,55,125,-70,55,589034
1738930320,1.0395,1.0396,1.03945,1.03945,157,212.9,0,24,-109,-109,24,-133,-109,589034
1738930500,1.03945,1.03945,1.03915,1.03925,277,219.9,0,0,-172,-67,105,-172,-67,589034
1738930680,1.03925,1.0395,1.03925,1.03935,260,225.85,0,260,0,260,260,0,260,589034
1738930860,1.0393,1.0394,1.0392,1.03935,224,227.4,0,0,-130,-36,94,-130,-36,589034
1738931040,1.03935,1.0394,1.0392,1.0392,174,231.55,0,72,-30,-30,72,-102,-30,589034
1738931220,1.03925,1.03925,1.0389,1.03895,466,247.75,0,0,-299,-132,167,-299,-132,589034
1738931400,1.03895,1.03905,1.0388,1.0388,580,267,0,185,-210,-210,185,-395,-210,589034
1738931580,1.0388,1.0388,1.0386,1.03875,761,299.95,0,431,-165,431,596,-165,431,589034
1738931760,1.0388,1.03895,1.0387,1.0389,264,307,0,176,0,176,220,-44,176,589034
1738931940,1.03885,1.039,1.0387,1.039,537,327.3,0,341,-98,341,439,-98,341,589034
1738932120,1.039,1.0391,1.03885,1.03895,260,333.45,0,187,0,114,187,-73,114,589034
1738932300,1.039,1.0392,1.03885,1.03915,354,334.2,0,0,-259,-164,95,-259,-164,589034
1738932480,1.03915,1.03925,1.03905,1.03905,166,333.8,0,66,-34,-34,66,-100,-34,589034
1738932660,1.0391,1.0394,1.0391,1.0394,292,330.95,0,292,0,292,292,0,292,589034
1738932840,1.03935,1.0395,1.03915,1.03945,540,353.9,0,0,-300,-300,120,-420,-300,589034
1738933020,1.03945,1.0396,1.03915,1.03925,838,388.1,0,559,0,280,559,-279,280,589034
1738933200,1.03925,1.03945,1.0392,1.0393,521,396.6,0,408,0,295,408,-113,295,589034
1738933380,1.0393,1.0395,1.03915,1.03925,254,384.15,0,142,0,30,142,-112,30,589034
1738933560,1.03925,1.03955,1.03925,1.0393,153,363.65,0,139,0,125,139,-14,125,589034
1738933740,1.0393,1.0397,1.0393,1.0396,350,371.4,0,350,0,350,350,0,350,589034
1738933920,1.03955,1.03955,1.0393,1.0395,402,383.65,0,0,-301,-200,101,-301,-200,589034
1738934100,1.0395,1.03965,1.03935,1.0396,555,397.55,0,199,-178,199,377,-178,199,589034
1738934280,1.0396,1.0397,1.03905,1.0391,595,414.3,0,143,-309,-309,143,-452,-309,589034
1738934460,1.0391,1.03935,1.0391,1.0393,294,417.8,0,216,0,138,216,-78,138,589034
1738934640,1.03935,1.03955,1.0392,1.0395,479,433.05,0,191,-144,191,335,-144,191,589034
1738934820,1.03945,1.0396,1.0391,1.03935,381,428.8,0,63,-255,-255,63,-318,-255,589034
1738935000,1.03935,1.04325,1.03665,1.03695,12552,1027.4,0,0,-12552,-12552,0,-12552,-12552,589034
1738935180,1.0369,1.03905,1.03685,1.0383,4294,1204.05,0,3335,0,2376,3335,-959,2376,589034
1738935360,1.0383,1.0393,1.03795,1.03925,2696,1325.65,0,472,-1112,472,1584,-1112,472,589034
1738935540,1.0393,1.0395,1.03855,1.0388,1920,1394.8,0,665,-161,268,1094,-826,268,589034
1738935720,1.0388,1.0391,1.0384,1.0388,1265,1445.05,0,271,-497,271,768,-497,271,589034
1738935900,1.03875,1.03915,1.0378,1.038,1926,1523.65,0,680,-566,-566,680,-1246,-566,589034
1738936080,1.038,1.0383,1.0377,1.03805,1257,1578.2,0,545,0,545,901,-356,545,589034
1738936260,1.038,1.03805,1.0375,1.03775,1330,1630.1,0,480,-425,480,905,-425,480,589034
1738936440,1.0378,1.0379,1.03715,1.0374,1610,1683.6,0,243,-379,-366,622,-988,-366,589034
1738936620,1.0374,1.03845,1.03735,1.0381,1708,1727.1,0,1033,0,358,1033,-675,358,589034
1738936800,1.0381,1.0386,1.038,1.0386,2016,1801.85,0,476,-770,476,1246,-770,476,589034
1738936980,1.0386,1.03875,1.03785,1.03805,1173,1847.8,0,0,-651,-651,261,-912,-651,589034
1738937160,1.03805,1.039,1.03805,1.03875,1420,1911.15,0,908,0,908,1164,-256,908,589034
1738937340,1.0387,1.039,1.0384,1.03855,816,1934.45,0,0,-325,-226,295,-521,-226,589034
1738937520,1.0386,1.03915,1.0385,1.03915,507,1939.7,0,507,0,507,507,0,507,589034
1738937700,1.0391,1.03945,1.039,1.0392,1052,1964.55,0,613,0,174,613,-439,174,589034
1738937880,1.0392,1.0392,1.0385,1.039,586,1964.1,0,0,-468,-350,118,-468,-350,589034
1738938060,1.039,1.03945,1.039,1.0394,548,1976.8,0,548,0,548,548,0,548,589034
1738938240,1.03935,1.03945,1.03895,1.03945,625,1984.1,0,155,-235,155,390,-235,155,589034
1738938420,1.03945,1.04,1.03935,1.0399,789,2004.5,0,789,0,789,789,0,789,589034
1738938600,1.03995,1.04035,1.0399,1.03995,1328,1443.3,0,562,-204,-204,562,-766,-204,589034
1738938780,1.03995,1.04025,1.03975,1.04025,824,1269.8,0,102,-361,102,463,-361,102,589034
1738938960,1.0402,1.0404,1.04,1.0403,533,1161.65,0,355,-89,355,444,-89,355,589034
1738939140,1.04035,1.04035,1.03985,1.04,615,1096.4,0,0,-427,-239,188,-427,-239,589034
1738939320,1.04,1.04005,1.03975,1.0398,516,1058.95,0,0,-192,-188,164,-352,-188,589034
1738939500,1.03985,1.04005,1.0397,1.04005,499,987.6,0,135,-182,135,317,-182,135,589034
1738939680,1.04,1.0404,1.04,1.0404,499,949.7,0,499,0,499,499,0,499,589034
1738939860,1.04035,1.04055,1.04025,1.0404,630,914.7,0,181,-268,-268,181,-449,-268,589034
1738940040,1.0404,1.04065,1.0402,1.0405,795,873.95,0,220,-168,-19,388,-407,-19,589034
1738940220,1.04045,1.04065,1.0402,1.04035,1105,843.8,0,691,0,691,898,-207,691,589034
1738940400,1.0403,1.0404,1.0393,1.04025,4051,945.55,0,0,-2030,-9,2021,-2030,-9,589034
1738940580,1.0402,1.0405,1.03995,1.04015,2706,1022.2,0,720,-1266,-1266,720,-1986,-1266,589034
1738940760,1.04015,1.04055,1.04,1.04035,1870,1044.7,0,482,-694,482,1176,-694,482,589034
1738940940,1.04035,1.04035,1.0391,1.0392,1699,1088.85,0,0,-1699,-1699,0,-1699,-1699,589034
1738941120,1.0392,1.0394,1.039,1.03925,1435,1135.25,0,362,-327,57,746,-689,57,589034
1738941300,1.0393,1.03965,1.0391,1.03915,854,1125.35,0,348,-158,-158,348,-506,-158,589034
1738941480,1.0392,1.0396,1.039,1.0394,803,1136.2,0,621,0,439,621,-182,439,589034
1738941660,1.03935,1.03965,1.0391,1.0391,889,1153.25,0,422,-161,277,583,-306,277,589034
1738941840,1.03905,1.03935,1.03875,1.0392,1206,1182.3,0,0,-644,-82,562,-644,-82,589034
1738942020,1.0392,1.0393,1.0387,1.03885,1193,1202.5,0,0,-950,-707,243,-950,-707,589034
1738942200,1.03885,1.0391,1.03875,1.039,750,1173.6,0,593,0,436,593,-157,436,589034
1738942380,1.039,1.0396,1.039,1.0395,605,1162.65,0,438,0,271,438,-167,271,589034
1738942560,1.0395,1.03975,1.03915,1.03915,569,1164.45,0,0,-353,-353,108,-461,-353,589034
1738942740,1.0392,1.0394,1.03905,1.0394,408,1154.1,0,124,-142,124,266,-142,124,589034
1738942920,1.03945,1.03965,1.03935,1.03955,503,1153.45,0,503,0,503,503,0,503,589034
1738943100,1.03955,1.03995,1.0394,1.03975,618,1159.4,0,42,-194,-146,236,-382,-146,589034
1738943280,1.0398,1.04045,1.0398,1.0403,808,1174.85,0,378,0,378,593,-215,378,589034
1738943460,1.04025,1.04035,1.0363,1.03675,13147,1800.7,0,0,-12779,-12779,184,-12963,-12779,589034
1738943640,1.0368,1.03695,1.03475,1.03555,9782,2250.05,0,0,-5155,-4038,2872,-6910,-4038,589034
1738943820,1.0355,1.0374,1.03445,1.03735,8451,2617.35,0,2349,-3051,2349,5400,-3051,2349,589034
1738944000,1.0373,1.0373,1.0355,1.0355,4110,2620.3,0,0,-4110,-4110,0,-4110,-4110,589034
1738944180,1.0355,1.03595,1.0348,1.0349,4090,2689.5,0,1764,-562,-562,1764,-2326,-562,589034
1738944360,1.03485,1.03595,1.0347,1.03595,2347,2713.35,0,2347,0,2347,2347,0,2347,589034
1738944540,1.03595,1.03625,1.0351,1.03585,2078,2732.3,0,1020,0,822,1450,-628,822,589034
1738944720,1.0359,1.03625,1.03495,1.0351,2387,2779.9,0,846,-695,-695,846,-1541,-695,589034
1738944900,1.0351,1.03565,1.0347,1.0356,1997,2837.05,0,625,-686,625,1311,-686,625,589034
1738945080,1.03555,1.0375,1.0352,1.03635,10224,3308.1,0,9590,-317,9590,9907,-317,9590,589034
1738945260,1.0363,1.0365,1.0354,1.036,2719,3399.6,0,0,-1969,-1219,750,-1969,-1219,589034
1738945440,1.036,1.0365,1.0353,1.03545,2735,3476.05,0,0,-2735,-2735,0,-2735,-2735,589034
1738945620,1.0354,1.03565,1.03505,1.0353,1502,3491.5,0,0,-1091,-680,411,-1091,-680,589034
1738945800,1.03535,1.03565,1.0353,1.03535,852,3496.6,0,485,0,118,485,-367,118,589034
1738945980,1.0354,1.03565,1.035,1.03525,1295,3531.1,0,314,-667,-667,314,-981,-667,589034
1738946160,1.03525,1.03545,1.0346,1.03465,1340,3569.65,0,177,-986,-986,177,-1163,-986,589034
1738946340,1.03465,1.03505,1.03425,1.0343,1727,3635.6,0,489,-749,-749,489,-1238,-749,589034
1738946520,1.0343,1.0345,1.0341,1.03425,859,3653.4,0,0,-365,-365,247,-612,-365,589034
1738946700,1.03425,1.03475,1.03415,1.0347,1313,3688.15,0,581,0,581,947,-366,581,589034
1738946880,1.0347,1.03495,1.0344,1.03455,906,3693.05,0,408,0,266,586,-320,266,589034
1738947060,1.0346,1.03465,1.0341,1.0345,826,3077,0,0,-524,-222,302,-524,-222,589034
1738947240,1.03455,1.03475,1.03435,1.03445,832,2629.5,0,0,-512,-512,160,-672,-512,589034
1738947420,1.0345,1.0355,1.03385,1.03455,5854,2499.65,0,5854,0,5854,5854,0,5854,589034
1738947600,1.03455,1.0346,1.0342,1.03445,756,2331.95,0,490,-133,490,623,-133,490,589034
1738947780,1.03445,1.03525,1.03395,1.0352,1778,2216.35,0,1392,-193,1392,1585,-193,1392,589034
1738947960,1.0352,1.0379,1.0346,1.0369,10806,2639.3,0,4092,-3357,4092,7449,-3357,4092,589034
1738948140,1.0368,1.0369,1.0357,1.03585,2632,2667,0,0,-2196,-1760,436,-2196,-1760,589034
1738948320,1.0359,1.0362,1.03565,1.03605,640,2579.65,0,640,0,640,640,0,640,589034
1738948500,1.03605,1.0361,1.03405,1.03425,7800,2869.8,0,0,-7800,-7800,0,-7800,-7800,589034
1738948680,1.0343,1.0343,1.0323,1.03385,8300,2773.6,0,0,-5523,-2746,2777,-5523,-2746,589034
1738948860,1.0338,1.03605,1.03315,1.0346,7613,3018.3,0,4790,0,2947,5280,-2333,2947,589034
1738949040,1.03455,1.03495,1.0341,1.0345,818,2922.45,0,0,-638,-458,180,-638,-458,589034
1738949220,1.0344,1.0346,1.03375,1.03375,637,2879.2,0,0,-637,-637,0,-637,-637,589034
1738949400,1.0338,1.03385,1.03335,1.0335,556,2864.4,0,171,-214,-214,171,-385,-214,589034
1738949580,1.0335,1.03435,1.03335,1.0342,1875,2893.4,0,1077,0,279,1077,-798,279,589034
1738949760,1.03415,1.0343,1.0337,1.03385,1042,2878.5,0,0,-1042,-1042,0,-1042,-1042,589034
1738949940,1.03385,1.034,1.03335,1.03335,688,2826.55,0,189,-310,-310,189,-499,-310,589034
1738950120,1.03335,1.0337,1.0333,1.0336,349,2801.05,0,0,-135,-115,117,-232,-115,589034
1738950300,1.03365,1.03365,1.033,1.0334,735,2772.15,0,0,-395,-55,340,-395,-55,589034
1738950480,1.0334,1.0338,1.0333,1.0336,426,2748.15,0,211,-4,-4,211,-215,-4,589034
1738950660,1.0336,1.03375,1.0335,1.03365,454,2729.55,0,160,0,160,307,-147,160,589034
1738950840,1.0337,1.03385,1.0335,1.0335,423,2709.1,0,0,-423,-423,0,-423,-423,589034
1738951020,1.0335,1.03395,1.0334,1.03385,528,2442.8,0,180,-5,158,343,-185,158,589034
1738951200,1.0339,1.03425,1.0338,1.03425,587,2434.35,0,231,0,231,409,-178,231,589034
1738951380,1.0343,1.0345,1.03395,1.0345,616,2376.25,0,402,-107,402,509,-107,402,589034
1738951560,1.03445,1.03465,1.0343,1.0344,408,1856.35,0,0,-352,-296,56,-352,-296,589034
1738951740,1.03445,1.035,1.03445,1.03495,447,1747.1,0,285,0,285,366,-81,285,589034
1738951920,1.03495,1.035,1.03455,1.03475,383,1734.25,0,0,-279,-175,104,-279,-175,589034
1738952100,1.03475,1.03515,1.03475,1.0351,263,1357.4,0,263,0,263,263,0,263,589034
1738952280,1.03505,1.03515,1.0348,1.03485,378,961.3,0,0,-378,-378,0,-378,-378,589034
1738952460,1.03485,1.03515,1.03485,1.03505,207,591,0,207,0,207,207,0,207,589034
1738952640,1.035,1.03545,1.03485,1.0353,1404,620.3,0,8,-698,8,706,-698,8,589034
1738952820,1.03525,1.03525,1.0349,1.03495,202,598.55,0,0,-202,-202,0,-202,-202,589034
1738953000,1.0349,1.03505,1.0348,1.03485,277,584.6,0,11,-92,-71,103,-174,-71,589034
1738953180,1.03485,1.03525,1.0347,1.03505,329,507.3,0,0,-186,-183,73,-256,-183,589034
1738953360,1.03505,1.03505,1.03485,1.0349,244,467.4,0,17,-83,-44,100,-144,-44,589034
1738953540,1.03495,1.03495,1.0347,1.03475,196,442.8,0,44,-108,-108,44,-152,-108,589034
1738953720,1.0347,1.0347,1.03425,1.0343,387,444.7,0,0,-387,-387,0,-387,-387,589034
1738953900,1.0343,1.03435,1.03385,1.034,500,432.95,0,0,-344,-188,156,-344,-188,589034
1738954080,1.03405,1.03425,1.034,1.034,293,426.3,0,178,0,63,178,-115,63,589034
1738954260,1.03405,1.03425,1.03385,1.0339,651,436.15,0,80,-491,-491,80,-571,-491,589034
1738954440,1.03395,1.03415,1.0339,1.03405,201,425.05,0,173,0,145,173,-28,145,589034
1738954620,1.03405,1.0343,1.0339,1.0342,562,426.75,0,142,-142,142,352,-210,142,589034
1738954800,1.03425,1.03455,1.0342,1.0345,378,416.3,0,378,0,378,378,0,378,589034
1738954980,1.0345,1.0345,1.03415,1.03435,180,394.5,0,90,-45,90,135,-45,90,589034
1738955160,1.03435,1.0345,1.03425,1.0344,345,391.35,0,164,-17,-17,164,-181,-17,589034
1738955340,1.0344,1.03455,1.0344,1.03445,138,375.9,0,63,-11,10,74,-64,10,589034
1738955520,1.0344,1.03445,1.03425,1.0343,324,372.95,0,0,-324,-324,0,-324,-324,589034
1738955700,1.03435,1.0349,1.03435,1.03485,335,376.55,0,335,0,335,335,0,335,589034
1738955880,1.0349,1.035,1.0348,1.0349,554,385.35,0,0,-415,-276,139,-415,-276,589034
1738956060,1.0349,1.03505,1.03475,1.0349,273,388.65,0,71,-67,3,138,-135,3,589034
1738956240,1.0349,1.03495,1.03485,1.0349,399,338.4,0,229,-85,229,314,-85,229,589034
1738956420,1.0349,1.03495,1.03455,1.0348,818,369.2,0,626,-96,626,722,-96,626,589034
1738956600,1.03475,1.03475,1.03455,1.03465,205,365.6,0,0,-205,-205,0,-205,-205,589034
1738956780,1.0347,1.03505,1.0347,1.03485,304,364.35,0,283,0,262,283,-21,262,589034
1738956960,1.03485,1.03495,1.0348,1.03485,222,363.25,0,170,0,118,170,-52,118,589034
1738957140,1.03485,1.03515,1.0346,1.03495,1061,406.5,0,169,-723,-723,169,-892,-723,589034
1738957320,1.0349,1.03545,1.03475,1.035,1570,465.65,0,0,-1153,-736,417,-1153,-736,589034
1738957500,1.03505,1.03515,1.0347,1.03485,444,462.85,0,118,-208,-208,118,-326,-208,589034
1738957680,1.0349,1.03515,1.03475,1.03505,236,460,0,236,0,236,236,0,236,589034
1738957860,1.0351,1.0352,1.0348,1.03485,329,443.9,0,0,-329,-329,0,-329,-329,589034
1738958040,1.0349,1.03505,1.0348,1.03495,335,450.6,0,131,-42,131,233,-102,131,589034
1738958220,1.03495,1.0352,1.0348,1.035,1569,500.95,0,1111,-155,1111,1340,-229,1111,589034
1738958400,1.035,1.0352,1.0349,1.03505,455,504.8,0,0,-237,-181,137,-318,-181,589034
1738958580,1.03505,1.0353,1.03505,1.0351,141,502.85,0,125,0,109,125,-16,109,589034
1738958760,1.0351,1.03545,1.0351,1.03535,244,497.8,0,151,0,58,151,-93,58,589034
1738958940,1.03535,1.0356,1.03535,1.03555,420,511.9,0,420,0,420,420,0,420,589034
1738959120,1.0356,1.0356,1.0351,1.0351,257,508.55,0,0,-257,-257,0,-257,-257,589034
1738959300,1.03515,1.0352,1.03495,1.03505,208,502.2,0,0,-208,-208,0,-208,-208,589034
1738959480,1.035,1.03515,1.03495,1.035,165,482.75,0,59,-11,59,112,-53,59,589034
1738959660,1.03505,1.0353,1.03505,1.03525,164,477.3,0,164,0,164,164,0,164,589034
1738959840,1.0352,1.03535,1.03495,1.03505,281,471.4,0,37,-207,-207,37,-244,-207,589034
1738960020,1.03505,1.03505,1.03465,1.03475,282,444.6,0,0,-282,-282,0,-282,-282,589034
1738960200,1.03475,1.03485,1.03455,1.0346,296,449.15,0,0,-186,-76,110,-186,-76,589034
1738960380,1.03465,1.0347,1.03445,1.03445,271,447.5,0,0,-243,-243,14,-257,-243,589034
1738960560,1.03445,1.03465,1.03445,1.0346,241,448.45,0,228,0,215,228,-13,215,589034
1738960740,1.0346,1.0346,1.03425,1.0343,373,414.05,0,0,-373,-373,0,-373,-373,589034
1738960920,1.03425,1.03425,1.03395,1.03395,541,362.6,0,0,-541,-541,0,-541,-541,589034
1738961100,1.03395,1.0342,1.03395,1.03415,265,353.65,0,265,0,265,265,0,265,589034
1738961280,1.0342,1.0344,1.03415,1.0343,489,366.3,0,339,0,189,339,-150,189,589034
1738961460,1.0343,1.0346,1.0343,1.0346,308,365.25,0,308,0,308,308,0,308,589034
1738961640,1.0346,1.0347,1.0345,1.0346,772,387.1,0,270,-232,-232,270,-502,-232,589034
1738961820,1.03455,1.0346,1.03445,1.03455,475,332.4,0,0,-338,-201,137,-338,-201,589034
1738962000,1.0346,1.0347,1.03455,1.03455,370,328.15,0,284,0,198,284,-86,198,589034
1738962180,1.03455,1.03465,1.03455,1.0346,145,328.35,0,19,-107,-107,19,-126,-107,589034
1738962360,1.03465,1.0348,1.03465,1.03475,133,322.8,0,103,0,73,103,-30,73,589034
1738962540,1.0348,1.0348,1.03475,1.0348,94,306.5,0,94,0,94,94,0,94,589034
1738962720,1.0348,1.035,1.0348,1.03485,170,302.15,0,78,-14,-14,78,-92,-14,589034
1738962900,1.03485,1.035,1.03485,1.035,79,295.7,0,79,0,79,79,0,79,589034
1738963080,1.035,1.035,1.03485,1.0349,84,291.65,0,0,-45,-6,39,-45,-6,589034
1738963260,1.03485,1.0349,1.0348,1.0349,17,284.3,0,0,-16,-15,1,-16,-15,589034
1738963440,1.03485,1.03485,1.03475,1.0348,51,272.8,0,0,-37,-23,14,-37,-23,589034
1738963620,1.03475,1.03475,1.0346,1.0347,169,267.15,0,0,-125,-81,44,-125,-81,589034
1738963800,1.03465,1.03465,1.0346,1.0346,57,255.2,0,0,-57,-57,0,-57,-57,589034
1738963980,1.0346,1.03465,1.0345,1.03455,108,247.05,0,0,-108,-108,0,-108,-108,589034
1738964160,1.03455,1.03455,1.0344,1.0345,45,237.25,0,0,-39,-33,6,-39,-33,589034
1738964340,1.03445,1.0345,1.0343,1.03435,102,223.7,0,0,-102,-102,0,-102,-102,589034
1738964520,1.0343,1.0345,1.0343,1.0345,139,203.6,0,139,0,139,139,0,139,589034
1738964700,1.0345,1.03455,1.03445,1.03455,24,191.55,0,16,-4,16,20,-4,16,589034
1738964880,1.0345,1.03465,1.0344,1.0346,151,174.65,0,42,-39,-39,56,-95,-39,589034
1738965060,1.03455,1.03455,1.0344,1.0344,70,162.75,0,0,-26,-22,24,-46,-22,589034
1738965240,1.0344,1.0345,1.0343,1.0345,101,129.2,0,0,-54,-7,47,-54,-7,589034
1738965420,1.03455,1.0346,1.0342,1.0346,371,124,0,0,-354,-337,17,-354,-337,596141
1739142000,1.0315,1.032,1.03065,1.0319,1336,172.3,0,1211,0,1086,1211,-125,1086,596141
1739142180,1.032,1.0327,1.03195,1.03215,463,188.2,0,280,0,97,280,-183,97,596141
1739142360,1.0322,1.03245,1.03215,1.03215,158,189.45,0,100,0,42,100,-58,42,596141
1739142540,1.03215,1.0326,1.03215,1.03245,184,193.95,0,184,0,184,184,0,184,596141
1739142720,1.03245,1.0326,1.03235,1.0326,115,191.2,0,115,0,115,115,0,115,596141
1739142900,1.0326,1.0328,1.03255,1.0327,179,196.2,0,150,0,121,150,-29,121,596141
1739143080,1.03275,1.03275,1.03255,1.03275,131,198.55,0,0,-76,-21,55,-76,-21,596141
1739143260,1.03265,1.03285,1.0326,1.0328,60,200.7,0,0,-30,-30,15,-45,-30,596141
1739143440,1.03285,1.03285,1.0326,1.0327,93,202.8,0,0,-76,-59,17,-76,-59,596141
1739143620,1.0327,1.03275,1.0326,1.03265,69,197.8,0,0,-56,-43,13,-56,-43,596141
1739143800,1.0327,1.03285,1.03265,1.0328,84,199.15,0,84,0,84,84,0,84,596141
1739143980,1.03285,1.0329,1.03275,1.0329,62,196.85,0,32,0,32,47,-15,32,596141
1739144160,1.0329,1.033,1.03285,1.03285,120,200.6,0,93,0,66,93,-27,66,596141
1739144340,1.03285,1.033,1.03285,1.033,49,197.95,0,49,0,49,49,0,49,596141
1739144520,1.033,1.033,1.03285,1.0329,48,193.4,0,26,0,26,37,-11,26,596141
1739144700,1.03285,1.033,1.03285,1.0329,107,197.55,0,40,0,33,70,-37,33,596141
1739144880,1.03295,1.03305,1.03275,1.03275,71,193.55,0,29,-13,-13,29,-42,-13,596141
1739145060,1.03275,1.0329,1.0327,1.0328,105,195.3,0,51,-13,23,64,-41,23,596141
1739145240,1.0329,1.0331,1.03275,1.03295,110,195.75,0,73,0,36,73,-37,36,596141
1739145420,1.03295,1.033,1.03275,1.03275,66,180.5,0,0,-66,-66,0,-66,-66,596141
1739145600,1.0327,1.0333,1.0327,1.0333,249,126.15,0,249,0,249,249,0,249,596141
1739145780,1.0333,1.03345,1.0332,1.03345,204,113.2,0,16,-94,16,110,-94,16,596141
1739145960,1.0334,1.0335,1.03335,1.03335,142,112.4,0,0,-83,-40,51,-91,-40,596141
1739146140,1.0334,1.0334,1.0332,1.0332,72,106.8,0,0,-72,-72,0,-72,-72,596141
1739146320,1.0332,1.0332,1.03285,1.03295,195,110.8,0,0,-195,-195,0,-195,-195,596141
1739146500,1.03295,1.03315,1.0329,1.03315,97,106.7,0,9,-44,9,53,-44,9,596141
1739146680,1.03315,1.0336,1.0331,1.03355,206,110.45,0,206,0,206,206,0,206,596141
1739146860,1.03355,1.03355,1.0333,1.0334,82,111.55,0,0,-74,-66,8,-74,-66,596141
1739147040,1.0334,1.03345,1.0333,1.0333,126,113.2,0,73,0,20,73,-53,20,596141
1739147220,1.0333,1.03345,1.03325,1.0333,124,115.95,0,46,-18,4,64,-60,4,596141
1739147400,1.03335,1.0335,1.0333,1.0335,74,115.45,0,74,0,74,74,0,74,596141
1739147580,1.03345,1.0336,1.03345,1.0335,98,117.25,0,64,0,30,64,-34,30,596141
1739147760,1.03355,1.0336,1.0332,1.0333,237,123.1,0,0,-169,-101,68,-169,-101,596141
1739147940,1.03335,1.0334,1.0333,1.03335,53,123.3,0,5,-24,5,29,-24,5,596141
1739148120,1.0333,1.03335,1.0332,1.0332,97,125.75,0,38,-21,-21,38,-59,-21,596141
1739148300,1.0332,1.0332,1.03285,1.03285,183,129.55,0,0,-183,-183,0,-183,-183,596141
1739148480,1.03285,1.0331,1.0328,1.0331,499,150.95,0,499,0,499,499,0,499,596141
1739148660,1.0331,1.0333,1.03305,1.03315,186,155,0,107,0,28,107,-79,28,596141
1739148840,1.03315,1.03315,1.03275,1.03275,464,172.7,0,0,-464,-464,0,-464,-464,596141
1739149020,1.03275,1.0328,1.03265,1.03275,65,172.65,0,0,-40,-15,25,-40,-15,596141
1739149200,1.03275,1.03285,1.0326,1.03265,224,171.4,0,64,-96,-96,64,-160,-96,596141
1739149380,1.0327,1.0329,1.0327,1.03285,79,165.15,0,79,0,79,79,0,79,596141
1739149560,1.03285,1.03295,1.0327,1.0327,95,162.8,0,36,-23,-23,36,-59,-23,596141
1739149740,1.03275,1.03285,1.0327,1.03275,70,162.7,0,55,0,40,55,-15,40,596141
1739149920,1.03275,1.0329,1.03275,1.03285,205,163.2,0,11,-183,-183,11,-194,-183,596141
1739150100,1.03285,1.033,1.0328,1.03295,61,161.4,0,15,-23,15,38,-23,15,596141
1739150280,1.03295,1.0332,1.0329,1.03295,149,158.55,0,108,0,67,108,-41,67,596141
1739150460,1.0329,1.03295,1.03265,1.0327,70,157.95,0,0,-70,-70,0,-70,-70,596141
1739150640,1.03275,1.03275,1.0324,1.0324,134,158.35,0,0,-134,-134,0,-134,-134,596141
1739150820,1.03245,1.0325,1.03235,1.03235,131,158.7,0,46,-39,-39,46,-85,-39,596141
1739151000,1.03235,1.0324,1.03205,1.03235,198,164.9,0,0,-130,-62,68,-130,-62,596141
1739151180,1.03235,1.03255,1.03235,1.03245,123,166.15,0,51,0,45,84,-39,45,596141
1739151360,1.03245,1.0325,1.0324,1.0324,56,157.1,0,13,-30,-30,13,-43,-30,596141
1739151540,1.0324,1.03245,1.03205,1.0321,267,167.8,0,0,-267,-267,0,-267,-267,596141
1739151720,1.0321,1.0321,1.03185,1.0319,217,173.8,0,0,-217,-217,0,-217,-217,596141
1739151900,1.0319,1.03195,1.03175,1.0318,412,185.25,0,0,-412,-412,0,-412,-412,596141
1739152080,1.0318,1.03195,1.03175,1.03195,158,168.2,0,0,-97,-36,61,-97,-36,596141
1739152260,1.03195,1.03215,1.03195,1.03215,87,163.25,0,87,0,87,87,0,87,596141
1739152440,1.03215,1.03215,1.032,1.032,76,143.85,0,0,-76,-76,0,-76,-76,596141
1739152620,1.03205,1.03205,1.03185,1.032,60,143.6,0,0,-40,-20,20,-40,-20,596141
1739152800,1.03205,1.0321,1.03205,1.0321,84,136.6,0,84,0,84,84,0,84,596141
1739152980,1.0321,1.0323,1.0321,1.0323,134,139.35,0,20,-45,4,69,-65,4,596141
1739153160,1.03235,1.03245,1.0322,1.03235,95,139.35,0,37,0,31,63,-32,31,596141
1739153340,1.0324,1.0324,1.0321,1.0321,52,138.45,0,0,-52,-52,0,-52,-52,596141
1739153520,1.0321,1.03225,1.03205,1.0322,93,132.85,0,93,0,93,93,0,93,596141
1739153700,1.0322,1.0322,1.03205,1.03205,93,134.45,0,0,-93,-93,0,-93,-93,596141
1739153880,1.03205,1.0322,1.032,1.03215,60,130,0,58,-1,58,59,-1,58,596141
1739154060,1.0322,1.0322,1.0321,1.0321,68,129.9,0,0,-68,-68,0,-68,-68,596141
1739154240,1.0321,1.0321,1.03185,1.03185,102,128.3,0,0,-102,-102,0,-102,-102,596141
1739154420,1.03185,1.0319,1.03175,1.0319,131,128.3,0,3,-64,3,67,-64,3,596141
1739154600,1.0319,1.032,1.03175,1.03175,181,127.45,0,73,-35,-35,73,-108,-35,596141
1739154780,1.0318,1.0319,1.03175,1.0319,188,130.7,0,188,0,188,188,0,188,596141
1739154960,1.03185,1.0319,1.0318,1.03185,85,132.15,0,25,-30,25,55,-30,25,596141
1739155140,1.03185,1.03195,1.0318,1.03185,95,123.55,0,13,-35,-35,30,-65,-35,596141
1739155320,1.03185,1.0319,1.03185,1.0319,97,117.55,0,55,-21,55,76,-21,55,596141
1739155500,1.0319,1.0319,1.0318,1.0318,64,100.15,0,29,-6,-6,29,-35,-6,596141
1739155680,1.0318,1.0319,1.0318,1.0318,87,96.6,0,76,0,65,76,-11,65,596141
1739155860,1.0318,1.0318,1.0317,1.0317,181,101.3,0,0,-181,-181,0,-181,-181,596141
1739156040,1.0317,1.0317,1.0316,1.0316,149,104.95,0,0,-149,-149,0,-149,-149,596141
1739156220,1.0316,1.03175,1.0316,1.0317,164,110.15,0,164,0,164,164,0,164,596141
1739156400,1.0317,1.03185,1.0317,1.0318,129,112.4,0,65,0,65,97,-32,65,596141
1739156580,1.0318,1.03195,1.03175,1.03195,138,112.6,0,138,0,138,138,0,138,596141
1739156760,1.03195,1.0321,1.03195,1.03205,176,116.65,0,143,0,110,143,-33,110,596141
1739156940,1.0321,1.0321,1.03205,1.0321,32,115.65,0,32,0,32,32,0,32,596141
1739157120,1.03215,1.0323,1.03215,1.03225,75,114.75,0,75,0,75,75,0,75,596141
1739157300,1.03225,1.0324,1.03225,1.0323,102,115.2,0,81,0,60,81,-21,60,596141
1739157480,1.03235,1.03245,1.03235,1.03245,93,116.85,0,93,0,93,93,0,93,596141
1739157660,1.03245,1.0326,1.03245,1.0326,68,116.85,0,36,0,36,52,-16,36,596141
1739157840,1.03265,1.0327,1.03255,1.0327,187,121.1,0,0,-141,-95,46,-141,-95,596141
1739158020,1.0327,1.0327,1.03255,1.0326,44,116.75,0,0,-44,-44,0,-44,-44,596141
1739158200,1.03265,1.0328,1.03265,1.0327,71,111.25,0,66,0,61,66,-5,61,596141
1739158380,1.0328,1.0329,1.0328,1.03285,72,105.45,0,72,0,72,72,0,72,596141
1739158560,1.03285,1.03285,1.0325,1.0326,141,108.25,0,0,-141,-141,0,-141,-141,596141
1739158740,1.0326,1.0327,1.0326,1.0326,45,105.75,0,29,0,13,29,-16,13,596141
1739158920,1.03255,1.0326,1.0325,1.03255,36,102.7,0,8,-20,-20,8,-28,-20,596141
1739159100,1.0325,1.0327,1.0325,1.0327,81,103.55,0,81,0,81,81,0,81,596141
1739159280,1.0327,1.0327,1.0326,1.0326,48,101.6,0,0,-48,-48,0,-48,-48,596141
1739159460,1.0326,1.0327,1.0326,1.03265,39,94.5,0,36,0,33,36,-3,33,596141
1739159640,1.03265,1.03275,1.03265,1.03275,35,88.8,0,0,-21,-7,14,-21,-7,596141
1739159820,1.03275,1.03285,1.0327,1.03285,51,83.15,0,51,0,51,51,0,51,596141
1739160000,1.03285,1.03305,1.03285,1.03305,110,82.2,0,110,0,110,110,0,110,596141
1739160180,1.033,1.03305,1.033,1.033,51,77.85,0,0,-51,-51,0,-51,-51,596141
1739160360,1.0331,1.0332,1.03305,1.03315,28,70.45,0,28,0,28,28,0,28,596141
1739160540,1.03315,1.03315,1.03295,1.03295,106,74.15,0,0,-106,-106,0,-106,-106,596141
1739160720,1.03295,1.0331,1.03295,1.03305,211,80.95,0,211,0,211,211,0,211,596141
1739160900,1.033,1.03315,1.03295,1.03315,58,78.75,0,10,-24,10,34,-24,10,596141
1739161080,1.03315,1.0332,1.0331,1.03315,47,76.45,0,30,0,13,30,-17,13,596141
1739161260,1.0331,1.0332,1.0331,1.03315,23,74.2,0,2,-17,-17,3,-20,-17,596141
1739161440,1.0332,1.0332,1.03315,1.03315,23,66,0,17,0,11,17,-6,11,596141
1739161620,1.03315,1.03325,1.03315,1.03315,54,66.5,0,33,0,12,33,-21,12,596141
1739161800,1.0332,1.03325,1.0332,1.03325,46,65.25,0,46,0,46,46,0,46,596141
1739161980,1.03325,1.03325,1.03315,1.03315,51,64.2,0,0,-51,-51,0,-51,-51,596141
1739162160,1.03315,1.03325,1.03315,1.03325,17,58,0,1,-8,1,9,-8,1,596141
1739162340,1.03325,1.0333,1.0332,1.03325,38,57.65,0,20,0,2,20,-18,2,596141
1739162520,1.0332,1.03325,1.03315,1.0332,70,59.35,0,0,-70,-70,0,-70,-70,596141
1739162700,1.03315,1.03315,1.0331,1.03315,51,57.85,0,0,-51,-51,0,-51,-51,596141
1739162880,1.03315,1.03315,1.03305,1.03315,100,60.45,0,0,-91,-82,9,-91,-82,596141
1739163060,1.03315,1.03315,1.033,1.033,31,60.05,0,0,-31,-31,0,-31,-31,596141
1739163240,1.03305,1.0331,1.033,1.03305,89,62.75,0,29,-9,13,51,-38,13,596141
1739163420,1.03305,1.03305,1.03305,1.03305,26,61.5,0,26,0,26,26,0,26,596141
1739163600,1.03305,1.0331,1.033,1.0331,37,57.85,0,0,-29,-21,8,-29,-21,596141
1739163780,1.03315,1.03315,1.03315,1.03315,18,56.2,0,18,0,18,18,0,18,596141
1739163960,1.0332,1.0333,1.0332,1.0333,46,57.1,0,46,0,46,46,0,46,596141
1739164140,1.0333,1.0334,1.0333,1.0334,35,53.55,0,35,0,35,35,0,35,596141
1739164320,1.0334,1.03345,1.0334,1.03345,88,47.4,0,88,0,88,88,0,88,596141
1739164500,1.03345,1.03355,1.0334,1.03345,155,52.25,0,155,0,155,155,0,155,596141
1739164680,1.0334,1.03355,1.0334,1.03355,32,51.5,0,32,0,32,32,0,32,596141
1739164860,1.03355,1.03365,1.0335,1.03365,129,56.8,0,129,0,129,129,0,129,596141
1739165040,1.0336,1.03365,1.03355,1.03365,98,60.55,0,0,-68,-38,30,-68,-38,596141
1739165220,1.0337,1.0338,1.03365,1.0338,176,66.65,0,176,0,176,176,0,176,596141
1739165400,1.0338,1.03385,1.03375,1.03385,103,69.5,0,0,-68,-33,35,-68,-33,596141
1739165580,1.0338,1.0338,1.0338,1.0338,20,67.95,0,0,-20,-20,0,-20,-20,596141
1739165760,1.0338,1.03385,1.03365,1.03365,129,73.55,0,42,-45,-45,42,-87,-45,596141
1739165940,1.03365,1.0338,1.0336,1.0338,91,76.2,0,31,-30,31,61,-30,31,596141
1739166120,1.0338,1.0338,1.0336,1.03365,42,74.8,0,0,-28,-14,14,-28,-14,596141
1739166300,1.03365,1.03365,1.03355,1.03355,44,74.45,0,0,-44,-44,0,-44,-44,596141
1739166480,1.0336,1.0336,1.0333,1.0333,181,78.5,0,0,-181,-181,0,-181,-181,596141
1739166660,1.0333,1.03335,1.0332,1.0332,191,86.5,0,0,-191,-191,0,-191,-191,596141
1739166840,1.0332,1.03325,1.0331,1.03315,137,88.9,0,12,-91,-91,23,-114,-91,596141
1739167020,1.03315,1.0333,1.03315,1.0333,99,92.55,0,99,0,99,99,0,99,596141
1739167200,1.0334,1.0334,1.03325,1.0333,93,95.35,0,0,-55,-17,38,-55,-17,596141
1739167380,1.03335,1.03335,1.03325,1.0333,83,98.6,0,28,-27,-27,28,-55,-27,596141
1739167560,1.0332,1.0333,1.03315,1.0333,100,101.3,0,0,-50,0,50,-50,0,596141
1739167740,1.0333,1.0333,1.03315,1.0332,101,104.6,0,0,-76,-51,25,-76,-51,596141
1739167920,1.03315,1.0332,1.03295,1.03295,185,109.45,0,0,-185,-185,0,-185,-185,596141
1739168100,1.033,1.0331,1.033,1.0331,317,117.55,0,317,0,317,317,0,317,596141
1739168280,1.03315,1.0332,1.0331,1.0332,46,118.25,0,46,0,46,46,0,46,596141
1739168460,1.03315,1.03325,1.03315,1.0332,69,115.25,0,46,0,23,46,-23,23,596141
1739168640,1.0332,1.0333,1.03315,1.03315,64,113.55,0,0,-64,-64,0,-64,-64,596141
1739168820,1.03315,1.0332,1.0331,1.0332,56,107.55,0,8,-17,8,32,-24,8,596141
1739169000,1.0332,1.0332,1.03295,1.03305,125,108.65,0,50,-25,-25,50,-75,-25,596141
1739169180,1.0331,1.0332,1.033,1.0332,236,119.45,0,97,-14,14,125,-111,14,596141
1739169360,1.0332,1.03335,1.0332,1.03335,84,117.2,0,84,0,84,84,0,84,596141
1739169540,1.03335,1.0334,1.03325,1.0334,42,114.75,0,42,0,42,42,0,42,596141
1739169720,1.03335,1.03345,1.03335,1.03345,124,118.85,0,124,0,124,124,0,124,596141
1739169900,1.0334,1.0337,1.0334,1.0336,277,130.5,0,277,0,277,277,0,277,596141
1739170080,1.03355,1.03365,1.0335,1.0336,128,127.85,0,82,0,82,105,-23,82,596141
1739170260,1.0336,1.03365,1.0334,1.0335,155,126.05,0,0,-155,-155,0,-155,-155,596141
1739170440,1.03345,1.03345,1.0334,1.0334,77,123.05,0,0,-77,-77,0,-77,-77,596141
1739170620,1.03345,1.0337,1.03345,1.0336,136,124.9,0,100,0,64,100,-36,64,596141
1739170800,1.03355,1.03395,1.03355,1.0339,372,138.85,0,168,0,168,270,-102,168,596141
1739170980,1.0339,1.034,1.03385,1.034,298,149.6,0,108,-39,108,203,-95,108,596141
1739171160,1.034,1.0343,1.034,1.0342,629,176.05,0,629,0,629,629,0,629,596141
1739171340,1.03415,1.03415,1.0339,1.03395,233,182.65,0,0,-233,-233,0,-233,-233,596141
1739171520,1.034,1.03405,1.0337,1.03375,249,185.85,0,93,-63,-63,93,-156,-63,596141
1739171700,1.03375,1.0338,1.0334,1.0334,462,193.1,0,0,-462,-462,0,-462,-462,596141
1739171880,1.03335,1.0334,1.03325,1.03335,310,206.3,0,10,-110,-70,120,-190,-70,596141
1739172060,1.0333,1.0336,1.0333,1.0335,239,214.8,0,41,-64,29,134,-105,29,596141
1739172240,1.03345,1.03345,1.0332,1.0332,210,222.1,0,64,-40,-2,104,-106,-2,596141
1739172420,1.0332,1.0332,1.0328,1.03295,436,241.1,0,0,-436,-436,0,-436,-436,596141
1739172600,1.033,1.0331,1.0327,1.03295,485,259.1,0,0,-438,-391,47,-438,-391,596141
1739172780,1.033,1.03305,1.03285,1.03285,192,256.9,0,0,-192,-192,0,-192,-192,596141
1739172960,1.03285,1.0333,1.03285,1.0331,509,278.15,0,509,0,509,509,0,509,596141
1739173140,1.0331,1.03315,1.03295,1.03295,245,288.3,0,54,-49,-49,98,-147,-49,596141
1739173320,1.03295,1.03305,1.03285,1.03295,118,288,0,0,-62,-30,44,-74,-30,596141
1739173500,1.033,1.03315,1.03295,1.033,191,283.7,0,133,0,75,133,-58,75,596141
1739173680,1.033,1.03325,1.033,1.03315,179,286.25,0,143,-18,143,161,-18,143,596141
1739173860,1.03315,1.0333,1.0328,1.0329,631,310.05,0,287,-57,-57,287,-344,-57,596141
1739174040,1.03285,1.0333,1.0328,1.03325,287,320.55,0,157,-65,157,222,-65,157,596141
1739174220,1.0332,1.0333,1.0329,1.033,434,335.45,0,112,-161,112,273,-161,112,596141
1739174400,1.033,1.03305,1.03265,1.033,862,359.95,0,0,-691,-520,171,-691,-520,596141
1739174580,1.033,1.0331,1.0328,1.033,420,366.05,0,204,0,204,312,-108,204,596141
1739174760,1.033,1.03325,1.03295,1.03305,512,360.2,0,325,0,138,325,-187,138,596141
1739174940,1.03305,1.03325,1.03305,1.03315,361,366.6,0,188,0,15,188,-173,15,596141
1739175120,1.0331,1.03315,1.03285,1.0329,361,372.2,0,100,-161,-161,100,-261,-161,596141
1739175300,1.03285,1.0329,1.03255,1.03255,431,370.65,0,0,-202,-135,148,-283,-135,596141
1739175480,1.03255,1.03295,1.0324,1.0329,562,383.25,0,562,0,562,562,0,562,596141
1739175660,1.03295,1.03335,1.03295,1.03315,625,402.55,0,625,0,625,625,0,625,596141
1739175840,1.03315,1.0332,1.0328,1.033,460,415.05,0,0,-353,-246,107,-353,-246,596141
1739176020,1.03305,1.03365,1.033,1.0334,1066,446.55,0,651,0,236,651,-415,236,596141
1739176200,1.0334,1.0337,1.03325,1.03365,467,445.65,0,186,0,179,323,-144,179,596141
1739176380,1.03365,1.03365,1.03325,1.03325,602,466.15,0,0,-602,-602,0,-602,-602,596141
1739176560,1.03325,1.03345,1.0331,1.0332,431,462.25,0,37,-123,-111,160,-271,-111,596141
1739176740,1.0333,1.03365,1.0333,1.0336,395,469.75,0,203,0,11,203,-192,11,596141
1739176920,1.03355,1.0337,1.0335,1.03365,305,479.1,0,69,-118,69,187,-118,69,596141
1739177100,1.03365,1.03365,1.03345,1.03355,212,480.15,0,36,-88,36,124,-88,36,596141
1739177280,1.03355,1.0338,1.0335,1.03355,521,497.25,0,108,-220,-135,193,-328,-135,596141
1739177460,1.03355,1.0338,1.03355,1.0337,224,476.9,0,80,-64,-64,80,-144,-64,596141
1739177640,1.0337,1.03395,1.03365,1.03395,280,476.55,0,280,0,280,280,0,280,596141
1739177820,1.03395,1.034,1.0337,1.0339,430,476.35,0,78,-176,78,254,-176,78,596141
1739178000,1.0339,1.03415,1.0338,1.0341,431,454.8,0,431,0,431,431,0,431,596141
1739178180,1.03405,1.03465,1.03405,1.03455,1161,491.85,0,1161,0,1161,1161,0,1161,596141
1739178360,1.03455,1.03465,1.03445,1.0345,431,487.8,0,0,-197,-197,117,-314,-197,596141
1739178540,1.0346,1.03475,1.03455,1.0347,223,480.9,0,159,0,95,159,-64,95,596141
1739178720,1.03475,1.03495,1.0347,1.03495,692,497.45,0,692,0,692,692,0,692,596141
1739178900,1.0349,1.0349,1.03455,1.03465,452,498.5,0,0,-279,-106,173,-279,-106,596141
1739179080,1.03465,1.03475,1.0346,1.03465,103,475.55,0,41,-21,-21,41,-62,-21,596141
1739179260,1.03465,1.03475,1.0345,1.0345,207,454.65,0,78,-51,-51,78,-129,-51,596141
1739179440,1.03455,1.03455,1.03425,1.0345,361,449.7,0,0,-303,-245,58,-303,-245,596141
1739179620,1.03455,1.03475,1.03455,1.0347,198,406.3,0,198,0,198,198,0,198,596141
1739179800,1.03475,1.0352,1.03475,1.03515,488,407.35,0,488,0,488,488,0,488,596141
1739179980,1.03515,1.03515,1.03495,1.03505,353,394.9,0,43,-155,43,198,-155,43,596141
1739180160,1.035,1.03505,1.03475,1.03495,680,407.35,0,266,-207,266,473,-207,266,596141
1739180340,1.03495,1.0351,1.03475,1.03485,340,404.6,0,144,-21,10,175,-165,10,596141
1739180520,1.03485,1.03495,1.0346,1.03465,308,404.75,0,68,-172,-172,68,-240,-172,596141
1739180700,1.0347,1.0348,1.0346,1.0346,461,417.2,0,0,-211,-211,125,-336,-211,596141
1739180880,1.0346,1.0346,1.03435,1.0345,312,406.75,0,0,-160,-160,76,-236,-160,596141
1739181060,1.0345,1.03455,1.0344,1.03445,174,404.25,0,30,-46,-46,64,-110,-46,596141
1739181240,1.03445,1.03445,1.0342,1.0343,402,410.35,0,0,-402,-402,0,-402,-402,596141
1739181420,1.0343,1.03445,1.03415,1.0344,1512,464.45,0,752,-380,752,1132,-380,752,596141
1739181600,1.0344,1.0345,1.0341,1.0342,485,467.15,0,0,-305,-263,111,-374,-263,596141
1739181780,1.0342,1.0345,1.0342,1.0345,142,416.2,0,142,0,142,142,0,142,596141
1739181960,1.0345,1.0345,1.0343,1.0344,166,402.95,0,0,-166,-166,0,-166,-166,596141
1739182140,1.03435,1.0344,1.03415,1.03415,50,394.3,0,0,-50,-50,0,-50,-50,596141
1739182320,1.0342,1.03435,1.0341,1.0343,121,365.75,0,106,0,91,106,-15,91,596141
1739182500,1.0343,1.0344,1.0343,1.03435,147,350.5,0,0,-83,-19,64,-83,-19,596141
1739182680,1.0344,1.03455,1.0343,1.03435,243,357.5,0,93,-57,-57,93,-150,-57,596141
1739182860,1.03435,1.03445,1.03435,1.03445,114,352.85,0,16,-41,0,57,-57,0,596141
1739183040,1.03445,1.0345,1.03405,1.0342,366,353.1,0,0,-366,-366,0,-366,-366,596141
1739183220,1.0342,1.0343,1.03415,1.0342,230,354.7,0,14,-88,-26,102,-128,-26,596141
1739183400,1.0342,1.0344,1.03415,1.0342,136,337.1,0,54,-28,-28,54,-82,-28,596141
1739183580,1.03415,1.03445,1.03415,1.0344,158,327.35,0,54,-52,54,106,-52,54,596141
1739183760,1.0344,1.03485,1.0344,1.03465,279,307.3,0,168,0,57,168,-111,57,596141
1739183940,1.0346,1.0349,1.0346,1.03475,146,297.6,0,63,-20,-20,63,-83,-20,596141
1739184120,1.0348,1.035,1.03475,1.03495,217,293.05,0,217,0,217,217,0,217,596141
1739184300,1.03495,1.03515,1.0348,1.03485,209,280.45,0,130,0,51,130,-79,51,596141
1739184480,1.0348,1.03485,1.03465,1.03465,185,274.1,0,18,-149,-149,18,-167,-149,596141
1739184660,1.03465,1.035,1.03465,1.035,177,274.25,0,177,0,177,177,0,177,596141
1739184840,1.03505,1.03505,1.03485,1.03495,168,262.55,0,0,-66,-66,51,-117,-66,596141
1739185020,1.03495,1.035,1.0347,1.0347,242,199.05,0,0,-242,-242,0,-242,-242,596141
1739185200,1.03475,1.03485,1.0347,1.03485,296,189.6,0,0,-203,-110,93,-203,-110,596141
1739185380,1.0349,1.0354,1.0349,1.0353,420,203.5,0,420,0,420,420,0,420,596141
1739185560,1.0353,1.0353,1.03505,1.03505,329,211.65,0,184,0,39,184,-145,39,596141
1739185740,1.0351,1.0353,1.0351,1.03525,144,216.35,0,112,0,80,112,-32,80,596141
1739185920,1.0352,1.0352,1.0349,1.035,305,225.55,0,45,-130,45,175,-130,45,596141
1739186100,1.035,1.0351,1.03475,1.0348,268,231.6,0,63,-142,-142,63,-205,-142,596141
1739186280,1.03475,1.0349,1.0346,1.0346,199,229.4,0,55,-89,-89,55,-144,-89,596141
1739186460,1.0346,1.0348,1.0346,1.0347,231,235.25,0,141,-45,141,186,-45,141,596141
1739186640,1.03475,1.03505,1.03475,1.03505,247,229.3,0,247,0,247,247,0,247,596141
1739186820,1.03505,1.03515,1.035,1.03505,213,228.45,0,73,-67,-67,73,-140,-67,596141
1739187000,1.035,1.035,1.0348,1.0349,266,234.95,0,0,-266,-266,0,-266,-266,596141
1739187180,1.03485,1.03505,1.03485,1.03485,182,236.15,0,79,-24,-24,79,-103,-24,596141
1739187360,1.0349,1.03495,1.03475,1.03475,152,229.8,0,32,-88,-88,32,-120,-88,596141
1739187540,1.03475,1.0348,1.0346,1.0346,200,232.5,0,84,-47,62,131,-69,62,596141
1739187720,1.0346,1.03465,1.03445,1.0345,120,227.65,0,0,-120,-120,0,-120,-120,596141
1739187900,1.0345,1.0345,1.03425,1.0344,211,227.75,0,0,-149,-87,62,-149,-87,596141
1739188080,1.03435,1.0344,1.03425,1.03425,195,228.25,0,0,-195,-195,0,-195,-195,596141
1739188260,1.03425,1.03435,1.0342,1.0342,103,224.55,0,25,-53,-53,25,-78,-53,596141
1739188440,1.0342,1.0344,1.03415,1.03415,276,229.95,0,124,-45,62,169,-107,62,596141
1739188620,1.0341,1.0341,1.03375,1.03375,692,252.45,0,0,-692,-692,0,-692,-692,596141
1739188800,1.03375,1.03395,1.03365,1.0338,640,269.65,0,410,0,180,410,-230,180,596141
1739188980,1.03375,1.0338,1.03355,1.03355,276,262.45,0,60,-156,-156,60,-216,-156,596141
1739189160,1.03355,1.03355,1.03285,1.0332,1000,296,0,0,-776,-776,112,-888,-776,596141
1739189340,1.03315,1.03325,1.0328,1.03285,777,327.65,0,0,-777,-777,0,-777,-777,596141
1739189520,1.03285,1.03305,1.0326,1.0327,1511,387.95,0,190,-1131,-1131,190,-1321,-1131,596141
1739189700,1.0327,1.033,1.0327,1.03295,443,396.7,0,354,0,265,354,-89,265,596141
1739189880,1.03295,1.033,1.0328,1.0329,291,401.3,0,31,-130,31,161,-130,31,596141
1739190060,1.0329,1.0332,1.03285,1.03315,362,407.85,0,221,0,80,221,-141,80,596141
1739190240,1.03315,1.03325,1.0331,1.03325,188,404.9,0,0,-135,-82,53,-135,-82,596141
1739190420,1.03325,1.03325,1.03305,1.0331,123,400.4,0,0,-123,-123,0,-123,-123,596141
1739190600,1.0331,1.0334,1.0331,1.0334,197,396.95,0,197,0,197,197,0,197,596141
1739190780,1.03345,1.03345,1.03325,1.03335,242,399.95,0,0,-170,-98,72,-170,-98,596141
1739190960,1.03335,1.0334,1.0333,1.03335,194,402.05,0,194,0,194,194,0,194,596141
1739191140,1.03335,1.03335,1.03315,1.03315,189,401.5,0,0,-72,-61,64,-125,-61,596141
1739191320,1.03315,1.03335,1.03315,1.03335,227,406.85,0,227,0,227,227,0,227,596141
1739191500,1.03335,1.03355,1.0332,1.0335,161,404.35,0,149,0,149,155,-6,149,596141
1739191680,1.0335,1.0335,1.0334,1.0334,279,408.55,0,34,-75,-75,102,-177,-75,596141
1739191860,1.03335,1.0334,1.0332,1.0332,461,426.45,0,0,-461,-461,0,-461,-461,596141
1739192040,1.0332,1.0332,1.0328,1.033,640,444.65,0,0,-477,-314,163,-477,-314,596141
1739192220,1.033,1.0332,1.03295,1.0331,519,436,0,519,0,519,519,0,519,596141
1739192400,1.03305,1.03345,1.03305,1.0334,365,422.25,0,176,0,149,257,-108,149,596141
1739192580,1.0334,1.03365,1.03335,1.03355,243,420.6,0,243,0,243,243,0,243,596141
1739192760,1.03355,1.03385,1.03355,1.0338,308,386,0,308,0,308,308,0,308,596141
1739192940,1.03385,1.0339,1.0337,1.0339,317,363,0,0,-188,-59,129,-188,-59,596141
1739193120,1.03395,1.03405,1.03385,1.03395,401,307.5,0,135,-133,135,268,-133,135,596141
1739193300,1.034,1.03405,1.03385,1.03405,505,310.6,0,189,-158,189,347,-158,189,596141
1739193480,1.03405,1.03425,1.03395,1.03415,681,330.1,0,327,-177,327,504,-177,327,596141
1739193660,1.0342,1.03425,1.0337,1.0339,344,329.2,0,0,-203,-62,141,-203,-62,596141
1739193840,1.0339,1.034,1.0337,1.03375,177,328.65,0,0,-177,-177,0,-177,-177,596141
1739194020,1.03375,1.03395,1.03375,1.03395,162,330.6,0,162,0,162,162,0,162,596141
1739194200,1.0339,1.0342,1.0339,1.03415,390,340.25,0,243,0,178,284,-106,178,596141
1739194380,1.0342,1.03435,1.0342,1.03425,387,347.5,0,179,-29,-29,179,-208,-29,596141
1739194560,1.03425,1.03425,1.0339,1.03395,331,354.35,0,0,-331,-331,0,-331,-331,596141
1739194740,1.03395,1.034,1.03385,1.034,201,354.95,0,0,-104,-7,97,-104,-7,596141
1739194920,1.034,1.03405,1.03395,1.03405,132,350.2,0,6,-63,6,69,-63,6,596141
1739195100,1.0341,1.0342,1.03385,1.03385,487,366.5,0,0,-487,-487,0,-487,-487,596141
1739195280,1.0339,1.03395,1.0337,1.03385,261,365.6,0,76,-43,23,142,-119,23,596141
1739195460,1.03385,1.03415,1.0338,1.03415,506,367.85,0,506,0,506,506,0,506,596141
1739195640,1.03415,1.0343,1.0341,1.03415,429,357.3,0,243,0,57,243,-186,57,596141
1739195820,1.03415,1.03415,1.03375,1.03385,378,350.25,0,0,-266,-154,112,-266,-154,596141
1739196000,1.0339,1.0341,1.0337,1.03395,367,350.35,0,0,-237,-107,130,-237,-107,596141
1739196180,1.03395,1.03405,1.0336,1.03365,451,360.75,0,75,-301,-301,75,-376,-301,596141
1739196360,1.0337,1.0337,1.0334,1.0334,310,360.85,0,0,-310,-310,0,-310,-310,596141
1739196540,1.0334,1.03345,1.0333,1.03335,195,354.75,0,94,-7,-7,94,-101,-7,596141
1739196720,1.0333,1.0334,1.03315,1.03315,213,345.35,0,60,-93,-93,60,-153,-93,596141
1739196900,1.03315,1.03315,1.0328,1.0328,440,342.1,0,0,-440,-440,0,-440,-440,596141
1739197080,1.0328,1.03305,1.03265,1.0328,606,338.35,0,76,-203,-48,279,-327,-48,596141
1739197260,1.03275,1.0329,1.03245,1.03245,775,359.9,0,170,-435,-435,170,-605,-435,596141
1739197440,1.03245,1.03255,1.03235,1.03245,725,387.3,0,0,-471,-217,254,-471,-217,596141
1739197620,1.03245,1.0325,1.03215,1.0324,726,415.5,0,0,-494,-262,232,-494,-262,596141
1739197800,1.0324,1.0328,1.03225,1.0328,844,438.2,0,844,0,844,844,0,844,596141
1739197980,1.03285,1.03285,1.0325,1.0328,466,442.15,0,46,-210,46,256,-210,46,596141
1739198160,1.03275,1.03275,1.0325,1.03255,464,448.8,0,0,-464,-464,0,-464,-464,596141
1739198340,1.03255,1.03265,1.0324,1.03245,661,471.8,0,0,-661,-661,0,-661,-661,596141
1739198520,1.03245,1.0325,1.03225,1.0324,371,483.75,0,140,-91,-91,140,-231,-91,596141
1739198700,1.03245,1.03265,1.0324,1.0325,400,479.4,0,208,-96,208,304,-96,208,596141
1739198880,1.0325,1.0327,1.0325,1.0327,354,484.05,0,354,0,354,354,0,354,596141
1739199060,1.0327,1.0328,1.0326,1.03265,471,482.3,0,278,0,85,278,-193,85,596141
1739199240,1.0327,1.03275,1.0326,1.03265,455,483.6,0,0,-455,-455,0,-455,-455,596141
1739199420,1.03265,1.0329,1.03265,1.03285,681,498.75,0,681,0,681,681,0,681,596141
1739199600,1.03285,1.03315,1.0328,1.03315,489,504.85,0,489,0,489,489,0,489,596141
1739199780,1.0332,1.03345,1.03315,1.03325,1068,535.7,0,874,0,680,874,-194,680,596141
1739199960,1.03325,1.03335,1.0332,1.0333,340,537.2,0,201,0,62,201,-139,62,596141
1739200140,1.0333,1.03345,1.03315,1.0334,830,568.95,0,18,-406,18,424,-406,18,596141
1739200320,1.0334,1.0335,1.0333,1.0333,395,578.05,0,102,-191,-191,102,-293,-191,596141
1739200500,1.0333,1.0333,1.0329,1.03305,388,575.45,0,0,-305,-222,83,-305,-222,596141
1739200680,1.033,1.0331,1.0328,1.033,421,566.2,0,0,-338,-255,83,-338,-255,596141
1739200860,1.033,1.03325,1.033,1.03315,312,543.05,0,240,0,168,240,-72,168,596141
1739201040,1.03315,1.03335,1.0331,1.0333,176,515.6,0,176,0,176,176,0,176,596141
1739201220,1.03335,1.03345,1.0333,1.0334,325,495.55,0,247,0,247,286,-39,247,596141
1739201400,1.03345,1.0336,1.03345,1.03355,407,473.7,0,257,0,107,257,-150,107,596141
1739201580,1.03355,1.0336,1.03345,1.03355,255,463.15,0,47,-54,-53,101,-154,-53,596141
1739201760,1.0335,1.03355,1.0334,1.03355,156,447.75,0,70,-43,70,113,-43,70,596141
1739201940,1.0336,1.03375,1.03345,1.03355,415,435.45,0,139,-137,-137,139,-276,-137,596141
1739202120,1.03355,1.0337,1.03345,1.03345,499,441.85,0,0,-499,-499,0,-499,-499,596141
1739202300,1.03345,1.03355,1.03335,1.03345,526,448.15,0,0,-327,-128,199,-327,-128,596141
1739202480,1.0335,1.0335,1.03295,1.0331,640,462.45,0,0,-640,-640,0,-640,-640,596141
1739202660,1.0331,1.03315,1.03295,1.0331,959,486.85,0,175,-392,175,567,-392,175,596141
1739202840,1.03305,1.0333,1.0329,1.033,1055,516.85,0,325,-405,-405,325,-730,-405,596141
1739203020,1.033,1.03335,1.03295,1.03325,1306,548.1,0,790,0,274,790,-516,274,596141
1739203200,1.0332,1.03345,1.0332,1.0334,1387,593,0,1387,0,1387,1387,0,1387,596141
1739203380,1.0334,1.03345,1.03305,1.0332,447,561.95,0,0,-447,-447,0,-447,-447,596141
1739203560,1.0332,1.0335,1.0331,1.0334,527,571.3,0,364,0,201,364,-163,201,596141
1739203740,1.03335,1.03345,1.03315,1.0332,217,540.65,0,0,-217,-217,0,-217,-217,596141
1739203920,1.0332,1.0333,1.03295,1.03295,394,540.6,0,85,-224,-224,85,-309,-224,596141
1739204100,1.033,1.0331,1.0328,1.03285,518,547.1,0,336,0,154,336,-182,154,596141
1739204280,1.0329,1.0329,1.0327,1.0328,751,563.6,0,0,-751,-751,0,-751,-751,596141
1739204460,1.0328,1.0332,1.0327,1.03285,873,591.65,0,396,-81,-81,396,-477,-81,596141
1739204640,1.03285,1.03305,1.03265,1.03285,989,632.3,0,0,-438,-339,325,-664,-339,596141
1739204820,1.03285,1.0332,1.03285,1.03305,555,643.8,0,330,0,105,330,-225,105,596141
1739205000,1.033,1.0332,1.03285,1.0329,236,635.25,0,123,0,10,123,-113,10,596141
1739205180,1.03285,1.03295,1.03255,1.0327,489,646.95,0,107,-92,91,290,-199,91,596141
1739205360,1.0327,1.033,1.03265,1.033,367,657.5,0,367,0,367,367,0,367,596141
1739205540,1.03295,1.033,1.03275,1.03295,410,657.25,0,48,-125,-64,173,-237,-64,596141
1739205720,1.033,1.03305,1.03285,1.03285,124,638.5,0,0,-45,-34,45,-79,-34,596141
1739205900,1.03285,1.03285,1.03245,1.03245,442,634.3,0,0,-442,-442,0,-442,-442,596141
1739206080,1.0324,1.0325,1.0322,1.0322,465,625.55,0,0,-281,-281,92,-373,-281,596141
1739206260,1.03225,1.0323,1.03215,1.0322,275,591.35,0,108,-59,-59,108,-167,-59,596141
1739206440,1.0322,1.03245,1.0322,1.03245,330,555.1,0,236,0,236,283,-47,236,596141
1739206620,1.0324,1.0329,1.0324,1.0328,454,512.5,0,454,0,454,454,0,454,596141
1739206800,1.03285,1.0331,1.03285,1.0329,540,470.15,0,395,0,250,395,-145,250,596141
1739206980,1.0329,1.03315,1.0329,1.0331,327,464.15,0,227,0,227,277,-50,227,596141
1739207160,1.0331,1.0332,1.03305,1.0331,138,444.7,0,40,-14,30,84,-54,30,596141
1739207340,1.0331,1.03315,1.03285,1.03285,283,448,0,9,-265,-265,9,-274,-265,596141
1739207520,1.0328,1.033,1.0328,1.0329,156,436.1,0,54,-8,32,94,-62,32,596141
1739207700,1.03285,1.033,1.03275,1.0328,179,419.15,0,0,-179,-179,0,-179,-179,596141
1739207880,1.0328,1.0329,1.03275,1.03285,370,400.1,0,137,-58,-58,156,-214,-58,596141
1739208060,1.03285,1.033,1.0328,1.03295,583,385.6,0,583,0,583,583,0,583,596141
1739208240,1.033,1.03315,1.03285,1.03285,664,369.35,0,292,-80,-80,292,-372,-80,596141
1739208420,1.0329,1.03295,1.03275,1.03285,395,361.35,0,235,0,75,235,-160,75,596141
1739208600,1.03285,1.033,1.03285,1.0329,383,368.7,0,233,0,83,233,-150,83,596141
1739208780,1.03285,1.03285,1.0328,1.0328,151,351.8,0,38,-55,35,93,-58,35,596141
1739208960,1.0328,1.0328,1.0327,1.0328,221,344.5,0,27,-97,27,124,-97,27,596141
1739209140,1.0328,1.03285,1.03275,1.03275,367,342.35,0,68,-231,-231,68,-299,-231,596141
1739209320,1.03275,1.0328,1.0326,1.0326,126,342.45,0,0,-126,-126,0,-126,-126,596141
1739209500,1.0326,1.0327,1.0325,1.0325,232,331.95,0,0,-232,-232,0,-232,-232,596141
1739209680,1.0325,1.0327,1.03235,1.0327,134,315.4,0,62,-36,62,98,-36,62,596141
1739209860,1.0327,1.03275,1.03265,1.0327,51,304.2,0,18,-15,-15,18,-33,-15,596141
1739210040,1.0327,1.0329,1.0327,1.0329,94,292.4,0,94,0,94,94,0,94,596141
1739210220,1.03285,1.03295,1.03285,1.03295,102,274.8,0,0,-59,-16,43,-59,-16,596141
1739210400,1.0329,1.03295,1.0328,1.03295,126,254.1,0,0,-72,-18,54,-72,-18,596141
1739210580,1.0329,1.03295,1.0327,1.03285,282,251.85,0,130,-76,130,206,-76,130,596141
1739210760,1.0328,1.03315,1.0328,1.03315,294,259.65,0,294,0,294,294,0,294,596141
1739210940,1.0331,1.0333,1.0331,1.0333,290,260,0,148,0,148,219,-71,148,596141
1739211120,1.0333,1.03335,1.03315,1.03315,140,259.2,0,0,-104,-104,18,-122,-104,596141
1739211300,1.03315,1.03315,1.03305,1.0331,124,256.45,0,0,-78,-32,46,-78,-32,596141
1739211480,1.03315,1.0332,1.03305,1.0331,164,246.15,0,6,-79,6,85,-79,6,596141
1739211660,1.03305,1.0331,1.0329,1.0329,78,220.9,0,0,-78,-78,0,-78,-78,596141
1739211840,1.0329,1.03295,1.03275,1.0328,195,197.45,0,34,-111,-95,50,-145,-95,596141
1739212020,1.03275,1.03295,1.03275,1.03295,193,187.35,0,0,-104,-15,89,-104,-15,596141
1739212200,1.03295,1.033,1.0329,1.03295,132,174.8,0,64,0,64,98,-34,64,596141
1739212380,1.0329,1.033,1.03285,1.03295,44,169.45,0,15,-7,0,22,-22,0,596141
1739212560,1.03295,1.03295,1.03275,1.03275,180,167.4,0,0,-180,-180,0,-180,-180,596141
1739212740,1.0327,1.0327,1.03255,1.03255,290,163.55,0,0,-290,-290,0,-290,-290,596141
1739212920,1.0326,1.0327,1.0325,1.0326,242,169.35,0,152,0,152,197,-45,152,596141
1739213100,1.03255,1.0327,1.03255,1.0327,284,171.95,0,284,0,284,284,0,284,596141
1739213280,1.0327,1.0328,1.03265,1.03275,332,181.85,0,205,0,78,205,-127,78,596141
1739213460,1.03275,1.03275,1.0324,1.0324,240,191.3,0,0,-240,-240,0,-240,-240,596141
1739213640,1.03245,1.0325,1.0323,1.0325,232,198.2,0,110,-61,110,171,-61,110,596141
1739213820,1.0325,1.0326,1.0324,1.03245,235,204.85,0,55,-125,-125,55,-180,-125,596141
1739214000,1.0324,1.03245,1.03235,1.0324,314,214.25,0,0,-209,-104,105,-209,-104,596141
1739214180,1.03235,1.03235,1.0322,1.03235,253,212.8,0,0,-137,-21,116,-137,-21,596141
1739214360,1.0324,1.03255,1.0324,1.03255,71,201.65,0,71,0,71,71,0,71,596141
1739214540,1.0326,1.0327,1.0326,1.0327,241,199.2,0,241,0,241,241,0,241,596141
1739214720,1.03275,1.03275,1.0326,1.0326,140,199.2,0,11,-118,-118,11,-129,-118,596141
1739214900,1.0326,1.03265,1.0325,1.0325,97,197.85,0,0,-97,-97,0,-97,-97,596141
1739215080,1.0325,1.0325,1.0324,1.0325,102,194.75,0,0,-72,-42,30,-72,-42,596141
1739215260,1.03245,1.03255,1.03245,1.0325,96,195.65,0,66,0,66,81,-15,66,596141
1739215440,1.0324,1.0324,1.03225,1.03235,280,199.9,0,0,-155,-30,125,-155,-30,596141
1739215620,1.03225,1.0325,1.03225,1.0324,154,197.95,0,154,0,154,154,0,154,596141
1739215800,1.0324,1.03255,1.0323,1.0323,123,197.5,0,39,-45,-45,39,-84,-45,596141
1739215980,1.03235,1.03245,1.03235,1.0324,115,201.05,0,115,0,115,115,0,115,596141
1739216160,1.03245,1.03265,1.03245,1.0326,432,213.65,0,320,0,320,376,-56,320,596141
1739216340,1.03255,1.0326,1.03255,1.0326,85,203.4,0,85,0,85,85,0,85,596141
1739216520,1.0326,1.03265,1.0325,1.03255,186,200.6,0,93,-2,4,95,-91,4,596141
1739216700,1.03255,1.0326,1.0325,1.0325,193,196.05,0,0,-193,-193,0,-193,-193,596141
1739216880,1.03245,1.03245,1.03235,1.03235,338,196.35,0,0,-338,-338,0,-338,-338,596141
1739217060,1.03235,1.0325,1.03235,1.0325,315,200.1,0,315,0,315,315,0,315,596141
1739217240,1.0325,1.0325,1.03235,1.03235,318,204.4,0,0,-318,-318,0,-318,-318,596141
1739217420,1.0324,1.0325,1.03235,1.03235,1249,255.1,0,136,-977,-977,136,-1113,-977,596141
1739217600,1.0324,1.03255,1.0323,1.0323,649,271.85,0,447,0,245,447,-202,245,596141
1739217780,1.0323,1.03235,1.03225,1.03235,192,268.8,0,0,-149,-106,43,-149,-106,596141
1739217960,1.0324,1.0325,1.0324,1.03245,109,270.7,0,109,0,109,109,0,109,596141
1739218140,1.03245,1.0325,1.03235,1.03235,119,264.6,0,33,-53,-53,33,-86,-53,596141
1739218320,1.03235,1.0324,1.0323,1.0324,403,277.75,0,0,-293,-183,110,-293,-183,596141
1739218500,1.0324,1.0324,1.03235,1.03235,80,276.9,0,0,-80,-80,0,-80,-80,596141
1739218680,1.0323,1.0323,1.0322,1.03225,146,279.1,0,0,-146,-146,0,-146,-146,596141
1739218860,1.03225,1.03235,1.0322,1.0322,62,277.4,0,16,-30,-30,16,-46,-30,596141
1739219040,1.0322,1.03235,1.0322,1.0323,156,271.2,0,156,0,156,156,0,156,596141
1739219220,1.03225,1.0323,1.0322,1.0322,43,265.65,0,28,-2,17,30,-13,17,596141
1739219400,1.03225,1.0323,1.0322,1.0323,88,263.9,0,88,0,88,88,0,88,596141
1739219580,1.0323,1.03235,1.0322,1.0323,136,264.95,0,136,0,136,136,0,136,596141
1739219760,1.0323,1.0323,1.03215,1.0322,84,247.55,0,26,-32,-32,26,-58,-32,596141
1739219940,1.0322,1.0323,1.0322,1.0322,98,248.2,0,17,-40,16,57,-41,16,596141
1739220120,1.03225,1.03235,1.0322,1.03235,182,248,0,182,0,182,182,0,182,596141
1739220300,1.03235,1.03235,1.0322,1.0322,142,245.45,0,0,-142,-142,0,-142,-142,596141
1739220480,1.03225,1.0323,1.0322,1.0323,125,234.8,0,125,0,125,125,0,125,596141
1739220660,1.03225,1.03235,1.03225,1.03235,125,225.3,0,125,0,125,125,0,125,596141
1739220840,1.03235,1.03255,1.0323,1.03245,430,230.9,0,281,-37,206,318,-112,206,596141
1739221020,1.0324,1.03245,1.03235,1.03235,143,175.6,0,104,0,65,104,-39,65,596141
1739221200,1.03235,1.03245,1.03225,1.03245,167,151.5,0,0,-122,-77,45,-122,-77,596141
1739221380,1.0324,1.03255,1.0324,1.03255,61,144.95,0,41,-10,41,51,-10,41,596141
1739221560,1.03255,1.03255,1.0325,1.0325,43,141.65,0,0,-43,-43,0,-43,-43,596141
1739221740,1.0325,1.0325,1.03245,1.03245,23,136.85,0,10,-3,3,13,-10,3,596141
1739221920,1.03245,1.0325,1.0324,1.03245,20,117.7,0,0,-10,0,10,-10,0,596141
1739222100,1.03245,1.03245,1.0324,1.03245,63,116.85,0,49,0,49,56,-7,49,596141
1739222280,1.03245,1.0325,1.03235,1.03235,94,114.25,0,40,-14,-14,40,-54,-14,596141
1739222460,1.03235,1.03235,1.0323,1.03235,31,112.7,0,0,-31,-31,0,-31,-31,596141
1739222640,1.03235,1.03235,1.0323,1.03235,66,108.2,0,18,-24,18,42,-24,18,596141
1739222820,1.0323,1.03235,1.03225,1.03225,27,107.4,0,23,0,19,23,-4,19,596141
1739223000,1.03225,1.0323,1.03225,1.03225,8,103.4,0,0,-8,-8,0,-8,-8,596141
1739223180,1.03225,1.0323,1.0322,1.03225,75,100.35,0,39,-15,33,54,-21,33,596141
1739223360,1.0323,1.0323,1.03225,1.03225,2,96.25,0,0,-2,-2,0,-2,-2,596141
1739223540,1.0323,1.0323,1.0323,1.0323,10,91.85,0,10,0,10,10,0,10,596141
1739223720,1.0323,1.0324,1.03225,1.0324,55,85.5,0,55,0,55,55,0,55,596141
1739223900,1.03235,1.0324,1.03225,1.0323,80,82.4,0,0,-80,-80,0,-80,-80,596141
1739224080,1.03225,1.0323,1.0322,1.0322,56,78.95,0,0,-44,-44,6,-50,-44,596141
1739224260,1.0322,1.03225,1.03215,1.03225,24,73.9,0,0,-21,-18,3,-21,-18,596141
1739224440,1.0322,1.0324,1.0322,1.03235,78,56.3,0,78,0,78,78,0,78,596141
1739224620,1.03235,1.03245,1.0323,1.03245,125,55.4,0,125,0,125,125,0,125,601788
1739228400,1.03235,1.0325,1.0321,1.0324,137,53.9,0,0,-93,-49,44,-93,-49,601788
1739228580,1.03235,1.03235,1.03225,1.03225,34,52.55,0,0,-34,-34,0,-34,-34,601788
1739228760,1.03225,1.03225,1.0322,1.03225,14,51.1,0,0,-13,-12,1,-13,-12,601788
1739228940,1.0322,1.0323,1.0318,1.03205,652,82.55,0,0,-652,-652,0,-652,-652,601788
1739229120,1.03205,1.0325,1.0319,1.03205,650,114.05,0,506,0,506,578,-72,506,601788
1739229300,1.032,1.032,1.03165,1.03175,166,119.2,0,20,-73,20,93,-73,20,601788
1739229480,1.03175,1.03185,1.0317,1.03175,70,118,0,70,0,70,70,0,70,601788
1739229660,1.03175,1.03175,1.0317,1.0317,14,117.15,0,10,0,6,10,-4,6,601788
1739229840,1.03175,1.03175,1.03155,1.0316,231,125.4,0,8,-215,-215,8,-223,-215,601788
1739230020,1.0316,1.03165,1.03155,1.03165,192,133.65,0,0,-101,-10,91,-101,-10,601788
1739230200,1.0317,1.0317,1.03155,1.03155,138,140.15,0,21,-96,-96,21,-117,-96,601788
1739230380,1.0315,1.0316,1.0315,1.0316,591,165.95,0,591,0,591,591,0,591,601788
1739230560,1.03155,1.03175,1.0315,1.03175,69,169.3,0,69,0,69,69,0,69,601788
1739230740,1.03165,1.03175,1.03165,1.03165,24,170,0,22,0,20,22,-2,20,601788
1739230920,1.03165,1.0318,1.0316,1.0317,57,170.1,0,0,-41,-25,16,-41,-25,601788
1739231100,1.03165,1.0318,1.03165,1.0318,89,170.55,0,15,-41,-23,33,-56,-23,601788
1739231280,1.03175,1.03175,1.0317,1.0317,46,170.05,0,0,-46,-46,0,-46,-46,601788
1739231460,1.03165,1.03175,1.0316,1.0317,204,179.05,0,0,-174,-144,30,-174,-144,601788
1739231640,1.03175,1.03175,1.0317,1.0317,33,176.8,0,17,0,1,17,-16,1,601788
1739231820,1.03175,1.0318,1.0317,1.0317,61,173.6,0,14,-33,-33,14,-47,-33,601788
1739232000,1.0317,1.03185,1.03165,1.03185,184,175.95,0,184,0,184,184,0,184,601788
1739232180,1.0318,1.0318,1.0317,1.0317,89,178.7,0,0,-89,-89,0,-89,-89,601788
1739232360,1.0317,1.0318,1.03165,1.03175,75,181.75,0,75,0,75,75,0,75,601788
1739232540,1.0318,1.03185,1.0318,1.0318,34,150.85,0,34,0,34,34,0,34,601788
1739232720,1.0318,1.0318,1.0317,1.03175,79,122.3,0,0,-79,-79,0,-79,-79,601788
1739232900,1.0317,1.0317,1.03165,1.0317,16,114.8,0,0,-14,-12,2,-14,-12,601788
1739233080,1.03165,1.0317,1.03165,1.0317,44,113.5,0,30,-7,30,37,-7,30,601788
1739233260,1.0317,1.03185,1.0317,1.0318,96,117.6,0,96,0,96,96,0,96,601788
1739233440,1.0318,1.032,1.0318,1.032,126,112.35,0,126,0,126,126,0,126,601788
1739233620,1.032,1.0321,1.032,1.0321,24,103.95,0,24,0,24,24,0,24,601788
1739233800,1.0321,1.0322,1.03205,1.03205,59,100,0,50,0,41,50,-9,41,601788
1739233980,1.03205,1.0321,1.03205,1.0321,21,71.5,0,1,-10,1,11,-10,1,601788
1739234160,1.03215,1.03235,1.0321,1.0323,83,72.2,0,63,-10,63,73,-10,63,601788
1739234340,1.0323,1.0323,1.0322,1.03225,19,71.95,0,3,-13,-13,3,-16,-13,601788
1739234520,1.03225,1.03225,1.0322,1.0322,49,71.55,0,6,-13,-13,18,-31,-13,601788
1739234700,1.0322,1.0322,1.032,1.032,37,68.95,0,0,-37,-37,0,-37,-37,601788
1739234880,1.032,1.0321,1.032,1.0321,38,68.55,0,0,-20,-2,18,-20,-2,601788
1739235060,1.0321,1.03215,1.03205,1.03205,44,60.55,0,17,-10,-10,17,-27,-10,601788
1739235240,1.03205,1.03215,1.03205,1.0321,33,60.55,0,12,-9,-9,12,-21,-9,601788
1739235420,1.03205,1.03215,1.032,1.03215,23,58.65,0,11,-6,11,17,-6,11,601788
1739235600,1.0321,1.0321,1.032,1.032,65,52.7,0,0,-65,-65,0,-65,-65,601788
1739235780,1.03195,1.03205,1.0319,1.03205,69,51.7,0,69,0,69,69,0,69,601788
1739235960,1.0321,1.0321,1.032,1.032,50,50.45,0,0,-50,-50,0,-50,-50,601788
1739236140,1.03195,1.032,1.0319,1.0319,88,53.15,0,19,-50,-50,19,-69,-50,601788
1739236320,1.0319,1.0319,1.0317,1.03185,85,53.45,0,0,-49,-13,36,-49,-13,601788
1739236500,1.0319,1.03195,1.0317,1.0317,65,55.9,0,0,-65,-65,0,-65,-65,601788
1739236680,1.03175,1.03195,1.03175,1.0319,52,56.3,0,52,0,52,52,0,52,601788
1739236860,1.0319,1.0319,1.03175,1.0318,35,53.25,0,12,-8,-5,15,-20,-5,601788
1739237040,1.0318,1.0318,1.03175,1.03175,93,51.6,0,0,-93,-93,0,-93,-93,601788
1739237220,1.03175,1.0319,1.03175,1.03185,82,54.5,0,82,0,82,82,0,82,601788
1739237400,1.03185,1.0319,1.0318,1.0318,112,57.15,0,78,0,44,78,-34,44,601788
1739237580,1.03175,1.0318,1.0317,1.03175,63,59.25,0,16,-13,-5,29,-34,-5,601788
1739237760,1.0317,1.03185,1.03165,1.03185,58,58,0,0,-52,-46,6,-52,-46,601788
1739237940,1.0319,1.0319,1.0318,1.0319,113,62.7,0,33,-39,33,73,-40,33,601788
1739238120,1.03195,1.03205,1.0319,1.03205,50,62.75,0,26,0,26,38,-12,26,601788
1739238300,1.032,1.0321,1.0319,1.0319,71,64.45,0,37,0,3,37,-34,3,601788
1739238480,1.0319,1.0319,1.0318,1.03185,50,65.05,0,6,-22,6,28,-22,6,601788
1739238660,1.03185,1.032,1.03185,1.03185,44,65.05,0,23,0,2,23,-21,2,601788
1739238840,1.03185,1.03185,1.03185,1.03185,26,64.7,0,0,-26,-26,0,-26,-26,601788
1739239020,1.0319,1.0319,1.0318,1.03185,78,67.45,0,0,-41,-4,37,-41,-4,601788
1739239200,1.03185,1.0319,1.0318,1.0319,77,68.05,0,77,0,77,77,0,77,601788
1739239380,1.03195,1.03195,1.03185,1.03185,164,72.8,0,0,-164,-164,0,-164,-164,601788
1739239560,1.03185,1.03185,1.03175,1.0318,155,78.05,0,0,-87,-19,68,-87,-19,601788
1739239740,1.0318,1.03185,1.03175,1.03185,91,78.2,0,91,0,91,91,0,91,601788
1739239920,1.0318,1.0318,1.0316,1.0316,225,85.2,0,0,-225,-225,0,-225,-225,601788
1739240100,1.0316,1.03175,1.03155,1.03155,219,92.9,0,147,0,75,147,-72,75,601788
1739240280,1.03155,1.0318,1.0315,1.03175,223,101.45,0,19,-102,19,121,-102,19,601788
1739240460,1.0317,1.0318,1.03165,1.03175,77,103.55,0,15,-29,-29,24,-53,-29,601788
1739240640,1.03175,1.03185,1.0317,1.0318,165,107.15,0,0,-107,-49,58,-107,-49,601788
1739240820,1.0318,1.0318,1.03165,1.03165,43,105.2,0,0,-43,-43,0,-43,-43,601788
1739241000,1.03165,1.0317,1.03155,1.03155,62,102.7,0,27,-8,-8,27,-35,-8,601788
1739241180,1.03155,1.03155,1.0313,1.0315,887,143.9,0,0,-847,-807,40,-847,-807,601788
1739241360,1.03155,1.03155,1.0314,1.0314,60,144,0,27,-6,-6,27,-33,-6,601788
1739241540,1.03135,1.03135,1.0312,1.03125,116,144.15,0,0,-116,-116,0,-116,-116,601788
1739241720,1.0312,1.0314,1.0312,1.03135,164,149.85,0,84,0,4,84,-80,4,601788
1739241900,1.03135,1.0314,1.03125,1.03125,93,150.95,0,0,-61,-61,16,-77,-61,601788
1739242080,1.03125,1.03125,1.03115,1.0312,170,156.95,0,0,-120,-70,50,-120,-70,601788
1739242260,1.03115,1.0312,1.03105,1.03105,114,160.45,0,0,-114,-114,0,-114,-114,601788
1739242440,1.03105,1.03115,1.031,1.031,175,167.9,0,105,0,35,105,-70,35,601788
1739242620,1.031,1.031,1.0309,1.03095,123,170.15,0,61,-31,61,92,-31,61,601788
1739242800,1.031,1.031,1.0309,1.03095,66,169.6,0,38,-11,32,49,-17,32,601788
1739242980,1.03095,1.03105,1.0309,1.03095,134,168.1,0,5,-45,-34,50,-84,-34,601788
1739243160,1.03095,1.03115,1.03095,1.03105,241,172.4,0,241,0,241,241,0,241,601788
1739243340,1.031,1.031,1.0309,1.03095,44,170.05,0,0,-31,-18,13,-31,-18,601788
1739243520,1.03095,1.031,1.03095,1.03095,55,161.55,0,18,-19,-19,18,-37,-19,601788
1739243700,1.03095,1.03105,1.03095,1.03105,41,152.65,0,0,-31,-21,10,-31,-21,601788
1739243880,1.03105,1.03125,1.03105,1.0312,95,146.25,0,71,0,47,71,-24,47,601788
1739244060,1.0312,1.03125,1.0312,1.03125,34,144.1,0,34,0,34,34,0,34,601788
1739244240,1.0312,1.03135,1.0312,1.03135,93,140.5,0,93,0,93,93,0,93,601788
1739244420,1.0313,1.0314,1.03115,1.03115,60,141.35,0,14,-32,-32,14,-46,-32,601788
1739244600,1.03125,1.03145,1.0312,1.03145,172,146.85,0,172,0,172,172,0,172,601788
1739244780,1.0314,1.0316,1.0314,1.0316,89,106.95,0,39,-25,39,64,-25,39,601788
1739244960,1.03155,1.03165,1.03155,1.03165,108,109.35,0,108,0,108,108,0,108,601788
1739245140,1.03165,1.03165,1.03155,1.03165,65,106.8,0,35,-3,35,50,-15,35,601788
1739245320,1.03165,1.0317,1.0316,1.0317,39,100.55,0,19,-7,19,29,-10,19,601788
1739245500,1.0317,1.0317,1.0316,1.0316,57,98.75,0,0,-57,-57,0,-57,-57,601788
1739245680,1.03165,1.03175,1.03165,1.03165,94,94.95,0,55,0,16,55,-39,16,601788
1739245860,1.0316,1.03165,1.03155,1.03165,123,95.4,0,101,-11,101,112,-11,101,601788
1739246040,1.03165,1.03165,1.0315,1.03155,88,91.05,0,0,-88,-88,0,-88,-88,601788
1739246220,1.03155,1.03155,1.03145,1.0315,42,87,0,0,-35,-28,7,-35,-28,601788
1739246400,1.0315,1.03155,1.03145,1.03155,101,88.75,0,41,0,29,65,-36,29,601788
1739246580,1.0316,1.0318,1.0316,1.03175,67,85.4,0,67,0,67,67,0,67,601788
1739246760,1.03175,1.0318,1.03165,1.03165,305,88.6,0,270,0,235,270,-35,235,601788
1739246940,1.03165,1.03175,1.0316,1.03175,32,88,0,20,0,18,25,-7,18,601788
1739247120,1.03175,1.03175,1.0317,1.03175,19,86.2,0,19,0,19,19,0,19,601788
1739247300,1.03175,1.0319,1.03175,1.0318,192,93.75,0,102,0,12,102,-90,12,601788
1739247480,1.0318,1.0319,1.0318,1.03185,21,90.05,0,21,0,21,21,0,21,601788
1739247660,1.0318,1.0318,1.03175,1.03175,34,90.05,0,0,-34,-34,0,-34,-34,601788
1739247840,1.03175,1.0319,1.03175,1.03185,31,86.95,0,17,0,3,17,-14,3,601788
1739248020,1.0318,1.03195,1.0318,1.03185,36,85.75,0,33,0,30,33,-3,30,601788
1739248200,1.03185,1.0319,1.03185,1.0319,34,78.85,0,2,-16,2,18,-16,2,601788
1739248380,1.0319,1.0319,1.03185,1.03185,10,74.9,0,1,-8,-8,1,-9,-8,601788
1739248560,1.0318,1.0319,1.03175,1.0319,51,72.05,0,1,-25,1,26,-25,1,601788
1739248740,1.03185,1.032,1.03185,1.032,92,73.4,0,92,0,92,92,0,92,601788
1739248920,1.032,1.03205,1.03195,1.032,59,74.4,0,49,0,49,54,-5,49,601788
1739249100,1.032,1.032,1.03195,1.03195,32,73.15,0,20,0,8,20,-12,8,601788
1739249280,1.03195,1.03205,1.03195,1.03205,44,70.65,0,0,-34,-24,10,-34,-24,601788
1739249460,1.032,1.032,1.0319,1.03195,29,65.95,0,0,-29,-29,0,-29,-29,601788
1739249640,1.03195,1.03205,1.03195,1.032,16,62.35,0,11,0,6,11,-5,6,601788
1739249820,1.03205,1.0321,1.03205,1.03205,16,61.05,0,11,0,6,11,-5,6,601788
1739250000,1.03205,1.0321,1.03205,1.03205,62,59.1,0,2,-22,-22,20,-42,-22,601788
1739250180,1.03205,1.0322,1.03205,1.0322,62,58.85,0,58,-2,58,60,-2,58,601788
1739250360,1.0322,1.0322,1.03215,1.03215,11,44.15,0,0,-11,-11,0,-11,-11,601788
1739250540,1.0322,1.0323,1.03215,1.03225,100,47.55,0,100,0,100,100,0,100,601788
1739250720,1.0322,1.0322,1.0321,1.0321,21,47.65,0,0,-21,-21,0,-21,-21,601788
1739250900,1.03215,1.0322,1.03215,1.0322,14,38.75,0,14,0,14,14,0,14,601788
1739251080,1.0322,1.0322,1.0322,1.0322,28,39.1,0,28,0,28,28,0,28,601788
1739251260,1.03215,1.03215,1.03195,1.032,87,41.75,0,0,-87,-87,0,-87,-87,601788
1739251440,1.032,1.03205,1.032,1.03205,36,42,0,34,-1,34,35,-1,34,601788
1739251620,1.03205,1.03205,1.03205,1.03205,24,41.4,0,24,0,24,24,0,24,601788
1739251800,1.03205,1.03205,1.032,1.032,22,40.8,0,17,0,12,17,-5,12,601788
1739251980,1.032,1.03205,1.032,1.032,21,41.35,0,0,-21,-21,0,-21,-21,601788
1739252160,1.03195,1.03195,1.03185,1.0319,84,43,0,0,-82,-80,2,-82,-80,601788
1739252340,1.03195,1.03205,1.03195,1.03205,32,40,0,30,0,30,31,-1,30,601788
1739252520,1.0321,1.03215,1.03205,1.03205,31,38.6,0,12,-7,-7,12,-19,-7,601788
1739252700,1.032,1.03205,1.032,1.032,19,37.95,0,0,-19,-19,0,-19,-19,601788
1739252880,1.032,1.032,1.032,1.032,10,36.25,0,0,-10,-10,0,-10,-10,601788
1739253060,1.03205,1.0321,1.03195,1.03205,93,39.45,0,0,-59,-25,34,-59,-25,601788
1739253240,1.032,1.0321,1.032,1.03205,68,42.05,0,46,0,24,46,-22,24,601788
1739253420,1.03205,1.03225,1.03205,1.03215,145,48.5,0,63,-19,-19,63,-82,-19,601788
1739253600,1.0321,1.03215,1.0321,1.03215,12,46,0,0,-6,0,6,-6,0,601788
1739253780,1.0322,1.03225,1.03215,1.03215,60,45.9,0,13,-34,-34,13,-47,-34,601788
1739253960,1.0322,1.03235,1.0322,1.0322,81,49.4,0,63,0,45,63,-18,45,601788
1739254140,1.0322,1.0323,1.0322,1.0322,89,48.85,0,17,-21,-21,34,-55,-21,601788
1739254320,1.03215,1.0323,1.0321,1.03225,64,51,0,64,0,64,64,0,64,601788
1739254500,1.0322,1.03225,1.03215,1.03225,92,54.9,0,0,-48,-4,44,-48,-4,601788
1739254680,1.03225,1.0323,1.0322,1.03225,41,55.55,0,11,-19,-19,11,-30,-19,601788
1739254860,1.03225,1.03235,1.0322,1.03235,9,51.65,0,0,-5,-1,4,-5,-1,601788
1739255040,1.03235,1.0325,1.03235,1.03245,204,60.05,0,176,0,148,176,-28,148,601788
1739255220,1.0325,1.0326,1.03245,1.03255,202,68.95,0,136,0,70,136,-66,70,601788
1739255400,1.03255,1.0326,1.0325,1.03255,163,76,0,98,0,83,123,-40,83,601788
1739255580,1.03265,1.0327,1.03245,1.0325,180,83.95,0,0,-114,-48,66,-114,-48,601788
1739255760,1.0325,1.0325,1.0324,1.03245,106,85.05,0,28,-14,22,64,-42,22,601788
1739255940,1.0325,1.0325,1.03235,1.03245,223,94.6,0,62,-78,57,140,-83,57,601788
1739256120,1.03245,1.03255,1.0324,1.03245,114,98.75,0,79,0,44,79,-35,44,601788
1739256300,1.0324,1.03245,1.03235,1.0324,66,101.1,0,15,-28,-28,19,-47,-28,601788
1739256480,1.0324,1.0324,1.0323,1.0323,42,102.7,0,0,-42,-42,0,-42,-42,601788
1739256660,1.03235,1.03235,1.0322,1.0322,114,103.75,0,4,-106,-106,4,-110,-106,601788
1739256840,1.03225,1.0324,1.03225,1.03225,45,102.6,0,28,0,11,28,-17,11,601788
1739257020,1.03225,1.0323,1.03215,1.03215,92,99.95,0,0,-92,-92,0,-92,-92,601788
1739257200,1.03215,1.0323,1.03185,1.0319,389,118.8,0,0,-389,-389,0,-389,-389,601788
1739257380,1.03195,1.032,1.03185,1.0319,119,121.75,0,0,-119,-119,0,-119,-119,601788
1739257560,1.0319,1.03215,1.03175,1.0321,187,127.05,0,91,-48,91,139,-48,91,601788
1739257740,1.0321,1.03215,1.03195,1.03205,273,136.25,0,11,-173,-173,50,-223,-173,601788
1739257920,1.03205,1.03205,1.03175,1.03195,168,141.45,0,6,-81,6,87,-81,6,601788
1739258100,1.0319,1.03205,1.03185,1.03205,129,143.3,0,129,0,129,129,0,129,601788
1739258280,1.032,1.0322,1.032,1.0322,112,146.85,0,112,0,112,112,0,112,601788
1739258460,1.0322,1.0322,1.03195,1.032,277,160.25,0,0,-194,-111,83,-194,-111,601788
1739258640,1.032,1.0322,1.03195,1.0322,136,156.85,0,136,0,136,136,0,136,601788
1739258820,1.0322,1.0324,1.0321,1.0322,250,159.25,0,82,-86,-86,82,-168,-86,601788
1739259000,1.03225,1.0323,1.03215,1.03215,178,160,0,92,0,6,92,-86,6,601788
1739259180,1.0322,1.03225,1.032,1.03205,155,158.75,0,61,-33,-33,61,-94,-33,601788
1739259360,1.03205,1.0321,1.0319,1.03195,104,158.65,0,0,-54,-42,31,-73,-42,601788
1739259540,1.0319,1.03215,1.03175,1.0321,263,160.65,0,33,-115,33,148,-115,33,601788
1739259720,1.03215,1.03225,1.03205,1.03205,198,164.85,0,93,-12,-12,93,-105,-12,601788
1739259900,1.03205,1.03235,1.03205,1.03225,358,179.45,0,218,0,218,288,-70,218,601788
1739260080,1.0322,1.0323,1.0321,1.03225,75,181.1,0,0,-43,-39,18,-57,-39,601788
1739260260,1.0322,1.0323,1.0321,1.0323,187,184.75,0,141,-23,141,164,-23,141,601788
1739260440,1.0323,1.03245,1.0322,1.03225,194,192.2,0,146,0,98,146,-48,98,601788
1739260620,1.0323,1.03245,1.03195,1.032,450,210.1,0,80,-290,-290,80,-370,-290,601788
1739260800,1.032,1.0322,1.03185,1.03205,401,210.7,0,57,-172,57,229,-172,57,601788
1739260980,1.032,1.03215,1.03165,1.0317,394,224.45,0,0,-394,-394,0,-394,-394,601788
1739261160,1.03175,1.032,1.03175,1.03185,406,235.4,0,200,-6,-6,200,-206,-6,601788
1739261340,1.03185,1.0321,1.03185,1.0321,401,241.8,0,401,0,401,401,0,401,601788
1739261520,1.03205,1.03235,1.03205,1.0322,278,247.3,0,172,0,66,172,-106,66,601788
1739261700,1.03215,1.03225,1.032,1.03225,227,252.2,0,39,-94,39,133,-94,39,601788
1739261880,1.03225,1.03245,1.03215,1.03225,429,268.05,0,161,-134,161,295,-134,161,601788
1739262060,1.0323,1.03235,1.0322,1.03235,216,265,0,110,0,110,163,-53,110,601788
1739262240,1.0324,1.0325,1.0323,1.0324,267,271.55,0,153,0,153,210,-57,153,601788
1739262420,1.03235,1.0325,1.03235,1.0324,266,272.35,0,130,-6,-6,130,-136,-6,601788
1739262600,1.0324,1.03265,1.03235,1.0326,392,283.05,0,142,-125,142,267,-125,142,601788
1739262780,1.03255,1.03255,1.0324,1.03245,157,283.15,0,0,-79,-1,78,-79,-1,601788
1739262960,1.0324,1.03265,1.03235,1.03265,319,293.9,0,319,0,319,319,0,319,601788
1739263140,1.0326,1.0332,1.0325,1.0331,810,321.25,0,361,-74,60,435,-375,60,601788
1739263320,1.0331,1.0332,1.0329,1.033,417,332.2,0,0,-342,-267,75,-342,-267,601788
1739263500,1.033,1.03335,1.03295,1.03315,406,334.6,0,406,0,406,406,0,406,601788
1739263680,1.0331,1.03325,1.0329,1.0332,272,344.45,0,190,-41,190,231,-41,190,601788
1739263860,1.0332,1.0334,1.03315,1.0332,348,352.5,0,47,-254,-254,47,-301,-254,601788
1739264040,1.0332,1.03345,1.0331,1.0334,405,363.05,0,314,0,223,314,-91,223,601788
1739264220,1.0334,1.03365,1.0334,1.03345,1074,394.25,0,1074,0,1074,1074,0,1074,601788
1739264400,1.03345,1.0335,1.0333,1.0334,452,396.8,0,164,-144,164,308,-144,164,601788
1739264580,1.03345,1.0337,1.0334,1.0335,480,401.1,0,299,0,118,299,-181,118,601788
1739264760,1.0335,1.03385,1.03345,1.0337,284,395,0,238,0,192,238,-46,192,601788
1739264940,1.03365,1.03385,1.0336,1.03385,446,397.25,0,77,-188,-84,181,-265,-84,601788
1739265120,1.0338,1.03385,1.03345,1.0335,278,397.25,0,0,-278,-278,0,-278,-278,601788
1739265300,1.0335,1.0335,1.0332,1.0333,555,413.65,0,0,-555,-555,0,-555,-555,601788
1739265480,1.0333,1.03365,1.0333,1.03345,226,403.5,0,70,-16,54,140,-86,54,601788
1739265660,1.03345,1.03345,1.0332,1.03325,145,399.95,0,0,-108,-71,37,-108,-71,601788
1739265840,1.0332,1.03325,1.0329,1.03295,287,400.95,0,0,-287,-287,0,-287,-287,601788
1739266020,1.03295,1.0331,1.0329,1.03305,165,395.9,0,87,0,87,126,-39,87,601788
1739266200,1.03305,1.03345,1.03305,1.03325,379,395.25,0,379,0,379,379,0,379,601788
1739266380,1.0332,1.03335,1.0332,1.0332,251,399.95,0,83,-85,-85,83,-168,-85,601788
1739266560,1.03325,1.0333,1.03305,1.0332,344,401.2,0,0,-287,-230,57,-287,-230,601788
1739266740,1.0332,1.03325,1.0332,1.03325,160,368.7,0,160,0,160,160,0,160,601788
1739266920,1.0332,1.0332,1.033,1.03305,122,353.95,0,0,-93,-64,29,-93,-64,601788
1739267100,1.03305,1.0332,1.03295,1.03315,127,340,0,94,0,61,94,-33,61,601788
1739267280,1.0332,1.03345,1.0331,1.0333,595,356.15,0,125,-235,125,360,-235,125,601788
1739267460,1.0333,1.0337,1.0333,1.0337,888,383.15,0,888,0,888,888,0,888,601788
1739267640,1.03365,1.03365,1.0334,1.03345,224,374.1,0,0,-86,-82,71,-153,-82,601788
1739267820,1.0335,1.0335,1.0334,1.03345,158,328.3,0,26,-52,-52,53,-105,-52,601788
1739268000,1.0335,1.0335,1.0333,1.0334,276,319.5,0,0,-196,-196,40,-236,-196,601788
1739268180,1.0334,1.03375,1.0334,1.0336,778,334.4,0,402,0,26,402,-376,26,601788
1739268360,1.0336,1.03365,1.0335,1.03355,225,331.45,0,85,-70,85,155,-70,85,601788
1739268540,1.03355,1.03365,1.03345,1.0336,282,323.25,0,50,-116,50,166,-116,50,601788
1739268720,1.0336,1.03395,1.0336,1.03395,650,341.85,0,650,0,650,650,0,650,601788
1739268900,1.0339,1.0342,1.0338,1.03415,851,356.65,0,521,-165,521,686,-165,521,601788
1739269080,1.03415,1.03415,1.03395,1.034,235,357.1,0,0,-235,-235,0,-235,-235,601788
1739269260,1.034,1.0341,1.03395,1.03405,103,355,0,21,-41,21,62,-41,21,601788
1739269440,1.0341,1.0341,1.03395,1.03405,268,354.05,0,0,-268,-268,0,-268,-268,601788
1739269620,1.0341,1.03415,1.03385,1.03385,193,355.45,0,0,-193,-193,0,-193,-193,601788
1739269800,1.03385,1.03395,1.03375,1.0339,311,352.05,0,99,-37,99,205,-106,99,601788
1739269980,1.03395,1.03395,1.0337,1.0337,184,348.7,0,0,-184,-184,0,-184,-184,601788
1739270160,1.03365,1.03365,1.03345,1.03345,403,351.65,0,0,-403,-403,0,-403,-403,601788
1739270340,1.03345,1.03345,1.03325,1.0333,308,359.05,0,0,-308,-308,0,-308,-308,601788
1739270520,1.03335,1.03335,1.0332,1.0333,360,370.95,0,96,-132,96,228,-132,96,601788
1739270700,1.0333,1.03335,1.03315,1.0333,245,376.85,0,7,-119,7,126,-119,7,601788
1739270880,1.0333,1.03335,1.0332,1.03325,247,359.45,0,198,0,149,198,-49,149,601788
1739271060,1.0332,1.0334,1.0331,1.0334,363,333.2,0,181,-91,181,272,-91,181,601788
1739271240,1.03345,1.0335,1.0333,1.0334,275,335.75,0,104,-9,49,162,-113,49,601788
1739271420,1.0334,1.0334,1.03315,1.03325,286,342.15,0,0,-250,-214,36,-250,-214,601788
1739271600,1.0333,1.0334,1.03325,1.0334,131,334.9,0,131,0,131,131,0,131,601788
1739271780,1.0334,1.0337,1.0334,1.0336,189,305.45,0,189,0,189,189,0,189,601788
1739271960,1.0336,1.03365,1.03355,1.03355,228,305.6,0,43,-142,-142,43,-185,-142,601788
1739272140,1.0335,1.03375,1.0335,1.03375,142,298.6,0,142,0,142,142,0,142,601788
1739272320,1.03375,1.03375,1.03355,1.0337,134,272.8,0,10,-62,10,72,-62,10,601788
1739272500,1.0337,1.0338,1.0336,1.0336,252,242.85,0,34,-184,-184,34,-218,-184,601788
1739272680,1.0336,1.0336,1.0334,1.03345,66,234.4,0,0,-66,-66,0,-66,-66,601788
1739272860,1.0335,1.0335,1.03335,1.0334,107,234.6,0,24,-59,-59,24,-83,-59,601788
1739273040,1.0334,1.0334,1.0333,1.03335,172,229.8,0,0,-172,-172,0,-172,-172,601788
1739273220,1.03335,1.03335,1.0333,1.03335,72,223.75,0,0,-39,-6,33,-39,-6,601788
1739273400,1.0333,1.03345,1.0333,1.0334,132,214.8,0,54,0,54,93,-39,54,601788
1739273580,1.03335,1.0334,1.03325,1.03335,299,220.55,0,183,-58,183,241,-58,183,601788
1739273760,1.03335,1.0336,1.03335,1.0336,175,209.15,0,175,0,175,175,0,175,601788
1739273940,1.0336,1.03365,1.03355,1.03355,55,196.5,0,8,-39,-39,8,-47,-39,601788
1739274120,1.0335,1.03355,1.0335,1.0335,168,186.9,0,8,-56,-56,56,-112,-56,601788
1739274300,1.0335,1.03365,1.0335,1.0336,80,178.65,0,71,0,62,71,-9,62,601788
1739274480,1.03365,1.03385,1.03365,1.03385,274,180,0,274,0,274,274,0,274,601788
1739274660,1.0338,1.0339,1.03375,1.03385,163,170,0,89,-37,89,126,-37,89,601788
1739274840,1.0338,1.03385,1.0337,1.03385,143,163.4,0,0,-114,-85,29,-114,-85,601788
1739275020,1.0338,1.034,1.03375,1.03385,171,157.65,0,97,-37,97,134,-37,97,601788
1739275200,1.03385,1.034,1.03385,1.0339,217,161.95,0,153,0,89,153,-64,89,601788
1739275380,1.03385,1.034,1.0338,1.03395,377,171.35,0,305,0,305,341,-36,305,601788
1739275560,1.0339,1.034,1.03385,1.0339,210,170.45,0,8,-84,-26,92,-118,-26,601788
1739275740,1.03385,1.03395,1.0337,1.03385,460,186.35,0,132,-196,-196,132,-328,-196,601788
1739275920,1.0339,1.0342,1.0339,1.03405,270,193.15,0,223,0,176,223,-47,176,601788
1739276100,1.0341,1.03435,1.03405,1.0342,237,192.4,0,90,-57,-57,90,-147,-57,601788
1739276280,1.0342,1.03425,1.034,1.0342,506,214.4,0,108,-199,108,307,-199,108,601788
1739276460,1.03425,1.03435,1.0342,1.0343,302,224.15,0,156,0,156,229,-73,156,601788
1739276640,1.0343,1.03455,1.03425,1.03445,405,235.8,0,282,0,159,282,-123,159,601788
1739276820,1.0345,1.0345,1.03435,1.0344,393,251.85,0,0,-342,-291,51,-342,-291,601788
1739277000,1.03435,1.03445,1.0343,1.0344,203,255.4,0,0,-141,-117,43,-160,-117,601788
1739277180,1.0344,1.0344,1.03425,1.0343,189,249.9,0,0,-189,-189,0,-189,-189,601788
1739277360,1.0343,1.03445,1.03425,1.03435,361,259.2,0,288,0,215,288,-73,215,601788
1739277540,1.03435,1.03445,1.03425,1.0344,271,270,0,30,-83,-45,113,-158,-45,601788
1739277720,1.0344,1.03445,1.0342,1.03435,255,274.35,0,0,-192,-129,63,-192,-129,601788
1739277900,1.03435,1.0345,1.03435,1.03435,118,276.25,0,73,0,28,73,-45,28,601788
1739278080,1.0343,1.0343,1.0342,1.03425,144,269.75,0,0,-86,-28,58,-86,-28,601788
1739278260,1.0342,1.0342,1.0339,1.0339,378,280.5,0,0,-378,-378,0,-378,-378,601788
1739278440,1.03395,1.034,1.03375,1.0338,941,320.4,0,217,-507,-507,217,-724,-507,601788
1739278620,1.0338,1.0339,1.0337,1.0339,1623,393,0,0,-1187,-751,436,-1187,-751,601788
1739278800,1.0339,1.03395,1.0337,1.03375,664,415.35,0,0,-467,-270,197,-467,-270,601788
1739278980,1.0338,1.0342,1.03375,1.0342,439,418.45,0,439,0,439,439,0,439,601788
1739279160,1.03415,1.0343,1.03415,1.0342,257,420.8,0,131,-3,131,194,-63,131,601788
1739279340,1.0342,1.0342,1.03405,1.0341,180,406.8,0,42,-49,2,91,-89,2,601788
1739279520,1.0341,1.0341,1.03395,1.03395,521,419.35,0,0,-521,-521,0,-521,-521,601788
1739279700,1.034,1.03405,1.0336,1.0337,950,455,0,0,-950,-950,0,-950,-950,601788
1739279880,1.0337,1.0338,1.03355,1.03355,564,457.9,0,243,-78,-78,243,-321,-78,601788
1739280060,1.03355,1.03375,1.03335,1.0336,543,469.95,0,0,-322,-101,221,-322,-101,601788
1739280240,1.03365,1.0337,1.0335,1.03355,324,465.9,0,0,-324,-324,0,-324,-324,601788
1739280420,1.0335,1.03365,1.0334,1.03345,292,460.85,0,190,0,88,190,-102,88,601788
1739280600,1.0335,1.0338,1.0333,1.03375,561,478.75,0,115,-223,115,338,-223,115,601788
1739280780,1.03375,1.0339,1.0337,1.03385,311,484.85,0,158,0,5,158,-153,5,601788
1739280960,1.03385,1.0341,1.03355,1.03355,642,498.9,0,191,-260,-260,191,-451,-260,601788
1739281140,1.03355,1.0337,1.0335,1.03355,94,490.05,0,0,-46,-40,27,-67,-40,601788
1739281320,1.0335,1.0336,1.03345,1.0335,145,484.55,0,0,-83,-59,43,-102,-59,601788
1739281500,1.0335,1.0336,1.0334,1.0334,144,485.85,0,41,-62,-62,41,-103,-62,601788
1739281680,1.03345,1.03365,1.03345,1.03365,353,496.3,0,353,0,353,353,0,353,601788
1739281860,1.0336,1.0339,1.0336,1.0339,163,485.55,0,163,0,163,163,0,163,601788
1739282040,1.0339,1.03395,1.0338,1.0338,191,448.05,0,12,-67,-67,62,-129,-67,601788
1739282220,1.0338,1.03395,1.03375,1.03395,183,376.05,0,1,-91,1,92,-91,1,601788
1739282400,1.0339,1.03415,1.03385,1.0341,706,378.15,0,267,-25,122,414,-292,122,601788
1739282580,1.0341,1.0344,1.0341,1.0344,477,380.05,0,136,-68,69,273,-204,69,601788
1739282760,1.0344,1.03465,1.0343,1.03435,636,399,0,419,0,202,419,-217,202,601788
1739282940,1.03435,1.03445,1.03415,1.03415,416,410.8,0,153,-110,-110,153,-263,-110,601788
1739283120,1.03415,1.0342,1.034,1.03415,209,395.2,0,0,-164,-119,45,-164,-119,601788
1739283300,1.03415,1.0343,1.0341,1.0343,191,357.25,0,191,0,191,191,0,191,601788
1739283480,1.0343,1.0344,1.03425,1.0344,169,337.5,0,169,0,169,169,0,169,601788
1739283660,1.03435,1.03445,1.03425,1.03445,183,319.5,0,3,-90,3,93,-90,3,601788
1739283840,1.03445,1.0347,1.03445,1.03455,356,321.1,0,210,0,64,210,-146,64,601788
1739284020,1.03455,1.03475,1.0345,1.03475,872,350.1,0,696,0,696,784,-88,696,601788
1739284200,1.03475,1.03505,1.03465,1.03495,905,367.3,0,905,0,905,905,0,905,601788
1739284380,1.0349,1.03495,1.03475,1.03495,377,370.6,0,49,-164,49,213,-164,49,601788
1739284560,1.03495,1.03495,1.0346,1.0348,433,360.15,0,0,-293,-153,140,-293,-153,601788
1739284740,1.0347,1.0348,1.0346,1.0347,317,371.3,0,126,-65,-65,126,-191,-65,601788
1739284920,1.0347,1.0348,1.03465,1.0347,241,376.1,0,0,-156,-71,85,-156,-71,601788
1739285100,1.0347,1.03485,1.0346,1.03485,452,391.5,0,154,-67,154,303,-149,154,601788
1739285280,1.0349,1.0353,1.0349,1.03515,671,407.4,0,585,0,499,585,-86,499,601788
1739285460,1.0352,1.03525,1.03485,1.03515,897,444.1,0,161,-368,161,529,-368,161,601788
1739285640,1.0351,1.0354,1.035,1.03505,589,464,0,250,-89,-89,250,-339,-89,601788
1739285820,1.03505,1.03505,1.03485,1.03495,646,487.15,0,0,-384,-384,131,-515,-384,601788
1739286000,1.035,1.03515,1.03465,1.0348,1686,536.15,0,0,-1686,-1686,0,-1686,-1686,601788
1739286180,1.0348,1.03485,1.0345,1.03485,688,546.7,0,22,-333,22,355,-333,22,601788
1739286360,1.03485,1.03505,1.0348,1.035,444,537.1,0,282,0,282,363,-81,282,601788
1739286540,1.03495,1.03525,1.03485,1.0349,795,556.05,0,255,-285,-285,255,-540,-285,601788
1739286720,1.03495,1.035,1.0349,1.0349,646,577.9,0,575,0,504,575,-71,504,601788
1739286900,1.0349,1.03495,1.0346,1.03495,591,597.9,0,0,-449,-307,142,-449,-307,601788
1739287080,1.035,1.03595,1.03495,1.0355,1503,664.6,0,722,-59,-59,722,-781,-59,601788
1739287260,1.0355,1.03575,1.0354,1.0355,1618,736.35,0,752,-114,-114,752,-866,-114,601788
1739287440,1.0355,1.03555,1.0353,1.0354,1118,774.45,0,0,-1118,-1118,0,-1118,-1118,601788
1739287620,1.03535,1.0358,1.03535,1.0358,1339,797.8,0,507,-416,507,923,-416,507,601788
1739287800,1.0358,1.03585,1.0354,1.03545,676,786.35,0,0,-676,-676,0,-676,-676,601788
1739287980,1.0354,1.03565,1.0353,1.0356,658,800.4,0,61,-274,-12,323,-335,-12,601788
1739288160,1.0356,1.0359,1.0356,1.03565,1348,846.15,0,544,-260,-260,544,-804,-260,601788
1739288340,1.03565,1.03565,1.03505,1.03505,785,869.55,0,0,-785,-785,0,-785,-785,601788
1739288520,1.03505,1.03535,1.03505,1.03535,444,879.7,0,444,0,444,444,0,444,601788
1739288700,1.0353,1.0358,1.0353,1.0356,877,900.95,0,656,0,435,656,-221,435,601788
1739288880,1.0356,1.03575,1.03545,1.0356,556,895.2,0,89,-378,-378,89,-467,-378,601788
1739289060,1.0356,1.036,1.0356,1.03585,886,894.65,0,886,0,886,886,0,886,601788
1739289240,1.0358,1.03595,1.03555,1.0357,915,910.95,0,425,0,425,670,-245,425,601788
1739289420,1.03565,1.03595,1.0356,1.0357,1040,930.65,0,366,-308,-308,366,-674,-308,601788
1739289600,1.03565,1.03585,1.0356,1.03565,1370,914.85,0,58,-432,-432,469,-901,-432,601788
1739289780,1.03565,1.036,1.03565,1.0358,505,905.7,0,374,0,243,374,-131,243,601788
1739289960,1.0358,1.03645,1.0358,1.0364,1015,934.25,0,1015,0,1015,1015,0,1015,601788
1739290140,1.0364,1.0366,1.03635,1.0364,596,924.3,0,188,-220,-220,188,-408,-220,601788
1739290320,1.03635,1.03645,1.0362,1.03645,862,935.1,0,0,-583,-304,279,-583,-304,601788
1739290500,1.0364,1.03655,1.0363,1.0363,528,931.95,0,226,-76,-76,226,-302,-76,601788
1739290680,1.0363,1.0365,1.0361,1.03635,368,875.2,0,162,-103,162,265,-103,162,601788
1739290860,1.03635,1.0364,1.0362,1.03625,274,808,0,0,-140,-6,134,-140,-6,601788
1739291040,1.0363,1.03645,1.03615,1.03645,293,766.75,0,293,0,293,293,0,293,601788
1739291220,1.0364,1.0367,1.0362,1.03655,1545,777.05,0,1545,0,1545,1545,0,1545,601788
1739291400,1.03655,1.0368,1.03645,1.03675,1585,822.5,0,1585,0,1585,1585,0,1585,601788
1739291580,1.0367,1.0367,1.03645,1.03655,554,817.3,0,0,-357,-340,107,-447,-340,601788
1739291760,1.03655,1.03655,1.0363,1.03645,349,767.35,0,79,-135,79,214,-135,79,601788
1739291940,1.03645,1.0367,1.03635,1.0365,566,756.4,0,54,-218,-22,272,-294,-22,601788
1739292120,1.0365,1.0366,1.03625,1.0365,314,749.9,0,16,-149,16,165,-149,16,601788
1739292300,1.0365,1.0367,1.03645,1.0365,389,725.5,0,242,0,95,242,-147,95,601788
1739292480,1.0365,1.0367,1.0364,1.03665,456,720.5,0,312,-72,312,384,-72,312,601788
1739292660,1.0367,1.0368,1.0362,1.0364,622,707.3,0,0,-516,-516,53,-569,-516,601788
1739292840,1.03635,1.0364,1.03615,1.03625,186,670.85,0,0,-127,-68,59,-127,-68,601788
1739293020,1.0362,1.03645,1.0362,1.03625,222,629.95,0,0,-146,-146,38,-184,-146,601788
1739293200,1.0362,1.0362,1.036,1.03605,304,576.65,0,0,-113,-96,104,-200,-96,601788
1739293380,1.03605,1.03615,1.036,1.03615,261,564.45,0,103,-26,103,182,-79,103,601788
1739293560,1.0362,1.0363,1.0361,1.0361,278,527.6,0,129,-20,-20,129,-149,-20,601788
1739293740,1.0361,1.0362,1.03605,1.03615,171,506.35,0,12,-96,-45,63,-108,-45,601788
1739293920,1.03615,1.03625,1.0361,1.0362,139,470.2,0,139,0,139,139,0,139,601788
1739294100,1.0362,1.0363,1.03615,1.03625,184,453,0,184,0,184,184,0,184,601788
1739294280,1.0362,1.0363,1.036,1.03615,451,457.15,0,79,-133,-27,212,-239,-27,601788
1739294460,1.03615,1.03625,1.03615,1.0362,81,447.5,0,29,-26,29,55,-26,29,601788
1739294640,1.0362,1.0362,1.0361,1.0362,167,441.2,0,0,-93,-19,74,-93,-19,601788
1739294820,1.0362,1.0364,1.0362,1.0364,191,373.5,0,191,0,191,191,0,191,601788
1739295000,1.03635,1.0364,1.0363,1.03635,226,305.55,0,0,-226,-226,0,-226,-226,601788
1739295180,1.03635,1.03645,1.03625,1.03635,264,291.05,0,168,-15,168,216,-48,168,601788
1739295360,1.03635,1.0364,1.0362,1.03625,291,288.15,0,101,-89,-89,101,-190,-89,601788
1739295540,1.0363,1.03645,1.0363,1.03635,215,270.6,0,149,0,83,149,-66,83,601788
1739295720,1.03635,1.03655,1.03625,1.03645,484,279.1,0,308,0,132,308,-176,132,601788
1739295900,1.03645,1.03645,1.0363,1.0363,176,268.45,0,0,-176,-176,0,-176,-176,601788
1739296080,1.0363,1.0364,1.0362,1.03625,326,261.95,0,0,-326,-326,0,-326,-326,601788
1739296260,1.03625,1.0363,1.03615,1.0362,175,239.6,0,0,-116,-57,59,-116,-57,601788
1739296440,1.03615,1.03625,1.03615,1.03615,182,239.4,0,130,0,78,130,-52,78,601788
1739296620,1.0362,1.03635,1.03615,1.03625,586,257.6,0,586,0,586,586,0,586,601788
1739296800,1.0362,1.03645,1.03615,1.0362,784,281.6,0,349,-86,-86,349,-435,-86,601788
1739296980,1.0362,1.03675,1.0361,1.0366,1211,329.1,0,1211,0,1211,1211,0,1211,601788
1739297160,1.0366,1.0368,1.03655,1.0367,734,351.9,0,544,0,354,544,-190,354,601788
1739297340,1.03675,1.0368,1.03655,1.03655,386,362.65,0,180,-26,-26,180,-206,-26,601788
1739297520,1.0366,1.0366,1.0365,1.0365,219,366.65,0,36,-64,-19,100,-119,-19,601788
1739297700,1.0365,1.0366,1.0365,1.0365,122,363.55,0,26,-70,-70,26,-96,-70,601788
1739297880,1.0365,1.03655,1.03645,1.03645,135,347.75,0,61,-13,-13,61,-74,-13,601788
1739298060,1.03645,1.03655,1.0364,1.03645,255,356.45,0,157,0,157,206,-49,157,601788
1739298240,1.03645,1.03645,1.0363,1.03635,183,357.25,0,0,-183,-183,0,-183,-183,601788
1739298420,1.03635,1.0364,1.0363,1.0363,156,355.5,0,48,-60,-60,48,-108,-60,601788
1739298600,1.03635,1.03645,1.03635,1.03645,219,355.15,0,219,0,219,219,0,219,601788
1739298780,1.0364,1.03655,1.0364,1.0365,142,349.05,0,142,0,142,142,0,142,601788
1739298960,1.03655,1.03655,1.03645,1.03645,280,348.5,0,0,-206,-206,37,-243,-206,601788
1739299140,1.0364,1.0365,1.03635,1.03645,218,348.65,0,0,-171,-124,47,-171,-124,601788
1739299320,1.03645,1.0365,1.0363,1.0363,158,332.35,0,0,-158,-158,0,-158,-158,601788
1739299500,1.03635,1.03635,1.03625,1.03625,179,332.5,0,78,-23,-23,78,-101,-23,601788
1739299680,1.0362,1.0363,1.0362,1.0363,73,319.85,0,73,0,73,73,0,73,601788
1739299860,1.03635,1.03635,1.0362,1.0363,176,319.9,0,0,-136,-96,40,-136,-96,601788
1739300040,1.0363,1.0364,1.03625,1.0363,209,321.25,0,138,0,67,138,-71,67,601788
1739300220,1.03625,1.0363,1.03615,1.03625,390,311.45,0,10,-190,10,200,-190,10,601788
1739300400,1.0362,1.0363,1.0361,1.03615,189,281.7,0,134,0,79,134,-55,79,601788
1739300580,1.03615,1.0363,1.03615,1.0362,157,229,0,93,0,29,93,-64,29,601788
1739300760,1.0362,1.03625,1.03615,1.03615,361,210.35,0,0,-143,-121,120,-241,-121,601788
1739300940,1.0361,1.0361,1.03585,1.036,291,205.6,0,0,-248,-205,43,-248,-205,601788
1739301120,1.03595,1.03605,1.0359,1.03595,144,201.85,0,82,0,20,82,-62,20,601788
1739301300,1.03595,1.03595,1.03585,1.0359,115,201.5,0,0,-90,-65,25,-90,-65,601788
1739301480,1.03585,1.036,1.03585,1.036,133,201.4,0,107,0,107,120,-13,107,601788
1739301660,1.036,1.03615,1.036,1.0361,113,194.3,0,49,0,37,75,-38,37,601788
1739301840,1.0361,1.0363,1.0361,1.0362,364,203.35,0,364,0,364,364,0,364,601788
1739302020,1.0362,1.0363,1.0362,1.0363,104,200.75,0,104,0,104,104,0,104,601788
1739302200,1.03625,1.03655,1.03625,1.03655,335,206.55,0,335,0,335,335,0,335,601788
1739302380,1.03655,1.03665,1.03655,1.0366,180,208.45,0,180,0,180,180,0,180,601788
1739302560,1.0366,1.0368,1.03655,1.0368,557,222.3,0,315,0,315,436,-121,315,601788
1739302740,1.03685,1.0395,1.03685,1.03875,8499,636.35,0,7384,0,6269,7384,-1115,6269,601788
1739302920,1.0388,1.03985,1.0377,1.03805,6426,949.75,0,0,-6426,-6426,0,-6426,-6426,601788
1739303100,1.038,1.0381,1.0376,1.0377,1920,1036.8,0,0,-1920,-1920,0,-1920,-1920,601788
1739303280,1.0377,1.0381,1.03735,1.0378,1303,1098.3,0,0,-859,-859,222,-1081,-859,601788
1739303460,1.0378,1.03795,1.0374,1.0374,568,1117.9,0,0,-346,-346,111,-457,-346,601788
1739303640,1.03745,1.03765,1.03735,1.03755,373,1126.1,0,373,0,373,373,0,373,601788
1739303820,1.03755,1.0376,1.0372,1.0375,1175,1165.35,0,261,-457,261,718,-457,261,601788
1739304000,1.03745,1.03765,1.03745,1.03755,514,1181.6,0,0,-344,-344,85,-429,-344,601788
1739304180,1.0375,1.0376,1.03745,1.0376,153,1181.4,0,83,-35,83,118,-35,83,601788
1739304360,1.03755,1.03785,1.03755,1.03785,489,1187.8,0,316,0,263,376,-113,263,601788
1739304540,1.03785,1.03785,1.0377,1.0377,196,1183.05,0,57,-82,-82,57,-139,-82,601788
1739304720,1.03775,1.0379,1.0377,1.03785,206,1186.15,0,206,0,206,206,0,206,601788
1739304900,1.0378,1.03785,1.03775,1.0378,193,1190.05,0,20,-66,-21,86,-107,-21,601788
1739305080,1.0378,1.03805,1.0378,1.0379,270,1196.9,0,270,0,270,270,0,270,601788
1739305260,1.0379,1.03805,1.0378,1.03795,243,1203.4,0,118,-35,63,153,-90,63,601788
1739305440,1.0379,1.03795,1.03765,1.03765,340,1202.2,0,39,-126,-126,107,-233,-126,601788
1739305620,1.03765,1.0379,1.0376,1.0379,133,1203.65,0,67,-33,67,100,-33,67,601788
1739305800,1.03785,1.0383,1.03785,1.03825,324,1203.1,0,324,0,324,324,0,324,601788
1739305980,1.0383,1.03845,1.0381,1.0383,892,1238.7,0,0,-501,-110,391,-501,-110,601788
1739306160,1.0383,1.0383,1.038,1.03815,157,1218.7,0,0,-126,-95,31,-126,-95,601788
1739306340,1.0381,1.03825,1.0381,1.0381,364,811.95,0,180,-4,-4,180,-184,-4,601788
1739306520,1.0381,1.03815,1.03795,1.03795,199,500.6,0,0,-112,-103,48,-151,-103,601788
1739306700,1.038,1.0383,1.03795,1.0383,179,413.55,0,179,0,179,179,0,179,601788
1739306880,1.0383,1.0384,1.0382,1.03835,236,360.2,0,236,0,236,236,0,236,601788
1739307060,1.03835,1.03845,1.03825,1.0383,167,340.15,0,71,-25,-25,71,-96,-25,601788
1739307240,1.03825,1.03835,1.03815,1.03815,258,334.4,0,88,-82,-82,88,-170,-82,601788
1739307420,1.03815,1.0382,1.03795,1.03795,295,290.4,0,0,-295,-295,0,-295,-295,601788
1739307600,1.03795,1.03805,1.0378,1.03805,469,288.15,0,0,-402,-335,67,-402,-335,601788
1739307780,1.03805,1.03805,1.0379,1.03795,114,286.2,0,14,-86,-86,14,-100,-86,601788
1739307960,1.0379,1.03805,1.0379,1.03805,94,266.45,0,74,-5,74,84,-10,74,601788
1739308140,1.038,1.0381,1.038,1.03805,46,258.95,0,0,-28,-10,18,-28,-10,601788
1739308320,1.038,1.038,1.0378,1.03785,180,257.65,0,0,-121,-62,59,-121,-62,601788
1739308500,1.0379,1.03805,1.0379,1.03805,116,253.8,0,116,0,116,116,0,116,601788
1739308680,1.03805,1.03805,1.03795,1.03795,57,243.15,0,8,-41,-41,8,-49,-41,601788
1739308860,1.03795,1.03795,1.0379,1.0379,21,232.05,0,0,-21,-21,0,-21,-21,601788
1739309040,1.03795,1.038,1.0378,1.0378,224,226.25,0,0,-224,-224,0,-224,-224,601788
1739309220,1.03775,1.0379,1.03775,1.03785,76,223.4,0,58,-9,58,67,-9,58,601788
1739309400,1.0379,1.03795,1.03775,1.03785,70,210.7,0,7,-56,-56,7,-63,-56,601788
1739309580,1.03775,1.03785,1.0377,1.03785,89,170.55,0,3,-43,3,46,-43,3,601788
1739309760,1.0378,1.0378,1.0377,1.03775,54,165.4,0,0,-54,-54,0,-54,-54,601788
1739309940,1.03775,1.0378,1.03775,1.03775,31,148.75,0,0,-31,-31,0,-31,-31,601788
1739310120,1.0377,1.03775,1.0377,1.0377,47,141.15,0,0,-25,-11,18,-29,-11,601788
1739310300,1.0377,1.0377,1.0376,1.0376,18,133.1,0,0,-18,-18,0,-18,-18,601788
1739310480,1.0376,1.03765,1.03755,1.03765,85,125.55,0,29,-28,29,57,-28,29,601788
1739310660,1.03765,1.03775,1.03765,1.0377,18,118.1,0,7,-4,-4,7,-11,-4,601788
1739310840,1.0377,1.0378,1.03765,1.03775,99,110.15,0,58,0,55,77,-22,55,601788
1739311020,1.0377,1.03785,1.0377,1.03785,51,97.95,0,51,0,51,51,0,51,598095
1739314800,1.0377,1.03795,1.0377,1.0378,204,84.7,0,150,0,96,150,-54,96,598095
1739314980,1.03785,1.0379,1.0378,1.0379,28,80.4,0,18,-5,18,23,-5,18,598095
1739315160,1.0379,1.0379,1.03775,1.03775,13,76.35,0,0,-13,-13,0,-13,-13,598095
1739315340,1.03775,1.03805,1.03775,1.03805,145,81.3,0,109,-18,109,127,-18,109,598095
1739315520,1.0381,1.0384,1.03805,1.0383,197,82.15,0,167,0,137,167,-30,137,598095
1739315700,1.03825,1.0383,1.0382,1.0382,79,80.3,0,78,0,77,78,-1,77,598095
1739315880,1.0381,1.0381,1.03805,1.03805,91,82,0,0,-91,-91,0,-91,-91,598095
1739316060,1.0381,1.0381,1.03785,1.0379,29,82.4,0,0,-29,-29,0,-29,-29,598095
1739316240,1.0379,1.03795,1.0379,1.03795,14,71.9,0,0,-10,-6,4,-10,-6,598095
1739316420,1.0379,1.0379,1.03785,1.0379,16,68.9,0,0,-8,0,8,-8,0,598095
1739316600,1.0379,1.03795,1.0379,1.03795,13,66.05,0,13,0,13,13,0,13,598095
1739316780,1.03795,1.038,1.03795,1.038,34,63.3,0,12,-1,12,23,-11,12,598095
1739316960,1.0381,1.0381,1.03795,1.03795,40,62.6,0,0,-40,-40,0,-40,-40,598095
1739317140,1.03795,1.0381,1.03795,1.0381,22,62.15,0,14,-4,14,18,-4,14,598095
1739317320,1.0381,1.03815,1.0381,1.0381,12,60.4,0,4,-4,-4,4,-8,-4,598095
1739317500,1.03815,1.0382,1.03815,1.03815,64,62.7,0,64,0,64,64,0,64,598095
1739317680,1.03815,1.03815,1.0381,1.0381,7,58.8,0,1,-5,-5,1,-6,-5,598095
1739317860,1.03805,1.03815,1.03805,1.03815,20,58.9,0,20,0,20,20,0,20,598095
1739318040,1.0381,1.0381,1.03805,1.03805,12,54.55,0,0,-12,-12,0,-12,-12,598095
1739318220,1.0381,1.0381,1.03795,1.03795,35,53.75,0,1,-33,-33,1,-34,-33,598095
1739318400,1.03795,1.03805,1.0378,1.0378,199,53.5,0,0,-119,-119,40,-159,-119,598095
1739318580,1.03785,1.038,1.0376,1.03765,136,58.9,0,66,-4,-4,66,-70,-4,598095
1739318760,1.0376,1.0376,1.0375,1.0376,205,68.5,0,0,-157,-109,48,-157,-109,598095
1739318940,1.03755,1.03755,1.03745,1.0375,66,64.55,0,0,-66,-66,0,-66,-66,598095
1739319120,1.0375,1.0375,1.03745,1.03745,100,59.7,0,0,-100,-100,0,-100,-100,598095
1739319300,1.03745,1.0375,1.0374,1.0374,119,61.7,0,0,-119,-119,0,-119,-119,598095
1739319480,1.03735,1.03745,1.03735,1.0374,40,59.15,0,38,0,38,39,-1,38,598095
1739319660,1.03745,1.0375,1.03745,1.0375,36,59.5,0,36,0,36,36,0,36,598095
1739319840,1.03745,1.0375,1.0374,1.0375,40,60.8,0,8,-16,8,24,-16,8,598095
1739320020,1.03745,1.03755,1.03745,1.03745,98,64.9,0,79,0,60,79,-19,60,598095
1739320200,1.03745,1.03745,1.03735,1.0374,72,67.85,0,6,-33,6,39,-33,6,598095
1739320380,1.03735,1.0375,1.0373,1.0373,201,76.2,0,56,-89,-89,56,-145,-89,598095
1739320560,1.0373,1.03745,1.0373,1.03745,41,76.25,0,41,0,41,41,0,41,598095
1739320740,1.03745,1.03755,1.0374,1.0374,43,77.3,0,35,0,27,35,-8,27,598095
1739320920,1.0374,1.03745,1.03735,1.03745,67,80.05,0,9,-29,9,38,-29,9,598095
1739321100,1.0374,1.03745,1.0374,1.0374,25,78.1,0,0,-25,-25,0,-25,-25,598095
1739321280,1.0374,1.03745,1.0374,1.0374,74,81.45,0,31,-12,-12,31,-43,-12,598095
1739321460,1.0374,1.03745,1.03735,1.0374,95,85.2,0,0,-50,-5,45,-50,-5,598095
1739321640,1.03745,1.03745,1.03725,1.03735,177,93.45,0,0,-160,-143,17,-160,-143,598095
1739321820,1.0374,1.0374,1.03735,1.03735,43,93.85,0,24,0,5,24,-19,5,598095
1739322000,1.03735,1.03735,1.03715,1.0372,163,92.05,0,0,-163,-163,0,-163,-163,598095
1739322180,1.03725,1.0374,1.03715,1.03735,52,87.85,0,46,-3,46,49,-3,46,598095
1739322360,1.0372,1.03725,1.037,1.03725,119,83.55,0,0,-112,-105,7,-112,-105,598095
1739322540,1.0372,1.0372,1.03715,1.03715,27,81.6,0,0,-27,-27,0,-27,-27,598095
1739322720,1.0372,1.03735,1.0372,1.0373,75,80.35,0,43,0,11,43,-32,11,598095
1739322900,1.03735,1.03735,1.0372,1.0373,29,75.85,0,0,-26,-23,3,-26,-23,598095
1739323080,1.0373,1.0373,1.0372,1.0373,58,76.75,0,33,0,20,39,-19,20,598095
1739323260,1.03735,1.03735,1.03715,1.03725,40,76.95,0,34,0,34,37,-3,34,598095
1739323440,1.0372,1.0373,1.03715,1.0373,121,81,0,23,-49,23,72,-49,23,598095
1739323620,1.03725,1.0374,1.03725,1.0374,27,77.45,0,11,-8,11,19,-8,11,598095
1739323800,1.0373,1.0374,1.03725,1.03735,57,76.7,0,0,-43,-29,14,-43,-29,598095
1739323980,1.03735,1.03745,1.03735,1.03735,19,67.6,0,7,-5,-5,7,-12,-5,598095
1739324160,1.03735,1.0374,1.03735,1.0374,19,66.5,0,0,-12,-5,7,-12,-5,598095
1739324340,1.0374,1.03755,1.0374,1.0374,69,67.8,0,59,0,49,59,-10,49,598095
1739324520,1.03745,1.03755,1.03745,1.03745,88,68.85,0,16,-56,-56,16,-72,-56,598095
1739324700,1.03745,1.0378,1.03745,1.0378,77,71.45,0,77,0,77,77,0,77,598095
1739324880,1.0378,1.038,1.03775,1.03785,223,78.9,0,79,-65,-65,79,-144,-65,598095
1739325060,1.03785,1.03785,1.0377,1.03775,93,78.8,0,0,-67,-41,26,-67,-41,598095
1739325240,1.03775,1.03775,1.0375,1.0375,146,77.25,0,0,-146,-146,0,-146,-146,598095
1739325420,1.03755,1.0377,1.0375,1.0377,106,80.4,0,47,-3,6,56,-50,6,598095
1739325600,1.0377,1.0378,1.03765,1.03775,60,75.25,0,36,0,12,36,-24,12,598095
1739325780,1.0378,1.038,1.0378,1.038,209,83.1,0,123,0,101,155,-54,101,598095
1739325960,1.038,1.038,1.03775,1.0378,93,81.8,0,4,-39,-39,27,-66,-39,598095
1739326140,1.0378,1.0379,1.0378,1.0379,53,83.1,0,10,-25,-17,18,-35,-17,598095
1739326320,1.0379,1.0379,1.0378,1.03785,38,81.25,0,2,-18,-18,10,-28,-18,598095
1739326500,1.0379,1.0379,1.03785,1.03785,35,81.55,0,14,-7,-7,14,-21,-7,598095
1739326680,1.03785,1.03795,1.0378,1.03795,65,81.9,0,17,-20,-9,28,-37,-9,598095
1739326860,1.0379,1.0379,1.03785,1.0379,32,81.5,0,0,-32,-32,0,-32,-32,598095
1739327040,1.03795,1.0381,1.03795,1.0381,68,78.85,0,68,0,68,68,0,68,598095
1739327220,1.0381,1.0382,1.038,1.0382,96,82.3,0,0,-49,-2,47,-49,-2,598095
1739327400,1.0382,1.0383,1.03805,1.0383,76,83.25,0,44,0,44,60,-16,44,598095
1739327580,1.0383,1.0384,1.0382,1.03825,111,87.85,0,61,0,61,86,-25,61,598095
1739327760,1.03815,1.0382,1.0381,1.03815,44,89.1,0,2,-16,-8,18,-26,-8,598095
1739327940,1.0382,1.03825,1.03815,1.03825,46,87.95,0,12,-17,12,29,-17,12,598095
1739328120,1.0383,1.0383,1.03815,1.0383,44,85.75,0,8,-18,8,26,-18,8,598095
1739328300,1.0383,1.03835,1.03815,1.03815,226,93.2,0,170,0,114,170,-56,114,598095
1739328480,1.03815,1.0383,1.03815,1.03825,40,84.05,0,40,0,40,40,0,40,598095
1739328660,1.03825,1.03835,1.03825,1.03825,47,81.75,0,36,0,25,36,-11,25,598095
1739328840,1.03825,1.03835,1.0382,1.0382,82,78.55,0,0,-52,-52,15,-67,-52,598095
1739329020,1.0382,1.0382,1.0379,1.0379,96,78.05,0,0,-96,-96,0,-96,-96,598095
1739329200,1.0379,1.0379,1.0376,1.0378,213,85.7,0,0,-173,-133,40,-173,-133,598095
1739329380,1.0378,1.03785,1.03775,1.03785,26,76.55,0,26,0,26,26,0,26,598095
1739329560,1.03785,1.03795,1.03765,1.03765,48,74.3,0,17,-14,-14,17,-31,-14,598095
1739329740,1.0377,1.03775,1.0377,1.0377,31,73.2,0,11,-9,-9,11,-20,-9,598095
1739329920,1.03775,1.038,1.03775,1.038,77,75.15,0,77,0,77,77,0,77,598095
1739330100,1.038,1.03815,1.038,1.0381,82,77.5,0,82,0,82,82,0,82,598095
1739330280,1.03815,1.03815,1.03805,1.0381,72,77.85,0,54,-9,54,63,-9,54,598095
1739330460,1.0381,1.03815,1.038,1.0381,39,78.2,0,3,-20,-7,16,-23,-7,598095
1739330640,1.03805,1.0381,1.038,1.038,34,76.5,0,0,-34,-34,0,-34,-34,598095
1739330820,1.03805,1.0381,1.0379,1.03795,200,81.7,0,52,-66,-66,67,-133,-66,598095
1739331000,1.03795,1.0381,1.0379,1.0379,185,87.15,0,98,0,11,98,-87,11,598095
1739331180,1.03775,1.03785,1.0377,1.03785,15,82.35,0,15,0,15,15,0,15,598095
1739331360,1.0379,1.03795,1.0379,1.0379,40,82.15,0,12,-16,-16,12,-28,-16,598095
1739331540,1.03785,1.03785,1.03775,1.03775,33,81.5,0,0,-33,-33,0,-33,-33,598095
1739331720,1.03775,1.0378,1.0375,1.03755,110,84.8,0,0,-110,-110,0,-110,-110,598095
1739331900,1.0375,1.0376,1.0375,1.0376,84,77.7,0,84,0,84,84,0,84,598095
1739332080,1.0376,1.0377,1.03755,1.03755,138,82.6,0,15,-108,-108,15,-123,-108,598095
1739332260,1.0376,1.03785,1.0376,1.0378,73,83.9,0,65,0,57,65,-8,57,598095
1739332440,1.03775,1.03775,1.03765,1.0377,13,80.45,0,0,-13,-13,0,-13,-13,598095
1739332620,1.03775,1.03785,1.03775,1.03785,31,77.2,0,31,0,31,31,0,31,598095
1739332800,1.0378,1.0378,1.03765,1.03765,30,68.05,0,0,-30,-30,0,-30,-30,598095
1739332980,1.03765,1.03765,1.0376,1.0376,16,67.55,0,0,-16,-16,0,-16,-16,598095
1739333160,1.0376,1.03765,1.0375,1.0376,47,67.5,0,33,0,19,33,-14,19,598095
1739333340,1.03765,1.03765,1.03755,1.03755,23,67.1,0,11,-1,-1,11,-12,-1,598095
1739333520,1.03755,1.03765,1.03755,1.03765,6,63.55,0,6,0,6,6,0,6,598095
1739333700,1.03765,1.03785,1.03765,1.03785,42,61.55,0,38,0,38,40,-2,38,598095
1739333880,1.03785,1.038,1.03785,1.03785,107,63.3,0,31,-45,-45,31,-76,-45,598095
1739334060,1.0379,1.03795,1.0379,1.0379,22,62.45,0,10,-2,-2,10,-12,-2,598095
1739334240,1.0379,1.0379,1.03785,1.03785,35,62.5,0,0,-35,-35,0,-35,-35,598095
1739334420,1.0378,1.03785,1.03775,1.03785,36,54.3,0,36,0,36,36,0,36,598095
1739334600,1.0378,1.0378,1.03765,1.03765,50,47.55,0,0,-28,-14,18,-32,-14,598095
1739334780,1.0376,1.03765,1.03755,1.03755,34,48.5,0,15,-4,-4,15,-19,-4,598095
1739334960,1.0376,1.03765,1.0376,1.0376,13,47.15,0,13,0,13,13,0,13,598095
1739335140,1.0376,1.03765,1.03755,1.03765,28,46.9,0,28,0,28,28,0,28,598095
1739335320,1.03765,1.0377,1.0375,1.03755,120,47.4,0,0,-120,-120,0,-120,-120,598095
1739335500,1.03755,1.03755,1.0374,1.03755,57,46.05,0,0,-30,-3,27,-30,-3,598095
1739335680,1.03755,1.03755,1.0375,1.03755,25,40.4,0,0,-16,-7,9,-16,-7,598095
1739335860,1.0375,1.03755,1.03735,1.03735,54,39.45,0,0,-54,-54,0,-54,-54,598095
1739336040,1.03735,1.03735,1.03725,1.03725,45,41.05,0,0,-45,-45,0,-45,-45,598095
1739336220,1.0373,1.0373,1.03725,1.03725,35,41.25,0,21,0,7,21,-14,7,598095
1739336400,1.03725,1.0373,1.03715,1.0373,158,47.65,0,0,-143,-128,15,-143,-128,598095
1739336580,1.0373,1.0373,1.0372,1.03725,36,48.65,0,0,-32,-28,4,-32,-28,598095
1739336760,1.0373,1.0373,1.03725,1.0373,47,48.65,0,17,-15,17,32,-15,17,598095
1739336940,1.0373,1.03735,1.0372,1.03725,65,50.75,0,0,-65,-65,0,-65,-65,598095
1739337120,1.03725,1.0373,1.03715,1.03725,70,53.95,0,4,-33,4,37,-33,4,598095
1739337300,1.03725,1.03735,1.0372,1.03725,46,54.15,0,34,0,22,34,-12,22,598095
1739337480,1.03725,1.03725,1.03715,1.03715,11,49.35,0,0,-11,-11,0,-11,-11,598095
1739337660,1.0372,1.0373,1.0372,1.03725,27,49.6,0,23,0,19,23,-4,19,598095
1739337840,1.0373,1.0374,1.0373,1.0374,59,50.8,0,59,0,59,59,0,59,598095
1739338020,1.0374,1.03745,1.0374,1.0374,81,53.05,0,81,0,81,81,0,81,598095
1739338200,1.0374,1.0374,1.0373,1.03735,85,54.8,0,0,-46,-7,39,-46,-7,598095
1739338380,1.0373,1.0374,1.0373,1.0374,47,55.45,0,0,-38,-29,9,-38,-29,598095
1739338560,1.03735,1.03745,1.03735,1.03745,10,55.3,0,0,-7,-4,3,-7,-4,598095
1739338740,1.03745,1.03745,1.03745,1.03745,10,54.4,0,10,0,10,10,0,10,598095
1739338920,1.03745,1.03745,1.0374,1.03745,26,49.7,0,26,0,26,26,0,26,598095
1739339100,1.03745,1.03745,1.03745,1.03745,13,47.5,0,13,0,13,13,0,13,598095
1739339280,1.0374,1.03745,1.0374,1.03745,25,47.5,0,0,-16,-7,9,-16,-7,598095
1739339460,1.03745,1.03755,1.03745,1.0375,48,47.2,0,37,0,26,37,-11,26,598095
1739339640,1.03755,1.03755,1.0374,1.0374,37,46.8,0,2,-33,-33,2,-35,-33,598095
1739339820,1.03745,1.03755,1.0374,1.0375,70,48.55,0,70,0,70,70,0,70,598095
1739340000,1.03745,1.0375,1.03745,1.03745,41,42.7,0,9,-11,-11,15,-26,-11,598095
1739340180,1.03745,1.03755,1.03745,1.03755,42,43,0,30,-6,30,36,-6,30,598095
1739340360,1.0375,1.03755,1.03745,1.03755,67,44,0,31,-18,31,49,-18,31,598095
1739340540,1.03755,1.03755,1.03755,1.03755,19,41.7,0,19,0,19,19,0,19,598095
1739340720,1.03755,1.0376,1.03755,1.0376,38,40.1,0,38,0,38,38,0,38,598095
1739340900,1.0376,1.0376,1.0374,1.03745,70,41.3,0,0,-49,-28,21,-49,-28,598095
1739341080,1.03745,1.0375,1.0374,1.03745,33,42.4,0,0,-13,-13,10,-23,-13,598095
1739341260,1.0374,1.0375,1.0374,1.0375,19,42,0,19,0,19,19,0,19,598095
1739341440,1.0375,1.03755,1.0374,1.03745,155,46.8,0,65,-9,7,81,-74,7,598095
1739341620,1.0374,1.0375,1.0374,1.0375,58,45.65,0,0,-33,-8,25,-33,-8,598095
1739341800,1.03755,1.0376,1.03755,1.0376,54,44.1,0,54,0,54,54,0,54,598095
1739341980,1.0376,1.03765,1.0375,1.0376,153,49.4,0,153,0,153,153,0,153,598095
1739342160,1.0376,1.0376,1.03735,1.03735,101,53.95,0,25,-51,-51,25,-76,-51,598095
1739342340,1.03735,1.03745,1.0373,1.0374,86,57.75,0,0,-48,-48,19,-67,-48,598095
1739342520,1.03735,1.0374,1.03735,1.0374,129,62.9,0,81,-24,81,105,-24,81,598095
1739342700,1.0374,1.0375,1.0374,1.03745,53,64.9,0,32,0,11,32,-21,11,598095
1739342880,1.0375,1.03755,1.03745,1.0375,115,69.4,0,21,-34,21,68,-47,21,598095
1739343060,1.0375,1.0376,1.03745,1.03755,61,70.05,0,33,-14,33,47,-14,33,598095
1739343240,1.0375,1.0376,1.0375,1.03755,90,72.7,0,90,0,90,90,0,90,598095
1739343420,1.03755,1.03755,1.03745,1.0375,96,74,0,12,-42,12,54,-42,12,598095
1739343600,1.03755,1.03785,1.0375,1.0378,861,115,0,677,0,633,747,-114,633,598095
1739343780,1.03785,1.038,1.03775,1.03785,223,124.05,0,85,-53,-53,85,-138,-53,598095
1739343960,1.03785,1.038,1.0378,1.03795,158,128.6,0,56,-51,56,107,-51,56,598095
1739344140,1.0379,1.038,1.03775,1.0379,205,137.9,0,117,0,29,117,-88,29,598095
1739344320,1.03785,1.03785,1.03765,1.03785,169,144.45,0,0,-130,-91,39,-130,-91,598095
1739344500,1.0378,1.038,1.0378,1.038,106,146.25,0,106,0,106,106,0,106,598095
1739344680,1.03805,1.03825,1.03795,1.0381,275,158.35,0,45,-66,-53,111,-164,-53,598095
1739344860,1.0381,1.03825,1.0381,1.03815,130,163.9,0,107,0,84,107,-23,84,598095
1739345040,1.0381,1.0383,1.03805,1.0383,234,167.85,0,144,-45,144,189,-45,144,598095
1739345220,1.0383,1.0383,1.03815,1.03825,197,174.8,0,0,-108,-19,89,-108,-19,598095
1739345400,1.0382,1.0382,1.03795,1.03795,286,186.4,0,0,-286,-286,0,-286,-286,598095
1739345580,1.0379,1.03805,1.0378,1.03805,177,187.6,0,65,-56,65,121,-56,65,598095
1739345760,1.03805,1.0381,1.03785,1.03785,232,194.15,0,136,0,40,136,-96,40,598095
1739345940,1.03785,1.038,1.0378,1.038,71,193.4,0,33,-19,33,52,-19,33,598095
1739346120,1.038,1.03815,1.038,1.03805,186,196.25,0,101,0,16,101,-85,16,598095
1739346300,1.03805,1.03825,1.038,1.0382,441,215.65,0,441,0,441,441,0,441,598095
1739346480,1.03815,1.0384,1.0381,1.0384,321,225.95,0,321,0,321,321,0,321,598095
1739346660,1.0384,1.0391,1.0384,1.0388,1218,283.8,0,1007,0,796,1007,-211,796,598095
1739346840,1.0388,1.0395,1.0388,1.0395,909,324.75,0,909,0,909,909,0,909,598095
1739347020,1.0395,1.03955,1.039,1.0392,759,357.9,0,0,-511,-263,248,-511,-263,598095
1739347200,1.0392,1.0395,1.03885,1.0393,918,360.75,0,0,-370,-246,336,-582,-246,598095
1739347380,1.03925,1.0396,1.03925,1.03945,611,380.15,0,611,0,611,611,0,611,598095
1739347560,1.03945,1.0396,1.03925,1.0393,766,410.55,0,34,-280,-138,314,-452,-138,598095
1739347740,1.03925,1.0395,1.03925,1.03935,290,414.8,0,215,0,140,215,-75,140,598095
1739347920,1.03935,1.03945,1.03925,1.03935,400,426.35,0,132,-36,132,266,-134,132,598095
1739348100,1.0394,1.03955,1.03905,1.03915,770,459.55,0,181,-408,-408,181,-589,-408,598095
1739348280,1.03915,1.03935,1.03885,1.039,476,469.6,0,272,0,272,374,-102,272,598095
1739348460,1.03905,1.03915,1.03875,1.039,426,484.4,0,122,-108,122,274,-152,122,598095
1739348640,1.039,1.0392,1.03895,1.039,335,489.45,0,140,0,81,208,-127,81,598095
1739348820,1.039,1.03905,1.03885,1.0389,317,495.45,0,68,-181,-181,68,-249,-181,598095
1739349000,1.0388,1.0391,1.03865,1.039,414,501.85,0,102,-156,102,258,-156,102,598095
1739349180,1.039,1.0391,1.0389,1.03895,163,501.15,0,54,-55,-55,54,-109,-55,598095
1739349360,1.03895,1.039,1.03885,1.039,173,498.2,0,93,-40,93,133,-40,93,598095
1739349540,1.03905,1.0392,1.039,1.03915,262,507.75,0,219,0,176,219,-43,176,598095
1739349720,1.03915,1.03935,1.03905,1.0391,285,512.7,0,229,0,173,229,-56,173,598095
1739349900,1.0391,1.0392,1.0391,1.0392,119,496.6,0,119,0,119,119,0,119,598095
1739350080,1.0392,1.0392,1.03905,1.0392,194,490.25,0,122,-36,122,158,-36,122,598095
1739350260,1.0392,1.0393,1.03905,1.03905,286,443.65,0,121,-44,-44,121,-165,-44,598095
1739350440,1.03905,1.0392,1.03895,1.039,192,407.8,0,109,0,26,109,-83,26,598095
1739350620,1.03895,1.03895,1.03845,1.03875,1046,422.15,0,0,-819,-592,227,-819,-592,598095
1739350800,1.03875,1.0388,1.03855,1.03855,329,392.7,0,145,-39,-39,145,-184,-39,598095
1739350980,1.03855,1.03875,1.03845,1.0385,198,372.05,0,140,0,82,140,-58,82,598095
1739351160,1.03855,1.0386,1.0383,1.03845,258,346.65,0,0,-162,-66,96,-162,-66,598095
1739351340,1.03845,1.03845,1.0381,1.0382,304,347.35,0,21,-262,-262,21,-283,-262,598095
1739351520,1.0382,1.03845,1.0381,1.03845,229,338.8,0,75,-77,75,152,-77,75,598095
1739351700,1.0384,1.0387,1.0384,1.0385,562,328.4,0,424,0,286,424,-138,286,598095
1739351880,1.03855,1.0388,1.0385,1.0388,163,312.75,0,163,0,163,163,0,163,598095
1739352060,1.0388,1.03885,1.0387,1.03885,156,299.25,0,0,-80,-4,76,-80,-4,598095
1739352240,1.03885,1.03885,1.0386,1.0386,150,290,0,88,0,26,88,-62,26,598095
1739352420,1.0386,1.03865,1.0384,1.0384,302,289.25,0,0,-302,-302,0,-302,-302,598095
1739352600,1.0385,1.03865,1.0383,1.03865,380,287.55,0,0,-267,-154,113,-267,-154,598095
1739352780,1.0387,1.039,1.0387,1.03885,424,300.6,0,283,0,142,283,-141,142,598095
1739352960,1.0388,1.0389,1.0387,1.03875,282,306.05,0,132,-18,-18,132,-150,-18,598095
1739353140,1.0387,1.03895,1.0387,1.03895,172,301.55,0,172,0,172,172,0,172,598095
1739353320,1.039,1.03905,1.0389,1.0389,135,294.05,0,68,0,1,68,-67,1,598095
1739353500,1.0389,1.0389,1.0386,1.0386,200,298.1,0,0,-200,-200,0,-200,-200,598095
1739353680,1.03865,1.03875,1.0385,1.0386,275,302.15,0,0,-233,-191,42,-233,-191,598095
1739353860,1.0386,1.03895,1.0386,1.03885,228,299.25,0,228,0,228,228,0,228,598095
1739354040,1.0388,1.0389,1.03875,1.0388,221,300.7,0,16,-66,-57,82,-139,-57,598095
1739354220,1.03885,1.039,1.03885,1.03895,369,266.85,0,369,0,369,369,0,369,598095
1739354400,1.039,1.0391,1.03895,1.03905,299,265.35,0,299,0,299,299,0,299,598095
1739354580,1.039,1.03915,1.039,1.0391,215,266.2,0,215,0,215,215,0,215,598095
1739354760,1.03905,1.03935,1.03905,1.03925,317,269.15,0,317,0,317,317,0,317,598095
1739354940,1.0392,1.0392,1.0388,1.0388,607,284.3,0,0,-607,-607,0,-607,-607,598095
1739355120,1.0388,1.03885,1.03865,1.0388,397,292.7,0,157,-120,157,277,-120,157,598095
1739355300,1.0388,1.03885,1.03865,1.03875,213,275.25,0,0,-111,-111,51,-162,-111,598095
1739355480,1.03875,1.0389,1.0387,1.0389,331,283.65,0,331,0,331,331,0,331,598095
1739355660,1.03895,1.0391,1.0388,1.0388,181,284.9,0,62,-57,-57,62,-119,-57,598095
1739355840,1.0388,1.039,1.03875,1.039,119,283.35,0,69,-25,69,94,-25,69,598095
1739356020,1.03895,1.03895,1.0388,1.03885,243,280.4,0,61,-91,61,152,-91,61,598095
1739356200,1.03885,1.0391,1.03885,1.03895,393,281.05,0,257,0,121,257,-136,121,598095
1739356380,1.03895,1.03895,1.0388,1.0388,296,274.65,0,0,-296,-296,0,-296,-296,598095
1739356560,1.03885,1.03895,1.0388,1.03885,140,267.55,0,25,-90,-90,25,-115,-90,598095
1739356740,1.0388,1.039,1.0388,1.03895,306,274.25,0,192,0,192,249,-57,192,598095
1739356920,1.0389,1.0392,1.0389,1.0391,313,283.15,0,173,0,173,243,-70,173,598095
1739357100,1.0391,1.03925,1.03905,1.03915,361,291.2,0,255,0,255,308,-53,255,598095
1739357280,1.0391,1.0391,1.03885,1.0389,202,287.55,0,0,-202,-202,0,-202,-202,598095
1739357460,1.03895,1.03905,1.0389,1.03905,182,285.25,0,86,-48,86,134,-48,86,598095
1739357640,1.03905,1.0391,1.039,1.03905,280,288.2,0,280,0,280,280,0,280,598095
1739357820,1.03905,1.0392,1.039,1.0392,164,277.95,0,164,0,164,164,0,164,598095
1739358000,1.0392,1.0392,1.03905,1.0391,200,273,0,3,-98,-98,51,-149,-98,598095
1739358180,1.0391,1.0392,1.039,1.0391,169,270.7,0,101,0,33,101,-68,33,598095
1739358360,1.0391,1.03935,1.039,1.03935,169,263.3,0,45,-62,45,107,-62,45,598095
1739358540,1.03935,1.03965,1.0392,1.03935,1400,302.95,0,1077,0,754,1077,-323,754,598095
1739358720,1.03935,1.03935,1.0392,1.0393,205,293.35,0,53,-76,53,129,-76,53,598095
1739358900,1.03935,1.03955,1.03935,1.03945,338,299.6,0,248,0,248,293,-45,248,598095
1739359080,1.0395,1.03995,1.0394,1.0399,753,320.7,0,753,0,753,753,0,753,598095
1739359260,1.0399,1.04005,1.03985,1.04005,458,334.55,0,458,0,458,458,0,458,598095
1739359440,1.04,1.0402,1.03985,1.0399,734,365.3,0,600,0,466,600,-134,466,598095
1739359620,1.0399,1.04,1.03985,1.03995,188,362.55,0,8,-90,8,98,-90,8,598095
1739359800,1.03995,1.04015,1.0399,1.04005,432,364.5,0,183,-66,-66,183,-249,-66,598095
1739359980,1.04005,1.0401,1.03985,1.0399,259,362.65,0,45,-169,-169,45,-214,-169,598095
1739360160,1.0399,1.0399,1.03975,1.03985,352,373.25,0,46,-153,46,199,-153,46,598095
1739360340,1.03985,1.04005,1.0398,1.03995,309,373.4,0,179,0,49,179,-130,49,598095
1739360520,1.03995,1.03995,1.03955,1.0396,374,376.45,0,0,-374,-374,0,-374,-374,598095
1739360700,1.0396,1.03965,1.03935,1.0394,549,385.85,0,0,-549,-549,0,-549,-549,598095
1739360880,1.03945,1.03945,1.0393,1.03935,304,390.95,0,0,-304,-304,0,-304,-304,598095
1739361060,1.0394,1.03955,1.03935,1.0395,160,389.85,0,160,0,160,160,0,160,598095
1739361240,1.03945,1.0396,1.03925,1.03925,299,390.8,0,0,-299,-299,0,-299,-299,598095
1739361420,1.0392,1.0392,1.0391,1.0392,272,396.2,0,0,-177,-82,95,-177,-82,598095
1739361600,1.03915,1.0392,1.039,1.03915,278,400.1,0,0,-155,-32,123,-155,-32,598095
1739361780,1.0392,1.0393,1.03915,1.0392,184,400.85,0,0,-113,-42,71,-113,-42,598095
1739361960,1.0392,1.0393,1.03905,1.03925,140,399.4,0,115,0,90,115,-25,90,598095
1739362140,1.0392,1.0392,1.039,1.0391,195,339.15,0,29,-67,-3,96,-99,-3,598095
1739362320,1.03905,1.03905,1.0388,1.03895,394,348.6,0,0,-272,-150,122,-272,-150,598095
1739362500,1.03895,1.03905,1.03885,1.03885,182,340.8,0,49,-54,-54,64,-118,-54,598095
1739362680,1.03885,1.0391,1.03885,1.03905,208,313.55,0,208,0,208,208,0,208,598095
1739362860,1.03905,1.03915,1.03895,1.0391,161,298.7,0,89,0,89,125,-36,89,598095
1739363040,1.03905,1.03915,1.03905,1.03905,89,266.45,0,27,-35,-35,27,-62,-35,598095
1739363220,1.03905,1.03905,1.03895,1.039,190,266.55,0,0,-96,-2,94,-96,-2,598095
1739363400,1.03905,1.0393,1.03905,1.0393,249,257.4,0,249,0,249,249,0,249,598095
1739363580,1.0393,1.03945,1.0392,1.0392,302,259.55,0,154,0,6,154,-148,6,598095
1739363760,1.03915,1.03925,1.0391,1.0392,237,253.8,0,117,0,117,177,-60,117,598095
1739363940,1.03925,1.0394,1.0391,1.03915,271,251.9,0,178,0,85,178,-93,85,598095
1739364120,1.0392,1.0394,1.0391,1.0393,219,244.15,0,32,-68,-19,100,-119,-19,598095
1739364300,1.0393,1.0393,1.0391,1.0391,234,228.4,0,0,-136,-136,49,-185,-136,598095
1739364480,1.03915,1.0392,1.039,1.0391,409,233.65,0,0,-330,-251,79,-330,-251,598095
1739364660,1.03915,1.0392,1.0391,1.0391,146,232.95,0,104,0,62,104,-42,62,598095
1739364840,1.0391,1.03915,1.03895,1.039,228,229.4,0,63,-102,-102,63,-165,-102,598095
1739365020,1.039,1.0395,1.03885,1.0389,3827,407.15,0,3005,-60,2303,3065,-762,2303,598095
1739365200,1.0389,1.03915,1.0388,1.03885,858,436.15,0,476,0,94,476,-382,94,598095
1739365380,1.03885,1.03915,1.0387,1.0391,707,462.3,0,311,-198,311,509,-198,311,598095
1739365560,1.0392,1.03925,1.03855,1.03855,441,477.35,0,0,-441,-441,0,-441,-441,598095
1739365740,1.03855,1.0387,1.03845,1.0387,480,491.6,0,206,0,136,308,-172,136,598095
1739365920,1.0387,1.03875,1.0385,1.0386,552,499.5,0,269,-14,-14,269,-283,-14,598095
1739366100,1.0386,1.03865,1.038,1.03805,1105,545.65,0,0,-1105,-1105,0,-1105,-1105,598095
1739366280,1.03805,1.0383,1.03795,1.0383,1116,591.05,0,478,0,478,797,-319,478,598095
1739366460,1.03835,1.0384,1.0382,1.0383,557,610.85,0,0,-419,-281,138,-419,-281,598095
1739366640,1.03825,1.03835,1.03815,1.03835,514,632.1,0,132,-191,132,323,-191,132,598095
1739366820,1.0383,1.0398,1.03815,1.0386,1079,676.55,0,1079,0,1079,1079,0,1079,598095
1739367000,1.03865,1.03885,1.03295,1.03395,11961,1262.15,0,0,-6096,-5587,3187,-8774,-5587,598095
1739367180,1.034,1.0344,1.03335,1.0337,4409,1467.5,0,0,-2230,-1731,1339,-3070,-1731,598095
1739367360,1.03365,1.0345,1.03335,1.03435,4067,1659,0,1609,0,1609,2838,-1229,1609,598095
1739367540,1.03435,1.0344,1.03335,1.0336,2586,1774.75,0,0,-1588,-590,998,-1588,-590,598095
1739367720,1.03365,1.03445,1.03365,1.0344,2864,1907,0,936,-560,-128,1368,-1496,-128,598095
1739367900,1.0344,1.03495,1.0343,1.03495,2979,2044.25,0,1589,0,1589,2284,-695,1589,598095
1739368080,1.0349,1.03495,1.0342,1.03435,1870,2117.3,0,0,-1337,-804,533,-1337,-804,598095
1739368260,1.0344,1.0345,1.0341,1.0343,842,2152.1,0,0,-642,-442,200,-642,-442,598095
1739368440,1.03435,1.03485,1.0341,1.0347,990,2190.2,0,0,-444,-444,273,-717,-444,598095
1739368620,1.03465,1.0352,1.03455,1.03495,1278,2062.75,0,574,-352,574,926,-352,574,598095
1739368800,1.0349,1.03495,1.0343,1.03475,1664,2103.05,0,0,-1265,-866,399,-1265,-866,598095
1739368980,1.0347,1.03475,1.03425,1.03435,1005,2117.95,0,0,-1005,-1005,0,-1005,-1005,598095
1739369160,1.03435,1.03555,1.03415,1.03545,2242,2208,0,2242,0,2242,2242,0,2242,598095
1739369340,1.0354,1.03585,1.0352,1.03545,1228,2245.4,0,802,0,376,802,-426,376,598095
1739369520,1.0355,1.0359,1.0355,1.0356,1027,2269.15,0,483,-61,-61,483,-544,-61,598095
1739369700,1.03555,1.0363,1.03555,1.036,1371,2282.45,0,1108,0,845,1108,-263,845,598095
1739369880,1.036,1.03605,1.03555,1.03585,709,2262.1,0,0,-483,-257,226,-483,-257,598095
1739370060,1.0358,1.0359,1.0355,1.0359,466,2257.55,0,98,-184,98,282,-184,98,598095
1739370240,1.03585,1.0363,1.0356,1.0361,529,2258.3,0,269,-130,269,399,-130,269,598095
1739370420,1.03615,1.03645,1.03605,1.0364,601,2234.4,0,601,0,601,601,0,601,598095
1739370600,1.0364,1.03645,1.03585,1.03605,1018,1687.25,0,0,-596,-174,422,-596,-174,598095
1739370780,1.036,1.037,1.036,1.0367,1717,1552.65,0,757,-203,-203,757,-960,-203,598095
1739370960,1.03665,1.03675,1.03645,1.03665,956,1397.1,0,232,-362,232,594,-362,232,598095
1739371140,1.0367,1.03675,1.0364,1.0364,703,1302.95,0,0,-703,-703,0,-703,-703,598095
1739371320,1.0364,1.0364,1.03585,1.03615,918,1205.65,0,0,-478,-38,440,-478,-38,598095
1739371500,1.03615,1.03635,1.03595,1.0362,1096,1111.5,0,692,-202,692,894,-202,692,598095
1739371680,1.03615,1.0364,1.036,1.0362,603,1048.15,0,247,-109,-109,247,-356,-109,598095
1739371860,1.03615,1.03625,1.03595,1.0362,809,1046.5,0,113,-348,113,461,-348,113,598095
1739372040,1.0362,1.0366,1.036,1.03655,867,1040.35,0,355,-256,355,611,-256,355,598095
1739372220,1.0366,1.0367,1.03645,1.03665,801,1016.5,0,509,0,509,655,-146,509,598095
1739372400,1.03665,1.0367,1.03555,1.0356,1068,986.7,0,0,-1068,-1068,0,-1068,-1068,598095
1739372580,1.03565,1.0361,1.03555,1.03595,757,974.3,0,757,0,757,757,0,757,598095
1739372760,1.036,1.03645,1.0355,1.03605,2398,982.1,0,850,-607,516,1457,-941,516,598095
1739372940,1.036,1.03625,1.0356,1.03565,903,965.85,0,409,-85,-85,409,-494,-85,598095
1739373120,1.0357,1.03595,1.0356,1.0357,323,930.65,0,51,-107,-7,158,-165,-7,598095
1739373300,1.0357,1.03595,1.03565,1.03565,452,884.7,0,249,0,46,249,-203,46,598095
1739373480,1.0357,1.0359,1.0354,1.0358,734,885.95,0,228,-253,228,481,-253,228,598095
1739373660,1.03585,1.03635,1.0358,1.0363,657,895.5,0,657,0,657,657,0,657,598095
1739373840,1.03635,1.03905,1.03625,1.0378,8483,1293.2,0,8483,0,8483,8483,0,8483,598095
1739374020,1.03775,1.03845,1.0373,1.03755,2183,1372.3,0,1281,0,1033,1608,-575,1033,598095
1739374200,1.03755,1.03785,1.03735,1.0376,1262,1384.5,0,423,-109,198,730,-532,198,598095
1739374380,1.0376,1.03815,1.03745,1.038,1214,1359.35,0,1214,0,1214,1214,0,1214,598095
1739374560,1.038,1.0399,1.038,1.0392,6726,1647.85,0,6726,0,6726,6726,0,6726,598095
1739374740,1.03925,1.0399,1.0387,1.0388,5078,1866.6,0,3040,0,1002,3040,-2038,1002,598095
1739374920,1.03885,1.0395,1.03885,1.0394,1451,1893.25,0,566,-30,259,855,-596,259,598095
1739375100,1.0394,1.0397,1.0388,1.039,1245,1900.7,0,0,-1030,-815,215,-1030,-815,598095
1739375280,1.039,1.0395,1.03885,1.0389,1378,1939.45,0,7,-526,-526,426,-952,-526,598095
1739375460,1.03895,1.0391,1.03855,1.03905,1732,1985.6,0,732,-500,732,1232,-500,732,598095
1739375640,1.03905,1.03915,1.03875,1.0388,1459,2015.2,0,464,-531,-531,464,-995,-531,598095
1739375820,1.0388,1.0392,1.0387,1.0391,2945,2122.4,0,1443,-751,1443,2194,-751,1443,598095
1739376000,1.03905,1.0394,1.0388,1.0391,2100,2174,0,158,-780,-224,938,-1162,-224,598095
1739376180,1.0391,1.0393,1.03805,1.03835,1580,2215.15,0,0,-1580,-1580,0,-1580,-1580,598095
1739376360,1.0383,1.0384,1.03785,1.0379,1287,2159.6,0,0,-1287,-1287,0,-1287,-1287,598095
1739376540,1.03785,1.038,1.03745,1.03755,1173,2173.1,0,0,-1173,-1173,0,-1173,-1173,598095
1739376720,1.0376,1.0376,1.03725,1.0374,671,2190.5,0,7,-332,7,339,-332,7,598095
1739376900,1.0374,1.0375,1.0367,1.03675,830,2209.4,0,0,-830,-830,0,-830,-830,598095
1739377080,1.0368,1.0372,1.03665,1.03715,1599,2252.65,0,1071,-264,1071,1335,-264,1071,598095
1739377260,1.03715,1.0374,1.03695,1.0373,859,2262.75,0,0,-435,-11,424,-435,-11,598095
1739377440,1.0373,1.03735,1.037,1.0373,685,1872.85,0,359,-163,359,522,-163,359,598095
1739377620,1.0373,1.0376,1.0372,1.0376,515,1789.45,0,515,0,515,515,0,515,598095
1739377800,1.0376,1.0379,1.0374,1.0379,589,1755.8,0,0,-330,-71,259,-330,-71,598095
1739377980,1.03785,1.038,1.0378,1.03795,386,1714.4,0,386,0,386,386,0,386,598095
1739378160,1.038,1.03835,1.038,1.03835,597,1407.95,0,307,0,307,452,-145,307,598095
1739378340,1.03835,1.03855,1.03805,1.0381,558,1181.95,0,260,-38,-38,260,-298,-38,598095
1739378520,1.03805,1.03865,1.03805,1.0385,646,1141.7,0,531,0,416,531,-115,416,598095
1739378700,1.0385,1.0389,1.03845,1.03885,682,1113.55,0,156,-111,148,415,-267,148,598095
1739378880,1.03885,1.039,1.0387,1.03875,499,1069.6,0,118,-111,-41,229,-270,-41,598095
1739379060,1.0388,1.0395,1.0388,1.03945,2310,1098.5,0,2310,0,2310,2310,0,2310,598095
1739379240,1.0394,1.04065,1.0392,1.0406,4822,1266.65,0,4822,0,4822,4822,0,4822,598095
1739379420,1.0406,1.04115,1.04025,1.04075,2048,1221.8,0,1631,0,1214,1631,-417,1214,598095
1739379600,1.04075,1.042,1.0407,1.0416,3336,1283.6,0,3336,0,3336,3336,0,3336,598095
1739379780,1.04165,1.04215,1.04125,1.04215,2108,1310,0,0,-1134,-160,974,-1134,-160,598095
1739379960,1.0421,1.0421,1.0414,1.0414,1579,1324.6,0,0,-1579,-1579,0,-1579,-1579,598095
1739380140,1.0414,1.04215,1.0414,1.04175,1451,1338.5,0,1067,0,683,1067,-384,683,598095
1739380320,1.0417,1.0435,1.0417,1.04275,8664,1738.15,0,5687,0,2710,5687,-2977,2710,598095
1739380500,1.0427,1.0434,1.0426,1.043,2828,1838.05,0,802,-760,-296,1266,-1562,-296,598095
1739380680,1.043,1.0432,1.04235,1.0432,3139,1915.05,0,0,-2013,-887,1126,-2013,-887,598095
1739380860,1.0432,1.04365,1.043,1.04325,2165,1980.35,0,1681,0,1197,1681,-484,1197,598095
1739381040,1.04325,1.0434,1.0428,1.0428,1259,2009.05,0,0,-1259,-1259,0,-1259,-1259,598095
1739381220,1.0428,1.0434,1.0427,1.0434,1086,2037.6,0,1086,0,1086,1086,0,1086,598095
1739381400,1.04345,1.04415,1.0426,1.04265,2959,2156.1,0,0,-2959,-2959,0,-2959,-2959,598095
1739381580,1.04265,1.0428,1.04255,1.0427,462,2159.9,0,179,-104,-104,179,-283,-104,598095
1739381760,1.0426,1.04285,1.04245,1.04245,944,2177.25,0,0,-676,-676,134,-810,-676,598095
1739381940,1.04245,1.0425,1.0421,1.0424,1022,2200.45,0,0,-800,-578,222,-800,-578,598095
1739382120,1.04245,1.0425,1.0418,1.04225,1367,2236.5,0,0,-1030,-693,337,-1030,-693,598095
1739382300,1.0422,1.0431,1.0421,1.0431,1175,2261.15,0,1175,0,1175,1175,0,1175,598095
1739382480,1.0431,1.0436,1.0429,1.04355,1581,2315.25,0,1581,0,1581,1581,0,1581,598095
1739382660,1.0436,1.04405,1.0436,1.044,898,2244.65,0,898,0,898,898,0,898,598095
1739382840,1.04395,1.04445,1.04375,1.04435,1248,2065.95,0,778,-235,778,1013,-235,778,598095
1739383020,1.04435,1.04435,1.0441,1.04425,974,2012.25,0,0,-974,-974,0,-974,-974,598095
1739383200,1.0442,1.04465,1.0439,1.04395,1280,1909.45,0,340,-600,-600,340,-940,-600,598095
1739383380,1.04395,1.044,1.04355,1.04355,1275,1867.8,0,0,-1275,-1275,0,-1275,-1275,598095
1739383560,1.0435,1.04355,1.0432,1.0433,870,1832.35,0,0,-711,-552,159,-711,-552,598095
1739383740,1.0433,1.04335,1.043,1.0431,749,1797.25,0,0,-749,-749,0,-749,-749,598095
1739383920,1.0431,1.0436,1.0431,1.04355,937,1410.9,0,441,0,441,689,-248,441,598095
1739384100,1.0436,1.0437,1.04325,1.04325,1764,1357.7,0,1169,0,574,1169,-595,574,598095
1739384280,1.0433,1.0434,1.04315,1.0434,263,1213.9,0,0,-196,-129,67,-196,-129,598095
1739384460,1.0434,1.0434,1.04315,1.0432,347,1123,0,0,-347,-347,0,-347,-347,598095
1739384640,1.04325,1.04355,1.04315,1.04325,402,1080.15,0,207,0,12,207,-195,12,598095
1739384820,1.0432,1.04325,1.0422,1.0426,5329,1292.3,0,0,-5329,-5329,0,-5329,-5329,598095
1739385000,1.0426,1.04265,1.04195,1.04205,2860,1287.35,0,0,-2860,-2860,0,-2860,-2860,598095
1739385180,1.04205,1.04225,1.04165,1.04175,955,1312,0,257,-441,-441,257,-698,-441,598095
1739385360,1.04175,1.0419,1.0417,1.04185,520,1290.8,0,4,-258,4,262,-258,4,598095
1739385540,1.04185,1.04185,1.04135,1.04175,1210,1300.2,0,0,-802,-394,408,-802,-394,598095
1739385720,1.04175,1.0418,1.04115,1.0413,466,1255.15,0,0,-466,-466,0,-466,-466,598095
1739385900,1.0413,1.04155,1.04125,1.04155,488,1220.8,0,488,0,488,488,0,488,598095
1739386080,1.04155,1.04155,1.0412,1.0412,447,1164.1,0,0,-447,-447,0,-447,-447,598095
1739386260,1.0412,1.0413,1.04105,1.04105,644,1151.4,0,196,-252,-252,196,-448,-252,598095
1739386440,1.04105,1.0412,1.04095,1.04105,765,1127.25,0,496,0,227,496,-269,227,598095
1739386620,1.041,1.041,1.0403,1.04055,1457,1151.4,0,0,-1255,-1053,202,-1255,-1053,598095
1739386800,1.04055,1.04085,1.04045,1.0406,907,1132.75,0,753,0,599,753,-154,599,598095
1739386980,1.04065,1.04085,1.04045,1.04045,481,1093.05,0,119,-243,-243,119,-362,-243,598095
1739387160,1.04045,1.0406,1.0402,1.0405,785,1088.8,0,0,-562,-339,223,-562,-339,598095
1739387340,1.0405,1.04055,1.0404,1.0404,352,1068.95,0,51,-250,-250,51,-301,-250,598095
1739387520,1.04045,1.0405,1.0403,1.0404,231,1033.65,0,99,-33,-33,99,-132,-33,598095
1739387700,1.0404,1.0404,1.0401,1.0402,442,967.55,0,0,-286,-130,156,-286,-130,598095
1739387880,1.0402,1.04025,1.04015,1.04025,88,958.8,0,68,0,68,78,-10,68,598095
1739388060,1.04025,1.04025,1.04015,1.0402,115,947.2,0,0,-73,-73,21,-94,-73,598095
1739388240,1.0402,1.0404,1.0402,1.04035,322,943.2,0,322,0,322,322,0,322,598095
1739388420,1.0404,1.04065,1.04035,1.04065,229,688.2,0,229,0,229,229,0,229,598095
1739388600,1.0406,1.0409,1.0406,1.04085,636,577,0,636,0,636,636,0,636,598095
1739388780,1.0408,1.04095,1.0407,1.0409,402,549.35,0,126,-138,126,264,-138,126,598095
1739388960,1.04095,1.04095,1.04065,1.0409,247,535.7,0,0,-164,-81,83,-164,-81,598095
1739389140,1.04095,1.04095,1.04065,1.04075,265,488.45,0,0,-228,-191,37,-228,-191,598095
1739389320,1.04075,1.0408,1.04055,1.0406,224,476.35,0,3,-218,-218,3,-221,-218,598095
1739389500,1.0406,1.0406,1.0403,1.0405,132,458.55,0,0,-68,-4,64,-68,-4,598095
1739389680,1.0404,1.04055,1.0404,1.0404,202,446.3,0,39,-124,-124,39,-163,-124,598095
1739389860,1.04035,1.0406,1.04035,1.04055,119,420.05,0,119,0,119,119,0,119,598095
1739390040,1.0406,1.0407,1.04045,1.0407,223,392.95,0,0,-146,-69,77,-146,-69,598095
1739390220,1.0407,1.0408,1.04065,1.0407,1141,377.15,0,322,-497,-497,322,-819,-497,598095
1739390400,1.0407,1.04075,1.04055,1.0406,567,360.15,0,0,-407,-407,80,-487,-407,598095
1739390580,1.04055,1.04075,1.0404,1.04065,277,349.95,0,101,-88,101,189,-88,101,598095
1739390760,1.04065,1.0407,1.04055,1.0406,173,319.35,0,83,-7,-7,83,-90,-7,598095
1739390940,1.0406,1.04065,1.0405,1.0406,172,310.35,0,0,-127,-82,45,-127,-82,598095
1739391120,1.0406,1.04085,1.0406,1.0408,222,309.9,0,222,0,222,222,0,222,598095
1739391300,1.0408,1.04085,1.04065,1.04075,250,300.3,0,0,-200,-150,50,-200,-150,598095
1739391480,1.04075,1.0408,1.04065,1.0408,336,312.7,0,336,0,336,336,0,336,598095
1739391660,1.0408,1.04105,1.0408,1.041,209,317.4,0,111,0,73,141,-68,73,598095
1739391840,1.04105,1.04125,1.04095,1.04125,460,324.3,0,460,0,460,460,0,460,598095
1739392020,1.04125,1.04135,1.04115,1.0412,296,327.65,0,120,-56,-56,120,-176,-56,598095
1739392200,1.0412,1.04135,1.0411,1.04115,302,310.95,0,97,-108,-108,97,-205,-108,598095
1739392380,1.0412,1.04125,1.0411,1.04125,152,298.45,0,112,-20,112,132,-20,112,598095
1739392560,1.0413,1.0414,1.0411,1.04115,213,296.75,0,54,-105,-105,54,-159,-105,598095
1739392740,1.04115,1.04125,1.0411,1.0411,149,290.95,0,25,-48,-3,73,-76,-3,598095
1739392920,1.0411,1.04115,1.0408,1.04105,249,292.2,0,0,-172,-95,77,-172,-95,598095
1739393100,1.041,1.04115,1.0409,1.0411,149,293.05,0,46,-45,-33,58,-91,-33,598095
1739393280,1.04105,1.0412,1.041,1.041,226,294.25,0,68,-51,12,119,-107,12,598095
1739393460,1.041,1.0411,1.04085,1.04095,225,299.55,0,138,-23,97,161,-64,97,598095
1739393640,1.04095,1.0411,1.04085,1.04085,159,296.35,0,61,-37,-37,61,-98,-37,598095
1739393820,1.04085,1.0409,1.0408,1.0408,420,260.3,0,44,-332,-332,44,-376,-332,598095
1739394000,1.04085,1.0415,1.03975,1.04055,5698,516.85,0,0,-5421,-5144,277,-5421,-5144,598095
1739394180,1.0405,1.0406,1.0403,1.0403,360,521,0,0,-360,-360,0,-360,-360,598095
1739394360,1.0403,1.0406,1.0403,1.0405,203,522.5,0,153,0,103,153,-50,103,598095
1739394540,1.04055,1.04055,1.04035,1.04035,43,516.05,0,0,-43,-43,0,-43,-43,598095
1739394720,1.04035,1.04035,1.04015,1.04025,73,508.6,0,6,-31,-31,21,-52,-31,598095
1739394900,1.04025,1.0405,1.04025,1.0405,110,501.6,0,110,0,110,110,0,110,598095
1739395080,1.04055,1.04055,1.0404,1.0404,62,487.9,0,0,-62,-62,0,-62,-62,598095
1739395260,1.0404,1.0406,1.04035,1.04045,132,484.05,0,44,-39,34,83,-49,34,598095
1739395440,1.0404,1.04045,1.04035,1.0404,39,463,0,0,-39,-39,0,-39,-39,598095
1739395620,1.0404,1.0404,1.04025,1.04035,161,456.25,0,45,-58,45,103,-58,45,598095
1739395800,1.04035,1.0404,1.0403,1.0403,90,445.65,0,82,0,74,82,-8,74,598095
1739395980,1.04025,1.04025,1.04,1.04005,122,444.15,0,0,-122,-122,0,-122,-122,598095
1739396160,1.04005,1.04005,1.03995,1.04,50,436,0,0,-40,-30,10,-40,-30,598095
1739396340,1.04,1.04005,1.03995,1.04,93,433.2,0,84,0,75,84,-9,75,598095
1739396520,1.04005,1.04005,1.03975,1.03995,249,433.2,0,0,-227,-227,11,-238,-227,598095
1739396700,1.0399,1.04005,1.03985,1.04005,185,435,0,105,-40,105,145,-40,105,598095
1739396880,1.04005,1.04005,1.03985,1.0399,125,429.95,0,0,-125,-125,0,-125,-125,598095
1739397060,1.0399,1.0399,1.0398,1.0398,114,424.4,0,0,-114,-114,0,-114,-114,598095
1739397240,1.0398,1.0399,1.03975,1.03975,241,428.5,0,98,-45,-45,98,-143,-45,598095
1739397420,1.03975,1.04,1.0397,1.03995,122,413.6,0,70,0,18,70,-52,18,600546
1739401200,1.03995,1.0402,1.03945,1.0402,331,145.25,0,331,0,331,331,0,331,600546
1739401380,1.04025,1.04025,1.04015,1.0402,55,130,0,0,-55,-55,0,-55,-55,600546
1739401560,1.0402,1.04025,1.0401,1.04015,64,123.05,0,0,-64,-64,0,-64,-64,600546
1739401740,1.04015,1.04015,1.04,1.04005,62,124,0,0,-62,-62,0,-62,-62,600546
1739401920,1.04005,1.0401,1.04,1.04005,40,122.35,0,6,-17,6,23,-17,6,600546
1739402100,1.04005,1.0402,1.04005,1.04015,86,121.15,0,86,0,86,86,0,86,600546
1739402280,1.0401,1.0401,1.04005,1.04005,34,119.75,0,0,-34,-34,0,-34,-34,600546
1739402460,1.04015,1.04025,1.04015,1.0402,9,113.6,0,6,0,3,6,-3,3,600546
1739402640,1.0402,1.0402,1.04015,1.04015,44,113.85,0,0,-44,-44,0,-44,-44,600546
1739402820,1.04015,1.0403,1.0401,1.0403,87,110.15,0,7,-40,7,47,-40,7,600546
1739403000,1.0403,1.0403,1.0402,1.0402,20,106.65,0,0,-20,-20,0,-20,-20,600546
1739403180,1.04015,1.04015,1.0401,1.04015,40,102.55,0,0,-34,-28,6,-34,-28,600546
1739403360,1.0401,1.0402,1.0401,1.0402,9,100.5,0,5,-2,5,7,-2,5,600546
1739403540,1.0402,1.0402,1.0401,1.0401,84,100.05,0,1,-82,-82,1,-83,-82,600546
1739403720,1.0401,1.04015,1.0401,1.04015,32,89.2,0,32,0,32,32,0,32,600546
1739403900,1.04015,1.04025,1.04015,1.04025,19,80.9,0,19,0,19,19,0,19,600546
1739404080,1.04025,1.04035,1.04025,1.0403,29,76.1,0,24,0,19,24,-5,19,600546
1739404260,1.0403,1.04055,1.0403,1.0405,198,80.3,0,152,0,106,152,-46,106,600546
1739404440,1.0405,1.0406,1.0405,1.0406,31,69.8,0,0,-20,-9,11,-20,-9,600546
1739404620,1.0406,1.0407,1.04055,1.04065,94,68.4,0,94,0,94,94,0,94,600546
1739404800,1.0407,1.0409,1.0406,1.04085,128,58.25,0,50,-39,50,89,-39,50,600546
1739404980,1.04085,1.04105,1.04085,1.0409,102,60.6,0,67,0,32,67,-35,32,600546
1739405160,1.04095,1.04095,1.04085,1.0409,25,58.65,0,0,-25,-25,0,-25,-25,600546
1739405340,1.04085,1.04085,1.0407,1.0407,25,56.8,0,0,-10,-7,9,-16,-7,600546
1739405520,1.0407,1.0408,1.0407,1.04075,11,55.35,0,2,-4,1,6,-5,1,600546
1739405700,1.04075,1.0408,1.0407,1.0408,69,54.5,0,0,-48,-27,21,-48,-27,600546
1739405880,1.0407,1.0407,1.0405,1.0405,88,57.2,0,0,-68,-68,10,-78,-68,600546
1739406060,1.04045,1.04055,1.04045,1.04055,41,58.8,0,17,-12,17,29,-12,17,600546
1739406240,1.0406,1.0411,1.0406,1.0411,197,66.45,0,197,0,197,197,0,197,600546
1739406420,1.0411,1.04125,1.04095,1.04095,139,69.05,0,47,-45,-45,47,-92,-45,600546
1739406600,1.041,1.04115,1.04095,1.0411,117,73.9,0,117,0,117,117,0,117,600546
1739406780,1.04105,1.0411,1.041,1.0411,17,72.75,0,5,-6,-5,6,-11,-5,600546
1739406960,1.04105,1.0412,1.04105,1.04115,40,74.3,0,40,0,40,40,0,40,600546
1739407140,1.04115,1.04125,1.04115,1.04125,94,74.8,0,94,0,94,94,0,94,600546
1739407320,1.04125,1.0415,1.04125,1.04135,97,78.05,0,74,0,51,74,-23,51,600546
1739407500,1.04135,1.04145,1.0412,1.0412,86,81.4,0,39,-8,-8,39,-47,-8,600546
1739407680,1.04125,1.04125,1.0409,1.0409,204,90.15,0,0,-204,-204,0,-204,-204,600546
1739407860,1.0409,1.04095,1.0408,1.0408,79,84.2,0,29,-17,13,46,-33,13,600546
1739408040,1.04075,1.0409,1.04065,1.04065,258,95.55,0,0,-258,-258,0,-258,-258,600546
1739408220,1.0406,1.04065,1.0403,1.04045,203,101,0,0,-166,-129,37,-166,-129,600546
1739408400,1.04045,1.04055,1.0402,1.04025,101,99.65,0,0,-101,-101,0,-101,-101,600546
1739408580,1.0403,1.0405,1.0402,1.0405,56,97.35,0,56,0,56,56,0,56,600546
1739408760,1.0405,1.0405,1.0404,1.0405,40,98.1,0,0,-28,-16,12,-28,-16,600546
1739408940,1.0405,1.04065,1.0405,1.0406,56,99.65,0,33,0,10,33,-23,10,600546
1739409120,1.04065,1.04075,1.0406,1.0407,66,102.4,0,52,-7,52,59,-7,52,600546
1739409300,1.0407,1.04085,1.0406,1.0408,95,103.7,0,95,0,95,95,0,95,600546
1739409480,1.04085,1.04095,1.04075,1.04085,222,110.4,0,76,0,72,147,-75,72,600546
1739409660,1.04085,1.04095,1.04075,1.04095,89,112.8,0,89,0,89,89,0,89,600546
1739409840,1.0409,1.04105,1.04075,1.04105,112,108.55,0,60,-26,60,86,-26,60,600546
1739410020,1.04105,1.0411,1.04065,1.04075,331,118.15,0,59,-213,-213,59,-272,-213,600546
1739410200,1.0407,1.04085,1.0406,1.04085,170,120.8,0,0,-108,-46,62,-108,-46,600546
1739410380,1.0409,1.04095,1.0408,1.0409,63,123.1,0,39,-12,39,51,-12,39,600546
1739410560,1.0409,1.0409,1.0408,1.0409,48,123.5,0,6,-21,6,27,-21,6,600546
1739410740,1.04085,1.0411,1.0408,1.04105,73,122.45,0,63,-5,63,68,-5,63,600546
1739410920,1.04105,1.04115,1.0409,1.04115,103,122.75,0,21,-32,-3,50,-53,-3,600546
1739411100,1.04115,1.04145,1.04115,1.0413,236,130.25,0,201,0,166,201,-35,166,600546
1739411280,1.04125,1.0414,1.0411,1.0414,94,124.75,0,0,-57,-20,37,-57,-20,600546
1739411460,1.04135,1.0415,1.04135,1.04145,195,130.55,0,171,-12,171,183,-12,171,600546
1739411640,1.04145,1.04165,1.04145,1.0415,226,128.95,0,135,0,44,135,-91,44,600546
1739411820,1.04145,1.0415,1.0414,1.04145,55,121.55,0,1,-27,1,28,-27,1,600546
1739412000,1.04145,1.0415,1.0413,1.04135,48,118.9,0,0,-28,-8,20,-28,-8,600546
1739412180,1.0414,1.0414,1.0413,1.04135,62,119.2,0,13,-15,-6,28,-34,-6,600546
1739412360,1.04135,1.0414,1.04125,1.04125,68,120.6,0,27,-14,-14,27,-41,-14,600546
1739412540,1.04125,1.04135,1.0412,1.04135,66,121.1,0,0,-60,-54,6,-60,-54,600546
1739412720,1.04135,1.04135,1.0411,1.0412,77,121.65,0,0,-44,-11,33,-44,-11,600546
1739412900,1.04125,1.04135,1.0412,1.04125,80,120.9,0,31,-18,-18,31,-49,-18,600546
1739413080,1.04125,1.0413,1.0412,1.04125,72,113.4,0,0,-42,-38,17,-55,-38,600546
1739413260,1.0413,1.0414,1.0413,1.04135,72,112.55,0,53,0,52,62,-10,52,600546
1739413440,1.04135,1.0415,1.0413,1.04145,90,111.45,0,71,0,52,71,-19,52,600546
1739413620,1.04145,1.04175,1.04145,1.0417,168,103.3,0,168,0,168,168,0,168,600546
1739413800,1.04175,1.042,1.04175,1.0419,281,108.85,0,228,0,175,228,-53,175,600546
1739413980,1.0419,1.04195,1.0419,1.04195,97,110.55,0,65,0,51,74,-23,51,600546
1739414160,1.0419,1.04215,1.0419,1.0421,97,113,0,97,0,97,97,0,97,600546
1739414340,1.0421,1.0422,1.04195,1.042,172,117.95,0,71,-10,10,91,-81,10,600546
1739414520,1.042,1.04215,1.04195,1.04215,82,116.9,0,28,-27,28,55,-27,28,600546
1739414700,1.04215,1.04215,1.04195,1.0421,147,112.45,0,0,-105,-63,42,-105,-63,600546
1739414880,1.04205,1.04205,1.0418,1.0418,173,116.4,0,0,-173,-173,0,-173,-173,600546
1739415060,1.04185,1.0419,1.0418,1.0418,41,108.7,0,7,-27,-27,7,-34,-27,600546
1739415240,1.0418,1.04195,1.0418,1.04195,59,100.35,0,59,0,59,59,0,59,600546
1739415420,1.04195,1.042,1.0418,1.04185,71,101.15,0,0,-71,-71,0,-71,-71,600546
1739415600,1.0419,1.04195,1.04185,1.04195,39,100.7,0,39,0,39,39,0,39,600546
1739415780,1.042,1.042,1.0418,1.04185,196,107.4,0,0,-190,-184,6,-190,-184,600546
1739415960,1.04185,1.04215,1.04185,1.04215,79,107.95,0,79,0,79,79,0,79,600546
1739416140,1.04215,1.0422,1.0421,1.0422,115,110.4,0,67,-24,67,91,-24,67,600546
1739416320,1.0422,1.04235,1.0421,1.04235,85,110.8,0,31,-27,31,58,-27,31,600546
1739416500,1.0424,1.04255,1.04225,1.04245,218,117.7,0,163,0,108,163,-55,108,600546
1739416680,1.0425,1.0429,1.0425,1.0429,324,130.3,0,324,0,324,324,0,324,600546
1739416860,1.04285,1.0429,1.0426,1.04265,131,133.25,0,0,-108,-85,23,-108,-85,600546
1739417040,1.04265,1.0428,1.04265,1.04275,87,133.1,0,64,0,45,66,-21,45,600546
1739417220,1.04275,1.04285,1.0427,1.0428,74,128.4,0,46,0,18,46,-28,18,600546
1739417400,1.0428,1.043,1.04275,1.04295,328,130.75,0,219,0,176,252,-76,176,600546
1739417580,1.043,1.04315,1.04295,1.04295,101,130.95,0,58,0,15,58,-43,15,600546
1739417760,1.04295,1.0431,1.0428,1.043,214,136.8,0,116,-49,116,165,-49,116,600546
1739417940,1.04295,1.04335,1.04295,1.0433,337,145.05,0,153,0,153,245,-92,153,600546
1739418120,1.0433,1.0434,1.0431,1.0431,220,151.95,0,91,-38,-38,91,-129,-38,600546
1739418300,1.0431,1.0434,1.0431,1.0433,129,151.05,0,102,0,75,102,-27,75,600546
1739418480,1.0433,1.0435,1.0433,1.0435,94,147.1,0,94,0,94,94,0,94,600546
1739418660,1.04355,1.04365,1.0434,1.0434,312,160.65,0,223,0,134,223,-89,134,600546
1739418840,1.0434,1.0434,1.0432,1.0433,126,164,0,28,-49,28,77,-49,28,600546
1739419020,1.0433,1.04335,1.0432,1.04335,110,165.95,0,0,-72,-34,38,-72,-34,600546
1739419200,1.0433,1.04385,1.0433,1.04375,276,177.8,0,217,0,158,217,-59,158,600546
1739419380,1.04375,1.04395,1.0437,1.04395,361,186.05,0,361,0,361,361,0,361,600546
1739419560,1.04395,1.0443,1.04395,1.04425,400,202.1,0,400,0,400,400,0,400,600546
1739419740,1.04425,1.04425,1.044,1.04415,168,204.75,0,0,-139,-110,29,-139,-110,600546
1739419920,1.0442,1.0444,1.04405,1.04435,182,209.6,0,68,-57,68,125,-57,68,600546
1739420100,1.04435,1.04445,1.04425,1.0444,247,211.05,0,58,-54,23,135,-112,23,600546
1739420280,1.04435,1.04435,1.04415,1.0443,186,204.15,0,0,-151,-116,35,-151,-116,600546
1739420460,1.0443,1.0443,1.04385,1.044,378,216.5,0,0,-273,-168,105,-273,-168,600546
1739420640,1.044,1.04445,1.04395,1.04435,333,228.8,0,297,0,261,297,-36,261,600546
1739420820,1.0443,1.04435,1.04415,1.04425,111,230.65,0,0,-74,-37,37,-74,-37,600546
1739421000,1.0442,1.04445,1.04415,1.0444,190,223.75,0,190,0,190,190,0,190,600546
1739421180,1.0444,1.04445,1.0442,1.04445,188,228.1,0,92,-48,92,140,-48,92,600546
1739421360,1.04445,1.0449,1.0444,1.04485,596,247.2,0,596,0,596,596,0,596,600546
1739421540,1.04485,1.045,1.04475,1.04495,717,266.2,0,404,0,195,456,-261,195,600546
1739421720,1.04495,1.04495,1.04475,1.0448,221,266.25,0,0,-221,-221,0,-221,-221,600546
1739421900,1.04475,1.04475,1.0445,1.04455,488,284.2,0,0,-230,-230,129,-359,-230,600546
1739422080,1.0446,1.0447,1.0446,1.04465,228,290.9,0,91,-46,-46,91,-137,-46,600546
1739422260,1.0447,1.0447,1.0446,1.04465,163,283.45,0,39,-26,39,101,-62,39,600546
1739422440,1.04465,1.04485,1.04465,1.0448,321,293.2,0,321,0,321,321,0,321,600546
1739422620,1.0448,1.045,1.0448,1.04495,270,301.2,0,270,0,270,270,0,270,600546
1739422800,1.04495,1.0452,1.0449,1.04505,801,327.45,0,721,0,641,721,-80,641,600546
1739422980,1.04505,1.0451,1.0449,1.04495,241,321.45,0,0,-160,-79,81,-160,-79,600546
1739423160,1.04495,1.045,1.0448,1.045,256,314.25,0,130,-63,130,193,-63,130,600546
1739423340,1.045,1.04535,1.0449,1.04535,800,345.85,0,534,-133,534,667,-133,534,600546
1739423520,1.0453,1.0453,1.04485,1.045,450,359.25,0,38,-175,-24,213,-237,-24,600546
1739423700,1.045,1.045,1.0448,1.0449,134,353.6,0,0,-90,-46,44,-90,-46,600546
1739423880,1.04485,1.0449,1.04485,1.0449,147,351.65,0,99,-24,99,123,-24,99,600546
1739424060,1.0449,1.04505,1.04485,1.04505,177,341.6,0,110,0,83,130,-47,83,600546
1739424240,1.045,1.04515,1.045,1.04515,169,333.4,0,169,0,169,169,0,169,600546
1739424420,1.0451,1.0452,1.04495,1.0452,297,342.7,0,85,-106,85,191,-106,85,600546
1739424600,1.0452,1.04525,1.04475,1.04475,186,342.5,0,0,-186,-186,0,-186,-186,600546
1739424780,1.0448,1.04485,1.04465,1.04475,113,338.75,0,76,0,39,76,-37,39,600546
1739424960,1.04475,1.045,1.04475,1.04485,101,314,0,0,-64,-63,19,-82,-63,600546
1739425140,1.0448,1.0449,1.04475,1.0448,87,282.5,0,52,0,17,52,-35,17,600546
1739425320,1.0448,1.0448,1.04455,1.0446,106,276.75,0,0,-70,-34,36,-70,-34,600546
1739425500,1.04465,1.045,1.0446,1.0449,122,258.45,0,122,0,122,122,0,122,600546
1739425680,1.0448,1.04495,1.0448,1.04495,154,254.75,0,154,0,154,154,0,154,600546
1739425860,1.045,1.04505,1.04495,1.045,192,256.2,0,192,0,192,192,0,192,600546
1739426040,1.04495,1.045,1.04475,1.045,329,256.6,0,0,-215,-101,114,-215,-101,600546
1739426220,1.04495,1.045,1.0449,1.04495,134,249.8,0,44,-46,-46,44,-90,-46,600546
1739426400,1.04495,1.04525,1.04495,1.04505,209,220.2,0,67,-75,-75,67,-142,-75,600546
1739426580,1.04505,1.04505,1.04495,1.04495,164,216.35,0,0,-164,-164,0,-164,-164,600546
1739426760,1.0449,1.04515,1.0449,1.04495,274,217.25,0,83,-108,-108,83,-191,-108,600546
1739426940,1.04495,1.0451,1.0447,1.04475,195,187,0,0,-195,-195,0,-195,-195,600546
1739427120,1.0448,1.0451,1.04475,1.0451,335,181.25,0,145,-95,145,240,-95,145,600546
1739427300,1.0451,1.0455,1.0451,1.0453,1174,233.25,0,847,0,520,847,-327,520,600546
1739427480,1.0453,1.0454,1.0452,1.04525,353,243.55,0,0,-353,-353,0,-353,-353,600546
1739427660,1.04525,1.0453,1.0451,1.04525,141,241.75,0,34,-73,-73,34,-107,-73,600546
1739427840,1.0453,1.04545,1.0453,1.0453,140,240.3,0,94,0,48,94,-46,48,600546
1739428020,1.0453,1.0453,1.04515,1.04515,146,232.75,0,0,-146,-146,0,-146,-146,600546
1739428200,1.04515,1.0452,1.0451,1.0452,123,229.6,0,49,-37,49,86,-37,49,600546
1739428380,1.04515,1.04515,1.0449,1.0451,151,231.5,0,0,-86,-21,65,-86,-21,600546
1739428560,1.0451,1.0452,1.04495,1.045,72,230.05,0,50,0,28,50,-22,28,600546
1739428740,1.04505,1.0451,1.0449,1.04495,51,228.25,0,6,-39,-39,6,-45,-39,600546
1739428920,1.04495,1.04495,1.0447,1.0448,242,235.05,0,0,-242,-242,0,-242,-242,600546
1739429100,1.0447,1.04485,1.0447,1.0448,142,236.05,0,122,0,102,122,-20,102,600546
1739429280,1.0448,1.04485,1.04475,1.0448,67,231.7,0,0,-41,-15,26,-41,-15,600546
1739429460,1.0448,1.04485,1.04465,1.04465,219,233.05,0,0,-100,-85,67,-152,-85,600546
1739429640,1.04465,1.04465,1.0443,1.0444,587,245.95,0,0,-587,-587,0,-587,-587,600546
1739429820,1.0444,1.0446,1.0444,1.0445,241,251.3,0,231,0,221,231,-10,221,600546
1739430000,1.0446,1.045,1.0446,1.04495,893,285.5,0,570,0,247,570,-323,247,600546
1739430180,1.045,1.04515,1.0448,1.0448,219,288.25,0,35,-58,-33,93,-126,-33,600546
1739430360,1.04485,1.045,1.04465,1.04495,380,293.55,0,69,-93,56,218,-162,56,600546
1739430540,1.045,1.045,1.0448,1.0449,271,297.35,0,0,-107,-107,82,-189,-107,600546
1739430720,1.0448,1.0449,1.0446,1.0447,438,302.5,0,191,-56,-56,191,-247,-56,600546
1739430900,1.0447,1.04495,1.04465,1.0448,350,261.3,0,6,-130,-130,110,-240,-130,600546
1739431080,1.0448,1.04495,1.0447,1.04475,313,259.3,0,104,-105,-105,104,-209,-105,600546
1739431260,1.0447,1.04475,1.04445,1.0445,454,274.95,0,0,-454,-454,0,-454,-454,600546
1739431440,1.04445,1.04455,1.04415,1.04425,493,292.6,0,0,-215,-215,139,-354,-215,600546
1739431620,1.04425,1.04435,1.04415,1.0442,302,300.4,0,75,-152,-152,75,-227,-152,600546
1739431800,1.04425,1.0445,1.0442,1.04435,716,330.05,0,584,0,452,584,-132,452,600546
1739431980,1.0443,1.0447,1.04425,1.04465,560,350.5,0,560,0,560,560,0,560,600546
1739432160,1.04465,1.0449,1.0446,1.0449,373,365.55,0,373,0,373,373,0,373,600546
1739432340,1.0449,1.04495,1.0447,1.04485,336,379.8,0,98,-140,-140,98,-238,-140,600546
1739432520,1.0448,1.04485,1.0447,1.04475,262,380.8,0,0,-156,-156,53,-209,-156,600546
1739432700,1.04475,1.0448,1.04455,1.0447,270,387.2,0,140,0,110,190,-80,110,600546
1739432880,1.0447,1.04475,1.04425,1.0443,277,397.7,0,0,-277,-277,0,-277,-277,600546
1739433060,1.0443,1.04435,1.0438,1.0439,807,427.1,0,0,-807,-807,0,-807,-807,600546
1739433240,1.0439,1.04405,1.04375,1.0439,878,441.65,0,0,-374,-254,312,-566,-254,600546
1739433420,1.0439,1.04405,1.0438,1.04405,713,465.25,0,307,-203,307,510,-203,307,600546
1739433600,1.04405,1.0441,1.04385,1.044,802,460.7,0,104,-349,104,453,-349,104,600546
1739433780,1.04395,1.044,1.04345,1.0436,632,481.35,0,0,-334,-334,149,-483,-334,600546
1739433960,1.04365,1.04365,1.0432,1.0433,705,497.6,0,0,-705,-705,0,-705,-705,600546
1739434140,1.04325,1.04345,1.04305,1.0431,612,514.65,0,307,0,2,307,-305,2,600546
1739434320,1.04315,1.04365,1.04315,1.04345,606,523.05,0,496,0,386,496,-110,386,600546
1739434500,1.04345,1.04355,1.04325,1.04355,481,529.6,0,0,-252,-23,229,-252,-23,600546
1739434680,1.04355,1.0438,1.0435,1.04375,403,534.1,0,356,0,309,356,-47,309,600546
1739434860,1.0438,1.0439,1.04345,1.04345,521,537.45,0,75,-371,-371,75,-446,-371,600546
1739435040,1.04345,1.04355,1.04315,1.0432,410,533.3,0,174,-62,-62,174,-236,-62,600546
1739435220,1.04325,1.0434,1.04315,1.04335,408,538.6,0,0,-205,-2,203,-205,-2,600546
1739435400,1.0434,1.0434,1.043,1.04325,420,523.8,0,92,-164,92,256,-164,92,600546
1739435580,1.04325,1.04335,1.04305,1.0431,301,510.85,0,0,-191,-191,55,-246,-191,600546
1739435760,1.04305,1.0431,1.04285,1.04295,479,516.15,0,0,-356,-233,123,-356,-233,600546
1739435940,1.04295,1.04295,1.0427,1.0428,395,519.1,0,125,-83,21,208,-187,21,600546
1739436120,1.0428,1.04315,1.0428,1.0431,326,522.3,0,136,0,130,228,-98,130,600546
1739436300,1.04315,1.04315,1.04295,1.0431,406,529.1,0,114,-146,114,260,-146,114,600546
1739436480,1.04315,1.04315,1.04275,1.04275,271,528.8,0,0,-271,-271,0,-271,-271,600546
1739436660,1.04275,1.04285,1.04265,1.04275,346,505.75,0,162,-22,-22,162,-184,-22,600546
1739436840,1.0427,1.04275,1.0424,1.04265,502,486.95,0,60,-221,60,281,-221,60,600546
1739437020,1.04265,1.0428,1.0426,1.0428,307,466.65,0,0,-254,-201,53,-254,-201,600546
1739437200,1.0428,1.04295,1.0426,1.0429,596,456.35,0,114,-241,114,355,-241,114,600546
1739437380,1.0429,1.0429,1.0427,1.0427,329,441.2,0,0,-329,-329,0,-329,-329,600546
1739437560,1.04275,1.04305,1.04275,1.043,349,423.4,0,129,-44,129,239,-110,129,600546
1739437740,1.043,1.04335,1.0429,1.04335,494,417.5,0,494,0,494,494,0,494,600546
1739437920,1.04335,1.0434,1.04315,1.0433,190,396.7,0,75,0,52,121,-69,52,600546
1739438100,1.04325,1.0434,1.0432,1.0433,246,384.95,0,102,0,102,174,-72,102,600546
1739438280,1.0433,1.04335,1.0432,1.0432,260,377.8,0,9,-120,-120,70,-190,-120,600546
1739438460,1.0432,1.0432,1.04305,1.0431,212,362.35,0,0,-153,-94,59,-153,-94,600546
1739438640,1.04315,1.04315,1.04275,1.0428,176,350.65,0,0,-176,-176,0,-176,-176,600546
1739438820,1.04285,1.04295,1.04275,1.04285,226,341.55,0,172,0,118,172,-54,118,600546
1739439000,1.0428,1.04305,1.0428,1.043,304,335.75,0,264,0,224,264,-40,224,600546
1739439180,1.043,1.043,1.0429,1.0429,274,334.4,0,0,-274,-274,0,-274,-274,600546
1739439360,1.0429,1.043,1.04255,1.04275,268,323.85,0,29,-100,10,139,-129,10,600546
1739439540,1.0428,1.04325,1.0428,1.04325,236,315.9,0,236,0,236,236,0,236,600546
1739439720,1.04325,1.04345,1.04315,1.0434,310,315.1,0,310,0,310,310,0,310,600546
1739439900,1.0434,1.04375,1.0434,1.04375,625,326.05,0,196,-94,45,335,-290,45,600546
1739440080,1.0437,1.0438,1.0436,1.0438,468,335.9,0,0,-379,-290,89,-379,-290,600546
1739440260,1.04375,1.04395,1.04375,1.0438,316,334.4,0,209,0,102,209,-107,102,600546
1739440440,1.0438,1.0441,1.04365,1.0441,1148,366.7,0,834,-157,834,991,-157,834,600546
1739440620,1.04405,1.04405,1.0437,1.04375,390,370.85,0,0,-390,-390,0,-390,-390,600546
1739440800,1.04375,1.04395,1.04375,1.04395,272,354.65,0,272,0,272,272,0,272,600546
1739440980,1.04395,1.04395,1.0438,1.0439,577,367.05,0,0,-349,-349,114,-463,-349,600546
1739441160,1.0439,1.04395,1.04365,1.0439,583,378.75,0,157,-213,157,370,-213,157,600546
1739441340,1.0439,1.04415,1.04385,1.044,470,377.55,0,344,0,218,344,-126,218,600546
1739441520,1.04405,1.04435,1.04405,1.04435,284,382.25,0,284,0,284,284,0,284,600546
1739441700,1.0443,1.04435,1.0442,1.0442,242,382.05,0,0,-242,-242,0,-242,-242,600546
1739441880,1.0442,1.04425,1.04405,1.0441,206,379.35,0,0,-206,-206,0,-206,-206,600546
1739442060,1.044,1.04405,1.04395,1.044,215,379.5,0,53,-109,-109,53,-162,-109,600546
1739442240,1.04405,1.0441,1.0439,1.0439,228,382.1,0,2,-170,-170,29,-199,-170,600546
1739442420,1.044,1.04405,1.0439,1.0439,186,380.1,0,0,-92,-64,61,-125,-64,600546
1739442600,1.04395,1.04395,1.0437,1.0437,182,374,0,0,-182,-182,0,-182,-182,600546
1739442780,1.0437,1.0437,1.04355,1.0437,221,371.35,0,0,-137,-53,84,-137,-53,600546
1739442960,1.04365,1.0438,1.0436,1.0438,281,372,0,281,0,281,281,0,281,600546
1739443140,1.0438,1.0438,1.0435,1.04355,544,387.4,0,0,-282,-162,191,-353,-162,600546
1739443320,1.0435,1.04355,1.0434,1.0435,264,385.1,0,50,-68,28,146,-118,28,600546
1739443500,1.04345,1.0436,1.0434,1.04345,181,362.9,0,7,-79,-79,51,-130,-79,600546
1739443680,1.04345,1.04345,1.04305,1.04315,360,357.5,0,0,-227,-94,133,-227,-94,600546
1739443860,1.04315,1.0432,1.0428,1.04285,325,357.95,0,0,-325,-325,0,-325,-325,600546
1739444040,1.04285,1.0431,1.0428,1.0431,443,322.7,0,443,0,443,443,0,443,600546
1739444220,1.04315,1.04325,1.043,1.04305,577,332.05,0,151,-275,-275,151,-426,-275,600546
1739444400,1.04305,1.04335,1.04305,1.04335,373,337.1,0,233,0,233,303,-70,233,600546
1739444580,1.04335,1.04375,1.04335,1.0436,379,327.2,0,326,0,273,326,-53,273,600546
1739444760,1.0436,1.0439,1.04345,1.0439,445,320.3,0,363,-41,363,404,-41,363,600546
1739444940,1.0439,1.0442,1.0439,1.04405,418,317.7,0,337,0,256,337,-81,256,600546
1739445120,1.044,1.04405,1.0438,1.04395,277,317.35,0,86,-79,-53,112,-165,-53,600546
1739445300,1.0439,1.04395,1.04365,1.0437,264,318.45,0,0,-138,-138,63,-201,-138,600546
1739445480,1.04375,1.04375,1.0436,1.04365,180,317.15,0,0,-180,-180,0,-180,-180,600546
1739445660,1.04365,1.04375,1.04355,1.04375,106,311.7,0,20,-57,-48,29,-77,-48,600546
1739445840,1.0437,1.04375,1.0435,1.0435,115,306.05,0,22,-71,-71,22,-93,-71,600546
1739446020,1.0435,1.04355,1.0434,1.0434,132,303.35,0,41,-50,-50,41,-91,-50,600546
1739446200,1.0434,1.0435,1.0433,1.0434,127,300.6,0,0,-63,-63,32,-95,-63,600546
1739446380,1.04335,1.04345,1.0433,1.04345,191,299.1,0,109,0,109,150,-41,109,600546
1739446560,1.0435,1.04355,1.04345,1.04345,90,289.55,0,44,-2,-2,44,-46,-2,600546
1739446740,1.0435,1.04355,1.0434,1.04345,126,268.65,0,15,-96,-96,15,-111,-96,600546
1739446920,1.0434,1.0435,1.04335,1.04345,67,258.8,0,1,-33,1,34,-33,1,600546
1739447100,1.0434,1.04345,1.04165,1.04185,4937,496.6,0,0,-4937,-4937,0,-4937,-4937,600546
1739447280,1.0418,1.04195,1.04095,1.041,3480,652.6,0,0,-1734,-1578,951,-2529,-1578,600546
1739447460,1.04105,1.0416,1.0407,1.04145,1966,734.65,0,198,-884,198,1082,-884,198,600546
1739447640,1.0415,1.0417,1.0412,1.04165,1157,770.35,0,413,-372,413,785,-372,413,600546
1739447820,1.04165,1.04185,1.0414,1.04175,1101,796.55,0,176,-322,-105,498,-603,-105,600546
1739448000,1.0417,1.04175,1.04115,1.0412,1118,833.8,0,0,-1118,-1118,0,-1118,-1118,600546
1739448180,1.0412,1.0412,1.04095,1.04095,757,852.7,0,0,-757,-757,0,-757,-757,600546
1739448360,1.04095,1.04095,1.0406,1.04065,1294,895.15,0,0,-1294,-1294,0,-1294,-1294,600546
1739448540,1.04065,1.0408,1.04025,1.0407,1152,931.85,0,376,-388,376,764,-388,376,600546
1739448720,1.04075,1.0408,1.04025,1.04025,732,954.6,0,0,-732,-732,0,-732,-732,600546
1739448900,1.0402,1.0402,1.04,1.04015,680,975.4,0,0,-501,-322,179,-501,-322,600546
1739449080,1.04015,1.04085,1.04005,1.04075,591,995.95,0,171,-210,171,381,-210,171,600546
1739449260,1.04075,1.0409,1.04055,1.0407,730,1027.15,0,333,-64,-64,333,-397,-64,600546
1739449440,1.0407,1.04105,1.0406,1.041,553,1049.05,0,303,-125,303,428,-125,303,600546
1739449620,1.0409,1.04095,1.04075,1.0409,305,1057.7,0,3,-151,3,154,-151,3,600546
1739449800,1.04095,1.04115,1.04085,1.0409,851,1093.9,0,620,0,389,620,-231,389,600546
1739449980,1.0409,1.0409,1.04065,1.04085,345,1101.6,0,0,-230,-115,115,-230,-115,600546
1739450160,1.04085,1.04095,1.0407,1.04095,261,1110.15,0,99,-81,99,180,-81,99,600546
1739450340,1.04095,1.04105,1.04075,1.041,444,1126.05,0,444,0,444,444,0,444,600546
1739450520,1.04095,1.0414,1.04095,1.0414,413,1143.35,0,413,0,413,413,0,413,600546
1739450700,1.04135,1.0414,1.0411,1.04115,622,927.6,0,0,-456,-456,83,-539,-456,600546
1739450880,1.04115,1.0415,1.04095,1.0412,583,782.75,0,0,-347,-347,118,-465,-347,600546
1739451060,1.04125,1.04145,1.04105,1.04105,410,704.95,0,117,-176,-176,117,-293,-176,600546
1739451240,1.04105,1.04105,1.04045,1.0405,741,684.15,0,0,-741,-741,0,-741,-741,600546
1739451420,1.0405,1.04075,1.04035,1.0404,1586,708.4,0,0,-1058,-530,528,-1058,-530,600546
1739451600,1.04045,1.0405,1.04005,1.04035,1469,725.95,0,0,-1202,-935,267,-1202,-935,600546
1739451780,1.04035,1.0406,1.0403,1.04055,235,699.85,0,177,0,119,177,-58,119,600546
1739451960,1.04055,1.0407,1.04035,1.0406,376,653.95,0,93,-63,64,220,-156,64,600546
1739452140,1.0406,1.04075,1.04035,1.04075,441,618.4,0,37,-202,37,239,-202,37,600546
1739452320,1.0407,1.0408,1.04045,1.0406,449,604.25,0,75,-156,-13,218,-231,-13,600546
1739452500,1.04065,1.04085,1.04055,1.0408,440,592.25,0,440,0,440,440,0,440,600546
1739452680,1.0408,1.04085,1.0404,1.0404,515,588.45,0,136,-243,-243,136,-379,-243,600546
1739452860,1.04045,1.0405,1.04035,1.04035,308,567.35,0,110,-88,-88,110,-198,-88,600546
1739453040,1.0404,1.0404,1.04015,1.04015,317,555.55,0,0,-317,-317,0,-317,-317,600546
1739453220,1.0401,1.0402,1.03985,1.0402,746,577.6,0,0,-452,-158,294,-452,-158,600546
1739453400,1.0402,1.04145,1.03895,1.04015,4204,745.25,0,0,-2480,-756,1724,-2480,-756,600546
1739453580,1.0401,1.0413,1.0401,1.0412,3624,909.2,0,3624,0,3624,3624,0,3624,600546
1739453760,1.04125,1.04205,1.04095,1.0419,3573,1074.8,0,2567,-503,2567,3070,-503,2567,600546
1739453940,1.04195,1.04215,1.0412,1.04125,1967,1150.95,0,1011,0,55,1011,-956,55,600546
1739454120,1.04125,1.0419,1.0412,1.0414,831,1171.85,0,269,-293,-293,269,-562,-293,600546
1739454300,1.04135,1.0415,1.04075,1.04105,762,1178.85,0,0,-618,-474,144,-618,-474,600546
1739454480,1.041,1.0413,1.0403,1.0407,1982,1248.8,0,914,-154,-154,914,-1068,-154,600546
1739454660,1.0407,1.0408,1.04035,1.0406,721,1264.35,0,0,-554,-387,167,-554,-387,600546
1739454840,1.04065,1.04075,1.04045,1.04055,577,1256.15,0,127,-225,127,352,-225,127,600546
1739455020,1.0406,1.04095,1.04055,1.0407,685,1211.1,0,236,-213,-213,236,-449,-213,600546
1739455200,1.0407,1.0407,1.0403,1.0404,650,1170.15,0,0,-369,-88,281,-369,-88,600546
1739455380,1.0404,1.0406,1.04005,1.0401,1351,1225.95,0,226,-899,-899,226,-1125,-899,600546
1739455560,1.0401,1.0403,1.03995,1.04025,734,1243.85,0,78,-328,78,406,-328,78,600546
1739455740,1.0402,1.0406,1.0396,1.0405,2037,1323.65,0,1710,0,1383,1710,-327,1383,600546
1739455920,1.0405,1.04065,1.04,1.04025,878,1345.1,0,0,-649,-420,229,-649,-420,600546
1739456100,1.04025,1.0405,1.0401,1.04035,516,1348.9,0,289,0,62,289,-227,62,600546
1739456280,1.0403,1.0408,1.0403,1.04065,591,1352.7,0,284,-23,-23,284,-307,-23,600546
1739456460,1.04065,1.0409,1.04025,1.0403,565,1365.55,0,0,-565,-565,0,-565,-565,600546
1739456640,1.0403,1.0406,1.04005,1.0401,429,1371.15,0,128,-173,-173,128,-301,-173,600546
1739456820,1.04015,1.04015,1.03975,1.03995,400,1353.85,0,0,-325,-250,75,-325,-250,600546
1739457000,1.03995,1.0401,1.0398,1.04,512,1169.25,0,38,-237,38,275,-237,38,600546
1739457180,1.04,1.0403,1.03995,1.0403,635,1019.8,0,176,-66,151,393,-242,151,600546
1739457360,1.0403,1.0404,1.04005,1.0401,414,861.85,0,143,-128,-128,143,-271,-128,600546
1739457540,1.0401,1.04025,1.04,1.0402,727,799.85,0,3,-362,3,365,-362,3,600546
1739457720,1.0402,1.04065,1.0401,1.04045,1062,811.4,0,863,0,664,863,-199,664,600546
1739457900,1.04045,1.041,1.04025,1.04095,1023,824.45,0,355,-334,355,689,-334,355,600546
1739458080,1.04095,1.0416,1.04095,1.0414,950,772.85,0,950,0,950,950,0,950,600546
1739458260,1.0414,1.0416,1.04125,1.0413,779,775.75,0,580,0,381,580,-199,381,600546
1739458440,1.0413,1.04155,1.0413,1.0413,514,772.6,0,162,-190,-190,162,-352,-190,600546
1739458620,1.04135,1.04145,1.04115,1.0414,444,760.55,0,168,-138,168,306,-138,168,600546
1739458800,1.04145,1.0432,1.04145,1.04215,4950,975.55,0,4950,0,4950,4950,0,4950,600546
1739458980,1.04215,1.04305,1.0419,1.0424,5331,1174.55,0,5331,0,5331,5331,0,5331,600546
1739459160,1.04245,1.0425,1.04165,1.04185,3016,1288.65,0,0,-3016,-3016,0,-3016,-3016,600546
1739459340,1.0419,1.04345,1.04165,1.04345,5175,1445.55,0,5175,0,5175,5175,0,5175,600546
1739459520,1.04345,1.0443,1.04275,1.0438,6663,1734.8,0,837,-2913,837,3750,-2913,837,600546
1739459700,1.04385,1.0453,1.04385,1.04505,4674,1942.7,0,4674,0,4674,4674,0,4674,600546
1739459880,1.045,1.04525,1.04405,1.0443,2456,2035.95,0,0,-1137,-1040,708,-1748,-1040,600546
1739460060,1.0443,1.04465,1.0439,1.04405,1317,2073.55,0,0,-587,-587,365,-952,-587,600546
1739460240,1.04405,1.0443,1.0438,1.04395,1465,2125.35,0,0,-1465,-1465,0,-1465,-1465,600546
1739460420,1.044,1.0445,1.04385,1.0439,2532,2231.95,0,578,-1376,-1376,578,-1954,-1376,600546
1739460600,1.04395,1.0443,1.0435,1.0443,1466,2279.65,0,170,-648,170,818,-648,170,600546
1739460780,1.0443,1.04445,1.04395,1.04395,878,2291.8,0,0,-878,-878,0,-878,-878,600546
1739460960,1.04395,1.04465,1.04385,1.0445,1284,2335.3,0,1284,0,1284,1284,0,1284,600546
1739461140,1.04455,1.04485,1.04415,1.04425,898,2343.85,0,335,-228,-228,335,-563,-228,600546
1739461320,1.04425,1.04455,1.0439,1.044,968,2339.15,0,57,-406,-406,281,-687,-406,600546
1739461500,1.04395,1.0446,1.04385,1.04455,938,2334.9,0,938,0,938,938,0,938,600546
1739461680,1.04455,1.045,1.04455,1.04475,671,2320.95,0,203,-265,-265,203,-468,-265,600546
1739461860,1.04465,1.04485,1.0444,1.04445,866,2325.3,0,95,-262,-262,302,-564,-262,600546
1739462040,1.04445,1.04515,1.0444,1.045,1182,2358.7,0,880,0,578,880,-302,578,600546
1739462220,1.04495,1.045,1.0447,1.0448,1408,2406.9,0,0,-490,-490,459,-949,-490,600546
1739462400,1.04475,1.0451,1.04455,1.0451,2200,2269.4,0,572,-814,572,1386,-814,572,600546
1739462580,1.0451,1.0454,1.04505,1.0452,942,2049.95,0,766,0,590,766,-176,590,600546
1739462760,1.04525,1.04535,1.04515,1.0452,777,1938,0,472,0,167,472,-305,167,600546
1739462940,1.0452,1.0456,1.0448,1.04505,1370,1747.75,0,310,-460,-170,600,-770,-170,600546
1739463120,1.04505,1.0456,1.04505,1.0455,1024,1465.8,0,444,0,418,721,-303,418,600546
1739463300,1.04555,1.0458,1.04535,1.0456,892,1276.7,0,348,-43,110,501,-391,110,600546
1739463480,1.0456,1.0457,1.04545,1.04555,414,1174.6,0,220,0,220,317,-97,220,600546
1739463660,1.04555,1.04595,1.04555,1.04575,973,1157.4,0,517,0,61,517,-456,61,600546
1739463840,1.04575,1.046,1.04565,1.0457,734,1120.85,0,176,-382,-382,176,-558,-382,600546
1739464020,1.0457,1.04585,1.0456,1.0457,506,1019.55,0,324,0,324,415,-91,324,600546
1739464200,1.0457,1.04575,1.04505,1.04505,1117,1002.1,0,0,-1117,-1117,0,-1117,-1117,600546
1739464380,1.04515,1.04525,1.0449,1.04495,914,1003.9,0,188,-538,-538,188,-726,-538,600546
1739464560,1.04495,1.04495,1.04435,1.0444,863,982.85,0,0,-863,-863,0,-863,-863,600546
1739464740,1.0444,1.0445,1.04425,1.04425,656,970.75,0,552,0,448,552,-104,448,600546
1739464920,1.04425,1.04445,1.0439,1.0441,897,967.2,0,185,-527,-527,185,-712,-527,600546
1739465100,1.0441,1.0442,1.0439,1.04405,526,946.6,0,0,-273,-20,253,-273,-20,600546
1739465280,1.044,1.0442,1.04385,1.04405,591,942.6,0,219,0,219,405,-186,219,600546
1739465460,1.0441,1.04435,1.0441,1.04415,579,928.25,0,496,0,413,496,-83,413,600546
1739465640,1.04415,1.0443,1.04405,1.0442,267,882.5,0,139,0,121,194,-73,121,600546
1739465820,1.04425,1.04435,1.04415,1.0442,267,825.45,0,109,-49,-49,109,-158,-49,600546
1739466000,1.04415,1.0443,1.0441,1.0441,301,730.5,0,0,-187,-187,57,-244,-187,600546
1739466180,1.0441,1.0444,1.04405,1.0444,323,699.55,0,117,-103,117,220,-103,117,600546
1739466360,1.0444,1.04445,1.0443,1.04445,187,670.05,0,73,-57,73,130,-57,73,600546
1739466540,1.0444,1.04465,1.0444,1.0446,305,616.8,0,159,0,13,159,-146,13,600546
1739466720,1.0446,1.0448,1.0445,1.0446,291,580.15,0,126,-39,-39,126,-165,-39,600546
1739466900,1.04455,1.04475,1.04455,1.04455,488,559.95,0,372,0,256,372,-116,256,600546
1739467080,1.04455,1.0446,1.0445,1.04455,219,550.2,0,86,0,75,147,-72,75,600546
1739467260,1.0446,1.04485,1.0446,1.0448,289,516,0,289,0,289,289,0,289,600546
1739467440,1.0448,1.04495,1.04475,1.04495,405,499.55,0,405,0,405,405,0,405,600546
1739467620,1.04495,1.04525,1.04495,1.045,1158,532.15,0,790,0,422,790,-368,422,600546
1739467800,1.045,1.0452,1.0449,1.04515,787,515.65,0,787,0,787,787,0,787,600546
1739467980,1.0452,1.0454,1.0451,1.0451,814,510.65,0,356,-102,-102,356,-458,-102,600546
1739468160,1.0451,1.04525,1.045,1.04515,221,478.55,0,177,0,133,177,-44,133,600546
1739468340,1.0451,1.0452,1.0447,1.0447,445,468,0,0,-445,-445,0,-445,-445,600546
1739468520,1.04475,1.04475,1.04455,1.0446,244,435.35,0,0,-244,-244,0,-244,-244,600546
1739468700,1.0446,1.0447,1.04455,1.0447,302,424.15,0,302,0,302,302,0,302,600546
1739468880,1.0447,1.0448,1.04465,1.04475,218,405.5,0,114,0,114,166,-52,114,600546
1739469060,1.04475,1.04475,1.0444,1.0444,343,393.7,0,0,-343,-343,0,-343,-343,600546
1739469240,1.04435,1.04445,1.0442,1.04435,367,398.7,0,0,-212,-57,155,-212,-57,600546
1739469420,1.0443,1.0443,1.04395,1.044,865,428.6,0,0,-865,-865,0,-865,-865,600546
1739469600,1.04405,1.0442,1.04375,1.0441,502,438.65,0,0,-320,-296,103,-399,-296,600546
1739469780,1.04405,1.04405,1.04355,1.0436,310,438,0,0,-310,-310,0,-310,-310,600546
1739469960,1.04355,1.0439,1.04345,1.04375,185,437.9,0,56,-52,31,108,-77,31,600546
1739470140,1.04375,1.04375,1.0434,1.04365,72,426.25,0,17,-30,-30,21,-51,-30,600546
1739470320,1.0436,1.044,1.0436,1.04395,612,442.3,0,612,0,612,612,0,612,600546
1739470500,1.0439,1.044,1.0438,1.0439,104,423.1,0,0,-72,-40,32,-72,-40,600546
1739470680,1.04385,1.04405,1.04305,1.0437,2648,544.55,0,12,-2153,-1682,483,-2165,-1682,600546
1739470860,1.04365,1.044,1.04365,1.0439,618,561,0,618,0,618,618,0,618,600546
1739471040,1.0439,1.04425,1.04385,1.0441,725,577,0,725,0,725,725,0,725,600546
1739471220,1.04405,1.0442,1.044,1.04405,132,525.7,0,0,-100,-100,16,-116,-100,600546
1739471400,1.04405,1.04425,1.04395,1.044,230,497.85,0,194,0,158,194,-36,158,600546
1739471580,1.044,1.04425,1.044,1.0442,178,466.05,0,178,0,178,178,0,178,600546
1739471760,1.04425,1.04465,1.044,1.0445,1319,520.95,0,1319,0,1319,1319,0,1319,600546
1739471940,1.0445,1.04475,1.04035,1.0408,13890,1193.2,0,58,-13774,-13774,58,-13832,-13774,600546
1739472120,1.04085,1.04185,1.03875,1.04175,12492,1805.6,0,28,-6232,28,6260,-6232,28,600546
1739472300,1.0417,1.04315,1.0412,1.0425,4174,1999.2,0,860,-1657,860,2517,-1657,860,600546
1739472480,1.0425,1.0433,1.0422,1.04235,2057,2091.15,0,567,-923,-923,567,-1490,-923,600546
1739472660,1.04235,1.04265,1.0404,1.0415,8364,2492.2,0,0,-5597,-2830,2767,-5597,-2830,600546
1739472840,1.04155,1.04245,1.04155,1.04215,2134,2580.55,0,1011,0,380,1257,-877,380,600546
1739473020,1.0421,1.04285,1.04205,1.0424,1304,2602.5,0,971,0,638,971,-333,638,600546
1739473200,1.0424,1.0431,1.04225,1.0428,1101,2632.45,0,828,0,555,828,-273,555,600546
1739473380,1.0428,1.0438,1.0426,1.04375,1108,2672.35,0,1108,0,1108,1108,0,1108,600546
1739473560,1.0438,1.0448,1.04365,1.0446,1853,2755.75,0,1853,0,1853,1853,0,1853,600546
1739473740,1.04465,1.0447,1.0441,1.0445,1087,2806.5,0,0,-809,-531,278,-809,-531,600546
1739473920,1.04455,1.04465,1.0442,1.04445,1626,2857.2,0,0,-1141,-656,485,-1141,-656,600546
1739474100,1.04445,1.0455,1.0444,1.045,1684,2936.2,0,975,0,266,975,-709,266,600546
1739474280,1.045,1.0454,1.04485,1.0452,864,2847,0,236,-314,236,550,-314,236,600546
1739474460,1.0452,1.0453,1.04465,1.0449,1323,2882.25,0,0,-840,-357,483,-840,-357,600546
1739474640,1.04485,1.045,1.0446,1.04485,1465,2919.25,0,0,-976,-487,489,-976,-487,600546
1739474820,1.0449,1.04555,1.04485,1.0454,1174,2971.35,0,1174,0,1174,1174,0,1174,600546
1739475000,1.0454,1.04565,1.0453,1.0454,1310,3025.35,0,888,0,466,888,-422,466,600546
1739475180,1.0454,1.0456,1.0453,1.04535,916,3062.25,0,472,0,28,472,-444,28,600546
1739475360,1.0454,1.0458,1.04535,1.04565,547,3023.65,0,193,-177,193,370,-177,193,600546
1739475540,1.04565,1.0457,1.04525,1.04525,898,2374.05,0,150,-598,-598,150,-748,-598,600546
1739475720,1.04525,1.04525,1.04485,1.0449,497,1774.3,0,0,-497,-497,0,-497,-497,600546
1739475900,1.0449,1.0449,1.0445,1.04475,441,1587.65,0,0,-333,-225,108,-333,-225,600546
1739476080,1.04475,1.04515,1.0447,1.04515,160,1492.8,0,160,0,160,160,0,160,600546
1739476260,1.0452,1.04545,1.04505,1.04525,424,1095.8,0,161,-102,-102,161,-263,-102,600546
1739476440,1.04525,1.04555,1.0452,1.04535,649,1021.55,0,292,-65,-65,292,-357,-65,600546
1739476620,1.04535,1.0454,1.04505,1.0452,1078,1010.25,0,392,-343,392,735,-343,392,600546
1739476800,1.0452,1.0452,1.045,1.0451,624,986.4,0,0,-537,-450,87,-537,-450,600546
1739476980,1.0451,1.0455,1.0451,1.04545,297,945.85,0,209,0,121,209,-88,121,600546
1739477160,1.04545,1.04565,1.0454,1.04555,331,869.75,0,237,0,143,237,-94,143,600546
1739477340,1.0456,1.04575,1.04545,1.0457,105,820.65,0,41,-32,41,73,-32,41,600546
1739477520,1.04575,1.04615,1.0457,1.04615,726,775.65,0,726,0,726,726,0,726,600546
1739477700,1.0461,1.04675,1.04605,1.0467,1191,751,0,1191,0,1191,1191,0,1191,600546
1739477880,1.04665,1.0472,1.04655,1.0472,1394,777.5,0,1394,0,1394,1394,0,1394,600546
1739478060,1.04715,1.04725,1.0471,1.0472,390,730.85,0,0,-180,-180,105,-285,-180,600546
1739478240,1.04725,1.0475,1.047,1.04705,829,699.05,0,285,-259,-259,285,-544,-259,600546
1739478420,1.04705,1.0473,1.047,1.0472,503,665.5,0,503,0,503,503,0,503,600546
1739478600,1.0472,1.04765,1.04715,1.0474,656,632.8,0,464,0,272,464,-192,272,600546
1739478780,1.0474,1.0474,1.047,1.0471,347,604.35,0,0,-347,-347,0,-347,-347,600546
1739478960,1.04715,1.0474,1.0471,1.0472,280,591,0,174,0,174,227,-53,174,600546
1739479140,1.0472,1.0474,1.04715,1.04725,258,559,0,79,-100,-100,79,-179,-100,600546
1739479320,1.04725,1.0473,1.047,1.047,266,547.45,0,0,-266,-266,0,-266,-266,600546
1739479500,1.0471,1.04725,1.047,1.04715,181,534.45,0,35,-111,-111,35,-146,-111,600546
1739479680,1.0471,1.0476,1.0471,1.0475,412,547.05,0,412,0,412,412,0,412,600546
1739479860,1.04755,1.0479,1.0475,1.0479,940,572.85,0,940,0,940,940,0,940,600546
1739480040,1.0479,1.04805,1.0477,1.0477,1321,606.45,0,1044,0,767,1044,-277,767,600546
1739480220,1.04775,1.0478,1.04755,1.0476,390,572.05,0,171,-48,-48,171,-219,-48,600546
1739480400,1.04765,1.04775,1.0475,1.0475,342,557.95,0,221,0,100,221,-121,100,600546
1739480580,1.0475,1.04755,1.0473,1.04735,206,553.4,0,71,-64,-64,71,-135,-64,600546
1739480760,1.0474,1.04745,1.04715,1.04735,329,553.3,0,0,-174,-19,155,-174,-19,600546
1739480940,1.0474,1.04745,1.04735,1.0474,127,554.4,0,85,0,85,106,-21,85,600546
1739481120,1.0474,1.04745,1.0473,1.0474,142,525.2,0,0,-75,-8,67,-75,-8,600546
1739481300,1.0474,1.04755,1.0474,1.04745,132,472.25,0,108,0,84,108,-24,84,600546
1739481480,1.04745,1.0476,1.0474,1.04755,102,407.65,0,56,-23,56,79,-23,56,600546
1739481660,1.0475,1.0475,1.04745,1.0475,50,390.65,0,0,-27,-4,23,-27,-4,600546
1739481840,1.0475,1.0475,1.0474,1.04745,145,356.45,0,67,-11,-11,67,-78,-11,600546
1739482020,1.0474,1.0476,1.0474,1.04745,172,339.9,0,60,-52,-52,60,-112,-52,600546
1739482200,1.0474,1.0477,1.0474,1.04745,213,317.75,0,126,0,39,126,-87,39,600546
1739482380,1.0475,1.0477,1.04745,1.04765,120,306.4,0,120,0,120,120,0,120,600546
1739482560,1.0477,1.04775,1.0476,1.04765,126,298.7,0,33,-46,-46,40,-86,-46,600546
1739482740,1.0477,1.04775,1.04765,1.04775,158,293.7,0,158,0,158,158,0,158,600546
1739482920,1.04775,1.04785,1.04775,1.04785,105,285.65,0,105,0,105,105,0,105,600546
1739483100,1.0478,1.0479,1.04775,1.0478,146,283.9,0,68,-10,-10,68,-78,-10,600546
1739483280,1.04785,1.0481,1.04785,1.048,80,267.3,0,80,0,80,80,0,80,600546
1739483460,1.048,1.04835,1.04785,1.04785,635,252.05,0,318,0,1,318,-317,1,600546
1739483640,1.04785,1.0481,1.04785,1.0481,142,193.1,0,86,0,86,114,-28,86,600546
1739483820,1.0481,1.04815,1.04785,1.0479,191,183.15,0,83,-25,-25,83,-108,-25,606791
1739487600,1.04805,1.04815,1.04795,1.04795,315,181.8,0,188,0,61,188,-127,61,606791
1739487780,1.048,1.04805,1.0478,1.0478,93,176.15,0,47,0,1,47,-46,1,606791
1739487960,1.04785,1.0479,1.0478,1.0478,89,164.15,0,0,-61,-61,14,-75,-61,606791
1739488140,1.0478,1.04795,1.0478,1.0479,98,162.7,0,62,0,62,80,-18,62,606791
1739488320,1.0479,1.04815,1.0478,1.04815,190,165.1,0,190,0,190,190,0,190,606791
1739488500,1.0481,1.0482,1.04805,1.0481,115,164.25,0,45,-25,-25,45,-70,-25,606791
1739488680,1.0481,1.0481,1.048,1.048,38,161.05,0,0,-38,-38,0,-38,-38,606791
1739488860,1.04805,1.04805,1.0479,1.04795,99,163.5,0,0,-98,-97,1,-98,-97,606791
1739489040,1.04795,1.048,1.04795,1.048,35,158,0,27,0,27,31,-4,27,606791
1739489220,1.04805,1.0481,1.0477,1.0478,260,162.4,0,0,-248,-236,12,-248,-236,606791
1739489400,1.04785,1.0479,1.04775,1.04775,68,155.15,0,0,-68,-68,0,-68,-68,606791
1739489580,1.04765,1.04765,1.0474,1.0474,105,154.4,0,0,-105,-105,0,-105,-105,606791
1739489760,1.0474,1.0475,1.04735,1.0474,123,154.25,0,0,-123,-123,0,-123,-123,606791
1739489940,1.04735,1.0474,1.04705,1.0474,336,163.15,0,0,-202,-68,134,-202,-68,606791
1739490120,1.0474,1.0476,1.0474,1.0476,135,164.65,0,71,0,23,79,-56,23,606791
1739490300,1.04765,1.0477,1.04745,1.0475,74,161.05,0,40,0,6,40,-34,6,606791
1739490480,1.0476,1.0476,1.0475,1.0476,57,159.9,0,5,-22,5,31,-26,5,606791
1739490660,1.04755,1.04755,1.0473,1.04745,103,133.3,0,0,-78,-53,25,-78,-53,606791
1739490840,1.04745,1.04755,1.04745,1.04755,29,127.65,0,29,0,29,29,0,29,606791
1739491020,1.0475,1.0476,1.0475,1.0476,65,121.35,0,65,0,65,65,0,65,606791
1739491200,1.04765,1.04775,1.04755,1.0476,132,112.2,0,0,-122,-112,10,-122,-112,606791
1739491380,1.0476,1.0476,1.04725,1.04725,48,109.95,0,0,-48,-48,0,-48,-48,606791
1739491560,1.04725,1.0474,1.04725,1.0474,45,107.75,0,7,-19,7,26,-19,7,606791
1739491740,1.04745,1.0475,1.0473,1.04735,52,105.45,0,19,-14,-14,19,-33,-14,606791
1739491920,1.04735,1.0474,1.0473,1.04735,56,98.75,0,0,-31,-6,25,-31,-6,606791
1739492100,1.04735,1.04745,1.0473,1.04745,62,96.1,0,62,0,62,62,0,62,606791
1739492280,1.04755,1.048,1.04755,1.04795,311,109.75,0,311,0,311,311,0,311,606791
1739492460,1.048,1.04815,1.04795,1.04795,142,111.9,0,74,0,6,74,-68,6,606791
1739492640,1.04795,1.04805,1.04795,1.048,61,113.2,0,39,0,17,39,-22,17,606791
1739492820,1.048,1.0481,1.0479,1.04795,122,106.3,0,30,-37,12,67,-55,12,606791
1739493000,1.0479,1.0479,1.04765,1.0477,68,106.3,0,0,-36,-28,20,-48,-28,606791
1739493180,1.0477,1.04775,1.0477,1.04775,17,101.9,0,17,0,17,17,0,17,606791
1739493360,1.0477,1.0478,1.0477,1.0478,36,97.55,0,28,-4,28,32,-4,28,606791
1739493540,1.04775,1.04775,1.04765,1.0477,50,83.25,0,0,-50,-50,0,-50,-50,606791
1739493720,1.04765,1.0478,1.04765,1.0478,49,78.95,0,31,-9,31,40,-9,31,606791
1739493900,1.0479,1.04795,1.04765,1.04765,88,79.65,0,0,-88,-88,0,-88,-88,606791
1739494080,1.04765,1.0477,1.04745,1.04745,95,81.55,0,19,-57,-57,19,-76,-57,606791
1739494260,1.0475,1.0476,1.04745,1.04755,76,80.2,0,30,0,16,46,-30,16,606791
1739494440,1.0475,1.04765,1.04735,1.0474,327,95.1,0,79,-110,-51,138,-189,-51,606791
1739494620,1.04745,1.04755,1.0474,1.04755,78,95.75,0,78,0,78,78,0,78,606791
1739494800,1.04755,1.04765,1.04745,1.04745,187,98.5,0,0,-187,-187,0,-187,-187,606791
1739494980,1.04745,1.04765,1.04745,1.04765,159,104.05,0,19,-70,19,89,-70,19,606791
1739495160,1.04765,1.0477,1.04765,1.04765,53,104.45,0,31,0,9,31,-22,9,606791
1739495340,1.04765,1.04765,1.0475,1.0476,41,103.9,0,0,-31,-21,10,-31,-21,606791
1739495520,1.0474,1.04745,1.04735,1.04735,126,107.4,0,0,-126,-126,0,-126,-126,606791
1739495700,1.0474,1.04755,1.04735,1.04745,194,114,0,50,-94,-94,50,-144,-94,606791
1739495880,1.04745,1.0478,1.04745,1.0478,67,101.8,0,67,0,67,67,0,67,606791
1739496060,1.04785,1.0482,1.04785,1.04795,139,101.65,0,95,0,51,95,-44,51,606791
1739496240,1.04795,1.048,1.04785,1.04785,112,104.2,0,0,-112,-112,0,-112,-112,606791
1739496420,1.0479,1.0479,1.04775,1.04775,73,101.75,0,0,-73,-73,0,-73,-73,606791
1739496600,1.04775,1.04785,1.0476,1.04785,108,103.75,0,30,-39,30,69,-39,30,606791
1739496780,1.04785,1.04785,1.04765,1.04775,87,107.25,0,19,-34,19,53,-34,19,606791
1739496960,1.0477,1.0479,1.0476,1.0479,87,109.8,0,19,-34,19,53,-34,19,606791
1739497140,1.0479,1.04795,1.04775,1.04775,56,110.1,0,19,-18,-18,19,-37,-18,606791
1739497320,1.0478,1.04785,1.0477,1.04775,104,112.85,0,4,-41,-14,45,-59,-14,606791
1739497500,1.0477,1.04785,1.04765,1.0477,147,115.8,0,30,-31,-25,61,-86,-25,606791
1739497680,1.0477,1.04775,1.0475,1.04755,164,119.25,0,0,-164,-164,0,-164,-164,606791
1739497860,1.04755,1.0476,1.04745,1.04745,180,124.45,0,0,-180,-180,0,-180,-180,606791
1739498040,1.0475,1.0477,1.0475,1.04755,111,113.65,0,68,0,25,68,-43,25,606791
1739498220,1.0475,1.0475,1.0473,1.0474,665,143,0,267,-199,267,466,-199,267,606791
1739498400,1.04735,1.04745,1.04725,1.0474,135,140.4,0,0,-115,-115,10,-125,-115,606791
1739498580,1.0474,1.0474,1.04725,1.04735,96,137.25,0,0,-96,-96,0,-96,-96,606791
1739498760,1.0474,1.0474,1.04725,1.04735,129,141.05,0,79,-25,79,104,-25,79,606791
1739498940,1.0473,1.04745,1.04725,1.04735,27,140.35,0,20,0,13,20,-7,13,606791
1739499120,1.04735,1.04755,1.04735,1.0474,116,139.85,0,54,-8,-8,54,-62,-8,606791
1739499300,1.0474,1.04745,1.04725,1.0473,87,134.5,0,0,-87,-87,0,-87,-87,606791
1739499480,1.0473,1.04735,1.0473,1.0473,59,134.1,0,33,0,7,33,-26,7,606791
1739499660,1.04735,1.04735,1.04725,1.04725,99,132.1,0,79,0,59,79,-20,59,606791
1739499840,1.0473,1.04735,1.04715,1.04725,87,130.85,0,2,-70,-57,15,-72,-57,606791
1739500020,1.04725,1.04735,1.04715,1.0472,117,133.05,0,20,-55,-33,42,-75,-33,606791
1739500200,1.0472,1.0473,1.0471,1.0471,170,136.15,0,38,-44,-44,63,-107,-44,606791
1739500380,1.04715,1.04715,1.04705,1.04705,116,137.6,0,0,-116,-116,0,-116,-116,606791
1739500560,1.04705,1.04715,1.047,1.04705,54,135.95,0,21,-12,-12,21,-33,-12,606791
1739500740,1.047,1.04715,1.047,1.04715,60,136.15,0,60,0,60,60,0,60,606791
1739500920,1.0471,1.0471,1.047,1.0471,93,135.6,0,0,-85,-77,8,-85,-77,606791
1739501100,1.04705,1.0471,1.047,1.0471,75,132,0,0,-67,-59,8,-67,-59,606791
1739501280,1.0471,1.0471,1.04695,1.04695,62,126.9,0,0,-62,-62,0,-62,-62,606791
1739501460,1.04705,1.04725,1.04695,1.04725,81,121.95,0,21,-30,21,51,-30,21,606791
1739501640,1.04725,1.04735,1.0472,1.0473,81,120.45,0,81,0,81,81,0,81,606791
1739501820,1.0473,1.04735,1.04705,1.0471,86,91.5,0,0,-72,-58,14,-72,-58,606791
1739502000,1.0471,1.0471,1.047,1.047,6,85.05,0,2,-2,-2,2,-4,-2,606791
1739502180,1.04695,1.04705,1.04685,1.0469,101,85.3,0,32,-37,-37,32,-69,-37,606791
1739502360,1.04685,1.047,1.04685,1.04695,23,80,0,11,-1,-1,11,-12,-1,606791
1739502540,1.0469,1.047,1.04685,1.047,116,84.45,0,112,-2,112,114,-2,112,606791
1739502720,1.04705,1.04715,1.047,1.0471,31,80.2,0,11,-5,-1,15,-16,-1,606791
1739502900,1.0471,1.0471,1.047,1.04705,22,76.95,0,0,-13,-4,9,-13,-4,606791
1739503080,1.04705,1.04715,1.047,1.04715,31,75.55,0,0,-20,-9,11,-20,-9,606791
1739503260,1.0472,1.04735,1.0471,1.0473,125,76.85,0,81,0,61,93,-32,61,606791
1739503440,1.04725,1.04725,1.04715,1.04725,56,75.3,0,4,-26,4,30,-26,4,606791
1739503620,1.04725,1.04725,1.0472,1.0472,15,70.2,0,0,-15,-15,0,-15,-15,606791
1739503800,1.0472,1.0474,1.04715,1.0474,55,64.45,0,55,0,55,55,0,55,606791
1739503980,1.0474,1.0476,1.0474,1.04755,55,61.4,0,44,0,33,44,-11,33,606791
1739504160,1.04755,1.04765,1.0475,1.0476,62,61.8,0,1,-26,-8,27,-35,-8,606791
1739504340,1.0475,1.0475,1.04735,1.04735,67,62.15,0,0,-67,-67,0,-67,-67,606791
1739504520,1.0473,1.0473,1.0472,1.0472,36,59.3,0,0,-36,-36,0,-36,-36,606791
1739504700,1.0472,1.0472,1.0472,1.0472,6,55.85,0,0,-6,-6,0,-6,-6,606791
1739504880,1.04715,1.0473,1.04715,1.04725,23,53.9,0,21,0,19,21,-2,19,606791
1739505060,1.0473,1.04735,1.04725,1.04735,40,51.85,0,40,0,40,40,0,40,606791
1739505240,1.04735,1.0474,1.04735,1.0474,10,48.3,0,10,0,10,10,0,10,606791
1739505420,1.04735,1.0474,1.0473,1.04735,45,46.25,0,15,-15,15,30,-15,15,606791
1739505600,1.04735,1.0475,1.04735,1.04745,41,48,0,15,-11,-11,15,-26,-11,606791
1739505780,1.0475,1.04755,1.04745,1.04745,60,45.95,0,40,0,20,40,-20,20,606791
1739505960,1.0475,1.04755,1.04745,1.04755,51,47.35,0,51,0,51,51,0,51,606791
1739506140,1.0475,1.04775,1.0475,1.04765,76,45.35,0,54,0,32,54,-22,32,606791
1739506320,1.0477,1.0477,1.04765,1.0477,29,45.25,0,0,-16,-3,13,-16,-3,606791
1739506500,1.04765,1.0477,1.04765,1.0477,22,45.25,0,0,-16,-10,6,-16,-10,606791
1739506680,1.04775,1.04785,1.04775,1.0478,63,46.85,0,63,0,63,63,0,63,606791
1739506860,1.0478,1.0478,1.0477,1.0477,15,41.35,0,0,-15,-15,0,-15,-15,606791
1739507040,1.04775,1.04775,1.04755,1.04755,49,41,0,6,-37,-37,6,-43,-37,606791
1739507220,1.0475,1.04755,1.0474,1.0474,83,44.4,0,0,-83,-83,0,-83,-83,606791
1739507400,1.0474,1.04755,1.04725,1.0474,741,78.7,0,457,0,173,457,-284,173,606791
1739507580,1.0474,1.0476,1.0474,1.04745,498,100.85,0,342,0,186,342,-156,186,606791
1739507760,1.0474,1.0474,1.0473,1.04735,34,99.45,0,0,-28,-22,6,-28,-22,606791
1739507940,1.04735,1.04735,1.04715,1.0472,91,100.65,0,0,-65,-65,13,-78,-65,606791
1739508120,1.04715,1.0472,1.04705,1.0471,95,103.6,0,0,-95,-95,0,-95,-95,606791
1739508300,1.04715,1.0472,1.047,1.04715,108,108.7,0,0,-60,-12,48,-60,-12,606791
1739508480,1.0471,1.04715,1.04695,1.04695,49,110,0,0,-49,-49,0,-49,-49,606791
1739508660,1.047,1.0472,1.047,1.04715,21,109.05,0,19,0,17,19,-2,17,606791
1739508840,1.04715,1.04715,1.047,1.047,32,110.15,0,4,-8,-8,12,-20,-8,606791
1739509020,1.04705,1.04705,1.04695,1.04695,70,111.4,0,14,-42,-42,14,-56,-42,606791
1739509200,1.04695,1.04705,1.04695,1.047,66,112.65,0,0,-31,-28,19,-47,-28,606791
1739509380,1.04695,1.04695,1.0468,1.04695,40,111.65,0,0,-22,-4,18,-22,-4,606791
1739509560,1.0469,1.0469,1.04675,1.0468,132,115.7,0,0,-132,-132,0,-132,-132,606791
1739509740,1.04685,1.04685,1.0466,1.04665,739,148.85,0,0,-739,-739,0,-739,-739,606791
1739509920,1.04665,1.04665,1.0465,1.04655,373,166.05,0,0,-279,-279,47,-326,-279,606791
1739510100,1.04655,1.0466,1.0465,1.04655,201,175,0,57,-87,-87,57,-144,-87,606791
1739510280,1.04655,1.04675,1.04655,1.04675,106,177.15,0,0,-53,0,53,-53,0,606791
1739510460,1.04675,1.0468,1.04675,1.0468,34,178.1,0,34,0,34,34,0,34,606791
1739510640,1.04675,1.04675,1.0466,1.0466,100,180.65,0,0,-100,-100,0,-100,-100,606791
1739510820,1.0466,1.0466,1.0465,1.0465,110,182,0,0,-110,-110,0,-110,-110,606791
1739511000,1.04655,1.04655,1.0464,1.0465,216,155.75,0,44,-128,-128,44,-172,-128,606791
1739511180,1.0465,1.0465,1.04635,1.04635,129,137.3,0,0,-129,-129,0,-129,-129,606791
1739511360,1.04635,1.0464,1.04625,1.04625,173,144.25,0,0,-111,-111,31,-142,-111,606791
1739511540,1.04625,1.0465,1.04615,1.04645,145,146.95,0,3,-71,3,74,-71,3,606791
1739511720,1.0465,1.04655,1.04645,1.04655,168,150.6,0,168,0,168,168,0,168,606791
1739511900,1.0466,1.0466,1.0465,1.04655,79,149.15,0,0,-61,-43,18,-61,-43,606791
1739512080,1.04655,1.04665,1.0465,1.04665,52,149.3,0,40,0,40,46,-6,40,606791
1739512260,1.04665,1.0467,1.04665,1.0467,54,150.95,0,54,0,54,54,0,54,606791
1739512440,1.04665,1.0467,1.04655,1.04665,55,152.1,0,0,-29,-3,26,-29,-3,606791
1739512620,1.04665,1.04675,1.04665,1.04675,25,149.85,0,21,0,21,23,-2,21,606791
1739512800,1.04665,1.0469,1.04665,1.04685,106,151.85,0,106,0,106,106,0,106,606791
1739512980,1.0468,1.0469,1.04675,1.0469,60,152.85,0,38,-11,38,49,-11,38,606791
1739513160,1.04685,1.04695,1.04675,1.0469,60,149.25,0,20,-20,20,40,-20,20,606791
1739513340,1.0469,1.04695,1.0468,1.04685,229,123.75,0,25,-179,-179,25,-204,-179,606791
1739513520,1.04685,1.04695,1.0468,1.04695,215,115.85,0,97,-59,97,156,-59,97,606791
1739513700,1.04695,1.047,1.0469,1.047,131,112.35,0,131,0,131,131,0,131,606791
1739513880,1.047,1.0471,1.04695,1.04705,75,110.8,0,75,0,75,75,0,75,606791
1739514060,1.0471,1.0473,1.04705,1.04715,177,117.95,0,45,-87,-87,45,-132,-87,606791
1739514240,1.04715,1.04725,1.04715,1.0472,74,116.65,0,74,0,74,74,0,74,606791
1739514420,1.0472,1.0472,1.04695,1.04705,159,119.1,0,0,-103,-47,56,-103,-47,606791
1739514600,1.04705,1.04715,1.04705,1.0471,96,113.1,0,83,0,70,83,-13,70,606791
1739514780,1.04715,1.04715,1.04705,1.0471,75,110.4,0,0,-60,-45,15,-60,-45,606791
1739514960,1.0471,1.04735,1.0471,1.04735,107,107.1,0,107,0,107,107,0,107,606791
1739515140,1.04735,1.0474,1.0473,1.04735,139,106.8,0,63,-13,-13,63,-76,-13,606791
1739515320,1.04735,1.0474,1.04725,1.0474,122,104.5,0,0,-84,-46,38,-84,-46,606791
1739515500,1.04745,1.04755,1.0474,1.0475,178,109.45,0,94,-42,94,136,-42,94,606791
1739515680,1.04745,1.0475,1.0472,1.0472,228,118.25,0,0,-228,-228,0,-228,-228,606791
1739515860,1.04725,1.04735,1.04725,1.04735,92,120.15,0,72,0,72,82,-10,72,606791
1739516040,1.04735,1.04735,1.0472,1.0473,89,121.85,0,17,-36,17,53,-36,17,606791
1739516220,1.04735,1.0474,1.04725,1.0473,65,123.85,0,21,-23,-23,21,-44,-23,606791
1739516400,1.04725,1.0476,1.04725,1.0475,1095,173.3,0,1095,0,1095,1095,0,1095,606791
1739516580,1.04755,1.04805,1.04755,1.04805,527,196.65,0,527,0,527,527,0,527,606791
1739516760,1.04805,1.0483,1.0479,1.0483,429,215.1,0,205,-112,205,317,-112,205,606791
1739516940,1.04835,1.0484,1.04815,1.04835,242,215.75,0,0,-206,-170,36,-206,-170,606791
1739517120,1.04835,1.04865,1.04835,1.0485,659,237.95,0,406,0,317,488,-171,317,606791
1739517300,1.0485,1.04865,1.04845,1.0486,286,245.7,0,143,0,114,200,-86,114,606791
1739517480,1.0486,1.04865,1.04855,1.0486,192,251.55,0,117,0,42,117,-75,42,606791
1739517660,1.04855,1.0486,1.04835,1.04835,174,251.4,0,0,-174,-174,0,-174,-174,606791
1739517840,1.0484,1.04845,1.0482,1.0482,232,259.3,0,0,-232,-232,0,-232,-232,606791
1739518020,1.0482,1.0484,1.0482,1.04825,301,266.4,0,85,-131,-131,85,-216,-131,606791
1739518200,1.04825,1.04835,1.04795,1.04835,404,281.8,0,86,-159,86,245,-159,86,606791
1739518380,1.0483,1.0485,1.0482,1.04845,139,285,0,67,-13,67,103,-36,67,606791
1739518560,1.04845,1.0485,1.048,1.0481,341,296.7,0,0,-232,-123,109,-232,-123,606791
1739518740,1.0481,1.04815,1.04785,1.04785,368,308.15,0,0,-368,-368,0,-368,-368,606791
1739518920,1.04785,1.0481,1.04785,1.0479,273,315.7,0,166,0,59,166,-107,59,606791
1739519100,1.0479,1.0482,1.04785,1.0482,194,316.5,0,194,0,194,194,0,194,606791
1739519280,1.0482,1.0483,1.04805,1.04805,186,314.4,0,66,-54,-54,66,-120,-54,606791
1739519460,1.04805,1.04815,1.04795,1.048,166,318.1,0,46,-74,-74,46,-120,-74,606791
1739519640,1.04805,1.04805,1.04785,1.048,282,327.75,0,56,-113,56,169,-113,56,606791
1739519820,1.048,1.04805,1.04785,1.0479,236,336.3,0,0,-236,-236,0,-236,-236,606791
1739520000,1.04795,1.04835,1.0479,1.048,794,321.25,0,543,0,292,543,-251,292,606791
1739520180,1.04805,1.04835,1.04805,1.04805,373,313.55,0,128,-117,-117,128,-245,-117,606791
1739520360,1.04805,1.0481,1.0478,1.048,396,311.9,0,0,-204,-12,192,-204,-12,606791
1739520540,1.04795,1.0485,1.04795,1.0483,504,325,0,289,0,74,289,-215,74,606791
1739520720,1.0483,1.04855,1.0482,1.04855,430,313.55,0,168,-131,168,299,-131,168,606791
1739520900,1.04855,1.0491,1.0485,1.0489,1362,367.35,0,856,0,350,856,-506,350,606791
1739521080,1.04895,1.0493,1.04885,1.0491,654,390.45,0,286,0,286,470,-184,286,606791
1739521260,1.0491,1.0493,1.0491,1.0492,456,404.55,0,270,0,270,363,-93,270,606791
1739521440,1.04915,1.0495,1.0489,1.04895,1178,451.85,0,300,-578,-578,300,-878,-578,606791
1739521620,1.049,1.0493,1.049,1.0493,279,450.75,0,279,0,279,279,0,279,606791
1739521800,1.0493,1.04975,1.0493,1.04965,843,472.7,0,843,0,843,843,0,843,606791
1739521980,1.04975,1.04985,1.04955,1.04965,628,497.15,0,58,-182,-182,223,-405,-182,606791
1739522160,1.04965,1.04985,1.04955,1.04985,988,529.5,0,522,-233,522,755,-233,522,606791
1739522340,1.04985,1.04995,1.04965,1.0497,541,538.15,0,237,-67,-67,237,-304,-67,606791
1739522520,1.04975,1.05005,1.04975,1.05005,955,572.25,0,555,-66,555,755,-200,555,606791
1739522700,1.05005,1.05005,1.04975,1.04975,374,581.25,0,0,-374,-374,0,-374,-374,606791
1739522880,1.04975,1.04985,1.0496,1.04985,656,604.75,0,0,-390,-124,266,-390,-124,606791
1739523060,1.0499,1.04995,1.0496,1.0497,778,635.35,0,183,-412,-412,183,-595,-412,606791
1739523240,1.0497,1.0497,1.0492,1.04935,722,657.35,0,0,-722,-722,0,-722,-722,606791
1739523420,1.04935,1.04935,1.04885,1.04915,1393,715.2,0,0,-710,-27,683,-710,-27,606791
1739523600,1.04915,1.0495,1.0491,1.04935,588,704.9,0,447,0,306,447,-141,306,606791
1739523780,1.04935,1.0494,1.04915,1.04925,370,704.75,0,0,-138,-100,135,-235,-100,606791
1739523960,1.04925,1.0494,1.04925,1.04935,283,699.1,0,146,0,9,146,-137,9,606791
1739524140,1.04935,1.0496,1.0492,1.04945,363,692.05,0,0,-267,-267,48,-315,-267,606791
1739524320,1.04945,1.04975,1.04945,1.0496,227,681.9,0,227,0,227,227,0,227,606791
1739524500,1.0496,1.04975,1.0495,1.04965,356,631.6,0,83,-75,-40,158,-198,-40,606791
1739524680,1.0497,1.0498,1.0496,1.0496,467,622.25,0,134,-199,-199,134,-333,-199,606791
1739524860,1.04965,1.04995,1.04955,1.0496,598,629.35,0,127,-344,-344,127,-471,-344,606791
1739525040,1.0496,1.05015,1.04945,1.04995,1261,633.5,0,1261,0,1261,1261,0,1261,606791
1739525220,1.04995,1.05,1.0498,1.05,488,643.95,0,154,-56,68,278,-210,68,606791
1739525400,1.05,1.05025,1.04995,1.05015,465,625.05,0,341,0,217,341,-124,217,606791
1739525580,1.0501,1.05015,1.04985,1.04995,319,609.6,0,0,-255,-191,64,-255,-191,606791
1739525760,1.0499,1.0501,1.0495,1.0495,220,571.2,0,0,-220,-220,0,-220,-220,606791
1739525940,1.0495,1.04965,1.04935,1.0496,188,553.55,0,10,-89,10,99,-89,10,606791
1739526120,1.04965,1.04965,1.04935,1.04935,131,512.35,0,0,-131,-131,0,-131,-131,606791
1739526300,1.0493,1.04935,1.0491,1.04925,593,523.3,0,0,-593,-593,0,-593,-593,606791
1739526480,1.04925,1.0493,1.04905,1.04915,422,511.6,0,0,-260,-192,115,-307,-192,606791
1739526660,1.0492,1.0493,1.04915,1.04925,147,480.05,0,47,-5,43,95,-52,43,606791
1739526840,1.0492,1.0495,1.0492,1.0493,266,457.25,0,69,-128,-128,69,-197,-128,606791
1739527020,1.0493,1.04965,1.0492,1.0496,882,431.7,0,369,0,322,602,-280,322,606791
1739527200,1.0496,1.0496,1.04935,1.0494,243,414.45,0,0,-149,-107,68,-175,-107,606791
1739527380,1.04935,1.04935,1.0491,1.0492,265,409.2,0,0,-265,-265,0,-265,-265,606791
1739527560,1.0492,1.04925,1.04905,1.04915,291,409.6,0,0,-151,-11,140,-151,-11,606791
1739527740,1.0491,1.04925,1.049,1.0492,220,402.45,0,144,-38,144,182,-38,144,606791
1739527920,1.0492,1.04935,1.0492,1.0493,237,402.95,0,237,0,237,237,0,237,606791
1739528100,1.04935,1.04955,1.04935,1.0495,227,396.5,0,154,0,81,154,-73,81,606791
1739528280,1.04955,1.04975,1.04955,1.04965,408,393.55,0,408,0,408,408,0,408,606791
1739528460,1.04965,1.04965,1.0494,1.0496,487,388,0,0,-457,-427,30,-457,-427,606791
1739528640,1.0496,1.0496,1.04915,1.0492,708,360.35,0,0,-708,-708,0,-708,-708,606791
1739528820,1.04925,1.04925,1.0489,1.04895,336,352.75,0,0,-336,-336,0,-336,-336,606791
1739529000,1.04895,1.0492,1.04895,1.049,617,360.35,0,368,0,119,368,-249,119,606791
1739529180,1.04895,1.0491,1.0488,1.04885,459,367.35,0,194,-71,-71,194,-265,-71,606791
1739529360,1.04885,1.04885,1.0485,1.0485,542,383.45,0,0,-542,-542,0,-542,-542,606791
1739529540,1.04855,1.04855,1.0481,1.04815,718,409.95,0,0,-718,-718,0,-718,-718,606791
1739529720,1.0482,1.04835,1.0481,1.04825,588,432.8,0,364,0,140,364,-224,140,606791
1739529900,1.0482,1.04845,1.04815,1.04845,311,418.7,0,139,-86,139,225,-86,139,606791
1739530080,1.04845,1.0485,1.04835,1.04835,272,411.2,0,55,-162,-162,55,-217,-162,606791
1739530260,1.04835,1.0484,1.048,1.0481,445,426.1,0,0,-294,-143,151,-294,-143,606791
1739530440,1.0481,1.0483,1.048,1.04805,530,439.3,0,405,0,280,405,-125,280,606791
1739530620,1.04805,1.0482,1.0479,1.04815,442,417.3,0,146,-96,146,294,-148,146,606791
1739530800,1.04815,1.04815,1.0479,1.048,363,423.3,0,109,-127,109,236,-127,109,606791
1739530980,1.04795,1.04805,1.04775,1.0479,387,429.4,0,219,0,123,255,-132,123,606791
1739531160,1.0479,1.048,1.0478,1.04795,289,429.3,0,117,0,69,179,-110,69,606791
1739531340,1.04795,1.0481,1.04785,1.0481,198,428.2,0,96,-51,96,147,-51,96,606791
1739531520,1.0481,1.04835,1.04805,1.04835,159,424.3,0,159,0,159,159,0,159,606791
1739531700,1.0483,1.04835,1.048,1.04805,321,429,0,0,-321,-321,0,-321,-321,606791
1739531880,1.0481,1.0482,1.04795,1.0482,199,418.55,0,99,-50,99,149,-50,99,606791
1739532060,1.04825,1.0483,1.04805,1.0481,117,400.05,0,0,-71,-25,46,-71,-25,606791
1739532240,1.0481,1.04815,1.048,1.0481,80,368.65,0,46,-17,46,63,-17,46,606791
1739532420,1.04805,1.0481,1.0479,1.04805,151,359.4,0,29,-61,29,90,-61,29,606791
1739532600,1.048,1.04815,1.04795,1.04815,197,338.4,0,99,0,99,148,-49,99,606791
1739532780,1.0481,1.04825,1.04805,1.04805,201,325.5,0,144,0,87,144,-57,87,606791
1739532960,1.04805,1.0484,1.04805,1.0482,511,323.95,0,131,-249,-249,131,-380,-249,606791
1739533140,1.0482,1.0483,1.048,1.04805,547,315.4,0,317,-73,233,390,-157,233,606791
1739533320,1.04805,1.04825,1.04805,1.0481,223,297.15,0,135,0,47,135,-88,47,606791
1739533500,1.04815,1.04815,1.048,1.04805,173,290.25,0,0,-173,-173,0,-173,-173,606791
1739533680,1.048,1.04815,1.04785,1.048,345,293.9,0,302,0,259,302,-43,259,606791
1739533860,1.04805,1.0483,1.04805,1.04825,210,282.15,0,210,0,210,210,0,210,606791
1739534040,1.04825,1.04825,1.0481,1.0481,143,262.8,0,0,-143,-143,0,-143,-143,606791
1739534220,1.0481,1.04825,1.04805,1.0482,247,253.05,0,247,0,247,247,0,247,606791
1739534400,1.0482,1.0482,1.04785,1.048,784,274.1,0,0,-342,-102,341,-443,-102,606791
1739534580,1.04795,1.048,1.04785,1.04785,321,270.8,0,163,0,5,163,-158,5,606791
1739534760,1.0478,1.0478,1.04745,1.04755,479,280.3,0,0,-265,-159,160,-319,-159,606791
1739534940,1.04755,1.04755,1.04715,1.0472,545,297.65,0,0,-545,-545,0,-545,-545,606791
1739535120,1.0472,1.04785,1.0472,1.0476,531,316.25,0,278,0,25,278,-253,25,606791
1739535300,1.04765,1.04785,1.04755,1.0478,242,312.3,0,242,0,242,242,0,242,606791
1739535480,1.0478,1.0479,1.0477,1.04775,190,311.85,0,74,-42,-42,74,-116,-42,606791
1739535660,1.0478,1.04805,1.0478,1.04805,207,316.35,0,93,0,93,150,-57,93,606791
1739535840,1.04805,1.0483,1.048,1.0483,333,329,0,207,-63,207,270,-63,207,606791
1739536020,1.04825,1.04855,1.04825,1.0483,1146,378.75,0,462,-222,-222,462,-684,-222,606791
1739536200,1.0483,1.04885,1.0483,1.0487,423,390.05,0,423,0,423,423,0,423,606791
1739536380,1.04865,1.04885,1.0485,1.04885,436,401.8,0,234,-101,234,335,-101,234,606791
1739536560,1.04885,1.04895,1.04875,1.04875,311,391.8,0,111,-89,-89,111,-200,-89,606791
1739536740,1.04875,1.0488,1.0485,1.0486,224,375.65,0,0,-224,-224,0,-224,-224,606791
1739536920,1.0486,1.0486,1.04815,1.0482,469,387.95,0,0,-469,-469,0,-469,-469,606791
1739537100,1.04815,1.04835,1.0481,1.04825,358,397.2,0,0,-138,-86,136,-222,-86,606791
1739537280,1.04825,1.0485,1.04825,1.0485,239,391.9,0,239,0,239,239,0,239,606791
1739537460,1.04855,1.04865,1.04845,1.0486,546,408.7,0,242,0,164,355,-191,164,606791
1739537640,1.04865,1.04865,1.04845,1.04855,460,424.55,0,0,-460,-460,0,-460,-460,606791
1739537820,1.04855,1.04865,1.04845,1.0486,515,437.95,0,180,-41,73,294,-221,73,606791
1739538000,1.04865,1.04895,1.0486,1.0488,781,437.8,0,673,0,565,673,-108,565,606791
1739538180,1.0488,1.04905,1.0488,1.04905,561,449.8,0,561,0,561,561,0,561,606791
1739538360,1.049,1.04935,1.049,1.0491,448,448.25,0,180,-88,-88,180,-268,-88,606791
1739538540,1.0491,1.0493,1.04905,1.0492,638,452.9,0,436,0,234,436,-202,234,606791
1739538720,1.04915,1.0492,1.04905,1.04915,286,440.65,0,1,-142,-142,72,-214,-142,606791
1739538900,1.0492,1.0496,1.0492,1.04955,730,465.05,0,730,0,730,730,0,730,606791
1739539080,1.0496,1.0498,1.04955,1.04975,1086,509.85,0,1086,0,1086,1086,0,1086,606791
1739539260,1.04975,1.05015,1.0497,1.05015,924,545.7,0,924,0,924,924,0,924,606791
1739539440,1.0501,1.05015,1.0499,1.0499,610,559.55,0,0,-374,-374,118,-492,-374,606791
1739539620,1.0499,1.0499,1.0496,1.04975,651,534.8,0,0,-651,-651,0,-651,-651,606791
1739539800,1.0498,1.0518,1.0498,1.05085,5314,779.35,0,4313,0,3312,4313,-1001,3312,606791
1739539980,1.0509,1.051,1.05015,1.0502,2573,886.2,0,1159,-255,-255,1159,-1414,-255,606791
1739540160,1.05025,1.05065,1.05,1.05035,1446,942.95,0,404,-521,404,925,-521,404,606791
1739540340,1.0503,1.0506,1.04995,1.0505,1067,985.1,0,505,-281,505,786,-281,505,606791
1739540520,1.0505,1.05065,1.0497,1.0499,948,1009.05,0,0,-948,-948,0,-948,-948,606791
1739540700,1.04995,1.05105,1.04995,1.05095,2175,1099.9,0,2175,0,2175,2175,0,2175,606791
1739540880,1.051,1.051,1.0505,1.05055,796,1127.75,0,0,-796,-796,0,-796,-796,606791
1739541060,1.05055,1.05085,1.0504,1.05085,554,1128.15,0,120,-156,2,278,-276,2,606791
1739541240,1.05085,1.05085,1.0503,1.0503,1083,1159.3,0,0,-1083,-1083,0,-1083,-1083,606791
1739541420,1.05025,1.0505,1.05005,1.05025,844,1175.75,0,519,0,194,519,-325,194,606791
1739541600,1.0503,1.05095,1.0502,1.0509,1148,1194.1,0,1148,0,1148,1148,0,1148,606791
1739541780,1.05095,1.0511,1.05085,1.05095,941,1213.1,0,799,0,657,799,-142,657,606791
1739541960,1.051,1.05135,1.051,1.05115,435,1212.45,0,270,0,105,270,-165,105,606791
1739542140,1.0512,1.05125,1.05095,1.05105,429,1202,0,25,-133,-133,148,-281,-133,606791
1739542320,1.05105,1.0515,1.05105,1.05145,876,1231.5,0,876,0,876,876,0,876,606791
1739542500,1.05135,1.0514,1.0506,1.0507,1467,1268.35,0,0,-1467,-1467,0,-1467,-1467,606791
1739542680,1.05065,1.05115,1.05055,1.05105,591,1243.6,0,215,-188,215,403,-188,215,606791
1739542860,1.051,1.0514,1.051,1.05125,353,1215.05,0,353,0,353,353,0,353,606791
1739543040,1.05125,1.05155,1.0512,1.05135,580,1213.55,0,178,-71,82,331,-249,82,606791
1739543220,1.05135,1.05135,1.051,1.05135,446,1203.3,0,0,-234,-22,212,-234,-22,606791
1739543400,1.05135,1.05155,1.05115,1.0513,775,976.35,0,637,0,499,637,-138,499,606791
1739543580,1.05125,1.05155,1.0511,1.05155,777,886.55,0,405,-186,405,591,-186,405,606791
1739543760,1.05155,1.0521,1.05145,1.0519,1461,887.3,0,862,0,263,862,-599,263,606791
1739543940,1.05185,1.05205,1.0518,1.05205,510,859.45,0,0,-386,-262,124,-386,-262,606791
1739544120,1.05205,1.0525,1.052,1.0524,2286,926.35,0,2286,0,2286,2286,0,2286,606791
1739544300,1.0524,1.0529,1.0524,1.0527,1505,892.85,0,976,0,447,976,-529,447,606791
1739544480,1.05275,1.0528,1.05235,1.05245,1252,915.65,0,21,-606,-606,323,-929,-606,606791
1739544660,1.05245,1.05245,1.0521,1.05215,1795,977.7,0,0,-723,-695,550,-1245,-695,606791
1739544840,1.0521,1.05225,1.05195,1.05215,1515,999.3,0,597,-289,257,886,-629,257,606791
1739545020,1.0521,1.0526,1.05205,1.05235,2367,1075.45,0,1437,0,1437,1902,-465,1437,606791
1739545200,1.05235,1.0524,1.0517,1.0519,1702,1103.15,0,0,-1702,-1702,0,-1702,-1702,606791
1739545380,1.0519,1.05205,1.05185,1.052,1209,1116.55,0,951,0,951,1080,-129,951,606791
1739545560,1.052,1.0521,1.0516,1.0518,1433,1166.45,0,0,-772,-111,661,-772,-111,606791
1739545740,1.0518,1.05185,1.0513,1.05145,1726,1231.3,0,0,-1726,-1726,0,-1726,-1726,606791
1739545920,1.05145,1.0515,1.051,1.0511,1234,1249.2,0,0,-510,-232,501,-733,-232,606791
1739546100,1.0512,1.05155,1.05115,1.05145,652,1208.45,0,478,0,304,478,-174,304,606791
1739546280,1.05145,1.05175,1.05135,1.0516,870,1222.4,0,388,0,200,535,-335,200,606791
1739546460,1.05155,1.05165,1.0513,1.05145,482,1228.85,0,166,-158,166,324,-158,166,606791
1739546640,1.05145,1.05155,1.051,1.051,864,1243.05,0,266,-332,-332,266,-598,-332,606791
1739546820,1.05105,1.0511,1.0506,1.0506,1202,1280.85,0,0,-1202,-1202,0,-1202,-1202,606791
1739547000,1.05065,1.05105,1.05055,1.05105,1176,1300.9,0,1176,0,1176,1176,0,1176,606791
1739547180,1.0511,1.05155,1.0511,1.05155,830,1303.55,0,830,0,830,830,0,830,606791
1739547360,1.05155,1.05185,1.05155,1.0516,1829,1321.95,0,1268,0,707,1268,-561,707,606791
1739547540,1.05165,1.05205,1.05165,1.052,999,1346.4,0,999,0,999,999,0,999,606791
1739547720,1.052,1.05215,1.05175,1.0521,650,1264.6,0,166,-82,166,408,-242,166,606791
1739547900,1.05215,1.0524,1.05215,1.0522,1092,1243.95,0,368,-356,-356,368,-724,-356,606791
1739548080,1.05225,1.0526,1.0522,1.0524,1089,1235.8,0,1089,0,1089,1089,0,1089,606791
1739548260,1.05235,1.0525,1.05215,1.05235,754,1183.75,0,0,-545,-336,209,-545,-336,606791
1739548440,1.05235,1.05275,1.0523,1.0527,1081,1162.05,0,1081,0,1081,1081,0,1081,606791
1739548620,1.0527,1.05275,1.05225,1.05235,2162,1151.8,0,0,-2162,-2162,0,-2162,-2162,606791
1739548800,1.0523,1.0525,1.05215,1.0524,2181,1175.75,0,0,-1367,-553,814,-1367,-553,606791
1739548980,1.05235,1.0525,1.0522,1.05225,704,1150.5,0,95,-189,-136,284,-420,-136,606791
1739549160,1.0522,1.0525,1.052,1.05205,791,1118.4,0,252,-287,-287,252,-539,-287,606791
1739549340,1.05205,1.0523,1.05195,1.05195,630,1063.6,0,219,-192,-192,219,-411,-192,606791
1739549520,1.0519,1.0521,1.0517,1.05195,895,1046.65,0,317,-134,-7,444,-451,-7,606791
1739549700,1.052,1.0521,1.05175,1.05185,451,1036.6,0,0,-451,-451,0,-451,-451,606791
1739549880,1.05185,1.05185,1.05145,1.0515,725,1029.35,0,116,-191,-191,267,-458,-191,606791
1739550060,1.05155,1.05175,1.0515,1.05175,575,1034,0,575,0,575,575,0,575,606791
1739550240,1.0518,1.05195,1.05175,1.05185,305,1006.05,0,93,-119,-119,93,-212,-119,606791
1739550420,1.0519,1.052,1.05185,1.05185,370,964.45,0,167,-36,-36,167,-203,-36,606791
1739550600,1.05185,1.0519,1.05165,1.0518,366,923.95,0,0,-366,-366,0,-366,-366,606791
1739550780,1.0518,1.0518,1.05145,1.0517,581,911.5,0,0,-581,-581,0,-581,-581,606791
1739550960,1.05165,1.0519,1.0516,1.0518,962,868.15,0,554,0,470,716,-246,470,606791
1739551140,1.0518,1.0519,1.0517,1.05175,522,844.3,0,192,-28,82,302,-220,82,606791
1739551320,1.05175,1.0518,1.0515,1.0515,865,855.05,0,0,-865,-865,0,-865,-865,606791
1739551500,1.0515,1.05165,1.05125,1.05135,1152,858.05,0,0,-1152,-1152,0,-1152,-1152,606791
1739551680,1.0513,1.0514,1.0512,1.0514,635,835.35,0,241,-197,241,438,-197,241,606791
1739551860,1.0514,1.0515,1.0513,1.05135,398,817.55,0,315,0,232,315,-83,232,606791
1739552040,1.0514,1.0514,1.05115,1.05125,410,784,0,0,-410,-410,0,-410,-410,606791
1739552220,1.05125,1.05135,1.05115,1.0512,373,694.55,0,141,-90,89,231,-142,89,606791
1739552400,1.0512,1.0513,1.05105,1.0511,379,604.45,0,0,-379,-379,0,-379,-379,606791
1739552580,1.0511,1.0512,1.0509,1.05095,770,607.75,0,11,-544,-544,113,-657,-544,606791
1739552760,1.05095,1.05125,1.0509,1.0512,1422,639.3,0,1422,0,1422,1422,0,1422,606791
1739552940,1.0512,1.05125,1.051,1.05115,231,619.35,0,59,-86,59,145,-86,59,606791
1739553120,1.05115,1.0512,1.0511,1.0512,227,585.95,0,227,0,227,227,0,227,606791
1739553300,1.0512,1.05155,1.0511,1.05145,2116,669.2,0,2116,0,2116,2116,0,2116,606791
1739553480,1.05145,1.0516,1.0514,1.05145,1212,693.55,0,1150,0,1088,1150,-62,1088,606791
1739553660,1.0514,1.05145,1.0513,1.0513,294,679.5,0,59,-176,-176,59,-235,-176,606791
1739553840,1.0513,1.0514,1.05115,1.05135,394,683.95,0,200,0,200,297,-97,200,606791
1739554020,1.05135,1.0514,1.0512,1.0513,249,677.9,0,169,0,169,209,-40,169,606791
1739554200,1.05135,1.0516,1.0513,1.0514,329,676.05,0,200,0,71,200,-129,71,606791
1739554380,1.0514,1.0516,1.0514,1.0516,266,660.3,0,142,-62,142,204,-62,142,606791
1739554560,1.0516,1.05165,1.05155,1.0516,180,621.2,0,61,-58,-58,61,-119,-58,606791
1739554740,1.0516,1.05185,1.0516,1.05185,449,617.55,0,449,0,449,449,0,449,606791
1739554920,1.05185,1.05185,1.05175,1.0518,221,585.35,0,54,-65,-17,102,-119,-17,606791
1739555100,1.0518,1.05205,1.05175,1.05205,460,550.75,0,460,0,460,460,0,460,606791
1739555280,1.05205,1.05225,1.05195,1.052,346,536.3,0,209,0,72,209,-137,72,606791
1739555460,1.052,1.05205,1.0518,1.05205,262,529.5,0,102,-80,102,182,-80,102,606791
1739555640,1.05205,1.05215,1.052,1.0521,299,523.95,0,105,0,105,202,-97,105,606791
1739555820,1.05215,1.05235,1.0521,1.0522,404,525.5,0,294,0,184,294,-110,184,606791
1739556000,1.05215,1.05225,1.0521,1.0521,215,517.3,0,127,0,39,127,-88,39,606791
1739556180,1.0521,1.05215,1.052,1.05205,98,483.7,0,0,-98,-98,0,-98,-98,606791
1739556360,1.05205,1.0521,1.05195,1.05195,276,426.4,0,0,-276,-276,0,-276,-276,606791
1739556540,1.05195,1.052,1.0518,1.05195,147,422.2,0,101,-23,101,124,-23,101,606791
1739556720,1.05195,1.05195,1.05185,1.0519,121,416.9,0,0,-75,-75,23,-98,-75,606791
1739556900,1.05185,1.05195,1.0517,1.05195,260,324.1,0,34,-113,34,147,-113,34,606791
1739557080,1.05195,1.052,1.05195,1.052,87,267.85,0,87,0,87,87,0,87,606791
1739557260,1.052,1.05205,1.05195,1.052,138,260.05,0,0,-95,-52,43,-95,-52,606791
1739557440,1.052,1.05205,1.05175,1.05175,150,247.85,0,18,-114,-114,18,-132,-114,606791
1739557620,1.05175,1.05175,1.0516,1.0516,102,240.5,0,0,-102,-102,0,-102,-102,606791
1739557800,1.05165,1.05175,1.0516,1.05175,203,234.2,0,60,-12,59,131,-72,59,606791
1739557980,1.05175,1.05195,1.0517,1.0519,207,231.25,0,207,0,207,207,0,207,606791
1739558160,1.05185,1.0519,1.0518,1.05185,97,227.1,0,0,-97,-97,0,-97,-97,606791
1739558340,1.0518,1.0518,1.0516,1.05175,163,212.8,0,0,-120,-77,43,-120,-77,606791
1739558520,1.0517,1.0518,1.0516,1.0516,117,207.6,0,29,-59,-59,29,-88,-59,606791
1739558700,1.05165,1.05175,1.05165,1.05165,168,193,0,124,0,80,124,-44,80,606791
1739558880,1.05165,1.0517,1.0515,1.05155,562,203.8,0,0,-562,-562,0,-562,-562,606791
1739559060,1.0515,1.05165,1.0514,1.0516,213,201.35,0,0,-142,-71,71,-142,-71,606791
1739559240,1.0516,1.05175,1.05155,1.05165,272,200,0,100,-72,-72,100,-172,-72,606791
1739559420,1.05165,1.05195,1.0516,1.05195,217,190.65,0,123,-47,123,170,-47,123,606791
1739559600,1.0519,1.05195,1.0516,1.05175,252,192.5,0,0,-200,-148,52,-200,-148,606791
1739559780,1.05175,1.0518,1.0516,1.0516,129,194.05,0,92,0,55,92,-37,55,606791
1739559960,1.05165,1.0517,1.05155,1.05165,109,185.7,0,19,-45,19,64,-45,19,606791
1739560140,1.0516,1.0517,1.05145,1.05145,203,188.5,0,29,-145,-145,29,-174,-145,606791
1739560320,1.05145,1.0515,1.0513,1.0515,370,200.95,0,0,-334,-298,36,-334,-298,606791
1739560500,1.05155,1.05165,1.05155,1.05165,191,197.5,0,191,0,191,191,0,191,606791
1739560680,1.0516,1.05165,1.0515,1.0516,175,201.9,0,0,-108,-41,67,-108,-41,606791
1739560860,1.05155,1.05165,1.05155,1.0516,128,201.4,0,68,-30,68,98,-30,68,606791
1739561040,1.0516,1.05175,1.0516,1.05165,118,199.8,0,118,0,118,118,0,118,606791
1739561220,1.0516,1.0516,1.05145,1.05145,250,207.2,0,0,-112,-112,69,-181,-112,606791
1739561400,1.0515,1.05155,1.0514,1.0514,138,203.95,0,95,0,52,95,-43,52,606791
1739561580,1.05145,1.05145,1.05125,1.05135,235,205.35,0,0,-205,-205,15,-220,-205,606791
1739561760,1.0513,1.0514,1.05125,1.0514,313,216.15,0,259,-27,259,286,-27,259,606791
1739561940,1.0514,1.0515,1.0513,1.05145,341,225.05,0,117,-24,59,200,-141,59,606791
1739562120,1.05145,1.0515,1.0514,1.0514,436,241,0,343,0,250,343,-93,250,606791
1739562300,1.05135,1.05135,1.05115,1.0512,332,249.2,0,0,-248,-164,84,-248,-164,606791
1739562480,1.05115,1.05115,1.05095,1.05095,347,238.45,0,0,-347,-347,0,-347,-347,606791
1739562660,1.051,1.05115,1.051,1.0511,195,237.55,0,89,0,67,131,-64,67,606791
1739562840,1.05115,1.0513,1.05115,1.0512,247,236.3,0,134,0,21,134,-113,21,606791
1739563020,1.0512,1.0515,1.05115,1.0513,1723,311.6,0,203,-1317,-1317,203,-1520,-1317,606791
1739563200,1.05135,1.05135,1.0511,1.0511,817,339.85,0,0,-817,-817,0,-817,-817,606791
1739563380,1.0511,1.0511,1.051,1.05105,153,341.05,0,57,-48,57,105,-48,57,606791
1739563560,1.05105,1.0511,1.05085,1.05085,302,350.7,0,117,-68,-68,117,-185,-68,606791
1739563740,1.05085,1.05105,1.05085,1.051,136,347.35,0,107,0,78,107,-29,78,606791
1739563920,1.051,1.0511,1.05095,1.05095,124,335.05,0,32,-60,-60,32,-92,-60,606791
1739564100,1.051,1.051,1.05085,1.051,248,337.9,0,0,-181,-114,67,-181,-114,606791
1739564280,1.051,1.05115,1.051,1.05105,114,334.85,0,75,0,36,75,-39,36,606791
1739564460,1.05105,1.05105,1.05085,1.0509,146,335.75,0,0,-102,-58,44,-102,-58,606791
1739564640,1.0509,1.05105,1.05085,1.051,224,341.05,0,224,0,224,224,0,224,606791
1739564820,1.051,1.051,1.0509,1.0509,100,333.55,0,18,-64,-64,18,-82,-64,606791
1739565000,1.0509,1.05105,1.05085,1.051,308,342.05,0,42,-123,-22,143,-165,-22,606791
1739565180,1.05095,1.0511,1.05095,1.05105,223,341.45,0,125,0,125,174,-49,125,606791
1739565360,1.05105,1.0511,1.0509,1.0511,192,335.4,0,23,-73,0,96,-96,0,606791
1739565540,1.05115,1.05125,1.051,1.051,261,331.4,0,58,-145,-145,58,-203,-145,606791
1739565720,1.051,1.051,1.05085,1.0509,190,319.1,0,0,-122,-54,68,-122,-54,606791
1739565900,1.0509,1.05095,1.05085,1.0509,325,318.75,0,179,-73,179,252,-73,179,606791
1739566080,1.05085,1.05095,1.05085,1.0509,157,309.25,0,31,-32,31,94,-63,31,606791
1739566260,1.05085,1.0509,1.05075,1.0508,395,319.25,0,0,-395,-395,0,-395,-395,606791
1739566440,1.0508,1.05085,1.05075,1.05075,205,317.15,0,0,-205,-205,0,-205,-205,606791
1739566620,1.0507,1.0508,1.05055,1.0506,494,255.7,0,115,-264,-264,115,-379,-264,606791
1739566800,1.05065,1.0507,1.05055,1.05065,563,243,0,0,-467,-371,96,-467,-371,606791
1739566980,1.0507,1.05085,1.0507,1.0508,121,241.4,0,121,0,121,121,0,121,606791
1739567160,1.05075,1.05075,1.0507,1.05075,48,228.7,0,0,-37,-26,11,-37,-26,606791
1739567340,1.0507,1.0507,1.05065,1.0507,57,224.75,0,0,-39,-21,18,-39,-21,606791
1739567520,1.0507,1.05085,1.05065,1.05085,80,222.55,0,80,0,80,80,0,80,606791
1739567700,1.0508,1.0508,1.05075,1.0508,33,211.8,0,0,-29,-25,4,-29,-25,606791
1739567880,1.05075,1.0508,1.05075,1.0508,19,207.05,0,19,0,19,19,0,19,606791
1739568060,1.05085,1.05085,1.05075,1.05075,77,203.6,0,0,-77,-77,0,-77,-77,606791
1739568240,1.0508,1.05085,1.05075,1.0508,144,199.6,0,83,0,22,83,-61,22,606791
1739568420,1.0508,1.05085,1.0508,1.0508,114,200.3,0,0,-114,-114,0,-114,-114,606791
1739568600,1.0508,1.05085,1.0508,1.0508,39,186.85,0,0,-39,-39,0,-39,-39,606791
1739568780,1.05075,1.05075,1.0507,1.05075,27,177.05,0,0,-27,-27,0,-27,-27,606791
1739568960,1.05075,1.05085,1.05075,1.05075,88,171.85,0,87,0,86,87,-1,86,606791
1739569140,1.0508,1.05085,1.05075,1.05085,32,160.4,0,32,0,32,32,0,32,606791
1739569320,1.0508,1.05085,1.0508,1.0508,197,160.75,0,92,-11,-11,93,-104,-11,606791
1739569500,1.05085,1.05095,1.0508,1.05095,155,152.25,0,155,0,155,155,0,155,606791
1739569680,1.05095,1.05095,1.0507,1.0507,430,165.9,0,0,-430,-430,0,-430,-430,606791
1739569860,1.0507,1.05075,1.0504,1.0504,367,164.5,0,0,-367,-367,0,-367,-367,606791
1739570040,1.05035,1.05065,1.0503,1.05065,376,173.05,0,376,0,376,376,0,376,606791
1739570220,1.0506,1.05065,1.05045,1.0506,150,155.85,0,34,-58,34,92,-58,34,610367
1739746800,1.0505,1.05065,1.0501,1.0503,542,154.8,0,351,0,272,407,-135,272,610367
1739746980,1.05025,1.05055,1.05025,1.05035,121,154.8,0,67,0,13,67,-54,13,610367
1739747160,1.0504,1.05055,1.05035,1.05045,62,155.5,0,0,-38,-14,24,-38,-14,610367
1739747340,1.0504,1.0506,1.0503,1.0506,78,156.55,0,8,-35,8,43,-35,8,610367
1739747520,1.0506,1.05075,1.05055,1.05065,109,158,0,109,0,109,109,0,109,610367
1739747700,1.05065,1.0508,1.0506,1.0506,89,160.8,0,51,0,13,51,-38,13,610367
1739747880,1.05055,1.05055,1.0504,1.05045,53,162.5,0,0,-53,-53,0,-53,-53,610367
1739748060,1.05045,1.05045,1.05005,1.0502,195,168.4,0,0,-180,-165,15,-180,-165,610367
1739748240,1.0502,1.05025,1.04985,1.04985,177,170.05,0,6,-165,-165,6,-171,-165,610367
1739748420,1.04995,1.0501,1.0499,1.05005,29,165.8,0,29,0,29,29,0,29,610367
1739748600,1.05,1.0501,1.0499,1.0499,59,166.8,0,37,0,15,37,-22,15,610367
1739748780,1.0499,1.05015,1.0499,1.0501,49,167.9,0,9,-19,-7,21,-28,-7,610367
1739748960,1.05005,1.0501,1.05,1.05,33,165.15,0,10,-13,-13,10,-23,-13,610367
1739749140,1.05,1.05015,1.05,1.05015,31,165.1,0,31,0,31,31,0,31,610367
1739749320,1.0501,1.0503,1.0501,1.0503,31,156.8,0,31,0,31,31,0,31,610367
1739749500,1.0504,1.0504,1.05025,1.0503,42,151.15,0,0,-42,-42,0,-42,-42,610367
1739749680,1.0503,1.05055,1.05025,1.05045,157,137.5,0,103,-27,103,130,-27,103,610367
1739749860,1.05045,1.0505,1.0503,1.0504,95,123.9,0,0,-53,-11,42,-53,-11,610367
1739750040,1.0504,1.05045,1.0503,1.05035,48,107.5,0,28,0,18,33,-15,18,610367
1739750220,1.0504,1.0504,1.0502,1.0502,60,103,0,0,-60,-60,0,-60,-60,610367
1739750400,1.0503,1.05045,1.0502,1.0504,169,84.35,0,65,-52,65,117,-52,65,610367
1739750580,1.0504,1.0505,1.0503,1.05035,115,84.05,0,77,0,39,77,-38,39,610367
1739750760,1.05035,1.05045,1.05035,1.05045,32,82.55,0,32,0,32,32,0,32,610367
1739750940,1.0504,1.05055,1.0502,1.0502,63,81.8,0,13,-37,-37,13,-50,-37,610367
1739751120,1.05025,1.05025,1.04995,1.05005,66,79.65,0,22,-7,22,44,-22,22,610367
1739751300,1.05005,1.05035,1.05005,1.05015,74,78.9,0,62,0,50,62,-12,50,610367
1739751480,1.05015,1.0502,1.05,1.05005,165,84.5,0,32,-82,-63,51,-114,-63,610367
1739751660,1.0501,1.05015,1.05005,1.05015,23,75.9,0,23,0,23,23,0,23,610367
1739751840,1.05015,1.05025,1.05005,1.0501,64,70.25,0,24,-4,24,44,-20,24,610367
1739752020,1.05015,1.0502,1.05,1.05005,40,70.8,0,0,-22,-14,13,-27,-14,610367
1739752200,1.05015,1.05025,1.0501,1.05015,27,69.2,0,14,0,1,14,-13,1,610367
1739752380,1.0502,1.05025,1.0501,1.05025,37,68.6,0,17,-10,17,27,-10,17,610367
1739752560,1.0503,1.0505,1.05025,1.0505,47,69.3,0,47,0,47,47,0,47,610367
1739752740,1.05045,1.0505,1.0503,1.05035,24,68.95,0,4,-10,-10,7,-17,-10,610367
1739752920,1.05035,1.0504,1.0503,1.05035,114,73.1,0,0,-94,-94,10,-104,-94,610367
1739753100,1.05035,1.0504,1.05025,1.0503,69,74.45,0,0,-44,-19,25,-44,-19,610367
1739753280,1.0503,1.0505,1.0503,1.05045,49,69.05,0,32,0,15,32,-17,15,610367
1739753460,1.0504,1.05045,1.05025,1.0504,109,69.75,0,7,-51,7,58,-51,7,610367
1739753640,1.05045,1.0507,1.05045,1.0506,218,78.25,0,218,0,218,218,0,218,610367
1739753820,1.05065,1.05075,1.05055,1.05055,115,81,0,67,0,19,67,-48,19,610367
1739754000,1.05065,1.0507,1.0504,1.05045,173,81.2,0,0,-162,-151,11,-162,-151,610367
1739754180,1.0505,1.05065,1.0504,1.0506,94,80.15,0,16,-50,-38,28,-66,-38,610367
1739754360,1.05055,1.0506,1.05035,1.05045,74,82.25,0,0,-50,-26,24,-50,-26,610367
1739754540,1.05045,1.0508,1.05045,1.0508,79,83.05,0,47,0,47,63,-16,47,610367
1739754720,1.0508,1.0508,1.05065,1.0507,49,82.2,0,0,-40,-31,9,-40,-31,610367
1739754900,1.05075,1.05075,1.05045,1.05055,54,81.2,0,0,-44,-34,10,-44,-34,610367
1739755080,1.0506,1.05105,1.0506,1.05105,78,76.85,0,78,0,78,78,0,78,610367
1739755260,1.0511,1.05125,1.051,1.05115,163,83.85,0,133,-15,133,148,-15,133,610367
1739755440,1.05115,1.0512,1.051,1.05115,77,84.5,0,0,-40,-3,37,-40,-3,610367
1739755620,1.0512,1.0513,1.05115,1.05125,119,88.45,0,50,-8,3,61,-58,3,610367
1739755800,1.0513,1.05155,1.05125,1.0515,169,95.55,0,169,0,169,169,0,169,610367
1739755980,1.05145,1.0515,1.05125,1.05135,121,99.75,0,0,-121,-121,0,-121,-121,610367
1739756160,1.0514,1.0518,1.0514,1.0518,161,105.45,0,161,0,161,161,0,161,610367
1739756340,1.05175,1.0518,1.0516,1.05165,136,111.05,0,0,-136,-136,0,-136,-136,610367
1739756520,1.0517,1.05185,1.0517,1.0517,108,110.75,0,57,0,6,57,-51,6,610367
1739756700,1.05175,1.05175,1.05145,1.05145,123,113.45,0,0,-123,-123,0,-123,-123,610367
1739756880,1.0516,1.05175,1.05145,1.05175,144,118.2,0,144,0,144,144,0,144,610367
1739757060,1.0517,1.0519,1.05165,1.0519,227,124.1,0,101,-63,101,164,-63,101,610367
1739757240,1.0519,1.052,1.05185,1.05195,86,117.5,0,64,0,42,64,-22,42,610367
1739757420,1.05195,1.05205,1.05185,1.05195,141,118.8,0,0,-103,-65,38,-103,-65,610367
1739757600,1.05185,1.0519,1.0516,1.05165,124,116.35,0,0,-104,-104,10,-114,-104,610367
1739757780,1.05165,1.0517,1.0514,1.05145,202,121.75,0,0,-202,-202,0,-202,-202,610367
1739757960,1.0515,1.0515,1.05135,1.0515,48,120.45,0,13,-6,10,29,-19,10,610367
1739758140,1.0515,1.0516,1.0514,1.05145,59,119.45,0,54,0,49,54,-5,49,610367
1739758320,1.05145,1.0517,1.05135,1.05155,89,121.45,0,79,0,69,79,-10,69,610367
1739758500,1.05155,1.05155,1.0514,1.05145,52,121.35,0,0,-37,-22,15,-37,-22,610367
1739758680,1.0515,1.0515,1.05135,1.0514,39,119.4,0,0,-39,-39,0,-39,-39,610367
1739758860,1.0514,1.0514,1.05125,1.0514,67,114.6,0,0,-50,-33,17,-50,-33,610367
1739759040,1.0514,1.0515,1.0514,1.0515,44,112.95,0,22,0,22,33,-11,22,610367
1739759220,1.0515,1.0516,1.0514,1.0515,110,112.5,0,64,0,18,64,-46,18,610367
1739759400,1.0515,1.0516,1.05145,1.0515,86,108.35,0,0,-86,-86,0,-86,-86,610367
1739759580,1.05155,1.0516,1.05155,1.0516,101,107.35,0,69,0,69,85,-16,69,610367
1739759760,1.0515,1.05155,1.05135,1.05155,148,106.7,0,0,-80,-12,68,-80,-12,610367
1739759940,1.0515,1.0516,1.0515,1.0516,89,104.35,0,53,0,47,68,-21,47,610367
1739760120,1.0515,1.05155,1.05135,1.05135,117,104.8,0,0,-45,-45,36,-81,-45,610367
1739760300,1.05135,1.05135,1.051,1.051,127,105,0,0,-127,-127,0,-127,-127,610367
1739760480,1.051,1.0512,1.051,1.0512,81,101.85,0,81,0,81,81,0,81,610367
1739760660,1.05115,1.0512,1.0511,1.05115,61,93.55,0,23,0,23,42,-19,23,610367
1739760840,1.0512,1.05145,1.0512,1.0514,124,95.45,0,124,0,124,124,0,124,610367
1739761020,1.0514,1.05165,1.0514,1.05155,335,105.15,0,237,0,195,265,-70,195,610367
1739761200,1.0515,1.05155,1.0514,1.05155,169,107.4,0,17,-76,17,93,-76,17,610367
1739761380,1.05155,1.0516,1.0515,1.05155,77,101.15,0,0,-51,-47,15,-62,-47,610367
1739761560,1.0515,1.05175,1.05145,1.0517,47,101.1,0,5,-21,5,26,-21,5,610367
1739761740,1.05165,1.0517,1.0516,1.0517,31,99.7,0,0,-24,-17,7,-24,-17,610367
1739761920,1.0517,1.05175,1.0517,1.05175,53,97.9,0,53,0,53,53,0,53,610367
1739762100,1.05175,1.05175,1.0517,1.0517,35,97.05,0,12,-11,-11,12,-23,-11,610367
1739762280,1.0517,1.0517,1.05135,1.0514,78,99,0,0,-73,-68,5,-73,-68,610367
1739762460,1.0513,1.0513,1.0509,1.0509,81,99.7,0,0,-81,-81,0,-81,-81,610367
1739762640,1.05095,1.05115,1.0509,1.05115,56,100.3,0,26,-15,26,41,-15,26,610367
1739762820,1.0512,1.0512,1.051,1.051,27,96.15,0,0,-27,-27,0,-27,-27,610367
1739763000,1.051,1.05105,1.05085,1.05105,103,97,0,0,-58,-13,45,-58,-13,610367
1739763180,1.05105,1.05105,1.05095,1.051,36,93.75,0,10,-13,10,23,-13,10,610367
1739763360,1.051,1.05105,1.0509,1.05095,62,89.45,0,52,0,42,52,-10,42,610367
1739763540,1.0509,1.051,1.0509,1.051,29,86.45,0,29,0,29,29,0,29,610367
1739763720,1.0511,1.0511,1.0509,1.051,107,85.95,0,43,-32,43,75,-32,43,610367
1739763900,1.05095,1.05095,1.05085,1.05095,36,81.4,0,12,-12,12,24,-12,12,610367
1739764080,1.05095,1.051,1.0509,1.051,68,80.75,0,0,-46,-24,22,-46,-24,610367
1739764260,1.05105,1.05105,1.0509,1.05095,61,80.75,0,0,-45,-29,16,-45,-29,610367
1739764440,1.051,1.05115,1.051,1.05115,17,75.4,0,17,0,17,17,0,17,610367
1739764620,1.0511,1.0511,1.05085,1.05085,66,61.95,0,0,-66,-66,0,-66,-66,610367
1739764800,1.05085,1.05095,1.0507,1.0507,61,56.55,0,23,-15,-15,23,-38,-15,610367
1739764980,1.0507,1.0507,1.0506,1.05065,61,55.75,0,0,-61,-61,0,-61,-61,610367
1739765160,1.05065,1.05065,1.0504,1.0505,153,61.05,0,0,-109,-65,44,-109,-65,610367
1739765340,1.0505,1.05055,1.0503,1.05035,98,64.4,0,25,-48,-48,25,-73,-48,610367
1739765520,1.05035,1.0506,1.05035,1.0506,91,66.3,0,91,0,91,91,0,91,610367
1739765700,1.0506,1.0507,1.0506,1.0507,53,67.2,0,53,0,53,53,0,53,610367
1739765880,1.0507,1.05075,1.05065,1.05065,81,67.35,0,0,-81,-81,0,-81,-81,610367
1739766060,1.05065,1.05065,1.0506,1.05065,19,64.25,0,11,-4,11,15,-4,11,610367
1739766240,1.0506,1.0506,1.0505,1.05055,23,62.6,0,0,-19,-15,4,-19,-15,610367
1739766420,1.05055,1.0507,1.05055,1.0507,22,62.35,0,22,0,22,22,0,22,610367
1739766600,1.0508,1.05085,1.0507,1.0508,32,58.8,0,0,-21,-10,11,-21,-10,610367
1739766780,1.05075,1.0508,1.05075,1.0508,27,58.35,0,0,-21,-15,6,-21,-15,610367
1739766960,1.0508,1.0508,1.05075,1.05075,6,55.55,0,0,-6,-6,0,-6,-6,610367
1739767140,1.05075,1.0508,1.05075,1.0508,18,55,0,18,0,18,18,0,18,610367
1739767320,1.0508,1.0509,1.0508,1.0509,31,51.2,0,31,0,31,31,0,31,610367
1739767500,1.0509,1.0509,1.05085,1.0509,23,50.55,0,23,0,23,23,0,23,610367
1739767680,1.0509,1.051,1.0509,1.051,26,48.45,0,26,0,26,26,0,26,610367
1739767860,1.051,1.051,1.05095,1.051,47,47.75,0,47,0,47,47,0,47,610367
1739768040,1.05105,1.0511,1.05105,1.05105,8,47.3,0,8,0,8,8,0,8,610367
1739768220,1.0511,1.05115,1.05095,1.05095,25,45.25,0,0,-25,-25,0,-25,-25,610367
1739768400,1.05095,1.05105,1.05095,1.05105,23,43.35,0,23,0,23,23,0,23,610367
1739768580,1.05105,1.05105,1.05105,1.05105,8,40.7,0,8,0,8,8,0,8,610367
1739768760,1.051,1.0511,1.05095,1.05105,53,35.7,0,27,-13,27,40,-13,27,610367
1739768940,1.05105,1.05115,1.05105,1.0511,45,33.05,0,45,0,45,45,0,45,610367
1739769120,1.0511,1.0512,1.0509,1.05095,141,35.55,0,22,-97,-97,22,-119,-97,610367
1739769300,1.0509,1.05105,1.05085,1.0509,200,42.9,0,22,-55,-46,77,-123,-46,610367
1739769480,1.05085,1.05085,1.05065,1.05065,221,49.9,0,0,-221,-221,0,-221,-221,610367
1739769660,1.0506,1.05075,1.0503,1.05075,380,67.95,0,0,-299,-218,81,-299,-218,610367
1739769840,1.0507,1.05085,1.0507,1.0507,28,68.2,0,25,0,22,25,-3,22,610367
1739770020,1.0506,1.0507,1.0505,1.0505,148,74.5,0,14,-120,-120,14,-134,-120,610367
1739770200,1.05045,1.05045,1.0502,1.0502,269,86.35,0,0,-269,-269,0,-269,-269,610367
1739770380,1.0502,1.0502,1.0501,1.0502,292,99.6,0,0,-182,-72,110,-182,-72,610367
1739770560,1.0502,1.0502,1.04995,1.0502,292,113.9,0,0,-193,-94,99,-193,-94,610367
1739770740,1.05015,1.05015,1.0501,1.0501,47,115.35,0,8,-17,3,25,-22,3,610367
1739770920,1.0501,1.05015,1.0501,1.05015,26,115.1,0,6,-10,6,16,-10,6,610367
1739771100,1.05015,1.05035,1.0499,1.0499,182,123.05,0,23,-136,-136,23,-159,-136,610367
1739771280,1.0499,1.04995,1.04985,1.04995,471,145.3,0,37,-188,21,246,-225,21,610367
1739771460,1.0499,1.05005,1.04985,1.05005,270,156.45,0,270,0,270,270,0,270,610367
1739771640,1.05015,1.0504,1.05015,1.0504,121,162.1,0,121,0,121,121,0,121,610367
1739771820,1.0504,1.05055,1.05035,1.05035,79,164.8,0,38,-3,-3,38,-41,-3,610367
1739772000,1.05035,1.0504,1.05025,1.0503,93,168.3,0,0,-61,-61,16,-77,-61,610367
1739772180,1.0503,1.0504,1.0502,1.0504,101,172.95,0,3,-49,3,52,-49,3,610367
1739772360,1.0504,1.0504,1.0503,1.0504,45,172.55,0,45,0,45,45,0,45,610367
1739772540,1.05035,1.05035,1.0502,1.05035,81,174.35,0,7,-37,7,44,-37,7,610367
1739772720,1.05035,1.0504,1.05025,1.05035,100,172.3,0,12,-44,12,56,-44,12,610367
1739772900,1.05035,1.05055,1.0503,1.0505,67,165.65,0,63,0,59,63,-4,59,610367
1739773080,1.0505,1.0506,1.0503,1.05035,78,158.5,0,31,-16,-16,31,-47,-16,610367
1739773260,1.05035,1.05045,1.05025,1.05025,103,144.65,0,0,-103,-103,0,-103,-103,610367
1739773440,1.05025,1.0505,1.05025,1.0505,133,149.9,0,31,-26,19,76,-57,19,610367
1739773620,1.05045,1.0506,1.05035,1.05045,75,146.25,0,67,0,59,67,-8,59,610367
1739773800,1.0505,1.0505,1.0503,1.0504,64,136,0,0,-41,-18,23,-41,-18,610367
1739773980,1.0504,1.0505,1.0504,1.0505,102,126.5,0,102,0,102,102,0,102,610367
1739774160,1.0505,1.0506,1.05045,1.0506,77,115.75,0,55,-11,55,66,-11,55,610367
1739774340,1.05065,1.05065,1.0505,1.0505,108,118.8,0,29,-50,-50,29,-79,-50,610367
1739774520,1.05055,1.05055,1.0505,1.05055,40,119.5,0,40,0,40,40,0,40,610367
1739774700,1.05055,1.0506,1.0505,1.05055,67,113.75,0,53,0,39,53,-14,39,610367
1739774880,1.05055,1.05065,1.05055,1.0506,46,92.5,0,46,0,46,46,0,46,610367
1739775060,1.05065,1.0507,1.05055,1.05065,114,84.7,0,26,-21,20,67,-47,20,610367
1739775240,1.05065,1.05065,1.0503,1.05045,60,81.65,0,0,-48,-36,12,-48,-36,610367
1739775420,1.05045,1.0506,1.0504,1.0506,67,81.05,0,67,0,67,67,0,67,610367
1739775600,1.0506,1.0506,1.05045,1.05055,182,85.5,0,0,-128,-74,54,-128,-74,610367
1739775780,1.0505,1.05055,1.0502,1.0504,188,89.85,0,6,-91,6,97,-91,6,610367
1739775960,1.05035,1.0506,1.0503,1.0506,175,96.35,0,33,-71,33,104,-71,33,610367
1739776140,1.05065,1.0509,1.05065,1.05085,148,99.7,0,121,0,94,121,-27,94,610367
1739776320,1.05085,1.05085,1.0506,1.05065,160,102.7,0,0,-160,-160,0,-160,-160,610367
1739776500,1.05065,1.05075,1.0506,1.0507,144,106.55,0,68,-1,68,106,-38,68,610367
1739776680,1.0507,1.05095,1.0507,1.05095,122,108.75,0,70,-2,70,96,-26,70,610367
1739776860,1.0509,1.0509,1.05045,1.0505,233,115.25,0,0,-233,-233,0,-233,-233,610367
1739777040,1.05045,1.05055,1.0503,1.0503,116,114.4,0,0,-116,-116,0,-116,-116,610367
1739777220,1.0503,1.0504,1.05025,1.05025,134,117.35,0,10,-68,-68,33,-101,-68,610367
1739777400,1.0502,1.0506,1.0502,1.05035,168,122.55,0,74,-20,-20,74,-94,-20,610367
1739777580,1.05035,1.05035,1.05005,1.0501,164,125.65,0,0,-164,-164,0,-164,-164,610367
1739777760,1.05005,1.05025,1.05005,1.0501,147,129.15,0,85,0,23,85,-62,23,610367
1739777940,1.0501,1.0501,1.04965,1.04995,369,142.2,0,0,-369,-369,0,-369,-369,610367
1739778120,1.05,1.05015,1.04995,1.05005,134,146.9,0,44,-3,44,89,-45,44,610367
1739778300,1.05005,1.05015,1.04995,1.04995,202,153.65,0,111,0,20,111,-91,20,610367
1739778480,1.04995,1.05015,1.04985,1.0501,356,169.15,0,45,-210,-154,101,-255,-154,610367
1739778660,1.05005,1.05005,1.04975,1.04995,215,174.2,0,83,-66,83,149,-66,83,610367
1739778840,1.04995,1.05,1.04945,1.0497,742,208.3,0,124,-244,124,433,-309,124,610367
1739779020,1.0497,1.04975,1.04955,1.04965,400,224.95,0,335,0,270,335,-65,270,610367
1739779200,1.04965,1.0499,1.0493,1.0493,741,252.9,0,292,-157,-157,292,-449,-157,610367
1739779380,1.0493,1.04945,1.04895,1.0493,771,282.05,0,0,-542,-415,178,-593,-415,610367
1739779560,1.0493,1.04965,1.0492,1.0495,331,289.85,0,125,-103,125,228,-103,125,610367
1739779740,1.04945,1.04955,1.04925,1.04945,351,300,0,97,-127,97,224,-127,97,610367
1739779920,1.0495,1.0496,1.04935,1.0495,227,303.35,0,156,0,85,156,-71,85,610367
1739780100,1.0495,1.0497,1.0495,1.0496,248,308.55,0,97,-15,24,136,-112,24,610367
1739780280,1.0496,1.0496,1.04935,1.04935,364,320.65,0,0,-364,-364,0,-364,-364,610367
1739780460,1.0494,1.0494,1.04895,1.04905,500,334,0,0,-500,-500,0,-500,-500,610367
1739780640,1.04905,1.0491,1.04895,1.049,301,343.25,0,0,-212,-123,89,-212,-123,610367
1739780820,1.04895,1.04895,1.04875,1.04885,709,372,0,0,-407,-105,302,-407,-105,610367
1739781000,1.0489,1.04895,1.04855,1.04865,496,388.4,0,0,-496,-496,0,-496,-496,610367
1739781180,1.0486,1.04875,1.0485,1.0487,320,396.2,0,146,0,146,233,-87,146,610367
1739781360,1.0487,1.049,1.0487,1.04885,343,406,0,170,0,137,240,-103,137,610367
1739781540,1.04885,1.049,1.0488,1.049,335,404.3,0,205,-65,205,270,-65,205,610367
1739781720,1.049,1.04905,1.04885,1.049,192,407.2,0,0,-91,-46,73,-119,-46,610367
1739781900,1.04905,1.0492,1.0488,1.0489,155,404.85,0,0,-155,-155,0,-155,-155,610367
1739782080,1.0489,1.04905,1.0488,1.049,113,392.7,0,0,-75,-75,19,-94,-75,610367
1739782260,1.049,1.0491,1.0487,1.049,369,400.4,0,36,-141,15,192,-177,15,610367
1739782440,1.04905,1.04905,1.04875,1.04875,262,376.4,0,0,-262,-262,0,-262,-262,610367
1739782620,1.0488,1.04885,1.0487,1.04885,122,362.5,0,60,0,60,91,-31,60,610367
1739782800,1.0488,1.04895,1.04865,1.0489,190,334.95,0,54,-68,54,122,-68,54,610367
1739782980,1.0489,1.04895,1.0487,1.04885,240,308.4,0,120,0,34,137,-103,34,610367
1739783160,1.04885,1.04885,1.0487,1.04875,265,305.1,0,0,-129,-115,75,-190,-115,610367
1739783340,1.04875,1.04895,1.04865,1.04885,273,301.2,0,0,-161,-49,112,-161,-49,610367
1739783520,1.04885,1.0492,1.0488,1.049,270,303.35,0,179,0,88,179,-91,88,610367
1739783700,1.04895,1.04925,1.0489,1.04925,184,300.15,0,48,-68,48,116,-68,48,610367
1739783880,1.0493,1.0495,1.0492,1.0492,342,299.05,0,162,-18,-18,162,-180,-18,610367
1739784060,1.0492,1.0493,1.0491,1.0493,69,277.5,0,23,-23,23,46,-23,23,610367
1739784240,1.04935,1.0495,1.0491,1.0494,519,288.4,0,431,-44,431,475,-44,431,610367
1739784420,1.04935,1.0495,1.04925,1.04925,409,273.4,0,138,-133,-133,138,-271,-133,610367
1739784600,1.04925,1.04925,1.04895,1.04895,140,255.6,0,0,-140,-140,0,-140,-140,610367
1739784780,1.04895,1.04895,1.04865,1.04875,127,245.95,0,0,-127,-127,0,-127,-127,610367
1739784960,1.04875,1.049,1.0487,1.04875,183,237.95,0,45,-93,-93,45,-138,-93,610367
1739785140,1.0487,1.0488,1.04855,1.0487,239,233.15,0,35,-71,-27,106,-133,-27,610367
1739785320,1.0487,1.049,1.0487,1.0489,185,232.8,0,185,0,185,185,0,185,610367
1739785500,1.04885,1.0489,1.0487,1.0488,144,232.25,0,9,-46,-34,55,-89,-34,610367
1739785680,1.0488,1.04895,1.04875,1.04875,70,230.1,0,35,0,0,35,-35,0,610367
1739785860,1.0488,1.0488,1.0486,1.04865,110,217.15,0,0,-110,-110,0,-110,-110,610367
1739786040,1.04865,1.04865,1.0485,1.04865,248,216.45,0,50,-99,50,149,-99,50,610367
1739786220,1.04865,1.04885,1.04865,1.0488,302,225.45,0,57,-85,18,160,-142,18,610367
1739786400,1.04885,1.049,1.04875,1.049,268,229.35,0,90,-1,86,177,-91,86,610367
1739786580,1.04895,1.0493,1.0489,1.04925,416,238.15,0,416,0,416,416,0,416,610367
1739786760,1.04925,1.04935,1.04915,1.04935,251,237.45,0,251,0,251,251,0,251,610367
1739786940,1.04935,1.0496,1.0493,1.0496,340,240.8,0,340,0,340,340,0,340,610367
1739787120,1.0496,1.0497,1.0494,1.0496,394,247,0,154,0,154,274,-120,154,610367
1739787300,1.04965,1.04985,1.0496,1.0496,286,252.1,0,185,0,84,185,-101,84,610367
1739787480,1.04965,1.04975,1.04955,1.04975,252,247.6,0,252,0,252,252,0,252,610367
1739787660,1.04975,1.0499,1.0497,1.04985,302,259.25,0,214,0,214,258,-44,214,610367
1739787840,1.04985,1.0499,1.0497,1.04975,237,245.15,0,0,-91,-91,73,-164,-91,610367
1739788020,1.04975,1.04985,1.04965,1.04975,188,234.1,0,0,-188,-188,0,-188,-188,610367
1739788200,1.04975,1.0499,1.0497,1.0499,124,233.3,0,124,0,124,124,0,124,610367
1739788380,1.0499,1.0499,1.0496,1.0496,325,243.2,0,0,-249,-249,38,-287,-249,610367
1739788560,1.04955,1.0497,1.04955,1.04965,327,250.4,0,23,-152,23,175,-152,23,610367
1739788740,1.0496,1.0497,1.0495,1.0497,316,254.25,0,190,-63,190,253,-63,190,610367
1739788920,1.0497,1.0498,1.0495,1.04955,521,271.05,0,195,-131,-131,195,-326,-131,610367
1739789100,1.0496,1.05015,1.0496,1.0501,441,285.9,0,441,0,441,441,0,441,610367
1739789280,1.0501,1.0503,1.05005,1.05025,442,304.5,0,442,0,442,442,0,442,610367
1739789460,1.05025,1.0503,1.0501,1.0502,357,316.85,0,0,-357,-357,0,-357,-357,610367
1739789640,1.05025,1.0503,1.05005,1.05005,178,313.35,0,0,-81,-46,66,-112,-46,610367
1739789820,1.05005,1.0503,1.05005,1.0503,533,324.9,0,533,0,533,533,0,533,610367
1739790000,1.05025,1.0503,1.05015,1.05025,247,323.85,0,77,-85,77,162,-85,77,610367
1739790180,1.0503,1.0503,1.05,1.05,163,311.2,0,0,-163,-163,0,-163,-163,610367
1739790360,1.04995,1.04995,1.0498,1.04985,73,302.3,0,0,-58,-43,15,-58,-43,610367
1739790540,1.0499,1.05,1.0499,1.0499,104,290.5,0,41,-22,-22,41,-63,-22,610367
1739790720,1.04985,1.04995,1.0498,1.04995,64,274,0,0,-39,-14,25,-39,-14,610367
1739790900,1.05,1.05025,1.04995,1.05015,172,268.3,0,142,0,112,142,-30,112,610367
1739791080,1.05015,1.05015,1.04995,1.05,70,259.2,0,0,-59,-48,11,-59,-48,610367
1739791260,1.05,1.0502,1.05,1.05005,86,248.4,0,45,0,4,45,-41,4,610367
1739791440,1.05005,1.05015,1.0499,1.0499,148,243.95,0,0,-148,-148,0,-148,-148,610367
1739791620,1.0499,1.0499,1.04965,1.04965,165,242.8,0,0,-165,-165,0,-165,-165,610367
1739791800,1.04965,1.0497,1.0496,1.0497,176,245.4,0,0,-132,-88,44,-132,-88,610367
1739791980,1.0497,1.0497,1.0494,1.0494,290,243.65,0,70,-150,-150,70,-220,-150,610367
1739792160,1.0494,1.04945,1.04925,1.0494,254,240,0,0,-145,-36,109,-145,-36,610367
1739792340,1.0494,1.0495,1.0493,1.0494,169,232.65,0,45,-19,45,107,-62,45,610367
1739792520,1.04935,1.04935,1.04915,1.04935,203,216.75,0,0,-151,-99,52,-151,-99,610367
1739792700,1.04935,1.04945,1.04935,1.0494,184,203.9,0,157,0,130,157,-27,130,610367
1739792880,1.0494,1.04965,1.04935,1.04965,129,188.25,0,87,-21,87,108,-21,87,610367
1739793060,1.04965,1.04965,1.04935,1.0494,146,177.7,0,0,-146,-146,0,-146,-146,610367
1739793240,1.0494,1.0495,1.04935,1.04945,132,175.4,0,0,-100,-68,32,-100,-68,610367
1739793420,1.04945,1.04965,1.04935,1.0496,199,158.7,0,199,0,199,199,0,199,610367
1739793600,1.0496,1.04965,1.0494,1.0494,137,153.2,0,0,-137,-137,0,-137,-137,610367
1739793780,1.04935,1.04935,1.04915,1.0492,128,151.45,0,0,-128,-128,0,-128,-128,610367
1739793960,1.04925,1.0494,1.04925,1.0494,72,151.4,0,72,0,72,72,0,72,610367
1739794140,1.04945,1.04945,1.0494,1.04945,45,148.45,0,0,-36,-27,9,-36,-27,610367
1739794320,1.0495,1.04985,1.04945,1.0498,223,156.4,0,223,0,223,223,0,223,610367
1739794500,1.0498,1.0499,1.0497,1.04975,136,154.6,0,29,-78,-78,29,-107,-78,610367
1739794680,1.04965,1.04965,1.0492,1.0492,163,159.25,0,0,-163,-163,0,-163,-163,610367
1739794860,1.0492,1.04925,1.04905,1.04925,106,160.25,0,0,-61,-16,45,-61,-16,610367
1739795040,1.04925,1.04925,1.049,1.04915,354,170.55,0,48,-153,48,201,-153,48,610367
1739795220,1.04915,1.04915,1.04905,1.04905,199,172.25,0,0,-199,-199,0,-199,-199,610367
1739795400,1.04905,1.0491,1.0488,1.049,261,176.5,0,108,-58,71,166,-95,71,610367
1739795580,1.049,1.049,1.04875,1.04885,204,172.2,0,0,-204,-204,0,-204,-204,610367
1739795760,1.04885,1.0489,1.0486,1.0486,344,176.7,0,47,-250,-250,47,-297,-250,610367
1739795940,1.0486,1.04885,1.04845,1.04845,810,208.75,0,194,-422,-422,194,-616,-422,610367
1739796120,1.04845,1.0486,1.0483,1.04845,625,229.85,0,0,-426,-227,199,-426,-227,610367
1739796300,1.04845,1.04865,1.0482,1.0484,590,250.15,0,0,-219,-158,216,-374,-158,610367
1739796480,1.0484,1.04855,1.0483,1.04845,432,265.3,0,0,-271,-110,161,-271,-110,610367
1739796660,1.0485,1.0487,1.0485,1.04865,314,273.7,0,314,0,314,314,0,314,610367
1739796840,1.04865,1.04885,1.0484,1.04875,289,281.55,0,169,-60,169,229,-60,169,610367
1739797020,1.0487,1.0487,1.0485,1.0486,269,285.05,0,0,-107,-77,96,-173,-77,610367
1739797200,1.04865,1.0488,1.04865,1.04865,278,292.1,0,151,0,24,151,-127,24,610367
1739797380,1.04865,1.04875,1.04855,1.0487,170,294.2,0,0,-99,-28,71,-99,-28,610367
1739797560,1.04865,1.0488,1.04865,1.0487,147,297.95,0,29,-31,29,88,-59,29,610367
1739797740,1.04875,1.04875,1.04845,1.0485,156,303.5,0,16,-124,-124,16,-140,-124,610367
1739797920,1.04855,1.04855,1.04845,1.04855,126,298.65,0,32,-32,-2,62,-64,-2,610367
1739798100,1.0486,1.0487,1.04855,1.04865,134,298.55,0,0,-71,-8,63,-71,-8,610367
1739798280,1.04865,1.0487,1.0485,1.04855,362,308.5,0,217,0,72,217,-145,72,610367
1739798460,1.0486,1.04865,1.04855,1.04865,88,307.6,0,16,-36,16,52,-36,16,610367
1739798640,1.0487,1.04875,1.0484,1.0484,112,295.5,0,24,-64,-64,24,-88,-64,610367
1739798820,1.0484,1.04845,1.0481,1.04825,558,313.45,0,0,-276,-162,198,-360,-162,610367
1739799000,1.04825,1.0485,1.04825,1.0484,364,318.6,0,150,-64,-64,150,-214,-64,610367
1739799180,1.04845,1.04845,1.04825,1.0484,188,317.8,0,38,-75,38,113,-75,38,610367
1739799360,1.0484,1.04865,1.0484,1.04865,151,308.15,0,45,-29,3,77,-74,3,610367
1739799540,1.04865,1.04865,1.0485,1.04855,109,273.1,0,14,-32,-17,46,-63,-17,610367
1739799720,1.0486,1.0487,1.0486,1.0487,95,246.6,0,95,0,95,95,0,95,610367
1739799900,1.0487,1.0489,1.04865,1.04885,414,237.8,0,186,-114,186,300,-114,186,610367
1739800080,1.04885,1.049,1.04885,1.04895,176,225,0,65,0,64,120,-56,64,610367
1739800260,1.049,1.049,1.0489,1.0489,220,220.3,0,170,0,120,170,-50,120,610367
1739800440,1.04895,1.04905,1.04885,1.049,150,213.35,0,67,0,36,93,-57,36,610367
1739800620,1.04895,1.04895,1.04875,1.0488,164,208.1,0,0,-112,-60,52,-112,-60,610367
1739800800,1.04885,1.0489,1.0487,1.04875,196,204,0,3,-80,-30,83,-113,-30,610367
1739800980,1.04875,1.04905,1.0487,1.049,191,205.05,0,191,0,191,191,0,191,610367
1739801160,1.049,1.04925,1.049,1.0491,203,207.85,0,69,-65,-65,69,-134,-65,610367
1739801340,1.0491,1.04915,1.049,1.04905,203,210.2,0,0,-136,-121,41,-162,-121,610367
1739801520,1.04905,1.04905,1.04865,1.0488,193,213.55,0,0,-159,-125,34,-159,-125,610367
1739801700,1.04885,1.04885,1.04865,1.04885,236,218.65,0,0,-136,-36,100,-136,-36,610367
1739801880,1.04885,1.04885,1.04865,1.0487,81,204.6,0,0,-81,-81,0,-81,-81,610367
1739802060,1.0487,1.0487,1.0485,1.04865,93,204.85,0,0,-78,-63,15,-78,-63,610367
1739802240,1.04865,1.0487,1.04855,1.04865,49,201.7,0,49,0,49,49,0,49,610367
1739802420,1.04865,1.0488,1.0486,1.04875,143,180.95,0,116,0,89,116,-27,89,610367
1739802600,1.04875,1.04895,1.0487,1.04885,139,169.7,0,1,-53,-31,54,-85,-31,610367
1739802780,1.0489,1.0489,1.04865,1.04865,131,166.85,0,0,-131,-131,0,-131,-131,610367
1739802960,1.0486,1.0487,1.04855,1.04865,246,171.6,0,2,-122,2,124,-122,2,610367
1739803140,1.0487,1.0489,1.0487,1.04885,179,175.1,0,179,0,179,179,0,179,610367
1739803320,1.0489,1.0492,1.04885,1.04905,161,178.4,0,94,0,75,118,-43,75,610367
1739803500,1.04905,1.0491,1.04895,1.04895,210,168.2,0,92,-26,-26,92,-118,-26,610367
1739803680,1.049,1.0492,1.049,1.0492,267,172.75,0,267,0,267,267,0,267,610367
1739803860,1.0492,1.0492,1.0491,1.0491,154,169.45,0,0,-128,-128,13,-141,-128,610367
1739804040,1.0491,1.04925,1.0491,1.04925,93,166.6,0,31,-31,31,62,-31,31,610367
1739804220,1.04925,1.0493,1.0492,1.04925,114,164.1,0,85,0,56,85,-29,56,610367
1739804400,1.04925,1.04955,1.04915,1.04925,432,175.9,0,61,-264,-264,84,-348,-264,610367
1739804580,1.0493,1.04945,1.0493,1.04935,263,179.5,0,99,-65,-65,99,-164,-65,610367
1739804760,1.04935,1.04955,1.0493,1.04945,488,193.75,0,378,-55,378,433,-55,378,610367
1739804940,1.0494,1.04975,1.04935,1.04975,484,207.8,0,484,0,484,484,0,484,610367
1739805120,1.0498,1.0498,1.0495,1.04965,333,214.8,0,0,-211,-89,122,-211,-89,610367
1739805300,1.04965,1.0497,1.0496,1.0496,219,213.95,0,73,-73,-73,73,-146,-73,610367
1739805480,1.04955,1.04955,1.0492,1.04925,185,219.15,0,0,-185,-185,0,-185,-185,610367
1739805660,1.04925,1.04935,1.0492,1.04935,136,221.3,0,136,0,136,136,0,136,610367
1739805840,1.04935,1.0495,1.04925,1.0495,100,223.85,0,100,0,100,100,0,100,610367
1739806020,1.0495,1.0496,1.0494,1.04945,196,226.5,0,74,-48,-48,74,-122,-48,610367
1739806200,1.04945,1.04965,1.0494,1.0496,97,224.4,0,0,-61,-61,18,-79,-61,610367
1739806380,1.04965,1.04965,1.04945,1.0495,156,225.65,0,0,-156,-156,0,-156,-156,610367
1739806560,1.04945,1.0496,1.04945,1.04955,93,218,0,93,0,93,93,0,93,610367
1739806740,1.0496,1.0496,1.0494,1.0494,107,214.4,0,0,-107,-107,0,-107,-107,610367
1739806920,1.0494,1.0494,1.0492,1.04925,259,219.3,0,0,-259,-259,0,-259,-259,610367
1739807100,1.0493,1.04945,1.0493,1.0494,124,215,0,124,0,124,124,0,124,610367
1739807280,1.04935,1.0494,1.04915,1.0492,216,212.45,0,25,-65,-36,90,-126,-36,610367
1739807460,1.0492,1.0492,1.049,1.049,410,225.25,0,0,-410,-410,0,-410,-410,610367
1739807640,1.049,1.049,1.0488,1.0489,797,260.45,0,0,-373,-307,245,-552,-307,610367
1739807820,1.04895,1.0495,1.04885,1.04935,817,295.6,0,610,0,403,610,-207,403,610367
1739808000,1.0494,1.04945,1.04915,1.0493,849,316.45,0,0,-701,-553,148,-701,-553,610367
1739808180,1.04935,1.04955,1.04935,1.0495,118,309.2,0,118,0,118,118,0,118,610367
1739808360,1.0495,1.04955,1.0493,1.0493,385,304.05,0,308,0,231,308,-77,231,610367
1739808540,1.04935,1.04935,1.04915,1.04915,163,288,0,0,-163,-163,0,-163,-163,610367
1739808720,1.0491,1.0493,1.0491,1.0493,110,276.85,0,110,0,110,110,0,110,610367
1739808900,1.0493,1.04935,1.0492,1.0492,106,271.2,0,11,-30,-24,41,-65,-24,610367
1739809080,1.0492,1.0493,1.04915,1.0492,130,268.45,0,109,0,88,109,-21,88,610367
1739809260,1.0492,1.0494,1.0492,1.0493,111,267.2,0,49,-10,49,80,-31,49,610367
1739809440,1.0493,1.0496,1.0493,1.0493,584,291.4,0,37,-510,-510,37,-547,-510,610367
1739809620,1.04925,1.0496,1.0492,1.0496,182,290.7,0,182,0,182,182,0,182,610367
1739809800,1.04955,1.0497,1.04955,1.04965,81,289.9,0,33,-6,-3,39,-42,-3,610367
1739809980,1.0497,1.04975,1.0494,1.0494,81,286.15,0,7,-67,-67,7,-74,-67,610367
1739810160,1.04945,1.04945,1.04915,1.0493,192,291.1,0,0,-149,-106,43,-149,-106,610367
1739810340,1.04925,1.04925,1.04915,1.0492,107,291.1,0,0,-84,-61,23,-84,-61,610367
1739810520,1.0492,1.04925,1.04915,1.0492,176,286.95,0,114,-12,114,145,-31,114,610367
1739810700,1.04925,1.04935,1.0492,1.04925,196,290.55,0,152,0,108,152,-44,108,610367
1739810880,1.04935,1.04945,1.0493,1.0494,84,283.95,0,30,-1,30,57,-27,30,610367
1739811060,1.04945,1.0495,1.0493,1.0493,79,267.4,0,55,0,31,55,-24,31,610367
1739811240,1.0493,1.04945,1.04925,1.04945,95,232.3,0,21,-37,21,58,-37,21,610367
1739811420,1.04945,1.04945,1.04925,1.04925,39,193.4,0,0,-22,-17,11,-28,-17,610367
1739811600,1.0493,1.04945,1.0492,1.0494,174,159.65,0,38,-68,38,106,-68,38,610367
1739811780,1.0494,1.0494,1.0493,1.0493,39,155.7,0,0,-39,-39,0,-39,-39,610367
1739811960,1.04935,1.04935,1.04925,1.04935,34,138.15,0,20,-7,20,27,-7,20,610367
1739812140,1.04935,1.0495,1.04935,1.0495,65,133.25,0,65,0,65,65,0,65,610367
1739812320,1.04955,1.0496,1.0495,1.04955,389,147.2,0,0,-210,-31,179,-210,-31,610367
1739812500,1.0495,1.04975,1.0495,1.04965,591,171.45,0,468,0,345,468,-123,345,610367
1739812680,1.04965,1.0497,1.0496,1.04965,150,172.45,0,68,-41,68,109,-41,68,610367
1739812860,1.0497,1.0498,1.04955,1.04975,145,174.15,0,119,-13,119,132,-13,119,610367
1739813040,1.0497,1.0499,1.0497,1.0499,582,174.05,0,582,0,582,582,0,582,610367
1739813220,1.0498,1.0499,1.04975,1.0498,561,193,0,392,0,223,392,-169,223,610367
1739813400,1.0498,1.04985,1.04965,1.0497,166,197.25,0,0,-166,-166,0,-166,-166,610367
1739813580,1.0497,1.04985,1.0497,1.04975,64,196.4,0,29,-6,-6,29,-35,-6,610367
1739813760,1.0498,1.0498,1.0496,1.04965,117,192.65,0,0,-117,-117,0,-117,-117,610367
1739813940,1.0496,1.04965,1.04945,1.04965,112,192.9,0,44,-34,44,78,-34,44,610367
1739814120,1.0496,1.0497,1.0496,1.0496,135,190.85,0,125,0,115,125,-10,115,610367
1739814300,1.0496,1.04965,1.0496,1.0496,63,184.2,0,0,-63,-63,0,-63,-63,610367
1739814480,1.04955,1.0496,1.04945,1.0496,74,183.7,0,58,-8,58,66,-8,58,610367
1739814660,1.04965,1.04965,1.0496,1.0496,7,180.1,0,0,-7,-7,0,-7,-7,610367
1739814840,1.04965,1.04975,1.04955,1.0496,126,181.65,0,98,0,70,98,-28,70,610367
1739815020,1.04965,1.04975,1.04965,1.04965,57,182.55,0,17,-23,-23,17,-40,-23,610367
1739815200,1.04965,1.04965,1.0496,1.0496,28,175.25,0,0,-28,-28,0,-28,-28,610367
1739815380,1.0496,1.0496,1.0495,1.04955,66,176.6,0,0,-66,-66,0,-66,-66,610367
1739815560,1.04955,1.04955,1.04945,1.04945,46,177.2,0,0,-46,-46,0,-46,-46,610367
1739815740,1.0495,1.0495,1.04945,1.0495,28,175.35,0,20,-3,20,24,-4,20,610367
1739815920,1.04945,1.04945,1.04935,1.04935,13,156.55,0,0,-11,-11,1,-12,-11,610367
1739816100,1.04935,1.0495,1.04935,1.0494,24,128.2,0,20,0,16,20,-4,16,610367
1739816280,1.0495,1.0495,1.0494,1.0495,22,121.8,0,4,-9,4,13,-9,4,610367
1739816460,1.0495,1.0495,1.0495,1.0495,9,115,0,9,0,9,9,0,9,610367
1739816640,1.04945,1.0495,1.04945,1.04945,36,87.7,0,26,-4,24,30,-6,24,610367
1739816820,1.04945,1.0496,1.04945,1.0495,41,61.7,0,41,0,41,41,0,41,610367
1739817000,1.0495,1.0495,1.04945,1.04945,42,55.5,0,13,-16,-16,13,-29,-16,610367
1739817180,1.0494,1.04945,1.0493,1.04935,140,59.3,0,0,-128,-116,12,-128,-116,610367
1739817360,1.04935,1.0494,1.04935,1.04935,13,54.1,0,4,-5,-5,4,-9,-5,610367
1739817540,1.04935,1.0494,1.04935,1.0494,50,51,0,20,-15,20,35,-15,20,610367
1739817720,1.0494,1.04945,1.0494,1.04945,15,45,0,15,0,15,15,0,15,610367
1739817900,1.04945,1.0495,1.0494,1.04945,27,43.2,0,23,0,23,25,-2,23,610367
1739818080,1.0495,1.0495,1.0494,1.0495,67,42.85,0,29,-19,29,48,-19,29,610367
1739818260,1.04945,1.04955,1.04945,1.0495,19,43.45,0,18,0,17,18,-1,17,610367
1739818440,1.04955,1.04955,1.04955,1.04955,5,37.4,0,5,0,5,5,0,5,610367
1739818620,1.0495,1.0496,1.0495,1.0496,23,35.7,0,23,0,23,23,0,23,610367
1739818800,1.04965,1.04965,1.04955,1.04955,30,35.8,0,0,-30,-30,0,-30,-30,610367
1739818980,1.0496,1.0496,1.0495,1.0496,18,33.4,0,8,-5,8,13,-5,8,610367
1739819160,1.04965,1.04975,1.0496,1.0496,93,35.75,0,76,0,59,76,-17,59,610367
1739819340,1.0496,1.0496,1.0496,1.0496,20,35.35,0,0,-20,-20,0,-20,-20,610367
1739819520,1.04965,1.04965,1.04955,1.04965,14,35.4,0,0,-12,-10,2,-12,-10,610367
1739819700,1.04965,1.04975,1.0496,1.04975,82,38.3,0,70,-6,70,76,-6,70,610367
1739819880,1.04975,1.04975,1.04975,1.04975,7,37.55,0,7,0,7,7,0,7,610367
1739820060,1.0497,1.0497,1.0496,1.04965,30,38.6,0,0,-30,-30,0,-30,-30,610367
1739820240,1.04965,1.04975,1.04965,1.0497,29,38.25,0,8,-9,-9,10,-19,-9,610367
1739820420,1.0497,1.04975,1.0497,1.04975,38,38.1,0,4,-17,4,21,-17,4,610367
1739820600,1.0497,1.0497,1.04965,1.04965,43,38.15,0,0,-43,-43,0,-43,-43,610367
1739820780,1.04965,1.04965,1.04955,1.04965,35,32.9,0,0,-23,-11,12,-23,-11,610367
1739820960,1.04965,1.04965,1.04965,1.04965,1,32.3,0,1,0,1,1,0,1,610367
1739821140,1.0496,1.0496,1.0496,1.0496,6,30.1,0,0,-6,-6,0,-6,-6,610367
1739821320,1.04955,1.04955,1.0495,1.0495,101,34.4,0,0,-101,-101,0,-101,-101,610367
1739821500,1.04945,1.04955,1.04945,1.04955,8,33.45,0,6,-1,6,7,-1,6,610367
1739821680,1.0495,1.0495,1.04945,1.04945,14,30.8,0,0,-14,-14,0,-14,-14,610367
1739821860,1.04945,1.0495,1.04945,1.0495,9,30.3,0,9,0,9,9,0,9,610367
1739822040,1.0494,1.04945,1.04935,1.04945,108,35.45,0,56,0,56,82,-26,56,610367
1739822220,1.04945,1.04955,1.04945,1.0495,122,40.4,0,122,0,122,122,0,122,610367
1739822400,1.0496,1.0496,1.0495,1.0495,34,40.6,0,0,-34,-34,0,-34,-34,610367
1739822580,1.0495,1.04955,1.0495,1.0495,50,42.2,0,46,0,42,46,-4,42,610367
1739822760,1.04945,1.0495,1.04945,1.0495,8,37.95,0,8,0,8,8,0,8,610367
1739822940,1.04945,1.04945,1.04945,1.04945,4,37.15,0,0,-4,-4,0,-4,-4,610367
1739823120,1.04945,1.04955,1.04945,1.04955,16,37.25,0,14,-1,14,15,-1,14,610367
1739823300,1.0495,1.0495,1.0495,1.0495,1,33.2,0,0,-1,-1,0,-1,-1,610367
1739823480,1.0495,1.04955,1.0495,1.0495,34,34.55,0,3,-28,-28,3,-31,-28,610367
1739823660,1.04955,1.04965,1.04955,1.0496,30,34.55,0,28,0,26,28,-2,26,610367
1739823840,1.0496,1.0496,1.0496,1.0496,6,33.4,0,0,-6,-6,0,-6,-6,610367
1739824020,1.04955,1.04955,1.04955,1.04955,33,33.15,0,0,-33,-33,0,-33,-33,610367
1739824200,1.04955,1.0496,1.04955,1.0496,20,32,0,6,-7,6,13,-7,6,610367
1739824380,1.0496,1.04965,1.0496,1.04965,24,31.45,0,6,-7,6,15,-9,6,610367
1739824560,1.0497,1.0497,1.04965,1.04965,38,33.3,0,0,-38,-38,0,-38,-38,610367
1739824740,1.04965,1.04965,1.0496,1.04965,24,34.2,0,6,-9,6,15,-9,6,610367
1739824920,1.04965,1.04965,1.0496,1.0496,8,29.55,0,3,-2,-2,3,-5,-2,610367
1739825100,1.0496,1.0496,1.04955,1.0496,20,30.15,0,0,-20,-20,0,-20,-20,610367
1739825280,1.04965,1.0497,1.0496,1.04965,72,33.05,0,72,0,72,72,0,72,610367
1739825460,1.0496,1.04965,1.0496,1.0496,12,33.2,0,2,-8,-8,2,-10,-8,610367
1739825640,1.0496,1.04975,1.0496,1.04975,31,29.35,0,27,-2,27,29,-2,27,610367
1739825820,1.04975,1.0498,1.0497,1.04975,38,25.15,0,38,0,38,38,0,38,610367
1739826000,1.0498,1.0498,1.04975,1.04975,67,26.8,0,0,-61,-61,3,-64,-61,610367
1739826180,1.0497,1.0497,1.0497,1.0497,27,25.65,0,0,-27,-27,0,-27,-27,610367
1739826540,1.0497,1.0497,1.0497,1.0497,20,26.25,0,0,-20,-20,0,-20,-20,610367
1739826720,1.0497,1.0497,1.0497,1.0497,14,26.75,0,0,-14,-14,0,-14,-14,610367
1739826900,1.0497,1.04975,1.0497,1.04975,37,27.8,0,31,-3,31,34,-3,31,610367
1739827080,1.0497,1.04975,1.0497,1.04975,59,30.7,0,59,0,59,59,0,59,610367
1739827260,1.0498,1.04985,1.0498,1.0498,25,30.25,0,5,-15,-15,5,-20,-15,610367
1739827440,1.0498,1.0498,1.0498,1.0498,5,29,0,0,-5,-5,0,-5,-5,610367
1739827620,1.0498,1.0498,1.04975,1.0498,9,29.15,0,3,-3,3,6,-3,3,610367
1739827800,1.04975,1.0498,1.04975,1.0498,44,29.7,0,0,-30,-16,14,-30,-16,610367
1739827980,1.04975,1.0498,1.04975,1.0498,42,30.8,0,12,-15,12,27,-15,12,610367
1739828160,1.0498,1.0499,1.0498,1.0499,81,33.65,0,81,0,81,81,0,81,610367
1739828340,1.0499,1.0499,1.0498,1.04985,53,34.4,0,0,-53,-53,0,-53,-53,610367
1739828520,1.04985,1.04985,1.04985,1.04985,16,34,0,0,-16,-16,0,-16,-16,610367
1739828700,1.0498,1.04985,1.04975,1.04985,24,34.8,0,10,0,10,17,-7,10,610367
1739828880,1.0498,1.0499,1.0498,1.0498,101,38.85,0,23,-55,-55,23,-78,-55,610367
1739829060,1.04985,1.04985,1.0498,1.0498,6,35.55,0,1,-4,-4,1,-5,-4,610367
1739829240,1.04985,1.04985,1.0498,1.0498,45,37.2,0,3,-39,-39,3,-42,-39,610367
1739829420,1.0497,1.0499,1.0497,1.0498,35,37.4,0,31,-2,31,33,-2,31,610367
1739833200,1.04965,1.0499,1.049,1.04965,823,76.65,0,0,-795,-767,28,-795,-767,610367
1739833380,1.0497,1.0497,1.0495,1.04955,79,77.25,0,0,-79,-79,0,-79,-79,610367
1739833560,1.0496,1.0496,1.04945,1.0495,88,80.3,0,0,-52,-42,23,-65,-42,610367
1739833740,1.04955,1.04965,1.04955,1.04955,37,81.15,0,29,0,21,29,-8,21,610367
1739833920,1.0495,1.0495,1.0494,1.0495,21,81.5,0,11,-5,11,16,-5,11,610367
1739834100,1.0495,1.04955,1.0495,1.0495,12,80.25,0,12,0,12,12,0,12,610367
1739834280,1.0495,1.0495,1.0494,1.0494,48,79.7,0,0,-48,-48,0,-48,-48,610367
1739834460,1.0494,1.04945,1.0494,1.04945,4,78.65,0,2,-1,2,3,-1,2,610367
1739834640,1.0494,1.0494,1.04935,1.04935,32,80,0,0,-32,-32,0,-32,-32,610367
1739834820,1.04935,1.04935,1.0492,1.0492,53,82.2,0,0,-53,-53,0,-53,-53,610367
1739835000,1.04925,1.0494,1.04925,1.0494,20,81,0,12,0,8,14,-6,8,610367
1739835180,1.0495,1.04955,1.0495,1.04955,18,79.8,0,18,0,18,18,0,18,610367
1739835360,1.04955,1.04955,1.0495,1.0495,12,76.35,0,4,-4,-4,4,-8,-4,610367
1739835540,1.0495,1.04965,1.0495,1.04955,140,80.7,0,80,-10,40,90,-50,40,610367
1739835720,1.0496,1.0497,1.04955,1.0497,54,82.6,0,54,0,54,54,0,54,610367
1739835900,1.04975,1.04995,1.04975,1.04985,93,86.05,0,44,-5,-5,44,-49,-5,610367
1739836080,1.0498,1.0499,1.0498,1.0499,49,83.45,0,49,0,49,49,0,49,610367
1739836260,1.0499,1.0499,1.04975,1.0498,23,84.3,0,0,-22,-21,1,-22,-21,610367
1739836440,1.04975,1.04985,1.04975,1.0498,22,83.15,0,2,-16,-16,3,-19,-16,610367
1739836620,1.04985,1.04985,1.0498,1.04985,30,82.9,0,22,-4,22,26,-4,22,610367
1739836800,1.0499,1.0499,1.04975,1.04975,30,43.25,0,0,-30,-30,0,-30,-30,610367
1739836980,1.0498,1.04985,1.0498,1.0498,35,41.05,0,18,0,1,18,-17,1,610367
1739837160,1.0498,1.04995,1.04975,1.0499,37,38.5,0,0,-20,-3,17,-20,-3,610367
1739837340,1.0499,1.04995,1.04985,1.04985,37,38.5,0,6,-25,-25,6,-31,-25,610367
1739837520,1.0498,1.04985,1.0498,1.04985,8,37.85,0,0,-7,-6,1,-7,-6,610367
1739837700,1.0499,1.0499,1.0497,1.04975,43,39.4,0,0,-41,-39,2,-41,-39,610367
1739837880,1.0497,1.0498,1.04965,1.04965,34,38.7,0,26,0,18,26,-8,18,610367
1739838060,1.0496,1.0496,1.04945,1.0495,35,40.25,0,7,-11,-11,12,-23,-11,610367
1739838240,1.0495,1.0495,1.04935,1.04935,57,41.5,0,0,-57,-57,0,-57,-57,610367
1739838420,1.04935,1.0494,1.0493,1.0494,16,39.65,0,0,-8,0,8,-8,0,610367
1739838600,1.0494,1.04945,1.0494,1.0494,32,40.25,0,32,0,32,32,0,32,610367
1739838780,1.04935,1.04935,1.0493,1.0493,15,40.1,0,0,-15,-15,0,-15,-15,610367
1739838960,1.04925,1.04925,1.04915,1.04915,83,43.65,0,0,-83,-83,0,-83,-83,610367
1739839140,1.04915,1.0493,1.04905,1.04915,67,40,0,6,-19,-17,25,-42,-17,610367
1739839320,1.0491,1.0491,1.049,1.049,110,42.8,0,0,-110,-110,0,-110,-110,610367
1739839500,1.04905,1.04915,1.049,1.04915,60,41.15,0,60,0,60,60,0,60,610367
1739839680,1.0491,1.0491,1.0489,1.04895,32,40.3,0,0,-32,-32,0,-32,-32,610367
1739839860,1.049,1.049,1.0489,1.0489,65,42.4,0,53,0,41,53,-12,41,610367
1739840040,1.0489,1.04895,1.0488,1.0489,168,49.7,0,32,-51,-2,83,-85,-2,610367
1739840220,1.0488,1.0489,1.0486,1.0489,279,62.15,0,279,0,279,279,0,279,610367
1739840400,1.04885,1.0489,1.0487,1.0487,226,71.95,0,0,-226,-226,0,-226,-226,610367
1739840580,1.04875,1.04895,1.0487,1.04885,231,81.75,0,172,0,113,172,-59,113,610367
1739840760,1.04885,1.0489,1.0487,1.04875,132,86.5,0,0,-120,-108,12,-120,-108,610367
1739840940,1.04875,1.04875,1.0486,1.04865,52,87.25,0,30,-2,30,41,-11,30,610367
1739841120,1.04865,1.0487,1.0483,1.04835,983,136,0,0,-983,-983,0,-983,-983,610367
1739841300,1.0484,1.0485,1.0483,1.0485,319,149.8,0,225,0,151,235,-84,151,610367
1739841480,1.04845,1.0485,1.04825,1.0483,76,151.9,0,0,-50,-24,26,-50,-24,610367
1739841660,1.04825,1.0483,1.0482,1.04825,88,154.55,0,32,-28,32,60,-28,32,610367
1739841840,1.0483,1.0483,1.04815,1.04815,80,155.7,0,0,-80,-80,0,-80,-80,610367
1739842020,1.04815,1.04815,1.04775,1.0478,350,172.4,0,0,-350,-350,0,-350,-350,610367
1739842200,1.04785,1.04805,1.0478,1.0479,389,190.25,0,311,0,233,311,-78,233,610367
1739842380,1.0479,1.04795,1.04775,1.0478,101,194.55,0,23,-55,-55,23,-78,-55,610367
1739842560,1.04785,1.04795,1.04785,1.0479,104,195.6,0,104,0,104,104,0,104,610367
1739842740,1.0479,1.0481,1.0479,1.048,76,196.05,0,68,0,60,68,-8,60,610367
1739842920,1.04795,1.048,1.04785,1.0479,97,195.4,0,0,-97,-97,0,-97,-97,610367
1739843100,1.04785,1.04785,1.04755,1.0478,389,211.85,0,0,-291,-193,98,-291,-193,610367
1739843280,1.0478,1.048,1.0478,1.04785,142,217.35,0,87,0,32,87,-55,32,610367
1739843460,1.04785,1.04805,1.04785,1.04805,154,221.8,0,44,-26,44,99,-55,44,610367
1739843640,1.048,1.0481,1.0478,1.04785,196,223.2,0,0,-102,-102,47,-149,-102,610367
1739843820,1.0479,1.048,1.0477,1.04795,305,224.5,0,0,-159,-13,146,-159,-13,610367
1739844000,1.04795,1.04805,1.0479,1.048,143,220.35,0,67,0,67,105,-38,67,610367
1739844180,1.04805,1.04815,1.048,1.04815,61,211.85,0,61,0,61,61,0,61,610367
1739844360,1.04815,1.04825,1.0481,1.04815,59,208.2,0,27,-16,27,43,-16,27,610367
1739844540,1.04815,1.04815,1.048,1.0481,93,210.25,0,38,-2,13,53,-40,13,610367
1739844720,1.0481,1.0483,1.04805,1.0482,175,169.85,0,102,0,97,136,-39,97,610367
1739844900,1.0482,1.0483,1.04815,1.0483,81,157.95,0,11,-35,11,46,-35,11,610367
1739845080,1.04825,1.0483,1.0482,1.0483,29,155.6,0,0,-15,-1,14,-15,-1,610367
1739845260,1.0482,1.04825,1.0481,1.04815,89,155.65,0,45,0,45,67,-22,45,610367
1739845440,1.04815,1.0482,1.0481,1.04815,72,155.25,0,0,-52,-52,10,-62,-52,610367
1739845620,1.0481,1.0481,1.04805,1.04805,62,140.85,0,0,-62,-62,0,-62,-62,610367
1739845800,1.0481,1.04815,1.04805,1.0481,70,124.9,0,4,-36,-10,30,-40,-10,610367
1739845980,1.0481,1.0482,1.0481,1.04815,32,121.45,0,15,-2,-2,15,-17,-2,610367
1739846160,1.04825,1.04835,1.04825,1.04835,171,124.8,0,171,0,171,171,0,171,610367
1739846340,1.04835,1.04845,1.0483,1.0483,152,128.6,0,135,0,118,135,-17,118,610367
1739846520,1.0483,1.0483,1.0481,1.04815,70,127.25,0,0,-49,-34,18,-52,-34,610367
1739846700,1.04815,1.04815,1.04805,1.04805,69,111.25,0,0,-69,-69,0,-69,-69,610367
1739846880,1.04805,1.0482,1.04805,1.0482,27,105.5,0,27,0,27,27,0,27,610367
1739847060,1.0482,1.0483,1.04815,1.04815,39,99.75,0,19,-1,-1,19,-20,-1,610367
1739847240,1.04815,1.0482,1.04815,1.0482,30,91.45,0,30,0,30,30,0,30,610367
1739847420,1.0482,1.0482,1.0481,1.0481,36,78,0,0,-36,-36,0,-36,-36,610367
1739847600,1.04815,1.0483,1.04815,1.0483,69,74.3,0,69,0,69,69,0,69,610367
1739847780,1.0483,1.0483,1.0481,1.0481,66,74.55,0,12,-42,-42,12,-54,-42,610367
1739847960,1.0481,1.0481,1.0479,1.04795,79,75.55,0,0,-47,-15,32,-47,-15,610367
1739848140,1.04795,1.048,1.0478,1.0479,100,75.9,0,10,-45,10,55,-45,10,610367
1739848320,1.04785,1.04785,1.04775,1.0478,50,69.65,0,0,-26,-2,24,-26,-2,610367
1739848500,1.0478,1.04795,1.0478,1.04795,76,69.4,0,76,0,76,76,0,76,610367
1739848680,1.0479,1.048,1.0479,1.048,39,69.9,0,3,-18,3,21,-18,3,610367
1739848860,1.04805,1.04825,1.04805,1.04815,91,70,0,53,0,15,53,-38,15,610367
1739849040,1.0481,1.0482,1.0481,1.04815,111,71.95,0,0,-105,-105,3,-108,-105,610367
1739849220,1.0482,1.0482,1.04805,1.04805,79,72.8,0,21,-37,-37,21,-58,-37,610367
1739849400,1.048,1.0484,1.0479,1.0484,298,84.2,0,298,0,298,298,0,298,610367
1739849580,1.0484,1.0486,1.04835,1.0484,213,93.25,0,173,0,133,173,-40,133,610367
1739849760,1.0483,1.0483,1.0481,1.0482,62,87.8,0,0,-46,-46,8,-54,-46,610367
1739849940,1.04815,1.04815,1.048,1.04805,132,86.8,0,0,-132,-132,0,-132,-132,610367
1739850120,1.048,1.04805,1.0479,1.04795,69,86.75,0,0,-59,-49,10,-59,-49,610367
1739850300,1.048,1.048,1.04785,1.04785,41,85.35,0,0,-25,-25,8,-33,-25,610367
1739850480,1.04785,1.048,1.04785,1.04785,42,86.1,0,23,0,4,23,-19,4,610367
1739850660,1.0479,1.0479,1.04765,1.04765,78,88.05,0,0,-78,-78,0,-78,-78,610367
1739850840,1.04765,1.04765,1.04755,1.0476,157,94.4,0,0,-157,-157,0,-157,-157,610367
1739851020,1.0476,1.0477,1.0476,1.04765,71,96.15,0,24,-23,-23,24,-47,-23,610367
1739851200,1.04765,1.04765,1.0474,1.04745,139,99.65,0,0,-139,-139,0,-139,-139,610367
1739851380,1.04745,1.04765,1.04745,1.0476,88,100.75,0,88,0,88,88,0,88,610367
1739851560,1.0476,1.0476,1.04755,1.0476,66,100.1,0,66,0,66,66,0,66,610367
1739851740,1.0476,1.0476,1.04755,1.0476,45,97.35,0,3,-21,3,24,-21,3,610367
1739851920,1.04755,1.0476,1.04755,1.0476,48,97.25,0,0,-40,-32,8,-40,-32,610367
1739852100,1.0476,1.0477,1.04755,1.0477,133,100.1,0,133,0,133,133,0,133,610367
1739852280,1.0477,1.0478,1.0475,1.0475,165,106.4,0,31,-103,-103,31,-134,-103,610367
1739852460,1.04745,1.04745,1.04725,1.04735,226,113.15,0,0,-226,-226,0,-226,-226,610367
1739852640,1.0473,1.04735,1.0473,1.04735,87,111.95,0,0,-71,-55,16,-71,-55,610367
1739852820,1.04735,1.04735,1.04725,1.04725,53,110.65,0,0,-53,-53,0,-53,-53,610367
1739853000,1.0473,1.0473,1.04715,1.0473,110,101.25,0,110,0,110,110,0,110,610367
1739853180,1.0473,1.0474,1.04715,1.04725,153,98.25,0,0,-112,-71,41,-112,-71,610367
1739853360,1.04725,1.04725,1.0471,1.0471,148,102.55,0,0,-148,-148,0,-148,-148,610367
1739853540,1.04705,1.04715,1.047,1.04705,123,102.1,0,0,-113,-113,5,-118,-113,610367
1739853720,1.0471,1.0472,1.04695,1.04715,107,104,0,87,-10,87,97,-10,87,610367
1739853900,1.04715,1.0472,1.04695,1.047,81,106,0,0,-61,-41,20,-61,-41,610367
1739854080,1.047,1.0471,1.047,1.047,124,110.1,0,106,0,88,106,-18,88,610367
1739854260,1.047,1.047,1.04695,1.047,111,111.75,0,0,-91,-71,20,-91,-71,610367
1739854440,1.047,1.04705,1.047,1.047,21,104.95,0,18,0,15,18,-3,15,610367
1739854620,1.04705,1.0471,1.04695,1.04705,114,107.1,0,40,-34,34,74,-40,34,610367
1739854800,1.0471,1.04725,1.0471,1.04725,77,104,0,77,0,77,77,0,77,610367
1739854980,1.04725,1.0473,1.04705,1.04705,42,101.7,0,0,-26,-26,8,-34,-26,610367
1739855160,1.04705,1.04705,1.04695,1.04695,129,104.85,0,0,-129,-129,0,-129,-129,610367
1739855340,1.0469,1.047,1.0469,1.04695,104,107.8,0,29,-46,-46,29,-75,-46,610367
1739855520,1.04695,1.047,1.04685,1.04695,92,110,0,0,-86,-80,6,-86,-80,610367
1739855700,1.04695,1.04695,1.04685,1.04685,44,105.55,0,11,-22,-22,11,-33,-22,610367
1739855880,1.0469,1.04695,1.0469,1.04695,62,100.4,0,13,-19,-2,30,-32,-2,610367
1739856060,1.04695,1.04695,1.0468,1.04685,145,96.35,0,0,-83,-73,36,-109,-73,610367
1739856240,1.04685,1.0469,1.04685,1.04685,47,94.35,0,0,-47,-47,0,-47,-47,610367
1739856420,1.0469,1.0469,1.04685,1.04685,44,93.9,0,17,-10,-10,17,-27,-10,610367
1739856600,1.04685,1.0469,1.0468,1.04685,86,92.7,0,0,-86,-86,0,-86,-86,610367
1739856780,1.04685,1.0469,1.0468,1.0469,86,89.35,0,12,-37,12,49,-37,12,610367
1739856960,1.0469,1.04695,1.0468,1.0468,102,87.05,0,46,-10,-10,46,-56,-10,610367
1739857140,1.0468,1.0468,1.0467,1.0467,514,106.6,0,52,-141,-128,193,-321,-128,610367
1739857320,1.0467,1.0467,1.0466,1.0467,230,112.75,0,0,-183,-136,47,-183,-136,610367
1739857500,1.0467,1.0467,1.04655,1.04655,193,118.35,0,4,-63,-63,65,-128,-63,610367
1739857680,1.04655,1.0467,1.04655,1.04665,279,126.1,0,125,-29,-29,125,-154,-29,610367
1739857860,1.0466,1.0467,1.0466,1.0466,272,134.15,0,0,-128,-128,72,-200,-128,610367
1739858040,1.0466,1.04675,1.0466,1.04665,300,148.1,0,199,0,98,199,-101,98,610367
1739858220,1.0467,1.04695,1.04665,1.04685,100,147.4,0,100,0,100,100,0,100,610367
1739858400,1.04685,1.047,1.0468,1.04695,183,152.7,0,183,0,183,183,0,183,610367
1739858580,1.04695,1.04705,1.0469,1.0469,81,154.65,0,56,0,31,56,-25,31,610367
1739858760,1.04685,1.047,1.04685,1.0469,67,151.55,0,48,0,29,48,-19,29,610367
1739858940,1.04695,1.0471,1.04695,1.0471,307,161.7,0,307,0,307,307,0,307,610367
1739859120,1.0471,1.0471,1.047,1.04705,222,168.2,0,0,-222,-222,0,-222,-222,610367
1739859300,1.04705,1.0471,1.04695,1.04695,205,176.25,0,0,-205,-205,0,-205,-205,610367
1739859480,1.047,1.0473,1.047,1.04725,236,184.95,0,236,0,236,236,0,236,610367
1739859660,1.0473,1.0474,1.04715,1.0472,166,186,0,0,-104,-100,33,-133,-100,610367
1739859840,1.0472,1.04725,1.0471,1.0472,198,193.55,0,78,-60,78,138,-60,78,610367
1739860020,1.04725,1.04725,1.0471,1.0472,113,197,0,0,-60,-7,53,-60,-7,610367
1739860200,1.0472,1.0472,1.047,1.04705,101,197.75,0,0,-101,-101,0,-101,-101,610367
1739860380,1.04705,1.04705,1.0469,1.04695,123,199.6,0,0,-123,-123,0,-123,-123,610367
1739860560,1.0469,1.0469,1.04685,1.0469,58,197.4,0,0,-58,-58,0,-58,-58,610367
1739860740,1.04695,1.0471,1.04695,1.04705,65,174.95,0,65,0,65,65,0,65,610367
1739860920,1.04705,1.04725,1.047,1.0472,141,170.5,0,117,-12,117,129,-12,117,610367
1739861100,1.0472,1.0473,1.04715,1.04725,248,173.25,0,178,0,178,213,-35,178,610367
1739861280,1.0473,1.04745,1.0473,1.04745,224,170.5,0,224,0,224,224,0,224,610367
1739861460,1.0474,1.0474,1.0473,1.04735,78,160.8,0,0,-41,-4,37,-41,-4,610367
1739861640,1.0474,1.0477,1.0474,1.0475,257,158.65,0,77,-103,-103,77,-180,-103,610367
1739861820,1.0475,1.04755,1.04745,1.0475,86,157.95,0,23,-40,-40,23,-63,-40,610367
1739862000,1.04745,1.0477,1.04735,1.04765,975,197.55,0,975,0,975,975,0,975,610367
1739862180,1.0477,1.04785,1.04765,1.04775,348,210.9,0,260,0,172,260,-88,172,610367
1739862360,1.04775,1.04795,1.04775,1.04795,269,221,0,269,0,269,269,0,269,610367
1739862540,1.0479,1.048,1.0478,1.048,356,223.45,0,170,-93,170,263,-93,170,610367
1739862720,1.048,1.04815,1.04795,1.0481,482,236.45,0,482,0,482,482,0,482,610367
1739862900,1.0481,1.04825,1.04785,1.04785,203,236.35,0,104,0,5,104,-99,5,610367
1739863080,1.04785,1.0479,1.04775,1.0479,336,241.35,0,0,-271,-206,65,-271,-206,610367
1739863260,1.0479,1.048,1.0478,1.0479,228,244.45,0,0,-124,-124,52,-176,-124,610367
1739863440,1.0479,1.04795,1.0477,1.04775,150,242.05,0,0,-100,-50,50,-100,-50,610367
1739863620,1.0477,1.0477,1.0474,1.0475,162,244.5,0,0,-162,-162,0,-162,-162,610367
1739863800,1.04745,1.0475,1.04725,1.0473,490,263.95,0,0,-490,-490,0,-490,-490,610367
1739863980,1.0473,1.04745,1.04725,1.0474,174,266.5,0,174,0,174,174,0,174,610367
1739864160,1.04745,1.0477,1.0474,1.0477,170,272.1,0,104,-33,104,137,-33,104,610367
1739864340,1.04775,1.0479,1.0477,1.0479,269,282.3,0,269,0,269,269,0,269,610367
1739864520,1.04795,1.04825,1.0479,1.04825,320,291.25,0,320,0,320,320,0,320,610367
1739864700,1.04825,1.04825,1.0478,1.0478,155,286.6,0,0,-155,-155,0,-155,-155,610367
1739864880,1.0478,1.04785,1.04765,1.04785,268,288.8,0,148,-60,148,208,-60,148,610367
1739865060,1.04785,1.04785,1.04765,1.04775,550,312.4,0,0,-352,-154,198,-352,-154,610367
1739865240,1.0477,1.0477,1.04725,1.0473,557,327.4,0,0,-557,-557,0,-557,-557,610367
1739865420,1.0473,1.0477,1.0473,1.0477,350,340.6,0,350,0,350,350,0,350,610367
1739865600,1.0477,1.04805,1.0477,1.0478,711,327.4,0,334,-43,-43,334,-377,-43,610367
1739865780,1.0478,1.04785,1.0476,1.0476,419,330.95,0,0,-419,-419,0,-419,-419,610367
1739865960,1.0476,1.0476,1.04725,1.0474,828,358.9,0,0,-535,-242,293,-535,-242,610367
1739866140,1.0474,1.04755,1.04695,1.04705,557,368.95,0,176,-205,-205,176,-381,-205,610367
1739866320,1.047,1.04715,1.04685,1.04705,964,393.05,0,169,-471,-316,324,-640,-316,610367
1739866500,1.04705,1.0474,1.04705,1.04735,289,397.35,0,289,0,289,289,0,289,610367
1739866680,1.04735,1.0476,1.0473,1.0476,358,398.45,0,358,0,358,358,0,358,610367
1739866860,1.04755,1.04795,1.04755,1.0479,471,410.6,0,471,0,471,471,0,471,610367
1739867040,1.0479,1.04805,1.04775,1.04785,437,424.95,0,96,-245,-245,96,-341,-245,610367
1739867220,1.0479,1.0481,1.0479,1.04795,333,433.5,0,155,-23,-23,155,-178,-23,610367
1739867400,1.04795,1.0482,1.0479,1.0479,666,442.3,0,478,0,290,478,-188,290,610367
1739867580,1.0479,1.04795,1.0478,1.04795,162,441.7,0,0,-108,-54,54,-108,-54,610367
1739867760,1.048,1.0483,1.04795,1.04805,478,457.1,0,414,0,350,414,-64,350,610367
1739867940,1.04805,1.0482,1.04795,1.048,187,453,0,73,-41,-41,73,-114,-41,610367
1739868120,1.048,1.0481,1.04795,1.04795,182,446.1,0,148,0,114,148,-34,114,610367
1739868300,1.04795,1.04795,1.04765,1.04775,209,448.8,0,0,-209,-209,0,-209,-209,610367
1739868480,1.04775,1.0479,1.04745,1.04745,536,462.2,0,125,-286,-286,125,-411,-286,610367
1739868660,1.04745,1.04755,1.04725,1.0473,662,467.8,0,0,-662,-662,0,-662,-662,610367
1739868840,1.04725,1.0473,1.04685,1.047,689,474.4,0,0,-466,-243,223,-466,-243,610367
1739869020,1.04695,1.04715,1.0469,1.04705,535,483.65,0,169,-197,-197,169,-366,-197,610367
1739869200,1.047,1.04725,1.04685,1.0472,430,469.6,0,430,0,430,430,0,430,610367
1739869380,1.04725,1.04735,1.04705,1.04705,495,473.4,0,230,-35,-35,230,-265,-35,610367
1739869560,1.0471,1.04725,1.0469,1.0472,528,458.4,0,0,-319,-110,209,-319,-110,610367
1739869740,1.04715,1.04725,1.0471,1.0472,206,440.85,0,106,0,106,156,-50,106,610367
1739869920,1.0472,1.04735,1.0471,1.04725,402,412.75,0,402,0,402,402,0,402,610367
1739870100,1.04725,1.04725,1.04715,1.04715,222,409.4,0,0,-222,-222,0,-222,-222,610367
1739870280,1.04715,1.04725,1.04705,1.04705,292,406.1,0,69,-154,-154,69,-223,-154,610367
1739870460,1.0471,1.0473,1.0471,1.0473,203,392.7,0,97,0,97,150,-53,97,610367
1739870640,1.0473,1.04735,1.0471,1.04715,253,383.5,0,49,-155,-155,49,-204,-155,610367
1739870820,1.04715,1.04715,1.04705,1.04715,326,383.15,0,0,-207,-88,119,-207,-88,610367
1739871000,1.04715,1.04715,1.047,1.04705,519,375.8,0,0,-519,-519,0,-519,-519,610367
1739871180,1.04705,1.0472,1.04695,1.04705,344,384.9,0,0,-154,-154,95,-249,-154,610367
1739871360,1.04705,1.0471,1.0469,1.0471,395,380.75,0,95,-150,95,245,-150,95,610367
1739871540,1.04705,1.04725,1.047,1.04725,276,385.2,0,276,0,276,276,0,276,610367
1739871720,1.0473,1.0474,1.0472,1.0473,244,388.3,0,244,0,244,244,0,244,610367
1739871900,1.0473,1.04735,1.04725,1.04725,236,389.65,0,169,0,102,169,-67,102,610367
1739872080,1.04725,1.04745,1.0472,1.04725,399,382.8,0,61,-277,-277,61,-338,-277,610367
1739872260,1.0473,1.04785,1.0473,1.04785,346,367,0,346,0,346,346,0,346,610367
1739872440,1.0478,1.0478,1.04765,1.04775,211,343.1,0,95,-58,95,153,-58,95,610367
1739872620,1.04775,1.04785,1.0477,1.04775,196,326.15,0,32,-132,-132,32,-164,-132,610367
1739872800,1.0478,1.0482,1.04775,1.0479,925,350.9,0,925,0,925,925,0,925,610367
1739872980,1.0479,1.04805,1.04785,1.0479,270,339.65,0,150,0,30,150,-120,30,610367
1739873160,1.0479,1.04795,1.04775,1.04775,292,327.85,0,0,-292,-292,0,-292,-292,610367
1739873340,1.04775,1.0478,1.0476,1.04765,165,325.8,0,0,-165,-165,0,-165,-165,610367
1739873520,1.0477,1.0478,1.04745,1.0475,144,312.9,0,64,-16,-16,64,-80,-16,610367
1739873700,1.0475,1.04755,1.0474,1.04745,213,312.45,0,0,-213,-213,0,-213,-213,610367
1739873880,1.04745,1.0477,1.0474,1.0477,127,304.2,0,15,-56,15,71,-56,15,610367
1739874060,1.04775,1.04775,1.0476,1.0476,135,300.8,0,0,-135,-135,0,-135,-135,610367
1739874240,1.04755,1.04755,1.0474,1.0474,173,296.8,0,27,-56,-7,83,-90,-7,610367
1739874420,1.0474,1.0475,1.04735,1.0474,208,290.9,0,105,0,2,105,-103,2,610367
1739874600,1.04735,1.04745,1.04725,1.0474,249,277.4,0,0,-237,-237,6,-243,-237,610367
1739874780,1.04735,1.04745,1.04735,1.04745,95,264.95,0,95,0,95,95,0,95,610367
1739874960,1.04745,1.0476,1.04735,1.0474,421,266.25,0,302,0,183,302,-119,183,610367
1739875140,1.04735,1.0474,1.0473,1.0474,124,258.65,0,28,-43,-18,53,-71,-18,610367
1739875320,1.0474,1.0475,1.0473,1.04735,147,253.8,0,62,-23,-23,62,-85,-23,610367
1739875500,1.04735,1.0474,1.0472,1.04735,158,249.9,0,14,-72,14,86,-72,14,610367
1739875680,1.0474,1.0476,1.0474,1.0476,195,239.7,0,195,0,195,195,0,195,610367
1739875860,1.04755,1.04785,1.04755,1.04775,162,230.5,0,162,0,162,162,0,162,610367
1739876040,1.04775,1.04785,1.0476,1.0476,179,228.9,0,32,-115,-115,32,-147,-115,610367
1739876220,1.0476,1.0476,1.0473,1.04755,229,230.55,0,0,-122,-15,107,-122,-15,610367
1739876400,1.0476,1.0478,1.0476,1.04765,179,193.25,0,115,0,51,115,-64,51,610367
1739876580,1.0476,1.04775,1.04755,1.0476,338,196.65,0,111,-116,-116,111,-227,-116,610367
1739876760,1.0476,1.04765,1.0475,1.04755,199,192,0,27,-77,-77,61,-138,-77,610367
1739876940,1.0475,1.04765,1.0475,1.04755,152,191.35,0,90,0,28,90,-62,28,610367
1739877120,1.0475,1.04775,1.0475,1.0477,340,201.15,0,340,0,340,340,0,340,610367
1739877300,1.04775,1.0478,1.04765,1.0478,304,205.7,0,0,-157,-10,147,-157,-10,610367
1739877480,1.0478,1.0478,1.0477,1.04775,109,204.8,0,44,-21,-21,44,-65,-21,610367
1739877660,1.04775,1.04775,1.0476,1.04765,207,208.4,0,0,-109,-11,98,-109,-11,610367
1739877840,1.04765,1.0477,1.04755,1.0477,143,206.9,0,143,0,143,143,0,143,610367
1739878020,1.0477,1.04775,1.0475,1.04775,212,207.1,0,212,0,212,212,0,212,610367
1739878200,1.0477,1.04775,1.04765,1.04765,311,210.2,0,27,-134,11,161,-150,11,610367
1739878380,1.04765,1.04775,1.04765,1.0477,189,214.9,0,59,-71,-71,59,-130,-71,610367
1739878560,1.0477,1.04775,1.04765,1.0477,139,200.8,0,0,-72,-5,67,-72,-5,610367
1739878740,1.0477,1.04785,1.04765,1.0477,514,220.3,0,353,0,192,353,-161,192,610367
1739878920,1.04775,1.04775,1.04765,1.04765,348,230.35,0,39,-270,-270,39,-309,-270,610367
1739879100,1.0477,1.04775,1.0476,1.0476,210,232.95,0,86,-38,-38,86,-124,-38,610367
1739879280,1.04765,1.04765,1.04755,1.0476,119,229.15,0,25,-23,25,72,-47,25,610367
1739879460,1.04765,1.04775,1.04755,1.0477,686,255.35,0,550,-68,550,618,-68,550,610367
1739879640,1.0477,1.0477,1.0476,1.0476,256,259.2,0,0,-156,-156,50,-206,-156,610367
1739879820,1.0476,1.04765,1.0475,1.0476,187,257.1,0,5,-71,-35,76,-111,-35,610367
1739880000,1.0476,1.04765,1.0476,1.0476,263,261.3,0,0,-263,-263,0,-263,-263,610367
1739880180,1.04765,1.04765,1.0476,1.0476,110,249.9,0,48,-14,-14,48,-62,-14,610367
1739880360,1.04765,1.04815,1.04765,1.04775,2424,361.15,0,1811,0,1198,1811,-613,1198,610367
1739880540,1.04775,1.04775,1.04745,1.0475,1190,413.05,0,0,-1190,-1190,0,-1190,-1190,610367
1739880720,1.04745,1.04755,1.04715,1.0472,542,423.15,0,156,-230,-230,156,-386,-230,610367
1739880900,1.0472,1.0472,1.04685,1.047,944,455.15,0,0,-944,-944,0,-944,-944,610367
1739881080,1.047,1.04705,1.04665,1.0468,792,489.3,0,0,-792,-792,0,-792,-792,610367
1739881260,1.04675,1.04705,1.04675,1.04695,318,494.85,0,278,0,238,278,-40,238,610367
1739881440,1.04695,1.04705,1.0469,1.0469,179,496.65,0,108,0,37,108,-71,37,610367
1739881620,1.0469,1.0469,1.04675,1.04675,686,520.35,0,0,-312,-142,272,-414,-142,610367
1739881800,1.0467,1.0471,1.0467,1.04705,684,539,0,684,0,684,684,0,684,610367
1739881980,1.04705,1.04735,1.047,1.0473,1199,589.5,0,1199,0,1199,1199,0,1199,610367
1739882160,1.04735,1.04735,1.04725,1.04725,631,614.1,0,185,-195,129,380,-251,129,610367
1739882340,1.04725,1.0473,1.04715,1.04715,440,610.4,0,0,-344,-344,48,-392,-344,610367
1739882520,1.0471,1.04725,1.04705,1.0472,1403,663.15,0,1403,0,1403,1403,0,1403,610367
1739882700,1.0472,1.0472,1.047,1.04705,377,671.5,0,0,-377,-377,0,-377,-377,610367
1739882880,1.04705,1.0472,1.04695,1.04715,192,675.15,0,74,-59,74,133,-59,74,610367
1739883060,1.04715,1.0472,1.047,1.04715,294,655.55,0,150,-72,150,222,-72,150,610367
1739883240,1.0472,1.0472,1.04705,1.04705,182,651.85,0,20,-66,-10,86,-96,-10,610367
1739883420,1.047,1.047,1.04675,1.04685,579,671.45,0,0,-459,-339,120,-459,-339,610367
1739883600,1.04685,1.04705,1.04655,1.04665,916,704.1,0,244,-428,-428,244,-672,-428,610367
1739883780,1.0467,1.04675,1.04645,1.0466,767,736.95,0,0,-467,-429,169,-598,-429,610367
1739883960,1.0466,1.04675,1.04645,1.0466,331,632.3,0,0,-184,-159,86,-245,-159,610367
1739884140,1.0466,1.0466,1.0459,1.04615,1962,670.9,0,0,-876,-236,863,-1099,-236,610367
1739884320,1.04615,1.0464,1.04595,1.0463,1085,698.05,0,1085,0,1085,1085,0,1085,610367
1739884500,1.04635,1.04645,1.04615,1.0464,574,679.55,0,246,-164,246,410,-164,246,610367
1739884680,1.04645,1.04675,1.04645,1.04675,748,677.35,0,748,0,748,748,0,748,610367
1739884860,1.0468,1.04685,1.04645,1.0465,545,688.7,0,0,-545,-545,0,-545,-545,610367
1739885040,1.04645,1.04655,1.0462,1.04635,367,698.1,0,100,-167,-167,100,-267,-167,610367
1739885220,1.0463,1.04635,1.0462,1.04635,167,672.15,0,75,-8,75,121,-46,75,610367
1739885400,1.0463,1.04655,1.046,1.04645,692,672.55,0,0,-520,-520,86,-606,-520,610367
1739885580,1.04645,1.0465,1.04615,1.04625,683,646.75,0,104,-177,-121,281,-402,-121,610367
1739885760,1.0462,1.0463,1.04605,1.0461,653,647.85,0,0,-653,-653,0,-653,-653,610367
1739885940,1.0461,1.0462,1.04595,1.04605,356,643.65,0,0,-151,-114,121,-235,-114,610367
1739886120,1.04605,1.04635,1.04605,1.0463,325,589.75,0,325,0,325,325,0,325,610367
1739886300,1.04625,1.0466,1.04625,1.04645,378,589.8,0,316,0,254,316,-62,254,610367
1739886480,1.0464,1.04645,1.04625,1.04635,306,595.5,0,0,-241,-176,65,-241,-176,610367
1739886660,1.0463,1.0464,1.04615,1.0462,292,595.4,0,0,-200,-200,46,-246,-200,610367
1739886840,1.0462,1.0462,1.04565,1.04575,972,634.9,0,0,-972,-972,0,-972,-972,610367
1739887020,1.0458,1.0459,1.04555,1.0458,930,652.45,0,0,-706,-482,224,-706,-482,610367
1739887200,1.04585,1.0459,1.04565,1.0457,376,625.45,0,0,-376,-376,0,-376,-376,610367
1739887380,1.04565,1.04585,1.04545,1.04585,362,605.2,0,90,-136,90,226,-136,90,610367
1739887560,1.04585,1.0462,1.0456,1.04615,647,621,0,647,0,647,647,0,647,610367
1739887740,1.0461,1.0462,1.046,1.0461,398,542.8,0,102,-194,-194,102,-296,-194,610367
1739887920,1.04615,1.04615,1.04585,1.04595,266,501.85,0,75,-116,-116,75,-191,-116,610367
1739888100,1.04595,1.0461,1.04595,1.0461,209,483.6,0,77,-66,77,143,-66,77,610367
1739888280,1.04615,1.0463,1.046,1.0461,884,490.4,0,596,0,538,711,-173,538,610367
1739888460,1.0461,1.04615,1.046,1.0461,174,471.85,0,62,0,62,118,-56,62,610367
1739888640,1.0461,1.0467,1.0461,1.04665,682,487.6,0,682,0,682,682,0,682,610367
1739888820,1.04665,1.0468,1.0465,1.0466,642,511.35,0,257,-128,-128,257,-385,-128,610367
1739889000,1.0466,1.0467,1.04605,1.04625,629,508.2,0,0,-507,-385,122,-507,-385,610367
1739889180,1.0462,1.04655,1.04615,1.0462,515,499.8,0,213,-89,-89,213,-302,-89,610367
1739889360,1.0462,1.04625,1.04585,1.04615,922,513.25,0,0,-468,-14,454,-468,-14,610367
1739889540,1.04615,1.0463,1.046,1.046,236,507.25,0,72,-92,-92,72,-164,-92,610367
1739889720,1.046,1.04635,1.046,1.04615,502,516.1,0,395,0,288,395,-107,288,610367
1739889900,1.04615,1.0466,1.0461,1.0465,513,522.85,0,225,-144,225,369,-144,225,610367
1739890080,1.04645,1.0465,1.04625,1.04635,675,541.3,0,0,-476,-277,199,-476,-277,610367
1739890260,1.04635,1.04655,1.0463,1.04635,432,548.3,0,289,0,146,289,-143,146,610367
1739890440,1.04635,1.04675,1.0463,1.0467,579,528.65,0,579,0,579,579,0,579,610367
1739890620,1.04675,1.04675,1.04635,1.0466,518,508.05,0,0,-427,-336,91,-427,-336,610367
1739890800,1.04665,1.04705,1.0466,1.04685,1378,558.15,0,1378,0,1378,1378,0,1378,610367
1739890980,1.04685,1.04705,1.0468,1.0468,1361,608.1,0,729,0,97,729,-632,97,610367
1739891160,1.0468,1.04685,1.0466,1.0467,1123,631.9,0,0,-906,-689,217,-906,-689,610367
1739891340,1.0467,1.047,1.04665,1.047,880,656,0,474,0,360,620,-260,360,610367
1739891520,1.04705,1.04725,1.047,1.04715,1563,720.85,0,907,0,251,907,-656,251,610367
1739891700,1.04715,1.04725,1.04705,1.0472,524,736.6,0,200,-162,200,362,-162,200,610367
1739891880,1.0472,1.04735,1.04705,1.0471,699,727.35,0,168,-363,-363,168,-531,-363,610367
1739892060,1.0471,1.0472,1.04695,1.047,667,752,0,0,-458,-249,209,-458,-249,610367
1739892240,1.047,1.047,1.04675,1.04675,555,745.65,0,0,-275,-87,234,-321,-87,610367
1739892420,1.04675,1.04705,1.04665,1.047,386,732.85,0,386,0,386,386,0,386,610367
1739892600,1.047,1.047,1.04675,1.04675,247,713.75,0,67,-113,-113,67,-180,-113,610367
1739892780,1.04675,1.04685,1.0467,1.04675,496,712.8,0,180,-136,-136,180,-316,-136,610367
1739892960,1.04675,1.04685,1.0465,1.04675,522,692.8,0,306,-89,268,395,-127,268,610367
1739893140,1.04675,1.0469,1.0467,1.04675,267,694.35,0,84,-99,-99,84,-183,-99,610367
1739893320,1.04675,1.0472,1.04675,1.04715,1433,740.9,0,1433,0,1433,1433,0,1433,610367
1739893500,1.0471,1.0475,1.04705,1.0472,1333,781.9,0,1136,0,939,1136,-197,939,610367
1739893680,1.04725,1.04745,1.04715,1.04735,1003,798.3,0,611,0,219,611,-392,219,610367
1739893860,1.04735,1.0476,1.0473,1.04735,1167,835.05,0,359,-449,-449,359,-808,-449,610367
1739894040,1.0474,1.0476,1.04725,1.04755,1427,877.45,0,849,-289,849,1138,-289,849,610367
1739894220,1.04755,1.04805,1.04755,1.048,4848,1093.95,0,4848,0,4848,4848,0,4848,610367
1739894400,1.04795,1.04835,1.04785,1.048,5036,1276.85,0,3401,0,1766,3401,-1635,1766,610367
1739894580,1.04795,1.0482,1.04785,1.04795,506,1234.1,0,216,-74,-74,216,-290,-74,610367
1739894760,1.0479,1.04815,1.04785,1.04795,970,1226.45,0,524,0,78,524,-446,78,610367
1739894940,1.04795,1.0481,1.04785,1.0479,678,1216.35,0,0,-678,-678,0,-678,-678,610367
1739895120,1.04785,1.0479,1.0476,1.0476,689,1172.65,0,0,-689,-689,0,-689,-689,610367
1739895300,1.0476,1.0478,1.0476,1.04765,509,1171.9,0,272,0,35,272,-237,35,610367
1739895480,1.04765,1.04775,1.04755,1.04765,558,1164.85,0,0,-224,-168,195,-363,-168,610367
1739895660,1.0477,1.0477,1.04745,1.0476,589,1160.95,0,0,-469,-349,120,-469,-349,610367
1739895840,1.0476,1.0477,1.0475,1.0477,375,1151.95,0,207,-84,207,291,-84,207,610367
1739896020,1.0477,1.04775,1.0476,1.04765,332,1149.25,0,212,0,92,212,-120,92,610367
1739896200,1.04765,1.0478,1.04755,1.0476,279,1150.85,0,90,-99,-99,90,-189,-99,610367
1739896380,1.0476,1.04765,1.0474,1.0474,300,1141.05,0,0,-300,-300,0,-300,-300,610367
1739896560,1.04745,1.0475,1.04725,1.0473,619,1145.9,0,0,-401,-183,218,-401,-183,610367
1739896740,1.0473,1.0474,1.0472,1.04725,578,1161.45,0,0,-390,-390,94,-484,-390,610367
1739896920,1.0473,1.04735,1.0471,1.04715,504,1115,0,380,0,256,380,-124,256,610367
1739897100,1.0472,1.0473,1.0469,1.04695,953,1096,0,0,-953,-953,0,-953,-953,610367
1739897280,1.04695,1.047,1.04675,1.0469,1043,1098,0,261,-248,25,534,-509,25,610367
1739897460,1.0469,1.04705,1.04685,1.04695,279,1053.6,0,121,-37,-37,121,-158,-37,610367
1739897640,1.047,1.047,1.04685,1.0469,188,991.65,0,71,-46,46,117,-71,46,610367
1739897820,1.0469,1.047,1.0469,1.047,152,756.85,0,38,-45,-14,69,-83,-14,610367
1739898000,1.047,1.047,1.0466,1.0466,813,545.7,0,0,-813,-813,0,-813,-813,610367
1739898180,1.0466,1.04665,1.04635,1.04645,569,548.85,0,0,-457,-345,112,-457,-345,610367
1739898360,1.0464,1.04645,1.0462,1.04635,342,517.45,0,0,-189,-36,153,-189,-36,610367
1739898540,1.0463,1.0464,1.0463,1.04635,125,489.8,0,1,-67,-67,29,-96,-67,610367
1739898720,1.0463,1.04645,1.04625,1.0464,117,461.2,0,74,0,31,74,-43,31,610367
1739898900,1.04635,1.04645,1.0462,1.04625,174,444.45,0,61,0,52,113,-61,52,610367
1739899080,1.04625,1.04625,1.04605,1.04605,520,442.55,0,0,-370,-370,75,-445,-370,610367
1739899260,1.046,1.0462,1.04585,1.04595,1057,465.95,0,572,0,87,572,-485,87,610367
1739899440,1.04595,1.04595,1.04575,1.0458,1119,503.15,0,0,-729,-339,390,-729,-339,610367
1739899620,1.04585,1.0462,1.04585,1.0461,395,506.3,0,395,0,395,395,0,395,610367
1739899800,1.0461,1.04625,1.04585,1.04585,602,522.45,0,162,-278,-278,162,-440,-278,610367
1739899980,1.0458,1.0459,1.04575,1.04575,333,524.1,0,0,-333,-333,0,-333,-333,610367
1739900160,1.04575,1.04595,1.04575,1.04595,284,507.35,0,284,0,284,284,0,284,610367
1739900340,1.0459,1.0459,1.04555,1.04575,688,512.85,0,0,-596,-504,92,-596,-504,610367
1739900520,1.04575,1.046,1.0457,1.0459,201,497.7,0,201,0,201,201,0,201,610367
1739900700,1.0459,1.04595,1.04535,1.0454,745,487.3,0,97,-551,-551,97,-648,-551,610367
1739900880,1.04545,1.04565,1.04545,1.04565,306,450.45,0,306,0,306,306,0,306,610367
1739901060,1.0456,1.04575,1.0455,1.0455,327,452.85,0,101,-125,-125,101,-226,-125,610367
1739901240,1.0455,1.0457,1.04525,1.04565,466,466.75,0,0,-299,-132,167,-299,-132,610367
1739901420,1.0457,1.046,1.04565,1.0459,1061,512.2,0,822,0,583,822,-239,583,610367
1739901600,1.04595,1.0461,1.0459,1.0459,574,500.25,0,354,0,134,354,-220,134,610367
1739901780,1.0459,1.046,1.0457,1.0457,473,495.45,0,91,-291,-291,91,-382,-291,610367
1739901960,1.0457,1.0457,1.04535,1.04535,430,499.85,0,0,-430,-430,0,-430,-430,610367
1739902140,1.04535,1.04535,1.04485,1.0452,914,539.3,0,0,-608,-302,306,-608,-302,610367
1739902320,1.04515,1.04525,1.04505,1.04505,330,549.95,0,0,-330,-330,0,-330,-330,610367
1739902500,1.04505,1.0451,1.0449,1.0449,322,557.35,0,177,0,32,177,-145,32,610367
1739902680,1.0449,1.0451,1.0449,1.045,204,541.55,0,96,-12,-12,96,-108,-12,610367
1739902860,1.045,1.04525,1.04495,1.0452,386,508,0,288,0,190,288,-98,190,610367
1739903040,1.04515,1.0453,1.0451,1.04515,379,471,0,299,0,219,299,-80,219,610367
1739903220,1.04515,1.0453,1.0451,1.04525,376,470.05,0,0,-204,-32,172,-204,-32,610367
1739903400,1.04525,1.04535,1.0451,1.0452,665,473.2,0,272,-121,-121,272,-393,-121,610367
1739903580,1.04525,1.04535,1.0452,1.0453,265,469.8,0,265,0,265,265,0,265,610367
1739903760,1.04535,1.04545,1.04525,1.04535,300,470.6,0,0,-181,-62,119,-181,-62,610367
1739903940,1.04535,1.0455,1.04535,1.04535,348,453.6,0,101,-146,-146,101,-247,-146,610367
1739904120,1.0454,1.0454,1.0452,1.0453,235,455.3,0,0,-197,-159,38,-197,-159,610367
1739904300,1.0453,1.0453,1.0452,1.04525,158,425.95,0,74,-10,-10,74,-84,-10,610367
1739904480,1.0452,1.0452,1.04505,1.04515,326,426.95,0,0,-216,-106,110,-216,-106,610367
1739904660,1.0452,1.04565,1.0452,1.0456,588,440,0,588,0,588,588,0,588,610367
1739904840,1.04565,1.04565,1.0455,1.0456,201,426.75,0,0,-135,-69,66,-135,-69,610367
1739905020,1.0456,1.04575,1.0456,1.04575,428,395.1,0,428,0,428,428,0,428,610367
1739905200,1.0457,1.0459,1.04555,1.0458,453,389.05,0,0,-310,-167,143,-310,-167,610367
1739905380,1.04575,1.0459,1.04575,1.04575,187,374.75,0,88,-11,-11,88,-99,-11,610367
1739905560,1.04575,1.0458,1.0456,1.04565,236,365.05,0,74,-88,-88,74,-162,-88,610367
1739905740,1.04565,1.04575,1.04565,1.04565,135,326.1,0,15,-105,-105,15,-120,-105,610367
1739905920,1.04565,1.04565,1.0454,1.04545,162,317.7,0,0,-89,-16,73,-89,-16,610367
1739906100,1.04545,1.04585,1.04545,1.0458,426,322.9,0,426,0,426,426,0,426,610367
1739906280,1.0458,1.0458,1.0457,1.0458,163,320.85,0,30,-84,-65,49,-114,-65,610367
1739906460,1.0458,1.046,1.0458,1.0459,215,312.3,0,189,0,163,189,-26,163,610367
1739906640,1.04595,1.04605,1.0459,1.04595,207,303.7,0,107,0,71,139,-68,71,610367
1739906820,1.04595,1.04605,1.04595,1.04605,69,288.35,0,69,0,69,69,0,69,610367
1739907000,1.046,1.0462,1.0459,1.0461,372,273.7,0,0,-208,-138,117,-255,-138,610367
1739907180,1.04615,1.0462,1.0461,1.04615,240,272.45,0,92,-56,-56,92,-148,-56,610367
1739907360,1.04615,1.04625,1.04615,1.04625,231,269,0,231,0,231,231,0,231,610367
1739907540,1.04625,1.0463,1.04615,1.04625,512,277.2,0,57,-254,-110,201,-311,-110,610367
1739907720,1.0463,1.0463,1.0462,1.0463,325,281.7,0,0,-268,-211,57,-268,-211,610367
1739907900,1.04625,1.0463,1.04615,1.04615,346,291.1,0,135,-76,-76,135,-211,-76,610367
1739908080,1.0461,1.04615,1.04605,1.04615,311,290.35,0,0,-299,-287,12,-299,-287,610367
1739908260,1.04615,1.0462,1.04605,1.0461,377,279.8,0,155,-67,-67,155,-222,-67,610367
1739908440,1.0461,1.04615,1.04595,1.04595,312,285.35,0,0,-312,-312,0,-312,-312,610367
1739908620,1.0459,1.04595,1.0457,1.04585,2150,371.45,0,686,-732,686,1418,-732,686,610367
1739908800,1.04585,1.0459,1.0455,1.04555,1139,405.75,0,0,-501,-501,319,-820,-501,610367
1739908980,1.0456,1.04585,1.0456,1.0458,198,406.3,0,198,0,198,198,0,198,610367
1739909160,1.0458,1.0459,1.0458,1.04585,72,398.1,0,57,0,42,57,-15,42,610367
1739909340,1.04585,1.0459,1.04585,1.0459,78,395.25,0,22,-28,22,50,-28,22,610367
1739909520,1.0459,1.046,1.0459,1.04595,58,390.05,0,25,-8,-8,25,-33,-8,610367
1739909700,1.04595,1.04605,1.04575,1.04585,279,382.7,0,55,-169,-169,55,-224,-169,610367
1739909880,1.04575,1.04575,1.0457,1.0457,41,376.6,0,0,-41,-41,0,-41,-41,610367
1739910060,1.0457,1.0458,1.0456,1.0458,123,372,0,25,-49,25,74,-49,25,610367
1739910240,1.0457,1.0458,1.0457,1.0458,36,363.45,0,0,-23,-10,13,-23,-10,610367
1739910420,1.04575,1.04575,1.04555,1.04565,114,365.7,0,0,-91,-68,23,-91,-68,610367
1739910600,1.04565,1.0458,1.04565,1.04575,127,353.45,0,127,0,127,127,0,127,610367
1739910780,1.04575,1.04585,1.0457,1.04575,79,345.4,0,28,-23,-23,28,-51,-23,610367
1739910960,1.0457,1.04585,1.0457,1.04585,78,337.75,0,74,-2,74,76,-2,74,610367
1739911140,1.04585,1.0459,1.04585,1.0459,26,313.45,0,26,0,26,26,0,26,610367
1739911320,1.04585,1.04585,1.0458,1.0458,29,298.65,0,0,-29,-29,0,-29,-29,610367
1739911500,1.0458,1.04595,1.0458,1.04595,102,286.45,0,102,0,102,102,0,102,610367
1739911680,1.04595,1.046,1.0459,1.046,178,279.8,0,178,0,178,178,0,178,610367
1739911860,1.046,1.04605,1.0459,1.0459,81,265,0,15,-51,-51,15,-66,-51,610367
1739912040,1.0459,1.046,1.0459,1.046,132,256,0,0,-118,-104,14,-118,-104,610367
1739912220,1.046,1.04615,1.04595,1.04615,191,158.05,0,55,-68,55,123,-68,55,610367
1739912400,1.04605,1.0462,1.0459,1.0461,246,113.4,0,0,-156,-154,46,-200,-154,610367
1739912580,1.0461,1.0462,1.04605,1.0462,151,111.05,0,91,-30,91,121,-30,91,610367
1739912760,1.04615,1.04625,1.04615,1.0462,125,113.7,0,123,0,121,123,-2,121,610367
1739912940,1.0462,1.0463,1.0462,1.0462,68,113.2,0,0,-68,-68,0,-68,-68,610367
1739913120,1.04625,1.0463,1.0462,1.0462,20,111.3,0,14,0,8,14,-6,8,610367
1739913300,1.0463,1.0463,1.0462,1.0462,61,100.4,0,5,-51,-51,5,-56,-51,610367
1739913480,1.0462,1.0462,1.04575,1.04595,1716,184.15,0,0,-1716,-1716,0,-1716,-1716,610367
1739913660,1.04595,1.04615,1.04585,1.04615,238,189.9,0,156,-41,156,197,-41,156,610367
1739913840,1.0461,1.0461,1.046,1.046,112,193.7,0,0,-112,-112,0,-112,-112,610367
1739914020,1.046,1.04605,1.0458,1.04595,214,198.7,0,0,-108,-2,106,-108,-2,610367
1739914200,1.0459,1.0459,1.0459,1.0459,19,193.3,0,0,-19,-19,0,-19,-19,610367
1739914380,1.04595,1.04595,1.04585,1.04585,120,195.35,0,104,0,88,104,-16,88,610367
1739914560,1.04585,1.0459,1.04585,1.0459,56,194.25,0,44,-6,44,50,-6,44,610367
1739914740,1.0459,1.04595,1.04585,1.0459,53,195.6,0,12,-29,-29,12,-41,-29,610367
1739914920,1.0459,1.046,1.0459,1.04595,33,195.8,0,30,0,27,30,-3,27,610367
1739915100,1.0459,1.04595,1.04585,1.04595,37,192.55,0,0,-24,-11,13,-24,-11,610367
1739915280,1.04595,1.04605,1.04595,1.04605,31,185.2,0,31,0,31,31,0,31,610367
1739915460,1.046,1.0461,1.04595,1.046,74,184.85,0,58,-1,44,59,-15,44,610367
1739915640,1.04595,1.0461,1.04595,1.046,106,183.55,0,106,0,106,106,0,106,610367
1739915820,1.04595,1.046,1.04585,1.0459,83,178.15,0,25,-33,-33,25,-58,-33,609419
1739919600,1.04635,1.04635,1.04605,1.04615,220,176.85,0,0,-200,-180,20,-200,-180,609419
1739919780,1.0461,1.04615,1.04605,1.0461,61,172.35,0,0,-35,-9,26,-35,-9,609419
1739919960,1.04605,1.04625,1.046,1.04625,55,168.85,0,55,0,55,55,0,55,609419
1739920140,1.04615,1.04615,1.0459,1.0459,94,170.15,0,0,-94,-94,0,-94,-94,609419
1739920320,1.0459,1.04595,1.04585,1.04595,31,170.7,0,0,-30,-29,1,-30,-29,609419
1739920500,1.04595,1.04595,1.04575,1.04585,35,169.4,0,0,-25,-15,10,-25,-15,609419
1739920680,1.0458,1.0459,1.0458,1.0459,8,84,0,6,-1,6,7,-1,6,609419
1739920860,1.04595,1.046,1.0459,1.0459,35,73.85,0,26,0,17,26,-9,17,609419
1739921040,1.0459,1.04595,1.0459,1.04595,12,68.85,0,0,-10,-8,2,-10,-8,609419
1739921220,1.04595,1.04595,1.0459,1.04595,42,60.25,0,0,-36,-30,6,-36,-30,609419
1739921400,1.04595,1.0461,1.0459,1.0461,53,61.95,0,37,0,37,45,-8,37,609419
1739921580,1.04605,1.0461,1.046,1.0461,18,56.85,0,0,-13,-8,5,-13,-8,609419
1739921760,1.0461,1.0462,1.04605,1.0462,70,57.55,0,21,-26,-24,23,-47,-24,609419
1739921940,1.04615,1.0462,1.04605,1.04605,37,56.75,0,0,-37,-37,0,-37,-37,609419
1739922300,1.0461,1.0461,1.0461,1.0461,19,56.05,0,19,0,19,19,0,19,609419
1739922480,1.04615,1.04615,1.04615,1.04615,14,54.9,0,14,0,14,14,0,14,609419
1739922660,1.04615,1.04615,1.04605,1.04605,19,54.3,0,13,0,7,13,-6,7,609419
1739922840,1.04605,1.04605,1.04605,1.04605,1,50.65,0,0,-1,-1,0,-1,-1,609419
1739923020,1.0461,1.0461,1.0461,1.0461,6,45.65,0,6,0,6,6,0,6,609419
1739923200,1.0461,1.0461,1.0459,1.0459,99,46.45,0,0,-99,-99,0,-99,-99,609419
1739923380,1.04595,1.04595,1.04585,1.0459,68,38.85,0,22,-24,-24,22,-46,-24,609419
1739923560,1.0459,1.0459,1.04585,1.04585,25,37.05,0,0,-25,-25,0,-25,-25,609419
1739923740,1.04585,1.04585,1.04575,1.04575,94,39,0,0,-94,-94,0,-94,-94,609419
1739923920,1.0457,1.0458,1.0457,1.0458,61,37.35,0,0,-36,-11,25,-36,-11,609419
1739924100,1.0458,1.04595,1.04575,1.04595,81,39.85,0,81,0,81,81,0,81,609419
1739924280,1.04595,1.04605,1.04595,1.04595,110,43.6,0,77,0,44,77,-33,44,609419
1739924460,1.0459,1.046,1.0459,1.046,37,45.05,0,19,-9,19,28,-9,19,609419
1739924640,1.04605,1.0462,1.04605,1.0462,38,45.2,0,38,0,38,38,0,38,609419
1739924820,1.0462,1.0462,1.0461,1.0462,85,48.85,0,0,-43,-1,42,-43,-1,609419
1739925000,1.04615,1.04615,1.0461,1.04615,25,48,0,0,-14,-3,11,-14,-3,609419
1739925180,1.04615,1.04615,1.046,1.046,46,47.65,0,4,-38,-38,4,-42,-38,609419
1739925360,1.04605,1.0461,1.04605,1.0461,23,47.9,0,23,0,23,23,0,23,609419
1739925540,1.0461,1.0461,1.046,1.046,27,45.75,0,3,-21,-21,3,-24,-21,609419
1739925720,1.046,1.04605,1.04595,1.04595,31,45.45,0,0,-19,-19,6,-25,-19,609419
1739925900,1.0459,1.04595,1.04585,1.0459,49,46.95,0,0,-37,-25,12,-37,-25,609419
1739926080,1.0459,1.0461,1.0459,1.0461,128,52.65,0,128,0,128,128,0,128,609419
1739926260,1.04605,1.0461,1.04595,1.046,127,58.05,0,0,-127,-127,0,-127,-127,609419
1739926440,1.04605,1.04605,1.04585,1.046,166,66.3,0,16,-75,16,91,-75,16,609419
1739926620,1.046,1.046,1.04585,1.0459,181,75.05,0,81,-19,-19,81,-100,-19,609419
1739926800,1.04595,1.04605,1.04565,1.0457,450,92.6,0,0,-450,-450,0,-450,-450,609419
1739926980,1.0457,1.04575,1.0455,1.04565,132,95.8,0,0,-84,-36,48,-84,-36,609419
1739927160,1.04565,1.04565,1.0455,1.04565,168,102.95,0,0,-152,-136,16,-152,-136,609419
1739927340,1.04565,1.0459,1.04565,1.0459,75,102,0,75,0,75,75,0,75,609419
1739927520,1.0459,1.04605,1.04585,1.046,58,101.85,0,58,0,58,58,0,58,609419
1739927700,1.0459,1.04595,1.04585,1.0459,41,99.85,0,0,-24,-7,17,-24,-7,609419
1739927880,1.0459,1.0461,1.04585,1.046,56,97.15,0,49,0,42,49,-7,42,609419
1739928060,1.04605,1.0461,1.04595,1.046,84,99.5,0,52,0,20,52,-32,20,609419
1739928240,1.04595,1.0461,1.04595,1.046,72,101.2,0,51,0,30,51,-21,30,609419
1739928420,1.04595,1.04595,1.04575,1.0459,37,98.8,0,0,-24,-11,13,-24,-11,609419
1739928600,1.04585,1.046,1.0458,1.0458,93,102.2,0,68,0,43,68,-25,43,609419
1739928780,1.0458,1.04585,1.04565,1.04575,78,103.8,0,48,0,18,48,-30,18,609419
1739928960,1.0458,1.04585,1.04575,1.04575,131,109.2,0,0,-131,-131,0,-131,-131,609419
1739929140,1.04575,1.0458,1.04565,1.04565,34,109.55,0,0,-34,-34,0,-34,-34,609419
1739929320,1.04565,1.0457,1.0456,1.0456,49,110.45,0,0,-49,-49,0,-49,-49,609419
1739929500,1.04565,1.04565,1.0454,1.04555,98,112.9,0,6,-46,6,52,-46,6,609419
1739929680,1.0455,1.0457,1.0455,1.0457,95,111.25,0,95,0,95,95,0,95,609419
1739929860,1.04565,1.0457,1.04555,1.0456,157,112.75,0,32,-93,-93,32,-125,-93,609419
1739930040,1.04565,1.04575,1.04565,1.0457,47,106.8,0,30,0,13,30,-17,13,609419
1739930220,1.0457,1.04595,1.0457,1.04595,174,106.45,0,174,0,174,174,0,174,609419
1739930400,1.04595,1.04605,1.0459,1.046,153,91.6,0,51,-51,-51,51,-102,-51,609419
1739930580,1.04595,1.046,1.0458,1.0458,49,87.45,0,0,-49,-49,0,-49,-49,609419
1739930760,1.0458,1.04595,1.0458,1.04595,35,80.8,0,27,0,27,31,-4,27,609419
1739930940,1.04595,1.0461,1.04595,1.04595,129,83.5,0,82,0,35,82,-47,35,609419
1739931120,1.04595,1.0461,1.04595,1.04605,101,85.65,0,81,-10,81,91,-10,81,609419
1739931300,1.0461,1.0462,1.0461,1.0462,178,92.5,0,178,0,178,178,0,178,609419
1739931480,1.04625,1.04625,1.04615,1.0462,114,95.4,0,0,-114,-114,0,-114,-114,609419
1739931660,1.0462,1.04625,1.0462,1.04625,74,94.9,0,0,-40,-6,34,-40,-6,609419
1739931840,1.04625,1.04625,1.0461,1.0462,88,95.7,0,54,-17,54,71,-17,54,609419
1739932020,1.0462,1.04625,1.04615,1.04625,37,95.7,0,5,-16,5,21,-16,5,609419
1739932200,1.04625,1.0464,1.0462,1.0464,146,98.35,0,88,-29,88,117,-29,88,609419
1739932380,1.0464,1.0464,1.04625,1.04625,103,99.6,0,72,0,41,72,-31,41,609419
1739932560,1.04625,1.04625,1.0462,1.04625,21,94.1,0,0,-21,-21,0,-21,-21,609419
1739932740,1.04625,1.0463,1.04625,1.0463,32,94,0,32,0,32,32,0,32,609419
1739932920,1.04635,1.04635,1.0463,1.04635,29,93,0,29,0,29,29,0,29,609419
1739933100,1.04635,1.04635,1.04625,1.04625,37,89.95,0,6,-25,-25,6,-31,-25,609419
1739933280,1.04625,1.04635,1.0462,1.04635,35,86.95,0,13,-11,13,24,-11,13,609419
1739933460,1.04635,1.0465,1.04635,1.04645,99,84.05,0,99,0,99,99,0,99,609419
1739933640,1.0465,1.0465,1.04635,1.04645,97,86.55,0,0,-67,-37,30,-67,-37,609419
1739933820,1.04645,1.04655,1.04645,1.0465,73,81.5,0,45,0,45,59,-14,45,609419
1739934000,1.04645,1.04645,1.0463,1.0464,76,77.65,0,0,-40,-4,36,-40,-4,609419
1739934180,1.0464,1.0464,1.0463,1.0463,68,78.6,0,0,-68,-68,0,-68,-68,609419
1739934360,1.04625,1.0463,1.0462,1.04625,98,81.75,0,40,-18,-18,40,-58,-18,609419
1739934540,1.04625,1.0463,1.0462,1.0463,29,76.75,0,25,-2,25,27,-2,25,609419
1739934720,1.0463,1.0463,1.0462,1.04625,33,73.35,0,0,-20,-7,13,-20,-7,609419
1739934900,1.04625,1.04625,1.0462,1.0462,16,65.25,0,2,-12,-12,2,-14,-12,609419
1739935080,1.0462,1.0462,1.0461,1.04615,119,65.5,0,0,-119,-119,0,-119,-119,609419
1739935260,1.0462,1.0462,1.0462,1.0462,16,62.6,0,16,0,16,16,0,16,609419
1739935440,1.0462,1.0462,1.04615,1.04615,23,59.35,0,0,-19,-19,2,-21,-19,609419
1739935620,1.0462,1.0462,1.04615,1.0462,58,60.4,0,37,0,36,47,-11,36,609419
1739935800,1.0462,1.04625,1.0462,1.0462,28,54.5,0,10,-8,-8,10,-18,-8,609419
1739935980,1.0462,1.0462,1.04615,1.04615,31,50.9,0,0,-31,-31,0,-31,-31,609419
1739936160,1.04615,1.04615,1.04615,1.04615,3,50,0,0,-3,-3,0,-3,-3,609419
1739936340,1.0462,1.0463,1.0462,1.0463,40,50.4,0,40,0,40,40,0,40,609419
1739936520,1.0463,1.0464,1.04625,1.04635,48,51.35,0,45,0,42,45,-3,42,609419
1739936700,1.04635,1.04645,1.04635,1.04645,40,51.5,0,40,0,40,40,0,40,609419
1739936880,1.04645,1.0465,1.04645,1.04645,34,51.45,0,23,0,12,23,-11,12,609419
1739937060,1.0464,1.0465,1.0464,1.04645,36,48.3,0,24,0,12,24,-12,12,609419
1739937240,1.04645,1.04645,1.0464,1.04645,31,45,0,0,-18,-5,13,-18,-5,609419
1739937420,1.04645,1.0465,1.04645,1.04645,18,42.25,0,18,0,18,18,0,18,609419
1739937600,1.04645,1.04645,1.0464,1.0464,72,42.05,0,34,-4,-4,34,-38,-4,609419
1739937780,1.0464,1.0464,1.0463,1.04635,91,43.2,0,0,-74,-57,17,-74,-57,609419
1739937960,1.0464,1.04655,1.0464,1.0465,67,41.65,0,67,0,67,67,0,67,609419
1739938140,1.04645,1.0465,1.04645,1.04645,37,42.05,0,0,-37,-37,0,-37,-37,609419
1739938320,1.04645,1.04655,1.04645,1.04655,36,42.2,0,0,-25,-14,11,-25,-14,609419
1739938500,1.04655,1.04665,1.0463,1.04635,181,50.45,0,0,-181,-181,0,-181,-181,609419
1739938680,1.04635,1.0464,1.0463,1.0464,29,45.95,0,0,-18,-7,11,-18,-7,609419
1739938860,1.0464,1.04645,1.0464,1.0464,66,48.45,0,66,0,66,66,0,66,609419
1739939040,1.04635,1.04635,1.0463,1.04635,25,48.55,0,0,-17,-9,8,-17,-9,609419
1739939220,1.04635,1.04635,1.04625,1.04625,33,47.3,0,20,0,7,20,-13,7,609419
1739939400,1.0463,1.0463,1.0463,1.0463,12,46.5,0,12,0,12,12,0,12,609419
1739939580,1.0463,1.0463,1.0462,1.0462,133,51.6,0,0,-133,-133,0,-133,-133,609419
1739939760,1.04625,1.0463,1.04625,1.0463,10,51.95,0,10,0,10,10,0,10,609419
1739939940,1.04635,1.0464,1.04635,1.04635,28,51.35,0,21,0,14,21,-7,14,609419
1739940120,1.04635,1.0464,1.04635,1.0464,33,50.6,0,5,-12,5,19,-14,5,609419
1739940300,1.0464,1.0464,1.04635,1.04635,20,49.6,0,18,0,16,18,-2,16,609419
1739940480,1.0464,1.0464,1.04635,1.04635,14,48.6,0,10,0,6,10,-4,6,609419
1739940660,1.04645,1.04655,1.0464,1.04655,57,49.65,0,57,0,57,57,0,57,609419
1739940840,1.04655,1.0466,1.04645,1.0465,71,51.65,0,0,-69,-67,2,-69,-67,609419
1739941020,1.04655,1.04655,1.04655,1.04655,17,51.6,0,17,0,17,17,0,17,609419
1739941200,1.0466,1.0466,1.04645,1.04655,16,48.8,0,8,-3,8,12,-4,8,609419
1739941380,1.0465,1.0465,1.0465,1.0465,6,44.55,0,0,-6,-6,0,-6,-6,609419
1739941560,1.0465,1.0465,1.04645,1.0465,23,42.35,0,0,-14,-5,9,-14,-5,609419
1739941740,1.04655,1.04655,1.04645,1.04655,31,42.05,0,7,-12,7,19,-12,7,609419
1739941920,1.0465,1.0465,1.04645,1.04645,16,41.05,0,0,-16,-16,0,-16,-16,609419
1739942100,1.0465,1.0465,1.04645,1.04645,32,33.6,0,20,0,8,20,-12,8,609419
1739942280,1.04645,1.04645,1.0464,1.0464,69,35.6,0,0,-69,-69,0,-69,-69,609419
1739942460,1.04635,1.0464,1.04625,1.04625,29,33.75,0,0,-29,-29,0,-29,-29,609419
1739942640,1.0463,1.0463,1.0462,1.0462,27,33.85,0,1,-25,-25,1,-26,-25,609419
1739942820,1.0462,1.0463,1.0462,1.0463,59,35.15,0,59,0,59,59,0,59,609419
1739943000,1.04635,1.04635,1.04635,1.04635,2,34.65,0,2,0,2,2,0,2,609419
1739943180,1.04635,1.0465,1.04635,1.0465,58,30.9,0,58,0,58,58,0,58,609419
1739943360,1.04655,1.04655,1.0465,1.04655,9,30.85,0,1,-4,1,5,-4,1,609419
1739943540,1.0466,1.04675,1.04655,1.04665,116,35.25,0,98,0,80,98,-18,80,609419
1739943720,1.0467,1.0467,1.04665,1.0467,22,34.7,0,14,-4,14,18,-4,14,609419
1739943900,1.04675,1.04675,1.0467,1.04675,46,36,0,28,0,28,37,-9,28,609419
1739944080,1.04675,1.04685,1.04675,1.0468,77,39.15,0,77,0,77,77,0,77,609419
1739944260,1.04675,1.04685,1.04675,1.04685,53,38.95,0,53,0,53,53,0,53,609419
1739944440,1.0469,1.0469,1.04665,1.04665,100,40.4,0,0,-100,-100,0,-100,-100,609419
1739944620,1.04665,1.04695,1.0466,1.0469,146,46.85,0,82,-32,82,114,-32,82,609419
1739944800,1.0469,1.047,1.0469,1.04695,194,55.75,0,122,0,50,122,-72,50,609419
1739944980,1.04695,1.047,1.04685,1.0469,154,63.15,0,0,-140,-140,7,-147,-140,609419
1739945160,1.0469,1.0472,1.0469,1.04715,196,71.8,0,196,0,196,196,0,196,609419
1739945340,1.0472,1.0473,1.0471,1.04725,278,84.15,0,112,-83,112,195,-83,112,609419
1739945520,1.0473,1.0473,1.0472,1.04725,153,91,0,0,-105,-105,24,-129,-105,609419
1739945700,1.04725,1.0473,1.0472,1.0472,80,93.4,0,18,-44,-44,18,-62,-44,609419
1739945880,1.0472,1.04725,1.0471,1.0472,88,94.35,0,0,-46,-4,42,-46,-4,609419
1739946060,1.0472,1.04725,1.04715,1.04725,119,98.85,0,119,0,119,119,0,119,609419
1739946240,1.0473,1.04735,1.0472,1.04735,122,103.6,0,0,-84,-46,38,-84,-46,609419
1739946420,1.04735,1.0474,1.04725,1.04735,128,107.05,0,57,-29,44,86,-42,44,609419
1739946600,1.0474,1.0474,1.04725,1.0473,132,113.55,0,65,-2,-2,65,-67,-2,609419
1739946780,1.04735,1.0474,1.0473,1.04735,54,113.35,0,54,0,54,54,0,54,609419
1739946960,1.04735,1.04735,1.0471,1.0471,99,117.85,0,0,-99,-99,0,-99,-99,609419
1739947140,1.0471,1.04715,1.04705,1.04715,112,117.65,0,0,-84,-56,28,-84,-56,609419
1739947320,1.04715,1.04725,1.0471,1.04715,216,127.35,0,150,0,84,150,-66,84,609419
1739947500,1.04715,1.04715,1.047,1.0471,152,132.65,0,70,-41,70,111,-41,70,609419
1739947680,1.04705,1.0471,1.04695,1.047,74,132.5,0,44,0,14,44,-30,14,609419
1739947860,1.047,1.04705,1.04695,1.04705,44,132.05,0,14,-15,14,29,-15,14,609419
1739948040,1.047,1.04705,1.04685,1.04685,38,128.95,0,0,-38,-38,0,-38,-38,609419
1739948220,1.04685,1.04685,1.04675,1.0468,97,126.5,0,21,-38,21,59,-38,21,609419
1739948400,1.0468,1.04725,1.04675,1.04695,650,149.3,0,495,0,340,495,-155,340,609419
1739948580,1.04695,1.047,1.0468,1.04695,161,149.65,0,16,-62,-5,78,-83,-5,609419
1739948760,1.04695,1.04695,1.04675,1.0468,109,145.3,0,0,-109,-109,0,-109,-109,609419
1739948940,1.04675,1.04685,1.0467,1.0467,134,138.1,0,14,-106,-106,14,-120,-106,609419
1739949120,1.04665,1.0467,1.04655,1.0467,211,141,0,0,-152,-93,59,-152,-93,609419
1739949300,1.04665,1.04685,1.04665,1.0468,199,146.95,0,97,-51,97,148,-51,97,609419
1739949480,1.04685,1.04705,1.04675,1.04675,214,153.25,0,97,-20,-20,97,-117,-20,609419
1739949660,1.04675,1.0468,1.04665,1.0467,68,150.7,0,11,-46,-46,11,-57,-46,609419
1739949840,1.04675,1.04675,1.04655,1.04665,109,150.05,0,85,-12,85,97,-12,85,609419
1739950020,1.04665,1.0467,1.0466,1.04665,97,148.5,0,25,-13,25,61,-36,25,609419
1739950200,1.0466,1.0467,1.04645,1.04645,336,158.7,0,0,-336,-336,0,-336,-336,609419
1739950380,1.04645,1.0465,1.0462,1.0463,324,172.2,0,0,-324,-324,0,-324,-324,609419
1739950560,1.04635,1.0464,1.0463,1.0463,99,172.2,0,0,-73,-73,13,-86,-73,609419
1739950740,1.0463,1.04645,1.04615,1.0464,189,176.05,0,49,-70,49,119,-70,49,609419
1739950920,1.0464,1.0467,1.0464,1.0467,138,172.15,0,138,0,138,138,0,138,609419
1739951100,1.0467,1.04685,1.04665,1.04685,342,181.65,0,166,-32,166,254,-88,166,609419
1739951280,1.0469,1.047,1.0469,1.04695,211,188.5,0,126,0,41,126,-85,41,609419
1739951460,1.04695,1.04695,1.0468,1.04685,175,195.05,0,0,-131,-131,22,-153,-131,609419
1739951640,1.04685,1.04685,1.0465,1.0465,144,200.35,0,0,-144,-144,0,-144,-144,609419
1739951820,1.0465,1.04655,1.04635,1.04645,222,206.6,0,0,-94,-42,90,-132,-42,609419
1739952000,1.04645,1.04655,1.0462,1.0464,388,193.5,0,190,-99,190,289,-99,190,609419
1739952180,1.0464,1.0464,1.0462,1.0464,298,200.35,0,136,-21,136,217,-81,136,609419
1739952360,1.04635,1.0464,1.0462,1.04635,258,207.8,0,0,-150,-42,108,-150,-42,609419
1739952540,1.0464,1.04645,1.04635,1.04645,126,207.4,0,70,-28,70,98,-28,70,609419
1739952720,1.0464,1.0467,1.0464,1.0467,1079,250.8,0,1079,0,1079,1079,0,1079,609419
1739952900,1.0467,1.04695,1.04655,1.04655,993,290.5,0,748,0,503,748,-245,503,609419
1739953080,1.0465,1.0466,1.04635,1.0465,486,304.1,0,210,0,138,312,-174,138,609419
1739953260,1.0465,1.0466,1.04635,1.04645,201,310.75,0,16,-169,-169,16,-185,-169,609419
1739953440,1.04645,1.04645,1.0462,1.04625,257,318.15,0,0,-257,-257,0,-257,-257,609419
1739953620,1.0462,1.04625,1.0461,1.0462,398,333.2,0,0,-215,-32,183,-215,-32,609419
1739953800,1.0462,1.04655,1.0462,1.0465,293,331.05,0,293,0,293,293,0,293,609419
1739953980,1.0465,1.0467,1.0465,1.04665,291,329.4,0,129,0,129,210,-81,129,609419
1739954160,1.04665,1.04665,1.04635,1.04645,235,336.2,0,0,-160,-85,75,-160,-85,609419
1739954340,1.04645,1.04655,1.0461,1.0461,591,356.3,0,86,-419,-419,86,-505,-419,609419
1739954520,1.04615,1.0463,1.046,1.0461,428,370.8,0,0,-379,-330,49,-379,-330,609419
1739954700,1.0461,1.0461,1.04585,1.0459,309,369.15,0,0,-309,-309,0,-309,-309,609419
1739954880,1.0459,1.04605,1.04565,1.0457,513,384.25,0,198,-117,-117,198,-315,-117,609419
1739955060,1.04565,1.0458,1.04555,1.04565,543,402.65,0,319,0,319,431,-112,319,609419
1739955240,1.04565,1.0458,1.0455,1.0455,325,411.7,0,94,-137,-137,94,-231,-137,609419
1739955420,1.0455,1.0455,1.0452,1.04535,1038,452.5,0,116,-386,-34,502,-536,-34,609419
1739955600,1.04535,1.04535,1.0448,1.04505,1651,515.65,0,0,-1219,-787,432,-1219,-787,609419
1739955780,1.045,1.04525,1.04495,1.0452,473,524.4,0,473,0,473,473,0,473,609419
1739955960,1.04525,1.04545,1.0452,1.04535,300,526.5,0,300,0,300,300,0,300,609419
1739956140,1.04535,1.0454,1.04525,1.0453,166,528.5,0,88,-39,88,127,-39,88,609419
1739956320,1.0453,1.04545,1.0453,1.0454,201,484.6,0,73,-12,73,137,-64,73,609419
1739956500,1.0454,1.0456,1.0454,1.0456,251,447.5,0,251,0,251,251,0,251,609419
1739956680,1.0456,1.0456,1.0454,1.0455,128,429.6,0,0,-128,-128,0,-128,-128,609419
1739956860,1.04545,1.04565,1.04545,1.0456,126,425.85,0,43,-15,10,68,-58,10,609419
1739957040,1.04555,1.04555,1.0453,1.04545,191,422.55,0,0,-128,-65,63,-128,-65,609419
1739957220,1.04545,1.04545,1.04535,1.04545,86,406.95,0,8,-46,-22,32,-54,-22,609419
1739957400,1.0454,1.0456,1.0454,1.0455,160,400.3,0,160,0,160,160,0,160,609419
1739957580,1.04555,1.0456,1.0453,1.04535,198,395.65,0,0,-198,-198,0,-198,-198,609419
1739957760,1.0453,1.0453,1.0452,1.04525,193,393.55,0,0,-176,-159,17,-176,-159,609419
1739957940,1.04525,1.0453,1.0447,1.0449,330,380.5,0,0,-330,-330,0,-330,-330,609419
1739958120,1.04485,1.04485,1.0447,1.0448,511,384.65,0,139,-186,139,325,-186,139,609419
1739958300,1.0448,1.045,1.04475,1.04495,415,389.95,0,312,0,209,312,-103,209,609419
1739958480,1.04495,1.04505,1.0449,1.04505,328,380.7,0,115,0,102,215,-113,102,609419
1739958660,1.045,1.04505,1.0445,1.04475,655,386.3,0,0,-655,-655,0,-655,-655,609419
1739958840,1.0447,1.04475,1.04435,1.04435,455,392.8,0,0,-455,-455,0,-455,-455,609419
1739959020,1.04435,1.04445,1.0441,1.04425,593,370.55,0,162,-137,-5,294,-299,-5,609419
1739959200,1.0442,1.0443,1.04395,1.04415,898,332.9,0,0,-589,-280,309,-589,-280,609419
1739959380,1.0441,1.04415,1.04395,1.04405,254,321.95,0,36,-84,14,134,-120,14,609419
1739959560,1.04405,1.0441,1.0438,1.044,311,322.5,0,83,-114,83,197,-114,83,609419
1739959740,1.044,1.044,1.0437,1.04375,395,333.95,0,0,-395,-395,0,-395,-395,609419
1739959920,1.04375,1.04415,1.04375,1.0441,510,349.4,0,152,-91,152,331,-179,152,609419
1739960100,1.0441,1.04415,1.044,1.044,340,353.85,0,112,-116,-116,112,-228,-116,609419
1739960280,1.044,1.044,1.0438,1.04395,681,381.5,0,0,-417,-417,132,-549,-417,609419
1739960460,1.04395,1.04415,1.04385,1.0441,431,396.75,0,283,-74,283,357,-74,283,609419
1739960640,1.0441,1.0441,1.04385,1.04405,162,395.3,0,36,-63,36,99,-63,36,609419
1739960820,1.04405,1.04405,1.04385,1.04395,228,402.4,0,0,-138,-48,90,-138,-48,609419
1739961000,1.04395,1.0441,1.0439,1.0441,301,409.45,0,301,0,301,301,0,301,609419
1739961180,1.0441,1.0441,1.0438,1.04385,337,416.4,0,0,-337,-337,0,-337,-337,609419
1739961360,1.04385,1.04385,1.0437,1.04375,1290,471.25,0,0,-842,-394,448,-842,-394,609419
1739961540,1.0437,1.04375,1.04335,1.0434,1547,532.1,0,0,-1454,-1361,93,-1454,-1361,609419
1739961720,1.0434,1.0435,1.04335,1.0434,170,515.05,0,134,0,98,134,-36,98,609419
1739961900,1.04345,1.0435,1.04335,1.0434,216,505.1,0,0,-190,-164,26,-190,-164,609419
1739962080,1.0434,1.0434,1.04315,1.0434,977,537.55,0,3,-487,3,490,-487,3,609419
1739962260,1.0434,1.0436,1.04325,1.0436,507,530.15,0,271,0,237,372,-135,237,609419
1739962440,1.0436,1.0436,1.04335,1.04355,297,522.25,0,0,-189,-81,108,-189,-81,609419
1739962620,1.0435,1.0437,1.0435,1.0437,252,505.2,0,194,-29,194,223,-29,194,609419
1739962800,1.0437,1.04435,1.0435,1.0441,4388,679.7,0,4080,-154,4080,4234,-154,4080,609419
1739962980,1.04405,1.0445,1.04385,1.0444,2121,773.05,0,1009,0,1009,1565,-556,1009,609419
1739963160,1.0444,1.0446,1.04425,1.0444,811,798.05,0,106,-263,-73,369,-442,-73,609419
1739963340,1.04445,1.04445,1.0443,1.04435,355,796.05,0,0,-317,-279,38,-317,-279,609419
1739963520,1.0443,1.0444,1.04405,1.0444,526,796.85,0,0,-265,-4,261,-265,-4,609419
1739963700,1.0444,1.04445,1.0442,1.04425,469,803.3,0,0,-469,-469,0,-469,-469,609419
1739963880,1.04425,1.04435,1.0441,1.04435,357,787.1,0,179,-89,179,268,-89,179,609419
1739964060,1.04435,1.04435,1.04395,1.0442,198,775.45,0,0,-149,-100,49,-149,-100,609419
1739964240,1.0442,1.0442,1.044,1.044,139,774.3,0,0,-139,-139,0,-139,-139,609419
1739964420,1.04395,1.04405,1.0439,1.04395,308,778.3,0,167,0,26,167,-141,26,609419
1739964600,1.04395,1.0441,1.04395,1.04405,507,788.6,0,447,0,387,447,-60,387,609419
1739964780,1.044,1.044,1.04365,1.044,549,799.2,0,0,-453,-357,96,-453,-357,609419
1739964960,1.044,1.0441,1.0436,1.0437,625,765.95,0,89,-447,-447,89,-536,-447,609419
1739965140,1.0437,1.04375,1.04345,1.0436,609,719.05,0,0,-505,-401,104,-505,-401,609419
1739965320,1.0436,1.04385,1.04355,1.0436,231,722.1,0,135,0,39,135,-96,39,609419
1739965500,1.04355,1.0437,1.04345,1.04365,392,730.9,0,249,0,194,293,-99,194,609419
1739965680,1.0436,1.0437,1.04355,1.0436,189,691.5,0,116,0,93,141,-48,93,609419
1739965860,1.0436,1.0436,1.0433,1.0435,429,687.6,0,0,-247,-65,182,-247,-65,609419
1739966040,1.0435,1.0438,1.04345,1.04375,265,686,0,265,0,265,265,0,265,609419
1739966220,1.04375,1.0438,1.04365,1.04375,186,682.7,0,85,0,20,103,-83,20,609419
1739966400,1.04375,1.04375,1.0435,1.04355,364,481.5,0,0,-249,-134,115,-249,-134,609419
1739966580,1.0436,1.04385,1.04355,1.04365,426,396.75,0,289,0,152,289,-137,152,609419
1739966760,1.04365,1.04385,1.04355,1.04385,204,366.4,0,40,-82,40,122,-82,40,609419
1739966940,1.0438,1.04385,1.0436,1.0438,257,361.5,0,75,-91,75,166,-91,75,609419
1739967120,1.0438,1.044,1.04375,1.04395,252,347.8,0,252,0,252,252,0,252,609419
1739967300,1.044,1.04415,1.044,1.044,260,337.35,0,147,0,34,147,-113,34,609419
1739967480,1.04405,1.0444,1.044,1.044,405,339.75,0,282,0,159,282,-123,159,609419
1739967660,1.0441,1.04415,1.04395,1.04405,319,345.8,0,199,0,199,259,-60,199,609419
1739967840,1.04405,1.04405,1.04375,1.0438,422,359.95,0,0,-422,-422,0,-422,-422,609419
1739968020,1.0438,1.0438,1.0436,1.0437,400,364.55,0,0,-250,-100,150,-250,-100,609419
1739968200,1.0437,1.0438,1.04365,1.04375,247,351.55,0,79,-51,-13,117,-130,-13,609419
1739968380,1.0438,1.0438,1.04365,1.0437,169,332.55,0,0,-169,-169,0,-169,-169,609419
1739968560,1.0437,1.0439,1.0436,1.0439,311,316.85,0,183,-64,183,247,-64,183,609419
1739968740,1.0439,1.04395,1.0438,1.04395,196,296.2,0,57,-18,46,121,-75,46,609419
1739968920,1.0439,1.0442,1.0439,1.0442,612,315.25,0,612,0,612,612,0,612,609419
1739969100,1.0442,1.0443,1.04405,1.04405,837,337.5,0,647,0,457,647,-190,457,609419
1739969280,1.04405,1.0441,1.0439,1.04395,401,348.1,0,0,-247,-93,154,-247,-93,609419
1739969460,1.04395,1.0442,1.04385,1.0441,532,353.25,0,532,0,532,532,0,532,609419
1739969640,1.04415,1.0443,1.0441,1.0443,404,360.2,0,404,0,404,404,0,404,609419
1739969820,1.0443,1.04455,1.04405,1.04415,755,388.65,0,172,-411,-411,172,-583,-411,609419
1739970000,1.0442,1.04455,1.0441,1.04445,531,397,0,111,-210,111,321,-210,111,609419
1739970180,1.04445,1.0447,1.04445,1.04465,355,393.45,0,355,0,355,355,0,355,609419
1739970360,1.04465,1.04485,1.04465,1.0447,445,405.5,0,373,0,301,373,-72,301,609419
1739970540,1.04465,1.0448,1.04465,1.0447,296,407.45,0,296,0,296,296,0,296,609419
1739970720,1.04475,1.04475,1.04445,1.0445,447,417.2,0,0,-447,-447,0,-447,-447,609419
1739970900,1.04445,1.0446,1.04415,1.04415,571,432.75,0,86,-399,-399,86,-485,-399,609419
1739971080,1.0442,1.0442,1.044,1.04405,362,430.6,0,93,-176,-176,93,-269,-176,609419
1739971260,1.044,1.04415,1.0438,1.04385,288,429.05,0,186,0,84,186,-102,84,609419
1739971440,1.04385,1.04405,1.04385,1.04405,184,417.15,0,184,0,184,184,0,184,609419
1739971620,1.044,1.0443,1.044,1.0442,231,408.7,0,152,0,73,152,-79,73,609419
1739971800,1.0443,1.0443,1.044,1.044,291,410.9,0,0,-291,-291,0,-291,-291,609419
1739971980,1.04405,1.04425,1.044,1.0442,249,414.9,0,249,0,249,249,0,249,609419
1739972160,1.0442,1.0444,1.0441,1.0442,243,411.5,0,149,0,55,149,-94,55,609419
1739972340,1.0442,1.0444,1.0441,1.04425,501,426.75,0,405,-48,405,453,-48,405,609419
1739972520,1.0443,1.0445,1.0443,1.0444,302,411.25,0,166,0,30,166,-136,30,609419
1739972700,1.04445,1.0448,1.04445,1.0447,738,406.3,0,541,0,344,541,-197,344,609419
1739972880,1.0447,1.04475,1.04455,1.04475,486,410.55,0,0,-342,-198,144,-342,-198,609419
1739973060,1.04475,1.0448,1.04435,1.0445,425,405.2,0,0,-425,-425,0,-425,-425,609419
1739973240,1.04455,1.0448,1.04445,1.0447,228,396.4,0,171,0,114,171,-57,114,609419
1739973420,1.04475,1.04475,1.04465,1.04465,557,386.5,0,223,-111,-111,223,-334,-111,609419
1739973600,1.04465,1.04465,1.0445,1.0446,311,375.5,0,0,-204,-97,107,-204,-97,609419
1739973780,1.0446,1.04475,1.0444,1.0444,315,373.5,0,136,-43,-43,136,-179,-43,609419
1739973960,1.0444,1.0447,1.0443,1.0445,755,389,0,522,0,289,522,-233,289,609419
1739974140,1.0445,1.0447,1.04445,1.04465,354,391.9,0,130,0,130,242,-112,130,609419
1739974320,1.0446,1.0447,1.0445,1.0445,155,377.3,0,11,-52,-29,63,-92,-29,609419
1739974500,1.0445,1.04465,1.0445,1.0445,239,360.7,0,42,-155,-155,42,-197,-155,609419
1739974680,1.0445,1.0445,1.0443,1.0444,330,359.1,0,0,-330,-330,0,-330,-330,609419
1739974860,1.0444,1.04475,1.04435,1.04465,378,363.6,0,206,0,34,206,-172,34,609419
1739975040,1.04465,1.04465,1.0441,1.0442,286,368.7,0,0,-286,-286,0,-286,-286,609419
1739975220,1.04415,1.0443,1.04405,1.0443,333,373.8,0,333,0,333,333,0,333,609419
1739975400,1.0443,1.04445,1.04425,1.0444,676,393.05,0,592,0,508,592,-84,508,609419
1739975580,1.0444,1.04455,1.04405,1.0442,415,401.35,0,0,-241,-67,174,-241,-67,609419
1739975760,1.04415,1.0445,1.04405,1.0444,397,409.05,0,149,-124,149,273,-124,149,609419
1739975940,1.04445,1.04475,1.04445,1.0445,330,400.5,0,86,-158,-158,86,-244,-158,609419
1739976120,1.04445,1.0446,1.0444,1.0445,438,407.3,0,184,0,122,280,-158,122,609419
1739976300,1.04455,1.0447,1.04445,1.0446,471,393.95,0,199,0,199,335,-136,199,609419
1739976480,1.04465,1.0447,1.0444,1.04455,398,389.55,0,0,-226,-54,172,-226,-54,609419
1739976660,1.0446,1.0448,1.0445,1.04455,674,402,0,351,0,28,351,-323,28,609419
1739976840,1.0446,1.04505,1.0446,1.045,1044,442.8,0,1044,0,1044,1044,0,1044,609419
1739977020,1.045,1.0451,1.0446,1.0447,644,447.15,0,0,-644,-644,0,-644,-644,609419
1739977200,1.04475,1.0449,1.0446,1.0447,682,465.7,0,435,0,188,435,-247,188,609419
1739977380,1.0447,1.0447,1.04445,1.0446,635,481.7,0,0,-469,-303,166,-469,-303,609419
1739977560,1.0446,1.04495,1.0446,1.0447,450,466.45,0,71,-308,-308,71,-379,-308,609419
1739977740,1.0447,1.04495,1.0446,1.0447,408,469.15,0,74,-102,-56,176,-232,-56,609419
1739977920,1.0447,1.0448,1.0445,1.04455,282,475.5,0,55,-172,-172,55,-227,-172,609419
1739978100,1.04455,1.0447,1.04455,1.0447,277,477.4,0,277,0,277,277,0,277,609419
1739978280,1.04475,1.0448,1.0444,1.04445,455,483.65,0,217,-21,-21,217,-238,-21,609419
1739978460,1.04445,1.0448,1.0444,1.04475,362,482.85,0,244,0,126,244,-118,126,609419
1739978640,1.04475,1.0448,1.0443,1.0445,711,504.1,0,113,-299,113,412,-299,113,609419
1739978820,1.0445,1.0446,1.0444,1.0445,313,503.1,0,221,0,129,221,-92,129,609419
1739979000,1.0445,1.0454,1.04435,1.0447,3817,660.15,0,3641,-88,3641,3729,-88,3641,609419
1739979180,1.04475,1.04535,1.0445,1.0452,1436,711.2,0,1436,0,1436,1436,0,1436,609419
1739979360,1.0452,1.04545,1.04455,1.0446,861,734.4,0,332,-197,-197,332,-529,-197,609419
1739979540,1.04465,1.04475,1.04445,1.0445,949,765.35,0,311,-327,-327,311,-638,-327,609419
1739979720,1.0445,1.0445,1.0442,1.0444,644,775.65,0,0,-414,-414,115,-529,-414,609419
1739979900,1.0444,1.0445,1.0443,1.0444,292,766.7,0,147,0,2,147,-145,2,609419
1739980080,1.0444,1.0444,1.0438,1.04415,1852,839.4,0,612,-620,612,1232,-620,612,609419
1739980260,1.04415,1.04415,1.0437,1.04385,985,854.95,0,0,-719,-453,266,-719,-453,609419
1739980440,1.04385,1.04385,1.0435,1.04355,1527,879.1,0,0,-809,-809,359,-1168,-809,609419
1739980620,1.04355,1.04385,1.0435,1.04375,1150,904.4,0,767,0,384,767,-383,384,609419
1739980800,1.0437,1.04385,1.04345,1.04345,1236,932.1,0,0,-519,-410,413,-823,-410,609419
1739980980,1.04345,1.0435,1.04245,1.0426,2934,1047.05,0,0,-2934,-2934,0,-2934,-2934,609419
1739981160,1.04255,1.043,1.04255,1.0428,720,1060.55,0,348,-24,-24,348,-372,-24,609419
1739981340,1.04275,1.04305,1.04275,1.043,407,1060.5,0,199,-37,199,303,-104,199,609419
1739981520,1.043,1.04335,1.043,1.04305,776,1085.2,0,441,0,106,441,-335,106,609419
1739981700,1.04305,1.0432,1.0425,1.0425,855,1114.1,0,0,-855,-855,0,-855,-855,609419
1739981880,1.04245,1.04245,1.0419,1.042,1456,1164.15,0,0,-1456,-1456,0,-1456,-1456,609419
1739982060,1.04195,1.04215,1.0419,1.042,396,1165.85,0,163,0,118,257,-139,118,609419
1739982240,1.042,1.0421,1.04195,1.0421,454,1153,0,178,0,178,316,-138,178,609419
1739982420,1.0421,1.04215,1.0419,1.042,939,1184.3,0,0,-738,-537,201,-738,-537,609419
1739982600,1.04195,1.04235,1.0419,1.0423,575,1022.2,0,575,0,575,575,0,575,609419
1739982780,1.04235,1.0425,1.04225,1.0424,604,980.6,0,368,0,368,486,-118,368,609419
1739982960,1.0424,1.04255,1.0423,1.04245,523,963.7,0,231,-61,-61,231,-292,-61,609419
1739983140,1.04245,1.0428,1.04245,1.04265,638,948.15,0,77,-202,-202,218,-420,-202,609419
1739983320,1.0426,1.04265,1.04235,1.0425,442,938.05,0,0,-235,-28,207,-235,-28,609419
1739983500,1.0425,1.04255,1.04215,1.0423,419,944.4,0,0,-419,-419,0,-419,-419,609419
1739983680,1.04235,1.04245,1.0421,1.04235,351,869.35,0,0,-229,-107,122,-229,-107,609419
1739983860,1.04235,1.04235,1.0421,1.04215,354,837.8,0,0,-166,-70,142,-212,-70,609419
1739984040,1.0421,1.0422,1.0418,1.0418,595,791.2,0,0,-595,-595,0,-595,-595,609419
1739984220,1.04175,1.04195,1.0417,1.04175,437,755.55,0,301,0,165,301,-136,165,609419
1739984400,1.04175,1.04185,1.04165,1.0418,407,714.1,0,0,-316,-225,91,-316,-225,609419
1739984580,1.04175,1.0418,1.0415,1.04155,594,597.1,0,0,-594,-594,0,-594,-594,609419
1739984760,1.0415,1.0418,1.0414,1.0417,632,592.7,0,632,0,632,632,0,632,609419
1739984940,1.0417,1.0421,1.0417,1.04185,721,608.4,0,401,0,81,401,-320,81,609419
1739985120,1.04185,1.04205,1.04175,1.04185,788,609,0,123,-398,-254,267,-521,-254,609419
1739985300,1.0419,1.04225,1.0419,1.04215,615,597,0,383,0,383,499,-116,383,609419
1739985480,1.04215,1.0424,1.0421,1.0424,528,550.6,0,528,0,528,528,0,528,609419
1739985660,1.0424,1.0424,1.0422,1.04225,558,558.7,0,0,-214,-214,172,-386,-214,609419
1739985840,1.0423,1.0424,1.04205,1.04215,426,557.3,0,97,-232,-232,97,-329,-232,609419
1739986020,1.04215,1.04245,1.0421,1.0423,440,532.35,0,285,0,130,285,-155,130,609419
1739986200,1.0423,1.04255,1.0423,1.04255,380,522.6,0,70,-88,70,225,-155,70,609419
1739986380,1.0425,1.0426,1.0422,1.04225,345,509.65,0,0,-345,-345,0,-345,-345,609419
1739986560,1.04225,1.0423,1.0421,1.0422,224,494.7,0,35,-56,-42,91,-133,-42,609419
1739986740,1.04215,1.04215,1.04185,1.042,411,483.35,0,191,-110,191,301,-110,191,609419
1739986920,1.042,1.04205,1.0419,1.042,430,482.75,0,346,0,346,388,-42,346,609419
1739987100,1.042,1.0422,1.04195,1.04215,277,475.65,0,209,0,141,209,-68,141,609419
1739987280,1.04215,1.04235,1.0421,1.04235,212,468.7,0,108,-52,108,160,-52,108,609419
1739987460,1.0423,1.04235,1.0421,1.0423,365,469.25,0,167,-99,167,266,-99,167,609419
1739987640,1.04225,1.04235,1.04215,1.04225,328,455.9,0,93,-142,-142,93,-235,-142,609419
1739987820,1.04225,1.04235,1.04215,1.04225,239,446,0,0,-239,-239,0,-239,-239,609419
1739988000,1.04225,1.0425,1.04225,1.04235,334,442.35,0,127,-80,-80,127,-207,-80,609419
1739988180,1.0423,1.0425,1.04225,1.04225,120,418.65,0,91,0,62,91,-29,62,609419
1739988360,1.04225,1.04235,1.0422,1.0422,235,398.8,0,196,0,157,196,-39,157,609419
1739988540,1.0422,1.0423,1.04215,1.04225,280,376.75,0,114,0,84,182,-98,84,609419
1739988720,1.04225,1.04225,1.04215,1.0422,228,348.75,0,144,0,144,186,-42,144,609419
1739988900,1.04225,1.04235,1.04225,1.0423,67,321.35,0,21,-9,7,37,-30,7,609419
1739989080,1.0423,1.04255,1.0423,1.04255,262,308.05,0,262,0,262,262,0,262,609419
1739989260,1.04245,1.04265,1.04245,1.04255,265,293.4,0,205,0,145,205,-60,145,609419
1739989440,1.0425,1.0426,1.0424,1.04255,131,278.65,0,0,-83,-83,24,-107,-83,609419
1739989620,1.0425,1.0426,1.04245,1.0425,192,266.25,0,27,-53,-32,80,-112,-32,609419
1739989800,1.04255,1.04275,1.0425,1.04275,273,260.9,0,273,0,273,273,0,273,609419
1739989980,1.04275,1.0431,1.0427,1.0431,605,273.9,0,605,0,605,605,0,605,609419
1739990160,1.0431,1.0431,1.04295,1.043,387,282.05,0,206,0,25,206,-181,25,609419
1739990340,1.04305,1.04325,1.04305,1.0432,239,273.45,0,239,0,239,239,0,239,609419
1739990520,1.04325,1.0433,1.04315,1.04325,507,277.3,0,277,-115,277,392,-115,277,609419
1739990700,1.04325,1.0435,1.0431,1.04325,547,290.8,0,429,-59,429,488,-59,429,609419
1739990880,1.04325,1.0433,1.0431,1.04325,470,303.7,0,245,0,232,351,-119,232,609419
1739991060,1.04325,1.0433,1.043,1.0433,372,304.05,0,0,-281,-190,91,-281,-190,609419
1739991240,1.04325,1.0433,1.04315,1.0433,208,298.05,0,0,-121,-34,87,-121,-34,609419
1739991420,1.0433,1.0433,1.0431,1.0433,271,299.65,0,53,-109,53,162,-109,53,609419
1739991600,1.0432,1.04365,1.0431,1.0435,1085,337.2,0,1085,0,1085,1085,0,1085,609419
1739991780,1.04345,1.04345,1.0432,1.0434,163,339.35,0,0,-122,-81,41,-122,-81,609419
1739991960,1.0434,1.04375,1.04335,1.0437,191,337.15,0,191,0,191,191,0,191,609419
1739992140,1.0437,1.04375,1.0436,1.0437,212,333.75,0,0,-139,-66,73,-139,-66,609419
1739992320,1.0437,1.044,1.0437,1.04395,391,341.9,0,391,0,391,391,0,391,609419
1739992500,1.0439,1.04415,1.04385,1.04385,1081,392.6,0,801,0,521,801,-280,521,609419
1739992680,1.04385,1.0443,1.0438,1.04425,453,402.15,0,453,0,453,453,0,453,609419
1739992860,1.04425,1.04435,1.0442,1.04425,364,407.1,0,290,0,216,290,-74,216,609419
1739993040,1.0443,1.04435,1.04405,1.04415,381,419.6,0,0,-337,-293,44,-337,-293,609419
1739993220,1.0442,1.0445,1.0442,1.04445,293,424.65,0,293,0,293,293,0,293,609419
1739993400,1.0444,1.0444,1.04405,1.04405,310,426.5,0,0,-310,-310,0,-310,-310,609419
1739993580,1.0441,1.0441,1.0438,1.0438,433,417.9,0,0,-433,-433,0,-433,-433,609419
1739993760,1.04385,1.04385,1.04355,1.04365,743,435.7,0,0,-743,-743,0,-743,-743,609419
1739993940,1.04365,1.044,1.0436,1.04395,215,434.5,0,215,0,215,215,0,215,609419
1739994120,1.04395,1.044,1.0438,1.044,82,413.25,0,8,-37,8,45,-37,8,609419
1739994300,1.04395,1.04395,1.0437,1.0438,210,396.4,0,22,-94,22,116,-94,22,609419
1739994480,1.0438,1.0439,1.0438,1.0439,134,379.6,0,118,0,118,126,-8,118,609419
1739994660,1.0439,1.0439,1.04375,1.0438,207,371.35,0,0,-109,-81,63,-144,-81,609419
1739994840,1.0438,1.04385,1.04355,1.04365,162,369.05,0,0,-162,-162,0,-162,-162,609419
1739995020,1.04365,1.0439,1.0436,1.04385,628,386.9,0,494,-67,494,561,-67,494,609419
1739995200,1.04385,1.0439,1.04375,1.0438,473,356.3,0,368,0,263,368,-105,263,609419
1739995380,1.0438,1.0438,1.04365,1.04365,76,351.95,0,0,-76,-76,0,-76,-76,609419
1739995560,1.04365,1.0437,1.04355,1.0436,82,346.5,0,41,0,0,41,-41,0,609419
1739995740,1.04365,1.0438,1.04365,1.0437,96,340.7,0,44,-8,-8,44,-52,-8,609419
1739995920,1.04365,1.0439,1.04365,1.04375,131,327.7,0,74,0,17,74,-57,17,609419
1739996100,1.04375,1.04385,1.04375,1.04385,54,276.35,0,0,-33,-12,21,-33,-12,609419
1739996280,1.0439,1.0439,1.04365,1.04365,71,257.25,0,0,-71,-71,0,-71,-71,609419
1739996460,1.04365,1.04365,1.04355,1.0436,82,243.15,0,0,-82,-82,0,-82,-82,609419
1739996640,1.04365,1.0437,1.0436,1.0436,157,231.95,0,14,-129,-129,14,-143,-129,609419
1739996820,1.04365,1.04365,1.0434,1.0436,213,227.95,0,0,-183,-153,30,-183,-153,609419
1739997000,1.04365,1.04385,1.04365,1.04375,127,218.8,0,100,0,73,100,-27,73,609419
1739997180,1.04375,1.04375,1.04355,1.04355,152,204.75,0,0,-152,-152,0,-152,-152,609419
1739997360,1.0436,1.0436,1.0434,1.04345,147,174.95,0,14,-119,-119,14,-133,-119,609419
1739997540,1.04345,1.0436,1.0434,1.04355,197,174.05,0,197,0,197,197,0,197,609419
1739997720,1.0435,1.04365,1.0435,1.0436,66,173.25,0,50,0,50,58,-8,50,609419
1739997900,1.0436,1.0436,1.0435,1.0436,100,167.75,0,48,-26,48,74,-26,48,609419
1739998080,1.04365,1.0438,1.04365,1.04375,141,168.1,0,141,0,141,141,0,141,609419
1739998260,1.04375,1.04385,1.04365,1.0437,131,164.3,0,31,-46,-23,54,-77,-23,609419
1739998440,1.04375,1.0438,1.0437,1.04375,113,161.85,0,85,-14,85,99,-14,85,609419
1739998620,1.04375,1.04385,1.04375,1.04385,200,140.45,0,104,0,104,152,-48,104,609419
1739998800,1.0438,1.04385,1.0437,1.0437,164,125,0,0,-122,-96,34,-130,-96,609419
1739998980,1.0437,1.04375,1.0437,1.04375,193,130.85,0,181,-6,181,187,-6,181,609419
1739999160,1.04375,1.0438,1.04375,1.04375,20,127.75,0,12,0,4,12,-8,4,609419
1739999340,1.04375,1.0438,1.04375,1.04375,23,124.1,0,0,-23,-23,0,-23,-23,609419
1739999520,1.0438,1.04385,1.04375,1.0438,130,124.05,0,130,0,130,130,0,130,609419
1739999700,1.0438,1.04385,1.0438,1.04385,20,122.35,0,20,0,20,20,0,20,609419
1739999880,1.04385,1.0439,1.04385,1.0439,40,120.8,0,40,0,40,40,0,40,609419
1740000060,1.0439,1.04395,1.0439,1.04395,33,118.35,0,33,0,33,33,0,33,609419
1740000240,1.0439,1.0439,1.04385,1.04385,11,111.05,0,0,-11,-11,0,-11,-11,609419
1740000420,1.04385,1.0439,1.04385,1.0439,77,104.25,0,69,-4,69,73,-4,69,609419
1740000600,1.04385,1.04385,1.0437,1.04375,103,103.05,0,47,-28,47,75,-28,47,609419
1740000780,1.04375,1.0438,1.0437,1.04375,142,102.55,0,119,-5,106,124,-18,106,609419
1740000960,1.04375,1.04385,1.04365,1.04365,115,100.95,0,0,-115,-115,0,-115,-115,609419
1740001140,1.04365,1.04365,1.04355,1.0436,73,94.75,0,23,-9,-9,32,-41,-9,609419
1740001320,1.04365,1.0437,1.04365,1.04365,33,93.1,0,27,0,21,27,-6,21,609419
1740001500,1.0437,1.04375,1.0437,1.04375,27,89.45,0,15,0,15,21,-6,15,609419
1740001680,1.04375,1.0438,1.0437,1.0437,16,83.2,0,8,0,0,8,-8,0,609419
1740001860,1.0437,1.04375,1.04355,1.04365,133,83.3,0,2,-129,-129,2,-131,-129,609419
1740002040,1.04375,1.04375,1.0436,1.0436,27,79,0,7,-13,-13,7,-20,-13,609419
1740002220,1.04355,1.04365,1.0435,1.0436,27,70.35,0,13,-7,13,20,-7,13,613241
1740006000,1.04355,1.0437,1.0435,1.0437,136,68.95,0,136,0,136,136,0,136,613241
1740006180,1.04365,1.0437,1.0436,1.04365,59,62.25,0,0,-32,-5,27,-32,-5,613241
1740006360,1.04365,1.04365,1.0436,1.0436,23,62.4,0,8,-7,-7,8,-15,-7,613241
1740006540,1.0436,1.0436,1.04345,1.04345,52,63.85,0,3,-18,-10,21,-31,-10,613241
1740006720,1.0435,1.0435,1.0435,1.0435,9,57.8,0,9,0,9,9,0,9,613241
1740006900,1.04355,1.0437,1.0435,1.0436,66,60.1,0,65,0,64,65,-1,64,613241
1740007080,1.04365,1.04365,1.04365,1.04365,19,59.05,0,19,0,19,19,0,19,613241
1740007260,1.04365,1.04375,1.0436,1.0436,115,63.15,0,107,0,99,107,-8,99,613241
1740007440,1.04355,1.0436,1.04355,1.0436,131,69.15,0,119,-6,119,125,-6,119,613241
1740007620,1.04355,1.04355,1.0434,1.0435,168,73.7,0,0,-120,-72,48,-120,-72,613241
1740007800,1.04345,1.04345,1.0433,1.0433,98,73.45,0,0,-98,-98,0,-98,-98,613241
1740007980,1.04335,1.04335,1.0433,1.0433,9,66.8,0,5,0,1,5,-4,1,613241
1740008160,1.0433,1.0433,1.04325,1.04325,40,63.05,0,0,-40,-40,0,-40,-40,613241
1740008340,1.0432,1.04325,1.0432,1.0432,37,61.25,0,18,-1,-1,18,-19,-1,613241
1740008520,1.0432,1.0433,1.0432,1.04325,53,62.25,0,2,-25,1,27,-26,1,613241
1740008700,1.04325,1.0433,1.0432,1.04325,131,67.45,0,0,-70,-9,61,-70,-9,613241
1740008880,1.04325,1.04325,1.04325,1.04325,14,67.35,0,14,0,14,14,0,14,613241
1740009060,1.04325,1.0433,1.04325,1.04325,21,61.75,0,21,0,21,21,0,21,613241
1740009240,1.0432,1.0432,1.04315,1.04315,34,62.1,0,4,-14,2,18,-16,2,613241
1740009420,1.04315,1.04325,1.04315,1.04325,28,62.15,0,28,0,28,28,0,28,613241
1740009600,1.04325,1.0435,1.04325,1.0435,237,67.2,0,237,0,237,237,0,237,613241
1740009780,1.04345,1.0435,1.04345,1.0435,17,65.1,0,11,-3,11,14,-3,11,613241
1740009960,1.04355,1.0436,1.0435,1.04355,37,65.8,0,6,-25,-25,6,-31,-25,613241
1740010140,1.04355,1.0436,1.04335,1.0434,108,68.6,0,0,-108,-108,0,-108,-108,613241
1740010320,1.04345,1.0435,1.0434,1.04345,22,69.25,0,22,0,22,22,0,22,613241
1740010500,1.04345,1.04345,1.0433,1.04335,38,67.85,0,0,-34,-30,4,-34,-30,613241
1740010680,1.04335,1.04345,1.04325,1.0433,40,68.9,0,9,-14,-6,17,-23,-6,613241
1740010860,1.04325,1.0433,1.04315,1.04315,72,66.75,0,0,-72,-72,0,-72,-72,613241
1740011040,1.0431,1.04325,1.0431,1.0432,57,63.05,0,57,0,57,57,0,57,613241
1740011220,1.0432,1.04335,1.0431,1.04335,142,61.75,0,26,-58,26,84,-58,26,613241
1740011400,1.0434,1.0435,1.0432,1.04325,488,81.25,0,0,-488,-488,0,-488,-488,613241
1740011580,1.04325,1.04335,1.04315,1.04335,136,87.6,0,72,-32,72,104,-32,72,613241
1740011760,1.04335,1.04355,1.04335,1.04355,58,88.5,0,58,0,58,58,0,58,613241
1740011940,1.0436,1.04365,1.0436,1.0436,43,88.8,0,25,0,7,25,-18,7,613241
1740012120,1.0436,1.0439,1.0436,1.0438,80,90.15,0,50,-15,50,65,-15,50,613241
1740012300,1.04375,1.04385,1.04375,1.0438,124,89.8,0,86,0,74,99,-25,74,613241
1740012480,1.0438,1.04395,1.04375,1.04395,123,95.25,0,65,-29,65,94,-29,65,613241
1740012660,1.04395,1.044,1.04385,1.04385,96,99,0,5,-34,-34,31,-65,-34,613241
1740012840,1.0439,1.04415,1.0439,1.0441,223,108.45,0,223,0,223,223,0,223,613241
1740013020,1.0441,1.04415,1.044,1.04405,64,110.25,0,50,0,36,50,-14,36,613241
1740013200,1.0441,1.04425,1.04405,1.04425,104,103.6,0,55,0,18,61,-43,18,613241
1740013380,1.04425,1.04435,1.04415,1.04435,67,106.1,0,67,0,67,67,0,67,613241
1740013560,1.04435,1.0444,1.04425,1.0444,51,106.8,0,37,0,37,44,-7,37,613241
1740013740,1.0444,1.0444,1.04425,1.04435,125,107.65,0,0,-87,-49,38,-87,-49,613241
1740013920,1.04435,1.0444,1.0442,1.04435,155,114.3,0,0,-139,-123,16,-139,-123,613241
1740014100,1.04435,1.04435,1.04415,1.0442,184,121.6,0,0,-117,-50,67,-117,-50,613241
1740014280,1.04425,1.04435,1.04415,1.04415,102,124.7,0,65,0,28,65,-37,28,613241
1740014460,1.04415,1.04425,1.04405,1.0441,43,123.25,0,24,0,5,24,-19,5,613241
1740014640,1.0441,1.0441,1.044,1.044,22,121.5,0,0,-22,-22,0,-22,-22,613241
1740014820,1.04405,1.04405,1.04375,1.0438,138,121.3,0,0,-138,-138,0,-138,-138,613241
1740015000,1.04375,1.04375,1.04365,1.0437,101,101.95,0,0,-71,-57,22,-79,-57,613241
1740015180,1.04365,1.0438,1.0435,1.0435,212,105.75,0,86,-40,-40,86,-126,-40,613241
1740015360,1.04345,1.04365,1.0434,1.04365,72,106.45,0,72,0,72,72,0,72,613241
1740015540,1.04365,1.04365,1.04335,1.04335,53,106.95,0,4,-45,-45,4,-49,-45,613241
1740015720,1.0433,1.04345,1.04325,1.0434,153,110.6,0,153,0,153,153,0,153,613241
1740015900,1.04335,1.04335,1.04305,1.04315,173,113.05,0,0,-173,-173,0,-173,-173,613241
1740016080,1.0431,1.0433,1.04305,1.0433,96,111.7,0,96,0,96,96,0,96,613241
1740016260,1.04325,1.04335,1.0432,1.04335,54,109.6,0,12,-21,12,33,-21,12,613241
1740016440,1.0433,1.04345,1.0433,1.0434,45,100.7,0,35,0,25,35,-10,25,613241
1740016620,1.04335,1.04335,1.04325,1.0433,47,99.85,0,0,-47,-47,0,-47,-47,613241
1740016800,1.0432,1.04335,1.04315,1.04335,38,96.55,0,38,0,38,38,0,38,613241
1740016980,1.0434,1.0435,1.0434,1.04345,32,94.8,0,14,0,14,23,-9,14,613241
1740017160,1.04345,1.0438,1.04345,1.0438,97,97.1,0,97,0,97,97,0,97,613241
1740017340,1.0438,1.0441,1.0438,1.0441,209,101.3,0,209,0,209,209,0,209,613241
1740017520,1.0441,1.0441,1.04395,1.044,113,99.2,0,0,-113,-113,0,-113,-113,613241
1740017700,1.044,1.04405,1.0439,1.04405,82,94.1,0,2,-40,2,42,-40,2,613241
1740017880,1.044,1.0441,1.04385,1.0439,286,103.3,0,0,-286,-286,0,-286,-286,613241
1740018060,1.04385,1.0441,1.04385,1.0439,170,109.65,0,71,-28,-28,71,-99,-28,613241
1740018240,1.0439,1.044,1.04385,1.04385,95,113.3,0,0,-79,-79,8,-87,-79,613241
1740018420,1.04375,1.04375,1.04365,1.04365,124,112.6,0,0,-124,-124,0,-124,-124,613241
1740018600,1.0437,1.0438,1.04355,1.04355,104,112.75,0,0,-104,-104,0,-104,-104,613241
1740018780,1.04355,1.04365,1.0435,1.0435,43,104.3,0,27,0,11,27,-16,11,613241
1740018960,1.0435,1.04445,1.0434,1.04435,1326,167,0,1326,0,1326,1326,0,1326,613241
1740019140,1.0444,1.0444,1.044,1.0444,328,180.75,0,0,-231,-134,97,-231,-134,613241
1740019320,1.0444,1.0445,1.0443,1.04435,127,179.45,0,32,-63,-63,32,-95,-63,613241
1740019500,1.04435,1.04435,1.044,1.04405,133,177.45,0,0,-133,-133,0,-133,-133,613241
1740019680,1.04405,1.04445,1.04405,1.04445,117,178.5,0,117,0,117,117,0,117,613241
1740019860,1.0445,1.0449,1.0445,1.04485,454,198.5,0,454,0,454,454,0,454,613241
1740020040,1.04485,1.0449,1.0447,1.04475,172,204.85,0,77,-18,-18,77,-95,-18,613241
1740020220,1.04475,1.0448,1.0447,1.0447,66,205.8,0,0,-66,-66,0,-66,-66,613241
1740020400,1.04475,1.04475,1.0445,1.0446,73,207.55,0,0,-73,-73,0,-73,-73,613241
1740020580,1.0446,1.04465,1.04455,1.0446,18,206.85,0,0,-15,-12,3,-15,-12,613241
1740020760,1.04465,1.04465,1.0444,1.04445,73,205.65,0,0,-73,-73,0,-73,-73,613241
1740020940,1.04445,1.0445,1.0444,1.04445,44,197.4,0,18,-8,-8,18,-26,-8,613241
1740021120,1.04445,1.0445,1.0443,1.0443,39,193.7,0,0,-39,-39,0,-39,-39,613241
1740021300,1.0443,1.0443,1.04405,1.0441,74,193.3,0,0,-67,-60,7,-67,-60,613241
1740021480,1.04415,1.0442,1.04415,1.0442,99,183.95,0,55,-7,55,77,-22,55,613241
1740021660,1.0442,1.0443,1.04415,1.04415,60,178.45,0,42,0,24,42,-18,24,613241
1740021840,1.04415,1.04415,1.044,1.044,59,176.65,0,0,-59,-59,0,-59,-59,613241
1740022020,1.04395,1.04405,1.0438,1.04405,69,173.9,0,0,-39,-9,30,-39,-9,613241
1740022200,1.044,1.04405,1.0439,1.04405,39,170.65,0,0,-24,-9,15,-24,-9,613241
1740022380,1.04405,1.04425,1.04405,1.04425,40,170.5,0,40,0,40,40,0,40,613241
1740022560,1.0443,1.0444,1.0443,1.0444,66,107.5,0,66,0,66,66,0,66,613241
1740022740,1.04435,1.0444,1.0443,1.04435,30,92.6,0,0,-23,-16,7,-23,-16,613241
1740022920,1.04435,1.04455,1.04435,1.04445,60,89.25,0,36,0,12,36,-24,12,613241
1740023100,1.04445,1.04455,1.0444,1.0445,89,87.05,0,24,-37,-33,28,-61,-33,613241
1740023280,1.04445,1.04465,1.04445,1.04455,82,85.3,0,72,-5,72,77,-5,72,613241
1740023460,1.04455,1.04455,1.0444,1.04445,46,64.9,0,1,-17,-10,18,-28,-10,613241
1740023640,1.04445,1.04445,1.04435,1.0444,48,58.7,0,0,-48,-48,0,-48,-48,613241
1740023820,1.0444,1.0444,1.04425,1.0443,40,57.4,0,0,-27,-14,13,-27,-14,613241
1740024000,1.0443,1.04435,1.04405,1.04405,71,57.3,0,0,-71,-71,0,-71,-71,613241
1740024180,1.0441,1.0441,1.044,1.044,97,61.25,0,37,-23,-23,37,-60,-23,613241
1740024360,1.044,1.0441,1.04395,1.04405,189,67.05,0,189,0,189,189,0,189,613241
1740024540,1.044,1.04415,1.044,1.04415,90,69.35,0,80,-5,80,85,-5,80,613241
1740024720,1.0441,1.0441,1.04395,1.04395,53,70.05,0,0,-53,-53,0,-53,-53,613241
1740024900,1.04395,1.04405,1.0439,1.0439,126,72.65,0,0,-82,-82,22,-104,-82,613241
1740025080,1.0439,1.04405,1.0439,1.04405,59,70.65,0,37,-11,37,48,-11,37,613241
1740025260,1.04405,1.04405,1.0438,1.0438,93,72.3,0,0,-93,-93,0,-93,-93,613241
1740025440,1.04385,1.04405,1.04385,1.044,104,74.55,0,104,0,104,104,0,104,613241
1740025620,1.04405,1.04405,1.0438,1.0438,65,74.35,0,4,-43,-43,11,-54,-43,613241
1740025800,1.0438,1.0438,1.04355,1.0437,351,89.95,0,0,-221,-91,130,-221,-91,613241
1740025980,1.0436,1.04375,1.04355,1.04375,352,105.55,0,64,-144,64,208,-144,64,613241
1740026160,1.0438,1.0439,1.0438,1.0438,51,104.8,0,46,0,41,46,-5,41,613241
1740026340,1.0439,1.044,1.0438,1.04385,132,109.9,0,0,-125,-118,7,-125,-118,613241
1740026520,1.04385,1.0439,1.0438,1.0439,84,111.1,0,26,-29,26,55,-29,26,613241
1740026700,1.04385,1.0439,1.0438,1.0439,100,111.65,0,0,-81,-62,19,-81,-62,613241
1740026880,1.0439,1.04395,1.0439,1.0439,42,109.65,0,42,0,42,42,0,42,613241
1740027060,1.044,1.0441,1.044,1.0441,130,113.85,0,130,0,130,130,0,130,613241
1740027240,1.0441,1.0442,1.0441,1.0441,122,117.55,0,91,0,60,91,-31,60,613241
1740027420,1.04415,1.0443,1.04415,1.0442,28,116.95,0,21,0,14,21,-7,14,613241
1740027600,1.0442,1.04425,1.0441,1.0441,31,114.95,0,10,-11,-11,10,-21,-11,613241
1740027780,1.04415,1.0443,1.0441,1.0442,66,113.4,0,48,0,30,48,-18,30,613241
1740027960,1.0442,1.0444,1.0442,1.0444,49,106.4,0,49,0,49,49,0,49,613241
1740028140,1.04435,1.0444,1.0443,1.04435,26,103.2,0,0,-16,-10,8,-18,-10,613241
1740028320,1.04435,1.04445,1.0443,1.0444,46,102.85,0,24,0,2,24,-22,2,613241
1740028500,1.0444,1.04455,1.0444,1.04455,47,98.9,0,47,0,47,47,0,47,613241
1740028680,1.04455,1.0446,1.0445,1.04455,31,97.5,0,31,0,31,31,0,31,613241
1740028860,1.04455,1.04455,1.0444,1.0444,20,93.85,0,0,-20,-20,0,-20,-20,613241
1740029040,1.0444,1.0444,1.04425,1.04425,19,89.6,0,0,-19,-19,0,-19,-19,613241
1740029220,1.04425,1.0443,1.0442,1.0443,39,88.3,0,29,0,29,34,-5,29,613241
1740029400,1.0443,1.0443,1.04415,1.0442,75,74.5,0,0,-75,-75,0,-75,-75,613241
1740029580,1.0442,1.0442,1.04405,1.0441,25,58.15,0,0,-25,-25,0,-25,-25,613241
1740029760,1.0441,1.04415,1.04405,1.04405,27,56.95,0,8,-11,-11,8,-19,-11,613241
1740029940,1.04405,1.04405,1.044,1.04405,26,51.65,0,0,-23,-20,3,-23,-20,613241
1740030120,1.04405,1.04405,1.04395,1.044,30,48.95,0,12,-6,-6,12,-18,-6,613241
1740030300,1.04395,1.04405,1.04395,1.044,71,47.5,0,71,0,71,71,0,71,613241
1740030480,1.044,1.0443,1.044,1.0441,143,52.55,0,137,0,131,137,-6,131,613241
1740030660,1.04415,1.04415,1.0441,1.0441,47,48.4,0,33,0,19,33,-14,19,613241
1740030840,1.0441,1.0441,1.0439,1.04395,129,48.75,0,0,-129,-129,0,-129,-129,613241
1740031020,1.04395,1.04395,1.04385,1.04395,150,54.85,0,0,-124,-98,26,-124,-98,613241
1740031200,1.04395,1.044,1.04385,1.044,157,61.15,0,55,-51,55,106,-51,55,613241
1740031380,1.04405,1.04415,1.044,1.04415,82,61.95,0,74,0,74,78,-4,74,613241
1740031560,1.0441,1.04435,1.04405,1.04435,79,63.45,0,73,-3,73,76,-3,73,613241
1740031740,1.04435,1.04435,1.04425,1.04425,34,63.85,0,0,-16,-14,10,-24,-14,613241
1740031920,1.04425,1.04425,1.04415,1.04415,21,62.6,0,0,-21,-21,0,-21,-21,613241
1740032100,1.0442,1.0443,1.0442,1.0443,33,61.9,0,33,0,33,33,0,33,613241
1740032280,1.04425,1.0446,1.04425,1.04455,69,63.8,0,69,0,69,69,0,69,613241
1740032460,1.04455,1.0446,1.04445,1.04455,62,65.9,0,0,-34,-6,28,-34,-6,613241
1740032640,1.04455,1.04455,1.0444,1.0445,208,75.35,0,22,-93,22,115,-93,22,613241
1740032820,1.0445,1.04455,1.04435,1.0444,134,80.1,0,22,-46,22,78,-56,22,613241
1740033000,1.04445,1.0445,1.04435,1.04445,123,82.5,0,0,-84,-45,39,-84,-45,613241
1740033180,1.0445,1.0445,1.04435,1.0444,129,87.7,0,0,-107,-85,22,-107,-85,613241
1740033360,1.04435,1.0444,1.04425,1.04435,169,94.8,0,0,-169,-169,0,-169,-169,613241
1740033540,1.04435,1.0444,1.0442,1.0444,95,98.25,0,0,-86,-77,9,-86,-77,613241
1740033720,1.0444,1.04445,1.04415,1.04415,136,103.55,0,18,-100,-100,18,-118,-100,613241
1740033900,1.0442,1.0442,1.04405,1.0441,74,103.7,0,8,-40,-40,17,-57,-40,613241
1740034080,1.0441,1.0442,1.044,1.0442,61,99.6,0,39,-11,39,50,-11,39,613241
1740034260,1.0442,1.0442,1.04405,1.04405,69,100.7,0,0,-69,-69,0,-69,-69,613241
1740034440,1.044,1.04405,1.0438,1.0438,178,103.15,0,0,-178,-178,0,-178,-178,613241
1740034620,1.0438,1.0438,1.04365,1.0437,119,101.6,0,0,-119,-119,0,-119,-119,613241
1740034800,1.04375,1.04375,1.0435,1.0436,413,114.4,0,0,-233,-53,180,-233,-53,613241
1740034980,1.0436,1.0437,1.04355,1.0437,262,123.4,0,158,-52,158,210,-52,158,613241
1740035160,1.04375,1.0441,1.0437,1.0439,193,129.1,0,146,0,99,146,-47,99,613241
1740035340,1.0439,1.0439,1.0437,1.04385,206,137.7,0,0,-156,-106,50,-156,-106,613241
1740035520,1.04385,1.0439,1.04375,1.0439,141,143.7,0,51,-45,51,96,-45,51,613241
1740035700,1.0439,1.0443,1.0439,1.0443,239,154,0,239,0,239,239,0,239,613241
1740035880,1.04435,1.04435,1.0439,1.0439,212,161.15,0,0,-212,-212,0,-212,-212,613241
1740036060,1.0439,1.04405,1.0439,1.04405,104,163.25,0,40,-15,-6,49,-55,-6,613241
1740036240,1.04405,1.04425,1.044,1.04425,229,164.3,0,229,0,229,229,0,229,613241
1740036420,1.0442,1.0442,1.0439,1.044,207,167.95,0,0,-158,-109,49,-158,-109,613241
1740036600,1.04405,1.04425,1.04405,1.0442,128,168.2,0,128,0,128,128,0,128,613241
1740036780,1.04425,1.0443,1.04415,1.0442,73,165.4,0,15,-21,-21,26,-47,-21,613241
1740036960,1.0442,1.0443,1.04405,1.04405,222,168.05,0,157,0,92,157,-65,92,613241
1740037140,1.04405,1.04415,1.044,1.04405,87,167.65,0,0,-55,-53,17,-70,-53,613241
1740037320,1.04405,1.0441,1.0438,1.04405,115,166.6,0,0,-85,-55,30,-85,-55,613241
1740037500,1.044,1.0442,1.044,1.0442,211,173.45,0,211,0,211,211,0,211,613241
1740037680,1.0442,1.0444,1.0442,1.0443,271,183.95,0,159,-18,159,215,-56,159,613241
1740037860,1.0443,1.04435,1.04425,1.0443,86,184.8,0,24,-31,24,55,-31,24,613241
1740038040,1.0443,1.04455,1.04415,1.0445,278,189.8,0,222,-28,222,250,-28,222,613241
1740038220,1.0445,1.0445,1.04425,1.0443,251,196.4,0,0,-251,-251,0,-251,-251,613241
1740038400,1.0443,1.0446,1.0443,1.04455,517,201.6,0,417,0,317,417,-100,317,613241
1740038580,1.0446,1.04505,1.04455,1.04505,902,233.6,0,902,0,902,902,0,902,613241
1740038760,1.04505,1.04515,1.0449,1.04505,533,250.6,0,426,0,319,426,-107,319,613241
1740038940,1.0451,1.04515,1.04495,1.04495,255,253.05,0,116,-23,-23,116,-139,-23,613241
1740039120,1.045,1.04525,1.045,1.0452,662,279.1,0,449,0,236,449,-213,236,613241
1740039300,1.0452,1.0452,1.04495,1.0451,320,283.15,0,0,-164,-8,156,-164,-8,613241
1740039480,1.04505,1.04505,1.04485,1.04485,230,284.05,0,0,-230,-230,0,-230,-230,613241
1740039660,1.0449,1.04495,1.0447,1.04485,293,293.5,0,47,-123,47,170,-123,47,613241
1740039840,1.0449,1.04495,1.0448,1.0449,163,290.2,0,81,0,81,122,-41,81,613241
1740040020,1.0449,1.04515,1.04485,1.04515,243,292,0,243,0,243,243,0,243,613241
1740040200,1.0451,1.04535,1.045,1.04505,692,320.2,0,241,-210,-210,241,-451,-210,613241
1740040380,1.04505,1.04505,1.04465,1.04475,214,327.25,0,0,-214,-214,0,-214,-214,613241
1740040560,1.0447,1.0447,1.04425,1.0444,1164,374.35,0,0,-1164,-1164,0,-1164,-1164,613241
1740040740,1.0444,1.0444,1.0442,1.0443,424,391.2,0,0,-315,-206,109,-315,-206,613241
1740040920,1.0443,1.0444,1.04415,1.0442,316,401.25,0,151,-14,-14,151,-165,-14,613241
1740041100,1.0442,1.04445,1.0442,1.0443,399,410.65,0,303,0,207,303,-96,207,613241
1740041280,1.0443,1.0444,1.04415,1.0442,245,409.35,0,45,-155,-155,45,-200,-155,613241
1740041460,1.04415,1.0444,1.04415,1.0444,200,415.05,0,44,-78,44,122,-78,44,613241
1740041640,1.0444,1.04465,1.04435,1.04455,294,415.85,0,148,-73,148,221,-73,148,613241
1740041820,1.04455,1.04465,1.0445,1.0445,216,414.1,0,78,-60,-60,78,-138,-60,613241
1740042000,1.0445,1.04455,1.0443,1.0443,239,400.2,0,0,-93,-93,73,-166,-93,613241
1740042180,1.04435,1.04435,1.04415,1.0443,183,364.25,0,0,-100,-85,49,-134,-85,613241
1740042360,1.0443,1.04445,1.04415,1.0444,268,351,0,94,-87,94,181,-87,94,613241
1740042540,1.0444,1.04455,1.0444,1.04455,221,349.3,0,83,0,83,152,-69,83,613241
1740042720,1.04455,1.04475,1.04445,1.04465,191,325.75,0,71,0,71,131,-60,71,613241
1740042900,1.0447,1.0448,1.04465,1.04475,147,317.1,0,33,-29,23,85,-62,23,613241
1740043080,1.04475,1.04495,1.0447,1.0449,156,313.4,0,156,0,156,156,0,156,613241
1740043260,1.0449,1.04495,1.0447,1.04475,213,309.4,0,105,-3,-3,105,-108,-3,613241
1740043440,1.04475,1.04475,1.0445,1.04465,157,309.1,0,0,-121,-85,36,-121,-85,613241
1740043620,1.04465,1.04465,1.04435,1.04445,186,306.25,0,0,-186,-186,0,-186,-186,613241
1740043800,1.0445,1.04455,1.04435,1.04435,213,282.3,0,54,-105,-105,54,-159,-105,613241
1740043980,1.0443,1.0444,1.0442,1.0443,220,282.6,0,0,-104,-104,58,-162,-104,613241
1740044160,1.0443,1.04435,1.04415,1.04425,109,229.85,0,0,-89,-89,10,-99,-89,613241
1740044340,1.0442,1.0442,1.044,1.04405,101,213.7,0,0,-101,-101,0,-101,-101,613241
1740044520,1.04405,1.04435,1.04405,1.0443,156,205.7,0,156,0,156,156,0,156,613241
1740044700,1.04435,1.0444,1.04425,1.04435,141,192.8,0,117,0,117,129,-12,117,613241
1740044880,1.0444,1.04455,1.0444,1.0445,163,188.7,0,145,0,127,145,-18,127,613241
1740045060,1.04455,1.04475,1.04455,1.04475,130,185.2,0,34,-31,34,82,-48,34,613241
1740045240,1.04475,1.04485,1.0446,1.0447,157,178.35,0,95,0,33,95,-62,33,613241
1740045420,1.04475,1.04495,1.04475,1.04485,380,186.55,0,380,0,380,380,0,380,613241
1740045600,1.0448,1.0448,1.0446,1.0447,178,183.5,0,0,-147,-116,31,-147,-116,613241
1740045780,1.04475,1.0451,1.04465,1.04505,536,201.15,0,436,0,436,486,-50,436,613241
1740045960,1.0451,1.0452,1.04505,1.0451,292,202.35,0,236,0,180,236,-56,180,613241
1740046140,1.04505,1.04535,1.04505,1.0452,329,207.75,0,106,-47,23,176,-153,23,613241
1740046320,1.0452,1.04545,1.04515,1.04525,454,220.9,0,205,0,132,293,-161,132,613241
1740046500,1.04525,1.04525,1.0447,1.04475,365,231.8,0,0,-365,-365,0,-365,-365,613241
1740046680,1.0448,1.04515,1.0448,1.04515,292,238.6,0,292,0,292,292,0,292,613241
1740046860,1.0451,1.04525,1.04505,1.04525,252,240.55,0,190,0,190,221,-31,190,613241
1740047040,1.0452,1.04535,1.04515,1.04525,172,241.3,0,130,0,88,130,-42,88,613241
1740047220,1.0452,1.04535,1.04515,1.0453,491,256.55,0,351,0,351,421,-70,351,613241
1740047400,1.04535,1.04535,1.045,1.0451,227,257.25,0,0,-215,-203,12,-215,-203,613241
1740047580,1.04505,1.04515,1.045,1.04515,158,254.15,0,104,0,98,128,-30,98,613241
1740047760,1.04515,1.0452,1.0451,1.04515,90,253.2,0,40,0,14,52,-38,14,613241
1740047940,1.0452,1.04545,1.0452,1.04535,240,260.15,0,194,0,148,194,-46,148,613241
1740048120,1.04535,1.0454,1.04525,1.04535,336,269.15,0,98,-119,98,217,-119,98,613241
1740048300,1.04535,1.0456,1.0452,1.0452,587,291.45,0,241,-105,-105,241,-346,-105,613241
1740048480,1.0452,1.04545,1.0452,1.0454,201,293.35,0,201,0,201,201,0,201,613241
1740048660,1.0454,1.04545,1.0453,1.04545,192,296.45,0,56,-68,56,124,-68,56,613241
1740048840,1.04545,1.04555,1.04535,1.0454,175,297.35,0,108,0,41,108,-67,41,613241
1740049020,1.04545,1.0455,1.0453,1.04535,145,285.6,0,55,-45,55,100,-45,55,613241
1740049200,1.04545,1.04565,1.0454,1.04565,200,286.7,0,200,0,200,200,0,200,613241
1740049380,1.0456,1.04575,1.0455,1.0455,303,275.05,0,128,-47,-47,128,-175,-47,613241
1740049560,1.0455,1.0456,1.0455,1.0456,109,265.9,0,109,0,109,109,0,109,613241
1740049740,1.0456,1.0458,1.0456,1.0457,262,262.55,0,95,-42,-12,125,-137,-12,613241
1740049920,1.0457,1.0458,1.04565,1.04565,216,250.65,0,98,-20,-20,98,-118,-20,613241
1740050100,1.0456,1.04575,1.04555,1.04565,253,245.05,0,153,0,153,203,-50,153,613241
1740050280,1.0456,1.0456,1.0454,1.0455,313,246.1,0,0,-313,-313,0,-313,-313,613241
1740050460,1.0455,1.04555,1.0453,1.0453,343,250.65,0,25,-293,-293,25,-318,-293,613241
1740050640,1.04535,1.04535,1.04515,1.0452,213,252.7,0,0,-213,-213,0,-213,-213,613241
1740050820,1.04525,1.04535,1.04515,1.04515,114,233.85,0,31,-52,-52,31,-83,-52,613241
1740051000,1.0451,1.04515,1.0449,1.045,261,235.55,0,56,-149,-149,56,-205,-149,613241
1740051180,1.045,1.045,1.04475,1.0448,326,243.95,0,0,-326,-326,0,-326,-326,613241
1740051360,1.04485,1.04485,1.04465,1.0447,227,250.8,0,0,-139,-139,44,-183,-139,613241
1740051540,1.0447,1.04475,1.0446,1.04465,246,251.1,0,0,-152,-58,94,-152,-58,613241
1740051720,1.0447,1.04475,1.04465,1.04465,106,239.6,0,70,0,34,70,-36,34,613241
1740051900,1.04465,1.04465,1.0444,1.04445,203,220.4,0,0,-203,-203,0,-203,-203,613241
1740052080,1.04445,1.04445,1.04425,1.0443,404,230.55,0,0,-404,-404,0,-404,-404,613241
1740052260,1.0443,1.04455,1.0443,1.04455,252,233.55,0,252,0,252,252,0,252,613241
1740052440,1.04455,1.0447,1.04455,1.0447,187,234.15,0,187,0,187,187,0,187,613241
1740052620,1.0447,1.045,1.0447,1.045,302,242,0,302,0,302,302,0,302,613241
1740052800,1.045,1.04505,1.0448,1.0448,393,251.65,0,182,-29,-29,182,-211,-29,613241
1740052980,1.0448,1.0455,1.0448,1.04545,334,253.2,0,334,0,334,334,0,334,613241
1740053160,1.0455,1.04555,1.04515,1.04515,294,262.45,0,0,-294,-294,0,-294,-294,613241
1740053340,1.0452,1.04525,1.04505,1.04505,517,275.2,0,141,-235,-235,141,-376,-235,613241
1740053520,1.045,1.04515,1.0447,1.04515,1193,324.05,0,427,-383,427,810,-383,427,613241
1740053700,1.0451,1.0453,1.045,1.0452,662,344.5,0,199,-81,102,382,-280,102,613241
1740053880,1.0452,1.0454,1.04505,1.0453,334,345.55,0,70,-118,-42,146,-188,-42,613241
1740054060,1.04525,1.0453,1.04505,1.0451,204,338.6,0,0,-204,-204,0,-204,-204,613241
1740054240,1.0451,1.04525,1.0446,1.0446,339,344.9,0,23,-293,-293,23,-316,-293,613241
1740054420,1.04465,1.04465,1.0445,1.04465,339,356.15,0,165,0,165,252,-87,165,613241
1740054600,1.04465,1.0448,1.0445,1.04475,228,354.5,0,18,-105,18,123,-105,18,613241
1740054780,1.04475,1.0451,1.04475,1.04505,197,348.05,0,197,0,197,197,0,197,613241
1740054960,1.04505,1.04505,1.04485,1.04495,154,344.4,0,0,-130,-106,24,-130,-106,613241
1740055140,1.04495,1.04515,1.0449,1.045,197,341.95,0,141,-28,141,169,-28,141,613241
1740055320,1.04505,1.04525,1.045,1.04515,196,346.45,0,112,0,54,125,-71,54,613241
1740055500,1.0451,1.0451,1.0447,1.04475,152,343.9,0,0,-152,-152,0,-152,-152,613241
1740055680,1.04475,1.0449,1.04465,1.04465,246,336,0,62,-122,-122,62,-184,-122,613241
1740055860,1.0446,1.04485,1.0446,1.0447,433,345.05,0,271,0,109,271,-162,109,613241
1740056040,1.04475,1.0448,1.04455,1.04465,700,370.7,0,0,-700,-700,0,-700,-700,613241
1740056220,1.04465,1.04495,1.0446,1.04475,673,389.25,0,416,0,159,416,-257,159,613241
1740056400,1.0447,1.04505,1.04465,1.04485,382,388.7,0,343,0,304,343,-39,304,613241
1740056580,1.04485,1.0451,1.04475,1.0451,260,385,0,58,-101,58,159,-101,58,613241
1740056760,1.04515,1.04545,1.04515,1.04535,448,392.7,0,228,0,8,228,-220,8,613241
1740056940,1.04535,1.0454,1.0453,1.04535,272,380.45,0,102,0,92,182,-90,92,613241
1740057120,1.0454,1.0456,1.0454,1.04555,573,349.45,0,573,0,573,573,0,573,613241
1740057300,1.0456,1.0461,1.0456,1.04575,913,362,0,517,0,517,715,-198,517,613241
1740057480,1.04575,1.046,1.04565,1.0458,825,386.55,0,656,0,487,656,-169,487,613241
1740057660,1.0458,1.0463,1.04565,1.0461,1454,449.05,0,930,-96,598,1026,-428,598,613241
1740057840,1.0461,1.0463,1.0461,1.0462,556,459.9,0,0,-220,-164,196,-360,-164,613241
1740058020,1.04615,1.04635,1.04615,1.04625,365,461.2,0,245,0,125,245,-120,125,613241
1740058200,1.0463,1.0466,1.04585,1.0465,1434,521.5,0,316,-559,316,875,-559,316,613241
1740058380,1.0465,1.0466,1.04635,1.04655,673,545.3,0,329,-172,329,501,-172,329,613241
1740058560,1.04655,1.04665,1.046,1.0462,612,568.2,0,0,-612,-612,0,-612,-612,613241
1740058740,1.04625,1.04645,1.04605,1.04615,289,572.8,0,75,-139,-139,75,-214,-139,613241
1740058920,1.0461,1.0461,1.0459,1.04595,551,590.55,0,0,-551,-551,0,-551,-551,613241
1740059100,1.0459,1.04595,1.04565,1.0458,649,615.4,0,0,-333,-17,316,-333,-17,613241
1740059280,1.0458,1.0458,1.04565,1.04565,637,634.95,0,0,-637,-637,0,-637,-637,613241
1740059460,1.04565,1.0457,1.0455,1.0456,523,639.45,0,237,-143,237,380,-143,237,613241
1740059640,1.0456,1.04605,1.0456,1.04595,340,621.45,0,161,0,160,250,-90,160,613241
1740059820,1.0459,1.046,1.0456,1.046,363,605.95,0,47,-158,47,205,-158,47,613241
1740060000,1.04595,1.04595,1.04535,1.0454,423,608,0,0,-423,-423,0,-423,-423,613241
1740060180,1.04545,1.04595,1.04545,1.04595,1168,653.4,0,1168,0,1168,1168,0,1168,613241
1740060360,1.0459,1.04615,1.0458,1.0461,502,656.1,0,173,-56,44,273,-229,44,613241
1740060540,1.04615,1.04645,1.04605,1.04615,1297,707.35,0,933,0,569,933,-364,569,613241
1740060720,1.0462,1.04625,1.0458,1.0459,281,692.75,0,0,-281,-281,0,-281,-281,613241
1740060900,1.0459,1.04615,1.0459,1.04615,354,664.8,0,354,0,354,354,0,354,613241
1740061080,1.04615,1.04625,1.04585,1.0461,1008,673.95,0,238,-290,238,623,-385,238,613241
1740061260,1.04615,1.04635,1.046,1.04625,546,628.55,0,0,-206,-136,205,-341,-136,613241
1740061440,1.04625,1.0465,1.04605,1.0465,608,631.15,0,348,-130,348,478,-130,348,613241
1740061620,1.04655,1.04665,1.04645,1.0466,381,631.95,0,0,-228,-75,153,-228,-75,613241
1740061800,1.0466,1.04695,1.0465,1.0469,1208,620.65,0,1208,0,1208,1208,0,1208,613241
1740061980,1.04695,1.04705,1.04675,1.04685,1021,638.05,0,0,-601,-601,210,-811,-601,613241
1740062160,1.0469,1.0472,1.0468,1.0469,895,652.2,0,426,-43,-43,426,-469,-43,613241
1740062340,1.04685,1.04685,1.0463,1.0464,1440,709.75,0,0,-1440,-1440,0,-1440,-1440,613241
1740062520,1.0464,1.04685,1.0463,1.0468,832,723.8,0,832,0,832,832,0,832,613241
1740062700,1.04675,1.0468,1.04615,1.04615,804,731.55,0,0,-804,-804,0,-804,-804,613241
1740062880,1.04615,1.0467,1.04615,1.04665,972,748.3,0,972,0,972,972,0,972,613241
1740063060,1.0467,1.0468,1.04635,1.04645,729,758.6,0,226,-277,-277,226,-503,-277,613241
1740063240,1.0465,1.0465,1.04615,1.0465,795,781.35,0,0,-545,-295,250,-545,-295,613241
1740063420,1.0465,1.0465,1.04565,1.04585,1726,849.5,0,0,-1271,-816,455,-1271,-816,613241
1740063600,1.0458,1.0459,1.0453,1.0455,2481,952.4,0,0,-1426,-371,1055,-1426,-371,613241
1740063780,1.0455,1.04615,1.04545,1.04615,948,941.4,0,948,0,948,948,0,948,613241
1740063960,1.04615,1.04635,1.046,1.04635,993,965.95,0,0,-505,-17,488,-505,-17,613241
1740064140,1.0464,1.047,1.04635,1.04675,1658,984,0,1076,0,494,1076,-582,494,613241
1740064320,1.04675,1.0468,1.04645,1.0467,749,1007.4,0,0,-390,-31,359,-390,-31,613241
1740064500,1.04665,1.0469,1.04665,1.04665,518,1015.6,0,107,-304,-304,107,-411,-304,613241
1740064680,1.04665,1.04675,1.0464,1.0467,917,1011.05,0,265,-70,265,591,-326,265,613241
1740064860,1.0467,1.04695,1.0467,1.0469,679,1017.7,0,494,0,309,494,-185,309,613241
1740065040,1.04695,1.04775,1.04685,1.04745,2580,1116.3,0,2580,0,2580,2580,0,2580,613241
1740065220,1.0475,1.0478,1.04745,1.04775,983,1146.4,0,595,0,595,789,-194,595,613241
1740065400,1.0478,1.048,1.04745,1.0475,1468,1159.4,0,654,-160,-160,654,-814,-160,613241
1740065580,1.0475,1.04775,1.0474,1.04775,549,1135.8,0,0,-339,-129,210,-339,-129,613241
1740065760,1.04775,1.0479,1.0475,1.0479,592,1120.65,0,0,-308,-24,284,-308,-24,613241
1740065940,1.0479,1.0481,1.04775,1.04795,1339,1115.6,0,855,0,855,1097,-242,855,613241
1740066120,1.04795,1.04805,1.04775,1.04795,894,1118.7,0,0,-633,-372,261,-633,-372,613241
1740066300,1.04795,1.04815,1.04765,1.04775,895,1123.25,0,365,-165,-165,365,-530,-165,613241
1740066480,1.04775,1.04805,1.04775,1.04805,480,1098.65,0,480,0,480,480,0,480,613241
1740066660,1.048,1.0487,1.048,1.04865,2077,1166.05,0,1461,0,1461,1769,-308,1461,613241
1740066840,1.04865,1.0487,1.04835,1.04845,2117,1232.15,0,0,-2117,-2117,0,-2117,-2117,613241
1740067020,1.04845,1.0487,1.04845,1.0486,1819,1236.8,0,453,-913,-913,453,-1366,-913,613241
1740067200,1.0485,1.04855,1.0482,1.0482,1491,1187.3,0,0,-685,-685,403,-1088,-685,613241
1740067380,1.0482,1.0485,1.0482,1.0485,720,1175.9,0,720,0,720,720,0,720,613241
1740067560,1.0485,1.0486,1.04825,1.0486,1157,1184.1,0,177,-490,177,667,-490,177,613241
1740067740,1.0486,1.04865,1.04835,1.0485,1166,1159.5,0,22,-572,22,594,-572,22,613241
1740067920,1.04855,1.04855,1.048,1.04815,1607,1202.4,0,0,-1066,-525,541,-1066,-525,613241
1740068100,1.04815,1.0483,1.0478,1.04785,1384,1245.7,0,0,-1076,-768,308,-1076,-768,613241
1740068280,1.04785,1.04795,1.04775,1.04795,622,1230.95,0,270,-20,270,446,-176,270,613241
1740068460,1.04795,1.0481,1.04775,1.04785,1158,1254.9,0,483,0,324,741,-417,324,613241
1740068640,1.0478,1.04785,1.0476,1.04785,832,1167.5,0,48,-392,48,440,-392,48,613241
1740068820,1.04785,1.04795,1.04775,1.04785,570,1146.85,0,135,-126,48,309,-261,48,613241
1740069000,1.04785,1.0483,1.04785,1.04825,826,1114.75,0,826,0,826,826,0,826,613241
1740069180,1.0483,1.04845,1.04815,1.0482,400,1107.3,0,136,-128,-128,136,-264,-128,613241
1740069360,1.0482,1.0486,1.04815,1.0482,992,1127.3,0,113,-688,-610,191,-801,-610,613241
1740069540,1.0482,1.04845,1.0481,1.04845,466,1083.65,0,272,0,272,369,-97,272,613241
1740069720,1.04845,1.04885,1.04835,1.0488,1634,1120.65,0,1634,0,1634,1634,0,1634,613241
1740069900,1.04885,1.049,1.04875,1.0488,1147,1133.25,0,874,0,601,874,-273,601,613241
1740070080,1.0488,1.04895,1.0486,1.04885,867,1152.6,0,83,-392,83,475,-392,83,613241
1740070260,1.04885,1.04885,1.04855,1.04885,484,1072.95,0,0,-404,-324,80,-404,-324,613241
1740070440,1.0488,1.0489,1.0486,1.04875,399,987.05,0,16,-136,-95,152,-247,-95,613241
1740070620,1.04875,1.04885,1.04855,1.04865,340,913.1,0,50,-120,0,170,-170,0,613241
1740070800,1.04865,1.04865,1.0484,1.0484,690,873.05,0,0,-690,-690,0,-690,-690,613241
1740070980,1.04845,1.04845,1.0483,1.04845,492,861.65,0,126,-183,126,309,-183,126,613241
1740071160,1.0485,1.04895,1.04845,1.04895,465,827.05,0,465,0,465,465,0,465,613241
1740071340,1.04895,1.0496,1.04895,1.0494,1571,847.3,0,1571,0,1571,1571,0,1571,613241
1740071520,1.04935,1.0496,1.0493,1.04955,819,807.9,0,219,-122,137,478,-341,137,613241
1740071700,1.04955,1.0497,1.0494,1.04965,681,772.75,0,409,-136,409,545,-136,409,613241
1740071880,1.04965,1.0498,1.0496,1.0498,749,779.1,0,749,0,749,749,0,749,613241
1740072060,1.0498,1.04985,1.0496,1.04985,1155,778.95,0,354,-88,271,713,-442,271,613241
1740072240,1.04985,1.0501,1.0498,1.04995,865,780.6,0,567,0,269,567,-298,269,613241
1740072420,1.05,1.05,1.04965,1.04985,637,783.95,0,0,-470,-303,167,-470,-303,613241
1740072600,1.04975,1.0501,1.04975,1.05005,502,767.75,0,502,0,502,502,0,502,613241
1740072780,1.05005,1.0501,1.04975,1.05,421,768.8,0,15,-203,15,218,-203,15,613241
1740072960,1.05005,1.0502,1.05,1.0502,548,746.6,0,548,0,548,548,0,548,613241
1740073140,1.0502,1.05025,1.05,1.05025,1028,774.7,0,562,-233,562,795,-233,562,613241
1740073320,1.05025,1.0506,1.0502,1.0506,817,733.85,0,817,0,817,817,0,817,613241
1740073500,1.05055,1.05055,1.05,1.05005,888,720.9,0,0,-888,-888,0,-888,-888,613241
1740073680,1.05005,1.0502,1.05,1.0502,605,707.8,0,0,-319,-33,286,-319,-33,613241
1740073860,1.0502,1.0502,1.04995,1.04995,580,712.6,0,0,-580,-580,0,-580,-580,613241
1740074040,1.05,1.05005,1.0499,1.0499,359,710.6,0,0,-359,-359,0,-359,-359,613241
1740074220,1.04995,1.0502,1.04995,1.0501,387,712.95,0,387,0,387,387,0,387,613241
1740074400,1.05005,1.05005,1.0497,1.0498,781,717.5,0,0,-781,-781,0,-781,-781,613241
1740074580,1.04975,1.0499,1.04975,1.0499,430,714.4,0,150,0,150,290,-140,150,613241
1740074760,1.04985,1.0502,1.04985,1.0502,304,706.35,0,304,0,304,304,0,304,613241
1740074940,1.05015,1.05055,1.05015,1.0505,288,642.2,0,288,0,288,288,0,288,613241
1740075120,1.05055,1.0507,1.05045,1.0507,550,628.75,0,2,-274,2,276,-274,2,613241
1740075300,1.0507,1.0508,1.05045,1.05055,585,623.95,0,0,-503,-421,82,-503,-421,613241
1740075480,1.05055,1.0506,1.05035,1.05035,315,602.25,0,47,-221,-221,47,-268,-221,613241
1740075660,1.05035,1.05045,1.05025,1.05025,194,554.2,0,10,-86,-86,54,-140,-86,613241
1740075840,1.0503,1.05035,1.05025,1.0503,145,518.2,0,77,0,67,106,-39,67,613241
1740076020,1.0503,1.0503,1.0502,1.05025,196,496.15,0,8,-94,8,102,-94,8,613241
1740076200,1.05025,1.05065,1.05025,1.05065,382,490.15,0,382,0,382,382,0,382,613241
1740076380,1.05065,1.0508,1.05065,1.05075,222,480.2,0,114,-2,114,168,-54,114,613241
1740076560,1.05075,1.05095,1.05075,1.0509,591,482.35,0,591,0,591,591,0,591,613241
1740076740,1.05085,1.051,1.05085,1.05085,430,452.45,0,67,-296,-296,67,-363,-296,613241
1740076920,1.05085,1.05095,1.05085,1.0509,450,434.1,0,187,-76,-76,187,-263,-76,613241
1740077100,1.0509,1.051,1.0509,1.0509,313,405.35,0,150,-13,-13,150,-163,-13,613241
1740077280,1.0509,1.05095,1.05085,1.0509,347,392.45,0,0,-155,-155,96,-251,-155,613241
1740077460,1.0509,1.05095,1.05075,1.0508,475,387.2,0,249,0,23,249,-226,23,613241
1740077640,1.0508,1.051,1.0507,1.05095,321,385.3,0,197,-62,197,259,-62,197,613241
1740077820,1.05095,1.05105,1.0509,1.05095,500,390.95,0,409,0,318,409,-91,318,613241
1740078000,1.05095,1.05095,1.0507,1.0508,661,384.95,0,69,-333,-333,164,-497,-333,613241
1740078180,1.0508,1.0508,1.05055,1.05055,294,378.15,0,0,-294,-294,0,-294,-294,613241
1740078360,1.05055,1.05055,1.0504,1.0505,383,382.1,0,0,-383,-383,0,-383,-383,613241
1740078540,1.0505,1.0508,1.05045,1.05075,550,395.2,0,0,-354,-158,196,-354,-158,613241
1740078720,1.05075,1.0508,1.05065,1.0508,172,376.3,0,36,-68,36,104,-68,36,613241
1740078900,1.0508,1.0508,1.0504,1.0504,210,357.55,0,0,-210,-210,0,-210,-210,613241
1740079080,1.05045,1.0505,1.0502,1.0503,396,361.6,0,0,-396,-396,0,-396,-396,613241
1740079260,1.05035,1.0504,1.05025,1.05025,179,360.85,0,65,-49,-49,65,-114,-49,613241
1740079440,1.05025,1.0503,1.05015,1.0502,288,368,0,0,-288,-288,0,-288,-288,613241
1740079620,1.0502,1.0505,1.0501,1.05045,246,370.5,0,86,-80,86,166,-80,86,613241
1740079800,1.05045,1.05065,1.05045,1.05055,234,363.1,0,234,0,234,234,0,234,613241
1740079980,1.0506,1.0507,1.05055,1.0507,137,358.85,0,87,-25,87,112,-25,87,613241
1740080160,1.0507,1.05075,1.05055,1.05065,126,335.6,0,0,-92,-58,34,-92,-58,613241
1740080340,1.05065,1.05085,1.05065,1.0508,178,323,0,178,0,178,178,0,178,613241
1740080520,1.0508,1.05105,1.05075,1.051,268,313.9,0,230,0,192,230,-38,192,613241
1740080700,1.051,1.05125,1.0509,1.05115,427,319.6,0,265,-81,265,346,-81,265,613241
1740080880,1.05115,1.05145,1.05115,1.0513,663,335.4,0,498,0,333,498,-165,333,613241
1740081060,1.0513,1.0514,1.05125,1.0513,356,329.45,0,0,-356,-356,0,-356,-356,613241
1740081240,1.0513,1.05145,1.0513,1.0514,262,326.5,0,63,-69,2,132,-130,2,613241
1740081420,1.0514,1.0515,1.05125,1.05135,1126,357.8,0,246,-634,-634,246,-880,-634,613241
1740081600,1.05135,1.05135,1.05105,1.05115,458,347.65,0,0,-407,-356,51,-407,-356,613241
1740081780,1.0512,1.0512,1.05105,1.05105,95,337.7,0,0,-95,-95,0,-95,-95,613241
1740081960,1.051,1.051,1.05085,1.05085,337,335.4,0,0,-337,-337,0,-337,-337,613241
1740082140,1.05085,1.051,1.0508,1.0509,224,319.1,0,224,0,224,224,0,224,613241
1740082320,1.0509,1.0509,1.0508,1.05085,283,324.65,0,0,-120,-49,117,-166,-49,613241
1740082500,1.05085,1.0509,1.0508,1.0508,83,318.3,0,59,0,35,59,-24,35,613241
1740082680,1.0508,1.0508,1.0507,1.05075,108,303.9,0,4,-39,-22,43,-65,-22,613241
1740082860,1.0507,1.051,1.0507,1.051,138,301.85,0,138,0,138,138,0,138,613241
1740083040,1.051,1.051,1.05095,1.051,173,296.1,0,173,0,173,173,0,173,613241
1740083220,1.05095,1.05105,1.05095,1.051,131,290.35,0,131,0,131,131,0,131,613241
1740083400,1.051,1.05105,1.05095,1.051,128,285.05,0,0,-53,-30,49,-79,-30,613241
1740083580,1.051,1.051,1.0509,1.051,67,281.55,0,0,-37,-7,30,-37,-7,613241
1740083760,1.051,1.0511,1.05095,1.051,108,280.65,0,88,0,68,88,-20,68,613241
1740083940,1.051,1.05105,1.0509,1.05095,213,282.4,0,0,-171,-129,42,-171,-129,613241
1740084120,1.0509,1.05105,1.0509,1.05105,103,274.15,0,87,0,87,95,-8,87,613241
1740084300,1.0511,1.05135,1.0511,1.05135,188,262.2,0,188,0,188,188,0,188,613241
1740084480,1.0513,1.0514,1.0513,1.0514,256,241.85,0,154,-51,154,205,-51,154,613241
1740084660,1.0514,1.0515,1.0513,1.05135,194,233.75,0,135,0,76,135,-59,76,613241
1740084840,1.0513,1.05145,1.05125,1.05135,256,233.45,0,213,0,170,213,-43,170,613241
1740085020,1.05135,1.0515,1.0513,1.0514,473,200.8,0,353,-60,353,413,-60,353,613241
1740085200,1.0514,1.05145,1.0513,1.05145,460,200.9,0,460,0,460,460,0,460,613241
1740085380,1.05145,1.05155,1.0514,1.0514,77,200,0,69,0,61,69,-8,61,613241
1740085560,1.05145,1.0515,1.0514,1.0514,124,189.35,0,115,0,106,115,-9,106,613241
1740085740,1.05135,1.0514,1.05125,1.05125,78,182.05,0,0,-78,-78,0,-78,-78,613241
1740085920,1.0513,1.0513,1.05125,1.0513,65,171.15,0,65,0,65,65,0,65,613241
1740086100,1.05125,1.0513,1.05125,1.05125,69,170.45,0,0,-69,-69,0,-69,-69,613241
1740086280,1.0513,1.05135,1.0513,1.05135,23,166.2,0,7,-7,-5,9,-14,-5,613241
1740086460,1.0514,1.05145,1.05135,1.05135,66,162.6,0,41,0,16,41,-25,16,613241
1740086640,1.0514,1.0515,1.05135,1.0515,28,155.35,0,28,0,28,28,0,28,613241
1740086820,1.0515,1.0515,1.05135,1.0514,126,155.1,0,0,-126,-126,0,-126,-126,613241
1740087000,1.05145,1.0515,1.05135,1.05145,97,153.55,0,7,-31,-31,33,-64,-31,613241
1740087180,1.05145,1.05145,1.0514,1.05145,44,152.4,0,0,-30,-16,14,-30,-16,613241
1740087360,1.05145,1.0515,1.0514,1.0514,134,153.7,0,13,-108,-108,13,-121,-108,613241
1740087540,1.0514,1.0514,1.0513,1.0513,235,154.8,0,0,-125,-31,102,-133,-31,613241
1740087720,1.05135,1.0514,1.0513,1.0513,21,150.7,0,15,0,9,15,-6,9,613241
1740087900,1.0514,1.05145,1.0513,1.0514,167,149.65,0,0,-123,-79,44,-123,-79,613241
1740088080,1.0514,1.05145,1.05135,1.0514,136,143.65,0,136,0,136,136,0,136,613241
1740088260,1.0514,1.0514,1.0513,1.0513,12,134.55,0,8,0,4,8,-4,4,613241
1740088440,1.0513,1.0513,1.0512,1.05125,111,127.3,0,0,-111,-111,0,-111,-111,613241
1740088620,1.0513,1.05145,1.05125,1.0513,164,111.85,0,87,0,10,87,-77,10,608247
1740092400,1.0511,1.0513,1.051,1.0513,399,108.8,0,399,0,399,399,0,399,608247
1740092580,1.05125,1.05145,1.05125,1.05135,94,109.65,0,60,0,26,60,-34,26,608247
1740092760,1.0514,1.0514,1.05135,1.0514,15,104.2,0,11,0,11,13,-2,11,608247
1740092940,1.05145,1.05155,1.05145,1.05155,98,105.2,0,98,0,98,98,0,98,608247
1740093120,1.0515,1.05165,1.0515,1.0516,91,106.5,0,84,0,77,84,-7,77,608247
1740093300,1.05155,1.05155,1.0514,1.0514,87,107.4,0,0,-87,-87,0,-87,-87,608247
1740093480,1.05135,1.05145,1.05135,1.05145,19,107.2,0,19,0,19,19,0,19,608247
1740093660,1.05145,1.05155,1.05145,1.05155,15,104.65,0,15,0,15,15,0,15,608247
1740093840,1.05155,1.05155,1.0515,1.0515,35,105,0,21,0,7,21,-14,7,608247
1740094020,1.0515,1.05155,1.0515,1.05155,25,99.95,0,25,0,25,25,0,25,608247
1740094200,1.0515,1.0517,1.0512,1.0513,180,104.1,0,0,-164,-148,16,-164,-148,608247
1740094380,1.0513,1.0514,1.0513,1.0513,31,103.45,0,14,-3,-3,14,-17,-3,608247
1740094560,1.05125,1.05125,1.0512,1.0512,27,98.1,0,0,-27,-27,0,-27,-27,608247
1740094740,1.0512,1.05135,1.0512,1.05135,30,87.85,0,30,0,30,30,0,30,608247
1740094920,1.0513,1.0515,1.0513,1.0514,29,88.25,0,7,-6,-3,13,-16,-3,608247
1740095100,1.0514,1.05145,1.0514,1.05145,74,83.6,0,0,-45,-16,29,-45,-16,608247
1740095280,1.0514,1.05145,1.05125,1.05125,51,79.35,0,0,-51,-51,0,-51,-51,608247
1740095460,1.0513,1.0513,1.05115,1.05115,34,80.45,0,0,-34,-34,0,-34,-34,608247
1740095640,1.0512,1.0512,1.0511,1.0511,39,76.85,0,0,-39,-39,0,-39,-39,608247
1740095820,1.05115,1.0512,1.05115,1.05115,49,71.1,0,49,0,49,49,0,49,608247
1740096000,1.05115,1.0512,1.0509,1.0509,223,62.3,0,0,-117,-117,53,-170,-117,608247
1740096180,1.0509,1.05095,1.05085,1.05085,87,61.95,0,0,-39,-39,24,-63,-39,608247
1740096360,1.05085,1.05105,1.05085,1.05095,113,66.85,0,74,0,35,74,-39,35,608247
1740096540,1.05095,1.051,1.0508,1.0509,77,65.8,0,0,-58,-39,19,-58,-39,608247
1740096720,1.05095,1.051,1.0509,1.05095,113,66.9,0,100,0,87,100,-13,87,608247
1740096900,1.051,1.051,1.05085,1.0509,145,69.8,0,0,-111,-77,34,-111,-77,608247
1740097080,1.05085,1.0509,1.05075,1.05085,105,74.1,0,0,-64,-23,41,-64,-23,608247
1740097260,1.0508,1.0508,1.05055,1.05055,145,80.6,0,0,-145,-145,0,-145,-145,608247
1740097440,1.05055,1.05065,1.0505,1.05055,82,82.95,0,22,-12,14,48,-34,14,608247
1740097620,1.0505,1.0505,1.05045,1.0505,122,87.8,0,30,-46,30,76,-46,30,608247
1740097800,1.0505,1.05065,1.05045,1.05055,69,82.25,0,49,0,29,49,-20,29,608247
1740097980,1.0505,1.0505,1.0504,1.05045,76,84.5,0,0,-76,-76,0,-76,-76,608247
1740098160,1.0504,1.05045,1.05025,1.0503,276,96.95,0,69,-138,-138,69,-207,-138,608247
1740098340,1.0503,1.05035,1.0502,1.0503,168,103.85,0,0,-168,-168,0,-168,-168,608247
1740098520,1.05025,1.05025,1.0501,1.0501,221,113.45,0,0,-221,-221,0,-221,-221,608247
1740098700,1.0501,1.05025,1.0501,1.0501,105,115,0,54,0,3,54,-51,3,608247
1740098880,1.0501,1.05025,1.05005,1.05015,144,119.65,0,113,0,82,113,-31,82,608247
1740099060,1.05015,1.0502,1.0501,1.0501,140,124.95,0,0,-140,-140,0,-140,-140,608247
1740099240,1.0501,1.05025,1.05005,1.0502,173,131.65,0,19,-53,-29,72,-101,-29,608247
1740099420,1.0502,1.05025,1.05015,1.0502,65,132.45,0,13,-26,13,39,-26,13,608247
1740099600,1.0501,1.05025,1.05,1.05025,266,134.6,0,158,0,124,195,-71,124,608247
1740099780,1.05025,1.0503,1.0501,1.0501,144,137.45,0,32,-80,-80,32,-112,-80,608247
1740099960,1.0501,1.0501,1.04995,1.0501,179,140.75,0,0,-125,-71,54,-125,-71,608247
1740100140,1.05015,1.05015,1.05005,1.0501,202,147,0,124,0,124,163,-39,124,608247
1740100320,1.05015,1.05025,1.0501,1.05015,176,150.15,0,157,0,138,157,-19,138,608247
1740100500,1.0502,1.05045,1.0502,1.05045,118,148.8,0,118,0,118,118,0,118,608247
1740100680,1.0504,1.05045,1.05035,1.05035,127,149.9,0,0,-127,-127,0,-127,-127,608247
1740100860,1.05035,1.0504,1.0501,1.0502,151,150.2,0,0,-105,-59,46,-105,-59,608247
1740101040,1.0502,1.05025,1.0501,1.05015,126,152.4,0,60,-6,-6,60,-66,-6,608247
1740101220,1.05015,1.05015,1.04985,1.0499,741,183.35,0,0,-741,-741,0,-741,-741,608247
1740101400,1.04995,1.05,1.0498,1.0499,346,197.2,0,120,-113,120,233,-113,120,608247
1740101580,1.0499,1.05,1.0498,1.0499,178,202.3,0,54,-62,54,116,-62,54,608247
1740101760,1.0499,1.0499,1.0497,1.0498,214,199.2,0,0,-214,-214,0,-214,-214,608247
1740101940,1.04975,1.0498,1.0496,1.0497,155,198.55,0,0,-155,-155,0,-155,-155,608247
1740102120,1.0497,1.04985,1.0496,1.04975,258,200.4,0,96,-81,96,177,-81,96,608247
1740102300,1.04975,1.0499,1.04965,1.04965,182,204.25,0,138,0,94,138,-44,94,608247
1740102480,1.0497,1.04985,1.04965,1.04985,140,204.05,0,37,-45,-24,58,-82,-24,608247
1740102660,1.04985,1.04995,1.04985,1.04995,87,201.4,0,87,0,87,87,0,87,608247
1740102840,1.04995,1.04995,1.04985,1.04995,111,198.3,0,41,-7,15,63,-48,15,608247
1740103020,1.04995,1.05,1.0498,1.0498,329,211.5,0,0,-329,-329,0,-329,-329,608247
1740103200,1.0498,1.04995,1.04975,1.04995,154,205.9,0,58,0,58,106,-48,58,608247
1740103380,1.04995,1.0501,1.04995,1.05,79,202.65,0,42,0,5,42,-37,5,608247
1740103560,1.05,1.05015,1.05,1.05015,92,198.3,0,92,0,92,92,0,92,608247
1740103740,1.0502,1.0505,1.0502,1.0505,181,197.25,0,181,0,181,181,0,181,608247
1740103920,1.0505,1.0508,1.05045,1.05075,185,197.7,0,185,0,185,185,0,185,608247
1740104100,1.05075,1.05095,1.0506,1.05085,371,210.35,0,325,0,325,348,-23,325,608247
1740104280,1.0509,1.05105,1.0508,1.05085,284,218.2,0,200,0,116,200,-84,116,608247
1740104460,1.0509,1.05095,1.05075,1.05085,233,222.3,0,0,-120,-7,113,-120,-7,608247
1740104640,1.05085,1.05095,1.05085,1.05095,89,220.45,0,79,0,79,84,-5,79,608247
1740104820,1.05095,1.05095,1.05055,1.05055,162,191.5,0,0,-162,-162,0,-162,-162,608247
1740105000,1.0505,1.0507,1.0504,1.0505,308,189.6,0,181,0,54,181,-127,54,608247
1740105180,1.05045,1.05075,1.05045,1.05075,116,186.5,0,100,0,100,108,-8,100,608247
1740105360,1.05075,1.05075,1.0506,1.0507,100,180.8,0,54,-4,54,77,-23,54,608247
1740105540,1.0507,1.0509,1.0507,1.05085,80,177.05,0,51,0,22,51,-29,22,608247
1740105720,1.05085,1.05085,1.05075,1.05075,112,169.75,0,0,-112,-112,0,-112,-112,608247
1740105900,1.0508,1.0511,1.0508,1.05105,76,164.45,0,76,0,76,76,0,76,608247
1740106080,1.051,1.0513,1.051,1.0511,233,169.1,0,144,0,55,144,-89,55,608247
1740106260,1.05105,1.05115,1.05095,1.05115,55,167.5,0,25,-15,25,40,-15,25,608247
1740106440,1.05115,1.05145,1.05115,1.0513,336,178.75,0,336,0,336,336,0,336,608247
1740106620,1.0513,1.0514,1.0513,1.05135,133,168.95,0,104,0,75,104,-29,75,608247
1740106800,1.0514,1.05145,1.0511,1.0512,519,187.2,0,0,-519,-519,0,-519,-519,608247
1740106980,1.05125,1.0513,1.05115,1.0513,172,191.85,0,82,0,82,127,-45,82,608247
1740107160,1.0513,1.05145,1.0513,1.05135,148,194.65,0,74,0,0,74,-74,0,608247
1740107340,1.05135,1.0515,1.0513,1.05135,161,193.65,0,119,0,77,119,-42,77,608247
1740107520,1.0514,1.0514,1.0511,1.05125,103,189.55,0,9,-47,9,56,-47,9,608247
1740107700,1.05125,1.05145,1.05125,1.0514,72,174.6,0,72,0,72,72,0,72,608247
1740107880,1.0514,1.05145,1.0513,1.0513,69,163.85,0,0,-69,-69,0,-69,-69,608247
1740108060,1.05135,1.0514,1.0513,1.0513,32,153.8,0,17,0,2,17,-15,2,608247
1740108240,1.0513,1.05145,1.0513,1.05145,61,152.4,0,61,0,61,61,0,61,608247
1740108420,1.05145,1.05155,1.0514,1.0515,71,147.85,0,27,-22,27,49,-22,27,608247
1740108600,1.0515,1.0515,1.0513,1.0514,127,138.8,0,31,-48,31,79,-48,31,608247
1740108780,1.05135,1.0514,1.05115,1.0512,59,135.95,0,0,-59,-59,0,-59,-59,608247
1740108960,1.0512,1.05125,1.05115,1.0512,39,132.9,0,34,0,29,34,-5,29,608247
1740109140,1.05125,1.0514,1.05115,1.0513,85,133.15,0,47,0,9,47,-38,9,608247
1740109320,1.0513,1.0514,1.05125,1.05125,73,131.2,0,41,0,9,41,-32,9,608247
1740109500,1.0513,1.05135,1.05125,1.0513,165,135.65,0,10,-145,-145,10,-155,-145,608247
1740109680,1.05135,1.0515,1.0513,1.05145,80,128,0,80,0,80,80,0,80,608247
1740109860,1.0514,1.0515,1.0514,1.0515,40,127.25,0,40,0,40,40,0,40,608247
1740110040,1.05145,1.05155,1.05135,1.05135,110,115.95,0,21,-68,-68,21,-89,-68,608247
1740110220,1.05135,1.0514,1.05125,1.05135,54,112,0,18,-18,18,36,-18,18,608247
1740110400,1.0514,1.0515,1.05125,1.0515,103,91.2,0,0,-61,-19,42,-61,-19,608247
1740110580,1.0515,1.0515,1.05145,1.05145,48,85,0,17,-14,-14,17,-31,-14,608247
1740110760,1.05145,1.0515,1.0514,1.0515,47,79.95,0,0,-26,-5,21,-26,-5,608247
1740110940,1.05145,1.05155,1.05145,1.0515,41,73.95,0,8,-20,-15,13,-28,-15,608247
1740111120,1.05155,1.0516,1.05145,1.05145,66,72.1,0,47,0,28,47,-19,28,608247
1740111300,1.0515,1.05155,1.0515,1.0515,77,72.35,0,51,0,25,51,-26,25,608247
1740111480,1.0515,1.0516,1.0515,1.0515,52,71.5,0,28,0,4,28,-24,4,608247
1740111660,1.0515,1.0516,1.0515,1.05155,49,72.35,0,0,-41,-41,4,-45,-41,608247
1740111840,1.0515,1.0516,1.0515,1.05155,19,70.25,0,18,0,17,18,-1,17,608247
1740112020,1.05155,1.0516,1.05145,1.05145,38,68.6,0,0,-38,-38,0,-38,-38,608247
1740112200,1.0515,1.05155,1.05145,1.0515,62,65.35,0,44,0,26,44,-18,26,608247
1740112380,1.05155,1.0516,1.05145,1.0515,45,64.65,0,15,-15,-15,15,-30,-15,608247
1740112560,1.0515,1.05155,1.05145,1.05145,44,64.9,0,0,-44,-44,0,-44,-44,608247
1740112740,1.05145,1.05155,1.0514,1.0514,42,62.75,0,17,-8,-8,17,-25,-8,608247
1740112920,1.0514,1.0514,1.05135,1.0514,35,60.85,0,0,-35,-35,0,-35,-35,608247
1740113100,1.05135,1.05135,1.05115,1.0512,67,55.95,0,0,-67,-67,0,-67,-67,608247
1740113280,1.05115,1.05115,1.0511,1.05115,42,54.05,0,0,-32,-22,10,-32,-22,608247
1740113460,1.0512,1.0512,1.05115,1.0512,25,53.3,0,25,0,25,25,0,25,608247
1740113640,1.0512,1.0512,1.05105,1.05105,43,49.95,0,4,-35,-35,4,-39,-35,608247
1740113820,1.0511,1.0511,1.0508,1.05105,636,79.05,0,0,-513,-390,123,-513,-390,608247
1740114000,1.05105,1.0512,1.05105,1.05115,136,80.7,0,136,0,136,136,0,136,608247
1740114180,1.0511,1.0511,1.05095,1.05095,48,80.7,0,0,-48,-48,0,-48,-48,608247
1740114360,1.0509,1.0509,1.05065,1.0507,120,84.35,0,0,-120,-120,0,-120,-120,608247
1740114540,1.05065,1.0507,1.0506,1.0507,63,85.45,0,17,-9,17,40,-23,17,608247
1740114720,1.0507,1.0508,1.05065,1.0507,129,88.6,0,92,0,71,100,-29,71,608247
1740114900,1.0507,1.05095,1.0507,1.05095,59,87.7,0,59,0,59,59,0,59,608247
1740115080,1.05095,1.05095,1.0508,1.05085,80,89.1,0,30,-20,-20,30,-50,-20,608247
1740115260,1.0508,1.0508,1.0507,1.0507,43,88.8,0,0,-43,-43,0,-43,-43,608247
1740115440,1.0507,1.05085,1.0507,1.0508,94,92.55,0,64,0,34,64,-30,34,608247
1740115620,1.0508,1.0508,1.05075,1.0508,80,94.65,0,0,-43,-6,37,-43,-6,608247
1740115800,1.0508,1.0508,1.05065,1.0507,81,95.6,0,0,-63,-45,18,-63,-45,608247
1740115980,1.0507,1.05075,1.05065,1.0507,49,95.8,0,32,0,15,32,-17,15,608247
1740116160,1.0507,1.05085,1.0507,1.05085,20,94.6,0,18,-1,18,19,-1,18,608247
1740116340,1.0509,1.0509,1.05065,1.05065,80,96.5,0,0,-80,-80,0,-80,-80,608247
1740116520,1.05065,1.05065,1.05055,1.0506,38,96.65,0,0,-31,-24,7,-31,-24,608247
1740116700,1.0506,1.05065,1.05055,1.0506,29,94.75,0,21,-4,21,25,-4,21,608247
1740116880,1.0506,1.0506,1.0504,1.05045,62,95.75,0,0,-62,-62,0,-62,-62,608247
1740117060,1.05045,1.0505,1.0503,1.05035,105,99.75,0,57,0,9,57,-48,9,608247
1740117240,1.05035,1.05055,1.05035,1.0505,84,101.8,0,84,0,84,84,0,84,608247
1740117420,1.0505,1.05055,1.0504,1.0504,109,75.45,0,30,-49,-49,30,-79,-49,608247
1740117600,1.05045,1.05045,1.05025,1.05025,249,81.1,0,59,-131,-131,59,-190,-131,608247
1740117780,1.05025,1.0504,1.05025,1.0503,219,89.65,0,101,-17,-17,101,-118,-17,608247
1740117960,1.0503,1.0504,1.0502,1.0503,129,90.1,0,0,-129,-129,0,-129,-129,608247
1740118140,1.05025,1.0505,1.05025,1.05035,70,90.45,0,35,0,0,35,-35,0,608247
1740118320,1.0503,1.05045,1.0503,1.05045,67,87.35,0,67,0,67,67,0,67,608247
1740118500,1.05045,1.0505,1.0504,1.05045,88,88.8,0,88,0,88,88,0,88,608247
1740118680,1.05045,1.05045,1.05025,1.05025,159,92.75,0,0,-159,-159,0,-159,-159,608247
1740118860,1.0503,1.0503,1.05,1.05,468,114,0,0,-468,-468,0,-468,-468,608247
1740119040,1.05005,1.05015,1.0499,1.04995,822,150.4,0,274,-274,-274,274,-548,-274,608247
1740119220,1.04995,1.05015,1.04995,1.05015,117,152.25,0,117,0,117,117,0,117,608247
1740119400,1.05015,1.0503,1.0501,1.05025,149,155.65,0,149,0,149,149,0,149,608247
1740119580,1.0502,1.05035,1.0501,1.05035,161,161.25,0,95,-33,95,128,-33,95,608247
1740119760,1.05035,1.05045,1.05035,1.0504,99,165.2,0,99,0,99,99,0,99,608247
1740119940,1.0504,1.0505,1.0504,1.0504,59,164.15,0,16,-27,-27,16,-43,-27,608247
1740120120,1.0504,1.0504,1.05025,1.0503,51,164.8,0,0,-51,-51,0,-51,-51,608247
1740120300,1.0503,1.0503,1.0502,1.05025,108,168.75,0,44,-32,44,76,-32,44,608247
1740120480,1.05025,1.0503,1.05015,1.0502,221,176.7,0,0,-221,-221,0,-221,-221,608247
1740120660,1.0502,1.0503,1.05015,1.05015,103,176.6,0,71,0,39,71,-32,39,608247
1740120840,1.05015,1.0502,1.05,1.05005,63,175.55,0,12,-39,-39,12,-51,-39,608247
1740121020,1.05,1.05005,1.04995,1.04995,147,177.45,0,0,-115,-115,16,-131,-115,608247
1740121200,1.05005,1.0505,1.05005,1.05035,953,212.65,0,789,0,625,789,-164,625,608247
1740121380,1.05035,1.0506,1.0503,1.05055,278,215.6,0,278,0,278,278,0,278,608247
1740121560,1.05055,1.0506,1.0504,1.0506,135,215.9,0,135,0,135,135,0,135,608247
1740121740,1.05055,1.05085,1.05055,1.05085,257,225.25,0,257,0,257,257,0,257,608247
1740121920,1.05085,1.051,1.0507,1.0507,300,236.9,0,0,-300,-300,0,-300,-300,608247
1740122100,1.0507,1.05085,1.05065,1.0508,181,241.55,0,105,0,105,143,-38,105,608247
1740122280,1.05085,1.05085,1.05075,1.05075,89,238.05,0,0,-89,-89,0,-89,-89,608247
1740122460,1.05075,1.0509,1.0507,1.05085,155,222.4,0,155,0,155,155,0,155,608247
1740122640,1.05085,1.0509,1.05075,1.05085,137,188.15,0,83,-8,83,110,-27,83,608247
1740122820,1.0508,1.05085,1.05075,1.05085,94,187,0,20,-37,20,57,-37,20,608247
1740123000,1.05085,1.05085,1.0507,1.0508,276,193.35,0,128,-74,128,202,-74,128,608247
1740123180,1.05085,1.0509,1.0508,1.0509,233,196.95,0,149,0,149,191,-42,149,608247
1740123360,1.05085,1.05085,1.0505,1.0505,171,200.55,0,0,-171,-171,0,-171,-171,608247
1740123540,1.0505,1.0507,1.0505,1.0506,245,209.85,0,64,-117,-117,64,-181,-117,608247
1740123720,1.05055,1.05085,1.0505,1.05085,243,219.45,0,161,0,161,202,-41,161,608247
1740123900,1.05085,1.0511,1.05075,1.0508,403,234.2,0,156,-91,-91,156,-247,-91,608247
1740124080,1.0508,1.05095,1.05075,1.05095,275,236.9,0,275,0,275,275,0,275,608247
1740124260,1.05095,1.05095,1.0507,1.05075,220,242.75,0,0,-220,-220,0,-220,-220,608247
1740124440,1.0507,1.0507,1.0504,1.05045,234,251.3,0,0,-234,-234,0,-234,-234,608247
1740124620,1.0504,1.0505,1.0503,1.05035,297,258.8,0,0,-297,-297,0,-297,-297,608247
1740124800,1.05035,1.0504,1.0502,1.05035,398,231.05,0,0,-326,-254,72,-326,-254,608247
1740124980,1.05035,1.0504,1.05015,1.0502,240,229.15,0,65,-110,-110,65,-175,-110,608247
1740125160,1.0502,1.05055,1.0502,1.05045,407,242.75,0,407,0,407,407,0,407,608247
1740125340,1.0505,1.05055,1.0503,1.0503,244,242.1,0,0,-244,-244,0,-244,-244,608247
1740125520,1.0503,1.05055,1.05005,1.0505,408,247.5,0,138,-135,138,273,-135,138,608247
1740125700,1.05045,1.05045,1.04785,1.04845,5280,502.45,0,0,-5280,-5280,0,-5280,-5280,608247
1740125880,1.04845,1.04865,1.04815,1.0484,1322,564.1,0,831,0,340,831,-491,340,608247
1740126060,1.0484,1.0488,1.04815,1.04875,1361,624.4,0,1361,0,1361,1361,0,1361,608247
1740126240,1.0487,1.04895,1.0485,1.04865,1077,671.4,0,348,-381,-381,348,-729,-381,608247
1740126420,1.04865,1.0487,1.04825,1.0483,722,702.8,0,0,-722,-722,0,-722,-722,608247
1740126600,1.0483,1.05,1.0483,1.0487,2368,807.4,0,1979,0,1590,1979,-389,1590,608247
1740126780,1.04865,1.04935,1.0486,1.04925,625,827,0,625,0,625,625,0,625,608247
1740126960,1.04925,1.04935,1.0492,1.04935,298,833.35,0,168,0,168,233,-65,168,608247
1740127140,1.04935,1.04975,1.0493,1.0496,1313,886.75,0,1075,0,837,1075,-238,837,608247
1740127320,1.0496,1.0498,1.0494,1.0494,226,885.9,0,103,-20,-20,103,-123,-20,608247
1740127500,1.0494,1.0495,1.0491,1.04935,479,889.7,0,0,-264,-49,215,-264,-49,608247
1740127680,1.04935,1.04945,1.0492,1.04925,342,893.05,0,49,-106,-106,118,-224,-106,608247
1740127860,1.04925,1.04925,1.0488,1.0488,241,894.1,0,0,-241,-241,0,-241,-241,608247
1740128040,1.0488,1.04895,1.0487,1.0488,285,896.65,0,0,-153,-153,66,-219,-153,608247
1740128220,1.04875,1.04885,1.0487,1.0488,237,893.65,0,0,-189,-189,24,-213,-189,608247
1740128400,1.04885,1.04915,1.0486,1.049,1229,935.2,0,681,0,625,927,-302,625,608247
1740128580,1.04905,1.0492,1.04895,1.04905,364,941.4,0,222,0,222,293,-71,222,608247
1740128760,1.04905,1.0492,1.0489,1.049,594,950.75,0,129,-207,-78,258,-336,-78,608247
1740128940,1.049,1.0491,1.04885,1.04885,425,959.8,0,71,-283,-283,71,-354,-283,608247
1740129120,1.04885,1.0489,1.04845,1.04845,640,971.4,0,0,-640,-640,0,-640,-640,608247
1740129300,1.04845,1.0485,1.04815,1.0482,566,735.7,0,0,-566,-566,0,-566,-566,608247
1740129480,1.0482,1.04845,1.04805,1.0483,442,691.7,0,216,0,178,310,-132,178,608247
1740129660,1.0483,1.04835,1.04815,1.04815,359,641.6,0,110,-139,-139,110,-249,-139,608247
1740129840,1.0482,1.0485,1.0482,1.0484,386,607.05,0,87,-212,-212,87,-299,-212,608247
1740130020,1.04845,1.04855,1.0483,1.0484,214,581.65,0,0,-180,-146,34,-180,-146,608247
1740130200,1.04845,1.0487,1.0483,1.0487,584,492.45,0,46,-269,46,315,-269,46,608247
1740130380,1.0487,1.0489,1.04865,1.0489,487,485.55,0,355,0,355,421,-66,355,608247
1740130560,1.0489,1.0489,1.04855,1.04875,417,491.5,0,0,-240,-63,177,-240,-63,608247
1740130740,1.0488,1.04885,1.0486,1.04865,453,448.5,0,0,-453,-453,0,-453,-453,608247
1740130920,1.0486,1.0487,1.0485,1.0485,170,445.7,0,45,-38,-38,66,-104,-38,608247
1740131100,1.04845,1.04845,1.0481,1.0482,416,442.55,0,0,-318,-220,98,-318,-220,608247
1740131280,1.04815,1.04815,1.04795,1.04805,538,452.35,0,0,-406,-274,132,-406,-274,608247
1740131460,1.0481,1.04815,1.048,1.0481,277,454.15,0,277,0,277,277,0,277,608247
1740131640,1.04805,1.0481,1.0478,1.04795,606,470.2,0,0,-350,-350,128,-478,-350,608247
1740131820,1.04795,1.04805,1.04775,1.048,704,493.55,0,0,-414,-124,290,-414,-124,608247
1740132000,1.04805,1.0482,1.04795,1.0481,568,460.5,0,568,0,568,568,0,568,608247
1740132180,1.0481,1.0483,1.0481,1.04815,337,459.15,0,274,0,211,274,-63,211,608247
1740132360,1.04815,1.04825,1.0477,1.0478,1098,484.35,0,0,-882,-666,216,-882,-666,608247
1740132540,1.0478,1.0479,1.0477,1.0477,426,484.4,0,0,-426,-426,0,-426,-426,608247
1740132720,1.04775,1.0479,1.04775,1.04785,297,467.25,0,297,0,297,297,0,297,608247
1740132900,1.04785,1.048,1.04785,1.0479,308,454.35,0,215,0,122,215,-93,122,608247
1740133080,1.0479,1.0483,1.0478,1.0482,456,455.05,0,456,0,456,456,0,456,608247
1740133260,1.04815,1.0483,1.04815,1.04825,266,450.4,0,186,0,186,226,-40,186,608247
1740133440,1.04825,1.0483,1.04815,1.0482,135,437.85,0,0,-117,-99,18,-117,-99,608247
1740133620,1.04825,1.0483,1.0482,1.04825,109,432.6,0,0,-55,-1,54,-55,-1,608247
1740133800,1.0482,1.0482,1.04805,1.0482,95,408.15,0,0,-67,-39,28,-67,-39,608247
1740133980,1.0482,1.04825,1.0479,1.04805,301,398.85,0,50,-110,-19,141,-160,-19,608247
1740134160,1.048,1.0481,1.04795,1.048,176,386.8,0,95,0,14,95,-81,14,608247
1740134340,1.04805,1.0481,1.048,1.048,177,373,0,107,0,37,107,-70,37,608247
1740134520,1.048,1.04805,1.04785,1.04795,232,376.1,0,0,-166,-100,66,-166,-100,608247
1740134700,1.04795,1.04805,1.0478,1.0479,233,366.95,0,138,0,135,184,-49,135,608247
1740134880,1.0479,1.04795,1.04785,1.0479,123,346.2,0,123,0,123,123,0,123,608247
1740135060,1.0479,1.04795,1.04785,1.04795,152,339.95,0,74,0,74,113,-39,74,608247
1740135240,1.04795,1.048,1.04775,1.04775,169,318.1,0,69,-31,-31,69,-100,-31,608247
1740135420,1.0478,1.0478,1.0476,1.0476,288,297.3,0,0,-288,-288,0,-288,-288,608247
1740135600,1.04765,1.04765,1.04745,1.04755,396,288.7,0,0,-314,-232,82,-314,-232,608247
1740135780,1.0475,1.0476,1.04735,1.0475,513,297.5,0,281,0,49,281,-232,49,608247
1740135960,1.0475,1.0477,1.0475,1.04755,294,257.3,0,265,0,236,265,-29,236,608247
1740136140,1.04755,1.0477,1.04755,1.04765,486,260.3,0,486,0,486,486,0,486,608247
1740136320,1.04765,1.04785,1.04765,1.04785,150,252.95,0,150,0,150,150,0,150,608247
1740136500,1.0478,1.04785,1.0477,1.0477,258,250.45,0,36,-73,-40,109,-149,-40,608247
1740136680,1.04775,1.04785,1.0477,1.0477,179,236.6,0,133,0,87,133,-46,87,608247
1740136860,1.0477,1.04775,1.0476,1.0477,300,238.3,0,0,-186,-72,114,-186,-72,608247
1740137040,1.0477,1.04805,1.0477,1.04805,198,241.45,0,198,0,198,198,0,198,608247
1740137220,1.048,1.0481,1.048,1.048,278,249.9,0,92,-94,-94,92,-186,-94,608247
1740137400,1.048,1.0482,1.048,1.04815,200,255.15,0,200,0,200,200,0,200,608247
1740137580,1.04815,1.0483,1.04805,1.04805,228,251.5,0,34,-160,-160,34,-194,-160,608247
1740137760,1.0481,1.0484,1.04805,1.04835,514,268.4,0,514,0,514,514,0,514,608247
1740137940,1.0484,1.0485,1.04835,1.0484,347,276.9,0,236,0,125,236,-111,125,608247
1740138120,1.04845,1.0485,1.04805,1.0481,624,296.5,0,167,-290,-290,167,-457,-290,608247
1740138300,1.0481,1.04825,1.048,1.04825,231,296.4,0,87,-72,87,159,-72,87,608247
1740138480,1.0482,1.04825,1.0481,1.04815,263,303.4,0,92,-46,13,138,-125,13,608247
1740138660,1.0482,1.0483,1.04815,1.04815,137,302.65,0,48,-41,-41,48,-89,-41,608247
1740138840,1.0481,1.04825,1.048,1.048,96,299,0,0,-72,-72,12,-84,-72,608247
1740139020,1.04805,1.0481,1.04795,1.048,129,291.05,0,95,0,61,95,-34,61,608247
1740139200,1.04805,1.04825,1.04805,1.0482,326,287.55,0,326,0,326,326,0,326,608247
1740139380,1.0482,1.0482,1.0478,1.0478,244,274.1,0,0,-244,-244,0,-244,-244,608247
1740139560,1.0478,1.04785,1.0477,1.04775,184,268.6,0,74,-36,-36,74,-110,-36,608247
1740139740,1.04775,1.0478,1.04755,1.04755,233,255.95,0,0,-233,-233,0,-233,-233,608247
1740139920,1.0475,1.04755,1.04705,1.04715,997,298.3,0,0,-997,-997,0,-997,-997,608247
1740140100,1.0472,1.0475,1.04715,1.04745,270,298.9,0,270,0,270,270,0,270,608247
1740140280,1.04745,1.0476,1.04745,1.04755,137,296.8,0,137,0,137,137,0,137,608247
1740140460,1.0476,1.04775,1.04755,1.0477,179,290.75,0,179,0,179,179,0,179,608247
1740140640,1.0477,1.0479,1.04765,1.0479,356,298.65,0,356,0,356,356,0,356,608247
1740140820,1.0479,1.048,1.04785,1.04795,224,295.95,0,224,0,224,224,0,224,608247
1740141000,1.04795,1.04805,1.0478,1.0478,237,297.8,0,132,0,27,132,-105,27,608247
1740141180,1.04785,1.0479,1.04775,1.04775,304,301.6,0,110,-84,-84,110,-194,-84,608247
1740141360,1.04775,1.04775,1.0476,1.04765,228,287.3,0,0,-131,-86,71,-157,-86,608247
1740141540,1.0476,1.0477,1.0476,1.0477,138,276.85,0,43,-17,18,78,-60,18,608247
1740141720,1.0477,1.04795,1.04765,1.0479,829,287.1,0,455,-175,455,642,-187,455,608247
1740141900,1.04785,1.04815,1.04785,1.0481,608,305.95,0,608,0,608,608,0,608,608247
1740142080,1.0481,1.0481,1.04725,1.0474,874,336.5,0,0,-874,-874,0,-874,-874,608247
1740142260,1.0474,1.0474,1.04725,1.0473,464,352.85,0,0,-464,-464,0,-464,-464,608247
1740142440,1.04735,1.0474,1.0471,1.0472,416,368.85,0,109,-198,-198,109,-307,-198,608247
1740142620,1.04725,1.04735,1.0471,1.0473,1016,413.2,0,558,0,558,787,-229,558,608247
1740142800,1.04735,1.0475,1.04725,1.0475,595,426.65,0,423,0,423,509,-86,423,608247
1740142980,1.04745,1.04765,1.0474,1.04765,582,443.55,0,290,0,282,432,-150,282,608247
1740143160,1.0477,1.0478,1.0475,1.0476,507,459.7,0,0,-507,-507,0,-507,-507,608247
1740143340,1.04755,1.04765,1.04745,1.04755,278,461.95,0,0,-278,-278,0,-278,-278,608247
1740143520,1.0475,1.0477,1.0475,1.04765,556,439.9,0,230,-75,230,393,-163,230,608247
1740143700,1.0477,1.04775,1.04735,1.04745,471,449.95,0,0,-316,-161,155,-316,-161,608247
1740143880,1.04745,1.04765,1.04725,1.0476,744,480.3,0,446,-149,446,595,-149,446,608247
1740144060,1.0476,1.0479,1.0476,1.04775,490,495.85,0,434,0,378,434,-56,378,608247
1740144240,1.04775,1.04785,1.0476,1.04785,286,492.35,0,0,-170,-54,116,-170,-54,608247
1740144420,1.04785,1.04795,1.04785,1.04785,286,495.45,0,119,-48,-48,119,-167,-48,608247
1740144600,1.0479,1.048,1.04785,1.048,433,505.25,0,433,0,433,433,0,433,608247
1740144780,1.048,1.04815,1.04785,1.048,693,524.7,0,141,-245,79,386,-307,79,608247
1740144960,1.048,1.04835,1.048,1.04835,609,543.75,0,609,0,609,609,0,609,608247
1740145140,1.04835,1.0486,1.0483,1.04845,703,572,0,507,0,311,507,-196,311,608247
1740145320,1.0485,1.0485,1.04835,1.04835,523,556.7,0,466,0,409,466,-57,409,608247
1740145500,1.0484,1.04875,1.0484,1.04875,766,564.6,0,766,0,766,766,0,766,608247
1740145680,1.04875,1.04885,1.04855,1.04865,882,565,0,608,0,334,608,-274,334,608247
1740145860,1.04865,1.0488,1.0484,1.04865,697,576.65,0,0,-436,-175,261,-436,-175,608247
1740146040,1.04865,1.0488,1.0486,1.04875,383,575,0,207,0,207,295,-88,207,608247
1740146220,1.04875,1.0489,1.0486,1.0486,399,544.15,0,242,0,85,242,-157,85,608247
1740146400,1.0486,1.0491,1.0486,1.0489,1404,584.6,0,1023,0,642,1023,-381,642,608247
1740146580,1.0489,1.0491,1.0485,1.0486,2139,662.45,0,377,-1385,-1385,377,-1762,-1385,608247
1740146760,1.0486,1.04905,1.0484,1.04895,904,682.3,0,904,0,904,904,0,904,608247
1740146940,1.04895,1.04895,1.04865,1.04875,315,684.15,0,0,-315,-315,0,-315,-315,608247
1740147120,1.04875,1.04875,1.0485,1.04865,500,681.35,0,4,-248,4,252,-248,4,608247
1740147300,1.04865,1.0487,1.0485,1.0486,255,670.55,0,184,0,113,184,-71,113,608247
1740147480,1.0486,1.04875,1.0486,1.0487,164,641.55,0,82,-41,82,123,-41,82,608247
1740147660,1.04865,1.04865,1.04825,1.0484,460,640.05,0,0,-460,-460,0,-460,-460,608247
1740147840,1.0484,1.04865,1.0484,1.0486,306,641.05,0,306,0,306,306,0,306,608247
1740148020,1.0486,1.0489,1.0486,1.04885,429,648.2,0,429,0,429,429,0,429,608247
1740148200,1.0488,1.0489,1.0487,1.04875,469,650,0,0,-216,-153,158,-311,-153,608247
1740148380,1.04875,1.0488,1.04855,1.04865,299,630.3,0,0,-299,-299,0,-299,-299,608247
1740148560,1.04865,1.0489,1.0481,1.04845,2648,732.25,0,0,-1332,-450,1099,-1549,-450,608247
1740148740,1.0485,1.0487,1.0485,1.04865,581,726.15,0,581,0,581,581,0,581,608247
1740148920,1.04865,1.04905,1.04865,1.049,682,734.1,0,682,0,682,682,0,682,608247
1740149100,1.04905,1.0506,1.04905,1.0498,4202,905.9,0,2608,0,1014,2608,-1594,1014,608247
1740149280,1.0498,1.05005,1.04905,1.0492,1347,929.15,0,0,-1347,-1347,0,-1347,-1347,608247
1740149460,1.04925,1.0498,1.0492,1.04965,882,938.4,0,882,0,882,882,0,882,608247
1740149640,1.04965,1.04965,1.04905,1.0491,646,951.55,0,0,-646,-646,0,-646,-646,608247
1740149820,1.0491,1.04935,1.049,1.04925,673,965.25,0,333,-170,333,503,-170,333,608247
1740150000,1.0492,1.0497,1.04895,1.04915,2080,999.05,0,1444,0,808,1444,-636,808,608247
1740150180,1.0491,1.04915,1.0487,1.0489,1407,962.45,0,0,-1001,-595,406,-1001,-595,608247
1740150360,1.0489,1.0492,1.0484,1.0484,1149,974.7,0,302,-545,-545,302,-847,-545,608247
1740150540,1.0484,1.04875,1.0482,1.0482,729,995.4,0,262,-205,-205,262,-467,-205,608247
1740150720,1.04825,1.04825,1.04775,1.04785,1340,1037.4,0,0,-1340,-1340,0,-1340,-1340,608247
1740150900,1.04785,1.048,1.04735,1.04785,2429,1146.1,0,0,-1489,-549,940,-1489,-549,608247
1740151080,1.04785,1.04805,1.04735,1.0476,968,1186.3,0,0,-700,-432,268,-700,-432,608247
1740151260,1.0476,1.04765,1.04675,1.04685,1368,1231.7,0,0,-1368,-1368,0,-1368,-1368,608247
1740151440,1.04685,1.04705,1.0466,1.047,1701,1301.45,0,0,-955,-209,746,-955,-209,608247
1740151620,1.047,1.04705,1.04655,1.04655,1025,1331.25,0,0,-1025,-1025,0,-1025,-1025,608247
1740151800,1.04655,1.0469,1.04635,1.04685,1017,1358.65,0,1017,0,1017,1017,0,1017,608247
1740151980,1.04685,1.04715,1.04675,1.04715,898,1388.6,0,396,0,396,647,-251,396,608247
1740152160,1.04715,1.04725,1.0469,1.0469,664,1289.4,0,260,-144,-144,260,-404,-144,608247
1740152340,1.04685,1.0469,1.04675,1.0469,955,1308.1,0,1,-477,1,478,-477,1,608247
1740152520,1.0469,1.0469,1.0466,1.0466,628,1305.4,0,0,-628,-628,0,-628,-628,608247
1740152700,1.04665,1.0471,1.0466,1.0469,573,1123.95,0,420,0,267,420,-153,267,608247
1740152880,1.04695,1.0471,1.04675,1.0468,900,1101.6,0,201,-247,-4,448,-452,-4,608247
1740153060,1.04675,1.04725,1.04675,1.04715,956,1105.3,0,956,0,956,956,0,956,608247
1740153240,1.04715,1.04715,1.0466,1.0466,1295,1137.75,0,0,-1295,-1295,0,-1295,-1295,608247
1740153420,1.04665,1.04675,1.04645,1.04655,2483,1228.25,0,1225,-55,1225,1854,-629,1225,608247
1740153600,1.0465,1.04695,1.0464,1.0465,1598,1204.15,0,787,-24,-24,787,-811,-24,608247
1740153780,1.0465,1.0468,1.0464,1.0467,568,1162.2,0,68,-250,68,318,-250,68,608247
1740153960,1.04675,1.0468,1.0466,1.04675,332,1121.35,0,104,-114,104,218,-114,104,608247
1740154140,1.0467,1.04675,1.04635,1.04645,896,1129.7,0,0,-896,-896,0,-896,-896,608247
1740154320,1.04645,1.0466,1.0464,1.0465,1057,1115.55,0,314,-259,-89,484,-573,-89,608247
1740154500,1.0465,1.0466,1.0464,1.0465,422,1015.2,0,200,0,200,311,-111,200,608247
1740154680,1.04645,1.04665,1.0464,1.0465,644,999,0,300,0,300,472,-172,300,608247
1740154860,1.0465,1.0466,1.04615,1.04625,1117,986.45,0,110,-897,-897,110,-1007,-897,608247
1740155040,1.04625,1.04635,1.04605,1.0462,1400,971.4,0,0,-1400,-1400,0,-1400,-1400,608247
1740155220,1.0462,1.04645,1.0462,1.04625,789,959.6,0,612,0,435,612,-177,435,608247
1740155400,1.04625,1.04645,1.0461,1.0464,539,935.7,0,0,-342,-145,197,-342,-145,608247
1740155580,1.0464,1.04675,1.04635,1.0467,804,931,0,804,0,804,804,0,804,608247
1740155760,1.04665,1.04665,1.0465,1.0466,530,924.3,0,0,-476,-422,54,-476,-422,608247
1740155940,1.0466,1.0467,1.04655,1.0467,414,897.25,0,188,-113,188,301,-113,188,608247
1740156120,1.0467,1.04685,1.0465,1.04675,413,886.5,0,317,0,221,317,-96,221,608247
1740156300,1.04675,1.04675,1.0463,1.0463,783,897,0,0,-783,-783,0,-783,-783,608247
1740156480,1.0463,1.04635,1.0461,1.04615,1840,944,0,0,-1240,-1240,300,-1540,-1240,608247
1740156660,1.04615,1.0462,1.0461,1.04615,486,920.5,0,147,-192,-192,147,-339,-192,608247
1740156840,1.04615,1.0464,1.0461,1.0464,909,901.2,0,137,-386,137,523,-386,137,608247
1740157020,1.0464,1.04665,1.0462,1.04655,600,807.05,0,0,-343,-86,257,-343,-86,608247
1740157200,1.0466,1.0469,1.0466,1.04685,668,760.55,0,668,0,668,668,0,668,608247
1740157380,1.0469,1.047,1.0467,1.0467,408,752.55,0,0,-268,-188,110,-298,-188,608247
1740157560,1.04675,1.04685,1.0466,1.0466,373,754.6,0,88,-197,-197,88,-285,-197,608247
1740157740,1.04655,1.0466,1.0464,1.0465,345,727.05,0,0,-263,-181,82,-263,-181,608247
1740157920,1.04655,1.04665,1.04635,1.04655,360,692.2,0,0,-232,-104,128,-232,-104,608247
1740158100,1.04655,1.0466,1.04635,1.04645,260,684.1,0,50,-160,-160,50,-210,-160,608247
1740158280,1.04645,1.0466,1.04635,1.04645,407,672.25,0,0,-208,-169,119,-288,-169,608247
1740158460,1.04645,1.0468,1.04645,1.0468,348,633.8,0,258,-45,258,303,-45,258,608247
1740158640,1.0468,1.04695,1.04675,1.04695,357,581.65,0,0,-292,-227,65,-292,-227,608247
1740158820,1.04695,1.047,1.04675,1.047,321,558.25,0,5,-158,5,163,-158,5,608247
1740159000,1.04695,1.047,1.04675,1.0469,256,544.1,0,0,-164,-164,46,-210,-164,608247
1740159180,1.04685,1.0469,1.04675,1.04675,242,516,0,0,-242,-242,0,-242,-242,608247
1740159360,1.0468,1.0469,1.04675,1.0468,214,500.2,0,108,0,2,108,-106,2,608247
1740159540,1.0468,1.0469,1.0467,1.0469,183,488.65,0,37,-73,37,110,-73,37,608247
1740159720,1.0469,1.04735,1.0469,1.04735,546,495.3,0,546,0,546,546,0,546,608247
1740159900,1.0473,1.0474,1.04725,1.04735,291,470.7,0,0,-199,-107,92,-199,-107,608247
1740160080,1.04735,1.04755,1.0473,1.0475,368,397.1,0,212,0,212,290,-78,212,608247
1740160260,1.0475,1.04755,1.04735,1.04745,665,406.05,0,344,0,23,344,-321,23,608247
1740160440,1.04745,1.04745,1.04715,1.0473,479,384.55,0,0,-479,-479,0,-479,-479,608247
1740160620,1.0473,1.0474,1.04725,1.0474,268,367.95,0,57,-72,10,139,-129,10,608247
1740160800,1.0474,1.04745,1.04715,1.04735,261,347.6,0,0,-158,-55,103,-158,-55,608247
1740160980,1.04735,1.04745,1.04735,1.04745,356,345,0,43,-131,8,182,-174,8,608247
1740161160,1.04745,1.04775,1.04745,1.0477,316,342.15,0,140,0,140,228,-88,140,608247
1740161340,1.0477,1.0479,1.0474,1.0474,414,345.6,0,218,0,22,218,-196,22,608247
1740161520,1.0474,1.04745,1.04725,1.0473,580,356.6,0,0,-344,-284,148,-432,-284,608247
1740161700,1.04725,1.04725,1.0469,1.04705,649,376.05,0,0,-444,-239,205,-444,-239,608247
1740161880,1.04705,1.0473,1.0469,1.047,333,372.35,0,157,0,139,236,-97,139,608247
1740162060,1.047,1.04705,1.04675,1.04675,161,363,0,0,-161,-161,0,-161,-161,608247
1740162240,1.04675,1.04695,1.0466,1.04695,283,359.3,0,283,0,283,283,0,283,608247
1740162420,1.04695,1.047,1.0468,1.04685,423,364.4,0,77,-269,-269,77,-346,-269,608247
1740162600,1.0468,1.0468,1.0464,1.0465,429,373.05,0,0,-319,-209,110,-319,-209,608247
1740162780,1.0465,1.0465,1.0462,1.0463,485,385.2,0,0,-335,-185,150,-335,-185,608247
1740162960,1.04625,1.04675,1.04625,1.0467,557,402.35,0,557,0,557,557,0,557,608247
1740163140,1.04675,1.04705,1.04675,1.04695,388,412.6,0,388,0,388,388,0,388,608247
1740163320,1.04695,1.0472,1.04695,1.04715,288,399.7,0,288,0,288,288,0,288,608247
1740163500,1.04715,1.04725,1.04705,1.04725,158,393.05,0,38,-27,38,98,-60,38,608247
1740163680,1.04725,1.04735,1.04715,1.04715,189,384.1,0,78,-33,-33,78,-111,-33,608247
1740163860,1.0471,1.0471,1.0469,1.0469,215,361.6,0,0,-215,-215,0,-215,-215,608247
1740164040,1.0469,1.047,1.0467,1.04685,403,357.8,0,0,-265,-265,69,-334,-265,608247
1740164220,1.04685,1.04715,1.0468,1.0471,181,353.45,0,181,0,181,181,0,181,608247
1740164400,1.0471,1.0472,1.04705,1.0472,230,351.9,0,230,0,230,230,0,230,608247
1740164580,1.0472,1.0472,1.0469,1.0469,220,345.1,0,0,-220,-220,0,-220,-220,608247
1740164760,1.04695,1.0471,1.04685,1.0469,188,338.7,0,115,0,42,115,-73,42,608247
1740164940,1.0469,1.0472,1.0469,1.04715,206,328.3,0,158,0,110,158,-48,110,608247
1740165120,1.04715,1.0475,1.04715,1.04745,192,308.9,0,192,0,192,192,0,192,608247
1740165300,1.0474,1.04745,1.0473,1.04745,109,281.9,0,0,-59,-9,50,-59,-9,608247
1740165480,1.0474,1.0475,1.04735,1.04745,175,274,0,101,-37,101,138,-37,101,608247
1740165660,1.04745,1.0476,1.0474,1.0475,249,278.4,0,69,-30,51,150,-99,51,608247
1740165840,1.0475,1.0477,1.0475,1.04755,157,272.1,0,34,-89,-89,34,-123,-89,608247
1740166020,1.04755,1.04765,1.0475,1.0475,175,259.7,0,97,0,19,97,-78,19,608247
1740166200,1.0475,1.04775,1.0475,1.0476,427,259.6,0,180,-67,-67,180,-247,-67,608247
1740166380,1.0476,1.04765,1.0475,1.0476,154,243.05,0,76,-39,76,115,-39,76,608247
1740166560,1.0476,1.0476,1.04745,1.0475,112,220.8,0,0,-112,-112,0,-112,-112,608247
1740166740,1.04745,1.0477,1.04715,1.04725,484,225.6,0,106,-272,-272,106,-378,-272,608247
1740166920,1.04725,1.04745,1.0472,1.0474,195,220.95,0,11,-92,11,103,-92,11,608247
1740167100,1.0474,1.04755,1.0473,1.0473,255,225.8,0,197,0,139,197,-58,139,608247
1740167280,1.04735,1.0475,1.04735,1.0475,238,228.25,0,45,-69,10,124,-114,10,608247
1740167460,1.0475,1.04755,1.04725,1.0474,238,229.4,0,0,-197,-156,41,-197,-156,608247
1740167640,1.04735,1.0474,1.0472,1.0473,438,231.15,0,0,-278,-278,80,-358,-278,608247
1740167820,1.0473,1.04745,1.0472,1.04735,1031,273.65,0,833,-99,833,932,-99,833,608247
1740168000,1.0473,1.04735,1.0472,1.0472,393,281.8,0,0,-303,-299,47,-346,-299,608247
1740168180,1.04725,1.04745,1.04725,1.04745,130,277.3,0,130,0,130,130,0,130,608247
1740168360,1.04745,1.0475,1.0474,1.0475,67,271.25,0,67,0,67,67,0,67,608247
1740168540,1.0475,1.04755,1.04735,1.0475,123,267.1,0,0,-92,-61,31,-92,-61,608247
1740168720,1.0475,1.04755,1.0475,1.0475,95,262.25,0,34,-27,-27,34,-61,-27,608247
1740168900,1.0475,1.0475,1.0474,1.0474,93,261.45,0,0,-93,-93,0,-93,-93,608247
1740169080,1.0474,1.04745,1.04725,1.0473,71,256.25,0,25,-11,-1,35,-36,-1,608247
1740169260,1.0473,1.0474,1.0472,1.04735,109,249.25,0,109,0,109,109,0,109,608247
1740169440,1.04735,1.04735,1.04725,1.0473,82,245.5,0,34,-12,34,58,-24,34,608247
1740169620,1.0473,1.04735,1.04725,1.04725,105,242,0,28,-49,-49,28,-77,-49,608247
1740169800,1.04725,1.04735,1.0472,1.0472,53,223.3,0,28,0,3,28,-25,3,608247
1740169980,1.04725,1.04725,1.047,1.0471,316,231.4,0,0,-239,-162,77,-239,-162,608247
1740170160,1.04715,1.04725,1.04705,1.0472,298,240.7,0,0,-120,-120,89,-209,-120,608247
1740170340,1.0472,1.0473,1.04715,1.0472,181,225.55,0,77,-27,-27,77,-104,-27,608247
1740170520,1.0472,1.0474,1.04715,1.04725,329,232.25,0,265,0,201,265,-64,201,608247
1740170700,1.0472,1.04725,1.04715,1.04725,70,223,0,0,-36,-2,34,-36,-2,608247
1740170880,1.04725,1.0473,1.04715,1.0472,212,221.7,0,142,0,72,142,-70,72,608247
1740171060,1.04715,1.0472,1.04705,1.0472,121,215.85,0,0,-90,-59,31,-90,-59,608247
1740171240,1.04715,1.0472,1.0468,1.047,716,229.75,0,48,-620,-620,48,-668,-620,608247
1740171420,1.04705,1.04725,1.047,1.0472,594,207.9,0,594,0,594,594,0,594,608247
1740171600,1.0472,1.04735,1.04705,1.04735,365,206.5,0,365,0,365,365,0,365,608247
1740171780,1.0473,1.0474,1.04715,1.04715,88,204.4,0,0,-88,-88,0,-88,-88,608247
1740171960,1.0472,1.04735,1.0471,1.0472,115,206.8,0,84,0,53,84,-31,53,608247
1740172140,1.04715,1.04725,1.0471,1.0472,96,205.45,0,44,-26,44,70,-26,44,608247
1740172320,1.04715,1.04725,1.0471,1.04715,90,205.2,0,47,-1,6,48,-42,6,608247
1740172500,1.04715,1.04715,1.04705,1.04705,89,205,0,0,-89,-89,0,-89,-89,608247
1740172680,1.0471,1.0472,1.0471,1.0471,128,207.85,0,128,0,128,128,0,128,608247
1740172860,1.0471,1.0471,1.047,1.047,58,205.3,0,5,-48,-48,5,-53,-48,608247
1740173040,1.047,1.0471,1.047,1.04705,72,204.8,0,48,0,24,48,-24,24,608247
1740173220,1.04705,1.04715,1.047,1.04705,54,202.25,0,45,0,36,45,-9,36,608247
1740173400,1.04705,1.04705,1.047,1.04705,46,201.9,0,0,-41,-36,5,-41,-36,608247
1740173580,1.0471,1.0471,1.047,1.047,59,189.05,0,27,-5,-5,27,-32,-5,608247
1740173760,1.04705,1.0472,1.04705,1.04715,67,177.5,0,67,0,67,67,0,67,608247
1740173940,1.0471,1.0471,1.047,1.0471,49,170.9,0,0,-28,-7,21,-28,-7,608247
1740174120,1.0471,1.04725,1.0471,1.0472,67,157.8,0,67,0,67,67,0,67,608247
1740174300,1.0472,1.04725,1.0471,1.0471,67,157.65,0,27,-13,-13,27,-40,-13,608247
1740174480,1.0471,1.0472,1.04705,1.04705,73,150.7,0,5,-63,-63,5,-68,-63,608247
1740174660,1.04705,1.0471,1.047,1.0471,96,149.45,0,12,-42,12,54,-42,12,608247
1740174840,1.0471,1.0472,1.04705,1.0471,219,124.6,0,219,0,219,219,0,219,608247
1740175020,1.04725,1.04735,1.04715,1.04725,56,97.7,0,40,0,24,40,-16,24,611813