time,open,high,low,close
1737327600,1.0302,1.03045,1.0299,1.0299
1737327780,1.03,1.03005,1.02985,1.03005
1737327960,1.03005,1.03005,1.0296,1.0298
1737328140,1.02985,1.02995,1.0297,1.0298
1737328320,1.0298,1.02985,1.0297,1.0297
1737328500,1.02975,1.02975,1.02955,1.0296
1737328680,1.0296,1.0296,1.02955,1.0296
1737328860,1.02955,1.0296,1.02955,1.02955
1737329040,1.0295,1.0295,1.0292,1.02935
1737329220,1.02935,1.02945,1.0293,1.0294
1737329400,1.0294,1.0296,1.0294,1.02955
1737329580,1.02955,1.02985,1.02955,1.02985
1737329760,1.0298,1.02995,1.0298,1.0299
1737329940,1.02985,1.03005,1.02985,1.03005
1737330120,1.03005,1.0301,1.02985,1.02985
1737330300,1.0299,1.03,1.0298,1.03
1737330480,1.03,1.0301,1.03,1.0301
1737330660,1.0301,1.0302,1.0301,1.03015
1737330840,1.03015,1.0302,1.0301,1.03015
1737331020,1.0302,1.03065,1.0302,1.0306
1737331200,1.0306,1.03085,1.03055,1.0306
1737331380,1.0306,1.0307,1.0304,1.0307
1737331560,1.03075,1.03095,1.03065,1.0309
1737331740,1.03085,1.03095,1.0308,1.03095
1737331920,1.03095,1.0316,1.03095,1.03155
1737332100,1.0315,1.03155,1.0312,1.03125
1737332280,1.03125,1.03135,1.03125,1.0313
1737332460,1.0313,1.0313,1.0311,1.0311
1737332640,1.0312,1.0312,1.0311,1.0311
1737332820,1.03105,1.03105,1.0308,1.0308
1737333000,1.0309,1.031,1.03085,1.031
1737333180,1.031,1.03115,1.031,1.031
1737333360,1.03105,1.0311,1.031,1.03105
1737333540,1.031,1.03105,1.031,1.03105
1737333720,1.03105,1.03105,1.03095,1.03105
1737333900,1.03105,1.03125,1.031,1.0311
1737334080,1.0311,1.03115,1.03095,1.03105
1737334260,1.0311,1.0311,1.03105,1.0311
1737334440,1.0311,1.0312,1.03105,1.0311
1737334620,1.0311,1.0313,1.03105,1.03125
1737334800,1.0312,1.0312,1.0309,1.0309
1737334980,1.03085,1.03095,1.03085,1.03095
1737335160,1.0309,1.03095,1.0308,1.03095
1737335340,1.031,1.0312,1.031,1.03115
1737335520,1.0311,1.0311,1.031,1.031
1737335700,1.03105,1.03105,1.0307,1.0308
1737335880,1.03075,1.03075,1.03065,1.0307
1737336060,1.03075,1.03085,1.0307,1.03085
1737336240,1.03085,1.0309,1.03075,1.03075
1737336420,1.03075,1.03085,1.0307,1.03075
1737336600,1.03075,1.03075,1.03065,1.03065
1737336780,1.0306,1.0308,1.0305,1.0307
1737336960,1.0307,1.0309,1.0307,1.03085
1737337140,1.0308,1.03085,1.0307,1.0308
1737337320,1.0308,1.0311,1.0308,1.0311
1737337500,1.03105,1.03125,1.03105,1.03125
1737337680,1.0313,1.0313,1.03115,1.0312
1737337860,1.03125,1.0313,1.0311,1.03115
1737338040,1.03115,1.03155,1.03115,1.0315
1737338220,1.03155,1.03185,1.03155,1.03165
1737338400,1.03165,1.0317,1.0315,1.03155
1737338580,1.03155,1.03155,1.0314,1.0314
1737338760,1.0314,1.0316,1.03135,1.0316
1737338940,1.03165,1.0317,1.0316,1.0317
1737339120,1.03165,1.0317,1.0316,1.0316
1737339300,1.03165,1.03175,1.0316,1.0316
1737339480,1.0316,1.0316,1.03145,1.0315
1737339660,1.03145,1.03145,1.03145,1.03145
1737339840,1.03145,1.03155,1.03145,1.03145
1737340020,1.03145,1.03145,1.0313,1.03135
1737340200,1.03135,1.0315,1.03135,1.0315
1737340380,1.0315,1.0317,1.0315,1.0317
1737340560,1.0317,1.0318,1.0317,1.03175
1737340740,1.0318,1.0318,1.0316,1.03165
1737340920,1.03165,1.0317,1.0316,1.0317
1737341100,1.03165,1.0317,1.0316,1.0317
1737341280,1.03165,1.03165,1.0314,1.03145
1737341460,1.0314,1.0315,1.0314,1.0315
1737341640,1.0315,1.03155,1.0314,1.0315
1737341820,1.0315,1.03175,1.03145,1.0317
1737342000,1.0317,1.0319,1.0317,1.03185
1737342180,1.03185,1.0321,1.03185,1.03205
1737342360,1.03205,1.03205,1.0319,1.0319
1737342540,1.0319,1.03205,1.03185,1.03205
1737342720,1.03205,1.0321,1.032,1.03205
1737342900,1.03205,1.0322,1.03205,1.0322
1737343080,1.0322,1.0322,1.032,1.032
1737343260,1.032,1.03215,1.032,1.03205
1737343440,1.032,1.0322,1.032,1.03215
1737343620,1.03215,1.0322,1.0321,1.03215
1737343800,1.03215,1.03265,1.03215,1.0324
1737343980,1.0324,1.03255,1.0324,1.03255
1737344160,1.0325,1.0325,1.0321,1.03225
1737344340,1.03225,1.0324,1.03215,1.0324
1737344520,1.0324,1.0324,1.03225,1.0323
1737344700,1.03235,1.0326,1.0323,1.03255
1737344880,1.03255,1.03275,1.03255,1.03265
1737345060,1.03265,1.03285,1.03265,1.03285
1737345240,1.03285,1.03295,1.0328,1.0329
1737345420,1.0329,1.03325,1.03285,1.0332
1737345600,1.0332,1.03325,1.03305,1.0332
1737345780,1.0332,1.03335,1.03315,1.0332
1737345960,1.03315,1.0332,1.0329,1.0331
1737346140,1.0331,1.0331,1.03295,1.0331
1737346320,1.03305,1.03315,1.033,1.0331
1737346500,1.0331,1.0332,1.03305,1.0331
1737346680,1.03305,1.03315,1.03305,1.03315
1737346860,1.03315,1.03315,1.03305,1.0331
1737347040,1.0331,1.0331,1.033,1.03305
1737347220,1.03305,1.03305,1.03285,1.033
1737347400,1.0329,1.033,1.0328,1.03285
1737347580,1.03285,1.0329,1.0328,1.0329
1737347760,1.03285,1.0329,1.03285,1.03285
1737347940,1.0329,1.0329,1.0328,1.03285
1737348120,1.03285,1.033,1.03285,1.0329
1737348300,1.0329,1.0329,1.03285,1.03285
1737348480,1.0329,1.0329,1.0328,1.0328
1737348660,1.0328,1.03285,1.03275,1.0328
1737348840,1.03285,1.0329,1.03285,1.0329
1737349020,1.0329,1.033,1.0329,1.033
1737349200,1.033,1.03315,1.03295,1.03295
1737349380,1.03295,1.033,1.0329,1.03295
1737349560,1.03295,1.03305,1.0329,1.033
1737349740,1.033,1.03305,1.0329,1.033
1737349920,1.033,1.03305,1.03295,1.03295
1737350100,1.03295,1.033,1.03285,1.03285
1737350280,1.0328,1.03295,1.0328,1.0329
1737350460,1.0329,1.033,1.0329,1.033
1737350640,1.033,1.033,1.03295,1.03295
1737350820,1.033,1.033,1.0328,1.0329
1737351000,1.03285,1.03295,1.03285,1.0329
1737351180,1.0329,1.03295,1.03285,1.0329
1737351360,1.03295,1.03305,1.0329,1.03305
1737351540,1.033,1.0332,1.033,1.0332
1737351720,1.0332,1.03325,1.03315,1.0332
1737351900,1.0332,1.0332,1.03305,1.0331
1737352080,1.03315,1.03325,1.03315,1.0332
1737352260,1.0332,1.0332,1.03295,1.03295
1737352440,1.033,1.03305,1.0328,1.0328
1737352620,1.03285,1.03285,1.03275,1.03285
1737352800,1.03285,1.03285,1.03265,1.03265
1737352980,1.03265,1.0327,1.0326,1.03265
1737353160,1.0326,1.0328,1.03255,1.03275
1737353340,1.0328,1.03295,1.03275,1.0329
1737353520,1.0329,1.03295,1.03275,1.0328
1737353700,1.03275,1.03285,1.0326,1.0328
1737353880,1.0328,1.03285,1.03275,1.0328
1737354060,1.0328,1.0329,1.03275,1.0328
1737354240,1.0328,1.03315,1.0328,1.03305
1737354420,1.033,1.0332,1.03295,1.0332
1737354600,1.03325,1.03335,1.0332,1.03335
1737354780,1.0334,1.0334,1.0331,1.03335
1737354960,1.0333,1.03335,1.033,1.03315
1737355140,1.0331,1.03315,1.0329,1.0329
1737355320,1.0329,1.03305,1.0328,1.0328
1737355500,1.0329,1.03315,1.03285,1.03315
1737355680,1.0332,1.0332,1.033,1.033
1737355860,1.033,1.0337,1.033,1.03355
1737356040,1.03355,1.0345,1.0335,1.03405
1737356220,1.03405,1.03415,1.03355,1.03365
1737356400,1.0336,1.03365,1.0334,1.0335
1737356580,1.0335,1.0338,1.03345,1.03355
1737356760,1.03355,1.0336,1.0333,1.03345
1737356940,1.03345,1.03375,1.0333,1.0337
1737357120,1.03375,1.03375,1.0333,1.0334
1737357300,1.0334,1.03345,1.03335,1.0334
1737357480,1.0334,1.03345,1.0332,1.03325
1737357660,1.0332,1.0335,1.0332,1.03335
1737357840,1.03335,1.03385,1.03335,1.0337
1737358020,1.03365,1.03375,1.0336,1.0336
1737358200,1.03365,1.0338,1.0335,1.03365
1737358380,1.03365,1.03365,1.03335,1.0335
1737358560,1.0335,1.03375,1.0335,1.03375
1737358740,1.0337,1.03405,1.0337,1.034
1737358920,1.03405,1.0344,1.03405,1.0343
1737359100,1.03435,1.03445,1.0342,1.0344
1737359280,1.0344,1.03445,1.03395,1.03395
1737359460,1.03395,1.034,1.0338,1.0339
1737359640,1.0339,1.03405,1.03375,1.0339
1737359820,1.03395,1.0343,1.0338,1.03425
1737360000,1.0343,1.03435,1.0338,1.0339
1737360180,1.0339,1.0342,1.0339,1.03405
1737360360,1.0341,1.03415,1.0337,1.034
1737360540,1.034,1.03425,1.03395,1.03425
1737360720,1.03425,1.0343,1.03385,1.034
1737360900,1.0341,1.0342,1.0339,1.0339
1737361080,1.03385,1.034,1.0338,1.03395
1737361260,1.03395,1.034,1.0337,1.03395
1737361440,1.0339,1.03395,1.0336,1.0336
1737361620,1.03365,1.03365,1.0333,1.0335
1737361800,1.03355,1.0338,1.0335,1.03355
1737361980,1.03355,1.0337,1.03335,1.03335
1737362160,1.0333,1.0337,1.0333,1.0336
1737362340,1.0336,1.03395,1.0336,1.0336
1737362520,1.0336,1.0338,1.03355,1.0337
1737362700,1.03375,1.0338,1.03365,1.0338
1737362880,1.0338,1.03385,1.03365,1.0338
1737363060,1.03375,1.0338,1.0335,1.03355
1737363240,1.0335,1.0335,1.03335,1.0335
1737363420,1.0335,1.03355,1.0334,1.03355
1737363600,1.0336,1.03375,1.03355,1.0337
1737363780,1.0337,1.03415,1.03355,1.0339
1737363960,1.0339,1.0341,1.0338,1.034
1737364140,1.03395,1.0343,1.0339,1.03395
1737364320,1.03395,1.03415,1.0339,1.03395
1737364500,1.0339,1.0339,1.03345,1.0335
1737364680,1.03345,1.03355,1.0332,1.03335
1737364860,1.03335,1.03335,1.0331,1.03325
1737365040,1.03325,1.0336,1.0332,1.03355
1737365220,1.0335,1.0336,1.0334,1.0335
1737365400,1.0335,1.03385,1.0335,1.0337
1737365580,1.0337,1.0337,1.03325,1.03325
1737365760,1.03325,1.03355,1.03305,1.03315
1737365940,1.03315,1.0336,1.0331,1.03355
1737366120,1.0336,1.03365,1.03335,1.0335
1737366300,1.03355,1.03365,1.03345,1.0336
1737366480,1.0336,1.03365,1.0334,1.0334
1737366660,1.03335,1.0335,1.0333,1.0334
1737366840,1.0334,1.03355,1.0331,1.0332
1737367020,1.0332,1.0333,1.03315,1.0332
1737367200,1.03325,1.0338,1.03325,1.0337
1737367380,1.0337,1.03385,1.0336,1.0338
1737367560,1.03385,1.03415,1.03365,1.0338
1737367740,1.0338,1.03405,1.0338,1.03405
1737367920,1.0341,1.0341,1.03395,1.03405
1737368100,1.03405,1.0344,1.03405,1.03435
1737368280,1.03435,1.03435,1.0341,1.0341
1737368460,1.03405,1.03435,1.03405,1.03435
1737368640,1.0343,1.03435,1.03395,1.034
1737368820,1.034,1.03425,1.034,1.0342
1737369000,1.03425,1.03445,1.0342,1.0344
1737369180,1.0344,1.0348,1.0344,1.0346
1737369360,1.0346,1.03485,1.0345,1.03475
1737369540,1.03475,1.03475,1.03435,1.0344
1737369720,1.03435,1.0344,1.0343,1.0344
1737369900,1.03435,1.0345,1.0343,1.03435
1737370080,1.03435,1.03445,1.0341,1.0341
1737370260,1.03415,1.03425,1.0341,1.0341
1737370440,1.0341,1.0341,1.03395,1.034
1737370620,1.034,1.03415,1.03385,1.0341
1737370800,1.0341,1.03435,1.0339,1.0343
1737370980,1.0343,1.03465,1.03425,1.03435
1737371160,1.03435,1.0345,1.0343,1.0345
1737371340,1.0345,1.0346,1.0345,1.03455
1737371520,1.0346,1.03495,1.0346,1.03485
1737371700,1.03485,1.0349,1.03465,1.0348
1737371880,1.03485,1.0351,1.03485,1.0349
1737372060,1.0349,1.03495,1.03435,1.03445
1737372240,1.03445,1.03465,1.03445,1.0346
1737372420,1.03465,1.0348,1.03465,1.03475
1737372600,1.0347,1.0347,1.03435,1.03445
1737372780,1.03445,1.0347,1.03445,1.0347
1737372960,1.0346,1.03465,1.03445,1.0345
1737373140,1.0345,1.0348,1.0345,1.0347
1737373320,1.0347,1.0348,1.0345,1.0348
1737373500,1.0348,1.03485,1.03475,1.0348
1737373680,1.03475,1.0349,1.03475,1.0348
1737373860,1.03485,1.035,1.03485,1.035
1737374040,1.03505,1.0351,1.035,1.03505
1737374220,1.0351,1.0352,1.0351,1.03515
1737374400,1.0352,1.0352,1.03495,1.035
1737374580,1.035,1.0351,1.03495,1.0351
1737374760,1.035,1.0351,1.035,1.035
1737374940,1.03495,1.03495,1.0346,1.0346
1737375120,1.0346,1.03475,1.0346,1.03465
1737375300,1.03465,1.0347,1.03435,1.0344
1737375480,1.03435,1.0348,1.03435,1.0348
1737375660,1.0348,1.0348,1.0345,1.0346
1737375840,1.03455,1.0347,1.0343,1.0344
1737376020,1.0344,1.03445,1.0341,1.0341
1737376200,1.0341,1.0344,1.0341,1.0343
1737376380,1.0343,1.03465,1.03425,1.03455
1737376560,1.0345,1.03485,1.03445,1.0348
1737376740,1.0348,1.03515,1.0348,1.03515
1737376920,1.0351,1.03515,1.03475,1.0348
1737377100,1.0348,1.0349,1.03455,1.0347
1737377280,1.03465,1.0347,1.0345,1.03465
1737377460,1.03465,1.03475,1.03445,1.03445
1737377640,1.03445,1.03465,1.03445,1.0346
1737377820,1.03465,1.03465,1.03435,1.03465
1737378000,1.0346,1.0346,1.03425,1.03435
1737378180,1.03435,1.03435,1.0342,1.03435
1737378360,1.0343,1.0343,1.0341,1.03425
1737378540,1.0343,1.0344,1.03425,1.03425
1737378720,1.0342,1.03435,1.0341,1.0343
1737378900,1.03435,1.03445,1.03405,1.03415
1737379080,1.0342,1.03425,1.0339,1.0339
1737379260,1.0339,1.034,1.03385,1.03395
1737379440,1.034,1.0342,1.0339,1.03395
1737379620,1.0339,1.03405,1.0339,1.034
1737379800,1.03395,1.0416,1.0333,1.03945
1737379980,1.03945,1.0425,1.039,1.0413
1737380160,1.0413,1.0418,1.0392,1.0396
1737380340,1.0395,1.0403,1.03935,1.0396
1737380520,1.0397,1.041,1.039,1.0407
1737380700,1.04065,1.0418,1.04065,1.0414
1737380880,1.04135,1.0423,1.04125,1.0419
1737381060,1.0419,1.0425,1.041,1.04185
1737381240,1.0418,1.04235,1.0415,1.0418
1737381420,1.0418,1.04265,1.0416,1.04245
1737381600,1.04245,1.043,1.0421,1.0425
1737381780,1.04255,1.0431,1.0416,1.042
1737381960,1.04195,1.04205,1.04085,1.0415
1737382140,1.04155,1.0416,1.0408,1.041
1737382320,1.041,1.04175,1.04055,1.0416
1737382500,1.0416,1.04265,1.0416,1.0426
1737382680,1.04265,1.04295,1.04155,1.04195
1737382860,1.04195,1.04255,1.0417,1.04245
1737383040,1.0425,1.0428,1.04205,1.0425
1737383220,1.0425,1.04285,1.0421,1.0426
1737383400,1.04265,1.04285,1.0421,1.0427
1737383580,1.04275,1.04305,1.04255,1.0427
1737383760,1.04275,1.04275,1.04175,1.0418
1737383940,1.04175,1.0445,1.0413,1.0445
1737384120,1.04445,1.04565,1.044,1.0451
1737384300,1.04515,1.04545,1.0445,1.0446
1737384480,1.0445,1.0452,1.0443,1.0444
1737384660,1.0444,1.04515,1.0443,1.0445
1737384840,1.0445,1.04475,1.04375,1.0439
1737385020,1.0439,1.0443,1.04335,1.04415
1737385200,1.0441,1.04435,1.0435,1.04395
1737385380,1.044,1.045,1.04385,1.0448
1737385560,1.04485,1.04485,1.04385,1.0444
1737385740,1.0444,1.04515,1.04425,1.04505
1737385920,1.0451,1.0456,1.04485,1.04515
1737386100,1.0452,1.04535,1.0441,1.0442
1737386280,1.04425,1.0456,1.04415,1.0449
1737386460,1.04495,1.0453,1.0446,1.04485
1737386640,1.0449,1.045,1.04345,1.04375
1737386820,1.04385,1.04385,1.0425,1.04295
1737387000,1.043,1.0434,1.04255,1.04335
1737387180,1.0434,1.0436,1.0429,1.0429
1737387360,1.04285,1.0431,1.0422,1.0427
1737387540,1.0427,1.04275,1.0417,1.0418
1737387720,1.0418,1.04215,1.0414,1.04145
1737387900,1.0415,1.042,1.04115,1.04175
1737388080,1.0418,1.04185,1.0415,1.04165
1737388260,1.04165,1.0426,1.0416,1.04255
1737388440,1.04255,1.0429,1.0424,1.0428
1737388620,1.04275,1.0429,1.04255,1.04265
1737388800,1.04265,1.0428,1.04235,1.04275
1737388980,1.04275,1.04315,1.04265,1.0428
1737389160,1.0428,1.04285,1.04245,1.0425
1737389340,1.0425,1.0426,1.0419,1.04195
1737389520,1.0419,1.0425,1.0417,1.0421
1737389700,1.0422,1.0423,1.0418,1.0418
1737389880,1.0418,1.04205,1.04165,1.04185
1737390060,1.04185,1.0425,1.0418,1.04245
1737390240,1.04245,1.0426,1.0423,1.0424
1737390420,1.04245,1.0429,1.0424,1.0428
1737390600,1.0428,1.04295,1.0427,1.0429
1737390780,1.0429,1.04305,1.0425,1.0425
1737390960,1.04255,1.04265,1.0422,1.0424
1737391140,1.0424,1.0426,1.04225,1.04245
1737391320,1.0424,1.0427,1.04235,1.0426
1737391500,1.0426,1.04275,1.04245,1.0426
1737391680,1.04265,1.0427,1.0425,1.0426
1737391860,1.04265,1.0428,1.04255,1.0427
1737392040,1.0427,1.0427,1.04235,1.04255
1737392220,1.0425,1.0425,1.0423,1.04245
1737392400,1.04245,1.04245,1.042,1.0422
1737392580,1.04215,1.0422,1.0413,1.0413
1737392760,1.04135,1.04155,1.0413,1.0414
1737392940,1.04145,1.04145,1.0407,1.04075
1737393120,1.04075,1.04095,1.0402,1.0403
1737393300,1.0403,1.0405,1.0398,1.0405
1737393480,1.0405,1.0409,1.0403,1.04035
1737393660,1.04035,1.0411,1.04015,1.0409
1737393840,1.04085,1.0411,1.0379,1.03965
1737394020,1.03965,1.03995,1.03895,1.03965
1737394200,1.0396,1.04075,1.0396,1.04015
1737394380,1.04015,1.0418,1.0401,1.04095
1737394560,1.04095,1.04135,1.04085,1.0411
1737394740,1.04105,1.04285,1.041,1.04185
1737394920,1.0419,1.0419,1.04105,1.0416
1737395100,1.0417,1.0417,1.0413,1.04135
1737395280,1.04135,1.0416,1.0413,1.04135
1737395460,1.0414,1.0419,1.04135,1.0417
1737395640,1.04165,1.0417,1.04115,1.04115
1737395820,1.0411,1.0413,1.0409,1.0412
1737396000,1.04115,1.04145,1.04105,1.0413
1737396180,1.04125,1.04175,1.0412,1.04175
1737396360,1.04175,1.042,1.0416,1.0416
1737396540,1.0416,1.04185,1.0416,1.0416
1737396720,1.04155,1.04155,1.0413,1.0413
1737396900,1.04135,1.0416,1.04125,1.04145
1737397080,1.0414,1.04145,1.04125,1.04125
1737397260,1.0412,1.0414,1.04095,1.04115
1737397440,1.04115,1.04115,1.04105,1.0411
1737397620,1.0411,1.04125,1.04105,1.0412
1737397800,1.04125,1.0415,1.0411,1.04145
1737397980,1.04145,1.04165,1.0413,1.0413
1737398160,1.0413,1.0414,1.04095,1.041
1737398340,1.04105,1.0412,1.04105,1.0412
1737398520,1.04125,1.0416,1.04125,1.0415
1737398700,1.04145,1.04145,1.04105,1.04115
1737398880,1.04115,1.0414,1.0411,1.0414
1737399060,1.0413,1.04135,1.0413,1.0413
1737399240,1.04125,1.0419,1.04125,1.0419
1737399420,1.04195,1.0423,1.0419,1.0423
1737399600,1.0423,1.0426,1.0421,1.04225
1737399780,1.04215,1.04235,1.0421,1.0422
1737399960,1.04215,1.0423,1.04195,1.042
1737400140,1.04195,1.04205,1.0419,1.042
1737400320,1.04195,1.04205,1.0419,1.04195
1737400500,1.04195,1.04195,1.04195,1.04195
1737400680,1.04195,1.04195,1.04175,1.04175
1737400860,1.0417,1.0418,1.04165,1.04175
1737401040,1.0417,1.04185,1.0417,1.0418
1737401220,1.0418,1.0421,1.0418,1.04205
1737401400,1.0421,1.04225,1.042,1.04215
1737401580,1.04215,1.0422,1.04215,1.0422
1737401760,1.0422,1.0422,1.04215,1.0422
1737401940,1.0422,1.0428,1.04215,1.0426
1737402120,1.04255,1.04275,1.04245,1.04275
1737402300,1.04285,1.0437,1.0428,1.0435
1737402480,1.0435,1.04445,1.0435,1.04435
1737402660,1.04425,1.04495,1.0442,1.04495
1737402840,1.04485,1.04485,1.044,1.04415
1737403020,1.04425,1.04475,1.0441,1.04465
1737403200,1.04465,1.04485,1.04445,1.04475
1737403380,1.04475,1.0455,1.04425,1.0453
1737403560,1.04535,1.0455,1.0451,1.0455
1737403740,1.04535,1.04555,1.0451,1.0454
1737403920,1.0454,1.0461,1.04535,1.04545
1737404100,1.0454,1.0455,1.0445,1.04465
1737404280,1.04465,1.04485,1.0443,1.0445
1737404460,1.04455,1.04455,1.04405,1.0443
1737404640,1.04425,1.0443,1.0438,1.0439
1737404820,1.04395,1.0441,1.0439,1.04405
1737405000,1.044,1.04445,1.0438,1.0443
1737405180,1.0443,1.04465,1.0443,1.04465
1737405360,1.0447,1.0451,1.0446,1.0449
1737405540,1.04485,1.0449,1.04455,1.04455
1737405720,1.04465,1.04465,1.044,1.044
1737405900,1.04415,1.04415,1.04375,1.044
1737406080,1.04405,1.0441,1.04395,1.04395
1737406260,1.044,1.0443,1.04395,1.0443
1737406440,1.04425,1.04435,1.0442,1.0443
1737406620,1.04425,1.0443,1.0442,1.0442
1737406800,1.04415,1.04415,1.0438,1.0438
1737406980,1.0439,1.0441,1.04385,1.0441
1737407160,1.0441,1.04425,1.0439,1.04395
1737407340,1.044,1.0441,1.044,1.04405
1737407520,1.04415,1.0446,1.04415,1.0445
1737407700,1.04455,1.0446,1.04435,1.04435
1737407880,1.0443,1.0443,1.044,1.044
1737408060,1.044,1.04425,1.044,1.04405
1737408240,1.044,1.044,1.044,1.044
1737408420,1.044,1.04405,1.04395,1.04405
1737408600,1.04405,1.04405,1.04385,1.0439
1737408780,1.04385,1.04395,1.0436,1.0436
1737408960,1.0437,1.04385,1.0437,1.04375
1737409140,1.04385,1.04405,1.04385,1.044
1737409320,1.044,1.0441,1.044,1.044
1737409500,1.044,1.044,1.04385,1.04385
1737409680,1.0439,1.044,1.04385,1.04395
1737409860,1.04385,1.0439,1.0438,1.0439
1737410040,1.0439,1.0442,1.0439,1.0442
1737410220,1.04415,1.0443,1.0441,1.0443
1737414000,1.0443,1.04435,1.0439,1.0442
1737414180,1.04415,1.04435,1.04385,1.0443
1737414360,1.04435,1.0451,1.04435,1.04505
1737414540,1.04505,1.04505,1.0446,1.04485
1737414720,1.0448,1.045,1.0447,1.0447
1737414900,1.04475,1.04485,1.04455,1.04455
1737415080,1.0446,1.04495,1.04455,1.0449
1737415260,1.04485,1.045,1.0445,1.0447
1737415440,1.0447,1.0448,1.0445,1.0446
1737415620,1.04455,1.04455,1.0441,1.04435
1737415800,1.04435,1.04445,1.044,1.04405
1737415980,1.04405,1.0443,1.044,1.04415
1737416160,1.04415,1.04415,1.04365,1.0437
1737416340,1.0437,1.0442,1.04365,1.0442
1737416520,1.04425,1.04465,1.0442,1.04455
1737416700,1.04465,1.04465,1.0444,1.0445
1737416880,1.0446,1.0449,1.04455,1.0448
1737417060,1.0448,1.04485,1.0446,1.04475
1737417240,1.04465,1.04475,1.0445,1.04455
1737417420,1.0445,1.04465,1.0445,1.0446
1737417600,1.0446,1.04495,1.0445,1.0448
1737417780,1.0448,1.04535,1.04475,1.0452
1737417960,1.0452,1.04555,1.04515,1.0453
1737418140,1.0453,1.046,1.0453,1.04595
1737418320,1.0459,1.0459,1.0453,1.0453
1737418500,1.04535,1.04545,1.045,1.04545
1737418680,1.0454,1.04565,1.0453,1.0455
1737418860,1.0456,1.04585,1.0454,1.0454
1737419040,1.0454,1.04575,1.0454,1.0456
1737419220,1.0456,1.04565,1.0454,1.0454
1737419400,1.04535,1.0456,1.0449,1.0452
1737419580,1.04525,1.04525,1.04475,1.0448
1737419760,1.04475,1.04485,1.04455,1.04465
1737419940,1.0447,1.0447,1.04435,1.0445
1737420120,1.04445,1.0448,1.04435,1.04475
1737420300,1.04475,1.04495,1.0447,1.0448
1737420480,1.04485,1.0449,1.0412,1.04175
1737420660,1.0418,1.0419,1.0394,1.0394
1737420840,1.03935,1.04005,1.0381,1.03835
1737421020,1.03825,1.0391,1.0378,1.03875
1737421200,1.03875,1.0394,1.0384,1.0391
1737421380,1.03915,1.0397,1.03815,1.0391
1737421560,1.03915,1.03965,1.03875,1.03925
1737421740,1.03915,1.04065,1.03905,1.04015
1737421920,1.0401,1.04015,1.0395,1.0396
1737422100,1.0396,1.04045,1.0396,1.0401
1737422280,1.04015,1.04045,1.03985,1.0404
1737422460,1.04045,1.0413,1.0403,1.04115
1737422640,1.041,1.041,1.03955,1.0399
1737422820,1.03995,1.04235,1.0399,1.04085
1737423000,1.041,1.04105,1.0402,1.04055
1737423180,1.0405,1.04065,1.0402,1.04025
1737423360,1.04025,1.04025,1.0394,1.0395
1737423540,1.03955,1.04015,1.0393,1.0398
1737423720,1.0398,1.04005,1.039,1.039
1737423900,1.03905,1.0392,1.03885,1.03905
1737424080,1.0391,1.03975,1.03905,1.03975
1737424260,1.03975,1.03975,1.03915,1.03955
1737424440,1.0396,1.04005,1.0393,1.03995
1737424620,1.0399,1.04,1.03955,1.03955
1737424800,1.0396,1.04025,1.03945,1.04015
1737424980,1.0403,1.04105,1.0402,1.0409
1737425160,1.04095,1.04095,1.0402,1.04035
1737425340,1.04035,1.0407,1.04015,1.04045
1737425520,1.0403,1.04055,1.04005,1.0403
1737425700,1.04035,1.04035,1.0398,1.0399
1737425880,1.03985,1.04035,1.03985,1.04025
1737426060,1.0402,1.0403,1.04,1.04025
1737426240,1.04025,1.0406,1.0401,1.04055
1737426420,1.04065,1.0408,1.04045,1.0407
1737426600,1.0407,1.04085,1.04055,1.04085
1737426780,1.04085,1.041,1.04065,1.04075
1737426960,1.04075,1.041,1.0407,1.041
1737427140,1.041,1.04125,1.04095,1.04115
1737427320,1.0411,1.04135,1.04095,1.04125
1737427500,1.0412,1.04155,1.0412,1.0413
1737427680,1.04125,1.04135,1.04105,1.04105
1737427860,1.04105,1.04115,1.041,1.0411
1737428040,1.0411,1.0415,1.041,1.0414
1737428220,1.0414,1.0416,1.04125,1.04125
1737428400,1.04135,1.0417,1.04125,1.0417
1737428580,1.0417,1.0418,1.04145,1.04145
1737428760,1.0414,1.04155,1.0413,1.04155
1737428940,1.04155,1.04225,1.0415,1.0421
1737429120,1.0421,1.0426,1.04195,1.04245
1737429300,1.0425,1.0427,1.04235,1.04245
1737429480,1.04245,1.04245,1.04225,1.04235
1737429660,1.0424,1.04255,1.0423,1.0425
1737429840,1.04255,1.04255,1.0422,1.0423
1737430020,1.04235,1.04235,1.04225,1.0423
1737430200,1.04225,1.0424,1.04215,1.0423
1737430380,1.0422,1.0422,1.042,1.04205
1737430560,1.04205,1.04205,1.0417,1.0417
1737430740,1.0417,1.0418,1.04155,1.0416
1737430920,1.0416,1.04165,1.04135,1.04155
1737431100,1.04155,1.04175,1.04115,1.0413
1737431280,1.0413,1.0414,1.04105,1.04125
1737431460,1.04135,1.04135,1.04115,1.04125
1737431640,1.0413,1.04155,1.04115,1.0415
1737431820,1.0415,1.04155,1.0412,1.0413
1737432000,1.04125,1.04155,1.04125,1.04145
1737432180,1.04145,1.04145,1.0411,1.04125
1737432360,1.04125,1.04125,1.041,1.0411
1737432540,1.04105,1.04115,1.041,1.04115
1737432720,1.04115,1.04165,1.04115,1.04165
1737432900,1.0416,1.0418,1.0415,1.0418
1737433080,1.0418,1.0421,1.0418,1.04205
1737433260,1.04185,1.0422,1.0418,1.04215
1737433440,1.0422,1.0424,1.0422,1.04235
1737433620,1.0423,1.04245,1.04225,1.04235
1737433800,1.0423,1.0423,1.04195,1.04215
1737433980,1.04215,1.04215,1.0419,1.0419
1737434160,1.04195,1.04195,1.04155,1.04155
1737434340,1.0416,1.0417,1.0416,1.0417
1737434520,1.0417,1.0418,1.04145,1.0416
1737434700,1.04155,1.04155,1.0414,1.0415
1737434880,1.04155,1.0416,1.04145,1.0415
1737435060,1.04145,1.0418,1.04145,1.04175
1737435240,1.04185,1.04185,1.0415,1.0415
1737435420,1.0415,1.04155,1.04145,1.04155
1737435600,1.0415,1.0418,1.0415,1.04175
1737435780,1.0418,1.0418,1.0415,1.04155
1737435960,1.0415,1.04165,1.0415,1.0416
1737436140,1.04155,1.0416,1.0414,1.0414
1737436320,1.0414,1.0414,1.0413,1.0413
1737436500,1.04125,1.04135,1.04125,1.0413
1737436680,1.04125,1.0413,1.0412,1.0412
1737436860,1.0413,1.0413,1.04125,1.04125
1737437040,1.0412,1.0412,1.04105,1.04105
1737437220,1.0411,1.0411,1.0409,1.041
1737437400,1.04095,1.041,1.04075,1.0408
1737437580,1.0408,1.04105,1.0408,1.04105
1737437760,1.041,1.041,1.04095,1.041
1737437940,1.041,1.041,1.04085,1.04085
1737438120,1.04085,1.04085,1.0407,1.04075
1737438300,1.0408,1.0408,1.0407,1.0407
1737438480,1.0407,1.04075,1.0405,1.0406
1737438660,1.0406,1.04065,1.04045,1.04055
1737438840,1.0406,1.04075,1.0403,1.04035
1737439020,1.0404,1.04055,1.04035,1.0404
1737439200,1.04045,1.0405,1.04025,1.04035
1737439380,1.0403,1.0405,1.04025,1.04035
1737439560,1.04035,1.0405,1.0403,1.0403
1737439740,1.0403,1.0405,1.0403,1.0403
1737439920,1.0403,1.04055,1.04025,1.04055
1737440100,1.04055,1.0406,1.0404,1.04055
1737440280,1.04055,1.04075,1.0405,1.0405
1737440460,1.0405,1.0405,1.0404,1.04045
1737440640,1.04045,1.0405,1.04035,1.04045
1737440820,1.04045,1.0406,1.04045,1.0405
1737441000,1.0405,1.0405,1.04015,1.04015
1737441180,1.04015,1.0402,1.0399,1.03995
1737441360,1.0399,1.03995,1.03945,1.0396
1737441540,1.03965,1.04,1.03955,1.04
1737441720,1.03995,1.04005,1.03975,1.03975
1737441900,1.03975,1.0398,1.0397,1.0397
1737442080,1.0397,1.0397,1.0393,1.03935
1737442260,1.0393,1.0394,1.0392,1.03935
1737442440,1.0393,1.0394,1.03915,1.0393
1737442620,1.0393,1.03955,1.03925,1.0394
1737442800,1.0394,1.03955,1.03905,1.03945
1737442980,1.03945,1.0395,1.03925,1.03925
1737443160,1.03935,1.0397,1.03935,1.03965
1737443340,1.03965,1.0402,1.03965,1.04005
1737443520,1.04,1.0402,1.03995,1.04005
1737443700,1.0401,1.0403,1.03995,1.0402
1737443880,1.04025,1.04035,1.0401,1.0403
1737444060,1.04025,1.04045,1.0401,1.04015
1737444240,1.0401,1.0402,1.03995,1.04015
1737444420,1.04015,1.04035,1.04005,1.04025
1737444600,1.04025,1.04065,1.0401,1.0406
1737444780,1.0406,1.04115,1.04055,1.0409
1737444960,1.04085,1.04105,1.0407,1.0407
1737445140,1.0407,1.04085,1.0405,1.0407
1737445320,1.04065,1.04075,1.0405,1.04065
1737445500,1.0407,1.0408,1.0405,1.0408
1737445680,1.04075,1.04075,1.04025,1.0403
1737445860,1.0403,1.04045,1.04025,1.0404
1737446040,1.0404,1.04055,1.04005,1.04005
1737446220,1.04005,1.0401,1.0399,1.0399
1737446400,1.0399,1.0399,1.0394,1.0394
1737446580,1.0394,1.03945,1.0392,1.03945
1737446760,1.0394,1.03955,1.0391,1.03915
1737446940,1.0391,1.0395,1.0391,1.0395
1737447120,1.0395,1.03985,1.0394,1.03945
1737447300,1.0394,1.0397,1.03935,1.03955
1737447480,1.0396,1.0396,1.0394,1.03945
1737447660,1.0394,1.0397,1.03935,1.03955
1737447840,1.03955,1.03955,1.0391,1.0392
1737448020,1.03915,1.03915,1.0388,1.0389
1737448200,1.0389,1.0394,1.0389,1.03915
1737448380,1.03915,1.03915,1.0389,1.0389
1737448560,1.0389,1.0389,1.0383,1.0383
1737448740,1.0383,1.03835,1.0375,1.03795
1737448920,1.03795,1.0381,1.0378,1.0379
1737449100,1.0379,1.03855,1.03785,1.03845
1737449280,1.0385,1.0391,1.0385,1.0391
1737449460,1.039,1.039,1.03865,1.0388
1737449640,1.0388,1.03885,1.03855,1.0387
1737449820,1.03865,1.0388,1.03855,1.03865
1737450000,1.03865,1.0389,1.0386,1.0387
1737450180,1.0387,1.0387,1.0383,1.0384
1737450360,1.03835,1.0385,1.03815,1.03825
1737450540,1.03825,1.0384,1.03805,1.0383
1737450720,1.0383,1.0384,1.03805,1.03815
1737450900,1.03815,1.03835,1.03785,1.03785
1737451080,1.0379,1.03825,1.03785,1.0381
1737451260,1.03815,1.03895,1.03815,1.03865
1737451440,1.0387,1.0388,1.03835,1.03835
1737451620,1.0384,1.03845,1.03815,1.0383
1737451800,1.03825,1.0383,1.0379,1.038
1737451980,1.038,1.038,1.03745,1.0376
1737452160,1.0376,1.0379,1.0375,1.03755
1737452340,1.03755,1.0376,1.03675,1.03705
1737452520,1.03705,1.03735,1.037,1.03715
1737452700,1.03715,1.0375,1.0371,1.03735
1737452880,1.03735,1.0376,1.0372,1.03755
1737453060,1.0376,1.038,1.03755,1.03775
1737453240,1.03775,1.0381,1.0377,1.0377
1737453420,1.0377,1.038,1.0376,1.0379
1737453600,1.0379,1.03805,1.0373,1.03785
1737453780,1.0379,1.03805,1.0376,1.03785
1737453960,1.03785,1.03785,1.0373,1.0374
1737454140,1.0375,1.0376,1.03715,1.03715
1737454320,1.03715,1.03735,1.03685,1.03715
1737454500,1.0371,1.0372,1.03685,1.037
1737454680,1.03705,1.03725,1.03695,1.03715
1737454860,1.0372,1.03755,1.0372,1.03755
1737455040,1.03755,1.03795,1.03755,1.0379
1737455220,1.0379,1.03815,1.0379,1.038
1737455400,1.038,1.03835,1.0378,1.03825
1737455580,1.03825,1.0383,1.03805,1.0383
1737455760,1.0383,1.0385,1.0382,1.03825
1737455940,1.0382,1.03835,1.0382,1.0383
1737456120,1.0383,1.0383,1.03765,1.0377
1737456300,1.03765,1.0378,1.03755,1.03765
1737456480,1.03765,1.03775,1.03755,1.0376
1737456660,1.0376,1.03785,1.03755,1.0378
1737456840,1.03775,1.038,1.03775,1.03775
1737457020,1.03775,1.038,1.03775,1.03785
1737457200,1.0378,1.038,1.0374,1.0374
1737457380,1.0374,1.0376,1.03735,1.0376
1737457560,1.0376,1.0377,1.0375,1.03755
1737457740,1.03755,1.03785,1.03755,1.03785
1737457920,1.03785,1.03795,1.03785,1.03795
1737458100,1.038,1.038,1.0375,1.03765
1737458280,1.0376,1.0377,1.0375,1.03765
1737458460,1.03765,1.0377,1.03745,1.0375
1737458640,1.03745,1.0375,1.03725,1.0375
1737458820,1.0375,1.0377,1.0375,1.03755
1737459000,1.03755,1.03755,1.03685,1.03695
1737459180,1.03695,1.0373,1.03695,1.03715
1737459360,1.0371,1.03745,1.0371,1.0372
1737459540,1.03725,1.0373,1.03715,1.03725
1737459720,1.03725,1.03745,1.03715,1.0374
1737459900,1.0374,1.03745,1.0372,1.03745
1737460080,1.03745,1.03805,1.03745,1.03805
1737460260,1.0381,1.03835,1.03805,1.0381
1737460440,1.0381,1.03815,1.03765,1.03775
1737460620,1.0377,1.03815,1.0376,1.0379
1737460800,1.0379,1.038,1.03755,1.03765
1737460980,1.0377,1.03795,1.0371,1.0379
1737461160,1.0379,1.0382,1.03755,1.0376
1737461340,1.03765,1.03775,1.0373,1.0375
1737461520,1.0375,1.03755,1.03725,1.03735
1737461700,1.03735,1.0378,1.03735,1.0378
1737461880,1.0378,1.03805,1.0377,1.03795
1737462060,1.03795,1.03825,1.03785,1.03795
1737462240,1.03805,1.03805,1.03765,1.03805
1737462420,1.03805,1.03825,1.03795,1.0382
1737462600,1.03815,1.03825,1.03785,1.0381
1737462780,1.0381,1.03825,1.0381,1.0382
1737462960,1.03815,1.0384,1.03815,1.03825
1737463140,1.0382,1.03825,1.0379,1.03805
1737463320,1.03805,1.03815,1.03795,1.0381
1737463500,1.03815,1.03815,1.03755,1.0376
1737463680,1.0376,1.03775,1.0371,1.0371
1737463860,1.03715,1.0375,1.0371,1.0374
1737464040,1.03745,1.0375,1.03715,1.03745
1737464220,1.0374,1.03795,1.0374,1.03795
1737464400,1.03795,1.0382,1.0379,1.0382
1737464580,1.0381,1.0383,1.0379,1.03795
1737464760,1.03785,1.0385,1.03785,1.03815
1737464940,1.03815,1.0384,1.03815,1.03825
1737465120,1.0383,1.03855,1.0382,1.0385
1737465300,1.03855,1.0388,1.03845,1.03855
1737465480,1.0386,1.0391,1.0386,1.03905
1737465660,1.03905,1.0393,1.03885,1.039
1737465840,1.03895,1.0391,1.0386,1.0388
1737466020,1.0388,1.039,1.03855,1.03885
1737466200,1.03885,1.0394,1.0387,1.03935
1737466380,1.03935,1.0399,1.0392,1.03935
1737466560,1.0394,1.03985,1.03935,1.03975
1737466740,1.0398,1.03995,1.0396,1.0399
1737466920,1.0398,1.04005,1.0397,1.0398
1737467100,1.0398,1.0402,1.03975,1.0398
1737467280,1.0398,1.0399,1.0395,1.0398
1737467460,1.0398,1.04035,1.0396,1.04015
1737467640,1.04015,1.04025,1.0398,1.0401
1737467820,1.0401,1.04035,1.04,1.04035
1737468000,1.0404,1.04075,1.04015,1.04035
1737468180,1.04035,1.04055,1.04005,1.0402
1737468360,1.0402,1.0402,1.0399,1.0401
1737468540,1.0401,1.0406,1.04,1.0406
1737468720,1.0406,1.04095,1.04055,1.04095
1737468900,1.0409,1.04125,1.04075,1.04115
1737469080,1.04115,1.04115,1.0408,1.04115
1737469260,1.04115,1.0418,1.04115,1.0418
1737469440,1.0418,1.042,1.0417,1.04185
1737469620,1.04185,1.04205,1.0417,1.04195
1737469800,1.04195,1.04205,1.0415,1.0415
1737469980,1.0415,1.0417,1.04125,1.04145
1737470160,1.04145,1.0422,1.04135,1.0421
1737470340,1.0421,1.0425,1.0419,1.04215
1737470520,1.0421,1.0422,1.04165,1.0421
1737470700,1.0421,1.04215,1.04175,1.042
1737470880,1.04195,1.04195,1.0409,1.04105
1737471060,1.04105,1.04115,1.0405,1.0411
1737471240,1.04115,1.04125,1.0409,1.04105
1737471420,1.041,1.0414,1.04085,1.04125
1737471600,1.0413,1.0418,1.04125,1.0414
1737471780,1.0414,1.04145,1.0408,1.041
1737471960,1.041,1.04125,1.04045,1.04125
1737472140,1.04125,1.0413,1.04085,1.0411
1737472320,1.0411,1.0416,1.0408,1.0415
1737472500,1.0415,1.04175,1.0411,1.0416
1737472680,1.0416,1.0419,1.0414,1.04165
1737472860,1.04165,1.0424,1.0416,1.04225
1737473040,1.0422,1.04245,1.0421,1.04235
1737473220,1.04235,1.04245,1.04195,1.0421
1737473400,1.04205,1.0426,1.042,1.0426
1737473580,1.04265,1.043,1.0425,1.04295
1737473760,1.04295,1.043,1.0426,1.0429
1737473940,1.0429,1.0436,1.0428,1.04355
1737474120,1.04355,1.04365,1.0428,1.04285
1737474300,1.0428,1.04315,1.04275,1.04315
1737474480,1.0431,1.0434,1.04295,1.04315
1737474660,1.04315,1.0432,1.0424,1.0426
1737474840,1.04265,1.0427,1.0422,1.04235
1737475020,1.04235,1.0428,1.04235,1.04265
1737475200,1.04265,1.0428,1.0425,1.0426
1737475380,1.0426,1.0431,1.04255,1.0431
1737475560,1.0431,1.04315,1.04275,1.04305
1737475740,1.04305,1.04325,1.04275,1.04275
1737475920,1.0427,1.04285,1.0425,1.04275
1737476100,1.04275,1.04285,1.0424,1.0426
1737476280,1.04265,1.0431,1.04265,1.043
1737476460,1.04305,1.04325,1.043,1.0432
1737476640,1.0432,1.04365,1.04255,1.04335
1737476820,1.0434,1.0442,1.04335,1.04415
1737477000,1.0441,1.04445,1.04405,1.04425
1737477180,1.04425,1.0443,1.0439,1.044
1737477360,1.04405,1.0441,1.0437,1.04405
1737477540,1.0441,1.0446,1.04395,1.0446
1737477720,1.0446,1.0447,1.0441,1.04445
1737477900,1.04445,1.04455,1.0443,1.04445
1737478080,1.0445,1.0445,1.04415,1.04415
1737478260,1.04415,1.0442,1.04385,1.04415
1737478440,1.04415,1.0447,1.044,1.0447
1737478620,1.0447,1.04485,1.04455,1.04485
1737478800,1.0448,1.04515,1.04475,1.04495
1737478980,1.045,1.04515,1.04495,1.04495
1737479160,1.045,1.0453,1.045,1.0453
1737479340,1.0453,1.0454,1.04515,1.04515
1737479520,1.04515,1.0452,1.04485,1.0449
1737479700,1.0449,1.0453,1.0447,1.04525
1737479880,1.04525,1.0454,1.0451,1.04515
1737480060,1.04515,1.0454,1.04505,1.0454
1737480240,1.0454,1.04555,1.0454,1.04545
1737480420,1.0454,1.04555,1.0453,1.04545
1737480600,1.04545,1.04555,1.0453,1.0455
1737480780,1.0455,1.0455,1.0453,1.0454
1737480960,1.04545,1.04545,1.0452,1.0452
1737481140,1.04525,1.04545,1.0452,1.04535
1737481320,1.0454,1.0456,1.04515,1.0452
1737481500,1.0452,1.0454,1.0451,1.0453
1737481680,1.04535,1.04555,1.04525,1.0454
1737481860,1.04535,1.04545,1.04515,1.04545
1737482040,1.04545,1.0455,1.04495,1.04525
1737482220,1.04525,1.04525,1.0447,1.04475
1737482400,1.0447,1.0448,1.04455,1.0447
1737482580,1.04475,1.0449,1.0447,1.04475
1737482760,1.04475,1.0451,1.04475,1.045
1737482940,1.04505,1.04505,1.0448,1.0449
1737483120,1.0449,1.045,1.04475,1.04485
1737483300,1.04485,1.0449,1.0447,1.04485
1737483480,1.04485,1.0449,1.0447,1.04475
1737483660,1.04475,1.045,1.0447,1.045
1737483840,1.045,1.04515,1.045,1.0451
1737484020,1.0451,1.0453,1.04505,1.0452
1737484200,1.0452,1.04535,1.04505,1.04535
1737484380,1.04535,1.0457,1.0453,1.04555
1737484560,1.0456,1.0457,1.04545,1.04565
1737484740,1.04565,1.0461,1.04565,1.04595
1737484920,1.046,1.046,1.0458,1.04585
1737485100,1.0458,1.046,1.0458,1.04595
1737485280,1.0459,1.046,1.04575,1.04595
1737485460,1.04595,1.04595,1.0457,1.0457
1737485640,1.04565,1.04565,1.0455,1.0455
1737485820,1.04555,1.04555,1.0453,1.0455
1737486000,1.0455,1.0456,1.0454,1.0454
1737486180,1.04535,1.0455,1.0453,1.0454
1737486360,1.0454,1.04565,1.0454,1.0456
1737486540,1.0456,1.0456,1.04545,1.0455
1737486720,1.0455,1.0456,1.0454,1.0454
1737486900,1.04535,1.0454,1.0451,1.0452
1737487080,1.0452,1.04525,1.04505,1.04505
1737487260,1.04505,1.04505,1.04485,1.0449
1737487440,1.0449,1.0449,1.0448,1.04485
1737487620,1.04485,1.0449,1.04465,1.04475
1737487800,1.0448,1.04485,1.0446,1.0447
1737487980,1.0447,1.0447,1.0445,1.0446
1737488160,1.0446,1.04465,1.04455,1.0446
1737488340,1.0446,1.0446,1.0443,1.04435
1737488520,1.04435,1.04445,1.04425,1.04435
1737488700,1.0443,1.0444,1.04425,1.0443
1737488880,1.0443,1.0444,1.04425,1.0443
1737489060,1.04435,1.04435,1.04415,1.0443
1737489240,1.0443,1.0445,1.0443,1.0444
1737489420,1.0444,1.0445,1.04425,1.0444
1737489600,1.0444,1.04445,1.0442,1.04445
1737489780,1.0444,1.04455,1.04425,1.04455
1737489960,1.04455,1.04475,1.04455,1.0447
1737490140,1.04475,1.04475,1.04445,1.0445
1737490320,1.0445,1.04455,1.04435,1.0444
1737490500,1.0444,1.04445,1.0443,1.04445
1737490680,1.04445,1.0445,1.0444,1.04445
1737490860,1.0445,1.0445,1.0443,1.04445
1737491040,1.04445,1.0445,1.0442,1.04425
1737491220,1.04425,1.04445,1.04425,1.0444
1737491400,1.04435,1.04445,1.04435,1.04435
1737491580,1.0444,1.04445,1.04425,1.0444
1737491760,1.0444,1.04465,1.0444,1.04455
1737491940,1.0445,1.0446,1.04445,1.04445
1737492120,1.04445,1.0446,1.0444,1.0445
1737492300,1.0445,1.0445,1.0444,1.0444
1737492480,1.0444,1.04445,1.0443,1.0444
1737492660,1.0444,1.0444,1.04425,1.04425
1737492840,1.0443,1.04445,1.0442,1.0444
1737493020,1.0444,1.04465,1.0444,1.0446
1737493200,1.04455,1.04465,1.04445,1.04455
1737493380,1.04455,1.04465,1.0445,1.04455
1737493560,1.0445,1.0448,1.0445,1.04475
1737493740,1.0447,1.04505,1.04455,1.0447
1737493920,1.04475,1.045,1.04475,1.045
1737494100,1.04495,1.045,1.0449,1.04495
1737494280,1.045,1.04505,1.04485,1.04485
1737494460,1.0449,1.0452,1.0449,1.0452
1737494640,1.0451,1.04515,1.04505,1.0451
1737494820,1.0451,1.04525,1.0451,1.0451
1737495000,1.0451,1.0453,1.0451,1.0452
1737495180,1.04515,1.04515,1.0451,1.0451
1737495360,1.0451,1.04525,1.0451,1.04515
1737495540,1.04515,1.0452,1.04515,1.0452
1737495720,1.04515,1.0453,1.04515,1.0452
1737495900,1.0453,1.0455,1.04515,1.04535
1737496080,1.04535,1.04545,1.04535,1.04545
1737496260,1.0454,1.0456,1.0454,1.04545
1737496440,1.04545,1.04555,1.04535,1.04555
1737496620,1.04545,1.04555,1.04525,1.0454
1737500400,1.04505,1.0453,1.04475,1.04525
1737500580,1.04525,1.04535,1.04235,1.04395
1737500760,1.04385,1.0443,1.0429,1.0429
1737500940,1.04285,1.0433,1.0424,1.04305
1737501120,1.0431,1.0435,1.04215,1.04215
1737501300,1.0422,1.04265,1.0418,1.04255
1737501480,1.04255,1.04305,1.04245,1.04265
1737501660,1.04265,1.04325,1.04255,1.0431
1737501840,1.0431,1.04335,1.04305,1.04335
1737502020,1.0434,1.04365,1.04315,1.0433
1737502200,1.0433,1.04345,1.043,1.0432
1737502380,1.0432,1.04345,1.04305,1.0431
1737502560,1.043,1.0431,1.0429,1.04295
1737502740,1.043,1.04315,1.0429,1.04305
1737502920,1.0431,1.04315,1.04285,1.043
1737503100,1.043,1.04365,1.043,1.04365
1737503280,1.0437,1.04375,1.0433,1.0434
1737503460,1.04345,1.0435,1.04295,1.04315
1737503640,1.04315,1.04315,1.04285,1.04315
1737503820,1.0431,1.0433,1.04305,1.0432
1737504000,1.0432,1.04365,1.0432,1.04365
1737504180,1.0436,1.04385,1.0436,1.04385
1737504360,1.04375,1.04415,1.0437,1.04415
1737504540,1.0442,1.04445,1.0441,1.0442
1737504720,1.0442,1.04435,1.0441,1.0443
1737504900,1.0443,1.0443,1.04415,1.0442
1737505080,1.04415,1.04475,1.04415,1.04475
1737505260,1.0448,1.04495,1.0445,1.0446
1737505440,1.04455,1.04465,1.0445,1.04455
1737505620,1.0445,1.0446,1.0444,1.04445
1737505800,1.04445,1.04455,1.04445,1.04455
1737505980,1.0445,1.04485,1.0445,1.0448
1737506160,1.0448,1.04495,1.0447,1.04495
1737506340,1.04495,1.04495,1.0448,1.0448
1737506520,1.04485,1.04485,1.04475,1.04475
1737506700,1.0447,1.0448,1.04465,1.0447
1737506880,1.0447,1.04475,1.04465,1.04465
1737507060,1.0446,1.04475,1.0445,1.0447
1737507240,1.04465,1.0448,1.04445,1.0448
1737507420,1.04485,1.045,1.04485,1.0449
1737507600,1.04485,1.04485,1.04405,1.04405
1737507780,1.0441,1.04445,1.044,1.0444
1737507960,1.04445,1.04465,1.04435,1.0445
1737508140,1.0445,1.04465,1.04435,1.04445
1737508320,1.04435,1.0444,1.04415,1.04425
1737508500,1.0443,1.04455,1.0443,1.04435
1737508680,1.04435,1.04455,1.0442,1.04455
1737508860,1.0445,1.04455,1.04415,1.04435
1737509040,1.0443,1.0444,1.0441,1.0443
1737509220,1.0443,1.0443,1.0441,1.0442
1737509400,1.0442,1.04425,1.04405,1.04415
1737509580,1.04405,1.04405,1.0438,1.04385
1737509760,1.04385,1.04405,1.04385,1.0439
1737509940,1.044,1.044,1.0438,1.0439
1737510120,1.0438,1.04395,1.0438,1.04385
1737510300,1.04385,1.044,1.0437,1.0438
1737510480,1.04385,1.04385,1.04365,1.0438
1737510660,1.04385,1.04385,1.04365,1.04365
1737510840,1.04365,1.04365,1.0435,1.04355
1737511020,1.0435,1.04355,1.0433,1.0435
1737511200,1.04345,1.04355,1.0433,1.0434
1737511380,1.0434,1.0435,1.0433,1.0434
1737511560,1.0433,1.04345,1.04315,1.04325
1737511740,1.0433,1.04365,1.0433,1.04365
1737511920,1.04365,1.04385,1.04365,1.0438
1737512100,1.0438,1.044,1.0438,1.04395
1737512280,1.04385,1.044,1.04375,1.04375
1737512460,1.04375,1.0439,1.0437,1.0438
1737512640,1.04375,1.0438,1.04355,1.04355
1737512820,1.0436,1.04365,1.04345,1.04355
1737513000,1.0435,1.0436,1.04345,1.04355
1737513180,1.04355,1.04365,1.04355,1.04365
1737513360,1.04365,1.0439,1.04365,1.04385
1737513540,1.04385,1.0439,1.0437,1.04385
1737513720,1.04385,1.0439,1.0438,1.04385
1737513900,1.04385,1.0439,1.0435,1.04375
1737514080,1.04375,1.04395,1.04365,1.04395
1737514260,1.044,1.0441,1.04395,1.0441
1737514440,1.0441,1.0442,1.044,1.04405
1737514620,1.04395,1.044,1.04385,1.04395
1737514800,1.0439,1.04405,1.0439,1.0439
1737514980,1.0439,1.0439,1.04375,1.04375
1737515160,1.0437,1.04375,1.04365,1.04365
1737515340,1.0437,1.0438,1.04365,1.04375
1737515520,1.0437,1.04385,1.04365,1.0438
1737515700,1.0438,1.044,1.0438,1.04385
1737515880,1.0439,1.0439,1.0438,1.0438
1737516060,1.04375,1.0438,1.04375,1.0438
1737516240,1.0438,1.0439,1.04375,1.0439
1737516420,1.04395,1.04395,1.0438,1.04385
1737516600,1.04385,1.04385,1.04375,1.04385
1737516780,1.0439,1.04395,1.0439,1.0439
1737516960,1.04395,1.04415,1.04395,1.0441
1737517140,1.0441,1.04415,1.04395,1.04395
1737517320,1.0439,1.0439,1.0438,1.0439
1737517500,1.0439,1.044,1.0436,1.04365
1737517680,1.04365,1.04365,1.04355,1.04365
1737517860,1.04365,1.0437,1.0436,1.0436
1737518040,1.04365,1.0437,1.04365,1.0437
1737518220,1.0437,1.0438,1.0437,1.04375
1737518400,1.0437,1.04385,1.0437,1.0438
1737518580,1.0438,1.0439,1.0438,1.04385
1737518760,1.0438,1.0439,1.0438,1.0439
1737518940,1.0439,1.04405,1.0439,1.04405
1737519120,1.0441,1.0443,1.0441,1.04425
1737519300,1.04425,1.0443,1.04415,1.04415
1737519480,1.0442,1.04425,1.04415,1.04425
1737519660,1.0443,1.04445,1.0443,1.0443
1737519840,1.04435,1.0444,1.04435,1.0444
1737520020,1.0444,1.0445,1.0444,1.0445
1737520200,1.0445,1.0446,1.0445,1.04455
1737520380,1.04455,1.04475,1.04455,1.04465
1737520560,1.0446,1.0446,1.0444,1.0444
1737520740,1.0444,1.04445,1.0443,1.04435
1737520920,1.0444,1.0444,1.0443,1.04435
1737521100,1.04435,1.0445,1.04435,1.04445
1737521280,1.0445,1.0446,1.0445,1.0446
1737521460,1.0446,1.04465,1.0445,1.0445
1737521640,1.04445,1.04445,1.04425,1.04425
1737521820,1.04425,1.04425,1.04415,1.04425
1737522000,1.0442,1.04425,1.04415,1.04425
1737522180,1.04425,1.04435,1.04415,1.04435
1737522360,1.04435,1.04435,1.0442,1.04425
1737522540,1.04425,1.04425,1.0441,1.0441
1737522720,1.04405,1.04415,1.04405,1.0441
1737522900,1.04405,1.04405,1.044,1.04405
1737523080,1.044,1.044,1.0437,1.0437
1737523260,1.0437,1.04375,1.0437,1.04375
1737523440,1.0438,1.0438,1.0434,1.04345
1737523620,1.0435,1.0438,1.0435,1.0437
1737523800,1.0437,1.0437,1.04355,1.0436
1737523980,1.0436,1.0439,1.0436,1.0439
1737524160,1.0439,1.04395,1.04385,1.04385
1737524340,1.0438,1.0439,1.0438,1.0439
1737524520,1.0439,1.0439,1.0437,1.0437
1737524700,1.0437,1.0438,1.0437,1.04375
1737524880,1.04375,1.04395,1.0437,1.04385
1737525060,1.04385,1.04415,1.04385,1.04415
1737525240,1.04415,1.04425,1.0441,1.04415
1737525420,1.0441,1.0442,1.0441,1.04415
1737525600,1.0441,1.04425,1.04405,1.04425
1737525780,1.0443,1.0444,1.04425,1.0444
1737525960,1.04435,1.0444,1.04425,1.0444
1737526140,1.04435,1.0444,1.04415,1.0442
1737526320,1.04415,1.04415,1.0436,1.0436
1737526500,1.04365,1.0437,1.04325,1.0434
1737526680,1.0434,1.04345,1.0431,1.04325
1737526860,1.0433,1.04355,1.04325,1.0435
1737527040,1.04355,1.04365,1.04345,1.04365
1737527220,1.0436,1.0438,1.0436,1.0437
1737527400,1.0437,1.04375,1.0436,1.0436
1737527580,1.0436,1.0436,1.04345,1.04355
1737527760,1.04355,1.0436,1.0433,1.04335
1737527940,1.04335,1.0434,1.04315,1.04315
1737528120,1.0431,1.04315,1.04285,1.04285
1737528300,1.0429,1.04305,1.0427,1.04285
1737528480,1.0429,1.0429,1.0427,1.0427
1737528660,1.04275,1.0428,1.04255,1.04255
1737528840,1.04265,1.04295,1.04265,1.04285
1737529020,1.0429,1.043,1.0429,1.0429
1737529200,1.043,1.0432,1.0429,1.0432
1737529380,1.0432,1.04335,1.04315,1.0433
1737529560,1.04335,1.0438,1.04335,1.04375
1737529740,1.0438,1.0439,1.04365,1.04375
1737529920,1.04375,1.04385,1.04365,1.0438
1737530100,1.0438,1.04425,1.04375,1.0442
1737530280,1.0442,1.0442,1.04395,1.0441
1737530460,1.0441,1.04425,1.044,1.0441
1737530640,1.04405,1.04405,1.0438,1.04395
1737530820,1.04395,1.0442,1.04395,1.0442
1737531000,1.0442,1.04455,1.04415,1.04455
1737531180,1.0445,1.0445,1.04395,1.0441
1737531360,1.0441,1.04425,1.044,1.04415
1737531540,1.0442,1.0442,1.044,1.044
1737531720,1.044,1.0444,1.044,1.0443
1737531900,1.04425,1.0443,1.04375,1.04375
1737532080,1.0437,1.04415,1.0437,1.0441
1737532260,1.04405,1.0441,1.0438,1.04385
1737532440,1.04385,1.0439,1.0435,1.0437
1737532620,1.0437,1.0438,1.0434,1.04375
1737532800,1.04375,1.0442,1.04355,1.0439
1737532980,1.0439,1.04405,1.0435,1.0436
1737533160,1.04355,1.04395,1.04355,1.04375
1737533340,1.0437,1.044,1.0437,1.0438
1737533520,1.0438,1.04395,1.04375,1.04395
1737533700,1.04395,1.0446,1.04395,1.04405
1737533880,1.044,1.0442,1.04375,1.0441
1737534060,1.04405,1.04405,1.04365,1.0439
1737534240,1.0439,1.04405,1.0436,1.04385
1737534420,1.04385,1.04395,1.04375,1.04385
1737534600,1.04385,1.044,1.04375,1.044
1737534780,1.044,1.0443,1.04395,1.04395
1737534960,1.04395,1.0446,1.0439,1.04455
1737535140,1.04455,1.04485,1.04455,1.04465
1737535320,1.04465,1.04465,1.04435,1.0445
1737535500,1.0445,1.0449,1.0444,1.04465
1737535680,1.0447,1.04475,1.0445,1.04455
1737535860,1.04455,1.04465,1.0443,1.0446
1737536040,1.04465,1.04475,1.04445,1.0447
1737536220,1.0447,1.045,1.0447,1.04485
1737536400,1.0449,1.04505,1.0446,1.0446
1737536580,1.0446,1.0451,1.04455,1.0451
1737536760,1.0451,1.0452,1.0449,1.0449
1737536940,1.0449,1.0453,1.0448,1.04525
1737537120,1.04525,1.04535,1.0451,1.0451
1737537300,1.04515,1.04555,1.04515,1.0455
1737537480,1.04555,1.0456,1.04505,1.0454
1737537660,1.0454,1.04565,1.04535,1.0456
1737537840,1.04555,1.0459,1.0454,1.0457
1737538020,1.0457,1.04605,1.04565,1.0458
1737538200,1.0458,1.0459,1.04545,1.04545
1737538380,1.04545,1.0457,1.04535,1.0456
1737538560,1.0456,1.0457,1.0455,1.0457
1737538740,1.0457,1.0458,1.0455,1.04555
1737538920,1.04555,1.04635,1.04555,1.04615
1737539100,1.04615,1.0464,1.04565,1.046
1737539280,1.046,1.046,1.0457,1.046
1737539460,1.04595,1.04655,1.0457,1.0465
1737539640,1.04655,1.04655,1.0462,1.0464
1737539820,1.0464,1.0473,1.0464,1.0472
1737540000,1.04725,1.0473,1.04695,1.04705
1737540180,1.0471,1.04735,1.04685,1.04725
1737540360,1.04725,1.04785,1.04725,1.04745
1737540540,1.04745,1.0478,1.04745,1.0475
1737540720,1.0475,1.04755,1.0471,1.04715
1737540900,1.04715,1.0475,1.04705,1.04745
1737541080,1.0475,1.0476,1.0474,1.04745
1737541260,1.0475,1.04795,1.0475,1.0479
1737541440,1.04785,1.0479,1.0477,1.0478
1737541620,1.04785,1.0482,1.0478,1.0481
1737541800,1.0481,1.0483,1.0479,1.048
1737541980,1.048,1.04805,1.0477,1.0477
1737542160,1.04775,1.0481,1.04775,1.04795
1737542340,1.048,1.04805,1.04775,1.0478
1737542520,1.0478,1.0479,1.04775,1.0478
1737542700,1.0478,1.04795,1.0477,1.0478
1737542880,1.04775,1.048,1.0476,1.04785
1737543060,1.04785,1.04795,1.04755,1.0476
1737543240,1.04755,1.04775,1.0473,1.0476
1737543420,1.0476,1.04765,1.04745,1.04755
1737543600,1.04755,1.04755,1.04735,1.0475
1737543780,1.0475,1.04765,1.04745,1.04755
1737543960,1.0476,1.0481,1.04755,1.04805
1737544140,1.0481,1.0482,1.04785,1.04785
1737544320,1.04785,1.04815,1.04775,1.0481
1737544500,1.0481,1.0482,1.04795,1.04805
1737544680,1.04805,1.04805,1.0479,1.0479
1737544860,1.0479,1.048,1.04755,1.04755
1737545040,1.0476,1.04765,1.04745,1.04745
1737545220,1.04745,1.0475,1.0471,1.04715
1737545400,1.04715,1.0473,1.0471,1.0471
1737545580,1.0471,1.0471,1.0468,1.04695
1737545760,1.0469,1.047,1.04665,1.0467
1737545940,1.04665,1.0469,1.04665,1.04685
1737546120,1.0468,1.04705,1.0468,1.04705
1737546300,1.04705,1.04715,1.0467,1.04675
1737546480,1.04675,1.0469,1.0467,1.04685
1737546660,1.04685,1.04695,1.04665,1.04675
1737546840,1.04675,1.0468,1.04665,1.04675
1737547020,1.0468,1.04695,1.0467,1.04685
1737547200,1.0468,1.04685,1.0466,1.0467
1737547380,1.0467,1.0467,1.0463,1.0463
1737547560,1.04635,1.0467,1.04635,1.0465
1737547740,1.0465,1.0465,1.04635,1.0465
1737547920,1.04645,1.04675,1.04645,1.04675
1737548100,1.04675,1.0468,1.0466,1.04675
1737548280,1.0468,1.04685,1.0466,1.0466
1737548460,1.0466,1.0467,1.0466,1.04665
1737548640,1.04665,1.0467,1.04595,1.046
1737548820,1.04595,1.046,1.0457,1.04575
1737549000,1.04575,1.046,1.0457,1.046
1737549180,1.04605,1.04625,1.04605,1.0462
1737549360,1.0462,1.0463,1.046,1.046
1737549540,1.046,1.04635,1.04595,1.04635
1737549720,1.0463,1.0464,1.04615,1.0462
1737549900,1.0462,1.0463,1.04605,1.0462
1737550080,1.04615,1.0462,1.04585,1.04595
1737550260,1.04595,1.0464,1.04595,1.0462
1737550440,1.04625,1.0466,1.0462,1.0463
1737550620,1.04625,1.0466,1.04625,1.0464
1737550800,1.0464,1.04655,1.04625,1.0464
1737550980,1.04635,1.0465,1.0463,1.04635
1737551160,1.04635,1.0468,1.04625,1.04675
1737551340,1.04675,1.04715,1.0467,1.04705
1737551520,1.04705,1.04705,1.04675,1.04695
1737551700,1.04695,1.04715,1.0469,1.047
1737551880,1.047,1.047,1.0466,1.0467
1737552060,1.0467,1.04675,1.04635,1.04645
1737552240,1.0464,1.04665,1.0462,1.0463
1737552420,1.04625,1.0465,1.0461,1.0461
1737552600,1.04615,1.0465,1.0461,1.04635
1737552780,1.0464,1.04645,1.04615,1.04615
1737552960,1.04615,1.0462,1.0452,1.04545
1737553140,1.0454,1.04555,1.0448,1.0449
1737553320,1.0449,1.04555,1.04485,1.0454
1737553500,1.0454,1.04555,1.04515,1.0454
1737553680,1.04545,1.0457,1.0454,1.04565
1737553860,1.04565,1.0457,1.0454,1.0456
1737554040,1.0456,1.046,1.04545,1.04595
1737554220,1.046,1.0461,1.04575,1.04575
1737554400,1.0457,1.0458,1.04555,1.0456
1737554580,1.04555,1.04555,1.0449,1.0449
1737554760,1.0449,1.04505,1.0448,1.04495
1737554940,1.04495,1.045,1.04435,1.0445
1737555120,1.0445,1.04455,1.0443,1.0444
1737555300,1.04445,1.0445,1.04425,1.0444
1737555480,1.04445,1.04495,1.04435,1.0449
1737555660,1.04485,1.04505,1.0447,1.04505
1737555840,1.04505,1.04535,1.0448,1.04485
1737556020,1.0449,1.0449,1.04465,1.04465
1737556200,1.04465,1.0447,1.044,1.04405
1737556380,1.0441,1.04465,1.04405,1.0446
1737556560,1.0446,1.0449,1.04425,1.04475
1737556740,1.04475,1.0448,1.0444,1.04455
1737556920,1.04455,1.0446,1.0443,1.04445
1737557100,1.0444,1.0451,1.0444,1.0451
1737557280,1.0451,1.0454,1.04505,1.04525
1737557460,1.0453,1.04545,1.0452,1.0452
1737557640,1.0452,1.04525,1.04485,1.04515
1737557820,1.0452,1.0452,1.0449,1.04505
1737558000,1.04505,1.0451,1.0444,1.0446
1737558180,1.04455,1.04485,1.04445,1.0446
1737558360,1.0446,1.0446,1.04425,1.0443
1737558540,1.0443,1.04485,1.0441,1.04465
1737558720,1.04465,1.0448,1.04445,1.04455
1737558900,1.04455,1.04475,1.04435,1.0446
1737559080,1.04465,1.0449,1.04445,1.04465
1737559260,1.04465,1.04465,1.0442,1.04435
1737559440,1.04435,1.0445,1.0442,1.04445
1737559620,1.04445,1.0445,1.04405,1.0442
1737559800,1.0442,1.04435,1.044,1.04435
1737559980,1.0444,1.0448,1.04435,1.04445
1737560160,1.04445,1.04475,1.04435,1.0447
1737560340,1.0447,1.0449,1.0444,1.0445
1737560520,1.04455,1.04475,1.0442,1.0443
1737560700,1.0443,1.0445,1.0441,1.0444
1737560880,1.0444,1.04465,1.0443,1.04435
1737561060,1.04435,1.04445,1.04415,1.0443
1737561240,1.0443,1.0447,1.04425,1.0446
1737561420,1.04455,1.0447,1.0444,1.04455
1737561600,1.0445,1.04455,1.04425,1.04435
1737561780,1.04435,1.0446,1.0442,1.04455
1737561960,1.04455,1.04485,1.04455,1.0447
1737562140,1.0447,1.0448,1.04455,1.04455
1737562320,1.04455,1.04475,1.04435,1.04435
1737562500,1.0443,1.0444,1.04415,1.04425
1737562680,1.0443,1.04435,1.044,1.0441
1737562860,1.04405,1.04415,1.0438,1.0441
1737563040,1.0441,1.04425,1.044,1.04405
1737563220,1.04405,1.0441,1.0439,1.0439
1737563400,1.04395,1.0442,1.04385,1.04415
1737563580,1.0442,1.0442,1.04385,1.0441
1737563760,1.04415,1.04455,1.0441,1.04455
1737563940,1.04455,1.04475,1.04435,1.04445
1737564120,1.04445,1.0446,1.0444,1.0445
1737564300,1.0445,1.0446,1.0444,1.04445
1737564480,1.04445,1.04475,1.04445,1.04475
1737564660,1.04475,1.0448,1.04445,1.0445
1737564840,1.04455,1.0447,1.0445,1.0445
1737565020,1.0445,1.0446,1.04435,1.0445
1737565200,1.0445,1.04455,1.0444,1.04455
1737565380,1.04455,1.0446,1.0443,1.04435
1737565560,1.04435,1.04435,1.04415,1.04425
1737565740,1.04425,1.04435,1.04405,1.0441
1737565920,1.0441,1.0441,1.04395,1.04405
1737566100,1.04405,1.04415,1.044,1.04405
1737566280,1.0441,1.0442,1.04395,1.04395
1737566460,1.04395,1.0441,1.04375,1.0438
1737566640,1.0438,1.04395,1.04375,1.0438
1737566820,1.04375,1.0439,1.04375,1.0439
1737567000,1.04385,1.04405,1.0438,1.044
1737567180,1.04405,1.0445,1.04405,1.0442
1737567360,1.04425,1.0444,1.0442,1.0442
1737567540,1.0442,1.04435,1.0442,1.04425
1737567720,1.04425,1.0443,1.04415,1.0442
1737567900,1.04425,1.04435,1.04415,1.0443
1737568080,1.04425,1.04435,1.04385,1.0441
1737568260,1.0441,1.04425,1.0441,1.04415
1737568440,1.04425,1.04425,1.04415,1.04415
1737568620,1.0442,1.0443,1.04415,1.04425
1737568800,1.0443,1.04445,1.0442,1.04425
1737568980,1.0442,1.04425,1.0438,1.0439
1737569160,1.0439,1.04405,1.0439,1.04405
1737569340,1.04405,1.04415,1.04375,1.04395
1737569520,1.044,1.0441,1.04395,1.044
1737569700,1.044,1.0441,1.04395,1.04405
1737569880,1.04405,1.0442,1.044,1.0442
1737570060,1.0442,1.0445,1.04415,1.04445
1737570240,1.04445,1.0446,1.0443,1.0446
1737570420,1.0446,1.0446,1.04445,1.0445
1737570600,1.04455,1.04465,1.0444,1.04455
1737570780,1.0446,1.04465,1.0445,1.04465
1737570960,1.0446,1.04465,1.0445,1.04465
1737571140,1.0446,1.0446,1.04445,1.04445
1737571320,1.04445,1.0446,1.04435,1.04455
1737571500,1.04455,1.0447,1.04455,1.04455
1737571680,1.0445,1.04455,1.0444,1.0444
1737571860,1.0444,1.04445,1.04425,1.04435
1737572040,1.04435,1.0444,1.04405,1.04415
1737572220,1.0441,1.04425,1.04405,1.0442
1737572400,1.0442,1.04445,1.0441,1.04445
1737572580,1.04445,1.0445,1.0444,1.0445
1737572760,1.0445,1.04455,1.04445,1.04455
1737572940,1.04455,1.04465,1.04455,1.04455
1737573120,1.04455,1.04465,1.0445,1.0446
1737573300,1.04455,1.04465,1.0445,1.04465
1737573480,1.04465,1.0448,1.04455,1.04455
1737573660,1.04455,1.0447,1.04455,1.0446
1737573840,1.0446,1.0447,1.0446,1.0446
1737574020,1.04465,1.04485,1.04465,1.04475
1737574200,1.0447,1.04485,1.04465,1.0447
1737574380,1.0447,1.0447,1.04465,1.04465
1737574560,1.04465,1.0448,1.04455,1.04475
1737574740,1.04475,1.0448,1.0445,1.0445
1737574920,1.0445,1.0446,1.0445,1.0446
1737575100,1.0445,1.04455,1.04445,1.04445
1737575280,1.0444,1.0445,1.04435,1.04445
1737575460,1.04445,1.0445,1.0444,1.04445
1737575640,1.0445,1.04455,1.0443,1.04435
1737575820,1.0444,1.04465,1.0444,1.04455
1737576000,1.04455,1.0446,1.04435,1.0444
1737576180,1.0444,1.04465,1.0444,1.04465
1737576360,1.04465,1.04475,1.04465,1.04475
1737576540,1.04475,1.04485,1.04475,1.0448
1737576720,1.04475,1.0448,1.04465,1.0448
1737576900,1.0447,1.04485,1.0447,1.04475
1737577080,1.0447,1.04485,1.0446,1.0447
1737577260,1.0447,1.0447,1.04455,1.0446
1737577440,1.0446,1.04475,1.0446,1.0446
1737577620,1.0446,1.0446,1.04455,1.0446
1737577800,1.0446,1.04465,1.04445,1.04445
1737577980,1.0444,1.04455,1.0444,1.0444
1737578160,1.0444,1.0444,1.0442,1.0443
1737578340,1.04435,1.04435,1.04425,1.0443
1737578520,1.04425,1.04425,1.044,1.04405
1737578700,1.04405,1.04415,1.04405,1.04405
1737578880,1.04405,1.0441,1.044,1.04405
1737579060,1.04405,1.04415,1.0439,1.04395
1737579240,1.04395,1.04405,1.04375,1.04385
1737579420,1.0438,1.04385,1.0437,1.0438
1737579600,1.0438,1.04385,1.0436,1.04375
1737579780,1.04375,1.0439,1.04365,1.0439
1737579960,1.0439,1.0439,1.0438,1.0438
1737580140,1.0438,1.0438,1.04375,1.0438
1737580320,1.0438,1.0438,1.04365,1.04365
1737580500,1.0437,1.0437,1.0436,1.04365
1737580680,1.04365,1.0437,1.04355,1.0436
1737580860,1.0436,1.04365,1.04355,1.04365
1737581040,1.04365,1.04365,1.0435,1.04355
1737581220,1.04355,1.04365,1.04355,1.0436
1737581400,1.0436,1.0436,1.0435,1.0435
1737581580,1.04355,1.04355,1.04335,1.04335
1737581760,1.0434,1.04345,1.04335,1.04345
1737581940,1.04345,1.0435,1.0434,1.04345
1737582120,1.0435,1.0435,1.04345,1.04345
1737582300,1.0434,1.04345,1.04335,1.0434
1737582480,1.0434,1.04355,1.0434,1.04345
1737582660,1.0435,1.04355,1.0434,1.04355
1737582840,1.0436,1.0436,1.04355,1.0436
1737583020,1.04355,1.0436,1.0435,1.04355
1737586800,1.04345,1.0435,1.0432,1.0432
1737586980,1.04325,1.04325,1.0431,1.0431
1737587160,1.0431,1.0432,1.0431,1.04315
1737587340,1.04315,1.0432,1.04315,1.0432
1737587520,1.04315,1.04315,1.043,1.043
1737587700,1.043,1.0432,1.043,1.0432
1737587880,1.04325,1.04335,1.0432,1.0433
1737588060,1.0433,1.0433,1.04315,1.0432
1737588240,1.04315,1.0432,1.0431,1.0431
1737588420,1.04305,1.04315,1.043,1.0431
1737588600,1.0431,1.04315,1.0431,1.04315
1737588780,1.0431,1.0432,1.04305,1.04315
1737588960,1.0432,1.0432,1.04315,1.0432
1737589140,1.04315,1.0432,1.0431,1.0432
1737589320,1.0432,1.04325,1.04315,1.04325
1737589500,1.04325,1.04325,1.04305,1.04315
1737589680,1.0431,1.0432,1.0431,1.04315
1737589860,1.0431,1.04315,1.0431,1.04315
1737590040,1.0431,1.04335,1.0431,1.0433
1737590220,1.0433,1.0433,1.0432,1.0432
1737590400,1.0432,1.0435,1.0432,1.0434
1737590580,1.0434,1.04345,1.04325,1.04345
1737590760,1.04345,1.04345,1.04335,1.04335
1737590940,1.04335,1.0435,1.04335,1.04345
1737591120,1.0434,1.04355,1.0434,1.04345
1737591300,1.04345,1.04345,1.0433,1.0433
1737591480,1.0433,1.0435,1.0433,1.0435
1737591660,1.0435,1.04365,1.0435,1.0436
1737591840,1.0436,1.04365,1.04335,1.0434
1737592020,1.04345,1.04345,1.0433,1.0433
1737592200,1.04335,1.04345,1.04335,1.04335
1737592380,1.0434,1.04345,1.0433,1.0434
1737592560,1.0434,1.0434,1.04315,1.0433
1737592740,1.0433,1.04335,1.04325,1.04335
1737592920,1.04335,1.0434,1.0433,1.0434
1737593100,1.0434,1.04345,1.04325,1.04325
1737593280,1.0433,1.04335,1.0432,1.04325
1737593460,1.04325,1.04335,1.04325,1.04335
1737593640,1.04335,1.0435,1.04335,1.0434
1737593820,1.04345,1.0435,1.0434,1.04345
1737594000,1.0435,1.0436,1.04345,1.0436
1737594180,1.0436,1.0437,1.0435,1.04365
1737594360,1.04365,1.04365,1.0436,1.04365
1737594540,1.0436,1.04375,1.04355,1.04375
1737594720,1.0438,1.0441,1.0438,1.04395
1737594900,1.0439,1.0439,1.04345,1.04345
1737595080,1.04345,1.0436,1.04345,1.0435
1737595260,1.0435,1.0435,1.0434,1.0434
1737595440,1.04335,1.04345,1.0433,1.0434
1737595620,1.0434,1.04345,1.04325,1.0433
1737595800,1.0433,1.04355,1.04325,1.04345
1737595980,1.0434,1.0434,1.0433,1.04335
1737596160,1.0434,1.04365,1.04335,1.0435
1737596340,1.0435,1.04375,1.0435,1.04355
1737596520,1.04345,1.0435,1.04335,1.04335
1737596700,1.04335,1.04335,1.04315,1.04325
1737596880,1.0432,1.0432,1.04305,1.0431
1737597060,1.0431,1.04315,1.04295,1.04295
1737597240,1.043,1.043,1.0427,1.0427
1737597420,1.0427,1.0429,1.0426,1.04275
1737597600,1.0428,1.0429,1.0427,1.0427
1737597780,1.04265,1.04275,1.04225,1.04225
1737597960,1.0423,1.0427,1.04215,1.0426
1737598140,1.0426,1.0427,1.0425,1.04255
1737598320,1.0425,1.04265,1.04245,1.04265
1737598500,1.0427,1.0428,1.0426,1.04275
1737598680,1.04275,1.0428,1.0427,1.0428
1737598860,1.04285,1.04305,1.0428,1.043
1737599040,1.04295,1.043,1.04295,1.04295
1737599220,1.04295,1.04305,1.04295,1.043
1737599400,1.043,1.043,1.0427,1.0427
1737599580,1.0427,1.0428,1.04265,1.0428
1737599760,1.0428,1.0428,1.04265,1.0427
1737599940,1.04265,1.0427,1.0426,1.04265
1737600120,1.0427,1.0428,1.0427,1.0428
1737600300,1.04285,1.0429,1.0428,1.04285
1737600480,1.04285,1.0429,1.04265,1.0427
1737600660,1.04265,1.04275,1.0426,1.0427
1737600840,1.04275,1.04285,1.0427,1.04275
1737601020,1.04275,1.04285,1.0427,1.0428
1737601200,1.04285,1.043,1.04275,1.04295
1737601380,1.04295,1.04305,1.04295,1.043
1737601560,1.04305,1.04305,1.04295,1.04295
1737601740,1.043,1.043,1.04295,1.043
1737601920,1.043,1.043,1.04295,1.04295
1737602100,1.0429,1.04315,1.0429,1.0431
1737602280,1.0431,1.0431,1.043,1.0431
1737602460,1.04315,1.0432,1.0431,1.0431
1737602640,1.0431,1.0431,1.043,1.04305
1737602820,1.0431,1.04315,1.0431,1.0431
1737603000,1.04305,1.0431,1.043,1.0431
1737603180,1.0431,1.04315,1.0431,1.04315
1737603360,1.0431,1.0431,1.0431,1.0431
1737603540,1.04315,1.04335,1.04315,1.0433
1737603720,1.0433,1.0433,1.0431,1.0432
1737603900,1.0432,1.04325,1.0431,1.0431
1737604080,1.04305,1.0431,1.04305,1.0431
1737604260,1.04305,1.04325,1.04305,1.04325
1737604440,1.0432,1.0433,1.0432,1.0433
1737604620,1.04325,1.04335,1.0432,1.04335
1737604800,1.04335,1.0434,1.04335,1.0434
1737604980,1.04345,1.0435,1.04345,1.04345
1737605160,1.04345,1.0435,1.04345,1.04345
1737605340,1.0435,1.0435,1.0434,1.04345
1737605520,1.0434,1.0434,1.0434,1.0434
1737605700,1.04335,1.0434,1.04335,1.0434
1737605880,1.0434,1.0434,1.04335,1.0434
1737606060,1.0434,1.04345,1.04335,1.04345
1737606240,1.0435,1.0436,1.0435,1.04355
1737606420,1.0436,1.0436,1.04355,1.0436
1737606600,1.04365,1.0437,1.0436,1.0436
1737606780,1.0436,1.04365,1.04355,1.0436
1737606960,1.0436,1.0436,1.0436,1.0436
1737607140,1.0436,1.04365,1.0436,1.0436
1737607320,1.0436,1.04365,1.0436,1.04365
1737607500,1.0436,1.0437,1.04355,1.0437
1737607680,1.04365,1.04365,1.04365,1.04365
1737607860,1.04365,1.04365,1.04365,1.04365
1737608040,1.0436,1.0437,1.0436,1.0436
1737608220,1.04355,1.04355,1.04345,1.04355
1737608400,1.0435,1.0436,1.0433,1.0433
1737608580,1.0433,1.04335,1.04315,1.04315
1737608760,1.0432,1.04335,1.043,1.04335
1737608940,1.04335,1.0436,1.04335,1.04345
1737609120,1.0434,1.0435,1.04335,1.0435
1737609300,1.04345,1.0435,1.04345,1.04345
1737609480,1.0435,1.0435,1.04345,1.04345
1737609660,1.0435,1.0435,1.0433,1.0434
1737609840,1.0434,1.0434,1.04335,1.04335
1737610020,1.0433,1.0433,1.04315,1.04315
1737610200,1.04315,1.04315,1.04305,1.04315
1737610380,1.0432,1.0432,1.04305,1.04315
1737610560,1.04315,1.0432,1.0431,1.0431
1737610740,1.0431,1.04315,1.043,1.04305
1737610920,1.04305,1.04305,1.043,1.043
1737611100,1.043,1.043,1.04295,1.04295
1737611280,1.04295,1.04295,1.0429,1.04295
1737611460,1.04295,1.04305,1.0429,1.043
1737611640,1.04305,1.0431,1.043,1.043
1737611820,1.04305,1.0431,1.043,1.043
1737612000,1.04295,1.0432,1.04295,1.04315
1737612180,1.04315,1.0433,1.04315,1.0433
1737612360,1.0433,1.04345,1.04325,1.0434
1737612540,1.0434,1.04345,1.04325,1.04325
1737612720,1.04325,1.0433,1.0432,1.0433
1737612900,1.0433,1.04345,1.04325,1.04345
1737613080,1.04345,1.04355,1.0434,1.04355
1737613260,1.04355,1.0436,1.04345,1.04355
1737613440,1.0435,1.0437,1.04345,1.04365
1737613620,1.04365,1.0437,1.04355,1.04365
1737613800,1.04365,1.04365,1.0435,1.04355
1737613980,1.0435,1.0435,1.0432,1.0432
1737614160,1.0432,1.04335,1.0432,1.0433
1737614340,1.04335,1.04335,1.0432,1.04325
1737614520,1.04325,1.04325,1.0431,1.0431
1737614700,1.04315,1.04315,1.04295,1.0431
1737614880,1.0431,1.04325,1.04305,1.04315
1737615060,1.04315,1.0432,1.04295,1.043
1737615240,1.043,1.043,1.0428,1.04285
1737615420,1.04285,1.0429,1.04275,1.0428
1737615600,1.04285,1.04285,1.0425,1.04285
1737615780,1.0429,1.043,1.0428,1.0428
1737615960,1.04285,1.043,1.0427,1.0427
1737616140,1.04265,1.0427,1.04145,1.0417
1737616320,1.0418,1.04225,1.0416,1.0421
1737616500,1.0421,1.0422,1.04205,1.0422
1737616680,1.0422,1.04235,1.04205,1.04205
1737616860,1.04205,1.04205,1.04185,1.04185
1737617040,1.04185,1.0421,1.0418,1.04205
1737617220,1.0421,1.04215,1.04195,1.042
1737617400,1.042,1.04225,1.0419,1.04215
1737617580,1.04215,1.04225,1.04205,1.04215
1737617760,1.04215,1.04215,1.04185,1.04185
1737617940,1.0418,1.04205,1.0418,1.0419
1737618120,1.04185,1.042,1.04175,1.042
1737618300,1.042,1.04215,1.0419,1.0421
1737618480,1.0421,1.04225,1.042,1.04205
1737618660,1.04205,1.0426,1.042,1.0426
1737618840,1.0426,1.0426,1.0423,1.0423
1737619020,1.04235,1.04255,1.0422,1.0424
1737619200,1.04245,1.0426,1.0419,1.0419
1737619380,1.0419,1.04205,1.04185,1.04185
1737619560,1.04185,1.04205,1.0418,1.04205
1737619740,1.04205,1.04235,1.042,1.04205
1737619920,1.0421,1.0425,1.04205,1.04245
1737620100,1.04245,1.0426,1.0424,1.0425
1737620280,1.04255,1.0427,1.04235,1.0424
1737620460,1.04235,1.0424,1.0423,1.04235
1737620640,1.04235,1.0424,1.04215,1.0422
1737620820,1.0422,1.0425,1.04195,1.04195
1737621000,1.042,1.0422,1.04195,1.0421
1737621180,1.04205,1.04205,1.04165,1.04175
1737621360,1.04175,1.0418,1.0416,1.0417
1737621540,1.0417,1.0417,1.04145,1.0417
1737621720,1.0417,1.04185,1.0416,1.0417
1737621900,1.04175,1.0418,1.0416,1.04165
1737622080,1.04165,1.0421,1.0416,1.04195
1737622260,1.04195,1.04205,1.0418,1.0419
1737622440,1.04195,1.042,1.04175,1.04185
1737622620,1.0418,1.04195,1.04175,1.0418
1737622800,1.0418,1.0423,1.04175,1.0423
1737622980,1.0423,1.0428,1.0423,1.04265
1737623160,1.04265,1.04265,1.04245,1.0425
1737623340,1.04255,1.0428,1.0425,1.0427
1737623520,1.0427,1.04295,1.0427,1.04275
1737623700,1.0427,1.04305,1.04265,1.04275
1737623880,1.0427,1.04325,1.04265,1.04295
1737624060,1.043,1.0431,1.04285,1.0429
1737624240,1.04285,1.04295,1.0427,1.0427
1737624420,1.0427,1.043,1.0426,1.04285
1737624600,1.0429,1.04295,1.0428,1.04285
1737624780,1.0429,1.0433,1.04285,1.0432
1737624960,1.04325,1.04335,1.043,1.04325
1737625140,1.0432,1.0433,1.0431,1.0433
1737625320,1.04325,1.04325,1.04305,1.0432
1737625500,1.04325,1.04325,1.04305,1.0432
1737625680,1.0432,1.04355,1.0432,1.0435
1737625860,1.04345,1.04365,1.0434,1.04365
1737626040,1.0436,1.0439,1.0436,1.0437
1737626220,1.0437,1.04375,1.0435,1.0436
1737626400,1.0436,1.044,1.0436,1.0436
1737626580,1.04355,1.0437,1.0435,1.0435
1737626760,1.04355,1.0438,1.0435,1.04355
1737626940,1.0436,1.0436,1.0434,1.0436
1737627120,1.04355,1.0439,1.04355,1.04385
1737627300,1.0439,1.0442,1.0439,1.04395
1737627480,1.04395,1.04395,1.0438,1.0438
1737627660,1.04375,1.04385,1.04365,1.04375
1737627840,1.0438,1.04395,1.04375,1.04385
1737628020,1.04385,1.0442,1.04385,1.0442
1737628200,1.04425,1.04425,1.044,1.0441
1737628380,1.0441,1.04415,1.044,1.04415
1737628560,1.0442,1.04435,1.04415,1.0443
1737628740,1.04435,1.0445,1.04415,1.0442
1737628920,1.04415,1.04435,1.0441,1.0443
1737629100,1.0443,1.04435,1.04405,1.04405
1737629280,1.0441,1.04415,1.0439,1.0439
1737629460,1.0439,1.0439,1.04355,1.04365
1737629640,1.04365,1.04385,1.04365,1.04375
1737629820,1.04375,1.04375,1.04355,1.04355
1737630000,1.04355,1.0436,1.04325,1.04335
1737630180,1.0433,1.04345,1.04325,1.04345
1737630360,1.04345,1.0438,1.04345,1.0436
1737630540,1.04355,1.04355,1.0434,1.04345
1737630720,1.04345,1.0436,1.0434,1.0436
1737630900,1.04355,1.0437,1.04355,1.04355
1737631080,1.04355,1.04365,1.0434,1.0434
1737631260,1.0434,1.0435,1.04335,1.04345
1737631440,1.04345,1.0437,1.04345,1.04365
1737631620,1.04365,1.0438,1.04355,1.0437
1737631800,1.0437,1.04385,1.04355,1.04375
1737631980,1.04375,1.0438,1.0435,1.0436
1737632160,1.0436,1.0437,1.04355,1.04365
1737632340,1.04365,1.04375,1.04355,1.04355
1737632520,1.04355,1.0436,1.04345,1.0435
1737632700,1.0435,1.04365,1.0433,1.0433
1737632880,1.04325,1.0433,1.04255,1.0427
1737633060,1.0427,1.04295,1.0427,1.0428
1737633240,1.0428,1.0431,1.0428,1.0431
1737633420,1.04315,1.04315,1.0426,1.0428
1737633600,1.04275,1.0429,1.0424,1.0426
1737633780,1.04255,1.04265,1.0424,1.0426
1737633960,1.04255,1.04255,1.04225,1.04225
1737634140,1.0422,1.0423,1.0421,1.04215
1737634320,1.04215,1.04215,1.04185,1.0421
1737634500,1.04215,1.0423,1.0421,1.0422
1737634680,1.04225,1.0423,1.04195,1.0421
1737634860,1.0421,1.04215,1.04205,1.04205
1737635040,1.04205,1.0424,1.04205,1.04235
1737635220,1.0423,1.04235,1.04215,1.04235
1737635400,1.04235,1.0426,1.0423,1.04235
1737635580,1.0423,1.0423,1.0421,1.04225
1737635760,1.04225,1.04225,1.04205,1.04225
1737635940,1.0422,1.04265,1.0422,1.0426
1737636120,1.04255,1.0427,1.04245,1.04245
1737636300,1.0425,1.04275,1.04245,1.0426
1737636480,1.0426,1.0426,1.0423,1.0426
1737636660,1.0426,1.0429,1.0426,1.0427
1737636840,1.0427,1.043,1.04265,1.043
1737637020,1.04295,1.04295,1.0427,1.0428
1737637200,1.04285,1.0433,1.04275,1.04325
1737637380,1.0433,1.0433,1.04295,1.043
1737637560,1.043,1.043,1.0426,1.0428
1737637740,1.0428,1.0429,1.04245,1.0425
1737637920,1.0425,1.0427,1.04215,1.04225
1737638100,1.0423,1.0424,1.04215,1.0424
1737638280,1.04245,1.04285,1.0424,1.0428
1737638460,1.0428,1.0431,1.0427,1.0431
1737638640,1.04305,1.04335,1.0429,1.0433
1737638820,1.04325,1.04345,1.043,1.043
1737639000,1.04305,1.0436,1.04305,1.0432
1737639180,1.04325,1.04395,1.0432,1.0438
1737639360,1.0438,1.04395,1.0437,1.04375
1737639540,1.0437,1.04375,1.04345,1.0435
1737639720,1.04345,1.04365,1.0433,1.04335
1737639900,1.0433,1.0434,1.0429,1.0432
1737640080,1.0432,1.04325,1.0429,1.04305
1737640260,1.04315,1.04365,1.0431,1.04355
1737640440,1.0435,1.0436,1.04325,1.04355
1737640620,1.04355,1.04365,1.04345,1.04355
1737640800,1.04355,1.0438,1.0434,1.04345
1737640980,1.04345,1.04395,1.04335,1.04385
1737641160,1.0439,1.0439,1.0436,1.0439
1737641340,1.04385,1.04385,1.0435,1.04365
1737641520,1.0436,1.0438,1.04355,1.04375
1737641700,1.04375,1.0441,1.04365,1.0438
1737641880,1.0438,1.0443,1.0438,1.044
1737642060,1.04395,1.044,1.0437,1.04395
1737642240,1.04395,1.044,1.0437,1.04375
1737642420,1.04375,1.04385,1.04355,1.0436
1737642600,1.04365,1.0438,1.04335,1.0435
1737642780,1.04355,1.04355,1.0433,1.04335
1737642960,1.0433,1.0433,1.04305,1.04325
1737643140,1.04325,1.0433,1.04315,1.0433
1737643320,1.0433,1.0434,1.04315,1.04325
1737643500,1.04325,1.04365,1.0432,1.04345
1737643680,1.0434,1.0435,1.0433,1.0434
1737643860,1.04345,1.0437,1.0431,1.04325
1737644040,1.04325,1.04355,1.043,1.04345
1737644220,1.0434,1.0435,1.04325,1.04325
1737644400,1.04335,1.0434,1.0432,1.04325
1737644580,1.0432,1.0432,1.04225,1.0424
1737644760,1.0424,1.04265,1.0423,1.0425
1737644940,1.04245,1.0426,1.04235,1.04245
1737645120,1.04245,1.04275,1.0424,1.04255
1737645300,1.0426,1.04265,1.04195,1.04195
1737645480,1.04195,1.0423,1.0418,1.0422
1737645660,1.0422,1.0423,1.04115,1.0416
1737645840,1.0416,1.042,1.04145,1.0418
1737646020,1.04185,1.0421,1.0418,1.04195
1737646200,1.04195,1.04215,1.04175,1.0418
1737646380,1.0418,1.04205,1.04175,1.0419
1737646560,1.04195,1.0423,1.04185,1.0423
1737646740,1.0423,1.0424,1.04215,1.04215
1737646920,1.0421,1.0421,1.042,1.042
1737647100,1.04195,1.04215,1.04165,1.0417
1737647280,1.04175,1.04195,1.0415,1.0415
1737647460,1.0415,1.04205,1.04135,1.04185
1737647640,1.04185,1.042,1.0416,1.0419
1737647820,1.042,1.0423,1.0419,1.04215
1737648000,1.04215,1.04235,1.04195,1.04215
1737648180,1.04215,1.04245,1.042,1.0421
1737648360,1.0422,1.0423,1.04185,1.04215
1737648540,1.04215,1.0423,1.0402,1.04075
1737648720,1.04075,1.04285,1.03955,1.0422
1737648900,1.0422,1.04325,1.0421,1.0427
1737649080,1.0427,1.0434,1.04245,1.0433
1737649260,1.04335,1.0441,1.04285,1.0437
1737649440,1.04375,1.0439,1.0423,1.0432
1737649620,1.04315,1.04335,1.04205,1.04325
1737649800,1.0433,1.0439,1.04305,1.04385
1737649980,1.04385,1.04405,1.0435,1.0437
1737650160,1.04375,1.044,1.0431,1.0432
1737650340,1.04325,1.04345,1.0428,1.0429
1737650520,1.0429,1.04485,1.0428,1.04445
1737650700,1.0445,1.04535,1.0445,1.0451
1737650880,1.0451,1.04515,1.04445,1.04445
1737651060,1.0445,1.04455,1.04365,1.0444
1737651240,1.04435,1.04475,1.04405,1.04425
1737651420,1.0442,1.0444,1.04405,1.04435
1737651600,1.04435,1.04435,1.04385,1.04385
1737651780,1.0439,1.0445,1.0439,1.04445
1737651960,1.0445,1.04485,1.04435,1.0445
1737652140,1.04445,1.04475,1.04435,1.0446
1737652320,1.04455,1.0447,1.04435,1.0446
1737652500,1.0445,1.04455,1.0441,1.04455
1737652680,1.0445,1.04455,1.04415,1.0443
1737652860,1.04435,1.04445,1.0442,1.0443
1737653040,1.0443,1.0444,1.044,1.0441
1737653220,1.04415,1.0442,1.04395,1.04405
1737653400,1.0441,1.0444,1.044,1.0444
1737653580,1.04445,1.0448,1.04425,1.04475
1737653760,1.04475,1.0449,1.04475,1.0448
1737653940,1.04485,1.0454,1.04485,1.0453
1737654120,1.0453,1.0455,1.0451,1.0454
1737654300,1.04535,1.04585,1.04535,1.04565
1737654480,1.0456,1.04605,1.0456,1.04595
1737654660,1.04595,1.0461,1.04575,1.04585
1737654840,1.04585,1.0462,1.0458,1.04615
1737655020,1.0462,1.0462,1.04585,1.04595
1737655200,1.04595,1.046,1.0457,1.0458
1737655380,1.04585,1.046,1.0457,1.04595
1737655560,1.0459,1.04595,1.04565,1.04565
1737655740,1.0457,1.046,1.0456,1.046
1737655920,1.046,1.0461,1.0459,1.04595
1737656100,1.04595,1.04615,1.04585,1.0459
1737656280,1.0459,1.0459,1.0455,1.04555
1737656460,1.04555,1.04565,1.0455,1.04565
1737656640,1.04565,1.0457,1.0453,1.0453
1737656820,1.0453,1.0454,1.04515,1.0452
1737657000,1.0452,1.04525,1.04495,1.04495
1737657180,1.04495,1.045,1.04485,1.0449
1737657360,1.04495,1.04495,1.04465,1.04495
1737657540,1.04495,1.0452,1.04485,1.0449
1737657720,1.0449,1.04505,1.04475,1.045
1737657900,1.04505,1.04515,1.045,1.04505
1737658080,1.0451,1.04525,1.045,1.0451
1737658260,1.04505,1.04505,1.0449,1.04495
1737658440,1.045,1.04515,1.045,1.045
1737658620,1.045,1.0451,1.04475,1.04485
1737658800,1.04485,1.045,1.0446,1.04465
1737658980,1.04465,1.04485,1.04455,1.0448
1737659160,1.04475,1.0449,1.04475,1.04475
1737659340,1.04475,1.04475,1.0446,1.0446
1737659520,1.04465,1.04485,1.0445,1.04455
1737659700,1.04455,1.04475,1.04445,1.04455
1737659880,1.0446,1.0447,1.04455,1.0446
1737660060,1.0446,1.04475,1.0446,1.04475
1737660240,1.04475,1.04505,1.0447,1.0449
1737660420,1.04485,1.04485,1.04465,1.04475
1737660600,1.04475,1.0451,1.0447,1.045
1737660780,1.045,1.04515,1.0449,1.04495
1737660960,1.0449,1.0449,1.0448,1.0448
1737661140,1.04485,1.04495,1.0447,1.04485
1737661320,1.04485,1.04485,1.0445,1.0446
1737661500,1.0446,1.04475,1.04455,1.0446
1737661680,1.0446,1.04475,1.04455,1.0446
1737661860,1.04465,1.045,1.04465,1.0449
1737662040,1.04485,1.045,1.04475,1.0449
1737662220,1.04485,1.0449,1.04465,1.04475
1737662400,1.04475,1.04475,1.04435,1.0446
1737662580,1.0446,1.04465,1.0445,1.0446
1737662760,1.0446,1.04475,1.04455,1.04475
1737662940,1.04475,1.0452,1.04475,1.04515
1737663120,1.0451,1.04525,1.04495,1.045
1737663300,1.045,1.0453,1.045,1.0452
1737663480,1.04515,1.04515,1.045,1.0451
1737663660,1.0451,1.04535,1.045,1.0451
1737663840,1.0451,1.04515,1.04485,1.045
1737664020,1.0449,1.04505,1.0449,1.04505
1737664200,1.04505,1.04505,1.0445,1.0448
1737664380,1.04475,1.04485,1.04435,1.04435
1737664560,1.0444,1.0446,1.0444,1.0444
1737664740,1.04445,1.04445,1.0442,1.04425
1737664920,1.0442,1.0443,1.0441,1.0442
1737665100,1.04425,1.04445,1.04425,1.04435
1737665280,1.04435,1.0444,1.04425,1.0443
1737665460,1.04425,1.0443,1.044,1.04405
1737665640,1.04405,1.04425,1.04405,1.04425
1737665820,1.0442,1.04425,1.0441,1.0442
1737666000,1.04415,1.04435,1.04395,1.04435
1737666180,1.0443,1.04435,1.04425,1.04435
1737666360,1.0443,1.04435,1.0441,1.0441
1737666540,1.04415,1.0442,1.04385,1.04395
1737666720,1.04395,1.0441,1.04385,1.0439
1737666900,1.04395,1.04395,1.04375,1.04375
1737667080,1.0437,1.044,1.0437,1.044
1737667260,1.04405,1.0442,1.04405,1.0442
1737667440,1.0441,1.0441,1.04385,1.04385
1737667620,1.0438,1.0439,1.04375,1.0439
1737667800,1.0439,1.04405,1.0439,1.044
1737667980,1.04405,1.04425,1.04405,1.04425
1737668160,1.0442,1.04425,1.04415,1.04415
1737668340,1.04415,1.04415,1.04405,1.0441
1737668520,1.0441,1.0441,1.044,1.044
1737668700,1.044,1.0441,1.044,1.044
1737668880,1.044,1.044,1.0439,1.044
1737669060,1.044,1.044,1.04395,1.04395
1737669240,1.044,1.044,1.04395,1.044
1737669420,1.044,1.04405,1.04395,1.04405
1737673200,1.0441,1.0442,1.044,1.04415
1737673380,1.04415,1.04425,1.044,1.04405
1737673560,1.044,1.0441,1.0439,1.0439
1737673740,1.04385,1.044,1.04385,1.04395
1737673920,1.04395,1.04405,1.04385,1.04385
1737674100,1.04395,1.044,1.0439,1.04395
1737674280,1.04395,1.044,1.04395,1.044
1737674460,1.04395,1.0441,1.04395,1.04405
1737674640,1.0441,1.0441,1.044,1.04405
1737674820,1.04405,1.04415,1.044,1.044
1737675000,1.044,1.0441,1.044,1.0441
1737675180,1.0441,1.0441,1.04405,1.04405
1737675360,1.044,1.04405,1.044,1.044
1737675540,1.04395,1.044,1.0439,1.04395
1737675720,1.0439,1.04395,1.0439,1.04395
1737675900,1.044,1.044,1.04385,1.0439
1737676080,1.0439,1.04395,1.0439,1.04395
1737676260,1.04395,1.044,1.04395,1.044
1737676440,1.04395,1.04395,1.0439,1.0439
1737676620,1.04395,1.04405,1.0439,1.044
1737676800,1.04395,1.04395,1.0437,1.0438
1737676980,1.0438,1.0441,1.0438,1.0441
1737677160,1.04415,1.04425,1.04415,1.0442
1737677340,1.0442,1.0443,1.0442,1.0443
1737677520,1.0443,1.04435,1.0443,1.04435
1737677700,1.04435,1.04435,1.04415,1.04415
1737677880,1.0442,1.0442,1.0441,1.0442
1737678060,1.04415,1.04435,1.04415,1.04435
1737678240,1.0444,1.04445,1.0443,1.0443
1737678420,1.04425,1.0443,1.0442,1.0443
1737678600,1.04425,1.0443,1.04425,1.04425
1737678780,1.04425,1.04455,1.04425,1.04445
1737678960,1.04445,1.04445,1.04435,1.04435
1737679140,1.0443,1.04435,1.04425,1.04435
1737679320,1.04435,1.04455,1.04425,1.04455
1737679500,1.0446,1.0447,1.0444,1.0444
1737679680,1.04445,1.04455,1.04425,1.04425
1737679860,1.04435,1.04435,1.0442,1.0443
1737680040,1.04425,1.0444,1.0441,1.04415
1737680220,1.04415,1.04435,1.0441,1.0443
1737680400,1.0443,1.04435,1.0442,1.04425
1737680580,1.04425,1.0443,1.04415,1.0442
1737680760,1.04415,1.04425,1.04415,1.0442
1737680940,1.0442,1.04435,1.0441,1.04435
1737681120,1.04435,1.0444,1.0443,1.04435
1737681300,1.0443,1.04435,1.0443,1.0443
1737681480,1.0443,1.0444,1.0443,1.04435
1737681660,1.0443,1.04435,1.04415,1.0442
1737681840,1.04425,1.04425,1.0441,1.0441
1737682020,1.04415,1.04425,1.04405,1.04405
1737682200,1.04405,1.0441,1.04395,1.04405
1737682380,1.044,1.04405,1.04395,1.04395
1737682560,1.0439,1.0439,1.0437,1.0437
1737682740,1.04375,1.04385,1.0437,1.04385
1737682920,1.0439,1.044,1.0439,1.044
1737683100,1.044,1.04405,1.0438,1.0438
1737683280,1.04385,1.0439,1.04385,1.04385
1737683460,1.0439,1.0439,1.04375,1.0438
1737683640,1.0437,1.04385,1.04355,1.0438
1737683820,1.0438,1.044,1.0438,1.044
1737684000,1.04405,1.04415,1.04395,1.04415
1737684180,1.04415,1.0443,1.0441,1.0441
1737684360,1.04415,1.04435,1.04415,1.0442
1737684540,1.0442,1.04425,1.0441,1.04425
1737684720,1.04425,1.0457,1.04425,1.0455
1737684900,1.0455,1.0465,1.0455,1.04605
1737685080,1.04605,1.04665,1.0458,1.04645
1737685260,1.04645,1.04655,1.0458,1.04585
1737685440,1.0458,1.04595,1.0454,1.04565
1737685620,1.04565,1.04595,1.0456,1.04595
1737685800,1.0459,1.0462,1.04585,1.04615
1737685980,1.04625,1.0464,1.04615,1.0464
1737686160,1.04645,1.04675,1.04635,1.04665
1737686340,1.04665,1.0469,1.0464,1.04685
1737686520,1.04685,1.04725,1.04685,1.0471
1737686700,1.04715,1.04725,1.047,1.0471
1737686880,1.0471,1.0473,1.04705,1.04725
1737687060,1.04725,1.04725,1.04695,1.04705
1737687240,1.04705,1.04715,1.047,1.04705
1737687420,1.04705,1.0473,1.0469,1.04725
1737687600,1.0473,1.0474,1.0472,1.04735
1737687780,1.04735,1.0478,1.0473,1.04755
1737687960,1.04755,1.0477,1.04715,1.04715
1737688140,1.0471,1.04725,1.0468,1.04685
1737688320,1.04695,1.04715,1.0469,1.0469
1737688500,1.0469,1.0469,1.0465,1.04655
1737688680,1.0466,1.0467,1.04645,1.0467
1737688860,1.0467,1.0468,1.0464,1.04645
1737689040,1.04645,1.0465,1.046,1.04645
1737689220,1.04645,1.0466,1.04635,1.04645
1737689400,1.0465,1.0466,1.04625,1.0464
1737689580,1.0464,1.0466,1.0462,1.04655
1737689760,1.04655,1.0468,1.04645,1.04665
1737689940,1.04665,1.04695,1.04665,1.04665
1737690120,1.0467,1.04675,1.04645,1.04675
1737690300,1.04675,1.0469,1.0467,1.04685
1737690480,1.04685,1.04715,1.04685,1.0471
1737690660,1.04715,1.0474,1.04695,1.04735
1737690840,1.0473,1.04735,1.04705,1.0471
1737691020,1.0471,1.04715,1.04695,1.04705
1737691200,1.04695,1.04705,1.0468,1.0468
1737691380,1.0468,1.04695,1.0468,1.0469
1737691560,1.04695,1.04715,1.04685,1.0471
1737691740,1.04715,1.04735,1.04715,1.04725
1737691920,1.0473,1.0474,1.0472,1.0474
1737692100,1.0474,1.0474,1.04705,1.04725
1737692280,1.04725,1.0473,1.0469,1.04705
1737692460,1.04705,1.0473,1.04695,1.04695
1737692640,1.047,1.0471,1.04685,1.0471
1737692820,1.0471,1.0473,1.0471,1.0473
1737693000,1.04725,1.04735,1.04715,1.04715
1737693180,1.0472,1.04735,1.0471,1.04735
1737693360,1.04735,1.04755,1.04735,1.04755
1737693540,1.04755,1.04755,1.04715,1.04715
1737693720,1.0471,1.0471,1.0468,1.0469
1737693900,1.04685,1.04695,1.04665,1.0468
1737694080,1.04685,1.047,1.04685,1.047
1737694260,1.04705,1.0472,1.04695,1.04715
1737694440,1.04715,1.04715,1.0471,1.0471
1737694620,1.0471,1.04715,1.0471,1.04715
1737694800,1.04715,1.04745,1.04715,1.0474
1737694980,1.0474,1.04755,1.0474,1.0475
1737695160,1.04755,1.04765,1.04745,1.0476
1737695340,1.0476,1.04775,1.0476,1.04775
1737695520,1.0477,1.0477,1.0475,1.04755
1737695700,1.0475,1.0475,1.0472,1.04725
1737695880,1.0472,1.0473,1.04715,1.0473
1737696060,1.0473,1.04745,1.0472,1.0472
1737696240,1.04725,1.04725,1.04715,1.0472
1737696420,1.0472,1.04725,1.047,1.047
1737696600,1.04695,1.04705,1.0468,1.047
1737696780,1.0469,1.047,1.04685,1.0469
1737696960,1.0469,1.047,1.04685,1.04695
1737697140,1.04695,1.047,1.04695,1.047
1737697320,1.04695,1.0472,1.04695,1.04715
1737697500,1.0471,1.0472,1.0471,1.04715
1737697680,1.0472,1.0472,1.04705,1.04705
1737697860,1.04705,1.04745,1.04705,1.04735
1737698040,1.0473,1.0473,1.0471,1.04715
1737698220,1.0471,1.04755,1.0471,1.0475
1737698400,1.04755,1.04765,1.04735,1.0475
1737698580,1.0475,1.0476,1.04745,1.0476
1737698760,1.0476,1.04775,1.04755,1.04765
1737698940,1.0477,1.04775,1.0476,1.04765
1737699120,1.0477,1.0479,1.04765,1.0477
1737699300,1.04765,1.04785,1.04755,1.0478
1737699480,1.04775,1.04805,1.04775,1.048
1737699660,1.048,1.04825,1.0478,1.04795
1737699840,1.04795,1.04815,1.0478,1.04805
1737700020,1.04805,1.04805,1.04785,1.0479
1737700200,1.0479,1.048,1.0476,1.04775
1737700380,1.04775,1.04825,1.04765,1.04815
1737700560,1.04815,1.04955,1.048,1.04905
1737700740,1.04905,1.04935,1.04885,1.0492
1737700920,1.0492,1.04935,1.0488,1.04895
1737701100,1.04895,1.04915,1.04865,1.0487
1737701280,1.0487,1.04905,1.04855,1.04885
1737701460,1.04885,1.0489,1.04845,1.04855
1737701640,1.04855,1.04855,1.0479,1.048
1737701820,1.04805,1.0483,1.048,1.04815
1737702000,1.0481,1.04825,1.04785,1.0481
1737702180,1.0481,1.04815,1.04765,1.0478
1737702360,1.04775,1.0478,1.04755,1.0476
1737702540,1.0476,1.04775,1.04735,1.0477
1737702720,1.0477,1.04775,1.0472,1.0472
1737702900,1.04715,1.0477,1.04715,1.04745
1737703080,1.04745,1.0478,1.0474,1.0477
1737703260,1.0477,1.04795,1.04755,1.04795
1737703440,1.04795,1.04815,1.0478,1.04785
1737703620,1.04785,1.04785,1.04765,1.0477
1737703800,1.0477,1.04785,1.0475,1.0476
1737703980,1.04765,1.04785,1.04735,1.04745
1737704160,1.0474,1.04745,1.04715,1.0473
1737704340,1.04735,1.04765,1.0473,1.0475
1737704520,1.04755,1.0479,1.04755,1.0477
1737704700,1.04765,1.04825,1.04765,1.048
1737704880,1.048,1.0484,1.048,1.0484
1737705060,1.04835,1.0484,1.04815,1.04825
1737705240,1.04825,1.0489,1.04825,1.04865
1737705420,1.04865,1.0487,1.04835,1.0485
1737705600,1.0485,1.04855,1.0482,1.04855
1737705780,1.04855,1.0489,1.0485,1.0489
1737705960,1.04895,1.04945,1.04895,1.04935
1737706140,1.04935,1.04975,1.0493,1.04975
1737706320,1.04975,1.0509,1.04975,1.05015
1737706500,1.0502,1.0515,1.05015,1.0503
1737706680,1.0503,1.05035,1.05,1.05005
1737706860,1.05005,1.0501,1.04965,1.04965
1737707040,1.04965,1.05,1.0496,1.0499
1737707220,1.0499,1.0506,1.0499,1.0504
1737707400,1.05045,1.0517,1.05045,1.0517
1737707580,1.05165,1.0518,1.05125,1.05175
1737707760,1.05175,1.05175,1.051,1.05135
1737707940,1.05135,1.0515,1.051,1.0511
1737708120,1.0511,1.0514,1.05085,1.0514
1737708300,1.0514,1.0515,1.0509,1.0515
1737708480,1.05145,1.0519,1.05145,1.05185
1737708660,1.0518,1.052,1.05135,1.05135
1737708840,1.0513,1.0517,1.05125,1.05125
1737709020,1.0513,1.0519,1.0512,1.05175
1737709200,1.05175,1.05265,1.0516,1.0522
1737709380,1.05215,1.0522,1.05165,1.0519
1737709560,1.05195,1.0521,1.0517,1.05195
1737709740,1.052,1.05235,1.05175,1.05195
1737709920,1.052,1.05205,1.05155,1.05205
1737710100,1.052,1.05265,1.0518,1.0525
1737710280,1.05255,1.05325,1.05255,1.05325
1737710460,1.05325,1.05385,1.05325,1.0537
1737710640,1.0537,1.0539,1.05325,1.0533
1737710820,1.05335,1.0534,1.05285,1.0531
1737711000,1.0531,1.0533,1.05285,1.05295
1737711180,1.05295,1.053,1.05265,1.05265
1737711360,1.0527,1.0527,1.0521,1.05225
1737711540,1.05225,1.05255,1.0521,1.0521
1737711720,1.0521,1.05225,1.052,1.052
1737711900,1.052,1.0521,1.0515,1.05155
1737712080,1.05155,1.052,1.0515,1.0519
1737712260,1.0519,1.0519,1.0516,1.0516
1737712440,1.0516,1.0519,1.0515,1.05185
1737712620,1.05185,1.0521,1.05175,1.0518
1737712800,1.05185,1.05195,1.0515,1.0518
1737712980,1.05175,1.0519,1.05155,1.05155
1737713160,1.05155,1.0517,1.0515,1.05165
1737713340,1.0517,1.052,1.0517,1.05175
1737713520,1.05175,1.0522,1.0517,1.0519
1737713700,1.0519,1.0521,1.0519,1.0519
1737713880,1.05185,1.052,1.0513,1.05155
1737714060,1.0515,1.05165,1.05105,1.0511
1737714240,1.0511,1.0519,1.0511,1.0518
1737714420,1.0518,1.0519,1.0515,1.05165
1737714600,1.05165,1.0519,1.05155,1.0519
1737714780,1.0518,1.0518,1.05145,1.05155
1737714960,1.05155,1.05185,1.05125,1.05125
1737715140,1.0512,1.05125,1.05105,1.05105
1737715320,1.0511,1.0514,1.0511,1.05135
1737715500,1.05135,1.0514,1.051,1.0512
1737715680,1.05125,1.0514,1.0512,1.0512
1737715860,1.0512,1.0515,1.05115,1.05125
1737716040,1.05125,1.05145,1.05125,1.05135
1737716220,1.0514,1.0514,1.05105,1.0513
1737716400,1.0513,1.0514,1.0512,1.0514
1737716580,1.05135,1.0514,1.05125,1.0514
1737716760,1.05145,1.05175,1.0513,1.05135
1737716940,1.0514,1.05145,1.05105,1.0514
1737717120,1.0514,1.05165,1.0513,1.05145
1737717300,1.0515,1.0515,1.0512,1.05145
1737717480,1.05145,1.0515,1.05125,1.05145
1737717660,1.05145,1.05145,1.0513,1.05135
1737717840,1.0513,1.05135,1.0511,1.0513
1737718020,1.05135,1.05155,1.05125,1.05125
1737718200,1.05125,1.05125,1.05075,1.05075
1737718380,1.0508,1.0508,1.0505,1.0506
1737718560,1.0506,1.051,1.0506,1.0509
1737718740,1.0509,1.05095,1.0507,1.0507
1737718920,1.0507,1.05095,1.0507,1.05075
1737719100,1.0507,1.0512,1.0507,1.05105
1737719280,1.05105,1.0514,1.05105,1.05135
1737719460,1.05135,1.05135,1.0511,1.0513
1737719640,1.05125,1.0513,1.05095,1.05095
1737719820,1.05095,1.05105,1.0507,1.051
1737720000,1.05095,1.051,1.05075,1.05075
1737720180,1.05075,1.05085,1.0506,1.0507
1737720360,1.0507,1.05075,1.05045,1.0505
1737720540,1.0505,1.0506,1.0503,1.05045
1737720720,1.0504,1.0504,1.0502,1.0504
1737720900,1.0504,1.0508,1.05035,1.0507
1737721080,1.0507,1.0508,1.05065,1.05075
1737721260,1.0507,1.05085,1.0506,1.0506
1737721440,1.0506,1.0508,1.05055,1.0508
1737721620,1.05085,1.05115,1.0508,1.0511
1737721800,1.05105,1.0512,1.05095,1.05095
1737721980,1.0509,1.0511,1.05085,1.05105
1737722160,1.0511,1.0511,1.0507,1.0507
1737722340,1.05075,1.05075,1.0506,1.05065
1737722520,1.0507,1.05085,1.05065,1.05065
1737722700,1.05065,1.05065,1.05005,1.0501
1737722880,1.0501,1.0502,1.05005,1.05005
1737723060,1.05005,1.0502,1.0499,1.04995
1737723240,1.0499,1.05015,1.0497,1.05005
1737723420,1.0501,1.05015,1.04975,1.0498
1737723600,1.0498,1.05015,1.04965,1.0501
1737723780,1.05005,1.0504,1.05005,1.0503
1737723960,1.0503,1.05035,1.0501,1.05015
1737724140,1.05015,1.05015,1.0493,1.04965
1737724320,1.0496,1.04995,1.04955,1.0497
1737724500,1.0497,1.05005,1.0495,1.0495
1737724680,1.0495,1.0495,1.0491,1.0492
1737724860,1.04915,1.04935,1.04905,1.0491
1737725040,1.0491,1.0495,1.0491,1.0493
1737725220,1.0493,1.0494,1.04905,1.0491
1737725400,1.0491,1.04935,1.049,1.04935
1737725580,1.04935,1.04935,1.04905,1.04915
1737725760,1.0491,1.04915,1.04875,1.04905
1737725940,1.04905,1.0491,1.04885,1.04905
1737726120,1.04905,1.0495,1.049,1.04945
1737726300,1.0494,1.04965,1.0493,1.0496
1737726480,1.0496,1.0497,1.04945,1.04955
1737726660,1.04955,1.04965,1.0494,1.0494
1737726840,1.0494,1.04945,1.04915,1.04935
1737727020,1.04935,1.04935,1.04915,1.0493
1737727200,1.04925,1.04945,1.04915,1.04915
1737727380,1.0492,1.04935,1.04915,1.0493
1737727560,1.0493,1.04965,1.04925,1.0496
1737727740,1.0496,1.04985,1.0496,1.0496
1737727920,1.04965,1.04995,1.04955,1.04975
1737728100,1.0498,1.04995,1.04965,1.0499
1737728280,1.04995,1.05005,1.0497,1.0498
1737728460,1.04975,1.04995,1.0496,1.0497
1737728640,1.0497,1.05,1.0497,1.04995
1737728820,1.04995,1.05015,1.0499,1.0499
1737729000,1.04995,1.0505,1.04995,1.05045
1737729180,1.05045,1.05075,1.0502,1.05025
1737729360,1.05025,1.0503,1.04965,1.05
1737729540,1.0499,1.05005,1.04965,1.04995
1737729720,1.04995,1.05025,1.0499,1.05015
1737729900,1.0502,1.052,1.0502,1.0513
1737730080,1.05135,1.05145,1.05055,1.05085
1737730260,1.05085,1.05135,1.05065,1.05125
1737730440,1.0513,1.0518,1.05115,1.0516
1737730620,1.05155,1.0518,1.05125,1.05155
1737730800,1.05155,1.0519,1.0514,1.05185
1737730980,1.0518,1.05235,1.0518,1.0523
1737731160,1.0523,1.05315,1.0522,1.0531
1737731340,1.05315,1.05355,1.05275,1.0529
1737731520,1.0529,1.05305,1.05255,1.0526
1737731700,1.0526,1.0526,1.0522,1.0524
1737731880,1.0524,1.0528,1.05225,1.0526
1737732060,1.05265,1.053,1.05255,1.0529
1737732240,1.05295,1.0533,1.05255,1.0526
1737732420,1.0526,1.0527,1.0524,1.0526
1737732600,1.05265,1.053,1.05255,1.05275
1737732780,1.0527,1.053,1.05265,1.05275
1737732960,1.0528,1.0533,1.0528,1.05305
1737733140,1.05305,1.0536,1.05295,1.0534
1737733320,1.05345,1.0535,1.05335,1.0534
1737733500,1.05345,1.0535,1.05285,1.0534
1737733680,1.0534,1.05375,1.0534,1.0536
1737733860,1.05365,1.05455,1.05365,1.054
1737734040,1.054,1.05435,1.0539,1.05425
1737734220,1.0542,1.0544,1.05405,1.05405
1737734400,1.0541,1.0545,1.0539,1.0542
1737734580,1.0542,1.0543,1.0539,1.05395
1737734760,1.05395,1.05395,1.05365,1.05385
1737734940,1.0538,1.0541,1.05355,1.0538
1737735120,1.0538,1.05405,1.0536,1.05385
1737735300,1.05385,1.0539,1.0533,1.05335
1737735480,1.05335,1.0537,1.05335,1.0537
1737735660,1.0537,1.0538,1.05355,1.0536
1737735840,1.05365,1.05395,1.05365,1.0538
1737736020,1.0538,1.05395,1.0536,1.0538
1737736200,1.05375,1.05415,1.05375,1.05395
1737736380,1.05395,1.0542,1.05385,1.0539
1737736560,1.0539,1.054,1.0536,1.05365
1737736740,1.0536,1.05395,1.0536,1.0539
1737736920,1.0539,1.0541,1.0538,1.0538
1737737100,1.05375,1.05415,1.05345,1.0535
1737737280,1.05345,1.0537,1.05345,1.0537
1737737460,1.05375,1.0538,1.05285,1.05315
1737737640,1.05315,1.0538,1.0531,1.05365
1737737820,1.05365,1.0539,1.05355,1.0539
1737738000,1.05385,1.05395,1.0537,1.0538
1737738180,1.0538,1.05395,1.0538,1.05385
1737738360,1.05395,1.0543,1.05395,1.05425
1737738540,1.05425,1.05445,1.0541,1.0541
1737738720,1.05405,1.05435,1.05405,1.0543
1737738900,1.0543,1.05455,1.0542,1.05455
1737739080,1.05455,1.05455,1.0543,1.0544
1737739260,1.05435,1.0545,1.0542,1.05425
1737739440,1.05425,1.0543,1.05405,1.0541
1737739620,1.05405,1.05405,1.0537,1.0537
1737739800,1.0537,1.0539,1.0536,1.0539
1737739980,1.0539,1.054,1.0538,1.05395
1737740160,1.05395,1.0541,1.0539,1.0541
1737740340,1.0541,1.05425,1.05385,1.05395
1737740520,1.05395,1.0541,1.0539,1.054
1737740700,1.05395,1.05405,1.05365,1.05375
1737740880,1.05375,1.05375,1.05345,1.0535
1737741060,1.05345,1.05365,1.05345,1.0535
1737741240,1.0535,1.05375,1.05345,1.05365
1737741420,1.05365,1.05375,1.05355,1.05355
1737741600,1.0535,1.0536,1.05325,1.05325
1737741780,1.05325,1.0533,1.05315,1.05315
1737741960,1.0532,1.0534,1.0531,1.05315
1737742140,1.05315,1.05325,1.05305,1.0532
1737742320,1.05325,1.05335,1.053,1.0533
1737742500,1.05335,1.0534,1.0529,1.05295
1737742680,1.05295,1.053,1.05275,1.0528
1737742860,1.0528,1.05285,1.0526,1.05275
1737743040,1.05275,1.05295,1.05265,1.05265
1737743220,1.05265,1.0528,1.05265,1.05275
1737743400,1.05275,1.05285,1.05275,1.0528
1737743580,1.05275,1.05275,1.0526,1.0526
1737743760,1.05255,1.0527,1.05235,1.0524
1737743940,1.0524,1.0525,1.0523,1.0523
1737744120,1.0523,1.05235,1.0522,1.05225
1737744300,1.0522,1.05225,1.052,1.052
1737744480,1.05205,1.0522,1.05185,1.05185
1737744660,1.0519,1.052,1.05185,1.05195
1737744840,1.05195,1.0521,1.0519,1.05205
1737745020,1.052,1.05205,1.0518,1.05195
1737745200,1.05195,1.05195,1.05175,1.05175
1737745380,1.0518,1.0519,1.0517,1.05175
1737745560,1.05175,1.05175,1.0517,1.0517
1737745740,1.05175,1.05175,1.0516,1.05165
1737745920,1.05165,1.0519,1.05165,1.0519
1737746100,1.0519,1.052,1.0518,1.0518
1737746280,1.0518,1.0519,1.0518,1.0519
1737746460,1.05185,1.0519,1.0518,1.05185
1737746640,1.05185,1.05195,1.0518,1.0519
1737746820,1.0519,1.05195,1.05185,1.05195
1737747000,1.05195,1.0522,1.05195,1.0521
1737747180,1.0521,1.05215,1.05205,1.0521
1737747360,1.0521,1.05225,1.0521,1.05215
1737747540,1.05205,1.05215,1.05195,1.05205
1737747720,1.052,1.05215,1.0519,1.0521
1737747900,1.0521,1.0521,1.05195,1.05195
1737748080,1.05195,1.05205,1.05195,1.052
1737748260,1.05205,1.05205,1.0516,1.0517
1737748440,1.05175,1.0519,1.05175,1.0519
1737748620,1.0519,1.052,1.0517,1.0519
1737748800,1.05195,1.05195,1.0515,1.0517
1737748980,1.05165,1.0517,1.05155,1.0516
1737749160,1.0516,1.05165,1.05145,1.0516
1737749340,1.0516,1.0518,1.05155,1.05175
1737749520,1.0518,1.0519,1.05175,1.0518
1737749700,1.0518,1.052,1.0518,1.052
1737749880,1.052,1.052,1.05185,1.052
1737750060,1.052,1.052,1.05185,1.05195
1737750240,1.05195,1.05195,1.0517,1.0518
1737750420,1.05175,1.0518,1.0516,1.05175
1737750600,1.05175,1.0518,1.05155,1.05155
1737750780,1.05155,1.05155,1.05135,1.0514
1737750960,1.0514,1.05145,1.05125,1.0513
1737751140,1.05125,1.05135,1.05125,1.0513
1737751320,1.0513,1.05145,1.05125,1.05145
1737751500,1.0515,1.0515,1.05135,1.05135
1737751680,1.05135,1.0515,1.05135,1.05145
1737751860,1.0515,1.0517,1.0515,1.05165
1737752040,1.05165,1.05175,1.0516,1.0517
1737752220,1.05175,1.0519,1.05175,1.0519
1737752400,1.05185,1.05205,1.0518,1.052
1737752580,1.052,1.05205,1.0519,1.05205
1737752760,1.05205,1.0521,1.052,1.05205
1737752940,1.05205,1.05215,1.052,1.0521
1737753120,1.0521,1.05215,1.052,1.05205
1737753300,1.0521,1.0521,1.052,1.05205
1737753480,1.05205,1.05205,1.052,1.052
1737753660,1.052,1.05205,1.052,1.05205
1737753840,1.05205,1.05205,1.05185,1.05185
1737754020,1.0518,1.0519,1.0518,1.0519
1737754200,1.0518,1.0518,1.05175,1.0518
1737754380,1.05185,1.05195,1.0518,1.05195
1737754560,1.0519,1.05195,1.0518,1.05185
1737754740,1.0519,1.052,1.05185,1.05195
1737754920,1.0519,1.052,1.05185,1.052
1737755100,1.052,1.05205,1.0519,1.0519
1737755280,1.0519,1.052,1.0519,1.0519
1737755460,1.0519,1.05205,1.0519,1.05205
1737755640,1.05205,1.0521,1.05185,1.05185
1737755820,1.0518,1.0519,1.0517,1.0519
1737932400,1.05095,1.051,1.05015,1.0504
1737932580,1.05035,1.0505,1.05,1.05015
1737932760,1.0502,1.05035,1.04985,1.04985
1737932940,1.0499,1.05025,1.0499,1.0499
1737933120,1.04995,1.0501,1.04985,1.04995
1737933300,1.04995,1.05,1.04985,1.0499
1737933480,1.04985,1.04985,1.0497,1.04975
1737933660,1.0497,1.04985,1.0497,1.04975
1737933840,1.0497,1.04975,1.04945,1.04945
1737934020,1.0495,1.0496,1.04945,1.0496
1737934200,1.0496,1.0496,1.04925,1.0493
1737934380,1.04935,1.04955,1.04935,1.0495
1737934560,1.0495,1.04955,1.04945,1.0495
1737934740,1.04945,1.0497,1.0494,1.0497
1737934920,1.04965,1.04965,1.04945,1.0496
1737935100,1.0496,1.0496,1.0492,1.0492
1737935280,1.0492,1.04925,1.04905,1.0492
1737935460,1.0492,1.04925,1.04915,1.0492
1737935640,1.0492,1.0492,1.04885,1.04895
1737935820,1.049,1.04915,1.049,1.0491
1737936000,1.0491,1.04925,1.04895,1.0491
1737936180,1.0491,1.0491,1.04895,1.0491
1737936360,1.04905,1.0491,1.0489,1.0489
1737936540,1.04895,1.049,1.0489,1.049
1737936720,1.049,1.04915,1.04895,1.0491
1737936900,1.0491,1.0494,1.049,1.04935
1737937080,1.04935,1.0495,1.0493,1.0495
1737937260,1.0495,1.04975,1.0495,1.04975
1737937440,1.0497,1.0498,1.0497,1.0497
1737937620,1.0497,1.0498,1.04965,1.04975
1737937800,1.0497,1.04985,1.0496,1.04985
1737937980,1.0499,1.05,1.0496,1.04975
1737938160,1.04975,1.04985,1.04965,1.0497
1737938340,1.0497,1.0497,1.04945,1.04945
1737938520,1.04945,1.04965,1.0494,1.0496
1737938700,1.04955,1.04975,1.0495,1.04975
1737938880,1.04975,1.04975,1.04965,1.04975
1737939060,1.04975,1.0499,1.04965,1.04985
1737939240,1.04985,1.0499,1.0496,1.0498
1737939420,1.0498,1.0498,1.0496,1.0496
1737939600,1.0496,1.0501,1.0496,1.05
1737939780,1.05,1.05005,1.0499,1.05
1737939960,1.05,1.05015,1.0498,1.05
1737940140,1.05,1.05015,1.05,1.05
1737940320,1.05005,1.05025,1.05,1.0501
1737940500,1.0501,1.05015,1.04985,1.04985
1737940680,1.04985,1.0501,1.04985,1.05005
1737940860,1.05,1.05015,1.04995,1.05005
1737941040,1.05,1.05,1.0497,1.0497
1737941220,1.04975,1.04975,1.0495,1.0496
1737941400,1.04955,1.04955,1.0491,1.0495
1737941580,1.0495,1.0495,1.0492,1.0492
1737941760,1.04915,1.0492,1.0488,1.04895
1737941940,1.0489,1.0489,1.04855,1.04885
1737942120,1.0489,1.04905,1.04885,1.04885
1737942300,1.04885,1.049,1.0487,1.0488
1737942480,1.0489,1.0489,1.04865,1.0487
1737942660,1.0487,1.0488,1.0486,1.04875
1737942840,1.0487,1.0487,1.0485,1.04865
1737943020,1.04865,1.0487,1.0485,1.04865
1737943200,1.04865,1.0489,1.04865,1.0488
1737943380,1.04885,1.04885,1.04865,1.0487
1737943560,1.04865,1.0488,1.04865,1.0487
1737943740,1.0486,1.0487,1.04845,1.0485
1737943920,1.0485,1.04855,1.04835,1.0485
1737944100,1.04845,1.0485,1.04835,1.04835
1737944280,1.04835,1.0486,1.0483,1.0486
1737944460,1.0486,1.0487,1.0485,1.0485
1737944640,1.04855,1.0486,1.0485,1.04855
1737944820,1.04855,1.0486,1.0485,1.0486
1737945000,1.0486,1.0486,1.0482,1.0484
1737945180,1.04845,1.04865,1.04845,1.04855
1737945360,1.04855,1.04855,1.04825,1.04835
1737945540,1.0484,1.04855,1.0484,1.0485
1737945720,1.0485,1.04875,1.0485,1.0487
1737945900,1.0487,1.04875,1.04855,1.0486
1737946080,1.04855,1.04885,1.04855,1.0488
1737946260,1.04875,1.0489,1.04875,1.04885
1737946440,1.0489,1.04895,1.0488,1.0489
1737946620,1.04895,1.049,1.0489,1.04895
1737946800,1.0489,1.049,1.04875,1.049
1737946980,1.0489,1.0491,1.0489,1.04895
1737947160,1.04895,1.04905,1.0489,1.0489
1737947340,1.04895,1.04925,1.0487,1.04895
1737947520,1.04885,1.0495,1.04885,1.0495
1737947700,1.0495,1.0501,1.0495,1.04975
1737947880,1.0497,1.04975,1.0493,1.04945
1737948060,1.04945,1.0496,1.0493,1.0493
1737948240,1.0493,1.04945,1.0492,1.04945
1737948420,1.0495,1.0495,1.0493,1.0494
1737948600,1.04945,1.04955,1.0493,1.04935
1737948780,1.0493,1.0493,1.0491,1.04915
1737948960,1.0491,1.04915,1.04895,1.049
1737949140,1.04905,1.0493,1.04905,1.04915
1737949320,1.0492,1.0492,1.049,1.04905
1737949500,1.04905,1.0491,1.04895,1.04895
1737949680,1.049,1.049,1.04875,1.04875
1737949860,1.04875,1.04905,1.04875,1.049
1737950040,1.049,1.0493,1.049,1.04915
1737950220,1.0492,1.04925,1.04915,1.04925
1737950400,1.0492,1.04925,1.049,1.04905
1737950580,1.049,1.0492,1.049,1.0492
1737950760,1.0492,1.04925,1.0491,1.0491
1737950940,1.04915,1.0492,1.049,1.04905
1737951120,1.049,1.04905,1.049,1.049
1737951300,1.04895,1.04895,1.04885,1.0489
1737951480,1.04895,1.04905,1.04895,1.04905
1737951660,1.04905,1.04905,1.049,1.04905
1737951840,1.049,1.049,1.04865,1.04865
1737952020,1.04865,1.0487,1.0486,1.04865
1737952200,1.04865,1.04865,1.0484,1.0485
1737952380,1.0485,1.0485,1.04835,1.04845
1737952560,1.04845,1.0485,1.0483,1.04845
1737952740,1.0484,1.0486,1.04835,1.04855
1737952920,1.04855,1.0487,1.04855,1.0487
1737953100,1.04875,1.0489,1.0487,1.0488
1737953280,1.04885,1.04885,1.0487,1.0487
1737953460,1.0487,1.0488,1.0487,1.0488
1737953640,1.04875,1.0488,1.0487,1.04875
1737953820,1.0487,1.04875,1.04865,1.0487
1737954000,1.04865,1.04865,1.04845,1.0485
1737954180,1.04845,1.0485,1.04835,1.0484
1737954360,1.0484,1.0484,1.0481,1.04815
1737954540,1.04815,1.0482,1.048,1.04805
1737954720,1.0481,1.04815,1.04805,1.0481
1737954900,1.04805,1.0482,1.0479,1.04795
1737955080,1.048,1.04815,1.04795,1.04815
1737955260,1.04815,1.04815,1.04805,1.04815
1737955440,1.04815,1.0482,1.04805,1.0482
1737955620,1.04815,1.0483,1.04815,1.04825
1737955800,1.04825,1.0483,1.04815,1.0482
1737955980,1.0482,1.0484,1.0482,1.04835
1737956160,1.04835,1.04835,1.04825,1.04825
1737956340,1.04825,1.0484,1.04825,1.04835
1737956520,1.0483,1.04845,1.0483,1.0484
1737956700,1.0484,1.0487,1.0484,1.0487
1737956880,1.0487,1.04875,1.0486,1.04875
1737957060,1.04875,1.04885,1.04865,1.04875
1737957240,1.04875,1.0488,1.0485,1.0486
1737957420,1.04855,1.0487,1.04855,1.04865
1737957600,1.04865,1.0487,1.0485,1.0486
1737957780,1.04855,1.04865,1.04845,1.04855
1737957960,1.0486,1.0486,1.0482,1.0483
1737958140,1.0483,1.04855,1.0483,1.04845
1737958320,1.04845,1.0486,1.04835,1.04855
1737958500,1.04855,1.0486,1.04835,1.0485
1737958680,1.0485,1.0486,1.0485,1.04855
1737958860,1.04855,1.04865,1.04855,1.04855
1737959040,1.0485,1.0488,1.0485,1.0488
1737959220,1.04885,1.0489,1.0487,1.0488
1737959400,1.0488,1.0488,1.0485,1.0485
1737959580,1.0485,1.0486,1.04845,1.04855
1737959760,1.04855,1.04855,1.0484,1.04855
1737959940,1.0486,1.0487,1.0486,1.0486
1737960120,1.04855,1.0486,1.04825,1.04825
1737960300,1.04825,1.04825,1.0481,1.0482
1737960480,1.04815,1.04835,1.04805,1.04835
1737960660,1.0483,1.04845,1.04825,1.0484
1737960840,1.0484,1.0484,1.0482,1.0482
1737961020,1.04825,1.04835,1.0482,1.04825
1737961200,1.0483,1.0486,1.0482,1.04835
1737961380,1.04835,1.04845,1.0483,1.0483
1737961560,1.0483,1.0483,1.04795,1.0481
1737961740,1.0481,1.0481,1.04775,1.0478
1737961920,1.04785,1.0481,1.04785,1.048
1737962100,1.048,1.04805,1.04785,1.048
1737962280,1.048,1.04815,1.0479,1.0481
1737962460,1.0481,1.04845,1.04795,1.0484
1737962640,1.0484,1.04875,1.0482,1.04875
1737962820,1.0487,1.04875,1.04855,1.04855
1737963000,1.04855,1.04875,1.0484,1.04875
1737963180,1.04875,1.04895,1.0487,1.0489
1737963360,1.0489,1.049,1.04875,1.04895
1737963540,1.04895,1.04915,1.0489,1.0491
1737963720,1.0491,1.04945,1.04905,1.0494
1737963900,1.0494,1.04945,1.04915,1.0492
1737964080,1.0492,1.0493,1.04905,1.0491
1737964260,1.04905,1.04915,1.04895,1.049
1737964440,1.049,1.049,1.0485,1.04855
1737964620,1.0485,1.04855,1.048,1.0481
1737964800,1.04805,1.0486,1.0478,1.0486
1737964980,1.04865,1.0489,1.04855,1.04875
1737965160,1.04875,1.04885,1.0486,1.0488
1737965340,1.0488,1.04905,1.0488,1.04895
1737965520,1.04895,1.04965,1.04895,1.04955
1737965700,1.04955,1.0497,1.0494,1.04965
1737965880,1.04965,1.05,1.0496,1.04975
1737966060,1.04975,1.04975,1.04925,1.04955
1737966240,1.0496,1.05015,1.0496,1.05
1737966420,1.05,1.05005,1.04965,1.04965
1737966600,1.04965,1.0499,1.04955,1.0497
1737966780,1.0498,1.05,1.0498,1.04995
1737966960,1.04995,1.05015,1.0499,1.05005
1737967140,1.0501,1.0503,1.0498,1.05015
1737967320,1.05015,1.05025,1.0498,1.05025
1737967500,1.05025,1.0506,1.05025,1.0504
1737967680,1.05035,1.0506,1.05035,1.05045
1737967860,1.05045,1.05085,1.05015,1.05085
1737968040,1.05085,1.05115,1.0506,1.0511
1737968220,1.0511,1.05125,1.0509,1.05115
1737968400,1.05115,1.0514,1.05075,1.0509
1737968580,1.0509,1.051,1.05045,1.0505
1737968760,1.05055,1.05075,1.05035,1.05075
1737968940,1.05075,1.05165,1.0506,1.05155
1737969120,1.0516,1.0517,1.0513,1.0515
1737969300,1.0515,1.05175,1.0514,1.05145
1737969480,1.0514,1.0514,1.05025,1.0503
1737969660,1.0503,1.0506,1.05015,1.0505
1737969840,1.0505,1.0505,1.0502,1.0503
1737970020,1.0503,1.0507,1.05015,1.05065
1737970200,1.05065,1.05085,1.0503,1.05035
1737970380,1.05045,1.05045,1.0499,1.0502
1737970560,1.0502,1.05045,1.0501,1.05045
1737970740,1.05045,1.05065,1.05025,1.0506
1737970920,1.05065,1.05085,1.05055,1.05075
1737971100,1.05075,1.05075,1.05035,1.0505
1737971280,1.05055,1.05095,1.05055,1.05065
1737971460,1.05065,1.0513,1.05065,1.05105
1737971640,1.05105,1.0513,1.05105,1.05125
1737971820,1.0513,1.05135,1.05105,1.05125
1737972000,1.05125,1.05175,1.05125,1.05175
1737972180,1.0518,1.0523,1.05175,1.05185
1737972360,1.0518,1.05225,1.0517,1.0521
1737972540,1.0521,1.0526,1.0518,1.05185
1737972720,1.0519,1.052,1.05165,1.0517
1737972900,1.05175,1.05205,1.05165,1.05195
1737973080,1.0519,1.052,1.05155,1.0517
1737973260,1.05175,1.05195,1.0515,1.05175
1737973440,1.05175,1.052,1.05165,1.0519
1737973620,1.0519,1.0523,1.0518,1.052
1737973800,1.052,1.05245,1.052,1.05225
1737973980,1.0523,1.05245,1.0522,1.0523
1737974160,1.0523,1.0524,1.052,1.05225
1737974340,1.0523,1.05255,1.0522,1.0525
1737974520,1.0525,1.05285,1.05245,1.05285
1737974700,1.0528,1.05295,1.0525,1.05285
1737974880,1.0529,1.05315,1.0528,1.05285
1737975060,1.05285,1.05325,1.05275,1.05315
1737975240,1.0531,1.0532,1.0528,1.05295
1737975420,1.0529,1.05305,1.0528,1.0529
1737975600,1.05285,1.05315,1.0528,1.05305
1737975780,1.0531,1.05365,1.053,1.05305
1737975960,1.053,1.0534,1.0529,1.05325
1737976140,1.0533,1.0537,1.05325,1.05355
1737976320,1.05355,1.0541,1.0535,1.05375
1737976500,1.05375,1.0538,1.0534,1.0535
1737976680,1.05345,1.0537,1.0531,1.0537
1737976860,1.05365,1.05385,1.0536,1.0536
1737977040,1.0536,1.0537,1.0533,1.0536
1737977220,1.0536,1.0538,1.0535,1.0537
1737977400,1.0538,1.0542,1.05375,1.054
1737977580,1.05395,1.05395,1.05355,1.0537
1737977760,1.05365,1.05385,1.0535,1.0537
1737977940,1.0537,1.0538,1.05355,1.05365
1737978120,1.05365,1.05365,1.05335,1.0535
1737978300,1.0535,1.0535,1.05335,1.0534
1737978480,1.05335,1.0534,1.05315,1.0534
1737978660,1.0534,1.05385,1.0534,1.0536
1737978840,1.0536,1.05375,1.0535,1.0536
1737979020,1.05355,1.0537,1.0535,1.0537
1737979200,1.05365,1.05415,1.05365,1.05415
1737979380,1.05415,1.0542,1.0539,1.0539
1737979560,1.05385,1.05395,1.0537,1.05385
1737979740,1.0538,1.0538,1.0533,1.0535
1737979920,1.05345,1.05365,1.05335,1.0534
1737980100,1.0534,1.0535,1.05325,1.0535
1737980280,1.05355,1.05375,1.05335,1.0536
1737980460,1.0536,1.0538,1.0534,1.05355
1737980640,1.05355,1.0537,1.05325,1.05365
1737980820,1.0536,1.05385,1.0536,1.05385
1737981000,1.0538,1.054,1.0536,1.05395
1737981180,1.054,1.05415,1.05385,1.0541
1737981360,1.0541,1.05425,1.0539,1.05415
1737981540,1.05415,1.05415,1.0538,1.05395
1737981720,1.054,1.05405,1.05385,1.0539
1737981900,1.0539,1.05395,1.05365,1.0539
1737982080,1.05395,1.0541,1.0537,1.0541
1737982260,1.0541,1.0542,1.054,1.0542
1737982440,1.0542,1.05515,1.0542,1.05485
1737982620,1.0549,1.0551,1.05445,1.0545
1737982800,1.05455,1.05485,1.0541,1.0548
1737982980,1.05475,1.0549,1.0546,1.05475
1737983160,1.05475,1.05575,1.05475,1.05515
1737983340,1.0552,1.0556,1.0547,1.05475
1737983520,1.05475,1.05475,1.0543,1.0546
1737983700,1.0547,1.0547,1.0542,1.0543
1737983880,1.0543,1.05445,1.05405,1.05405
1737984060,1.05405,1.05405,1.0536,1.0536
1737984240,1.0536,1.0538,1.05335,1.0534
1737984420,1.0534,1.05375,1.05335,1.0537
1737984600,1.0537,1.05405,1.05345,1.05395
1737984780,1.054,1.0542,1.05395,1.05415
1737984960,1.05415,1.05445,1.05405,1.0542
1737985140,1.0542,1.0545,1.05415,1.05435
1737985320,1.0543,1.05485,1.0543,1.05455
1737985500,1.0545,1.055,1.0544,1.05465
1737985680,1.05465,1.05495,1.05465,1.05495
1737985860,1.055,1.05525,1.0547,1.0547
1737986040,1.05475,1.05475,1.05425,1.05435
1737986220,1.05435,1.05455,1.05425,1.05435
1737986400,1.05435,1.05465,1.05405,1.0544
1737986580,1.0544,1.0545,1.05405,1.0543
1737986760,1.0543,1.05475,1.05425,1.0546
1737986940,1.05455,1.0548,1.05445,1.05465
1737987120,1.0547,1.05475,1.0542,1.0542
1737987300,1.05425,1.0544,1.0541,1.0542
1737987480,1.05425,1.0547,1.05425,1.0545
1737987660,1.0545,1.0546,1.0543,1.05435
1737987840,1.05435,1.05435,1.05395,1.05405
1737988020,1.05405,1.0541,1.0538,1.05405
1737988200,1.054,1.0543,1.05375,1.05395
1737988380,1.05395,1.0542,1.05385,1.05405
1737988560,1.05405,1.05405,1.0536,1.0536
1737988740,1.0537,1.05395,1.0536,1.0539
1737988920,1.0539,1.0539,1.0533,1.0534
1737989100,1.05345,1.05415,1.05345,1.05415
1737989280,1.0541,1.0541,1.0536,1.0539
1737989460,1.0539,1.054,1.0534,1.0534
1737989640,1.05335,1.05345,1.05315,1.05315
1737989820,1.05315,1.05335,1.05315,1.0533
1737990000,1.0533,1.0533,1.0527,1.0528
1737990180,1.0528,1.05305,1.05265,1.0529
1737990360,1.05285,1.05305,1.0528,1.0528
1737990540,1.0528,1.05335,1.05275,1.0532
1737990720,1.05325,1.05335,1.0529,1.0529
1737990900,1.0529,1.05335,1.0528,1.05315
1737991080,1.0532,1.0533,1.053,1.0531
1737991260,1.05305,1.05315,1.05285,1.0529
1737991440,1.05295,1.0532,1.0529,1.0529
1737991620,1.05295,1.0531,1.05265,1.05265
1737991800,1.0527,1.05275,1.05235,1.0524
1737991980,1.0524,1.05265,1.0522,1.0523
1737992160,1.0523,1.05245,1.0521,1.0521
1737992340,1.05215,1.0522,1.05175,1.05185
1737992520,1.0519,1.05215,1.0517,1.05195
1737992700,1.05195,1.0521,1.05185,1.05205
1737992880,1.05205,1.05245,1.052,1.05215
1737993060,1.0522,1.0523,1.0519,1.05205
1737993240,1.05205,1.0522,1.0519,1.0521
1737993420,1.05205,1.05235,1.05205,1.05225
1737993600,1.05225,1.0526,1.0521,1.05245
1737993780,1.0525,1.05275,1.0524,1.05265
1737993960,1.05265,1.05285,1.0525,1.0528
1737994140,1.0528,1.05295,1.0527,1.0529
1737994320,1.0529,1.0531,1.05275,1.0529
1737994500,1.0529,1.05305,1.05285,1.053
1737994680,1.053,1.05305,1.0528,1.05285
1737994860,1.0529,1.05295,1.0527,1.05285
1737995040,1.05285,1.0529,1.05235,1.05275
1737995220,1.0528,1.05315,1.0528,1.053
1737995400,1.05295,1.053,1.0523,1.0524
1737995580,1.0524,1.0526,1.0522,1.0525
1737995760,1.0525,1.0525,1.0519,1.0519
1737995940,1.0519,1.05215,1.05155,1.0521
1737996120,1.0521,1.0521,1.05165,1.0517
1737996300,1.0517,1.05175,1.0513,1.05155
1737996480,1.05155,1.05175,1.0514,1.05165
1737996660,1.0517,1.05215,1.0516,1.05215
1737996840,1.05215,1.05215,1.0517,1.05175
1737997020,1.05175,1.05175,1.0514,1.0514
1737997200,1.0515,1.0515,1.05125,1.0513
1737997380,1.05135,1.05135,1.0511,1.0511
1737997560,1.0511,1.05115,1.05085,1.0509
1737997740,1.0509,1.0513,1.05085,1.05125
1737997920,1.05125,1.0513,1.0509,1.051
1737998100,1.05095,1.05125,1.05085,1.051
1737998280,1.051,1.05135,1.051,1.0512
1737998460,1.05125,1.05165,1.05125,1.05165
1737998640,1.0517,1.05185,1.05165,1.05165
1737998820,1.05165,1.05165,1.0512,1.0512
1737999000,1.0512,1.05125,1.0511,1.05115
1737999180,1.05115,1.0512,1.051,1.05105
1737999360,1.05105,1.0511,1.05095,1.0511
1737999540,1.05105,1.0512,1.051,1.05115
1737999720,1.05115,1.0513,1.0511,1.05115
1737999900,1.05115,1.0518,1.0511,1.0518
1738000080,1.05175,1.0518,1.0515,1.0517
1738000260,1.05165,1.05165,1.05135,1.05155
1738000440,1.0516,1.0516,1.0514,1.05145
1738000620,1.05145,1.05155,1.05115,1.0513
1738000800,1.0512,1.05135,1.05095,1.0512
1738000980,1.05125,1.05145,1.0509,1.0513
1738001160,1.05135,1.05155,1.0512,1.0515
1738001340,1.05155,1.0518,1.05155,1.05155
1738001520,1.05155,1.05155,1.0513,1.0513
1738001700,1.05135,1.05135,1.051,1.05125
1738001880,1.05125,1.05125,1.051,1.051
1738002060,1.051,1.05115,1.05095,1.0511
1738002240,1.05105,1.05115,1.05085,1.05105
1738002420,1.0511,1.0511,1.05085,1.05085
1738002600,1.05085,1.0509,1.0506,1.05075
1738002780,1.0507,1.05075,1.05055,1.0506
1738002960,1.05065,1.0509,1.05055,1.05085
1738003140,1.05085,1.05105,1.0508,1.05105
1738003320,1.05095,1.051,1.0509,1.05095
1738003500,1.05095,1.05125,1.0509,1.0512
1738003680,1.05125,1.05125,1.0509,1.05095
1738003860,1.05095,1.051,1.05075,1.0509
1738004040,1.0509,1.0509,1.0508,1.0508
1738004220,1.0508,1.051,1.05075,1.05085
1738004400,1.05085,1.0509,1.0504,1.05065
1738004580,1.0507,1.05075,1.0506,1.05075
1738004760,1.05075,1.0508,1.0506,1.0506
1738004940,1.0506,1.05065,1.0503,1.05065
1738005120,1.05065,1.05065,1.05045,1.05045
1738005300,1.0505,1.05075,1.05045,1.0507
1738005480,1.0507,1.05095,1.0507,1.05075
1738005660,1.0508,1.0509,1.05075,1.05085
1738005840,1.0508,1.05105,1.0508,1.051
1738006020,1.051,1.05115,1.051,1.0511
1738006200,1.05115,1.0514,1.0511,1.05135
1738006380,1.0513,1.05135,1.0512,1.0513
1738006560,1.05125,1.0513,1.05115,1.0512
1738006740,1.0512,1.05145,1.05115,1.05115
1738006920,1.0511,1.05155,1.05095,1.05145
1738007100,1.0515,1.0516,1.0514,1.0516
1738007280,1.0516,1.05165,1.0515,1.05155
1738007460,1.0516,1.0516,1.0512,1.0514
1738007640,1.05145,1.05165,1.05145,1.0515
1738007820,1.05155,1.0517,1.05135,1.05165
1738008000,1.05165,1.0517,1.0513,1.05135
1738008180,1.0513,1.05135,1.05125,1.05135
1738008360,1.0514,1.05145,1.0513,1.0514
1738008540,1.05135,1.0515,1.05125,1.05135
1738008720,1.0513,1.0515,1.05125,1.05145
1738008900,1.05145,1.05155,1.0514,1.0515
1738009080,1.05145,1.0515,1.0514,1.05145
1738009260,1.05145,1.05145,1.05135,1.05135
1738009440,1.05135,1.05155,1.05135,1.0514
1738009620,1.0514,1.0515,1.05135,1.0515
1738009800,1.0515,1.0515,1.0513,1.0514
1738009980,1.0514,1.0516,1.0514,1.0515
1738010160,1.05155,1.0517,1.05155,1.05165
1738010340,1.05165,1.05185,1.0516,1.0517
1738010520,1.0517,1.05175,1.05155,1.05175
1738010700,1.05175,1.0518,1.0515,1.0516
1738010880,1.05155,1.05155,1.05135,1.0514
1738011060,1.05135,1.0515,1.0513,1.05145
1738011240,1.05135,1.05135,1.05115,1.05115
1738011420,1.0512,1.0513,1.0511,1.05115
1738011600,1.0512,1.05125,1.05095,1.05105
1738011780,1.0511,1.0513,1.0511,1.05125
1738011960,1.05125,1.0513,1.0512,1.0513
1738012140,1.05135,1.05135,1.05125,1.05125
1738012320,1.0513,1.05135,1.0513,1.05135
1738012500,1.0514,1.0514,1.05125,1.05125
1738012680,1.05135,1.05135,1.0513,1.0513
1738012860,1.05135,1.05145,1.05135,1.0514
1738013040,1.05135,1.0515,1.05135,1.05145
1738013220,1.05145,1.0515,1.05135,1.0514
1738013400,1.0514,1.0514,1.05135,1.05135
1738013580,1.05135,1.05135,1.05125,1.05125
1738013760,1.0513,1.05145,1.0512,1.05145
1738013940,1.05145,1.05145,1.0513,1.0513
1738014120,1.05125,1.0515,1.05125,1.0515
1738014300,1.05145,1.0515,1.0514,1.05145
1738014480,1.0514,1.0515,1.05135,1.05145
1738014660,1.0515,1.0515,1.05145,1.0515
1738014840,1.05145,1.05155,1.05145,1.05155
1738015020,1.05155,1.0516,1.0515,1.0516
1738018800,1.05145,1.0515,1.0505,1.0506
1738018980,1.0506,1.0506,1.05005,1.0502
1738019160,1.05025,1.0504,1.05015,1.0502
1738019340,1.0502,1.0503,1.0496,1.04965
1738019520,1.0496,1.0498,1.0495,1.0497
1738019700,1.04965,1.04965,1.04875,1.04885
1738019880,1.0488,1.0488,1.04805,1.04825
1738020060,1.04825,1.04825,1.0472,1.0475
1738020240,1.0475,1.04765,1.0465,1.04685
1738020420,1.0469,1.0469,1.0464,1.0469
1738020600,1.0469,1.04775,1.0461,1.0463
1738020780,1.04625,1.0465,1.04515,1.0463
1738020960,1.0463,1.0465,1.04575,1.0458
1738021140,1.0458,1.04675,1.04575,1.0463
1738021320,1.0464,1.0468,1.0462,1.0463
1738021500,1.04645,1.0465,1.0458,1.04585
1738021680,1.0459,1.04685,1.04585,1.0468
1738021860,1.0468,1.0474,1.04675,1.0472
1738022040,1.0472,1.0472,1.04675,1.0468
1738022220,1.0468,1.0469,1.04585,1.04605
1738022400,1.04605,1.0471,1.0459,1.04685
1738022580,1.0469,1.04705,1.0467,1.04685
1738022760,1.0469,1.047,1.04655,1.0469
1738022940,1.04695,1.04715,1.0468,1.0468
1738023120,1.0468,1.047,1.04625,1.04675
1738023300,1.0468,1.0472,1.0466,1.0471
1738023480,1.0471,1.0474,1.04705,1.04705
1738023660,1.04705,1.04715,1.0463,1.04635
1738023840,1.04625,1.04635,1.04555,1.0459
1738024020,1.04585,1.04685,1.04585,1.0468
1738024200,1.0468,1.04705,1.0467,1.047
1738024380,1.0469,1.04715,1.0469,1.0469
1738024560,1.0469,1.0471,1.0469,1.047
1738024740,1.04695,1.0473,1.04695,1.04725
1738024920,1.0473,1.0474,1.0472,1.0472
1738025100,1.04725,1.0473,1.047,1.04705
1738025280,1.047,1.04735,1.047,1.0473
1738025460,1.04725,1.0475,1.0471,1.0471
1738025640,1.04715,1.04715,1.0467,1.0468
1738025820,1.0468,1.0469,1.04675,1.04685
1738026000,1.04685,1.04725,1.04645,1.0472
1738026180,1.04725,1.0475,1.04725,1.0474
1738026360,1.04735,1.04755,1.0472,1.04735
1738026540,1.04735,1.04745,1.04715,1.04745
1738026720,1.04745,1.0476,1.0474,1.04755
1738026900,1.0476,1.04785,1.04755,1.04775
1738027080,1.04775,1.0478,1.0475,1.0477
1738027260,1.0477,1.0478,1.04755,1.0477
1738027440,1.04765,1.0479,1.04755,1.04775
1738027620,1.0477,1.0479,1.0476,1.04785
1738027800,1.0478,1.04795,1.04775,1.04785
1738027980,1.0478,1.0478,1.04735,1.0474
1738028160,1.04735,1.04755,1.04735,1.04755
1738028340,1.04755,1.04755,1.04725,1.0473
1738028520,1.0472,1.0473,1.047,1.04715
1738028700,1.0472,1.04725,1.0469,1.0469
1738028880,1.04695,1.04725,1.04695,1.04725
1738029060,1.04725,1.0474,1.04725,1.0474
1738029240,1.0474,1.0474,1.04725,1.0474
1738029420,1.0474,1.0475,1.04525,1.04615
1738029600,1.046,1.0465,1.04555,1.04555
1738029780,1.0455,1.0456,1.0451,1.04525
1738029960,1.04515,1.04585,1.04475,1.0458
1738030140,1.04585,1.0462,1.0455,1.0458
1738030320,1.0457,1.04575,1.0452,1.04525
1738030500,1.0452,1.04595,1.04515,1.0459
1738030680,1.04585,1.0461,1.0458,1.04595
1738030860,1.04595,1.04595,1.04575,1.04585
1738031040,1.04585,1.0461,1.04585,1.046
1738031220,1.0459,1.04605,1.04575,1.04605
1738031400,1.04595,1.0462,1.04595,1.04605
1738031580,1.046,1.04605,1.04585,1.04595
1738031760,1.04595,1.046,1.0458,1.0458
1738031940,1.0458,1.04595,1.0457,1.0457
1738032120,1.0456,1.04575,1.04555,1.04565
1738032300,1.0456,1.0456,1.0454,1.0454
1738032480,1.04545,1.04555,1.04545,1.0455
1738032660,1.04545,1.0456,1.04525,1.0456
1738032840,1.04565,1.04605,1.04565,1.04575
1738033020,1.04575,1.0459,1.0457,1.0457
1738033200,1.0457,1.04585,1.0457,1.04575
1738033380,1.04575,1.0461,1.04575,1.0459
1738033560,1.0458,1.04585,1.04565,1.04585
1738033740,1.04575,1.04595,1.0457,1.0457
1738033920,1.04575,1.0459,1.0455,1.0459
1738034100,1.0459,1.0461,1.0458,1.0458
1738034280,1.0457,1.04575,1.04565,1.04575
1738034460,1.0458,1.0458,1.0456,1.0456
1738034640,1.0456,1.04585,1.04555,1.04585
1738034820,1.0458,1.0461,1.0458,1.04605
1738035000,1.0461,1.04625,1.04595,1.04595
1738035180,1.04595,1.0461,1.04575,1.0458
1738035360,1.0458,1.0458,1.0457,1.0457
1738035540,1.04575,1.0458,1.0457,1.04575
1738035720,1.04575,1.04575,1.04565,1.04575
1738035900,1.0457,1.04585,1.0457,1.0457
1738036080,1.0456,1.0457,1.04555,1.04555
1738036260,1.0456,1.04575,1.0456,1.04575
1738036440,1.0457,1.0457,1.04535,1.04535
1738036620,1.0453,1.0454,1.04525,1.04525
1738036800,1.04525,1.0455,1.04525,1.04535
1738036980,1.0454,1.04545,1.04525,1.04545
1738037160,1.0455,1.04555,1.04545,1.04545
1738037340,1.04545,1.0455,1.0454,1.0454
1738037520,1.04545,1.04555,1.0454,1.04545
1738037700,1.04545,1.0456,1.0454,1.0454
1738037880,1.0454,1.04545,1.04535,1.0454
1738038060,1.0453,1.04545,1.0453,1.04545
1738038240,1.0454,1.0454,1.0452,1.0452
1738038420,1.0452,1.04525,1.04515,1.04515
1738038600,1.04515,1.0452,1.04505,1.0452
1738038780,1.04515,1.04515,1.04505,1.04505
1738038960,1.04505,1.04515,1.04505,1.04505
1738039140,1.045,1.0451,1.04485,1.0451
1738039320,1.04515,1.0452,1.0451,1.0452
1738039500,1.0452,1.04535,1.04515,1.0453
1738039680,1.0453,1.04535,1.0453,1.0453
1738039860,1.04535,1.0455,1.04535,1.0455
1738040040,1.04555,1.04575,1.04555,1.0457
1738040220,1.0457,1.04575,1.04565,1.04575
1738040400,1.04575,1.04585,1.0457,1.0458
1738040580,1.0458,1.0458,1.04575,1.04575
1738040760,1.0457,1.0457,1.04565,1.0457
1738040940,1.04575,1.04595,1.04575,1.0459
1738041120,1.04585,1.04595,1.0458,1.04595
1738041300,1.04595,1.04595,1.0458,1.04595
1738041480,1.04585,1.04605,1.04585,1.04605
1738041660,1.04605,1.04615,1.046,1.046
1738041840,1.046,1.04605,1.046,1.04605
1738042020,1.04605,1.0461,1.04605,1.0461
1738042200,1.04605,1.04605,1.046,1.046
1738042380,1.04605,1.0462,1.04605,1.0462
1738042560,1.0462,1.0462,1.04615,1.04615
1738042740,1.0461,1.0461,1.04605,1.0461
1738042920,1.0461,1.0461,1.046,1.04605
1738043100,1.0461,1.0462,1.0461,1.0462
1738043280,1.04615,1.04615,1.046,1.046
1738043460,1.0461,1.0461,1.04605,1.0461
1738043640,1.0461,1.04615,1.0459,1.04595
1738043820,1.046,1.046,1.04595,1.04595
1738044000,1.04595,1.04635,1.04595,1.04635
1738044180,1.0463,1.0464,1.04625,1.0464
1738044360,1.0464,1.0466,1.04625,1.0465
1738044540,1.0465,1.0465,1.04635,1.04635
1738044720,1.04635,1.04665,1.04635,1.04655
1738044900,1.0465,1.0466,1.04645,1.0465
1738045080,1.04655,1.0467,1.04655,1.04665
1738045260,1.0466,1.0466,1.04645,1.0465
1738045440,1.0465,1.0465,1.0464,1.0465
1738045620,1.04655,1.0466,1.04655,1.0466
1738045800,1.04655,1.04675,1.04655,1.04675
1738045980,1.04675,1.04675,1.0465,1.04655
1738046160,1.04655,1.04655,1.04645,1.04645
1738046340,1.04645,1.04645,1.04625,1.0463
1738046520,1.0463,1.0463,1.0461,1.04615
1738046700,1.04615,1.04615,1.0457,1.04575
1738046880,1.04575,1.0461,1.04575,1.046
1738047060,1.04605,1.04605,1.04585,1.0459
1738047240,1.0459,1.04605,1.04585,1.04595
1738047420,1.046,1.0463,1.046,1.0461
1738047600,1.0461,1.0462,1.0458,1.0458
1738047780,1.04585,1.046,1.04565,1.0459
1738047960,1.0459,1.04635,1.0459,1.0462
1738048140,1.0462,1.04665,1.0462,1.0463
1738048320,1.0463,1.04635,1.04615,1.04625
1738048500,1.0463,1.0464,1.0462,1.0463
1738048680,1.04625,1.0464,1.04605,1.04605
1738048860,1.04605,1.04655,1.04595,1.0465
1738049040,1.0464,1.04645,1.0462,1.04625
1738049220,1.0462,1.04655,1.0461,1.04645
1738049400,1.0465,1.0465,1.04585,1.0461
1738049580,1.046,1.0462,1.04585,1.0461
1738049760,1.0461,1.04615,1.0456,1.04565
1738049940,1.04565,1.04565,1.0452,1.0453
1738050120,1.0453,1.04555,1.0451,1.0455
1738050300,1.0455,1.04565,1.0452,1.04545
1738050480,1.0454,1.04565,1.0454,1.0455
1738050660,1.0455,1.04555,1.0452,1.0453
1738050840,1.04535,1.04585,1.0453,1.04585
1738051020,1.04585,1.04595,1.0457,1.04575
1738051200,1.0458,1.0459,1.0455,1.0457
1738051380,1.0457,1.0458,1.0453,1.04535
1738051560,1.0454,1.0458,1.04535,1.0456
1738051740,1.04555,1.04565,1.04515,1.0454
1738051920,1.04535,1.0454,1.0451,1.04535
1738052100,1.0454,1.0457,1.0453,1.0456
1738052280,1.0456,1.04575,1.04545,1.0456
1738052460,1.04555,1.0456,1.04515,1.0453
1738052640,1.0453,1.0455,1.0453,1.04545
1738052820,1.04545,1.04555,1.04515,1.04515
1738053000,1.04515,1.04515,1.0448,1.0449
1738053180,1.0449,1.04555,1.04485,1.0454
1738053360,1.04535,1.04565,1.0452,1.0455
1738053540,1.04555,1.0456,1.04515,1.0454
1738053720,1.0455,1.0458,1.0454,1.0456
1738053900,1.0456,1.0456,1.045,1.0451
1738054080,1.0451,1.0454,1.0451,1.0454
1738054260,1.0454,1.0455,1.0451,1.04515
1738054440,1.04515,1.04515,1.04425,1.0447
1738054620,1.0447,1.04505,1.0445,1.0448
1738054800,1.04485,1.0451,1.04465,1.0448
1738054980,1.04485,1.04505,1.04455,1.04505
1738055160,1.045,1.04545,1.04485,1.0453
1738055340,1.0453,1.0455,1.0453,1.0454
1738055520,1.0454,1.0456,1.0454,1.04555
1738055700,1.0456,1.04585,1.0455,1.04585
1738055880,1.0459,1.04605,1.04565,1.04575
1738056060,1.0458,1.04595,1.0457,1.04585
1738056240,1.04585,1.0463,1.0457,1.04615
1738056420,1.0462,1.04655,1.04605,1.04645
1738056600,1.0464,1.0467,1.0464,1.0466
1738056780,1.0466,1.0467,1.04645,1.04645
1738056960,1.0465,1.04665,1.0463,1.04635
1738057140,1.04645,1.0466,1.0464,1.04655
1738057320,1.04655,1.04665,1.0464,1.0464
1738057500,1.0464,1.04645,1.04605,1.0461
1738057680,1.04605,1.0461,1.04575,1.04595
1738057860,1.04595,1.046,1.04555,1.0456
1738058040,1.04565,1.0459,1.04555,1.0459
1738058220,1.04585,1.04595,1.0456,1.04585
1738058400,1.0458,1.04605,1.04565,1.04575
1738058580,1.0457,1.0459,1.0455,1.0459
1738058760,1.0459,1.04595,1.04545,1.04555
1738058940,1.0455,1.046,1.0455,1.0459
1738059120,1.0459,1.0459,1.0456,1.0458
1738059300,1.04575,1.046,1.04575,1.04595
1738059480,1.04595,1.04595,1.04525,1.04535
1738059660,1.04535,1.0455,1.04525,1.0455
1738059840,1.0455,1.0456,1.0454,1.0455
1738060020,1.0455,1.0457,1.04545,1.0455
1738060200,1.04545,1.04555,1.04535,1.0455
1738060380,1.0455,1.04585,1.04545,1.0458
1738060560,1.04575,1.0458,1.04565,1.04575
1738060740,1.0457,1.0457,1.0455,1.0456
1738060920,1.04555,1.0459,1.0455,1.04575
1738061100,1.04575,1.04575,1.04535,1.0455
1738061280,1.0455,1.0456,1.04525,1.04535
1738061460,1.0454,1.04545,1.04485,1.045
1738061640,1.045,1.04505,1.04485,1.0449
1738061820,1.0449,1.0449,1.0448,1.0448
1738062000,1.04475,1.045,1.0447,1.04485
1738062180,1.04485,1.04515,1.0448,1.04515
1738062360,1.0452,1.0454,1.0451,1.0453
1738062540,1.0454,1.0454,1.04525,1.0454
1738062720,1.04535,1.0456,1.0453,1.04555
1738062900,1.0455,1.0455,1.0451,1.04515
1738063080,1.0451,1.04525,1.0451,1.04515
1738063260,1.0452,1.04525,1.04505,1.0452
1738063440,1.0452,1.04525,1.04515,1.04515
1738063620,1.04515,1.04525,1.04505,1.0451
1738063800,1.04505,1.04525,1.04505,1.0452
1738063980,1.04515,1.0452,1.04475,1.04495
1738064160,1.04495,1.04495,1.0446,1.0447
1738064340,1.0447,1.0449,1.0447,1.0448
1738064520,1.0448,1.0451,1.0448,1.0449
1738064700,1.04485,1.04495,1.0446,1.0447
1738064880,1.04465,1.045,1.0446,1.04495
1738065060,1.04495,1.0451,1.0446,1.0448
1738065240,1.0448,1.0451,1.0448,1.04485
1738065420,1.0448,1.0449,1.04455,1.04465
1738065600,1.04465,1.04475,1.04445,1.04445
1738065780,1.0445,1.0445,1.0439,1.0441
1738065960,1.04415,1.04415,1.0437,1.04395
1738066140,1.04395,1.0442,1.04385,1.0442
1738066320,1.0442,1.04445,1.04415,1.04425
1738066500,1.04425,1.0443,1.0439,1.04395
1738066680,1.04395,1.04415,1.04375,1.04415
1738066860,1.0442,1.0444,1.0441,1.04425
1738067040,1.0443,1.0444,1.04415,1.0444
1738067220,1.04435,1.0444,1.0442,1.04435
1738067400,1.0443,1.04445,1.0441,1.04435
1738067580,1.0444,1.0446,1.0443,1.04455
1738067760,1.04455,1.04455,1.0442,1.0444
1738067940,1.0444,1.0445,1.0442,1.04445
1738068120,1.04445,1.04465,1.0444,1.04455
1738068300,1.0446,1.0447,1.0444,1.0444
1738068480,1.0444,1.0447,1.0444,1.0447
1738068660,1.0447,1.04485,1.0447,1.0448
1738068840,1.0448,1.0448,1.04435,1.0444
1738069020,1.04435,1.04435,1.044,1.04435
1738069200,1.0443,1.0445,1.0442,1.04435
1738069380,1.0444,1.0444,1.04405,1.0441
1738069560,1.0441,1.0445,1.0441,1.04445
1738069740,1.04445,1.0445,1.04435,1.04445
1738069920,1.0445,1.04475,1.0444,1.0446
1738070100,1.04465,1.04495,1.04465,1.04475
1738070280,1.04475,1.045,1.0446,1.045
1738070460,1.04495,1.0451,1.04475,1.0451
1738070640,1.04505,1.04515,1.0449,1.0451
1738070820,1.04505,1.0451,1.0448,1.0448
1738071000,1.0448,1.0453,1.0448,1.04515
1738071180,1.0452,1.04545,1.04495,1.045
1738071360,1.045,1.04515,1.04475,1.0448
1738071540,1.04485,1.0451,1.04475,1.04505
1738071720,1.04505,1.0453,1.04495,1.04525
1738071900,1.04535,1.04535,1.04485,1.04485
1738072080,1.0449,1.0449,1.0444,1.0446
1738072260,1.0446,1.04475,1.0445,1.04465
1738072440,1.04465,1.045,1.0446,1.045
1738072620,1.04495,1.04505,1.04475,1.0448
1738072800,1.04475,1.0453,1.04475,1.04495
1738072980,1.04495,1.04515,1.04475,1.04475
1738073160,1.0448,1.0453,1.04475,1.04495
1738073340,1.0449,1.04505,1.0448,1.04505
1738073520,1.04505,1.04535,1.04485,1.04525
1738073700,1.0452,1.0454,1.04515,1.0452
1738073880,1.0452,1.04565,1.04515,1.0456
1738074060,1.0456,1.0457,1.04545,1.0456
1738074240,1.0456,1.04565,1.04545,1.04545
1738074420,1.0455,1.0458,1.04545,1.04555
1738074600,1.04555,1.046,1.0454,1.04595
1738074780,1.04595,1.04605,1.0458,1.04595
1738074960,1.046,1.04645,1.046,1.04615
1738075140,1.04605,1.04615,1.04585,1.04585
1738075320,1.04585,1.04605,1.0456,1.0456
1738075500,1.0456,1.04565,1.0452,1.0454
1738075680,1.0454,1.04575,1.04535,1.04545
1738075860,1.0454,1.04555,1.0452,1.0452
1738076040,1.04515,1.0455,1.0451,1.0455
1738076220,1.0455,1.0456,1.0453,1.0455
1738076400,1.0455,1.04595,1.0455,1.0456
1738076580,1.0456,1.04605,1.0456,1.046
1738076760,1.04595,1.04615,1.04585,1.046
1738076940,1.04595,1.0461,1.04565,1.0458
1738077120,1.0458,1.0461,1.0457,1.04605
1738077300,1.04605,1.04605,1.04565,1.04605
1738077480,1.046,1.046,1.04565,1.0457
1738077660,1.04575,1.04605,1.04575,1.046
1738077840,1.04605,1.0461,1.0457,1.04595
1738078020,1.04595,1.04605,1.04555,1.04605
1738078200,1.046,1.04625,1.0459,1.04615
1738078380,1.04615,1.04625,1.04595,1.046
1738078560,1.04595,1.04605,1.04575,1.046
1738078740,1.04605,1.04615,1.0458,1.0459
1738078920,1.0459,1.0459,1.04535,1.04545
1738079100,1.0454,1.04555,1.0452,1.04535
1738079280,1.0453,1.04555,1.04515,1.0454
1738079460,1.04535,1.04535,1.0448,1.04485
1738079640,1.04485,1.0449,1.04465,1.04465
1738079820,1.04465,1.0448,1.0444,1.0447
1738080000,1.04475,1.04515,1.0447,1.0451
1738080180,1.0451,1.04525,1.045,1.04525
1738080360,1.04525,1.0454,1.0452,1.0453
1738080540,1.04525,1.0456,1.04525,1.04545
1738080720,1.0454,1.04545,1.04515,1.04515
1738080900,1.04515,1.04535,1.0451,1.0452
1738081080,1.0452,1.0453,1.045,1.045
1738081260,1.04495,1.04515,1.04485,1.045
1738081440,1.045,1.0453,1.045,1.045
1738081620,1.045,1.0452,1.0449,1.04505
1738081800,1.045,1.0451,1.04475,1.0449
1738081980,1.0449,1.04495,1.0447,1.0447
1738082160,1.0447,1.04515,1.04465,1.04505
1738082340,1.045,1.04535,1.04485,1.04485
1738082520,1.0448,1.04485,1.0445,1.0447
1738082700,1.04475,1.04495,1.04475,1.04485
1738082880,1.04485,1.04495,1.04475,1.0448
1738083060,1.0448,1.0449,1.04465,1.0447
1738083240,1.0447,1.0449,1.04455,1.04485
1738083420,1.0449,1.0449,1.0446,1.0449
1738083600,1.0449,1.0451,1.04485,1.04495
1738083780,1.045,1.04505,1.0448,1.0449
1738083960,1.0449,1.0451,1.04485,1.04505
1738084140,1.0451,1.0452,1.045,1.04515
1738084320,1.0452,1.0452,1.04495,1.045
1738084500,1.04495,1.045,1.04485,1.04495
1738084680,1.0449,1.04505,1.0448,1.0449
1738084860,1.04495,1.0451,1.04495,1.04505
1738085040,1.04505,1.04515,1.04505,1.0451
1738085220,1.04515,1.0453,1.04505,1.04505
1738085400,1.045,1.04505,1.0449,1.04505
1738085580,1.045,1.04535,1.04495,1.0453
1738085760,1.0453,1.0454,1.0453,1.04535
1738085940,1.04535,1.04575,1.04535,1.0456
1738086120,1.0456,1.0457,1.04535,1.04545
1738086300,1.0454,1.0455,1.04535,1.0454
1738086480,1.0454,1.04545,1.0453,1.0454
1738086660,1.0454,1.0455,1.04535,1.04535
1738086840,1.0453,1.0454,1.04525,1.04525
1738087020,1.04525,1.04525,1.045,1.0451
1738087200,1.04515,1.0453,1.04495,1.04515
1738087380,1.04515,1.0453,1.045,1.0451
1738087560,1.04515,1.04525,1.04515,1.04525
1738087740,1.04525,1.0453,1.0451,1.0452
1738087920,1.04525,1.0453,1.04505,1.04515
1738088100,1.0452,1.0453,1.04515,1.0453
1738088280,1.0453,1.0453,1.04525,1.0453
1738088460,1.04525,1.0456,1.04525,1.04555
1738088640,1.04555,1.0457,1.0455,1.04565
1738088820,1.04565,1.0459,1.0456,1.0458
1738089000,1.0458,1.0461,1.0458,1.04605
1738089180,1.046,1.0461,1.04585,1.04585
1738089360,1.04585,1.04585,1.04545,1.04545
1738089540,1.04545,1.04545,1.0449,1.04495
1738089720,1.0449,1.04525,1.0448,1.0448
1738089900,1.04485,1.04495,1.04465,1.04495
1738090080,1.045,1.0451,1.0449,1.045
1738090260,1.045,1.04505,1.04485,1.045
1738090440,1.04495,1.04495,1.04475,1.04495
1738090620,1.0449,1.0451,1.0449,1.04495
1738090800,1.0449,1.04515,1.0448,1.0451
1738090980,1.0451,1.0452,1.04505,1.0451
1738091160,1.0451,1.04515,1.04485,1.04485
1738091340,1.04485,1.04485,1.04465,1.0447
1738091520,1.04475,1.04485,1.0447,1.0447
1738091700,1.04465,1.0448,1.04455,1.0448
1738091880,1.0448,1.04495,1.04475,1.0449
1738092060,1.04485,1.04485,1.0447,1.04475
1738092240,1.0448,1.045,1.0447,1.04495
1738092420,1.0449,1.04505,1.04485,1.04505
1738092600,1.04505,1.0453,1.045,1.04525
1738092780,1.0453,1.0453,1.0451,1.04525
1738092960,1.04525,1.04535,1.04525,1.04525
1738093140,1.04525,1.0455,1.04525,1.0455
1738093320,1.0455,1.04555,1.04545,1.0455
1738093500,1.04555,1.0457,1.04555,1.0456
1738093680,1.04565,1.04575,1.04565,1.0457
1738093860,1.0457,1.046,1.0457,1.04585
1738094040,1.0459,1.04595,1.04575,1.04585
1738094220,1.04585,1.046,1.0458,1.04585
1738094400,1.0458,1.04585,1.0455,1.0456
1738094580,1.0456,1.0456,1.04535,1.04535
1738094760,1.04535,1.0456,1.04525,1.0456
1738094940,1.0456,1.04565,1.0454,1.0455
1738095120,1.04555,1.04565,1.0455,1.0456
1738095300,1.04555,1.04575,1.0455,1.0456
1738095480,1.04565,1.0458,1.04565,1.0458
1738095660,1.0458,1.0458,1.0456,1.04575
1738095840,1.04575,1.0458,1.04575,1.0458
1738096020,1.0458,1.04585,1.0456,1.04565
1738096200,1.0456,1.04575,1.0456,1.04565
1738096380,1.0457,1.0457,1.04545,1.0455
1738096560,1.04555,1.0456,1.04545,1.04545
1738096740,1.0455,1.04555,1.04545,1.0455
1738096920,1.0455,1.0456,1.0455,1.04555
1738097100,1.0455,1.04555,1.04535,1.0455
1738097280,1.0455,1.04565,1.0455,1.0456
1738097460,1.0456,1.04565,1.0455,1.0455
1738097640,1.04555,1.0456,1.0454,1.0456
1738097820,1.04555,1.0456,1.04545,1.04545
1738098000,1.04545,1.0455,1.0454,1.0455
1738098180,1.0455,1.04555,1.0455,1.04555
1738098360,1.04555,1.04565,1.04555,1.04565
1738098540,1.04565,1.0457,1.0456,1.04565
1738098720,1.04565,1.04565,1.0456,1.04565
1738098900,1.0456,1.04565,1.0456,1.0456
1738099080,1.0456,1.04575,1.0456,1.04565
1738099260,1.0456,1.0456,1.0455,1.0456
1738099440,1.04565,1.04565,1.0455,1.0455
1738099620,1.0455,1.0455,1.04535,1.04535
1738099800,1.04535,1.04545,1.04525,1.0454
1738099980,1.0454,1.0454,1.0453,1.04535
1738100160,1.0454,1.0454,1.04535,1.04535
1738100340,1.04535,1.04535,1.04535,1.04535
1738100520,1.04535,1.0454,1.0453,1.0454
1738100700,1.0454,1.04545,1.04535,1.04535
1738100880,1.04535,1.04535,1.0453,1.04535
1738101060,1.0454,1.0454,1.04535,1.0454
1738101240,1.04535,1.0454,1.04535,1.04535
1738101420,1.0454,1.04545,1.04535,1.04545
1738105200,1.04535,1.04535,1.04505,1.0451
1738105380,1.0451,1.0452,1.0451,1.04515
1738105560,1.0451,1.0451,1.04505,1.04505
1738105740,1.04505,1.0451,1.045,1.045
1738105920,1.04495,1.04505,1.04495,1.045
1738106100,1.045,1.0451,1.045,1.0451
1738106280,1.04505,1.0451,1.04505,1.0451
1738106460,1.0451,1.04515,1.04505,1.0451
1738106640,1.0451,1.04515,1.0451,1.04515
1738106820,1.0452,1.04525,1.0452,1.04525
1738107000,1.04525,1.0453,1.0452,1.0452
1738107180,1.04525,1.04525,1.0452,1.0452
1738107360,1.0452,1.04525,1.0451,1.0451
1738107540,1.04515,1.04515,1.04505,1.0451
1738107720,1.04515,1.04515,1.04505,1.0451
1738107900,1.0451,1.0451,1.04505,1.04505
1738108080,1.0451,1.0451,1.04505,1.04505
1738108260,1.04505,1.0451,1.04505,1.0451
1738108440,1.04515,1.04525,1.04515,1.0452
1738108620,1.04525,1.04525,1.045,1.045
1738108800,1.045,1.0452,1.04495,1.0452
1738108980,1.0452,1.0455,1.0452,1.0455
1738109160,1.0455,1.0457,1.0455,1.0457
1738109340,1.04565,1.0457,1.04555,1.04555
1738109520,1.0456,1.0456,1.04555,1.0456
1738109700,1.04565,1.0457,1.0456,1.0456
1738109880,1.0456,1.0456,1.0454,1.0454
1738110060,1.0454,1.04555,1.0454,1.04555
1738110240,1.04555,1.0456,1.0455,1.0455
1738110420,1.04555,1.0456,1.0455,1.0455
1738110600,1.04545,1.04545,1.04515,1.04525
1738110780,1.0453,1.0454,1.0452,1.04535
1738110960,1.04535,1.04535,1.0452,1.04525
1738111140,1.0453,1.04545,1.0453,1.0454
1738111320,1.0454,1.04555,1.04535,1.0455
1738111500,1.04555,1.04565,1.04555,1.04555
1738111680,1.0455,1.0455,1.0454,1.0454
1738111860,1.0454,1.0455,1.0453,1.0453
1738112040,1.04525,1.04545,1.04515,1.0454
1738112220,1.0454,1.0454,1.04525,1.0453
1738112400,1.04535,1.04545,1.04535,1.04545
1738112580,1.04545,1.04545,1.0453,1.0453
1738112760,1.0453,1.04545,1.0453,1.0453
1738112940,1.04525,1.04535,1.04525,1.04535
1738113120,1.04535,1.04545,1.04535,1.0454
1738113300,1.04545,1.0456,1.04545,1.04545
1738113480,1.04545,1.04545,1.04525,1.0454
1738113660,1.0454,1.0455,1.0454,1.04545
1738113840,1.04545,1.04565,1.0454,1.04565
1738114020,1.04565,1.0457,1.04555,1.04555
1738114200,1.0455,1.0456,1.0455,1.0455
1738114380,1.0455,1.0455,1.0454,1.04545
1738114560,1.0454,1.0455,1.0454,1.04545
1738114740,1.0455,1.0455,1.0453,1.04535
1738114920,1.0453,1.04535,1.0452,1.04535
1738115100,1.0453,1.0454,1.04525,1.04535
1738115280,1.0453,1.04535,1.04525,1.04535
1738115460,1.04535,1.0454,1.04525,1.04535
1738115640,1.0453,1.04535,1.0451,1.0451
1738115820,1.0451,1.04515,1.045,1.045
1738116000,1.04495,1.04505,1.04485,1.04505
1738116180,1.04505,1.04525,1.04505,1.0452
1738116360,1.0452,1.04535,1.0452,1.0453
1738116540,1.0453,1.04545,1.04525,1.04545
1738116720,1.04545,1.0455,1.0454,1.0454
1738116900,1.04545,1.04545,1.0453,1.0454
1738117080,1.0453,1.04535,1.04525,1.0453
1738117260,1.04535,1.04545,1.04535,1.04535
1738117440,1.04535,1.04535,1.0452,1.0452
1738117620,1.04525,1.0453,1.0452,1.0453
1738117800,1.04525,1.0454,1.0452,1.0454
1738117980,1.0454,1.04545,1.04535,1.0454
1738118160,1.0454,1.04545,1.04535,1.04545
1738118340,1.04545,1.0457,1.04545,1.04565
1738118520,1.04565,1.04565,1.04545,1.04545
1738118700,1.04545,1.0456,1.0454,1.0456
1738118880,1.04565,1.04575,1.04555,1.0457
1738119060,1.0457,1.04585,1.0457,1.0458
1738119240,1.0458,1.0458,1.04565,1.04575
1738119420,1.04575,1.0458,1.04565,1.04565
1738119600,1.0457,1.0457,1.0456,1.04565
1738119780,1.04565,1.0457,1.04565,1.0457
1738119960,1.0457,1.0457,1.04555,1.0456
1738120140,1.0456,1.04565,1.04555,1.04565
1738120320,1.0456,1.0458,1.0456,1.0458
1738120500,1.04575,1.04575,1.0456,1.0456
1738120680,1.0456,1.0456,1.0454,1.0455
1738120860,1.04555,1.0458,1.04555,1.0457
1738121040,1.04575,1.0458,1.04565,1.0458
1738121220,1.0458,1.04595,1.0458,1.0459
1738121400,1.04585,1.04585,1.0457,1.04575
1738121580,1.04575,1.0459,1.04575,1.0459
1738121760,1.04585,1.046,1.04585,1.0459
1738121940,1.0458,1.046,1.0458,1.04595
1738122120,1.0459,1.04595,1.0459,1.04595
1738122300,1.046,1.0461,1.04595,1.04595
1738122480,1.046,1.046,1.0459,1.04595
1738122660,1.04595,1.04605,1.0459,1.04605
1738122840,1.04605,1.0461,1.046,1.04605
1738123020,1.04605,1.0462,1.046,1.046
1738123200,1.04605,1.04625,1.046,1.04625
1738123380,1.0462,1.04625,1.04615,1.04615
1738123560,1.04615,1.0463,1.04615,1.0463
1738123740,1.0463,1.0464,1.04625,1.0464
1738123920,1.04635,1.04645,1.04635,1.04635
1738124100,1.0464,1.0465,1.04635,1.04645
1738124280,1.04645,1.0465,1.0464,1.0464
1738124460,1.0464,1.0464,1.04625,1.0463
1738124640,1.04625,1.04625,1.04615,1.0462
1738124820,1.0462,1.04625,1.0462,1.04625
1738125000,1.04625,1.04625,1.0462,1.04625
1738125180,1.04625,1.0464,1.04625,1.0464
1738125360,1.04635,1.04635,1.0463,1.0463
1738125540,1.0463,1.0463,1.04615,1.04615
1738125720,1.04615,1.04615,1.04605,1.0461
1738125900,1.0461,1.0462,1.0461,1.0462
1738126080,1.0462,1.0462,1.0462,1.0462
1738126260,1.0462,1.04625,1.04615,1.0462
1738126440,1.0462,1.0462,1.04605,1.04605
1738126620,1.04605,1.04615,1.04605,1.04615
1738126800,1.0461,1.04615,1.04605,1.04605
1738126980,1.04605,1.0461,1.046,1.0461
1738127160,1.0461,1.0462,1.0461,1.04615
1738127340,1.0461,1.04625,1.04605,1.0462
1738127520,1.0462,1.0462,1.04615,1.0462
1738127700,1.0462,1.04625,1.0461,1.0462
1738127880,1.0462,1.0463,1.0462,1.04625
1738128060,1.0463,1.04635,1.04625,1.04625
1738128240,1.0463,1.04635,1.0463,1.0463
1738128420,1.04625,1.04625,1.04615,1.0462
1738128600,1.0462,1.0462,1.04605,1.04605
1738128780,1.046,1.04615,1.046,1.0461
1738128960,1.0461,1.0461,1.04605,1.04605
1738129140,1.04605,1.04605,1.046,1.046
1738129320,1.04595,1.04605,1.04585,1.04585
1738129500,1.04585,1.046,1.04585,1.046
1738129680,1.046,1.04605,1.046,1.04605
1738129860,1.04605,1.0461,1.046,1.0461
1738130040,1.0461,1.0462,1.04605,1.0462
1738130220,1.04625,1.0463,1.0462,1.0463
1738130400,1.04635,1.0466,1.0463,1.0465
1738130580,1.0465,1.04665,1.04645,1.0465
1738130760,1.04645,1.04645,1.0462,1.04625
1738130940,1.04625,1.0464,1.04615,1.04635
1738131120,1.04635,1.0464,1.04635,1.04635
1738131300,1.04635,1.04645,1.0463,1.0464
1738131480,1.0464,1.0466,1.0464,1.04645
1738131660,1.0464,1.04645,1.0464,1.04645
1738131840,1.04645,1.04655,1.04645,1.0465
1738132020,1.04645,1.04655,1.0464,1.0464
1738132200,1.04645,1.04645,1.0463,1.04635
1738132380,1.0464,1.04645,1.0463,1.04635
1738132560,1.0464,1.04645,1.04635,1.04635
1738132740,1.0464,1.04655,1.0464,1.04655
1738132920,1.04655,1.0466,1.04645,1.0465
1738133100,1.0465,1.0465,1.0464,1.04645
1738133280,1.04645,1.04645,1.04625,1.04625
1738133460,1.0462,1.04645,1.0462,1.04625
1738133640,1.04625,1.0464,1.0462,1.0462
1738133820,1.0462,1.0462,1.0459,1.046
1738134000,1.04595,1.0461,1.04575,1.046
1738134180,1.046,1.046,1.04575,1.0458
1738134360,1.0458,1.04585,1.04565,1.0458
1738134540,1.0458,1.0458,1.04555,1.04565
1738134720,1.04565,1.0458,1.04555,1.0457
1738134900,1.0457,1.04575,1.04545,1.0455
1738135080,1.0455,1.0457,1.0455,1.0457
1738135260,1.04565,1.0457,1.04515,1.0452
1738135440,1.0452,1.0452,1.0447,1.04475
1738135620,1.04475,1.04475,1.0441,1.04445
1738135800,1.0445,1.0445,1.0442,1.0444
1738135980,1.0444,1.04455,1.0441,1.0445
1738136160,1.0445,1.0446,1.0443,1.04435
1738136340,1.04435,1.04455,1.0443,1.0444
1738136520,1.04435,1.04445,1.04415,1.04415
1738136700,1.0441,1.0444,1.04395,1.04405
1738136880,1.044,1.044,1.04375,1.0439
1738137060,1.04395,1.0441,1.0438,1.04385
1738137240,1.04385,1.044,1.0436,1.04395
1738137420,1.044,1.044,1.04375,1.04385
1738137600,1.0439,1.04435,1.0439,1.04405
1738137780,1.0441,1.0443,1.04405,1.0443
1738137960,1.0443,1.04465,1.0443,1.04455
1738138140,1.04455,1.0449,1.0445,1.0448
1738138320,1.04485,1.04485,1.04465,1.0447
1738138500,1.04465,1.04505,1.04455,1.04495
1738138680,1.04495,1.04525,1.04495,1.04505
1738138860,1.04505,1.0451,1.04475,1.04495
1738139040,1.04495,1.04495,1.0446,1.0447
1738139220,1.04465,1.04485,1.04465,1.0448
1738139400,1.0448,1.04495,1.04475,1.0449
1738139580,1.0449,1.0451,1.0448,1.0451
1738139760,1.0451,1.04515,1.045,1.04505
1738139940,1.045,1.0453,1.045,1.04525
1738140120,1.04525,1.04525,1.04485,1.045
1738140300,1.04505,1.04515,1.045,1.04505
1738140480,1.04505,1.0451,1.0448,1.0449
1738140660,1.04485,1.0449,1.0445,1.0445
1738140840,1.04455,1.0447,1.04445,1.04465
1738141020,1.0446,1.0448,1.0446,1.0447
1738141200,1.04465,1.0447,1.04425,1.04425
1738141380,1.0443,1.04435,1.04315,1.04315
1738141560,1.0432,1.0436,1.0432,1.0435
1738141740,1.0435,1.0437,1.04325,1.0433
1738141920,1.0433,1.0436,1.04325,1.04355
1738142100,1.0436,1.0437,1.04355,1.0437
1738142280,1.0437,1.04375,1.04355,1.04355
1738142460,1.04355,1.0438,1.04345,1.04345
1738142640,1.0434,1.04355,1.0433,1.04355
1738142820,1.0436,1.04375,1.0434,1.0436
1738143000,1.04365,1.04395,1.0436,1.04365
1738143180,1.04365,1.0439,1.04365,1.04385
1738143360,1.04385,1.04415,1.04385,1.0439
1738143540,1.0439,1.044,1.04345,1.0435
1738143720,1.0435,1.0437,1.04335,1.04365
1738143900,1.0437,1.0437,1.0433,1.04335
1738144080,1.04335,1.0434,1.0431,1.0433
1738144260,1.04335,1.04335,1.04285,1.04295
1738144440,1.0429,1.04295,1.0426,1.04265
1738144620,1.04265,1.04275,1.04245,1.0426
1738144800,1.0426,1.0428,1.0425,1.04265
1738144980,1.04265,1.0428,1.0424,1.04245
1738145160,1.04245,1.04255,1.04215,1.04235
1738145340,1.0424,1.0426,1.04235,1.0424
1738145520,1.0424,1.0424,1.04195,1.04215
1738145700,1.0421,1.04235,1.0419,1.04195
1738145880,1.04195,1.04225,1.0417,1.04225
1738146060,1.0423,1.04255,1.0423,1.04245
1738146240,1.04245,1.04255,1.04235,1.04255
1738146420,1.04255,1.04275,1.04255,1.0427
1738146600,1.04265,1.0431,1.0426,1.04295
1738146780,1.04295,1.04305,1.04285,1.04295
1738146960,1.0429,1.0429,1.0426,1.04275
1738147140,1.0427,1.0427,1.0424,1.0424
1738147320,1.0424,1.0425,1.04225,1.0424
1738147500,1.0424,1.0425,1.04215,1.04235
1738147680,1.04235,1.0425,1.0422,1.0422
1738147860,1.0422,1.04245,1.04205,1.0422
1738148040,1.0422,1.04265,1.04215,1.04255
1738148220,1.0425,1.04275,1.04245,1.0426
1738148400,1.04265,1.0427,1.04245,1.04255
1738148580,1.0426,1.04275,1.0424,1.0427
1738148760,1.0427,1.0427,1.04255,1.0426
1738148940,1.0426,1.0429,1.04255,1.04285
1738149120,1.04285,1.043,1.04285,1.04295
1738149300,1.043,1.043,1.04255,1.0426
1738149480,1.04265,1.0428,1.04265,1.04275
1738149660,1.04275,1.04295,1.0427,1.0428
1738149840,1.0428,1.0429,1.0427,1.04285
1738150020,1.04285,1.04295,1.0428,1.0428
1738150200,1.04285,1.043,1.04275,1.043
1738150380,1.04305,1.04305,1.04275,1.0428
1738150560,1.0428,1.0428,1.0423,1.0423
1738150740,1.04235,1.0425,1.04225,1.0423
1738150920,1.0423,1.0424,1.0422,1.04225
1738151100,1.04225,1.04245,1.04215,1.0424
1738151280,1.0424,1.0424,1.04205,1.0421
1738151460,1.04205,1.0422,1.04195,1.04215
1738151640,1.04215,1.04245,1.04215,1.0423
1738151820,1.0423,1.0425,1.0423,1.0424
1738152000,1.0424,1.04255,1.0423,1.0425
1738152180,1.0425,1.0426,1.04235,1.0426
1738152360,1.0426,1.04265,1.0424,1.0424
1738152540,1.04245,1.0425,1.0423,1.0425
1738152720,1.0425,1.0426,1.0421,1.0421
1738152900,1.0421,1.04225,1.0419,1.04195
1738153080,1.04195,1.04205,1.04165,1.042
1738153260,1.042,1.04225,1.0419,1.0422
1738153440,1.04225,1.04225,1.0419,1.0419
1738153620,1.04185,1.04195,1.04175,1.0418
1738153800,1.0418,1.0424,1.04175,1.04235
1738153980,1.0424,1.0424,1.0421,1.0423
1738154160,1.0423,1.0423,1.04205,1.0423
1738154340,1.04225,1.0425,1.04225,1.0425
1738154520,1.0425,1.0426,1.04235,1.04255
1738154700,1.04255,1.04255,1.0424,1.0425
1738154880,1.0425,1.04255,1.0422,1.04235
1738155060,1.04235,1.0426,1.04235,1.04245
1738155240,1.04245,1.04265,1.0424,1.04255
1738155420,1.04255,1.04275,1.0422,1.04265
1738155600,1.0427,1.04285,1.0423,1.04235
1738155780,1.04235,1.04245,1.04225,1.04235
1738155960,1.04235,1.04235,1.04185,1.04195
1738156140,1.04195,1.042,1.04105,1.04145
1738156320,1.04145,1.0417,1.04125,1.0415
1738156500,1.04145,1.0415,1.04085,1.0409
1738156680,1.0409,1.04125,1.04085,1.0411
1738156860,1.04105,1.04135,1.0407,1.04095
1738157040,1.0409,1.0411,1.04045,1.0411
1738157220,1.04105,1.04105,1.04065,1.041
1738157400,1.04105,1.0412,1.0406,1.04065
1738157580,1.04065,1.041,1.04065,1.04085
1738157760,1.04085,1.04155,1.04075,1.04145
1738157940,1.0414,1.04145,1.04125,1.0414
1738158120,1.0414,1.0414,1.041,1.04115
1738158300,1.04115,1.04125,1.0408,1.0408
1738158480,1.04085,1.041,1.0405,1.04065
1738158660,1.04065,1.0411,1.04065,1.0411
1738158840,1.04105,1.0411,1.0408,1.0408
1738159020,1.0408,1.0412,1.0408,1.041
1738159200,1.041,1.0413,1.041,1.0413
1738159380,1.04125,1.04145,1.0409,1.04145
1738159560,1.04145,1.0418,1.0414,1.04175
1738159740,1.04175,1.042,1.0416,1.04185
1738159920,1.04185,1.0419,1.0417,1.0419
1738160100,1.0419,1.04205,1.04185,1.0419
1738160280,1.0419,1.0421,1.04185,1.04195
1738160460,1.042,1.04205,1.0418,1.042
1738160640,1.042,1.04215,1.04185,1.04185
1738160820,1.04185,1.04205,1.0418,1.0419
1738161000,1.04195,1.0422,1.04175,1.0419
1738161180,1.04185,1.04185,1.0417,1.04185
1738161360,1.04185,1.04185,1.04145,1.04165
1738161540,1.04165,1.0422,1.0416,1.0419
1738161720,1.0419,1.0421,1.04175,1.04195
1738161900,1.0419,1.04235,1.0418,1.0419
1738162080,1.0419,1.04195,1.04165,1.0419
1738162260,1.0419,1.0421,1.04165,1.0417
1738162440,1.04165,1.04225,1.0416,1.0421
1738162620,1.0421,1.04245,1.04205,1.04235
1738162800,1.04235,1.0424,1.04175,1.04195
1738162980,1.0419,1.04225,1.0419,1.0421
1738163160,1.04205,1.0422,1.0418,1.04215
1738163340,1.04215,1.04265,1.04215,1.04265
1738163520,1.0427,1.0429,1.04265,1.04285
1738163700,1.0428,1.0432,1.0428,1.04315
1738163880,1.04315,1.0434,1.04285,1.043
1738164060,1.04295,1.04315,1.04285,1.043
1738164240,1.04295,1.0431,1.04275,1.04295
1738164420,1.0429,1.0431,1.04285,1.04295
1738164600,1.04295,1.04335,1.04295,1.0431
1738164780,1.0431,1.04335,1.0429,1.04315
1738164960,1.04315,1.0437,1.04315,1.04365
1738165140,1.04365,1.04405,1.04355,1.044
1738165320,1.044,1.04495,1.04395,1.0448
1738165500,1.04475,1.04495,1.0442,1.04425
1738165680,1.04425,1.0447,1.04415,1.04465
1738165860,1.04465,1.0448,1.0441,1.04415
1738166040,1.04415,1.0443,1.04405,1.04405
1738166220,1.04405,1.04455,1.04395,1.0442
1738166400,1.04425,1.0444,1.04385,1.04425
1738166580,1.04425,1.04465,1.0442,1.04435
1738166760,1.0444,1.0445,1.0434,1.04355
1738166940,1.0436,1.04395,1.0434,1.0438
1738167120,1.0438,1.04415,1.0436,1.044
1738167300,1.04405,1.0443,1.0436,1.04385
1738167480,1.0438,1.0442,1.04355,1.044
1738167660,1.044,1.0443,1.044,1.04405
1738167840,1.0441,1.0441,1.04375,1.0441
1738168020,1.0441,1.0442,1.0439,1.044
1738168200,1.044,1.04425,1.044,1.0442
1738168380,1.0442,1.04445,1.04405,1.04445
1738168560,1.04445,1.04445,1.04385,1.04405
1738168740,1.04405,1.04415,1.04385,1.044
1738168920,1.04395,1.04405,1.04385,1.0439
1738169100,1.0439,1.044,1.0438,1.04385
1738169280,1.0438,1.0442,1.0436,1.04405
1738169460,1.04405,1.04425,1.0438,1.0438
1738169640,1.04385,1.0441,1.0437,1.04405
1738169820,1.04405,1.0441,1.0438,1.0438
1738170000,1.04385,1.0449,1.0438,1.0448
1738170180,1.04485,1.0449,1.04455,1.0449
1738170360,1.0449,1.04495,1.04465,1.04475
1738170540,1.0447,1.04475,1.0444,1.04465
1738170720,1.0446,1.04485,1.0446,1.04485
1738170900,1.0448,1.0451,1.0447,1.045
1738171080,1.045,1.04505,1.0446,1.0449
1738171260,1.0449,1.0451,1.04485,1.045
1738171440,1.04495,1.0451,1.0447,1.04485
1738171620,1.04485,1.045,1.0443,1.04455
1738171800,1.0445,1.0447,1.0444,1.04445
1738171980,1.0445,1.0445,1.0442,1.0442
1738172160,1.0442,1.0442,1.0439,1.04405
1738172340,1.0441,1.0442,1.044,1.0441
1738172520,1.0441,1.0445,1.0441,1.0445
1738172700,1.04445,1.04465,1.0444,1.04445
1738172880,1.0444,1.0446,1.0443,1.0445
1738173060,1.04455,1.04455,1.04425,1.0443
1738173240,1.04435,1.04445,1.04425,1.04435
1738173420,1.04435,1.0445,1.0443,1.04435
1738173600,1.0444,1.0444,1.04365,1.0442
1738173780,1.0442,1.04435,1.04415,1.04415
1738173960,1.04415,1.0444,1.04395,1.0444
1738174140,1.0444,1.04455,1.04435,1.04445
1738174320,1.04445,1.0446,1.04445,1.04455
1738174500,1.04455,1.04465,1.04445,1.04445
1738174680,1.04445,1.04465,1.04445,1.04465
1738174860,1.04465,1.04465,1.0444,1.0444
1738175040,1.0444,1.0446,1.04425,1.04455
1738175220,1.04455,1.04475,1.0445,1.0446
1738175400,1.04455,1.0447,1.04455,1.0446
1738175580,1.0446,1.0446,1.04445,1.04455
1738175760,1.04455,1.0446,1.0444,1.0444
1738175940,1.04445,1.04455,1.04435,1.04455
1738176120,1.04445,1.04445,1.04425,1.04445
1738176300,1.0444,1.04445,1.0441,1.0443
1738176480,1.0443,1.0444,1.04385,1.04395
1738176660,1.044,1.04415,1.044,1.04405
1738176840,1.04405,1.04405,1.0439,1.0439
1738177020,1.0439,1.0444,1.04385,1.04415
1738177200,1.0443,1.0448,1.04215,1.043
1738177380,1.0429,1.0434,1.04155,1.04165
1738177560,1.04165,1.04245,1.0416,1.04235
1738177740,1.04235,1.0426,1.0416,1.04195
1738177920,1.042,1.04275,1.0419,1.0427
1738178100,1.04275,1.0428,1.0421,1.0421
1738178280,1.0421,1.04245,1.0418,1.04235
1738178460,1.0423,1.0428,1.04225,1.0427
1738178640,1.0427,1.0427,1.0419,1.0419
1738178820,1.04195,1.0422,1.0418,1.0419
1738179000,1.0419,1.04275,1.04145,1.0427
1738179180,1.0427,1.04295,1.04145,1.0417
1738179360,1.0417,1.04355,1.04105,1.043
1738179540,1.04305,1.0446,1.0429,1.0445
1738179720,1.04455,1.0446,1.04355,1.04455
1738179900,1.04455,1.04465,1.0439,1.04445
1738180080,1.0445,1.04455,1.0436,1.0441
1738180260,1.04415,1.04515,1.04395,1.04445
1738180440,1.0445,1.0446,1.0435,1.0437
1738180620,1.04365,1.04495,1.04365,1.0438
1738180800,1.04385,1.0443,1.04355,1.0436
1738180980,1.04365,1.04415,1.04355,1.04415
1738181160,1.04415,1.0443,1.04395,1.04405
1738181340,1.04405,1.0448,1.044,1.04475
1738181520,1.04475,1.04475,1.0427,1.0442
1738181700,1.04415,1.0443,1.0437,1.0438
1738181880,1.04375,1.04435,1.0434,1.044
1738182060,1.04405,1.04465,1.044,1.04465
1738182240,1.0446,1.04475,1.0442,1.04435
1738182420,1.0444,1.0444,1.0437,1.04375
1738182600,1.0438,1.04385,1.04345,1.04355
1738182780,1.0435,1.04365,1.04345,1.04355
1738182960,1.0435,1.04375,1.04345,1.04345
1738183140,1.0434,1.0437,1.04335,1.0437
1738183320,1.04365,1.04365,1.04325,1.04325
1738183500,1.0432,1.0433,1.0429,1.04295
1738183680,1.043,1.04315,1.04285,1.04295
1738183860,1.0429,1.0435,1.0429,1.04345
1738184040,1.04345,1.04355,1.0433,1.0434
1738184220,1.0434,1.0435,1.0433,1.0433
1738184400,1.04325,1.04345,1.0432,1.04345
1738184580,1.04345,1.04345,1.0431,1.04325
1738184760,1.0433,1.0435,1.04325,1.0435
1738184940,1.04345,1.0438,1.04345,1.04375
1738185120,1.04375,1.0439,1.04375,1.0439
1738185300,1.0439,1.0444,1.0437,1.04385
1738185480,1.0439,1.04415,1.0439,1.04395
1738185660,1.0439,1.04395,1.04385,1.04385
1738185840,1.04385,1.04395,1.04375,1.04395
1738186020,1.04385,1.04425,1.04385,1.04405
1738186200,1.04405,1.04415,1.04375,1.04375
1738186380,1.0437,1.04385,1.04365,1.04365
1738186560,1.04365,1.04375,1.0436,1.04365
1738186740,1.04365,1.04375,1.0436,1.04375
1738186920,1.04375,1.04395,1.04365,1.0439
1738187100,1.0439,1.0441,1.0439,1.0441
1738187280,1.04415,1.0442,1.04405,1.0442
1738187460,1.04415,1.0443,1.04415,1.0443
1738187640,1.04435,1.04445,1.0443,1.0443
1738187820,1.0443,1.0444,1.0442,1.0444
1738191600,1.04425,1.0445,1.0442,1.0443
1738191780,1.0443,1.0444,1.04425,1.0444
1738191960,1.0444,1.0444,1.0443,1.0443
1738192140,1.0443,1.0443,1.04395,1.04405
1738192320,1.044,1.0442,1.044,1.0441
1738192500,1.04415,1.0443,1.04415,1.0443
1738192680,1.04425,1.04435,1.04425,1.04425
1738192860,1.04435,1.04435,1.04425,1.04435
1738193040,1.04435,1.0444,1.04425,1.0443
1738193220,1.04435,1.0444,1.04435,1.0444
1738193400,1.04435,1.0444,1.0443,1.0443
1738193580,1.04435,1.04435,1.0443,1.0443
1738193760,1.0443,1.04435,1.04425,1.0443
1738193940,1.0443,1.04465,1.04425,1.0446
1738194120,1.0446,1.0448,1.0446,1.0447
1738194300,1.0447,1.0449,1.0447,1.04475
1738194480,1.04475,1.04485,1.04475,1.0448
1738194660,1.04475,1.04475,1.0446,1.0447
1738194840,1.0447,1.04475,1.0446,1.04465
1738195020,1.04465,1.04465,1.04455,1.04465
1738195200,1.04455,1.0447,1.04455,1.04455
1738195380,1.04455,1.04475,1.0445,1.04475
1738195560,1.0448,1.04495,1.0448,1.04495
1738195740,1.0449,1.04495,1.04485,1.04485
1738195920,1.04485,1.04495,1.04485,1.04495
1738196100,1.0449,1.04495,1.0448,1.04495
1738196280,1.04495,1.045,1.04485,1.04495
1738196460,1.04495,1.045,1.0449,1.04495
1738196640,1.04495,1.04495,1.04475,1.0448
1738196820,1.0448,1.0449,1.0448,1.0449
1738197000,1.04485,1.04485,1.04475,1.0448
1738197180,1.0448,1.04485,1.0446,1.0447
1738197360,1.0447,1.0448,1.04465,1.0448
1738197540,1.0447,1.0448,1.0447,1.04475
1738197720,1.0448,1.04485,1.04475,1.04485
1738197900,1.0449,1.04495,1.04475,1.0448
1738198080,1.0448,1.04485,1.0447,1.0447
1738198260,1.0447,1.04485,1.0447,1.0448
1738198440,1.0449,1.0449,1.04465,1.0447
1738198620,1.0447,1.0448,1.04465,1.0448
1738198800,1.0447,1.04475,1.0445,1.0445
1738198980,1.0445,1.0446,1.04415,1.04415
1738199160,1.04425,1.04435,1.0442,1.04435
1738199340,1.0444,1.0444,1.04425,1.04425
1738199520,1.0443,1.04445,1.0443,1.04445
1738199700,1.0445,1.0445,1.04415,1.0443
1738199880,1.0443,1.04445,1.0442,1.0442
1738200060,1.0442,1.04425,1.04405,1.04405
1738200240,1.0441,1.04415,1.0441,1.04415
1738200420,1.04425,1.0443,1.0442,1.0442
1738200600,1.04415,1.0442,1.04415,1.0442
1738200780,1.0443,1.0443,1.0443,1.0443
1738200960,1.04435,1.04435,1.0443,1.04435
1738201140,1.04435,1.04435,1.0443,1.0443
1738201320,1.04435,1.04435,1.0442,1.0442
1738201500,1.0443,1.0443,1.04425,1.04425
1738201680,1.04425,1.04435,1.04425,1.0443
1738201860,1.04425,1.04425,1.0442,1.04425
1738202040,1.0443,1.04435,1.0443,1.04435
1738202220,1.04425,1.04425,1.04415,1.04415
1738202400,1.0442,1.0443,1.0442,1.04425
1738202580,1.04425,1.0444,1.04425,1.04435
1738202760,1.04435,1.04455,1.04435,1.04455
1738202940,1.0446,1.04465,1.04455,1.0446
1738203120,1.0446,1.0448,1.04455,1.04475
1738203300,1.04475,1.04485,1.04455,1.04475
1738203480,1.0448,1.04485,1.04465,1.0447
1738203660,1.04475,1.04475,1.04445,1.04445
1738203840,1.0445,1.0445,1.04435,1.0444
1738204020,1.0444,1.0445,1.0443,1.04445
1738204200,1.0445,1.0445,1.0444,1.04445
1738204380,1.0445,1.0446,1.0445,1.0445
1738204560,1.04445,1.04445,1.04425,1.0444
1738204740,1.04435,1.0445,1.04425,1.04445
1738204920,1.0445,1.04455,1.0444,1.04455
1738205100,1.0446,1.0446,1.04445,1.0445
1738205280,1.0445,1.0445,1.0444,1.0445
1738205460,1.0445,1.0447,1.04445,1.04465
1738205640,1.0446,1.04465,1.0444,1.0444
1738205820,1.04435,1.04455,1.04435,1.04445
1738206000,1.04445,1.04445,1.0443,1.0444
1738206180,1.04445,1.0445,1.04435,1.0444
1738206360,1.0444,1.04455,1.0444,1.04455
1738206540,1.0445,1.04455,1.0445,1.04455
1738206720,1.04455,1.04455,1.04445,1.04455
1738206900,1.04455,1.04465,1.0445,1.04465
1738207080,1.04465,1.0447,1.0445,1.0447
1738207260,1.04475,1.0448,1.0446,1.0446
1738207440,1.04455,1.04465,1.04455,1.0446
1738207620,1.0446,1.0446,1.0446,1.0446
1738207800,1.04465,1.04475,1.0446,1.04465
1738207980,1.04465,1.04465,1.0444,1.0444
1738208160,1.0444,1.0446,1.04435,1.04455
1738208340,1.04455,1.0447,1.04455,1.04465
1738208520,1.0447,1.04475,1.04465,1.04465
1738208700,1.04465,1.04465,1.0445,1.0445
1738208880,1.04455,1.04465,1.04455,1.04465
1738209060,1.04465,1.0447,1.0446,1.0446
1738209240,1.0446,1.04465,1.0446,1.04465
1738209420,1.04465,1.04465,1.0446,1.0446
1738209600,1.04465,1.04475,1.0446,1.04475
1738209780,1.04475,1.04485,1.04465,1.0448
1738209960,1.0448,1.04485,1.0448,1.0448
1738210140,1.0448,1.0448,1.04465,1.04465
1738210320,1.0447,1.04485,1.0447,1.0448
1738210500,1.04485,1.04485,1.0446,1.0447
1738210680,1.04465,1.04475,1.0446,1.04465
1738210860,1.04465,1.0447,1.04465,1.04465
1738211040,1.04465,1.04465,1.04455,1.0446
1738211220,1.04455,1.04455,1.04445,1.0445
1738211400,1.04445,1.04445,1.04415,1.04415
1738211580,1.0442,1.04425,1.0442,1.04425
1738211760,1.0442,1.0443,1.04415,1.04415
1738211940,1.04415,1.04415,1.0439,1.04395
1738212120,1.0439,1.04405,1.0439,1.04405
1738212300,1.04405,1.0441,1.044,1.044
1738212480,1.044,1.0441,1.0439,1.0441
1738212660,1.0441,1.0441,1.04405,1.0441
1738212840,1.0441,1.0441,1.044,1.044
1738213020,1.044,1.0441,1.04395,1.04405
1738213200,1.044,1.04415,1.04395,1.04415
1738213380,1.04415,1.04425,1.0441,1.0441
1738213560,1.0441,1.0441,1.04395,1.04395
1738213740,1.04395,1.044,1.0439,1.0439
1738213920,1.04395,1.044,1.0439,1.044
1738214100,1.044,1.0441,1.044,1.04405
1738214280,1.0441,1.0441,1.044,1.044
1738214460,1.04395,1.044,1.0439,1.04395
1738214640,1.044,1.0441,1.044,1.0441
1738214820,1.04405,1.04415,1.04405,1.04415
1738215000,1.04415,1.04425,1.04415,1.0442
1738215180,1.0442,1.04425,1.0442,1.0442
1738215360,1.04425,1.04425,1.04405,1.04405
1738215540,1.04405,1.04425,1.04405,1.04415
1738215720,1.0441,1.0441,1.04395,1.044
1738215900,1.04395,1.04405,1.0439,1.044
1738216080,1.04405,1.0441,1.04395,1.04395
1738216260,1.044,1.0442,1.044,1.0442
1738216440,1.04415,1.04415,1.0441,1.04415
1738216620,1.04415,1.04435,1.04415,1.0443
1738216800,1.04435,1.04435,1.0442,1.0442
1738216980,1.0442,1.04425,1.0441,1.0442
1738217160,1.0442,1.04425,1.04415,1.04415
1738217340,1.0442,1.0442,1.044,1.044
1738217520,1.044,1.04405,1.0438,1.04385
1738217700,1.0439,1.04405,1.04385,1.04385
1738217880,1.04385,1.0439,1.0438,1.0438
1738218060,1.04385,1.0439,1.0438,1.04385
1738218240,1.04385,1.04385,1.0436,1.04365
1738218420,1.04365,1.04365,1.0435,1.0436
1738218600,1.0436,1.04365,1.04335,1.0434
1738218780,1.04345,1.04345,1.0432,1.04325
1738218960,1.04325,1.0434,1.04325,1.04335
1738219140,1.0434,1.04355,1.0433,1.04355
1738219320,1.04355,1.04365,1.04345,1.04345
1738219500,1.0434,1.0435,1.04335,1.0434
1738219680,1.0434,1.0435,1.04335,1.0435
1738219860,1.0435,1.04355,1.0434,1.04355
1738220040,1.04355,1.0436,1.04335,1.04345
1738220220,1.04345,1.04355,1.04345,1.0435
1738220400,1.0435,1.04355,1.0433,1.0433
1738220580,1.0433,1.0434,1.0432,1.0433
1738220760,1.04335,1.04345,1.04305,1.0431
1738220940,1.04315,1.0433,1.04315,1.0433
1738221120,1.0433,1.0435,1.04325,1.0434
1738221300,1.04345,1.04345,1.04325,1.0434
1738221480,1.0434,1.0435,1.04325,1.04345
1738221660,1.04345,1.0436,1.04335,1.0434
1738221840,1.0434,1.04345,1.0432,1.04345
1738222020,1.04345,1.0437,1.04345,1.0436
1738222200,1.04355,1.04355,1.0434,1.0435
1738222380,1.04355,1.04375,1.0435,1.04355
1738222560,1.0436,1.04365,1.0435,1.0436
1738222740,1.04365,1.04395,1.0436,1.04395
1738222920,1.04395,1.0442,1.0439,1.04415
1738223100,1.0442,1.0442,1.0439,1.04395
1738223280,1.0439,1.0442,1.0439,1.0442
1738223460,1.04415,1.04425,1.044,1.04415
1738223640,1.04415,1.04445,1.0441,1.0443
1738223820,1.04425,1.04455,1.04425,1.0445
1738224000,1.04455,1.04505,1.04385,1.04405
1738224180,1.04405,1.04465,1.044,1.0446
1738224360,1.0446,1.0446,1.04415,1.0444
1738224540,1.04435,1.04435,1.04415,1.04435
1738224720,1.04435,1.04455,1.0441,1.04415
1738224900,1.0441,1.04425,1.0439,1.04425
1738225080,1.0442,1.0443,1.04405,1.0443
1738225260,1.0443,1.0445,1.0443,1.0445
1738225440,1.04445,1.04445,1.04425,1.0443
1738225620,1.0443,1.04455,1.0443,1.04445
1738225800,1.0445,1.0445,1.04405,1.0442
1738225980,1.04425,1.04445,1.04415,1.0444
1738226160,1.04435,1.0445,1.04415,1.04415
1738226340,1.0442,1.0443,1.0437,1.0441
1738226520,1.04405,1.04435,1.04405,1.04425
1738226700,1.0442,1.04455,1.04405,1.04455
1738226880,1.04445,1.04455,1.0443,1.04435
1738227060,1.0443,1.04435,1.04405,1.0441
1738227240,1.0441,1.04425,1.044,1.0441
1738227420,1.0441,1.04435,1.0441,1.0443
1738227600,1.04435,1.0444,1.0437,1.0438
1738227780,1.04375,1.04375,1.0424,1.0429
1738227960,1.0429,1.043,1.04255,1.0429
1738228140,1.04285,1.0429,1.04255,1.04275
1738228320,1.04275,1.04305,1.04275,1.04305
1738228500,1.04305,1.0433,1.04305,1.0433
1738228680,1.0433,1.04345,1.0431,1.0432
1738228860,1.0432,1.0432,1.04265,1.04285
1738229040,1.0429,1.0429,1.0425,1.04275
1738229220,1.04275,1.04295,1.04275,1.04295
1738229400,1.04295,1.04325,1.0429,1.04305
1738229580,1.04305,1.0433,1.0429,1.04305
1738229760,1.043,1.043,1.0425,1.0426
1738229940,1.04255,1.04265,1.04245,1.0425
1738230120,1.04255,1.04275,1.04235,1.04265
1738230300,1.0427,1.04285,1.0426,1.04265
1738230480,1.04265,1.04295,1.0426,1.0429
1738230660,1.0429,1.0429,1.04265,1.04275
1738230840,1.04275,1.04285,1.04265,1.04285
1738231020,1.04285,1.04295,1.04275,1.0429
1738231200,1.04285,1.0429,1.0426,1.0428
1738231380,1.04275,1.0429,1.0424,1.0428
1738231560,1.0428,1.04295,1.0426,1.04275
1738231740,1.04275,1.0429,1.0426,1.0428
1738231920,1.04285,1.0429,1.0426,1.0428
1738232100,1.0428,1.04305,1.0428,1.0428
1738232280,1.0428,1.0428,1.0426,1.04275
1738232460,1.04275,1.04315,1.04275,1.04315
1738232640,1.04315,1.04325,1.043,1.043
1738232820,1.04295,1.0431,1.04295,1.0431
1738233000,1.04315,1.04315,1.04295,1.04305
1738233180,1.04305,1.0432,1.043,1.04305
1738233360,1.04305,1.0432,1.04295,1.043
1738233540,1.043,1.0433,1.043,1.0432
1738233720,1.04315,1.04315,1.04275,1.04275
1738233900,1.0427,1.04275,1.0426,1.0427
1738234080,1.0427,1.0427,1.0419,1.042
1738234260,1.042,1.0423,1.0417,1.04225
1738234440,1.04225,1.0423,1.0421,1.04225
1738234620,1.04225,1.0423,1.04215,1.0422
1738234800,1.04215,1.04215,1.0416,1.04185
1738234980,1.0419,1.042,1.0416,1.0418
1738235160,1.0418,1.0418,1.0416,1.04175
1738235340,1.0417,1.04175,1.0414,1.0416
1738235520,1.0416,1.04165,1.0414,1.04145
1738235700,1.0415,1.0418,1.0414,1.0418
1738235880,1.0418,1.0419,1.04165,1.0417
1738236060,1.04165,1.04165,1.04135,1.04135
1738236240,1.04135,1.0415,1.0413,1.0414
1738236420,1.04145,1.04155,1.04135,1.04155
1738236600,1.04155,1.0418,1.04155,1.04175
1738236780,1.04175,1.0418,1.0416,1.0416
1738236960,1.0416,1.04195,1.0416,1.04195
1738237140,1.0419,1.0421,1.04185,1.04205
1738237320,1.04205,1.04205,1.0418,1.04195
1738237500,1.04195,1.0421,1.04185,1.04185
1738237680,1.0418,1.04185,1.04165,1.0417
1738237860,1.0417,1.0418,1.04155,1.0417
1738238040,1.0417,1.0418,1.04155,1.0416
1738238220,1.0416,1.04165,1.04125,1.0413
1738238400,1.04135,1.04155,1.04115,1.0414
1738238580,1.0414,1.0415,1.0413,1.0414
1738238760,1.04145,1.0417,1.04135,1.04165
1738238940,1.0416,1.0417,1.04145,1.0415
1738239120,1.0415,1.0417,1.04145,1.04155
1738239300,1.0415,1.0419,1.04145,1.0418
1738239480,1.04185,1.0419,1.0417,1.0418
1738239660,1.04175,1.0419,1.0416,1.0418
1738239840,1.0418,1.0421,1.0418,1.042
1738240020,1.042,1.04225,1.04195,1.0422
1738240200,1.04225,1.0423,1.04195,1.0421
1738240380,1.0421,1.04215,1.04195,1.0421
1738240560,1.0421,1.04225,1.042,1.0421
1738240740,1.0421,1.04215,1.04175,1.04175
1738240920,1.0417,1.0421,1.0417,1.0421
1738241100,1.04215,1.04225,1.0421,1.04215
1738241280,1.0422,1.04265,1.04215,1.0426
1738241460,1.0426,1.0427,1.0425,1.04255
1738241640,1.04255,1.04265,1.0424,1.0424
1738241820,1.0424,1.04245,1.0423,1.04245
1738242000,1.0425,1.04265,1.0423,1.0423
1738242180,1.04235,1.0426,1.0423,1.04245
1738242360,1.0425,1.04265,1.0424,1.0426
1738242540,1.04255,1.0426,1.04235,1.04255
1738242720,1.0425,1.04275,1.0424,1.04275
1738242900,1.0427,1.04305,1.0425,1.04265
1738243080,1.0426,1.04315,1.04245,1.043
1738243260,1.043,1.0436,1.043,1.0435
1738243440,1.0435,1.04365,1.04325,1.04365
1738243620,1.04365,1.04415,1.0436,1.04395
1738243800,1.04365,1.0438,1.04235,1.04295
1738243980,1.04295,1.0432,1.04265,1.0427
1738244160,1.0427,1.04335,1.0427,1.04335
1738244340,1.04335,1.04365,1.04325,1.04365
1738244520,1.04365,1.04415,1.0436,1.04365
1738244700,1.0436,1.04405,1.04355,1.044
1738244880,1.04405,1.04475,1.04405,1.0445
1738245060,1.04445,1.04565,1.04435,1.045
1738245240,1.045,1.04585,1.0446,1.0457
1738245420,1.0457,1.0481,1.04555,1.04785
1738245600,1.04775,1.0489,1.04735,1.04755
1738245780,1.04755,1.04765,1.0462,1.04665
1738245960,1.04665,1.047,1.04565,1.04575
1738246140,1.04575,1.04605,1.0456,1.04575
1738246320,1.04575,1.046,1.04525,1.046
1738246500,1.04595,1.0464,1.04535,1.04565
1738246680,1.0457,1.0457,1.04505,1.04525
1738246860,1.04515,1.0459,1.04515,1.04585
1738247040,1.0459,1.0461,1.04545,1.04585
1738247220,1.04585,1.046,1.0452,1.0455
1738247400,1.04555,1.04575,1.04485,1.0451
1738247580,1.0451,1.04515,1.0444,1.04455
1738247760,1.0446,1.0454,1.0444,1.0452
1738247940,1.04515,1.04525,1.0446,1.04515
1738248120,1.0452,1.04525,1.04475,1.0448
1738248300,1.0448,1.0449,1.04405,1.04445
1738248480,1.04445,1.0448,1.0444,1.04465
1738248660,1.04465,1.0448,1.04415,1.0448
1738248840,1.0448,1.04535,1.04475,1.04495
1738249020,1.04495,1.04535,1.0448,1.04495
1738249200,1.045,1.0458,1.04495,1.04545
1738249380,1.04545,1.04575,1.0451,1.0456
1738249560,1.0456,1.04615,1.04545,1.04545
1738249740,1.0455,1.046,1.0455,1.046
1738249920,1.046,1.0461,1.04515,1.04545
1738250100,1.04545,1.04615,1.04545,1.04595
1738250280,1.046,1.0461,1.0456,1.04565
1738250460,1.04565,1.0459,1.0455,1.0456
1738250640,1.0456,1.0458,1.04535,1.04535
1738250820,1.0454,1.04555,1.04525,1.04535
1738251000,1.04535,1.0458,1.0453,1.04555
1738251180,1.04555,1.04575,1.0453,1.0453
1738251360,1.04535,1.0454,1.04485,1.04485
1738251540,1.0449,1.0464,1.04485,1.04605
1738251720,1.046,1.046,1.04545,1.0457
1738251900,1.0457,1.0457,1.0449,1.0452
1738252080,1.0452,1.046,1.0452,1.0459
1738252260,1.0459,1.046,1.04525,1.0453
1738252440,1.0453,1.0455,1.045,1.0453
1738252620,1.0453,1.04535,1.045,1.04525
1738252800,1.0453,1.04565,1.0449,1.0451
1738252980,1.04515,1.0452,1.0448,1.0451
1738253160,1.0451,1.04535,1.04505,1.0451
1738253340,1.04505,1.0452,1.04475,1.04485
1738253520,1.04485,1.04525,1.0448,1.04515
1738253700,1.0452,1.0453,1.0447,1.04485
1738253880,1.04485,1.045,1.0447,1.04475
1738254060,1.0448,1.04485,1.04465,1.0447
1738254240,1.0447,1.0447,1.0444,1.04445
1738254420,1.0445,1.0448,1.0445,1.04465
1738254600,1.0447,1.04475,1.04435,1.0445
1738254780,1.04445,1.04495,1.0443,1.0449
1738254960,1.0449,1.045,1.04455,1.0446
1738255140,1.04455,1.04475,1.04435,1.0444
1738255320,1.0444,1.04445,1.04425,1.04435
1738255500,1.04435,1.04445,1.04425,1.04425
1738255680,1.0442,1.04425,1.04385,1.04395
1738255860,1.04395,1.0442,1.04385,1.0442
1738256040,1.0442,1.0442,1.04395,1.04415
1738256220,1.0442,1.0442,1.04385,1.0441
1738256400,1.04405,1.0442,1.04395,1.0441
1738256580,1.04405,1.04425,1.04395,1.04405
1738256760,1.044,1.044,1.0436,1.04365
1738256940,1.04365,1.04365,1.04335,1.04345
1738257120,1.04345,1.04355,1.0431,1.0434
1738257300,1.0434,1.0434,1.0431,1.04315
1738257480,1.0432,1.0445,1.04315,1.0443
1738257660,1.0443,1.0443,1.0437,1.04375
1738257840,1.04375,1.0441,1.04365,1.0437
1738258020,1.04375,1.0438,1.0435,1.04365
1738258200,1.0437,1.04395,1.04365,1.0438
1738258380,1.0438,1.04385,1.0436,1.04375
1738258560,1.0438,1.0439,1.0437,1.04385
1738258740,1.0438,1.04385,1.0437,1.0437
1738258920,1.04375,1.0438,1.04355,1.04365
1738259100,1.0437,1.0438,1.0436,1.04375
1738259280,1.0437,1.044,1.0437,1.0437
1738259460,1.0437,1.0439,1.04365,1.0439
1738259640,1.0439,1.04415,1.04365,1.04375
1738259820,1.04375,1.0439,1.04375,1.04385
1738260000,1.0439,1.044,1.0437,1.04395
1738260180,1.04395,1.04415,1.04395,1.0441
1738260360,1.0441,1.0441,1.0439,1.04405
1738260540,1.044,1.0443,1.04395,1.04425
1738260720,1.0442,1.04425,1.04415,1.04415
1738260900,1.0442,1.0442,1.04405,1.0441
1738261080,1.04405,1.04435,1.04395,1.04435
1738261260,1.0444,1.04445,1.04425,1.0444
1738261440,1.0444,1.0444,1.0443,1.04435
1738261620,1.04435,1.04455,1.04435,1.0444
1738261800,1.0444,1.0445,1.0443,1.0445
1738261980,1.0445,1.04465,1.0445,1.04455
1738262160,1.0446,1.0446,1.0444,1.0445
1738262340,1.04445,1.0446,1.0444,1.0445
1738262520,1.0445,1.0446,1.0444,1.0444
1738262700,1.0444,1.04455,1.04435,1.04455
1738262880,1.0446,1.04465,1.04455,1.04455
1738263060,1.04455,1.0447,1.04455,1.04465
1738263240,1.04465,1.0447,1.0445,1.0445
1738263420,1.04445,1.04465,1.04445,1.04465
1738263600,1.04465,1.04475,1.0446,1.0447
1738263780,1.04465,1.04475,1.0445,1.0447
1738263960,1.04475,1.04475,1.0445,1.0445
1738264140,1.0445,1.0447,1.0444,1.0447
1738264320,1.0447,1.04475,1.0446,1.04465
1738264500,1.0447,1.04475,1.04455,1.04455
1738264680,1.0446,1.0446,1.0445,1.0445
1738264860,1.04455,1.04465,1.04445,1.04455
1738265040,1.0446,1.0447,1.0446,1.04465
1738265220,1.04465,1.04475,1.04465,1.0447
1738265400,1.0447,1.0448,1.04465,1.0448
1738265580,1.0448,1.0449,1.0448,1.04485
1738265760,1.04485,1.0449,1.0448,1.04485
1738265940,1.04485,1.0449,1.0448,1.0449
1738266120,1.04495,1.045,1.04485,1.04495
1738266300,1.0449,1.04515,1.0449,1.0451
1738266480,1.04505,1.0451,1.04495,1.045
1738266660,1.04505,1.0451,1.0447,1.04475
1738266840,1.0448,1.04505,1.0448,1.04505
1738267020,1.04505,1.04515,1.0449,1.04495
1738267200,1.045,1.045,1.0448,1.04485
1738267380,1.04485,1.04495,1.0448,1.0449
1738267560,1.04485,1.04495,1.04485,1.04485
1738267740,1.04485,1.0449,1.0448,1.04485
1738267920,1.04485,1.04495,1.0448,1.0449
1738268100,1.04495,1.04515,1.04485,1.0451
1738268280,1.0451,1.04515,1.04505,1.0451
1738268460,1.04515,1.0452,1.0451,1.04515
1738268640,1.0451,1.0452,1.04505,1.04515
1738268820,1.04515,1.04525,1.04515,1.0452
1738269000,1.04525,1.04535,1.04525,1.04535
1738269180,1.04535,1.04535,1.0453,1.0453
1738269360,1.0453,1.0453,1.0422,1.04285
1738269540,1.04285,1.04285,1.0408,1.0414
1738269720,1.04145,1.0417,1.04075,1.04105
1738269900,1.041,1.04305,1.04095,1.04285
1738270080,1.0429,1.04335,1.04245,1.04245
1738270260,1.04255,1.04295,1.04235,1.04285
1738270440,1.0428,1.0429,1.04235,1.04245
1738270620,1.0425,1.0433,1.0425,1.0429
1738270800,1.04285,1.0434,1.0428,1.04335
1738270980,1.04335,1.04355,1.0431,1.04315
1738271160,1.0431,1.0431,1.0415,1.04155
1738271340,1.04145,1.04175,1.04085,1.04145
1738271520,1.04145,1.04185,1.0413,1.0416
1738271700,1.0416,1.04165,1.04125,1.0416
1738271880,1.04155,1.0419,1.0415,1.04175
1738272060,1.0418,1.0419,1.0416,1.04165
1738272240,1.0416,1.0416,1.0411,1.0413
1738272420,1.04135,1.04145,1.04115,1.0414
1738272600,1.0414,1.0418,1.0414,1.04175
1738272780,1.0417,1.04175,1.0415,1.0415
1738272960,1.0415,1.04155,1.0412,1.0415
1738273140,1.0416,1.0416,1.0412,1.0413
1738273320,1.0414,1.0416,1.04105,1.04135
1738273500,1.04135,1.04165,1.0412,1.0415
1738273680,1.0415,1.0417,1.0414,1.0414
1738273860,1.0414,1.04145,1.04135,1.04145
1738274040,1.04145,1.04145,1.04125,1.04145
1738274220,1.0414,1.04155,1.04125,1.04125
1738278000,1.0412,1.0412,1.04075,1.041
1738278180,1.04105,1.0411,1.04075,1.041
1738278360,1.041,1.04105,1.04075,1.04075
1738278540,1.04075,1.0409,1.04065,1.0407
1738278720,1.0407,1.0408,1.0406,1.0408
1738278900,1.0408,1.04095,1.0408,1.0409
1738279080,1.0409,1.041,1.0409,1.041
1738279260,1.041,1.04105,1.04095,1.041
1738279440,1.04105,1.0411,1.04095,1.0411
1738279620,1.04115,1.0413,1.0411,1.0412
1738279800,1.0412,1.0413,1.0412,1.04125
1738279980,1.0412,1.0414,1.0411,1.0414
1738280160,1.0414,1.04155,1.04135,1.04155
1738280340,1.04155,1.04165,1.04145,1.0416
1738280520,1.04165,1.04175,1.04165,1.0417
1738280700,1.04165,1.0417,1.0416,1.0417
1738280880,1.04175,1.0418,1.0416,1.0416
1738281060,1.04165,1.04175,1.0415,1.04155
1738281240,1.04155,1.04155,1.04145,1.04155
1738281420,1.0416,1.0419,1.0416,1.0418
1738281600,1.04175,1.0419,1.04165,1.0419
1738281780,1.0419,1.04225,1.0419,1.04225
1738281960,1.04225,1.04225,1.0421,1.04225
1738282140,1.0423,1.04235,1.0421,1.04215
1738282320,1.04215,1.0422,1.04195,1.04195
1738282500,1.04195,1.04195,1.0417,1.0419
1738282680,1.0419,1.04205,1.04185,1.04185
1738282860,1.04185,1.04195,1.04185,1.04185
1738283040,1.0419,1.04195,1.0418,1.0418
1738283220,1.04185,1.04185,1.04175,1.04175
1738283400,1.0417,1.04185,1.0417,1.04175
1738283580,1.04175,1.04175,1.0414,1.04145
1738283760,1.0415,1.04165,1.0415,1.04155
1738283940,1.0416,1.0416,1.04135,1.04135
1738284120,1.0413,1.0414,1.04115,1.04115
1738284300,1.04115,1.04115,1.04065,1.0407
1738284480,1.0407,1.0409,1.0407,1.04085
1738284660,1.0409,1.041,1.04075,1.04085
1738284840,1.04075,1.0408,1.0406,1.0408
1738285020,1.04085,1.0409,1.0407,1.0408
1738285200,1.04075,1.0409,1.0406,1.0409
1738285380,1.04095,1.041,1.0408,1.04095
1738285560,1.04095,1.04125,1.04095,1.041
1738285740,1.041,1.041,1.0408,1.04085
1738285920,1.04085,1.04105,1.0408,1.04095
1738286100,1.04095,1.041,1.04085,1.041
1738286280,1.041,1.04105,1.0409,1.04105
1738286460,1.04105,1.0411,1.04095,1.04095
1738286640,1.04095,1.0411,1.0408,1.0411
1738286820,1.04105,1.04105,1.0397,1.04075
1738287000,1.0408,1.04125,1.0408,1.04095
1738287180,1.041,1.04125,1.04095,1.04095
1738287360,1.041,1.04135,1.041,1.0413
1738287540,1.0413,1.04135,1.04115,1.04115
1738287720,1.0411,1.04115,1.0409,1.0409
1738287900,1.0409,1.0412,1.0409,1.04105
1738288080,1.04105,1.04105,1.0409,1.04095
1738288260,1.0409,1.041,1.04075,1.04075
1738288440,1.0407,1.041,1.0407,1.041
1738288620,1.04095,1.041,1.0409,1.041
1738288800,1.041,1.04115,1.041,1.041
1738288980,1.04105,1.04125,1.041,1.0411
1738289160,1.04105,1.04105,1.04085,1.04085
1738289340,1.0409,1.04095,1.0408,1.04095
1738289520,1.04095,1.04125,1.04095,1.0412
1738289700,1.0412,1.04135,1.04115,1.04135
1738289880,1.04135,1.0414,1.04125,1.0413
1738290060,1.0413,1.0414,1.04115,1.04135
1738290240,1.04135,1.04135,1.0412,1.04135
1738290420,1.04135,1.0414,1.0412,1.0412
1738290600,1.04115,1.04115,1.0411,1.0411
1738290780,1.0411,1.04135,1.0411,1.04135
1738290960,1.04135,1.0414,1.04125,1.04135
1738291140,1.04135,1.04165,1.04125,1.0415
1738291320,1.0415,1.0415,1.04135,1.0414
1738291500,1.0414,1.0414,1.04125,1.04125
1738291680,1.0412,1.0414,1.04115,1.0414
1738291860,1.04135,1.04135,1.04125,1.0413
1738292040,1.04135,1.0415,1.04125,1.04135
1738292220,1.0413,1.0413,1.041,1.04105
1738292400,1.04105,1.04115,1.0409,1.04095
1738292580,1.0409,1.0409,1.0406,1.0407
1738292760,1.04065,1.04075,1.04055,1.04075
1738292940,1.0408,1.0409,1.04075,1.04085
1738293120,1.04085,1.0411,1.0408,1.0411
1738293300,1.0411,1.04125,1.0411,1.04115
1738293480,1.04115,1.04115,1.041,1.041
1738293660,1.04105,1.04115,1.04095,1.041
1738293840,1.041,1.04105,1.04095,1.04095
1738294020,1.0409,1.04095,1.0409,1.0409
1738294200,1.0409,1.041,1.0409,1.041
1738294380,1.04095,1.041,1.04095,1.04095
1738294560,1.04095,1.04095,1.04085,1.0409
1738294740,1.04085,1.0409,1.0408,1.0408
1738294920,1.0408,1.0409,1.0408,1.0409
1738295100,1.0409,1.0409,1.0408,1.0408
1738295280,1.0408,1.04085,1.0408,1.0408
1738295460,1.0408,1.0408,1.0406,1.0406
1738295640,1.04055,1.04065,1.04045,1.0405
1738295820,1.0405,1.0406,1.04045,1.0406
1738296000,1.0406,1.0406,1.04045,1.0405
1738296180,1.0405,1.04055,1.0405,1.0405
1738296360,1.0405,1.04055,1.04045,1.0405
1738296540,1.0405,1.04055,1.0404,1.0405
1738296720,1.0405,1.04065,1.0405,1.0406
1738296900,1.04055,1.0406,1.04045,1.0405
1738297080,1.04055,1.0406,1.04055,1.04055
1738297260,1.04055,1.04065,1.04055,1.0406
1738297440,1.04055,1.04075,1.04055,1.0407
1738297620,1.0407,1.04075,1.0407,1.0407
1738297800,1.0407,1.0407,1.0405,1.0405
1738297980,1.0405,1.04055,1.0405,1.0405
1738298160,1.04055,1.04065,1.04055,1.0406
1738298340,1.04065,1.0409,1.04065,1.0409
1738298520,1.0409,1.04095,1.04085,1.04095
1738298700,1.04095,1.0411,1.04095,1.04095
1738298880,1.04095,1.04105,1.04085,1.041
1738299060,1.041,1.041,1.0409,1.0409
1738299240,1.0409,1.0409,1.04075,1.04085
1738299420,1.0409,1.0409,1.04085,1.04085
1738299600,1.04085,1.041,1.04075,1.041
1738299780,1.041,1.04115,1.041,1.04115
1738299960,1.0411,1.04115,1.04105,1.0411
1738300140,1.0411,1.0411,1.041,1.04105
1738300320,1.0411,1.0411,1.04105,1.04105
1738300500,1.041,1.04105,1.04095,1.04095
1738300680,1.0409,1.04105,1.0409,1.04105
1738300860,1.04105,1.04105,1.04095,1.041
1738301040,1.0409,1.0409,1.0408,1.04085
1738301220,1.0408,1.04085,1.04075,1.0408
1738301400,1.04075,1.0408,1.0407,1.0407
1738301580,1.04075,1.04075,1.0406,1.0406
1738301760,1.04065,1.0408,1.04065,1.0408
1738301940,1.04075,1.0408,1.0407,1.0407
1738302120,1.0407,1.0408,1.0407,1.04075
1738302300,1.0408,1.04085,1.0407,1.0408
1738302480,1.0408,1.0409,1.0408,1.0409
1738302660,1.04085,1.04105,1.0408,1.0409
1738302840,1.04095,1.04105,1.04085,1.04085
1738303020,1.0408,1.041,1.0408,1.04095
1738303200,1.04095,1.041,1.0409,1.0409
1738303380,1.0409,1.041,1.04085,1.041
1738303560,1.04095,1.04105,1.04095,1.04095
1738303740,1.04095,1.041,1.0409,1.0409
1738303920,1.0409,1.041,1.04085,1.04095
1738304100,1.041,1.04105,1.0409,1.0409
1738304280,1.0409,1.041,1.0409,1.041
1738304460,1.04095,1.04115,1.04095,1.04105
1738304640,1.04105,1.04105,1.04085,1.04085
1738304820,1.04085,1.04115,1.04085,1.04115
1738305000,1.04115,1.0414,1.04115,1.0413
1738305180,1.0413,1.04135,1.0412,1.0412
1738305360,1.0412,1.0414,1.0412,1.0414
1738305540,1.0414,1.04155,1.0414,1.0415
1738305720,1.04145,1.0415,1.04135,1.0415
1738305900,1.0415,1.04155,1.04145,1.0415
1738306080,1.04145,1.04165,1.04145,1.0415
1738306260,1.0415,1.0415,1.0414,1.04145
1738306440,1.04145,1.04155,1.04135,1.0415
1738306620,1.0415,1.04155,1.0414,1.04155
1738306800,1.0415,1.04155,1.0412,1.0415
1738306980,1.0415,1.0421,1.0414,1.04205
1738307160,1.04205,1.04215,1.04195,1.04195
1738307340,1.042,1.04205,1.0416,1.042
1738307520,1.04205,1.0421,1.0419,1.0419
1738307700,1.04195,1.0422,1.0419,1.0419
1738307880,1.04195,1.042,1.0418,1.04195
1738308060,1.0419,1.0425,1.0419,1.04235
1738308240,1.0423,1.0425,1.0422,1.0424
1738308420,1.0424,1.0425,1.04235,1.04245
1738308600,1.0425,1.043,1.0425,1.04285
1738308780,1.04285,1.04315,1.0428,1.0431
1738308960,1.0431,1.04335,1.04305,1.0432
1738309140,1.0432,1.0432,1.04295,1.04305
1738309320,1.0431,1.04325,1.043,1.04325
1738309500,1.0432,1.0432,1.04255,1.04255
1738309680,1.0426,1.0426,1.042,1.04225
1738309860,1.04225,1.0423,1.0418,1.0419
1738310040,1.04195,1.0426,1.04195,1.0425
1738310220,1.0425,1.0427,1.0424,1.0425
1738310400,1.0425,1.0428,1.04235,1.0427
1738310580,1.0427,1.0427,1.04235,1.04235
1738310760,1.04235,1.04235,1.0418,1.0418
1738310940,1.0418,1.04185,1.04145,1.04155
1738311120,1.04155,1.04205,1.0415,1.04195
1738311300,1.042,1.04205,1.0415,1.0416
1738311480,1.04155,1.0416,1.0414,1.04155
1738311660,1.0415,1.0415,1.04115,1.0414
1738311840,1.04145,1.0417,1.04115,1.0412
1738312020,1.0412,1.04155,1.04115,1.0412
1738312200,1.0412,1.04125,1.0409,1.04105
1738312380,1.0411,1.04125,1.04065,1.0407
1738312560,1.04065,1.0409,1.0406,1.04075
1738312740,1.04075,1.04085,1.0406,1.04075
1738312920,1.04075,1.0409,1.04075,1.0408
1738313100,1.04075,1.04095,1.0406,1.0409
1738313280,1.04095,1.041,1.04065,1.04065
1738313460,1.04065,1.04065,1.0401,1.0404
1738313640,1.0404,1.0408,1.04035,1.0407
1738313820,1.04065,1.0408,1.0403,1.04055
1738314000,1.04045,1.04045,1.03885,1.039
1738314180,1.039,1.0395,1.0386,1.0394
1738314360,1.03945,1.03985,1.0393,1.0397
1738314540,1.0397,1.04,1.03945,1.03995
1738314720,1.0399,1.0401,1.0392,1.0393
1738314900,1.0393,1.03945,1.03885,1.03895
1738315080,1.03895,1.03935,1.0388,1.03885
1738315260,1.03885,1.03925,1.0387,1.0391
1738315440,1.0391,1.03915,1.0388,1.0391
1738315620,1.03905,1.03915,1.0389,1.0389
1738315800,1.0388,1.0389,1.0387,1.03885
1738315980,1.0389,1.03955,1.0389,1.03955
1738316160,1.03955,1.0397,1.0393,1.0396
1738316340,1.0396,1.04035,1.0396,1.04
1738316520,1.04,1.04005,1.03965,1.0398
1738316700,1.03985,1.03995,1.0396,1.0397
1738316880,1.03975,1.0398,1.03965,1.03975
1738317060,1.03975,1.0403,1.03955,1.04015
1738317240,1.0401,1.04055,1.04005,1.04045
1738317420,1.04045,1.04055,1.0402,1.04045
1738317600,1.0404,1.04045,1.04005,1.0402
1738317780,1.04015,1.04035,1.0399,1.04015
1738317960,1.04015,1.0404,1.0401,1.0403
1738318140,1.0403,1.0404,1.03975,1.03975
1738318320,1.03975,1.0399,1.0396,1.03965
1738318500,1.0397,1.0399,1.0394,1.0398
1738318680,1.03985,1.04015,1.0398,1.04
1738318860,1.04,1.0403,1.03995,1.04025
1738319040,1.04025,1.04045,1.04025,1.04045
1738319220,1.04045,1.04045,1.0403,1.0403
1738319400,1.0403,1.04045,1.04025,1.0403
1738319580,1.0403,1.0404,1.0401,1.04015
1738319760,1.0402,1.04025,1.0397,1.04
1738319940,1.03995,1.04005,1.0398,1.0398
1738320120,1.0398,1.04015,1.03965,1.0401
1738320300,1.04015,1.04025,1.04015,1.04025
1738320480,1.0402,1.0402,1.03975,1.03985
1738320660,1.03985,1.03995,1.0398,1.03985
1738320840,1.03985,1.04,1.0397,1.03985
1738321020,1.03985,1.03985,1.0396,1.0397
1738321200,1.0397,1.03975,1.0395,1.03955
1738321380,1.0396,1.03985,1.0396,1.03985
1738321560,1.03985,1.04005,1.0398,1.03995
1738321740,1.0399,1.04,1.0399,1.0399
1738321920,1.0399,1.03995,1.03985,1.0399
1738322100,1.03995,1.0401,1.03985,1.04005
1738322280,1.04005,1.04005,1.03985,1.0399
1738322460,1.0399,1.0399,1.0396,1.03965
1738322640,1.0396,1.03965,1.0393,1.0395
1738322820,1.03955,1.0397,1.0395,1.03965
1738323000,1.0397,1.0397,1.03945,1.0395
1738323180,1.0395,1.03975,1.03945,1.0397
1738323360,1.03965,1.03995,1.03965,1.03985
1738323540,1.03985,1.03995,1.0398,1.0399
1738323720,1.0399,1.04,1.0398,1.03985
1738323900,1.03985,1.0399,1.0396,1.03965
1738324080,1.0397,1.03975,1.03945,1.03965
1738324260,1.03965,1.0397,1.03945,1.03945
1738324440,1.03945,1.03955,1.0393,1.03955
1738324620,1.0395,1.03985,1.0395,1.03965
1738324800,1.0397,1.0399,1.0397,1.0399
1738324980,1.03985,1.04,1.03985,1.03995
1738325160,1.04,1.0402,1.0399,1.0399
1738325340,1.0399,1.04,1.0397,1.03985
1738325520,1.0398,1.03985,1.03955,1.03965
1738325700,1.03965,1.0399,1.03965,1.03985
1738325880,1.0399,1.0402,1.0399,1.0402
1738326060,1.04025,1.04035,1.0402,1.0403
1738326240,1.0403,1.04065,1.04025,1.04045
1738326420,1.0405,1.0405,1.04025,1.0403
1738326600,1.0403,1.04045,1.04025,1.0404
1738326780,1.0404,1.0404,1.04005,1.04025
1738326960,1.04025,1.04045,1.0401,1.0401
1738327140,1.04005,1.0402,1.03995,1.0402
1738327320,1.04015,1.0403,1.0401,1.0403
1738327500,1.0403,1.04045,1.0402,1.0402
1738327680,1.0402,1.0402,1.03985,1.0399
1738327860,1.0399,1.04015,1.0399,1.0401
1738328040,1.04005,1.0405,1.04005,1.0405
1738328220,1.0405,1.0405,1.0403,1.04035
1738328400,1.04035,1.04085,1.0403,1.0406
1738328580,1.0406,1.041,1.0402,1.04095
1738328760,1.041,1.04125,1.0409,1.04115
1738328940,1.0412,1.04145,1.0412,1.04135
1738329120,1.04135,1.04155,1.04125,1.0414
1738329300,1.04145,1.04165,1.0413,1.0413
1738329480,1.0413,1.0414,1.041,1.04105
1738329660,1.0411,1.0411,1.0407,1.04095
1738329840,1.04095,1.04095,1.0407,1.04095
1738330020,1.0409,1.04115,1.04085,1.041
1738330200,1.041,1.0411,1.04015,1.0405
1738330380,1.04055,1.0407,1.0399,1.04005
1738330560,1.0401,1.0407,1.0401,1.04045
1738330740,1.0405,1.04065,1.03995,1.04005
1738330920,1.04005,1.0403,1.04005,1.04015
1738331100,1.04015,1.04035,1.03985,1.03995
1738331280,1.04,1.0403,1.03975,1.0398
1738331460,1.03985,1.04035,1.03985,1.04035
1738331640,1.04035,1.04045,1.0402,1.0402
1738331820,1.04015,1.0404,1.04005,1.0403
1738332000,1.0403,1.0403,1.0399,1.03995
1738332180,1.0399,1.0401,1.0398,1.0398
1738332360,1.03975,1.0401,1.03975,1.03985
1738332540,1.03985,1.03985,1.03915,1.0392
1738332720,1.0392,1.0392,1.0388,1.0391
1738332900,1.0391,1.03915,1.0387,1.039
1738333080,1.03895,1.03955,1.0389,1.0394
1738333260,1.03945,1.0396,1.03935,1.03955
1738333440,1.03955,1.03975,1.03935,1.0396
1738333620,1.0396,1.03975,1.0395,1.0396
1738333800,1.03955,1.0396,1.0391,1.03915
1738333980,1.03915,1.0392,1.0389,1.03905
1738334160,1.039,1.0395,1.039,1.0394
1738334340,1.0394,1.0394,1.03895,1.03915
1738334520,1.0391,1.03935,1.0389,1.0392
1738334700,1.0392,1.0396,1.039,1.03945
1738334880,1.03945,1.0396,1.0394,1.0395
1738335060,1.03955,1.03975,1.0394,1.03965
1738335240,1.03965,1.0399,1.0392,1.03925
1738335420,1.03925,1.03935,1.03885,1.03895
1738335600,1.03895,1.039,1.03835,1.03845
1738335780,1.03845,1.03855,1.0381,1.03815
1738335960,1.0382,1.03865,1.03815,1.0383
1738336140,1.0383,1.0386,1.0383,1.0385
1738336320,1.03855,1.03915,1.03855,1.03915
1738336500,1.03915,1.03915,1.03875,1.03885
1738336680,1.03885,1.03895,1.0386,1.0386
1738336860,1.0386,1.03905,1.0384,1.03895
1738337040,1.039,1.03945,1.03895,1.0393
1738337220,1.03935,1.03965,1.0393,1.03965
1738337400,1.03965,1.03985,1.03925,1.03975
1738337580,1.03975,1.04,1.0394,1.03955
1738337760,1.0396,1.04025,1.03935,1.04015
1738337940,1.0402,1.0402,1.0398,1.04015
1738338120,1.04015,1.04045,1.0399,1.0399
1738338300,1.0399,1.04085,1.0399,1.0406
1738338480,1.0406,1.0407,1.0402,1.04025
1738338660,1.0402,1.0407,1.04005,1.04055
1738338840,1.04055,1.04155,1.04055,1.04145
1738339020,1.04145,1.04215,1.04135,1.0417
1738339200,1.04175,1.04175,1.0412,1.04135
1738339380,1.04135,1.04145,1.04115,1.0414
1738339560,1.04135,1.0414,1.0411,1.04125
1738339740,1.0413,1.0413,1.04095,1.04095
1738339920,1.04095,1.04115,1.0409,1.041
1738340100,1.041,1.04105,1.0407,1.04095
1738340280,1.04095,1.0413,1.0409,1.0412
1738340460,1.0412,1.04145,1.0412,1.04125
1738340640,1.0413,1.04155,1.0413,1.04145
1738340820,1.0414,1.0417,1.0413,1.04155
1738341000,1.0416,1.04205,1.04135,1.042
1738341180,1.04205,1.0424,1.0417,1.04185
1738341360,1.04185,1.04255,1.04185,1.0425
1738341540,1.0425,1.04285,1.0423,1.0424
1738341720,1.04235,1.0427,1.04235,1.0426
1738341900,1.04265,1.04265,1.0419,1.04195
1738342080,1.04195,1.042,1.04155,1.0417
1738342260,1.0417,1.04195,1.04165,1.0418
1738342440,1.04185,1.0422,1.04185,1.04205
1738342620,1.042,1.0421,1.04185,1.042
1738342800,1.04205,1.0424,1.04205,1.04225
1738342980,1.0422,1.04235,1.04205,1.0422
1738343160,1.04225,1.0425,1.0409,1.0424
1738343340,1.04245,1.0447,1.04245,1.04455
1738343520,1.04455,1.0455,1.0443,1.0446
1738343700,1.0445,1.04455,1.04355,1.04385
1738343880,1.0438,1.04475,1.0436,1.0444
1738344060,1.0444,1.045,1.04435,1.04465
1738344240,1.04465,1.0454,1.04455,1.0453
1738344420,1.0453,1.04545,1.0449,1.0453
1738344600,1.04525,1.0453,1.0446,1.0446
1738344780,1.0446,1.0447,1.04425,1.0446
1738344960,1.04455,1.04485,1.04445,1.04445
1738345140,1.0445,1.04475,1.04425,1.04475
1738345320,1.04475,1.0449,1.0444,1.04455
1738345500,1.04455,1.04455,1.04355,1.0436
1738345680,1.0436,1.0441,1.04345,1.0441
1738345860,1.04415,1.0445,1.04395,1.0441
1738346040,1.0441,1.0443,1.0439,1.04395
1738346220,1.04395,1.04415,1.04385,1.0441
1738346400,1.0441,1.0441,1.0437,1.0439
1738346580,1.04395,1.04425,1.0439,1.04405
1738346760,1.044,1.044,1.04375,1.04385
1738346940,1.04395,1.04405,1.04375,1.04405
1738347120,1.0441,1.0442,1.0439,1.044
1738347300,1.0441,1.0443,1.0441,1.0441
1738347480,1.04405,1.0441,1.0409,1.04165
1738347660,1.0416,1.042,1.041,1.0411
1738347840,1.04105,1.04145,1.03995,1.04005
1738348020,1.0401,1.04045,1.03945,1.04035
1738348200,1.0403,1.0403,1.0393,1.03945
1738348380,1.0395,1.0395,1.03815,1.03935
1738348560,1.0393,1.0394,1.0385,1.03905
1738348740,1.03905,1.04065,1.0389,1.04035
1738348920,1.04035,1.0407,1.03965,1.03995
1738349100,1.04,1.04045,1.04,1.04045
1738349280,1.0404,1.04055,1.04005,1.04005
1738349460,1.04,1.04005,1.03925,1.03955
1738349640,1.0396,1.0399,1.0394,1.03945
1738349820,1.0394,1.03955,1.0389,1.03905
1738350000,1.03905,1.03935,1.0389,1.039
1738350180,1.03895,1.0392,1.03855,1.03865
1738350360,1.03865,1.03905,1.0386,1.03895
1738350540,1.03895,1.03895,1.0385,1.03865
1738350720,1.03875,1.0392,1.03855,1.03905
1738350900,1.039,1.03915,1.0388,1.039
1738351080,1.039,1.0391,1.0387,1.03885
1738351260,1.03885,1.03895,1.03865,1.03885
1738351440,1.03885,1.0394,1.03875,1.0391
1738351620,1.0392,1.03925,1.0389,1.03925
1738351800,1.0392,1.0395,1.03895,1.039
1738351980,1.03895,1.0392,1.03895,1.03905
1738352160,1.039,1.039,1.03865,1.0388
1738352340,1.0388,1.03935,1.0387,1.0393
1738352520,1.0392,1.0393,1.03885,1.0389
1738352700,1.03895,1.0391,1.0388,1.0391
1738352880,1.03905,1.03965,1.039,1.0395
1738353060,1.03945,1.03995,1.03945,1.0398
1738353240,1.0398,1.04,1.03965,1.0397
1738353420,1.03965,1.0398,1.03955,1.0397
1738353600,1.03975,1.03975,1.0392,1.0393
1738353780,1.03935,1.0394,1.03895,1.03905
1738353960,1.03895,1.0393,1.03885,1.0392
1738354140,1.0392,1.0398,1.0392,1.0397
1738354320,1.0397,1.03975,1.03935,1.0397
1738354500,1.0397,1.0397,1.0391,1.03925
1738354680,1.03925,1.03935,1.03915,1.03925
1738354860,1.0393,1.0394,1.0392,1.0393
1738355040,1.0393,1.03955,1.0393,1.03935
1738355220,1.03935,1.03965,1.03935,1.0396
1738355400,1.03965,1.03975,1.0396,1.03965
1738355580,1.0397,1.0399,1.0397,1.0399
1738355760,1.0399,1.04005,1.0399,1.03995
1738355940,1.0399,1.0399,1.0398,1.0399
1738356120,1.03995,1.04,1.03975,1.03995
1738356300,1.04,1.0401,1.03995,1.0401
1738356480,1.0401,1.04025,1.0401,1.0402
1738356660,1.04025,1.04035,1.03845,1.0386
1738356840,1.03865,1.03955,1.0384,1.03955
1738357020,1.03955,1.03955,1.03915,1.0394
1738357200,1.0394,1.0399,1.0394,1.03965
1738357380,1.03965,1.04015,1.03965,1.0401
1738357560,1.04015,1.04085,1.03845,1.0388
1738357740,1.03885,1.03915,1.0372,1.03745
1738357920,1.0375,1.0377,1.03705,1.03735
1738358100,1.03735,1.03825,1.03735,1.03815
1738358280,1.03815,1.0383,1.038,1.0382
1738358460,1.03825,1.0385,1.03815,1.03845
1738358640,1.0384,1.0384,1.0381,1.0383
1738358820,1.03825,1.03905,1.0382,1.03875
1738359000,1.03875,1.0388,1.03805,1.0385
1738359180,1.0386,1.03865,1.0381,1.0383
1738359360,1.03825,1.03825,1.03795,1.0382
1738359540,1.03825,1.0383,1.0379,1.038
1738359720,1.038,1.0382,1.0378,1.03805
1738359900,1.03805,1.03835,1.038,1.0383
1738360080,1.0383,1.0384,1.03825,1.0383
1738360260,1.0383,1.0383,1.03815,1.0382
1738360440,1.03815,1.0384,1.0378,1.0379
1738360620,1.03795,1.03815,1.0379,1.03815
1738537200,1.0281,1.0282,1.02545,1.02685
1738537380,1.0268,1.0277,1.02635,1.0276
1738537560,1.02765,1.0291,1.0276,1.0284
1738537740,1.0282,1.0287,1.02755,1.0277
1738537920,1.02775,1.0282,1.02685,1.02685
1738538100,1.02685,1.02715,1.02635,1.0264
1738538280,1.0264,1.02775,1.0263,1.0277
1738538460,1.02765,1.02765,1.0263,1.0263
1738538640,1.0263,1.0264,1.0255,1.0258
1738538820,1.02585,1.02655,1.02555,1.02625
1738539000,1.0262,1.0275,1.0262,1.0271
1738539180,1.02705,1.0273,1.02645,1.0269
1738539360,1.02685,1.02695,1.02585,1.02585
1738539540,1.0259,1.02655,1.02575,1.0264
1738539720,1.0264,1.0268,1.02615,1.0268
1738539900,1.02685,1.02795,1.02675,1.02715
1738540080,1.02715,1.02715,1.02675,1.02685
1738540260,1.0269,1.02745,1.02675,1.0273
1738540440,1.02725,1.0273,1.0265,1.0267
1738540620,1.0266,1.0269,1.0266,1.0267
1738540800,1.0267,1.02775,1.0264,1.0275
1738540980,1.02755,1.02855,1.0274,1.0281
1738541160,1.0281,1.0285,1.0281,1.02835
1738541340,1.02845,1.0288,1.0282,1.0282
1738541520,1.02815,1.02825,1.02775,1.02785
1738541700,1.02775,1.02785,1.02705,1.0271
1738541880,1.027,1.0272,1.0264,1.0265
1738542060,1.0265,1.0265,1.0231,1.0237
1738542240,1.02375,1.02545,1.02355,1.025
1738542420,1.025,1.02565,1.0244,1.02565
1738542600,1.02575,1.0264,1.02565,1.02585
1738542780,1.02585,1.026,1.0251,1.0253
1738542960,1.02535,1.02565,1.02485,1.02515
1738543140,1.02525,1.02525,1.0247,1.02495
1738543320,1.02495,1.02555,1.0249,1.0249
1738543500,1.02495,1.02595,1.02495,1.0253
1738543680,1.02525,1.0255,1.0249,1.02515
1738543860,1.02525,1.02535,1.02465,1.02475
1738544040,1.02475,1.02515,1.02405,1.025
1738544220,1.02495,1.0253,1.0247,1.02525
1738544400,1.0252,1.02535,1.02475,1.0248
1738544580,1.0248,1.025,1.0242,1.02495
1738544760,1.0249,1.02545,1.02465,1.0252
1738544940,1.0252,1.02595,1.0252,1.02555
1738545120,1.02555,1.02585,1.0254,1.02555
1738545300,1.02555,1.026,1.0254,1.0259
1738545480,1.02595,1.0264,1.02575,1.0262
1738545660,1.0262,1.0267,1.02595,1.0264
1738545840,1.02625,1.02695,1.02615,1.02695
1738546020,1.027,1.02725,1.02675,1.02685
1738546200,1.0268,1.02725,1.02675,1.027
1738546380,1.02695,1.02695,1.0264,1.02655
1738546560,1.02655,1.02675,1.02645,1.0266
1738546740,1.0266,1.0266,1.02625,1.0263
1738546920,1.0263,1.0267,1.0262,1.0267
1738547100,1.02665,1.02675,1.02635,1.0265
1738547280,1.02645,1.0265,1.0258,1.02645
1738547460,1.02645,1.0265,1.026,1.026
1738547640,1.026,1.026,1.0256,1.02565
1738547820,1.0257,1.0259,1.02565,1.02585
1738548000,1.0258,1.0258,1.0253,1.0253
1738548180,1.02525,1.02525,1.02485,1.0249
1738548360,1.0249,1.0249,1.0243,1.02455
1738548540,1.02455,1.02485,1.0245,1.02475
1738548720,1.02475,1.0251,1.0244,1.02495
1738548900,1.025,1.02505,1.0247,1.0249
1738549080,1.0249,1.0253,1.0249,1.02515
1738549260,1.02515,1.02525,1.02485,1.02525
1738549440,1.02525,1.0255,1.02515,1.0254
1738549620,1.0254,1.0254,1.02515,1.02515
1738549800,1.02515,1.02515,1.02455,1.02455
1738549980,1.0246,1.0248,1.02445,1.0248
1738550160,1.0248,1.02495,1.0245,1.02455
1738550340,1.0245,1.0249,1.0244,1.0247
1738550520,1.0247,1.02495,1.02455,1.02475
1738550700,1.0248,1.02505,1.0247,1.02495
1738550880,1.0249,1.02495,1.0244,1.0244
1738551060,1.02435,1.02445,1.02415,1.02435
1738551240,1.0244,1.02465,1.02425,1.02465
1738551420,1.02465,1.0247,1.02435,1.0244
1738551600,1.0244,1.0245,1.0243,1.0244
1738551780,1.0244,1.0245,1.02425,1.02425
1738551960,1.0243,1.02435,1.02395,1.02395
1738552140,1.024,1.02405,1.0239,1.024
1738552320,1.024,1.0242,1.02355,1.02355
1738552500,1.02355,1.02375,1.02355,1.02355
1738552680,1.0236,1.024,1.0236,1.0238
1738552860,1.0238,1.0239,1.02365,1.0237
1738553040,1.0237,1.0239,1.0237,1.02375
1738553220,1.0237,1.02405,1.02365,1.02395
1738553400,1.02395,1.024,1.02365,1.02385
1738553580,1.0239,1.02395,1.0236,1.0236
1738553760,1.0236,1.0236,1.0233,1.0236
1738553940,1.0235,1.02355,1.0232,1.02335
1738554120,1.0233,1.02355,1.02325,1.0235
1738554300,1.02355,1.02365,1.02345,1.0236
1738554480,1.0236,1.0238,1.0236,1.0237
1738554660,1.02375,1.0243,1.02375,1.02425
1738554840,1.0243,1.0244,1.0241,1.0241
1738555020,1.0241,1.02425,1.0241,1.02415
1738555200,1.02415,1.026,1.0241,1.02555
1738555380,1.0256,1.0258,1.02485,1.02485
1738555560,1.0249,1.02505,1.02465,1.0248
1738555740,1.0248,1.02505,1.02465,1.0247
1738555920,1.0247,1.02515,1.0246,1.02515
1738556100,1.0252,1.0252,1.02475,1.02485
1738556280,1.0248,1.0249,1.0246,1.0246
1738556460,1.02455,1.0246,1.02425,1.0244
1738556640,1.0244,1.0246,1.02435,1.02455
1738556820,1.0246,1.0247,1.0244,1.0244
1738557000,1.0244,1.02465,1.02425,1.0244
1738557180,1.02435,1.0247,1.0243,1.0247
1738557360,1.02465,1.0247,1.02455,1.0246
1738557540,1.0246,1.0247,1.0245,1.0246
1738557720,1.0246,1.0246,1.0243,1.02435
1738557900,1.02435,1.0244,1.02415,1.02425
1738558080,1.02425,1.0245,1.02425,1.0245
1738558260,1.02445,1.0245,1.0244,1.0244
1738558440,1.0245,1.0248,1.02445,1.0248
1738558620,1.0248,1.0248,1.0246,1.02465
1738558800,1.02465,1.02495,1.0246,1.02485
1738558980,1.02485,1.0252,1.0248,1.02515
1738559160,1.02515,1.02545,1.0251,1.02525
1738559340,1.02525,1.02535,1.0251,1.0253
1738559520,1.0253,1.02555,1.0253,1.02545
1738559700,1.0254,1.0256,1.0254,1.02555
1738559880,1.02555,1.0259,1.02555,1.02585
1738560060,1.0258,1.026,1.0257,1.0259
1738560240,1.0259,1.026,1.02575,1.02595
1738560420,1.02595,1.02595,1.02575,1.0259
1738560600,1.02585,1.0261,1.0258,1.02585
1738560780,1.0258,1.02595,1.02575,1.02585
1738560960,1.0258,1.0259,1.0258,1.0259
1738561140,1.02585,1.02585,1.02565,1.0257
1738561320,1.0257,1.0258,1.02565,1.0257
1738561500,1.02565,1.0261,1.02565,1.026
1738561680,1.026,1.0261,1.02595,1.026
1738561860,1.026,1.02625,1.026,1.026
1738562040,1.02595,1.02635,1.02595,1.0263
1738562220,1.0262,1.0263,1.02605,1.02605
1738562400,1.02605,1.02635,1.02595,1.02635
1738562580,1.02635,1.02665,1.02625,1.0264
1738562760,1.02635,1.0265,1.02635,1.02645
1738562940,1.0264,1.0265,1.02625,1.0264
1738563120,1.02635,1.02685,1.0263,1.02675
1738563300,1.0268,1.0269,1.0266,1.0267
1738563480,1.02665,1.02665,1.02645,1.02645
1738563660,1.02645,1.0269,1.02645,1.0267
1738563840,1.02675,1.02685,1.0265,1.02655
1738564020,1.0265,1.02675,1.0265,1.0267
1738564200,1.0267,1.02695,1.0266,1.0269
1738564380,1.0269,1.0271,1.0267,1.0268
1738564560,1.02675,1.0269,1.0265,1.0269
1738564740,1.0269,1.02705,1.0268,1.027
1738564920,1.027,1.0272,1.0268,1.0268
1738565100,1.0268,1.0271,1.02675,1.027
1738565280,1.027,1.02715,1.0268,1.0268
1738565460,1.0268,1.0268,1.0263,1.0266
1738565640,1.02655,1.0267,1.0264,1.0264
1738565820,1.0264,1.02645,1.0262,1.02635
1738566000,1.02635,1.0269,1.0262,1.0268
1738566180,1.0268,1.027,1.02645,1.02665
1738566360,1.02665,1.0268,1.02635,1.0266
1738566540,1.0266,1.02665,1.02555,1.0256
1738566720,1.0256,1.0264,1.02545,1.0264
1738566900,1.02635,1.02645,1.0259,1.026
1738567080,1.026,1.02605,1.02525,1.0254
1738567260,1.0254,1.02555,1.0253,1.0255
1738567440,1.0255,1.02555,1.02495,1.0251
1738567620,1.02505,1.0254,1.02475,1.02535
1738567800,1.0253,1.0255,1.02515,1.02515
1738567980,1.02515,1.0253,1.02475,1.02495
1738568160,1.02495,1.0251,1.02485,1.025
1738568340,1.02505,1.0252,1.0244,1.0245
1738568520,1.02445,1.025,1.02435,1.0249
1738568700,1.0249,1.0257,1.0249,1.0254
1738568880,1.02535,1.0262,1.0253,1.0256
1738569060,1.02555,1.02565,1.0248,1.025
1738569240,1.025,1.025,1.02425,1.0243
1738569420,1.02425,1.0246,1.02425,1.0245
1738569600,1.02455,1.02475,1.0236,1.0244
1738569780,1.02435,1.0244,1.02365,1.02395
1738569960,1.0239,1.02395,1.02335,1.02365
1738570140,1.02365,1.02425,1.02345,1.0242
1738570320,1.0242,1.02445,1.024,1.02435
1738570500,1.02435,1.0248,1.02415,1.0247
1738570680,1.0246,1.02535,1.02435,1.0252
1738570860,1.0252,1.02595,1.0249,1.0257
1738571040,1.02565,1.02605,1.0255,1.026
1738571220,1.02595,1.0264,1.0258,1.0263
1738571400,1.0263,1.0269,1.02615,1.0268
1738571580,1.0268,1.02715,1.02665,1.02685
1738571760,1.0268,1.0271,1.0263,1.02645
1738571940,1.02645,1.02645,1.0259,1.026
1738572120,1.026,1.0266,1.0258,1.0264
1738572300,1.0264,1.02665,1.0264,1.02655
1738572480,1.02655,1.02685,1.02645,1.02685
1738572660,1.0268,1.02685,1.02605,1.0262
1738572840,1.02615,1.02685,1.02605,1.02655
1738573020,1.0266,1.0269,1.0264,1.0264
1738573200,1.0264,1.02685,1.026,1.02665
1738573380,1.02665,1.0271,1.02635,1.02665
1738573560,1.0266,1.02675,1.0264,1.02645
1738573740,1.0265,1.0269,1.0265,1.02685
1738573920,1.0269,1.02715,1.0266,1.027
1738574100,1.02695,1.027,1.0266,1.027
1738574280,1.02695,1.02715,1.0264,1.0265
1738574460,1.02655,1.0266,1.0261,1.0263
1738574640,1.02625,1.0267,1.02615,1.0267
1738574820,1.02665,1.02715,1.0266,1.02715
1738575000,1.02715,1.0273,1.02695,1.0272
1738575180,1.02725,1.02745,1.0272,1.0274
1738575360,1.0274,1.02745,1.02705,1.02715
1738575540,1.0271,1.02725,1.0265,1.02655
1738575720,1.02655,1.02655,1.0261,1.0262
1738575900,1.0262,1.0262,1.02545,1.0255
1738576080,1.0255,1.0255,1.025,1.0254
1738576260,1.02545,1.02555,1.02515,1.02525
1738576440,1.02525,1.02535,1.0247,1.0247
1738576620,1.0247,1.0252,1.02455,1.0251
1738576800,1.0251,1.02545,1.025,1.0251
1738576980,1.02505,1.02565,1.02505,1.0256
1738577160,1.0256,1.02605,1.0254,1.0259
1738577340,1.0259,1.0262,1.0258,1.0258
1738577520,1.0258,1.02605,1.0255,1.02595
1738577700,1.026,1.0264,1.026,1.0262
1738577880,1.0262,1.0263,1.0259,1.0259
1738578060,1.0259,1.0261,1.0254,1.0255
1738578240,1.02545,1.02575,1.0254,1.0255
1738578420,1.0255,1.0258,1.02525,1.02575
1738578600,1.02575,1.02605,1.0257,1.02575
1738578780,1.0258,1.02615,1.0258,1.0258
1738578960,1.02585,1.02595,1.02565,1.0257
1738579140,1.02575,1.02605,1.0257,1.0259
1738579320,1.02585,1.02595,1.0257,1.02595
1738579500,1.02595,1.0263,1.02595,1.02605
1738579680,1.02605,1.0263,1.02595,1.02625
1738579860,1.02625,1.0264,1.02615,1.0263
1738580040,1.0263,1.02645,1.0262,1.02635
1738580220,1.02635,1.0265,1.02615,1.0264
1738580400,1.02635,1.02665,1.02625,1.02655
1738580580,1.0266,1.0266,1.02625,1.02645
1738580760,1.02645,1.02675,1.0264,1.02665
1738580940,1.0267,1.027,1.0266,1.0267
1738581120,1.02675,1.027,1.02665,1.0267
1738581300,1.02675,1.0268,1.0264,1.02665
1738581480,1.0267,1.02675,1.0266,1.02665
1738581660,1.02665,1.02675,1.0264,1.02675
1738581840,1.02675,1.0268,1.02645,1.0266
1738582020,1.02655,1.02655,1.02595,1.026
1738582200,1.02595,1.02605,1.0257,1.02605
1738582380,1.02605,1.0264,1.02595,1.0262
1738582560,1.0262,1.0264,1.026,1.0264
1738582740,1.0264,1.0266,1.02635,1.02655
1738582920,1.0266,1.0269,1.0266,1.0269
1738583100,1.02695,1.02715,1.02685,1.02695
1738583280,1.02695,1.02705,1.0268,1.0268
1738583460,1.0268,1.02705,1.02675,1.02705
1738583640,1.0271,1.0276,1.027,1.0272
1738583820,1.0272,1.0273,1.02715,1.02725
1738584000,1.02725,1.0273,1.02715,1.0272
1738584180,1.0272,1.02725,1.02715,1.0272
1738584360,1.0272,1.02725,1.02715,1.02725
1738584540,1.02725,1.0274,1.0272,1.02735
1738584720,1.02735,1.0275,1.0273,1.02745
1738584900,1.02745,1.02775,1.02735,1.0274
1738585080,1.02745,1.0281,1.02735,1.02805
1738585260,1.02805,1.02825,1.0279,1.0281
1738585440,1.0281,1.029,1.02805,1.02885
1738585620,1.02885,1.0296,1.0288,1.0292
1738585800,1.0292,1.02955,1.0288,1.02955
1738585980,1.02955,1.02985,1.02935,1.02955
1738586160,1.0295,1.0296,1.02905,1.0293
1738586340,1.0293,1.0295,1.0291,1.0292
1738586520,1.0291,1.0292,1.02865,1.02895
1738586700,1.0289,1.029,1.0287,1.0288
1738586880,1.0288,1.02895,1.0286,1.02885
1738587060,1.0288,1.02895,1.0281,1.0282
1738587240,1.02825,1.0283,1.02765,1.02775
1738587420,1.0278,1.0279,1.02735,1.0278
1738587600,1.0278,1.02865,1.0277,1.02855
1738587780,1.02855,1.0309,1.02855,1.0302
1738587960,1.03015,1.03045,1.02905,1.02935
1738588140,1.02935,1.02965,1.0289,1.02925
1738588320,1.0293,1.0299,1.0292,1.02985
1738588500,1.02985,1.03015,1.0297,1.0297
1738588680,1.02975,1.0298,1.02935,1.0296
1738588860,1.0296,1.0299,1.02915,1.0292
1738589040,1.0292,1.0294,1.029,1.0292
1738589220,1.02915,1.02935,1.029,1.02905
1738589400,1.0291,1.0291,1.02865,1.02875
1738589580,1.0288,1.02905,1.02855,1.0286
1738589760,1.0286,1.0288,1.0285,1.0286
1738589940,1.0286,1.02875,1.0282,1.0283
1738590120,1.0283,1.0284,1.02795,1.02825
1738590300,1.02825,1.0283,1.02805,1.0282
1738590480,1.02825,1.0286,1.02815,1.0282
1738590660,1.02815,1.02845,1.0281,1.02845
1738590840,1.02845,1.02855,1.02825,1.0283
1738591020,1.02825,1.02845,1.02805,1.0284
1738591200,1.0284,1.02845,1.0277,1.0278
1738591380,1.02785,1.0279,1.0273,1.02735
1738591560,1.0274,1.02765,1.0274,1.0275
1738591740,1.0275,1.02775,1.02725,1.02775
1738591920,1.02775,1.0282,1.02775,1.0281
1738592100,1.0282,1.02855,1.02815,1.0285
1738592280,1.0286,1.02865,1.0277,1.0277
1738592460,1.0277,1.02795,1.0276,1.02795
1738592640,1.02795,1.02845,1.02795,1.02835
1738592820,1.0283,1.0283,1.02795,1.0281
1738593000,1.0281,1.02825,1.02755,1.02785
1738593180,1.0279,1.02845,1.0279,1.02815
1738593360,1.02815,1.02825,1.0273,1.02755
1738593540,1.02755,1.02795,1.02755,1.0278
1738593720,1.0278,1.0281,1.0278,1.02805
1738593900,1.028,1.028,1.02745,1.0276
1738594080,1.0276,1.02765,1.02685,1.02695
1738594260,1.02695,1.0273,1.0269,1.0272
1738594440,1.0272,1.0273,1.02675,1.02695
1738594620,1.027,1.0273,1.0269,1.0272
1738594800,1.027,1.027,1.02605,1.02675
1738594980,1.0268,1.02715,1.026,1.02685
1738595160,1.0269,1.0274,1.0268,1.0273
1738595340,1.02735,1.02795,1.02735,1.02795
1738595520,1.02795,1.028,1.02745,1.02755
1738595700,1.0275,1.02805,1.02745,1.02805
1738595880,1.02805,1.0281,1.0277,1.02785
1738596060,1.0278,1.03155,1.0274,1.0311
1738596240,1.0311,1.03415,1.03095,1.0321
1738596420,1.0321,1.0325,1.03125,1.03225
1738596600,1.03225,1.03375,1.0318,1.03215
1738596780,1.03215,1.03355,1.03205,1.0334
1738596960,1.0334,1.0343,1.0327,1.0327
1738597140,1.0327,1.03385,1.03195,1.0332
1738597320,1.0331,1.03565,1.0331,1.0348
1738597500,1.0348,1.03485,1.0331,1.0332
1738597680,1.03325,1.0343,1.0329,1.0342
1738597860,1.03415,1.0346,1.03335,1.03375
1738598040,1.0337,1.034,1.0333,1.0335
1738598220,1.0335,1.03375,1.0331,1.03365
1738598400,1.03365,1.03415,1.03325,1.03365
1738598580,1.03365,1.0338,1.0314,1.0322
1738598760,1.0321,1.03315,1.03195,1.0328
1738598940,1.03275,1.0334,1.0324,1.03295
1738599120,1.03295,1.0339,1.03295,1.0338
1738599300,1.0338,1.03415,1.03355,1.03395
1738599480,1.03395,1.0342,1.0333,1.03335
1738599660,1.0333,1.0335,1.03305,1.0335
1738599840,1.03355,1.0338,1.0331,1.03315
1738600020,1.0331,1.0331,1.03195,1.03245
1738600200,1.03245,1.0328,1.03225,1.0325
1738600380,1.03265,1.03315,1.0325,1.03305
1738600560,1.033,1.03325,1.0324,1.03265
1738600740,1.03265,1.03305,1.03255,1.0327
1738600920,1.03265,1.0328,1.03235,1.0324
1738601100,1.03245,1.03255,1.0321,1.03215
1738601280,1.03205,1.0323,1.0314,1.03165
1738601460,1.0316,1.03215,1.03145,1.0318
1738601640,1.0318,1.03185,1.03025,1.0313
1738601820,1.0312,1.0314,1.02935,1.02965
1738602000,1.02955,1.0307,1.0292,1.0295
1738602180,1.02955,1.03065,1.02945,1.03065
1738602360,1.03065,1.03065,1.03,1.0301
1738602540,1.0301,1.0306,1.02995,1.0304
1738602720,1.03035,1.03095,1.03035,1.03035
1738602900,1.0303,1.0304,1.0299,1.03
1738603080,1.03005,1.0302,1.0299,1.02995
1738603260,1.0299,1.0303,1.02975,1.03025
1738603440,1.03025,1.03065,1.03,1.0306
1738603620,1.03055,1.0308,1.0305,1.0306
1738603800,1.0306,1.03095,1.0305,1.03075
1738603980,1.0308,1.0308,1.03035,1.0306
1738604160,1.0306,1.03085,1.03045,1.0305
1738604340,1.0305,1.03055,1.03015,1.03035
1738604520,1.0304,1.0307,1.0303,1.03045
1738604700,1.0304,1.03055,1.0302,1.03025
1738604880,1.03025,1.03085,1.03025,1.03085
1738605060,1.0309,1.031,1.0307,1.03075
1738605240,1.03085,1.03225,1.0291,1.03035
1738605420,1.03035,1.03055,1.0292,1.03
1738605600,1.02995,1.03,1.0289,1.02985
1738605780,1.02985,1.0306,1.0295,1.03015
1738605960,1.03015,1.03075,1.0298,1.03
1738606140,1.02995,1.02995,1.02955,1.02995
1738606320,1.0299,1.03085,1.0299,1.0303
1738606500,1.0303,1.03065,1.03015,1.0306
1738606680,1.03055,1.03075,1.03025,1.0306
1738606860,1.03065,1.03065,1.03015,1.03015
1738607040,1.0302,1.0305,1.03015,1.0302
1738607220,1.03015,1.03025,1.0299,1.02995
1738607400,1.03,1.0302,1.0297,1.0301
1738607580,1.03005,1.03005,1.02985,1.02995
1738607760,1.02995,1.02995,1.0296,1.02975
1738607940,1.0298,1.02985,1.02955,1.0297
1738608120,1.02965,1.02975,1.0294,1.02975
1738608300,1.02975,1.02975,1.0295,1.02975
1738608480,1.0298,1.02995,1.02965,1.02965
1738608660,1.02965,1.0298,1.0296,1.02975
1738608840,1.0298,1.0299,1.0297,1.02975
1738609020,1.02975,1.03,1.02975,1.0298
1738609200,1.02985,1.0303,1.02985,1.03025
1738609380,1.03025,1.03045,1.03025,1.03045
1738609560,1.0305,1.03055,1.03025,1.0303
1738609740,1.03025,1.0307,1.03025,1.03065
1738609920,1.03065,1.0311,1.03065,1.0311
1738610100,1.03105,1.0313,1.03105,1.0311
1738610280,1.03115,1.03165,1.031,1.0316
1738610460,1.03155,1.03165,1.03135,1.03165
1738610640,1.03165,1.03175,1.0314,1.03145
1738610820,1.0314,1.0314,1.0312,1.03125
1738611000,1.0312,1.0314,1.0309,1.03095
1738611180,1.03095,1.03105,1.0306,1.0306
1738611360,1.0306,1.03085,1.0306,1.0308
1738611540,1.0308,1.03085,1.03065,1.03065
1738611720,1.0307,1.0308,1.0306,1.0307
1738611900,1.0307,1.03075,1.03055,1.03075
1738612080,1.0308,1.03085,1.0306,1.0307
1738612260,1.0307,1.031,1.0307,1.0309
1738612440,1.03085,1.031,1.03055,1.0306
1738612620,1.0306,1.03065,1.0303,1.03045
1738612800,1.03045,1.0307,1.0303,1.0306
1738612980,1.0306,1.0308,1.03055,1.03075
1738613160,1.0307,1.03095,1.03065,1.03085
1738613340,1.03095,1.03115,1.03095,1.03115
1738613520,1.03105,1.0313,1.031,1.0312
1738613700,1.0312,1.0315,1.0312,1.0315
1738613880,1.0315,1.0317,1.03135,1.0316
1738614060,1.0316,1.03165,1.0315,1.03165
1738614240,1.03165,1.03165,1.03145,1.0315
1738614420,1.03145,1.0316,1.0314,1.03155
1738614600,1.03155,1.0317,1.03145,1.03165
1738614780,1.0317,1.0317,1.0315,1.03155
1738614960,1.0316,1.03195,1.03155,1.0318
1738615140,1.03175,1.0318,1.03155,1.0317
1738615320,1.0317,1.0318,1.0316,1.03165
1738615500,1.0317,1.0318,1.03165,1.03165
1738615680,1.03165,1.03185,1.0315,1.0316
1738615860,1.0316,1.03165,1.0314,1.03155
1738616040,1.03155,1.03155,1.0314,1.03145
1738616220,1.03145,1.03185,1.03135,1.03155
1738616400,1.03155,1.0316,1.0314,1.0315
1738616580,1.03145,1.03145,1.03135,1.03145
1738616760,1.03145,1.03145,1.03135,1.0314
1738616940,1.03145,1.03155,1.0313,1.03135
1738617120,1.03135,1.0314,1.0313,1.0314
1738617300,1.0314,1.0315,1.03135,1.03145
1738617480,1.0315,1.03325,1.0314,1.0325
1738617660,1.03255,1.0326,1.0322,1.03235
1738617840,1.0324,1.0325,1.03225,1.03245
1738618020,1.03235,1.0328,1.03235,1.0328
1738618200,1.03275,1.03295,1.03265,1.03295
1738618380,1.0329,1.0332,1.0329,1.03305
1738618560,1.03305,1.03555,1.03305,1.03545
1738618740,1.03545,1.03655,1.03525,1.03645
1738618920,1.03645,1.0372,1.0359,1.0359
1738619100,1.03585,1.03705,1.03575,1.0366
1738619280,1.03645,1.0366,1.03615,1.0362
1738619460,1.0362,1.03635,1.03525,1.03555
1738619640,1.03555,1.03615,1.03545,1.0359
1738619820,1.03595,1.0365,1.0359,1.03645
1738623600,1.03645,1.03645,1.036,1.0361
1738623780,1.03605,1.03655,1.03605,1.0364
1738623960,1.03635,1.0366,1.03625,1.03645
1738624140,1.0365,1.03715,1.03645,1.03695
1738624320,1.0369,1.0369,1.03655,1.03655
1738624500,1.03655,1.0366,1.0364,1.0365
1738624680,1.03645,1.03645,1.0359,1.0361
1738624860,1.03605,1.03605,1.0358,1.0359
1738625040,1.03595,1.036,1.03565,1.03585
1738625220,1.03585,1.03585,1.0356,1.0358
1738625400,1.0358,1.03585,1.03545,1.0355
1738625580,1.0355,1.03555,1.0353,1.0353
1738625760,1.03535,1.03535,1.03525,1.0353
1738625940,1.0353,1.03535,1.03515,1.0352
1738626120,1.03525,1.03535,1.0351,1.03515
1738626300,1.03515,1.0352,1.0348,1.0348
1738626480,1.0348,1.03525,1.0348,1.035
1738626660,1.035,1.0351,1.0349,1.03505
1738626840,1.03505,1.03505,1.03475,1.03475
1738627020,1.03475,1.0348,1.0346,1.03475
1738627200,1.0348,1.0351,1.03475,1.03475
1738627380,1.0347,1.03475,1.0344,1.03445
1738627560,1.0344,1.03445,1.0342,1.0342
1738627740,1.03425,1.0343,1.03405,1.0341
1738627920,1.03415,1.03425,1.0341,1.0342
1738628100,1.03425,1.03445,1.0342,1.0343
1738628280,1.0343,1.03435,1.03415,1.03415
1738628460,1.03415,1.03445,1.0341,1.03445
1738628640,1.0344,1.0344,1.03415,1.0343
1738628820,1.0343,1.03435,1.0342,1.03425
1738629000,1.03425,1.03435,1.03405,1.0342
1738629180,1.03415,1.0343,1.03405,1.0341
1738629360,1.03415,1.03415,1.03385,1.03395
1738629540,1.034,1.034,1.0337,1.03395
1738629720,1.0339,1.034,1.0339,1.03395
1738629900,1.03395,1.034,1.0337,1.03375
1738630080,1.0337,1.03375,1.0336,1.0337
1738630260,1.0337,1.03385,1.03365,1.0338
1738630440,1.03375,1.03395,1.0337,1.03375
1738630620,1.0337,1.03375,1.03365,1.03375
1738630800,1.03375,1.0338,1.0336,1.03365
1738630980,1.0337,1.0338,1.0335,1.0337
1738631160,1.0337,1.0337,1.0335,1.03355
1738631340,1.03355,1.0337,1.0331,1.03315
1738631520,1.0331,1.03335,1.03305,1.03315
1738631700,1.0332,1.0335,1.0332,1.0333
1738631880,1.03325,1.0333,1.03295,1.033
1738632060,1.03295,1.03305,1.0328,1.03285
1738632240,1.03295,1.03335,1.0329,1.0333
1738632420,1.03335,1.03365,1.03325,1.03355
1738632600,1.03355,1.03355,1.0333,1.0333
1738632780,1.0333,1.03335,1.0332,1.03325
1738632960,1.0333,1.03335,1.033,1.03325
1738633140,1.03325,1.0335,1.03315,1.0335
1738633320,1.0335,1.0338,1.03335,1.0337
1738633500,1.03365,1.03395,1.03365,1.03385
1738633680,1.03385,1.03395,1.03375,1.03385
1738633860,1.03385,1.0341,1.0338,1.0341
1738634040,1.0341,1.0342,1.034,1.03415
1738634220,1.03415,1.03425,1.0341,1.03415
1738634400,1.03415,1.03415,1.03385,1.03395
1738634580,1.03395,1.0342,1.0339,1.0342
1738634760,1.0342,1.0343,1.0341,1.03425
1738634940,1.0342,1.0343,1.0341,1.03425
1738635120,1.0342,1.03425,1.03405,1.03415
1738635300,1.03405,1.03405,1.0338,1.03385
1738635480,1.0338,1.03385,1.0337,1.0337
1738635660,1.0337,1.0337,1.0336,1.0337
1738635840,1.0337,1.0338,1.03365,1.03375
1738636020,1.03375,1.03395,1.0337,1.0338
1738636200,1.03375,1.03395,1.0336,1.0337
1738636380,1.03375,1.03395,1.03375,1.03385
1738636560,1.03385,1.03395,1.0337,1.0337
1738636740,1.0338,1.0339,1.03365,1.0338
1738636920,1.03375,1.03385,1.03365,1.03375
1738637100,1.0338,1.034,1.0338,1.034
1738637280,1.034,1.03425,1.034,1.03425
1738637460,1.03425,1.03435,1.03425,1.03425
1738637640,1.03425,1.03435,1.0341,1.03415
1738637820,1.0342,1.03425,1.03415,1.03415
1738638000,1.03415,1.03435,1.03415,1.03415
1738638180,1.03415,1.0342,1.034,1.0341
1738638360,1.0341,1.0344,1.0341,1.03425
1738638540,1.03425,1.03425,1.0342,1.03425
1738638720,1.03425,1.03425,1.0341,1.0341
1738638900,1.03405,1.0341,1.034,1.0341
1738639080,1.0341,1.03415,1.0339,1.034
1738639260,1.03405,1.03405,1.0338,1.03385
1738639440,1.03385,1.034,1.03385,1.034
1738639620,1.034,1.034,1.03395,1.03395
1738639800,1.0339,1.03395,1.03365,1.03365
1738639980,1.0336,1.0337,1.0335,1.0337
1738640160,1.0337,1.03375,1.0336,1.0336
1738640340,1.0335,1.0335,1.03315,1.0332
1738640520,1.03315,1.0333,1.03315,1.0332
1738640700,1.03325,1.03335,1.03325,1.03325
1738640880,1.03325,1.0334,1.0332,1.03335
1738641060,1.0334,1.0335,1.0334,1.0335
1738641240,1.03345,1.0335,1.0334,1.0335
1738641420,1.0335,1.03355,1.03335,1.03345
1738641600,1.03345,1.03345,1.0333,1.0334
1738641780,1.03335,1.03335,1.0332,1.03325
1738641960,1.03325,1.0333,1.03315,1.03315
1738642140,1.0332,1.03325,1.03305,1.03315
1738642320,1.0332,1.0334,1.03315,1.03335
1738642500,1.0334,1.0334,1.03325,1.03325
1738642680,1.03325,1.03335,1.0332,1.03325
1738642860,1.0333,1.0334,1.03325,1.0334
1738643040,1.0334,1.03345,1.03335,1.03335
1738643220,1.0333,1.0334,1.03325,1.03335
1738643400,1.03335,1.03335,1.03315,1.03315
1738643580,1.0331,1.0333,1.0331,1.0332
1738643760,1.03325,1.0333,1.0332,1.0332
1738643940,1.0332,1.03325,1.033,1.03315
1738644120,1.0332,1.0333,1.03315,1.0333
1738644300,1.03325,1.0333,1.0331,1.03315
1738644480,1.03315,1.03315,1.03295,1.03295
1738644660,1.0329,1.03295,1.03265,1.03275
1738644840,1.03275,1.0328,1.03255,1.03255
1738645020,1.0326,1.0328,1.0326,1.0326
1738645200,1.03255,1.03255,1.03195,1.0321
1738645380,1.0321,1.0324,1.03105,1.03135
1738645560,1.03135,1.03135,1.02975,1.02985
1738645740,1.0299,1.03035,1.0292,1.0293
1738645920,1.02935,1.03005,1.02935,1.0299
1738646100,1.02995,1.03035,1.02965,1.03
1738646280,1.03,1.03025,1.02975,1.03005
1738646460,1.0301,1.03015,1.02965,1.02965
1738646640,1.0297,1.0304,1.0297,1.0304
1738646820,1.0304,1.03065,1.03035,1.0306
1738647000,1.0306,1.0312,1.0305,1.031
1738647180,1.031,1.0312,1.03085,1.0311
1738647360,1.03105,1.03115,1.03095,1.03095
1738647540,1.031,1.03135,1.03095,1.0313
1738647720,1.0313,1.0314,1.0311,1.03135
1738647900,1.03135,1.03135,1.03115,1.0312
1738648080,1.0313,1.03175,1.0311,1.03155
1738648260,1.03155,1.0317,1.03145,1.0316
1738648440,1.0316,1.0316,1.0312,1.0312
1738648620,1.0312,1.0313,1.0312,1.03125
1738648800,1.0313,1.03175,1.0312,1.0317
1738648980,1.0317,1.0317,1.03145,1.0315
1738649160,1.0315,1.0316,1.03135,1.0316
1738649340,1.0316,1.0317,1.0315,1.0316
1738649520,1.0316,1.0317,1.03155,1.03165
1738649700,1.03165,1.0317,1.0314,1.03145
1738649880,1.0314,1.0316,1.0314,1.0315
1738650060,1.0315,1.0317,1.0315,1.03155
1738650240,1.03155,1.0317,1.0315,1.03165
1738650420,1.0316,1.0317,1.0314,1.03145
1738650600,1.03145,1.03145,1.0312,1.0314
1738650780,1.0314,1.0316,1.03135,1.03145
1738650960,1.03145,1.03165,1.0313,1.03135
1738651140,1.03135,1.03145,1.03135,1.03135
1738651320,1.03135,1.0316,1.03135,1.03145
1738651500,1.0314,1.0317,1.0314,1.0317
1738651680,1.03175,1.0318,1.03155,1.03165
1738651860,1.03165,1.03235,1.0316,1.03215
1738652040,1.03215,1.0322,1.0321,1.0322
1738652220,1.0322,1.03275,1.0322,1.0326
1738652400,1.0326,1.03265,1.0322,1.03225
1738652580,1.03225,1.03235,1.03205,1.0321
1738652760,1.03205,1.0322,1.0319,1.03205
1738652940,1.03205,1.03235,1.032,1.0323
1738653120,1.0323,1.03265,1.03225,1.03245
1738653300,1.0325,1.03265,1.03245,1.03255
1738653480,1.03255,1.03285,1.03255,1.0327
1738653660,1.0327,1.03275,1.0325,1.03265
1738653840,1.03265,1.0328,1.0325,1.0326
1738654020,1.0326,1.0327,1.03245,1.03265
1738654200,1.03265,1.0328,1.0326,1.0327
1738654380,1.03275,1.03285,1.03265,1.03275
1738654560,1.0327,1.03315,1.03265,1.03315
1738654740,1.03315,1.03345,1.0331,1.0333
1738654920,1.03325,1.03365,1.03315,1.03355
1738655100,1.03355,1.03365,1.03335,1.0336
1738655280,1.0336,1.0337,1.03355,1.0337
1738655460,1.03365,1.0337,1.03305,1.03325
1738655640,1.0332,1.03325,1.03305,1.03305
1738655820,1.03305,1.0333,1.03295,1.0331
1738656000,1.0331,1.0336,1.033,1.0336
1738656180,1.0336,1.03365,1.0331,1.03325
1738656360,1.0332,1.0339,1.03285,1.0337
1738656540,1.0337,1.0337,1.0333,1.0334
1738656720,1.03335,1.03395,1.0331,1.03395
1738656900,1.03395,1.0343,1.0338,1.03425
1738657080,1.03425,1.03435,1.03405,1.0341
1738657260,1.0341,1.03535,1.0339,1.03475
1738657440,1.03475,1.03475,1.0345,1.0347
1738657620,1.0347,1.0352,1.03465,1.03515
1738657800,1.0351,1.0351,1.0347,1.0348
1738657980,1.03485,1.03505,1.0347,1.03485
1738658160,1.03485,1.03485,1.03435,1.0344
1738658340,1.0344,1.0349,1.0344,1.03485
1738658520,1.0348,1.03515,1.0348,1.03495
1738658700,1.03495,1.03495,1.03455,1.03465
1738658880,1.03465,1.03485,1.0343,1.0346
1738659060,1.03455,1.0349,1.03445,1.0348
1738659240,1.0348,1.03515,1.0348,1.03505
1738659420,1.03505,1.0355,1.0349,1.0354
1738659600,1.0354,1.0358,1.03525,1.0353
1738659780,1.0353,1.0358,1.0352,1.0357
1738659960,1.03565,1.0361,1.03565,1.03605
1738660140,1.03605,1.0364,1.03585,1.03635
1738660320,1.0364,1.0365,1.03615,1.0362
1738660500,1.03615,1.03645,1.03605,1.0364
1738660680,1.0364,1.0365,1.03635,1.03635
1738660860,1.03635,1.03655,1.03635,1.0364
1738661040,1.03635,1.0365,1.03625,1.0363
1738661220,1.0363,1.03675,1.0363,1.0367
1738661400,1.0367,1.0367,1.03645,1.03655
1738661580,1.0366,1.0368,1.0364,1.03675
1738661760,1.03675,1.03695,1.0366,1.03685
1738661940,1.03685,1.0369,1.03615,1.03615
1738662120,1.0362,1.03635,1.03605,1.0362
1738662300,1.03625,1.0366,1.03625,1.0364
1738662480,1.03635,1.03635,1.0359,1.03595
1738662660,1.03595,1.036,1.03585,1.03595
1738662840,1.03595,1.0364,1.0359,1.0364
1738663020,1.03645,1.0365,1.0358,1.03585
1738663200,1.0358,1.036,1.03565,1.03595
1738663380,1.0359,1.0362,1.03585,1.0361
1738663560,1.0361,1.03625,1.03595,1.03615
1738663740,1.03615,1.0363,1.036,1.0363
1738663920,1.03625,1.0363,1.03605,1.03615
1738664100,1.0361,1.03615,1.03585,1.03595
1738664280,1.036,1.036,1.03575,1.0359
1738664460,1.03585,1.03605,1.03585,1.03605
1738664640,1.03605,1.0361,1.0359,1.03605
1738664820,1.0361,1.03615,1.03545,1.0356
1738665000,1.0356,1.0356,1.0351,1.03515
1738665180,1.0351,1.0352,1.03485,1.0351
1738665360,1.03505,1.0351,1.03465,1.03465
1738665540,1.03465,1.0348,1.03455,1.03455
1738665720,1.03455,1.035,1.03455,1.035
1738665900,1.035,1.03515,1.03495,1.0351
1738666080,1.03505,1.03515,1.03485,1.03515
1738666260,1.03515,1.03535,1.0351,1.0353
1738666440,1.0353,1.03535,1.0352,1.03535
1738666620,1.0353,1.0356,1.0353,1.0355
1738666800,1.03545,1.03545,1.03515,1.03525
1738666980,1.0352,1.0352,1.03485,1.0349
1738667160,1.03485,1.03505,1.0347,1.03485
1738667340,1.0349,1.0349,1.03455,1.03455
1738667520,1.0346,1.03465,1.03445,1.03455
1738667700,1.03455,1.0347,1.0344,1.0346
1738667880,1.0346,1.0346,1.03435,1.0344
1738668060,1.03435,1.03455,1.03425,1.0345
1738668240,1.0345,1.03465,1.0344,1.0346
1738668420,1.0346,1.0347,1.0343,1.03445
1738668600,1.03445,1.03445,1.03425,1.03435
1738668780,1.0344,1.03455,1.03435,1.03455
1738668960,1.03455,1.03465,1.0345,1.0345
1738669140,1.03455,1.0346,1.03445,1.0345
1738669320,1.03455,1.0347,1.0345,1.03455
1738669500,1.03455,1.0346,1.0342,1.0346
1738669680,1.03465,1.0347,1.03445,1.03445
1738669860,1.03445,1.03475,1.0344,1.0344
1738670040,1.0344,1.03445,1.03425,1.03435
1738670220,1.0343,1.03435,1.03415,1.0342
1738670400,1.03425,1.0343,1.03405,1.03415
1738670580,1.0342,1.0342,1.034,1.03415
1738670760,1.0342,1.03425,1.034,1.03415
1738670940,1.0341,1.03425,1.03405,1.03415
1738671120,1.0341,1.03435,1.03405,1.0341
1738671300,1.0341,1.03425,1.034,1.03415
1738671480,1.03415,1.03445,1.03415,1.03425
1738671660,1.0342,1.0343,1.0341,1.03425
1738671840,1.0342,1.0345,1.0342,1.0345
1738672020,1.03445,1.03445,1.03435,1.03445
1738672200,1.0345,1.03455,1.0343,1.0343
1738672380,1.0343,1.0348,1.03425,1.03475
1738672560,1.03475,1.03475,1.03455,1.03465
1738672740,1.03465,1.03465,1.0344,1.03445
1738672920,1.0344,1.0347,1.03435,1.0346
1738673100,1.0346,1.03465,1.03445,1.03445
1738673280,1.03445,1.0347,1.0344,1.03465
1738673460,1.0346,1.0348,1.03455,1.0348
1738673640,1.03475,1.0348,1.03465,1.03465
1738673820,1.0347,1.0347,1.03445,1.0345
1738674000,1.03455,1.03495,1.03435,1.0348
1738674180,1.03485,1.0353,1.03485,1.03515
1738674360,1.03515,1.0354,1.0351,1.0353
1738674540,1.0353,1.03575,1.0353,1.03575
1738674720,1.0357,1.03585,1.0354,1.03555
1738674900,1.0356,1.0357,1.0354,1.0356
1738675080,1.03565,1.03595,1.03515,1.0354
1738675260,1.03545,1.03565,1.0352,1.03525
1738675440,1.03525,1.03535,1.03515,1.03535
1738675620,1.03535,1.03545,1.0352,1.03535
1738675800,1.03535,1.03535,1.035,1.03525
1738675980,1.0353,1.0355,1.0353,1.0353
1738676160,1.0353,1.0354,1.03515,1.03515
1738676340,1.0352,1.0353,1.03495,1.0352
1738676520,1.03515,1.03575,1.03515,1.0357
1738676700,1.0357,1.0357,1.03535,1.03535
1738676880,1.0354,1.0356,1.0352,1.0355
1738677060,1.03555,1.0359,1.03555,1.0358
1738677240,1.0358,1.0358,1.0356,1.0357
1738677420,1.0357,1.03605,1.0355,1.036
1738677600,1.03605,1.03655,1.036,1.03635
1738677780,1.03635,1.03665,1.03625,1.0365
1738677960,1.0365,1.0373,1.03645,1.03695
1738678140,1.03695,1.03725,1.03695,1.03715
1738678320,1.0371,1.03755,1.03695,1.0373
1738678500,1.03735,1.0379,1.0372,1.03775
1738678680,1.03775,1.03795,1.0371,1.0374
1738678860,1.0374,1.03745,1.03695,1.03695
1738679040,1.03695,1.03705,1.0366,1.03685
1738679220,1.03685,1.037,1.03655,1.03695
1738679400,1.03695,1.037,1.03665,1.03665
1738679580,1.03665,1.03685,1.0365,1.03655
1738679760,1.0366,1.03685,1.03635,1.03685
1738679940,1.03685,1.03725,1.0367,1.0371
1738680120,1.03715,1.0372,1.03685,1.0371
1738680300,1.0371,1.03735,1.0369,1.03715
1738680480,1.0372,1.0379,1.0372,1.0378
1738680660,1.03775,1.03865,1.03765,1.0383
1738680840,1.03835,1.0384,1.03805,1.03815
1738681020,1.03815,1.0383,1.03765,1.03795
1738681200,1.0379,1.0398,1.03785,1.03905
1738681380,1.03905,1.0395,1.0387,1.03875
1738681560,1.0388,1.0388,1.0382,1.03845
1738681740,1.03845,1.03855,1.0378,1.03815
1738681920,1.0382,1.0389,1.0378,1.03785
1738682100,1.0379,1.03885,1.0379,1.0388
1738682280,1.03875,1.03945,1.03875,1.03925
1738682460,1.03925,1.0396,1.039,1.03915
1738682640,1.03915,1.0397,1.03915,1.03965
1738682820,1.0397,1.03975,1.03895,1.0391
1738683000,1.0391,1.0395,1.0389,1.0395
1738683180,1.0395,1.04015,1.03925,1.03995
1738683360,1.03995,1.0405,1.03985,1.0403
1738683540,1.0403,1.04045,1.03985,1.04
1738683720,1.04,1.0401,1.0398,1.03995
1738683900,1.0399,1.03995,1.0396,1.0399
1738684080,1.0399,1.0402,1.03975,1.04015
1738684260,1.04015,1.04035,1.03995,1.0403
1738684440,1.0403,1.04065,1.0403,1.04035
1738684620,1.04035,1.0404,1.03995,1.04005
1738684800,1.04,1.0402,1.03995,1.0401
1738684980,1.0401,1.04045,1.04005,1.0403
1738685160,1.04025,1.04065,1.0402,1.04035
1738685340,1.04035,1.0406,1.0401,1.04015
1738685520,1.0402,1.0403,1.03965,1.03965
1738685700,1.03965,1.04005,1.03965,1.04005
1738685880,1.04005,1.0402,1.0394,1.0396
1738686060,1.03965,1.03985,1.03945,1.03955
1738686240,1.0395,1.0397,1.0393,1.03945
1738686420,1.0394,1.04,1.0394,1.03985
1738686600,1.0399,1.0399,1.0395,1.03955
1738686780,1.0395,1.03975,1.03945,1.0397
1738686960,1.03975,1.0402,1.03975,1.0401
1738687140,1.0401,1.0405,1.0401,1.04025
1738687320,1.0403,1.0404,1.0401,1.04025
1738687500,1.04025,1.0408,1.0402,1.0407
1738687680,1.0407,1.0407,1.04025,1.0403
1738687860,1.04035,1.04045,1.0402,1.0404
1738688040,1.0404,1.0404,1.03995,1.0401
1738688220,1.04005,1.04005,1.0398,1.0399
1738688400,1.03985,1.0399,1.0397,1.0398
1738688580,1.03985,1.03985,1.0395,1.0397
1738688760,1.0397,1.0398,1.03935,1.0394
1738688940,1.0394,1.03955,1.03925,1.03945
1738689120,1.03945,1.0395,1.0393,1.0393
1738689300,1.0393,1.0399,1.03875,1.0393
1738689480,1.03935,1.03945,1.03875,1.03895
1738689660,1.03895,1.03925,1.03855,1.03915
1738689840,1.0392,1.03925,1.03905,1.03915
1738690020,1.03905,1.0394,1.03905,1.03925
1738690200,1.0392,1.03925,1.0386,1.03905
1738690380,1.0391,1.0394,1.03905,1.0393
1738690560,1.0393,1.0395,1.03915,1.0393
1738690740,1.03925,1.03945,1.0392,1.03945
1738690920,1.0394,1.03945,1.0392,1.0393
1738691100,1.03935,1.03945,1.03905,1.03915
1738691280,1.0392,1.03945,1.03915,1.0394
1738691460,1.03935,1.03955,1.0393,1.0394
1738691640,1.03945,1.03985,1.0394,1.0398
1738691820,1.0398,1.0398,1.03955,1.0397
1738692000,1.03965,1.03975,1.03945,1.03965
1738692180,1.03965,1.0398,1.03955,1.03975
1738692360,1.03975,1.04,1.03975,1.04
1738692540,1.04,1.04005,1.03985,1.04
1738692720,1.04,1.04015,1.04,1.04005
1738692900,1.04005,1.0402,1.04,1.04005
1738693080,1.04005,1.0401,1.0399,1.0401
1738693260,1.04015,1.0403,1.04015,1.04015
1738693440,1.0402,1.0402,1.04005,1.04005
1738693620,1.0401,1.04015,1.03995,1.03995
1738693800,1.04,1.04035,1.04,1.04035
1738693980,1.0403,1.0403,1.0401,1.0401
1738694160,1.0401,1.0402,1.04,1.04
1738694340,1.04,1.04035,1.03995,1.04035
1738694520,1.04035,1.04065,1.04035,1.04055
1738694700,1.04055,1.0406,1.04035,1.0404
1738694880,1.0404,1.0405,1.04035,1.0404
1738695060,1.04035,1.0405,1.0403,1.04045
1738695240,1.04045,1.04045,1.04025,1.0403
1738695420,1.0403,1.04035,1.04005,1.04015
1738695600,1.04015,1.04015,1.0399,1.03995
1738695780,1.03995,1.0402,1.03995,1.04015
1738695960,1.04025,1.04025,1.04005,1.04005
1738696140,1.04005,1.0402,1.04005,1.0401
1738696320,1.0401,1.04025,1.0401,1.04015
1738696500,1.04015,1.0402,1.03975,1.03975
1738696680,1.03975,1.0401,1.0397,1.0401
1738696860,1.0401,1.0402,1.03995,1.0401
1738697040,1.04005,1.04015,1.04,1.04015
1738697220,1.04015,1.04015,1.03985,1.04
1738697400,1.04005,1.04035,1.04005,1.04035
1738697580,1.04035,1.0405,1.04035,1.0405
1738697760,1.0405,1.0405,1.0403,1.0404
1738697940,1.04035,1.04035,1.0399,1.0399
1738698120,1.03995,1.04015,1.0399,1.0401
1738698300,1.0401,1.04015,1.03995,1.0401
1738698480,1.04005,1.0403,1.03995,1.0403
1738698660,1.0403,1.04045,1.0403,1.0404
1738698840,1.04045,1.04055,1.04015,1.0402
1738699020,1.0402,1.04045,1.0398,1.04015
1738699200,1.0402,1.04025,1.03995,1.04005
1738699380,1.04,1.04025,1.04,1.04005
1738699560,1.04005,1.04015,1.04,1.04015
1738699740,1.0401,1.0403,1.0401,1.0403
1738699920,1.04025,1.04045,1.04025,1.0404
1738700100,1.04045,1.04055,1.04035,1.04045
1738700280,1.0404,1.0404,1.04015,1.04015
1738700460,1.04015,1.0402,1.0401,1.04015
1738700640,1.04015,1.04025,1.04015,1.04025
1738700820,1.04025,1.04035,1.04015,1.04035
1738701000,1.0403,1.04035,1.0402,1.04025
1738701180,1.04025,1.0403,1.0401,1.0402
1738701360,1.0402,1.0403,1.0401,1.04025
1738701540,1.0402,1.04035,1.0401,1.0402
1738701720,1.0402,1.04035,1.04015,1.04025
1738701900,1.04025,1.0403,1.0402,1.0402
1738702080,1.04015,1.04035,1.04015,1.0403
1738702260,1.0403,1.04045,1.04025,1.0404
1738702440,1.0404,1.04065,1.0404,1.0405
1738702620,1.0405,1.0406,1.0405,1.04055
1738702800,1.0406,1.0408,1.04045,1.0405
1738702980,1.04055,1.04055,1.04025,1.04025
1738703160,1.04025,1.0403,1.0402,1.0403
1738703340,1.0403,1.0404,1.04025,1.0404
1738703520,1.04035,1.04035,1.04025,1.0403
1738703700,1.0403,1.04035,1.0402,1.04025
1738703880,1.0402,1.0402,1.0401,1.04015
1738704060,1.04015,1.04015,1.0399,1.03995
1738704240,1.0399,1.04,1.0398,1.03985
1738704420,1.03985,1.03995,1.03985,1.0399
1738704600,1.0399,1.04,1.03985,1.0399
1738704780,1.0399,1.04005,1.0399,1.04
1738704960,1.04005,1.04005,1.03985,1.03985
1738705140,1.03985,1.0399,1.0398,1.0399
1738705320,1.0399,1.0401,1.0399,1.0401
1738705500,1.04005,1.0401,1.03995,1.03995
1738705680,1.0399,1.03995,1.0398,1.0398
1738705860,1.0399,1.0401,1.03985,1.04005
1738706040,1.04,1.0401,1.03995,1.03995
1738706220,1.0399,1.03995,1.03985,1.03985
1738710000,1.0401,1.0401,1.0396,1.03985
1738710180,1.0399,1.04,1.03985,1.03995
1738710360,1.03985,1.03985,1.03965,1.03965
1738710540,1.0396,1.03975,1.03945,1.0397
1738710720,1.0397,1.03995,1.0397,1.03995
1738710900,1.03985,1.0399,1.03985,1.0399
1738711080,1.0399,1.03995,1.0398,1.03985
1738711260,1.03985,1.03995,1.0398,1.0399
1738711440,1.03995,1.03995,1.0398,1.0398
1738711620,1.03975,1.03985,1.0397,1.0397
1738711800,1.03975,1.03985,1.03975,1.0398
1738711980,1.0398,1.0399,1.03975,1.0399
1738712160,1.03985,1.0399,1.03975,1.03975
1738712340,1.03975,1.0398,1.03965,1.0398
1738712520,1.03975,1.03995,1.03975,1.03995
1738712700,1.03995,1.03995,1.0397,1.03975
1738712880,1.03965,1.0397,1.0393,1.0393
1738713060,1.0394,1.03945,1.03925,1.0394
1738713240,1.0394,1.03945,1.0393,1.0394
1738713420,1.0394,1.0394,1.03905,1.0391
1738713600,1.03915,1.03945,1.03915,1.03925
1738713780,1.0393,1.0393,1.0392,1.03925
1738713960,1.03925,1.03925,1.03895,1.03895
1738714140,1.03895,1.03925,1.03895,1.0392
1738714320,1.0392,1.03925,1.03915,1.03925
1738714500,1.0392,1.03935,1.0392,1.03935
1738714680,1.0393,1.03935,1.03925,1.03925
1738714860,1.03925,1.03925,1.03915,1.0392
1738715040,1.0392,1.03925,1.0391,1.03925
1738715220,1.0393,1.03955,1.0393,1.03955
1738715400,1.03945,1.0398,1.03945,1.0398
1738715580,1.03985,1.03995,1.0397,1.0398
1738715760,1.0398,1.04015,1.0398,1.04015
1738715940,1.0401,1.0401,1.0398,1.03995
1738716120,1.0399,1.03995,1.0398,1.0398
1738716300,1.0398,1.04,1.0397,1.0397
1738716480,1.03965,1.0397,1.0394,1.03945
1738716660,1.0395,1.03965,1.03945,1.03965
1738716840,1.0396,1.0398,1.03955,1.0397
1738717020,1.03975,1.0399,1.03975,1.03985
1738717200,1.0399,1.04005,1.0398,1.0399
1738717380,1.0399,1.04015,1.0399,1.0401
1738717560,1.0401,1.0403,1.04,1.04
1738717740,1.04005,1.04015,1.04,1.04
1738717920,1.04,1.04015,1.0399,1.03995
1738718100,1.04,1.0405,1.03985,1.03985
1738718280,1.03985,1.04015,1.03975,1.0401
1738718460,1.0401,1.0403,1.03995,1.04
1738718640,1.03995,1.04025,1.03995,1.0401
1738718820,1.04025,1.04065,1.0402,1.04045
1738719000,1.0404,1.04045,1.04,1.04
1738719180,1.03995,1.04,1.03975,1.03975
1738719360,1.03975,1.03985,1.0396,1.03985
1738719540,1.0399,1.0399,1.0395,1.03955
1738719720,1.0395,1.03975,1.0395,1.0397
1738719900,1.03975,1.0398,1.0396,1.03965
1738720080,1.0396,1.0397,1.03955,1.03965
1738720260,1.03965,1.03965,1.0394,1.0394
1738720440,1.0394,1.0395,1.0392,1.0393
1738720620,1.0393,1.03945,1.03925,1.0393
1738720800,1.03925,1.03935,1.03925,1.03935
1738720980,1.03935,1.03955,1.03935,1.03945
1738721160,1.0394,1.03975,1.0394,1.0397
1738721340,1.0397,1.0401,1.03965,1.0401
1738721520,1.04015,1.0403,1.04005,1.04025
1738721700,1.04025,1.0403,1.03995,1.04
1738721880,1.04005,1.0402,1.04005,1.0402
1738722060,1.0402,1.04035,1.04015,1.0403
1738722240,1.04035,1.0404,1.0401,1.0402
1738722420,1.0402,1.0403,1.04015,1.0403
1738722600,1.0403,1.04035,1.0402,1.04025
1738722780,1.04025,1.0404,1.0401,1.0401
1738722960,1.0401,1.04025,1.0401,1.0402
1738723140,1.0402,1.04035,1.04015,1.0402
1738723320,1.0402,1.04035,1.0402,1.04035
1738723500,1.04035,1.04035,1.04025,1.0403
1738723680,1.0403,1.04035,1.0402,1.04025
1738723860,1.0403,1.04035,1.04025,1.0403
1738724040,1.04035,1.04045,1.04025,1.0404
1738724220,1.04035,1.0404,1.0402,1.0404
1738724400,1.04045,1.04055,1.04025,1.0403
1738724580,1.04025,1.04025,1.04005,1.04015
1738724760,1.0402,1.04025,1.0402,1.0402
1738724940,1.0402,1.04025,1.04015,1.04015
1738725120,1.04015,1.04025,1.0401,1.0401
1738725300,1.0401,1.0403,1.0401,1.0403
1738725480,1.04025,1.04025,1.0402,1.04025
1738725660,1.0403,1.0403,1.0402,1.0402
1738725840,1.0402,1.0402,1.04015,1.04015
1738726020,1.0402,1.0404,1.0402,1.0404
1738726200,1.0404,1.0405,1.0403,1.04045
1738726380,1.04045,1.04045,1.04025,1.04025
1738726560,1.04025,1.0405,1.04025,1.04045
1738726740,1.0404,1.04045,1.04035,1.0404
1738726920,1.04045,1.04055,1.04035,1.0404
1738727100,1.04035,1.0404,1.0402,1.0402
1738727280,1.04015,1.04025,1.0401,1.0402
1738727460,1.0401,1.0402,1.0401,1.0401
1738727640,1.0401,1.0401,1.03995,1.04
1738727820,1.04,1.04,1.0399,1.03995
1738728000,1.03995,1.0401,1.03995,1.0401
1738728180,1.04,1.04,1.03985,1.03995
1738728360,1.03995,1.03995,1.03985,1.0399
1738728540,1.03995,1.04005,1.03995,1.04005
1738728720,1.0401,1.04015,1.04005,1.04005
1738728900,1.0401,1.04015,1.03995,1.03995
1738729080,1.0399,1.03995,1.0399,1.0399
1738729260,1.03985,1.03985,1.0398,1.03985
1738729440,1.0398,1.0399,1.0398,1.0398
1738729620,1.0398,1.0399,1.0398,1.0398
1738729800,1.0398,1.0398,1.03975,1.03975
1738729980,1.0398,1.03985,1.03975,1.03985
1738730160,1.03985,1.03985,1.03965,1.0397
1738730340,1.0397,1.03975,1.0396,1.0396
1738730520,1.03965,1.03975,1.03965,1.03975
1738730700,1.0398,1.0398,1.03975,1.03975
1738730880,1.0398,1.0398,1.0398,1.0398
1738731060,1.0398,1.03985,1.0398,1.0398
1738731240,1.03975,1.0398,1.0397,1.0397
1738731420,1.03965,1.03985,1.03965,1.03985
1738731600,1.0398,1.0398,1.03975,1.0398
1738731780,1.0398,1.0398,1.0394,1.03945
1738731960,1.0395,1.0396,1.03945,1.03955
1738732140,1.03955,1.03955,1.0395,1.03955
1738732320,1.03955,1.0396,1.0395,1.0395
1738732500,1.0395,1.03965,1.0395,1.03955
1738732680,1.0396,1.0396,1.0395,1.0396
1738732860,1.0396,1.03965,1.03955,1.03965
1738733040,1.03965,1.03965,1.0394,1.0394
1738733220,1.03945,1.0395,1.0394,1.03945
1738733400,1.0395,1.03955,1.0394,1.0394
1738733580,1.03935,1.03955,1.0393,1.03945
1738733760,1.03945,1.03945,1.03935,1.03935
1738733940,1.0394,1.03945,1.0394,1.03945
1738734120,1.03945,1.0395,1.0394,1.0394
1738734300,1.03935,1.03965,1.03935,1.03965
1738734480,1.03965,1.0397,1.0396,1.0397
1738734660,1.03965,1.0397,1.03955,1.03965
1738734840,1.0397,1.0397,1.0396,1.03965
1738735020,1.0397,1.03975,1.0396,1.03975
1738735200,1.0397,1.0397,1.0396,1.0396
1738735380,1.0396,1.03965,1.03945,1.03945
1738735560,1.03945,1.0397,1.0394,1.03965
1738735740,1.03965,1.0399,1.03965,1.0399
1738735920,1.0399,1.0401,1.0398,1.04005
1738736100,1.04005,1.04045,1.04005,1.04045
1738736280,1.04045,1.04075,1.04045,1.0407
1738736460,1.04065,1.0412,1.04045,1.0411
1738736640,1.0411,1.0413,1.041,1.04105
1738736820,1.0411,1.04135,1.0411,1.04135
1738737000,1.04125,1.04125,1.041,1.04105
1738737180,1.04105,1.0411,1.04095,1.04105
1738737360,1.041,1.041,1.04075,1.04075
1738737540,1.04075,1.04085,1.0406,1.04065
1738737720,1.04065,1.0407,1.04065,1.04065
1738737900,1.04065,1.0407,1.0405,1.0406
1738738080,1.0406,1.0406,1.04045,1.0405
1738738260,1.0405,1.0406,1.0404,1.0406
1738738440,1.0406,1.04085,1.0404,1.0405
1738738620,1.04045,1.0406,1.04035,1.04045
1738738800,1.0405,1.0405,1.0402,1.04035
1738738980,1.0403,1.04045,1.0402,1.0403
1738739160,1.04025,1.0404,1.04025,1.0404
1738739340,1.0404,1.0407,1.04035,1.0407
1738739520,1.0407,1.04105,1.0407,1.041
1738739700,1.041,1.04135,1.041,1.04135
1738739880,1.0413,1.0418,1.0412,1.04165
1738740060,1.0416,1.04175,1.0415,1.04165
1738740240,1.04165,1.0427,1.0415,1.04255
1738740420,1.04255,1.04285,1.04245,1.04265
1738740600,1.0427,1.0429,1.0425,1.04255
1738740780,1.0425,1.0425,1.0421,1.04225
1738740960,1.04225,1.04285,1.0422,1.04285
1738741140,1.0428,1.0428,1.04255,1.04265
1738741320,1.0426,1.0426,1.04225,1.04245
1738741500,1.0424,1.04245,1.04215,1.04245
1738741680,1.04245,1.0427,1.04235,1.04235
1738741860,1.04235,1.0424,1.04175,1.0419
1738742040,1.04185,1.0423,1.0418,1.0423
1738742220,1.04225,1.04235,1.04205,1.0422
1738742400,1.04215,1.04265,1.042,1.04255
1738742580,1.04255,1.0426,1.04225,1.04225
1738742760,1.04225,1.0424,1.04195,1.0421
1738742940,1.0421,1.04245,1.04205,1.04235
1738743120,1.04235,1.04235,1.04215,1.0422
1738743300,1.04215,1.04215,1.0417,1.04185
1738743480,1.0418,1.04195,1.04145,1.0416
1738743660,1.04165,1.0417,1.0413,1.0416
1738743840,1.04165,1.04195,1.0416,1.0417
1738744020,1.04165,1.04185,1.0415,1.0417
1738744200,1.0417,1.0417,1.0414,1.04145
1738744380,1.0415,1.0418,1.0415,1.04165
1738744560,1.04165,1.04175,1.041,1.04145
1738744740,1.04145,1.042,1.04135,1.0419
1738744920,1.0419,1.04215,1.0415,1.04215
1738745100,1.0422,1.04255,1.0422,1.04235
1738745280,1.04235,1.04245,1.0421,1.04225
1738745460,1.0423,1.0426,1.0423,1.04245
1738745640,1.04245,1.0428,1.0423,1.0423
1738745820,1.04235,1.0425,1.0423,1.04235
1738746000,1.04235,1.0428,1.0423,1.0427
1738746180,1.0427,1.043,1.04225,1.04265
1738746360,1.0426,1.04275,1.0424,1.0425
1738746540,1.0425,1.0426,1.0423,1.0426
1738746720,1.04255,1.04305,1.04255,1.0429
1738746900,1.04285,1.0437,1.0428,1.04325
1738747080,1.0432,1.0432,1.0429,1.04305
1738747260,1.0431,1.04345,1.043,1.04345
1738747440,1.04345,1.04345,1.0432,1.04335
1738747620,1.04335,1.0434,1.0431,1.04315
1738747800,1.04315,1.04315,1.04265,1.04265
1738747980,1.0427,1.0429,1.04265,1.04275
1738748160,1.0427,1.0428,1.0424,1.0424
1738748340,1.04235,1.0427,1.04235,1.0427
1738748520,1.0427,1.04295,1.0427,1.04285
1738748700,1.0429,1.04295,1.04275,1.04285
1738748880,1.04285,1.0429,1.04265,1.04275
1738749060,1.0427,1.0427,1.0423,1.04245
1738749240,1.04245,1.04255,1.0421,1.0421
1738749420,1.04215,1.04245,1.04215,1.0424
1738749600,1.04235,1.04265,1.0421,1.04255
1738749780,1.0426,1.0428,1.0425,1.04255
1738749960,1.04255,1.04275,1.0425,1.0427
1738750140,1.04275,1.04285,1.0426,1.04265
1738750320,1.0427,1.04275,1.04255,1.04265
1738750500,1.0427,1.04325,1.04265,1.04315
1738750680,1.0432,1.04345,1.0432,1.04345
1738750860,1.0434,1.04365,1.0433,1.0433
1738751040,1.0433,1.0435,1.04315,1.0435
1738751220,1.04345,1.0439,1.0434,1.0438
1738751400,1.0438,1.0441,1.0436,1.04395
1738751580,1.04395,1.0447,1.04395,1.04455
1738751760,1.04455,1.0449,1.04455,1.0448
1738751940,1.04485,1.0449,1.0442,1.0443
1738752120,1.0443,1.0444,1.04415,1.0444
1738752300,1.04435,1.04465,1.0442,1.0445
1738752480,1.0445,1.045,1.0445,1.04465
1738752660,1.04465,1.04475,1.04445,1.0445
1738752840,1.0445,1.0445,1.04425,1.0444
1738753020,1.0444,1.0445,1.04435,1.04445
1738753200,1.04445,1.0445,1.04425,1.04425
1738753380,1.04425,1.0443,1.04415,1.0442
1738753560,1.04415,1.0442,1.0439,1.04395
1738753740,1.0439,1.044,1.04375,1.04375
1738753920,1.04375,1.04395,1.0436,1.04395
1738754100,1.04395,1.04395,1.04365,1.0437
1738754280,1.0437,1.0438,1.04345,1.0435
1738754460,1.04355,1.04365,1.04335,1.04345
1738754640,1.04345,1.0437,1.0434,1.0437
1738754820,1.0437,1.04385,1.0436,1.0437
1738755000,1.04375,1.04375,1.04345,1.04355
1738755180,1.0436,1.0437,1.04325,1.04325
1738755360,1.04325,1.04345,1.04315,1.04335
1738755540,1.0433,1.04345,1.04325,1.04335
1738755720,1.0433,1.04335,1.04315,1.04335
1738755900,1.0433,1.0434,1.0432,1.04335
1738756080,1.0434,1.04345,1.0433,1.0434
1738756260,1.04345,1.04355,1.04325,1.04325
1738756440,1.0432,1.0435,1.0432,1.0435
1738756620,1.0435,1.04365,1.04345,1.04345
1738756800,1.04345,1.04345,1.043,1.04325
1738756980,1.04325,1.0434,1.0432,1.04335
1738757160,1.0433,1.04335,1.0432,1.04335
1738757340,1.0433,1.04335,1.04315,1.04325
1738757520,1.04325,1.04325,1.04305,1.04315
1738757700,1.04315,1.04345,1.0431,1.04315
1738757880,1.04315,1.0433,1.043,1.0432
1738758060,1.04325,1.0434,1.04325,1.04335
1738758240,1.0433,1.0436,1.04315,1.0435
1738758420,1.04355,1.0436,1.04345,1.0435
1738758600,1.04345,1.0437,1.0433,1.04365
1738758780,1.0436,1.0436,1.0434,1.0434
1738758960,1.04335,1.0436,1.0433,1.0436
1738759140,1.0436,1.04365,1.0435,1.0436
1738759320,1.0436,1.04375,1.04355,1.04365
1738759500,1.0437,1.0439,1.04365,1.04375
1738759680,1.04375,1.04385,1.04355,1.0438
1738759860,1.0438,1.0439,1.04375,1.0439
1738760040,1.0439,1.04415,1.0439,1.0441
1738760220,1.04405,1.0441,1.0438,1.04385
1738760400,1.04385,1.044,1.04375,1.044
1738760580,1.0439,1.04415,1.0438,1.044
1738760760,1.044,1.04405,1.0438,1.0439
1738760940,1.0439,1.04445,1.04385,1.04445
1738761120,1.04445,1.04455,1.044,1.0442
1738761300,1.04405,1.04405,1.04325,1.04325
1738761480,1.0432,1.0436,1.04295,1.0434
1738761660,1.04335,1.0438,1.04335,1.0436
1738761840,1.0436,1.0438,1.04345,1.0435
1738762020,1.0435,1.04365,1.0432,1.04335
1738762200,1.04335,1.0438,1.0432,1.04355
1738762380,1.0436,1.0436,1.0426,1.04295
1738762560,1.043,1.0434,1.043,1.0432
1738762740,1.0432,1.04335,1.04295,1.043
1738762920,1.043,1.0431,1.0427,1.043
1738763100,1.043,1.04305,1.04265,1.04265
1738763280,1.04265,1.0427,1.04245,1.04255
1738763460,1.0426,1.0426,1.0421,1.04215
1738763640,1.04215,1.04245,1.04215,1.04245
1738763820,1.04245,1.04285,1.04235,1.04275
1738764000,1.04275,1.04285,1.0426,1.04265
1738764180,1.0427,1.0431,1.04255,1.04285
1738764360,1.04285,1.04375,1.04285,1.04375
1738764540,1.04375,1.0439,1.04345,1.04385
1738764720,1.0438,1.04415,1.0437,1.04405
1738764900,1.044,1.0441,1.0438,1.04405
1738765080,1.04405,1.0442,1.04375,1.04405
1738765260,1.04405,1.04435,1.04385,1.04425
1738765440,1.04425,1.04425,1.0435,1.0439
1738765620,1.04395,1.0442,1.04365,1.04415
1738765800,1.04415,1.04435,1.04395,1.0441
1738765980,1.04405,1.04425,1.0437,1.0437
1738766160,1.0437,1.044,1.04355,1.0439
1738766340,1.04395,1.04395,1.0434,1.04355
1738766520,1.04355,1.0437,1.0434,1.0436
1738766700,1.04365,1.0437,1.04325,1.04355
1738766880,1.04355,1.04405,1.04355,1.044
1738767060,1.044,1.04435,1.04385,1.04435
1738767240,1.04435,1.04455,1.0442,1.0444
1738767420,1.0444,1.0445,1.0443,1.04445
1738767600,1.0445,1.0464,1.0445,1.0454
1738767780,1.0454,1.0454,1.0444,1.04445
1738767960,1.04445,1.0447,1.0441,1.0444
1738768140,1.0444,1.04485,1.04415,1.04415
1738768320,1.0442,1.0446,1.04405,1.0445
1738768500,1.04445,1.045,1.04425,1.04495
1738768680,1.04495,1.0451,1.04465,1.045
1738768860,1.04495,1.04495,1.0442,1.0442
1738769040,1.0442,1.0446,1.04395,1.044
1738769220,1.044,1.04435,1.044,1.044
1738769400,1.044,1.0441,1.0437,1.04405
1738769580,1.04405,1.04405,1.0437,1.0438
1738769760,1.04375,1.04405,1.04375,1.044
1738769940,1.044,1.04405,1.04345,1.04365
1738770120,1.0437,1.0439,1.04365,1.04375
1738770300,1.0437,1.0439,1.0436,1.04385
1738770480,1.04385,1.0442,1.04375,1.04415
1738770660,1.04415,1.0445,1.0441,1.04425
1738770840,1.04425,1.04435,1.04355,1.04375
1738771020,1.04375,1.04425,1.04375,1.0442
1738771200,1.04415,1.04425,1.044,1.04405
1738771380,1.0441,1.04445,1.04395,1.04415
1738771560,1.04415,1.0442,1.04375,1.04375
1738771740,1.04385,1.04405,1.0437,1.0437
1738771920,1.04375,1.04385,1.04335,1.0434
1738772100,1.0434,1.0435,1.043,1.0431
1738772280,1.0431,1.0436,1.0431,1.04355
1738772460,1.04355,1.0439,1.04355,1.04385
1738772640,1.04385,1.04405,1.0437,1.04375
1738772820,1.04375,1.04385,1.0437,1.0438
1738773000,1.04375,1.0442,1.04375,1.0442
1738773180,1.0442,1.04445,1.0441,1.0442
1738773360,1.0442,1.0442,1.0439,1.04405
1738773540,1.04405,1.04415,1.0437,1.04375
1738773720,1.04375,1.04385,1.04355,1.04365
1738773900,1.0436,1.0436,1.04305,1.04315
1738774080,1.04315,1.04355,1.04305,1.04335
1738774260,1.04335,1.0437,1.04335,1.0437
1738774440,1.0437,1.0437,1.04335,1.0435
1738774620,1.04345,1.0438,1.04345,1.0438
1738774800,1.0438,1.0441,1.04375,1.04405
1738774980,1.04405,1.04425,1.04395,1.04425
1738775160,1.04425,1.0444,1.044,1.044
1738775340,1.0441,1.0442,1.044,1.04415
1738775520,1.04415,1.0443,1.04395,1.04395
1738775700,1.044,1.044,1.04355,1.04355
1738775880,1.04355,1.04355,1.04325,1.0434
1738776060,1.04335,1.0434,1.04315,1.0434
1738776240,1.0434,1.0434,1.043,1.04335
1738776420,1.04335,1.04345,1.04315,1.0433
1738776600,1.0433,1.0435,1.04325,1.0435
1738776780,1.04345,1.04365,1.0434,1.0436
1738776960,1.04365,1.04385,1.0436,1.04375
1738777140,1.04375,1.0438,1.0436,1.0437
1738777320,1.04365,1.0438,1.0436,1.04375
1738777500,1.04375,1.04395,1.04375,1.04385
1738777680,1.0438,1.0439,1.04375,1.0439
1738777860,1.0439,1.04415,1.04385,1.04405
1738778040,1.04405,1.0441,1.0438,1.04385
1738778220,1.0438,1.044,1.04365,1.044
1738778400,1.0439,1.04405,1.04385,1.04385
1738778580,1.0438,1.0439,1.04375,1.0438
1738778760,1.0438,1.0438,1.04345,1.04345
1738778940,1.0434,1.0436,1.0434,1.0435
1738779120,1.0435,1.0437,1.04345,1.0437
1738779300,1.0437,1.0438,1.04365,1.04375
1738779480,1.0437,1.04405,1.0437,1.044
1738779660,1.044,1.044,1.04385,1.04385
1738779840,1.0438,1.0438,1.0436,1.0438
1738780020,1.04385,1.0439,1.04375,1.0438
1738780200,1.0438,1.0439,1.0437,1.0437
1738780380,1.04375,1.04385,1.04365,1.04385
1738780560,1.04385,1.044,1.04385,1.044
1738780740,1.044,1.0441,1.04395,1.044
1738780920,1.044,1.0441,1.04395,1.04395
1738781100,1.04395,1.04395,1.04365,1.0437
1738781280,1.0437,1.04375,1.0436,1.0436
1738781460,1.0436,1.04365,1.0435,1.04355
1738781640,1.04355,1.04365,1.04355,1.04355
1738781820,1.04355,1.0437,1.0435,1.04355
1738782000,1.04355,1.04365,1.0433,1.0436
1738782180,1.04355,1.04355,1.0433,1.04335
1738782360,1.04335,1.04345,1.0433,1.04345
1738782540,1.0434,1.0434,1.04315,1.0432
1738782720,1.0432,1.04325,1.0431,1.04325
1738782900,1.0432,1.0434,1.0432,1.04325
1738783080,1.04325,1.04335,1.04315,1.04315
1738783260,1.04315,1.04315,1.04295,1.04305
1738783440,1.043,1.0431,1.04295,1.04305
1738783620,1.043,1.0434,1.043,1.04335
1738783800,1.04335,1.04335,1.04315,1.04315
1738783980,1.0431,1.0432,1.043,1.04305
1738784160,1.04305,1.04305,1.04275,1.043
1738784340,1.0429,1.04295,1.0427,1.0428
1738784520,1.04285,1.04285,1.04265,1.04275
1738784700,1.04275,1.04285,1.0426,1.0427
1738784880,1.0427,1.0428,1.04255,1.04255
1738785060,1.04255,1.04285,1.0425,1.0426
1738785240,1.0426,1.0427,1.0424,1.04245
1738785420,1.04245,1.04275,1.0424,1.04265
1738785600,1.04265,1.0427,1.0424,1.0426
1738785780,1.0426,1.0426,1.04235,1.04235
1738785960,1.0424,1.0424,1.0422,1.04225
1738786140,1.04225,1.0423,1.04215,1.04225
1738786320,1.04225,1.04225,1.0421,1.0422
1738786500,1.04225,1.0423,1.0422,1.04225
1738786680,1.04225,1.0424,1.0422,1.0423
1738786860,1.04235,1.04245,1.04225,1.0423
1738787040,1.04235,1.0424,1.04225,1.0424
1738787220,1.0424,1.04245,1.0423,1.04245
1738787400,1.0424,1.0424,1.04225,1.04235
1738787580,1.04235,1.04245,1.04235,1.04245
1738787760,1.04245,1.04245,1.0423,1.0423
1738787940,1.0423,1.04235,1.0422,1.04235
1738788120,1.0424,1.0424,1.0423,1.04235
1738788300,1.04235,1.04235,1.04225,1.04225
1738788480,1.04225,1.04235,1.0422,1.04235
1738788660,1.0423,1.0426,1.0423,1.04255
1738788840,1.0426,1.04265,1.04245,1.04245
1738789020,1.04245,1.0426,1.04235,1.04245
1738789200,1.0424,1.04265,1.0424,1.04245
1738789380,1.04245,1.0425,1.04235,1.04235
1738789560,1.04235,1.04235,1.04215,1.04215
1738789740,1.0422,1.04225,1.04215,1.04225
1738789920,1.04225,1.04235,1.04225,1.04235
1738790100,1.0424,1.04255,1.04235,1.0425
1738790280,1.0425,1.0425,1.0424,1.0424
1738790460,1.04235,1.0425,1.04235,1.0425
1738790640,1.04245,1.04245,1.0424,1.04245
1738790820,1.04245,1.04245,1.04225,1.04235
1738791000,1.0423,1.04235,1.04225,1.0423
1738791180,1.04225,1.0423,1.0422,1.04225
1738791360,1.0423,1.0423,1.0422,1.0422
1738791540,1.0422,1.04225,1.0421,1.0421
1738791720,1.04205,1.0421,1.04175,1.0418
1738791900,1.0418,1.0419,1.04165,1.04175
1738792080,1.0418,1.04185,1.0417,1.0417
1738792260,1.0417,1.04185,1.0417,1.04175
1738792440,1.0418,1.04215,1.0418,1.04215
1738792620,1.04215,1.04235,1.04215,1.0423
1738796400,1.0424,1.0424,1.0418,1.0418
1738796580,1.0418,1.04195,1.0418,1.04195
1738796760,1.04185,1.04185,1.0417,1.04175
1738796940,1.0417,1.0419,1.04165,1.04175
1738797120,1.04165,1.0417,1.0416,1.0416
1738797300,1.04155,1.04185,1.04155,1.04185
1738797480,1.04185,1.042,1.0418,1.042
1738797660,1.042,1.04205,1.04195,1.042
1738797840,1.0421,1.04225,1.0421,1.04225
1738798020,1.04225,1.04225,1.0421,1.0421
1738798200,1.04215,1.04225,1.04215,1.04215
1738798380,1.04215,1.04215,1.0419,1.0419
1738798560,1.04185,1.04185,1.0418,1.0418
1738798740,1.0418,1.0418,1.0416,1.04165
1738798920,1.0417,1.0417,1.04165,1.04165
1738799100,1.0417,1.0419,1.0417,1.0419
1738799280,1.04185,1.04215,1.04185,1.0421
1738799460,1.0421,1.0421,1.04185,1.04205
1738799640,1.04195,1.04195,1.04185,1.0419
1738799820,1.0419,1.0419,1.04165,1.04165
1738800000,1.04175,1.04195,1.04175,1.0418
1738800180,1.0418,1.0419,1.0418,1.0419
1738800360,1.042,1.04205,1.0419,1.04195
1738800540,1.04195,1.04195,1.0419,1.0419
1738800720,1.04185,1.04205,1.04185,1.04205
1738800900,1.042,1.04205,1.0418,1.0418
1738801080,1.04175,1.04175,1.0415,1.0415
1738801260,1.0415,1.0417,1.0415,1.0417
1738801440,1.04165,1.0417,1.04155,1.0417
1738801620,1.0417,1.0418,1.0417,1.0418
1738801800,1.0418,1.0419,1.0418,1.0418
1738801980,1.0418,1.0418,1.04175,1.04175
1738802160,1.0417,1.0418,1.0417,1.04175
1738802340,1.0417,1.04175,1.0416,1.04175
1738802520,1.0418,1.04185,1.04175,1.04175
1738802700,1.0418,1.0418,1.0415,1.04155
1738802880,1.0415,1.0415,1.04135,1.04135
1738803060,1.0414,1.04145,1.04135,1.04145
1738803240,1.0414,1.04155,1.0413,1.0414
1738803420,1.04145,1.0416,1.04135,1.0416
1738803600,1.0416,1.04165,1.0415,1.0415
1738803780,1.04145,1.04175,1.04135,1.04175
1738803960,1.04175,1.04175,1.04155,1.04155
1738804140,1.04155,1.0417,1.0415,1.04165
1738804320,1.04175,1.0418,1.04165,1.04175
1738804500,1.0418,1.04205,1.04175,1.04205
1738804680,1.042,1.042,1.04185,1.04185
1738804860,1.04185,1.042,1.04185,1.0419
1738805040,1.0419,1.04195,1.0418,1.0418
1738805220,1.0418,1.0419,1.04175,1.04185
1738805400,1.0418,1.04205,1.0418,1.04205
1738805580,1.0421,1.04215,1.0419,1.042
1738805760,1.04195,1.04215,1.04195,1.042
1738805940,1.04205,1.04215,1.04195,1.04195
1738806120,1.04195,1.04205,1.0418,1.04195
1738806300,1.042,1.04205,1.04195,1.042
1738806480,1.04205,1.04215,1.042,1.04205
1738806660,1.042,1.04215,1.0419,1.04205
1738806840,1.04205,1.0423,1.04205,1.0423
1738807020,1.0422,1.0422,1.042,1.042
1738807200,1.04205,1.0421,1.04205,1.0421
1738807380,1.04215,1.0423,1.0421,1.0421
1738807560,1.04215,1.0423,1.04215,1.0423
1738807740,1.0422,1.04235,1.0422,1.04235
1738807920,1.04225,1.04225,1.04195,1.04195
1738808100,1.0419,1.04195,1.04165,1.04165
1738808280,1.0416,1.04175,1.04155,1.0417
1738808460,1.04165,1.0417,1.0413,1.04135
1738808640,1.04135,1.0414,1.04115,1.0413
1738808820,1.04125,1.0413,1.0412,1.04125
1738809000,1.04125,1.04125,1.04105,1.04105
1738809180,1.04115,1.0412,1.041,1.0411
1738809360,1.04105,1.04105,1.04095,1.04095
1738809540,1.041,1.04115,1.04095,1.0411
1738809720,1.0411,1.0412,1.041,1.04115
1738809900,1.0412,1.0413,1.04105,1.04105
1738810080,1.04105,1.04135,1.04105,1.04135
1738810260,1.0413,1.04145,1.04125,1.04145
1738810440,1.0415,1.04155,1.04145,1.0415
1738810620,1.0415,1.0415,1.0413,1.04135
1738810800,1.0413,1.04145,1.0413,1.0413
1738810980,1.04125,1.04125,1.0412,1.04125
1738811160,1.04125,1.0413,1.0412,1.0412
1738811340,1.04125,1.04125,1.04105,1.04105
1738811520,1.0411,1.0412,1.04105,1.04115
1738811700,1.04115,1.0412,1.0411,1.0412
1738811880,1.0412,1.0412,1.04115,1.04115
1738812060,1.04115,1.0413,1.0411,1.04125
1738812240,1.04115,1.0412,1.04115,1.04115
1738812420,1.04115,1.04115,1.0411,1.04115
1738812600,1.04115,1.04115,1.04105,1.0411
1738812780,1.0411,1.0413,1.0411,1.04125
1738812960,1.04125,1.04125,1.0411,1.04115
1738813140,1.04115,1.04115,1.0411,1.0411
1738813320,1.0411,1.0411,1.04095,1.04095
1738813500,1.0409,1.04105,1.0409,1.041
1738813680,1.04105,1.04105,1.0408,1.0409
1738813860,1.0409,1.0409,1.04075,1.04075
1738814040,1.04085,1.04095,1.04075,1.0409
1738814220,1.0409,1.04105,1.04085,1.04105
1738814400,1.04105,1.04105,1.041,1.041
1738814580,1.04095,1.04105,1.0409,1.041
1738814760,1.04095,1.04095,1.04095,1.04095
1738814940,1.0409,1.04105,1.04085,1.04105
1738815120,1.041,1.0411,1.041,1.04105
1738815300,1.041,1.04105,1.04095,1.04105
1738815480,1.041,1.0411,1.041,1.04105
1738815660,1.04105,1.0412,1.041,1.0412
1738815840,1.04115,1.04115,1.04115,1.04115
1738816020,1.04115,1.04115,1.041,1.041
1738816200,1.04095,1.04105,1.04095,1.04105
1738816380,1.041,1.041,1.04085,1.04085
1738816560,1.04085,1.04085,1.04075,1.04075
1738816740,1.0407,1.0407,1.0406,1.0407
1738816920,1.0407,1.0407,1.04065,1.04065
1738817100,1.0406,1.04065,1.04055,1.04055
1738817280,1.0405,1.0405,1.04045,1.0405
1738817460,1.0405,1.0405,1.04035,1.0405
1738817640,1.0405,1.0406,1.04045,1.0405
1738817820,1.04045,1.04055,1.04045,1.0405
1738818000,1.04055,1.0407,1.0405,1.04065
1738818180,1.04065,1.0407,1.0406,1.04065
1738818360,1.04065,1.04065,1.04065,1.04065
1738818540,1.0406,1.04075,1.0406,1.04065
1738818720,1.0407,1.0407,1.04055,1.04065
1738818900,1.04065,1.04065,1.0405,1.04055
1738819080,1.0406,1.0407,1.04055,1.0406
1738819260,1.0406,1.04075,1.0406,1.04075
1738819440,1.04075,1.0408,1.04075,1.04075
1738819620,1.0408,1.04085,1.0407,1.0407
1738819800,1.0407,1.04075,1.04065,1.04075
1738819980,1.04075,1.04085,1.04065,1.04075
1738820160,1.04075,1.0408,1.04065,1.04065
1738820340,1.04065,1.04065,1.04055,1.0406
1738820520,1.04055,1.04065,1.04055,1.04065
1738820700,1.0406,1.0406,1.04055,1.04055
1738820880,1.0406,1.04065,1.0406,1.04065
1738821060,1.04065,1.04065,1.0405,1.0405
1738821240,1.0406,1.04065,1.0406,1.0406
1738821420,1.04055,1.04055,1.04045,1.04045
1738821600,1.0404,1.04055,1.0404,1.04055
1738821780,1.04055,1.0406,1.0404,1.04045
1738821960,1.04045,1.0405,1.0404,1.04045
1738822140,1.04045,1.0405,1.04035,1.0405
1738822320,1.0405,1.04055,1.04045,1.04045
1738822500,1.04045,1.0405,1.04045,1.0405
1738822680,1.0405,1.04055,1.04045,1.04055
1738822860,1.0405,1.04055,1.0405,1.04055
1738823040,1.0406,1.04075,1.0406,1.0407
1738823220,1.0407,1.04075,1.04055,1.0406
1738823400,1.04055,1.04065,1.04055,1.04065
1738823580,1.0407,1.04085,1.0406,1.04085
1738823760,1.04085,1.04105,1.04085,1.04095
1738823940,1.0409,1.04105,1.0409,1.04105
1738824120,1.04105,1.0411,1.041,1.041
1738824300,1.041,1.041,1.0407,1.0407
1738824480,1.0407,1.04075,1.04055,1.04065
1738824660,1.0407,1.04085,1.0407,1.04085
1738824840,1.0409,1.0409,1.0407,1.0407
1738825020,1.0407,1.0408,1.04065,1.0408
1738825200,1.0408,1.0409,1.04055,1.04065
1738825380,1.0407,1.04075,1.04055,1.0406
1738825560,1.0406,1.04075,1.04045,1.04065
1738825740,1.04065,1.0407,1.04045,1.0407
1738825920,1.0407,1.0408,1.0403,1.04035
1738826100,1.0404,1.0406,1.04025,1.0406
1738826280,1.0406,1.0408,1.04055,1.0408
1738826460,1.0408,1.04095,1.0408,1.04095
1738826640,1.04095,1.04095,1.04055,1.04065
1738826820,1.0406,1.0407,1.04055,1.0407
1738827000,1.04075,1.04075,1.0403,1.04035
1738827180,1.0403,1.0403,1.04015,1.04025
1738827360,1.04025,1.04055,1.0402,1.0405
1738827540,1.0405,1.04055,1.0403,1.0403
1738827720,1.0403,1.04045,1.0402,1.0403
1738827900,1.0403,1.04035,1.04005,1.0401
1738828080,1.04015,1.0403,1.04005,1.0401
1738828260,1.0401,1.04025,1.0398,1.03985
1738828440,1.0398,1.04005,1.0396,1.0399
1738828620,1.0399,1.04,1.0397,1.03985
1738828800,1.03985,1.03985,1.0396,1.0397
1738828980,1.0397,1.0399,1.0397,1.0398
1738829160,1.0398,1.03985,1.0394,1.0395
1738829340,1.0395,1.0395,1.03905,1.0392
1738829520,1.03925,1.03925,1.0388,1.039
1738829700,1.039,1.03915,1.0388,1.0391
1738829880,1.0391,1.0391,1.03855,1.03855
1738830060,1.0386,1.03905,1.0386,1.03905
1738830240,1.03905,1.0391,1.03865,1.0388
1738830420,1.03875,1.03875,1.03805,1.03815
1738830600,1.03815,1.0383,1.03765,1.0379
1738830780,1.0379,1.03815,1.0376,1.03805
1738830960,1.03805,1.03835,1.03805,1.03825
1738831140,1.03825,1.03835,1.038,1.038
1738831320,1.03805,1.0382,1.03775,1.038
1738831500,1.03805,1.0381,1.0378,1.038
1738831680,1.038,1.038,1.03755,1.0376
1738831860,1.0376,1.03785,1.0374,1.0378
1738832040,1.03785,1.0382,1.03785,1.0381
1738832220,1.0381,1.03835,1.03805,1.0383
1738832400,1.0383,1.0384,1.03825,1.03835
1738832580,1.03835,1.0386,1.03815,1.03845
1738832760,1.03845,1.0385,1.03825,1.03825
1738832940,1.0382,1.0384,1.03815,1.0384
1738833120,1.0384,1.0386,1.0384,1.03845
1738833300,1.03845,1.0385,1.03805,1.03805
1738833480,1.0381,1.0381,1.03775,1.0378
1738833660,1.03785,1.03785,1.03745,1.03755
1738833840,1.0376,1.03785,1.03755,1.0378
1738834020,1.0378,1.03805,1.0378,1.03795
1738834200,1.03795,1.0381,1.0376,1.0381
1738834380,1.0381,1.0382,1.03805,1.03815
1738834560,1.03815,1.03815,1.038,1.03805
1738834740,1.0381,1.03835,1.03805,1.03805
1738834920,1.03805,1.03805,1.03785,1.03795
1738835100,1.03795,1.0383,1.03795,1.0383
1738835280,1.03825,1.0383,1.03795,1.03805
1738835460,1.0381,1.0382,1.03795,1.0381
1738835640,1.0381,1.0381,1.0376,1.0376
1738835820,1.03755,1.03785,1.03755,1.03775
1738836000,1.0378,1.038,1.03765,1.0379
1738836180,1.0379,1.03795,1.03775,1.0379
1738836360,1.0379,1.0381,1.03755,1.0377
1738836540,1.0377,1.03785,1.03755,1.03775
1738836720,1.0377,1.038,1.0377,1.0378
1738836900,1.0378,1.038,1.0378,1.03795
1738837080,1.03795,1.0382,1.03785,1.0382
1738837260,1.03825,1.0383,1.03815,1.0382
1738837440,1.03815,1.0383,1.0381,1.0383
1738837620,1.03835,1.03845,1.03815,1.03825
1738837800,1.0382,1.0383,1.03805,1.0381
1738837980,1.0381,1.03825,1.0379,1.0382
1738838160,1.0382,1.0382,1.03795,1.03795
1738838340,1.038,1.03805,1.03775,1.03775
1738838520,1.0378,1.03785,1.03735,1.03755
1738838700,1.03755,1.0379,1.0375,1.03785
1738838880,1.0379,1.0379,1.03765,1.0377
1738839060,1.03775,1.0379,1.0377,1.03785
1738839240,1.03785,1.03795,1.03775,1.03785
1738839420,1.03785,1.0381,1.0378,1.03805
1738839600,1.03805,1.0381,1.03785,1.03795
1738839780,1.0379,1.0379,1.0376,1.0379
1738839960,1.0379,1.0379,1.0377,1.03775
1738840140,1.03775,1.03805,1.03775,1.0379
1738840320,1.03785,1.0379,1.03775,1.0379
1738840500,1.03785,1.03825,1.0378,1.0382
1738840680,1.0382,1.03845,1.0381,1.0384
1738840860,1.0384,1.03855,1.03825,1.03835
1738841040,1.03835,1.03855,1.03835,1.03855
1738841220,1.0385,1.03855,1.0384,1.0385
1738841400,1.0385,1.03855,1.03805,1.03805
1738841580,1.0381,1.03825,1.0379,1.0379
1738841760,1.0379,1.0382,1.03785,1.0381
1738841940,1.03805,1.03805,1.03775,1.0378
1738842120,1.03785,1.03795,1.03785,1.0379
1738842300,1.0379,1.0381,1.0379,1.038
1738842480,1.03795,1.0382,1.03795,1.03815
1738842660,1.0381,1.03815,1.03795,1.03795
1738842840,1.0379,1.03805,1.03785,1.0379
1738843020,1.0379,1.0383,1.0379,1.03795
1738843200,1.038,1.0382,1.0374,1.0376
1738843380,1.0376,1.03795,1.03745,1.0376
1738843560,1.0376,1.03795,1.03745,1.03785
1738843740,1.0378,1.03795,1.03735,1.0375
1738843920,1.0375,1.03785,1.0375,1.03785
1738844100,1.03785,1.03795,1.03755,1.0377
1738844280,1.03765,1.0378,1.0375,1.03765
1738844460,1.0376,1.03775,1.03745,1.0375
1738844640,1.03745,1.0377,1.03745,1.03755
1738844820,1.03755,1.03785,1.03745,1.0375
1738845000,1.0375,1.0378,1.0375,1.03775
1738845180,1.0378,1.0378,1.0374,1.03745
1738845360,1.0374,1.03755,1.0371,1.03715
1738845540,1.03715,1.03805,1.03715,1.038
1738845720,1.03795,1.03815,1.0379,1.03805
1738845900,1.03805,1.03805,1.03765,1.03775
1738846080,1.03775,1.03795,1.0377,1.0379
1738846260,1.0379,1.0379,1.03765,1.0377
1738846440,1.0377,1.03775,1.03755,1.0377
1738846620,1.0378,1.03805,1.03765,1.038
1738846800,1.03805,1.0381,1.03765,1.0377
1738846980,1.0377,1.03775,1.03745,1.0375
1738847160,1.0375,1.0379,1.03715,1.0379
1738847340,1.0379,1.0379,1.03765,1.03785
1738847520,1.03785,1.03805,1.03765,1.0379
1738847700,1.03795,1.038,1.0376,1.0378
1738847880,1.0378,1.03785,1.03765,1.03785
1738848060,1.03785,1.0379,1.0377,1.03775
1738848240,1.03775,1.0379,1.03765,1.0379
1738848420,1.03785,1.03795,1.03765,1.0379
1738848600,1.03795,1.03865,1.0378,1.0381
1738848780,1.0381,1.03845,1.0381,1.03815
1738848960,1.0382,1.0385,1.03805,1.0383
1738849140,1.03825,1.03835,1.0381,1.03815
1738849320,1.0382,1.0382,1.03785,1.03785
1738849500,1.03785,1.03795,1.0376,1.0377
1738849680,1.0377,1.03785,1.0375,1.03755
1738849860,1.0375,1.03775,1.03735,1.03765
1738850040,1.03765,1.0377,1.0374,1.0375
1738850220,1.0375,1.0379,1.0374,1.03785
1738850400,1.03785,1.0381,1.0378,1.03785
1738850580,1.0379,1.0381,1.03785,1.0381
1738850760,1.03815,1.0385,1.0381,1.03845
1738850940,1.0384,1.0386,1.0383,1.0383
1738851120,1.03835,1.03845,1.0382,1.03845
1738851300,1.03845,1.03845,1.0381,1.0382
1738851480,1.03825,1.0383,1.03805,1.0381
1738851660,1.0381,1.03825,1.038,1.03815
1738851840,1.0381,1.0385,1.03805,1.0385
1738852020,1.0385,1.03855,1.03825,1.03855
1738852200,1.03855,1.0386,1.03835,1.0384
1738852380,1.0384,1.0389,1.0384,1.0389
1738852560,1.03885,1.03905,1.0387,1.03885
1738852740,1.0389,1.03925,1.03885,1.039
1738852920,1.039,1.0392,1.039,1.0391
1738853100,1.0391,1.03925,1.0386,1.0387
1738853280,1.03865,1.03865,1.03805,1.0381
1738853460,1.0381,1.0386,1.0381,1.0385
1738853640,1.0385,1.0385,1.0383,1.03835
1738853820,1.03835,1.03845,1.03795,1.03805
1738854000,1.03805,1.0389,1.03795,1.0389
1738854180,1.03895,1.03915,1.0388,1.0388
1738854360,1.03875,1.0391,1.0385,1.039
1738854540,1.039,1.03905,1.0387,1.03895
1738854720,1.03895,1.039,1.0386,1.03895
1738854900,1.03895,1.03925,1.03885,1.03925
1738855080,1.0392,1.03945,1.03885,1.0392
1738855260,1.03925,1.0393,1.039,1.03905
1738855440,1.039,1.039,1.03885,1.0389
1738855620,1.03895,1.039,1.0384,1.0384
1738855800,1.03845,1.03855,1.038,1.03835
1738855980,1.0383,1.0385,1.03815,1.0382
1738856160,1.03825,1.0384,1.03805,1.0381
1738856340,1.0381,1.0384,1.03775,1.0383
1738856520,1.0383,1.03865,1.0383,1.03845
1738856700,1.03845,1.03905,1.03845,1.0385
1738856880,1.0385,1.0389,1.0385,1.03865
1738857060,1.03865,1.0387,1.03835,1.03835
1738857240,1.03835,1.03865,1.03825,1.03855
1738857420,1.03855,1.0389,1.03855,1.0388
1738857600,1.0388,1.0389,1.0387,1.03875
1738857780,1.03875,1.039,1.03865,1.039
1738857960,1.039,1.0391,1.03895,1.03905
1738858140,1.03905,1.03925,1.03885,1.0392
1738858320,1.0392,1.03935,1.03875,1.03875
1738858500,1.03875,1.03905,1.0387,1.03905
1738858680,1.0391,1.03925,1.03905,1.03925
1738858860,1.03925,1.0394,1.03915,1.0392
1738859040,1.03925,1.03945,1.03925,1.0394
1738859220,1.0394,1.03945,1.03915,1.03925
1738859400,1.0393,1.03945,1.0392,1.03925
1738859580,1.0392,1.03925,1.03895,1.0391
1738859760,1.0391,1.03915,1.0389,1.0391
1738859940,1.0391,1.03925,1.03905,1.03915
1738860120,1.03915,1.03915,1.03895,1.03895
1738860300,1.03895,1.03895,1.0388,1.0389
1738860480,1.03885,1.0389,1.0387,1.0389
1738860660,1.03885,1.0391,1.03885,1.0389
1738860840,1.0389,1.0389,1.0387,1.03875
1738861020,1.03875,1.03875,1.0385,1.0385
1738861200,1.03855,1.03885,1.03845,1.03875
1738861380,1.0387,1.0391,1.0387,1.03905
1738861560,1.03905,1.0393,1.03905,1.0393
1738861740,1.03925,1.03935,1.0391,1.0393
1738861920,1.03925,1.0394,1.03925,1.0394
1738862100,1.0394,1.03965,1.03935,1.0395
1738862280,1.03945,1.03945,1.0392,1.0394
1738862460,1.03935,1.03965,1.03925,1.03965
1738862640,1.0396,1.0397,1.03955,1.03965
1738862820,1.03965,1.03975,1.03955,1.03965
1738863000,1.03965,1.03965,1.0394,1.0394
1738863180,1.0394,1.0395,1.03915,1.03935
1738863360,1.03935,1.03945,1.0393,1.03935
1738863540,1.0394,1.0395,1.03935,1.03945
1738863720,1.0395,1.03955,1.03935,1.0394
1738863900,1.0394,1.0394,1.0392,1.0393
1738864080,1.0393,1.0395,1.0393,1.0395
1738864260,1.0395,1.03955,1.03935,1.03945
1738864440,1.0395,1.03965,1.0395,1.03955
1738864620,1.03955,1.0399,1.03955,1.03975
1738864800,1.03975,1.03995,1.0397,1.0399
1738864980,1.03985,1.04015,1.0398,1.0401
1738865160,1.04015,1.0404,1.0401,1.0402
1738865340,1.04025,1.04045,1.0392,1.04025
1738865520,1.04025,1.0404,1.03975,1.0398
1738865700,1.0398,1.04035,1.03975,1.04035
1738865880,1.0403,1.0404,1.04,1.04
1738866060,1.04005,1.0401,1.03985,1.0401
1738866240,1.04015,1.0403,1.0401,1.0403
1738866420,1.0403,1.04035,1.04015,1.04035
1738866600,1.0403,1.04045,1.0403,1.0404
1738866780,1.04035,1.04045,1.04005,1.0402
1738866960,1.0402,1.0406,1.0402,1.0405
1738867140,1.0405,1.04075,1.0405,1.04075
1738867320,1.0407,1.04135,1.0407,1.0413
1738867500,1.04125,1.0415,1.04115,1.04125
1738867680,1.04125,1.0413,1.04105,1.0411
1738867860,1.0411,1.04115,1.0407,1.04075
1738868040,1.04075,1.04075,1.0403,1.04045
1738868220,1.04045,1.04085,1.0404,1.04075
1738868400,1.04075,1.04095,1.0407,1.0408
1738868580,1.0408,1.0408,1.0405,1.0405
1738868760,1.0405,1.04055,1.04035,1.04055
1738868940,1.0405,1.0407,1.0405,1.04055
1738869120,1.0405,1.04065,1.0405,1.0405
1738869300,1.04045,1.04045,1.04025,1.0403
1738869480,1.0403,1.04045,1.04025,1.0404
1738869660,1.04045,1.0405,1.04035,1.0404
1738869840,1.04035,1.04045,1.0403,1.0404
1738870020,1.0404,1.04045,1.0403,1.0403
1738870200,1.04025,1.04025,1.04,1.0402
1738870380,1.04025,1.04025,1.04,1.04005
1738870560,1.04005,1.0401,1.03985,1.0399
1738870740,1.03995,1.04,1.03995,1.04
1738870920,1.03995,1.0401,1.03985,1.0401
1738871100,1.0401,1.04035,1.0401,1.04025
1738871280,1.0403,1.04035,1.04025,1.04025
1738871460,1.0402,1.04025,1.0401,1.04015
1738871640,1.0402,1.04035,1.04015,1.0403
1738871820,1.04025,1.0404,1.04025,1.0403
1738872000,1.0403,1.04035,1.0402,1.04035
1738872180,1.0403,1.04045,1.04025,1.04045
1738872360,1.04045,1.0408,1.0404,1.04075
1738872540,1.04075,1.04095,1.04075,1.04075
1738872720,1.0407,1.04075,1.0406,1.04065
1738872900,1.04065,1.04075,1.04055,1.04075
1738873080,1.04075,1.04075,1.04055,1.04055
1738873260,1.04055,1.04055,1.0405,1.0405
1738873440,1.04055,1.04075,1.0404,1.04045
1738873620,1.04045,1.0405,1.04035,1.04035
1738873800,1.0404,1.0404,1.0402,1.0403
1738873980,1.0403,1.0404,1.0403,1.04035
1738874160,1.0404,1.0405,1.0404,1.0405
1738874340,1.0405,1.04055,1.0404,1.04055
1738874520,1.0406,1.0406,1.04045,1.04045
1738874700,1.04045,1.04045,1.0403,1.0403
1738874880,1.0403,1.0405,1.0403,1.0405
1738875060,1.04045,1.04055,1.04045,1.0405
1738875240,1.0405,1.04065,1.0405,1.04055
1738875420,1.04055,1.0408,1.0405,1.0407
1738875600,1.04065,1.0408,1.04055,1.04065
1738875780,1.04065,1.04075,1.0406,1.0407
1738875960,1.04065,1.04065,1.0406,1.04065
1738876140,1.0407,1.0407,1.04065,1.0407
1738876320,1.04065,1.04065,1.0405,1.0405
1738876500,1.04055,1.0406,1.04035,1.0404
1738876680,1.04045,1.04045,1.04035,1.04035
1738876860,1.04035,1.0404,1.04025,1.0403
1738877040,1.0403,1.04035,1.04025,1.04035
1738877220,1.04035,1.04055,1.04035,1.04055
1738877400,1.0405,1.04055,1.04045,1.04045
1738877580,1.04055,1.04055,1.04045,1.04055
1738877760,1.0405,1.04055,1.0405,1.0405
1738877940,1.0405,1.0405,1.04045,1.04045
1738878120,1.0405,1.04055,1.04035,1.0404
1738878300,1.04035,1.0404,1.0403,1.04035
1738878480,1.04035,1.0404,1.0403,1.0403
1738878660,1.0403,1.04035,1.04025,1.04035
1738878840,1.0403,1.0403,1.04025,1.0403
1738879020,1.04025,1.04025,1.0401,1.04015
1738882800,1.0402,1.0403,1.04,1.04015
1738882980,1.0401,1.0403,1.0401,1.0402
1738883160,1.04025,1.04035,1.0402,1.0403
1738883340,1.0403,1.0403,1.04025,1.04025
1738883520,1.04025,1.04035,1.04025,1.04035
1738883700,1.04035,1.0405,1.04035,1.0404
1738883880,1.04045,1.04045,1.0403,1.0403
1738884060,1.0403,1.0404,1.0403,1.0404
1738884240,1.0404,1.0404,1.0403,1.0403
1738884420,1.0403,1.04035,1.04025,1.0403
1738884600,1.04025,1.04035,1.04025,1.04025
1738884780,1.04025,1.0403,1.04025,1.0403
1738884960,1.04025,1.04035,1.04025,1.0403
1738885140,1.04025,1.04035,1.04025,1.04035
1738885320,1.04035,1.04035,1.04025,1.04035
1738885500,1.04035,1.0404,1.0403,1.0403
1738885680,1.0403,1.0403,1.0402,1.0403
1738885860,1.04035,1.0404,1.04025,1.0404
1738886040,1.0404,1.0404,1.0403,1.04035
1738886220,1.04035,1.04035,1.0402,1.04025
1738886400,1.04035,1.0408,1.0403,1.0408
1738886580,1.04085,1.0409,1.04065,1.04065
1738886760,1.0407,1.0407,1.04035,1.0404
1738886940,1.0404,1.0405,1.04035,1.0405
1738887120,1.04055,1.0406,1.04045,1.04055
1738887300,1.0405,1.04055,1.04045,1.0405
1738887480,1.04045,1.0405,1.0401,1.04015
1738887660,1.0402,1.04025,1.0401,1.04015
1738887840,1.04015,1.0403,1.04015,1.0402
1738888020,1.0402,1.04025,1.04015,1.04015
1738888200,1.0401,1.04015,1.04005,1.04015
1738888380,1.0401,1.0402,1.0399,1.03995
1738888560,1.0399,1.03995,1.03975,1.0399
1738888740,1.03995,1.03995,1.03985,1.03985
1738888920,1.0398,1.0399,1.0397,1.0398
1738889100,1.03985,1.04005,1.0398,1.0398
1738889280,1.0398,1.0398,1.0396,1.0397
1738889460,1.03975,1.0398,1.03975,1.03975
1738889640,1.0398,1.03985,1.03965,1.03965
1738889820,1.0396,1.03965,1.03955,1.0396
1738890000,1.0396,1.03965,1.0394,1.0395
1738890180,1.03955,1.0397,1.03955,1.03965
1738890360,1.0396,1.03965,1.03945,1.03955
1738890540,1.0395,1.0395,1.03925,1.0394
1738890720,1.0394,1.0394,1.03925,1.0393
1738890900,1.0393,1.0395,1.0393,1.0394
1738891080,1.0394,1.03955,1.0393,1.0395
1738891260,1.03945,1.03965,1.03945,1.0396
1738891440,1.03965,1.03975,1.03965,1.03975
1738891620,1.0397,1.0398,1.03965,1.0397
1738891800,1.0397,1.0397,1.0395,1.03965
1738891980,1.0397,1.0398,1.0396,1.0398
1738892160,1.03985,1.03985,1.0397,1.0397
1738892340,1.0397,1.03975,1.03965,1.03965
1738892520,1.0396,1.0397,1.03955,1.03965
1738892700,1.0397,1.03995,1.03965,1.03995
1738892880,1.03995,1.03995,1.0399,1.03995
1738893060,1.04,1.04015,1.04,1.04015
1738893240,1.04015,1.04045,1.04015,1.0404
1738893420,1.04035,1.04035,1.04,1.04015
1738893600,1.0402,1.04035,1.0402,1.0403
1738893780,1.04025,1.0403,1.0401,1.04025
1738893960,1.04025,1.04035,1.04025,1.04035
1738894140,1.0403,1.04035,1.0402,1.04035
1738894320,1.04035,1.04035,1.04015,1.04015
1738894500,1.0402,1.04035,1.04015,1.04025
1738894680,1.04025,1.04035,1.0402,1.0403
1738894860,1.04025,1.04035,1.0402,1.04025
1738895040,1.0402,1.0403,1.0402,1.0403
1738895220,1.0403,1.04035,1.04025,1.04035
1738895400,1.0403,1.04035,1.0402,1.04025
1738895580,1.04025,1.04025,1.04015,1.04015
1738895760,1.04015,1.0403,1.04015,1.04025
1738895940,1.04025,1.0403,1.0402,1.0403
1738896120,1.04025,1.0403,1.04005,1.0401
1738896300,1.0401,1.0401,1.0399,1.0399
1738896480,1.03995,1.04,1.0399,1.03995
1738896660,1.0399,1.03995,1.0399,1.0399
1738896840,1.03995,1.04,1.0399,1.04
1738897020,1.04,1.0402,1.03995,1.0402
1738897200,1.0402,1.04025,1.04015,1.0402
1738897380,1.04025,1.04025,1.04005,1.04005
1738897560,1.04,1.04005,1.03995,1.04
1738897740,1.04,1.04,1.0399,1.0399
1738897920,1.0399,1.0401,1.0399,1.04005
1738898100,1.0401,1.0402,1.04005,1.0402
1738898280,1.0402,1.0402,1.04005,1.04005
1738898460,1.0401,1.0402,1.0401,1.04015
1738898640,1.04015,1.04015,1.04005,1.04005
1738898820,1.0401,1.0401,1.04005,1.04005
1738899000,1.04005,1.0401,1.04005,1.04005
1738899180,1.04005,1.04015,1.04005,1.04005
1738899360,1.04005,1.0401,1.0399,1.0399
1738899540,1.03985,1.03985,1.03975,1.03975
1738899720,1.0397,1.03975,1.0396,1.03965
1738899900,1.03965,1.03965,1.0395,1.0396
1738900080,1.03965,1.03965,1.03955,1.03955
1738900260,1.0396,1.0397,1.0396,1.03965
1738900440,1.03965,1.0397,1.0396,1.0396
1738900620,1.0396,1.03975,1.0396,1.03975
1738900800,1.03975,1.0398,1.0397,1.03975
1738900980,1.0397,1.03975,1.0396,1.0396
1738901160,1.03965,1.03965,1.03955,1.0396
1738901340,1.03955,1.0396,1.03955,1.03955
1738901520,1.0396,1.0396,1.03945,1.03945
1738901700,1.03945,1.03945,1.03935,1.0394
1738901880,1.03945,1.03955,1.03945,1.03945
1738902060,1.0395,1.03965,1.0395,1.0396
1738902240,1.0396,1.0398,1.0396,1.0398
1738902420,1.0398,1.0398,1.03975,1.0398
1738902600,1.0398,1.04,1.0398,1.04
1738902780,1.04,1.04015,1.0399,1.0399
1738902960,1.03985,1.03985,1.0398,1.0398
1738903140,1.03975,1.0398,1.03975,1.0398
1738903320,1.0398,1.0398,1.0398,1.0398
1738903500,1.0398,1.0398,1.0398,1.0398
1738903680,1.0398,1.0398,1.0397,1.0397
1738903860,1.03975,1.0398,1.0397,1.03975
1738904220,1.03975,1.0399,1.03975,1.0399
1738904400,1.03985,1.03985,1.0398,1.0398
1738904580,1.0398,1.0399,1.0398,1.03985
1738904760,1.03985,1.0399,1.0398,1.03985
1738904940,1.0398,1.0398,1.03975,1.0398
1738905120,1.03985,1.0399,1.0398,1.0398
1738905300,1.03975,1.03975,1.03965,1.03965
1738905480,1.0397,1.0397,1.03965,1.03965
1738905660,1.0396,1.0396,1.03955,1.0396
1738905840,1.0396,1.03965,1.03955,1.03965
1738906020,1.0397,1.0397,1.03965,1.03965
1738906200,1.0397,1.0398,1.0397,1.0398
1738906380,1.0398,1.0398,1.03975,1.0398
1738906560,1.03985,1.0399,1.03975,1.03975
1738906740,1.03975,1.03975,1.03975,1.03975
1738906920,1.0396,1.0396,1.0394,1.0394
1738907100,1.03945,1.03955,1.03945,1.03945
1738907280,1.0394,1.03945,1.0393,1.0393
1738907460,1.0393,1.0394,1.0392,1.0393
1738907640,1.03925,1.03935,1.03925,1.0393
1738907820,1.0393,1.0393,1.0392,1.0393
1738908000,1.0393,1.03935,1.0391,1.0392
1738908180,1.03915,1.0392,1.03915,1.0392
1738908360,1.03925,1.0393,1.0392,1.03925
1738908540,1.03925,1.0393,1.0391,1.03915
1738908720,1.0392,1.03935,1.03915,1.0393
1738908900,1.0393,1.0394,1.03905,1.0391
1738909080,1.0391,1.0392,1.039,1.0392
1738909260,1.0392,1.0393,1.03915,1.03915
1738909440,1.0392,1.03925,1.0392,1.03925
1738909620,1.03925,1.03945,1.03925,1.0393
1738909800,1.03935,1.0394,1.03925,1.0393
1738909980,1.0393,1.0394,1.0392,1.0392
1738910160,1.0392,1.03945,1.0392,1.0394
1738910340,1.03935,1.0395,1.03935,1.0395
1738910520,1.03945,1.0395,1.03945,1.03945
1738910700,1.03945,1.03945,1.0394,1.03945
1738910880,1.0394,1.0394,1.0393,1.0393
1738911060,1.03925,1.0393,1.0392,1.0392
1738911240,1.03925,1.0393,1.0392,1.0393
1738911420,1.0393,1.0394,1.03925,1.0394
1738911600,1.03935,1.0395,1.03925,1.03945
1738911780,1.03945,1.03975,1.0394,1.03965
1738911960,1.03965,1.03965,1.03945,1.03945
1738912140,1.03945,1.0395,1.03935,1.0395
1738912320,1.0395,1.0395,1.0394,1.03945
1738912500,1.03945,1.0396,1.0394,1.03955
1738912680,1.0396,1.03975,1.03955,1.0396
1738912860,1.03965,1.0398,1.03965,1.03975
1738913040,1.03975,1.0399,1.0397,1.0399
1738913220,1.03995,1.04,1.03985,1.03995
1738913400,1.03995,1.04,1.0397,1.03975
1738913580,1.03975,1.03995,1.03975,1.0399
1738913760,1.03995,1.04005,1.0399,1.03995
1738913940,1.03995,1.0404,1.0399,1.0403
1738914120,1.04035,1.0404,1.04015,1.04025
1738914300,1.04025,1.04035,1.0402,1.04025
1738914480,1.04025,1.04035,1.0401,1.0403
1738914660,1.0403,1.0406,1.04025,1.0406
1738914840,1.04055,1.0407,1.04045,1.04065
1738915020,1.04065,1.04075,1.0406,1.0407
1738915200,1.04065,1.04075,1.04035,1.04045
1738915380,1.0405,1.0409,1.0405,1.0406
1738915560,1.0406,1.0411,1.0406,1.04105
1738915740,1.04105,1.0413,1.04095,1.04125
1738915920,1.04125,1.04125,1.041,1.041
1738916100,1.041,1.04135,1.041,1.0413
1738916280,1.0413,1.04135,1.0411,1.04115
1738916460,1.04115,1.0413,1.04105,1.0411
1738916640,1.0411,1.0412,1.04095,1.04095
1738916820,1.041,1.04135,1.0409,1.04135
1738917000,1.04135,1.04155,1.04125,1.0413
1738917180,1.0413,1.04165,1.0413,1.04155
1738917360,1.04155,1.0416,1.04145,1.04155
1738917540,1.0416,1.04165,1.04135,1.0414
1738917720,1.0414,1.04165,1.0414,1.0416
1738917900,1.0416,1.0417,1.04145,1.0417
1738918080,1.0417,1.0418,1.04165,1.0417
1738918260,1.04175,1.04175,1.0415,1.04155
1738918440,1.04155,1.04165,1.0414,1.04145
1738918620,1.0415,1.0417,1.0415,1.04155
1738918800,1.04155,1.0417,1.0413,1.0414
1738918980,1.04135,1.0414,1.0412,1.04125
1738919160,1.04125,1.0415,1.0412,1.04145
1738919340,1.04145,1.04145,1.041,1.0411
1738919520,1.0411,1.0413,1.04105,1.04125
1738919700,1.04125,1.04135,1.041,1.0413
1738919880,1.0413,1.04135,1.041,1.0411
1738920060,1.0411,1.04125,1.0411,1.04125
1738920240,1.04125,1.0413,1.04095,1.041
1738920420,1.041,1.04105,1.0409,1.0409
1738920600,1.04085,1.04105,1.0408,1.04105
1738920780,1.0411,1.0413,1.041,1.0412
1738920960,1.0412,1.04135,1.0411,1.04125
1738921140,1.04125,1.04145,1.04125,1.04135
1738921320,1.0414,1.04165,1.04135,1.04155
1738921500,1.0416,1.0416,1.0412,1.04125
1738921680,1.0413,1.0413,1.04115,1.0412
1738921860,1.0412,1.0412,1.041,1.04115
1738922040,1.0412,1.04125,1.0409,1.041
1738922220,1.041,1.041,1.04075,1.04085
1738922400,1.0409,1.0409,1.0406,1.04065
1738922580,1.04065,1.0407,1.0404,1.0406
1738922760,1.0406,1.0407,1.04035,1.0404
1738922940,1.04045,1.0405,1.0403,1.04045
1738923120,1.0405,1.04065,1.04045,1.04065
1738923300,1.0407,1.0407,1.0405,1.04055
1738923480,1.0406,1.04065,1.0405,1.04065
1738923660,1.0407,1.0407,1.0406,1.0406
1738923840,1.0406,1.04065,1.04055,1.0406
1738924020,1.0406,1.04065,1.04055,1.04055
1738924200,1.0406,1.0407,1.04045,1.0405
1738924380,1.0405,1.0405,1.04025,1.04025
1738924560,1.04025,1.0403,1.04015,1.0402
1738924740,1.0402,1.0404,1.04015,1.0403
1738924920,1.0403,1.04035,1.0401,1.0401
1738925100,1.04015,1.04015,1.03975,1.0398
1738925280,1.03975,1.03985,1.0397,1.0398
1738925460,1.03985,1.03985,1.03975,1.03975
1738925640,1.03975,1.0399,1.03965,1.0398
1738925820,1.03985,1.04,1.03985,1.0399
1738926000,1.0399,1.03995,1.0397,1.0399
1738926180,1.0399,1.03995,1.0396,1.0396
1738926360,1.03965,1.0397,1.0395,1.03955
1738926540,1.0396,1.03975,1.03955,1.0397
1738926720,1.03965,1.03985,1.0396,1.03985
1738926900,1.03985,1.0399,1.03975,1.03975
1738927080,1.03975,1.03995,1.03965,1.03985
1738927260,1.0399,1.0399,1.03965,1.03965
1738927440,1.03965,1.03985,1.0396,1.03985
1738927620,1.0398,1.0398,1.03965,1.0398
1738927800,1.0398,1.03985,1.0397,1.0397
1738927980,1.03975,1.0399,1.0397,1.0397
1738928160,1.0397,1.0398,1.03965,1.03975
1738928340,1.03975,1.0398,1.03965,1.03975
1738928520,1.03975,1.0399,1.03975,1.0399
1738928700,1.03995,1.03995,1.03985,1.0399
1738928880,1.0399,1.04015,1.0399,1.04015
1738929060,1.04015,1.0402,1.03995,1.04
1738929240,1.03995,1.04,1.03995,1.04
1738929420,1.04,1.04005,1.0399,1.04
1738929600,1.04,1.04,1.03955,1.03955
1738929780,1.03955,1.0396,1.0393,1.03935
1738929960,1.03935,1.0396,1.0391,1.0396
1738930140,1.03955,1.0396,1.03945,1.0395
1738930320,1.0395,1.0396,1.03945,1.03945
1738930500,1.03945,1.03945,1.03915,1.03925
1738930680,1.03925,1.0395,1.03925,1.03935
1738930860,1.0393,1.0394,1.0392,1.03935
1738931040,1.03935,1.0394,1.0392,1.0392
1738931220,1.03925,1.03925,1.0389,1.03895
1738931400,1.03895,1.03905,1.0388,1.0388
1738931580,1.0388,1.0388,1.0386,1.03875
1738931760,1.0388,1.03895,1.0387,1.0389
1738931940,1.03885,1.039,1.0387,1.039
1738932120,1.039,1.0391,1.03885,1.03895
1738932300,1.039,1.0392,1.03885,1.03915
1738932480,1.03915,1.03925,1.03905,1.03905
1738932660,1.0391,1.0394,1.0391,1.0394
1738932840,1.03935,1.0395,1.03915,1.03945
1738933020,1.03945,1.0396,1.03915,1.03925
1738933200,1.03925,1.03945,1.0392,1.0393
1738933380,1.0393,1.0395,1.03915,1.03925
1738933560,1.03925,1.03955,1.03925,1.0393
1738933740,1.0393,1.0397,1.0393,1.0396
1738933920,1.03955,1.03955,1.0393,1.0395
1738934100,1.0395,1.03965,1.03935,1.0396
1738934280,1.0396,1.0397,1.03905,1.0391
1738934460,1.0391,1.03935,1.0391,1.0393
1738934640,1.03935,1.03955,1.0392,1.0395
1738934820,1.03945,1.0396,1.0391,1.03935
1738935000,1.03935,1.04325,1.03665,1.03695
1738935180,1.0369,1.03905,1.03685,1.0383
1738935360,1.0383,1.0393,1.03795,1.03925
1738935540,1.0393,1.0395,1.03855,1.0388
1738935720,1.0388,1.0391,1.0384,1.0388
1738935900,1.03875,1.03915,1.0378,1.038
1738936080,1.038,1.0383,1.0377,1.03805
1738936260,1.038,1.03805,1.0375,1.03775
1738936440,1.0378,1.0379,1.03715,1.0374
1738936620,1.0374,1.03845,1.03735,1.0381
1738936800,1.0381,1.0386,1.038,1.0386
1738936980,1.0386,1.03875,1.03785,1.03805
1738937160,1.03805,1.039,1.03805,1.03875
1738937340,1.0387,1.039,1.0384,1.03855
1738937520,1.0386,1.03915,1.0385,1.03915
1738937700,1.0391,1.03945,1.039,1.0392
1738937880,1.0392,1.0392,1.0385,1.039
1738938060,1.039,1.03945,1.039,1.0394
1738938240,1.03935,1.03945,1.03895,1.03945
1738938420,1.03945,1.04,1.03935,1.0399
1738938600,1.03995,1.04035,1.0399,1.03995
1738938780,1.03995,1.04025,1.03975,1.04025
1738938960,1.0402,1.0404,1.04,1.0403
1738939140,1.04035,1.04035,1.03985,1.04
1738939320,1.04,1.04005,1.03975,1.0398
1738939500,1.03985,1.04005,1.0397,1.04005
1738939680,1.04,1.0404,1.04,1.0404
1738939860,1.04035,1.04055,1.04025,1.0404
1738940040,1.0404,1.04065,1.0402,1.0405
1738940220,1.04045,1.04065,1.0402,1.04035
1738940400,1.0403,1.0404,1.0393,1.04025
1738940580,1.0402,1.0405,1.03995,1.04015
1738940760,1.04015,1.04055,1.04,1.04035
1738940940,1.04035,1.04035,1.0391,1.0392
1738941120,1.0392,1.0394,1.039,1.03925
1738941300,1.0393,1.03965,1.0391,1.03915
1738941480,1.0392,1.0396,1.039,1.0394
1738941660,1.03935,1.03965,1.0391,1.0391
1738941840,1.03905,1.03935,1.03875,1.0392
1738942020,1.0392,1.0393,1.0387,1.03885
1738942200,1.03885,1.0391,1.03875,1.039
1738942380,1.039,1.0396,1.039,1.0395
1738942560,1.0395,1.03975,1.03915,1.03915
1738942740,1.0392,1.0394,1.03905,1.0394
1738942920,1.03945,1.03965,1.03935,1.03955
1738943100,1.03955,1.03995,1.0394,1.03975
1738943280,1.0398,1.04045,1.0398,1.0403
1738943460,1.04025,1.04035,1.0363,1.03675
1738943640,1.0368,1.03695,1.03475,1.03555
1738943820,1.0355,1.0374,1.03445,1.03735
1738944000,1.0373,1.0373,1.0355,1.0355
1738944180,1.0355,1.03595,1.0348,1.0349
1738944360,1.03485,1.03595,1.0347,1.03595
1738944540,1.03595,1.03625,1.0351,1.03585
1738944720,1.0359,1.03625,1.03495,1.0351
1738944900,1.0351,1.03565,1.0347,1.0356
1738945080,1.03555,1.0375,1.0352,1.03635
1738945260,1.0363,1.0365,1.0354,1.036
1738945440,1.036,1.0365,1.0353,1.03545
1738945620,1.0354,1.03565,1.03505,1.0353
1738945800,1.03535,1.03565,1.0353,1.03535
1738945980,1.0354,1.03565,1.035,1.03525
1738946160,1.03525,1.03545,1.0346,1.03465
1738946340,1.03465,1.03505,1.03425,1.0343
1738946520,1.0343,1.0345,1.0341,1.03425
1738946700,1.03425,1.03475,1.03415,1.0347
1738946880,1.0347,1.03495,1.0344,1.03455
1738947060,1.0346,1.03465,1.0341,1.0345
1738947240,1.03455,1.03475,1.03435,1.03445
1738947420,1.0345,1.0355,1.03385,1.03455
1738947600,1.03455,1.0346,1.0342,1.03445
1738947780,1.03445,1.03525,1.03395,1.0352
1738947960,1.0352,1.0379,1.0346,1.0369
1738948140,1.0368,1.0369,1.0357,1.03585
1738948320,1.0359,1.0362,1.03565,1.03605
1738948500,1.03605,1.0361,1.03405,1.03425
1738948680,1.0343,1.0343,1.0323,1.03385
1738948860,1.0338,1.03605,1.03315,1.0346
1738949040,1.03455,1.03495,1.0341,1.0345
1738949220,1.0344,1.0346,1.03375,1.03375
1738949400,1.0338,1.03385,1.03335,1.0335
1738949580,1.0335,1.03435,1.03335,1.0342
1738949760,1.03415,1.0343,1.0337,1.03385
1738949940,1.03385,1.034,1.03335,1.03335
1738950120,1.03335,1.0337,1.0333,1.0336
1738950300,1.03365,1.03365,1.033,1.0334
1738950480,1.0334,1.0338,1.0333,1.0336
1738950660,1.0336,1.03375,1.0335,1.03365
1738950840,1.0337,1.03385,1.0335,1.0335
1738951020,1.0335,1.03395,1.0334,1.03385
1738951200,1.0339,1.03425,1.0338,1.03425
1738951380,1.0343,1.0345,1.03395,1.0345
1738951560,1.03445,1.03465,1.0343,1.0344
1738951740,1.03445,1.035,1.03445,1.03495
1738951920,1.03495,1.035,1.03455,1.03475
1738952100,1.03475,1.03515,1.03475,1.0351
1738952280,1.03505,1.03515,1.0348,1.03485
1738952460,1.03485,1.03515,1.03485,1.03505
1738952640,1.035,1.03545,1.03485,1.0353
1738952820,1.03525,1.03525,1.0349,1.03495
1738953000,1.0349,1.03505,1.0348,1.03485
1738953180,1.03485,1.03525,1.0347,1.03505
1738953360,1.03505,1.03505,1.03485,1.0349
1738953540,1.03495,1.03495,1.0347,1.03475
1738953720,1.0347,1.0347,1.03425,1.0343
1738953900,1.0343,1.03435,1.03385,1.034
1738954080,1.03405,1.03425,1.034,1.034
1738954260,1.03405,1.03425,1.03385,1.0339
1738954440,1.03395,1.03415,1.0339,1.03405
1738954620,1.03405,1.0343,1.0339,1.0342
1738954800,1.03425,1.03455,1.0342,1.0345
1738954980,1.0345,1.0345,1.03415,1.03435
1738955160,1.03435,1.0345,1.03425,1.0344
1738955340,1.0344,1.03455,1.0344,1.03445
1738955520,1.0344,1.03445,1.03425,1.0343
1738955700,1.03435,1.0349,1.03435,1.03485
1738955880,1.0349,1.035,1.0348,1.0349
1738956060,1.0349,1.03505,1.03475,1.0349
1738956240,1.0349,1.03495,1.03485,1.0349
1738956420,1.0349,1.03495,1.03455,1.0348
1738956600,1.03475,1.03475,1.03455,1.03465
1738956780,1.0347,1.03505,1.0347,1.03485
1738956960,1.03485,1.03495,1.0348,1.03485
1738957140,1.03485,1.03515,1.0346,1.03495
1738957320,1.0349,1.03545,1.03475,1.035
1738957500,1.03505,1.03515,1.0347,1.03485
1738957680,1.0349,1.03515,1.03475,1.03505
1738957860,1.0351,1.0352,1.0348,1.03485
1738958040,1.0349,1.03505,1.0348,1.03495
1738958220,1.03495,1.0352,1.0348,1.035
1738958400,1.035,1.0352,1.0349,1.03505
1738958580,1.03505,1.0353,1.03505,1.0351
1738958760,1.0351,1.03545,1.0351,1.03535
1738958940,1.03535,1.0356,1.03535,1.03555
1738959120,1.0356,1.0356,1.0351,1.0351
1738959300,1.03515,1.0352,1.03495,1.03505
1738959480,1.035,1.03515,1.03495,1.035
1738959660,1.03505,1.0353,1.03505,1.03525
1738959840,1.0352,1.03535,1.03495,1.03505
1738960020,1.03505,1.03505,1.03465,1.03475
1738960200,1.03475,1.03485,1.03455,1.0346
1738960380,1.03465,1.0347,1.03445,1.03445
1738960560,1.03445,1.03465,1.03445,1.0346
1738960740,1.0346,1.0346,1.03425,1.0343
1738960920,1.03425,1.03425,1.03395,1.03395
1738961100,1.03395,1.0342,1.03395,1.03415
1738961280,1.0342,1.0344,1.03415,1.0343
1738961460,1.0343,1.0346,1.0343,1.0346
1738961640,1.0346,1.0347,1.0345,1.0346
1738961820,1.03455,1.0346,1.03445,1.03455
1738962000,1.0346,1.0347,1.03455,1.03455
1738962180,1.03455,1.03465,1.03455,1.0346
1738962360,1.03465,1.0348,1.03465,1.03475
1738962540,1.0348,1.0348,1.03475,1.0348
1738962720,1.0348,1.035,1.0348,1.03485
1738962900,1.03485,1.035,1.03485,1.035
1738963080,1.035,1.035,1.03485,1.0349
1738963260,1.03485,1.0349,1.0348,1.0349
1738963440,1.03485,1.03485,1.03475,1.0348
1738963620,1.03475,1.03475,1.0346,1.0347
1738963800,1.03465,1.03465,1.0346,1.0346
1738963980,1.0346,1.03465,1.0345,1.03455
1738964160,1.03455,1.03455,1.0344,1.0345
1738964340,1.03445,1.0345,1.0343,1.03435
1738964520,1.0343,1.0345,1.0343,1.0345
1738964700,1.0345,1.03455,1.03445,1.03455
1738964880,1.0345,1.03465,1.0344,1.0346
1738965060,1.03455,1.03455,1.0344,1.0344
1738965240,1.0344,1.0345,1.0343,1.0345
1738965420,1.03455,1.0346,1.0342,1.0346
1739142000,1.0315,1.032,1.03065,1.0319
1739142180,1.032,1.0327,1.03195,1.03215
1739142360,1.0322,1.03245,1.03215,1.03215
1739142540,1.03215,1.0326,1.03215,1.03245
1739142720,1.03245,1.0326,1.03235,1.0326
1739142900,1.0326,1.0328,1.03255,1.0327
1739143080,1.03275,1.03275,1.03255,1.03275
1739143260,1.03265,1.03285,1.0326,1.0328
1739143440,1.03285,1.03285,1.0326,1.0327
1739143620,1.0327,1.03275,1.0326,1.03265
1739143800,1.0327,1.03285,1.03265,1.0328
1739143980,1.03285,1.0329,1.03275,1.0329
1739144160,1.0329,1.033,1.03285,1.03285
1739144340,1.03285,1.033,1.03285,1.033
1739144520,1.033,1.033,1.03285,1.0329
1739144700,1.03285,1.033,1.03285,1.0329
1739144880,1.03295,1.03305,1.03275,1.03275
1739145060,1.03275,1.0329,1.0327,1.0328
1739145240,1.0329,1.0331,1.03275,1.03295
1739145420,1.03295,1.033,1.03275,1.03275
1739145600,1.0327,1.0333,1.0327,1.0333
1739145780,1.0333,1.03345,1.0332,1.03345
1739145960,1.0334,1.0335,1.03335,1.03335
1739146140,1.0334,1.0334,1.0332,1.0332
1739146320,1.0332,1.0332,1.03285,1.03295
1739146500,1.03295,1.03315,1.0329,1.03315
1739146680,1.03315,1.0336,1.0331,1.03355
1739146860,1.03355,1.03355,1.0333,1.0334
1739147040,1.0334,1.03345,1.0333,1.0333
1739147220,1.0333,1.03345,1.03325,1.0333
1739147400,1.03335,1.0335,1.0333,1.0335
1739147580,1.03345,1.0336,1.03345,1.0335
1739147760,1.03355,1.0336,1.0332,1.0333
1739147940,1.03335,1.0334,1.0333,1.03335
1739148120,1.0333,1.03335,1.0332,1.0332
1739148300,1.0332,1.0332,1.03285,1.03285
1739148480,1.03285,1.0331,1.0328,1.0331
1739148660,1.0331,1.0333,1.03305,1.03315
1739148840,1.03315,1.03315,1.03275,1.03275
1739149020,1.03275,1.0328,1.03265,1.03275
1739149200,1.03275,1.03285,1.0326,1.03265
1739149380,1.0327,1.0329,1.0327,1.03285
1739149560,1.03285,1.03295,1.0327,1.0327
1739149740,1.03275,1.03285,1.0327,1.03275
1739149920,1.03275,1.0329,1.03275,1.03285
1739150100,1.03285,1.033,1.0328,1.03295
1739150280,1.03295,1.0332,1.0329,1.03295
1739150460,1.0329,1.03295,1.03265,1.0327
1739150640,1.03275,1.03275,1.0324,1.0324
1739150820,1.03245,1.0325,1.03235,1.03235
1739151000,1.03235,1.0324,1.03205,1.03235
1739151180,1.03235,1.03255,1.03235,1.03245
1739151360,1.03245,1.0325,1.0324,1.0324
1739151540,1.0324,1.03245,1.03205,1.0321
1739151720,1.0321,1.0321,1.03185,1.0319
1739151900,1.0319,1.03195,1.03175,1.0318
1739152080,1.0318,1.03195,1.03175,1.03195
1739152260,1.03195,1.03215,1.03195,1.03215
1739152440,1.03215,1.03215,1.032,1.032
1739152620,1.03205,1.03205,1.03185,1.032
1739152800,1.03205,1.0321,1.03205,1.0321
1739152980,1.0321,1.0323,1.0321,1.0323
1739153160,1.03235,1.03245,1.0322,1.03235
1739153340,1.0324,1.0324,1.0321,1.0321
1739153520,1.0321,1.03225,1.03205,1.0322
1739153700,1.0322,1.0322,1.03205,1.03205
1739153880,1.03205,1.0322,1.032,1.03215
1739154060,1.0322,1.0322,1.0321,1.0321
1739154240,1.0321,1.0321,1.03185,1.03185
1739154420,1.03185,1.0319,1.03175,1.0319
1739154600,1.0319,1.032,1.03175,1.03175
1739154780,1.0318,1.0319,1.03175,1.0319
1739154960,1.03185,1.0319,1.0318,1.03185
1739155140,1.03185,1.03195,1.0318,1.03185
1739155320,1.03185,1.0319,1.03185,1.0319
1739155500,1.0319,1.0319,1.0318,1.0318
1739155680,1.0318,1.0319,1.0318,1.0318
1739155860,1.0318,1.0318,1.0317,1.0317
1739156040,1.0317,1.0317,1.0316,1.0316
1739156220,1.0316,1.03175,1.0316,1.0317
1739156400,1.0317,1.03185,1.0317,1.0318
1739156580,1.0318,1.03195,1.03175,1.03195
1739156760,1.03195,1.0321,1.03195,1.03205
1739156940,1.0321,1.0321,1.03205,1.0321
1739157120,1.03215,1.0323,1.03215,1.03225
1739157300,1.03225,1.0324,1.03225,1.0323
1739157480,1.03235,1.03245,1.03235,1.03245
1739157660,1.03245,1.0326,1.03245,1.0326
1739157840,1.03265,1.0327,1.03255,1.0327
1739158020,1.0327,1.0327,1.03255,1.0326
1739158200,1.03265,1.0328,1.03265,1.0327
1739158380,1.0328,1.0329,1.0328,1.03285
1739158560,1.03285,1.03285,1.0325,1.0326
1739158740,1.0326,1.0327,1.0326,1.0326
1739158920,1.03255,1.0326,1.0325,1.03255
1739159100,1.0325,1.0327,1.0325,1.0327
1739159280,1.0327,1.0327,1.0326,1.0326
1739159460,1.0326,1.0327,1.0326,1.03265
1739159640,1.03265,1.03275,1.03265,1.03275
1739159820,1.03275,1.03285,1.0327,1.03285
1739160000,1.03285,1.03305,1.03285,1.03305
1739160180,1.033,1.03305,1.033,1.033
1739160360,1.0331,1.0332,1.03305,1.03315
1739160540,1.03315,1.03315,1.03295,1.03295
1739160720,1.03295,1.0331,1.03295,1.03305
1739160900,1.033,1.03315,1.03295,1.03315
1739161080,1.03315,1.0332,1.0331,1.03315
1739161260,1.0331,1.0332,1.0331,1.03315
1739161440,1.0332,1.0332,1.03315,1.03315
1739161620,1.03315,1.03325,1.03315,1.03315
1739161800,1.0332,1.03325,1.0332,1.03325
1739161980,1.03325,1.03325,1.03315,1.03315
1739162160,1.03315,1.03325,1.03315,1.03325
1739162340,1.03325,1.0333,1.0332,1.03325
1739162520,1.0332,1.03325,1.03315,1.0332
1739162700,1.03315,1.03315,1.0331,1.03315
1739162880,1.03315,1.03315,1.03305,1.03315
1739163060,1.03315,1.03315,1.033,1.033
1739163240,1.03305,1.0331,1.033,1.03305
1739163420,1.03305,1.03305,1.03305,1.03305
1739163600,1.03305,1.0331,1.033,1.0331
1739163780,1.03315,1.03315,1.03315,1.03315
1739163960,1.0332,1.0333,1.0332,1.0333
1739164140,1.0333,1.0334,1.0333,1.0334
1739164320,1.0334,1.03345,1.0334,1.03345
1739164500,1.03345,1.03355,1.0334,1.03345
1739164680,1.0334,1.03355,1.0334,1.03355
1739164860,1.03355,1.03365,1.0335,1.03365
1739165040,1.0336,1.03365,1.03355,1.03365
1739165220,1.0337,1.0338,1.03365,1.0338
1739165400,1.0338,1.03385,1.03375,1.03385
1739165580,1.0338,1.0338,1.0338,1.0338
1739165760,1.0338,1.03385,1.03365,1.03365
1739165940,1.03365,1.0338,1.0336,1.0338
1739166120,1.0338,1.0338,1.0336,1.03365
1739166300,1.03365,1.03365,1.03355,1.03355
1739166480,1.0336,1.0336,1.0333,1.0333
1739166660,1.0333,1.03335,1.0332,1.0332
1739166840,1.0332,1.03325,1.0331,1.03315
1739167020,1.03315,1.0333,1.03315,1.0333
1739167200,1.0334,1.0334,1.03325,1.0333
1739167380,1.03335,1.03335,1.03325,1.0333
1739167560,1.0332,1.0333,1.03315,1.0333
1739167740,1.0333,1.0333,1.03315,1.0332
1739167920,1.03315,1.0332,1.03295,1.03295
1739168100,1.033,1.0331,1.033,1.0331
1739168280,1.03315,1.0332,1.0331,1.0332
1739168460,1.03315,1.03325,1.03315,1.0332
1739168640,1.0332,1.0333,1.03315,1.03315
1739168820,1.03315,1.0332,1.0331,1.0332
1739169000,1.0332,1.0332,1.03295,1.03305
1739169180,1.0331,1.0332,1.033,1.0332
1739169360,1.0332,1.03335,1.0332,1.03335
1739169540,1.03335,1.0334,1.03325,1.0334
1739169720,1.03335,1.03345,1.03335,1.03345
1739169900,1.0334,1.0337,1.0334,1.0336
1739170080,1.03355,1.03365,1.0335,1.0336
1739170260,1.0336,1.03365,1.0334,1.0335
1739170440,1.03345,1.03345,1.0334,1.0334
1739170620,1.03345,1.0337,1.03345,1.0336
1739170800,1.03355,1.03395,1.03355,1.0339
1739170980,1.0339,1.034,1.03385,1.034
1739171160,1.034,1.0343,1.034,1.0342
1739171340,1.03415,1.03415,1.0339,1.03395
1739171520,1.034,1.03405,1.0337,1.03375
1739171700,1.03375,1.0338,1.0334,1.0334
1739171880,1.03335,1.0334,1.03325,1.03335
1739172060,1.0333,1.0336,1.0333,1.0335
1739172240,1.03345,1.03345,1.0332,1.0332
1739172420,1.0332,1.0332,1.0328,1.03295
1739172600,1.033,1.0331,1.0327,1.03295
1739172780,1.033,1.03305,1.03285,1.03285
1739172960,1.03285,1.0333,1.03285,1.0331
1739173140,1.0331,1.03315,1.03295,1.03295
1739173320,1.03295,1.03305,1.03285,1.03295
1739173500,1.033,1.03315,1.03295,1.033
1739173680,1.033,1.03325,1.033,1.03315
1739173860,1.03315,1.0333,1.0328,1.0329
1739174040,1.03285,1.0333,1.0328,1.03325
1739174220,1.0332,1.0333,1.0329,1.033
1739174400,1.033,1.03305,1.03265,1.033
1739174580,1.033,1.0331,1.0328,1.033
1739174760,1.033,1.03325,1.03295,1.03305
1739174940,1.03305,1.03325,1.03305,1.03315
1739175120,1.0331,1.03315,1.03285,1.0329
1739175300,1.03285,1.0329,1.03255,1.03255
1739175480,1.03255,1.03295,1.0324,1.0329
1739175660,1.03295,1.03335,1.03295,1.03315
1739175840,1.03315,1.0332,1.0328,1.033
1739176020,1.03305,1.03365,1.033,1.0334
1739176200,1.0334,1.0337,1.03325,1.03365
1739176380,1.03365,1.03365,1.03325,1.03325
1739176560,1.03325,1.03345,1.0331,1.0332
1739176740,1.0333,1.03365,1.0333,1.0336
1739176920,1.03355,1.0337,1.0335,1.03365
1739177100,1.03365,1.03365,1.03345,1.03355
1739177280,1.03355,1.0338,1.0335,1.03355
1739177460,1.03355,1.0338,1.03355,1.0337
1739177640,1.0337,1.03395,1.03365,1.03395
1739177820,1.03395,1.034,1.0337,1.0339
1739178000,1.0339,1.03415,1.0338,1.0341
1739178180,1.03405,1.03465,1.03405,1.03455
1739178360,1.03455,1.03465,1.03445,1.0345
1739178540,1.0346,1.03475,1.03455,1.0347
1739178720,1.03475,1.03495,1.0347,1.03495
1739178900,1.0349,1.0349,1.03455,1.03465
1739179080,1.03465,1.03475,1.0346,1.03465
1739179260,1.03465,1.03475,1.0345,1.0345
1739179440,1.03455,1.03455,1.03425,1.0345
1739179620,1.03455,1.03475,1.03455,1.0347
1739179800,1.03475,1.0352,1.03475,1.03515
1739179980,1.03515,1.03515,1.03495,1.03505
1739180160,1.035,1.03505,1.03475,1.03495
1739180340,1.03495,1.0351,1.03475,1.03485
1739180520,1.03485,1.03495,1.0346,1.03465
1739180700,1.0347,1.0348,1.0346,1.0346
1739180880,1.0346,1.0346,1.03435,1.0345
1739181060,1.0345,1.03455,1.0344,1.03445
1739181240,1.03445,1.03445,1.0342,1.0343
1739181420,1.0343,1.03445,1.03415,1.0344
1739181600,1.0344,1.0345,1.0341,1.0342
1739181780,1.0342,1.0345,1.0342,1.0345
1739181960,1.0345,1.0345,1.0343,1.0344
1739182140,1.03435,1.0344,1.03415,1.03415
1739182320,1.0342,1.03435,1.0341,1.0343
1739182500,1.0343,1.0344,1.0343,1.03435
1739182680,1.0344,1.03455,1.0343,1.03435
1739182860,1.03435,1.03445,1.03435,1.03445
1739183040,1.03445,1.0345,1.03405,1.0342
1739183220,1.0342,1.0343,1.03415,1.0342
1739183400,1.0342,1.0344,1.03415,1.0342
1739183580,1.03415,1.03445,1.03415,1.0344
1739183760,1.0344,1.03485,1.0344,1.03465
1739183940,1.0346,1.0349,1.0346,1.03475
1739184120,1.0348,1.035,1.03475,1.03495
1739184300,1.03495,1.03515,1.0348,1.03485
1739184480,1.0348,1.03485,1.03465,1.03465
1739184660,1.03465,1.035,1.03465,1.035
1739184840,1.03505,1.03505,1.03485,1.03495
1739185020,1.03495,1.035,1.0347,1.0347
1739185200,1.03475,1.03485,1.0347,1.03485
1739185380,1.0349,1.0354,1.0349,1.0353
1739185560,1.0353,1.0353,1.03505,1.03505
1739185740,1.0351,1.0353,1.0351,1.03525
1739185920,1.0352,1.0352,1.0349,1.035
1739186100,1.035,1.0351,1.03475,1.0348
1739186280,1.03475,1.0349,1.0346,1.0346
1739186460,1.0346,1.0348,1.0346,1.0347
1739186640,1.03475,1.03505,1.03475,1.03505
1739186820,1.03505,1.03515,1.035,1.03505
1739187000,1.035,1.035,1.0348,1.0349
1739187180,1.03485,1.03505,1.03485,1.03485
1739187360,1.0349,1.03495,1.03475,1.03475
1739187540,1.03475,1.0348,1.0346,1.0346
1739187720,1.0346,1.03465,1.03445,1.0345
1739187900,1.0345,1.0345,1.03425,1.0344
1739188080,1.03435,1.0344,1.03425,1.03425
1739188260,1.03425,1.03435,1.0342,1.0342
1739188440,1.0342,1.0344,1.03415,1.03415
1739188620,1.0341,1.0341,1.03375,1.03375
1739188800,1.03375,1.03395,1.03365,1.0338
1739188980,1.03375,1.0338,1.03355,1.03355
1739189160,1.03355,1.03355,1.03285,1.0332
1739189340,1.03315,1.03325,1.0328,1.03285
1739189520,1.03285,1.03305,1.0326,1.0327
1739189700,1.0327,1.033,1.0327,1.03295
1739189880,1.03295,1.033,1.0328,1.0329
1739190060,1.0329,1.0332,1.03285,1.03315
1739190240,1.03315,1.03325,1.0331,1.03325
1739190420,1.03325,1.03325,1.03305,1.0331
1739190600,1.0331,1.0334,1.0331,1.0334
1739190780,1.03345,1.03345,1.03325,1.03335
1739190960,1.03335,1.0334,1.0333,1.03335
1739191140,1.03335,1.03335,1.03315,1.03315
1739191320,1.03315,1.03335,1.03315,1.03335
1739191500,1.03335,1.03355,1.0332,1.0335
1739191680,1.0335,1.0335,1.0334,1.0334
1739191860,1.03335,1.0334,1.0332,1.0332
1739192040,1.0332,1.0332,1.0328,1.033
1739192220,1.033,1.0332,1.03295,1.0331
1739192400,1.03305,1.03345,1.03305,1.0334
1739192580,1.0334,1.03365,1.03335,1.03355
1739192760,1.03355,1.03385,1.03355,1.0338
1739192940,1.03385,1.0339,1.0337,1.0339
1739193120,1.03395,1.03405,1.03385,1.03395
1739193300,1.034,1.03405,1.03385,1.03405
1739193480,1.03405,1.03425,1.03395,1.03415
1739193660,1.0342,1.03425,1.0337,1.0339
1739193840,1.0339,1.034,1.0337,1.03375
1739194020,1.03375,1.03395,1.03375,1.03395
1739194200,1.0339,1.0342,1.0339,1.03415
1739194380,1.0342,1.03435,1.0342,1.03425
1739194560,1.03425,1.03425,1.0339,1.03395
1739194740,1.03395,1.034,1.03385,1.034
1739194920,1.034,1.03405,1.03395,1.03405
1739195100,1.0341,1.0342,1.03385,1.03385
1739195280,1.0339,1.03395,1.0337,1.03385
1739195460,1.03385,1.03415,1.0338,1.03415
1739195640,1.03415,1.0343,1.0341,1.03415
1739195820,1.03415,1.03415,1.03375,1.03385
1739196000,1.0339,1.0341,1.0337,1.03395
1739196180,1.03395,1.03405,1.0336,1.03365
1739196360,1.0337,1.0337,1.0334,1.0334
1739196540,1.0334,1.03345,1.0333,1.03335
1739196720,1.0333,1.0334,1.03315,1.03315
1739196900,1.03315,1.03315,1.0328,1.0328
1739197080,1.0328,1.03305,1.03265,1.0328
1739197260,1.03275,1.0329,1.03245,1.03245
1739197440,1.03245,1.03255,1.03235,1.03245
1739197620,1.03245,1.0325,1.03215,1.0324
1739197800,1.0324,1.0328,1.03225,1.0328
1739197980,1.03285,1.03285,1.0325,1.0328
1739198160,1.03275,1.03275,1.0325,1.03255
1739198340,1.03255,1.03265,1.0324,1.03245
1739198520,1.03245,1.0325,1.03225,1.0324
1739198700,1.03245,1.03265,1.0324,1.0325
1739198880,1.0325,1.0327,1.0325,1.0327
1739199060,1.0327,1.0328,1.0326,1.03265
1739199240,1.0327,1.03275,1.0326,1.03265
1739199420,1.03265,1.0329,1.03265,1.03285
1739199600,1.03285,1.03315,1.0328,1.03315
1739199780,1.0332,1.03345,1.03315,1.03325
1739199960,1.03325,1.03335,1.0332,1.0333
1739200140,1.0333,1.03345,1.03315,1.0334
1739200320,1.0334,1.0335,1.0333,1.0333
1739200500,1.0333,1.0333,1.0329,1.03305
1739200680,1.033,1.0331,1.0328,1.033
1739200860,1.033,1.03325,1.033,1.03315
1739201040,1.03315,1.03335,1.0331,1.0333
1739201220,1.03335,1.03345,1.0333,1.0334
1739201400,1.03345,1.0336,1.03345,1.03355
1739201580,1.03355,1.0336,1.03345,1.03355
1739201760,1.0335,1.03355,1.0334,1.03355
1739201940,1.0336,1.03375,1.03345,1.03355
1739202120,1.03355,1.0337,1.03345,1.03345
1739202300,1.03345,1.03355,1.03335,1.03345
1739202480,1.0335,1.0335,1.03295,1.0331
1739202660,1.0331,1.03315,1.03295,1.0331
1739202840,1.03305,1.0333,1.0329,1.033
1739203020,1.033,1.03335,1.03295,1.03325
1739203200,1.0332,1.03345,1.0332,1.0334
1739203380,1.0334,1.03345,1.03305,1.0332
1739203560,1.0332,1.0335,1.0331,1.0334
1739203740,1.03335,1.03345,1.03315,1.0332
1739203920,1.0332,1.0333,1.03295,1.03295
1739204100,1.033,1.0331,1.0328,1.03285
1739204280,1.0329,1.0329,1.0327,1.0328
1739204460,1.0328,1.0332,1.0327,1.03285
1739204640,1.03285,1.03305,1.03265,1.03285
1739204820,1.03285,1.0332,1.03285,1.03305
1739205000,1.033,1.0332,1.03285,1.0329
1739205180,1.03285,1.03295,1.03255,1.0327
1739205360,1.0327,1.033,1.03265,1.033
1739205540,1.03295,1.033,1.03275,1.03295
1739205720,1.033,1.03305,1.03285,1.03285
1739205900,1.03285,1.03285,1.03245,1.03245
1739206080,1.0324,1.0325,1.0322,1.0322
1739206260,1.03225,1.0323,1.03215,1.0322
1739206440,1.0322,1.03245,1.0322,1.03245
1739206620,1.0324,1.0329,1.0324,1.0328
1739206800,1.03285,1.0331,1.03285,1.0329
1739206980,1.0329,1.03315,1.0329,1.0331
1739207160,1.0331,1.0332,1.03305,1.0331
1739207340,1.0331,1.03315,1.03285,1.03285
1739207520,1.0328,1.033,1.0328,1.0329
1739207700,1.03285,1.033,1.03275,1.0328
1739207880,1.0328,1.0329,1.03275,1.03285
1739208060,1.03285,1.033,1.0328,1.03295
1739208240,1.033,1.03315,1.03285,1.03285
1739208420,1.0329,1.03295,1.03275,1.03285
1739208600,1.03285,1.033,1.03285,1.0329
1739208780,1.03285,1.03285,1.0328,1.0328
1739208960,1.0328,1.0328,1.0327,1.0328
1739209140,1.0328,1.03285,1.03275,1.03275
1739209320,1.03275,1.0328,1.0326,1.0326
1739209500,1.0326,1.0327,1.0325,1.0325
1739209680,1.0325,1.0327,1.03235,1.0327
1739209860,1.0327,1.03275,1.03265,1.0327
1739210040,1.0327,1.0329,1.0327,1.0329
1739210220,1.03285,1.03295,1.03285,1.03295
1739210400,1.0329,1.03295,1.0328,1.03295
1739210580,1.0329,1.03295,1.0327,1.03285
1739210760,1.0328,1.03315,1.0328,1.03315
1739210940,1.0331,1.0333,1.0331,1.0333
1739211120,1.0333,1.03335,1.03315,1.03315
1739211300,1.03315,1.03315,1.03305,1.0331
1739211480,1.03315,1.0332,1.03305,1.0331
1739211660,1.03305,1.0331,1.0329,1.0329
1739211840,1.0329,1.03295,1.03275,1.0328
1739212020,1.03275,1.03295,1.03275,1.03295
1739212200,1.03295,1.033,1.0329,1.03295
1739212380,1.0329,1.033,1.03285,1.03295
1739212560,1.03295,1.03295,1.03275,1.03275
1739212740,1.0327,1.0327,1.03255,1.03255
1739212920,1.0326,1.0327,1.0325,1.0326
1739213100,1.03255,1.0327,1.03255,1.0327
1739213280,1.0327,1.0328,1.03265,1.03275
1739213460,1.03275,1.03275,1.0324,1.0324
1739213640,1.03245,1.0325,1.0323,1.0325
1739213820,1.0325,1.0326,1.0324,1.03245
1739214000,1.0324,1.03245,1.03235,1.0324
1739214180,1.03235,1.03235,1.0322,1.03235
1739214360,1.0324,1.03255,1.0324,1.03255
1739214540,1.0326,1.0327,1.0326,1.0327
1739214720,1.03275,1.03275,1.0326,1.0326
1739214900,1.0326,1.03265,1.0325,1.0325
1739215080,1.0325,1.0325,1.0324,1.0325
1739215260,1.03245,1.03255,1.03245,1.0325
1739215440,1.0324,1.0324,1.03225,1.03235
1739215620,1.03225,1.0325,1.03225,1.0324
1739215800,1.0324,1.03255,1.0323,1.0323
1739215980,1.03235,1.03245,1.03235,1.0324
1739216160,1.03245,1.03265,1.03245,1.0326
1739216340,1.03255,1.0326,1.03255,1.0326
1739216520,1.0326,1.03265,1.0325,1.03255
1739216700,1.03255,1.0326,1.0325,1.0325
1739216880,1.03245,1.03245,1.03235,1.03235
1739217060,1.03235,1.0325,1.03235,1.0325
1739217240,1.0325,1.0325,1.03235,1.03235
1739217420,1.0324,1.0325,1.03235,1.03235
1739217600,1.0324,1.03255,1.0323,1.0323
1739217780,1.0323,1.03235,1.03225,1.03235
1739217960,1.0324,1.0325,1.0324,1.03245
1739218140,1.03245,1.0325,1.03235,1.03235
1739218320,1.03235,1.0324,1.0323,1.0324
1739218500,1.0324,1.0324,1.03235,1.03235
1739218680,1.0323,1.0323,1.0322,1.03225
1739218860,1.03225,1.03235,1.0322,1.0322
1739219040,1.0322,1.03235,1.0322,1.0323
1739219220,1.03225,1.0323,1.0322,1.0322
1739219400,1.03225,1.0323,1.0322,1.0323
1739219580,1.0323,1.03235,1.0322,1.0323
1739219760,1.0323,1.0323,1.03215,1.0322
1739219940,1.0322,1.0323,1.0322,1.0322
1739220120,1.03225,1.03235,1.0322,1.03235
1739220300,1.03235,1.03235,1.0322,1.0322
1739220480,1.03225,1.0323,1.0322,1.0323
1739220660,1.03225,1.03235,1.03225,1.03235
1739220840,1.03235,1.03255,1.0323,1.03245
1739221020,1.0324,1.03245,1.03235,1.03235
1739221200,1.03235,1.03245,1.03225,1.03245
1739221380,1.0324,1.03255,1.0324,1.03255
1739221560,1.03255,1.03255,1.0325,1.0325
1739221740,1.0325,1.0325,1.03245,1.03245
1739221920,1.03245,1.0325,1.0324,1.03245
1739222100,1.03245,1.03245,1.0324,1.03245
1739222280,1.03245,1.0325,1.03235,1.03235
1739222460,1.03235,1.03235,1.0323,1.03235
1739222640,1.03235,1.03235,1.0323,1.03235
1739222820,1.0323,1.03235,1.03225,1.03225
1739223000,1.03225,1.0323,1.03225,1.03225
1739223180,1.03225,1.0323,1.0322,1.03225
1739223360,1.0323,1.0323,1.03225,1.03225
1739223540,1.0323,1.0323,1.0323,1.0323
1739223720,1.0323,1.0324,1.03225,1.0324
1739223900,1.03235,1.0324,1.03225,1.0323
1739224080,1.03225,1.0323,1.0322,1.0322
1739224260,1.0322,1.03225,1.03215,1.03225
1739224440,1.0322,1.0324,1.0322,1.03235
1739224620,1.03235,1.03245,1.0323,1.03245
1739228400,1.03235,1.0325,1.0321,1.0324
1739228580,1.03235,1.03235,1.03225,1.03225
1739228760,1.03225,1.03225,1.0322,1.03225
1739228940,1.0322,1.0323,1.0318,1.03205
1739229120,1.03205,1.0325,1.0319,1.03205
1739229300,1.032,1.032,1.03165,1.03175
1739229480,1.03175,1.03185,1.0317,1.03175
1739229660,1.03175,1.03175,1.0317,1.0317
1739229840,1.03175,1.03175,1.03155,1.0316
1739230020,1.0316,1.03165,1.03155,1.03165
1739230200,1.0317,1.0317,1.03155,1.03155
1739230380,1.0315,1.0316,1.0315,1.0316
1739230560,1.03155,1.03175,1.0315,1.03175
1739230740,1.03165,1.03175,1.03165,1.03165
1739230920,1.03165,1.0318,1.0316,1.0317
1739231100,1.03165,1.0318,1.03165,1.0318
1739231280,1.03175,1.03175,1.0317,1.0317
1739231460,1.03165,1.03175,1.0316,1.0317
1739231640,1.03175,1.03175,1.0317,1.0317
1739231820,1.03175,1.0318,1.0317,1.0317
1739232000,1.0317,1.03185,1.03165,1.03185
1739232180,1.0318,1.0318,1.0317,1.0317
1739232360,1.0317,1.0318,1.03165,1.03175
1739232540,1.0318,1.03185,1.0318,1.0318
1739232720,1.0318,1.0318,1.0317,1.03175
1739232900,1.0317,1.0317,1.03165,1.0317
1739233080,1.03165,1.0317,1.03165,1.0317
1739233260,1.0317,1.03185,1.0317,1.0318
1739233440,1.0318,1.032,1.0318,1.032
1739233620,1.032,1.0321,1.032,1.0321
1739233800,1.0321,1.0322,1.03205,1.03205
1739233980,1.03205,1.0321,1.03205,1.0321
1739234160,1.03215,1.03235,1.0321,1.0323
1739234340,1.0323,1.0323,1.0322,1.03225
1739234520,1.03225,1.03225,1.0322,1.0322
1739234700,1.0322,1.0322,1.032,1.032
1739234880,1.032,1.0321,1.032,1.0321
1739235060,1.0321,1.03215,1.03205,1.03205
1739235240,1.03205,1.03215,1.03205,1.0321
1739235420,1.03205,1.03215,1.032,1.03215
1739235600,1.0321,1.0321,1.032,1.032
1739235780,1.03195,1.03205,1.0319,1.03205
1739235960,1.0321,1.0321,1.032,1.032
1739236140,1.03195,1.032,1.0319,1.0319
1739236320,1.0319,1.0319,1.0317,1.03185
1739236500,1.0319,1.03195,1.0317,1.0317
1739236680,1.03175,1.03195,1.03175,1.0319
1739236860,1.0319,1.0319,1.03175,1.0318
1739237040,1.0318,1.0318,1.03175,1.03175
1739237220,1.03175,1.0319,1.03175,1.03185
1739237400,1.03185,1.0319,1.0318,1.0318
1739237580,1.03175,1.0318,1.0317,1.03175
1739237760,1.0317,1.03185,1.03165,1.03185
1739237940,1.0319,1.0319,1.0318,1.0319
1739238120,1.03195,1.03205,1.0319,1.03205
1739238300,1.032,1.0321,1.0319,1.0319
1739238480,1.0319,1.0319,1.0318,1.03185
1739238660,1.03185,1.032,1.03185,1.03185
1739238840,1.03185,1.03185,1.03185,1.03185
1739239020,1.0319,1.0319,1.0318,1.03185
1739239200,1.03185,1.0319,1.0318,1.0319
1739239380,1.03195,1.03195,1.03185,1.03185
1739239560,1.03185,1.03185,1.03175,1.0318
1739239740,1.0318,1.03185,1.03175,1.03185
1739239920,1.0318,1.0318,1.0316,1.0316
1739240100,1.0316,1.03175,1.03155,1.03155
1739240280,1.03155,1.0318,1.0315,1.03175
1739240460,1.0317,1.0318,1.03165,1.03175
1739240640,1.03175,1.03185,1.0317,1.0318
1739240820,1.0318,1.0318,1.03165,1.03165
1739241000,1.03165,1.0317,1.03155,1.03155
1739241180,1.03155,1.03155,1.0313,1.0315
1739241360,1.03155,1.03155,1.0314,1.0314
1739241540,1.03135,1.03135,1.0312,1.03125
1739241720,1.0312,1.0314,1.0312,1.03135
1739241900,1.03135,1.0314,1.03125,1.03125
1739242080,1.03125,1.03125,1.03115,1.0312
1739242260,1.03115,1.0312,1.03105,1.03105
1739242440,1.03105,1.03115,1.031,1.031
1739242620,1.031,1.031,1.0309,1.03095
1739242800,1.031,1.031,1.0309,1.03095
1739242980,1.03095,1.03105,1.0309,1.03095
1739243160,1.03095,1.03115,1.03095,1.03105
1739243340,1.031,1.031,1.0309,1.03095
1739243520,1.03095,1.031,1.03095,1.03095
1739243700,1.03095,1.03105,1.03095,1.03105
1739243880,1.03105,1.03125,1.03105,1.0312
1739244060,1.0312,1.03125,1.0312,1.03125
1739244240,1.0312,1.03135,1.0312,1.03135
1739244420,1.0313,1.0314,1.03115,1.03115
1739244600,1.03125,1.03145,1.0312,1.03145
1739244780,1.0314,1.0316,1.0314,1.0316
1739244960,1.03155,1.03165,1.03155,1.03165
1739245140,1.03165,1.03165,1.03155,1.03165
1739245320,1.03165,1.0317,1.0316,1.0317
1739245500,1.0317,1.0317,1.0316,1.0316
1739245680,1.03165,1.03175,1.03165,1.03165
1739245860,1.0316,1.03165,1.03155,1.03165
1739246040,1.03165,1.03165,1.0315,1.03155
1739246220,1.03155,1.03155,1.03145,1.0315
1739246400,1.0315,1.03155,1.03145,1.03155
1739246580,1.0316,1.0318,1.0316,1.03175
1739246760,1.03175,1.0318,1.03165,1.03165
1739246940,1.03165,1.03175,1.0316,1.03175
1739247120,1.03175,1.03175,1.0317,1.03175
1739247300,1.03175,1.0319,1.03175,1.0318
1739247480,1.0318,1.0319,1.0318,1.03185
1739247660,1.0318,1.0318,1.03175,1.03175
1739247840,1.03175,1.0319,1.03175,1.03185
1739248020,1.0318,1.03195,1.0318,1.03185
1739248200,1.03185,1.0319,1.03185,1.0319
1739248380,1.0319,1.0319,1.03185,1.03185
1739248560,1.0318,1.0319,1.03175,1.0319
1739248740,1.03185,1.032,1.03185,1.032
1739248920,1.032,1.03205,1.03195,1.032
1739249100,1.032,1.032,1.03195,1.03195
1739249280,1.03195,1.03205,1.03195,1.03205
1739249460,1.032,1.032,1.0319,1.03195
1739249640,1.03195,1.03205,1.03195,1.032
1739249820,1.03205,1.0321,1.03205,1.03205
1739250000,1.03205,1.0321,1.03205,1.03205
1739250180,1.03205,1.0322,1.03205,1.0322
1739250360,1.0322,1.0322,1.03215,1.03215
1739250540,1.0322,1.0323,1.03215,1.03225
1739250720,1.0322,1.0322,1.0321,1.0321
1739250900,1.03215,1.0322,1.03215,1.0322
1739251080,1.0322,1.0322,1.0322,1.0322
1739251260,1.03215,1.03215,1.03195,1.032
1739251440,1.032,1.03205,1.032,1.03205
1739251620,1.03205,1.03205,1.03205,1.03205
1739251800,1.03205,1.03205,1.032,1.032
1739251980,1.032,1.03205,1.032,1.032
1739252160,1.03195,1.03195,1.03185,1.0319
1739252340,1.03195,1.03205,1.03195,1.03205
1739252520,1.0321,1.03215,1.03205,1.03205
1739252700,1.032,1.03205,1.032,1.032
1739252880,1.032,1.032,1.032,1.032
1739253060,1.03205,1.0321,1.03195,1.03205
1739253240,1.032,1.0321,1.032,1.03205
1739253420,1.03205,1.03225,1.03205,1.03215
1739253600,1.0321,1.03215,1.0321,1.03215
1739253780,1.0322,1.03225,1.03215,1.03215
1739253960,1.0322,1.03235,1.0322,1.0322
1739254140,1.0322,1.0323,1.0322,1.0322
1739254320,1.03215,1.0323,1.0321,1.03225
1739254500,1.0322,1.03225,1.03215,1.03225
1739254680,1.03225,1.0323,1.0322,1.03225
1739254860,1.03225,1.03235,1.0322,1.03235
1739255040,1.03235,1.0325,1.03235,1.03245
1739255220,1.0325,1.0326,1.03245,1.03255
1739255400,1.03255,1.0326,1.0325,1.03255
1739255580,1.03265,1.0327,1.03245,1.0325
1739255760,1.0325,1.0325,1.0324,1.03245
1739255940,1.0325,1.0325,1.03235,1.03245
1739256120,1.03245,1.03255,1.0324,1.03245
1739256300,1.0324,1.03245,1.03235,1.0324
1739256480,1.0324,1.0324,1.0323,1.0323
1739256660,1.03235,1.03235,1.0322,1.0322
1739256840,1.03225,1.0324,1.03225,1.03225
1739257020,1.03225,1.0323,1.03215,1.03215
1739257200,1.03215,1.0323,1.03185,1.0319
1739257380,1.03195,1.032,1.03185,1.0319
1739257560,1.0319,1.03215,1.03175,1.0321
1739257740,1.0321,1.03215,1.03195,1.03205
1739257920,1.03205,1.03205,1.03175,1.03195
1739258100,1.0319,1.03205,1.03185,1.03205
1739258280,1.032,1.0322,1.032,1.0322
1739258460,1.0322,1.0322,1.03195,1.032
1739258640,1.032,1.0322,1.03195,1.0322
1739258820,1.0322,1.0324,1.0321,1.0322
1739259000,1.03225,1.0323,1.03215,1.03215
1739259180,1.0322,1.03225,1.032,1.03205
1739259360,1.03205,1.0321,1.0319,1.03195
1739259540,1.0319,1.03215,1.03175,1.0321
1739259720,1.03215,1.03225,1.03205,1.03205
1739259900,1.03205,1.03235,1.03205,1.03225
1739260080,1.0322,1.0323,1.0321,1.03225
1739260260,1.0322,1.0323,1.0321,1.0323
1739260440,1.0323,1.03245,1.0322,1.03225
1739260620,1.0323,1.03245,1.03195,1.032
1739260800,1.032,1.0322,1.03185,1.03205
1739260980,1.032,1.03215,1.03165,1.0317
1739261160,1.03175,1.032,1.03175,1.03185
1739261340,1.03185,1.0321,1.03185,1.0321
1739261520,1.03205,1.03235,1.03205,1.0322
1739261700,1.03215,1.03225,1.032,1.03225
1739261880,1.03225,1.03245,1.03215,1.03225
1739262060,1.0323,1.03235,1.0322,1.03235
1739262240,1.0324,1.0325,1.0323,1.0324
1739262420,1.03235,1.0325,1.03235,1.0324
1739262600,1.0324,1.03265,1.03235,1.0326
1739262780,1.03255,1.03255,1.0324,1.03245
1739262960,1.0324,1.03265,1.03235,1.03265
1739263140,1.0326,1.0332,1.0325,1.0331
1739263320,1.0331,1.0332,1.0329,1.033
1739263500,1.033,1.03335,1.03295,1.03315
1739263680,1.0331,1.03325,1.0329,1.0332
1739263860,1.0332,1.0334,1.03315,1.0332
1739264040,1.0332,1.03345,1.0331,1.0334
1739264220,1.0334,1.03365,1.0334,1.03345
1739264400,1.03345,1.0335,1.0333,1.0334
1739264580,1.03345,1.0337,1.0334,1.0335
1739264760,1.0335,1.03385,1.03345,1.0337
1739264940,1.03365,1.03385,1.0336,1.03385
1739265120,1.0338,1.03385,1.03345,1.0335
1739265300,1.0335,1.0335,1.0332,1.0333
1739265480,1.0333,1.03365,1.0333,1.03345
1739265660,1.03345,1.03345,1.0332,1.03325
1739265840,1.0332,1.03325,1.0329,1.03295
1739266020,1.03295,1.0331,1.0329,1.03305
1739266200,1.03305,1.03345,1.03305,1.03325
1739266380,1.0332,1.03335,1.0332,1.0332
1739266560,1.03325,1.0333,1.03305,1.0332
1739266740,1.0332,1.03325,1.0332,1.03325
1739266920,1.0332,1.0332,1.033,1.03305
1739267100,1.03305,1.0332,1.03295,1.03315
1739267280,1.0332,1.03345,1.0331,1.0333
1739267460,1.0333,1.0337,1.0333,1.0337
1739267640,1.03365,1.03365,1.0334,1.03345
1739267820,1.0335,1.0335,1.0334,1.03345
1739268000,1.0335,1.0335,1.0333,1.0334
1739268180,1.0334,1.03375,1.0334,1.0336
1739268360,1.0336,1.03365,1.0335,1.03355
1739268540,1.03355,1.03365,1.03345,1.0336
1739268720,1.0336,1.03395,1.0336,1.03395
1739268900,1.0339,1.0342,1.0338,1.03415
1739269080,1.03415,1.03415,1.03395,1.034
1739269260,1.034,1.0341,1.03395,1.03405
1739269440,1.0341,1.0341,1.03395,1.03405
1739269620,1.0341,1.03415,1.03385,1.03385
1739269800,1.03385,1.03395,1.03375,1.0339
1739269980,1.03395,1.03395,1.0337,1.0337
1739270160,1.03365,1.03365,1.03345,1.03345
1739270340,1.03345,1.03345,1.03325,1.0333
1739270520,1.03335,1.03335,1.0332,1.0333
1739270700,1.0333,1.03335,1.03315,1.0333
1739270880,1.0333,1.03335,1.0332,1.03325
1739271060,1.0332,1.0334,1.0331,1.0334
1739271240,1.03345,1.0335,1.0333,1.0334
1739271420,1.0334,1.0334,1.03315,1.03325
1739271600,1.0333,1.0334,1.03325,1.0334
1739271780,1.0334,1.0337,1.0334,1.0336
1739271960,1.0336,1.03365,1.03355,1.03355
1739272140,1.0335,1.03375,1.0335,1.03375
1739272320,1.03375,1.03375,1.03355,1.0337
1739272500,1.0337,1.0338,1.0336,1.0336
1739272680,1.0336,1.0336,1.0334,1.03345
1739272860,1.0335,1.0335,1.03335,1.0334
1739273040,1.0334,1.0334,1.0333,1.03335
1739273220,1.03335,1.03335,1.0333,1.03335
1739273400,1.0333,1.03345,1.0333,1.0334
1739273580,1.03335,1.0334,1.03325,1.03335
1739273760,1.03335,1.0336,1.03335,1.0336
1739273940,1.0336,1.03365,1.03355,1.03355
1739274120,1.0335,1.03355,1.0335,1.0335
1739274300,1.0335,1.03365,1.0335,1.0336
1739274480,1.03365,1.03385,1.03365,1.03385
1739274660,1.0338,1.0339,1.03375,1.03385
1739274840,1.0338,1.03385,1.0337,1.03385
1739275020,1.0338,1.034,1.03375,1.03385
1739275200,1.03385,1.034,1.03385,1.0339
1739275380,1.03385,1.034,1.0338,1.03395
1739275560,1.0339,1.034,1.03385,1.0339
1739275740,1.03385,1.03395,1.0337,1.03385
1739275920,1.0339,1.0342,1.0339,1.03405
1739276100,1.0341,1.03435,1.03405,1.0342
1739276280,1.0342,1.03425,1.034,1.0342
1739276460,1.03425,1.03435,1.0342,1.0343
1739276640,1.0343,1.03455,1.03425,1.03445
1739276820,1.0345,1.0345,1.03435,1.0344
1739277000,1.03435,1.03445,1.0343,1.0344
1739277180,1.0344,1.0344,1.03425,1.0343
1739277360,1.0343,1.03445,1.03425,1.03435
1739277540,1.03435,1.03445,1.03425,1.0344
1739277720,1.0344,1.03445,1.0342,1.03435
1739277900,1.03435,1.0345,1.03435,1.03435
1739278080,1.0343,1.0343,1.0342,1.03425
1739278260,1.0342,1.0342,1.0339,1.0339
1739278440,1.03395,1.034,1.03375,1.0338
1739278620,1.0338,1.0339,1.0337,1.0339
1739278800,1.0339,1.03395,1.0337,1.03375
1739278980,1.0338,1.0342,1.03375,1.0342
1739279160,1.03415,1.0343,1.03415,1.0342
1739279340,1.0342,1.0342,1.03405,1.0341
1739279520,1.0341,1.0341,1.03395,1.03395
1739279700,1.034,1.03405,1.0336,1.0337
1739279880,1.0337,1.0338,1.03355,1.03355
1739280060,1.03355,1.03375,1.03335,1.0336
1739280240,1.03365,1.0337,1.0335,1.03355
1739280420,1.0335,1.03365,1.0334,1.03345
1739280600,1.0335,1.0338,1.0333,1.03375
1739280780,1.03375,1.0339,1.0337,1.03385
1739280960,1.03385,1.0341,1.03355,1.03355
1739281140,1.03355,1.0337,1.0335,1.03355
1739281320,1.0335,1.0336,1.03345,1.0335
1739281500,1.0335,1.0336,1.0334,1.0334
1739281680,1.03345,1.03365,1.03345,1.03365
1739281860,1.0336,1.0339,1.0336,1.0339
1739282040,1.0339,1.03395,1.0338,1.0338
1739282220,1.0338,1.03395,1.03375,1.03395
1739282400,1.0339,1.03415,1.03385,1.0341
1739282580,1.0341,1.0344,1.0341,1.0344
1739282760,1.0344,1.03465,1.0343,1.03435
1739282940,1.03435,1.03445,1.03415,1.03415
1739283120,1.03415,1.0342,1.034,1.03415
1739283300,1.03415,1.0343,1.0341,1.0343
1739283480,1.0343,1.0344,1.03425,1.0344
1739283660,1.03435,1.03445,1.03425,1.03445
1739283840,1.03445,1.0347,1.03445,1.03455
1739284020,1.03455,1.03475,1.0345,1.03475
1739284200,1.03475,1.03505,1.03465,1.03495
1739284380,1.0349,1.03495,1.03475,1.03495
1739284560,1.03495,1.03495,1.0346,1.0348
1739284740,1.0347,1.0348,1.0346,1.0347
1739284920,1.0347,1.0348,1.03465,1.0347
1739285100,1.0347,1.03485,1.0346,1.03485
1739285280,1.0349,1.0353,1.0349,1.03515
1739285460,1.0352,1.03525,1.03485,1.03515
1739285640,1.0351,1.0354,1.035,1.03505
1739285820,1.03505,1.03505,1.03485,1.03495
1739286000,1.035,1.03515,1.03465,1.0348
1739286180,1.0348,1.03485,1.0345,1.03485
1739286360,1.03485,1.03505,1.0348,1.035
1739286540,1.03495,1.03525,1.03485,1.0349
1739286720,1.03495,1.035,1.0349,1.0349
1739286900,1.0349,1.03495,1.0346,1.03495
1739287080,1.035,1.03595,1.03495,1.0355
1739287260,1.0355,1.03575,1.0354,1.0355
1739287440,1.0355,1.03555,1.0353,1.0354
1739287620,1.03535,1.0358,1.03535,1.0358
1739287800,1.0358,1.03585,1.0354,1.03545
1739287980,1.0354,1.03565,1.0353,1.0356
1739288160,1.0356,1.0359,1.0356,1.03565
1739288340,1.03565,1.03565,1.03505,1.03505
1739288520,1.03505,1.03535,1.03505,1.03535
1739288700,1.0353,1.0358,1.0353,1.0356
1739288880,1.0356,1.03575,1.03545,1.0356
1739289060,1.0356,1.036,1.0356,1.03585
1739289240,1.0358,1.03595,1.03555,1.0357
1739289420,1.03565,1.03595,1.0356,1.0357
1739289600,1.03565,1.03585,1.0356,1.03565
1739289780,1.03565,1.036,1.03565,1.0358
1739289960,1.0358,1.03645,1.0358,1.0364
1739290140,1.0364,1.0366,1.03635,1.0364
1739290320,1.03635,1.03645,1.0362,1.03645
1739290500,1.0364,1.03655,1.0363,1.0363
1739290680,1.0363,1.0365,1.0361,1.03635
1739290860,1.03635,1.0364,1.0362,1.03625
1739291040,1.0363,1.03645,1.03615,1.03645
1739291220,1.0364,1.0367,1.0362,1.03655
1739291400,1.03655,1.0368,1.03645,1.03675
1739291580,1.0367,1.0367,1.03645,1.03655
1739291760,1.03655,1.03655,1.0363,1.03645
1739291940,1.03645,1.0367,1.03635,1.0365
1739292120,1.0365,1.0366,1.03625,1.0365
1739292300,1.0365,1.0367,1.03645,1.0365
1739292480,1.0365,1.0367,1.0364,1.03665
1739292660,1.0367,1.0368,1.0362,1.0364
1739292840,1.03635,1.0364,1.03615,1.03625
1739293020,1.0362,1.03645,1.0362,1.03625
1739293200,1.0362,1.0362,1.036,1.03605
1739293380,1.03605,1.03615,1.036,1.03615
1739293560,1.0362,1.0363,1.0361,1.0361
1739293740,1.0361,1.0362,1.03605,1.03615
1739293920,1.03615,1.03625,1.0361,1.0362
1739294100,1.0362,1.0363,1.03615,1.03625
1739294280,1.0362,1.0363,1.036,1.03615
1739294460,1.03615,1.03625,1.03615,1.0362
1739294640,1.0362,1.0362,1.0361,1.0362
1739294820,1.0362,1.0364,1.0362,1.0364
1739295000,1.03635,1.0364,1.0363,1.03635
1739295180,1.03635,1.03645,1.03625,1.03635
1739295360,1.03635,1.0364,1.0362,1.03625
1739295540,1.0363,1.03645,1.0363,1.03635
1739295720,1.03635,1.03655,1.03625,1.03645
1739295900,1.03645,1.03645,1.0363,1.0363
1739296080,1.0363,1.0364,1.0362,1.03625
1739296260,1.03625,1.0363,1.03615,1.0362
1739296440,1.03615,1.03625,1.03615,1.03615
1739296620,1.0362,1.03635,1.03615,1.03625
1739296800,1.0362,1.03645,1.03615,1.0362
1739296980,1.0362,1.03675,1.0361,1.0366
1739297160,1.0366,1.0368,1.03655,1.0367
1739297340,1.03675,1.0368,1.03655,1.03655
1739297520,1.0366,1.0366,1.0365,1.0365
1739297700,1.0365,1.0366,1.0365,1.0365
1739297880,1.0365,1.03655,1.03645,1.03645
1739298060,1.03645,1.03655,1.0364,1.03645
1739298240,1.03645,1.03645,1.0363,1.03635
1739298420,1.03635,1.0364,1.0363,1.0363
1739298600,1.03635,1.03645,1.03635,1.03645
1739298780,1.0364,1.03655,1.0364,1.0365
1739298960,1.03655,1.03655,1.03645,1.03645
1739299140,1.0364,1.0365,1.03635,1.03645
1739299320,1.03645,1.0365,1.0363,1.0363
1739299500,1.03635,1.03635,1.03625,1.03625
1739299680,1.0362,1.0363,1.0362,1.0363
1739299860,1.03635,1.03635,1.0362,1.0363
1739300040,1.0363,1.0364,1.03625,1.0363
1739300220,1.03625,1.0363,1.03615,1.03625
1739300400,1.0362,1.0363,1.0361,1.03615
1739300580,1.03615,1.0363,1.03615,1.0362
1739300760,1.0362,1.03625,1.03615,1.03615
1739300940,1.0361,1.0361,1.03585,1.036
1739301120,1.03595,1.03605,1.0359,1.03595
1739301300,1.03595,1.03595,1.03585,1.0359
1739301480,1.03585,1.036,1.03585,1.036
1739301660,1.036,1.03615,1.036,1.0361
1739301840,1.0361,1.0363,1.0361,1.0362
1739302020,1.0362,1.0363,1.0362,1.0363
1739302200,1.03625,1.03655,1.03625,1.03655
1739302380,1.03655,1.03665,1.03655,1.0366
1739302560,1.0366,1.0368,1.03655,1.0368
1739302740,1.03685,1.0395,1.03685,1.03875
1739302920,1.0388,1.03985,1.0377,1.03805
1739303100,1.038,1.0381,1.0376,1.0377
1739303280,1.0377,1.0381,1.03735,1.0378
1739303460,1.0378,1.03795,1.0374,1.0374
1739303640,1.03745,1.03765,1.03735,1.03755
1739303820,1.03755,1.0376,1.0372,1.0375
1739304000,1.03745,1.03765,1.03745,1.03755
1739304180,1.0375,1.0376,1.03745,1.0376
1739304360,1.03755,1.03785,1.03755,1.03785
1739304540,1.03785,1.03785,1.0377,1.0377
1739304720,1.03775,1.0379,1.0377,1.03785
1739304900,1.0378,1.03785,1.03775,1.0378
1739305080,1.0378,1.03805,1.0378,1.0379
1739305260,1.0379,1.03805,1.0378,1.03795
1739305440,1.0379,1.03795,1.03765,1.03765
1739305620,1.03765,1.0379,1.0376,1.0379
1739305800,1.03785,1.0383,1.03785,1.03825
1739305980,1.0383,1.03845,1.0381,1.0383
1739306160,1.0383,1.0383,1.038,1.03815
1739306340,1.0381,1.03825,1.0381,1.0381
1739306520,1.0381,1.03815,1.03795,1.03795
1739306700,1.038,1.0383,1.03795,1.0383
1739306880,1.0383,1.0384,1.0382,1.03835
1739307060,1.03835,1.03845,1.03825,1.0383
1739307240,1.03825,1.03835,1.03815,1.03815
1739307420,1.03815,1.0382,1.03795,1.03795
1739307600,1.03795,1.03805,1.0378,1.03805
1739307780,1.03805,1.03805,1.0379,1.03795
1739307960,1.0379,1.03805,1.0379,1.03805
1739308140,1.038,1.0381,1.038,1.03805
1739308320,1.038,1.038,1.0378,1.03785
1739308500,1.0379,1.03805,1.0379,1.03805
1739308680,1.03805,1.03805,1.03795,1.03795
1739308860,1.03795,1.03795,1.0379,1.0379
1739309040,1.03795,1.038,1.0378,1.0378
1739309220,1.03775,1.0379,1.03775,1.03785
1739309400,1.0379,1.03795,1.03775,1.03785
1739309580,1.03775,1.03785,1.0377,1.03785
1739309760,1.0378,1.0378,1.0377,1.03775
1739309940,1.03775,1.0378,1.03775,1.03775
1739310120,1.0377,1.03775,1.0377,1.0377
1739310300,1.0377,1.0377,1.0376,1.0376
1739310480,1.0376,1.03765,1.03755,1.03765
1739310660,1.03765,1.03775,1.03765,1.0377
1739310840,1.0377,1.0378,1.03765,1.03775
1739311020,1.0377,1.03785,1.0377,1.03785
1739314800,1.0377,1.03795,1.0377,1.0378
1739314980,1.03785,1.0379,1.0378,1.0379
1739315160,1.0379,1.0379,1.03775,1.03775
1739315340,1.03775,1.03805,1.03775,1.03805
1739315520,1.0381,1.0384,1.03805,1.0383
1739315700,1.03825,1.0383,1.0382,1.0382
1739315880,1.0381,1.0381,1.03805,1.03805
1739316060,1.0381,1.0381,1.03785,1.0379
1739316240,1.0379,1.03795,1.0379,1.03795
1739316420,1.0379,1.0379,1.03785,1.0379
1739316600,1.0379,1.03795,1.0379,1.03795
1739316780,1.03795,1.038,1.03795,1.038
1739316960,1.0381,1.0381,1.03795,1.03795
1739317140,1.03795,1.0381,1.03795,1.0381
1739317320,1.0381,1.03815,1.0381,1.0381
1739317500,1.03815,1.0382,1.03815,1.03815
1739317680,1.03815,1.03815,1.0381,1.0381
1739317860,1.03805,1.03815,1.03805,1.03815
1739318040,1.0381,1.0381,1.03805,1.03805
1739318220,1.0381,1.0381,1.03795,1.03795
1739318400,1.03795,1.03805,1.0378,1.0378
1739318580,1.03785,1.038,1.0376,1.03765
1739318760,1.0376,1.0376,1.0375,1.0376
1739318940,1.03755,1.03755,1.03745,1.0375
1739319120,1.0375,1.0375,1.03745,1.03745
1739319300,1.03745,1.0375,1.0374,1.0374
1739319480,1.03735,1.03745,1.03735,1.0374
1739319660,1.03745,1.0375,1.03745,1.0375
1739319840,1.03745,1.0375,1.0374,1.0375
1739320020,1.03745,1.03755,1.03745,1.03745
1739320200,1.03745,1.03745,1.03735,1.0374
1739320380,1.03735,1.0375,1.0373,1.0373
1739320560,1.0373,1.03745,1.0373,1.03745
1739320740,1.03745,1.03755,1.0374,1.0374
1739320920,1.0374,1.03745,1.03735,1.03745
1739321100,1.0374,1.03745,1.0374,1.0374
1739321280,1.0374,1.03745,1.0374,1.0374
1739321460,1.0374,1.03745,1.03735,1.0374
1739321640,1.03745,1.03745,1.03725,1.03735
1739321820,1.0374,1.0374,1.03735,1.03735
1739322000,1.03735,1.03735,1.03715,1.0372
1739322180,1.03725,1.0374,1.03715,1.03735
1739322360,1.0372,1.03725,1.037,1.03725
1739322540,1.0372,1.0372,1.03715,1.03715
1739322720,1.0372,1.03735,1.0372,1.0373
1739322900,1.03735,1.03735,1.0372,1.0373
1739323080,1.0373,1.0373,1.0372,1.0373
1739323260,1.03735,1.03735,1.03715,1.03725
1739323440,1.0372,1.0373,1.03715,1.0373
1739323620,1.03725,1.0374,1.03725,1.0374
1739323800,1.0373,1.0374,1.03725,1.03735
1739323980,1.03735,1.03745,1.03735,1.03735
1739324160,1.03735,1.0374,1.03735,1.0374
1739324340,1.0374,1.03755,1.0374,1.0374
1739324520,1.03745,1.03755,1.03745,1.03745
1739324700,1.03745,1.0378,1.03745,1.0378
1739324880,1.0378,1.038,1.03775,1.03785
1739325060,1.03785,1.03785,1.0377,1.03775
1739325240,1.03775,1.03775,1.0375,1.0375
1739325420,1.03755,1.0377,1.0375,1.0377
1739325600,1.0377,1.0378,1.03765,1.03775
1739325780,1.0378,1.038,1.0378,1.038
1739325960,1.038,1.038,1.03775,1.0378
1739326140,1.0378,1.0379,1.0378,1.0379
1739326320,1.0379,1.0379,1.0378,1.03785
1739326500,1.0379,1.0379,1.03785,1.03785
1739326680,1.03785,1.03795,1.0378,1.03795
1739326860,1.0379,1.0379,1.03785,1.0379
1739327040,1.03795,1.0381,1.03795,1.0381
1739327220,1.0381,1.0382,1.038,1.0382
1739327400,1.0382,1.0383,1.03805,1.0383
1739327580,1.0383,1.0384,1.0382,1.03825
1739327760,1.03815,1.0382,1.0381,1.03815
1739327940,1.0382,1.03825,1.03815,1.03825
1739328120,1.0383,1.0383,1.03815,1.0383
1739328300,1.0383,1.03835,1.03815,1.03815
1739328480,1.03815,1.0383,1.03815,1.03825
1739328660,1.03825,1.03835,1.03825,1.03825
1739328840,1.03825,1.03835,1.0382,1.0382
1739329020,1.0382,1.0382,1.0379,1.0379
1739329200,1.0379,1.0379,1.0376,1.0378
1739329380,1.0378,1.03785,1.03775,1.03785
1739329560,1.03785,1.03795,1.03765,1.03765
1739329740,1.0377,1.03775,1.0377,1.0377
1739329920,1.03775,1.038,1.03775,1.038
1739330100,1.038,1.03815,1.038,1.0381
1739330280,1.03815,1.03815,1.03805,1.0381
1739330460,1.0381,1.03815,1.038,1.0381
1739330640,1.03805,1.0381,1.038,1.038
1739330820,1.03805,1.0381,1.0379,1.03795
1739331000,1.03795,1.0381,1.0379,1.0379
1739331180,1.03775,1.03785,1.0377,1.03785
1739331360,1.0379,1.03795,1.0379,1.0379
1739331540,1.03785,1.03785,1.03775,1.03775
1739331720,1.03775,1.0378,1.0375,1.03755
1739331900,1.0375,1.0376,1.0375,1.0376
1739332080,1.0376,1.0377,1.03755,1.03755
1739332260,1.0376,1.03785,1.0376,1.0378
1739332440,1.03775,1.03775,1.03765,1.0377
1739332620,1.03775,1.03785,1.03775,1.03785
1739332800,1.0378,1.0378,1.03765,1.03765
1739332980,1.03765,1.03765,1.0376,1.0376
1739333160,1.0376,1.03765,1.0375,1.0376
1739333340,1.03765,1.03765,1.03755,1.03755
1739333520,1.03755,1.03765,1.03755,1.03765
1739333700,1.03765,1.03785,1.03765,1.03785
1739333880,1.03785,1.038,1.03785,1.03785
1739334060,1.0379,1.03795,1.0379,1.0379
1739334240,1.0379,1.0379,1.03785,1.03785
1739334420,1.0378,1.03785,1.03775,1.03785
1739334600,1.0378,1.0378,1.03765,1.03765
1739334780,1.0376,1.03765,1.03755,1.03755
1739334960,1.0376,1.03765,1.0376,1.0376
1739335140,1.0376,1.03765,1.03755,1.03765
1739335320,1.03765,1.0377,1.0375,1.03755
1739335500,1.03755,1.03755,1.0374,1.03755
1739335680,1.03755,1.03755,1.0375,1.03755
1739335860,1.0375,1.03755,1.03735,1.03735
1739336040,1.03735,1.03735,1.03725,1.03725
1739336220,1.0373,1.0373,1.03725,1.03725
1739336400,1.03725,1.0373,1.03715,1.0373
1739336580,1.0373,1.0373,1.0372,1.03725
1739336760,1.0373,1.0373,1.03725,1.0373
1739336940,1.0373,1.03735,1.0372,1.03725
1739337120,1.03725,1.0373,1.03715,1.03725
1739337300,1.03725,1.03735,1.0372,1.03725
1739337480,1.03725,1.03725,1.03715,1.03715
1739337660,1.0372,1.0373,1.0372,1.03725
1739337840,1.0373,1.0374,1.0373,1.0374
1739338020,1.0374,1.03745,1.0374,1.0374
1739338200,1.0374,1.0374,1.0373,1.03735
1739338380,1.0373,1.0374,1.0373,1.0374
1739338560,1.03735,1.03745,1.03735,1.03745
1739338740,1.03745,1.03745,1.03745,1.03745
1739338920,1.03745,1.03745,1.0374,1.03745
1739339100,1.03745,1.03745,1.03745,1.03745
1739339280,1.0374,1.03745,1.0374,1.03745
1739339460,1.03745,1.03755,1.03745,1.0375
1739339640,1.03755,1.03755,1.0374,1.0374
1739339820,1.03745,1.03755,1.0374,1.0375
1739340000,1.03745,1.0375,1.03745,1.03745
1739340180,1.03745,1.03755,1.03745,1.03755
1739340360,1.0375,1.03755,1.03745,1.03755
1739340540,1.03755,1.03755,1.03755,1.03755
1739340720,1.03755,1.0376,1.03755,1.0376
1739340900,1.0376,1.0376,1.0374,1.03745
1739341080,1.03745,1.0375,1.0374,1.03745
1739341260,1.0374,1.0375,1.0374,1.0375
1739341440,1.0375,1.03755,1.0374,1.03745
1739341620,1.0374,1.0375,1.0374,1.0375
1739341800,1.03755,1.0376,1.03755,1.0376
1739341980,1.0376,1.03765,1.0375,1.0376
1739342160,1.0376,1.0376,1.03735,1.03735
1739342340,1.03735,1.03745,1.0373,1.0374
1739342520,1.03735,1.0374,1.03735,1.0374
1739342700,1.0374,1.0375,1.0374,1.03745
1739342880,1.0375,1.03755,1.03745,1.0375
1739343060,1.0375,1.0376,1.03745,1.03755
1739343240,1.0375,1.0376,1.0375,1.03755
1739343420,1.03755,1.03755,1.03745,1.0375
1739343600,1.03755,1.03785,1.0375,1.0378
1739343780,1.03785,1.038,1.03775,1.03785
1739343960,1.03785,1.038,1.0378,1.03795
1739344140,1.0379,1.038,1.03775,1.0379
1739344320,1.03785,1.03785,1.03765,1.03785
1739344500,1.0378,1.038,1.0378,1.038
1739344680,1.03805,1.03825,1.03795,1.0381
1739344860,1.0381,1.03825,1.0381,1.03815
1739345040,1.0381,1.0383,1.03805,1.0383
1739345220,1.0383,1.0383,1.03815,1.03825
1739345400,1.0382,1.0382,1.03795,1.03795
1739345580,1.0379,1.03805,1.0378,1.03805
1739345760,1.03805,1.0381,1.03785,1.03785
1739345940,1.03785,1.038,1.0378,1.038
1739346120,1.038,1.03815,1.038,1.03805
1739346300,1.03805,1.03825,1.038,1.0382
1739346480,1.03815,1.0384,1.0381,1.0384
1739346660,1.0384,1.0391,1.0384,1.0388
1739346840,1.0388,1.0395,1.0388,1.0395
1739347020,1.0395,1.03955,1.039,1.0392
1739347200,1.0392,1.0395,1.03885,1.0393
1739347380,1.03925,1.0396,1.03925,1.03945
1739347560,1.03945,1.0396,1.03925,1.0393
1739347740,1.03925,1.0395,1.03925,1.03935
1739347920,1.03935,1.03945,1.03925,1.03935
1739348100,1.0394,1.03955,1.03905,1.03915
1739348280,1.03915,1.03935,1.03885,1.039
1739348460,1.03905,1.03915,1.03875,1.039
1739348640,1.039,1.0392,1.03895,1.039
1739348820,1.039,1.03905,1.03885,1.0389
1739349000,1.0388,1.0391,1.03865,1.039
1739349180,1.039,1.0391,1.0389,1.03895
1739349360,1.03895,1.039,1.03885,1.039
1739349540,1.03905,1.0392,1.039,1.03915
1739349720,1.03915,1.03935,1.03905,1.0391
1739349900,1.0391,1.0392,1.0391,1.0392
1739350080,1.0392,1.0392,1.03905,1.0392
1739350260,1.0392,1.0393,1.03905,1.03905
1739350440,1.03905,1.0392,1.03895,1.039
1739350620,1.03895,1.03895,1.03845,1.03875
1739350800,1.03875,1.0388,1.03855,1.03855
1739350980,1.03855,1.03875,1.03845,1.0385
1739351160,1.03855,1.0386,1.0383,1.03845
1739351340,1.03845,1.03845,1.0381,1.0382
1739351520,1.0382,1.03845,1.0381,1.03845
1739351700,1.0384,1.0387,1.0384,1.0385
1739351880,1.03855,1.0388,1.0385,1.0388
1739352060,1.0388,1.03885,1.0387,1.03885
1739352240,1.03885,1.03885,1.0386,1.0386
1739352420,1.0386,1.03865,1.0384,1.0384
1739352600,1.0385,1.03865,1.0383,1.03865
1739352780,1.0387,1.039,1.0387,1.03885
1739352960,1.0388,1.0389,1.0387,1.03875
1739353140,1.0387,1.03895,1.0387,1.03895
1739353320,1.039,1.03905,1.0389,1.0389
1739353500,1.0389,1.0389,1.0386,1.0386
1739353680,1.03865,1.03875,1.0385,1.0386
1739353860,1.0386,1.03895,1.0386,1.03885
1739354040,1.0388,1.0389,1.03875,1.0388
1739354220,1.03885,1.039,1.03885,1.03895
1739354400,1.039,1.0391,1.03895,1.03905
1739354580,1.039,1.03915,1.039,1.0391
1739354760,1.03905,1.03935,1.03905,1.03925
1739354940,1.0392,1.0392,1.0388,1.0388
1739355120,1.0388,1.03885,1.03865,1.0388
1739355300,1.0388,1.03885,1.03865,1.03875
1739355480,1.03875,1.0389,1.0387,1.0389
1739355660,1.03895,1.0391,1.0388,1.0388
1739355840,1.0388,1.039,1.03875,1.039
1739356020,1.03895,1.03895,1.0388,1.03885
1739356200,1.03885,1.0391,1.03885,1.03895
1739356380,1.03895,1.03895,1.0388,1.0388
1739356560,1.03885,1.03895,1.0388,1.03885
1739356740,1.0388,1.039,1.0388,1.03895
1739356920,1.0389,1.0392,1.0389,1.0391
1739357100,1.0391,1.03925,1.03905,1.03915
1739357280,1.0391,1.0391,1.03885,1.0389
1739357460,1.03895,1.03905,1.0389,1.03905
1739357640,1.03905,1.0391,1.039,1.03905
1739357820,1.03905,1.0392,1.039,1.0392
1739358000,1.0392,1.0392,1.03905,1.0391
1739358180,1.0391,1.0392,1.039,1.0391
1739358360,1.0391,1.03935,1.039,1.03935
1739358540,1.03935,1.03965,1.0392,1.03935
1739358720,1.03935,1.03935,1.0392,1.0393
1739358900,1.03935,1.03955,1.03935,1.03945
1739359080,1.0395,1.03995,1.0394,1.0399
1739359260,1.0399,1.04005,1.03985,1.04005
1739359440,1.04,1.0402,1.03985,1.0399
1739359620,1.0399,1.04,1.03985,1.03995
1739359800,1.03995,1.04015,1.0399,1.04005
1739359980,1.04005,1.0401,1.03985,1.0399
1739360160,1.0399,1.0399,1.03975,1.03985
1739360340,1.03985,1.04005,1.0398,1.03995
1739360520,1.03995,1.03995,1.03955,1.0396
1739360700,1.0396,1.03965,1.03935,1.0394
1739360880,1.03945,1.03945,1.0393,1.03935
1739361060,1.0394,1.03955,1.03935,1.0395
1739361240,1.03945,1.0396,1.03925,1.03925
1739361420,1.0392,1.0392,1.0391,1.0392
1739361600,1.03915,1.0392,1.039,1.03915
1739361780,1.0392,1.0393,1.03915,1.0392
1739361960,1.0392,1.0393,1.03905,1.03925
1739362140,1.0392,1.0392,1.039,1.0391
1739362320,1.03905,1.03905,1.0388,1.03895
1739362500,1.03895,1.03905,1.03885,1.03885
1739362680,1.03885,1.0391,1.03885,1.03905
1739362860,1.03905,1.03915,1.03895,1.0391
1739363040,1.03905,1.03915,1.03905,1.03905
1739363220,1.03905,1.03905,1.03895,1.039
1739363400,1.03905,1.0393,1.03905,1.0393
1739363580,1.0393,1.03945,1.0392,1.0392
1739363760,1.03915,1.03925,1.0391,1.0392
1739363940,1.03925,1.0394,1.0391,1.03915
1739364120,1.0392,1.0394,1.0391,1.0393
1739364300,1.0393,1.0393,1.0391,1.0391
1739364480,1.03915,1.0392,1.039,1.0391
1739364660,1.03915,1.0392,1.0391,1.0391
1739364840,1.0391,1.03915,1.03895,1.039
1739365020,1.039,1.0395,1.03885,1.0389
1739365200,1.0389,1.03915,1.0388,1.03885
1739365380,1.03885,1.03915,1.0387,1.0391
1739365560,1.0392,1.03925,1.03855,1.03855
1739365740,1.03855,1.0387,1.03845,1.0387
1739365920,1.0387,1.03875,1.0385,1.0386
1739366100,1.0386,1.03865,1.038,1.03805
1739366280,1.03805,1.0383,1.03795,1.0383
1739366460,1.03835,1.0384,1.0382,1.0383
1739366640,1.03825,1.03835,1.03815,1.03835
1739366820,1.0383,1.0398,1.03815,1.0386
1739367000,1.03865,1.03885,1.03295,1.03395
1739367180,1.034,1.0344,1.03335,1.0337
1739367360,1.03365,1.0345,1.03335,1.03435
1739367540,1.03435,1.0344,1.03335,1.0336
1739367720,1.03365,1.03445,1.03365,1.0344
1739367900,1.0344,1.03495,1.0343,1.03495
1739368080,1.0349,1.03495,1.0342,1.03435
1739368260,1.0344,1.0345,1.0341,1.0343
1739368440,1.03435,1.03485,1.0341,1.0347
1739368620,1.03465,1.0352,1.03455,1.03495
1739368800,1.0349,1.03495,1.0343,1.03475
1739368980,1.0347,1.03475,1.03425,1.03435
1739369160,1.03435,1.03555,1.03415,1.03545
1739369340,1.0354,1.03585,1.0352,1.03545
1739369520,1.0355,1.0359,1.0355,1.0356
1739369700,1.03555,1.0363,1.03555,1.036
1739369880,1.036,1.03605,1.03555,1.03585
1739370060,1.0358,1.0359,1.0355,1.0359
1739370240,1.03585,1.0363,1.0356,1.0361
1739370420,1.03615,1.03645,1.03605,1.0364
1739370600,1.0364,1.03645,1.03585,1.03605
1739370780,1.036,1.037,1.036,1.0367
1739370960,1.03665,1.03675,1.03645,1.03665
1739371140,1.0367,1.03675,1.0364,1.0364
1739371320,1.0364,1.0364,1.03585,1.03615
1739371500,1.03615,1.03635,1.03595,1.0362
1739371680,1.03615,1.0364,1.036,1.0362
1739371860,1.03615,1.03625,1.03595,1.0362
1739372040,1.0362,1.0366,1.036,1.03655
1739372220,1.0366,1.0367,1.03645,1.03665
1739372400,1.03665,1.0367,1.03555,1.0356
1739372580,1.03565,1.0361,1.03555,1.03595
1739372760,1.036,1.03645,1.0355,1.03605
1739372940,1.036,1.03625,1.0356,1.03565
1739373120,1.0357,1.03595,1.0356,1.0357
1739373300,1.0357,1.03595,1.03565,1.03565
1739373480,1.0357,1.0359,1.0354,1.0358
1739373660,1.03585,1.03635,1.0358,1.0363
1739373840,1.03635,1.03905,1.03625,1.0378
1739374020,1.03775,1.03845,1.0373,1.03755
1739374200,1.03755,1.03785,1.03735,1.0376
1739374380,1.0376,1.03815,1.03745,1.038
1739374560,1.038,1.0399,1.038,1.0392
1739374740,1.03925,1.0399,1.0387,1.0388
1739374920,1.03885,1.0395,1.03885,1.0394
1739375100,1.0394,1.0397,1.0388,1.039
1739375280,1.039,1.0395,1.03885,1.0389
1739375460,1.03895,1.0391,1.03855,1.03905
1739375640,1.03905,1.03915,1.03875,1.0388
1739375820,1.0388,1.0392,1.0387,1.0391
1739376000,1.03905,1.0394,1.0388,1.0391
1739376180,1.0391,1.0393,1.03805,1.03835
1739376360,1.0383,1.0384,1.03785,1.0379
1739376540,1.03785,1.038,1.03745,1.03755
1739376720,1.0376,1.0376,1.03725,1.0374
1739376900,1.0374,1.0375,1.0367,1.03675
1739377080,1.0368,1.0372,1.03665,1.03715
1739377260,1.03715,1.0374,1.03695,1.0373
1739377440,1.0373,1.03735,1.037,1.0373
1739377620,1.0373,1.0376,1.0372,1.0376
1739377800,1.0376,1.0379,1.0374,1.0379
1739377980,1.03785,1.038,1.0378,1.03795
1739378160,1.038,1.03835,1.038,1.03835
1739378340,1.03835,1.03855,1.03805,1.0381
1739378520,1.03805,1.03865,1.03805,1.0385
1739378700,1.0385,1.0389,1.03845,1.03885
1739378880,1.03885,1.039,1.0387,1.03875
1739379060,1.0388,1.0395,1.0388,1.03945
1739379240,1.0394,1.04065,1.0392,1.0406
1739379420,1.0406,1.04115,1.04025,1.04075
1739379600,1.04075,1.042,1.0407,1.0416
1739379780,1.04165,1.04215,1.04125,1.04215
1739379960,1.0421,1.0421,1.0414,1.0414
1739380140,1.0414,1.04215,1.0414,1.04175
1739380320,1.0417,1.0435,1.0417,1.04275
1739380500,1.0427,1.0434,1.0426,1.043
1739380680,1.043,1.0432,1.04235,1.0432
1739380860,1.0432,1.04365,1.043,1.04325
1739381040,1.04325,1.0434,1.0428,1.0428
1739381220,1.0428,1.0434,1.0427,1.0434
1739381400,1.04345,1.04415,1.0426,1.04265
1739381580,1.04265,1.0428,1.04255,1.0427
1739381760,1.0426,1.04285,1.04245,1.04245
1739381940,1.04245,1.0425,1.0421,1.0424
1739382120,1.04245,1.0425,1.0418,1.04225
1739382300,1.0422,1.0431,1.0421,1.0431
1739382480,1.0431,1.0436,1.0429,1.04355
1739382660,1.0436,1.04405,1.0436,1.044
1739382840,1.04395,1.04445,1.04375,1.04435
1739383020,1.04435,1.04435,1.0441,1.04425
1739383200,1.0442,1.04465,1.0439,1.04395
1739383380,1.04395,1.044,1.04355,1.04355
1739383560,1.0435,1.04355,1.0432,1.0433
1739383740,1.0433,1.04335,1.043,1.0431
1739383920,1.0431,1.0436,1.0431,1.04355
1739384100,1.0436,1.0437,1.04325,1.04325
1739384280,1.0433,1.0434,1.04315,1.0434
1739384460,1.0434,1.0434,1.04315,1.0432
1739384640,1.04325,1.04355,1.04315,1.04325
1739384820,1.0432,1.04325,1.0422,1.0426
1739385000,1.0426,1.04265,1.04195,1.04205
1739385180,1.04205,1.04225,1.04165,1.04175
1739385360,1.04175,1.0419,1.0417,1.04185
1739385540,1.04185,1.04185,1.04135,1.04175
1739385720,1.04175,1.0418,1.04115,1.0413
1739385900,1.0413,1.04155,1.04125,1.04155
1739386080,1.04155,1.04155,1.0412,1.0412
1739386260,1.0412,1.0413,1.04105,1.04105
1739386440,1.04105,1.0412,1.04095,1.04105
1739386620,1.041,1.041,1.0403,1.04055
1739386800,1.04055,1.04085,1.04045,1.0406
1739386980,1.04065,1.04085,1.04045,1.04045
1739387160,1.04045,1.0406,1.0402,1.0405
1739387340,1.0405,1.04055,1.0404,1.0404
1739387520,1.04045,1.0405,1.0403,1.0404
1739387700,1.0404,1.0404,1.0401,1.0402
1739387880,1.0402,1.04025,1.04015,1.04025
1739388060,1.04025,1.04025,1.04015,1.0402
1739388240,1.0402,1.0404,1.0402,1.04035
1739388420,1.0404,1.04065,1.04035,1.04065
1739388600,1.0406,1.0409,1.0406,1.04085
1739388780,1.0408,1.04095,1.0407,1.0409
1739388960,1.04095,1.04095,1.04065,1.0409
1739389140,1.04095,1.04095,1.04065,1.04075
1739389320,1.04075,1.0408,1.04055,1.0406
1739389500,1.0406,1.0406,1.0403,1.0405
1739389680,1.0404,1.04055,1.0404,1.0404
1739389860,1.04035,1.0406,1.04035,1.04055
1739390040,1.0406,1.0407,1.04045,1.0407
1739390220,1.0407,1.0408,1.04065,1.0407
1739390400,1.0407,1.04075,1.04055,1.0406
1739390580,1.04055,1.04075,1.0404,1.04065
1739390760,1.04065,1.0407,1.04055,1.0406
1739390940,1.0406,1.04065,1.0405,1.0406
1739391120,1.0406,1.04085,1.0406,1.0408
1739391300,1.0408,1.04085,1.04065,1.04075
1739391480,1.04075,1.0408,1.04065,1.0408
1739391660,1.0408,1.04105,1.0408,1.041
1739391840,1.04105,1.04125,1.04095,1.04125
1739392020,1.04125,1.04135,1.04115,1.0412
1739392200,1.0412,1.04135,1.0411,1.04115
1739392380,1.0412,1.04125,1.0411,1.04125
1739392560,1.0413,1.0414,1.0411,1.04115
1739392740,1.04115,1.04125,1.0411,1.0411
1739392920,1.0411,1.04115,1.0408,1.04105
1739393100,1.041,1.04115,1.0409,1.0411
1739393280,1.04105,1.0412,1.041,1.041
1739393460,1.041,1.0411,1.04085,1.04095
1739393640,1.04095,1.0411,1.04085,1.04085
1739393820,1.04085,1.0409,1.0408,1.0408
1739394000,1.04085,1.0415,1.03975,1.04055
1739394180,1.0405,1.0406,1.0403,1.0403
1739394360,1.0403,1.0406,1.0403,1.0405
1739394540,1.04055,1.04055,1.04035,1.04035
1739394720,1.04035,1.04035,1.04015,1.04025
1739394900,1.04025,1.0405,1.04025,1.0405
1739395080,1.04055,1.04055,1.0404,1.0404
1739395260,1.0404,1.0406,1.04035,1.04045
1739395440,1.0404,1.04045,1.04035,1.0404
1739395620,1.0404,1.0404,1.04025,1.04035
1739395800,1.04035,1.0404,1.0403,1.0403
1739395980,1.04025,1.04025,1.04,1.04005
1739396160,1.04005,1.04005,1.03995,1.04
1739396340,1.04,1.04005,1.03995,1.04
1739396520,1.04005,1.04005,1.03975,1.03995
1739396700,1.0399,1.04005,1.03985,1.04005
1739396880,1.04005,1.04005,1.03985,1.0399
1739397060,1.0399,1.0399,1.0398,1.0398
1739397240,1.0398,1.0399,1.03975,1.03975
1739397420,1.03975,1.04,1.0397,1.03995
1739401200,1.03995,1.0402,1.03945,1.0402
1739401380,1.04025,1.04025,1.04015,1.0402
1739401560,1.0402,1.04025,1.0401,1.04015
1739401740,1.04015,1.04015,1.04,1.04005
1739401920,1.04005,1.0401,1.04,1.04005
1739402100,1.04005,1.0402,1.04005,1.04015
1739402280,1.0401,1.0401,1.04005,1.04005
1739402460,1.04015,1.04025,1.04015,1.0402
1739402640,1.0402,1.0402,1.04015,1.04015
1739402820,1.04015,1.0403,1.0401,1.0403
1739403000,1.0403,1.0403,1.0402,1.0402
1739403180,1.04015,1.04015,1.0401,1.04015
1739403360,1.0401,1.0402,1.0401,1.0402
1739403540,1.0402,1.0402,1.0401,1.0401
1739403720,1.0401,1.04015,1.0401,1.04015
1739403900,1.04015,1.04025,1.04015,1.04025
1739404080,1.04025,1.04035,1.04025,1.0403
1739404260,1.0403,1.04055,1.0403,1.0405
1739404440,1.0405,1.0406,1.0405,1.0406
1739404620,1.0406,1.0407,1.04055,1.04065
1739404800,1.0407,1.0409,1.0406,1.04085
1739404980,1.04085,1.04105,1.04085,1.0409
1739405160,1.04095,1.04095,1.04085,1.0409
1739405340,1.04085,1.04085,1.0407,1.0407
1739405520,1.0407,1.0408,1.0407,1.04075
1739405700,1.04075,1.0408,1.0407,1.0408
1739405880,1.0407,1.0407,1.0405,1.0405
1739406060,1.04045,1.04055,1.04045,1.04055
1739406240,1.0406,1.0411,1.0406,1.0411
1739406420,1.0411,1.04125,1.04095,1.04095
1739406600,1.041,1.04115,1.04095,1.0411
1739406780,1.04105,1.0411,1.041,1.0411
1739406960,1.04105,1.0412,1.04105,1.04115
1739407140,1.04115,1.04125,1.04115,1.04125
1739407320,1.04125,1.0415,1.04125,1.04135
1739407500,1.04135,1.04145,1.0412,1.0412
1739407680,1.04125,1.04125,1.0409,1.0409
1739407860,1.0409,1.04095,1.0408,1.0408
1739408040,1.04075,1.0409,1.04065,1.04065
1739408220,1.0406,1.04065,1.0403,1.04045
1739408400,1.04045,1.04055,1.0402,1.04025
1739408580,1.0403,1.0405,1.0402,1.0405
1739408760,1.0405,1.0405,1.0404,1.0405
1739408940,1.0405,1.04065,1.0405,1.0406
1739409120,1.04065,1.04075,1.0406,1.0407
1739409300,1.0407,1.04085,1.0406,1.0408
1739409480,1.04085,1.04095,1.04075,1.04085
1739409660,1.04085,1.04095,1.04075,1.04095
1739409840,1.0409,1.04105,1.04075,1.04105
1739410020,1.04105,1.0411,1.04065,1.04075
1739410200,1.0407,1.04085,1.0406,1.04085
1739410380,1.0409,1.04095,1.0408,1.0409
1739410560,1.0409,1.0409,1.0408,1.0409
1739410740,1.04085,1.0411,1.0408,1.04105
1739410920,1.04105,1.04115,1.0409,1.04115
1739411100,1.04115,1.04145,1.04115,1.0413
1739411280,1.04125,1.0414,1.0411,1.0414
1739411460,1.04135,1.0415,1.04135,1.04145
1739411640,1.04145,1.04165,1.04145,1.0415
1739411820,1.04145,1.0415,1.0414,1.04145
1739412000,1.04145,1.0415,1.0413,1.04135
1739412180,1.0414,1.0414,1.0413,1.04135
1739412360,1.04135,1.0414,1.04125,1.04125
1739412540,1.04125,1.04135,1.0412,1.04135
1739412720,1.04135,1.04135,1.0411,1.0412
1739412900,1.04125,1.04135,1.0412,1.04125
1739413080,1.04125,1.0413,1.0412,1.04125
1739413260,1.0413,1.0414,1.0413,1.04135
1739413440,1.04135,1.0415,1.0413,1.04145
1739413620,1.04145,1.04175,1.04145,1.0417
1739413800,1.04175,1.042,1.04175,1.0419
1739413980,1.0419,1.04195,1.0419,1.04195
1739414160,1.0419,1.04215,1.0419,1.0421
1739414340,1.0421,1.0422,1.04195,1.042
1739414520,1.042,1.04215,1.04195,1.04215
1739414700,1.04215,1.04215,1.04195,1.0421
1739414880,1.04205,1.04205,1.0418,1.0418
1739415060,1.04185,1.0419,1.0418,1.0418
1739415240,1.0418,1.04195,1.0418,1.04195
1739415420,1.04195,1.042,1.0418,1.04185
1739415600,1.0419,1.04195,1.04185,1.04195
1739415780,1.042,1.042,1.0418,1.04185
1739415960,1.04185,1.04215,1.04185,1.04215
1739416140,1.04215,1.0422,1.0421,1.0422
1739416320,1.0422,1.04235,1.0421,1.04235
1739416500,1.0424,1.04255,1.04225,1.04245
1739416680,1.0425,1.0429,1.0425,1.0429
1739416860,1.04285,1.0429,1.0426,1.04265
1739417040,1.04265,1.0428,1.04265,1.04275
1739417220,1.04275,1.04285,1.0427,1.0428
1739417400,1.0428,1.043,1.04275,1.04295
1739417580,1.043,1.04315,1.04295,1.04295
1739417760,1.04295,1.0431,1.0428,1.043
1739417940,1.04295,1.04335,1.04295,1.0433
1739418120,1.0433,1.0434,1.0431,1.0431
1739418300,1.0431,1.0434,1.0431,1.0433
1739418480,1.0433,1.0435,1.0433,1.0435
1739418660,1.04355,1.04365,1.0434,1.0434
1739418840,1.0434,1.0434,1.0432,1.0433
1739419020,1.0433,1.04335,1.0432,1.04335
1739419200,1.0433,1.04385,1.0433,1.04375
1739419380,1.04375,1.04395,1.0437,1.04395
1739419560,1.04395,1.0443,1.04395,1.04425
1739419740,1.04425,1.04425,1.044,1.04415
1739419920,1.0442,1.0444,1.04405,1.04435
1739420100,1.04435,1.04445,1.04425,1.0444
1739420280,1.04435,1.04435,1.04415,1.0443
1739420460,1.0443,1.0443,1.04385,1.044
1739420640,1.044,1.04445,1.04395,1.04435
1739420820,1.0443,1.04435,1.04415,1.04425
1739421000,1.0442,1.04445,1.04415,1.0444
1739421180,1.0444,1.04445,1.0442,1.04445
1739421360,1.04445,1.0449,1.0444,1.04485
1739421540,1.04485,1.045,1.04475,1.04495
1739421720,1.04495,1.04495,1.04475,1.0448
1739421900,1.04475,1.04475,1.0445,1.04455
1739422080,1.0446,1.0447,1.0446,1.04465
1739422260,1.0447,1.0447,1.0446,1.04465
1739422440,1.04465,1.04485,1.04465,1.0448
1739422620,1.0448,1.045,1.0448,1.04495
1739422800,1.04495,1.0452,1.0449,1.04505
1739422980,1.04505,1.0451,1.0449,1.04495
1739423160,1.04495,1.045,1.0448,1.045
1739423340,1.045,1.04535,1.0449,1.04535
1739423520,1.0453,1.0453,1.04485,1.045
1739423700,1.045,1.045,1.0448,1.0449
1739423880,1.04485,1.0449,1.04485,1.0449
1739424060,1.0449,1.04505,1.04485,1.04505
1739424240,1.045,1.04515,1.045,1.04515
1739424420,1.0451,1.0452,1.04495,1.0452
1739424600,1.0452,1.04525,1.04475,1.04475
1739424780,1.0448,1.04485,1.04465,1.04475
1739424960,1.04475,1.045,1.04475,1.04485
1739425140,1.0448,1.0449,1.04475,1.0448
1739425320,1.0448,1.0448,1.04455,1.0446
1739425500,1.04465,1.045,1.0446,1.0449
1739425680,1.0448,1.04495,1.0448,1.04495
1739425860,1.045,1.04505,1.04495,1.045
1739426040,1.04495,1.045,1.04475,1.045
1739426220,1.04495,1.045,1.0449,1.04495
1739426400,1.04495,1.04525,1.04495,1.04505
1739426580,1.04505,1.04505,1.04495,1.04495
1739426760,1.0449,1.04515,1.0449,1.04495
1739426940,1.04495,1.0451,1.0447,1.04475
1739427120,1.0448,1.0451,1.04475,1.0451
1739427300,1.0451,1.0455,1.0451,1.0453
1739427480,1.0453,1.0454,1.0452,1.04525
1739427660,1.04525,1.0453,1.0451,1.04525
1739427840,1.0453,1.04545,1.0453,1.0453
1739428020,1.0453,1.0453,1.04515,1.04515
1739428200,1.04515,1.0452,1.0451,1.0452
1739428380,1.04515,1.04515,1.0449,1.0451
1739428560,1.0451,1.0452,1.04495,1.045
1739428740,1.04505,1.0451,1.0449,1.04495
1739428920,1.04495,1.04495,1.0447,1.0448
1739429100,1.0447,1.04485,1.0447,1.0448
1739429280,1.0448,1.04485,1.04475,1.0448
1739429460,1.0448,1.04485,1.04465,1.04465
1739429640,1.04465,1.04465,1.0443,1.0444
1739429820,1.0444,1.0446,1.0444,1.0445
1739430000,1.0446,1.045,1.0446,1.04495
1739430180,1.045,1.04515,1.0448,1.0448
1739430360,1.04485,1.045,1.04465,1.04495
1739430540,1.045,1.045,1.0448,1.0449
1739430720,1.0448,1.0449,1.0446,1.0447
1739430900,1.0447,1.04495,1.04465,1.0448
1739431080,1.0448,1.04495,1.0447,1.04475
1739431260,1.0447,1.04475,1.04445,1.0445
1739431440,1.04445,1.04455,1.04415,1.04425
1739431620,1.04425,1.04435,1.04415,1.0442
1739431800,1.04425,1.0445,1.0442,1.04435
1739431980,1.0443,1.0447,1.04425,1.04465
1739432160,1.04465,1.0449,1.0446,1.0449
1739432340,1.0449,1.04495,1.0447,1.04485
1739432520,1.0448,1.04485,1.0447,1.04475
1739432700,1.04475,1.0448,1.04455,1.0447
1739432880,1.0447,1.04475,1.04425,1.0443
1739433060,1.0443,1.04435,1.0438,1.0439
1739433240,1.0439,1.04405,1.04375,1.0439
1739433420,1.0439,1.04405,1.0438,1.04405
1739433600,1.04405,1.0441,1.04385,1.044
1739433780,1.04395,1.044,1.04345,1.0436
1739433960,1.04365,1.04365,1.0432,1.0433
1739434140,1.04325,1.04345,1.04305,1.0431
1739434320,1.04315,1.04365,1.04315,1.04345
1739434500,1.04345,1.04355,1.04325,1.04355
1739434680,1.04355,1.0438,1.0435,1.04375
1739434860,1.0438,1.0439,1.04345,1.04345
1739435040,1.04345,1.04355,1.04315,1.0432
1739435220,1.04325,1.0434,1.04315,1.04335
1739435400,1.0434,1.0434,1.043,1.04325
1739435580,1.04325,1.04335,1.04305,1.0431
1739435760,1.04305,1.0431,1.04285,1.04295
1739435940,1.04295,1.04295,1.0427,1.0428
1739436120,1.0428,1.04315,1.0428,1.0431
1739436300,1.04315,1.04315,1.04295,1.0431
1739436480,1.04315,1.04315,1.04275,1.04275
1739436660,1.04275,1.04285,1.04265,1.04275
1739436840,1.0427,1.04275,1.0424,1.04265
1739437020,1.04265,1.0428,1.0426,1.0428
1739437200,1.0428,1.04295,1.0426,1.0429
1739437380,1.0429,1.0429,1.0427,1.0427
1739437560,1.04275,1.04305,1.04275,1.043
1739437740,1.043,1.04335,1.0429,1.04335
1739437920,1.04335,1.0434,1.04315,1.0433
1739438100,1.04325,1.0434,1.0432,1.0433
1739438280,1.0433,1.04335,1.0432,1.0432
1739438460,1.0432,1.0432,1.04305,1.0431
1739438640,1.04315,1.04315,1.04275,1.0428
1739438820,1.04285,1.04295,1.04275,1.04285
1739439000,1.0428,1.04305,1.0428,1.043
1739439180,1.043,1.043,1.0429,1.0429
1739439360,1.0429,1.043,1.04255,1.04275
1739439540,1.0428,1.04325,1.0428,1.04325
1739439720,1.04325,1.04345,1.04315,1.0434
1739439900,1.0434,1.04375,1.0434,1.04375
1739440080,1.0437,1.0438,1.0436,1.0438
1739440260,1.04375,1.04395,1.04375,1.0438
1739440440,1.0438,1.0441,1.04365,1.0441
1739440620,1.04405,1.04405,1.0437,1.04375
1739440800,1.04375,1.04395,1.04375,1.04395
1739440980,1.04395,1.04395,1.0438,1.0439
1739441160,1.0439,1.04395,1.04365,1.0439
1739441340,1.0439,1.04415,1.04385,1.044
1739441520,1.04405,1.04435,1.04405,1.04435
1739441700,1.0443,1.04435,1.0442,1.0442
1739441880,1.0442,1.04425,1.04405,1.0441
1739442060,1.044,1.04405,1.04395,1.044
1739442240,1.04405,1.0441,1.0439,1.0439
1739442420,1.044,1.04405,1.0439,1.0439
1739442600,1.04395,1.04395,1.0437,1.0437
1739442780,1.0437,1.0437,1.04355,1.0437
1739442960,1.04365,1.0438,1.0436,1.0438
1739443140,1.0438,1.0438,1.0435,1.04355
1739443320,1.0435,1.04355,1.0434,1.0435
1739443500,1.04345,1.0436,1.0434,1.04345
1739443680,1.04345,1.04345,1.04305,1.04315
1739443860,1.04315,1.0432,1.0428,1.04285
1739444040,1.04285,1.0431,1.0428,1.0431
1739444220,1.04315,1.04325,1.043,1.04305
1739444400,1.04305,1.04335,1.04305,1.04335
1739444580,1.04335,1.04375,1.04335,1.0436
1739444760,1.0436,1.0439,1.04345,1.0439
1739444940,1.0439,1.0442,1.0439,1.04405
1739445120,1.044,1.04405,1.0438,1.04395
1739445300,1.0439,1.04395,1.04365,1.0437
1739445480,1.04375,1.04375,1.0436,1.04365
1739445660,1.04365,1.04375,1.04355,1.04375
1739445840,1.0437,1.04375,1.0435,1.0435
1739446020,1.0435,1.04355,1.0434,1.0434
1739446200,1.0434,1.0435,1.0433,1.0434
1739446380,1.04335,1.04345,1.0433,1.04345
1739446560,1.0435,1.04355,1.04345,1.04345
1739446740,1.0435,1.04355,1.0434,1.04345
1739446920,1.0434,1.0435,1.04335,1.04345
1739447100,1.0434,1.04345,1.04165,1.04185
1739447280,1.0418,1.04195,1.04095,1.041
1739447460,1.04105,1.0416,1.0407,1.04145
1739447640,1.0415,1.0417,1.0412,1.04165
1739447820,1.04165,1.04185,1.0414,1.04175
1739448000,1.0417,1.04175,1.04115,1.0412
1739448180,1.0412,1.0412,1.04095,1.04095
1739448360,1.04095,1.04095,1.0406,1.04065
1739448540,1.04065,1.0408,1.04025,1.0407
1739448720,1.04075,1.0408,1.04025,1.04025
1739448900,1.0402,1.0402,1.04,1.04015
1739449080,1.04015,1.04085,1.04005,1.04075
1739449260,1.04075,1.0409,1.04055,1.0407
1739449440,1.0407,1.04105,1.0406,1.041
1739449620,1.0409,1.04095,1.04075,1.0409
1739449800,1.04095,1.04115,1.04085,1.0409
1739449980,1.0409,1.0409,1.04065,1.04085
1739450160,1.04085,1.04095,1.0407,1.04095
1739450340,1.04095,1.04105,1.04075,1.041
1739450520,1.04095,1.0414,1.04095,1.0414
1739450700,1.04135,1.0414,1.0411,1.04115
1739450880,1.04115,1.0415,1.04095,1.0412
1739451060,1.04125,1.04145,1.04105,1.04105
1739451240,1.04105,1.04105,1.04045,1.0405
1739451420,1.0405,1.04075,1.04035,1.0404
1739451600,1.04045,1.0405,1.04005,1.04035
1739451780,1.04035,1.0406,1.0403,1.04055
1739451960,1.04055,1.0407,1.04035,1.0406
1739452140,1.0406,1.04075,1.04035,1.04075
1739452320,1.0407,1.0408,1.04045,1.0406
1739452500,1.04065,1.04085,1.04055,1.0408
1739452680,1.0408,1.04085,1.0404,1.0404
1739452860,1.04045,1.0405,1.04035,1.04035
1739453040,1.0404,1.0404,1.04015,1.04015
1739453220,1.0401,1.0402,1.03985,1.0402
1739453400,1.0402,1.04145,1.03895,1.04015
1739453580,1.0401,1.0413,1.0401,1.0412
1739453760,1.04125,1.04205,1.04095,1.0419
1739453940,1.04195,1.04215,1.0412,1.04125
1739454120,1.04125,1.0419,1.0412,1.0414
1739454300,1.04135,1.0415,1.04075,1.04105
1739454480,1.041,1.0413,1.0403,1.0407
1739454660,1.0407,1.0408,1.04035,1.0406
1739454840,1.04065,1.04075,1.04045,1.04055
1739455020,1.0406,1.04095,1.04055,1.0407
1739455200,1.0407,1.0407,1.0403,1.0404
1739455380,1.0404,1.0406,1.04005,1.0401
1739455560,1.0401,1.0403,1.03995,1.04025
1739455740,1.0402,1.0406,1.0396,1.0405
1739455920,1.0405,1.04065,1.04,1.04025
1739456100,1.04025,1.0405,1.0401,1.04035
1739456280,1.0403,1.0408,1.0403,1.04065
1739456460,1.04065,1.0409,1.04025,1.0403
1739456640,1.0403,1.0406,1.04005,1.0401
1739456820,1.04015,1.04015,1.03975,1.03995
1739457000,1.03995,1.0401,1.0398,1.04
1739457180,1.04,1.0403,1.03995,1.0403
1739457360,1.0403,1.0404,1.04005,1.0401
1739457540,1.0401,1.04025,1.04,1.0402
1739457720,1.0402,1.04065,1.0401,1.04045
1739457900,1.04045,1.041,1.04025,1.04095
1739458080,1.04095,1.0416,1.04095,1.0414
1739458260,1.0414,1.0416,1.04125,1.0413
1739458440,1.0413,1.04155,1.0413,1.0413
1739458620,1.04135,1.04145,1.04115,1.0414
1739458800,1.04145,1.0432,1.04145,1.04215
1739458980,1.04215,1.04305,1.0419,1.0424
1739459160,1.04245,1.0425,1.04165,1.04185
1739459340,1.0419,1.04345,1.04165,1.04345
1739459520,1.04345,1.0443,1.04275,1.0438
1739459700,1.04385,1.0453,1.04385,1.04505
1739459880,1.045,1.04525,1.04405,1.0443
1739460060,1.0443,1.04465,1.0439,1.04405
1739460240,1.04405,1.0443,1.0438,1.04395
1739460420,1.044,1.0445,1.04385,1.0439
1739460600,1.04395,1.0443,1.0435,1.0443
1739460780,1.0443,1.04445,1.04395,1.04395
1739460960,1.04395,1.04465,1.04385,1.0445
1739461140,1.04455,1.04485,1.04415,1.04425
1739461320,1.04425,1.04455,1.0439,1.044
1739461500,1.04395,1.0446,1.04385,1.04455
1739461680,1.04455,1.045,1.04455,1.04475
1739461860,1.04465,1.04485,1.0444,1.04445
1739462040,1.04445,1.04515,1.0444,1.045
1739462220,1.04495,1.045,1.0447,1.0448
1739462400,1.04475,1.0451,1.04455,1.0451
1739462580,1.0451,1.0454,1.04505,1.0452
1739462760,1.04525,1.04535,1.04515,1.0452
1739462940,1.0452,1.0456,1.0448,1.04505
1739463120,1.04505,1.0456,1.04505,1.0455
1739463300,1.04555,1.0458,1.04535,1.0456
1739463480,1.0456,1.0457,1.04545,1.04555
1739463660,1.04555,1.04595,1.04555,1.04575
1739463840,1.04575,1.046,1.04565,1.0457
1739464020,1.0457,1.04585,1.0456,1.0457
1739464200,1.0457,1.04575,1.04505,1.04505
1739464380,1.04515,1.04525,1.0449,1.04495
1739464560,1.04495,1.04495,1.04435,1.0444
1739464740,1.0444,1.0445,1.04425,1.04425
1739464920,1.04425,1.04445,1.0439,1.0441
1739465100,1.0441,1.0442,1.0439,1.04405
1739465280,1.044,1.0442,1.04385,1.04405
1739465460,1.0441,1.04435,1.0441,1.04415
1739465640,1.04415,1.0443,1.04405,1.0442
1739465820,1.04425,1.04435,1.04415,1.0442
1739466000,1.04415,1.0443,1.0441,1.0441
1739466180,1.0441,1.0444,1.04405,1.0444
1739466360,1.0444,1.04445,1.0443,1.04445
1739466540,1.0444,1.04465,1.0444,1.0446
1739466720,1.0446,1.0448,1.0445,1.0446
1739466900,1.04455,1.04475,1.04455,1.04455
1739467080,1.04455,1.0446,1.0445,1.04455
1739467260,1.0446,1.04485,1.0446,1.0448
1739467440,1.0448,1.04495,1.04475,1.04495
1739467620,1.04495,1.04525,1.04495,1.045
1739467800,1.045,1.0452,1.0449,1.04515
1739467980,1.0452,1.0454,1.0451,1.0451
1739468160,1.0451,1.04525,1.045,1.04515
1739468340,1.0451,1.0452,1.0447,1.0447
1739468520,1.04475,1.04475,1.04455,1.0446
1739468700,1.0446,1.0447,1.04455,1.0447
1739468880,1.0447,1.0448,1.04465,1.04475
1739469060,1.04475,1.04475,1.0444,1.0444
1739469240,1.04435,1.04445,1.0442,1.04435
1739469420,1.0443,1.0443,1.04395,1.044
1739469600,1.04405,1.0442,1.04375,1.0441
1739469780,1.04405,1.04405,1.04355,1.0436
1739469960,1.04355,1.0439,1.04345,1.04375
1739470140,1.04375,1.04375,1.0434,1.04365
1739470320,1.0436,1.044,1.0436,1.04395
1739470500,1.0439,1.044,1.0438,1.0439
1739470680,1.04385,1.04405,1.04305,1.0437
1739470860,1.04365,1.044,1.04365,1.0439
1739471040,1.0439,1.04425,1.04385,1.0441
1739471220,1.04405,1.0442,1.044,1.04405
1739471400,1.04405,1.04425,1.04395,1.044
1739471580,1.044,1.04425,1.044,1.0442
1739471760,1.04425,1.04465,1.044,1.0445
1739471940,1.0445,1.04475,1.04035,1.0408
1739472120,1.04085,1.04185,1.03875,1.04175
1739472300,1.0417,1.04315,1.0412,1.0425
1739472480,1.0425,1.0433,1.0422,1.04235
1739472660,1.04235,1.04265,1.0404,1.0415
1739472840,1.04155,1.04245,1.04155,1.04215
1739473020,1.0421,1.04285,1.04205,1.0424
1739473200,1.0424,1.0431,1.04225,1.0428
1739473380,1.0428,1.0438,1.0426,1.04375
1739473560,1.0438,1.0448,1.04365,1.0446
1739473740,1.04465,1.0447,1.0441,1.0445
1739473920,1.04455,1.04465,1.0442,1.04445
1739474100,1.04445,1.0455,1.0444,1.045
1739474280,1.045,1.0454,1.04485,1.0452
1739474460,1.0452,1.0453,1.04465,1.0449
1739474640,1.04485,1.045,1.0446,1.04485
1739474820,1.0449,1.04555,1.04485,1.0454
1739475000,1.0454,1.04565,1.0453,1.0454
1739475180,1.0454,1.0456,1.0453,1.04535
1739475360,1.0454,1.0458,1.04535,1.04565
1739475540,1.04565,1.0457,1.04525,1.04525
1739475720,1.04525,1.04525,1.04485,1.0449
1739475900,1.0449,1.0449,1.0445,1.04475
1739476080,1.04475,1.04515,1.0447,1.04515
1739476260,1.0452,1.04545,1.04505,1.04525
1739476440,1.04525,1.04555,1.0452,1.04535
1739476620,1.04535,1.0454,1.04505,1.0452
1739476800,1.0452,1.0452,1.045,1.0451
1739476980,1.0451,1.0455,1.0451,1.04545
1739477160,1.04545,1.04565,1.0454,1.04555
1739477340,1.0456,1.04575,1.04545,1.0457
1739477520,1.04575,1.04615,1.0457,1.04615
1739477700,1.0461,1.04675,1.04605,1.0467
1739477880,1.04665,1.0472,1.04655,1.0472
1739478060,1.04715,1.04725,1.0471,1.0472
1739478240,1.04725,1.0475,1.047,1.04705
1739478420,1.04705,1.0473,1.047,1.0472
1739478600,1.0472,1.04765,1.04715,1.0474
1739478780,1.0474,1.0474,1.047,1.0471
1739478960,1.04715,1.0474,1.0471,1.0472
1739479140,1.0472,1.0474,1.04715,1.04725
1739479320,1.04725,1.0473,1.047,1.047
1739479500,1.0471,1.04725,1.047,1.04715
1739479680,1.0471,1.0476,1.0471,1.0475
1739479860,1.04755,1.0479,1.0475,1.0479
1739480040,1.0479,1.04805,1.0477,1.0477
1739480220,1.04775,1.0478,1.04755,1.0476
1739480400,1.04765,1.04775,1.0475,1.0475
1739480580,1.0475,1.04755,1.0473,1.04735
1739480760,1.0474,1.04745,1.04715,1.04735
1739480940,1.0474,1.04745,1.04735,1.0474
1739481120,1.0474,1.04745,1.0473,1.0474
1739481300,1.0474,1.04755,1.0474,1.04745
1739481480,1.04745,1.0476,1.0474,1.04755
1739481660,1.0475,1.0475,1.04745,1.0475
1739481840,1.0475,1.0475,1.0474,1.04745
1739482020,1.0474,1.0476,1.0474,1.04745
1739482200,1.0474,1.0477,1.0474,1.04745
1739482380,1.0475,1.0477,1.04745,1.04765
1739482560,1.0477,1.04775,1.0476,1.04765
1739482740,1.0477,1.04775,1.04765,1.04775
1739482920,1.04775,1.04785,1.04775,1.04785
1739483100,1.0478,1.0479,1.04775,1.0478
1739483280,1.04785,1.0481,1.04785,1.048
1739483460,1.048,1.04835,1.04785,1.04785
1739483640,1.04785,1.0481,1.04785,1.0481
1739483820,1.0481,1.04815,1.04785,1.0479
1739487600,1.04805,1.04815,1.04795,1.04795
1739487780,1.048,1.04805,1.0478,1.0478
1739487960,1.04785,1.0479,1.0478,1.0478
1739488140,1.0478,1.04795,1.0478,1.0479
1739488320,1.0479,1.04815,1.0478,1.04815
1739488500,1.0481,1.0482,1.04805,1.0481
1739488680,1.0481,1.0481,1.048,1.048
1739488860,1.04805,1.04805,1.0479,1.04795
1739489040,1.04795,1.048,1.04795,1.048
1739489220,1.04805,1.0481,1.0477,1.0478
1739489400,1.04785,1.0479,1.04775,1.04775
1739489580,1.04765,1.04765,1.0474,1.0474
1739489760,1.0474,1.0475,1.04735,1.0474
1739489940,1.04735,1.0474,1.04705,1.0474
1739490120,1.0474,1.0476,1.0474,1.0476
1739490300,1.04765,1.0477,1.04745,1.0475
1739490480,1.0476,1.0476,1.0475,1.0476
1739490660,1.04755,1.04755,1.0473,1.04745
1739490840,1.04745,1.04755,1.04745,1.04755
1739491020,1.0475,1.0476,1.0475,1.0476
1739491200,1.04765,1.04775,1.04755,1.0476
1739491380,1.0476,1.0476,1.04725,1.04725
1739491560,1.04725,1.0474,1.04725,1.0474
1739491740,1.04745,1.0475,1.0473,1.04735
1739491920,1.04735,1.0474,1.0473,1.04735
1739492100,1.04735,1.04745,1.0473,1.04745
1739492280,1.04755,1.048,1.04755,1.04795
1739492460,1.048,1.04815,1.04795,1.04795
1739492640,1.04795,1.04805,1.04795,1.048
1739492820,1.048,1.0481,1.0479,1.04795
1739493000,1.0479,1.0479,1.04765,1.0477
1739493180,1.0477,1.04775,1.0477,1.04775
1739493360,1.0477,1.0478,1.0477,1.0478
1739493540,1.04775,1.04775,1.04765,1.0477
1739493720,1.04765,1.0478,1.04765,1.0478
1739493900,1.0479,1.04795,1.04765,1.04765
1739494080,1.04765,1.0477,1.04745,1.04745
1739494260,1.0475,1.0476,1.04745,1.04755
1739494440,1.0475,1.04765,1.04735,1.0474
1739494620,1.04745,1.04755,1.0474,1.04755
1739494800,1.04755,1.04765,1.04745,1.04745
1739494980,1.04745,1.04765,1.04745,1.04765
1739495160,1.04765,1.0477,1.04765,1.04765
1739495340,1.04765,1.04765,1.0475,1.0476
1739495520,1.0474,1.04745,1.04735,1.04735
1739495700,1.0474,1.04755,1.04735,1.04745
1739495880,1.04745,1.0478,1.04745,1.0478
1739496060,1.04785,1.0482,1.04785,1.04795
1739496240,1.04795,1.048,1.04785,1.04785
1739496420,1.0479,1.0479,1.04775,1.04775
1739496600,1.04775,1.04785,1.0476,1.04785
1739496780,1.04785,1.04785,1.04765,1.04775
1739496960,1.0477,1.0479,1.0476,1.0479
1739497140,1.0479,1.04795,1.04775,1.04775
1739497320,1.0478,1.04785,1.0477,1.04775
1739497500,1.0477,1.04785,1.04765,1.0477
1739497680,1.0477,1.04775,1.0475,1.04755
1739497860,1.04755,1.0476,1.04745,1.04745
1739498040,1.0475,1.0477,1.0475,1.04755
1739498220,1.0475,1.0475,1.0473,1.0474
1739498400,1.04735,1.04745,1.04725,1.0474
1739498580,1.0474,1.0474,1.04725,1.04735
1739498760,1.0474,1.0474,1.04725,1.04735
1739498940,1.0473,1.04745,1.04725,1.04735
1739499120,1.04735,1.04755,1.04735,1.0474
1739499300,1.0474,1.04745,1.04725,1.0473
1739499480,1.0473,1.04735,1.0473,1.0473
1739499660,1.04735,1.04735,1.04725,1.04725
1739499840,1.0473,1.04735,1.04715,1.04725
1739500020,1.04725,1.04735,1.04715,1.0472
1739500200,1.0472,1.0473,1.0471,1.0471
1739500380,1.04715,1.04715,1.04705,1.04705
1739500560,1.04705,1.04715,1.047,1.04705
1739500740,1.047,1.04715,1.047,1.04715
1739500920,1.0471,1.0471,1.047,1.0471
1739501100,1.04705,1.0471,1.047,1.0471
1739501280,1.0471,1.0471,1.04695,1.04695
1739501460,1.04705,1.04725,1.04695,1.04725
1739501640,1.04725,1.04735,1.0472,1.0473
1739501820,1.0473,1.04735,1.04705,1.0471
1739502000,1.0471,1.0471,1.047,1.047
1739502180,1.04695,1.04705,1.04685,1.0469
1739502360,1.04685,1.047,1.04685,1.04695
1739502540,1.0469,1.047,1.04685,1.047
1739502720,1.04705,1.04715,1.047,1.0471
1739502900,1.0471,1.0471,1.047,1.04705
1739503080,1.04705,1.04715,1.047,1.04715
1739503260,1.0472,1.04735,1.0471,1.0473
1739503440,1.04725,1.04725,1.04715,1.04725
1739503620,1.04725,1.04725,1.0472,1.0472
1739503800,1.0472,1.0474,1.04715,1.0474
1739503980,1.0474,1.0476,1.0474,1.04755
1739504160,1.04755,1.04765,1.0475,1.0476
1739504340,1.0475,1.0475,1.04735,1.04735
1739504520,1.0473,1.0473,1.0472,1.0472
1739504700,1.0472,1.0472,1.0472,1.0472
1739504880,1.04715,1.0473,1.04715,1.04725
1739505060,1.0473,1.04735,1.04725,1.04735
1739505240,1.04735,1.0474,1.04735,1.0474
1739505420,1.04735,1.0474,1.0473,1.04735
1739505600,1.04735,1.0475,1.04735,1.04745
1739505780,1.0475,1.04755,1.04745,1.04745
1739505960,1.0475,1.04755,1.04745,1.04755
1739506140,1.0475,1.04775,1.0475,1.04765
1739506320,1.0477,1.0477,1.04765,1.0477
1739506500,1.04765,1.0477,1.04765,1.0477
1739506680,1.04775,1.04785,1.04775,1.0478
1739506860,1.0478,1.0478,1.0477,1.0477
1739507040,1.04775,1.04775,1.04755,1.04755
1739507220,1.0475,1.04755,1.0474,1.0474
1739507400,1.0474,1.04755,1.04725,1.0474
1739507580,1.0474,1.0476,1.0474,1.04745
1739507760,1.0474,1.0474,1.0473,1.04735
1739507940,1.04735,1.04735,1.04715,1.0472
1739508120,1.04715,1.0472,1.04705,1.0471
1739508300,1.04715,1.0472,1.047,1.04715
1739508480,1.0471,1.04715,1.04695,1.04695
1739508660,1.047,1.0472,1.047,1.04715
1739508840,1.04715,1.04715,1.047,1.047
1739509020,1.04705,1.04705,1.04695,1.04695
1739509200,1.04695,1.04705,1.04695,1.047
1739509380,1.04695,1.04695,1.0468,1.04695
1739509560,1.0469,1.0469,1.04675,1.0468
1739509740,1.04685,1.04685,1.0466,1.04665
1739509920,1.04665,1.04665,1.0465,1.04655
1739510100,1.04655,1.0466,1.0465,1.04655
1739510280,1.04655,1.04675,1.04655,1.04675
1739510460,1.04675,1.0468,1.04675,1.0468
1739510640,1.04675,1.04675,1.0466,1.0466
1739510820,1.0466,1.0466,1.0465,1.0465
1739511000,1.04655,1.04655,1.0464,1.0465
1739511180,1.0465,1.0465,1.04635,1.04635
1739511360,1.04635,1.0464,1.04625,1.04625
1739511540,1.04625,1.0465,1.04615,1.04645
1739511720,1.0465,1.04655,1.04645,1.04655
1739511900,1.0466,1.0466,1.0465,1.04655
1739512080,1.04655,1.04665,1.0465,1.04665
1739512260,1.04665,1.0467,1.04665,1.0467
1739512440,1.04665,1.0467,1.04655,1.04665
1739512620,1.04665,1.04675,1.04665,1.04675
1739512800,1.04665,1.0469,1.04665,1.04685
1739512980,1.0468,1.0469,1.04675,1.0469
1739513160,1.04685,1.04695,1.04675,1.0469
1739513340,1.0469,1.04695,1.0468,1.04685
1739513520,1.04685,1.04695,1.0468,1.04695
1739513700,1.04695,1.047,1.0469,1.047
1739513880,1.047,1.0471,1.04695,1.04705
1739514060,1.0471,1.0473,1.04705,1.04715
1739514240,1.04715,1.04725,1.04715,1.0472
1739514420,1.0472,1.0472,1.04695,1.04705
1739514600,1.04705,1.04715,1.04705,1.0471
1739514780,1.04715,1.04715,1.04705,1.0471
1739514960,1.0471,1.04735,1.0471,1.04735
1739515140,1.04735,1.0474,1.0473,1.04735
1739515320,1.04735,1.0474,1.04725,1.0474
1739515500,1.04745,1.04755,1.0474,1.0475
1739515680,1.04745,1.0475,1.0472,1.0472
1739515860,1.04725,1.04735,1.04725,1.04735
1739516040,1.04735,1.04735,1.0472,1.0473
1739516220,1.04735,1.0474,1.04725,1.0473
1739516400,1.04725,1.0476,1.04725,1.0475
1739516580,1.04755,1.04805,1.04755,1.04805
1739516760,1.04805,1.0483,1.0479,1.0483
1739516940,1.04835,1.0484,1.04815,1.04835
1739517120,1.04835,1.04865,1.04835,1.0485
1739517300,1.0485,1.04865,1.04845,1.0486
1739517480,1.0486,1.04865,1.04855,1.0486
1739517660,1.04855,1.0486,1.04835,1.04835
1739517840,1.0484,1.04845,1.0482,1.0482
1739518020,1.0482,1.0484,1.0482,1.04825
1739518200,1.04825,1.04835,1.04795,1.04835
1739518380,1.0483,1.0485,1.0482,1.04845
1739518560,1.04845,1.0485,1.048,1.0481
1739518740,1.0481,1.04815,1.04785,1.04785
1739518920,1.04785,1.0481,1.04785,1.0479
1739519100,1.0479,1.0482,1.04785,1.0482
1739519280,1.0482,1.0483,1.04805,1.04805
1739519460,1.04805,1.04815,1.04795,1.048
1739519640,1.04805,1.04805,1.04785,1.048
1739519820,1.048,1.04805,1.04785,1.0479
1739520000,1.04795,1.04835,1.0479,1.048
1739520180,1.04805,1.04835,1.04805,1.04805
1739520360,1.04805,1.0481,1.0478,1.048
1739520540,1.04795,1.0485,1.04795,1.0483
1739520720,1.0483,1.04855,1.0482,1.04855
1739520900,1.04855,1.0491,1.0485,1.0489
1739521080,1.04895,1.0493,1.04885,1.0491
1739521260,1.0491,1.0493,1.0491,1.0492
1739521440,1.04915,1.0495,1.0489,1.04895
1739521620,1.049,1.0493,1.049,1.0493
1739521800,1.0493,1.04975,1.0493,1.04965
1739521980,1.04975,1.04985,1.04955,1.04965
1739522160,1.04965,1.04985,1.04955,1.04985
1739522340,1.04985,1.04995,1.04965,1.0497
1739522520,1.04975,1.05005,1.04975,1.05005
1739522700,1.05005,1.05005,1.04975,1.04975
1739522880,1.04975,1.04985,1.0496,1.04985
1739523060,1.0499,1.04995,1.0496,1.0497
1739523240,1.0497,1.0497,1.0492,1.04935
1739523420,1.04935,1.04935,1.04885,1.04915
1739523600,1.04915,1.0495,1.0491,1.04935
1739523780,1.04935,1.0494,1.04915,1.04925
1739523960,1.04925,1.0494,1.04925,1.04935
1739524140,1.04935,1.0496,1.0492,1.04945
1739524320,1.04945,1.04975,1.04945,1.0496
1739524500,1.0496,1.04975,1.0495,1.04965
1739524680,1.0497,1.0498,1.0496,1.0496
1739524860,1.04965,1.04995,1.04955,1.0496
1739525040,1.0496,1.05015,1.04945,1.04995
1739525220,1.04995,1.05,1.0498,1.05
1739525400,1.05,1.05025,1.04995,1.05015
1739525580,1.0501,1.05015,1.04985,1.04995
1739525760,1.0499,1.0501,1.0495,1.0495
1739525940,1.0495,1.04965,1.04935,1.0496
1739526120,1.04965,1.04965,1.04935,1.04935
1739526300,1.0493,1.04935,1.0491,1.04925
1739526480,1.04925,1.0493,1.04905,1.04915
1739526660,1.0492,1.0493,1.04915,1.04925
1739526840,1.0492,1.0495,1.0492,1.0493
1739527020,1.0493,1.04965,1.0492,1.0496
1739527200,1.0496,1.0496,1.04935,1.0494
1739527380,1.04935,1.04935,1.0491,1.0492
1739527560,1.0492,1.04925,1.04905,1.04915
1739527740,1.0491,1.04925,1.049,1.0492
1739527920,1.0492,1.04935,1.0492,1.0493
1739528100,1.04935,1.04955,1.04935,1.0495
1739528280,1.04955,1.04975,1.04955,1.04965
1739528460,1.04965,1.04965,1.0494,1.0496
1739528640,1.0496,1.0496,1.04915,1.0492
1739528820,1.04925,1.04925,1.0489,1.04895
1739529000,1.04895,1.0492,1.04895,1.049
1739529180,1.04895,1.0491,1.0488,1.04885
1739529360,1.04885,1.04885,1.0485,1.0485
1739529540,1.04855,1.04855,1.0481,1.04815
1739529720,1.0482,1.04835,1.0481,1.04825
1739529900,1.0482,1.04845,1.04815,1.04845
1739530080,1.04845,1.0485,1.04835,1.04835
1739530260,1.04835,1.0484,1.048,1.0481
1739530440,1.0481,1.0483,1.048,1.04805
1739530620,1.04805,1.0482,1.0479,1.04815
1739530800,1.04815,1.04815,1.0479,1.048
1739530980,1.04795,1.04805,1.04775,1.0479
1739531160,1.0479,1.048,1.0478,1.04795
1739531340,1.04795,1.0481,1.04785,1.0481
1739531520,1.0481,1.04835,1.04805,1.04835
1739531700,1.0483,1.04835,1.048,1.04805
1739531880,1.0481,1.0482,1.04795,1.0482
1739532060,1.04825,1.0483,1.04805,1.0481
1739532240,1.0481,1.04815,1.048,1.0481
1739532420,1.04805,1.0481,1.0479,1.04805
1739532600,1.048,1.04815,1.04795,1.04815
1739532780,1.0481,1.04825,1.04805,1.04805
1739532960,1.04805,1.0484,1.04805,1.0482
1739533140,1.0482,1.0483,1.048,1.04805
1739533320,1.04805,1.04825,1.04805,1.0481
1739533500,1.04815,1.04815,1.048,1.04805
1739533680,1.048,1.04815,1.04785,1.048
1739533860,1.04805,1.0483,1.04805,1.04825
1739534040,1.04825,1.04825,1.0481,1.0481
1739534220,1.0481,1.04825,1.04805,1.0482
1739534400,1.0482,1.0482,1.04785,1.048
1739534580,1.04795,1.048,1.04785,1.04785
1739534760,1.0478,1.0478,1.04745,1.04755
1739534940,1.04755,1.04755,1.04715,1.0472
1739535120,1.0472,1.04785,1.0472,1.0476
1739535300,1.04765,1.04785,1.04755,1.0478
1739535480,1.0478,1.0479,1.0477,1.04775
1739535660,1.0478,1.04805,1.0478,1.04805
1739535840,1.04805,1.0483,1.048,1.0483
1739536020,1.04825,1.04855,1.04825,1.0483
1739536200,1.0483,1.04885,1.0483,1.0487
1739536380,1.04865,1.04885,1.0485,1.04885
1739536560,1.04885,1.04895,1.04875,1.04875
1739536740,1.04875,1.0488,1.0485,1.0486
1739536920,1.0486,1.0486,1.04815,1.0482
1739537100,1.04815,1.04835,1.0481,1.04825
1739537280,1.04825,1.0485,1.04825,1.0485
1739537460,1.04855,1.04865,1.04845,1.0486
1739537640,1.04865,1.04865,1.04845,1.04855
1739537820,1.04855,1.04865,1.04845,1.0486
1739538000,1.04865,1.04895,1.0486,1.0488
1739538180,1.0488,1.04905,1.0488,1.04905
1739538360,1.049,1.04935,1.049,1.0491
1739538540,1.0491,1.0493,1.04905,1.0492
1739538720,1.04915,1.0492,1.04905,1.04915
1739538900,1.0492,1.0496,1.0492,1.04955
1739539080,1.0496,1.0498,1.04955,1.04975
1739539260,1.04975,1.05015,1.0497,1.05015
1739539440,1.0501,1.05015,1.0499,1.0499
1739539620,1.0499,1.0499,1.0496,1.04975
1739539800,1.0498,1.0518,1.0498,1.05085
1739539980,1.0509,1.051,1.05015,1.0502
1739540160,1.05025,1.05065,1.05,1.05035
1739540340,1.0503,1.0506,1.04995,1.0505
1739540520,1.0505,1.05065,1.0497,1.0499
1739540700,1.04995,1.05105,1.04995,1.05095
1739540880,1.051,1.051,1.0505,1.05055
1739541060,1.05055,1.05085,1.0504,1.05085
1739541240,1.05085,1.05085,1.0503,1.0503
1739541420,1.05025,1.0505,1.05005,1.05025
1739541600,1.0503,1.05095,1.0502,1.0509
1739541780,1.05095,1.0511,1.05085,1.05095
1739541960,1.051,1.05135,1.051,1.05115
1739542140,1.0512,1.05125,1.05095,1.05105
1739542320,1.05105,1.0515,1.05105,1.05145
1739542500,1.05135,1.0514,1.0506,1.0507
1739542680,1.05065,1.05115,1.05055,1.05105
1739542860,1.051,1.0514,1.051,1.05125
1739543040,1.05125,1.05155,1.0512,1.05135
1739543220,1.05135,1.05135,1.051,1.05135
1739543400,1.05135,1.05155,1.05115,1.0513
1739543580,1.05125,1.05155,1.0511,1.05155
1739543760,1.05155,1.0521,1.05145,1.0519
1739543940,1.05185,1.05205,1.0518,1.05205
1739544120,1.05205,1.0525,1.052,1.0524
1739544300,1.0524,1.0529,1.0524,1.0527
1739544480,1.05275,1.0528,1.05235,1.05245
1739544660,1.05245,1.05245,1.0521,1.05215
1739544840,1.0521,1.05225,1.05195,1.05215
1739545020,1.0521,1.0526,1.05205,1.05235
1739545200,1.05235,1.0524,1.0517,1.0519
1739545380,1.0519,1.05205,1.05185,1.052
1739545560,1.052,1.0521,1.0516,1.0518
1739545740,1.0518,1.05185,1.0513,1.05145
1739545920,1.05145,1.0515,1.051,1.0511
1739546100,1.0512,1.05155,1.05115,1.05145
1739546280,1.05145,1.05175,1.05135,1.0516
1739546460,1.05155,1.05165,1.0513,1.05145
1739546640,1.05145,1.05155,1.051,1.051
1739546820,1.05105,1.0511,1.0506,1.0506
1739547000,1.05065,1.05105,1.05055,1.05105
1739547180,1.0511,1.05155,1.0511,1.05155
1739547360,1.05155,1.05185,1.05155,1.0516
1739547540,1.05165,1.05205,1.05165,1.052
1739547720,1.052,1.05215,1.05175,1.0521
1739547900,1.05215,1.0524,1.05215,1.0522
1739548080,1.05225,1.0526,1.0522,1.0524
1739548260,1.05235,1.0525,1.05215,1.05235
1739548440,1.05235,1.05275,1.0523,1.0527
1739548620,1.0527,1.05275,1.05225,1.05235
1739548800,1.0523,1.0525,1.05215,1.0524
1739548980,1.05235,1.0525,1.0522,1.05225
1739549160,1.0522,1.0525,1.052,1.05205
1739549340,1.05205,1.0523,1.05195,1.05195
1739549520,1.0519,1.0521,1.0517,1.05195
1739549700,1.052,1.0521,1.05175,1.05185
1739549880,1.05185,1.05185,1.05145,1.0515
1739550060,1.05155,1.05175,1.0515,1.05175
1739550240,1.0518,1.05195,1.05175,1.05185
1739550420,1.0519,1.052,1.05185,1.05185
1739550600,1.05185,1.0519,1.05165,1.0518
1739550780,1.0518,1.0518,1.05145,1.0517
1739550960,1.05165,1.0519,1.0516,1.0518
1739551140,1.0518,1.0519,1.0517,1.05175
1739551320,1.05175,1.0518,1.0515,1.0515
1739551500,1.0515,1.05165,1.05125,1.05135
1739551680,1.0513,1.0514,1.0512,1.0514
1739551860,1.0514,1.0515,1.0513,1.05135
1739552040,1.0514,1.0514,1.05115,1.05125
1739552220,1.05125,1.05135,1.05115,1.0512
1739552400,1.0512,1.0513,1.05105,1.0511
1739552580,1.0511,1.0512,1.0509,1.05095
1739552760,1.05095,1.05125,1.0509,1.0512
1739552940,1.0512,1.05125,1.051,1.05115
1739553120,1.05115,1.0512,1.0511,1.0512
1739553300,1.0512,1.05155,1.0511,1.05145
1739553480,1.05145,1.0516,1.0514,1.05145
1739553660,1.0514,1.05145,1.0513,1.0513
1739553840,1.0513,1.0514,1.05115,1.05135
1739554020,1.05135,1.0514,1.0512,1.0513
1739554200,1.05135,1.0516,1.0513,1.0514
1739554380,1.0514,1.0516,1.0514,1.0516
1739554560,1.0516,1.05165,1.05155,1.0516
1739554740,1.0516,1.05185,1.0516,1.05185
1739554920,1.05185,1.05185,1.05175,1.0518
1739555100,1.0518,1.05205,1.05175,1.05205
1739555280,1.05205,1.05225,1.05195,1.052
1739555460,1.052,1.05205,1.0518,1.05205
1739555640,1.05205,1.05215,1.052,1.0521
1739555820,1.05215,1.05235,1.0521,1.0522
1739556000,1.05215,1.05225,1.0521,1.0521
1739556180,1.0521,1.05215,1.052,1.05205
1739556360,1.05205,1.0521,1.05195,1.05195
1739556540,1.05195,1.052,1.0518,1.05195
1739556720,1.05195,1.05195,1.05185,1.0519
1739556900,1.05185,1.05195,1.0517,1.05195
1739557080,1.05195,1.052,1.05195,1.052
1739557260,1.052,1.05205,1.05195,1.052
1739557440,1.052,1.05205,1.05175,1.05175
1739557620,1.05175,1.05175,1.0516,1.0516
1739557800,1.05165,1.05175,1.0516,1.05175
1739557980,1.05175,1.05195,1.0517,1.0519
1739558160,1.05185,1.0519,1.0518,1.05185
1739558340,1.0518,1.0518,1.0516,1.05175
1739558520,1.0517,1.0518,1.0516,1.0516
1739558700,1.05165,1.05175,1.05165,1.05165
1739558880,1.05165,1.0517,1.0515,1.05155
1739559060,1.0515,1.05165,1.0514,1.0516
1739559240,1.0516,1.05175,1.05155,1.05165
1739559420,1.05165,1.05195,1.0516,1.05195
1739559600,1.0519,1.05195,1.0516,1.05175
1739559780,1.05175,1.0518,1.0516,1.0516
1739559960,1.05165,1.0517,1.05155,1.05165
1739560140,1.0516,1.0517,1.05145,1.05145
1739560320,1.05145,1.0515,1.0513,1.0515
1739560500,1.05155,1.05165,1.05155,1.05165
1739560680,1.0516,1.05165,1.0515,1.0516
1739560860,1.05155,1.05165,1.05155,1.0516
1739561040,1.0516,1.05175,1.0516,1.05165
1739561220,1.0516,1.0516,1.05145,1.05145
1739561400,1.0515,1.05155,1.0514,1.0514
1739561580,1.05145,1.05145,1.05125,1.05135
1739561760,1.0513,1.0514,1.05125,1.0514
1739561940,1.0514,1.0515,1.0513,1.05145
1739562120,1.05145,1.0515,1.0514,1.0514
1739562300,1.05135,1.05135,1.05115,1.0512
1739562480,1.05115,1.05115,1.05095,1.05095
1739562660,1.051,1.05115,1.051,1.0511
1739562840,1.05115,1.0513,1.05115,1.0512
1739563020,1.0512,1.0515,1.05115,1.0513
1739563200,1.05135,1.05135,1.0511,1.0511
1739563380,1.0511,1.0511,1.051,1.05105
1739563560,1.05105,1.0511,1.05085,1.05085
1739563740,1.05085,1.05105,1.05085,1.051
1739563920,1.051,1.0511,1.05095,1.05095
1739564100,1.051,1.051,1.05085,1.051
1739564280,1.051,1.05115,1.051,1.05105
1739564460,1.05105,1.05105,1.05085,1.0509
1739564640,1.0509,1.05105,1.05085,1.051
1739564820,1.051,1.051,1.0509,1.0509
1739565000,1.0509,1.05105,1.05085,1.051
1739565180,1.05095,1.0511,1.05095,1.05105
1739565360,1.05105,1.0511,1.0509,1.0511
1739565540,1.05115,1.05125,1.051,1.051
1739565720,1.051,1.051,1.05085,1.0509
1739565900,1.0509,1.05095,1.05085,1.0509
1739566080,1.05085,1.05095,1.05085,1.0509
1739566260,1.05085,1.0509,1.05075,1.0508
1739566440,1.0508,1.05085,1.05075,1.05075
1739566620,1.0507,1.0508,1.05055,1.0506
1739566800,1.05065,1.0507,1.05055,1.05065
1739566980,1.0507,1.05085,1.0507,1.0508
1739567160,1.05075,1.05075,1.0507,1.05075
1739567340,1.0507,1.0507,1.05065,1.0507
1739567520,1.0507,1.05085,1.05065,1.05085
1739567700,1.0508,1.0508,1.05075,1.0508
1739567880,1.05075,1.0508,1.05075,1.0508
1739568060,1.05085,1.05085,1.05075,1.05075
1739568240,1.0508,1.05085,1.05075,1.0508
1739568420,1.0508,1.05085,1.0508,1.0508
1739568600,1.0508,1.05085,1.0508,1.0508
1739568780,1.05075,1.05075,1.0507,1.05075
1739568960,1.05075,1.05085,1.05075,1.05075
1739569140,1.0508,1.05085,1.05075,1.05085
1739569320,1.0508,1.05085,1.0508,1.0508
1739569500,1.05085,1.05095,1.0508,1.05095
1739569680,1.05095,1.05095,1.0507,1.0507
1739569860,1.0507,1.05075,1.0504,1.0504
1739570040,1.05035,1.05065,1.0503,1.05065
1739570220,1.0506,1.05065,1.05045,1.0506
1739746800,1.0505,1.05065,1.0501,1.0503
1739746980,1.05025,1.05055,1.05025,1.05035
1739747160,1.0504,1.05055,1.05035,1.05045
1739747340,1.0504,1.0506,1.0503,1.0506
1739747520,1.0506,1.05075,1.05055,1.05065
1739747700,1.05065,1.0508,1.0506,1.0506
1739747880,1.05055,1.05055,1.0504,1.05045
1739748060,1.05045,1.05045,1.05005,1.0502
1739748240,1.0502,1.05025,1.04985,1.04985
1739748420,1.04995,1.0501,1.0499,1.05005
1739748600,1.05,1.0501,1.0499,1.0499
1739748780,1.0499,1.05015,1.0499,1.0501
1739748960,1.05005,1.0501,1.05,1.05
1739749140,1.05,1.05015,1.05,1.05015
1739749320,1.0501,1.0503,1.0501,1.0503
1739749500,1.0504,1.0504,1.05025,1.0503
1739749680,1.0503,1.05055,1.05025,1.05045
1739749860,1.05045,1.0505,1.0503,1.0504
1739750040,1.0504,1.05045,1.0503,1.05035
1739750220,1.0504,1.0504,1.0502,1.0502
1739750400,1.0503,1.05045,1.0502,1.0504
1739750580,1.0504,1.0505,1.0503,1.05035
1739750760,1.05035,1.05045,1.05035,1.05045
1739750940,1.0504,1.05055,1.0502,1.0502
1739751120,1.05025,1.05025,1.04995,1.05005
1739751300,1.05005,1.05035,1.05005,1.05015
1739751480,1.05015,1.0502,1.05,1.05005
1739751660,1.0501,1.05015,1.05005,1.05015
1739751840,1.05015,1.05025,1.05005,1.05005
1739752020,1.0501,1.0502,1.05,1.05005
1739752200,1.05015,1.05025,1.0501,1.05015
1739752380,1.0502,1.05025,1.0501,1.05025
1739752560,1.0503,1.0505,1.05025,1.0505
1739752740,1.05045,1.0505,1.0503,1.05035
1739752920,1.05035,1.0504,1.0503,1.05035
1739753100,1.05035,1.0504,1.05025,1.0503
1739753280,1.0503,1.0505,1.0503,1.05045
1739753460,1.0504,1.05045,1.05025,1.0504
1739753640,1.05045,1.0507,1.05045,1.0506
1739753820,1.05065,1.05075,1.05055,1.05055
1739754000,1.05065,1.0507,1.0504,1.05045
1739754180,1.0505,1.05065,1.0504,1.0506
1739754360,1.05055,1.0506,1.05035,1.05045
1739754540,1.05045,1.0508,1.05045,1.0508
1739754720,1.0508,1.0508,1.05065,1.0507
1739754900,1.05075,1.05075,1.05045,1.05055
1739755080,1.0506,1.05105,1.0506,1.05105
1739755260,1.0511,1.05125,1.051,1.05115
1739755440,1.05115,1.0512,1.051,1.05115
1739755620,1.0512,1.0513,1.05115,1.05125
1739755800,1.0513,1.05155,1.05125,1.0515
1739755980,1.05145,1.0515,1.05125,1.05135
1739756160,1.0514,1.0518,1.0514,1.0518
1739756340,1.05175,1.0518,1.0516,1.05165
1739756520,1.0517,1.05185,1.0517,1.0517
1739756700,1.05175,1.05175,1.05145,1.05145
1739756880,1.0516,1.05175,1.05145,1.05175
1739757060,1.0517,1.0519,1.05165,1.0519
1739757240,1.0519,1.052,1.05185,1.05195
1739757420,1.05195,1.05205,1.05185,1.05195
1739757600,1.05185,1.0519,1.0516,1.05165
1739757780,1.05165,1.0517,1.0514,1.05145
1739757960,1.0515,1.0515,1.05135,1.0515
1739758140,1.0515,1.0516,1.0514,1.05145
1739758320,1.05145,1.0517,1.05135,1.05155
1739758500,1.05155,1.05155,1.0514,1.05145
1739758680,1.0515,1.0515,1.05135,1.0514
1739758860,1.0514,1.0514,1.05125,1.0514
1739759040,1.0514,1.0515,1.0514,1.0515
1739759220,1.0515,1.0516,1.0514,1.0515
1739759400,1.0515,1.0516,1.05145,1.0515
1739759580,1.05155,1.0516,1.05155,1.0516
1739759760,1.0515,1.05155,1.05135,1.05155
1739759940,1.0515,1.0516,1.0515,1.0516
1739760120,1.0515,1.05155,1.05135,1.05135
1739760300,1.05135,1.05135,1.051,1.051
1739760480,1.051,1.0512,1.051,1.0512
1739760660,1.05115,1.0512,1.0511,1.05115
1739760840,1.0512,1.05145,1.0512,1.0514
1739761020,1.0514,1.05165,1.0514,1.05155
1739761200,1.0515,1.05155,1.0514,1.05155
1739761380,1.05155,1.0516,1.0515,1.05155
1739761560,1.0515,1.05175,1.05145,1.0517
1739761740,1.05165,1.0517,1.0516,1.0517
1739761920,1.0517,1.05175,1.0517,1.05175
1739762100,1.05175,1.05175,1.0517,1.0517
1739762280,1.0517,1.0517,1.05135,1.0514
1739762460,1.0513,1.0513,1.0509,1.0509
1739762640,1.05095,1.05115,1.0509,1.05115
1739762820,1.0512,1.0512,1.051,1.051
1739763000,1.051,1.05105,1.05085,1.05105
1739763180,1.05105,1.05105,1.05095,1.051
1739763360,1.051,1.05105,1.0509,1.05095
1739763540,1.0509,1.051,1.0509,1.051
1739763720,1.0511,1.0511,1.0509,1.051
1739763900,1.05095,1.05095,1.05085,1.05095
1739764080,1.05095,1.051,1.0509,1.051
1739764260,1.05105,1.05105,1.0509,1.05095
1739764440,1.051,1.05115,1.051,1.05115
1739764620,1.0511,1.0511,1.05085,1.05085
1739764800,1.05085,1.05095,1.0507,1.0507
1739764980,1.0507,1.0507,1.0506,1.05065
1739765160,1.05065,1.05065,1.0504,1.0505
1739765340,1.0505,1.05055,1.0503,1.05035
1739765520,1.05035,1.0506,1.05035,1.0506
1739765700,1.0506,1.0507,1.0506,1.0507
1739765880,1.0507,1.05075,1.05065,1.05065
1739766060,1.05065,1.05065,1.0506,1.05065
1739766240,1.0506,1.0506,1.0505,1.05055
1739766420,1.05055,1.0507,1.05055,1.0507
1739766600,1.0508,1.05085,1.0507,1.0508
1739766780,1.05075,1.0508,1.05075,1.0508
1739766960,1.0508,1.0508,1.05075,1.05075
1739767140,1.05075,1.0508,1.05075,1.0508
1739767320,1.0508,1.0509,1.0508,1.0509
1739767500,1.0509,1.0509,1.05085,1.0509
1739767680,1.0509,1.051,1.0509,1.051
1739767860,1.051,1.051,1.05095,1.051
1739768040,1.05105,1.0511,1.05105,1.05105
1739768220,1.0511,1.05115,1.05095,1.05095
1739768400,1.05095,1.05105,1.05095,1.05105
1739768580,1.05105,1.05105,1.05105,1.05105
1739768760,1.051,1.0511,1.05095,1.05105
1739768940,1.05105,1.05115,1.05105,1.0511
1739769120,1.0511,1.0512,1.0509,1.05095
1739769300,1.0509,1.05105,1.05085,1.0509
1739769480,1.05085,1.05085,1.05065,1.05065
1739769660,1.0506,1.05075,1.0503,1.05075
1739769840,1.0507,1.05085,1.0507,1.0507
1739770020,1.0506,1.0507,1.0505,1.0505
1739770200,1.05045,1.05045,1.0502,1.0502
1739770380,1.0502,1.0502,1.0501,1.0502
1739770560,1.0502,1.0502,1.04995,1.0502
1739770740,1.05015,1.05015,1.0501,1.0501
1739770920,1.0501,1.05015,1.0501,1.05015
1739771100,1.05015,1.05035,1.0499,1.0499
1739771280,1.0499,1.04995,1.04985,1.04995
1739771460,1.0499,1.05005,1.04985,1.05005
1739771640,1.05015,1.0504,1.05015,1.0504
1739771820,1.0504,1.05055,1.05035,1.05035
1739772000,1.05035,1.0504,1.05025,1.0503
1739772180,1.0503,1.0504,1.0502,1.0504
1739772360,1.0504,1.0504,1.0503,1.0504
1739772540,1.05035,1.05035,1.0502,1.05035
1739772720,1.05035,1.0504,1.05025,1.05035
1739772900,1.05035,1.05055,1.0503,1.0505
1739773080,1.0505,1.0506,1.0503,1.05035
1739773260,1.05035,1.05045,1.05025,1.05025
1739773440,1.05025,1.0505,1.05025,1.0505
1739773620,1.05045,1.0506,1.05035,1.05045
1739773800,1.0505,1.0505,1.0503,1.0504
1739773980,1.0504,1.0505,1.0504,1.0505
1739774160,1.0505,1.0506,1.05045,1.0506
1739774340,1.05065,1.05065,1.0505,1.0505
1739774520,1.05055,1.05055,1.0505,1.05055
1739774700,1.05055,1.0506,1.0505,1.05055
1739774880,1.05055,1.05065,1.05055,1.0506
1739775060,1.05065,1.0507,1.05055,1.05065
1739775240,1.05065,1.05065,1.0503,1.05045
1739775420,1.05045,1.0506,1.0504,1.0506
1739775600,1.0506,1.0506,1.05045,1.05055
1739775780,1.0505,1.05055,1.0502,1.0504
1739775960,1.05035,1.0506,1.0503,1.0506
1739776140,1.05065,1.0509,1.05065,1.05085
1739776320,1.05085,1.05085,1.0506,1.05065
1739776500,1.05065,1.05075,1.0506,1.0507
1739776680,1.0507,1.05095,1.0507,1.05095
1739776860,1.0509,1.0509,1.05045,1.0505
1739777040,1.05045,1.05055,1.0503,1.0503
1739777220,1.0503,1.0504,1.05025,1.05025
1739777400,1.0502,1.0506,1.0502,1.05035
1739777580,1.05035,1.05035,1.05005,1.0501
1739777760,1.05005,1.05025,1.05005,1.0501
1739777940,1.0501,1.0501,1.04965,1.04995
1739778120,1.05,1.05015,1.04995,1.05005
1739778300,1.05005,1.05015,1.04995,1.04995
1739778480,1.04995,1.05015,1.04985,1.0501
1739778660,1.05005,1.05005,1.04975,1.04995
1739778840,1.04995,1.05,1.04945,1.0497
1739779020,1.0497,1.04975,1.04955,1.04965
1739779200,1.04965,1.0499,1.0493,1.0493
1739779380,1.0493,1.04945,1.04895,1.0493
1739779560,1.0493,1.04965,1.0492,1.0495
1739779740,1.04945,1.04955,1.04925,1.04945
1739779920,1.0495,1.0496,1.04935,1.0495
1739780100,1.0495,1.0497,1.0495,1.0496
1739780280,1.0496,1.0496,1.04935,1.04935
1739780460,1.0494,1.0494,1.04895,1.04905
1739780640,1.04905,1.0491,1.04895,1.049
1739780820,1.04895,1.04895,1.04875,1.04885
1739781000,1.0489,1.04895,1.04855,1.04865
1739781180,1.0486,1.04875,1.0485,1.0487
1739781360,1.0487,1.049,1.0487,1.04885
1739781540,1.04885,1.049,1.0488,1.049
1739781720,1.049,1.04905,1.04885,1.049
1739781900,1.04905,1.0492,1.0488,1.0489
1739782080,1.0489,1.04905,1.0488,1.049
1739782260,1.049,1.0491,1.0487,1.049
1739782440,1.04905,1.04905,1.04875,1.04875
1739782620,1.0488,1.04885,1.0487,1.04885
1739782800,1.0488,1.04895,1.04865,1.0489
1739782980,1.0489,1.04895,1.0487,1.04885
1739783160,1.04885,1.04885,1.0487,1.04875
1739783340,1.04875,1.04895,1.04865,1.04885
1739783520,1.04885,1.0492,1.0488,1.049
1739783700,1.04895,1.04925,1.0489,1.04925
1739783880,1.0493,1.0495,1.0492,1.0492
1739784060,1.0492,1.0493,1.0491,1.0493
1739784240,1.04935,1.0495,1.0491,1.0494
1739784420,1.04935,1.0495,1.04925,1.04925
1739784600,1.04925,1.04925,1.04895,1.04895
1739784780,1.04895,1.04895,1.04865,1.04875
1739784960,1.04875,1.049,1.0487,1.04875
1739785140,1.0487,1.0488,1.04855,1.0487
1739785320,1.0487,1.049,1.0487,1.0489
1739785500,1.04885,1.0489,1.0487,1.0488
1739785680,1.0488,1.04895,1.04875,1.04875
1739785860,1.0488,1.0488,1.0486,1.04865
1739786040,1.04865,1.04865,1.0485,1.04865
1739786220,1.04865,1.04885,1.04865,1.0488
1739786400,1.04885,1.049,1.04875,1.049
1739786580,1.04895,1.0493,1.0489,1.04925
1739786760,1.04925,1.04935,1.04915,1.04935
1739786940,1.04935,1.0496,1.0493,1.0496
1739787120,1.0496,1.0497,1.0494,1.0496
1739787300,1.04965,1.04985,1.0496,1.0496
1739787480,1.04965,1.04975,1.04955,1.04975
1739787660,1.04975,1.0499,1.0497,1.04985
1739787840,1.04985,1.0499,1.0497,1.04975
1739788020,1.04975,1.04985,1.04965,1.04975
1739788200,1.04975,1.0499,1.0497,1.0499
1739788380,1.0499,1.0499,1.0496,1.0496
1739788560,1.04955,1.0497,1.04955,1.04965
1739788740,1.0496,1.0497,1.0495,1.0497
1739788920,1.0497,1.0498,1.0495,1.04955
1739789100,1.0496,1.05015,1.0496,1.0501
1739789280,1.0501,1.0503,1.05005,1.05025
1739789460,1.05025,1.0503,1.0501,1.0502
1739789640,1.05025,1.0503,1.05005,1.05005
1739789820,1.05005,1.0503,1.05005,1.0503
1739790000,1.05025,1.0503,1.05015,1.05025
1739790180,1.0503,1.0503,1.05,1.05
1739790360,1.04995,1.04995,1.0498,1.04985
1739790540,1.0499,1.05,1.0499,1.0499
1739790720,1.04985,1.04995,1.0498,1.04995
1739790900,1.05,1.05025,1.04995,1.05015
1739791080,1.05015,1.05015,1.04995,1.05
1739791260,1.05,1.0502,1.05,1.05005
1739791440,1.05005,1.05015,1.0499,1.0499
1739791620,1.0499,1.0499,1.04965,1.04965
1739791800,1.04965,1.0497,1.0496,1.0497
1739791980,1.0497,1.0497,1.0494,1.0494
1739792160,1.0494,1.04945,1.04925,1.0494
1739792340,1.0494,1.0495,1.0493,1.0494
1739792520,1.04935,1.04935,1.04915,1.04935
1739792700,1.04935,1.04945,1.04935,1.0494
1739792880,1.0494,1.04965,1.04935,1.04965
1739793060,1.04965,1.04965,1.04935,1.0494
1739793240,1.0494,1.0495,1.04935,1.04945
1739793420,1.04945,1.04965,1.04935,1.0496
1739793600,1.0496,1.04965,1.0494,1.0494
1739793780,1.04935,1.04935,1.04915,1.0492
1739793960,1.04925,1.0494,1.04925,1.0494
1739794140,1.04945,1.04945,1.0494,1.04945
1739794320,1.0495,1.04985,1.04945,1.0498
1739794500,1.0498,1.0499,1.0497,1.04975
1739794680,1.04965,1.04965,1.0492,1.0492
1739794860,1.0492,1.04925,1.04905,1.04925
1739795040,1.04925,1.04925,1.049,1.04915
1739795220,1.04915,1.04915,1.04905,1.04905
1739795400,1.04905,1.0491,1.0488,1.049
1739795580,1.049,1.049,1.04875,1.04885
1739795760,1.04885,1.0489,1.0486,1.0486
1739795940,1.0486,1.04885,1.04845,1.04845
1739796120,1.04845,1.0486,1.0483,1.04845
1739796300,1.04845,1.04865,1.0482,1.0484
1739796480,1.0484,1.04855,1.0483,1.04845
1739796660,1.0485,1.0487,1.0485,1.04865
1739796840,1.04865,1.04885,1.0484,1.04875
1739797020,1.0487,1.0487,1.0485,1.0486
1739797200,1.04865,1.0488,1.04865,1.04865
1739797380,1.04865,1.04875,1.04855,1.0487
1739797560,1.04865,1.0488,1.04865,1.0487
1739797740,1.04875,1.04875,1.04845,1.0485
1739797920,1.04855,1.04855,1.04845,1.04855
1739798100,1.0486,1.0487,1.04855,1.04865
1739798280,1.04865,1.0487,1.0485,1.04855
1739798460,1.0486,1.04865,1.04855,1.04865
1739798640,1.0487,1.04875,1.0484,1.0484
1739798820,1.0484,1.04845,1.0481,1.04825
1739799000,1.04825,1.0485,1.04825,1.0484
1739799180,1.04845,1.04845,1.04825,1.0484
1739799360,1.0484,1.04865,1.0484,1.04865
1739799540,1.04865,1.04865,1.0485,1.04855
1739799720,1.0486,1.0487,1.0486,1.0487
1739799900,1.0487,1.0489,1.04865,1.04885
1739800080,1.04885,1.049,1.04885,1.04895
1739800260,1.049,1.049,1.0489,1.0489
1739800440,1.04895,1.04905,1.04885,1.049
1739800620,1.04895,1.04895,1.04875,1.0488
1739800800,1.04885,1.0489,1.0487,1.04875
1739800980,1.04875,1.04905,1.0487,1.049
1739801160,1.049,1.04925,1.049,1.0491
1739801340,1.0491,1.04915,1.049,1.04905
1739801520,1.04905,1.04905,1.04865,1.0488
1739801700,1.04885,1.04885,1.04865,1.04885
1739801880,1.04885,1.04885,1.04865,1.0487
1739802060,1.0487,1.0487,1.0485,1.04865
1739802240,1.04865,1.0487,1.04855,1.04865
1739802420,1.04865,1.0488,1.0486,1.04875
1739802600,1.04875,1.04895,1.0487,1.04885
1739802780,1.0489,1.0489,1.04865,1.04865
1739802960,1.0486,1.0487,1.04855,1.04865
1739803140,1.0487,1.0489,1.0487,1.04885
1739803320,1.0489,1.0492,1.04885,1.04905
1739803500,1.04905,1.0491,1.04895,1.04895
1739803680,1.049,1.0492,1.049,1.0492
1739803860,1.0492,1.0492,1.0491,1.0491
1739804040,1.0491,1.04925,1.0491,1.04925
1739804220,1.04925,1.0493,1.0492,1.04925
1739804400,1.04925,1.04955,1.04915,1.04925
1739804580,1.0493,1.04945,1.0493,1.04935
1739804760,1.04935,1.04955,1.0493,1.04945
1739804940,1.0494,1.04975,1.04935,1.04975
1739805120,1.0498,1.0498,1.0495,1.04965
1739805300,1.04965,1.0497,1.0496,1.0496
1739805480,1.04955,1.04955,1.0492,1.04925
1739805660,1.04925,1.04935,1.0492,1.04935
1739805840,1.04935,1.0495,1.04925,1.0495
1739806020,1.0495,1.0496,1.0494,1.04945
1739806200,1.04945,1.04965,1.0494,1.0496
1739806380,1.04965,1.04965,1.04945,1.0495
1739806560,1.04945,1.0496,1.04945,1.04955
1739806740,1.0496,1.0496,1.0494,1.0494
1739806920,1.0494,1.0494,1.0492,1.04925
1739807100,1.0493,1.04945,1.0493,1.0494
1739807280,1.04935,1.0494,1.04915,1.0492
1739807460,1.0492,1.0492,1.049,1.049
1739807640,1.049,1.049,1.0488,1.0489
1739807820,1.04895,1.0495,1.04885,1.04935
1739808000,1.0494,1.04945,1.04915,1.0493
1739808180,1.04935,1.04955,1.04935,1.0495
1739808360,1.0495,1.04955,1.0493,1.0493
1739808540,1.04935,1.04935,1.04915,1.04915
1739808720,1.0491,1.0493,1.0491,1.0493
1739808900,1.0493,1.04935,1.0492,1.0492
1739809080,1.0492,1.0493,1.04915,1.0492
1739809260,1.0492,1.0494,1.0492,1.0493
1739809440,1.0493,1.0496,1.0493,1.0493
1739809620,1.04925,1.0496,1.0492,1.0496
1739809800,1.04955,1.0497,1.04955,1.04965
1739809980,1.0497,1.04975,1.0494,1.0494
1739810160,1.04945,1.04945,1.04915,1.0493
1739810340,1.04925,1.04925,1.04915,1.0492
1739810520,1.0492,1.04925,1.04915,1.0492
1739810700,1.04925,1.04935,1.0492,1.04925
1739810880,1.04935,1.04945,1.0493,1.0494
1739811060,1.04945,1.0495,1.0493,1.0493
1739811240,1.0493,1.04945,1.04925,1.04945
1739811420,1.04945,1.04945,1.04925,1.04925
1739811600,1.0493,1.04945,1.0492,1.0494
1739811780,1.0494,1.0494,1.0493,1.0493
1739811960,1.04935,1.04935,1.04925,1.04935
1739812140,1.04935,1.0495,1.04935,1.0495
1739812320,1.04955,1.0496,1.0495,1.04955
1739812500,1.0495,1.04975,1.0495,1.04965
1739812680,1.04965,1.0497,1.0496,1.04965
1739812860,1.0497,1.0498,1.04955,1.04975
1739813040,1.0497,1.0499,1.0497,1.0499
1739813220,1.0498,1.0499,1.04975,1.0498
1739813400,1.0498,1.04985,1.04965,1.0497
1739813580,1.0497,1.04985,1.0497,1.04975
1739813760,1.0498,1.0498,1.0496,1.04965
1739813940,1.0496,1.04965,1.04945,1.04965
1739814120,1.0496,1.0497,1.0496,1.0496
1739814300,1.0496,1.04965,1.0496,1.0496
1739814480,1.04955,1.0496,1.04945,1.0496
1739814660,1.04965,1.04965,1.0496,1.0496
1739814840,1.04965,1.04975,1.04955,1.0496
1739815020,1.04965,1.04975,1.04965,1.04965
1739815200,1.04965,1.04965,1.0496,1.0496
1739815380,1.0496,1.0496,1.0495,1.04955
1739815560,1.04955,1.04955,1.04945,1.04945
1739815740,1.0495,1.0495,1.04945,1.0495
1739815920,1.04945,1.04945,1.04935,1.04935
1739816100,1.04935,1.0495,1.04935,1.0494
1739816280,1.0495,1.0495,1.0494,1.0495
1739816460,1.0495,1.0495,1.0495,1.0495
1739816640,1.04945,1.0495,1.04945,1.04945
1739816820,1.04945,1.0496,1.04945,1.0495
1739817000,1.0495,1.0495,1.04945,1.04945
1739817180,1.0494,1.04945,1.0493,1.04935
1739817360,1.04935,1.0494,1.04935,1.04935
1739817540,1.04935,1.0494,1.04935,1.0494
1739817720,1.0494,1.04945,1.0494,1.04945
1739817900,1.04945,1.0495,1.0494,1.04945
1739818080,1.0495,1.0495,1.0494,1.0495
1739818260,1.04945,1.04955,1.04945,1.0495
1739818440,1.04955,1.04955,1.04955,1.04955
1739818620,1.0495,1.0496,1.0495,1.0496
1739818800,1.04965,1.04965,1.04955,1.04955
1739818980,1.0496,1.0496,1.0495,1.0496
1739819160,1.04965,1.04975,1.0496,1.0496
1739819340,1.0496,1.0496,1.0496,1.0496
1739819520,1.04965,1.04965,1.04955,1.04965
1739819700,1.04965,1.04975,1.0496,1.04975
1739819880,1.04975,1.04975,1.04975,1.04975
1739820060,1.0497,1.0497,1.0496,1.04965
1739820240,1.04965,1.04975,1.04965,1.0497
1739820420,1.0497,1.04975,1.0497,1.04975
1739820600,1.0497,1.0497,1.04965,1.04965
1739820780,1.04965,1.04965,1.04955,1.04965
1739820960,1.04965,1.04965,1.04965,1.04965
1739821140,1.0496,1.0496,1.0496,1.0496
1739821320,1.04955,1.04955,1.0495,1.0495
1739821500,1.04945,1.04955,1.04945,1.04955
1739821680,1.0495,1.0495,1.04945,1.04945
1739821860,1.04945,1.0495,1.04945,1.0495
1739822040,1.0494,1.04945,1.04935,1.04945
1739822220,1.04945,1.04955,1.04945,1.0495
1739822400,1.0496,1.0496,1.0495,1.0495
1739822580,1.0495,1.04955,1.0495,1.0495
1739822760,1.04945,1.0495,1.04945,1.0495
1739822940,1.04945,1.04945,1.04945,1.04945
1739823120,1.04945,1.04955,1.04945,1.04955
1739823300,1.0495,1.0495,1.0495,1.0495
1739823480,1.0495,1.04955,1.0495,1.0495
1739823660,1.04955,1.04965,1.04955,1.0496
1739823840,1.0496,1.0496,1.0496,1.0496
1739824020,1.04955,1.04955,1.04955,1.04955
1739824200,1.04955,1.0496,1.04955,1.0496
1739824380,1.0496,1.04965,1.0496,1.04965
1739824560,1.0497,1.0497,1.04965,1.04965
1739824740,1.04965,1.04965,1.0496,1.04965
1739824920,1.04965,1.04965,1.0496,1.0496
1739825100,1.0496,1.0496,1.04955,1.0496
1739825280,1.04965,1.0497,1.0496,1.04965
1739825460,1.0496,1.04965,1.0496,1.0496
1739825640,1.0496,1.04975,1.0496,1.04975
1739825820,1.04975,1.0498,1.0497,1.04975
1739826000,1.0498,1.0498,1.04975,1.04975
1739826180,1.0497,1.0497,1.0497,1.0497
1739826540,1.0497,1.0497,1.0497,1.0497
1739826720,1.0497,1.0497,1.0497,1.0497
1739826900,1.0497,1.04975,1.0497,1.04975
1739827080,1.0497,1.04975,1.0497,1.04975
1739827260,1.0498,1.04985,1.0498,1.0498
1739827440,1.0498,1.0498,1.0498,1.0498
1739827620,1.0498,1.0498,1.04975,1.0498
1739827800,1.04975,1.0498,1.04975,1.0498
1739827980,1.04975,1.0498,1.04975,1.0498
1739828160,1.0498,1.0499,1.0498,1.0499
1739828340,1.0499,1.0499,1.0498,1.04985
1739828520,1.04985,1.04985,1.04985,1.04985
1739828700,1.0498,1.04985,1.04975,1.04985
1739828880,1.0498,1.0499,1.0498,1.0498
1739829060,1.04985,1.04985,1.0498,1.0498
1739829240,1.04985,1.04985,1.0498,1.0498
1739829420,1.0497,1.0499,1.0497,1.0498
1739833200,1.04965,1.0499,1.049,1.04965
1739833380,1.0497,1.0497,1.0495,1.04955
1739833560,1.0496,1.0496,1.04945,1.0495
1739833740,1.04955,1.04965,1.04955,1.04955
1739833920,1.0495,1.0495,1.0494,1.0495
1739834100,1.0495,1.04955,1.0495,1.0495
1739834280,1.0495,1.0495,1.0494,1.0494
1739834460,1.0494,1.04945,1.0494,1.04945
1739834640,1.0494,1.0494,1.04935,1.04935
1739834820,1.04935,1.04935,1.0492,1.0492
1739835000,1.04925,1.0494,1.04925,1.0494
1739835180,1.0495,1.04955,1.0495,1.04955
1739835360,1.04955,1.04955,1.0495,1.0495
1739835540,1.0495,1.04965,1.0495,1.04955
1739835720,1.0496,1.0497,1.04955,1.0497
1739835900,1.04975,1.04995,1.04975,1.04985
1739836080,1.0498,1.0499,1.0498,1.0499
1739836260,1.0499,1.0499,1.04975,1.0498
1739836440,1.04975,1.04985,1.04975,1.0498
1739836620,1.04985,1.04985,1.0498,1.04985
1739836800,1.0499,1.0499,1.04975,1.04975
1739836980,1.0498,1.04985,1.0498,1.0498
1739837160,1.0498,1.04995,1.04975,1.0499
1739837340,1.0499,1.04995,1.04985,1.04985
1739837520,1.0498,1.04985,1.0498,1.04985
1739837700,1.0499,1.0499,1.0497,1.04975
1739837880,1.0497,1.0498,1.04965,1.04965
1739838060,1.0496,1.0496,1.04945,1.0495
1739838240,1.0495,1.0495,1.04935,1.04935
1739838420,1.04935,1.0494,1.0493,1.0494
1739838600,1.0494,1.04945,1.0494,1.0494
1739838780,1.04935,1.04935,1.0493,1.0493
1739838960,1.04925,1.04925,1.04915,1.04915
1739839140,1.04915,1.0493,1.04905,1.04915
1739839320,1.0491,1.0491,1.049,1.049
1739839500,1.04905,1.04915,1.049,1.04915
1739839680,1.0491,1.0491,1.0489,1.04895
1739839860,1.049,1.049,1.0489,1.0489
1739840040,1.0489,1.04895,1.0488,1.0489
1739840220,1.0488,1.0489,1.0486,1.0489
1739840400,1.04885,1.0489,1.0487,1.0487
1739840580,1.04875,1.04895,1.0487,1.04885
1739840760,1.04885,1.0489,1.0487,1.04875
1739840940,1.04875,1.04875,1.0486,1.04865
1739841120,1.04865,1.0487,1.0483,1.04835
1739841300,1.0484,1.0485,1.0483,1.0485
1739841480,1.04845,1.0485,1.04825,1.0483
1739841660,1.04825,1.0483,1.0482,1.04825
1739841840,1.0483,1.0483,1.04815,1.04815
1739842020,1.04815,1.04815,1.04775,1.0478
1739842200,1.04785,1.04805,1.0478,1.0479
1739842380,1.0479,1.04795,1.04775,1.0478
1739842560,1.04785,1.04795,1.04785,1.0479
1739842740,1.0479,1.0481,1.0479,1.048
1739842920,1.04795,1.048,1.04785,1.0479
1739843100,1.04785,1.04785,1.04755,1.0478
1739843280,1.0478,1.048,1.0478,1.04785
1739843460,1.04785,1.04805,1.04785,1.04805
1739843640,1.048,1.0481,1.0478,1.04785
1739843820,1.0479,1.048,1.0477,1.04795
1739844000,1.04795,1.04805,1.0479,1.048
1739844180,1.04805,1.04815,1.048,1.04815
1739844360,1.04815,1.04825,1.0481,1.04815
1739844540,1.04815,1.04815,1.048,1.0481
1739844720,1.0481,1.0483,1.04805,1.0482
1739844900,1.0482,1.0483,1.04815,1.0483
1739845080,1.04825,1.0483,1.0482,1.0483
1739845260,1.0482,1.04825,1.0481,1.04815
1739845440,1.04815,1.0482,1.0481,1.04815
1739845620,1.0481,1.0481,1.04805,1.04805
1739845800,1.0481,1.04815,1.04805,1.0481
1739845980,1.0481,1.0482,1.0481,1.04815
1739846160,1.04825,1.04835,1.04825,1.04835
1739846340,1.04835,1.04845,1.0483,1.0483
1739846520,1.0483,1.0483,1.0481,1.04815
1739846700,1.04815,1.04815,1.04805,1.04805
1739846880,1.04805,1.0482,1.04805,1.0482
1739847060,1.0482,1.0483,1.04815,1.04815
1739847240,1.04815,1.0482,1.04815,1.0482
1739847420,1.0482,1.0482,1.0481,1.0481
1739847600,1.04815,1.0483,1.04815,1.0483
1739847780,1.0483,1.0483,1.0481,1.0481
1739847960,1.0481,1.0481,1.0479,1.04795
1739848140,1.04795,1.048,1.0478,1.0479
1739848320,1.04785,1.04785,1.04775,1.0478
1739848500,1.0478,1.04795,1.0478,1.04795
1739848680,1.0479,1.048,1.0479,1.048
1739848860,1.04805,1.04825,1.04805,1.04815
1739849040,1.0481,1.0482,1.0481,1.04815
1739849220,1.0482,1.0482,1.04805,1.04805
1739849400,1.048,1.0484,1.0479,1.0484
1739849580,1.0484,1.0486,1.04835,1.0484
1739849760,1.0483,1.0483,1.0481,1.0482
1739849940,1.04815,1.04815,1.048,1.04805
1739850120,1.048,1.04805,1.0479,1.04795
1739850300,1.048,1.048,1.04785,1.04785
1739850480,1.04785,1.048,1.04785,1.04785
1739850660,1.0479,1.0479,1.04765,1.04765
1739850840,1.04765,1.04765,1.04755,1.0476
1739851020,1.0476,1.0477,1.0476,1.04765
1739851200,1.04765,1.04765,1.0474,1.04745
1739851380,1.04745,1.04765,1.04745,1.0476
1739851560,1.0476,1.0476,1.04755,1.0476
1739851740,1.0476,1.0476,1.04755,1.0476
1739851920,1.04755,1.0476,1.04755,1.0476
1739852100,1.0476,1.0477,1.04755,1.0477
1739852280,1.0477,1.0478,1.0475,1.0475
1739852460,1.04745,1.04745,1.04725,1.04735
1739852640,1.0473,1.04735,1.0473,1.04735
1739852820,1.04735,1.04735,1.04725,1.04725
1739853000,1.0473,1.0473,1.04715,1.0473
1739853180,1.0473,1.0474,1.04715,1.04725
1739853360,1.04725,1.04725,1.0471,1.0471
1739853540,1.04705,1.04715,1.047,1.04705
1739853720,1.0471,1.0472,1.04695,1.04715
1739853900,1.04715,1.0472,1.04695,1.047
1739854080,1.047,1.0471,1.047,1.047
1739854260,1.047,1.047,1.04695,1.047
1739854440,1.047,1.04705,1.047,1.047
1739854620,1.04705,1.0471,1.04695,1.04705
1739854800,1.0471,1.04725,1.0471,1.04725
1739854980,1.04725,1.0473,1.04705,1.04705
1739855160,1.04705,1.04705,1.04695,1.04695
1739855340,1.0469,1.047,1.0469,1.04695
1739855520,1.04695,1.047,1.04685,1.04695
1739855700,1.04695,1.04695,1.04685,1.04685
1739855880,1.0469,1.04695,1.0469,1.04695
1739856060,1.04695,1.04695,1.0468,1.04685
1739856240,1.04685,1.0469,1.04685,1.04685
1739856420,1.0469,1.0469,1.04685,1.04685
1739856600,1.04685,1.0469,1.0468,1.04685
1739856780,1.04685,1.0469,1.0468,1.0469
1739856960,1.0469,1.04695,1.0468,1.0468
1739857140,1.0468,1.0468,1.0467,1.0467
1739857320,1.0467,1.0467,1.0466,1.0467
1739857500,1.0467,1.0467,1.04655,1.04655
1739857680,1.04655,1.0467,1.04655,1.04665
1739857860,1.0466,1.0467,1.0466,1.0466
1739858040,1.0466,1.04675,1.0466,1.04665
1739858220,1.0467,1.04695,1.04665,1.04685
1739858400,1.04685,1.047,1.0468,1.04695
1739858580,1.04695,1.04705,1.0469,1.0469
1739858760,1.04685,1.047,1.04685,1.0469
1739858940,1.04695,1.0471,1.04695,1.0471
1739859120,1.0471,1.0471,1.047,1.04705
1739859300,1.04705,1.0471,1.04695,1.04695
1739859480,1.047,1.0473,1.047,1.04725
1739859660,1.0473,1.0474,1.04715,1.0472
1739859840,1.0472,1.04725,1.0471,1.0472
1739860020,1.04725,1.04725,1.0471,1.0472
1739860200,1.0472,1.0472,1.047,1.04705
1739860380,1.04705,1.04705,1.0469,1.04695
1739860560,1.0469,1.0469,1.04685,1.0469
1739860740,1.04695,1.0471,1.04695,1.04705
1739860920,1.04705,1.04725,1.047,1.0472
1739861100,1.0472,1.0473,1.04715,1.04725
1739861280,1.0473,1.04745,1.0473,1.04745
1739861460,1.0474,1.0474,1.0473,1.04735
1739861640,1.0474,1.0477,1.0474,1.0475
1739861820,1.0475,1.04755,1.04745,1.0475
1739862000,1.04745,1.0477,1.04735,1.04765
1739862180,1.0477,1.04785,1.04765,1.04775
1739862360,1.04775,1.04795,1.04775,1.04795
1739862540,1.0479,1.048,1.0478,1.048
1739862720,1.048,1.04815,1.04795,1.0481
1739862900,1.0481,1.04825,1.04785,1.04785
1739863080,1.04785,1.0479,1.04775,1.0479
1739863260,1.0479,1.048,1.0478,1.0479
1739863440,1.0479,1.04795,1.0477,1.04775
1739863620,1.0477,1.0477,1.0474,1.0475
1739863800,1.04745,1.0475,1.04725,1.0473
1739863980,1.0473,1.04745,1.04725,1.0474
1739864160,1.04745,1.0477,1.0474,1.0477
1739864340,1.04775,1.0479,1.0477,1.0479
1739864520,1.04795,1.04825,1.0479,1.04825
1739864700,1.04825,1.04825,1.0478,1.0478
1739864880,1.0478,1.04785,1.04765,1.04785
1739865060,1.04785,1.04785,1.04765,1.04775
1739865240,1.0477,1.0477,1.04725,1.0473
1739865420,1.0473,1.0477,1.0473,1.0477
1739865600,1.0477,1.04805,1.0477,1.0478
1739865780,1.0478,1.04785,1.0476,1.0476
1739865960,1.0476,1.0476,1.04725,1.0474
1739866140,1.0474,1.04755,1.04695,1.04705
1739866320,1.047,1.04715,1.04685,1.04705
1739866500,1.04705,1.0474,1.04705,1.04735
1739866680,1.04735,1.0476,1.0473,1.0476
1739866860,1.04755,1.04795,1.04755,1.0479
1739867040,1.0479,1.04805,1.04775,1.04785
1739867220,1.0479,1.0481,1.0479,1.04795
1739867400,1.04795,1.0482,1.0479,1.0479
1739867580,1.0479,1.04795,1.0478,1.04795
1739867760,1.048,1.0483,1.04795,1.04805
1739867940,1.04805,1.0482,1.04795,1.048
1739868120,1.048,1.0481,1.04795,1.04795
1739868300,1.04795,1.04795,1.04765,1.04775
1739868480,1.04775,1.0479,1.04745,1.04745
1739868660,1.04745,1.04755,1.04725,1.0473
1739868840,1.04725,1.0473,1.04685,1.047
1739869020,1.04695,1.04715,1.0469,1.04705
1739869200,1.047,1.04725,1.04685,1.0472
1739869380,1.04725,1.04735,1.04705,1.04705
1739869560,1.0471,1.04725,1.0469,1.0472
1739869740,1.04715,1.04725,1.0471,1.0472
1739869920,1.0472,1.04735,1.0471,1.04725
1739870100,1.04725,1.04725,1.04715,1.04715
1739870280,1.04715,1.04725,1.04705,1.04705
1739870460,1.0471,1.0473,1.0471,1.0473
1739870640,1.0473,1.04735,1.0471,1.04715
1739870820,1.04715,1.04715,1.04705,1.04715
1739871000,1.04715,1.04715,1.047,1.04705
1739871180,1.04705,1.0472,1.04695,1.04705
1739871360,1.04705,1.0471,1.0469,1.0471
1739871540,1.04705,1.04725,1.047,1.04725
1739871720,1.0473,1.0474,1.0472,1.0473
1739871900,1.0473,1.04735,1.04725,1.04725
1739872080,1.04725,1.04745,1.0472,1.04725
1739872260,1.0473,1.04785,1.0473,1.04785
1739872440,1.0478,1.0478,1.04765,1.04775
1739872620,1.04775,1.04785,1.0477,1.04775
1739872800,1.0478,1.0482,1.04775,1.0479
1739872980,1.0479,1.04805,1.04785,1.0479
1739873160,1.0479,1.04795,1.04775,1.04775
1739873340,1.04775,1.0478,1.0476,1.04765
1739873520,1.0477,1.0478,1.04745,1.0475
1739873700,1.0475,1.04755,1.0474,1.04745
1739873880,1.04745,1.0477,1.0474,1.0477
1739874060,1.04775,1.04775,1.0476,1.0476
1739874240,1.04755,1.04755,1.0474,1.0474
1739874420,1.0474,1.0475,1.04735,1.0474
1739874600,1.04735,1.04745,1.04725,1.0474
1739874780,1.04735,1.04745,1.04735,1.04745
1739874960,1.04745,1.0476,1.04735,1.0474
1739875140,1.04735,1.0474,1.0473,1.0474
1739875320,1.0474,1.0475,1.0473,1.04735
1739875500,1.04735,1.0474,1.0472,1.04735
1739875680,1.0474,1.0476,1.0474,1.0476
1739875860,1.04755,1.04785,1.04755,1.04775
1739876040,1.04775,1.04785,1.0476,1.0476
1739876220,1.0476,1.0476,1.0473,1.04755
1739876400,1.0476,1.0478,1.0476,1.04765
1739876580,1.0476,1.04775,1.04755,1.0476
1739876760,1.0476,1.04765,1.0475,1.04755
1739876940,1.0475,1.04765,1.0475,1.04755
1739877120,1.0475,1.04775,1.0475,1.0477
1739877300,1.04775,1.0478,1.04765,1.0478
1739877480,1.0478,1.0478,1.0477,1.04775
1739877660,1.04775,1.04775,1.0476,1.04765
1739877840,1.04765,1.0477,1.04755,1.0477
1739878020,1.0477,1.04775,1.0475,1.04775
1739878200,1.0477,1.04775,1.04765,1.04765
1739878380,1.04765,1.04775,1.04765,1.0477
1739878560,1.0477,1.04775,1.04765,1.0477
1739878740,1.0477,1.04785,1.04765,1.0477
1739878920,1.04775,1.04775,1.04765,1.04765
1739879100,1.0477,1.04775,1.0476,1.0476
1739879280,1.04765,1.04765,1.04755,1.0476
1739879460,1.04765,1.04775,1.04755,1.0477
1739879640,1.0477,1.0477,1.0476,1.0476
1739879820,1.0476,1.04765,1.0475,1.0476
1739880000,1.0476,1.04765,1.0476,1.0476
1739880180,1.04765,1.04765,1.0476,1.0476
1739880360,1.04765,1.04815,1.04765,1.04775
1739880540,1.04775,1.04775,1.04745,1.0475
1739880720,1.04745,1.04755,1.04715,1.0472
1739880900,1.0472,1.0472,1.04685,1.047
1739881080,1.047,1.04705,1.04665,1.0468
1739881260,1.04675,1.04705,1.04675,1.04695
1739881440,1.04695,1.04705,1.0469,1.0469
1739881620,1.0469,1.0469,1.04675,1.04675
1739881800,1.0467,1.0471,1.0467,1.04705
1739881980,1.04705,1.04735,1.047,1.0473
1739882160,1.04735,1.04735,1.04725,1.04725
1739882340,1.04725,1.0473,1.04715,1.04715
1739882520,1.0471,1.04725,1.04705,1.0472
1739882700,1.0472,1.0472,1.047,1.04705
1739882880,1.04705,1.0472,1.04695,1.04715
1739883060,1.04715,1.0472,1.047,1.04715
1739883240,1.0472,1.0472,1.04705,1.04705
1739883420,1.047,1.047,1.04675,1.04685
1739883600,1.04685,1.04705,1.04655,1.04665
1739883780,1.0467,1.04675,1.04645,1.0466
1739883960,1.0466,1.04675,1.04645,1.0466
1739884140,1.0466,1.0466,1.0459,1.04615
1739884320,1.04615,1.0464,1.04595,1.0463
1739884500,1.04635,1.04645,1.04615,1.0464
1739884680,1.04645,1.04675,1.04645,1.04675
1739884860,1.0468,1.04685,1.04645,1.0465
1739885040,1.04645,1.04655,1.0462,1.04635
1739885220,1.0463,1.04635,1.0462,1.04635
1739885400,1.0463,1.04655,1.046,1.04645
1739885580,1.04645,1.0465,1.04615,1.04625
1739885760,1.0462,1.0463,1.04605,1.0461
1739885940,1.0461,1.0462,1.04595,1.04605
1739886120,1.04605,1.04635,1.04605,1.0463
1739886300,1.04625,1.0466,1.04625,1.04645
1739886480,1.0464,1.04645,1.04625,1.04635
1739886660,1.0463,1.0464,1.04615,1.0462
1739886840,1.0462,1.0462,1.04565,1.04575
1739887020,1.0458,1.0459,1.04555,1.0458
1739887200,1.04585,1.0459,1.04565,1.0457
1739887380,1.04565,1.04585,1.04545,1.04585
1739887560,1.04585,1.0462,1.0456,1.04615
1739887740,1.0461,1.0462,1.046,1.0461
1739887920,1.04615,1.04615,1.04585,1.04595
1739888100,1.04595,1.0461,1.04595,1.0461
1739888280,1.04615,1.0463,1.046,1.0461
1739888460,1.0461,1.04615,1.046,1.0461
1739888640,1.0461,1.0467,1.0461,1.04665
1739888820,1.04665,1.0468,1.0465,1.0466
1739889000,1.0466,1.0467,1.04605,1.04625
1739889180,1.0462,1.04655,1.04615,1.0462
1739889360,1.0462,1.04625,1.04585,1.04615
1739889540,1.04615,1.0463,1.046,1.046
1739889720,1.046,1.04635,1.046,1.04615
1739889900,1.04615,1.0466,1.0461,1.0465
1739890080,1.04645,1.0465,1.04625,1.04635
1739890260,1.04635,1.04655,1.0463,1.04635
1739890440,1.04635,1.04675,1.0463,1.0467
1739890620,1.04675,1.04675,1.04635,1.0466
1739890800,1.04665,1.04705,1.0466,1.04685
1739890980,1.04685,1.04705,1.0468,1.0468
1739891160,1.0468,1.04685,1.0466,1.0467
1739891340,1.0467,1.047,1.04665,1.047
1739891520,1.04705,1.04725,1.047,1.04715
1739891700,1.04715,1.04725,1.04705,1.0472
1739891880,1.0472,1.04735,1.04705,1.0471
1739892060,1.0471,1.0472,1.04695,1.047
1739892240,1.047,1.047,1.04675,1.04675
1739892420,1.04675,1.04705,1.04665,1.047
1739892600,1.047,1.047,1.04675,1.04675
1739892780,1.04675,1.04685,1.0467,1.04675
1739892960,1.04675,1.04685,1.0465,1.04675
1739893140,1.04675,1.0469,1.0467,1.04675
1739893320,1.04675,1.0472,1.04675,1.04715
1739893500,1.0471,1.0475,1.04705,1.0472
1739893680,1.04725,1.04745,1.04715,1.04735
1739893860,1.04735,1.0476,1.0473,1.04735
1739894040,1.0474,1.0476,1.04725,1.04755
1739894220,1.04755,1.04805,1.04755,1.048
1739894400,1.04795,1.04835,1.04785,1.048
1739894580,1.04795,1.0482,1.04785,1.04795
1739894760,1.0479,1.04815,1.04785,1.04795
1739894940,1.04795,1.0481,1.04785,1.0479
1739895120,1.04785,1.0479,1.0476,1.0476
1739895300,1.0476,1.0478,1.0476,1.04765
1739895480,1.04765,1.04775,1.04755,1.04765
1739895660,1.0477,1.0477,1.04745,1.0476
1739895840,1.0476,1.0477,1.0475,1.0477
1739896020,1.0477,1.04775,1.0476,1.04765
1739896200,1.04765,1.0478,1.04755,1.0476
1739896380,1.0476,1.04765,1.0474,1.0474
1739896560,1.04745,1.0475,1.04725,1.0473
1739896740,1.0473,1.0474,1.0472,1.04725
1739896920,1.0473,1.04735,1.0471,1.04715
1739897100,1.0472,1.0473,1.0469,1.04695
1739897280,1.04695,1.047,1.04675,1.0469
1739897460,1.0469,1.04705,1.04685,1.04695
1739897640,1.047,1.047,1.04685,1.0469
1739897820,1.0469,1.047,1.0469,1.047
1739898000,1.047,1.047,1.0466,1.0466
1739898180,1.0466,1.04665,1.04635,1.04645
1739898360,1.0464,1.04645,1.0462,1.04635
1739898540,1.0463,1.0464,1.0463,1.04635
1739898720,1.0463,1.04645,1.04625,1.0464
1739898900,1.04635,1.04645,1.0462,1.04625
1739899080,1.04625,1.04625,1.04605,1.04605
1739899260,1.046,1.0462,1.04585,1.04595
1739899440,1.04595,1.04595,1.04575,1.0458
1739899620,1.04585,1.0462,1.04585,1.0461
1739899800,1.0461,1.04625,1.04585,1.04585
1739899980,1.0458,1.0459,1.04575,1.04575
1739900160,1.04575,1.04595,1.04575,1.04595
1739900340,1.0459,1.0459,1.04555,1.04575
1739900520,1.04575,1.046,1.0457,1.0459
1739900700,1.0459,1.04595,1.04535,1.0454
1739900880,1.04545,1.04565,1.04545,1.04565
1739901060,1.0456,1.04575,1.0455,1.0455
1739901240,1.0455,1.0457,1.04525,1.04565
1739901420,1.0457,1.046,1.04565,1.0459
1739901600,1.04595,1.0461,1.0459,1.0459
1739901780,1.0459,1.046,1.0457,1.0457
1739901960,1.0457,1.0457,1.04535,1.04535
1739902140,1.04535,1.04535,1.04485,1.0452
1739902320,1.04515,1.04525,1.04505,1.04505
1739902500,1.04505,1.0451,1.0449,1.0449
1739902680,1.0449,1.0451,1.0449,1.045
1739902860,1.045,1.04525,1.04495,1.0452
1739903040,1.04515,1.0453,1.0451,1.04515
1739903220,1.04515,1.0453,1.0451,1.04525
1739903400,1.04525,1.04535,1.0451,1.0452
1739903580,1.04525,1.04535,1.0452,1.0453
1739903760,1.04535,1.04545,1.04525,1.04535
1739903940,1.04535,1.0455,1.04535,1.04535
1739904120,1.0454,1.0454,1.0452,1.0453
1739904300,1.0453,1.0453,1.0452,1.04525
1739904480,1.0452,1.0452,1.04505,1.04515
1739904660,1.0452,1.04565,1.0452,1.0456
1739904840,1.04565,1.04565,1.0455,1.0456
1739905020,1.0456,1.04575,1.0456,1.04575
1739905200,1.0457,1.0459,1.04555,1.0458
1739905380,1.04575,1.0459,1.04575,1.04575
1739905560,1.04575,1.0458,1.0456,1.04565
1739905740,1.04565,1.04575,1.04565,1.04565
1739905920,1.04565,1.04565,1.0454,1.04545
1739906100,1.04545,1.04585,1.04545,1.0458
1739906280,1.0458,1.0458,1.0457,1.0458
1739906460,1.0458,1.046,1.0458,1.0459
1739906640,1.04595,1.04605,1.0459,1.04595
1739906820,1.04595,1.04605,1.04595,1.04605
1739907000,1.046,1.0462,1.0459,1.0461
1739907180,1.04615,1.0462,1.0461,1.04615
1739907360,1.04615,1.04625,1.04615,1.04625
1739907540,1.04625,1.0463,1.04615,1.04625
1739907720,1.0463,1.0463,1.0462,1.0463
1739907900,1.04625,1.0463,1.04615,1.04615
1739908080,1.0461,1.04615,1.04605,1.04615
1739908260,1.04615,1.0462,1.04605,1.0461
1739908440,1.0461,1.04615,1.04595,1.04595
1739908620,1.0459,1.04595,1.0457,1.04585
1739908800,1.04585,1.0459,1.0455,1.04555
1739908980,1.0456,1.04585,1.0456,1.0458
1739909160,1.0458,1.0459,1.0458,1.04585
1739909340,1.04585,1.0459,1.04585,1.0459
1739909520,1.0459,1.046,1.0459,1.04595
1739909700,1.04595,1.04605,1.04575,1.04585
1739909880,1.04575,1.04575,1.0457,1.0457
1739910060,1.0457,1.0458,1.0456,1.0458
1739910240,1.0457,1.0458,1.0457,1.0458
1739910420,1.04575,1.04575,1.04555,1.04565
1739910600,1.04565,1.0458,1.04565,1.04575
1739910780,1.04575,1.04585,1.0457,1.04575
1739910960,1.0457,1.04585,1.0457,1.04585
1739911140,1.04585,1.0459,1.04585,1.0459
1739911320,1.04585,1.04585,1.0458,1.0458
1739911500,1.0458,1.04595,1.0458,1.04595
1739911680,1.04595,1.046,1.0459,1.046
1739911860,1.046,1.04605,1.0459,1.0459
1739912040,1.0459,1.046,1.0459,1.046
1739912220,1.046,1.04615,1.04595,1.04615
1739912400,1.04605,1.0462,1.0459,1.0461
1739912580,1.0461,1.0462,1.04605,1.0462
1739912760,1.04615,1.04625,1.04615,1.0462
1739912940,1.0462,1.0463,1.0462,1.0462
1739913120,1.04625,1.0463,1.0462,1.0462
1739913300,1.0463,1.0463,1.0462,1.0462
1739913480,1.0462,1.0462,1.04575,1.04595
1739913660,1.04595,1.04615,1.04585,1.04615
1739913840,1.0461,1.0461,1.046,1.046
1739914020,1.046,1.04605,1.0458,1.04595
1739914200,1.0459,1.0459,1.0459,1.0459
1739914380,1.04595,1.04595,1.04585,1.04585
1739914560,1.04585,1.0459,1.04585,1.0459
1739914740,1.0459,1.04595,1.04585,1.0459
1739914920,1.0459,1.046,1.0459,1.04595
1739915100,1.0459,1.04595,1.04585,1.04595
1739915280,1.04595,1.04605,1.04595,1.04605
1739915460,1.046,1.0461,1.04595,1.046
1739915640,1.04595,1.0461,1.04595,1.046
1739915820,1.04595,1.046,1.04585,1.0459
1739919600,1.04635,1.04635,1.04605,1.04615
1739919780,1.0461,1.04615,1.04605,1.0461
1739919960,1.04605,1.04625,1.046,1.04625
1739920140,1.04615,1.04615,1.0459,1.0459
1739920320,1.0459,1.04595,1.04585,1.04595
1739920500,1.04595,1.04595,1.04575,1.04585
1739920680,1.0458,1.0459,1.0458,1.0459
1739920860,1.04595,1.046,1.0459,1.0459
1739921040,1.0459,1.04595,1.0459,1.04595
1739921220,1.04595,1.04595,1.0459,1.04595
1739921400,1.04595,1.0461,1.0459,1.0461
1739921580,1.04605,1.0461,1.046,1.0461
1739921760,1.0461,1.0462,1.04605,1.0462
1739921940,1.04615,1.0462,1.04605,1.04605
1739922300,1.0461,1.0461,1.0461,1.0461
1739922480,1.04615,1.04615,1.04615,1.04615
1739922660,1.04615,1.04615,1.04605,1.04605
1739922840,1.04605,1.04605,1.04605,1.04605
1739923020,1.0461,1.0461,1.0461,1.0461
1739923200,1.0461,1.0461,1.0459,1.0459
1739923380,1.04595,1.04595,1.04585,1.0459
1739923560,1.0459,1.0459,1.04585,1.04585
1739923740,1.04585,1.04585,1.04575,1.04575
1739923920,1.0457,1.0458,1.0457,1.0458
1739924100,1.0458,1.04595,1.04575,1.04595
1739924280,1.04595,1.04605,1.04595,1.04595
1739924460,1.0459,1.046,1.0459,1.046
1739924640,1.04605,1.0462,1.04605,1.0462
1739924820,1.0462,1.0462,1.0461,1.0462
1739925000,1.04615,1.04615,1.0461,1.04615
1739925180,1.04615,1.04615,1.046,1.046
1739925360,1.04605,1.0461,1.04605,1.0461
1739925540,1.0461,1.0461,1.046,1.046
1739925720,1.046,1.04605,1.04595,1.04595
1739925900,1.0459,1.04595,1.04585,1.0459
1739926080,1.0459,1.0461,1.0459,1.0461
1739926260,1.04605,1.0461,1.04595,1.046
1739926440,1.04605,1.04605,1.04585,1.046
1739926620,1.046,1.046,1.04585,1.04585
1739926800,1.0459,1.04605,1.04565,1.0457
1739926980,1.0457,1.04575,1.0455,1.04565
1739927160,1.04565,1.04565,1.0455,1.04565
1739927340,1.04565,1.0459,1.04565,1.0459
1739927520,1.0459,1.04605,1.04585,1.046
1739927700,1.0459,1.04595,1.04585,1.0459
1739927880,1.0459,1.0461,1.04585,1.046
1739928060,1.04605,1.0461,1.04595,1.046
1739928240,1.04595,1.0461,1.04595,1.046
1739928420,1.04595,1.04595,1.04575,1.0459
1739928600,1.04585,1.046,1.0458,1.0458
1739928780,1.0458,1.04585,1.04565,1.04575
1739928960,1.0458,1.04585,1.04575,1.04575
1739929140,1.04575,1.0458,1.04565,1.04565
1739929320,1.04565,1.0457,1.0456,1.0456
1739929500,1.04565,1.04565,1.0454,1.04555
1739929680,1.0455,1.0457,1.0455,1.0457
1739929860,1.04565,1.0457,1.04555,1.0456
1739930040,1.04565,1.04575,1.04565,1.0457
1739930220,1.0457,1.04595,1.0457,1.04595
1739930400,1.04595,1.04605,1.0459,1.046
1739930580,1.04595,1.046,1.0458,1.0458
1739930760,1.0458,1.04595,1.0458,1.04595
1739930940,1.04595,1.0461,1.04595,1.04595
1739931120,1.04595,1.0461,1.04595,1.04605
1739931300,1.0461,1.0462,1.0461,1.0462
1739931480,1.04625,1.04625,1.04615,1.0462
1739931660,1.0462,1.04625,1.0462,1.04625
1739931840,1.04625,1.04625,1.0461,1.0462
1739932020,1.0462,1.04625,1.04615,1.04625
1739932200,1.04625,1.0464,1.0462,1.0464
1739932380,1.0464,1.0464,1.04625,1.04625
1739932560,1.04625,1.04625,1.0462,1.04625
1739932740,1.04625,1.0463,1.04625,1.0463
1739932920,1.04635,1.04635,1.0463,1.04635
1739933100,1.04635,1.04635,1.04625,1.04625
1739933280,1.04625,1.04635,1.0462,1.04635
1739933460,1.04635,1.0465,1.04635,1.04645
1739933640,1.0465,1.0465,1.04635,1.04645
1739933820,1.04645,1.04655,1.04645,1.0465
1739934000,1.04645,1.04645,1.0463,1.0464
1739934180,1.0464,1.0464,1.0463,1.0463
1739934360,1.04625,1.0463,1.0462,1.04625
1739934540,1.04625,1.0463,1.0462,1.0463
1739934720,1.0463,1.0463,1.0462,1.04625
1739934900,1.04625,1.04625,1.0462,1.0462
1739935080,1.0462,1.0462,1.0461,1.04615
1739935260,1.0462,1.0462,1.0462,1.0462
1739935440,1.0462,1.0462,1.04615,1.04615
1739935620,1.0462,1.0462,1.04615,1.0462
1739935800,1.0462,1.04625,1.0462,1.0462
1739935980,1.0462,1.0462,1.04615,1.04615
1739936160,1.04615,1.04615,1.04615,1.04615
1739936340,1.0462,1.0463,1.0462,1.0463
1739936520,1.0463,1.0464,1.04625,1.04635
1739936700,1.04635,1.04645,1.04635,1.04645
1739936880,1.04645,1.0465,1.04645,1.04645
1739937060,1.0464,1.0465,1.0464,1.04645
1739937240,1.04645,1.04645,1.0464,1.04645
1739937420,1.04645,1.0465,1.04645,1.04645
1739937600,1.04645,1.04645,1.0464,1.0464
1739937780,1.0464,1.0464,1.0463,1.04635
1739937960,1.0464,1.04655,1.0464,1.0465
1739938140,1.04645,1.0465,1.04645,1.04645
1739938320,1.04645,1.04655,1.04645,1.04655
1739938500,1.04655,1.04665,1.0463,1.04635
1739938680,1.04635,1.0464,1.0463,1.0464
1739938860,1.0464,1.04645,1.0464,1.0464
1739939040,1.04635,1.04635,1.0463,1.04635
1739939220,1.04635,1.04635,1.04625,1.04625
1739939400,1.0463,1.0463,1.0463,1.0463
1739939580,1.0463,1.0463,1.0462,1.0462
1739939760,1.04625,1.0463,1.04625,1.0463
1739939940,1.04635,1.0464,1.04635,1.04635
1739940120,1.04635,1.0464,1.04635,1.0464
1739940300,1.0464,1.0464,1.04635,1.04635
1739940480,1.0464,1.0464,1.04635,1.04635
1739940660,1.04645,1.04655,1.0464,1.04655
1739940840,1.04655,1.0466,1.04645,1.0465
1739941020,1.04655,1.04655,1.04655,1.04655
1739941200,1.0466,1.0466,1.04645,1.04655
1739941380,1.0465,1.0465,1.0465,1.0465
1739941560,1.0465,1.0465,1.04645,1.0465
1739941740,1.04655,1.04655,1.04645,1.04655
1739941920,1.0465,1.0465,1.04645,1.04645
1739942100,1.0465,1.0465,1.04645,1.04645
1739942280,1.04645,1.04645,1.0464,1.0464
1739942460,1.04635,1.0464,1.04625,1.04625
1739942640,1.0463,1.0463,1.0462,1.0462
1739942820,1.0462,1.0463,1.0462,1.0463
1739943000,1.04635,1.04635,1.04635,1.04635
1739943180,1.04635,1.0465,1.04635,1.0465
1739943360,1.04655,1.04655,1.0465,1.04655
1739943540,1.0466,1.04675,1.04655,1.04665
1739943720,1.0467,1.0467,1.04665,1.0467
1739943900,1.04675,1.04675,1.0467,1.04675
1739944080,1.04675,1.04685,1.04675,1.0468
1739944260,1.04675,1.04685,1.04675,1.04685
1739944440,1.0469,1.0469,1.04665,1.04665
1739944620,1.04665,1.04695,1.0466,1.0469
1739944800,1.0469,1.047,1.0469,1.04695
1739944980,1.04695,1.047,1.04685,1.0469
1739945160,1.0469,1.0472,1.0469,1.04715
1739945340,1.0472,1.0473,1.0471,1.04725
1739945520,1.0473,1.0473,1.0472,1.04725
1739945700,1.04725,1.0473,1.0472,1.0472
1739945880,1.0472,1.04725,1.0471,1.0472
1739946060,1.0472,1.04725,1.04715,1.04725
1739946240,1.0473,1.04735,1.0472,1.04735
1739946420,1.04735,1.0474,1.04725,1.04735
1739946600,1.0474,1.0474,1.04725,1.0473
1739946780,1.04735,1.0474,1.0473,1.04735
1739946960,1.04735,1.04735,1.0471,1.0471
1739947140,1.0471,1.04715,1.04705,1.04715
1739947320,1.04715,1.04725,1.0471,1.04715
1739947500,1.04715,1.04715,1.047,1.0471
1739947680,1.04705,1.0471,1.04695,1.047
1739947860,1.047,1.04705,1.04695,1.04705
1739948040,1.047,1.04705,1.04685,1.04685
1739948220,1.04685,1.04685,1.04675,1.0468
1739948400,1.0468,1.04725,1.04675,1.04695
1739948580,1.04695,1.047,1.0468,1.04695
1739948760,1.04695,1.04695,1.04675,1.0468
1739948940,1.04675,1.04685,1.0467,1.0467
1739949120,1.04665,1.0467,1.04655,1.0467
1739949300,1.04665,1.04685,1.04665,1.0468
1739949480,1.04685,1.04705,1.04675,1.04675
1739949660,1.04675,1.0468,1.04665,1.0467
1739949840,1.04675,1.04675,1.04655,1.04665
1739950020,1.04665,1.0467,1.0466,1.04665
1739950200,1.0466,1.0467,1.04645,1.04645
1739950380,1.04645,1.0465,1.0462,1.0463
1739950560,1.04635,1.0464,1.0463,1.0463
1739950740,1.0463,1.04645,1.04615,1.0464
1739950920,1.0464,1.0467,1.0464,1.0467
1739951100,1.0467,1.04685,1.04665,1.04685
1739951280,1.0469,1.047,1.0469,1.04695
1739951460,1.04695,1.04695,1.0468,1.04685
1739951640,1.04685,1.04685,1.0465,1.0465
1739951820,1.0465,1.04655,1.04635,1.04645
1739952000,1.04645,1.04655,1.0462,1.0464
1739952180,1.0464,1.0464,1.0462,1.0464
1739952360,1.04635,1.0464,1.0462,1.04635
1739952540,1.0464,1.04645,1.04635,1.04645
1739952720,1.0464,1.0467,1.0464,1.0467
1739952900,1.0467,1.04695,1.04655,1.04655
1739953080,1.0465,1.0466,1.04635,1.0465
1739953260,1.0465,1.0466,1.04635,1.04645
1739953440,1.04645,1.04645,1.0462,1.04625
1739953620,1.0462,1.04625,1.0461,1.0462
1739953800,1.0462,1.04655,1.0462,1.0465
1739953980,1.0465,1.0467,1.0465,1.04665
1739954160,1.04665,1.04665,1.04635,1.04645
1739954340,1.04645,1.04655,1.0461,1.0461
1739954520,1.04615,1.0463,1.046,1.0461
1739954700,1.0461,1.0461,1.04585,1.0459
1739954880,1.0459,1.04605,1.04565,1.0457
1739955060,1.04565,1.0458,1.04555,1.04565
1739955240,1.04565,1.0458,1.0455,1.0455
1739955420,1.0455,1.0455,1.0452,1.04535
1739955600,1.04535,1.04535,1.0448,1.04505
1739955780,1.045,1.04525,1.04495,1.0452
1739955960,1.04525,1.04545,1.0452,1.04535
1739956140,1.04535,1.0454,1.04525,1.0453
1739956320,1.0453,1.04545,1.0453,1.0454
1739956500,1.0454,1.0456,1.0454,1.0456
1739956680,1.0456,1.0456,1.0454,1.0455
1739956860,1.04545,1.04565,1.04545,1.0456
1739957040,1.04555,1.04555,1.0453,1.04545
1739957220,1.04545,1.04545,1.04535,1.04545
1739957400,1.0454,1.0456,1.0454,1.0455
1739957580,1.04555,1.0456,1.0453,1.04535
1739957760,1.0453,1.0453,1.0452,1.04525
1739957940,1.04525,1.0453,1.0447,1.0449
1739958120,1.04485,1.04485,1.0447,1.0448
1739958300,1.0448,1.045,1.04475,1.04495
1739958480,1.04495,1.04505,1.0449,1.04505
1739958660,1.045,1.04505,1.0445,1.04475
1739958840,1.0447,1.04475,1.04435,1.04435
1739959020,1.04435,1.04445,1.0441,1.04425
1739959200,1.0442,1.0443,1.04395,1.04415
1739959380,1.0441,1.04415,1.04395,1.04405
1739959560,1.04405,1.0441,1.0438,1.044
1739959740,1.044,1.044,1.0437,1.04375
1739959920,1.04375,1.04415,1.04375,1.0441
1739960100,1.0441,1.04415,1.044,1.044
1739960280,1.044,1.044,1.0438,1.04395
1739960460,1.04395,1.04415,1.04385,1.0441
1739960640,1.0441,1.0441,1.04385,1.04405
1739960820,1.04405,1.04405,1.04385,1.04395
1739961000,1.04395,1.0441,1.0439,1.0441
1739961180,1.0441,1.0441,1.0438,1.04385
1739961360,1.04385,1.04385,1.0437,1.04375
1739961540,1.0437,1.04375,1.04335,1.0434
1739961720,1.0434,1.0435,1.04335,1.0434
1739961900,1.04345,1.0435,1.04335,1.0434
1739962080,1.0434,1.0434,1.04315,1.0434
1739962260,1.0434,1.0436,1.04325,1.0436
1739962440,1.0436,1.0436,1.04335,1.04355
1739962620,1.0435,1.0437,1.0435,1.0437
1739962800,1.0437,1.04435,1.0435,1.0441
1739962980,1.04405,1.0445,1.04385,1.0444
1739963160,1.0444,1.0446,1.04425,1.0444
1739963340,1.04445,1.04445,1.0443,1.04435
1739963520,1.0443,1.0444,1.04405,1.0444
1739963700,1.0444,1.04445,1.0442,1.04425
1739963880,1.04425,1.04435,1.0441,1.04435
1739964060,1.04435,1.04435,1.04395,1.0442
1739964240,1.0442,1.0442,1.044,1.044
1739964420,1.04395,1.04405,1.0439,1.04395
1739964600,1.04395,1.0441,1.04395,1.04405
1739964780,1.044,1.044,1.04365,1.044
1739964960,1.044,1.0441,1.0436,1.0437
1739965140,1.0437,1.04375,1.04345,1.0436
1739965320,1.0436,1.04385,1.04355,1.0436
1739965500,1.04355,1.0437,1.04345,1.04365
1739965680,1.0436,1.0437,1.04355,1.0436
1739965860,1.0436,1.0436,1.0433,1.0435
1739966040,1.0435,1.0438,1.04345,1.04375
1739966220,1.04375,1.0438,1.04365,1.04375
1739966400,1.04375,1.04375,1.0435,1.04355
1739966580,1.0436,1.04385,1.04355,1.04365
1739966760,1.04365,1.04385,1.04355,1.04385
1739966940,1.0438,1.04385,1.0436,1.0438
1739967120,1.0438,1.044,1.04375,1.04395
1739967300,1.044,1.04415,1.044,1.044
1739967480,1.04405,1.0444,1.044,1.044
1739967660,1.0441,1.04415,1.04395,1.04405
1739967840,1.04405,1.04405,1.04375,1.0438
1739968020,1.0438,1.0438,1.0436,1.0437
1739968200,1.0437,1.0438,1.04365,1.04375
1739968380,1.0438,1.0438,1.04365,1.0437
1739968560,1.0437,1.0439,1.0436,1.0439
1739968740,1.0439,1.04395,1.0438,1.04395
1739968920,1.0439,1.0442,1.0439,1.0442
1739969100,1.0442,1.0443,1.04405,1.04405
1739969280,1.04405,1.0441,1.0439,1.04395
1739969460,1.04395,1.0442,1.04385,1.0441
1739969640,1.04415,1.0443,1.0441,1.0443
1739969820,1.0443,1.04455,1.04405,1.04415
1739970000,1.0442,1.04455,1.0441,1.04445
1739970180,1.04445,1.0447,1.04445,1.04465
1739970360,1.04465,1.04485,1.04465,1.0447
1739970540,1.04465,1.0448,1.04465,1.0447
1739970720,1.04475,1.04475,1.04445,1.0445
1739970900,1.04445,1.0446,1.04415,1.04415
1739971080,1.0442,1.0442,1.044,1.04405
1739971260,1.044,1.04415,1.0438,1.04385
1739971440,1.04385,1.04405,1.04385,1.04405
1739971620,1.044,1.0443,1.044,1.0442
1739971800,1.0443,1.0443,1.044,1.044
1739971980,1.04405,1.04425,1.044,1.0442
1739972160,1.0442,1.0444,1.0441,1.0442
1739972340,1.0442,1.0444,1.0441,1.04425
1739972520,1.0443,1.0445,1.0443,1.0444
1739972700,1.04445,1.0448,1.04445,1.0447
1739972880,1.0447,1.04475,1.04455,1.04475
1739973060,1.04475,1.0448,1.04435,1.0445
1739973240,1.04455,1.0448,1.04445,1.0447
1739973420,1.04475,1.04475,1.04465,1.04465
1739973600,1.04465,1.04465,1.0445,1.0446
1739973780,1.0446,1.04475,1.0444,1.0444
1739973960,1.0444,1.0447,1.0443,1.0445
1739974140,1.0445,1.0447,1.04445,1.04465
1739974320,1.0446,1.0447,1.0445,1.0445
1739974500,1.0445,1.04465,1.0445,1.0445
1739974680,1.0445,1.0445,1.0443,1.0444
1739974860,1.0444,1.04475,1.04435,1.04465
1739975040,1.04465,1.04465,1.0441,1.0442
1739975220,1.04415,1.0443,1.04405,1.0443
1739975400,1.0443,1.04445,1.04425,1.0444
1739975580,1.0444,1.04455,1.04405,1.0442
1739975760,1.04415,1.0445,1.04405,1.0444
1739975940,1.04445,1.04475,1.04445,1.0445
1739976120,1.04445,1.0446,1.0444,1.0445
1739976300,1.04455,1.0447,1.04445,1.0446
1739976480,1.04465,1.0447,1.0444,1.04455
1739976660,1.0446,1.0448,1.0445,1.04455
1739976840,1.0446,1.04505,1.0446,1.045
1739977020,1.045,1.0451,1.0446,1.0447
1739977200,1.04475,1.0449,1.0446,1.0447
1739977380,1.0447,1.0447,1.04445,1.0446
1739977560,1.0446,1.04495,1.0446,1.0447
1739977740,1.0447,1.04495,1.0446,1.0447
1739977920,1.0447,1.0448,1.0445,1.04455
1739978100,1.04455,1.0447,1.04455,1.0447
1739978280,1.04475,1.0448,1.0444,1.04445
1739978460,1.04445,1.0448,1.0444,1.04475
1739978640,1.04475,1.0448,1.0443,1.0445
1739978820,1.0445,1.0446,1.0444,1.0445
1739979000,1.0445,1.0454,1.04435,1.0447
1739979180,1.04475,1.04535,1.0445,1.0452
1739979360,1.0452,1.04545,1.04455,1.0446
1739979540,1.04465,1.04475,1.04445,1.0445
1739979720,1.0445,1.0445,1.0442,1.0444
1739979900,1.0444,1.0445,1.0443,1.0444
1739980080,1.0444,1.0444,1.0438,1.04415
1739980260,1.04415,1.04415,1.0437,1.04385
1739980440,1.04385,1.04385,1.0435,1.04355
1739980620,1.04355,1.04385,1.0435,1.04375
1739980800,1.0437,1.04385,1.04345,1.04345
1739980980,1.04345,1.0435,1.04245,1.0426
1739981160,1.04255,1.043,1.04255,1.0428
1739981340,1.04275,1.04305,1.04275,1.043
1739981520,1.043,1.04335,1.043,1.04305
1739981700,1.04305,1.0432,1.0425,1.0425
1739981880,1.04245,1.04245,1.0419,1.042
1739982060,1.04195,1.04215,1.0419,1.042
1739982240,1.042,1.0421,1.04195,1.0421
1739982420,1.0421,1.04215,1.0419,1.042
1739982600,1.04195,1.04235,1.0419,1.0423
1739982780,1.04235,1.0425,1.04225,1.0424
1739982960,1.0424,1.04255,1.0423,1.04245
1739983140,1.04245,1.0428,1.04245,1.04265
1739983320,1.0426,1.04265,1.04235,1.0425
1739983500,1.0425,1.04255,1.04215,1.0423
1739983680,1.04235,1.04245,1.0421,1.04235
1739983860,1.04235,1.04235,1.0421,1.04215
1739984040,1.0421,1.0422,1.0418,1.0418
1739984220,1.04175,1.04195,1.0417,1.04175
1739984400,1.04175,1.04185,1.04165,1.0418
1739984580,1.04175,1.0418,1.0415,1.04155
1739984760,1.0415,1.0418,1.0414,1.0417
1739984940,1.0417,1.0421,1.0417,1.04185
1739985120,1.04185,1.04205,1.04175,1.04185
1739985300,1.0419,1.04225,1.0419,1.04215
1739985480,1.04215,1.0424,1.0421,1.0424
1739985660,1.0424,1.0424,1.0422,1.04225
1739985840,1.0423,1.0424,1.04205,1.04215
1739986020,1.04215,1.04245,1.0421,1.0423
1739986200,1.0423,1.04255,1.0423,1.04255
1739986380,1.0425,1.0426,1.0422,1.04225
1739986560,1.04225,1.0423,1.0421,1.0422
1739986740,1.04215,1.04215,1.04185,1.042
1739986920,1.042,1.04205,1.0419,1.042
1739987100,1.042,1.0422,1.04195,1.04215
1739987280,1.04215,1.04235,1.0421,1.04235
1739987460,1.0423,1.04235,1.0421,1.0423
1739987640,1.04225,1.04235,1.04215,1.04225
1739987820,1.04225,1.04235,1.04215,1.04225
1739988000,1.04225,1.0425,1.04225,1.04235
1739988180,1.0423,1.0425,1.04225,1.04225
1739988360,1.04225,1.04235,1.0422,1.0422
1739988540,1.0422,1.0423,1.04215,1.04225
1739988720,1.04225,1.04225,1.04215,1.0422
1739988900,1.04225,1.04235,1.04225,1.0423
1739989080,1.0423,1.04255,1.0423,1.04255
1739989260,1.04245,1.04265,1.04245,1.04255
1739989440,1.0425,1.0426,1.0424,1.04255
1739989620,1.0425,1.0426,1.04245,1.0425
1739989800,1.04255,1.04275,1.0425,1.04275
1739989980,1.04275,1.0431,1.0427,1.0431
1739990160,1.0431,1.0431,1.04295,1.043
1739990340,1.04305,1.04325,1.04305,1.0432
1739990520,1.04325,1.0433,1.04315,1.04325
1739990700,1.04325,1.0435,1.0431,1.04325
1739990880,1.04325,1.0433,1.0431,1.04325
1739991060,1.04325,1.0433,1.043,1.0433
1739991240,1.04325,1.0433,1.04315,1.0433
1739991420,1.0433,1.0433,1.0431,1.0433
1739991600,1.0432,1.04365,1.0431,1.0435
1739991780,1.04345,1.04345,1.0432,1.0434
1739991960,1.0434,1.04375,1.04335,1.0437
1739992140,1.0437,1.04375,1.0436,1.0437
1739992320,1.0437,1.044,1.0437,1.04395
1739992500,1.0439,1.04415,1.04385,1.04385
1739992680,1.04385,1.0443,1.0438,1.04425
1739992860,1.04425,1.04435,1.0442,1.04425
1739993040,1.0443,1.04435,1.04405,1.04415
1739993220,1.0442,1.0445,1.0442,1.04445
1739993400,1.0444,1.0444,1.04405,1.04405
1739993580,1.0441,1.0441,1.0438,1.0438
1739993760,1.04385,1.04385,1.04355,1.04365
1739993940,1.04365,1.044,1.0436,1.04395
1739994120,1.04395,1.044,1.0438,1.044
1739994300,1.04395,1.04395,1.0437,1.0438
1739994480,1.0438,1.0439,1.0438,1.0439
1739994660,1.0439,1.0439,1.04375,1.0438
1739994840,1.0438,1.04385,1.04355,1.04365
1739995020,1.04365,1.0439,1.0436,1.04385
1739995200,1.04385,1.0439,1.04375,1.0438
1739995380,1.0438,1.0438,1.04365,1.04365
1739995560,1.04365,1.0437,1.04355,1.0436
1739995740,1.04365,1.0438,1.04365,1.0437
1739995920,1.04365,1.0439,1.04365,1.04375
1739996100,1.04375,1.04385,1.04375,1.04385
1739996280,1.0439,1.0439,1.04365,1.04365
1739996460,1.04365,1.04365,1.04355,1.0436
1739996640,1.04365,1.0437,1.0436,1.0436
1739996820,1.04365,1.04365,1.0434,1.0436
1739997000,1.04365,1.04385,1.04365,1.04375
1739997180,1.04375,1.04375,1.04355,1.04355
1739997360,1.0436,1.0436,1.0434,1.04345
1739997540,1.04345,1.0436,1.0434,1.04355
1739997720,1.0435,1.04365,1.0435,1.0436
1739997900,1.0436,1.0436,1.0435,1.0436
1739998080,1.04365,1.0438,1.04365,1.04375
1739998260,1.04375,1.04385,1.04365,1.0437
1739998440,1.04375,1.0438,1.0437,1.04375
1739998620,1.04375,1.04385,1.04375,1.04385
1739998800,1.0438,1.04385,1.0437,1.0437
1739998980,1.0437,1.04375,1.0437,1.04375
1739999160,1.04375,1.0438,1.04375,1.04375
1739999340,1.04375,1.0438,1.04375,1.04375
1739999520,1.0438,1.04385,1.04375,1.0438
1739999700,1.0438,1.04385,1.0438,1.04385
1739999880,1.04385,1.0439,1.04385,1.0439
1740000060,1.0439,1.04395,1.0439,1.04395
1740000240,1.0439,1.0439,1.04385,1.04385
1740000420,1.04385,1.0439,1.04385,1.0439
1740000600,1.04385,1.04385,1.0437,1.04375
1740000780,1.04375,1.0438,1.0437,1.04375
1740000960,1.04375,1.04385,1.04365,1.04365
1740001140,1.04365,1.04365,1.04355,1.0436
1740001320,1.04365,1.0437,1.04365,1.04365
1740001500,1.0437,1.04375,1.0437,1.04375
1740001680,1.04375,1.0438,1.0437,1.0437
1740001860,1.0437,1.04375,1.04355,1.04365
1740002040,1.04375,1.04375,1.0436,1.0436
1740002220,1.04355,1.04365,1.0435,1.0436
1740006000,1.04355,1.0437,1.0435,1.0437
1740006180,1.04365,1.0437,1.0436,1.04365
1740006360,1.04365,1.04365,1.0436,1.0436
1740006540,1.0436,1.0436,1.04345,1.04345
1740006720,1.0435,1.0435,1.0435,1.0435
1740006900,1.04355,1.0437,1.0435,1.0436
1740007080,1.04365,1.04365,1.04365,1.04365
1740007260,1.04365,1.04375,1.0436,1.0436
1740007440,1.04355,1.0436,1.04355,1.0436
1740007620,1.04355,1.04355,1.0434,1.0435
1740007800,1.04345,1.04345,1.0433,1.0433
1740007980,1.04335,1.04335,1.0433,1.0433
1740008160,1.0433,1.0433,1.04325,1.04325
1740008340,1.0432,1.04325,1.0432,1.0432
1740008520,1.0432,1.0433,1.0432,1.04325
1740008700,1.04325,1.0433,1.0432,1.04325
1740008880,1.04325,1.04325,1.04325,1.04325
1740009060,1.04325,1.0433,1.04325,1.04325
1740009240,1.0432,1.0432,1.04315,1.04315
1740009420,1.04315,1.04325,1.04315,1.04325
1740009600,1.04325,1.0435,1.04325,1.0435
1740009780,1.04345,1.0435,1.04345,1.0435
1740009960,1.04355,1.0436,1.0435,1.04355
1740010140,1.04355,1.0436,1.04335,1.0434
1740010320,1.04345,1.0435,1.0434,1.04345
1740010500,1.04345,1.04345,1.0433,1.04335
1740010680,1.04335,1.04345,1.04325,1.0433
1740010860,1.04325,1.0433,1.04315,1.04315
1740011040,1.0431,1.04325,1.0431,1.0432
1740011220,1.0432,1.04335,1.0431,1.04335
1740011400,1.0434,1.0435,1.0432,1.04325
1740011580,1.04325,1.04335,1.04315,1.04335
1740011760,1.04335,1.04355,1.04335,1.04355
1740011940,1.0436,1.04365,1.0436,1.0436
1740012120,1.0436,1.0439,1.0436,1.0438
1740012300,1.04375,1.04385,1.04375,1.0438
1740012480,1.0438,1.04395,1.04375,1.04395
1740012660,1.04395,1.044,1.04385,1.04385
1740012840,1.0439,1.04415,1.0439,1.0441
1740013020,1.0441,1.04415,1.044,1.04405
1740013200,1.0441,1.04425,1.04405,1.04425
1740013380,1.04425,1.04435,1.04415,1.04435
1740013560,1.04435,1.0444,1.04425,1.0444
1740013740,1.0444,1.0444,1.04425,1.04435
1740013920,1.04435,1.0444,1.0442,1.04435
1740014100,1.04435,1.04435,1.04415,1.0442
1740014280,1.04425,1.04435,1.04415,1.04415
1740014460,1.04415,1.04425,1.04405,1.0441
1740014640,1.0441,1.0441,1.044,1.044
1740014820,1.04405,1.04405,1.04375,1.0438
1740015000,1.04375,1.04375,1.04365,1.0437
1740015180,1.04365,1.0438,1.0435,1.0435
1740015360,1.04345,1.04365,1.0434,1.04365
1740015540,1.04365,1.04365,1.04335,1.04335
1740015720,1.0433,1.04345,1.04325,1.0434
1740015900,1.04335,1.04335,1.04305,1.04315
1740016080,1.0431,1.0433,1.04305,1.0433
1740016260,1.04325,1.04335,1.0432,1.04335
1740016440,1.0433,1.04345,1.0433,1.0434
1740016620,1.04335,1.04335,1.04325,1.0433
1740016800,1.0432,1.04335,1.04315,1.04335
1740016980,1.0434,1.0435,1.0434,1.04345
1740017160,1.04345,1.0438,1.04345,1.0438
1740017340,1.0438,1.0441,1.0438,1.0441
1740017520,1.0441,1.0441,1.04395,1.044
1740017700,1.044,1.04405,1.0439,1.04405
1740017880,1.044,1.0441,1.04385,1.0439
1740018060,1.04385,1.0441,1.04385,1.0439
1740018240,1.0439,1.044,1.04385,1.04385
1740018420,1.04375,1.04375,1.04365,1.04365
1740018600,1.0437,1.0438,1.04355,1.04355
1740018780,1.04355,1.04365,1.0435,1.0435
1740018960,1.0435,1.04445,1.0434,1.04435
1740019140,1.0444,1.0444,1.044,1.0444
1740019320,1.0444,1.0445,1.0443,1.04435
1740019500,1.04435,1.04435,1.044,1.04405
1740019680,1.04405,1.04445,1.04405,1.04445
1740019860,1.0445,1.0449,1.0445,1.04485
1740020040,1.04485,1.0449,1.0447,1.04475
1740020220,1.04475,1.0448,1.0447,1.0447
1740020400,1.04475,1.04475,1.0445,1.0446
1740020580,1.0446,1.04465,1.04455,1.0446
1740020760,1.04465,1.04465,1.0444,1.04445
1740020940,1.04445,1.0445,1.0444,1.04445
1740021120,1.04445,1.0445,1.0443,1.0443
1740021300,1.0443,1.0443,1.04405,1.0441
1740021480,1.04415,1.0442,1.04415,1.0442
1740021660,1.0442,1.0443,1.04415,1.04415
1740021840,1.04415,1.04415,1.044,1.044
1740022020,1.04395,1.04405,1.0438,1.04405
1740022200,1.044,1.04405,1.0439,1.04405
1740022380,1.04405,1.04425,1.04405,1.04425
1740022560,1.0443,1.0444,1.0443,1.0444
1740022740,1.04435,1.0444,1.0443,1.04435
1740022920,1.04435,1.04455,1.04435,1.04445
1740023100,1.04445,1.04455,1.0444,1.0445
1740023280,1.04445,1.04465,1.04445,1.04455
1740023460,1.04455,1.04455,1.0444,1.04445
1740023640,1.04445,1.04445,1.04435,1.0444
1740023820,1.0444,1.0444,1.04425,1.0443
1740024000,1.0443,1.04435,1.04405,1.04405
1740024180,1.0441,1.0441,1.044,1.044
1740024360,1.044,1.0441,1.04395,1.04405
1740024540,1.044,1.04415,1.044,1.04415
1740024720,1.0441,1.0441,1.04395,1.04395
1740024900,1.04395,1.04405,1.0439,1.0439
1740025080,1.0439,1.04405,1.0439,1.04405
1740025260,1.04405,1.04405,1.0438,1.0438
1740025440,1.04385,1.04405,1.04385,1.044
1740025620,1.04405,1.04405,1.0438,1.0438
1740025800,1.0438,1.0438,1.04355,1.0437
1740025980,1.0436,1.04375,1.04355,1.04375
1740026160,1.0438,1.0439,1.0438,1.0438
1740026340,1.0439,1.044,1.0438,1.04385
1740026520,1.04385,1.0439,1.0438,1.0439
1740026700,1.04385,1.0439,1.0438,1.0439
1740026880,1.0439,1.04395,1.0439,1.0439
1740027060,1.044,1.0441,1.044,1.0441
1740027240,1.0441,1.0442,1.0441,1.0441
1740027420,1.04415,1.0443,1.04415,1.0442
1740027600,1.0442,1.04425,1.0441,1.0441
1740027780,1.04415,1.0443,1.0441,1.0442
1740027960,1.0442,1.0444,1.0442,1.0444
1740028140,1.04435,1.0444,1.0443,1.04435
1740028320,1.04435,1.04445,1.0443,1.0444
1740028500,1.0444,1.04455,1.0444,1.04455
1740028680,1.04455,1.0446,1.0445,1.04455
1740028860,1.04455,1.04455,1.0444,1.0444
1740029040,1.0444,1.0444,1.04425,1.04425
1740029220,1.04425,1.0443,1.0442,1.0443
1740029400,1.0443,1.0443,1.04415,1.0442
1740029580,1.0442,1.0442,1.04405,1.0441
1740029760,1.0441,1.04415,1.04405,1.04405
1740029940,1.04405,1.04405,1.044,1.04405
1740030120,1.04405,1.04405,1.04395,1.044
1740030300,1.04395,1.04405,1.04395,1.044
1740030480,1.044,1.0443,1.044,1.0441
1740030660,1.04415,1.04415,1.0441,1.0441
1740030840,1.0441,1.0441,1.0439,1.04395
1740031020,1.04395,1.04395,1.04385,1.04395
1740031200,1.04395,1.044,1.04385,1.044
1740031380,1.04405,1.04415,1.044,1.04415
1740031560,1.0441,1.04435,1.04405,1.04435
1740031740,1.04435,1.04435,1.04425,1.04425
1740031920,1.04425,1.04425,1.04415,1.04415
1740032100,1.0442,1.0443,1.0442,1.0443
1740032280,1.04425,1.0446,1.04425,1.04455
1740032460,1.04455,1.0446,1.04445,1.04455
1740032640,1.04455,1.04455,1.0444,1.0445
1740032820,1.0445,1.04455,1.04435,1.0444
1740033000,1.04445,1.0445,1.04435,1.04445
1740033180,1.0445,1.0445,1.04435,1.0444
1740033360,1.04435,1.0444,1.04425,1.04435
1740033540,1.04435,1.0444,1.0442,1.0444
1740033720,1.0444,1.04445,1.04415,1.04415
1740033900,1.0442,1.0442,1.04405,1.0441
1740034080,1.0441,1.0442,1.044,1.0442
1740034260,1.0442,1.0442,1.04405,1.04405
1740034440,1.044,1.04405,1.0438,1.0438
1740034620,1.0438,1.0438,1.04365,1.0437
1740034800,1.04375,1.04375,1.0435,1.0436
1740034980,1.0436,1.0437,1.04355,1.0437
1740035160,1.04375,1.0441,1.0437,1.0439
1740035340,1.0439,1.0439,1.0437,1.04385
1740035520,1.04385,1.0439,1.04375,1.0439
1740035700,1.0439,1.0443,1.0439,1.0443
1740035880,1.04435,1.04435,1.0439,1.0439
1740036060,1.0439,1.04405,1.0439,1.04405
1740036240,1.04405,1.04425,1.044,1.04425
1740036420,1.0442,1.0442,1.0439,1.044
1740036600,1.04405,1.04425,1.04405,1.0442
1740036780,1.04425,1.0443,1.04415,1.0442
1740036960,1.0442,1.0443,1.04405,1.04405
1740037140,1.04405,1.04415,1.044,1.04405
1740037320,1.04405,1.0441,1.0438,1.04405
1740037500,1.044,1.0442,1.044,1.0442
1740037680,1.0442,1.0444,1.0442,1.0443
1740037860,1.0443,1.04435,1.04425,1.0443
1740038040,1.0443,1.04455,1.04415,1.0445
1740038220,1.0445,1.0445,1.04425,1.0443
1740038400,1.0443,1.0446,1.0443,1.04455
1740038580,1.0446,1.04505,1.04455,1.04505
1740038760,1.04505,1.04515,1.0449,1.04505
1740038940,1.0451,1.04515,1.04495,1.04495
1740039120,1.045,1.04525,1.045,1.0452
1740039300,1.0452,1.0452,1.04495,1.0451
1740039480,1.04505,1.04505,1.04485,1.04485
1740039660,1.0449,1.04495,1.0447,1.04485
1740039840,1.0449,1.04495,1.0448,1.0449
1740040020,1.0449,1.04515,1.04485,1.04515
1740040200,1.0451,1.04535,1.045,1.04505
1740040380,1.04505,1.04505,1.04465,1.04475
1740040560,1.0447,1.0447,1.04425,1.0444
1740040740,1.0444,1.0444,1.0442,1.0443
1740040920,1.0443,1.0444,1.04415,1.0442
1740041100,1.0442,1.04445,1.0442,1.0443
1740041280,1.0443,1.0444,1.04415,1.0442
1740041460,1.04415,1.0444,1.04415,1.0444
1740041640,1.0444,1.04465,1.04435,1.04455
1740041820,1.04455,1.04465,1.0445,1.0445
1740042000,1.0445,1.04455,1.0443,1.0443
1740042180,1.04435,1.04435,1.04415,1.0443
1740042360,1.0443,1.04445,1.04415,1.0444
1740042540,1.0444,1.04455,1.0444,1.04455
1740042720,1.04455,1.04475,1.04445,1.04465
1740042900,1.0447,1.0448,1.04465,1.04475
1740043080,1.04475,1.04495,1.0447,1.0449
1740043260,1.0449,1.04495,1.0447,1.04475
1740043440,1.04475,1.04475,1.0445,1.04465
1740043620,1.04465,1.04465,1.04435,1.04445
1740043800,1.0445,1.04455,1.04435,1.04435
1740043980,1.0443,1.0444,1.0442,1.0443
1740044160,1.0443,1.04435,1.04415,1.04425
1740044340,1.0442,1.0442,1.044,1.04405
1740044520,1.04405,1.04435,1.04405,1.0443
1740044700,1.04435,1.0444,1.04425,1.04435
1740044880,1.0444,1.04455,1.0444,1.0445
1740045060,1.04455,1.04475,1.04455,1.04475
1740045240,1.04475,1.04485,1.0446,1.0447
1740045420,1.04475,1.04495,1.04475,1.04485
1740045600,1.0448,1.0448,1.0446,1.0447
1740045780,1.04475,1.0451,1.04465,1.04505
1740045960,1.0451,1.0452,1.04505,1.0451
1740046140,1.04505,1.04535,1.04505,1.0452
1740046320,1.0452,1.04545,1.04515,1.04525
1740046500,1.04525,1.04525,1.0447,1.04475
1740046680,1.0448,1.04515,1.0448,1.04515
1740046860,1.0451,1.04525,1.04505,1.04525
1740047040,1.0452,1.04535,1.04515,1.04525
1740047220,1.0452,1.04535,1.04515,1.0453
1740047400,1.04535,1.04535,1.045,1.0451
1740047580,1.04505,1.04515,1.045,1.04515
1740047760,1.04515,1.0452,1.0451,1.04515
1740047940,1.0452,1.04545,1.0452,1.04535
1740048120,1.04535,1.0454,1.04525,1.04535
1740048300,1.04535,1.0456,1.0452,1.0452
1740048480,1.0452,1.04545,1.0452,1.0454
1740048660,1.0454,1.04545,1.0453,1.04545
1740048840,1.04545,1.04555,1.04535,1.0454
1740049020,1.04545,1.0455,1.0453,1.04535
1740049200,1.04545,1.04565,1.0454,1.04565
1740049380,1.0456,1.04575,1.0455,1.0455
1740049560,1.0455,1.0456,1.0455,1.0456
1740049740,1.0456,1.0458,1.0456,1.0457
1740049920,1.0457,1.0458,1.04565,1.04565
1740050100,1.0456,1.04575,1.04555,1.04565
1740050280,1.0456,1.0456,1.0454,1.0455
1740050460,1.0455,1.04555,1.0453,1.0453
1740050640,1.04535,1.04535,1.04515,1.0452
1740050820,1.04525,1.04535,1.04515,1.04515
1740051000,1.0451,1.04515,1.0449,1.045
1740051180,1.045,1.045,1.04475,1.0448
1740051360,1.04485,1.04485,1.04465,1.0447
1740051540,1.0447,1.04475,1.0446,1.04465
1740051720,1.0447,1.04475,1.04465,1.04465
1740051900,1.04465,1.04465,1.0444,1.04445
1740052080,1.04445,1.04445,1.04425,1.0443
1740052260,1.0443,1.04455,1.0443,1.04455
1740052440,1.04455,1.0447,1.04455,1.0447
1740052620,1.0447,1.045,1.0447,1.045
1740052800,1.045,1.04505,1.0448,1.0448
1740052980,1.0448,1.0455,1.0448,1.04545
1740053160,1.0455,1.04555,1.04515,1.04515
1740053340,1.0452,1.04525,1.04505,1.04505
1740053520,1.045,1.04515,1.0447,1.04515
1740053700,1.0451,1.0453,1.045,1.0452
1740053880,1.0452,1.0454,1.04505,1.0453
1740054060,1.04525,1.0453,1.04505,1.0451
1740054240,1.0451,1.04525,1.0446,1.0446
1740054420,1.04465,1.04465,1.0445,1.04465
1740054600,1.04465,1.0448,1.0445,1.04475
1740054780,1.04475,1.0451,1.04475,1.04505
1740054960,1.04505,1.04505,1.04485,1.04495
1740055140,1.04495,1.04515,1.0449,1.045
1740055320,1.04505,1.04525,1.045,1.04515
1740055500,1.0451,1.0451,1.0447,1.04475
1740055680,1.04475,1.0449,1.04465,1.04465
1740055860,1.0446,1.04485,1.0446,1.0447
1740056040,1.04475,1.0448,1.04455,1.04465
1740056220,1.04465,1.04495,1.0446,1.04475
1740056400,1.0447,1.04505,1.04465,1.04485
1740056580,1.04485,1.0451,1.04475,1.0451
1740056760,1.04515,1.04545,1.04515,1.04535
1740056940,1.04535,1.0454,1.0453,1.04535
1740057120,1.0454,1.0456,1.0454,1.04555
1740057300,1.0456,1.0461,1.0456,1.04575
1740057480,1.04575,1.046,1.04565,1.0458
1740057660,1.0458,1.0463,1.04565,1.0461
1740057840,1.0461,1.0463,1.0461,1.0462
1740058020,1.04615,1.04635,1.04615,1.04625
1740058200,1.0463,1.0466,1.04585,1.0465
1740058380,1.0465,1.0466,1.04635,1.04655
1740058560,1.04655,1.04665,1.046,1.0462
1740058740,1.04625,1.04645,1.04605,1.04615
1740058920,1.0461,1.0461,1.0459,1.04595
1740059100,1.0459,1.04595,1.04565,1.0458
1740059280,1.0458,1.0458,1.04565,1.04565
1740059460,1.04565,1.0457,1.0455,1.0456
1740059640,1.0456,1.04605,1.0456,1.04595
1740059820,1.0459,1.046,1.0456,1.046
1740060000,1.04595,1.04595,1.04535,1.0454
1740060180,1.04545,1.04595,1.04545,1.04595
1740060360,1.0459,1.04615,1.0458,1.0461
1740060540,1.04615,1.04645,1.04605,1.04615
1740060720,1.0462,1.04625,1.0458,1.0459
1740060900,1.0459,1.04615,1.0459,1.04615
1740061080,1.04615,1.04625,1.04585,1.0461
1740061260,1.04615,1.04635,1.046,1.04625
1740061440,1.04625,1.0465,1.04605,1.0465
1740061620,1.04655,1.04665,1.04645,1.0466
1740061800,1.0466,1.04695,1.0465,1.0469
1740061980,1.04695,1.04705,1.04675,1.04685
1740062160,1.0469,1.0472,1.0468,1.0469
1740062340,1.04685,1.04685,1.0463,1.0464
1740062520,1.0464,1.04685,1.0463,1.0468
1740062700,1.04675,1.0468,1.04615,1.04615
1740062880,1.04615,1.0467,1.04615,1.04665
1740063060,1.0467,1.0468,1.04635,1.04645
1740063240,1.0465,1.0465,1.04615,1.0465
1740063420,1.0465,1.0465,1.04565,1.04585
1740063600,1.0458,1.0459,1.0453,1.0455
1740063780,1.0455,1.04615,1.04545,1.04615
1740063960,1.04615,1.04635,1.046,1.04635
1740064140,1.0464,1.047,1.04635,1.04675
1740064320,1.04675,1.0468,1.04645,1.0467
1740064500,1.04665,1.0469,1.04665,1.04665
1740064680,1.04665,1.04675,1.0464,1.0467
1740064860,1.0467,1.04695,1.0467,1.0469
1740065040,1.04695,1.04775,1.04685,1.04745
1740065220,1.0475,1.0478,1.04745,1.04775
1740065400,1.0478,1.048,1.04745,1.0475
1740065580,1.0475,1.04775,1.0474,1.04775
1740065760,1.04775,1.0479,1.0475,1.0479
1740065940,1.0479,1.0481,1.04775,1.04795
1740066120,1.04795,1.04805,1.04775,1.04795
1740066300,1.04795,1.04815,1.04765,1.04775
1740066480,1.04775,1.04805,1.04775,1.04805
1740066660,1.048,1.0487,1.048,1.04865
1740066840,1.04865,1.0487,1.04835,1.04845
1740067020,1.04845,1.0487,1.04845,1.0486
1740067200,1.0485,1.04855,1.0482,1.0482
1740067380,1.0482,1.0485,1.0482,1.0485
1740067560,1.0485,1.0486,1.04825,1.0486
1740067740,1.0486,1.04865,1.04835,1.0485
1740067920,1.04855,1.04855,1.048,1.04815
1740068100,1.04815,1.0483,1.0478,1.04785
1740068280,1.04785,1.04795,1.04775,1.04795
1740068460,1.04795,1.0481,1.04775,1.04785
1740068640,1.0478,1.04785,1.0476,1.04785
1740068820,1.04785,1.04795,1.04775,1.04785
1740069000,1.04785,1.0483,1.04785,1.04825
1740069180,1.0483,1.04845,1.04815,1.0482
1740069360,1.0482,1.0486,1.04815,1.0482
1740069540,1.0482,1.04845,1.0481,1.04845
1740069720,1.04845,1.04885,1.04835,1.0488
1740069900,1.04885,1.049,1.04875,1.0488
1740070080,1.0488,1.04895,1.0486,1.04885
1740070260,1.04885,1.04885,1.04855,1.04885
1740070440,1.0488,1.0489,1.0486,1.04875
1740070620,1.04875,1.04885,1.04855,1.04865
1740070800,1.04865,1.04865,1.0484,1.0484
1740070980,1.04845,1.04845,1.0483,1.04845
1740071160,1.0485,1.04895,1.04845,1.04895
1740071340,1.04895,1.0496,1.04895,1.0494
1740071520,1.04935,1.0496,1.0493,1.04955
1740071700,1.04955,1.0497,1.0494,1.04965
1740071880,1.04965,1.0498,1.0496,1.0498
1740072060,1.0498,1.04985,1.0496,1.04985
1740072240,1.04985,1.0501,1.0498,1.04995
1740072420,1.05,1.05,1.04965,1.04985
1740072600,1.04975,1.0501,1.04975,1.05005
1740072780,1.05005,1.0501,1.04975,1.05
1740072960,1.05005,1.0502,1.05,1.0502
1740073140,1.0502,1.05025,1.05,1.05025
1740073320,1.05025,1.0506,1.0502,1.0506
1740073500,1.05055,1.05055,1.05,1.05005
1740073680,1.05005,1.0502,1.05,1.0502
1740073860,1.0502,1.0502,1.04995,1.04995
1740074040,1.05,1.05005,1.0499,1.0499
1740074220,1.04995,1.0502,1.04995,1.0501
1740074400,1.05005,1.05005,1.0497,1.0498
1740074580,1.04975,1.0499,1.04975,1.0499
1740074760,1.04985,1.0502,1.04985,1.0502
1740074940,1.05015,1.05055,1.05015,1.0505
1740075120,1.05055,1.0507,1.05045,1.0507
1740075300,1.0507,1.0508,1.05045,1.05055
1740075480,1.05055,1.0506,1.0505,1.05055