time,open,high,low,close,Volume,Volume MA,Volume Delta (Ouverture),Volume Delta (Haut,Volume Delta (Bas),Volume Delta (Fermeture),Up Volume,Down Volume,delta,Futures Open Interest
968623200,0.878,0.878,0.8715,0.8715,284,NaN,0,NaN,NaN,NaN,NaN,NaN,NaN,160
969228000,0.8715,0.9015,0.8595,0.9015,530,NaN,0,NaN,NaN,NaN,NaN,NaN,NaN,160
969832800,0.9015,0.9015,0.8865,0.8953,200,NaN,0,NaN,NaN,NaN,NaN,NaN,NaN,160
970437600,0.8953,0.8965,0.8808,0.8808,12,NaN,0,NaN,NaN,NaN,NaN,NaN,NaN,166
971042400,0.8825,0.8842,0.8675,0.8675,37,NaN,0,NaN,NaN,NaN,NaN,NaN,NaN,166
971647200,0.861,0.866,0.8445,0.85,138,NaN,0,NaN,NaN,NaN,NaN,NaN,NaN,207
972252000,0.85,0.8528,0.8377,0.8513,25,NaN,0,NaN,NaN,NaN,NaN,NaN,NaN,210
972860400,0.853,0.876,0.853,0.875,9,NaN,0,NaN,NaN,NaN,NaN,NaN,NaN,210
973465200,0.84,0.876,0.84,0.873,0,NaN,0,NaN,NaN,NaN,NaN,NaN,NaN,210
974070000,0.8716,0.8716,0.84,0.8595,0,NaN,0,NaN,NaN,NaN,NaN,NaN,NaN,210
974674800,0.84,0.8595,0.84,0.8501,44,NaN,0,NaN,NaN,NaN,NaN,NaN,NaN,231
975279600,0.85,0.8875,0.85,0.8821,280,NaN,0,NaN,NaN,NaN,NaN,NaN,NaN,257
975884400,0.8821,0.905,0.8821,0.8952,258,NaN,0,NaN,NaN,NaN,NaN,NaN,NaN,392
976489200,0.9028,0.9085,0.885,0.9065,190,NaN,0,NaN,NaN,NaN,NaN,NaN,NaN,532
977094000,0.9085,0.9331,0.8992,0.932,322,NaN,0,NaN,NaN,NaN,NaN,NaN,NaN,596
977698800,0.9226,0.9399,0.9226,0.937,906,NaN,0,NaN,NaN,NaN,NaN,NaN,NaN,609
978303600,0.9391,0.9636,0.9385,0.9633,703,NaN,0,NaN,NaN,NaN,NaN,NaN,NaN,862
978908400,0.9573,0.9636,0.9446,0.954,458,NaN,0,NaN,NaN,NaN,NaN,NaN,NaN,815
979513200,0.9565,0.9565,0.9372,0.941,75,NaN,0,NaN,NaN,NaN,NaN,NaN,NaN,850
980118000,0.9443,0.9443,0.9205,0.926,7,223.9,0,NaN,NaN,NaN,NaN,NaN,NaN,853
980722800,0.926,0.9454,0.9222,0.9454,23,210.85,0,NaN,NaN,NaN,NaN,NaN,NaN,851
981327600,0.9425,0.9433,0.9215,0.927,6,184.65,0,NaN,NaN,NaN,NaN,NaN,NaN,860
981932400,0.927,0.9355,0.906,0.9202,485,198.9,0,NaN,NaN,NaN,NaN,NaN,NaN,870
982537200,0.9095,0.9215,0.9045,0.911,16,199.1,0,NaN,NaN,NaN,NaN,NaN,NaN,882
983142000,0.911,0.938,0.91,0.9352,202,207.35,0,NaN,NaN,NaN,NaN,NaN,NaN,970
983746800,0.9302,0.9344,0.929,0.9332,394,220.15,0,NaN,NaN,NaN,NaN,NaN,NaN,1137
984351600,0.9285,0.932,0.8925,0.8963,406,239.2,0,NaN,NaN,NaN,NaN,NaN,NaN,1318
984956400,0.8982,0.9088,0.8845,0.8903,342,255.85,0,NaN,NaN,NaN,NaN,NaN,NaN,1413
985561200,0.897,0.8995,0.8772,0.8779,44,258.05,0,NaN,NaN,NaN,NaN,NaN,NaN,1419
986162400,0.8805,0.906,0.8789,0.9032,46,260.35,0,NaN,NaN,NaN,NaN,NaN,NaN,1419
986767200,0.8954,0.8986,0.8872,0.8917,8,258.55,0,NaN,NaN,NaN,NaN,NaN,NaN,1419
987372000,0.8954,0.9028,0.8728,0.9028,14,245.25,0,NaN,NaN,NaN,NaN,NaN,NaN,1419
987976800,0.8788,0.9023,0.8788,0.8896,5,232.6,0,NaN,NaN,NaN,NaN,NaN,NaN,1419
988581600,0.8925,0.8927,0.8881,0.8927,4,223.3,0,NaN,NaN,NaN,NaN,NaN,NaN,1419
989186400,0.8925,0.8925,0.8749,0.8749,13,207.85,0,NaN,NaN,NaN,NaN,NaN,NaN,1419
989791200,0.8777,0.8831,0.873,0.8782,23,163.7,0,NaN,NaN,NaN,NaN,NaN,NaN,1419
990396000,0.8799,0.8799,0.85,0.8568,66,131.85,0,NaN,NaN,NaN,NaN,NaN,NaN,1419
991000800,0.8578,0.8578,0.844,0.8465,134,115.65,0,NaN,NaN,NaN,NaN,NaN,NaN,1419
991605600,0.845,0.8585,0.8415,0.8499,185,121.15,0,NaN,NaN,NaN,NaN,NaN,NaN,1419
992210400,0.849,0.8658,0.8395,0.8601,185,130.05,0,NaN,NaN,NaN,NaN,NaN,NaN,1419
992815200,0.8616,0.8628,0.8481,0.8543,185,138.15,0,NaN,NaN,NaN,NaN,NaN,NaN,1419
993420000,0.8552,0.8648,0.8423,0.8482,148,145.25,0,NaN,NaN,NaN,NaN,NaN,NaN,0
994024800,0.8486,0.8494,0.8342,0.8461,0,121,0,NaN,NaN,NaN,NaN,NaN,NaN,0
994629600,0.8462,0.8629,0.8433,0.8528,111,125.75,0,NaN,NaN,NaN,NaN,NaN,NaN,1419
995234400,0.8534,0.8775,0.8486,0.8704,185,124.9,0,NaN,NaN,NaN,NaN,NaN,NaN,1419
995839200,0.8696,0.8814,0.8644,0.8754,185,114.45,0,NaN,NaN,NaN,NaN,NaN,NaN,1419
996444000,0.8756,0.8864,0.8714,0.8833,185,103.4,0,NaN,NaN,NaN,NaN,NaN,NaN,1419
997048800,0.8824,0.895,0.8733,0.8925,185,95.55,0,NaN,NaN,NaN,NaN,NaN,NaN,1419
997653600,0.893,0.9196,0.8917,0.9167,185,102.6,0,NaN,NaN,NaN,NaN,NaN,NaN,1419
998258400,0.9165,0.9233,0.9072,0.9125,148,107.7,0,NaN,NaN,NaN,NaN,NaN,NaN,1419
998863200,0.9133,0.9199,0.9024,0.9097,0,107.3,0,NaN,NaN,NaN,NaN,NaN,NaN,1419
999468000,0.9092,0.91,0.8824,0.9051,0,106.6,0,NaN,NaN,NaN,NaN,NaN,NaN,1419
1000072800,0.9063,0.9227,0.8954,0.9193,0,106.35,0,NaN,NaN,NaN,NaN,NaN,NaN,169
1000677600,0.9208,0.931,0.9069,0.9109,0,106.15,0,NaN,NaN,NaN,NaN,NaN,NaN,169
1001282400,0.9116,0.9228,0.9059,0.9084,0,105.5,0,NaN,NaN,NaN,NaN,NaN,NaN,169
1001887200,0.9088,0.9212,0.9044,0.9151,0,104.35,0,NaN,NaN,NaN,NaN,NaN,NaN,169
1002492000,0.9171,0.9221,0.897,0.907,0,101.05,0,NaN,NaN,NaN,NaN,NaN,NaN,169
1003096800,0.9093,0.9118,0.8947,0.8975,0,94.35,0,NaN,NaN,NaN,NaN,NaN,NaN,169
1003701600,0.897,0.8984,0.8853,0.8902,0,85.1,0,NaN,NaN,NaN,NaN,NaN,NaN,169
1004310000,0.8913,0.9105,0.891,0.9009,0,75.85,0,NaN,NaN,NaN,NaN,NaN,NaN,169
1004914800,0.8999,0.9033,0.888,0.8923,0,66.6,0,NaN,NaN,NaN,NaN,NaN,NaN,169
1005519600,0.8934,0.9009,0.876,0.8837,0,59.2,0,NaN,NaN,NaN,NaN,NaN,NaN,169
1006124400,0.8834,0.8843,0.8731,0.8777,0,59.2,0,NaN,NaN,NaN,NaN,NaN,NaN,169
1006729200,0.8772,0.8975,0.8731,0.8954,0,53.65,0,NaN,NaN,NaN,NaN,NaN,NaN,169
1007334000,0.8954,0.8964,0.8844,0.8894,0,44.4,0,NaN,NaN,NaN,NaN,NaN,NaN,169
1007938800,0.8894,0.9021,0.8839,0.901,0,35.15,0,NaN,NaN,NaN,NaN,NaN,NaN,0
1008543600,0.9006,0.9051,0.8828,0.8841,0,25.9,0,NaN,NaN,NaN,NaN,NaN,NaN,0
1009148400,0.8858,0.8878,0.8713,0.8813,0,16.65,0,NaN,NaN,NaN,NaN,NaN,NaN,0
1009753200,0.8818,0.904,0.88,0.8927,0,7.4,0,NaN,NaN,NaN,NaN,NaN,NaN,0
1010358000,0.8926,0.897,0.8837,0.8897,0,0,0,NaN,NaN,NaN,NaN,NaN,NaN,0
1010962800,0.8913,0.8929,0.877,0.8825,0,0,0,NaN,NaN,NaN,NaN,NaN,NaN,0
1011567600,0.8818,0.8868,0.8614,0.863,0,0,0,NaN,NaN,NaN,NaN,NaN,NaN,0
1012172400,0.8624,0.8656,0.8549,0.8601,0,0,0,NaN,NaN,NaN,NaN,NaN,NaN,0
1012777200,0.8601,0.874,0.8593,0.872,0,0,0,NaN,NaN,NaN,NaN,NaN,NaN,0
1013382000,0.8697,0.8788,0.867,0.8717,0,0,0,NaN,NaN,NaN,NaN,NaN,NaN,0
1013986800,0.8722,0.8774,0.8655,0.8749,0,0,0,NaN,NaN,NaN,NaN,NaN,NaN,0
1014591600,0.8746,0.8748,0.861,0.8646,0,0,0,NaN,NaN,NaN,NaN,NaN,NaN,0
1015196400,0.865,0.8838,0.8627,0.8732,0,0,0,NaN,NaN,NaN,NaN,NaN,NaN,0
1015801200,0.8739,0.8842,0.8704,0.8791,0,0,0,NaN,NaN,NaN,NaN,NaN,NaN,0
1016406000,0.8785,0.883,0.872,0.8738,0,0,0,NaN,NaN,NaN,NaN,NaN,NaN,0
1017010800,0.8739,0.877,0.8674,0.8682,0,0,0,NaN,NaN,NaN,NaN,NaN,NaN,0
1017615600,0.8688,0.8831,0.8686,0.8767,0,0,0,NaN,NaN,NaN,NaN,NaN,NaN,0
1018216800,0.8767,0.8823,0.8711,0.8769,0,0,0,NaN,NaN,NaN,NaN,NaN,NaN,0
1018821600,0.877,0.8902,0.8766,0.8896,0,0,0,NaN,NaN,NaN,NaN,NaN,NaN,0
1019426400,0.888,0.9006,0.8842,0.8996,0,0,0,NaN,NaN,NaN,NaN,NaN,NaN,0
1020031200,0.8994,0.9158,0.8974,0.915,0,0,0,NaN,NaN,NaN,NaN,NaN,NaN,0
1020636000,0.9151,0.9174,0.902,0.9122,0,0,0,NaN,NaN,NaN,NaN,NaN,NaN,0
1021240800,0.9116,0.9207,0.8987,0.9203,0,0,0,NaN,NaN,NaN,NaN,NaN,NaN,0
1021845600,0.92,0.9268,0.9151,0.9202,0,0,0,NaN,NaN,NaN,NaN,NaN,NaN,0
1022450400,0.92,0.9407,0.9175,0.9317,0,0,0,NaN,NaN,NaN,NaN,NaN,NaN,0
1023055200,0.9323,0.9487,0.9299,0.9438,0,0,0,NaN,NaN,NaN,NaN,NaN,NaN,0
1023660000,0.9428,0.9504,0.9377,0.9416,0,0,0,NaN,NaN,NaN,NaN,NaN,NaN,0
1024264800,0.9408,0.9682,0.9374,0.9665,0,0,0,NaN,NaN,NaN,NaN,NaN,NaN,0
1024869600,0.9669,0.9956,0.9626,0.9885,0,0,0,NaN,NaN,NaN,NaN,NaN,NaN,0
1025474400,0.9884,0.994,0.9686,0.9701,0,0,0,NaN,NaN,NaN,NaN,NaN,NaN,0
1026079200,0.9715,0.9939,0.9712,0.9878,0,0,0,NaN,NaN,NaN,NaN,NaN,NaN,0
1026684000,0.9888,1.0185,0.9888,1.011,0,0,0,NaN,NaN,NaN,NaN,NaN,NaN,0
1027288800,1.0071,1.0109,0.9821,0.985,0,0,0,NaN,NaN,NaN,NaN,NaN,NaN,0
1027893600,0.9853,0.9899,0.9707,0.9848,0,0,0,NaN,NaN,NaN,NaN,NaN,NaN,0
1028498400,0.9849,0.9857,0.9606,0.969,0,0,0,NaN,NaN,NaN,NaN,NaN,NaN,0
1029103200,0.969,0.9881,0.9684,0.9825,0,0,0,NaN,NaN,NaN,NaN,NaN,NaN,0
1029708000,0.9832,0.986,0.9647,0.9711,0,0,0,NaN,NaN,NaN,NaN,NaN,NaN,0
1030312800,0.9723,0.9883,0.9676,0.9802,0,0,0,NaN,NaN,NaN,NaN,NaN,NaN,0
1030917600,0.9817,0.999,0.9792,0.9806,0,0,0,NaN,NaN,NaN,NaN,NaN,NaN,0
1031522400,0.981,0.9834,0.9666,0.9688,0,0,0,NaN,NaN,NaN,NaN,NaN,NaN,0
1032127200,0.9681,0.9841,0.9571,0.977,0,0,0,NaN,NaN,NaN,NaN,NaN,NaN,0
1032732000,0.9771,0.9824,0.9685,0.9762,0,0,0,NaN,NaN,NaN,NaN,NaN,NaN,0
1033336800,0.9776,0.9879,0.9753,0.9769,0,0,0,NaN,NaN,NaN,NaN,NaN,NaN,0
1033941600,0.9769,0.9901,0.9736,0.9835,0,0,0,NaN,NaN,NaN,NaN,NaN,NaN,0
1034546400,0.9846,0.987,0.9672,0.9694,0,0,0,NaN,NaN,NaN,NaN,NaN,NaN,0
1035151200,0.9698,0.978,0.9666,0.9747,0,0,0,NaN,NaN,NaN,NaN,NaN,NaN,0
1035759600,0.9745,0.9985,0.9708,0.9946,0,0,0,NaN,NaN,NaN,NaN,NaN,NaN,0
1036364400,0.9952,1.0129,0.9913,1.0112,0,0,0,NaN,NaN,NaN,NaN,NaN,NaN,0
1036969200,1.0108,1.0153,0.9997,1.0073,0,0,0,NaN,NaN,NaN,NaN,NaN,NaN,0
1037574000,1.008,1.0128,0.995,0.9959,0,0,0,NaN,NaN,NaN,NaN,NaN,NaN,0
1038178800,0.9955,0.996,0.9866,0.9935,0,0,0,NaN,NaN,NaN,NaN,NaN,NaN,0
1038783600,0.9935,1.0127,0.9854,1.0088,0,0,0,NaN,NaN,NaN,NaN,NaN,NaN,0
1039388400,1.0097,1.022,1.0059,1.0184,0,0,0,NaN,NaN,NaN,NaN,NaN,NaN,0
1039993200,1.0192,1.0296,1.0156,1.0231,0,0,0,NaN,NaN,NaN,NaN,NaN,NaN,0
1040598000,1.0231,1.0408,1.018,1.0406,0,0,0,NaN,NaN,NaN,NaN,NaN,NaN,0
1041202800,1.0391,1.0472,1.0305,1.0383,0,0,0,NaN,NaN,NaN,NaN,NaN,NaN,0
1041807600,1.0392,1.0557,1.0332,1.0556,0,0,0,NaN,NaN,NaN,NaN,NaN,NaN,0
1042412400,1.0552,1.0654,1.0477,1.0629,0,0,0,NaN,NaN,NaN,NaN,NaN,NaN,0
1043017200,1.0633,1.0828,1.0607,1.0815,0,0,0,NaN,NaN,NaN,NaN,NaN,NaN,0
1043622000,1.0812,1.0885,1.0704,1.0736,0,0,0,NaN,NaN,NaN,NaN,NaN,NaN,0
1044226800,1.0767,1.0919,1.0674,1.0815,0,0,0,NaN,NaN,NaN,NaN,NaN,NaN,0
1044831600,1.0811,1.0845,1.065,1.0762,0,0,0,NaN,NaN,NaN,NaN,NaN,NaN,0
1045436400,1.0761,1.0837,1.0656,1.0756,0,0,0,NaN,NaN,NaN,NaN,NaN,NaN,0
1046041200,1.0716,1.083,1.0701,1.0795,0,0,0,NaN,NaN,NaN,NaN,NaN,NaN,0
1046646000,1.0772,1.1064,1.0763,1.1008,0,0,0,NaN,NaN,NaN,NaN,NaN,NaN,0
1047250800,1.1011,1.1082,1.0651,1.0707,0,0,0,NaN,NaN,NaN,NaN,NaN,NaN,0
1047855600,1.0752,1.0809,1.047,1.05,0,0,0,NaN,NaN,NaN,NaN,NaN,NaN,0
1048460400,1.0555,1.0772,1.0536,1.0751,0,0,0,NaN,NaN,NaN,NaN,NaN,NaN,0
1049065200,1.0757,1.0931,1.0656,1.0702,0,0,0,NaN,NaN,NaN,NaN,NaN,NaN,0
1049666400,1.0645,1.0806,1.0534,1.0727,0,0,0,NaN,NaN,NaN,NaN,NaN,NaN,0
1050271200,1.0712,1.0938,1.0693,1.0859,0,0,0,NaN,NaN,NaN,NaN,NaN,NaN,0
1050876000,1.0882,1.1032,1.0801,1.1005,0,0,0,NaN,NaN,NaN,NaN,NaN,NaN,0
1051480800,1.1014,1.1256,1.0915,1.1211,0,0,0,NaN,NaN,NaN,NaN,NaN,NaN,0
1052085600,1.1204,1.1522,1.119,1.1475,0,0,0,NaN,NaN,NaN,NaN,NaN,NaN,0
1052690400,1.1539,1.161,1.1352,1.1565,0,0,0,NaN,NaN,NaN,NaN,NaN,NaN,0
1053295200,1.164,1.1827,1.1593,1.1793,0,0,0,NaN,NaN,NaN,NaN,NaN,NaN,0
1053900000,1.1814,1.1928,1.1685,1.1783,0,0,0,NaN,NaN,NaN,NaN,NaN,NaN,0
1054504800,1.1723,1.1888,1.1629,1.1698,0,0,0,NaN,NaN,NaN,NaN,NaN,NaN,0
1055109600,1.1699,1.1844,1.1657,1.1835,0,0,0,NaN,NaN,NaN,NaN,NaN,NaN,0
1055714400,1.1843,1.1896,1.152,1.155,0,0,0,NaN,NaN,NaN,NaN,NaN,NaN,0
1056319200,1.1545,1.1593,1.1362,1.1392,0,0,0,NaN,NaN,NaN,NaN,NaN,NaN,0
1056924000,1.1406,1.1585,1.1376,1.1461,0,0,0,NaN,NaN,NaN,NaN,NaN,NaN,0
1057528800,1.1457,1.1457,1.1236,1.1291,0,0,0,NaN,NaN,NaN,NaN,NaN,NaN,0
1058133600,1.1271,1.1317,1.1093,1.1269,0,0,0,NaN,NaN,NaN,NaN,NaN,NaN,0
1058738400,1.1239,1.1534,1.1226,1.1492,0,0,0,NaN,NaN,NaN,NaN,NaN,NaN,0
1059343200,1.1486,1.1525,1.1121,1.1248,0,0,0,NaN,NaN,NaN,NaN,NaN,NaN,0
1059948000,1.1268,1.1413,1.1247,1.1282,0,0,0,NaN,NaN,NaN,NaN,NaN,NaN,0
1060552800,1.1292,1.1369,1.121,1.1242,0,0,0,NaN,NaN,NaN,NaN,NaN,NaN,0
1061157600,1.1257,1.126,1.083,1.0878,0,0,0,NaN,NaN,NaN,NaN,NaN,NaN,0
1061762400,1.0852,1.0994,1.0786,1.0966,0,0,0,NaN,NaN,NaN,NaN,NaN,NaN,0
1062367200,1.0984,1.1111,1.0759,1.1103,0,0,0,NaN,NaN,NaN,NaN,NaN,NaN,0
1062972000,1.1094,1.1296,1.1045,1.1257,0,0,0,NaN,NaN,NaN,NaN,NaN,NaN,0
1063576800,1.1228,1.1356,1.1112,1.1328,0,0,0,NaN,NaN,NaN,NaN,NaN,NaN,0
1064181600,1.1352,1.1511,1.1352,1.1445,0,0,0,NaN,NaN,NaN,NaN,NaN,NaN,0
1064786400,1.143,1.1746,1.1372,1.1537,0,0,0,NaN,NaN,NaN,NaN,NaN,NaN,0
1065391200,1.1549,1.184,1.151,1.1784,0,0,0,NaN,NaN,NaN,NaN,NaN,NaN,0
1065996000,1.1784,1.1794,1.1528,1.1634,0,0,0,NaN,NaN,NaN,NaN,NaN,NaN,0
1066600800,1.1676,1.1842,1.1583,1.1797,0,0,0,NaN,NaN,NaN,NaN,NaN,NaN,0
1067209200,1.1757,1.1767,1.1551,1.1559,0,0,0,NaN,NaN,NaN,NaN,NaN,NaN,0
1067814000,1.1564,1.1607,1.1365,1.152,0,0,0,NaN,NaN,NaN,NaN,NaN,NaN,0
1068418800,1.1494,1.1795,1.1435,1.1759,0,0,0,NaN,NaN,NaN,NaN,NaN,NaN,0
1069023600,1.1813,1.197,1.1718,1.1909,0,0,0,NaN,NaN,NaN,NaN,NaN,NaN,0
1069628400,1.1901,1.201,1.1747,1.1984,0,0,0,NaN,NaN,NaN,NaN,NaN,NaN,0
1070233200,1.1991,1.2174,1.1932,1.2162,0,0,0,NaN,NaN,NaN,NaN,NaN,NaN,0
1070838000,1.2162,1.2276,1.2114,1.2263,0,0,0,NaN,NaN,NaN,NaN,NaN,NaN,0
1071442800,1.2125,1.241,1.2115,1.2358,0,0,0,NaN,NaN,NaN,NaN,NaN,NaN,0
1072047600,1.2335,1.2444,1.232,1.2408,0,0,0,NaN,NaN,NaN,NaN,NaN,NaN,0
1072652400,1.2404,1.2623,1.24,1.2576,0,0,0,NaN,NaN,NaN,NaN,NaN,NaN,0
1073257200,1.2607,1.2847,1.2537,1.2818,0,0,0,NaN,NaN,NaN,NaN,NaN,NaN,0
1073862000,1.2827,1.2875,1.2332,1.2357,0,0,0,NaN,NaN,NaN,NaN,NaN,NaN,0
1074466800,1.237,1.2758,1.2315,1.258,0,0,0,NaN,NaN,NaN,NaN,NaN,NaN,0
1075071600,1.2564,1.2639,1.2335,1.2448,0,0,0,NaN,NaN,NaN,NaN,NaN,NaN,0
1075676400,1.2471,1.2714,1.2375,1.268,0,0,0,NaN,NaN,NaN,NaN,NaN,NaN,0
1076281200,1.2615,1.2886,1.2612,1.2725,0,0,0,NaN,NaN,NaN,NaN,NaN,NaN,0
1076886000,1.2719,1.2919,1.2487,1.2507,0,0,0,NaN,NaN,NaN,NaN,NaN,NaN,0
1077490800,1.2507,1.2707,1.2365,1.2489,0,0,0,NaN,NaN,NaN,NaN,NaN,NaN,0
1078095600,1.249,1.2536,1.2052,1.2371,0,0,0,NaN,NaN,NaN,NaN,NaN,NaN,0
1078700400,1.2379,1.2456,1.2143,1.2192,0,0,0,NaN,NaN,NaN,NaN,NaN,NaN,0
1079305200,1.2186,1.2401,1.2146,1.2249,0,0,0,NaN,NaN,NaN,NaN,NaN,NaN,0
1079910000,1.225,1.2375,1.2046,1.2092,0,0,0,NaN,NaN,NaN,NaN,NaN,NaN,0
1080514800,1.2105,1.2366,1.2025,1.2111,0,0,0,NaN,NaN,NaN,NaN,NaN,NaN,0
1081116000,1.2088,1.2198,1.1959,1.2056,0,0,0,NaN,NaN,NaN,NaN,NaN,NaN,0
1081720800,1.2059,1.208,1.1848,1.1971,0,0,0,NaN,NaN,NaN,NaN,NaN,NaN,0
1082325600,1.2,1.2063,1.1764,1.1822,0,0,0,NaN,NaN,NaN,NaN,NaN,NaN,0
1082930400,1.1796,1.1998,1.1745,1.1969,0,0,0,NaN,NaN,NaN,NaN,NaN,NaN,0
1083535200,1.1988,1.2178,1.1864,1.1881,0,0,0,NaN,NaN,NaN,NaN,NaN,NaN,0
1084140000,1.1865,1.1931,1.1752,1.1871,0,0,0,NaN,NaN,NaN,NaN,NaN,NaN,0
1084744800,1.1881,1.2064,1.187,1.1999,0,0,0,NaN,NaN,NaN,NaN,NaN,NaN,0
1085349600,1.1988,1.229,1.1925,1.221,0,0,0,NaN,NaN,NaN,NaN,NaN,NaN,0
1085954400,1.223,1.2302,1.213,1.2288,0,0,0,NaN,NaN,NaN,NaN,NaN,NaN,0
1086559200,1.2288,1.235,1.1946,1.1988,0,0,0,NaN,NaN,NaN,NaN,NaN,NaN,0
1087164000,1.1973,1.215,1.1936,1.2121,0,0,0,NaN,NaN,NaN,NaN,NaN,NaN,0
1087768800,1.2122,1.2177,1.2025,1.2141,0,0,0,NaN,NaN,NaN,NaN,NaN,NaN,0
1088373600,1.2155,1.2313,1.2051,1.2309,0,0,0,NaN,NaN,NaN,NaN,NaN,NaN,0
1088978400,1.2311,1.2409,1.2248,1.2392,0,0,0,NaN,NaN,NaN,NaN,NaN,NaN,0
1089583200,1.2399,1.2449,1.2287,1.2436,0,0,0,NaN,NaN,NaN,NaN,NaN,NaN,0
1090188000,1.2437,1.2449,1.2076,1.2088,92357,4617.85,0,NaN,NaN,NaN,NaN,NaN,NaN,142001
1090792800,1.2094,1.218,1.1981,1.2007,440179,26626.8,0,NaN,NaN,NaN,NaN,NaN,NaN,152842
1091397600,1.2042,1.2284,1.1959,1.2269,356265,44440.05,0,NaN,NaN,NaN,NaN,NaN,NaN,155094
1092002400,1.2277,1.237,1.2171,1.2366,325287,60704.4,0,NaN,NaN,NaN,NaN,NaN,NaN,154563
1092607200,1.237,1.2385,1.2275,1.2303,306322,76020.5,0,NaN,NaN,NaN,NaN,NaN,NaN,163417
1093212000,1.2303,1.2313,1.2002,1.202,380505,95045.75,0,NaN,NaN,NaN,NaN,NaN,NaN,168322
1093816800,1.2013,1.2219,1.1985,1.2066,313486,110720.05,0,NaN,NaN,NaN,NaN,NaN,NaN,158109
1094421600,1.2064,1.2302,1.2025,1.2259,372090,129324.55,0,NaN,NaN,NaN,NaN,NaN,NaN,83678
1095026400,1.2257,1.2288,1.2113,1.2174,364644,147556.75,0,NaN,NaN,NaN,NaN,NaN,NaN,84028
1095631200,1.217,1.2358,1.2118,1.2257,397487,167431.1,0,NaN,NaN,NaN,NaN,NaN,NaN,93487
1096236000,1.2275,1.2439,1.2243,1.2406,351772,185019.7,0,NaN,NaN,NaN,NaN,NaN,NaN,124688
1096840800,1.2395,1.243,1.2243,1.2413,376586,203849,0,NaN,NaN,NaN,NaN,NaN,NaN,134500
1097445600,1.2419,1.2504,1.2219,1.2472,396562,223677.1,0,NaN,NaN,NaN,NaN,NaN,NaN,124839
1098050400,1.2471,1.2685,1.2451,1.2646,402848,243819.5,0,NaN,NaN,NaN,NaN,NaN,NaN,144205
1098655200,1.2711,1.284,1.263,1.2787,550396,271339.3,0,NaN,NaN,NaN,NaN,NaN,NaN,149785
1099263600,1.2813,1.2973,1.2656,1.2946,539076,298293.1,0,NaN,NaN,NaN,NaN,NaN,NaN,166719
1099868400,1.2964,1.3003,1.2847,1.2985,498465,323216.35,0,NaN,NaN,NaN,NaN,NaN,NaN,197023
1100473200,1.297,1.3074,1.2916,1.3015,506951,348563.9,0,NaN,NaN,NaN,NaN,NaN,NaN,222258
1101078000,1.3038,1.333,1.2975,1.3293,481196,372623.7,0,NaN,NaN,NaN,NaN,NaN,NaN,230643
1101682800,1.3283,1.3463,1.3228,1.3453,619970,403622.2,0,NaN,NaN,NaN,NaN,NaN,NaN,201307
1102287600,1.3445,1.3471,1.3148,1.3246,493751,423691.9,0,NaN,NaN,NaN,NaN,NaN,NaN,120799
1102892400,1.321,1.3456,1.3206,1.3298,594845,431425.2,0,NaN,NaN,NaN,NaN,NaN,NaN,136288
1103497200,1.3341,1.3527,1.3307,1.3494,315779,429400.9,0,NaN,NaN,NaN,NaN,NaN,NaN,155938
1104102000,1.3528,1.3687,1.352,1.3558,344973,430385.2,0,NaN,NaN,NaN,NaN,NaN,NaN,148086
1104706800,1.357,1.3593,1.3034,1.3062,792074,454672.8,0,NaN,NaN,NaN,NaN,NaN,NaN,139081
1105311600,1.3063,1.3302,1.3061,1.3103,644146,467854.85,0,NaN,NaN,NaN,NaN,NaN,NaN,129366
1105916400,1.3114,1.3135,1.2931,1.306,666982,485529.65,0,NaN,NaN,NaN,NaN,NaN,NaN,126052
1106521200,1.305,1.3132,1.2952,1.3048,556243,494737.3,0,NaN,NaN,NaN,NaN,NaN,NaN,128589
1107126000,1.3023,1.31,1.287,1.2881,574289,505219.55,0,NaN,NaN,NaN,NaN,NaN,NaN,142997
1107730800,1.2862,1.291,1.2737,1.2873,588822,514786.3,0,NaN,NaN,NaN,NaN,NaN,NaN,140248
1108335600,1.2885,1.3093,1.2881,1.3075,570546,525725,0,NaN,NaN,NaN,NaN,NaN,NaN,149870
1108940400,1.3059,1.3277,1.3035,1.3243,513801,532585.75,0,NaN,NaN,NaN,NaN,NaN,NaN,156282
1109545200,1.3242,1.3282,1.3087,1.324,560009,540758.1,0,NaN,NaN,NaN,NaN,NaN,NaN,143360
1110150000,1.3237,1.351,1.318,1.3484,493520,545291.7,0,NaN,NaN,NaN,NaN,NaN,NaN,114632
1110754800,1.349,1.3507,1.3292,1.3338,570814,546312.6,0,NaN,NaN,NaN,NaN,NaN,NaN,119862
1111359600,1.3336,1.3345,1.2959,1.298,523295,545523.55,0,NaN,NaN,NaN,NaN,NaN,NaN,117665
1111964400,1.2976,1.308,1.288,1.293,533255,547263.05,0,NaN,NaN,NaN,NaN,NaN,NaN,119871
1112565600,1.2918,1.2962,1.2822,1.2946,551673,549499.15,0,NaN,NaN,NaN,NaN,NaN,NaN,119544
1113170400,1.2947,1.304,1.2787,1.2928,839212,567399.95,0,NaN,NaN,NaN,NaN,NaN,NaN,126363
1113775200,1.2934,1.3143,1.2893,1.3081,756010,574201.95,0,NaN,NaN,NaN,NaN,NaN,NaN,127801
1114380000,1.3076,1.3076,1.2869,1.2879,683036,583666.2,0,NaN,NaN,NaN,NaN,NaN,NaN,135144
1114984800,1.2874,1.3002,1.2822,1.2829,628240,585335.95,0,NaN,NaN,NaN,NaN,NaN,NaN,144391
1115589600,1.2828,1.2925,1.2619,1.2636,698106,604452.3,0,NaN,NaN,NaN,NaN,NaN,NaN,145437
1116194400,1.2638,1.2698,1.2544,1.2564,616678,618037.55,0,NaN,NaN,NaN,NaN,NaN,NaN,162902
1116799200,1.2555,1.2636,1.2495,1.259,588308,607849.25,0,NaN,NaN,NaN,NaN,NaN,NaN,160643
1117404000,1.2542,1.2551,1.2161,1.2225,798983,615591.1,0,NaN,NaN,NaN,NaN,NaN,NaN,159857
1118008800,1.2229,1.2356,1.2148,1.216,681090,616296.5,0,NaN,NaN,NaN,NaN,NaN,NaN,132982
1118613600,1.2153,1.2329,1.2059,1.2319,918376,634403.15,0,NaN,NaN,NaN,NaN,NaN,NaN,169981
1119218400,1.225,1.2279,1.202,1.2129,676208,639499.1,0,NaN,NaN,NaN,NaN,NaN,NaN,138644
1119823200,1.2133,1.2223,1.1976,1.1995,606464,640381.2,0,NaN,NaN,NaN,NaN,NaN,NaN,145447
1120428000,1.1969,1.2074,1.19,1.1989,542449,638976.35,0,NaN,NaN,NaN,NaN,NaN,NaN,137389
1121032800,1.1994,1.2287,1.199,1.2076,652407,645906.65,0,NaN,NaN,NaN,NaN,NaN,NaN,140738
1121637600,1.2053,1.2283,1.1982,1.2091,715845,653698.45,0,NaN,NaN,NaN,NaN,NaN,NaN,137270
1122242400,1.2081,1.2184,1.1985,1.2151,652709,661657.9,0,NaN,NaN,NaN,NaN,NaN,NaN,138532
1122847200,1.2148,1.2424,1.214,1.2368,715835,668908.95,0,NaN,NaN,NaN,NaN,NaN,NaN,144610
1123452000,1.2361,1.2505,1.2338,1.2458,586302,672059.3,0,NaN,NaN,NaN,NaN,NaN,NaN,144116
1124056800,1.247,1.2474,1.214,1.2184,553589,673076,0,NaN,NaN,NaN,NaN,NaN,NaN,142333
1124661600,1.2179,1.2354,1.2171,1.2295,505266,670755.65,0,NaN,NaN,NaN,NaN,NaN,NaN,145244
1125266400,1.2297,1.2598,1.2181,1.2549,801750,668882.55,0,NaN,NaN,NaN,NaN,NaN,NaN,148142
1125871200,1.2539,1.2593,1.2379,1.2408,550505,658607.3,0,NaN,NaN,NaN,NaN,NaN,NaN,129208
1126476000,1.2408,1.2418,1.2193,1.2295,436336,646272.3,0,NaN,NaN,NaN,NaN,NaN,NaN,125746
1127080800,1.2225,1.2322,1.209,1.2103,573211,643520.85,0,NaN,NaN,NaN,NaN,NaN,NaN,128380
1127685600,1.2079,1.2142,1.2015,1.2059,625539,639892.5,0,NaN,NaN,NaN,NaN,NaN,NaN,137577
1128290400,1.2072,1.2249,1.1947,1.216,631348,640626,0,NaN,NaN,NaN,NaN,NaN,NaN,124316
1128895200,1.2163,1.2197,1.1954,1.2133,607468,641584,0,NaN,NaN,NaN,NaN,NaN,NaN,137026
1129500000,1.2118,1.2163,1.1914,1.1981,625907,632930.2,0,NaN,NaN,NaN,NaN,NaN,NaN,147507
1130104800,1.1982,1.2207,1.1958,1.2095,627324,630241.9,0,NaN,NaN,NaN,NaN,NaN,NaN,138599
1130713200,1.2094,1.2122,1.1829,1.185,754295,622037.85,0,NaN,NaN,NaN,NaN,NaN,NaN,161028
1131318000,1.1834,1.1859,1.1693,1.171,620267,619240.8,0,NaN,NaN,NaN,NaN,NaN,NaN,160852
1131922800,1.1738,1.1814,1.1661,1.1781,800644,628949.8,0,NaN,NaN,NaN,NaN,NaN,NaN,174258
1132527600,1.1793,1.189,1.17,1.1729,623117,632983.2,0,NaN,NaN,NaN,NaN,NaN,NaN,174524
1133132400,1.1721,1.1918,1.167,1.1722,835096,642117.65,0,NaN,NaN,NaN,NaN,NaN,NaN,180085
1133737200,1.1715,1.1856,1.1697,1.1825,693639,641007.35,0,NaN,NaN,NaN,NaN,NaN,NaN,155389
1134342000,1.1799,1.2084,1.179,1.2069,523872,634565.5,0,NaN,NaN,NaN,NaN,NaN,NaN,112656
1134946800,1.2084,1.2096,1.1854,1.191,472887,622418.1,0,NaN,NaN,NaN,NaN,NaN,NaN,110126
1135551600,1.19,1.1983,1.1825,1.188,308884,608547.2,0,NaN,NaN,NaN,NaN,NaN,NaN,108340
1136156400,1.1869,1.2227,1.1857,1.2203,671460,614440.75,0,NaN,NaN,NaN,NaN,NaN,NaN,119681
1136761200,1.2188,1.2204,1.2046,1.2175,758481,627101.5,0,NaN,NaN,NaN,NaN,NaN,NaN,121789
1137366000,1.2186,1.2214,1.2075,1.2174,760160,625022,0,NaN,NaN,NaN,NaN,NaN,NaN,134675
1137970800,1.2177,1.2359,1.2118,1.2135,694755,632234.5,0,NaN,NaN,NaN,NaN,NaN,NaN,135000
1138575600,1.2136,1.222,1.1994,1.205,733231,647079.25,0,NaN,NaN,NaN,NaN,NaN,NaN,145266
1139180400,1.2054,1.2072,1.1912,1.1927,727233,654780.35,0,NaN,NaN,NaN,NaN,NaN,NaN,148026
1139785200,1.1916,1.1974,1.1864,1.1925,553939,651200.35,0,NaN,NaN,NaN,NaN,NaN,NaN,141395
1140390000,1.1942,1.199,1.1865,1.1885,695852,654425.55,0,NaN,NaN,NaN,NaN,NaN,NaN,161113
1140994800,1.188,1.2058,1.1835,1.2038,619707,655037.5,0,NaN,NaN,NaN,NaN,NaN,NaN,147036
1141599600,1.2052,1.2098,1.1872,1.1986,586848,653084.55,0,NaN,NaN,NaN,NaN,NaN,NaN,123103
1142204400,1.1985,1.2277,1.1982,1.2263,740015,658719.1,0,NaN,NaN,NaN,NaN,NaN,NaN,132925
1142809200,1.2248,1.2264,1.2013,1.2093,653321,653670.4,0,NaN,NaN,NaN,NaN,NaN,NaN,135556
1143414000,1.2094,1.2232,1.2039,1.2179,643131,654813.6,0,NaN,NaN,NaN,NaN,NaN,NaN,140062
1144015200,1.2174,1.2386,1.2089,1.2161,862283,657895.55,0,NaN,NaN,NaN,NaN,NaN,NaN,157695
1144620000,1.2159,1.2218,1.2115,1.2153,430084,648243.9,0,NaN,NaN,NaN,NaN,NaN,NaN,145690
1145224800,1.2168,1.2443,1.2162,1.2388,789472,645962.7,0,NaN,NaN,NaN,NaN,NaN,NaN,171273
1145829600,1.241,1.268,1.2377,1.2652,890565,655809,0,NaN,NaN,NaN,NaN,NaN,NaN,176571
1146434400,1.266,1.2803,1.2595,1.2772,934980,676364.4,0,NaN,NaN,NaN,NaN,NaN,NaN,186407
1147039200,1.2778,1.2988,1.2696,1.2938,1086518,707045.95,0,NaN,NaN,NaN,NaN,NaN,NaN,189085
1147644000,1.2975,1.3003,1.2718,1.28,1255874,754395.45,0,NaN,NaN,NaN,NaN,NaN,NaN,197427
1148248800,1.2785,1.292,1.2716,1.2737,870481,764346.5,0,NaN,NaN,NaN,NaN,NaN,NaN,193540
1148853600,1.2748,1.2954,1.2736,1.2932,1003040,776574.45,0,NaN,NaN,NaN,NaN,NaN,NaN,197627
1149458400,1.2937,1.2992,1.2602,1.2652,840533,780593.1,0,NaN,NaN,NaN,NaN,NaN,NaN,157465
1150063200,1.2622,1.2751,1.2534,1.2726,498393,770775,0,NaN,NaN,NaN,NaN,NaN,NaN,129020
1150668000,1.2724,1.2754,1.2551,1.2591,662111,767219,0,NaN,NaN,NaN,NaN,NaN,NaN,145511
1151272800,1.2578,1.286,1.2575,1.285,677806,764747.65,0,NaN,NaN,NaN,NaN,NaN,NaN,154334
1151877600,1.2855,1.2925,1.2771,1.2877,779276,776014.5,0,NaN,NaN,NaN,NaN,NaN,NaN,164816
1152482400,1.287,1.2875,1.268,1.2706,636110,773027.4,0,NaN,NaN,NaN,NaN,NaN,NaN,154235
1153087200,1.269,1.2744,1.2503,1.2737,737342,778909.15,0,NaN,NaN,NaN,NaN,NaN,NaN,147683
1153692000,1.2748,1.2815,1.2603,1.2792,678730,783503.25,0,NaN,NaN,NaN,NaN,NaN,NaN,155225
1154296800,1.2806,1.2945,1.276,1.2914,806132,786809.1,0,NaN,NaN,NaN,NaN,NaN,NaN,174805
1154901600,1.2918,1.2943,1.2743,1.2751,663338,787309.95,0,NaN,NaN,NaN,NaN,NaN,NaN,165542
1155506400,1.2739,1.2911,1.2722,1.2849,597121,785009.45,0,NaN,NaN,NaN,NaN,NaN,NaN,177449
1156111200,1.2846,1.2961,1.2743,1.2779,709715,777381.05,0,NaN,NaN,NaN,NaN,NaN,NaN,162603
1156716000,1.2775,1.2892,1.2765,1.2849,744971,793125.4,0,NaN,NaN,NaN,NaN,NaN,NaN,171295
1157320800,1.2854,1.2882,1.2658,1.268,797615,793532.55,0,NaN,NaN,NaN,NaN,NaN,NaN,137883
1157925600,1.2675,1.2802,1.2654,1.2725,592296,778619.1,0,NaN,NaN,NaN,NaN,NaN,NaN,131087
1158530400,1.2701,1.2891,1.2696,1.2843,727584,768249.3,0,NaN,NaN,NaN,NaN,NaN,NaN,137603
1159135200,1.2846,1.2879,1.2692,1.2739,712161,749531.45,0,NaN,NaN,NaN,NaN,NaN,NaN,142380
1159740000,1.2733,1.2817,1.262,1.2656,780600,725767.75,0,NaN,NaN,NaN,NaN,NaN,NaN,145604
1160344800,1.2637,1.2661,1.2526,1.2558,607556,712621.5,0,NaN,NaN,NaN,NaN,NaN,NaN,151790
1160949600,1.2546,1.2681,1.2532,1.2658,701488,697543.9,0,NaN,NaN,NaN,NaN,NaN,NaN,147415
1161554400,1.2656,1.2784,1.2562,1.2768,722372,691635.85,0,NaN,NaN,NaN,NaN,NaN,NaN,152455
1162162800,1.2763,1.2831,1.2711,1.2745,786439,706038.15,0,NaN,NaN,NaN,NaN,NaN,NaN,158438
1162767600,1.2743,1.2926,1.2718,1.287,778779,711871.55,0,NaN,NaN,NaN,NaN,NaN,NaN,166834
1163372400,1.2873,1.2903,1.2782,1.2834,911773,723569.9,0,NaN,NaN,NaN,NaN,NaN,NaN,174193
1163977200,1.2845,1.3125,1.2815,1.3104,811447,725178.45,0,NaN,NaN,NaN,NaN,NaN,NaN,198623
1164582000,1.3162,1.3359,1.3099,1.3343,1168339,751789.9,0,NaN,NaN,NaN,NaN,NaN,NaN,205684
1165186800,1.337,1.3373,1.3196,1.3204,1141905,772018.05,0,NaN,NaN,NaN,NaN,NaN,NaN,181712
1165791600,1.3188,1.3297,1.3114,1.3136,914380,783800.55,0,NaN,NaN,NaN,NaN,NaN,NaN,184881
1166396400,1.3136,1.3297,1.3105,1.3168,874181,787203,0,NaN,NaN,NaN,NaN,NaN,NaN,187784
1167001200,1.317,1.3252,1.3139,1.3236,390770,773574.6,0,NaN,NaN,NaN,NaN,NaN,NaN,191465
1167606000,1.3319,1.3343,1.3023,1.3052,672144,777325.75,0,NaN,NaN,NaN,NaN,NaN,NaN,174877
1168210800,1.3051,1.3094,1.2901,1.296,954775,789578.75,0,NaN,NaN,NaN,NaN,NaN,NaN,162944
1168815600,1.2962,1.3035,1.2925,1.2999,741379,789399.15,0,NaN,NaN,NaN,NaN,NaN,NaN,165783
1169420400,1.2992,1.3077,1.2901,1.2938,862326,792634.7,0,NaN,NaN,NaN,NaN,NaN,NaN,170593
1170025200,1.295,1.3092,1.2927,1.2991,862192,806129.5,0,NaN,NaN,NaN,NaN,NaN,NaN,182042
1170630000,1.2982,1.3066,1.2938,1.3027,692984,804399.5,0,NaN,NaN,NaN,NaN,NaN,NaN,177831
1171234800,1.304,1.3191,1.2962,1.3153,881417,812862.3,0,NaN,NaN,NaN,NaN,NaN,NaN,194482
1171839600,1.3172,1.3207,1.3094,1.3178,722845,809974.55,0,NaN,NaN,NaN,NaN,NaN,NaN,217769
1172444400,1.3186,1.3272,1.3151,1.3199,935565,826375,0,NaN,NaN,NaN,NaN,NaN,NaN,199037
1173049200,1.3212,1.3219,1.3079,1.3119,838542,833227.7,0,NaN,NaN,NaN,NaN,NaN,NaN,176340
1173650400,1.3121,1.3391,1.3113,1.3357,745635,834390.85,0,NaN,NaN,NaN,NaN,NaN,NaN,178262
1174255200,1.3366,1.3458,1.3319,1.3334,838185,836978.15,0,NaN,NaN,NaN,NaN,NaN,NaN,180697
1174860000,1.3336,1.3442,1.3298,1.3394,938255,844951.95,0,NaN,NaN,NaN,NaN,NaN,NaN,203861
1175464800,1.3412,1.348,1.3355,1.3409,598972,829311.9,0,NaN,NaN,NaN,NaN,NaN,NaN,212085
1176069600,1.3415,1.3589,1.3377,1.3573,692119,823345.5,0,NaN,NaN,NaN,NaN,NaN,NaN,214027
1176674400,1.3585,1.3668,1.3558,1.3628,723454,801101.25,0,NaN,NaN,NaN,NaN,NaN,NaN,215957
1177279200,1.3622,1.3715,1.357,1.3669,787833,783397.65,0,NaN,NaN,NaN,NaN,NaN,NaN,231623
1177884000,1.3682,1.3705,1.3558,1.3616,852408,780299.05,0,NaN,NaN,NaN,NaN,NaN,NaN,228789
1178488800,1.3623,1.365,1.3482,1.3546,746338,773906.9,0,NaN,NaN,NaN,NaN,NaN,NaN,218052
1179093600,1.355,1.3628,1.348,1.3522,705258,789631.3,0,NaN,NaN,NaN,NaN,NaN,NaN,218745
1179698400,1.3534,1.3546,1.3423,1.3462,666786,789363.4,0,NaN,NaN,NaN,NaN,NaN,NaN,207987
1180303200,1.346,1.3531,1.34,1.3452,781074,780678.35,0,NaN,NaN,NaN,NaN,NaN,NaN,200623
1180908000,1.3449,1.3562,1.3323,1.3366,999998,793609.3,0,NaN,NaN,NaN,NaN,NaN,NaN,157757
1181512800,1.3377,1.3429,1.3266,1.3419,699177,785451.85,0,NaN,NaN,NaN,NaN,NaN,NaN,178712
1182117600,1.3432,1.3507,1.341,1.3503,681408,776412.65,0,NaN,NaN,NaN,NaN,NaN,NaN,191092
1182722400,1.3504,1.3576,1.3452,1.3568,719632,777745.05,0,NaN,NaN,NaN,NaN,NaN,NaN,195053
1183327200,1.3572,1.3693,1.3563,1.3653,672626,767305.5,0,NaN,NaN,NaN,NaN,NaN,NaN,206446
1183932000,1.3661,1.3844,1.3626,1.3817,862373,774281.9,0,NaN,NaN,NaN,NaN,NaN,NaN,215084
1184536800,1.3815,1.387,1.378,1.3847,717300,763368.65,0,NaN,NaN,NaN,NaN,NaN,NaN,231880
1185141600,1.3859,1.3878,1.3647,1.367,995531,771218.1,0,NaN,NaN,NaN,NaN,NaN,NaN,216144
1185746400,1.3648,1.3839,1.3631,1.3821,836274,775750.05,0,NaN,NaN,NaN,NaN,NaN,NaN,219854
1186351200,1.3819,1.386,1.3661,1.3716,966309,782156.25,0,NaN,NaN,NaN,NaN,NaN,NaN,218411
1186956000,1.3711,1.3728,1.337,1.3488,1109694,790728.2,0,NaN,NaN,NaN,NaN,NaN,NaN,211972
1187560800,1.3504,1.3694,1.3462,1.3682,697700,795664.6,0,NaN,NaN,NaN,NaN,NaN,NaN,214518
1188165600,1.3685,1.373,1.3572,1.3647,721296,797123.45,0,NaN,NaN,NaN,NaN,NaN,NaN,223758
1188770400,1.3641,1.3804,1.3559,1.3773,897110,805806.25,0,NaN,NaN,NaN,NaN,NaN,NaN,193361
1189375200,1.378,1.393,1.3771,1.3907,651350,798982.1,0,NaN,NaN,NaN,NaN,NaN,NaN,186871
1189980000,1.3907,1.414,1.3859,1.4102,724604,792591.9,0,NaN,NaN,NaN,NaN,NaN,NaN,200930
1190584800,1.4114,1.43,1.4081,1.4293,688324,789691.2,0,NaN,NaN,NaN,NaN,NaN,NaN,209615
1191189600,1.4292,1.4302,1.4051,1.4158,852040,797030.3,0,NaN,NaN,NaN,NaN,NaN,NaN,205691
1191794400,1.4157,1.4262,1.4033,1.4192,822067,804794.35,0,NaN,NaN,NaN,NaN,NaN,NaN,202418
1192399200,1.4192,1.434,1.4162,1.4311,814319,806456.6,0,NaN,NaN,NaN,NaN,NaN,NaN,217288
1193004000,1.4336,1.4407,1.4139,1.4396,907365,801824.95,0,NaN,NaN,NaN,NaN,NaN,NaN,197943
1193608800,1.4428,1.4537,1.4385,1.4507,809435,807337.85,0,NaN,NaN,NaN,NaN,NaN,NaN,212733
1194217200,1.4523,1.476,1.4437,1.4676,958061,821170.5,0,NaN,NaN,NaN,NaN,NaN,NaN,213502
1194822000,1.4684,1.4734,1.4528,1.4665,884284,829403.1,0,NaN,NaN,NaN,NaN,NaN,NaN,221569
1195426800,1.4676,1.4977,1.4629,1.4838,802297,835886.65,0,NaN,NaN,NaN,NaN,NaN,NaN,214256
1196031600,1.4838,1.4918,1.4633,1.4643,903479,837941.95,0,NaN,NaN,NaN,NaN,NaN,NaN,202395
1196636400,1.4641,1.4774,1.4527,1.4657,822914,843222.65,0,NaN,NaN,NaN,NaN,NaN,NaN,202601
1197241200,1.466,1.4752,1.4423,1.4435,743100,830601.1,0,NaN,NaN,NaN,NaN,NaN,NaN,149519
1197846000,1.4406,1.4465,1.4323,1.437,597598,818667.3,0,NaN,NaN,NaN,NaN,NaN,NaN,158273
1198450800,1.437,1.4744,1.437,1.4726,279132,784308.45,0,NaN,NaN,NaN,NaN,NaN,NaN,170740
1199055600,1.4739,1.483,1.458,1.4777,507019,754174.7,0,NaN,NaN,NaN,NaN,NaN,NaN,173346
1199660400,1.4759,1.4814,1.4638,1.478,693125,753945.95,0,NaN,NaN,NaN,NaN,NaN,NaN,174508
1200265200,1.4779,1.4916,1.4581,1.4618,972275,766494.9,0,NaN,NaN,NaN,NaN,NaN,NaN,164815
1200870000,1.4599,1.4763,1.4355,1.4657,1016806,772479.7,0,NaN,NaN,NaN,NaN,NaN,NaN,177093
1201474800,1.4668,1.4946,1.4643,1.4788,755432,777683.8,0,NaN,NaN,NaN,NaN,NaN,NaN,191143
1202079600,1.4783,1.4833,1.4424,1.4492,812705,782088.85,0,NaN,NaN,NaN,NaN,NaN,NaN,186309
1202684400,1.4505,1.4698,1.4466,1.4657,688729,782109.1,0,NaN,NaN,NaN,NaN,NaN,NaN,197350
1203289200,1.4669,1.4855,1.46,1.4817,698953,774454.75,0,NaN,NaN,NaN,NaN,NaN,NaN,200856
1203894000,1.4825,1.5234,1.4771,1.5185,888832,777793,0,NaN,NaN,NaN,NaN,NaN,NaN,203244
1204498800,1.5183,1.546,1.514,1.5346,1048279,789491,0,NaN,NaN,NaN,NaN,NaN,NaN,210944
1205100000,1.5352,1.5643,1.528,1.559,1147174,801481.45,0,NaN,NaN,NaN,NaN,NaN,NaN,163759
1205704800,1.56,1.582,1.533,1.5361,961247,809072.05,0,NaN,NaN,NaN,NaN,NaN,NaN,158840
1206309600,1.5347,1.5797,1.5273,1.5703,795296,800933.8,0,NaN,NaN,NaN,NaN,NaN,NaN,159639
1206914400,1.5742,1.5843,1.5461,1.5672,985297,805984.45,0,NaN,NaN,NaN,NaN,NaN,NaN,166856
1207519200,1.5681,1.5867,1.5577,1.5786,805533,806146.25,0,NaN,NaN,NaN,NaN,NaN,NaN,171062
1208124000,1.5638,1.5946,1.562,1.5767,1081062,815025.4,0,NaN,NaN,NaN,NaN,NaN,NaN,176929
1208728800,1.5771,1.5985,1.5522,1.5562,1237795,835769.45,0,NaN,NaN,NaN,NaN,NaN,NaN,186822
1209333600,1.5574,1.5663,1.5329,1.5386,1146399,855934.4,0,NaN,NaN,NaN,NaN,NaN,NaN,195487
1209938400,1.5402,1.5567,1.5255,1.5452,1030740,877591.5,0,NaN,NaN,NaN,NaN,NaN,NaN,206701
1210543200,1.544,1.558,1.534,1.5558,1121992,919734.5,0,NaN,NaN,NaN,NaN,NaN,NaN,203992
1211148000,1.5562,1.5796,1.5463,1.5773,1014326,945099.85,0,NaN,NaN,NaN,NaN,NaN,NaN,207793
1211752800,1.5754,1.5804,1.545,1.5546,1048337,962860.45,0,NaN,NaN,NaN,NaN,NaN,NaN,217472
1212357600,1.5546,1.5772,1.5357,1.5759,1356367,982065.05,0,NaN,NaN,NaN,NaN,NaN,NaN,211567
1212962400,1.5778,1.5839,1.5236,1.5282,1270128,994731.15,0,NaN,NaN,NaN,NaN,NaN,NaN,129488
1213567200,1.5345,1.5585,1.5278,1.5557,944862,1004202.65,0,NaN,NaN,NaN,NaN,NaN,NaN,154991
1214172000,1.5542,1.5734,1.5401,1.5712,981707,1012652.75,0,NaN,NaN,NaN,NaN,NaN,NaN,163642
1214776800,1.5723,1.5853,1.5598,1.5639,1214292,1038930.9,0,NaN,NaN,NaN,NaN,NaN,NaN,169239
1215381600,1.565,1.5896,1.5555,1.5836,1024188,1055192.65,0,NaN,NaN,NaN,NaN,NaN,NaN,183422
1215986400,1.5891,1.5988,1.5735,1.5796,1053080,1063405.05,0,NaN,NaN,NaN,NaN,NaN,NaN,169910
1216591200,1.5795,1.5901,1.5585,1.5653,993210,1060651.6,0,NaN,NaN,NaN,NaN,NaN,NaN,146219
1217196000,1.5665,1.5729,1.5478,1.5512,1084536,1057519.7,0,NaN,NaN,NaN,NaN,NaN,NaN,150679
1217800800,1.5528,1.5598,1.4968,1.4982,1216404,1070277.55,0,NaN,NaN,NaN,NaN,NaN,NaN,153764
1218405600,1.4994,1.5057,1.4636,1.4655,1321615,1096593.5,0,NaN,NaN,NaN,NaN,NaN,NaN,139414
1219010400,1.4658,1.4886,1.4609,1.4758,1078657,1101261.5,0,NaN,NaN,NaN,NaN,NaN,NaN,151617
1219615200,1.4768,1.48,1.4556,1.4631,1140177,1117993.7,0,NaN,NaN,NaN,NaN,NaN,NaN,151887
1220220000,1.468,1.4712,1.4189,1.4236,1399907,1133935.95,0,NaN,NaN,NaN,NaN,NaN,NaN,145907
1220824800,1.4313,1.4424,1.388,1.4142,1543342,1149213.3,0,NaN,NaN,NaN,NaN,NaN,NaN,129724
1221429600,1.421,1.4542,1.401,1.4443,1281712,1155978.95,0,NaN,NaN,NaN,NaN,NaN,NaN,144204
1222034400,1.4462,1.4846,1.4415,1.4623,988755,1153879.7,0,NaN,NaN,NaN,NaN,NaN,NaN,149131
1222639200,1.4634,1.4638,1.3691,1.3829,1081545,1151857.35,0,NaN,NaN,NaN,NaN,NaN,NaN,155721
1223244000,1.3642,1.3835,1.328,1.3487,927029,1147492.5,0,NaN,NaN,NaN,NaN,NaN,NaN,152828
1223848800,1.3598,1.3775,1.3341,1.342,807230,1135437.15,0,NaN,NaN,NaN,NaN,NaN,NaN,146472
1224453600,1.3397,1.351,1.2479,1.2604,1029008,1119069.2,0,NaN,NaN,NaN,NaN,NaN,NaN,171472
1225058400,1.2591,1.3277,1.2326,1.2741,1147477,1112936.65,0,NaN,NaN,NaN,NaN,NaN,NaN,148064
1225666800,1.2712,1.3096,1.2507,1.2729,999942,1115690.65,0,NaN,NaN,NaN,NaN,NaN,NaN,136368
1226271600,1.2774,1.2906,1.2372,1.2778,924651,1112837.85,0,NaN,NaN,NaN,NaN,NaN,NaN,137766
1226876400,1.2543,1.28,1.2415,1.2496,926638,1098455.15,0,NaN,NaN,NaN,NaN,NaN,NaN,135512
1227481200,1.2586,1.3077,1.2558,1.27,731641,1083827.8,0,NaN,NaN,NaN,NaN,NaN,NaN,138461
1228086000,1.2707,1.2845,1.2546,1.2688,854353,1073891.45,0,NaN,NaN,NaN,NaN,NaN,NaN,128245
1228690800,1.272,1.3405,1.2709,1.334,824926,1065477.25,0,NaN,NaN,NaN,NaN,NaN,NaN,112419
1229295600,1.3345,1.4687,1.3335,1.3853,1007068,1061603.85,0,NaN,NaN,NaN,NaN,NaN,NaN,115648
1229900400,1.3876,1.4098,1.3871,1.4041,192976,1010432.45,0,NaN,NaN,NaN,NaN,NaN,NaN,117096
1230505200,1.4038,1.4334,1.3804,1.3823,304362,959569.8,0,NaN,NaN,NaN,NaN,NaN,NaN,116725
1231110000,1.3874,1.3932,1.3283,1.34,863169,948795.4,0,NaN,NaN,NaN,NaN,NaN,NaN,112416
1231714800,1.342,1.345,1.2999,1.3216,879042,935738.65,0,NaN,NaN,NaN,NaN,NaN,NaN,131261
1232319600,1.332,1.3364,1.2755,1.2967,821701,906828.35,0,NaN,NaN,NaN,NaN,NaN,NaN,133617
1232924400,1.2968,1.3321,1.2759,1.2784,946308,876976.65,0,NaN,NaN,NaN,NaN,NaN,NaN,142826
1233529200,1.2768,1.3063,1.2698,1.2935,949837,860382.9,0,NaN,NaN,NaN,NaN,NaN,NaN,148104
1234134000,1.2958,1.3087,1.2714,1.2874,1043213,863105.8,0,NaN,NaN,NaN,NaN,NaN,NaN,148675
1234738800,1.2789,1.2881,1.2508,1.2836,898666,853961.85,0,NaN,NaN,NaN,NaN,NaN,NaN,151996
1235343600,1.2814,1.2989,1.2601,1.2696,986834,856952.1,0,NaN,NaN,NaN,NaN,NaN,NaN,159991
1235948400,1.2615,1.2755,1.2456,1.2661,941944,863687.8,0,NaN,NaN,NaN,NaN,NaN,NaN,142629
1236549600,1.2664,1.2961,1.2555,1.2901,884056,856440.2,0,NaN,NaN,NaN,NaN,NaN,NaN,101603
1237154400,1.2898,1.3737,1.2836,1.3552,997391,848935.9,0,NaN,NaN,NaN,NaN,NaN,NaN,110228
1237759200,1.3636,1.3736,1.3257,1.3305,979102,847893.9,0,NaN,NaN,NaN,NaN,NaN,NaN,110921
1238364000,1.323,1.3519,1.3114,1.3488,842130,843767.85,0,NaN,NaN,NaN,NaN,NaN,NaN,118209
1238968800,1.3514,1.3582,1.3121,1.3143,587746,826823.25,0,NaN,NaN,NaN,NaN,NaN,NaN,106588
1239573600,1.3183,1.339,1.301,1.302,638836,822183,0,NaN,NaN,NaN,NaN,NaN,NaN,110796
1240178400,1.3043,1.3297,1.2878,1.3243,736181,816274.4,0,NaN,NaN,NaN,NaN,NaN,NaN,107301
1240783200,1.324,1.3384,1.2961,1.3265,737155,811885.85,0,NaN,NaN,NaN,NaN,NaN,NaN,105891
1241388000,1.3275,1.3649,1.321,1.3618,906131,806839,0,NaN,NaN,NaN,NaN,NaN,NaN,116259
1241992800,1.3654,1.3719,1.3459,1.3471,853657,839873.05,0,NaN,NaN,NaN,NaN,NaN,NaN,116912
1242597600,1.3481,1.4048,1.342,1.4013,986001,873955,0,NaN,NaN,NaN,NaN,NaN,NaN,129826
1243202400,1.4023,1.4168,1.3791,1.4131,913959,876494.5,0,NaN,NaN,NaN,NaN,NaN,NaN,130409
1243807200,1.4133,1.4338,1.3931,1.3961,1272970,896190.9,0,NaN,NaN,NaN,NaN,NaN,NaN,128161
1244412000,1.3943,1.4178,1.3804,1.3998,1007602,905485.95,0,NaN,NaN,NaN,NaN,NaN,NaN,110351
1245016800,1.3978,1.4007,1.3736,1.3948,973715,906856.3,0,NaN,NaN,NaN,NaN,NaN,NaN,109428
1245621600,1.3942,1.4133,1.3818,1.4075,1172252,917977.05,0,NaN,NaN,NaN,NaN,NaN,NaN,110392
1246226400,1.4058,1.4202,1.3979,1.4025,831514,907392.1,0,NaN,NaN,NaN,NaN,NaN,NaN,114198
1246572000,1.3961,1.4074,1.3832,1.395,1114964,918207,0,NaN,NaN,NaN,NaN,NaN,NaN,115486
1247436000,1.3945,1.4167,1.3898,1.414,904190,914074.8,0,NaN,NaN,NaN,NaN,NaN,NaN,136872
1248040800,1.4116,1.4294,1.4109,1.4216,954740,914714.6,0,NaN,NaN,NaN,NaN,NaN,NaN,137328
1248645600,1.4227,1.4306,1.4007,1.4254,1245401,932781.85,0,NaN,NaN,NaN,NaN,NaN,NaN,131782
1249250400,1.4269,1.4449,1.4155,1.4172,1119331,938878.85,0,NaN,NaN,NaN,NaN,NaN,NaN,142056
1249855200,1.4175,1.4329,1.4087,1.417,972229,938535.2,0,NaN,NaN,NaN,NaN,NaN,NaN,124159
1250460000,1.4192,1.4378,1.4045,1.4336,1015759,947216.65,0,NaN,NaN,NaN,NaN,NaN,NaN,123631
1251064800,1.4342,1.4409,1.4206,1.4287,920486,963853.65,0,NaN,NaN,NaN,NaN,NaN,NaN,126399
1251669600,1.4305,1.4379,1.4177,1.4309,1020431,982933.4,0,NaN,NaN,NaN,NaN,NaN,NaN,118558
1252274400,1.4309,1.4635,1.4303,1.4592,871056,989677.15,0,NaN,NaN,NaN,NaN,NaN,NaN,147877
1252879200,1.4596,1.4773,1.4514,1.472,1077704,1006704.6,0,NaN,NaN,NaN,NaN,NaN,NaN,157591
1253484000,1.4695,1.4844,1.461,1.4664,1096702,1016233.15,0,NaN,NaN,NaN,NaN,NaN,NaN,164311
1254088800,1.47,1.4719,1.4479,1.4587,1334778,1040289.2,0,NaN,NaN,NaN,NaN,NaN,NaN,169099
1254693600,1.4587,1.4816,1.4578,1.4707,1079507,1044964.5,0,NaN,NaN,NaN,NaN,NaN,NaN,164134
1255298400,1.4718,1.4965,1.4674,1.4897,1052963,1051914.7,0,NaN,NaN,NaN,NaN,NaN,NaN,165316
1255903200,1.4897,1.5059,1.4826,1.5,1194817,1048007.05,0,NaN,NaN,NaN,NaN,NaN,NaN,169120
1256508000,1.5,1.5062,1.4681,1.4726,1536735,1074463.7,0,NaN,NaN,NaN,NaN,NaN,NaN,166762
1257116400,1.473,1.4916,1.4624,1.4835,1368734,1094214.65,0,NaN,NaN,NaN,NaN,NaN,NaN,160356
1257721200,1.4874,1.5048,1.482,1.4893,1205144,1095859.25,0,NaN,NaN,NaN,NaN,NaN,NaN,160481
1258326000,1.4921,1.5015,1.4799,1.4855,1374509,1123009,0,NaN,NaN,NaN,NaN,NaN,NaN,170031
1258930800,1.4852,1.5144,1.4827,1.496,1170653,1125793.45,0,NaN,NaN,NaN,NaN,NaN,NaN,170546
1259535600,1.501,1.5142,1.4821,1.4827,1529641,1157066,0,NaN,NaN,NaN,NaN,NaN,NaN,168045
1260140400,1.4871,1.4905,1.4581,1.4614,1387020,1178680,0,NaN,NaN,NaN,NaN,NaN,NaN,126868
1260745200,1.4611,1.4682,1.4258,1.4319,1222061,1177513,0,NaN,NaN,NaN,NaN,NaN,NaN,131440
1261350000,1.4309,1.4416,1.4215,1.4353,512903,1147191.6,0,NaN,NaN,NaN,NaN,NaN,NaN,130684
1261954800,1.4372,1.4457,1.4271,1.4334,449000,1121030.15,0,NaN,NaN,NaN,NaN,NaN,NaN,145397
1262559600,1.4323,1.4483,1.4256,1.4415,1296242,1135054.3,0,NaN,NaN,NaN,NaN,NaN,NaN,150587
1263164400,1.441,1.4577,1.4334,1.4355,1207570,1149408.5,0,NaN,NaN,NaN,NaN,NaN,NaN,159991
1263769200,1.4348,1.4413,1.4027,1.4134,1326248,1164699.35,0,NaN,NaN,NaN,NaN,NaN,NaN,173493
1264374000,1.4147,1.4193,1.3858,1.3865,1570058,1199649.45,0,NaN,NaN,NaN,NaN,NaN,NaN,187156
1264978800,1.386,1.4026,1.3584,1.3635,1710500,1231289.25,0,NaN,NaN,NaN,NaN,NaN,NaN,183055
1265583600,1.3657,1.384,1.3531,1.3617,1686232,1260765.75,0,NaN,NaN,NaN,NaN,NaN,NaN,198531
1266188400,1.3618,1.3789,1.3442,1.3595,1303392,1259196.45,0,NaN,NaN,NaN,NaN,NaN,NaN,192357
1266793200,1.3617,1.3692,1.3451,1.3621,1696231,1290032.65,0,NaN,NaN,NaN,NaN,NaN,NaN,201301
1267398000,1.3624,1.3737,1.3433,1.3623,1759363,1325352.65,0,NaN,NaN,NaN,NaN,NaN,NaN,182129
1268002800,1.3641,1.3796,1.3536,1.3757,1255196,1328371.6,0,NaN,NaN,NaN,NaN,NaN,NaN,158416
1268604000,1.3762,1.3819,1.3503,1.3536,1364923,1319781,0,NaN,NaN,NaN,NaN,NaN,NaN,186438
1269208800,1.3531,1.357,1.3266,1.34,1764255,1339557.05,0,NaN,NaN,NaN,NaN,NaN,NaN,209871
1269813600,1.3467,1.3593,1.3385,1.3486,1282894,1343444.55,0,NaN,NaN,NaN,NaN,NaN,NaN,198320
1270418400,1.3492,1.3539,1.3283,1.3456,1423699,1345904.05,0,NaN,NaN,NaN,NaN,NaN,NaN,206222
1271023200,1.3628,1.3694,1.3474,1.3498,1507250,1362733.9,0,NaN,NaN,NaN,NaN,NaN,NaN,199319
1271628000,1.348,1.3525,1.3202,1.3388,1673141,1369908.9,0,NaN,NaN,NaN,NaN,NaN,NaN,224463
1272232800,1.335,1.3415,1.3117,1.3308,2161326,1408624.2,0,NaN,NaN,NaN,NaN,NaN,NaN,242231
1272837600,1.3333,1.3335,1.2525,1.274,2790150,1487028.65,0,NaN,NaN,NaN,NaN,NaN,NaN,252895
1273442400,1.2922,1.3097,1.2355,1.2387,2096278,1566197.4,0,NaN,NaN,NaN,NaN,NaN,NaN,286914
1274047200,1.2353,1.2674,1.214,1.2587,2716667,1679580.75,0,NaN,NaN,NaN,NaN,NaN,NaN,273415
1274652000,1.255,1.2565,1.2155,1.2324,1880785,1708807.9,0,NaN,NaN,NaN,NaN,NaN,NaN,263581
1275256800,1.2283,1.2357,1.1955,1.1966,1732990,1735078.9,0,NaN,NaN,NaN,NaN,NaN,NaN,226990
1275861600,1.1952,1.2164,1.1874,1.2084,1687815,1753157.25,0,NaN,NaN,NaN,NaN,NaN,NaN,231208
1276466400,1.2128,1.2426,1.2124,1.2371,1399756,1744642.15,0,NaN,NaN,NaN,NaN,NaN,NaN,218164
1277071200,1.2439,1.2477,1.2216,1.2393,1495326,1733883.45,0,NaN,NaN,NaN,NaN,NaN,NaN,222059
1277676000,1.2384,1.2617,1.2157,1.2557,1687144,1733929.05,0,NaN,NaN,NaN,NaN,NaN,NaN,220592
1278280800,1.2559,1.2725,1.2483,1.2646,1145187,1726018.8,0,NaN,NaN,NaN,NaN,NaN,NaN,209916
1278885600,1.264,1.3006,1.2524,1.2943,1408382,1711626.35,0,NaN,NaN,NaN,NaN,NaN,NaN,228357
1279490400,1.2906,1.3029,1.2731,1.292,1417206,1694518.5,0,NaN,NaN,NaN,NaN,NaN,NaN,223545
1280095200,1.2896,1.3106,1.2876,1.3054,1263400,1694928.7,0,NaN,NaN,NaN,NaN,NaN,NaN,224425
1280700000,1.306,1.3333,1.3054,1.3274,1286393,1691002.2,0,NaN,NaN,NaN,NaN,NaN,NaN,226888
1281304800,1.3284,1.3307,1.2749,1.2752,1532811,1679430,0,NaN,NaN,NaN,NaN,NaN,NaN,241680
1281909600,1.2763,1.2922,1.2663,1.2709,1474394,1689005,0,NaN,NaN,NaN,NaN,NaN,NaN,247830
1282514400,1.2708,1.278,1.2587,1.2731,1605616,1698100.85,0,NaN,NaN,NaN,NaN,NaN,NaN,230998
1283119200,1.2765,1.2897,1.2623,1.2878,1313505,1688413.6,0,NaN,NaN,NaN,NaN,NaN,NaN,211835
1283724000,1.2893,1.2919,1.264,1.2713,1236359,1666574.5,0,NaN,NaN,NaN,NaN,NaN,NaN,156841
1284328800,1.2703,1.3155,1.27,1.3039,1721380,1644577.2,0,NaN,NaN,NaN,NaN,NaN,NaN,162518
1284933600,1.3045,1.3494,1.3025,1.3467,1633138,1586726.6,0,NaN,NaN,NaN,NaN,NaN,NaN,176143
1285538400,1.3484,1.3786,1.3377,1.3772,1730197,1568422.55,0,NaN,NaN,NaN,NaN,NaN,NaN,186483
1286143200,1.3784,1.4022,1.3632,1.3904,1832155,1524196.95,0,NaN,NaN,NaN,NaN,NaN,NaN,184300
1286748000,1.3993,1.4156,1.3768,1.3954,1680968,1514206.1,0,NaN,NaN,NaN,NaN,NaN,NaN,206469
1287352800,1.3964,1.4042,1.3688,1.392,1924530,1523783.1,0,NaN,NaN,NaN,NaN,NaN,NaN,206905
1287957600,1.3942,1.4072,1.3726,1.3888,1703708,1524577.75,0,NaN,NaN,NaN,NaN,NaN,NaN,204405
1288562400,1.3961,1.4276,1.3856,1.4038,1880112,1548595.55,0,NaN,NaN,NaN,NaN,NaN,NaN,205168
1289170800,1.405,1.4079,1.3569,1.369,2104607,1579059.6,0,NaN,NaN,NaN,NaN,NaN,NaN,195599
1289775600,1.3677,1.3747,1.3444,1.3671,1733222,1581363.5,0,NaN,NaN,NaN,NaN,NaN,NaN,180061
1290380400,1.3735,1.3785,1.32,1.3242,1554465,1601827.4,0,NaN,NaN,NaN,NaN,NaN,NaN,181078
1290985200,1.3273,1.3438,1.2968,1.3378,2317565,1647286.55,0,NaN,NaN,NaN,NaN,NaN,NaN,170967
1291590000,1.3407,1.3421,1.3163,1.3224,1625996,1657726.05,0,NaN,NaN,NaN,NaN,NaN,NaN,142216
1292194800,1.32,1.3493,1.3129,1.3173,1641056,1676608.85,0,NaN,NaN,NaN,NaN,NaN,NaN,157259
1292799600,1.3163,1.3199,1.305,1.3111,861656,1655372,0,NaN,NaN,NaN,NaN,NaN,NaN,165468
1293404400,1.3109,1.3423,1.3068,1.3364,723111,1614887,0,NaN,NaN,NaN,NaN,NaN,NaN,159616
1294009200,1.3344,1.3431,1.2901,1.2929,1728939,1627614.25,0,NaN,NaN,NaN,NaN,NaN,NaN,181534
1294614000,1.2893,1.3453,1.287,1.3353,1963291,1645498,0,NaN,NaN,NaN,NaN,NaN,NaN,180786
1295218800,1.3369,1.3622,1.3234,1.3591,1634833,1661564.4,0,NaN,NaN,NaN,NaN,NaN,NaN,188217
1295823600,1.3602,1.3753,1.3533,1.3609,1739925,1686742.7,0,NaN,NaN,NaN,NaN,NaN,NaN,201346
1296428400,1.3575,1.3856,1.3538,1.3579,1759826,1688665,0,NaN,NaN,NaN,NaN,NaN,NaN,196117
1297033200,1.3568,1.3739,1.3492,1.3534,1682594,1691137.8,0,NaN,NaN,NaN,NaN,NaN,NaN,188005
1297638000,1.3525,1.3714,1.3424,1.3681,1677643,1688510.1,0,NaN,NaN,NaN,NaN,NaN,NaN,199983
1298242800,1.3687,1.3837,1.3523,1.3741,1367043,1665254.5,0,NaN,NaN,NaN,NaN,NaN,NaN,199660
1298847600,1.3745,1.4007,1.371,1.3985,1661498,1664281,0,NaN,NaN,NaN,NaN,NaN,NaN,224222
1299452400,1.399,1.4035,1.3733,1.3869,1374325,1636770.75,0,NaN,NaN,NaN,NaN,NaN,NaN,192237
1300053600,1.3948,1.4167,1.3836,1.4137,1624673,1632819,0,NaN,NaN,NaN,NaN,NaN,NaN,190850
1300658400,1.4159,1.4229,1.4035,1.4051,1291715,1603399.15,0,NaN,NaN,NaN,NaN,NaN,NaN,208318
1301263200,1.4029,1.4227,1.4,1.4216,1523294,1574333.5,0,NaN,NaN,NaN,NaN,NaN,NaN,227645
1301868000,1.4217,1.4468,1.4131,1.4414,1371249,1556234.85,0,NaN,NaN,NaN,NaN,NaN,NaN,244992
1302472800,1.4431,1.45,1.4345,1.4416,1297771,1543400.15,0,NaN,NaN,NaN,NaN,NaN,NaN,239862
1303077600,1.4399,1.4631,1.4137,1.4555,1254530,1490248.4,0,NaN,NaN,NaN,NaN,NaN,NaN,243366
1303682400,1.4547,1.4864,1.4476,1.482,1117332,1464815.2,0,NaN,NaN,NaN,NaN,NaN,NaN,246046
1304287200,1.481,1.4925,1.4294,1.4323,1928986,1479211.7,0,NaN,NaN,NaN,NaN,NaN,NaN,246903
1304892000,1.4351,1.443,1.4056,1.41,1826418,1527449.8,0,NaN,NaN,NaN,NaN,NaN,NaN,249385
1305496800,1.4071,1.4339,1.4038,1.4198,1719117,1577250.1,0,NaN,NaN,NaN,NaN,NaN,NaN,260163
1306101600,1.413,1.43,1.3963,1.4268,1804323,1581019.3,0,NaN,NaN,NaN,NaN,NaN,NaN,257773
1306706400,1.4308,1.4641,1.4254,1.4622,1407253,1553217.4,0,NaN,NaN,NaN,NaN,NaN,NaN,254558
1307311200,1.4629,1.4695,1.4281,1.4312,1515384,1547244.95,0,NaN,NaN,NaN,NaN,NaN,NaN,183638
1307916000,1.4292,1.4456,1.4039,1.4276,1588490,1539673.2,0,NaN,NaN,NaN,NaN,NaN,NaN,186950
1308520800,1.4237,1.4407,1.4093,1.4138,1498328,1526598.3,0,NaN,NaN,NaN,NaN,NaN,NaN,183262
1309125600,1.4155,1.452,1.407,1.4478,1545914,1519764.3,0,NaN,NaN,NaN,NaN,NaN,NaN,189120
1309730400,1.4512,1.4547,1.4176,1.4214,1328432,1502303.75,0,NaN,NaN,NaN,NaN,NaN,NaN,182579
1310335200,1.4192,1.4255,1.3811,1.4108,2090247,1538463.95,0,NaN,NaN,NaN,NaN,NaN,NaN,183100
1310940000,1.41,1.4414,1.3988,1.4344,1710294,1540903.75,0,NaN,NaN,NaN,NaN,NaN,NaN,177893
1311544800,1.438,1.4514,1.4212,1.4348,1520850,1548230,0,NaN,NaN,NaN,NaN,NaN,NaN,180663
1312149600,1.4339,1.4438,1.4041,1.425,2273116,1580652.15,0,NaN,NaN,NaN,NaN,NaN,NaN,175277
1312754400,1.4349,1.4395,1.4098,1.4238,2137725,1622952.65,0,NaN,NaN,NaN,NaN,NaN,NaN,167339
1313359200,1.4256,1.4512,1.4253,1.4382,1583445,1625960.2,0,NaN,NaN,NaN,NaN,NaN,NaN,169234
1313964000,1.4372,1.45,1.4322,1.448,1388591,1626827.3,0,NaN,NaN,NaN,NaN,NaN,NaN,171567
1314568800,1.449,1.4553,1.418,1.4184,1207220,1622299.75,0,NaN,NaN,NaN,NaN,NaN,NaN,177942
1315173600,1.4162,1.4283,1.3625,1.3658,1743001,1646723.3,0,NaN,NaN,NaN,NaN,NaN,NaN,214717
1315778400,1.3574,1.3938,1.3497,1.3783,1765543,1679133.85,0,NaN,NaN,NaN,NaN,NaN,NaN,212334
1316383200,1.3672,1.3791,1.338,1.3455,1795075,1672438.3,0,NaN,NaN,NaN,NaN,NaN,NaN,211563
1316988000,1.3501,1.3684,1.3357,1.3415,1679589,1665096.85,0,NaN,NaN,NaN,NaN,NaN,NaN,224262
1317592800,1.3353,1.3518,1.3142,1.3381,1930630,1675672.5,0,NaN,NaN,NaN,NaN,NaN,NaN,221957
1318197600,1.3382,1.3885,1.3371,1.387,1448572,1657884.95,0,NaN,NaN,NaN,NaN,NaN,NaN,219466
1318802400,1.3871,1.3905,1.3645,1.3859,1631948,1669119.7,0,NaN,NaN,NaN,NaN,NaN,NaN,238383
1319407200,1.3861,1.4241,1.3792,1.4148,1642514,1675476.2,0,NaN,NaN,NaN,NaN,NaN,NaN,217819
1320012000,1.4146,1.4166,1.3604,1.3773,1842942,1688198.8,0,NaN,NaN,NaN,NaN,NaN,NaN,230496
1320620400,1.3773,1.3857,1.3484,1.3748,1537845,1690174.65,0,NaN,NaN,NaN,NaN,NaN,NaN,238602
1321225200,1.3775,1.3794,1.342,1.3513,1401285,1682943.2,0,NaN,NaN,NaN,NaN,NaN,NaN,253690
1321830000,1.3522,1.3569,1.3212,1.3239,1167980,1674920.6,0,NaN,NaN,NaN,NaN,NaN,NaN,265046
1322434800,1.3315,1.355,1.326,1.3404,1556489,1648232.7,0,NaN,NaN,NaN,NaN,NaN,NaN,255082
1323039600,1.3407,1.3487,1.3281,1.3371,1403175,1632876.75,0,NaN,NaN,NaN,NaN,NaN,NaN,229687
1323644400,1.3361,1.3377,1.2945,1.3037,1362501,1624959.3,0,NaN,NaN,NaN,NaN,NaN,NaN,258127
1324249200,1.3047,1.3224,1.2993,1.3071,809489,1551777.95,0,NaN,NaN,NaN,NaN,NaN,NaN,272983
1324854000,1.3089,1.3097,1.2869,1.2968,471868,1468485.1,0,NaN,NaN,NaN,NaN,NaN,NaN,282768
1325458800,1.3047,1.3085,1.2703,1.2729,846587,1431642.2,0,NaN,NaN,NaN,NaN,NaN,NaN,291543
1326063600,1.27,1.2884,1.2627,1.2672,1412242,1432824.75,0,NaN,NaN,NaN,NaN,NaN,NaN,301762
1326668400,1.2642,1.2989,1.2628,1.2925,1253642,1435145.85,0,NaN,NaN,NaN,NaN,NaN,NaN,312052
1327273200,1.2885,1.3237,1.288,1.3207,1555259,1425758.75,0,NaN,NaN,NaN,NaN,NaN,NaN,297295
1327878000,1.3218,1.3224,1.3027,1.3154,1536132,1414288.2,0,NaN,NaN,NaN,NaN,NaN,NaN,294768
1328482800,1.3123,1.3325,1.3028,1.3172,1494943,1399281.6,0,NaN,NaN,NaN,NaN,NaN,NaN,283051
1329087600,1.3237,1.3285,1.2975,1.3159,1402815,1385442.9,0,NaN,NaN,NaN,NaN,NaN,NaN,289422
1329692400,1.3206,1.3488,1.3182,1.346,1206654,1349244.1,0,NaN,NaN,NaN,NaN,NaN,NaN,268456
1330297200,1.346,1.3487,1.3188,1.3206,1361680,1344899.5,0,NaN,NaN,NaN,NaN,NaN,NaN,256376
1330902000,1.32,1.3292,1.3096,1.3107,1348197,1330711.95,0,NaN,NaN,NaN,NaN,NaN,NaN,233455
1331503200,1.3115,1.3195,1.3004,1.3179,1281956,1312684.05,0,NaN,NaN,NaN,NaN,NaN,NaN,257559
1332108000,1.3185,1.33,1.314,1.327,1163546,1278714.25,0,NaN,NaN,NaN,NaN,NaN,NaN,250302
1332712800,1.3271,1.3391,1.3197,1.3339,1146546,1259149.3,0,NaN,NaN,NaN,NaN,NaN,NaN,234114
1333317600,1.3365,1.3387,1.304,1.3087,1100947,1244132.4,0,NaN,NaN,NaN,NaN,NaN,NaN,264693
1333922400,1.3101,1.3218,1.3037,1.3083,1140373,1242752.05,0,NaN,NaN,NaN,NaN,NaN,NaN,285827
1334527200,1.3075,1.3232,1.3,1.3219,1320330,1230944.1,0,NaN,NaN,NaN,NaN,NaN,NaN,285360
1335132000,1.3194,1.3273,1.3107,1.3262,1148415,1218206.1,0,NaN,NaN,NaN,NaN,NaN,NaN,284690
1335736800,1.3247,1.3287,1.3082,1.3089,1040697,1202115.9,0,NaN,NaN,NaN,NaN,NaN,NaN,302377
1336341600,1.303,1.3068,1.2906,1.2924,1310272,1227155.05,0,NaN,NaN,NaN,NaN,NaN,NaN,341111
1336946400,1.2885,1.2907,1.2644,1.2739,1619508,1284537.05,0,NaN,NaN,NaN,NaN,NaN,NaN,357864
1337551200,1.2777,1.2826,1.2496,1.2518,1541614,1319288.4,0,NaN,NaN,NaN,NaN,NaN,NaN,377755
1338156000,1.257,1.2625,1.2288,1.2413,1584300,1327891.3,0,NaN,NaN,NaN,NaN,NaN,NaN,381082
1338760800,1.2435,1.2627,1.2386,1.2507,1527448,1341581.6,0,NaN,NaN,NaN,NaN,NaN,NaN,360577
1339365600,1.2647,1.2676,1.2443,1.2647,1602659,1343951.6,0,NaN,NaN,NaN,NaN,NaN,NaN,318769
1339970400,1.2754,1.2759,1.2528,1.2572,1542547,1344272.35,0,NaN,NaN,NaN,NaN,NaN,NaN,321898
1340575200,1.2564,1.2703,1.2417,1.2668,1352466,1337148.5,0,NaN,NaN,NaN,NaN,NaN,NaN,299280
1341180000,1.2678,1.2682,1.2271,1.2283,1103741,1322194.8,0,NaN,NaN,NaN,NaN,NaN,NaN,324576
1341784800,1.228,1.2345,1.2171,1.2251,1106713,1317197.75,0,NaN,NaN,NaN,NaN,NaN,NaN,324606
1342389600,1.2256,1.2335,1.2153,1.2168,1192672,1308747.35,0,NaN,NaN,NaN,NaN,NaN,NaN,332331
1342994400,1.2132,1.2397,1.2051,1.2317,1493160,1315995.5,0,NaN,NaN,NaN,NaN,NaN,NaN,309351
1343599200,1.231,1.2413,1.214,1.2382,1393679,1321581.65,0,NaN,NaN,NaN,NaN,NaN,NaN,316328
1344204000,1.2398,1.245,1.2245,1.2297,925287,1309668.7,0,NaN,NaN,NaN,NaN,NaN,NaN,315913
1344808800,1.2292,1.239,1.2258,1.2324,949464,1299814.6,0,NaN,NaN,NaN,NaN,NaN,NaN,314466
1345413600,1.2342,1.2593,1.2298,1.2521,1175460,1303540.25,0,NaN,NaN,NaN,NaN,NaN,NaN,305104
1346018400,1.2512,1.264,1.2467,1.2582,996500,1296346.6,0,NaN,NaN,NaN,NaN,NaN,NaN,305030
1346623200,1.2581,1.282,1.2503,1.2798,1220108,1291335.5,0,NaN,NaN,NaN,NaN,NaN,NaN,299806
1347228000,1.2809,1.3179,1.2756,1.3128,1563170,1312073.25,0,NaN,NaN,NaN,NaN,NaN,NaN,234706
1347832800,1.3135,1.3183,1.293,1.3001,1286757,1324376.25,0,NaN,NaN,NaN,NaN,NaN,NaN,221755
1348437600,1.2988,1.2991,1.2839,1.2862,1304346,1324079.95,0,NaN,NaN,NaN,NaN,NaN,NaN,213277
1349042400,1.2858,1.308,1.2813,1.3042,1299073,1308058.2,0,NaN,NaN,NaN,NaN,NaN,NaN,220864
1349647200,1.3033,1.3034,1.2833,1.2965,1111885,1286571.75,0,NaN,NaN,NaN,NaN,NaN,NaN,221838
1350252000,1.2963,1.3147,1.2898,1.303,1159859,1265349.7,0,NaN,NaN,NaN,NaN,NaN,NaN,219208
1350856800,1.3034,1.309,1.2887,1.2939,1167684,1247361.5,0,NaN,NaN,NaN,NaN,NaN,NaN,220129
1351461600,1.295,1.3027,1.2826,1.2831,920730,1213265.05,0,NaN,NaN,NaN,NaN,NaN,NaN,222581
1352070000,1.2826,1.2881,1.2693,1.2716,1400252,1206150.3,0,NaN,NaN,NaN,NaN,NaN,NaN,230790
1352674800,1.2719,1.2807,1.2665,1.273,1224713,1199762.65,0,NaN,NaN,NaN,NaN,NaN,NaN,235438
1353279600,1.2746,1.2994,1.2739,1.2988,1000706,1194610.9,0,NaN,NaN,NaN,NaN,NaN,NaN,222305
1353884400,1.2974,1.3031,1.2881,1.3,1172755,1197913,0,NaN,NaN,NaN,NaN,NaN,NaN,204389
1354489200,1.2995,1.313,1.2877,1.2928,1370082,1206783.5,0,NaN,NaN,NaN,NaN,NaN,NaN,209795
1355094000,1.2897,1.3186,1.2886,1.3171,1172910,1190771,0,NaN,NaN,NaN,NaN,NaN,NaN,178142
1355698800,1.3186,1.3321,1.3156,1.3187,977279,1169951,0,NaN,NaN,NaN,NaN,NaN,NaN,200040
1356303600,1.3192,1.3295,1.3175,1.3231,399503,1143661.8,0,NaN,NaN,NaN,NaN,NaN,NaN,204867
1356908400,1.3227,1.3289,1.3005,1.308,790017,1135689.45,0,NaN,NaN,NaN,NaN,NaN,NaN,195876
1357513200,1.3085,1.3373,1.3025,1.3346,1331005,1143466.7,0,NaN,NaN,NaN,NaN,NaN,NaN,203346
1358118000,1.3375,1.3413,1.3262,1.3325,1385128,1162898.1,0,NaN,NaN,NaN,NaN,NaN,NaN,210248
1358722800,1.3317,1.3485,1.3269,1.3469,1247585,1164271.95,0,NaN,NaN,NaN,NaN,NaN,NaN,228152
1359327600,1.3468,1.3715,1.3418,1.3665,1423197,1157273.3,0,NaN,NaN,NaN,NaN,NaN,NaN,241944
1359932400,1.3654,1.3658,1.3356,1.3366,1643345,1175102.7,0,NaN,NaN,NaN,NaN,NaN,NaN,238613
1360537200,1.3374,1.3523,1.3308,1.3358,1213594,1170565.1,0,NaN,NaN,NaN,NaN,NaN,NaN,231676
1361142000,1.3349,1.3437,1.3147,1.3181,1268065,1169014.7,0,NaN,NaN,NaN,NaN,NaN,NaN,223738
1361746800,1.3195,1.3321,1.2967,1.302,1861663,1206503.6,0,NaN,NaN,NaN,NaN,NaN,NaN,210376
1362351600,1.3016,1.3135,1.2955,1.3003,1377127,1217367,0,NaN,NaN,NaN,NaN,NaN,NaN,187324
1362952800,1.2996,1.3115,1.2911,1.3062,1298319,1223898.75,0,NaN,NaN,NaN,NaN,NaN,NaN,174379
1363557600,1.2935,1.3019,1.2852,1.2991,1689770,1262350.75,0,NaN,NaN,NaN,NaN,NaN,NaN,192138
1364162400,1.2975,1.3094,1.2758,1.2823,1226053,1253640.8,0,NaN,NaN,NaN,NaN,NaN,NaN,223438
1364767200,1.2819,1.3047,1.2751,1.3019,1275691,1256189.7,0,NaN,NaN,NaN,NaN,NaN,NaN,217262
1365372000,1.2999,1.3145,1.2975,1.3085,1126155,1262462.15,0,NaN,NaN,NaN,NaN,NaN,NaN,214401
1365976800,1.3113,1.3208,1.3006,1.3066,1393696,1273509.2,0,NaN,NaN,NaN,NaN,NaN,NaN,211068
1366581600,1.3073,1.3098,1.2959,1.3033,1184107,1264210.45,0,NaN,NaN,NaN,NaN,NaN,NaN,216799
1367186400,1.3061,1.3248,1.3035,1.3113,1430401,1277085,0,NaN,NaN,NaN,NaN,NaN,NaN,208821
1367791200,1.3121,1.3198,1.2938,1.2986,1136758,1285058.95,0,NaN,NaN,NaN,NaN,NaN,NaN,227202
1368396000,1.2979,1.3032,1.2798,1.2831,1314635,1330815.55,0,NaN,NaN,NaN,NaN,NaN,NaN,260067
1369000800,1.2848,1.3,1.2822,1.2919,1416507,1362140.05,0,NaN,NaN,NaN,NaN,NaN,NaN,255362
1369605600,1.2938,1.3063,1.2839,1.2983,1215805,1356380.05,0,NaN,NaN,NaN,NaN,NaN,NaN,238075
1370210400,1.2991,1.3307,1.2956,1.3224,1551110,1364679.15,0,NaN,NaN,NaN,NaN,NaN,NaN,210786
1370815200,1.3202,1.3391,1.3178,1.3347,1352524,1369926.1,0,NaN,NaN,NaN,NaN,NaN,NaN,193319
1371420000,1.3357,1.3424,1.3104,1.3146,1273716,1362452.05,0,NaN,NaN,NaN,NaN,NaN,NaN,212522
1372024800,1.3113,1.3156,1.2988,1.3023,1296017,1345085.65,0,NaN,NaN,NaN,NaN,NaN,NaN,201314
1372629600,1.3014,1.3082,1.2808,1.2833,1121833,1340497.6,0,NaN,NaN,NaN,NaN,NaN,NaN,214703
1373234400,1.2827,1.3212,1.2755,1.3063,1364802,1345334.45,0,NaN,NaN,NaN,NaN,NaN,NaN,218200
1373839200,1.3069,1.3185,1.2996,1.3139,974763,1300989.45,0,NaN,NaN,NaN,NaN,NaN,NaN,220286
1374444000,1.3141,1.33,1.314,1.3279,948596,1279562.9,0,NaN,NaN,NaN,NaN,NaN,NaN,215443
1375048800,1.3284,1.3347,1.3187,1.3288,1182509,1273772.4,0,NaN,NaN,NaN,NaN,NaN,NaN,224329
1375653600,1.3286,1.3402,1.3234,1.3342,906860,1234626.9,0,NaN,NaN,NaN,NaN,NaN,NaN,226346
1376258400,1.3341,1.3382,1.3207,1.3337,1028559,1224752.2,0,NaN,NaN,NaN,NaN,NaN,NaN,229448
1376863200,1.3339,1.3454,1.3299,1.3384,996334,1210784.35,0,NaN,NaN,NaN,NaN,NaN,NaN,244870
1377468000,1.3383,1.34,1.3173,1.3208,912589,1200106.05,0,NaN,NaN,NaN,NaN,NaN,NaN,227501
1378072800,1.3212,1.3227,1.3105,1.3182,958886,1178365.55,0,NaN,NaN,NaN,NaN,NaN,NaN,211649
1378677600,1.3173,1.3327,1.3166,1.331,971037,1167712.05,0,NaN,NaN,NaN,NaN,NaN,NaN,208806
1379282400,1.3368,1.3573,1.3329,1.3524,888758,1140629.9,0,NaN,NaN,NaN,NaN,NaN,NaN,249360
1379887200,1.3539,1.3567,1.3464,1.3521,714882,1119536.1,0,NaN,NaN,NaN,NaN,NaN,NaN,256330
1380492000,1.3481,1.3649,1.348,1.3558,894426,1098525.65,0,NaN,NaN,NaN,NaN,NaN,NaN,261504
1381096800,1.3563,1.3611,1.3488,1.3557,755856,1065493.1,0,NaN,NaN,NaN,NaN,NaN,NaN,265331
1381701600,1.3559,1.3707,1.3475,1.3681,886242,1049014.95,0,NaN,NaN,NaN,NaN,NaN,NaN,269650
1382306400,1.3686,1.3834,1.3653,1.3807,790737,1010996.3,0,NaN,NaN,NaN,NaN,NaN,NaN,282190
1382911200,1.3809,1.3819,1.348,1.3493,1051699,995955.05,0,NaN,NaN,NaN,NaN,NaN,NaN,256141
1383519600,1.349,1.3549,1.3294,1.3356,1214557,992997.1,0,NaN,NaN,NaN,NaN,NaN,NaN,228720
1384124400,1.3358,1.3507,1.3346,1.349,914187,973905.6,0,NaN,NaN,NaN,NaN,NaN,NaN,224872
1384729200,1.3493,1.3582,1.34,1.3551,991790,967403.45,0,NaN,NaN,NaN,NaN,NaN,NaN,228703
1385334000,1.3554,1.3623,1.349,1.3587,656768,932001.75,0,NaN,NaN,NaN,NaN,NaN,NaN,236045
1385938800,1.3588,1.3709,1.3524,1.3696,1117980,939162.6,0,NaN,NaN,NaN,NaN,NaN,NaN,237587
1386543600,1.3711,1.3811,1.3695,1.3733,996297,941547.65,0,NaN,NaN,NaN,NaN,NaN,NaN,221700
1387148400,1.3737,1.3846,1.3625,1.3672,881385,926491.45,0,NaN,NaN,NaN,NaN,NaN,NaN,236220
1387753200,1.367,1.3893,1.3654,1.3733,318261,897061.5,0,NaN,NaN,NaN,NaN,NaN,NaN,240811
1388358000,1.3759,1.3819,1.3582,1.3598,490362,870151.65,0,NaN,NaN,NaN,NaN,NaN,NaN,237778
1388962800,1.3596,1.3687,1.3547,1.366,1013857,871027.8,0,NaN,NaN,NaN,NaN,NaN,NaN,236904
1389567600,1.3666,1.37,1.3515,1.3529,930989,871947.8,0,NaN,NaN,NaN,NaN,NaN,NaN,253516
1390172400,1.353,1.374,1.3506,1.3676,951304,871568.7,0,NaN,NaN,NaN,NaN,NaN,NaN,250668
1390777200,1.3681,1.3717,1.3479,1.3484,1168261,881429.9,0,NaN,NaN,NaN,NaN,NaN,NaN,254566
1391382000,1.3488,1.3646,1.3476,1.3628,1163870,895185.5,0,NaN,NaN,NaN,NaN,NaN,NaN,251131
1391986800,1.3624,1.3716,1.3562,1.37,889604,903921.6,0,NaN,NaN,NaN,NaN,NaN,NaN,265842
1392591600,1.3702,1.3773,1.368,1.3744,684802,893440.4,0,NaN,NaN,NaN,NaN,NaN,NaN,270163
1393196400,1.3739,1.3826,1.3643,1.3822,958982,903596.7,0,NaN,NaN,NaN,NaN,NaN,NaN,277437
1393801200,1.3786,1.3915,1.3707,1.3872,1064749,912522.05,0,NaN,NaN,NaN,NaN,NaN,NaN,270309
1394402400,1.3873,1.3967,1.3834,1.3903,1153191,930644.75,0,NaN,NaN,NaN,NaN,NaN,NaN,247703
1395007200,1.3912,1.3947,1.3747,1.3792,828950,919507.3,0,NaN,NaN,NaN,NaN,NaN,NaN,254031
1395612000,1.3798,1.3875,1.3702,1.375,926066,905082.75,0,NaN,NaN,NaN,NaN,NaN,NaN,252116
1396216800,1.3751,1.3818,1.3669,1.37,958885,907317.65,0,NaN,NaN,NaN,NaN,NaN,NaN,252429
1396821600,1.3698,1.3903,1.3694,1.3885,668744,891165.35,0,NaN,NaN,NaN,NaN,NaN,NaN,262058
1397426400,1.3856,1.3864,1.3787,1.3817,497397,883196.8,0,NaN,NaN,NaN,NaN,NaN,NaN,257894
1398031200,1.3817,1.3854,1.3782,1.3834,558989,855247.25,0,NaN,NaN,NaN,NaN,NaN,NaN,260494
1398636000,1.384,1.3888,1.3768,1.387,815930,846228.9,0,NaN,NaN,NaN,NaN,NaN,NaN,256378
1399240800,1.3873,1.3993,1.3743,1.3745,967537,850536.5,0,NaN,NaN,NaN,NaN,NaN,NaN,249940
1399845600,1.3755,1.3773,1.3645,1.3697,813941,875320.5,0,NaN,NaN,NaN,NaN,NaN,NaN,249922
1400450400,1.3697,1.3734,1.3614,1.3626,665297,884067.25,0,NaN,NaN,NaN,NaN,NaN,NaN,250345
1401055200,1.3623,1.3668,1.3586,1.3634,575548,862151.8,0,NaN,NaN,NaN,NaN,NaN,NaN,246193
1401660000,1.3631,1.3677,1.3502,1.3647,1187584,874981.55,0,NaN,NaN,NaN,NaN,NaN,NaN,241237
1402264800,1.3647,1.3669,1.3512,1.3538,976886,876260.65,0,NaN,NaN,NaN,NaN,NaN,NaN,270613
1402869600,1.3544,1.3648,1.3517,1.3596,697533,852724.25,0,NaN,NaN,NaN,NaN,NaN,NaN,279892
1403474400,1.3597,1.3656,1.3577,1.3649,704885,829775,0,NaN,NaN,NaN,NaN,NaN,NaN,283636
1404079200,1.3649,1.3705,1.3599,1.3606,533732,811981.4,0,NaN,NaN,NaN,NaN,NaN,NaN,282124
1404424800,1.3611,1.3654,1.3579,1.3612,623131,808897.85,0,NaN,NaN,NaN,NaN,NaN,NaN,285638
1405288800,1.3611,1.3644,1.3493,1.3528,729984,797447.95,0,NaN,NaN,NaN,NaN,NaN,NaN,316272
1405893600,1.3531,1.3552,1.3422,1.3433,702670,779344,0,NaN,NaN,NaN,NaN,NaN,NaN,342171
1406498400,1.3434,1.3447,1.3369,1.343,795076,761438.25,0,NaN,NaN,NaN,NaN,NaN,NaN,348355
1407103200,1.343,1.3435,1.3335,1.3413,895504,764765.95,0,NaN,NaN,NaN,NaN,NaN,NaN,353568
1407708000,1.3409,1.3417,1.3338,1.34,724271,754676.2,0,NaN,NaN,NaN,NaN,NaN,NaN,368725
1408312800,1.3394,1.34,1.3222,1.3243,779768,745720.35,0,NaN,NaN,NaN,NaN,NaN,NaN,384442
1408917600,1.3208,1.3222,1.3134,1.3135,840789,754322.6,0,NaN,NaN,NaN,NaN,NaN,NaN,385252
1409522400,1.313,1.3161,1.2921,1.2959,1118587,785382.1,0,NaN,NaN,NaN,NaN,NaN,NaN,370212
1410127200,1.2953,1.2989,1.286,1.2958,1509514,832908.35,0,NaN,NaN,NaN,NaN,NaN,NaN,390795
1410732000,1.2977,1.3006,1.2835,1.2844,1116167,847920.2,0,NaN,NaN,NaN,NaN,NaN,NaN,397530
1411336800,1.2834,1.2908,1.2683,1.2689,1076682,853377.45,0,NaN,NaN,NaN,NaN,NaN,NaN,403949
1411941600,1.2688,1.2722,1.2506,1.2515,1412704,883315.6,0,NaN,NaN,NaN,NaN,NaN,NaN,426750
1412546400,1.252,1.2797,1.2514,1.2619,1446803,922390.9,0,NaN,NaN,NaN,NaN,NaN,NaN,425179
1413151200,1.2634,1.2893,1.263,1.2778,1506461,968936.55,0,NaN,NaN,NaN,NaN,NaN,NaN,424311
1413756000,1.2764,1.2845,1.2617,1.2668,897918,954453.25,0,NaN,NaN,NaN,NaN,NaN,NaN,435029
1414360800,1.2677,1.2775,1.2489,1.253,1119249,961571.4,0,NaN,NaN,NaN,NaN,NaN,NaN,452251
1414969200,1.2515,1.2581,1.2361,1.2444,1373906,995390.05,0,NaN,NaN,NaN,NaN,NaN,NaN,461080
1415574000,1.2466,1.255,1.2397,1.2528,1049937,1012642.65,0,NaN,NaN,NaN,NaN,NaN,NaN,458044
1416178800,1.2521,1.2605,1.2377,1.2389,1237000,1047806.05,0,NaN,NaN,NaN,NaN,NaN,NaN,461814
1416783600,1.2376,1.2534,1.2366,1.2436,850103,1059154.65,0,NaN,NaN,NaN,NaN,NaN,NaN,447958
1417388400,1.2447,1.2509,1.2272,1.2289,1427334,1094022.15,0,NaN,NaN,NaN,NaN,NaN,NaN,430867
1417993200,1.2288,1.2496,1.2248,1.2459,1520270,1134902.15,0,NaN,NaN,NaN,NaN,NaN,NaN,366709
1418598000,1.248,1.2579,1.2229,1.2235,1220605,1156178.6,0,NaN,NaN,NaN,NaN,NaN,NaN,370678
1419202800,1.2231,1.2281,1.2173,1.2185,278829,1125344.85,0,NaN,NaN,NaN,NaN,NaN,NaN,377591
1419807600,1.2189,1.223,1.2007,1.2013,445558,1111409.2,0,NaN,NaN,NaN,NaN,NaN,NaN,394714
1420412400,1.196,1.1985,1.1761,1.1848,1275603,1136200.95,0,NaN,NaN,NaN,NaN,NaN,NaN,405391
1421017200,1.187,1.1878,1.1467,1.159,1613843,1174853.65,0,NaN,NaN,NaN,NaN,NaN,NaN,438205
1421622000,1.1571,1.1687,1.1119,1.1251,1321232,1184985.9,0,NaN,NaN,NaN,NaN,NaN,NaN,446886
1422226800,1.1152,1.1428,1.1102,1.1296,1158820,1167451.2,0,NaN,NaN,NaN,NaN,NaN,NaN,450087
1422831600,1.1314,1.1539,1.1296,1.1323,1090110,1166148.35,0,NaN,NaN,NaN,NaN,NaN,NaN,440031
1423436400,1.1319,1.1447,1.1275,1.1395,804930,1152560.75,0,NaN,NaN,NaN,NaN,NaN,NaN,429431
1424041200,1.1402,1.1454,1.1281,1.1399,819883,1122919.7,0,NaN,NaN,NaN,NaN,NaN,NaN,427683
1424646000,1.1382,1.1397,1.1177,1.1195,874146,1094286.85,0,NaN,NaN,NaN,NaN,NaN,NaN,423208
1425250800,1.1183,1.1242,1.084,1.0859,1193487,1078638.15,0,NaN,NaN,NaN,NaN,NaN,NaN,389862
1425852000,1.0836,1.0908,1.0473,1.0484,1804807,1123982.6,0,NaN,NaN,NaN,NaN,NaN,NaN,437631
1426456800,1.0498,1.1011,1.0491,1.0823,1696110,1152825.65,0,NaN,NaN,NaN,NaN,NaN,NaN,454665
1427061600,1.0877,1.1064,1.078,1.0916,1538625,1161061.6,0,NaN,NaN,NaN,NaN,NaN,NaN,459466
1427666400,1.09,1.1038,1.0724,1.1003,996166,1158373.05,0,NaN,NaN,NaN,NaN,NaN,NaN,446887
1428271200,1.1007,1.1047,1.0577,1.0613,1083045,1150675.3,0,NaN,NaN,NaN,NaN,NaN,NaN,447562
1428876000,1.0603,1.0857,1.0529,1.08,1546927,1185516.5,0,NaN,NaN,NaN,NaN,NaN,NaN,454102
1429480800,1.082,1.0907,1.0667,1.0875,1175991,1172949.35,0,NaN,NaN,NaN,NaN,NaN,NaN,455112
1430085600,1.0874,1.1297,1.0826,1.1198,1545404,1174206.05,0,NaN,NaN,NaN,NaN,NaN,NaN,437544
1430690400,1.1199,1.1398,1.1072,1.121,1464933,1186422.45,0,NaN,NaN,NaN,NaN,NaN,NaN,441997
1431295200,1.1206,1.1472,1.1136,1.1469,1281533,1236557.65,0,NaN,NaN,NaN,NaN,NaN,NaN,429277
1431900000,1.145,1.1452,1.1005,1.1043,1365041,1282531.8,0,NaN,NaN,NaN,NaN,NaN,NaN,415018
1432504800,1.0987,1.1013,1.0821,1.0983,1170899,1277296.6,0,NaN,NaN,NaN,NaN,NaN,NaN,411350
1433109600,1.0982,1.1382,1.0889,1.112,1776881,1285448.5,0,NaN,NaN,NaN,NaN,NaN,NaN,376046
1433714400,1.1102,1.1388,1.1084,1.1275,1719943,1305384.05,0,NaN,NaN,NaN,NaN,NaN,NaN,345300
1434319200,1.1234,1.145,1.1204,1.1366,1080000,1301443.05,0,NaN,NaN,NaN,NaN,NaN,NaN,341054
1434924000,1.138,1.1424,1.1141,1.1172,1050657,1299470.4,0,NaN,NaN,NaN,NaN,NaN,NaN,342878
1435528800,1.1001,1.1292,1.0962,1.1096,1002852,1309366.5,0,NaN,NaN,NaN,NaN,NaN,NaN,346433
1435874400,1.1096,1.1226,1.0927,1.1138,1203486,1328546.65,0,NaN,NaN,NaN,NaN,NaN,NaN,347552
1436738400,1.1142,1.1207,1.0836,1.0857,1012020,1335440.35,0,NaN,NaN,NaN,NaN,NaN,NaN,359559
1437343200,1.084,1.1026,1.0817,1.0989,931366,1322334.3,0,NaN,NaN,NaN,NaN,NaN,NaN,360631
1437948000,1.0984,1.1137,1.0899,1.0971,1121432,1288165.55,0,NaN,NaN,NaN,NaN,NaN,NaN,358532
1438552800,1.0987,1.1002,1.0852,1.0976,969444,1251832.25,0,NaN,NaN,NaN,NaN,NaN,NaN,358391
1439157600,1.0965,1.122,1.093,1.1124,1105941,1230198.05,0,NaN,NaN,NaN,NaN,NaN,NaN,347978
1439762400,1.1119,1.1394,1.102,1.1358,1127952,1236787.35,0,NaN,NaN,NaN,NaN,NaN,NaN,357547
1440367200,1.1381,1.1718,1.1158,1.1185,1791302,1272200.2,0,NaN,NaN,NaN,NaN,NaN,NaN,345678
1440972000,1.1181,1.1335,1.1088,1.115,1159637,1252835.7,0,NaN,NaN,NaN,NaN,NaN,NaN,333263
1441576800,1.116,1.1368,1.1122,1.1353,1185979,1253335.1,0,NaN,NaN,NaN,NaN,NaN,NaN,306227
1442181600,1.1354,1.1476,1.1232,1.1368,994961,1225812.95,0,NaN,NaN,NaN,NaN,NaN,NaN,312015
1442786400,1.1304,1.1347,1.112,1.1203,1082906,1206711.6,0,NaN,NaN,NaN,NaN,NaN,NaN,318283
1443391200,1.1206,1.1331,1.1148,1.1241,1068719,1196070.9,0,NaN,NaN,NaN,NaN,NaN,NaN,325683
1443996000,1.1228,1.1398,1.1184,1.1377,943833,1175010.5,0,NaN,NaN,NaN,NaN,NaN,NaN,342292
1444600800,1.1373,1.1505,1.1344,1.1386,819918,1157461.45,0,NaN,NaN,NaN,NaN,NaN,NaN,353069
1445205600,1.1369,1.1397,1.1004,1.1012,1070809,1122157.85,0,NaN,NaN,NaN,NaN,NaN,NaN,372676
1445810400,1.1013,1.1104,1.0904,1.1009,1144845,1093402.95,0,NaN,NaN,NaN,NaN,NaN,NaN,389971
1446418800,1.1037,1.1059,1.071,1.075,1082775,1093541.7,0,NaN,NaN,NaN,NaN,NaN,NaN,408320
1447023600,1.0735,1.0835,1.0679,1.0741,1079537,1094985.7,0,NaN,NaN,NaN,NaN,NaN,NaN,423401
1447628400,1.074,1.0767,1.062,1.0656,1023293,1096007.75,0,NaN,NaN,NaN,NaN,NaN,NaN,430748
1448233200,1.0644,1.0693,1.0568,1.0602,808475,1076257.2,0,NaN,NaN,NaN,NaN,NaN,NaN,437350
1448838000,1.0592,1.0984,1.049,1.0875,1848532,1118082.8,0,NaN,NaN,NaN,NaN,NaN,NaN,410290
1449442800,1.0875,1.106,1.0797,1.102,1554395,1149234.25,0,NaN,NaN,NaN,NaN,NaN,NaN,401628
1450047600,1.1001,1.1088,1.0828,1.0891,1155278,1150926.55,0,NaN,NaN,NaN,NaN,NaN,NaN,403677
1450652400,1.0887,1.1011,1.0874,1.0976,445423,1124725.5,0,NaN,NaN,NaN,NaN,NaN,NaN,399769
1451257200,1.0986,1.1016,1.0871,1.0886,365414,1087699.15,0,NaN,NaN,NaN,NaN,NaN,NaN,396631
1451862000,1.0884,1.0966,1.0728,1.092,1215600,1092081.55,0,NaN,NaN,NaN,NaN,NaN,NaN,397580
1452466800,1.096,1.10005,1.0821,1.09245,1007455,1052889.2,0,NaN,NaN,NaN,NaN,NaN,NaN,399166
1453071600,1.093,1.0991,1.0789,1.08035,915017,1040658.2,0,NaN,NaN,NaN,NaN,NaN,NaN,394092
1453676400,1.08075,1.098,1.0802,1.08385,926959,1027707.2,0,NaN,NaN,NaN,NaN,NaN,NaN,398989
1454281200,1.0841,1.127,1.0825,1.11545,1247675,1040342.9,0,NaN,NaN,NaN,NaN,NaN,NaN,427940
1454886000,1.1157,1.13855,1.1096,1.1264,1315156,1051955.4,0,NaN,NaN,NaN,NaN,NaN,NaN,421757
1455490800,1.1252,1.12535,1.1065,1.11415,776504,1037344.65,0,NaN,NaN,NaN,NaN,NaN,NaN,413436
1456095600,1.1122,1.1131,1.09155,1.09315,967260,1038516,0,NaN,NaN,NaN,NaN,NaN,NaN,405835
1456700400,1.0923,1.1046,1.08285,1.10005,1065212,1050780.7,0,NaN,NaN,NaN,NaN,NaN,NaN,385977
1457305200,1.09955,1.1241,1.08225,1.11875,1583825,1076431.5,0,NaN,NaN,NaN,NaN,NaN,NaN,320279
1457906400,1.11785,1.13715,1.1088,1.1296,926930,1065535.75,0,NaN,NaN,NaN,NaN,NaN,NaN,321909
1458511200,1.12975,1.1313,1.11695,1.1197,525785,1037686.25,0,NaN,NaN,NaN,NaN,NaN,NaN,319542
1459116000,1.1186,1.14625,1.11785,1.14165,1025670,1034992.9,0,NaN,NaN,NaN,NaN,NaN,NaN,335407
1459720800,1.142,1.1476,1.1349,1.1419,925212,1030088.85,0,NaN,NaN,NaN,NaN,NaN,NaN,333819
1460325600,1.143,1.1486,1.1253,1.13045,810964,1030213.3,0,NaN,NaN,NaN,NaN,NaN,NaN,336110
1460930400,1.1313,1.1417,1.1234,1.12445,800422,977807.8,0,NaN,NaN,NaN,NaN,NaN,NaN,335047
1461535200,1.12405,1.1475,1.1236,1.1465,865350,943355.55,0,NaN,NaN,NaN,NaN,NaN,NaN,356973
1462140000,1.14735,1.16305,1.1398,1.141,934143,932298.8,0,NaN,NaN,NaN,NaN,NaN,NaN,342559
1462744800,1.141,1.14575,1.1292,1.13165,666960,943375.65,0,NaN,NaN,NaN,NaN,NaN,NaN,339149
1463349600,1.13115,1.1358,1.1187,1.12255,661439,958176.9,0,NaN,NaN,NaN,NaN,NaN,NaN,338735
1463954400,1.12235,1.1249,1.11155,1.11435,681650,931479.4,0,NaN,NaN,NaN,NaN,NaN,NaN,336479
1464559200,1.1118,1.1377,1.11025,1.1348,840671,923140.2,0,NaN,NaN,NaN,NaN,NaN,NaN,324053
1465164000,1.13675,1.14165,1.1283,1.1298,1121103,933444.5,0,NaN,NaN,NaN,NaN,NaN,NaN,312745
1465768800,1.1285,1.13415,1.1169,1.1307,896633,931928.2,0,NaN,NaN,NaN,NaN,NaN,NaN,319341
1466373600,1.13535,1.14575,1.0947,1.11555,963668,917727.85,0,NaN,NaN,NaN,NaN,NaN,NaN,316983
1466978400,1.1087,1.11995,1.10035,1.1165,875107,895725.4,0,NaN,NaN,NaN,NaN,NaN,NaN,343690
1467583200,1.1165,1.1216,1.10295,1.10775,608098,887305.1,0,NaN,NaN,NaN,NaN,NaN,NaN,367120
1468188000,1.10795,1.1192,1.1043,1.10885,653076,871595.9,0,NaN,NaN,NaN,NaN,NaN,NaN,370484
1468792800,1.10795,1.11125,1.09795,1.09865,654787,851074.65,0,NaN,NaN,NaN,NaN,NaN,NaN,390774
1469397600,1.09955,1.1219,1.0976,1.12015,677000,805733.4,0,NaN,NaN,NaN,NaN,NaN,NaN,379203
1470002400,1.12055,1.12555,1.1064,1.11095,616731,790223.45,0,NaN,NaN,NaN,NaN,NaN,NaN,364610
1470607200,1.11035,1.1237,1.10885,1.11775,556323,791750.35,0,NaN,NaN,NaN,NaN,NaN,NaN,357551
1471212000,1.11845,1.138,1.1168,1.13355,696263,775280,0,NaN,NaN,NaN,NaN,NaN,NaN,353301
1471816800,1.1326,1.13665,1.11895,1.11965,698873,763963.05,0,NaN,NaN,NaN,NaN,NaN,NaN,351226
1472421600,1.11965,1.12605,1.1131,1.1165,771977,762013.7,0,NaN,NaN,NaN,NaN,NaN,NaN,349243
1473026400,1.1159,1.1331,1.11435,1.1231,857021,764843.65,0,NaN,NaN,NaN,NaN,NaN,NaN,308392
1473631200,1.12375,1.12925,1.11915,1.1193,1171411,780146.7,0,NaN,NaN,NaN,NaN,NaN,NaN,319324
1474236000,1.11955,1.12985,1.1164,1.12715,726197,769749.4,0,NaN,NaN,NaN,NaN,NaN,NaN,316288
1474840800,1.1266,1.132,1.11915,1.1277,850270,778914.9,0,NaN,NaN,NaN,NaN,NaN,NaN,330467
1475445600,1.12765,1.1285,1.11355,1.12105,912732,791479.55,0,NaN,NaN,NaN,NaN,NaN,NaN,351844
1476050400,1.1221,1.12315,1.0998,1.10095,816528,798223.45,0,NaN,NaN,NaN,NaN,NaN,NaN,388144
1476655200,1.09985,1.1065,1.08835,1.08985,719277,792153.75,0,NaN,NaN,NaN,NaN,NaN,NaN,420927
1477260000,1.0903,1.1014,1.0875,1.10025,760579,774127.55,0,NaN,NaN,NaN,NaN,NaN,NaN,442671
1477864800,1.1003,1.1163,1.0958,1.1138,824763,770534.05,0,NaN,NaN,NaN,NaN,NaN,NaN,412217
1478473200,1.11095,1.1317,1.0844,1.0859,1164503,780575.8,0,NaN,NaN,NaN,NaN,NaN,NaN,400650
1479078000,1.085,1.0856,1.058,1.0611,1158189,794729.9,0,NaN,NaN,NaN,NaN,NaN,NaN,410744
1479682800,1.05985,1.06685,1.0527,1.06005,846507,806650.35,0,NaN,NaN,NaN,NaN,NaN,NaN,434571
1480287600,1.06085,1.0696,1.05595,1.06645,1093800,828686.55,0,NaN,NaN,NaN,NaN,NaN,NaN,411854
1480892400,1.055,1.0878,1.051,1.0557,1217512,856822.8,0,NaN,NaN,NaN,NaN,NaN,NaN,340894
1481497200,1.0549,1.06725,1.03675,1.04785,1424085,894177.05,0,NaN,NaN,NaN,NaN,NaN,NaN,386429
1482102000,1.0493,1.05435,1.0398,1.0491,634065,895043.75,0,NaN,NaN,NaN,NaN,NaN,NaN,394024
1482706800,1.04985,1.06935,1.04205,1.0574,498088,892132,0,NaN,NaN,NaN,NaN,NaN,NaN,399691
1483311600,1.05005,1.06595,1.03735,1.0561,937713,904204.5,0,NaN,NaN,NaN,NaN,NaN,NaN,408713
1483916400,1.056,1.07105,1.04805,1.0668,1067927,922657.2,0,NaN,NaN,NaN,NaN,NaN,NaN,406791
1484521200,1.065,1.0745,1.06035,1.073,915375,929827.1,0,NaN,NaN,NaN,NaN,NaN,NaN,408390
1485126000,1.07275,1.07965,1.06765,1.07175,890485,931500.3,0,NaN,NaN,NaN,NaN,NaN,NaN,394256
1485730800,1.0729,1.0844,1.06375,1.07815,1112265,928543,0,NaN,NaN,NaN,NaN,NaN,NaN,391359
1486335600,1.0798,1.0803,1.06185,1.06425,864472,935456.75,0,NaN,NaN,NaN,NaN,NaN,NaN,391794
1486940400,1.06415,1.06885,1.0531,1.06145,918267,938856.6,0,NaN,NaN,NaN,NaN,NaN,NaN,399491
1487545200,1.0628,1.06415,1.05015,1.05695,863303,936385.15,0,NaN,NaN,NaN,NaN,NaN,NaN,408007
1488150000,1.0565,1.0636,1.0498,1.06015,1088061,949961.8,0,NaN,NaN,NaN,NaN,NaN,NaN,384929
1488754800,1.06145,1.07485,1.05255,1.07415,1473746,987685.25,0,NaN,NaN,NaN,NaN,NaN,NaN,378096
1489356000,1.0733,1.0831,1.0649,1.07905,963242,997818.4,0,NaN,NaN,NaN,NaN,NaN,NaN,394882
1489960800,1.0789,1.0872,1.0767,1.08505,886432,1000901.85,0,NaN,NaN,NaN,NaN,NaN,NaN,402832
1490565600,1.08725,1.0949,1.0689,1.0722,943809,989867.15,0,NaN,NaN,NaN,NaN,NaN,NaN,396580
1491170400,1.06985,1.07255,1.0615,1.06235,819834,972949.4,0,NaN,NaN,NaN,NaN,NaN,NaN,409124
1491775200,1.0615,1.07095,1.06045,1.0654,579115,959579.8,0,NaN,NaN,NaN,NaN,NaN,NaN,427748
1492380000,1.0641,1.08065,1.0634,1.0724,713008,940540.2,0,NaN,NaN,NaN,NaN,NaN,NaN,413812
1492984800,1.0893,1.09785,1.08485,1.0921,1208235,940076.35,0,NaN,NaN,NaN,NaN,NaN,NaN,406907
1493589600,1.0921,1.10235,1.08975,1.1011,735534,905648.8,0,NaN,NaN,NaN,NaN,NaN,NaN,412945
1494194400,1.10355,1.1036,1.0858,1.0942,831271,915509.1,0,NaN,NaN,NaN,NaN,NaN,NaN,410595
1494799200,1.095,1.12275,1.09405,1.12205,1055370,943373.2,0,NaN,NaN,NaN,NaN,NaN,NaN,433544
1495404000,1.12205,1.12825,1.11725,1.11895,952608,944117.95,0,NaN,NaN,NaN,NaN,NaN,NaN,439697
1496008800,1.1186,1.1294,1.112,1.12855,790379,930240.55,0,NaN,NaN,NaN,NaN,NaN,NaN,430279
1496613600,1.12865,1.12915,1.11705,1.1202,962488,932596.2,0,NaN,NaN,NaN,NaN,NaN,NaN,379644
1497218400,1.1209,1.1299,1.1133,1.12485,1288482,952496.05,0,NaN,NaN,NaN,NaN,NaN,NaN,368874
1497823200,1.1255,1.12675,1.1173,1.12485,672229,930494.25,0,NaN,NaN,NaN,NaN,NaN,NaN,376915
1498428000,1.1244,1.1493,1.12225,1.1467,1310709,952806.1,0,NaN,NaN,NaN,NaN,NaN,NaN,413755
1499032800,1.1467,1.1482,1.1356,1.14445,825632,948174.35,0,NaN,NaN,NaN,NaN,NaN,NaN,418060
1499637600,1.1441,1.153,1.1409,1.1504,1007587,955388.55,0,NaN,NaN,NaN,NaN,NaN,NaN,426747
1500242400,1.15105,1.1718,1.1473,1.1713,1152342,958602.6,0,NaN,NaN,NaN,NaN,NaN,NaN,438567
1500847200,1.1701,1.1808,1.16455,1.17915,1160544,942942.5,0,NaN,NaN,NaN,NaN,NaN,NaN,439063
1501452000,1.17825,1.19395,1.1753,1.17905,1172671,953413.95,0,NaN,NaN,NaN,NaN,NaN,NaN,454141
1502056800,1.17955,1.18695,1.17125,1.18455,939924,956088.55,0,NaN,NaN,NaN,NaN,NaN,NaN,451621
1502661600,1.1846,1.186,1.168,1.17765,975484,957672.3,0,NaN,NaN,NaN,NaN,NaN,NaN,447453
1503266400,1.1777,1.1955,1.1748,1.1892,807034,957032.3,0,NaN,NaN,NaN,NaN,NaN,NaN,457607
1503871200,1.19565,1.20825,1.1832,1.18755,1207098,988431.45,0,NaN,NaN,NaN,NaN,NaN,NaN,449341
1504476000,1.189,1.20975,1.1876,1.20325,1063554,1005958.75,0,NaN,NaN,NaN,NaN,NaN,NaN,398098
1505080800,1.2029,1.2046,1.18375,1.19975,1395057,1015299.85,0,NaN,NaN,NaN,NaN,NaN,NaN,414274
1505685600,1.1995,1.20925,1.19175,1.19975,1054789,1031262.6,0,NaN,NaN,NaN,NaN,NaN,NaN,425178
1506290400,1.19705,1.1991,1.177,1.18645,1211620,1050280.05,0,NaN,NaN,NaN,NaN,NaN,NaN,423458
1506895200,1.18565,1.18635,1.1712,1.17775,1005432,1047783.15,0,NaN,NaN,NaN,NaN,NaN,NaN,427425
1507500000,1.1779,1.1921,1.1762,1.1858,958698,1048087.65,0,NaN,NaN,NaN,NaN,NaN,NaN,432734
1508104800,1.18505,1.18945,1.1767,1.18145,957945,1056465.95,0,NaN,NaN,NaN,NaN,NaN,NaN,430428
1508709600,1.1808,1.18685,1.1604,1.1629,1282933,1072488.2,0,NaN,NaN,NaN,NaN,NaN,NaN,424738
1509314400,1.1633,1.17225,1.1624,1.1634,1022727,1059200.45,0,NaN,NaN,NaN,NaN,NaN,NaN,426649
1509922800,1.16395,1.17,1.15785,1.1687,952627,1073220.35,0,NaN,NaN,NaN,NaN,NaN,NaN,440174
1510527600,1.16775,1.18815,1.16585,1.1815,1093717,1062370.75,0,NaN,NaN,NaN,NaN,NaN,NaN,457904
1511132400,1.1787,1.1959,1.1728,1.1942,937705,1067974.4,0,NaN,NaN,NaN,NaN,NaN,NaN,478544
1511737200,1.19475,1.1975,1.18185,1.1903,1183149,1076752.5,0,NaN,NaN,NaN,NaN,NaN,NaN,465091
1512342000,1.18785,1.18875,1.17345,1.1772,1007924,1069531.6,0,NaN,NaN,NaN,NaN,NaN,NaN,385103
1512946800,1.17755,1.1901,1.17215,1.1845,1588792,1090944,0,NaN,NaN,NaN,NaN,NaN,NaN,435982
1513551600,1.18345,1.1976,1.1829,1.1928,807489,1072684.9,0,NaN,NaN,NaN,NaN,NaN,NaN,463206
1514156400,1.19455,1.20795,1.1922,1.20755,482690,1049823.2,0,NaN,NaN,NaN,NaN,NaN,NaN,498671
1514761200,1.207,1.21405,1.20535,1.20985,795103,1040804.15,0,NaN,NaN,NaN,NaN,NaN,NaN,536608
1515366000,1.2081,1.22655,1.1964,1.22285,1406640,1070784.45,0,NaN,NaN,NaN,NaN,NaN,NaN,555554
1515970800,1.22495,1.23685,1.2209,1.2275,1339915,1077425.3,0,NaN,NaN,NaN,NaN,NaN,NaN,566571
1516575600,1.2298,1.25765,1.2255,1.246,1607555,1104625.35,0,NaN,NaN,NaN,NaN,NaN,NaN,584574
1517180400,1.24555,1.25575,1.23715,1.24855,1502559,1110000.45,0,NaN,NaN,NaN,NaN,NaN,NaN,571478
1517785200,1.2465,1.2508,1.22335,1.22595,1529566,1133739.3,0,NaN,NaN,NaN,NaN,NaN,NaN,546819
1518390000,1.22775,1.25795,1.2262,1.24395,1114267,1128871.65,0,NaN,NaN,NaN,NaN,NaN,NaN,547538
1518994800,1.24335,1.24575,1.2277,1.23135,769327,1117066.4,0,NaN,NaN,NaN,NaN,NaN,NaN,532068
1519599600,1.23055,1.23715,1.2166,1.2341,1155822,1126922.6,0,NaN,NaN,NaN,NaN,NaN,NaN,510478
1520204400,1.2356,1.24615,1.22785,1.23205,1250263,1141538.5,0,NaN,NaN,NaN,NaN,NaN,NaN,435798
1520805600,1.2318,1.2424,1.22945,1.2371,1550849,1154934.3,0,NaN,NaN,NaN,NaN,NaN,NaN,484322
1521410400,1.2376,1.24675,1.23235,1.24465,1109527,1159274.3,0,NaN,NaN,NaN,NaN,NaN,NaN,489516
1522015200,1.24365,1.25535,1.2352,1.23585,875136,1155399.75,0,NaN,NaN,NaN,NaN,NaN,NaN,479648
1522620000,1.2388,1.2414,1.22765,1.23485,898119,1145619.85,0,NaN,NaN,NaN,NaN,NaN,NaN,483281
1523224800,1.2338,1.2458,1.23215,1.2389,946117,1146040.45,0,NaN,NaN,NaN,NaN,NaN,NaN,497236
1523829600,1.2385,1.24685,1.2299,1.23325,1008736,1137319.8,0,NaN,NaN,NaN,NaN,NaN,NaN,493444
1524434400,1.23295,1.2339,1.20975,1.2164,1252470,1149547.1,0,NaN,NaN,NaN,NaN,NaN,NaN,489486
1525039200,1.217,1.21805,1.1945,1.19985,1266683,1133441.65,0,NaN,NaN,NaN,NaN,NaN,NaN,498246
1525644000,1.1993,1.20125,1.18555,1.19725,1269360,1156535.2,0,NaN,NaN,NaN,NaN,NaN,NaN,492193
1526248800,1.1978,1.2025,1.17725,1.1797,1455801,1205190.75,0,NaN,NaN,NaN,NaN,NaN,NaN,496226
1526853600,1.1789,1.1852,1.1663,1.16795,1659652,1248418.2,0,NaN,NaN,NaN,NaN,NaN,NaN,509206
1527458400,1.1642,1.1738,1.1526,1.1675,1995084,1277840.4,0,NaN,NaN,NaN,NaN,NaN,NaN,496642
1528063200,1.1673,1.1848,1.16625,1.17765,1428439,1282266.6,0,NaN,NaN,NaN,NaN,NaN,NaN,453725
1528668000,1.1779,1.1858,1.1564,1.1686,1905641,1297170.9,0,NaN,NaN,NaN,NaN,NaN,NaN,461883
1529272800,1.1676,1.17495,1.1582,1.17375,1286948,1286390.35,0,NaN,NaN,NaN,NaN,NaN,NaN,470485
1529877600,1.1741,1.17945,1.15945,1.17365,1372040,1278514.05,0,NaN,NaN,NaN,NaN,NaN,NaN,471589
1530482400,1.1738,1.183,1.16555,1.1805,887142,1267157.8,0,NaN,NaN,NaN,NaN,NaN,NaN,459636
1531087200,1.1809,1.18515,1.16665,1.1731,983118,1277847.35,0,NaN,NaN,NaN,NaN,NaN,NaN,478815
1531692000,1.17375,1.17975,1.16225,1.17735,1119681,1276040.3,0,NaN,NaN,NaN,NaN,NaN,NaN,489670
1532296800,1.1774,1.18005,1.16625,1.1699,1063725,1266713.4,0,NaN,NaN,NaN,NaN,NaN,NaN,482919
1532901600,1.1698,1.179,1.1594,1.16135,1104494,1244395.65,0,NaN,NaN,NaN,NaN,NaN,NaN,496662
1533506400,1.16045,1.1662,1.1417,1.1429,1312704,1254554.5,0,NaN,NaN,NaN,NaN,NaN,NaN,507420
1534111200,1.1417,1.14685,1.13275,1.14675,1434545,1282524.95,0,NaN,NaN,NaN,NaN,NaN,NaN,513216
1534716000,1.1461,1.1658,1.14165,1.16435,1243286,1299783.3,0,NaN,NaN,NaN,NaN,NaN,NaN,503294
1535320800,1.1643,1.17505,1.15965,1.1609,1186327,1311793.8,0,NaN,NaN,NaN,NaN,NaN,NaN,493553
1535925600,1.1609,1.1667,1.15405,1.15715,1178657,1320289.85,0,NaN,NaN,NaN,NaN,NaN,NaN,447528
1536530400,1.15555,1.18055,1.15305,1.17155,1627182,1339025.45,0,NaN,NaN,NaN,NaN,NaN,NaN,451897
1537135200,1.17105,1.18815,1.17,1.18255,1085254,1329954,0,NaN,NaN,NaN,NaN,NaN,NaN,465696
1537740000,1.1822,1.1893,1.1641,1.1682,1325901,1332781.05,0,NaN,NaN,NaN,NaN,NaN,NaN,468471
1538344800,1.1683,1.1695,1.15265,1.1589,1222624,1321122.2,0,NaN,NaN,NaN,NaN,NaN,NaN,466987
1538949600,1.1586,1.16685,1.14935,1.16215,1163216,1296300.4,0,NaN,NaN,NaN,NaN,NaN,NaN,458717
1539554400,1.161,1.1678,1.14835,1.1561,1042579,1248675.15,0,NaN,NaN,NaN,NaN,NaN,NaN,459313
1540159200,1.15665,1.16005,1.138,1.14545,1123467,1233426.55,0,NaN,NaN,NaN,NaN,NaN,NaN,480632
1540764000,1.1442,1.1494,1.1343,1.14225,1186475,1197468.25,0,NaN,NaN,NaN,NaN,NaN,NaN,477878
1541372400,1.14265,1.15455,1.1348,1.1367,969909,1181616.3,0,NaN,NaN,NaN,NaN,NaN,NaN,495556
1541977200,1.13495,1.14465,1.12455,1.1438,1149756,1170502.1,0,NaN,NaN,NaN,NaN,NaN,NaN,490241
1542582000,1.1442,1.1495,1.135,1.13545,733033,1162796.65,0,NaN,NaN,NaN,NaN,NaN,NaN,488645
1543186800,1.1355,1.14155,1.1283,1.1322,1014310,1164356.25,0,NaN,NaN,NaN,NaN,NaN,NaN,484735
1543791600,1.13465,1.1431,1.1321,1.14295,1056583,1161201.35,0,NaN,NaN,NaN,NaN,NaN,NaN,459684
1544396400,1.1407,1.1457,1.1311,1.1396,1654937,1190761.95,0,NaN,NaN,NaN,NaN,NaN,NaN,481537
1545001200,1.13955,1.1575,1.1395,1.1452,997176,1185396.05,0,NaN,NaN,NaN,NaN,NaN,NaN,487602
1545606000,1.1452,1.15475,1.1424,1.15155,469143,1143218,0,NaN,NaN,NaN,NaN,NaN,NaN,490138
1546210800,1.1514,1.1569,1.13775,1.1467,738053,1108393.4,0,NaN,NaN,NaN,NaN,NaN,NaN,489919
1546815600,1.1475,1.16325,1.1471,1.1527,1014577,1096957.95,0,NaN,NaN,NaN,NaN,NaN,NaN,501790
1547420400,1.15265,1.155,1.14075,1.14245,823006,1078791.9,0,NaN,NaN,NaN,NaN,NaN,NaN,502684
1548025200,1.14185,1.1466,1.13375,1.14625,844244,1062071.25,0,NaN,NaN,NaN,NaN,NaN,NaN,508345
1548630000,1.1455,1.15565,1.14375,1.15015,919757,1026700,0,NaN,NaN,NaN,NaN,NaN,NaN,507827
1549234800,1.14955,1.1501,1.13545,1.13565,679098,1006392.2,0,NaN,NaN,NaN,NaN,NaN,NaN,517235
1549839600,1.13525,1.13725,1.1261,1.1322,916528,985923.55,0,NaN,NaN,NaN,NaN,NaN,NaN,517530
1550444400,1.13185,1.13965,1.13005,1.1359,797277,964656.2,0,NaN,NaN,NaN,NaN,NaN,NaN,502879
1551049200,1.1355,1.14365,1.13545,1.13715,806406,946815.7,0,NaN,NaN,NaN,NaN,NaN,NaN,496641
1551654000,1.1388,1.13935,1.11845,1.125,1070918,948232.65,0,NaN,NaN,NaN,NaN,NaN,NaN,431328
1552255200,1.1243,1.1432,1.1228,1.14075,1394632,961790.9,0,NaN,NaN,NaN,NaN,NaN,NaN,463223
1552860000,1.141,1.15345,1.1354,1.1375,956649,950299.6,0,NaN,NaN,NaN,NaN,NaN,NaN,470213
1553464800,1.13725,1.1412,1.1283,1.12885,908816,947244.95,0,NaN,NaN,NaN,NaN,NaN,NaN,474950
1554069600,1.12985,1.1326,1.1255,1.12845,786958,929105.05,0,NaN,NaN,NaN,NaN,NaN,NaN,479905
1554674400,1.12825,1.13855,1.12805,1.1357,825644,933735.6,0,NaN,NaN,NaN,NaN,NaN,NaN,483919
1555279200,1.13635,1.13815,1.12795,1.1283,772894,921664.8,0,NaN,NaN,NaN,NaN,NaN,NaN,488031
1555884000,1.1294,1.1316,1.11565,1.1201,1039053,920788.3,0,NaN,NaN,NaN,NaN,NaN,NaN,495904
1556488800,1.11925,1.1311,1.11755,1.1235,925011,884292,0,NaN,NaN,NaN,NaN,NaN,NaN,495311
1557093600,1.1222,1.12875,1.12045,1.1265,848380,876852.2,0,NaN,NaN,NaN,NaN,NaN,NaN,492742
1557698400,1.127,1.12965,1.1182,1.11865,781147,892452.4,0,NaN,NaN,NaN,NaN,NaN,NaN,491489
1558303200,1.1185,1.1233,1.11265,1.1226,798087,895454.1,0,NaN,NaN,NaN,NaN,NaN,NaN,500775
1558908000,1.1228,1.12345,1.11305,1.1187,774355,883443,0,NaN,NaN,NaN,NaN,NaN,NaN,473004
1559512800,1.11805,1.1355,1.11735,1.13465,1307666,907676,0,NaN,NaN,NaN,NaN,NaN,NaN,454371
1560117600,1.1335,1.1372,1.12705,1.12895,1441421,937534.85,0,NaN,NaN,NaN,NaN,NaN,NaN,473702
1560722400,1.1295,1.14545,1.12615,1.14445,1017582,942426.1,0,NaN,NaN,NaN,NaN,NaN,NaN,499640
1561327200,1.14495,1.1486,1.1418,1.14465,814037,949173.05,0,NaN,NaN,NaN,NaN,NaN,NaN,505246
1561932000,1.1435,1.144,1.1271,1.12855,730131,939853.2,0,NaN,NaN,NaN,NaN,NaN,NaN,504234
1562536800,1.12915,1.1344,1.12555,1.1329,753668,937672.75,0,NaN,NaN,NaN,NaN,NaN,NaN,512756
1563141600,1.13285,1.13405,1.1253,1.12705,763744,935539.65,0,NaN,NaN,NaN,NaN,NaN,NaN,516349
1563746400,1.12715,1.12755,1.11455,1.117,954606,929724.05,0,NaN,NaN,NaN,NaN,NaN,NaN,543271
1564351200,1.1171,1.12035,1.1065,1.11485,1008467,910415.8,0,NaN,NaN,NaN,NaN,NaN,NaN,546945
1564956000,1.11425,1.1285,1.1141,1.12375,999621,912564.4,0,NaN,NaN,NaN,NaN,NaN,NaN,512825
1565560800,1.123,1.1261,1.10905,1.11225,856362,909941.7,0,NaN,NaN,NaN,NaN,NaN,NaN,529994
1566165600,1.1116,1.11725,1.107,1.1165,768352,909011.4,0,NaN,NaN,NaN,NaN,NaN,NaN,504347
1566770400,1.1166,1.11825,1.09755,1.09895,790708,907264.6,0,NaN,NaN,NaN,NaN,NaN,NaN,515608
1567375200,1.10015,1.10925,1.0936,1.1037,939259,915582.85,0,NaN,NaN,NaN,NaN,NaN,NaN,471565
1567980000,1.10325,1.1184,1.0928,1.11415,1687323,947996.35,0,NaN,NaN,NaN,NaN,NaN,NaN,469290
1568584800,1.11495,1.11595,1.1063,1.1082,790693,941280.45,0,NaN,NaN,NaN,NaN,NaN,NaN,480762
1569189600,1.1085,1.10925,1.0966,1.1001,849610,941341.95,0,NaN,NaN,NaN,NaN,NaN,NaN,475618
1569794400,1.09995,1.1058,1.09385,1.1037,912044,947886.8,0,NaN,NaN,NaN,NaN,NaN,NaN,482458
1570399200,1.10305,1.11115,1.09925,1.109,821504,949057.65,0,NaN,NaN,NaN,NaN,NaN,NaN,491854
1571004000,1.10855,1.1215,1.1037,1.1204,937197,957199.75,0,NaN,NaN,NaN,NaN,NaN,NaN,495917
1571608800,1.1199,1.12215,1.11095,1.11175,699955,926814.2,0,NaN,NaN,NaN,NaN,NaN,NaN,497906
1572213600,1.1117,1.12075,1.1108,1.11945,834601,896473.2,0,NaN,NaN,NaN,NaN,NaN,NaN,526492
1572822000,1.1196,1.12055,1.1042,1.10485,796124,885400.3,0,NaN,NaN,NaN,NaN,NaN,NaN,540551
1573426800,1.1044,1.10765,1.10095,1.10725,652998,877348.35,0,NaN,NaN,NaN,NaN,NaN,NaN,549626
1574031600,1.1072,1.1113,1.1029,1.10355,719011,876792.35,0,NaN,NaN,NaN,NaN,NaN,NaN,550308
1574636400,1.10355,1.1047,1.09905,1.1027,582776,868247.75,0,NaN,NaN,NaN,NaN,NaN,NaN,547482
1575241200,1.10295,1.1124,1.1012,1.1061,1134061,886763.6,0,NaN,NaN,NaN,NaN,NaN,NaN,513987
1575846000,1.1063,1.12635,1.1058,1.1191,1738358,925951.2,0,NaN,NaN,NaN,NaN,NaN,NaN,525303
1576450800,1.1197,1.1244,1.11305,1.114,780644,914560.05,0,NaN,NaN,NaN,NaN,NaN,NaN,530451
1577055600,1.11405,1.12465,1.113,1.12445,371750,883166.5,0,NaN,NaN,NaN,NaN,NaN,NaN,542304
1577660400,1.12375,1.1293,1.11735,1.1217,616237,871160.25,0,NaN,NaN,NaN,NaN,NaN,NaN,541895
1578265200,1.12085,1.12545,1.1129,1.1166,810543,873269.8,0,NaN,NaN,NaN,NaN,NaN,NaN,551578
1578870000,1.11615,1.12125,1.1125,1.11325,709357,869202.25,0,NaN,NaN,NaN,NaN,NaN,NaN,561103
1579474800,1.1129,1.1156,1.1051,1.10635,803560,862417.3,0,NaN,NaN,NaN,NaN,NaN,NaN,574257
1580079600,1.10625,1.1125,1.1024,1.11185,853302,820716.25,0,NaN,NaN,NaN,NaN,NaN,NaN,578656
1580684400,1.11165,1.112,1.0966,1.097,892011,825782.15,0,NaN,NaN,NaN,NaN,NaN,NaN,593689
1581289200,1.0968,1.0981,1.0846,1.0859,878197,827211.5,0,NaN,NaN,NaN,NaN,NaN,NaN,604791
1581894000,1.0857,1.08785,1.0793,1.0872,986009,830909.75,0,NaN,NaN,NaN,NaN,NaN,NaN,604315
1582498800,1.0845,1.10635,1.0819,1.10395,1574910,868580.05,0,NaN,NaN,NaN,NaN,NaN,NaN,585534
1583103600,1.1064,1.13605,1.10465,1.1322,1880169,915728.65,0,NaN,NaN,NaN,NaN,NaN,NaN,579548
1583704800,1.13485,1.1502,1.1056,1.11245,2223901,991925.95,0,NaN,NaN,NaN,NaN,NaN,NaN,578855
1584309600,1.1214,1.1278,1.0675,1.06915,1164155,1008403.65,0,NaN,NaN,NaN,NaN,NaN,NaN,569168
1584914400,1.07315,1.11875,1.0671,1.1157,992573,1018226.1,0,NaN,NaN,NaN,NaN,NaN,NaN,543632
1585519200,1.1165,1.11835,1.07955,1.0834,820403,1026596.35,0,NaN,NaN,NaN,NaN,NaN,NaN,536742
1586124000,1.0835,1.09715,1.07915,1.09555,589366,1020114.1,0,NaN,NaN,NaN,NaN,NaN,NaN,542299
1586728800,1.09565,1.1007,1.0827,1.08835,602381,1021094.35,0,NaN,NaN,NaN,NaN,NaN,NaN,535261
1587333600,1.0891,1.0912,1.0739,1.08105,664296,997606.1,0,NaN,NaN,NaN,NaN,NaN,NaN,535847
1587938400,1.08325,1.10285,1.08205,1.09865,657280,943552.2,0,NaN,NaN,NaN,NaN,NaN,NaN,530070
1588543200,1.09815,1.0984,1.0774,1.085,617780,935409,0,NaN,NaN,NaN,NaN,NaN,NaN,530674
1589148000,1.08395,1.09045,1.0781,1.082,695995,951621.25,0,NaN,NaN,NaN,NaN,NaN,NaN,539884
1589752800,1.082,1.1014,1.0805,1.0892,729751,957296.95,0,NaN,NaN,NaN,NaN,NaN,NaN,542395
1590357600,1.09025,1.11485,1.0874,1.1101,862729,959906.25,0,NaN,NaN,NaN,NaN,NaN,NaN,548801
1590962400,1.1119,1.13855,1.11035,1.12955,1073287,978102.75,0,NaN,NaN,NaN,NaN,NaN,NaN,532610
1591567200,1.1296,1.1424,1.12365,1.1255,1611667,1018508.1,0,NaN,NaN,NaN,NaN,NaN,NaN,551617
1592172000,1.12665,1.13775,1.11895,1.12075,821657,1016925.85,0,NaN,NaN,NaN,NaN,NaN,NaN,562496
1592776800,1.1202,1.1371,1.11895,1.12465,737796,1009215.1,0,NaN,NaN,NaN,NaN,NaN,NaN,560600
1593381600,1.124,1.13205,1.1202,1.12455,695932,1000101.85,0,NaN,NaN,NaN,NaN,NaN,NaN,566413
1593727200,1.1256,1.13865,1.12365,1.13155,960250,998813.9,0,NaN,NaN,NaN,NaN,NaN,NaN,579104
1594591200,1.1321,1.14675,1.1318,1.1452,932112,966674,0,NaN,NaN,NaN,NaN,NaN,NaN,609633
1595196000,1.14325,1.1671,1.14165,1.165,1162012,930766.15,0,NaN,NaN,NaN,NaN,NaN,NaN,650997
1595800800,1.1659,1.19195,1.1655,1.17995,1257552,882448.7,0,NaN,NaN,NaN,NaN,NaN,NaN,677300
1596405600,1.179,1.1926,1.17065,1.1791,1088217,878651.8,0,NaN,NaN,NaN,NaN,NaN,NaN,692286
1597010400,1.1795,1.1872,1.1719,1.1845,935261,875786.2,0,NaN,NaN,NaN,NaN,NaN,NaN,688512
1597615200,1.18495,1.1973,1.17585,1.17935,954074,882469.75,0,NaN,NaN,NaN,NaN,NaN,NaN,687642
1598220000,1.17995,1.19235,1.17655,1.18945,1032292,904616.05,0,NaN,NaN,NaN,NaN,NaN,NaN,681149
1598824800,1.1914,1.2015,1.17825,1.1853,1146375,931815.75,0,NaN,NaN,NaN,NaN,NaN,NaN,645571
1599429600,1.1841,1.1918,1.1753,1.1855,1516698,974435.85,0,NaN,NaN,NaN,NaN,NaN,NaN,637073
1600034400,1.1864,1.1924,1.1759,1.1874,814655,982304.6,0,NaN,NaN,NaN,NaN,NaN,NaN,662442
1600639200,1.18675,1.18935,1.16305,1.16415,1019664,1002398.8,0,NaN,NaN,NaN,NaN,NaN,NaN,642375
1601244000,1.16475,1.17875,1.16345,1.173,916526,1013425.35,0,NaN,NaN,NaN,NaN,NaN,NaN,634828
1601848800,1.173,1.18475,1.1725,1.18405,740667,1013971.15,0,NaN,NaN,NaN,NaN,NaN,NaN,643478
1602453600,1.18325,1.1842,1.1702,1.17325,756966,1008683,0,NaN,NaN,NaN,NaN,NaN,NaN,629666
1603058400,1.1735,1.18945,1.1717,1.18715,853849,997711.1,0,NaN,NaN,NaN,NaN,NaN,NaN,628363
1603663200,1.187,1.18725,1.1651,1.1655,971292,965692.35,0,NaN,NaN,NaN,NaN,NaN,NaN,622775
1604271600,1.1655,1.19005,1.16125,1.18915,952017,972210.35,0,NaN,NaN,NaN,NaN,NaN,NaN,624441
1604876400,1.18965,1.19295,1.17535,1.18405,752264,972933.75,0,NaN,NaN,NaN,NaN,NaN,NaN,623663
1605481200,1.18465,1.19015,1.1821,1.18635,626348,969454.55,0,NaN,NaN,NaN,NaN,NaN,NaN,629246
1606086000,1.1865,1.19665,1.18045,1.19605,729483,957916.2,0,NaN,NaN,NaN,NaN,NaN,NaN,629388
1606690800,1.1968,1.2179,1.19275,1.21395,1178209,970221.05,0,NaN,NaN,NaN,NaN,NaN,NaN,610574
1607295600,1.2132,1.21935,1.20595,1.21425,1642713,994256.1,0,NaN,NaN,NaN,NaN,NaN,NaN,642821
1607900400,1.2162,1.23035,1.21455,1.2272,893444,976050.7,0,NaN,NaN,NaN,NaN,NaN,NaN,654042
1608505200,1.22555,1.22905,1.2158,1.2211,679933,955636.5,0,NaN,NaN,NaN,NaN,NaN,NaN,664728
1609110000,1.2219,1.233,1.2208,1.2246,514156,934581.25,0,NaN,NaN,NaN,NaN,NaN,NaN,662648
1609714800,1.2252,1.2368,1.221,1.22325,904712,932113.15,0,NaN,NaN,NaN,NaN,NaN,NaN,666881
1610319600,1.22335,1.22395,1.20885,1.20925,747510,917874.05,0,NaN,NaN,NaN,NaN,NaN,NaN,672008
1610924400,1.2096,1.2203,1.20675,1.2181,673453,894227.95,0,NaN,NaN,NaN,NaN,NaN,NaN,671534
1611529200,1.2183,1.2197,1.20695,1.2143,1023189,869552.5,0,NaN,NaN,NaN,NaN,NaN,NaN,666899
1612134000,1.21415,1.21475,1.19605,1.20525,892484,873443.95,0,NaN,NaN,NaN,NaN,NaN,NaN,659443
1612738800,1.2054,1.2157,1.20285,1.2123,745581,859739.8,0,NaN,NaN,NaN,NaN,NaN,NaN,662351
1613343600,1.2129,1.21765,1.20295,1.21215,820667,854946.85,0,NaN,NaN,NaN,NaN,NaN,NaN,671050
1613948400,1.21295,1.2249,1.2066,1.20815,1200669,877946.95,0,42800,-97418,-41461,568220,-609681,-41461,674224
1614553200,1.208,1.2116,1.18945,1.1915,1172265,898711.9,0,95600,-98931,-90149,510001,-600150,-90149,648268
1615158000,1.1919,1.2012,1.18365,1.1973,1631119,937575.4,0,118052,-51368,109034,495779,-386745,109034,617982
1615759200,1.19745,1.2011,1.18955,1.193,880643,933042.95,0,55365,-36096,-24295,421031,-445326,-24295,626990
1616364000,1.19,1.1969,1.178,1.18095,814790,926181.6,0,59997,-93185,-22089,388637,-410726,-22089,630637
1616968800,1.1812,1.18135,1.17215,1.17885,504913,913814.05,0,73977,-67762,59051,355819,-296768,59051,631532
1617573600,1.17765,1.1943,1.17535,1.19185,745363,919764.8,0,161799,-9972,157621,447859,-290238,157621,630825
1618178400,1.1916,1.20085,1.1886,1.19925,758437,921212.5,0,148069,-17351,110321,430837,-320516,110321,644922
1618783200,1.19915,1.2113,1.1956,1.2105,803768,902490.45,0,80287,-16503,73332,430899,-357567,73332,660442
1619388000,1.2109,1.21615,1.20265,1.20325,840399,862374.75,0,88569,-92337,-87129,371975,-459104,-87129,660403
1619992800,1.20395,1.218,1.1995,1.21735,794708,857437.95,0,119129,-25343,116850,447662,-330812,116850,686677
1620597600,1.21755,1.21895,1.2058,1.215,858849,866383.75,0,90211,-26127,79032,459549,-380517,79032,693140
1621202400,1.2153,1.22515,1.2133,1.21865,782056,879778.75,0,59405,-15365,33955,397767,-363812,33955,703790
1621807200,1.21885,1.2271,1.2136,1.22045,793352,874210.75,0,71396,-78878,-11596,378039,-389635,-11596,703299
1622412000,1.22005,1.2258,1.21055,1.2167,752844,874477.45,0,73333,-67934,6053,352633,-346580,6053,676172
1623016800,1.21675,1.22195,1.21145,1.2124,1480835,914846.55,0,74843,-87827,-68699,304822,-373521,-68699,672477
1623621600,1.213,1.2169,1.1867,1.1892,986787,913026.45,0,60481,-303733,-288296,331116,-619412,-288296,683380
1624226400,1.1882,1.19945,1.18675,1.19495,771361,906970.3,0,134333,-1427,103452,418501,-315049,103452,673248
1624831200,1.1956,1.19635,1.18235,1.18605,800443,909713.4,0,46433,-129186,-114065,336255,-450320,-114065,675154
1625436000,1.1883,1.19115,1.1797,1.1892,737665,905563.3,0,25943,-172487,-137164,290747,-427911,-137164,677577
1626040800,1.1892,1.1895,1.17855,1.1822,756735,883366.6,0,6436,-98200,-1178,357334,-358512,-1178,674030
1626645600,1.1821,1.18425,1.1764,1.17825,867350,868120.85,0,22086,-95034,-70610,379579,-450189,-70610,663753
1627250400,1.1783,1.1919,1.1774,1.1866,803040,826716.9,0,223673,-1400,180862,484375,-303513,180862,652399
1627855200,1.18755,1.1909,1.1762,1.17655,642862,814827.85,0,15862,-175611,-168622,234481,-403103,-168622,674315
1628460000,1.17665,1.18115,1.1713,1.18015,642130,806194.85,0,95049,-61410,82273,353850,-271577,82273,667073
1629064800,1.1803,1.18075,1.1669,1.17015,625300,812214.2,0,2056,-138630,-91397,260429,-351826,-91397,680189
1629669600,1.17005,1.1806,1.16975,1.1798,661868,808039.45,0,133635,-1967,126880,388939,-262059,126880,670612
1630274400,1.1801,1.19115,1.1786,1.18925,744731,807354.15,0,112572,-26308,77106,389603,-312497,77106,642606
1630879200,1.18815,1.1888,1.1803,1.1836,1363365,835334,0,7421,-69953,-68010,239982,-307992,-68010,620412
1631484000,1.18365,1.1867,1.1743,1.1749,738011,830214.6,0,50741,-52792,-8960,347435,-356395,-8960,642435
1632088800,1.1746,1.1775,1.1701,1.17335,739586,827458.5,0,38776,-65863,33720,373638,-339918,33720,641223
1632693600,1.1735,1.1743,1.1578,1.1613,909734,830002.75,0,2246,-232719,-212813,332888,-545701,-212813,674689
1633298400,1.16095,1.1656,1.15445,1.1591,737910,827795.45,0,26164,-148335,-79393,323514,-402907,-79393,676475
1633903200,1.1586,1.1637,1.15375,1.16185,682690,822262.35,0,60478,-40950,40939,353776,-312837,40939,667096
1634508000,1.16115,1.16815,1.1584,1.16475,737705,821505.4,0,151528,-10971,116234,423685,-307451,116234,657360
1635112800,1.1651,1.17025,1.15445,1.15685,1051084,800017.85,0,101473,-93833,-62041,483989,-546030,-62041,659805
1635717600,1.15715,1.1625,1.15205,1.1558,790975,790227.25,0,100877,-9406,86878,433320,-346442,86878,662859
1636326000,1.1573,1.1616,1.1439,1.145,773958,790357.1,0,60542,-83797,-66736,347226,-413962,-66736,671979
1636930800,1.145,1.14695,1.1254,1.12935,975496,799109.75,0,5908,-179048,-104318,417808,-522126,-104318,676499
1637535600,1.1289,1.1325,1.119,1.1306,856539,805053.45,0,8340,-203841,-53518,388442,-441960,-53518,676940
1638140400,1.13,1.1386,1.12375,1.13135,1010603,817746.85,0,64564,-42610,12666,474896,-462230,12666,640207
1638745200,1.13125,1.1356,1.12285,1.13385,1529953,850877,0,25891,-81755,19784,323293,-303509,19784,622801
1639350000,1.1341,1.1388,1.12475,1.1277,754115,848430.75,0,68590,-42712,3404,342048,-338644,3404,647847
1639954800,1.12635,1.1364,1.12585,1.13575,481345,840354.9,0,90248,-5244,78179,267884,-189705,78179,654567
1640559600,1.13445,1.14035,1.1292,1.14025,605309,838513.85,0,24991,-62473,13424,287607,-274183,13424,670914
1641164400,1.1394,1.1395,1.1287,1.1378,731343,843816,0,93737,-85443,91664,393687,-302023,91664,667306
1641769200,1.13745,1.1496,1.1299,1.1428,805573,851001.25,0,201217,-41061,138199,451537,-313338,138199,677613
1642374000,1.1431,1.1447,1.13125,1.1353,724472,849988.3,0,6920,-154118,-126463,280865,-407328,-126463,680304
1642978800,1.1355,1.13565,1.11305,1.11545,929451,828292.6,0,26210,-231664,-228845,330681,-559526,-228845,665905
1643583600,1.11555,1.14925,1.11435,1.14565,1071950,844989.55,0,289376,-15758,258541,640351,-381810,258541,680744
1644188400,1.1464,1.15035,1.1336,1.1343,918956,853958.05,0,19229,-125947,-112011,380074,-492085,-112011,678287
1644793200,1.13515,1.1402,1.12875,1.13375,791538,848048.25,0,4913,-79237,-77648,344478,-422126,-77648,678446
1645398000,1.13235,1.13965,1.11105,1.12675,1038543,863079.9,0,20877,-249384,-87516,456831,-544347,-87516,682636
1646002800,1.11635,1.1252,1.08875,1.0913,1280778,892984.3,0,55302,-353363,-327950,426433,-754383,-327950,681155
1646607600,1.0928,1.11225,1.08065,1.0944,2158535,964025.8,0,194390,-79294,73185,664735,-591550,73185,637680
1647208800,1.09565,1.11725,1.09365,1.10835,947374,958840.3,0,181032,-7057,150339,522893,-372554,150339,646774
1647813600,1.10845,1.11045,1.0994,1.102,711997,954891.4,0,74397,-26894,62370,364575,-302205,62370,635666
1648418400,1.1017,1.12155,1.0977,1.10685,1035859,967986.45,0,121862,-22536,-16759,485013,-501772,-16759,643259
1649023200,1.1069,1.10835,1.0863,1.09105,813562,959889.75,0,3814,-168895,-143315,323785,-467100,-143315,655057
1649628000,1.0939,1.09595,1.0781,1.0854,715736,952849.6,0,10987,-125950,-31525,326760,-358285,-31525,662680
1650232800,1.08315,1.09585,1.07845,1.0808,727010,938669.95,0,103347,-31080,3610,354461,-350851,3610,673704
1650837600,1.0831,1.084,1.04905,1.0589,1118059,918075.25,0,0,-235248,-148992,469530,-618522,-148992,681103
1651442400,1.0569,1.06585,1.04985,1.0563,994540,930096.5,0,19889,-97702,-5821,475935,-481756,-5821,685185
1652047200,1.05595,1.0608,1.03615,1.0417,1053431,958700.8,0,46887,-160313,-136077,439426,-575503,-136077,683549
1652652000,1.04135,1.06175,1.0401,1.05555,828964,969883.55,0,115521,-20642,8837,399603,-390766,8837,685836
1653256800,1.05755,1.0772,1.05695,1.07385,847501,975691.45,0,129715,0,105480,453470,-347990,105480,681473
1653861600,1.0741,1.07935,1.06325,1.07245,714986,971162.1,0,45922,-54694,-28144,305000,-333144,-28144,657707
1654466400,1.07215,1.0775,1.0567,1.05845,1727005,1021288.75,0,66087,-87456,-50458,359141,-409599,-50458,648896
1655071200,1.05765,1.0668,1.0428,1.05575,1216529,1035642.65,0,0,-138473,-56162,542402,-598564,-56162,655324
1655676000,1.0555,1.0673,1.05345,1.0612,745034,1019296.85,0,98280,-1156,70577,387453,-316876,70577,659140
1656280800,1.06145,1.06785,1.04205,1.0481,941394,1020418.75,0,57408,-173182,-142644,372366,-515010,-142644,655036
1656885600,1.04815,1.052,1.01215,1.02245,983796,1030031.65,0,26716,-274250,-238171,353194,-591365,-238171,657762
1657490400,1.02285,1.02345,1,1.0127,1195699,1037889.45,0,4601,-132614,-612,560520,-561132,-612,668365
1658095200,1.0134,1.032,1.01255,1.02355,1209260,1034313.55,0,118816,-3857,73129,616926,-543797,73129,672379
1658700000,1.0255,1.0298,1.01345,1.02545,1144835,983628.55,0,0,-171375,-96926,507422,-604348,-96926,661393
1659304800,1.0258,1.03275,1.01545,1.02055,967687,984644.2,0,65842,-118683,-21637,460367,-482004,-21637,668626
1659909600,1.02055,1.03965,1.01875,1.029,936162,995852.45,0,104234,-37769,-14036,448229,-462265,-14036,669237
1660514400,1.0283,1.0292,1.00505,1.0051,939547,991036.85,0,2806,-154611,-150502,377844,-528346,-150502,687063
1661119200,1.00565,1.0104,0.9916,0.9978,1275042,1014110.85,0,3623,-185685,-176451,520280,-696731,-176451,683784
1661724000,0.997,1.00905,0.9919,0.9974,1338417,1045244.9,0,128474,-33236,19939,647646,-627707,19939,685783
1662328800,0.99375,1.01175,0.9871,1.0048,1395220,1078655.4,0,99964,-66735,21946,607894,-585948,21946,614530
1662933600,1.0092,1.0202,0.9957,1.0069,1940047,1119754.8,0,70022,-112842,-73787,522982,-596769,-73787,633773
1663538400,1.0078,1.01165,0.9728,0.9732,1316956,1135875.6,0,39780,-166044,-160481,543119,-703600,-160481,635204
1664143200,0.97325,0.99085,0.9592,0.98615,1555027,1160955.4,0,228983,-93568,224425,851682,-627257,224425,623926
1664748000,0.9847,1.00545,0.9776,0.97855,1113354,1175174.9,0,161226,-26793,3086,531173,-528087,3086,621570
1665352800,0.97855,0.98555,0.9675,0.977,1006194,1183109.55,0,143289,-18538,93093,520250,-427157,93093,618905
1665957600,0.97675,0.9921,0.97455,0.9887,1104275,1202574,0,65716,-72547,-1631,521715,-523346,-1631,627762
1666562400,0.99205,1.01315,0.9848,0.9992,1207760,1176611.75,0,171248,-68320,-27001,556840,-583841,-27001,653357
1667167200,0.99995,1.00115,0.97605,0.99795,1091768,1170373.7,0,85199,-149019,85199,566569,-481370,85199,643373
1667775600,0.99615,1.03915,0.9948,1.039,1177342,1191989.1,0,253277,-24136,248396,687236,-438840,248396,662591
1668380400,1.03545,1.05085,1.0297,1.035,1152638,1202551.3,0,90562,-46477,-15945,556443,-572388,-15945,655175
1668985200,1.03495,1.0466,1.02435,1.0422,666899,1186706.45,0,91819,-44834,59508,352910,-293402,59508,656370
1669590000,1.03955,1.0557,1.03045,1.05475,1179459,1185894.45,0,102188,-77875,97833,612521,-514688,97833,661049
1670194800,1.0549,1.0606,1.04525,1.0553,1013910,1176126.95,0,30766,-128187,-83509,383568,-467077,-83509,604257
1670799600,1.0543,1.07385,1.0512,1.06685,1901383,1213954.35,0,48194,-56404,-46364,464897,-511261,-46364,706447
1671404400,1.0658,1.07265,1.0634,1.0683,765538,1203846.9,0,38729,-56592,-16423,361834,-378257,-16423,712535
1672095600,1.0696,1.0767,1.0665,1.0754,556662,1184871.9,0,36193,-26357,27244,285814,-258570,27244,707570
1672700400,1.0723,1.0736,1.0529,1.0694,910394,1183414.25,0,27174,-114240,25134,454369,-429235,25134,720148
1673218800,1.069,1.09115,1.0689,1.0871,965458,1167935.05,0,202064,-13449,191574,564255,-372681,191574,737209
1673823600,1.0877,1.09275,1.08055,1.08905,854301,1143729.25,0,72521,-80704,70969,453143,-382174,70969,756486
1674428400,1.09005,1.09625,1.08685,1.09,825173,1115226.9,0,33215,-24537,534,406732,-406198,534,774035
1675033200,1.0898,1.1059,1.08165,1.08285,1211362,1078792.65,0,185276,-45698,-42788,570216,-613004,-42788,768097
1675638000,1.08215,1.0822,1.0685,1.0692,928346,1059362.15,0,0,-174876,-163802,368220,-532022,-163802,763770
1676242800,1.0698,1.08245,1.06265,1.0711,985179,1030869.75,0,122929,-74779,-20444,469394,-489838,-20444,773346
1676847600,1.0706,1.07185,1.05455,1.05605,785046,1014454.35,0,2808,-266376,-244891,260375,-505266,-244891,770747
1677452400,1.05535,1.06995,1.0542,1.06405,985532,1013421.25,0,137034,-2001,86763,495584,-408821,86763,753910
1678057200,1.06345,1.07705,1.05275,1.071,2038134,1060114.2,0,72341,-154828,56283,517508,-461225,56283,732330
1678658400,1.0744,1.08225,1.05805,1.07405,1481268,1073789.6,0,184092,-29452,53111,737030,-683919,53111,719903
1679263200,1.0734,1.09835,1.06905,1.0814,1085459,1073474.15,0,118707,-83098,-13884,508709,-522593,-13884,722516
1679868000,1.08165,1.0976,1.07975,1.09035,784562,1053835.15,0,84164,-17860,31557,392415,-360858,31557,731675
1680472800,1.08875,1.10195,1.08355,1.09585,695303,1030968.4,0,180072,-11055,153024,413547,-260523,153024,736586
1681077600,1.09515,1.11145,1.08745,1.10375,801952,1037721.05,0,171791,-45361,29312,392517,-363205,29312,755570
1681682400,1.10355,1.1038,1.0947,1.10115,787395,1018117.85,0,0,-87598,-7954,371881,-379835,-7954,757676
1682287200,1.1024,1.1129,1.0993,1.10485,1081597,1021502.2,0,117872,-34948,71825,551657,-479832,71825,760775
1682892000,1.1049,1.11215,1.0972,1.1054,1022142,977540.15,0,32760,-83298,-7166,486171,-493337,-7166,772951
1683496800,1.10465,1.10805,1.087,1.08755,969606,987743.55,0,19405,-234094,-234094,351818,-585912,-234094,774823
1684101600,1.08685,1.0926,1.0778,1.0826,855887,1002704.8,0,78019,-102108,-69420,381782,-451202,-69420,762318
1684706400,1.0827,1.08485,1.07155,1.07435,1018811,1008125.65,0,7627,-288679,-248661,359283,-607944,-248661,750298
1685311200,1.07385,1.0788,1.0647,1.07205,974915,1008598.5,0,79341,-95605,-71665,428162,-499827,-71665,744001
1685916000,1.07165,1.07925,1.06745,1.07545,1066775,1019222.2,0,202997,-27362,167130,504775,-337645,167130,609217
1686520800,1.07525,1.10225,1.07375,1.0996,1740569,1064992,0,213540,-19748,175524,573477,-397953,175524,715641
1687125600,1.0993,1.10615,1.0891,1.09385,702341,1039540.95,0,32903,-123236,-106098,282957,-389055,-106098,724999
1687730400,1.09455,1.10225,1.0876,1.0953,880669,1037157.1,0,53370,-30632,9357,431242,-421885,9357,712675
1688335200,1.09515,1.10125,1.08715,1.1007,807579,1028277.1,0,107652,-31579,90272,429576,-339304,90272,711695
1688940000,1.1005,1.12805,1.0982,1.12695,966870,1037368.3,0,375731,-24880,360001,637403,-277402,360001,757163
1689544800,1.12655,1.13105,1.1139,1.1156,852454,1030714.4,0,57195,-146083,-129502,336692,-466194,-129502,762059
1690149600,1.116,1.11775,1.097,1.10505,1137137,985664.55,0,3164,-212103,-86757,505409,-592166,-86757,735485
1690754400,1.10445,1.10725,1.0935,1.1032,877903,955496.3,0,33026,-146579,8183,430101,-421918,8183,735471
1691359200,1.10325,1.1085,1.09505,1.09695,803819,941414.3,0,61332,-42111,-39655,365809,-405464,-39655,0
1691964000,1.0967,1.0978,1.08595,1.0893,795530,941962.7,0,11459,-63004,-36006,359582,-395588,-36006,741826
1692568800,1.0889,1.09445,1.07765,1.08185,914953,952945.2,0,13076,-141585,-104845,376203,-481048,-104845,734491
1693173600,1.08085,1.09555,1.0779,1.0786,1062533,965974.25,0,212810,-6848,3692,506297,-502605,3692,725428
1693778400,1.07815,1.08155,1.06905,1.07015,912043,972206.65,0,27872,-144633,-137614,304914,-442528,-137614,617983
1694383200,1.07175,1.07725,1.06325,1.07035,1727761,1004514.85,0,60320,-167294,-84920,384520,-469440,-84920,673519
1694988000,1.0707,1.0778,1.0653,1.0686,873015,997058.5,0,54932,-38031,-31517,396044,-427561,-31517,674328
1695592800,1.06845,1.06935,1.05255,1.06125,1092333,1003194.85,0,5031,-203009,-77495,478138,-555633,-77495,678696
1696197600,1.0602,1.0632,1.0482,1.06245,1171638,1018982.4,0,10948,-208362,-43112,544534,-587646,-43112,666409
1696802400,1.05855,1.06685,1.05235,1.05395,940496,1015066.65,0,85986,-82990,-70349,412122,-482471,-70349,677409
1697407200,1.0548,1.06415,1.05435,1.0617,968331,1014737.45,0,62699,-46701,48803,490181,-441378,48803,674757
1698012000,1.0619,1.07215,1.05425,1.0589,1073584,1015077.9,0,120582,-123707,-71327,486695,-558022,-71327,673863
1698616800,1.05855,1.07655,1.05365,1.07545,1127914,984445.15,0,71603,-144957,27965,556153,-528188,27965,684594
1699225200,1.0747,1.07745,1.06715,1.06955,836623,991159.25,0,47875,-61197,-48452,381466,-429918,-48452,674464
1699830000,1.0701,1.0931,1.06725,1.0913,1083779,1001314.75,0,234689,-31109,185578,614898,-429320,185578,684190
1700434800,1.09235,1.09765,1.0864,1.09505,812640,1001567.8,0,29265,-153302,-50992,368337,-419329,-50992,697061
1701039600,1.09545,1.1025,1.0835,1.0879,1163448,1011396.7,0,105928,-104761,-37166,542153,-579319,-37166,708079
1701644400,1.08905,1.0901,1.0727,1.0762,1114814,1024514.7,0,22698,-244821,-193524,388888,-582412,-193524,662110
1702249200,1.0765,1.10475,1.07445,1.09425,1848670,1060091.35,0,205762,-42863,146791,581587,-434796,146791,687476
1702854000,1.0938,1.10815,1.0935,1.1055,841885,1058290.45,0,244103,-2332,223463,520176,-296713,223463,693221
1703545200,1.10535,1.11745,1.1048,1.1075,565169,1046357.95,0,139665,-4662,90907,316367,-225460,90907,703510
1704150000,1.1076,1.10785,1.0908,1.0977,885582,1050860.55,0,6674,-168349,-28707,412108,-440815,-28707,697578
1704668400,1.0977,1.10405,1.0941,1.09845,917037,1050964.75,0,55472,-17656,-3615,439024,-442639,-3615,718147
1705273200,1.09775,1.09955,1.0871,1.09175,912739,1043475.05,0,10209,-225675,-177913,355542,-533455,-177913,714618
1705878000,1.09195,1.0956,1.08345,1.088,1030324,1049389.1,0,5872,-240336,-144611,422212,-566823,-144611,713832
1706482800,1.08715,1.0917,1.0799,1.0811,1282060,1027104.05,0,36527,-180752,-150768,533741,-684509,-150768,720274
1707087600,1.08,1.08115,1.074,1.07975,890245,1027965.55,0,27134,-58146,-5420,423609,-429029,-5420,720934
1707692400,1.0801,1.083,1.0709,1.07895,988465,1022772.15,0,60387,-102064,43543,485762,-442219,43543,715505
1708297200,1.07895,1.0899,1.0773,1.0833,939933,1011186.9,0,98738,-34619,-6730,436866,-443596,-6730,696991
1708902000,1.0831,1.08745,1.08025,1.0848,1005395,1014431.85,0,87122,-47508,11590,481658,-470068,11590,691813
1709506800,1.08485,1.0985,1.08435,1.09455,1061005,1019065.55,0,194717,-34571,158108,552412,-394304,158108,625382
1710108000,1.09425,1.0966,1.08815,1.09315,1660847,1048428.7,0,60472,-64988,-64988,364256,-429244,-64988,641217
1710712800,1.0932,1.09815,1.08395,1.08415,1111599,1047612.95,0,133625,-71533,58457,548184,-489727,58457,650472
1711317600,1.08435,1.09015,1.08085,1.08215,728616,1042212.6,0,80005,-27896,1789,346487,-344698,1789,657365
1711922400,1.0812,1.09085,1.0758,1.0866,1003620,1038204.65,0,161418,-67600,87609,512492,-424883,87609,645963
1712527200,1.0869,1.0916,1.0651,1.06675,1128369,1053991.1,0,74846,-191514,-184038,440198,-624236,-184038,656333
1713132000,1.06665,1.07155,1.06285,1.06755,1079671,1049802.25,0,14095,-175939,-112609,436682,-549291,-112609,660293
1713736800,1.06775,1.07755,1.06485,1.0728,949250,1041524.05,0,32663,-65250,-817,448753,-449570,-817,643400
1714341600,1.0715,1.08325,1.067,1.07865,1087757,1003478.4,0,135988,-45435,73069,548568,-475499,73069,644668
1714946400,1.07815,1.08095,1.07405,1.079,684323,995600.3,0,57401,-30245,27040,332011,-304971,27040,636501
1715551200,1.0788,1.09095,1.07805,1.0889,919115,1013297.6,0,145737,-32983,82952,462893,-379941,82952,642301
1716156000,1.08825,1.08975,1.0815,1.08605,801315,1009084.25,0,18315,-68326,-2566,381449,-384015,-2566,641133
1716760800,1.08585,1.0899,1.0796,1.085,1005113,1013488.05,0,31754,-137358,-75328,427401,-502729,-75328,646018
1717365600,1.08575,1.0923,1.08035,1.081,1226376,1029169.9,0,159552,-76119,-72170,507464,-579634,-72170,616258
1717970400,1.07745,1.08555,1.0715,1.07465,1974956,1076401.5,0,112136,-107577,-57872,493281,-551153,-57872,633536
1718575200,1.075,1.08075,1.07145,1.0738,762492,1050423.1,0,80760,-9603,12647,349344,-336697,12647,636577
1719180000,1.0735,1.079,1.07075,1.0752,900069,1050914.3,0,56965,-63555,13999,424171,-410172,13999,625100
1719784800,1.07705,1.08785,1.0748,1.0873,881722,1045577.15,0,109780,-28969,108074,465870,-357796,108074,622101
1720389600,1.08515,1.0944,1.08405,1.0939,880902,1042625.6,0,112706,-76993,111412,469761,-358349,111412,628916
1720994400,1.09255,1.09795,1.0903,1.0908,978604,1041286.05,0,120407,-6710,64714,481166,-416452,64714,664121
1721599200,1.0913,1.0932,1.0852,1.08825,914039,1033937.75,0,9903,-161576,-116246,373036,-489282,-116246,653735
1722204000,1.08815,1.09485,1.0799,1.0935,1300722,1015931.5,0,204228,-71033,163045,677127,-514082,163045,660991
1722808800,1.094,1.10305,1.09,1.09385,1209335,1020818.3,0,97807,-66240,-31440,538444,-569884,-31440,643483
1723413600,1.0935,1.10645,1.0928,1.10355,932717,1031023.35,0,60500,-60283,43444,451137,-407693,43444,658391
1724018400,1.10435,1.12125,1.1037,1.1199,1046290,1033156.85,0,237037,-4205,217647,590032,-372385,217647,696477
1724623200,1.12025,1.12125,1.1051,1.10595,935069,1023491.85,0,0,-296763,-292192,291668,-583860,-292192,699893
1725228000,1.1054,1.11595,1.1033,1.10905,947289,1016872.75,0,103979,-16403,61789,426868,-365079,61789,640707
1725832800,1.10895,1.11445,1.10045,1.112,1570049,1047912.7,0,2261,-147151,-96550,272375,-368925,-96550,653826
1726437600,1.1121,1.1227,1.1104,1.12,871365,1037093.1,0,72280,-27069,62719,438977,-376258,62719,660811
1727042400,1.11975,1.12495,1.1118,1.1201,1067797,1056266.8,0,47222,-71159,-60626,446265,-506891,-60626,663704
1727647200,1.1196,1.1242,1.0983,1.10045,1069990,1063810.55,0,36538,-242493,-224724,361722,-586446,-224724,658761
1728252000,1.10025,1.1029,1.09295,1.0968,732048,1060347.2,0,47246,-34909,10924,333681,-322757,10924,640770
1728856800,1.09635,1.0965,1.08375,1.08915,766629,1048423,0,3158,-145429,-110688,287068,-397756,-110688,636514
1729461600,1.0893,1.08975,1.07855,1.08255,845549,1029381.65,0,1854,-118552,-81783,341394,-423177,-81783,646710
1730066400,1.0819,1.09245,1.07905,1.08575,991534,980210.55,0,177561,-49657,110078,522869,-412791,110078,634766
1730674800,1.0889,1.0955,1.0699,1.0729,1197357,1001953.8,0,52877,-141289,-125435,500055,-625490,-125435,609756
1731279600,1.07245,1.0743,1.05085,1.05495,1281664,1021033.55,0,17243,-170100,-149211,520711,-669922,-149211,621584
1731884400,1.05495,1.06205,1.03405,1.042,1115512,1032723.05,0,66487,-176135,-161331,436447,-597778,-161331,640026
1732489200,1.046,1.0603,1.0433,1.05735,1056191,1041487.5,0,73425,-70619,38847,501910,-463063,38847,640700
1733094000,1.0575,1.06335,1.04665,1.05575,1205160,1052815.3,0,13742,-87150,-72569,500632,-573201,-72569,608559
1733698800,1.05655,1.05975,1.04645,1.05375,1715830,1092904.85,0,57069,-133991,-128201,385633,-513834,-128201,564313
1734303600,1.05405,1.0577,1.03825,1.04845,1094302,1082583.85,0,48580,-119957,-27860,502296,-530156,-27860,584243
1734908400,1.04715,1.0484,1.0421,1.0466,427211,1043477.65,0,10679,-29976,-12751,196796,-209547,-12751,585744
1735513200,1.04645,1.04935,1.0256,1.03335,755556,1034619.6,0,46359,-177098,-147475,280850,-428325,-147475,587486
1736118000,1.03345,1.04685,1.02415,1.0274,994378,1032024,0,118391,-166309,-158523,395096,-553619,-158523,583041
1736722800,1.0274,1.03825,1.02045,1.03025,1005697,1035555.4,0,80722,-51796,34979,499335,-464356,34979,577882
1737327600,1.0302,1.05455,1.0292,1.05195,1108187,1043600.3,0,182491,0,142869,593768,-450899,142869,592602
1737932400,1.05095,1.05575,1.03705,1.0397,1124482,1021321.95,0,44391,-228860,-207540,436464,-644004,-207540,585868
1738537200,1.0281,1.0464,1.0231,1.035,1308188,1043163.1,0,242119,-39423,43189,646465,-603276,43189,596141
1739142000,1.0315,1.0529,1.03065,1.0514,1073508,1043448.65,0,286235,-3867,264578,632007,-367429,264578,610367
1739746800,1.0505,1.05205,1.0414,1.0474,738826,1026890.45,0,44298,-61526,25470,361266,-335796,25470,608247