time,open,high,low,close,Volume,Volume MA,Volume Delta (Ouverture),Volume Delta (Haut,Volume Delta (Bas),Volume Delta (Fermeture),Up Volume,Down Volume,delta,Futures Open Interest
1325574000,1.3047,1.3068,1.302,1.3047,54449,NaN,0,NaN,NaN,NaN,NaN,NaN,NaN,282768
1325602800,1.3045,1.3085,1.3039,1.3058,77628,NaN,0,NaN,NaN,NaN,NaN,NaN,NaN,280981
1325631600,1.3058,1.3063,1.3029,1.3049,10372,NaN,0,NaN,NaN,NaN,NaN,NaN,NaN,280981
1325660400,1.3048,1.308,1.2938,1.2966,127920,NaN,0,NaN,NaN,NaN,NaN,NaN,NaN,280981
1325689200,1.2966,1.2967,1.2904,1.2955,75655,NaN,0,NaN,NaN,NaN,NaN,NaN,NaN,291420
1325718000,1.2947,1.2951,1.2917,1.2926,11771,NaN,0,NaN,NaN,NaN,NaN,NaN,NaN,291420
1325746800,1.2926,1.2952,1.2791,1.281,154948,NaN,0,NaN,NaN,NaN,NaN,NaN,NaN,291420
1325775600,1.281,1.2823,1.2777,1.2794,95268,NaN,0,NaN,NaN,NaN,NaN,NaN,NaN,296662
1325804400,1.2798,1.2808,1.277,1.2788,12351,NaN,0,NaN,NaN,NaN,NaN,NaN,NaN,296662
1325833200,1.2788,1.282,1.2711,1.2723,140506,NaN,0,NaN,NaN,NaN,NaN,NaN,NaN,296662
1325862000,1.2723,1.2739,1.2703,1.2722,73409,NaN,0,NaN,NaN,NaN,NaN,NaN,NaN,291543
1326063600,1.27,1.2735,1.2673,1.2727,16331,NaN,0,NaN,NaN,NaN,NaN,NaN,NaN,291543
1326092400,1.2727,1.2791,1.2726,1.2745,102604,NaN,0,NaN,NaN,NaN,NaN,NaN,NaN,291543
1326121200,1.2745,1.2783,1.2726,1.2773,65819,NaN,0,NaN,NaN,NaN,NaN,NaN,NaN,288544
1326150000,1.2773,1.2803,1.2766,1.2791,13161,NaN,0,NaN,NaN,NaN,NaN,NaN,NaN,288544
1326178800,1.279,1.2824,1.2747,1.279,121596,NaN,0,NaN,NaN,NaN,NaN,NaN,NaN,288544
1326207600,1.2789,1.2807,1.2767,1.278,72377,NaN,0,NaN,NaN,NaN,NaN,NaN,NaN,291573
1326236400,1.2778,1.2779,1.2732,1.2762,15237,NaN,0,NaN,NaN,NaN,NaN,NaN,NaN,291573
1326265200,1.2761,1.2794,1.2676,1.268,177944,NaN,0,NaN,NaN,NaN,NaN,NaN,NaN,291573
1326294000,1.2679,1.2716,1.2664,1.2712,93938,75664.2,0,NaN,NaN,NaN,NaN,NaN,NaN,296418
1326322800,1.2713,1.2732,1.2705,1.272,13045,73594,0,NaN,NaN,NaN,NaN,NaN,NaN,296418
1326351600,1.2719,1.2827,1.2702,1.2821,187953,79110.25,0,NaN,NaN,NaN,NaN,NaN,NaN,296418
1326380400,1.2821,1.2848,1.2792,1.2817,113376,84260.45,0,NaN,NaN,NaN,NaN,NaN,NaN,290209
1326409200,1.2816,1.2884,1.2813,1.2862,22801,79004.5,0,NaN,NaN,NaN,NaN,NaN,NaN,290209
1326438000,1.2863,1.2877,1.2674,1.2681,222088,86326.15,0,NaN,NaN,NaN,NaN,NaN,NaN,290209
1326466800,1.268,1.2699,1.2627,1.2682,147876,93131.4,0,NaN,NaN,NaN,NaN,NaN,NaN,301762
1326668400,1.2642,1.2663,1.2628,1.2657,16560,86212,0,NaN,NaN,NaN,NaN,NaN,NaN,301762
1326697200,1.2657,1.2686,1.2643,1.2678,63245,84610.85,0,NaN,NaN,NaN,NaN,NaN,NaN,301762
1326726000,1.2678,1.2692,1.2656,1.2656,9862,84486.4,0,NaN,NaN,NaN,NaN,NaN,NaN,301762
1326754800,1.2655,1.274,1.2651,1.273,23005,78611.35,0,NaN,NaN,NaN,NaN,NaN,NaN,301762
1326783600,1.2731,1.282,1.2713,1.2725,180101,83945.95,0,NaN,NaN,NaN,NaN,NaN,NaN,301762
1326812400,1.2725,1.2756,1.2716,1.2738,78611,87059.95,0,NaN,NaN,NaN,NaN,NaN,NaN,297914
1326841200,1.2741,1.279,1.274,1.2763,15830,82721.25,0,NaN,NaN,NaN,NaN,NaN,NaN,297914
1326870000,1.2762,1.2849,1.2736,1.2839,220241,90442.35,0,NaN,NaN,NaN,NaN,NaN,NaN,297914
1326898800,1.2839,1.2872,1.2809,1.2868,113035,95436.05,0,NaN,NaN,NaN,NaN,NaN,NaN,303769
1326927600,1.2856,1.2882,1.2844,1.2862,16415,90177,0,NaN,NaN,NaN,NaN,NaN,NaN,303769
1326956400,1.286,1.293,1.2841,1.2896,150841,94100.2,0,NaN,NaN,NaN,NaN,NaN,NaN,303769
1326985200,1.2895,1.2975,1.2877,1.2969,112379,98957.3,0,NaN,NaN,NaN,NaN,NaN,NaN,303569
1327014000,1.2969,1.2984,1.2956,1.2976,12829,90701.55,0,NaN,NaN,NaN,NaN,NaN,NaN,303569
1327042800,1.2976,1.2989,1.2889,1.2927,154647,93737,0,NaN,NaN,NaN,NaN,NaN,NaN,303569
1327071600,1.2925,1.2953,1.291,1.2935,70887,96629.1,0,NaN,NaN,NaN,NaN,NaN,NaN,312052
1327273200,1.2885,1.2911,1.288,1.2905,13141,87888.5,0,NaN,NaN,NaN,NaN,NaN,NaN,312052
1327302000,1.2904,1.3038,1.2888,1.3033,156859,90062.65,0,NaN,NaN,NaN,NaN,NaN,NaN,312052
1327330800,1.3033,1.3056,1.3006,1.3016,95833,93714.25,0,NaN,NaN,NaN,NaN,NaN,NaN,306836
1327359600,1.3017,1.3033,1.2991,1.3025,15647,83392.2,0,NaN,NaN,NaN,NaN,NaN,NaN,306836
1327388400,1.3026,1.3066,1.2956,1.297,202044,86100.6,0,NaN,NaN,NaN,NaN,NaN,NaN,306836
1327417200,1.297,1.3042,1.2964,1.304,86574,89601.3,0,NaN,NaN,NaN,NaN,NaN,NaN,311623
1327446000,1.3034,1.305,1.3018,1.3035,12056,87041.85,0,NaN,NaN,NaN,NaN,NaN,NaN,311623
1327474800,1.3034,1.3055,1.2933,1.2954,153849,94241.2,0,NaN,NaN,NaN,NaN,NaN,NaN,311623
1327503600,1.2954,1.3124,1.2948,1.311,193294,102755.65,0,NaN,NaN,NaN,NaN,NaN,NaN,305870
1327532400,1.3102,1.3137,1.3093,1.3118,11748,94338,0,NaN,NaN,NaN,NaN,NaN,NaN,305870
1327561200,1.3118,1.3179,1.3097,1.3168,152547,98034.8,0,NaN,NaN,NaN,NaN,NaN,NaN,305870
1327590000,1.3169,1.3186,1.3096,1.3111,112005,102843.55,0,NaN,NaN,NaN,NaN,NaN,NaN,302351
1327618800,1.3106,1.3121,1.3078,1.3114,18079,92735.45,0,NaN,NaN,NaN,NaN,NaN,NaN,302351
1327647600,1.3114,1.3163,1.3081,1.3137,164616,95314.5,0,NaN,NaN,NaN,NaN,NaN,NaN,302351
1327676400,1.3136,1.3237,1.3111,1.322,138425,101415,0,NaN,NaN,NaN,NaN,NaN,NaN,297295
1327878000,1.3218,1.3224,1.3148,1.315,18302,94788.05,0,NaN,NaN,NaN,NaN,NaN,NaN,297295
1327906800,1.315,1.317,1.3078,1.3112,124872,95412.7,0,NaN,NaN,NaN,NaN,NaN,NaN,297295
1327935600,1.3112,1.3146,1.3095,1.3143,73484,98445.45,0,NaN,NaN,NaN,NaN,NaN,NaN,298634
1327964400,1.3143,1.3203,1.3136,1.3179,22650,91845.6,0,NaN,NaN,NaN,NaN,NaN,NaN,298634
1327993200,1.318,1.3216,1.3132,1.3141,129290,94765.75,0,NaN,NaN,NaN,NaN,NaN,NaN,298634
1328022000,1.3141,1.3142,1.3043,1.3085,163133,102265.35,0,NaN,NaN,NaN,NaN,NaN,NaN,300708
1328050800,1.3093,1.3094,1.3034,1.3039,20463,95445.55,0,NaN,NaN,NaN,NaN,NaN,NaN,300708
1328079600,1.3039,1.3205,1.3027,1.317,181490,99728.4,0,NaN,NaN,NaN,NaN,NaN,NaN,300708
1328108400,1.3171,1.3221,1.3147,1.3163,141775,106034.8,0,NaN,NaN,NaN,NaN,NaN,NaN,299201
1328137200,1.317,1.3198,1.3161,1.3175,13250,96595.1,0,NaN,NaN,NaN,NaN,NaN,NaN,299201
1328166000,1.3175,1.3195,1.3086,1.3145,172506,100891.7,0,NaN,NaN,NaN,NaN,NaN,NaN,299201
1328194800,1.3145,1.3189,1.3132,1.3145,106002,105589,0,NaN,NaN,NaN,NaN,NaN,NaN,295198
1328223600,1.3148,1.3158,1.3116,1.3144,12603,98526.7,0,NaN,NaN,NaN,NaN,NaN,NaN,295198
1328252400,1.3145,1.3217,1.3067,1.3101,228224,100273.2,0,NaN,NaN,NaN,NaN,NaN,NaN,295198
1328281200,1.3101,1.317,1.3081,1.3156,114340,105402.8,0,NaN,NaN,NaN,NaN,NaN,NaN,294768
1328482800,1.3123,1.3133,1.3055,1.3067,17680,98659.45,0,NaN,NaN,NaN,NaN,NaN,NaN,294768
1328511600,1.3067,1.31,1.3028,1.3067,148581,100488.25,0,NaN,NaN,NaN,NaN,NaN,NaN,294768
1328540400,1.3066,1.3144,1.3061,1.3135,109044,105036.5,0,NaN,NaN,NaN,NaN,NaN,NaN,292722
1328569200,1.3126,1.3139,1.3091,1.3106,18193,97715.35,0,NaN,NaN,NaN,NaN,NaN,NaN,292722
1328598000,1.3105,1.3199,1.3097,1.3192,181783,99883.25,0,NaN,NaN,NaN,NaN,NaN,NaN,292722
1328626800,1.3192,1.328,1.3179,1.3263,168927,107414.5,0,NaN,NaN,NaN,NaN,NaN,NaN,283869
1328655600,1.3262,1.3289,1.3243,1.3273,22577,102299.75,0,NaN,NaN,NaN,NaN,NaN,NaN,283869
1328684400,1.3273,1.329,1.3244,1.3266,136490,105450.05,0,NaN,NaN,NaN,NaN,NaN,NaN,283869
1328713200,1.3266,1.3284,1.3222,1.326,113558,109995.45,0,NaN,NaN,NaN,NaN,NaN,NaN,278398
1328742000,1.3253,1.3314,1.3216,1.3306,27794,104920.65,0,NaN,NaN,NaN,NaN,NaN,NaN,278398
1328770800,1.3307,1.3325,1.3235,1.3312,197265,106627.25,0,NaN,NaN,NaN,NaN,NaN,NaN,278398
1328799600,1.3312,1.3317,1.3269,1.3289,82226,109715.4,0,NaN,NaN,NaN,NaN,NaN,NaN,284320
1328828400,1.3288,1.3292,1.3252,1.3261,15434,101412.6,0,NaN,NaN,NaN,NaN,NaN,NaN,284320
1328857200,1.3261,1.3286,1.3157,1.3181,160131,102330.4,0,NaN,NaN,NaN,NaN,NaN,NaN,284320
1328886000,1.318,1.3206,1.3165,1.3196,68897,105112.75,0,NaN,NaN,NaN,NaN,NaN,NaN,283051
1329087600,1.3237,1.3265,1.3208,1.3243,23937,97684.3,0,NaN,NaN,NaN,NaN,NaN,NaN,283051
1329116400,1.3242,1.3285,1.3225,1.3231,104405,97604.45,0,NaN,NaN,NaN,NaN,NaN,NaN,283051
1329145200,1.3231,1.3231,1.3185,1.3185,77481,100848.35,0,NaN,NaN,NaN,NaN,NaN,NaN,281213
1329174000,1.3175,1.3176,1.3128,1.3149,24311,90652.7,0,NaN,NaN,NaN,NaN,NaN,NaN,281213
1329202800,1.3149,1.3218,1.3131,1.3161,142277,92049.55,0,NaN,NaN,NaN,NaN,NaN,NaN,281213
1329231600,1.316,1.3166,1.308,1.3136,110326,96681.85,0,NaN,NaN,NaN,NaN,NaN,NaN,285412
1329260400,1.3134,1.3186,1.311,1.3173,21475,90326.55,0,NaN,NaN,NaN,NaN,NaN,NaN,285412
1329289200,1.3173,1.3192,1.3068,1.3092,173719,93560.3,0,NaN,NaN,NaN,NaN,NaN,NaN,285412
1329318000,1.3092,1.3104,1.3045,1.3065,123499,98825.6,0,NaN,NaN,NaN,NaN,NaN,NaN,293224
1329346800,1.3063,1.3065,1.2997,1.3007,27446,91108.75,0,NaN,NaN,NaN,NaN,NaN,NaN,293224
1329375600,1.3007,1.3041,1.2975,1.3033,170548,91189.8,0,NaN,NaN,NaN,NaN,NaN,NaN,293224
1329404400,1.3033,1.3161,1.3028,1.3135,156568,97889.35,0,NaN,NaN,NaN,NaN,NaN,NaN,288063
1329433200,1.3134,1.3147,1.3116,1.3118,14793,91804.5,0,NaN,NaN,NaN,NaN,NaN,NaN,288063
1329462000,1.3119,1.3199,1.3117,1.3175,138418,93047.5,0,NaN,NaN,NaN,NaN,NaN,NaN,288063
1329490800,1.3175,1.3176,1.3139,1.3148,77971,95556.35,0,NaN,NaN,NaN,NaN,NaN,NaN,289422
1329692400,1.3206,1.3242,1.32,1.3211,15921,86489.15,0,NaN,NaN,NaN,NaN,NaN,NaN,289422
1329721200,1.3211,1.3279,1.3182,1.3244,73864,86071.05,0,NaN,NaN,NaN,NaN,NaN,NaN,289422
1329750000,1.3245,1.3274,1.3239,1.3239,13251,85961.9,0,NaN,NaN,NaN,NaN,NaN,NaN,289422
1329778800,1.3237,1.3295,1.3187,1.3284,37288,79819.75,0,NaN,NaN,NaN,NaN,NaN,NaN,289422
1329807600,1.3283,1.3293,1.3199,1.3225,148755,83812.65,0,NaN,NaN,NaN,NaN,NaN,NaN,289422
1329836400,1.3224,1.3277,1.322,1.3236,83306,86781.1,0,NaN,NaN,NaN,NaN,NaN,NaN,281113
1329865200,1.3231,1.3252,1.3212,1.3241,14756,82298.65,0,NaN,NaN,NaN,NaN,NaN,NaN,281113
1329894000,1.324,1.3266,1.3215,1.3229,133093,85079.25,0,NaN,NaN,NaN,NaN,NaN,NaN,281113
1329922800,1.3229,1.3268,1.3213,1.3252,88112,88269.3,0,NaN,NaN,NaN,NaN,NaN,NaN,279979
1329951600,1.3249,1.3281,1.3232,1.3279,12984,81804.65,0,NaN,NaN,NaN,NaN,NaN,NaN,279979
1329980400,1.328,1.3344,1.3269,1.3284,164393,84508,0,NaN,NaN,NaN,NaN,NaN,NaN,279979
1330009200,1.3284,1.3381,1.3283,1.3371,133855,90127,0,NaN,NaN,NaN,NaN,NaN,NaN,273084
1330038000,1.337,1.3381,1.3358,1.3372,13774,82129.75,0,NaN,NaN,NaN,NaN,NaN,NaN,273084
1330066800,1.3371,1.3459,1.3366,1.3454,137693,82839.45,0,NaN,NaN,NaN,NaN,NaN,NaN,273084
1330095600,1.3454,1.3488,1.3446,1.3448,107195,86826.9,0,NaN,NaN,NaN,NaN,NaN,NaN,268456
1330297200,1.346,1.3473,1.3432,1.3443,15941,79096.55,0,NaN,NaN,NaN,NaN,NaN,NaN,268456
1330326000,1.3444,1.3466,1.3367,1.3385,132680,77902.15,0,NaN,NaN,NaN,NaN,NaN,NaN,268456
1330354800,1.3385,1.3419,1.3382,1.3399,106609,82492.95,0,NaN,NaN,NaN,NaN,NaN,NaN,264033
1330383600,1.3394,1.3453,1.3393,1.3444,17028,76423.45,0,NaN,NaN,NaN,NaN,NaN,NaN,264033
1330412400,1.3443,1.3464,1.3418,1.3436,106773,77863.55,0,NaN,NaN,NaN,NaN,NaN,NaN,264033
1330441200,1.3436,1.3473,1.339,1.346,123393,83237.15,0,NaN,NaN,NaN,NaN,NaN,NaN,260227
1330470000,1.3459,1.3487,1.3457,1.3475,13686,80228.25,0,NaN,NaN,NaN,NaN,NaN,NaN,260227
1330498800,1.3474,1.3481,1.3423,1.3456,130609,86096.15,0,NaN,NaN,NaN,NaN,NaN,NaN,260227
1330527600,1.3455,1.346,1.3315,1.3325,195242,93993.85,0,NaN,NaN,NaN,NaN,NaN,NaN,261452
1330556400,1.3322,1.3357,1.3318,1.3335,16864,87399.3,0,NaN,NaN,NaN,NaN,NaN,NaN,261452
1330585200,1.3334,1.3352,1.3282,1.3308,128571,89662.55,0,NaN,NaN,NaN,NaN,NaN,NaN,261452
1330614000,1.3308,1.3339,1.3299,1.3314,95727,93711.1,0,NaN,NaN,NaN,NaN,NaN,NaN,255953
1330642800,1.3317,1.3334,1.3295,1.3302,12909,87701.9,0,NaN,NaN,NaN,NaN,NaN,NaN,255953
1330671600,1.3301,1.3302,1.3192,1.3199,133929,89992.75,0,NaN,NaN,NaN,NaN,NaN,NaN,255953
1330700400,1.3199,1.3219,1.3188,1.3207,103529,94520,0,NaN,NaN,NaN,NaN,NaN,NaN,256376
1330902000,1.32,1.3215,1.3183,1.3201,18841,87242.4,0,NaN,NaN,NaN,NaN,NaN,NaN,256376
1330930800,1.32,1.3239,1.3161,1.322,120839,86591.6,0,NaN,NaN,NaN,NaN,NaN,NaN,256376
1330959600,1.3222,1.3244,1.3202,1.3219,76632,89734.5,0,NaN,NaN,NaN,NaN,NaN,NaN,251386
1330988400,1.3216,1.3227,1.3188,1.3207,13733,83536.5,0,NaN,NaN,NaN,NaN,NaN,NaN,251386
1331017200,1.3208,1.321,1.3113,1.3122,156915,86022.5,0,NaN,NaN,NaN,NaN,NaN,NaN,251386
1331046000,1.3122,1.3133,1.3104,1.3116,99447,90197.8,0,NaN,NaN,NaN,NaN,NaN,NaN,255418
1331074800,1.3119,1.3154,1.3113,1.314,16143,84370.95,0,NaN,NaN,NaN,NaN,NaN,NaN,255418
1331103600,1.314,1.3165,1.31,1.3117,118579,84969.45,0,NaN,NaN,NaN,NaN,NaN,NaN,255418
1331132400,1.3117,1.3165,1.3096,1.315,106187,89427.4,0,NaN,NaN,NaN,NaN,NaN,NaN,251209
1331161200,1.315,1.3184,1.3136,1.3169,17758,84976.65,0,NaN,NaN,NaN,NaN,NaN,NaN,251209
1331190000,1.317,1.3275,1.3166,1.3242,164946,87054.3,0,NaN,NaN,NaN,NaN,NaN,NaN,251209
1331218800,1.3242,1.3292,1.3228,1.3275,93274,91033.7,0,NaN,NaN,NaN,NaN,NaN,NaN,241468
1331247600,1.3274,1.3277,1.3224,1.3234,20942,85550.35,0,NaN,NaN,NaN,NaN,NaN,NaN,241468
1331276400,1.3234,1.3245,1.3112,1.3115,163797,83978.1,0,NaN,NaN,NaN,NaN,NaN,NaN,241468
1331305200,1.3115,1.3134,1.3097,1.3118,98831,88076.45,0,NaN,NaN,NaN,NaN,NaN,NaN,233455
1331503200,1.3115,1.3125,1.308,1.3084,17944,82545.1,0,NaN,NaN,NaN,NaN,NaN,NaN,233455
1331532000,1.3083,1.3136,1.3083,1.3121,94030,82460.25,0,NaN,NaN,NaN,NaN,NaN,NaN,233455
1331560800,1.3121,1.316,1.3104,1.3155,85602,86094.9,0,NaN,NaN,NaN,NaN,NaN,NaN,209660
1331589600,1.315,1.3192,1.3148,1.3159,19633,80380.1,0,NaN,NaN,NaN,NaN,NaN,NaN,209660
1331618400,1.3159,1.3176,1.3052,1.3064,113221,80864.7,0,NaN,NaN,NaN,NaN,NaN,NaN,209660
1331647200,1.3065,1.3123,1.3057,1.3085,129219,86383.6,0,NaN,NaN,NaN,NaN,NaN,NaN,185142
1331676000,1.3081,1.3091,1.3035,1.304,13670,81025.15,0,NaN,NaN,NaN,NaN,NaN,NaN,185142
1331704800,1.304,1.3091,1.3031,1.3058,98177,82102.4,0,NaN,NaN,NaN,NaN,NaN,NaN,185142
1331733600,1.3058,1.3065,1.3011,1.3033,90060,85918.75,0,NaN,NaN,NaN,NaN,NaN,NaN,134634
1331762400,1.3029,1.304,1.3004,1.3024,12322,78689.1,0,NaN,NaN,NaN,NaN,NaN,NaN,134634
1331791200,1.3024,1.307,1.3017,1.3045,74925,77463,0,NaN,NaN,NaN,NaN,NaN,NaN,134634
1331820000,1.3046,1.312,1.3045,1.3081,69291,80120.4,0,NaN,NaN,NaN,NaN,NaN,NaN,100244
1331848800,1.3084,1.3106,1.3073,1.3087,14549,74918.9,0,NaN,NaN,NaN,NaN,NaN,NaN,100244
1331877600,1.3086,1.3177,1.3055,1.317,122650,75742.05,0,NaN,NaN,NaN,NaN,NaN,NaN,100244
1331906400,1.317,1.3195,1.3167,1.3182,87301,79219.2,0,NaN,NaN,NaN,NaN,NaN,NaN,257559
1332108000,1.3185,1.3195,1.3168,1.3175,10828,71513.3,0,NaN,NaN,NaN,NaN,NaN,NaN,257559
1332136800,1.3174,1.3185,1.3148,1.3162,76543,70676.75,0,NaN,NaN,NaN,NaN,NaN,NaN,257559
1332165600,1.3162,1.3272,1.3159,1.3243,127366,75997.95,0,NaN,NaN,NaN,NaN,NaN,NaN,257512
1332194400,1.3244,1.3251,1.3232,1.3237,10580,68337.1,0,NaN,NaN,NaN,NaN,NaN,NaN,257512
1332223200,1.3237,1.3248,1.3178,1.3237,107222,68756.65,0,NaN,NaN,NaN,NaN,NaN,NaN,257512
1332252000,1.3238,1.3259,1.3221,1.3233,88356,72277.25,0,NaN,NaN,NaN,NaN,NaN,NaN,257885
1332280800,1.3229,1.3289,1.3229,1.3276,20316,68591.55,0,NaN,NaN,NaN,NaN,NaN,NaN,257885
1332309600,1.3276,1.3292,1.3218,1.3232,97638,69193.35,0,NaN,NaN,NaN,NaN,NaN,NaN,257885
1332338400,1.3231,1.3263,1.3185,1.3222,115331,73978.25,0,NaN,NaN,NaN,NaN,NaN,NaN,258717
1332367200,1.322,1.3255,1.3216,1.3251,18640,69249.2,0,NaN,NaN,NaN,NaN,NaN,NaN,258717
1332396000,1.3251,1.3261,1.314,1.3159,129125,69244.5,0,NaN,NaN,NaN,NaN,NaN,NaN,258717
1332424800,1.3159,1.3209,1.3151,1.3206,92436,73182.8,0,NaN,NaN,NaN,NaN,NaN,NaN,263226
1332453600,1.3206,1.3219,1.3196,1.3203,9854,68766.65,0,NaN,NaN,NaN,NaN,NaN,NaN,263226
1332482400,1.3203,1.33,1.3197,1.3247,127961,70661.7,0,NaN,NaN,NaN,NaN,NaN,NaN,263226
1332511200,1.3247,1.329,1.3226,1.3279,99485,75019.85,0,NaN,NaN,NaN,NaN,NaN,NaN,250302
1332712800,1.3271,1.329,1.3253,1.3263,13691,71958.15,0,NaN,NaN,NaN,NaN,NaN,NaN,250302
1332741600,1.3262,1.3335,1.3197,1.3318,156736,76330.4,0,NaN,NaN,NaN,NaN,NaN,NaN,250302
1332770400,1.3318,1.3374,1.3317,1.3368,84290,79817.45,0,NaN,NaN,NaN,NaN,NaN,NaN,237700
1332799200,1.336,1.3372,1.3349,1.3358,9169,74143.4,0,NaN,NaN,NaN,NaN,NaN,NaN,237700
1332828000,1.3359,1.3391,1.3324,1.3343,103276,74942.15,0,NaN,NaN,NaN,NaN,NaN,NaN,237700
1332856800,1.3344,1.3354,1.3319,1.3319,69618,77881.65,0,NaN,NaN,NaN,NaN,NaN,NaN,238721
1332885600,1.3322,1.3342,1.3318,1.3337,10312,74570.1,0,NaN,NaN,NaN,NaN,NaN,NaN,238721
1332914400,1.3338,1.3379,1.3304,1.3321,119558,74179.7,0,NaN,NaN,NaN,NaN,NaN,NaN,238721
1332943200,1.3322,1.3337,1.3282,1.3322,108582,79079.8,0,NaN,NaN,NaN,NaN,NaN,NaN,237508
1332972000,1.3322,1.3337,1.3312,1.332,12003,74318.85,0,NaN,NaN,NaN,NaN,NaN,NaN,237508
1333000800,1.3321,1.3351,1.3257,1.3284,129302,76366.15,0,NaN,NaN,NaN,NaN,NaN,NaN,237508
1333029600,1.3285,1.331,1.3259,1.331,83639,79532.3,0,NaN,NaN,NaN,NaN,NaN,NaN,235624
1333058400,1.3308,1.3372,1.3303,1.3355,28020,76051.4,0,NaN,NaN,NaN,NaN,NaN,NaN,235624
1333087200,1.3354,1.3383,1.3329,1.3349,115975,76083.6,0,NaN,NaN,NaN,NaN,NaN,NaN,235624
1333116000,1.3349,1.3358,1.3315,1.3349,92036,79753.4,0,NaN,NaN,NaN,NaN,NaN,NaN,234114
1333317600,1.3365,1.3382,1.3337,1.3342,15793,74086.8,0,NaN,NaN,NaN,NaN,NaN,NaN,234114
1333346400,1.3342,1.3387,1.3283,1.3299,126391,75784.55,0,NaN,NaN,NaN,NaN,NaN,NaN,234114
1333375200,1.3298,1.3344,1.329,1.3326,97317,80157.7,0,NaN,NaN,NaN,NaN,NaN,NaN,237656
1333404000,1.3324,1.3362,1.3321,1.3338,14764,74497.85,0,NaN,NaN,NaN,NaN,NaN,NaN,237656
1333432800,1.3339,1.3374,1.3305,1.3322,111376,75092.4,0,NaN,NaN,NaN,NaN,NaN,NaN,237656
1333461600,1.3323,1.3352,1.3218,1.3239,174520,83133.85,0,NaN,NaN,NaN,NaN,NaN,NaN,240260
1333490400,1.3241,1.3245,1.3188,1.3202,21604,76377.25,0,NaN,NaN,NaN,NaN,NaN,NaN,240260
1333519200,1.3202,1.3218,1.3112,1.314,155418,79933.65,0,NaN,NaN,NaN,NaN,NaN,NaN,240260
1333548000,1.314,1.3153,1.3117,1.3147,89154,83932.9,0,NaN,NaN,NaN,NaN,NaN,NaN,251713
1333576800,1.3147,1.3164,1.314,1.3157,10996,79318.9,0,NaN,NaN,NaN,NaN,NaN,NaN,251713
1333605600,1.3157,1.3169,1.304,1.3067,153964,83536.2,0,NaN,NaN,NaN,NaN,NaN,NaN,251713
1333634400,1.3067,1.3081,1.3057,1.3072,64041,86222.65,0,NaN,NaN,NaN,NaN,NaN,NaN,263016
1333663200,1.3069,1.3082,1.3059,1.3079,6227,80556.1,0,NaN,NaN,NaN,NaN,NaN,NaN,263016
1333692000,1.3079,1.3119,1.3044,1.3091,40731,77163.55,0,NaN,NaN,NaN,NaN,NaN,NaN,263016
1333720800,1.3091,1.3097,1.3082,1.3087,2166,76671.7,0,NaN,NaN,NaN,NaN,NaN,NaN,264693
1333922400,1.3101,1.3103,1.3037,1.307,15462,70979.7,0,NaN,NaN,NaN,NaN,NaN,NaN,264693
1333951200,1.3071,1.3092,1.3053,1.3074,28737,68234.6,0,NaN,NaN,NaN,NaN,NaN,NaN,264693
1333980000,1.3074,1.314,1.3068,1.3112,57297,69698.45,0,NaN,NaN,NaN,NaN,NaN,NaN,265483
1334008800,1.3115,1.315,1.3108,1.3126,19177,64858.55,0,NaN,NaN,NaN,NaN,NaN,NaN,265483
1334037600,1.3126,1.3144,1.3065,1.3099,148251,67669.3,0,NaN,NaN,NaN,NaN,NaN,NaN,265483
1334066400,1.31,1.3119,1.3059,1.3087,116523,72705.8,0,NaN,NaN,NaN,NaN,NaN,NaN,273901
1334095200,1.3089,1.3115,1.3072,1.3108,14726,67122.55,0,NaN,NaN,NaN,NaN,NaN,NaN,273901
1334124000,1.3108,1.3163,1.3095,1.3137,135222,69017.8,0,NaN,NaN,NaN,NaN,NaN,NaN,273901
1334152800,1.3138,1.316,1.3098,1.3115,77289,72144.05,0,NaN,NaN,NaN,NaN,NaN,NaN,274921
1334181600,1.3112,1.3151,1.3111,1.3144,14826,67316.55,0,NaN,NaN,NaN,NaN,NaN,NaN,274921
1334210400,1.3145,1.319,1.3106,1.3185,154811,66331.1,0,NaN,NaN,NaN,NaN,NaN,NaN,274921
1334239200,1.3184,1.3218,1.3166,1.319,101172,70309.5,0,NaN,NaN,NaN,NaN,NaN,NaN,275619
1334268000,1.3192,1.3206,1.3169,1.3177,13586,63217.9,0,NaN,NaN,NaN,NaN,NaN,NaN,275619
1334296800,1.3178,1.3188,1.311,1.3113,115711,64545.75,0,NaN,NaN,NaN,NaN,NaN,NaN,275619
1334325600,1.3113,1.3114,1.3074,1.3082,106458,69318.85,0,NaN,NaN,NaN,NaN,NaN,NaN,285827
1334527200,1.3075,1.308,1.3013,1.303,31725,63206.9,0,NaN,NaN,NaN,NaN,NaN,NaN,285827
1334556000,1.3029,1.307,1.3,1.3043,129844,66497.05,0,NaN,NaN,NaN,NaN,NaN,NaN,285827
1334584800,1.3043,1.3154,1.3031,1.3147,127957,72583.55,0,NaN,NaN,NaN,NaN,NaN,NaN,291006
1334613600,1.3138,1.3141,1.3106,1.3112,13308,71212.4,0,NaN,NaN,NaN,NaN,NaN,NaN,291006
1334642400,1.3112,1.3178,1.3095,1.3119,123922,77300.2,0,NaN,NaN,NaN,NaN,NaN,NaN,291006
1334671200,1.3119,1.3161,1.3108,1.3129,87627,80908.45,0,NaN,NaN,NaN,NaN,NaN,NaN,294825
1334700000,1.3132,1.3146,1.3113,1.3124,12436,80093.4,0,NaN,NaN,NaN,NaN,NaN,NaN,294825
1334728800,1.3125,1.3132,1.3061,1.3099,140626,84259.85,0,NaN,NaN,NaN,NaN,NaN,NaN,294825
1334757600,1.3099,1.3142,1.3088,1.3126,86816,87641.8,0,NaN,NaN,NaN,NaN,NaN,NaN,296446
1334786400,1.3124,1.3136,1.3107,1.3118,10718,80765.15,0,NaN,NaN,NaN,NaN,NaN,NaN,296446
1334815200,1.3119,1.317,1.3072,1.3136,189588,84418.4,0,NaN,NaN,NaN,NaN,NaN,NaN,296446
1334844000,1.3136,1.3157,1.3121,1.3142,101528,88758.5,0,NaN,NaN,NaN,NaN,NaN,NaN,296995
1334872800,1.3139,1.3168,1.3132,1.3162,12412,82618,0,NaN,NaN,NaN,NaN,NaN,NaN,296995
1334901600,1.3163,1.3215,1.3132,1.32,144207,85963.9,0,NaN,NaN,NaN,NaN,NaN,NaN,296995
1334930400,1.3201,1.3232,1.3196,1.3221,81817,89313.45,0,NaN,NaN,NaN,NaN,NaN,NaN,285360
1335132000,1.3194,1.3214,1.3187,1.3194,12529,82199.35,0,NaN,NaN,NaN,NaN,NaN,NaN,285360
1335160800,1.3193,1.3195,1.3123,1.3142,119350,83108.25,0,NaN,NaN,NaN,NaN,NaN,NaN,285360
1335189600,1.3142,1.3165,1.3107,1.3162,89242,86891.05,0,NaN,NaN,NaN,NaN,NaN,NaN,293472
1335218400,1.3163,1.3164,1.3148,1.3161,10647,81637.85,0,NaN,NaN,NaN,NaN,NaN,NaN,293472
1335247200,1.3161,1.3211,1.315,1.3199,125445,82587.2,0,NaN,NaN,NaN,NaN,NaN,NaN,293472
1335276000,1.3199,1.3222,1.3184,1.32,86804,85341.15,0,NaN,NaN,NaN,NaN,NaN,NaN,286037
1335304800,1.3199,1.321,1.319,1.3191,7917,79244.8,0,NaN,NaN,NaN,NaN,NaN,NaN,286037
1335333600,1.3192,1.3239,1.3188,1.322,113121,78503,0,NaN,NaN,NaN,NaN,NaN,NaN,286037
1335362400,1.322,1.3237,1.3175,1.3218,124781,84076.65,0,NaN,NaN,NaN,NaN,NaN,NaN,287145
1335391200,1.3223,1.3237,1.3219,1.3227,8197,78290.4,0,NaN,NaN,NaN,NaN,NaN,NaN,287145
1335420000,1.3227,1.3266,1.3201,1.3217,123935,80105.8,0,NaN,NaN,NaN,NaN,NaN,NaN,287145
1335448800,1.3217,1.3258,1.3215,1.3226,92300,84099,0,NaN,NaN,NaN,NaN,NaN,NaN,283008
1335477600,1.32,1.3217,1.3179,1.3187,24400,78287.7,0,NaN,NaN,NaN,NaN,NaN,NaN,283008
1335506400,1.3188,1.3273,1.316,1.3253,138361,80864.95,0,NaN,NaN,NaN,NaN,NaN,NaN,283008
1335535200,1.3253,1.327,1.3238,1.3259,59741,83316.1,0,NaN,NaN,NaN,NaN,NaN,NaN,284690
1335736800,1.3247,1.3257,1.3234,1.3253,8187,74246.05,0,NaN,NaN,NaN,NaN,NaN,NaN,284690
1335765600,1.3253,1.3269,1.3211,1.3233,84506,73394.95,0,NaN,NaN,NaN,NaN,NaN,NaN,284690
1335794400,1.3233,1.3248,1.3226,1.3242,55006,75524.65,0,NaN,NaN,NaN,NaN,NaN,NaN,280324
1335823200,1.3243,1.3263,1.3236,1.3253,10076,68818.1,0,NaN,NaN,NaN,NaN,NaN,NaN,280324
1335852000,1.3254,1.3287,1.3246,1.328,54991,67476.8,0,NaN,NaN,NaN,NaN,NaN,NaN,280324
1335880800,1.328,1.3285,1.3207,1.3237,92189,71459.8,0,NaN,NaN,NaN,NaN,NaN,NaN,278140
1335909600,1.324,1.3245,1.3212,1.3219,10158,66000.2,0,NaN,NaN,NaN,NaN,NaN,NaN,278140
1335938400,1.3218,1.3233,1.3124,1.3152,166842,69880.2,0,NaN,NaN,NaN,NaN,NaN,NaN,278140
1335967200,1.3153,1.317,1.314,1.3162,74104,73053.05,0,NaN,NaN,NaN,NaN,NaN,NaN,292077
1335996000,1.3159,1.3161,1.3137,1.3146,8813,67221.45,0,NaN,NaN,NaN,NaN,NaN,NaN,292077
1336024800,1.3146,1.3183,1.3097,1.3168,156862,70724.35,0,NaN,NaN,NaN,NaN,NaN,NaN,292077
1336053600,1.3167,1.3183,1.3143,1.3156,68239,73740.45,0,NaN,NaN,NaN,NaN,NaN,NaN,296022
1336082400,1.3154,1.3165,1.3147,1.3154,4919,68330.35,0,NaN,NaN,NaN,NaN,NaN,NaN,296022
1336111200,1.3153,1.3182,1.3116,1.3167,114109,67796.75,0,NaN,NaN,NaN,NaN,NaN,NaN,296022
1336140000,1.3168,1.3169,1.3082,1.3086,116827,73228.25,0,NaN,NaN,NaN,NaN,NaN,NaN,302377
1336341600,1.303,1.3033,1.2957,1.2995,42021,69132.55,0,NaN,NaN,NaN,NaN,NaN,NaN,302377
1336370400,1.2995,1.3062,1.2987,1.3047,109512,69993.15,0,NaN,NaN,NaN,NaN,NaN,NaN,302377
1336399200,1.3047,1.3068,1.3036,1.3053,68444,72195.35,0,NaN,NaN,NaN,NaN,NaN,NaN,310499
1336428000,1.3062,1.3067,1.3028,1.3038,12591,65906.85,0,NaN,NaN,NaN,NaN,NaN,NaN,310499
1336456800,1.3038,1.304,1.2992,1.3,137159,69777.75,0,NaN,NaN,NaN,NaN,NaN,NaN,310499
1336485600,1.3001,1.3046,1.2984,1.3008,113306,75033.7,0,NaN,NaN,NaN,NaN,NaN,NaN,319010
1336514400,1.3004,1.3009,1.2967,1.2979,19587,71787.75,0,NaN,NaN,NaN,NaN,NaN,NaN,319010
1336543200,1.2978,1.3,1.2931,1.2938,152969,76685.9,0,NaN,NaN,NaN,NaN,NaN,NaN,319010
1336572000,1.2938,1.2974,1.2913,1.2933,153674,83865.8,0,NaN,NaN,NaN,NaN,NaN,NaN,328988
1336600800,1.2936,1.2958,1.2927,1.2948,18784,82055.45,0,NaN,NaN,NaN,NaN,NaN,NaN,328988
1336629600,1.2948,1.2979,1.2925,1.2971,132642,84078.1,0,NaN,NaN,NaN,NaN,NaN,NaN,328988
1336658400,1.2971,1.2981,1.2935,1.2939,94683,88304.35,0,NaN,NaN,NaN,NaN,NaN,NaN,340307
1336687200,1.2931,1.2945,1.2906,1.2926,23924,81158.45,0,NaN,NaN,NaN,NaN,NaN,NaN,340307
1336716000,1.2926,1.2958,1.2907,1.2935,115702,83238.35,0,NaN,NaN,NaN,NaN,NaN,NaN,340307
1336744800,1.2936,1.2959,1.2917,1.2918,78430,86719.2,0,NaN,NaN,NaN,NaN,NaN,NaN,341111
1336946400,1.2885,1.2907,1.288,1.2892,20385,79895.35,0,NaN,NaN,NaN,NaN,NaN,NaN,341111
1336975200,1.2892,1.2897,1.2827,1.2842,144211,83693.95,0,NaN,NaN,NaN,NaN,NaN,NaN,341111
1337004000,1.2842,1.286,1.2823,1.2826,100919,88493.95,0,NaN,NaN,NaN,NaN,NaN,NaN,345575
1337032800,1.2828,1.2847,1.2816,1.2846,21025,83839.75,0,NaN,NaN,NaN,NaN,NaN,NaN,345575
1337061600,1.2847,1.2871,1.2772,1.2796,192755,87636.15,0,NaN,NaN,NaN,NaN,NaN,NaN,345575
1337090400,1.2797,1.2803,1.2723,1.2731,137798,92425,0,NaN,NaN,NaN,NaN,NaN,NaN,353165
1337119200,1.2735,1.274,1.27,1.2725,20135,87956.15,0,NaN,NaN,NaN,NaN,NaN,NaN,353165
1337148000,1.2725,1.2761,1.2683,1.2749,190283,94048.1,0,NaN,NaN,NaN,NaN,NaN,NaN,353165
1337176800,1.2749,1.2759,1.2689,1.2718,146869,100762,0,NaN,NaN,NaN,NaN,NaN,NaN,353464
1337205600,1.2717,1.2752,1.2716,1.2744,16742,94741.15,0,NaN,NaN,NaN,NaN,NaN,NaN,353464
1337234400,1.2743,1.2748,1.2668,1.2697,144815,96316.6,0,NaN,NaN,NaN,NaN,NaN,NaN,353464
1337263200,1.2697,1.2739,1.2683,1.2698,152932,102983.85,0,NaN,NaN,NaN,NaN,NaN,NaN,361504
1337292000,1.2686,1.2709,1.2657,1.267,23605,96515.65,0,NaN,NaN,NaN,NaN,NaN,NaN,361504
1337320800,1.267,1.2731,1.2644,1.2719,145701,96117,0,NaN,NaN,NaN,NaN,NaN,NaN,361504
1337349600,1.2719,1.2796,1.2704,1.2786,131091,101732.35,0,NaN,NaN,NaN,NaN,NaN,NaN,357864
1337551200,1.2777,1.2814,1.275,1.2788,25989,96399.7,0,NaN,NaN,NaN,NaN,NaN,NaN,357864
1337580000,1.2788,1.279,1.2726,1.2742,108881,97109.6,0,NaN,NaN,NaN,NaN,NaN,NaN,357864
1337608800,1.2741,1.2826,1.274,1.2821,87686,100297.7,0,NaN,NaN,NaN,NaN,NaN,NaN,363262
1337637600,1.2811,1.2819,1.2783,1.2797,16601,95342.65,0,NaN,NaN,NaN,NaN,NaN,NaN,363262
1337666400,1.2797,1.2809,1.2738,1.2754,143106,98576.45,0,NaN,NaN,NaN,NaN,NaN,NaN,363262
1337695200,1.2755,1.2779,1.2659,1.2684,123573,103735.85,0,NaN,NaN,NaN,NaN,NaN,NaN,372728
1337724000,1.268,1.2688,1.2646,1.2677,29046,97977.6,0,NaN,NaN,NaN,NaN,NaN,NaN,372728
1337752800,1.2677,1.2689,1.2615,1.2644,164580,101160.65,0,NaN,NaN,NaN,NaN,NaN,NaN,372728
1337781600,1.2645,1.2652,1.2546,1.2581,194263,109822.55,0,NaN,NaN,NaN,NaN,NaN,NaN,378866
1337810400,1.2588,1.26,1.2556,1.2573,24090,101389.3,0,NaN,NaN,NaN,NaN,NaN,NaN,378866
1337839200,1.2573,1.2622,1.2516,1.2575,202293,104614.05,0,NaN,NaN,NaN,NaN,NaN,NaN,378866
1337868000,1.2575,1.261,1.2521,1.2534,115834,109399,0,NaN,NaN,NaN,NaN,NaN,NaN,381450
1337896800,1.2538,1.2554,1.2519,1.2538,16570,100713.35,0,NaN,NaN,NaN,NaN,NaN,NaN,381450
1337925600,1.2538,1.2604,1.2496,1.2534,185025,102621.15,0,NaN,NaN,NaN,NaN,NaN,NaN,381450
1337954400,1.2534,1.2542,1.2508,1.2516,76501,105609.1,0,NaN,NaN,NaN,NaN,NaN,NaN,377755
1338156000,1.257,1.2609,1.2561,1.2601,19888,99362.75,0,NaN,NaN,NaN,NaN,NaN,NaN,377755
1338184800,1.2602,1.2625,1.2532,1.2544,59860,94709.15,0,NaN,NaN,NaN,NaN,NaN,NaN,377755
1338213600,1.2544,1.2549,1.2525,1.2534,11672,94112.5,0,NaN,NaN,NaN,NaN,NaN,NaN,377755
1338242400,1.2541,1.2549,1.2509,1.2535,15384,87596.65,0,NaN,NaN,NaN,NaN,NaN,NaN,377755
1338271200,1.2534,1.2575,1.2517,1.2534,142426,88163.4,0,NaN,NaN,NaN,NaN,NaN,NaN,377755
1338300000,1.2533,1.2549,1.2462,1.2505,157409,94734.4,0,NaN,NaN,NaN,NaN,NaN,NaN,388599
1338328800,1.249,1.2494,1.2457,1.2468,18984,90239.55,0,NaN,NaN,NaN,NaN,NaN,NaN,388599
1338357600,1.2467,1.2482,1.2408,1.2418,200639,95887.2,0,NaN,NaN,NaN,NaN,NaN,NaN,388599
1338386400,1.2417,1.2433,1.2362,1.2368,137775,101945.9,0,NaN,NaN,NaN,NaN,NaN,NaN,387439
1338415200,1.2371,1.2396,1.2358,1.2393,17265,95653.85,0,NaN,NaN,NaN,NaN,NaN,NaN,387439
1338444000,1.2393,1.2429,1.2373,1.2385,163563,97653.35,0,NaN,NaN,NaN,NaN,NaN,NaN,387439
1338472800,1.2385,1.2397,1.2337,1.2365,168117,104606.9,0,NaN,NaN,NaN,NaN,NaN,NaN,388914
1338501600,1.2361,1.2367,1.2324,1.2365,18205,97288.15,0,NaN,NaN,NaN,NaN,NaN,NaN,388914
1338530400,1.2365,1.2462,1.2288,1.2401,287948,101972.4,0,NaN,NaN,NaN,NaN,NaN,NaN,388914
1338559200,1.2401,1.2453,1.2361,1.244,143488,107942.3,0,NaN,NaN,NaN,NaN,NaN,NaN,381082
1338760800,1.2435,1.2437,1.2386,1.2419,25742,99114.75,0,NaN,NaN,NaN,NaN,NaN,NaN,381082
1338789600,1.2419,1.25,1.2401,1.2489,113533,98999.7,0,NaN,NaN,NaN,NaN,NaN,NaN,381082
1338818400,1.2489,1.2511,1.2472,1.2502,96559,102999.15,0,NaN,NaN,NaN,NaN,NaN,NaN,381300
1338847200,1.2495,1.2543,1.2492,1.2522,24009,94948.35,0,NaN,NaN,NaN,NaN,NaN,NaN,381300
1338876000,1.2523,1.2531,1.241,1.2463,147638,98505.2,0,NaN,NaN,NaN,NaN,NaN,NaN,381300
1338904800,1.2463,1.247,1.2426,1.2451,81134,101567.5,0,NaN,NaN,NaN,NaN,NaN,NaN,386448
1338933600,1.2452,1.2518,1.2441,1.2485,33805,100264.75,0,NaN,NaN,NaN,NaN,NaN,NaN,386448
1338962400,1.2486,1.2529,1.2441,1.2511,195286,109445.45,0,NaN,NaN,NaN,NaN,NaN,NaN,386448
1338991200,1.2512,1.2587,1.2487,1.2583,137939,115573.2,0,NaN,NaN,NaN,NaN,NaN,NaN,382763
1339020000,1.2578,1.2586,1.2558,1.2569,18050,109354.4,0,NaN,NaN,NaN,NaN,NaN,NaN,382763
1339048800,1.2569,1.2627,1.254,1.261,158839,109425.9,0,NaN,NaN,NaN,NaN,NaN,NaN,382763
1339077600,1.2609,1.2625,1.2545,1.2562,143607,115657.05,0,NaN,NaN,NaN,NaN,NaN,NaN,376194
1339106400,1.2563,1.2575,1.2511,1.2515,24969,106873.55,0,NaN,NaN,NaN,NaN,NaN,NaN,376194
1339135200,1.2515,1.2516,1.2435,1.2455,158761,107922.85,0,NaN,NaN,NaN,NaN,NaN,NaN,376194
1339164000,1.2455,1.252,1.2449,1.2512,101731,112146.15,0,NaN,NaN,NaN,NaN,NaN,NaN,360577
1339365600,1.2647,1.267,1.2617,1.2644,30559,105495.95,0,NaN,NaN,NaN,NaN,NaN,NaN,360577
1339394400,1.2643,1.2647,1.2528,1.2538,148237,104501.95,0,NaN,NaN,NaN,NaN,NaN,NaN,360577
1339423200,1.2538,1.2564,1.2481,1.2487,117696,109476.5,0,NaN,NaN,NaN,NaN,NaN,NaN,322259
1339452000,1.247,1.2508,1.2451,1.2492,20421,96100.15,0,NaN,NaN,NaN,NaN,NaN,NaN,322259
1339480800,1.2492,1.253,1.2469,1.2479,155464,96698.95,0,NaN,NaN,NaN,NaN,NaN,NaN,322259
1339509600,1.248,1.2516,1.2443,1.2504,116196,101221.65,0,NaN,NaN,NaN,NaN,NaN,NaN,265493
1339538400,1.2505,1.2517,1.2474,1.2492,12424,96166.2,0,NaN,NaN,NaN,NaN,NaN,NaN,265493
1339567200,1.2491,1.2562,1.2487,1.2527,130216,97849.05,0,NaN,NaN,NaN,NaN,NaN,NaN,265493
1339596000,1.2527,1.2611,1.2526,1.256,108201,102058.65,0,NaN,NaN,NaN,NaN,NaN,NaN,210521
1339624800,1.2566,1.2589,1.2552,1.2575,14186,95386.05,0,NaN,NaN,NaN,NaN,NaN,NaN,210521
1339653600,1.2574,1.2601,1.2543,1.26,123232,97490.95,0,NaN,NaN,NaN,NaN,NaN,NaN,210521
1339682400,1.26,1.2638,1.2587,1.2633,64776,99039.5,0,NaN,NaN,NaN,NaN,NaN,NaN,149473
1339711200,1.2642,1.2657,1.2624,1.2644,10972,89823.8,0,NaN,NaN,NaN,NaN,NaN,NaN,149473
1339740000,1.2644,1.2649,1.2602,1.2629,104958,88174.75,0,NaN,NaN,NaN,NaN,NaN,NaN,149473
1339768800,1.2629,1.2676,1.2626,1.2656,70277,90786.1,0,NaN,NaN,NaN,NaN,NaN,NaN,318769
1339970400,1.2754,1.2759,1.2682,1.2726,33952,84541.75,0,NaN,NaN,NaN,NaN,NaN,NaN,318769
1339999200,1.2725,1.2735,1.259,1.2607,167414,85732.1,0,NaN,NaN,NaN,NaN,NaN,NaN,318769
1340028000,1.2607,1.262,1.2567,1.2586,93990,89183.15,0,NaN,NaN,NaN,NaN,NaN,NaN,325782
1340056800,1.2586,1.2627,1.2585,1.2618,18086,82149.4,0,NaN,NaN,NaN,NaN,NaN,NaN,325782
1340085600,1.2617,1.2661,1.2578,1.2658,150439,84584.8,0,NaN,NaN,NaN,NaN,NaN,NaN,325782
1340114400,1.2658,1.2741,1.2657,1.2695,136049,89859.3,0,NaN,NaN,NaN,NaN,NaN,NaN,310194
1340143200,1.2696,1.2699,1.2671,1.2687,14949,83194.9,0,NaN,NaN,NaN,NaN,NaN,NaN,310194
1340172000,1.2688,1.2729,1.2679,1.2716,103739,82497.05,0,NaN,NaN,NaN,NaN,NaN,NaN,310194
1340200800,1.2716,1.2753,1.2646,1.272,172719,90111.95,0,NaN,NaN,NaN,NaN,NaN,NaN,309707
1340229600,1.2709,1.2711,1.2669,1.2692,14301,83053.8,0,NaN,NaN,NaN,NaN,NaN,NaN,309707
1340258400,1.2691,1.2709,1.263,1.2637,167440,85616,0,NaN,NaN,NaN,NaN,NaN,NaN,309707
1340287200,1.2638,1.2641,1.2541,1.255,167660,93377.8,0,NaN,NaN,NaN,NaN,NaN,NaN,325272
1340316000,1.2557,1.2576,1.2552,1.257,12393,87486.65,0,NaN,NaN,NaN,NaN,NaN,NaN,325272
1340344800,1.257,1.2593,1.2528,1.2584,150002,89576.7,0,NaN,NaN,NaN,NaN,NaN,NaN,325272
1340373600,1.2584,1.2594,1.2531,1.2576,84454,93090.1,0,NaN,NaN,NaN,NaN,NaN,NaN,321898
1340575200,1.2564,1.2569,1.2532,1.2535,14482,87652.6,0,NaN,NaN,NaN,NaN,NaN,NaN,321898
1340604000,1.2534,1.2543,1.2481,1.2501,113107,90069.15,0,NaN,NaN,NaN,NaN,NaN,NaN,321898
1340632800,1.2502,1.2518,1.2484,1.2516,84947,93767.9,0,NaN,NaN,NaN,NaN,NaN,NaN,312345
1340661600,1.251,1.2535,1.2506,1.2519,12745,89157.25,0,NaN,NaN,NaN,NaN,NaN,NaN,312345
1340690400,1.2519,1.2542,1.2465,1.2495,141655,92726.15,0,NaN,NaN,NaN,NaN,NaN,NaN,312345
1340719200,1.2495,1.2516,1.2451,1.2504,117186,96887.85,0,NaN,NaN,NaN,NaN,NaN,NaN,314015
1340748000,1.2504,1.2519,1.249,1.2508,12642,89149.25,0,NaN,NaN,NaN,NaN,NaN,NaN,314015
1340776800,1.2508,1.2514,1.2464,1.2474,101571,89528.3,0,NaN,NaN,NaN,NaN,NaN,NaN,314015
1340805600,1.2474,1.2487,1.2455,1.248,80912,92669.6,0,NaN,NaN,NaN,NaN,NaN,NaN,311271
1340834400,1.2479,1.2535,1.2477,1.2521,16256,85960.45,0,NaN,NaN,NaN,NaN,NaN,NaN,311271
1340863200,1.2522,1.253,1.2417,1.2447,180577,88186.85,0,NaN,NaN,NaN,NaN,NaN,NaN,311271
1340892000,1.2448,1.2464,1.2424,1.2452,78821,91380.45,0,NaN,NaN,NaN,NaN,NaN,NaN,311083
1340920800,1.2451,1.2638,1.2443,1.2603,57578,89072.4,0,NaN,NaN,NaN,NaN,NaN,NaN,311083
1340949600,1.2603,1.2703,1.2562,1.2679,208452,90859.05,0,NaN,NaN,NaN,NaN,NaN,NaN,311083
1340978400,1.268,1.2701,1.2651,1.267,110955,95691.75,0,NaN,NaN,NaN,NaN,NaN,NaN,299280
1341180000,1.2678,1.2682,1.2623,1.2631,17045,88172,0,NaN,NaN,NaN,NaN,NaN,NaN,299280
1341208800,1.2632,1.2677,1.2596,1.261,119189,85748.45,0,NaN,NaN,NaN,NaN,NaN,NaN,299280
1341237600,1.2609,1.2616,1.2578,1.259,84929,89375.25,0,NaN,NaN,NaN,NaN,NaN,NaN,295964
1341266400,1.2596,1.2619,1.2587,1.2615,12391,82494.7,0,NaN,NaN,NaN,NaN,NaN,NaN,295964
1341295200,1.2615,1.2625,1.257,1.2595,95271,83035.55,0,NaN,NaN,NaN,NaN,NaN,NaN,295964
1341324000,1.2595,1.2639,1.2582,1.2619,73619,85992.4,0,NaN,NaN,NaN,NaN,NaN,NaN,300964
1341352800,1.2619,1.2619,1.2592,1.2603,8508,80762.45,0,NaN,NaN,NaN,NaN,NaN,NaN,300964
1341381600,1.2604,1.261,1.2559,1.2567,47966,78913.4,0,NaN,NaN,NaN,NaN,NaN,NaN,300964
1341410400,1.2567,1.2574,1.2517,1.2554,20562,79304.25,0,NaN,NaN,NaN,NaN,NaN,NaN,300964
1341439200,1.2539,1.2549,1.2522,1.2543,10803,72761.65,0,NaN,NaN,NaN,NaN,NaN,NaN,300964
1341468000,1.2542,1.2548,1.2374,1.2388,221875,77996.1,0,NaN,NaN,NaN,NaN,NaN,NaN,300964
1341496800,1.2387,1.2408,1.2375,1.2402,79894,81358.7,0,NaN,NaN,NaN,NaN,NaN,NaN,317778
1341525600,1.2408,1.2408,1.2386,1.2397,10971,76828.7,0,NaN,NaN,NaN,NaN,NaN,NaN,317778
1341554400,1.2396,1.2414,1.2316,1.2324,163504,80958.3,0,NaN,NaN,NaN,NaN,NaN,NaN,317778
1341583200,1.2323,1.233,1.2271,1.2298,111643,85727.65,0,NaN,NaN,NaN,NaN,NaN,NaN,324576
1341784800,1.228,1.2309,1.2266,1.2305,19912,77694.4,0,NaN,NaN,NaN,NaN,NaN,NaN,324576
1341813600,1.2305,1.2329,1.2283,1.2304,112891,79397.9,0,NaN,NaN,NaN,NaN,NaN,NaN,324576
1341842400,1.2303,1.2336,1.2289,1.2325,83813,80709.65,0,NaN,NaN,NaN,NaN,NaN,NaN,321752
1341871200,1.2328,1.2333,1.2294,1.2302,16688,71121.45,0,NaN,NaN,NaN,NaN,NaN,NaN,321752
1341900000,1.2303,1.2345,1.2273,1.2285,120970,71622.2,0,NaN,NaN,NaN,NaN,NaN,NaN,321752
1341928800,1.2285,1.2288,1.2246,1.226,85786,75059.25,0,NaN,NaN,NaN,NaN,NaN,NaN,324222
1341957600,1.2261,1.2281,1.2257,1.2278,12305,69715.05,0,NaN,NaN,NaN,NaN,NaN,NaN,324222
1341986400,1.2278,1.2308,1.2261,1.2282,108667,70901.95,0,NaN,NaN,NaN,NaN,NaN,NaN,324222
1342015200,1.2283,1.2295,1.2222,1.225,106692,75617,0,NaN,NaN,NaN,NaN,NaN,NaN,323945
1342044000,1.2251,1.2259,1.2233,1.2245,15274,71617.15,0,NaN,NaN,NaN,NaN,NaN,NaN,323945
1342072800,1.2245,1.2248,1.2176,1.2194,113321,73602.25,0,NaN,NaN,NaN,NaN,NaN,NaN,323945
1342101600,1.2194,1.2222,1.2183,1.2215,74294,76891.55,0,NaN,NaN,NaN,NaN,NaN,NaN,328748
1342130400,1.2211,1.2227,1.219,1.2211,17608,75373.65,0,NaN,NaN,NaN,NaN,NaN,NaN,328748
1342159200,1.221,1.2255,1.2171,1.2244,141461,81418.6,0,NaN,NaN,NaN,NaN,NaN,NaN,328748
1342188000,1.2244,1.2267,1.2236,1.2256,65283,84142.6,0,NaN,NaN,NaN,NaN,NaN,NaN,324606
1342389600,1.2256,1.227,1.2242,1.2251,8894,73493.55,0,NaN,NaN,NaN,NaN,NaN,NaN,324606
1342418400,1.225,1.2258,1.2184,1.2244,121303,75564,0,NaN,NaN,NaN,NaN,NaN,NaN,324606
1342447200,1.2244,1.2301,1.2221,1.2284,80194,79025.15,0,NaN,NaN,NaN,NaN,NaN,NaN,321961
1342476000,1.2281,1.2323,1.2274,1.2294,20025,71851.2,0,NaN,NaN,NaN,NaN,NaN,NaN,321961
1342504800,1.2295,1.2327,1.228,1.229,89764,70757.25,0,NaN,NaN,NaN,NaN,NaN,NaN,321961
1342533600,1.229,1.2309,1.2197,1.2303,152277,77375.5,0,NaN,NaN,NaN,NaN,NaN,NaN,320727
1342562400,1.23,1.2317,1.2276,1.2284,16458,72553.85,0,NaN,NaN,NaN,NaN,NaN,NaN,320727
1342591200,1.2284,1.2304,1.2225,1.2252,131093,74917.85,0,NaN,NaN,NaN,NaN,NaN,NaN,320727
1342620000,1.2251,1.2296,1.2251,1.2295,65989,77382.9,0,NaN,NaN,NaN,NaN,NaN,NaN,321995
1342648800,1.2292,1.2306,1.2284,1.2288,16997,72184.25,0,NaN,NaN,NaN,NaN,NaN,NaN,321995
1342677600,1.2288,1.2335,1.2237,1.2253,160114,75900.65,0,NaN,NaN,NaN,NaN,NaN,NaN,321995
1342706400,1.2252,1.2298,1.2238,1.2289,75199,79045.35,0,NaN,NaN,NaN,NaN,NaN,NaN,320781
1342735200,1.2286,1.2292,1.2255,1.2264,18116,74517.8,0,NaN,NaN,NaN,NaN,NaN,NaN,320781
1342764000,1.2264,1.2286,1.2153,1.2167,150704,76718.4,0,NaN,NaN,NaN,NaN,NaN,NaN,320781
1342792800,1.2166,1.219,1.2155,1.2163,71176,79513.5,0,NaN,NaN,NaN,NaN,NaN,NaN,332331
1342994400,1.2132,1.2143,1.2111,1.2116,27025,75198.7,0,NaN,NaN,NaN,NaN,NaN,NaN,332331
1343023200,1.2115,1.2148,1.2076,1.2093,162281,79598.05,0,NaN,NaN,NaN,NaN,NaN,NaN,332331
1343052000,1.2094,1.2154,1.2086,1.2126,91683,83301.8,0,NaN,NaN,NaN,NaN,NaN,NaN,321309
1343080800,1.2125,1.2147,1.2118,1.2131,17587,77108.1,0,NaN,NaN,NaN,NaN,NaN,NaN,321309
1343109600,1.213,1.2141,1.2085,1.211,126085,80148.2,0,NaN,NaN,NaN,NaN,NaN,NaN,321309
1343138400,1.2111,1.2114,1.2051,1.2064,96323,84519.65,0,NaN,NaN,NaN,NaN,NaN,NaN,320452
1343167200,1.2071,1.2088,1.2061,1.2075,14526,79180.8,0,NaN,NaN,NaN,NaN,NaN,NaN,320452
1343196000,1.2075,1.2179,1.2061,1.2143,182572,84299.7,0,NaN,NaN,NaN,NaN,NaN,NaN,320452
1343224800,1.2144,1.2172,1.2121,1.2166,81507,87373.8,0,NaN,NaN,NaN,NaN,NaN,NaN,321109
1343253600,1.2158,1.2161,1.2136,1.215,15295,83650.35,0,NaN,NaN,NaN,NaN,NaN,NaN,321109
1343282400,1.215,1.2325,1.2124,1.2302,230685,87570.75,0,NaN,NaN,NaN,NaN,NaN,NaN,321109
1343311200,1.2302,1.2337,1.2282,1.2287,89553,91225.5,0,NaN,NaN,NaN,NaN,NaN,NaN,313833
1343340000,1.2285,1.2301,1.2277,1.23,13479,85344.8,0,NaN,NaN,NaN,NaN,NaN,NaN,313833
1343368800,1.23,1.2366,1.2247,1.2362,201746,92132.65,0,NaN,NaN,NaN,NaN,NaN,NaN,313833
1343397600,1.2362,1.2397,1.2287,1.2327,124528,97509.2,0,NaN,NaN,NaN,NaN,NaN,NaN,309351
1343599200,1.231,1.2317,1.229,1.23,11839,90095.45,0,NaN,NaN,NaN,NaN,NaN,NaN,309351
1343628000,1.2299,1.2305,1.2233,1.2265,112236,91947.3,0,NaN,NaN,NaN,NaN,NaN,NaN,309351
1343656800,1.2265,1.2272,1.2245,1.2269,56255,93854.25,0,NaN,NaN,NaN,NaN,NaN,NaN,310604
1343685600,1.2265,1.2297,1.2259,1.2278,15809,87109.5,0,NaN,NaN,NaN,NaN,NaN,NaN,310604
1343714400,1.2278,1.2327,1.2256,1.2299,124113,89756.35,0,NaN,NaN,NaN,NaN,NaN,NaN,310604
1343743200,1.2299,1.2338,1.2281,1.2309,79736,92391.9,0,NaN,NaN,NaN,NaN,NaN,NaN,306479
1343772000,1.2306,1.2325,1.2287,1.2322,13188,84937.25,0,NaN,NaN,NaN,NaN,NaN,NaN,306479
1343800800,1.2323,1.2344,1.2292,1.2319,93636,85034.9,0,NaN,NaN,NaN,NaN,NaN,NaN,306479
1343829600,1.2319,1.2333,1.2225,1.2231,103032,89307.15,0,NaN,NaN,NaN,NaN,NaN,NaN,313583
1343858400,1.2236,1.2263,1.2223,1.2258,16704,83838.1,0,NaN,NaN,NaN,NaN,NaN,NaN,313583
1343887200,1.2258,1.2413,1.2179,1.2226,326387,95341.3,0,NaN,NaN,NaN,NaN,NaN,NaN,313583
1343916000,1.2226,1.2233,1.214,1.2187,123973,100813.65,0,NaN,NaN,NaN,NaN,NaN,NaN,319933
1343944800,1.2188,1.2196,1.2173,1.2195,10359,92203,0,NaN,NaN,NaN,NaN,NaN,NaN,319933
1343973600,1.2196,1.2335,1.2186,1.2329,186451,97450.2,0,NaN,NaN,NaN,NaN,NaN,NaN,319933
1344002400,1.2328,1.2399,1.2315,1.2389,95354,101453.15,0,NaN,NaN,NaN,NaN,NaN,NaN,316328
1344204000,1.2398,1.245,1.2382,1.2383,26684,91253.1,0,NaN,NaN,NaN,NaN,NaN,NaN,316328
1344232800,1.2384,1.2408,1.2347,1.2403,99425,91746.7,0,NaN,NaN,NaN,NaN,NaN,NaN,316328
1344261600,1.2403,1.2436,1.2385,1.2409,78414,94993.45,0,NaN,NaN,NaN,NaN,NaN,NaN,313792
1344290400,1.2402,1.2413,1.239,1.2394,11595,85485.9,0,NaN,NaN,NaN,NaN,NaN,NaN,313792
1344319200,1.2395,1.2448,1.2381,1.2436,106601,84589.55,0,NaN,NaN,NaN,NaN,NaN,NaN,313792
1344348000,1.2437,1.244,1.2399,1.2404,53230,86659.1,0,NaN,NaN,NaN,NaN,NaN,NaN,316517
1344376800,1.2403,1.2407,1.2383,1.2399,13579,81726.25,0,NaN,NaN,NaN,NaN,NaN,NaN,316517
1344405600,1.24,1.24,1.2331,1.2347,109437,84385.35,0,NaN,NaN,NaN,NaN,NaN,NaN,316517
1344434400,1.2346,1.2382,1.2344,1.2372,60794,86634.6,0,NaN,NaN,NaN,NaN,NaN,NaN,315972
1344463200,1.237,1.2392,1.2368,1.2376,11902,81024.05,0,NaN,NaN,NaN,NaN,NaN,NaN,315972
1344492000,1.2375,1.2389,1.229,1.2301,104180,82246.25,0,NaN,NaN,NaN,NaN,NaN,NaN,315972
1344520800,1.2301,1.2327,1.227,1.2311,71384,85156.05,0,NaN,NaN,NaN,NaN,NaN,NaN,317252
1344549600,1.2309,1.231,1.2288,1.229,14536,81201.05,0,NaN,NaN,NaN,NaN,NaN,NaN,317252
1344578400,1.229,1.2303,1.2245,1.2266,84036,80251.25,0,NaN,NaN,NaN,NaN,NaN,NaN,317252
1344607200,1.2266,1.2322,1.2264,1.2297,68547,82843.4,0,NaN,NaN,NaN,NaN,NaN,NaN,315913
1344808800,1.2292,1.2305,1.2265,1.2286,13078,67177.95,0,NaN,NaN,NaN,NaN,NaN,NaN,315913
1344837600,1.2286,1.2376,1.2276,1.2374,109143,66436.45,0,NaN,NaN,NaN,NaN,NaN,NaN,315913
1344866400,1.2375,1.2378,1.2329,1.2335,62763,69056.65,0,NaN,NaN,NaN,NaN,NaN,NaN,316770
1344895200,1.2335,1.2365,1.2329,1.2363,14343,60451.25,0,NaN,NaN,NaN,NaN,NaN,NaN,316770
1344924000,1.2364,1.239,1.2329,1.2342,111115,61239.3,0,NaN,NaN,NaN,NaN,NaN,NaN,316770
1344952800,1.2342,1.2354,1.232,1.2324,57149,62762.55,0,NaN,NaN,NaN,NaN,NaN,NaN,315385
1344981600,1.2322,1.2336,1.2321,1.2331,10127,58297.65,0,NaN,NaN,NaN,NaN,NaN,NaN,315385
1345010400,1.233,1.2348,1.2273,1.2287,99496,59351.75,0,NaN,NaN,NaN,NaN,NaN,NaN,315385
1345039200,1.2287,1.2298,1.2267,1.2292,46647,61104.35,0,NaN,NaN,NaN,NaN,NaN,NaN,318134
1345068000,1.2293,1.231,1.2278,1.2286,13383,56443.45,0,NaN,NaN,NaN,NaN,NaN,NaN,318134
1345096800,1.2286,1.2344,1.2258,1.2332,117363,59650.1,0,NaN,NaN,NaN,NaN,NaN,NaN,318134
1345125600,1.2332,1.2377,1.2324,1.2359,90014,63471.85,0,NaN,NaN,NaN,NaN,NaN,NaN,314898
1345154400,1.2359,1.2365,1.2342,1.2353,11842,58592.1,0,NaN,NaN,NaN,NaN,NaN,NaN,314898
1345183200,1.2353,1.2386,1.2321,1.2334,105187,60811.75,0,NaN,NaN,NaN,NaN,NaN,NaN,314898
1345212000,1.2333,1.235,1.2292,1.2334,79177,64175.5,0,NaN,NaN,NaN,NaN,NaN,NaN,314466
1345413600,1.2342,1.2345,1.2324,1.2337,10314,59482.2,0,NaN,NaN,NaN,NaN,NaN,NaN,314466
1345442400,1.2336,1.2372,1.2298,1.2318,114186,61622.3,0,NaN,NaN,NaN,NaN,NaN,NaN,314466
1345471200,1.2318,1.2355,1.2317,1.2347,58984,63844.7,0,NaN,NaN,NaN,NaN,NaN,NaN,313122
1345500000,1.2349,1.2366,1.2349,1.2362,8265,60056.15,0,NaN,NaN,NaN,NaN,NaN,NaN,313122
1345528800,1.2363,1.2478,1.236,1.2473,163636,64810.6,0,NaN,NaN,NaN,NaN,NaN,NaN,313122
1345557600,1.2474,1.2492,1.246,1.2478,86128,68463.1,0,NaN,NaN,NaN,NaN,NaN,NaN,314719
1345586400,1.2473,1.2482,1.2462,1.2464,16270,63819.45,0,NaN,NaN,NaN,NaN,NaN,NaN,314719
1345615200,1.2463,1.2487,1.2434,1.2481,124570,66909.8,0,NaN,NaN,NaN,NaN,NaN,NaN,314719
1345644000,1.2482,1.2543,1.2459,1.2531,117486,72066.95,0,NaN,NaN,NaN,NaN,NaN,NaN,305276
1345672800,1.2531,1.2556,1.2527,1.2536,21313,67576.85,0,NaN,NaN,NaN,NaN,NaN,NaN,305276
1345701600,1.2537,1.2576,1.2531,1.2546,116417,70540.25,0,NaN,NaN,NaN,NaN,NaN,NaN,305276
1345730400,1.2546,1.2593,1.2539,1.2564,87515,74409.65,0,NaN,NaN,NaN,NaN,NaN,NaN,306686
1345759200,1.2568,1.2574,1.2555,1.2566,11140,69991.85,0,NaN,NaN,NaN,NaN,NaN,NaN,306686
1345788000,1.2566,1.2567,1.2483,1.2505,136522,74485.6,0,NaN,NaN,NaN,NaN,NaN,NaN,306686
1345816800,1.2504,1.2565,1.2503,1.2517,74909,77561.9,0,NaN,NaN,NaN,NaN,NaN,NaN,305104
1346018400,1.2512,1.2526,1.2501,1.2506,13402,72363.85,0,NaN,NaN,NaN,NaN,NaN,NaN,305104
1346047200,1.2506,1.2539,1.2492,1.2516,66310,71178.65,0,NaN,NaN,NaN,NaN,NaN,NaN,305104
1346076000,1.2516,1.2527,1.2498,1.2502,34100,72291.55,0,NaN,NaN,NaN,NaN,NaN,NaN,302372
1346104800,1.25,1.2509,1.2467,1.2495,17851,67924.75,0,NaN,NaN,NaN,NaN,NaN,NaN,302372
1346133600,1.2494,1.2577,1.2479,1.2552,133201,70625.95,0,NaN,NaN,NaN,NaN,NaN,NaN,302372
1346162400,1.2553,1.258,1.2551,1.2569,55089,72864.7,0,NaN,NaN,NaN,NaN,NaN,NaN,304226
1346191200,1.2568,1.2574,1.2555,1.2561,11771,67743.95,0,NaN,NaN,NaN,NaN,NaN,NaN,304226
1346220000,1.256,1.2576,1.2527,1.253,107484,70168.95,0,NaN,NaN,NaN,NaN,NaN,NaN,304226
1346248800,1.253,1.2552,1.2521,1.2533,57930,72652.2,0,NaN,NaN,NaN,NaN,NaN,NaN,303819
1346277600,1.2533,1.2562,1.2526,1.2555,14319,65186.35,0,NaN,NaN,NaN,NaN,NaN,NaN,303819
1346306400,1.2556,1.2566,1.2537,1.2553,77494,64754.65,0,NaN,NaN,NaN,NaN,NaN,NaN,303819
1346335200,1.2554,1.2563,1.2488,1.2508,90542,68468.25,0,NaN,NaN,NaN,NaN,NaN,NaN,303476
1346364000,1.2509,1.2522,1.25,1.2504,12587,62869.1,0,NaN,NaN,NaN,NaN,NaN,NaN,303476
1346392800,1.2504,1.263,1.2496,1.26,149301,64459.85,0,NaN,NaN,NaN,NaN,NaN,NaN,303476
1346421600,1.26,1.264,1.256,1.2585,144587,70623.55,0,NaN,NaN,NaN,NaN,NaN,NaN,305030
1346623200,1.2581,1.2586,1.2561,1.2574,12656,65435.5,0,NaN,NaN,NaN,NaN,NaN,NaN,305030
1346652000,1.2574,1.2588,1.2564,1.2572,39802,63049.85,0,NaN,NaN,NaN,NaN,NaN,NaN,305030
1346680800,1.2572,1.2613,1.2571,1.26,14692,63227.45,0,NaN,NaN,NaN,NaN,NaN,NaN,305030
1346709600,1.2588,1.263,1.2583,1.2615,16917,57247.2,0,NaN,NaN,NaN,NaN,NaN,NaN,305030
1346738400,1.2614,1.2629,1.2559,1.2576,96852,58344.35,0,NaN,NaN,NaN,NaN,NaN,NaN,305030
1346767200,1.2576,1.2601,1.2556,1.2568,83248,61836.65,0,NaN,NaN,NaN,NaN,NaN,NaN,305143
1346796000,1.2568,1.257,1.2523,1.2538,18306,59436.45,0,NaN,NaN,NaN,NaN,NaN,NaN,305143
1346824800,1.2537,1.2614,1.2503,1.26,180759,66769.4,0,NaN,NaN,NaN,NaN,NaN,NaN,305143
1346853600,1.26,1.2626,1.2585,1.2602,92288,70491.25,0,NaN,NaN,NaN,NaN,NaN,NaN,307564
1346882400,1.2604,1.2621,1.2594,1.2613,15165,64589.45,0,NaN,NaN,NaN,NaN,NaN,NaN,307564
1346911200,1.2614,1.2654,1.2562,1.2579,201962,71933.1,0,NaN,NaN,NaN,NaN,NaN,NaN,307564
1346940000,1.258,1.2649,1.2578,1.2634,95156,76102.35,0,NaN,NaN,NaN,NaN,NaN,NaN,303985
1346968800,1.2634,1.2643,1.2627,1.2639,11771,71316.7,0,NaN,NaN,NaN,NaN,NaN,NaN,303985
1346997600,1.2638,1.2779,1.2634,1.2756,198434,78341.9,0,NaN,NaN,NaN,NaN,NaN,NaN,303985
1347026400,1.2756,1.282,1.2753,1.2818,102095,82730.7,0,NaN,NaN,NaN,NaN,NaN,NaN,299806
1347228000,1.2809,1.2811,1.2782,1.2787,13036,79507.8,0,NaN,NaN,NaN,NaN,NaN,NaN,299806
1347256800,1.2788,1.2805,1.2771,1.2782,93275,79644.45,0,NaN,NaN,NaN,NaN,NaN,NaN,299806
1347285600,1.2781,1.2805,1.2756,1.2759,64456,82237.9,0,NaN,NaN,NaN,NaN,NaN,NaN,284366
1347314400,1.276,1.2795,1.2758,1.2768,18922,75718.95,0,NaN,NaN,NaN,NaN,NaN,NaN,284366
1347343200,1.2768,1.2842,1.276,1.2838,140284,75503.8,0,NaN,NaN,NaN,NaN,NaN,NaN,284366
1347372000,1.2838,1.2872,1.2825,1.2857,78355,78788.75,0,NaN,NaN,NaN,NaN,NaN,NaN,259322
1347400800,1.2854,1.2884,1.2847,1.2867,15445,77570.9,0,NaN,NaN,NaN,NaN,NaN,NaN,259322
1347429600,1.2867,1.2938,1.2815,1.2895,238685,88770.55,0,NaN,NaN,NaN,NaN,NaN,NaN,259322
1347458400,1.2896,1.2908,1.2877,1.2901,68514,91350.4,0,NaN,NaN,NaN,NaN,NaN,NaN,215355
1347487200,1.2899,1.293,1.2897,1.2925,9970,87006.3,0,NaN,NaN,NaN,NaN,NaN,NaN,215355
1347516000,1.2925,1.2932,1.2884,1.29,82222,86955,0,NaN,NaN,NaN,NaN,NaN,NaN,215355
1347544800,1.29,1.3004,1.2855,1.2987,150630,93571.2,0,NaN,NaN,NaN,NaN,NaN,NaN,156028
1347573600,1.2995,1.3051,1.299,1.3047,14864,85276.45,0,NaN,NaN,NaN,NaN,NaN,NaN,156028
1347602400,1.3048,1.3162,1.3031,1.3157,152064,88265.25,0,NaN,NaN,NaN,NaN,NaN,NaN,156028
1347631200,1.3156,1.3179,1.3108,1.3141,109257,92969.85,0,NaN,NaN,NaN,NaN,NaN,NaN,234706
1347832800,1.3135,1.3152,1.3115,1.3141,17121,83727.8,0,NaN,NaN,NaN,NaN,NaN,NaN,234706
1347861600,1.3141,1.3183,1.3093,1.316,120751,85007.55,0,NaN,NaN,NaN,NaN,NaN,NaN,234706
1347890400,1.3159,1.3168,1.3102,1.3129,88516,88844.8,0,NaN,NaN,NaN,NaN,NaN,NaN,237422
1347919200,1.3124,1.313,1.3101,1.3104,14179,79632.05,0,NaN,NaN,NaN,NaN,NaN,NaN,237422
1347948000,1.3104,1.3126,1.3049,1.3072,132577,81156.15,0,NaN,NaN,NaN,NaN,NaN,NaN,237422
1347976800,1.3073,1.3084,1.3041,1.306,78021,84405.4,0,NaN,NaN,NaN,NaN,NaN,NaN,233534
1348005600,1.3056,1.3097,1.3045,1.3094,20459,80764.6,0,NaN,NaN,NaN,NaN,NaN,NaN,233534
1348034400,1.3093,1.3093,1.3004,1.3033,148338,84958.7,0,NaN,NaN,NaN,NaN,NaN,NaN,233534
1348063200,1.3034,1.3088,1.3032,1.306,90950,88560.1,0,NaN,NaN,NaN,NaN,NaN,NaN,224808
1348092000,1.3057,1.307,1.2993,1.2997,33052,83198.5,0,NaN,NaN,NaN,NaN,NaN,NaN,224808
1348120800,1.2998,1.3003,1.293,1.2939,157790,87170.25,0,NaN,NaN,NaN,NaN,NaN,NaN,224808
1348149600,1.2939,1.2986,1.2938,1.2979,85085,90652.25,0,NaN,NaN,NaN,NaN,NaN,NaN,219908
1348178400,1.2977,1.3012,1.2974,1.2999,19192,79677.6,0,NaN,NaN,NaN,NaN,NaN,NaN,219908
1348207200,1.3,1.3059,1.2966,1.303,170719,84787.85,0,NaN,NaN,NaN,NaN,NaN,NaN,219908
1348236000,1.303,1.3032,1.2986,1.2986,85158,88547.25,0,NaN,NaN,NaN,NaN,NaN,NaN,221755
1348437600,1.2988,1.2991,1.2938,1.2956,21508,85511.55,0,NaN,NaN,NaN,NaN,NaN,NaN,221755
1348466400,1.2957,1.2984,1.2902,1.2923,131877,84573.9,0,NaN,NaN,NaN,NaN,NaN,NaN,221755
1348495200,1.2924,1.2948,1.2908,1.2944,52942,86477.8,0,NaN,NaN,NaN,NaN,NaN,NaN,216409
1348524000,1.2944,1.2964,1.2907,1.2912,19180,79833.6,0,NaN,NaN,NaN,NaN,NaN,NaN,216409
1348552800,1.2911,1.2978,1.2898,1.2954,144508,81596.15,0,NaN,NaN,NaN,NaN,NaN,NaN,216409
1348581600,1.2955,1.2983,1.291,1.2912,90469,85263.55,0,NaN,NaN,NaN,NaN,NaN,NaN,217411
1348610400,1.2914,1.2924,1.2874,1.288,20971,80274.55,0,NaN,NaN,NaN,NaN,NaN,NaN,217411
1348639200,1.2879,1.2901,1.2849,1.2861,126826,82190.05,0,NaN,NaN,NaN,NaN,NaN,NaN,217411
1348668000,1.2861,1.2886,1.2846,1.2883,88806,85921.4,0,NaN,NaN,NaN,NaN,NaN,NaN,215178
1348696800,1.2884,1.2909,1.2877,1.2905,18761,80230.6,0,NaN,NaN,NaN,NaN,NaN,NaN,215178
1348725600,1.2905,1.2912,1.2855,1.2885,121527,82405.9,0,NaN,NaN,NaN,NaN,NaN,NaN,215178
1348754400,1.2885,1.294,1.2839,1.2923,139317,88348.8,0,NaN,NaN,NaN,NaN,NaN,NaN,216077
1348783200,1.2924,1.2953,1.2918,1.294,17477,81805.75,0,NaN,NaN,NaN,NaN,NaN,NaN,216077
1348812000,1.294,1.2971,1.2902,1.2905,138016,84159.05,0,NaN,NaN,NaN,NaN,NaN,NaN,216077
1348840800,1.2905,1.2911,1.2849,1.2869,147431,89878,0,NaN,NaN,NaN,NaN,NaN,NaN,213277
1349042400,1.2858,1.2861,1.2813,1.284,23962,83186.6,0,NaN,NaN,NaN,NaN,NaN,NaN,213277
1349071200,1.2839,1.2938,1.2837,1.2919,146414,86253.05,0,NaN,NaN,NaN,NaN,NaN,NaN,213277
1349100000,1.292,1.295,1.2888,1.29,109358,90761.35,0,NaN,NaN,NaN,NaN,NaN,NaN,218027
1349128800,1.2897,1.2929,1.2894,1.2923,15092,82980,0,NaN,NaN,NaN,NaN,NaN,NaN,218027
1349157600,1.2922,1.2959,1.289,1.2946,118745,84659.35,0,NaN,NaN,NaN,NaN,NaN,NaN,218027
1349186400,1.2946,1.2979,1.2923,1.2931,99174,88542.65,0,NaN,NaN,NaN,NaN,NaN,NaN,216251
1349215200,1.2929,1.293,1.2903,1.2909,16791,82788.35,0,NaN,NaN,NaN,NaN,NaN,NaN,216251
1349244000,1.2909,1.2947,1.2888,1.2908,129447,86613.6,0,NaN,NaN,NaN,NaN,NaN,NaN,216251
1349272800,1.2909,1.2934,1.2897,1.2916,76397,89474.45,0,NaN,NaN,NaN,NaN,NaN,NaN,215235
1349301600,1.2918,1.2941,1.2917,1.2932,16142,83056.15,0,NaN,NaN,NaN,NaN,NaN,NaN,215235
1349330400,1.2931,1.3006,1.2929,1.2984,161936,86629.5,0,NaN,NaN,NaN,NaN,NaN,NaN,215235
1349359200,1.2983,1.3041,1.2981,1.3025,126828,91922.35,0,NaN,NaN,NaN,NaN,NaN,NaN,220184
1349388000,1.3025,1.3031,1.3015,1.3015,12000,86181.05,0,NaN,NaN,NaN,NaN,NaN,NaN,220184
1349416800,1.3016,1.3072,1.3002,1.3066,148069,89144.2,0,NaN,NaN,NaN,NaN,NaN,NaN,220184
1349445600,1.3066,1.308,1.3023,1.3042,85908,92501.55,0,NaN,NaN,NaN,NaN,NaN,NaN,220864
1349647200,1.3033,1.3034,1.2987,1.2991,18996,87375,0,NaN,NaN,NaN,NaN,NaN,NaN,220864
1349676000,1.2992,1.3001,1.2945,1.2982,98864,85352.35,0,NaN,NaN,NaN,NaN,NaN,NaN,220864
1349704800,1.2983,1.2987,1.2968,1.2977,41832,86570.1,0,NaN,NaN,NaN,NaN,NaN,NaN,219777
1349733600,1.2978,1.3,1.2974,1.2996,14925,80415.55,0,NaN,NaN,NaN,NaN,NaN,NaN,219777
1349762400,1.2996,1.2999,1.291,1.2929,174351,81761.55,0,NaN,NaN,NaN,NaN,NaN,NaN,219777
1349791200,1.2928,1.2936,1.2864,1.2892,113045,86215.7,0,NaN,NaN,NaN,NaN,NaN,NaN,226207
1349820000,1.2892,1.2893,1.2844,1.2867,23949,80092.45,0,NaN,NaN,NaN,NaN,NaN,NaN,226207
1349848800,1.2867,1.2907,1.2854,1.2891,98591,79554.1,0,NaN,NaN,NaN,NaN,NaN,NaN,226207
1349877600,1.2891,1.2922,1.2881,1.2884,93021,83450.55,0,NaN,NaN,NaN,NaN,NaN,NaN,222554
1349906400,1.2866,1.2886,1.2833,1.2866,32255,79126.05,0,NaN,NaN,NaN,NaN,NaN,NaN,222554
1349935200,1.2866,1.2953,1.2852,1.2948,124679,80401.3,0,NaN,NaN,NaN,NaN,NaN,NaN,222554
1349964000,1.2948,1.296,1.2931,1.2936,63934,82758.45,0,NaN,NaN,NaN,NaN,NaN,NaN,221925
1349992800,1.2939,1.2954,1.293,1.294,15356,77053.9,0,NaN,NaN,NaN,NaN,NaN,NaN,221925
1350021600,1.294,1.3,1.2936,1.2988,115504,79009.25,0,NaN,NaN,NaN,NaN,NaN,NaN,221925
1350050400,1.2988,1.2993,1.2946,1.2955,68704,81637.35,0,NaN,NaN,NaN,NaN,NaN,NaN,221838
1350252000,1.2963,1.2965,1.2898,1.2924,27353,74908.2,0,NaN,NaN,NaN,NaN,NaN,NaN,221838
1350280800,1.2924,1.2987,1.2903,1.2953,97671,73450.35,0,NaN,NaN,NaN,NaN,NaN,NaN,221838
1350309600,1.2953,1.2965,1.2937,1.2958,67922,76246.45,0,NaN,NaN,NaN,NaN,NaN,NaN,223911
1350338400,1.2958,1.2985,1.295,1.2978,14103,69548.15,0,NaN,NaN,NaN,NaN,NaN,NaN,223911
1350367200,1.2978,1.3069,1.2976,1.3067,152565,72881,0,NaN,NaN,NaN,NaN,NaN,NaN,223911
1350396000,1.3066,1.3068,1.3023,1.306,94806,76671.5,0,NaN,NaN,NaN,NaN,NaN,NaN,218241
1350424800,1.3098,1.3132,1.309,1.3097,27668,73111.7,0,NaN,NaN,NaN,NaN,NaN,NaN,218241
1350453600,1.3097,1.3145,1.3092,1.3134,130570,77548.6,0,NaN,NaN,NaN,NaN,NaN,NaN,218241
1350482400,1.3133,1.3147,1.3121,1.3128,74335,80519.1,0,NaN,NaN,NaN,NaN,NaN,NaN,220083
1350511200,1.3121,1.3126,1.3095,1.3115,21358,72869.45,0,NaN,NaN,NaN,NaN,NaN,NaN,220083
1350540000,1.3115,1.3136,1.309,1.3112,115307,72982.55,0,NaN,NaN,NaN,NaN,NaN,NaN,220083
1350568800,1.311,1.3123,1.3062,1.3072,96118,76591,0,NaN,NaN,NaN,NaN,NaN,NaN,218271
1350597600,1.3075,1.3084,1.3065,1.3083,14370,72379.95,0,NaN,NaN,NaN,NaN,NaN,NaN,218271
1350626400,1.3083,1.3083,1.304,1.305,109380,73197.9,0,NaN,NaN,NaN,NaN,NaN,NaN,218271
1350655200,1.3051,1.3054,1.3019,1.3026,90541,76112.2,0,NaN,NaN,NaN,NaN,NaN,NaN,219208
1350856800,1.3034,1.3072,1.3022,1.3064,20625,70909.5,0,NaN,NaN,NaN,NaN,NaN,NaN,219208
1350885600,1.3064,1.3084,1.3031,1.3063,104135,72919.55,0,NaN,NaN,NaN,NaN,NaN,NaN,219208
1350914400,1.3063,1.309,1.3047,1.3068,78013,76052.4,0,NaN,NaN,NaN,NaN,NaN,NaN,218141
1350943200,1.3069,1.3082,1.3056,1.3058,12202,70887.3,0,NaN,NaN,NaN,NaN,NaN,NaN,218141
1350972000,1.3057,1.3058,1.2962,1.2975,152987,75101.45,0,NaN,NaN,NaN,NaN,NaN,NaN,218141
1351000800,1.2975,1.2994,1.2957,1.2993,78338,77650.7,0,NaN,NaN,NaN,NaN,NaN,NaN,215308
1351029600,1.2995,1.2999,1.2979,1.2986,13856,73459.95,0,NaN,NaN,NaN,NaN,NaN,NaN,215308
1351058400,1.2986,1.3003,1.2926,1.298,139259,77026.8,0,NaN,NaN,NaN,NaN,NaN,NaN,215308
1351087200,1.298,1.2985,1.2947,1.298,71912,79917.25,0,NaN,NaN,NaN,NaN,NaN,NaN,214525
1351116000,1.2976,1.3007,1.2967,1.3006,17438,73160.9,0,NaN,NaN,NaN,NaN,NaN,NaN,214525
1351144800,1.3006,1.3029,1.2971,1.2977,119223,74381.75,0,NaN,NaN,NaN,NaN,NaN,NaN,214525
1351173600,1.2977,1.2984,1.2932,1.2941,88932,77444.95,0,NaN,NaN,NaN,NaN,NaN,NaN,216116
1351202400,1.2945,1.2962,1.2934,1.2939,16559,71744.4,0,NaN,NaN,NaN,NaN,NaN,NaN,216116
1351231200,1.2939,1.2957,1.2887,1.2929,144141,75234.7,0,NaN,NaN,NaN,NaN,NaN,NaN,216116
1351260000,1.2929,1.2961,1.292,1.2949,93672,78850.4,0,NaN,NaN,NaN,NaN,NaN,NaN,220129
1351461600,1.295,1.295,1.2919,1.2932,13040,73737.05,0,NaN,NaN,NaN,NaN,NaN,NaN,220129
1351490400,1.2932,1.2935,1.2892,1.2908,72550,72558.65,0,NaN,NaN,NaN,NaN,NaN,NaN,220129
1351519200,1.2908,1.293,1.289,1.2909,35553,73617.8,0,NaN,NaN,NaN,NaN,NaN,NaN,219425
1351548000,1.291,1.2925,1.2893,1.2898,14313,68864.45,0,NaN,NaN,NaN,NaN,NaN,NaN,219425
1351576800,1.2898,1.2981,1.2892,1.2976,73184,67996.6,0,NaN,NaN,NaN,NaN,NaN,NaN,219425
1351605600,1.2977,1.299,1.2962,1.297,29992,68464.95,0,NaN,NaN,NaN,NaN,NaN,NaN,219893
1351634400,1.2966,1.2975,1.296,1.2965,12684,63892.4,0,NaN,NaN,NaN,NaN,NaN,NaN,219893
1351663200,1.2966,1.3027,1.2952,1.2995,110881,65535.8,0,NaN,NaN,NaN,NaN,NaN,NaN,219893
1351692000,1.2995,1.3,1.2961,1.2966,86899,69270.65,0,NaN,NaN,NaN,NaN,NaN,NaN,219534
1351720800,1.2961,1.2976,1.2957,1.2963,13649,62303.75,0,NaN,NaN,NaN,NaN,NaN,NaN,219534
1351749600,1.2963,1.2988,1.293,1.2979,89012,62837.45,0,NaN,NaN,NaN,NaN,NaN,NaN,219534
1351778400,1.298,1.2987,1.2934,1.295,84968,66393.05,0,NaN,NaN,NaN,NaN,NaN,NaN,217457
1351807200,1.2948,1.2956,1.29,1.2907,18604,60360.3,0,NaN,NaN,NaN,NaN,NaN,NaN,217457
1351836000,1.2906,1.2918,1.2846,1.2854,160852,64807.3,0,NaN,NaN,NaN,NaN,NaN,NaN,217457
1351864800,1.2854,1.2859,1.2826,1.284,91668,68518.8,0,NaN,NaN,NaN,NaN,NaN,NaN,222581
1352070000,1.2826,1.2846,1.282,1.2844,20269,63571.1,0,NaN,NaN,NaN,NaN,NaN,NaN,222581
1352098800,1.2844,1.2847,1.2772,1.2784,123979,65323.45,0,NaN,NaN,NaN,NaN,NaN,NaN,222581
1352127600,1.2784,1.2802,1.2777,1.2799,72786,68134.8,0,NaN,NaN,NaN,NaN,NaN,NaN,223251
1352156400,1.28,1.2808,1.2786,1.28,21255,61990.5,0,NaN,NaN,NaN,NaN,NaN,NaN,223251
1352185200,1.28,1.2824,1.2767,1.2815,144322,64523,0,NaN,NaN,NaN,NaN,NaN,NaN,223251
1352214000,1.2815,1.2832,1.2802,1.282,66355,67188.75,0,NaN,NaN,NaN,NaN,NaN,NaN,226030
1352242800,1.2817,1.288,1.2788,1.2867,58462,66484.35,0,NaN,NaN,NaN,NaN,NaN,NaN,226030
1352271600,1.2867,1.2881,1.2741,1.2765,196955,74554.45,0,NaN,NaN,NaN,NaN,NaN,NaN,226030
1352300400,1.2765,1.2779,1.2751,1.2777,102796,78978.6,0,NaN,NaN,NaN,NaN,NaN,NaN,228015
1352329200,1.2775,1.2777,1.2747,1.2768,24871,76562.95,0,NaN,NaN,NaN,NaN,NaN,NaN,228015
1352358000,1.2768,1.2781,1.2721,1.2754,162916,83209.15,0,NaN,NaN,NaN,NaN,NaN,NaN,228015
1352386800,1.2754,1.2757,1.2725,1.2749,106107,87880.3,0,NaN,NaN,NaN,NaN,NaN,NaN,231036
1352415600,1.275,1.2794,1.2737,1.2778,28184,83745.45,0,NaN,NaN,NaN,NaN,NaN,NaN,231036
1352444400,1.2779,1.2779,1.2693,1.2717,162138,87507.4,0,NaN,NaN,NaN,NaN,NaN,NaN,231036
1352473200,1.2717,1.2731,1.2705,1.2706,93906,91520.25,0,NaN,NaN,NaN,NaN,NaN,NaN,230790
1352674800,1.2719,1.2743,1.2716,1.273,18592,87999.25,0,NaN,NaN,NaN,NaN,NaN,NaN,230790
1352703600,1.273,1.274,1.2701,1.2724,95176,88509.65,0,NaN,NaN,NaN,NaN,NaN,NaN,230790
1352732400,1.2723,1.2727,1.2711,1.2712,32940,89226.45,0,NaN,NaN,NaN,NaN,NaN,NaN,229377
1352761200,1.2712,1.2713,1.2676,1.2692,31625,82765.1,0,NaN,NaN,NaN,NaN,NaN,NaN,229377
1352790000,1.2692,1.2733,1.2665,1.2701,189331,87648.25,0,NaN,NaN,NaN,NaN,NaN,NaN,229377
1352818800,1.2702,1.2726,1.2696,1.271,86337,90951.65,0,NaN,NaN,NaN,NaN,NaN,NaN,229148
1352847600,1.2707,1.2732,1.2706,1.2723,20771,85791.25,0,NaN,NaN,NaN,NaN,NaN,NaN,229148
1352876400,1.2723,1.2761,1.2709,1.2744,146750,89489.45,0,NaN,NaN,NaN,NaN,NaN,NaN,229148
1352905200,1.2745,1.2787,1.2728,1.2738,100203,93436.85,0,NaN,NaN,NaN,NaN,NaN,NaN,232951
1352934000,1.2738,1.2757,1.2721,1.274,28021,87621.8,0,NaN,NaN,NaN,NaN,NaN,NaN,232951
1352962800,1.2741,1.2787,1.2735,1.2783,118379,90223,0,NaN,NaN,NaN,NaN,NaN,NaN,232951
1352991600,1.2783,1.2807,1.2764,1.2785,95624,92081.1,0,NaN,NaN,NaN,NaN,NaN,NaN,227760
1353020400,1.2784,1.2788,1.276,1.2761,15180,82992.35,0,NaN,NaN,NaN,NaN,NaN,NaN,227760
1353049200,1.2762,1.2767,1.2727,1.2734,119313,83818.2,0,NaN,NaN,NaN,NaN,NaN,NaN,227760
1353078000,1.2733,1.275,1.2693,1.2746,118173,88483.3,0,NaN,NaN,NaN,NaN,NaN,NaN,235438
1353279600,1.2746,1.2777,1.2743,1.2769,21675,81421.25,0,NaN,NaN,NaN,NaN,NaN,NaN,235438
1353308400,1.2768,1.2793,1.2755,1.279,97912,81011.5,0,NaN,NaN,NaN,NaN,NaN,NaN,235438
1353337200,1.279,1.2824,1.2781,1.2815,94491,84326.85,0,NaN,NaN,NaN,NaN,NaN,NaN,230540
1353366000,1.2787,1.2814,1.2768,1.2789,25878,77513.85,0,NaN,NaN,NaN,NaN,NaN,NaN,230540
1353394800,1.2789,1.2832,1.2777,1.2806,141276,79882.35,0,NaN,NaN,NaN,NaN,NaN,NaN,230540
1353423600,1.2806,1.2824,1.2798,1.2821,71046,82505.05,0,NaN,NaN,NaN,NaN,NaN,NaN,229190
1353452400,1.2818,1.2825,1.2739,1.2759,45130,80002.75,0,NaN,NaN,NaN,NaN,NaN,NaN,229190
1353481200,1.276,1.2836,1.2744,1.2827,141072,85409.35,0,NaN,NaN,NaN,NaN,NaN,NaN,229190
1353510000,1.2827,1.2835,1.2817,1.2835,48498,86253,0,NaN,NaN,NaN,NaN,NaN,NaN,228682
1353538800,1.283,1.2871,1.283,1.2848,19169,77744.9,0,NaN,NaN,NaN,NaN,NaN,NaN,228682
1353567600,1.2848,1.2902,1.2839,1.2882,70583,76957.2,0,NaN,NaN,NaN,NaN,NaN,NaN,228682
1353596400,1.2881,1.2894,1.2862,1.2863,13900,76613.65,0,NaN,NaN,NaN,NaN,NaN,NaN,228682
1353625200,1.2876,1.29,1.287,1.2892,10897,69821,0,NaN,NaN,NaN,NaN,NaN,NaN,228682
1353654000,1.2893,1.2947,1.2877,1.2946,118496,70735.65,0,NaN,NaN,NaN,NaN,NaN,NaN,228682
1353682800,1.2946,1.2994,1.2944,1.2982,67145,72691.85,0,NaN,NaN,NaN,NaN,NaN,NaN,222305
1353884400,1.2974,1.2981,1.2946,1.2959,23155,67930.65,0,NaN,NaN,NaN,NaN,NaN,NaN,222305
1353913200,1.296,1.2987,1.2949,1.2967,97270,68012.95,0,NaN,NaN,NaN,NaN,NaN,NaN,222305
1353942000,1.2966,1.2978,1.296,1.2976,55520,70029.95,0,NaN,NaN,NaN,NaN,NaN,NaN,212140
1353970800,1.2993,1.3012,1.2972,1.2992,32705,65699.55,0,NaN,NaN,NaN,NaN,NaN,NaN,212140
1353999600,1.2992,1.3001,1.2932,1.2943,135693,66575.55,0,NaN,NaN,NaN,NaN,NaN,NaN,212140
1354028400,1.2943,1.2947,1.2917,1.2947,73403,69161.95,0,NaN,NaN,NaN,NaN,NaN,NaN,205943
1354057200,1.2941,1.2946,1.2914,1.2921,22205,65376.6,0,NaN,NaN,NaN,NaN,NaN,NaN,205943
1354086000,1.2921,1.294,1.2884,1.2895,103595,65831.8,0,NaN,NaN,NaN,NaN,NaN,NaN,205943
1354114800,1.2895,1.2957,1.2881,1.2956,105533,69814.55,0,NaN,NaN,NaN,NaN,NaN,NaN,206098
1354143600,1.2953,1.2962,1.2941,1.2945,17107,63606.1,0,NaN,NaN,NaN,NaN,NaN,NaN,206098
1354172400,1.2945,1.301,1.2941,1.3007,115626,65835.1,0,NaN,NaN,NaN,NaN,NaN,NaN,206098
1354201200,1.3007,1.3017,1.2947,1.2981,108469,69002.05,0,NaN,NaN,NaN,NaN,NaN,NaN,203972
1354230000,1.2979,1.3009,1.2971,1.2999,25266,63211.75,0,NaN,NaN,NaN,NaN,NaN,NaN,203972
1354258800,1.2998,1.3031,1.2969,1.2997,151670,68370.35,0,NaN,NaN,NaN,NaN,NaN,NaN,203972
1354287600,1.2997,1.3026,1.2983,1.2989,89032,71863.5,0,NaN,NaN,NaN,NaN,NaN,NaN,204389
1354489200,1.2995,1.3049,1.299,1.3031,24937,69581.2,0,NaN,NaN,NaN,NaN,NaN,NaN,204389
1354518000,1.3031,1.3077,1.3021,1.3046,153429,76557.65,0,NaN,NaN,NaN,NaN,NaN,NaN,204389
1354546800,1.3046,1.3078,1.3042,1.3052,86670,80346.3,0,NaN,NaN,NaN,NaN,NaN,NaN,202091
1354575600,1.3059,1.3069,1.3047,1.3068,18956,75369.3,0,NaN,NaN,NaN,NaN,NaN,NaN,202091
1354604400,1.3068,1.3109,1.3059,1.3089,148932,79458.65,0,NaN,NaN,NaN,NaN,NaN,NaN,202091
1354633200,1.3089,1.311,1.3074,1.31,79844,82293.1,0,NaN,NaN,NaN,NaN,NaN,NaN,205414
1354662000,1.3097,1.313,1.3093,1.3114,25939,78726.55,0,NaN,NaN,NaN,NaN,NaN,NaN,205414
1354690800,1.3115,1.3128,1.3061,1.3076,150196,83460.35,0,NaN,NaN,NaN,NaN,NaN,NaN,205414
1354719600,1.3077,1.3092,1.3064,1.3068,70835,85366.85,0,NaN,NaN,NaN,NaN,NaN,NaN,204021
1354748400,1.3072,1.3078,1.3047,1.3059,16368,79400.6,0,NaN,NaN,NaN,NaN,NaN,NaN,204021
1354777200,1.3059,1.3088,1.3002,1.3005,173765,84418.7,0,NaN,NaN,NaN,NaN,NaN,NaN,204021
1354806000,1.3005,1.3006,1.2951,1.2968,121338,89375.35,0,NaN,NaN,NaN,NaN,NaN,NaN,208967
1354834800,1.296,1.2974,1.2954,1.2961,13030,84847.1,0,NaN,NaN,NaN,NaN,NaN,NaN,208967
1354863600,1.296,1.2965,1.2877,1.2902,161987,87669.8,0,NaN,NaN,NaN,NaN,NaN,NaN,208967
1354892400,1.2901,1.2953,1.2899,1.2925,77667,90697.8,0,NaN,NaN,NaN,NaN,NaN,NaN,209795
1355094000,1.2897,1.2917,1.2891,1.2907,20143,85923.65,0,NaN,NaN,NaN,NaN,NaN,NaN,209795
1355122800,1.2907,1.2944,1.2886,1.2939,97837,85392.05,0,NaN,NaN,NaN,NaN,NaN,NaN,209795
1355151600,1.2939,1.2947,1.2923,1.2943,47601,86508.8,0,NaN,NaN,NaN,NaN,NaN,NaN,203392
1355180400,1.2943,1.2963,1.2929,1.2952,19132,79881.9,0,NaN,NaN,NaN,NaN,NaN,NaN,203392
1355209200,1.2951,1.3001,1.2939,1.3,107498,80805.2,0,NaN,NaN,NaN,NaN,NaN,NaN,203392
1355238000,1.3001,1.3016,1.2985,1.3007,63029,82709.8,0,NaN,NaN,NaN,NaN,NaN,NaN,180690
1355266800,1.3009,1.3015,1.2997,1.3007,11659,75621.3,0,NaN,NaN,NaN,NaN,NaN,NaN,180690
1355295600,1.3007,1.3054,1.2996,1.3034,89785,75777.05,0,NaN,NaN,NaN,NaN,NaN,NaN,180690
1355324400,1.3035,1.3099,1.3032,1.3072,96295,79644,0,NaN,NaN,NaN,NaN,NaN,NaN,139832
1355353200,1.3072,1.3098,1.3055,1.3097,18306,73112.7,0,NaN,NaN,NaN,NaN,NaN,NaN,139832
1355382000,1.3098,1.3101,1.3041,1.3074,100845,74162.75,0,NaN,NaN,NaN,NaN,NaN,NaN,139832
1355410800,1.3075,1.3101,1.306,1.308,55521,75641.85,0,NaN,NaN,NaN,NaN,NaN,NaN,99203
1355439600,1.3087,1.3127,1.3078,1.3122,20139,69139,0,NaN,NaN,NaN,NaN,NaN,NaN,99203
1355468400,1.3121,1.3132,1.3078,1.3099,87732,69983.85,0,NaN,NaN,NaN,NaN,NaN,NaN,99203
1355497200,1.3099,1.3186,1.3095,1.3178,101104,74220.65,0,NaN,NaN,NaN,NaN,NaN,NaN,178142
1355698800,1.3186,1.3205,1.3161,1.3161,17310,66397.9,0,NaN,NaN,NaN,NaN,NaN,NaN,178142
1355727600,1.3161,1.3185,1.3156,1.3185,83020,64482,0,NaN,NaN,NaN,NaN,NaN,NaN,178142
1355756400,1.3185,1.3191,1.3168,1.3176,49386,66299.8,0,NaN,NaN,NaN,NaN,NaN,NaN,184432
1355785200,1.3174,1.319,1.3171,1.3182,12535,58827.2,0,NaN,NaN,NaN,NaN,NaN,NaN,184432
1355814000,1.3182,1.3202,1.3168,1.319,79410,58914.35,0,NaN,NaN,NaN,NaN,NaN,NaN,184432
1355842800,1.319,1.3252,1.3189,1.3242,86937,62254.05,0,NaN,NaN,NaN,NaN,NaN,NaN,192760
1355871600,1.3235,1.3268,1.3235,1.3256,18562,58290.3,0,NaN,NaN,NaN,NaN,NaN,NaN,192760
1355900400,1.3256,1.3321,1.324,1.3297,117217,61771.1,0,NaN,NaN,NaN,NaN,NaN,NaN,192760
1355929200,1.3296,1.3298,1.3238,1.324,81039,64866.45,0,NaN,NaN,NaN,NaN,NaN,NaN,197385
1355958000,1.3218,1.3241,1.3212,1.323,20523,60517.7,0,NaN,NaN,NaN,NaN,NaN,NaN,197385
1355986800,1.323,1.3308,1.3222,1.3285,107468,62739.65,0,NaN,NaN,NaN,NaN,NaN,NaN,197385
1356015600,1.3288,1.3291,1.3227,1.3256,73124,65812.9,0,NaN,NaN,NaN,NaN,NaN,NaN,201591
1356044400,1.3261,1.3261,1.3192,1.3214,34960,63071.65,0,NaN,NaN,NaN,NaN,NaN,NaN,201591
1356073200,1.3215,1.3244,1.3178,1.3182,103896,63451.7,0,NaN,NaN,NaN,NaN,NaN,NaN,201591
1356102000,1.3183,1.3207,1.317,1.3202,60981,65585.45,0,NaN,NaN,NaN,NaN,NaN,NaN,200040
1356303600,1.3192,1.3202,1.3183,1.32,7508,60918.6,0,NaN,NaN,NaN,NaN,NaN,NaN,200040
1356332400,1.32,1.3247,1.3199,1.3228,33421,59813.6,0,NaN,NaN,NaN,NaN,NaN,NaN,200040
1356361200,1.3228,1.323,1.3186,1.3201,17747,59694,0,NaN,NaN,NaN,NaN,NaN,NaN,201502
1356505200,1.322,1.3263,1.3199,1.3262,22660,56440.4,0,NaN,NaN,NaN,NaN,NaN,NaN,201502
1356534000,1.3262,1.3267,1.3228,1.3238,28668,52818.6,0,NaN,NaN,NaN,NaN,NaN,NaN,204594
1356562800,1.3235,1.3258,1.3231,1.3251,10544,52480.3,0,NaN,NaN,NaN,NaN,NaN,NaN,204594
1356591600,1.3251,1.3295,1.325,1.328,61106,51384.6,0,NaN,NaN,NaN,NaN,NaN,NaN,204594
1356620400,1.3278,1.3286,1.3213,1.3247,78541,52842.35,0,NaN,NaN,NaN,NaN,NaN,NaN,204849
1356649200,1.3245,1.3263,1.3242,1.3258,11353,52783.25,0,NaN,NaN,NaN,NaN,NaN,NaN,204849
1356678000,1.3257,1.3266,1.3175,1.3238,78708,52748.15,0,NaN,NaN,NaN,NaN,NaN,NaN,204849
1356706800,1.3237,1.3244,1.3218,1.3229,40994,50451,0,NaN,NaN,NaN,NaN,NaN,NaN,204867
1356908400,1.3227,1.3245,1.3197,1.32,12663,50156.05,0,NaN,NaN,NaN,NaN,NaN,NaN,204867
1356937200,1.3201,1.3238,1.3181,1.3226,49016,46746,0,NaN,NaN,NaN,NaN,NaN,NaN,204867
1356966000,1.3226,1.3231,1.3182,1.3205,40115,44699.8,0,NaN,NaN,NaN,NaN,NaN,NaN,206499
1357110000,1.3257,1.3289,1.3242,1.3264,69471,47147.2,0,NaN,NaN,NaN,NaN,NaN,NaN,206499
1357138800,1.3264,1.3269,1.3162,1.3194,98796,46713.6,0,NaN,NaN,NaN,NaN,NaN,NaN,204014
1357167600,1.3195,1.3198,1.3131,1.3153,22253,44170.05,0,NaN,NaN,NaN,NaN,NaN,NaN,204014
1357196400,1.3153,1.3178,1.309,1.3108,128338,48838.95,0,NaN,NaN,NaN,NaN,NaN,NaN,204014
1357225200,1.3108,1.3129,1.3055,1.3055,91789,48233.6,0,NaN,NaN,NaN,NaN,NaN,NaN,196963
1357254000,1.305,1.3062,1.3027,1.3047,20780,46223.55,0,NaN,NaN,NaN,NaN,NaN,NaN,196963
1357282800,1.3046,1.3072,1.3005,1.307,160489,53872.6,0,NaN,NaN,NaN,NaN,NaN,NaN,196963
1357311600,1.3071,1.31,1.304,1.3079,74945,55948.8,0,NaN,NaN,NaN,NaN,NaN,NaN,195876
1357513200,1.3085,1.3087,1.3037,1.3047,25712,56347.05,0,NaN,NaN,NaN,NaN,NaN,NaN,195876
1357542000,1.3047,1.3074,1.3025,1.3064,121121,61270.1,0,NaN,NaN,NaN,NaN,NaN,NaN,195876
1357570800,1.3064,1.3128,1.3061,1.3126,81650,63919.2,0,NaN,NaN,NaN,NaN,NaN,NaN,192381
1357599600,1.3136,1.3148,1.3111,1.3124,27025,64743.25,0,NaN,NaN,NaN,NaN,NaN,NaN,192381
1357628400,1.3124,1.314,1.3076,1.3093,133050,68340.45,0,NaN,NaN,NaN,NaN,NaN,NaN,192381
1357657200,1.3093,1.3095,1.3064,1.3088,66863,67756.55,0,NaN,NaN,NaN,NaN,NaN,NaN,192999
1357686000,1.3091,1.3102,1.3075,1.3093,19301,68153.95,0,NaN,NaN,NaN,NaN,NaN,NaN,192999
1357714800,1.3092,1.3104,1.3044,1.3055,114045,69920.8,0,NaN,NaN,NaN,NaN,NaN,NaN,192999
1357743600,1.3055,1.3088,1.3048,1.3072,86465,72194.35,0,NaN,NaN,NaN,NaN,NaN,NaN,194628
1357772400,1.3066,1.3069,1.3046,1.3066,18862,72504.3,0,NaN,NaN,NaN,NaN,NaN,NaN,194628
1357801200,1.3065,1.3212,1.3062,1.3195,196169,79861.95,0,NaN,NaN,NaN,NaN,NaN,NaN,194628
1357830000,1.3196,1.328,1.3189,1.3278,123322,84022.3,0,NaN,NaN,NaN,NaN,NaN,NaN,199697
1357858800,1.3276,1.3284,1.3255,1.3258,24001,81748.8,0,NaN,NaN,NaN,NaN,NaN,NaN,199697
1357887600,1.3259,1.3373,1.3255,1.3347,179132,85765.6,0,NaN,NaN,NaN,NaN,NaN,NaN,199697
1357916400,1.3347,1.3369,1.3328,1.3346,100825,89694.2,0,NaN,NaN,NaN,NaN,NaN,NaN,203346
1358118000,1.3375,1.3413,1.336,1.3388,30648,84809.7,0,NaN,NaN,NaN,NaN,NaN,NaN,203346
1358146800,1.3387,1.3396,1.3342,1.3359,119048,86172.65,0,NaN,NaN,NaN,NaN,NaN,NaN,203346
1358175600,1.3359,1.3401,1.3347,1.3389,74310,88849.15,0,NaN,NaN,NaN,NaN,NaN,NaN,208339
1358204400,1.3382,1.3401,1.3348,1.3355,29067,82278.05,0,NaN,NaN,NaN,NaN,NaN,NaN,208339
1358233200,1.3354,1.3395,1.3317,1.334,156566,86359.1,0,NaN,NaN,NaN,NaN,NaN,NaN,208339
1358262000,1.334,1.3364,1.327,1.331,117912,90969.1,0,NaN,NaN,NaN,NaN,NaN,NaN,209568
1358290800,1.3306,1.3325,1.3277,1.3302,30906,86458.35,0,NaN,NaN,NaN,NaN,NaN,NaN,209568
1358319600,1.3302,1.3332,1.3262,1.3283,158026,90277.15,0,NaN,NaN,NaN,NaN,NaN,NaN,209568
1358348400,1.3282,1.3318,1.3279,1.3296,73132,92582.5,0,NaN,NaN,NaN,NaN,NaN,NaN,208772
1358377200,1.3297,1.3321,1.3276,1.3308,27910,87325.5,0,NaN,NaN,NaN,NaN,NaN,NaN,208772
1358406000,1.3308,1.3384,1.3285,1.3351,163287,92146.7,0,NaN,NaN,NaN,NaN,NaN,NaN,208772
1358434800,1.3351,1.3394,1.3347,1.3378,94107,95887,0,NaN,NaN,NaN,NaN,NaN,NaN,215604
1358463600,1.3381,1.3398,1.3367,1.339,27265,91548,0,NaN,NaN,NaN,NaN,NaN,NaN,215604
1358492400,1.339,1.3404,1.3301,1.3327,185871,96518.3,0,NaN,NaN,NaN,NaN,NaN,NaN,215604
1358521200,1.3327,1.3338,1.3286,1.332,81431,99646.75,0,NaN,NaN,NaN,NaN,NaN,NaN,210248
1358722800,1.3317,1.3336,1.3307,1.3323,15910,90633.8,0,NaN,NaN,NaN,NaN,NaN,NaN,210248
1358751600,1.3324,1.3338,1.3305,1.3316,61050,87520.2,0,NaN,NaN,NaN,NaN,NaN,NaN,210248
1358780400,1.3315,1.3326,1.3313,1.3319,12482,86944.25,0,NaN,NaN,NaN,NaN,NaN,NaN,210248
1358809200,1.3325,1.3371,1.3305,1.3366,36101,79792.7,0,NaN,NaN,NaN,NaN,NaN,NaN,210248
1358838000,1.3366,1.3377,1.3272,1.3318,188269,84164.9,0,NaN,NaN,NaN,NaN,NaN,NaN,210248
1358866800,1.3318,1.3333,1.3283,1.3329,82892,86777.1,0,NaN,NaN,NaN,NaN,NaN,NaN,214161
1358895600,1.3326,1.3335,1.3302,1.3306,17147,81682.05,0,NaN,NaN,NaN,NaN,NaN,NaN,214161
1358924400,1.3306,1.336,1.329,1.3341,113968,83664.95,0,NaN,NaN,NaN,NaN,NaN,NaN,214161
1358953200,1.3341,1.335,1.3269,1.3323,102479,87335.55,0,NaN,NaN,NaN,NaN,NaN,NaN,216667
1358982000,1.3317,1.3349,1.3302,1.3348,25089,80761.7,0,NaN,NaN,NaN,NaN,NaN,NaN,216667
1359010800,1.3349,1.3369,1.3291,1.3348,162138,82973,0,NaN,NaN,NaN,NaN,NaN,NaN,216667
1359039600,1.3348,1.3398,1.3347,1.3383,98421,86348.75,0,NaN,NaN,NaN,NaN,NaN,NaN,224202
1359068400,1.3383,1.3389,1.3354,1.3385,20247,79459.8,0,NaN,NaN,NaN,NaN,NaN,NaN,224202
1359097200,1.3386,1.348,1.3383,1.3477,228244,87215.4,0,NaN,NaN,NaN,NaN,NaN,NaN,224202
1359126000,1.3478,1.3485,1.3454,1.3464,74354,89537.6,0,NaN,NaN,NaN,NaN,NaN,NaN,228152
1359327600,1.3468,1.3475,1.3447,1.345,19198,82333.15,0,NaN,NaN,NaN,NaN,NaN,NaN,228152
1359356400,1.3451,1.3482,1.3429,1.3472,122903,83772.95,0,NaN,NaN,NaN,NaN,NaN,NaN,228152
1359385200,1.3471,1.3475,1.3436,1.346,70939,85956.65,0,NaN,NaN,NaN,NaN,NaN,NaN,232069
1359414000,1.3451,1.3465,1.3441,1.3447,17541,77540.15,0,NaN,NaN,NaN,NaN,NaN,NaN,232069
1359442800,1.3446,1.3497,1.3418,1.3488,159083,81422.75,0,NaN,NaN,NaN,NaN,NaN,NaN,232069
1359471600,1.3488,1.3503,1.3466,1.3496,96680,85461.25,0,NaN,NaN,NaN,NaN,NaN,NaN,235558
1359500400,1.3493,1.35,1.3486,1.3495,12306,83024.05,0,NaN,NaN,NaN,NaN,NaN,NaN,235558
1359529200,1.3495,1.3567,1.3493,1.3554,175083,91154.1,0,NaN,NaN,NaN,NaN,NaN,NaN,235558
1359558000,1.3554,1.3592,1.3553,1.3572,99197,94308.9,0,NaN,NaN,NaN,NaN,NaN,NaN,238388
1359586800,1.3571,1.3588,1.3555,1.3561,19147,85852.8,0,NaN,NaN,NaN,NaN,NaN,NaN,238388
1359615600,1.3561,1.3581,1.3545,1.3577,115485,87482.45,0,NaN,NaN,NaN,NaN,NaN,NaN,238388
1359644400,1.3577,1.3598,1.3571,1.3579,104977,91873.95,0,NaN,NaN,NaN,NaN,NaN,NaN,240629
1359673200,1.3589,1.3637,1.3587,1.3623,36715,88011.3,0,NaN,NaN,NaN,NaN,NaN,NaN,240629
1359702000,1.3623,1.3679,1.3589,1.3601,215399,93657.3,0,NaN,NaN,NaN,NaN,NaN,NaN,240629
1359730800,1.36,1.3715,1.3592,1.3647,149403,99873,0,NaN,NaN,NaN,NaN,NaN,NaN,241944
1359932400,1.3654,1.3658,1.3622,1.3632,18831,92707.65,0,NaN,NaN,NaN,NaN,NaN,NaN,241944
1359961200,1.3633,1.364,1.3552,1.3579,153315,95452.35,0,NaN,NaN,NaN,NaN,NaN,NaN,241944
1359990000,1.3579,1.3585,1.3509,1.3519,103046,99592.3,0,NaN,NaN,NaN,NaN,NaN,NaN,241883
1360018800,1.3504,1.352,1.3465,1.347,29917,89675.95,0,NaN,NaN,NaN,NaN,NaN,NaN,241883
1360047600,1.3469,1.3573,1.3462,1.3535,195202,95718.35,0,NaN,NaN,NaN,NaN,NaN,NaN,241883
1360076400,1.3535,1.3602,1.3528,1.3589,136043,101560.6,0,NaN,NaN,NaN,NaN,NaN,NaN,248553
1360105200,1.3587,1.36,1.3564,1.3569,23001,96565.5,0,NaN,NaN,NaN,NaN,NaN,NaN,248553
1360134000,1.3569,1.3576,1.3497,1.3529,175196,101778.35,0,NaN,NaN,NaN,NaN,NaN,NaN,248553
1360162800,1.3529,1.3547,1.3513,1.3528,76254,104714,0,NaN,NaN,NaN,NaN,NaN,NaN,244737
1360191600,1.3523,1.3542,1.3507,1.3539,18082,97663.95,0,NaN,NaN,NaN,NaN,NaN,NaN,244737
1360220400,1.354,1.3581,1.3422,1.3434,279840,106821.95,0,NaN,NaN,NaN,NaN,NaN,NaN,244737
1360249200,1.3434,1.3436,1.3374,1.34,150424,113727.85,0,NaN,NaN,NaN,NaN,NaN,NaN,239945
1360278000,1.3399,1.342,1.3385,1.3407,22220,106084.7,0,NaN,NaN,NaN,NaN,NaN,NaN,239945
1360306800,1.3406,1.3433,1.3363,1.3388,173960,109822.85,0,NaN,NaN,NaN,NaN,NaN,NaN,239945
1360335600,1.3388,1.3398,1.3356,1.3374,68397,112285.35,0,NaN,NaN,NaN,NaN,NaN,NaN,238613
1360537200,1.3374,1.3394,1.3367,1.3388,10341,107028.15,0,NaN,NaN,NaN,NaN,NaN,NaN,238613
1360566000,1.3388,1.3417,1.336,1.3369,105759,107067.25,0,NaN,NaN,NaN,NaN,NaN,NaN,238613
1360594800,1.3369,1.3431,1.3365,1.341,99354,110199.2,0,NaN,NaN,NaN,NaN,NaN,NaN,234286
1360623600,1.3404,1.3415,1.3381,1.3391,16243,100241.4,0,NaN,NaN,NaN,NaN,NaN,NaN,234286
1360652400,1.3392,1.347,1.3367,1.3422,158549,100698.7,0,NaN,NaN,NaN,NaN,NaN,NaN,234286
1360681200,1.3422,1.348,1.342,1.3457,74587,103486.5,0,NaN,NaN,NaN,NaN,NaN,NaN,236771
1360710000,1.3453,1.3459,1.3441,1.3447,12350,96438.25,0,NaN,NaN,NaN,NaN,NaN,NaN,236771
1360738800,1.3447,1.3523,1.3443,1.3482,158710,99221.45,0,NaN,NaN,NaN,NaN,NaN,NaN,236771
1360767600,1.3483,1.3485,1.3429,1.3456,73856,101418.4,0,NaN,NaN,NaN,NaN,NaN,NaN,235450
1360796400,1.3452,1.3459,1.3415,1.3418,17803,92548.45,0,NaN,NaN,NaN,NaN,NaN,NaN,235450
1360825200,1.3418,1.3428,1.3317,1.3345,163056,93899.1,0,NaN,NaN,NaN,NaN,NaN,NaN,235450
1360854000,1.3345,1.3366,1.3322,1.3362,77253,96611.7,0,NaN,NaN,NaN,NaN,NaN,NaN,233529
1360882800,1.3362,1.3396,1.335,1.3381,33787,89541.25,0,NaN,NaN,NaN,NaN,NaN,NaN,233529
1360911600,1.338,1.3384,1.3308,1.3349,141427,92799.9,0,NaN,NaN,NaN,NaN,NaN,NaN,233529
1360940400,1.335,1.3379,1.3348,1.3368,61122,94951.9,0,NaN,NaN,NaN,NaN,NaN,NaN,231676
1361142000,1.3349,1.336,1.3328,1.3351,17416,81830.7,0,NaN,NaN,NaN,NaN,NaN,NaN,231676
1361170800,1.3351,1.3382,1.3324,1.3345,72413,77930.15,0,NaN,NaN,NaN,NaN,NaN,NaN,231676
1361199600,1.3345,1.3362,1.3342,1.3357,10284,77333.35,0,NaN,NaN,NaN,NaN,NaN,NaN,231676
1361228400,1.3357,1.3368,1.3341,1.3359,16502,69460.45,0,NaN,NaN,NaN,NaN,NaN,NaN,231676
1361257200,1.3359,1.3377,1.333,1.3368,114943,71787.75,0,NaN,NaN,NaN,NaN,NaN,NaN,231676
1361286000,1.3368,1.3399,1.3358,1.339,67855,74663.45,0,NaN,NaN,NaN,NaN,NaN,NaN,230398
1361314800,1.3389,1.3437,1.3387,1.3424,34327,71091.85,0,NaN,NaN,NaN,NaN,NaN,NaN,230398
1361343600,1.3424,1.3434,1.3364,1.3375,128841,72566.2,0,NaN,NaN,NaN,NaN,NaN,NaN,230398
1361372400,1.3374,1.339,1.3273,1.3278,148405,79174.3,0,NaN,NaN,NaN,NaN,NaN,NaN,229980
1361401200,1.3288,1.3292,1.3238,1.3266,37465,73120.1,0,NaN,NaN,NaN,NaN,NaN,NaN,229980
1361430000,1.3266,1.3278,1.3168,1.3198,197910,79286.25,0,NaN,NaN,NaN,NaN,NaN,NaN,229980
1361458800,1.3197,1.3234,1.3163,1.3192,123484,84842.95,0,NaN,NaN,NaN,NaN,NaN,NaN,229373
1361487600,1.3193,1.3222,1.3185,1.3212,27097,78262.3,0,NaN,NaN,NaN,NaN,NaN,NaN,229373
1361516400,1.3211,1.3247,1.3152,1.316,176090,83374,0,NaN,NaN,NaN,NaN,NaN,NaN,229373
1361545200,1.3159,1.322,1.3147,1.3194,77787,86373.2,0,NaN,NaN,NaN,NaN,NaN,NaN,223738
1361746800,1.3195,1.3222,1.3183,1.3218,24856,79463.2,0,NaN,NaN,NaN,NaN,NaN,NaN,223738
1361775600,1.3218,1.3321,1.3208,1.3288,154351,83318.1,0,NaN,NaN,NaN,NaN,NaN,NaN,223738
1361804400,1.3288,1.3289,1.305,1.3062,272505,95254,0,NaN,NaN,NaN,NaN,NaN,NaN,225088
1361833200,1.3063,1.3091,1.304,1.3055,54442,90904.75,0,NaN,NaN,NaN,NaN,NaN,NaN,225088
1361862000,1.3055,1.3121,1.302,1.3109,227025,99199.9,0,NaN,NaN,NaN,NaN,NaN,NaN,225088
1361890800,1.311,1.3126,1.3038,1.3067,164270,106542.6,0,NaN,NaN,NaN,NaN,NaN,NaN,224235
1361919600,1.3067,1.3083,1.3042,1.3072,31273,104485.6,0,NaN,NaN,NaN,NaN,NaN,NaN,224235
1361948400,1.3072,1.3125,1.3067,1.3097,180742,113008.5,0,NaN,NaN,NaN,NaN,NaN,NaN,224235
1361977200,1.3096,1.3149,1.3085,1.3138,127490,118557.9,0,NaN,NaN,NaN,NaN,NaN,NaN,215619
1362006000,1.3136,1.3164,1.3135,1.314,26685,114145,0,NaN,NaN,NaN,NaN,NaN,NaN,215619
1362034800,1.3141,1.3154,1.3096,1.3104,132857,117395.1,0,NaN,NaN,NaN,NaN,NaN,NaN,215619
1362063600,1.3104,1.3108,1.3055,1.3058,118160,121586.75,0,NaN,NaN,NaN,NaN,NaN,NaN,213871
1362092400,1.3068,1.3086,1.3058,1.3067,17096,115999.5,0,NaN,NaN,NaN,NaN,NaN,NaN,213871
1362121200,1.3068,1.3103,1.2983,1.299,182410,117699.75,0,NaN,NaN,NaN,NaN,NaN,NaN,213871
1362150000,1.299,1.3045,1.2967,1.3023,119620,121807.5,0,NaN,NaN,NaN,NaN,NaN,NaN,210376
1362351600,1.3016,1.3033,1.2998,1.2998,25597,113191.85,0,NaN,NaN,NaN,NaN,NaN,NaN,210376
1362380400,1.2997,1.3021,1.2983,1.3009,103878,112211.55,0,NaN,NaN,NaN,NaN,NaN,NaN,210376
1362409200,1.3009,1.3031,1.2986,1.303,77605,114736.95,0,NaN,NaN,NaN,NaN,NaN,NaN,208176
1362438000,1.3028,1.3048,1.3022,1.3036,21508,107007.85,0,NaN,NaN,NaN,NaN,NaN,NaN,208176
1362466800,1.3035,1.3076,1.3017,1.3045,115501,108893.55,0,NaN,NaN,NaN,NaN,NaN,NaN,208176
1362495600,1.3046,1.3053,1.3011,1.3051,73372,111319.35,0,NaN,NaN,NaN,NaN,NaN,NaN,208187
1362524400,1.3045,1.3072,1.3043,1.3058,15777,104390.65,0,NaN,NaN,NaN,NaN,NaN,NaN,208187
1362553200,1.3059,1.307,1.3008,1.3011,104250,95977.9,0,NaN,NaN,NaN,NaN,NaN,NaN,208187
1362582000,1.3011,1.3011,1.2965,1.2967,87678,97639.7,0,NaN,NaN,NaN,NaN,NaN,NaN,201021
1362610800,1.2975,1.2998,1.2974,1.2993,17481,87162.5,0,NaN,NaN,NaN,NaN,NaN,NaN,201021
1362639600,1.2992,1.3117,1.2985,1.31,276118,92754.9,0,NaN,NaN,NaN,NaN,NaN,NaN,201021
1362668400,1.31,1.3119,1.3081,1.3105,81931,95287.8,0,NaN,NaN,NaN,NaN,NaN,NaN,188111
1362697200,1.3105,1.3117,1.3082,1.3085,20107,87256.05,0,NaN,NaN,NaN,NaN,NaN,NaN,188111
1362726000,1.3085,1.3135,1.2955,1.2977,200891,90926.1,0,NaN,NaN,NaN,NaN,NaN,NaN,188111
1362754800,1.2977,1.3018,1.2957,1.2999,116646,95424.15,0,NaN,NaN,NaN,NaN,NaN,NaN,187324
1362952800,1.2996,1.301,1.298,1.2999,15009,89531.75,0,NaN,NaN,NaN,NaN,NaN,NaN,187324
1362981600,1.2999,1.3026,1.2989,1.2989,73850,87316.25,0,NaN,NaN,NaN,NaN,NaN,NaN,187324
1363010400,1.2988,1.3055,1.2988,1.3047,63129,89617.9,0,NaN,NaN,NaN,NaN,NaN,NaN,157362
1363039200,1.3046,1.3047,1.3023,1.3026,12282,81111.5,0,NaN,NaN,NaN,NaN,NaN,NaN,157362
1363068000,1.3026,1.3076,1.2991,1.3069,113997,80830.35,0,NaN,NaN,NaN,NaN,NaN,NaN,157362
1363096800,1.3069,1.3072,1.3014,1.3035,91414,84121.2,0,NaN,NaN,NaN,NaN,NaN,NaN,139768
1363125600,1.303,1.3044,1.3023,1.304,11742,79514.4,0,NaN,NaN,NaN,NaN,NaN,NaN,139768
1363154400,1.304,1.3066,1.2929,1.2941,163573,83812.8,0,NaN,NaN,NaN,NaN,NaN,NaN,139768
1363183200,1.294,1.2972,1.2924,1.2959,90702,87272.5,0,NaN,NaN,NaN,NaN,NaN,NaN,112324
1363212000,1.296,1.2983,1.2943,1.2951,17005,82347.7,0,NaN,NaN,NaN,NaN,NaN,NaN,112324
1363240800,1.2951,1.2978,1.2911,1.2949,102696,83813.9,0,NaN,NaN,NaN,NaN,NaN,NaN,112324
1363269600,1.2949,1.3033,1.294,1.3005,105421,88296.1,0,NaN,NaN,NaN,NaN,NaN,NaN,68492
1363298400,1.301,1.3036,1.3007,1.3025,11856,83676.4,0,NaN,NaN,NaN,NaN,NaN,NaN,68492
1363327200,1.3025,1.3115,1.3018,1.3072,122658,85425.4,0,NaN,NaN,NaN,NaN,NaN,NaN,68492
1363356000,1.3071,1.3095,1.3053,1.3084,85583,88830.5,0,NaN,NaN,NaN,NaN,NaN,NaN,174379
1363557600,1.2935,1.2935,1.2892,1.2902,50567,77552.95,0,NaN,NaN,NaN,NaN,NaN,NaN,174379
1363586400,1.2902,1.2985,1.29,1.2944,157108,81311.8,0,NaN,NaN,NaN,NaN,NaN,NaN,174379
1363615200,1.2944,1.3005,1.2933,1.2962,134329,87022.9,0,NaN,NaN,NaN,NaN,NaN,NaN,187867
1363644000,1.2968,1.2978,1.2945,1.2953,20893,78023,0,NaN,NaN,NaN,NaN,NaN,NaN,187867
1363672800,1.2954,1.297,1.2924,1.296,131132,78747.3,0,NaN,NaN,NaN,NaN,NaN,NaN,187867
1363701600,1.296,1.2966,1.2852,1.2891,254146,90704.15,0,NaN,NaN,NaN,NaN,NaN,NaN,194440
1363730400,1.2877,1.2889,1.2866,1.2888,14305,87726.9,0,NaN,NaN,NaN,NaN,NaN,NaN,194440
1363759200,1.2889,1.298,1.2883,1.2954,177528,93446.85,0,NaN,NaN,NaN,NaN,NaN,NaN,194440
1363788000,1.2954,1.2988,1.294,1.2941,125032,99084.35,0,NaN,NaN,NaN,NaN,NaN,NaN,194544
1363816800,1.2951,1.2964,1.2937,1.2953,13188,94043.9,0,NaN,NaN,NaN,NaN,NaN,NaN,194544
1363845600,1.2953,1.2959,1.2887,1.2917,157774,97361.9,0,NaN,NaN,NaN,NaN,NaN,NaN,194544
1363874400,1.2915,1.2951,1.2891,1.2904,141360,103842.8,0,NaN,NaN,NaN,NaN,NaN,NaN,195940
1363903200,1.2903,1.2934,1.2897,1.29,17393,96533.8,0,NaN,NaN,NaN,NaN,NaN,NaN,195940
1363932000,1.2901,1.2975,1.2897,1.2958,125084,98252.9,0,NaN,NaN,NaN,NaN,NaN,NaN,195940
1363960800,1.2957,1.3019,1.2955,1.2998,149168,104861.05,0,NaN,NaN,NaN,NaN,NaN,NaN,192138
1364162400,1.2975,1.3094,1.297,1.3046,42831,101867.8,0,NaN,NaN,NaN,NaN,NaN,NaN,192138
1364191200,1.3046,1.3056,1.2923,1.2948,143599,103776.7,0,NaN,NaN,NaN,NaN,NaN,NaN,192138
1364220000,1.2947,1.2949,1.2837,1.2863,210612,113714.5,0,NaN,NaN,NaN,NaN,NaN,NaN,201311
1364248800,1.2858,1.2886,1.2857,1.2879,18751,108519.15,0,NaN,NaN,NaN,NaN,NaN,NaN,201311
1364277600,1.2879,1.2893,1.2847,1.2872,122115,110345.75,0,NaN,NaN,NaN,NaN,NaN,NaN,201311
1364306400,1.2872,1.2899,1.2836,1.287,123445,113989.65,0,NaN,NaN,NaN,NaN,NaN,NaN,203497
1364335200,1.2866,1.2874,1.2845,1.2854,12623,106765.4,0,NaN,NaN,NaN,NaN,NaN,NaN,203497
1364364000,1.2854,1.2863,1.2763,1.2775,168094,108453.65,0,NaN,NaN,NaN,NaN,NaN,NaN,203497
1364392800,1.2775,1.2798,1.2758,1.2787,103979,112607.95,0,NaN,NaN,NaN,NaN,NaN,NaN,218960
1364421600,1.2786,1.2802,1.2781,1.2799,18617,106982.2,0,NaN,NaN,NaN,NaN,NaN,NaN,218960
1364450400,1.2799,1.2841,1.2762,1.2837,140209,101285.35,0,NaN,NaN,NaN,NaN,NaN,NaN,218960
1364479200,1.2837,1.2852,1.2817,1.2823,107577,105948.95,0,NaN,NaN,NaN,NaN,NaN,NaN,223438
1364767200,1.2819,1.282,1.2778,1.2799,15145,97829.8,0,NaN,NaN,NaN,NaN,NaN,NaN,223438
1364796000,1.2799,1.2834,1.2796,1.2825,28120,92984.2,0,NaN,NaN,NaN,NaN,NaN,NaN,223438
1364824800,1.2825,1.2875,1.2825,1.2856,51670,94908.3,0,NaN,NaN,NaN,NaN,NaN,NaN,223825
1364853600,1.2852,1.2885,1.2849,1.2862,19253,87982.25,0,NaN,NaN,NaN,NaN,NaN,NaN,223825
1364882400,1.2862,1.288,1.2818,1.2832,127514,87289.95,0,NaN,NaN,NaN,NaN,NaN,NaN,223825
1364911200,1.2832,1.2853,1.2816,1.2826,68410,89840.8,0,NaN,NaN,NaN,NaN,NaN,NaN,234926
1364940000,1.2828,1.2833,1.2802,1.2811,15536,84363.4,0,NaN,NaN,NaN,NaN,NaN,NaN,234926
1364968800,1.2811,1.2861,1.2797,1.2858,113312,82570.6,0,NaN,NaN,NaN,NaN,NaN,NaN,234926
1364997600,1.2858,1.2871,1.2842,1.2856,83929,84625.5,0,NaN,NaN,NaN,NaN,NaN,NaN,234836
1365026400,1.2851,1.286,1.2833,1.2839,18052,78348.15,0,NaN,NaN,NaN,NaN,NaN,NaN,234836
1365055200,1.2838,1.2889,1.2751,1.2851,269413,81288.2,0,NaN,NaN,NaN,NaN,NaN,NaN,234836
1365084000,1.285,1.2956,1.285,1.2943,149767,87839,0,NaN,NaN,NaN,NaN,NaN,NaN,231051
1365112800,1.2941,1.2944,1.2922,1.2925,20903,82778.4,0,NaN,NaN,NaN,NaN,NaN,NaN,231051
1365141600,1.2925,1.3037,1.2907,1.3006,171974,85204.85,0,NaN,NaN,NaN,NaN,NaN,NaN,231051
1365170400,1.3006,1.3047,1.3,1.3002,98303,89488.85,0,NaN,NaN,NaN,NaN,NaN,NaN,217262
1365372000,1.2999,1.3013,1.2984,1.2989,20150,82091.65,0,NaN,NaN,NaN,NaN,NaN,NaN,217262
1365400800,1.2988,1.3044,1.2975,1.3029,97667,81776.05,0,NaN,NaN,NaN,NaN,NaN,NaN,217262
1365429600,1.303,1.3032,1.2997,1.3019,62145,83952.45,0,NaN,NaN,NaN,NaN,NaN,NaN,216892
1365458400,1.3022,1.3075,1.3016,1.3039,29789,78431.45,0,NaN,NaN,NaN,NaN,NaN,NaN,216892
1365487200,1.3039,1.308,1.301,1.3054,104932,78299.2,0,NaN,NaN,NaN,NaN,NaN,NaN,216892
1365516000,1.3053,1.311,1.3034,1.3086,102476,82665.75,0,NaN,NaN,NaN,NaN,NaN,NaN,218930
1365544800,1.3086,1.3097,1.3079,1.3083,14485,81984,0,NaN,NaN,NaN,NaN,NaN,NaN,218930
1365573600,1.3083,1.3128,1.307,1.3083,123965,85598.75,0,NaN,NaN,NaN,NaN,NaN,NaN,218930
1365602400,1.3082,1.3094,1.3058,1.3077,72309,88251.55,0,NaN,NaN,NaN,NaN,NaN,NaN,218959
1365631200,1.3074,1.3076,1.305,1.3076,18134,82782.55,0,NaN,NaN,NaN,NaN,NaN,NaN,218959
1365660000,1.3076,1.3145,1.3069,1.31,127425,85733.3,0,NaN,NaN,NaN,NaN,NaN,NaN,218959
1365688800,1.3099,1.3143,1.3099,1.3107,82059,89059.45,0,NaN,NaN,NaN,NaN,NaN,NaN,212323
1365717600,1.311,1.3132,1.3109,1.3118,13462,84066.95,0,NaN,NaN,NaN,NaN,NaN,NaN,212323
1365746400,1.3118,1.3118,1.3042,1.3086,143706,87055.8,0,NaN,NaN,NaN,NaN,NaN,NaN,212323
1365775200,1.3087,1.3132,1.3082,1.3114,82675,90286.95,0,NaN,NaN,NaN,NaN,NaN,NaN,214401
1365976800,1.3113,1.3115,1.307,1.3079,28348,78233.7,0,NaN,NaN,NaN,NaN,NaN,NaN,214401
1366005600,1.3078,1.3113,1.3058,1.3092,112169,76353.8,0,NaN,NaN,NaN,NaN,NaN,NaN,214401
1366034400,1.3092,1.3098,1.3027,1.304,103617,80489.5,0,NaN,NaN,NaN,NaN,NaN,NaN,217058
1366063200,1.3049,1.3087,1.3036,1.3081,28389,73310.25,0,NaN,NaN,NaN,NaN,NaN,NaN,217058
1366092000,1.308,1.3154,1.3031,1.3132,178065,77298.35,0,NaN,NaN,NaN,NaN,NaN,NaN,217058
1366120800,1.3132,1.3208,1.3126,1.3183,100926,81337.15,0,NaN,NaN,NaN,NaN,NaN,NaN,213637
1366149600,1.3181,1.3193,1.3175,1.3182,17291,77318.35,0,NaN,NaN,NaN,NaN,NaN,NaN,213637
1366178400,1.3182,1.3205,1.3113,1.3117,156454,82033.8,0,NaN,NaN,NaN,NaN,NaN,NaN,213637
1366207200,1.3117,1.312,1.3006,1.3035,174329,89260.8,0,NaN,NaN,NaN,NaN,NaN,NaN,213931
1366236000,1.3041,1.3066,1.3027,1.3055,24550,85241.7,0,NaN,NaN,NaN,NaN,NaN,NaN,213931
1366264800,1.3054,1.3082,1.3036,1.3059,115272,85881.5,0,NaN,NaN,NaN,NaN,NaN,NaN,213931
1366293600,1.306,1.3101,1.303,1.3054,112086,90761.55,0,NaN,NaN,NaN,NaN,NaN,NaN,210308
1366322400,1.3062,1.308,1.3054,1.3071,15304,85328.5,0,NaN,NaN,NaN,NaN,NaN,NaN,210308
1366351200,1.3072,1.3135,1.3063,1.3117,134954,88460.75,0,NaN,NaN,NaN,NaN,NaN,NaN,210308
1366380000,1.3118,1.3124,1.3051,1.3056,67730,90940.55,0,NaN,NaN,NaN,NaN,NaN,NaN,211068
1366581600,1.3073,1.3089,1.3058,1.3076,14672,85302.9,0,NaN,NaN,NaN,NaN,NaN,NaN,211068
1366610400,1.3076,1.3081,1.3019,1.3035,102334,86316.65,0,NaN,NaN,NaN,NaN,NaN,NaN,211068
1366639200,1.3035,1.3074,1.3026,1.3073,66778,88982.45,0,NaN,NaN,NaN,NaN,NaN,NaN,213764
1366668000,1.3068,1.3071,1.3037,1.3051,19182,82756.25,0,NaN,NaN,NaN,NaN,NaN,NaN,213764
1366696800,1.3051,1.309,1.2977,1.3024,168036,87024.3,0,NaN,NaN,NaN,NaN,NaN,NaN,213764
1366725600,1.3026,1.3033,1.2992,1.3009,86137,89913.75,0,NaN,NaN,NaN,NaN,NaN,NaN,217865
1366754400,1.3007,1.3016,1.2993,1.3009,16615,85136.05,0,NaN,NaN,NaN,NaN,NaN,NaN,217865
1366783200,1.3008,1.3039,1.2959,1.2996,140063,86958.35,0,NaN,NaN,NaN,NaN,NaN,NaN,217865
1366812000,1.2996,1.3034,1.2978,1.302,84082,89743,0,NaN,NaN,NaN,NaN,NaN,NaN,216197
1366840800,1.3018,1.3066,1.3015,1.3048,21174,81898.45,0,NaN,NaN,NaN,NaN,NaN,NaN,216197
1366869600,1.3048,1.3098,1.3015,1.3019,148902,84297.25,0,NaN,NaN,NaN,NaN,NaN,NaN,216197
1366898400,1.3019,1.3026,1.2993,1.3017,100622,88463.8,0,NaN,NaN,NaN,NaN,NaN,NaN,217820
1366927200,1.3015,1.3052,1.3003,1.3024,26511,81966.65,0,NaN,NaN,NaN,NaN,NaN,NaN,217820
1366956000,1.3024,1.3049,1.2994,1.3015,120247,79262.55,0,NaN,NaN,NaN,NaN,NaN,NaN,217820
1366984800,1.3015,1.3041,1.3006,1.3028,61961,81133.1,0,NaN,NaN,NaN,NaN,NaN,NaN,216799
1367186400,1.3061,1.3065,1.3036,1.305,13940,76066.5,0,NaN,NaN,NaN,NaN,NaN,NaN,216799
1367215200,1.305,1.3121,1.305,1.309,117985,76361.45,0,NaN,NaN,NaN,NaN,NaN,NaN,216799
1367244000,1.309,1.3118,1.3086,1.3101,73919,79292.2,0,NaN,NaN,NaN,NaN,NaN,NaN,220433
1367272800,1.3096,1.3125,1.3089,1.3115,15224,73305.7,0,NaN,NaN,NaN,NaN,NaN,NaN,220433
1367301600,1.3115,1.3154,1.3057,1.3148,129332,76385.8,0,NaN,NaN,NaN,NaN,NaN,NaN,220433
1367330400,1.3147,1.3191,1.3139,1.3171,134472,82375.8,0,NaN,NaN,NaN,NaN,NaN,NaN,220220
1367359200,1.3171,1.3183,1.3165,1.3174,10779,77798.05,0,NaN,NaN,NaN,NaN,NaN,NaN,220220
1367388000,1.3174,1.3248,1.3169,1.3215,90225,78970.4,0,NaN,NaN,NaN,NaN,NaN,NaN,220220
1367416800,1.3214,1.3229,1.3171,1.3185,90320,82527.3,0,NaN,NaN,NaN,NaN,NaN,NaN,219324
1367445600,1.3187,1.3194,1.317,1.3179,16097,74930.35,0,NaN,NaN,NaN,NaN,NaN,NaN,219324
1367474400,1.3178,1.3222,1.3064,1.3083,302379,85742.45,0,NaN,NaN,NaN,NaN,NaN,NaN,219324
1367503200,1.3082,1.3096,1.304,1.3068,111176,90470.5,0,NaN,NaN,NaN,NaN,NaN,NaN,215972
1367532000,1.3068,1.3081,1.3065,1.3076,9449,83939.8,0,NaN,NaN,NaN,NaN,NaN,NaN,215972
1367560800,1.3076,1.3157,1.3035,1.3116,201869,89829.15,0,NaN,NaN,NaN,NaN,NaN,NaN,215972
1367589600,1.3115,1.3164,1.3105,1.312,83396,92940.25,0,NaN,NaN,NaN,NaN,NaN,NaN,208821
1367791200,1.3121,1.3145,1.3114,1.3123,10973,86043.8,0,NaN,NaN,NaN,NaN,NaN,NaN,208821
1367820000,1.3123,1.3127,1.3096,1.3103,53611,83693.25,0,NaN,NaN,NaN,NaN,NaN,NaN,208821
1367848800,1.3103,1.3115,1.3056,1.3081,67496,85742.5,0,NaN,NaN,NaN,NaN,NaN,NaN,213062
1367877600,1.3078,1.3097,1.3071,1.3092,15468,80503.55,0,NaN,NaN,NaN,NaN,NaN,NaN,213062
1367906400,1.3092,1.3135,1.3071,1.3114,102511,82531.05,0,NaN,NaN,NaN,NaN,NaN,NaN,213062
1367935200,1.3114,1.312,1.3076,1.3083,64517,85059.9,0,NaN,NaN,NaN,NaN,NaN,NaN,211749
1367964000,1.3083,1.3101,1.3075,1.3096,12735,79797.4,0,NaN,NaN,NaN,NaN,NaN,NaN,211749
1367992800,1.3096,1.3181,1.309,1.3174,142016,83202.25,0,NaN,NaN,NaN,NaN,NaN,NaN,211749
1368021600,1.3175,1.3198,1.3154,1.3154,76687,86275.4,0,NaN,NaN,NaN,NaN,NaN,NaN,216904
1368050400,1.316,1.3172,1.3156,1.3157,12579,80437.75,0,NaN,NaN,NaN,NaN,NaN,NaN,216904
1368079200,1.3158,1.3181,1.3098,1.31,114887,79458.5,0,NaN,NaN,NaN,NaN,NaN,NaN,216904
1368108000,1.3098,1.3118,1.3012,1.3042,150021,86420.6,0,NaN,NaN,NaN,NaN,NaN,NaN,218467
1368136800,1.3047,1.3054,1.3024,1.3046,20311,82924.9,0,NaN,NaN,NaN,NaN,NaN,NaN,218467
1368165600,1.3045,1.3052,1.298,1.3002,152050,86011.4,0,NaN,NaN,NaN,NaN,NaN,NaN,218467
1368194400,1.3001,1.3002,1.2938,1.2997,122997,91356.4,0,NaN,NaN,NaN,NaN,NaN,NaN,227202
1368396000,1.2979,1.2991,1.2962,1.2987,19759,77225.4,0,NaN,NaN,NaN,NaN,NaN,NaN,227202
1368424800,1.2986,1.2999,1.2944,1.299,122514,77792.3,0,NaN,NaN,NaN,NaN,NaN,NaN,227202
1368453600,1.2991,1.3003,1.2967,1.2979,65241,80581.9,0,NaN,NaN,NaN,NaN,NaN,NaN,224509
1368482400,1.2983,1.3029,1.2979,1.3009,25854,71781.15,0,NaN,NaN,NaN,NaN,NaN,NaN,224509
1368511200,1.301,1.3032,1.2949,1.2976,153677,75295.2,0,NaN,NaN,NaN,NaN,NaN,NaN,224509
1368540000,1.2977,1.2997,1.2911,1.2922,102971,79895.1,0,NaN,NaN,NaN,NaN,NaN,NaN,229569
1368568800,1.2932,1.2945,1.2923,1.2926,18997,78164.4,0,NaN,NaN,NaN,NaN,NaN,NaN,229569
1368597600,1.2924,1.2926,1.2845,1.2872,176132,83596.2,0,NaN,NaN,NaN,NaN,NaN,NaN,229569
1368626400,1.2872,1.2892,1.2849,1.2883,85580,87101.8,0,NaN,NaN,NaN,NaN,NaN,NaN,241262
1368655200,1.2884,1.2891,1.2866,1.2868,18116,82882.05,0,NaN,NaN,NaN,NaN,NaN,NaN,241262
1368684000,1.2867,1.2923,1.2848,1.2904,128461,86079.25,0,NaN,NaN,NaN,NaN,NaN,NaN,241262
1368712800,1.2903,1.2932,1.2871,1.2886,113245,91104.75,0,NaN,NaN,NaN,NaN,NaN,NaN,244262
1368741600,1.2888,1.2892,1.2857,1.2862,19180,84962.95,0,NaN,NaN,NaN,NaN,NaN,NaN,244262
1368770400,1.2863,1.2892,1.2798,1.2827,147120,88484.6,0,NaN,NaN,NaN,NaN,NaN,NaN,244262
1368799200,1.2824,1.2844,1.2805,1.2844,91083,92409.8,0,NaN,NaN,NaN,NaN,NaN,NaN,260067
1369000800,1.2848,1.2854,1.2822,1.2843,20196,87675.25,0,NaN,NaN,NaN,NaN,NaN,NaN,260067
1369029600,1.2843,1.2881,1.2838,1.285,86196,84484,0,NaN,NaN,NaN,NaN,NaN,NaN,260067
1369058400,1.285,1.2903,1.2847,1.2887,82017,87569.3,0,NaN,NaN,NaN,NaN,NaN,NaN,261690
1369087200,1.2887,1.2906,1.2864,1.2892,21432,81038.4,0,NaN,NaN,NaN,NaN,NaN,NaN,261690
1369116000,1.2892,1.2904,1.2843,1.2862,101821,79979.6,0,NaN,NaN,NaN,NaN,NaN,NaN,261690
1369144800,1.2862,1.2936,1.2846,1.2907,133107,85647,0,NaN,NaN,NaN,NaN,NaN,NaN,261415
1369173600,1.2909,1.2941,1.2906,1.2911,22658,80654.2,0,NaN,NaN,NaN,NaN,NaN,NaN,261415
1369202400,1.2912,1.2961,1.2905,1.2949,115042,83144.25,0,NaN,NaN,NaN,NaN,NaN,NaN,261415
1369231200,1.2949,1.3,1.2835,1.2861,254522,94577.65,0,NaN,NaN,NaN,NaN,NaN,NaN,263265
1369260000,1.2853,1.2858,1.2825,1.284,35204,88654,0,NaN,NaN,NaN,NaN,NaN,NaN,263265
1369288800,1.284,1.2923,1.2823,1.2905,180616,92536.25,0,NaN,NaN,NaN,NaN,NaN,NaN,263265
1369317600,1.2906,1.2959,1.2898,1.2934,107398,96956.3,0,NaN,NaN,NaN,NaN,NaN,NaN,259574
1369346400,1.2934,1.2939,1.2906,1.2933,29326,89616,0,NaN,NaN,NaN,NaN,NaN,NaN,259574
1369375200,1.2934,1.2995,1.2914,1.2955,141170,92395.5,0,NaN,NaN,NaN,NaN,NaN,NaN,259574
1369404000,1.2955,1.296,1.2912,1.2933,67297,94854.55,0,NaN,NaN,NaN,NaN,NaN,NaN,255362
1369605600,1.2938,1.2947,1.2917,1.2933,17947,89328.85,0,NaN,NaN,NaN,NaN,NaN,NaN,255362
1369634400,1.2933,1.295,1.2929,1.2942,24032,84868.2,0,NaN,NaN,NaN,NaN,NaN,NaN,255362
1369663200,1.2943,1.2944,1.292,1.2929,5189,84168.65,0,NaN,NaN,NaN,NaN,NaN,NaN,255362
1369692000,1.2934,1.2936,1.2885,1.2926,28849,78255.1,0,NaN,NaN,NaN,NaN,NaN,NaN,255362
1369720800,1.2926,1.2952,1.2894,1.2909,100943,78748.1,0,NaN,NaN,NaN,NaN,NaN,NaN,255362
1369749600,1.2908,1.2914,1.2851,1.2857,128040,84140.3,0,NaN,NaN,NaN,NaN,NaN,NaN,259509
1369778400,1.2856,1.2866,1.2839,1.285,20976,80879.3,0,NaN,NaN,NaN,NaN,NaN,NaN,259509
1369807200,1.2849,1.298,1.2847,1.2951,180353,85796.1,0,NaN,NaN,NaN,NaN,NaN,NaN,259509
1369836000,1.295,1.2972,1.292,1.294,101169,89782.95,0,NaN,NaN,NaN,NaN,NaN,NaN,256169
1369864800,1.2939,1.2987,1.2935,1.2975,27284,86056.1,0,NaN,NaN,NaN,NaN,NaN,NaN,256169
1369893600,1.2975,1.3051,1.2943,1.3033,173857,88093.6,0,NaN,NaN,NaN,NaN,NaN,NaN,256169
1369922400,1.3034,1.3063,1.3029,1.3051,95279,91724.65,0,NaN,NaN,NaN,NaN,NaN,NaN,251771
1369951200,1.3047,1.306,1.3032,1.3035,18607,86902.9,0,NaN,NaN,NaN,NaN,NaN,NaN,251771
1369980000,1.3034,1.3048,1.2966,1.2975,147561,81554.85,0,NaN,NaN,NaN,NaN,NaN,NaN,251771
1370008800,1.2975,1.3005,1.2945,1.2998,111385,85363.9,0,NaN,NaN,NaN,NaN,NaN,NaN,238075
1370210400,1.2991,1.3018,1.2985,1.3014,15547,77110.45,0,NaN,NaN,NaN,NaN,NaN,NaN,238075
1370239200,1.3014,1.3044,1.2956,1.2964,101392,76810.15,0,NaN,NaN,NaN,NaN,NaN,NaN,238075
1370268000,1.2964,1.3109,1.2964,1.3079,164492,83568.45,0,NaN,NaN,NaN,NaN,NaN,NaN,233276
1370296800,1.3073,1.3082,1.3058,1.3067,15596,77289.75,0,NaN,NaN,NaN,NaN,NaN,NaN,233276
1370325600,1.3067,1.3103,1.3053,1.3067,121885,80019.15,0,NaN,NaN,NaN,NaN,NaN,NaN,233276
1370354400,1.3067,1.309,1.3043,1.308,73544,82799,0,NaN,NaN,NaN,NaN,NaN,NaN,223380
1370383200,1.3084,1.3098,1.3066,1.3088,19597,82577.25,0,NaN,NaN,NaN,NaN,NaN,NaN,223380
1370412000,1.3088,1.3118,1.3054,1.3076,139739,89304.75,0,NaN,NaN,NaN,NaN,NaN,NaN,223380
1370440800,1.3074,1.3103,1.3062,1.3092,84822,92103.4,0,NaN,NaN,NaN,NaN,NaN,NaN,219863
1370469600,1.3092,1.3109,1.3075,1.3101,19974,88054.95,0,NaN,NaN,NaN,NaN,NaN,NaN,219863
1370498400,1.3102,1.317,1.3091,1.3166,190975,91201.7,0,NaN,NaN,NaN,NaN,NaN,NaN,219863
1370527200,1.3167,1.3307,1.3163,1.3248,232096,101757.7,0,NaN,NaN,NaN,NaN,NaN,NaN,222466
1370556000,1.3241,1.327,1.3236,1.3252,34040,94442.05,0,NaN,NaN,NaN,NaN,NaN,NaN,222466
1370584800,1.3252,1.3286,1.3191,1.3204,172461,98006.65,0,NaN,NaN,NaN,NaN,NaN,NaN,222466
1370613600,1.3203,1.3244,1.3195,1.322,87107,100997.8,0,NaN,NaN,NaN,NaN,NaN,NaN,210786
1370815200,1.3202,1.3229,1.3192,1.3196,19197,93264.8,0,NaN,NaN,NaN,NaN,NaN,NaN,210786
1370844000,1.3196,1.3231,1.3178,1.3193,107970,93899.35,0,NaN,NaN,NaN,NaN,NaN,NaN,210786
1370872800,1.3193,1.327,1.3192,1.3259,96110,97774.5,0,NaN,NaN,NaN,NaN,NaN,NaN,197874
1370901600,1.3257,1.3292,1.3248,1.3263,22507,91521.8,0,NaN,NaN,NaN,NaN,NaN,NaN,197874
1370930400,1.3264,1.3301,1.3232,1.327,139537,92929.4,0,NaN,NaN,NaN,NaN,NaN,NaN,197874
1370959200,1.327,1.3318,1.3256,1.3316,124472,98375.65,0,NaN,NaN,NaN,NaN,NaN,NaN,183150
1370988000,1.3313,1.3318,1.3293,1.3296,13195,93965.8,0,NaN,NaN,NaN,NaN,NaN,NaN,183150
1371016800,1.3296,1.3336,1.3265,1.3314,101442,90813.3,0,NaN,NaN,NaN,NaN,NaN,NaN,183150
1371045600,1.3315,1.3361,1.3313,1.3341,94625,94764.75,0,NaN,NaN,NaN,NaN,NaN,NaN,138148
1371074400,1.3338,1.337,1.3334,1.336,18020,89571.5,0,NaN,NaN,NaN,NaN,NaN,NaN,138148
1371103200,1.336,1.3391,1.3287,1.3307,96708,90729.7,0,NaN,NaN,NaN,NaN,NaN,NaN,138148
1371132000,1.3306,1.3382,1.3278,1.3382,85494,94024.55,0,NaN,NaN,NaN,NaN,NaN,NaN,100004
1371160800,1.3378,1.338,1.3349,1.3359,15972,87836.2,0,NaN,NaN,NaN,NaN,NaN,NaN,100004
1371189600,1.336,1.3361,1.3301,1.3331,90900,88140.1,0,NaN,NaN,NaN,NaN,NaN,NaN,100004
1371218400,1.3331,1.3357,1.3319,1.3352,86728,91477.8,0,NaN,NaN,NaN,NaN,NaN,NaN,193319
1371420000,1.3357,1.3364,1.3325,1.3335,13299,82594,0,NaN,NaN,NaN,NaN,NaN,NaN,193319
1371448800,1.3335,1.3365,1.3325,1.3359,76111,74794.75,0,NaN,NaN,NaN,NaN,NaN,NaN,193319
1371477600,1.3358,1.3389,1.3334,1.3371,73759,76780.7,0,NaN,NaN,NaN,NaN,NaN,NaN,200459
1371506400,1.337,1.3373,1.3353,1.3355,12499,68782.6,0,NaN,NaN,NaN,NaN,NaN,NaN,200459
1371535200,1.3356,1.3408,1.3332,1.3391,159810,72417.75,0,NaN,NaN,NaN,NaN,NaN,NaN,200459
1371564000,1.3391,1.3423,1.3385,1.34,68232,74869.5,0,NaN,NaN,NaN,NaN,NaN,NaN,212489
1371592800,1.34,1.3408,1.3391,1.3398,11389,70040.45,0,NaN,NaN,NaN,NaN,NaN,NaN,212489
1371621600,1.3397,1.3417,1.3391,1.3397,64227,68446.3,0,NaN,NaN,NaN,NaN,NaN,NaN,212489
1371650400,1.3396,1.3424,1.3268,1.3301,146569,74649.4,0,NaN,NaN,NaN,NaN,NaN,NaN,213196
1371679200,1.3302,1.3308,1.3254,1.326,31954,69270.25,0,NaN,NaN,NaN,NaN,NaN,NaN,213196
1371708000,1.3259,1.3274,1.3186,1.3206,182425,72167.9,0,NaN,NaN,NaN,NaN,NaN,NaN,213196
1371736800,1.3205,1.3245,1.3167,1.3226,140651,78540.7,0,NaN,NaN,NaN,NaN,NaN,NaN,215677
1371765600,1.3231,1.326,1.3204,1.3246,25428,74740,0,NaN,NaN,NaN,NaN,NaN,NaN,215677
1371794400,1.3245,1.3256,1.3151,1.3169,122045,76111,0,NaN,NaN,NaN,NaN,NaN,NaN,215677
1371823200,1.3169,1.3173,1.3104,1.3133,121016,81260.8,0,NaN,NaN,NaN,NaN,NaN,NaN,212522
1372024800,1.3113,1.3121,1.3094,1.3105,22309,77540.85,0,NaN,NaN,NaN,NaN,NaN,NaN,212522
1372053600,1.3104,1.313,1.3065,1.3101,150010,80766.65,0,NaN,NaN,NaN,NaN,NaN,NaN,212522
1372082400,1.31,1.315,1.3076,1.3123,101018,85018.95,0,NaN,NaN,NaN,NaN,NaN,NaN,210376
1372111200,1.3128,1.3141,1.3114,1.3122,20546,81501.25,0,NaN,NaN,NaN,NaN,NaN,NaN,210376
1372140000,1.3121,1.3156,1.3088,1.3102,129797,83654.7,0,NaN,NaN,NaN,NaN,NaN,NaN,210376
1372168800,1.3106,1.311,1.307,1.3086,92449,87612.2,0,NaN,NaN,NaN,NaN,NaN,NaN,210271
1372197600,1.3087,1.3092,1.3062,1.3079,19047,84759,0,NaN,NaN,NaN,NaN,NaN,NaN,210271
1372226400,1.3078,1.3088,1.3018,1.304,144385,88290.3,0,NaN,NaN,NaN,NaN,NaN,NaN,210271
1372255200,1.304,1.3044,1.2988,1.3017,100439,92687.3,0,NaN,NaN,NaN,NaN,NaN,NaN,203410
1372284000,1.3012,1.3041,1.3009,1.3035,17273,85560.45,0,NaN,NaN,NaN,NaN,NaN,NaN,203410
1372312800,1.3035,1.3056,1.3016,1.304,108120,87554.85,0,NaN,NaN,NaN,NaN,NaN,NaN,203410
1372341600,1.3038,1.3062,1.3004,1.3042,104002,92185.5,0,NaN,NaN,NaN,NaN,NaN,NaN,200611
1372370400,1.3043,1.308,1.3035,1.3077,22383,90093.3,0,NaN,NaN,NaN,NaN,NaN,NaN,200611
1372399200,1.3078,1.3108,1.303,1.3034,132821,89405.9,0,NaN,NaN,NaN,NaN,NaN,NaN,200611
1372428000,1.3034,1.3041,1.2995,1.3014,109850,93300.7,0,NaN,NaN,NaN,NaN,NaN,NaN,201314
1372629600,1.3014,1.3037,1.3009,1.3034,14556,84907.25,0,NaN,NaN,NaN,NaN,NaN,NaN,201314
1372658400,1.3033,1.3065,1.3022,1.3038,89395,82344.45,0,NaN,NaN,NaN,NaN,NaN,NaN,201314
1372687200,1.3036,1.3072,1.3018,1.307,84999,85323,0,NaN,NaN,NaN,NaN,NaN,NaN,197909
1372716000,1.3067,1.3075,1.3054,1.3068,14197,79930.6,0,NaN,NaN,NaN,NaN,NaN,NaN,197909
1372744800,1.3068,1.3082,1.2994,1.3007,128999,80329.75,0,NaN,NaN,NaN,NaN,NaN,NaN,197909
1372773600,1.3007,1.3043,1.2967,1.298,112777,84853.15,0,NaN,NaN,NaN,NaN,NaN,NaN,194563
1372802400,1.2983,1.2987,1.2965,1.2967,20151,78360.2,0,NaN,NaN,NaN,NaN,NaN,NaN,194563
1372831200,1.2968,1.2989,1.2927,1.2972,137814,80200,0,NaN,NaN,NaN,NaN,NaN,NaN,194563
1372860000,1.2974,1.3037,1.2972,1.3016,74059,82875.65,0,NaN,NaN,NaN,NaN,NaN,NaN,192674
1372888800,1.3012,1.3028,1.2992,1.3002,12603,77015.95,0,NaN,NaN,NaN,NaN,NaN,NaN,192674
1372917600,1.3002,1.3021,1.2887,1.2918,137343,79260.65,0,NaN,NaN,NaN,NaN,NaN,NaN,192674
1372946400,1.2919,1.2937,1.2903,1.2928,21383,79377.45,0,NaN,NaN,NaN,NaN,NaN,NaN,192674
1372975200,1.292,1.2921,1.2892,1.29,14896,72903,0,NaN,NaN,NaN,NaN,NaN,NaN,192674
1373004000,1.29,1.2904,1.2808,1.2831,176094,76685.75,0,NaN,NaN,NaN,NaN,NaN,NaN,192674
1373032800,1.2831,1.2848,1.2821,1.2839,57378,78691,0,NaN,NaN,NaN,NaN,NaN,NaN,214703
1373234400,1.2827,1.2837,1.2815,1.2823,18308,74200.4,0,NaN,NaN,NaN,NaN,NaN,NaN,214703
1373263200,1.2823,1.2875,1.2819,1.2873,97071,73853.85,0,NaN,NaN,NaN,NaN,NaN,NaN,214703
1373292000,1.2872,1.2886,1.2856,1.2875,62646,75867,0,NaN,NaN,NaN,NaN,NaN,NaN,213636
1373320800,1.2873,1.2893,1.285,1.2888,16695,70060.7,0,NaN,NaN,NaN,NaN,NaN,NaN,213636
1373349600,1.2888,1.2901,1.2855,1.2857,87929,68964.65,0,NaN,NaN,NaN,NaN,NaN,NaN,213636
1373378400,1.2857,1.2858,1.2755,1.2783,173328,76903.25,0,NaN,NaN,NaN,NaN,NaN,NaN,223087
1373407200,1.2789,1.2803,1.2768,1.2795,21430,73505,0,NaN,NaN,NaN,NaN,NaN,NaN,223087
1373436000,1.2795,1.2839,1.2785,1.2831,99504,74230.25,0,NaN,NaN,NaN,NaN,NaN,NaN,223087
1373464800,1.2832,1.299,1.2831,1.2979,174168,82228.8,0,NaN,NaN,NaN,NaN,NaN,NaN,220680
1373493600,1.3016,1.3212,1.3009,1.3124,101098,80833.75,0,NaN,NaN,NaN,NaN,NaN,NaN,220680
1373522400,1.3125,1.3129,1.3008,1.3027,168508,83620.3,0,NaN,NaN,NaN,NaN,NaN,NaN,220680
1373551200,1.3027,1.3126,1.3015,1.3099,103312,87778.35,0,NaN,NaN,NaN,NaN,NaN,NaN,221472
1373580000,1.3099,1.3103,1.3076,1.3079,15861,81680.7,0,NaN,NaN,NaN,NaN,NaN,NaN,221472
1373608800,1.3079,1.3083,1.3003,1.3037,120112,83983.35,0,NaN,NaN,NaN,NaN,NaN,NaN,221472
1373637600,1.3038,1.3095,1.3029,1.3068,78997,87303.05,0,NaN,NaN,NaN,NaN,NaN,NaN,218200
1373839200,1.3069,1.3083,1.3057,1.3075,10678,80969.8,0,NaN,NaN,NaN,NaN,NaN,NaN,218200
1373868000,1.3075,1.3079,1.2996,1.3049,104225,85111.9,0,NaN,NaN,NaN,NaN,NaN,NaN,218200
1373896800,1.305,1.3082,1.3029,1.3065,62248,87479.5,0,NaN,NaN,NaN,NaN,NaN,NaN,219497
1373925600,1.3068,1.3095,1.3057,1.3094,16090,79479.3,0,NaN,NaN,NaN,NaN,NaN,NaN,219497
1373954400,1.3095,1.3141,1.3046,1.3127,127569,82988.85,0,NaN,NaN,NaN,NaN,NaN,NaN,219497
1373983200,1.3127,1.3178,1.311,1.3164,73300,85738.45,0,NaN,NaN,NaN,NaN,NaN,NaN,217988
1374012000,1.3159,1.3161,1.3133,1.3134,11060,81437.9,0,NaN,NaN,NaN,NaN,NaN,NaN,217988
1374040800,1.3135,1.3185,1.3125,1.3144,129063,84758.75,0,NaN,NaN,NaN,NaN,NaN,NaN,217988
1374069600,1.3143,1.3163,1.3086,1.3128,111949,89521.45,0,NaN,NaN,NaN,NaN,NaN,NaN,218759
1374098400,1.3128,1.3129,1.3093,1.3101,13465,85798.25,0,NaN,NaN,NaN,NaN,NaN,NaN,218759
1374127200,1.3101,1.3125,1.3073,1.3092,85902,81426.95,0,NaN,NaN,NaN,NaN,NaN,NaN,218759
1374156000,1.3091,1.3125,1.3069,1.3111,72497,83980.3,0,NaN,NaN,NaN,NaN,NaN,NaN,218210
1374184800,1.3115,1.3154,1.3092,1.3138,22971,80153.65,0,NaN,NaN,NaN,NaN,NaN,NaN,218210
1374213600,1.3138,1.3144,1.3099,1.3124,73582,75124.35,0,NaN,NaN,NaN,NaN,NaN,NaN,218210
1374242400,1.3124,1.3158,1.3123,1.3143,49343,72536.6,0,NaN,NaN,NaN,NaN,NaN,NaN,220286
1374444000,1.3141,1.3173,1.314,1.3156,16885,64955.45,0,NaN,NaN,NaN,NaN,NaN,NaN,220286
1374472800,1.3155,1.3203,1.3147,1.3203,83647,63972.2,0,NaN,NaN,NaN,NaN,NaN,NaN,220286
1374501600,1.3204,1.3222,1.3185,1.3185,68024,66580.35,0,NaN,NaN,NaN,NaN,NaN,NaN,221176
1374530400,1.3186,1.321,1.3185,1.319,17187,61434.1,0,NaN,NaN,NaN,NaN,NaN,NaN,221176
1374559200,1.319,1.321,1.3166,1.3183,72550,61111.75,0,NaN,NaN,NaN,NaN,NaN,NaN,221176
1374588000,1.3184,1.3243,1.3184,1.3231,75121,64333.9,0,NaN,NaN,NaN,NaN,NaN,NaN,217114
1374616800,1.3227,1.323,1.3201,1.3205,13888,59817.05,0,NaN,NaN,NaN,NaN,NaN,NaN,217114
1374645600,1.3205,1.3259,1.3193,1.323,112478,62328.55,0,NaN,NaN,NaN,NaN,NaN,NaN,217114
1374674400,1.323,1.3247,1.3179,1.3205,90346,66041.35,0,NaN,NaN,NaN,NaN,NaN,NaN,215097
1374703200,1.3202,1.3224,1.3191,1.3216,14189,60372.35,0,NaN,NaN,NaN,NaN,NaN,NaN,215097
1374732000,1.3216,1.3242,1.3168,1.3224,124315,62923.1,0,NaN,NaN,NaN,NaN,NaN,NaN,215097
1374760800,1.3223,1.3299,1.3223,1.328,88322,66786.2,0,NaN,NaN,NaN,NaN,NaN,NaN,216683
1374789600,1.3276,1.3291,1.3272,1.3281,15182,61092.15,0,NaN,NaN,NaN,NaN,NaN,NaN,216683
1374818400,1.3281,1.33,1.3255,1.3284,77883,59388.85,0,NaN,NaN,NaN,NaN,NaN,NaN,216683
1374847200,1.3283,1.3297,1.3257,1.3283,57714,61601.3,0,NaN,NaN,NaN,NaN,NaN,NaN,215443
1375048800,1.3284,1.3296,1.3275,1.3281,12635,57937.95,0,NaN,NaN,NaN,NaN,NaN,NaN,215443
1375077600,1.3281,1.3298,1.3243,1.325,86758,58651,0,NaN,NaN,NaN,NaN,NaN,NaN,215443
1375106400,1.325,1.3275,1.3241,1.3265,54542,60229.55,0,NaN,NaN,NaN,NaN,NaN,NaN,216737
1375135200,1.3265,1.3269,1.325,1.326,13952,57248.05,0,NaN,NaN,NaN,NaN,NaN,NaN,216737
1375164000,1.3261,1.3305,1.3253,1.3271,86297,59095.75,0,NaN,NaN,NaN,NaN,NaN,NaN,216737
1375192800,1.327,1.3279,1.3236,1.3266,82758,62389.4,0,NaN,NaN,NaN,NaN,NaN,NaN,219010
1375221600,1.3265,1.327,1.3254,1.3258,10669,58740.5,0,NaN,NaN,NaN,NaN,NaN,NaN,219010
1375250400,1.3258,1.3304,1.3209,1.3223,144370,62557.8,0,NaN,NaN,NaN,NaN,NaN,NaN,219010
1375279200,1.3223,1.3347,1.3223,1.3306,173699,70383.4,0,NaN,NaN,NaN,NaN,NaN,NaN,223651
1375308000,1.3305,1.3313,1.3268,1.3275,16780,67594.9,0,NaN,NaN,NaN,NaN,NaN,NaN,223651
1375336800,1.3274,1.3278,1.3193,1.3255,171986,72438.15,0,NaN,NaN,NaN,NaN,NaN,NaN,223651
1375365600,1.3253,1.3253,1.32,1.3208,87923,76139.9,0,NaN,NaN,NaN,NaN,NaN,NaN,222750
1375394400,1.3214,1.3227,1.3191,1.3213,18012,71416.6,0,NaN,NaN,NaN,NaN,NaN,NaN,222750
1375423200,1.3214,1.3287,1.3187,1.3262,139851,73891.85,0,NaN,NaN,NaN,NaN,NaN,NaN,222750
1375452000,1.3264,1.3297,1.3261,1.3279,68120,76588.4,0,NaN,NaN,NaN,NaN,NaN,NaN,224329
1375653600,1.3286,1.3287,1.3265,1.3284,11885,70966.9,0,NaN,NaN,NaN,NaN,NaN,NaN,224329
1375682400,1.3284,1.3303,1.3244,1.3255,85955,70848.55,0,NaN,NaN,NaN,NaN,NaN,NaN,224329
1375711200,1.3254,1.3268,1.3234,1.3262,54678,72823.35,0,NaN,NaN,NaN,NaN,NaN,NaN,222518
1375740000,1.3262,1.3274,1.325,1.3256,12854,69571.9,0,NaN,NaN,NaN,NaN,NaN,NaN,222518
1375768800,1.3255,1.3308,1.3248,1.3297,101604,71766.4,0,NaN,NaN,NaN,NaN,NaN,NaN,222518
1375797600,1.3297,1.3326,1.3282,1.3306,79158,75092.55,0,NaN,NaN,NaN,NaN,NaN,NaN,224615
1375826400,1.3308,1.3318,1.3295,1.3308,12529,71381.1,0,NaN,NaN,NaN,NaN,NaN,NaN,224615
1375855200,1.3309,1.3327,1.3267,1.3308,121970,74752.5,0,NaN,NaN,NaN,NaN,NaN,NaN,224615
1375884000,1.3307,1.3349,1.3303,1.3338,74019,77755.85,0,NaN,NaN,NaN,NaN,NaN,NaN,223360
1375912800,1.3338,1.3354,1.3329,1.3348,19910,74436.5,0,NaN,NaN,NaN,NaN,NaN,NaN,223360
1375941600,1.3348,1.3378,1.3337,1.3373,83104,74453.8,0,NaN,NaN,NaN,NaN,NaN,NaN,223360
1375970400,1.3372,1.3402,1.3372,1.3384,90104,78425.55,0,NaN,NaN,NaN,NaN,NaN,NaN,229767
1375999200,1.3382,1.3389,1.3377,1.3386,9835,71698.8,0,NaN,NaN,NaN,NaN,NaN,NaN,229767
1376028000,1.3387,1.3392,1.3351,1.3359,75375,66782.6,0,NaN,NaN,NaN,NaN,NaN,NaN,229767
1376056800,1.3359,1.3365,1.3334,1.3341,51819,68534.55,0,NaN,NaN,NaN,NaN,NaN,NaN,226346
1376258400,1.3341,1.3346,1.332,1.3327,14869,60678.7,0,NaN,NaN,NaN,NaN,NaN,NaN,226346
1376287200,1.3327,1.3335,1.3279,1.3286,76629,60114,0,NaN,NaN,NaN,NaN,NaN,NaN,226346
1376316000,1.3287,1.3315,1.3283,1.3302,49986,61712.7,0,NaN,NaN,NaN,NaN,NaN,NaN,227038
1376344800,1.3304,1.3315,1.3291,1.3307,19845,55712.4,0,NaN,NaN,NaN,NaN,NaN,NaN,227038
1376373600,1.3307,1.332,1.3247,1.3251,119116,58262.2,0,NaN,NaN,NaN,NaN,NaN,NaN,227038
1376402400,1.3251,1.3272,1.3235,1.3266,76640,61499.95,0,NaN,NaN,NaN,NaN,NaN,NaN,221025
1376431200,1.3266,1.3278,1.3255,1.3274,17454,58074.9,0,NaN,NaN,NaN,NaN,NaN,NaN,221025
1376460000,1.3274,1.3284,1.324,1.3259,100774,60379.7,0,NaN,NaN,NaN,NaN,NaN,NaN,221025
1376488800,1.3259,1.3273,1.3249,1.3255,49847,62229.35,0,NaN,NaN,NaN,NaN,NaN,NaN,221051
1376517600,1.326,1.3313,1.3257,1.3292,22099,58254.1,0,NaN,NaN,NaN,NaN,NaN,NaN,221051
1376546400,1.3291,1.3303,1.322,1.3228,127951,60693.75,0,NaN,NaN,NaN,NaN,NaN,NaN,221051
1376575200,1.3229,1.3364,1.3207,1.3347,153723,67753.45,0,NaN,NaN,NaN,NaN,NaN,NaN,225818
1376604000,1.3351,1.3358,1.334,1.3341,14750,62392.45,0,NaN,NaN,NaN,NaN,NaN,NaN,225818
1376632800,1.3341,1.3382,1.3327,1.3366,95717,63477.35,0,NaN,NaN,NaN,NaN,NaN,NaN,225818
1376661600,1.3366,1.3372,1.3312,1.3327,68878,65925.75,0,NaN,NaN,NaN,NaN,NaN,NaN,229448
1376863200,1.3339,1.3342,1.3322,1.3329,12485,62394.8,0,NaN,NaN,NaN,NaN,NaN,NaN,229448
1376892000,1.3328,1.3377,1.3317,1.3349,82172,61998.2,0,NaN,NaN,NaN,NaN,NaN,NaN,229448
1376920800,1.3349,1.3356,1.3335,1.3336,39584,63485.65,0,NaN,NaN,NaN,NaN,NaN,NaN,232580
1376949600,1.3337,1.3357,1.3331,1.3354,14470,60440.4,0,NaN,NaN,NaN,NaN,NaN,NaN,232580
1376978400,1.3355,1.3454,1.3325,1.3442,168104,66254.65,0,NaN,NaN,NaN,NaN,NaN,NaN,232580
1377007200,1.3443,1.3443,1.3415,1.3419,51468,68084.6,0,NaN,NaN,NaN,NaN,NaN,NaN,244288
1377036000,1.3419,1.3429,1.3408,1.3416,13830,64944.65,0,NaN,NaN,NaN,NaN,NaN,NaN,244288
1377064800,1.3416,1.3422,1.3375,1.3386,95538,67222.25,0,NaN,NaN,NaN,NaN,NaN,NaN,244288
1377093600,1.3383,1.3398,1.3336,1.3356,109930,71726.5,0,NaN,NaN,NaN,NaN,NaN,NaN,238646
1377122400,1.3358,1.336,1.3332,1.3343,17369,66639.15,0,NaN,NaN,NaN,NaN,NaN,NaN,238646
1377151200,1.3344,1.3366,1.3299,1.3342,118330,68723.65,0,NaN,NaN,NaN,NaN,NaN,NaN,238646
1377180000,1.3343,1.3374,1.3327,1.3358,63569,71029.4,0,NaN,NaN,NaN,NaN,NaN,NaN,240416
1377208800,1.3357,1.3369,1.3337,1.3344,15998,66790.6,0,NaN,NaN,NaN,NaN,NaN,NaN,240416
1377237600,1.3343,1.3372,1.3334,1.335,82861,68441.3,0,NaN,NaN,NaN,NaN,NaN,NaN,240416
1377266400,1.3352,1.3412,1.3352,1.3379,91025,71887.6,0,NaN,NaN,NaN,NaN,NaN,NaN,244870
1377468000,1.3383,1.3391,1.3379,1.3385,8998,65939.95,0,NaN,NaN,NaN,NaN,NaN,NaN,244870
1377496800,1.3384,1.3396,1.3358,1.3385,56466,61077.1,0,NaN,NaN,NaN,NaN,NaN,NaN,244870
1377525600,1.3384,1.3388,1.3363,1.3373,28952,61787.2,0,NaN,NaN,NaN,NaN,NaN,NaN,243322
1377554400,1.3371,1.3392,1.3368,1.337,10890,57545.85,0,NaN,NaN,NaN,NaN,NaN,NaN,243322
1377583200,1.337,1.3399,1.3323,1.3386,134826,60843.25,0,NaN,NaN,NaN,NaN,NaN,NaN,243322
1377612000,1.3386,1.34,1.337,1.3394,58564,63147.2,0,NaN,NaN,NaN,NaN,NaN,NaN,242074
1377640800,1.3394,1.3399,1.3374,1.3378,14162,59746.7,0,NaN,NaN,NaN,NaN,NaN,NaN,242074
1377669600,1.3378,1.3387,1.3304,1.3314,123414,63938.2,0,NaN,NaN,NaN,NaN,NaN,NaN,242074
1377698400,1.3312,1.3346,1.3309,1.3341,64584,66443.9,0,NaN,NaN,NaN,NaN,NaN,NaN,239655
1377727200,1.3344,1.3344,1.3305,1.3307,16160,58846.7,0,NaN,NaN,NaN,NaN,NaN,NaN,239655
1377756000,1.3307,1.3315,1.3233,1.3243,122922,62419.4,0,NaN,NaN,NaN,NaN,NaN,NaN,239655
1377784800,1.3242,1.3251,1.3219,1.3242,68553,65155.55,0,NaN,NaN,NaN,NaN,NaN,NaN,236199
1377813600,1.3243,1.3256,1.3235,1.3243,14125,61084.9,0,NaN,NaN,NaN,NaN,NaN,NaN,236199
1377842400,1.3243,1.3253,1.321,1.3215,79152,59546,0,NaN,NaN,NaN,NaN,NaN,NaN,236199
1377871200,1.3215,1.3219,1.3173,1.3218,79703,62662.7,0,NaN,NaN,NaN,NaN,NaN,NaN,227501
1378072800,1.3212,1.3215,1.3193,1.3211,13749,57433.65,0,NaN,NaN,NaN,NaN,NaN,NaN,227501
1378101600,1.3211,1.3227,1.3202,1.3205,46025,56556.45,0,NaN,NaN,NaN,NaN,NaN,NaN,227501
1378130400,1.3205,1.3206,1.3183,1.3195,13647,56438.9,0,NaN,NaN,NaN,NaN,NaN,NaN,227501
1378159200,1.3194,1.3198,1.3169,1.3174,14526,53022.15,0,NaN,NaN,NaN,NaN,NaN,NaN,227501
1378188000,1.3174,1.3188,1.3158,1.317,74360,52188.9,0,NaN,NaN,NaN,NaN,NaN,NaN,227501
1378216800,1.3169,1.3179,1.3138,1.3172,77523,55615.15,0,NaN,NaN,NaN,NaN,NaN,NaN,219398
1378245600,1.3169,1.3177,1.3163,1.3167,7873,53185.5,0,NaN,NaN,NaN,NaN,NaN,NaN,219398
1378274400,1.3167,1.3188,1.3157,1.3178,72724,55374.1,0,NaN,NaN,NaN,NaN,NaN,NaN,219398
1378303200,1.3178,1.3219,1.3168,1.3207,72321,58445.65,0,NaN,NaN,NaN,NaN,NaN,NaN,215455
1378332000,1.3206,1.3208,1.3164,1.3173,17447,52576.7,0,NaN,NaN,NaN,NaN,NaN,NaN,215455
1378360800,1.3172,1.3224,1.3129,1.3155,185966,58946.8,0,NaN,NaN,NaN,NaN,NaN,NaN,215455
1378389600,1.3155,1.3155,1.311,1.3122,87023,62589.85,0,NaN,NaN,NaN,NaN,NaN,NaN,217518
1378418400,1.3118,1.3139,1.3118,1.3131,9993,56918.8,0,NaN,NaN,NaN,NaN,NaN,NaN,217518
1378447200,1.3131,1.318,1.3105,1.3172,153138,61346.5,0,NaN,NaN,NaN,NaN,NaN,NaN,217518
1378476000,1.3173,1.319,1.3154,1.3181,67724,63924.7,0,NaN,NaN,NaN,NaN,NaN,NaN,211649
1378677600,1.3173,1.3182,1.3166,1.3174,9371,58247.15,0,NaN,NaN,NaN,NaN,NaN,NaN,211649
1378706400,1.3173,1.3221,1.3168,1.3213,61440,57891.5,0,NaN,NaN,NaN,NaN,NaN,NaN,211649
1378735200,1.3213,1.3281,1.3212,1.3257,86903,61530.4,0,NaN,NaN,NaN,NaN,NaN,NaN,197766
1378764000,1.3255,1.3273,1.3251,1.3268,10214,58083.5,0,NaN,NaN,NaN,NaN,NaN,NaN,197766
1378792800,1.3269,1.3276,1.323,1.3261,83618,58279.25,0,NaN,NaN,NaN,NaN,NaN,NaN,197766
1378821600,1.3261,1.3277,1.3251,1.3266,47031,59943.35,0,NaN,NaN,NaN,NaN,NaN,NaN,169596
1378850400,1.3266,1.3283,1.3246,1.3247,11349,58209.55,0,NaN,NaN,NaN,NaN,NaN,NaN,169596
1378879200,1.3247,1.3301,1.3245,1.3295,69597,61007.05,0,NaN,NaN,NaN,NaN,NaN,NaN,169596
1378908000,1.3295,1.3325,1.3286,1.3314,72201,63890.8,0,NaN,NaN,NaN,NaN,NaN,NaN,114130
1378936800,1.3311,1.3325,1.3304,1.3306,10500,60697.8,0,NaN,NaN,NaN,NaN,NaN,NaN,114130
1378965600,1.3306,1.3315,1.325,1.3289,63139,59978.6,0,NaN,NaN,NaN,NaN,NaN,NaN,114130
1378994400,1.3289,1.3325,1.3275,1.33,54002,62285.05,0,NaN,NaN,NaN,NaN,NaN,NaN,76241
1379023200,1.3306,1.3306,1.3268,1.3274,10769,59187.3,0,NaN,NaN,NaN,NaN,NaN,NaN,76241
1379052000,1.3274,1.3327,1.3263,1.3278,84655,59804,0,NaN,NaN,NaN,NaN,NaN,NaN,76241
1379080800,1.3278,1.3314,1.3257,1.3302,61500,62006.65,0,NaN,NaN,NaN,NaN,NaN,NaN,208806
1379282400,1.3368,1.3387,1.3359,1.336,20638,53740.25,0,NaN,NaN,NaN,NaN,NaN,NaN,208806
1379311200,1.3361,1.3391,1.3344,1.3369,82774,53527.8,0,NaN,NaN,NaN,NaN,NaN,NaN,208806
1379340000,1.3369,1.3374,1.3334,1.3337,48088,55432.55,0,NaN,NaN,NaN,NaN,NaN,NaN,218010
1379368800,1.3337,1.3347,1.3329,1.3347,9061,48228.7,0,NaN,NaN,NaN,NaN,NaN,NaN,218010
1379397600,1.3347,1.3377,1.3345,1.3356,60303,47857.65,0,NaN,NaN,NaN,NaN,NaN,NaN,218010
1379426400,1.3356,1.3367,1.3341,1.3366,33282,49053.2,0,NaN,NaN,NaN,NaN,NaN,NaN,217980
1379455200,1.3362,1.3368,1.335,1.3362,6518,46307.1,0,NaN,NaN,NaN,NaN,NaN,NaN,217980
1379484000,1.3362,1.3367,1.3346,1.3351,49431,44433.5,0,NaN,NaN,NaN,NaN,NaN,NaN,217980
1379512800,1.3351,1.3547,1.3342,1.3525,166493,52247.45,0,NaN,NaN,NaN,NaN,NaN,NaN,231956
1379541600,1.3513,1.354,1.3505,1.3535,19069,49020,0,NaN,NaN,NaN,NaN,NaN,NaN,231956
1379570400,1.3535,1.3573,1.3528,1.3552,117280,52532.45,0,NaN,NaN,NaN,NaN,NaN,NaN,231956
1379599200,1.355,1.3566,1.3512,1.3532,75839,55756.95,0,NaN,NaN,NaN,NaN,NaN,NaN,236731
1379628000,1.3533,1.3542,1.3531,1.3537,6055,52579.85,0,NaN,NaN,NaN,NaN,NaN,NaN,236731
1379656800,1.3538,1.3552,1.351,1.3531,82734,53106.5,0,NaN,NaN,NaN,NaN,NaN,NaN,236731
1379685600,1.353,1.3541,1.3501,1.3526,61471,55655.05,0,NaN,NaN,NaN,NaN,NaN,NaN,249360
1379887200,1.3539,1.354,1.3523,1.3538,8323,52914.25,0,NaN,NaN,NaN,NaN,NaN,NaN,249360
1379916000,1.3538,1.3548,1.3493,1.3502,86729,54550.6,0,NaN,NaN,NaN,NaN,NaN,NaN,249360
1379944800,1.3502,1.3518,1.3482,1.3493,55214,56772.85,0,NaN,NaN,NaN,NaN,NaN,NaN,253309
1379973600,1.3496,1.3501,1.3492,1.35,6199,52850.05,0,NaN,NaN,NaN,NaN,NaN,NaN,253309
1380002400,1.35,1.3522,1.3467,1.349,84269,53988.5,0,NaN,NaN,NaN,NaN,NaN,NaN,253309
1380031200,1.3491,1.3499,1.3471,1.3477,47267,55319.95,0,NaN,NaN,NaN,NaN,NaN,NaN,254002
1380060000,1.3474,1.3483,1.3464,1.3474,7569,51559.7,0,NaN,NaN,NaN,NaN,NaN,NaN,254002
1380088800,1.3474,1.3523,1.3468,1.3504,70432,52676.9,0,NaN,NaN,NaN,NaN,NaN,NaN,254002
1380117600,1.3503,1.354,1.3501,1.3526,55363,54992,0,NaN,NaN,NaN,NaN,NaN,NaN,260078
1380146400,1.3526,1.3528,1.3514,1.3526,10219,52487.8,0,NaN,NaN,NaN,NaN,NaN,NaN,260078
1380175200,1.3526,1.3529,1.3487,1.3504,71311,54389.25,0,NaN,NaN,NaN,NaN,NaN,NaN,260078
1380204000,1.3504,1.3514,1.3474,1.3492,57963,56961.5,0,NaN,NaN,NaN,NaN,NaN,NaN,252078
1380232800,1.349,1.3497,1.3477,1.3496,9926,54986.25,0,NaN,NaN,NaN,NaN,NaN,NaN,252078
1380261600,1.3495,1.356,1.3492,1.3553,84515,50887.35,0,NaN,NaN,NaN,NaN,NaN,NaN,252078
1380290400,1.3553,1.3567,1.3516,1.3525,54715,52669.65,0,NaN,NaN,NaN,NaN,NaN,NaN,256330
1380492000,1.3481,1.351,1.348,1.3496,13617,47486.5,0,NaN,NaN,NaN,NaN,NaN,NaN,256330
1380520800,1.3495,1.3559,1.348,1.3534,89302,48159.65,0,NaN,NaN,NaN,NaN,NaN,NaN,256330
1380549600,1.3535,1.3549,1.3522,1.3526,55287,50621.25,0,NaN,NaN,NaN,NaN,NaN,NaN,258393
1380578400,1.3524,1.3556,1.352,1.3544,17365,47352.8,0,NaN,NaN,NaN,NaN,NaN,NaN,258393
1380607200,1.3544,1.3591,1.3536,1.3538,95021,49030.3,0,NaN,NaN,NaN,NaN,NaN,NaN,258393
1380636000,1.3537,1.3552,1.3519,1.3529,74015,52314.9,0,NaN,NaN,NaN,NaN,NaN,NaN,254389
1380664800,1.3526,1.353,1.351,1.3525,11461,48551.5,0,NaN,NaN,NaN,NaN,NaN,NaN,254389
1380693600,1.3525,1.361,1.3507,1.3591,161427,53862.15,0,NaN,NaN,NaN,NaN,NaN,NaN,254389
1380722400,1.3591,1.3603,1.3579,1.358,51938,56149.1,0,NaN,NaN,NaN,NaN,NaN,NaN,263211
1380751200,1.3582,1.3626,1.358,1.3604,16408,52756.05,0,NaN,NaN,NaN,NaN,NaN,NaN,263211
1380780000,1.3604,1.3619,1.3589,1.3604,63733,53579.35,0,NaN,NaN,NaN,NaN,NaN,NaN,263211
1380808800,1.3606,1.3649,1.36,1.3621,82630,57332.4,0,NaN,NaN,NaN,NaN,NaN,NaN,262501
1380837600,1.3624,1.3635,1.3622,1.3631,8446,54233.1,0,NaN,NaN,NaN,NaN,NaN,NaN,262501
1380866400,1.363,1.3633,1.3582,1.3587,67323,54831.1,0,NaN,NaN,NaN,NaN,NaN,NaN,262501
1380895200,1.3586,1.3609,1.3541,1.3559,75429,58091.6,0,NaN,NaN,NaN,NaN,NaN,NaN,261504
1381096800,1.3563,1.3576,1.3563,1.3572,9921,55022.1,0,NaN,NaN,NaN,NaN,NaN,NaN,261504
1381125600,1.3572,1.3594,1.3562,1.3567,49641,54606,0,NaN,NaN,NaN,NaN,NaN,NaN,261504
1381154400,1.3568,1.3588,1.3545,1.3583,48229,56521.15,0,NaN,NaN,NaN,NaN,NaN,NaN,263284
1381183200,1.3581,1.3584,1.356,1.3567,9996,52795.2,0,NaN,NaN,NaN,NaN,NaN,NaN,263284
1381212000,1.3567,1.3604,1.3562,1.3597,63216,53220.25,0,NaN,NaN,NaN,NaN,NaN,NaN,263284
1381240800,1.3597,1.3611,1.3567,1.3578,58368,55457.8,0,NaN,NaN,NaN,NaN,NaN,NaN,262731
1381269600,1.3577,1.3609,1.3565,1.3566,18711,51928.25,0,NaN,NaN,NaN,NaN,NaN,NaN,262731
1381298400,1.3566,1.3568,1.3503,1.3509,103253,54326.55,0,NaN,NaN,NaN,NaN,NaN,NaN,262731
1381327200,1.3509,1.3532,1.3488,1.353,72775,57097.05,0,NaN,NaN,NaN,NaN,NaN,NaN,253300
1381356000,1.3529,1.3532,1.349,1.3506,17220,53207,0,NaN,NaN,NaN,NaN,NaN,NaN,253300
1381384800,1.3506,1.3552,1.3495,1.3521,79070,53459.75,0,NaN,NaN,NaN,NaN,NaN,NaN,253300
1381413600,1.352,1.3549,1.3514,1.3521,57314,55752.4,0,NaN,NaN,NaN,NaN,NaN,NaN,261067
1381442400,1.3528,1.3547,1.3523,1.354,13604,48361.25,0,NaN,NaN,NaN,NaN,NaN,NaN,261067
1381471200,1.3539,1.3585,1.3533,1.3557,71526,49340.65,0,NaN,NaN,NaN,NaN,NaN,NaN,261067
1381500000,1.3556,1.3578,1.3526,1.3549,70902,52065.35,0,NaN,NaN,NaN,NaN,NaN,NaN,265331
1381701600,1.3559,1.3572,1.3554,1.357,7760,49266.7,0,NaN,NaN,NaN,NaN,NaN,NaN,265331
1381730400,1.357,1.3602,1.3548,1.3588,48429,47556.65,0,NaN,NaN,NaN,NaN,NaN,NaN,265331
1381759200,1.3588,1.3597,1.3562,1.3562,34717,48870.2,0,NaN,NaN,NaN,NaN,NaN,NaN,270879
1381788000,1.3562,1.3574,1.3553,1.357,9003,45954.2,0,NaN,NaN,NaN,NaN,NaN,NaN,270879
1381816800,1.3569,1.3574,1.3482,1.3497,116289,47997.2,0,NaN,NaN,NaN,NaN,NaN,NaN,270879
1381845600,1.3496,1.354,1.3485,1.3526,74425,51222.4,0,NaN,NaN,NaN,NaN,NaN,NaN,255134
1381874400,1.3531,1.3532,1.3509,1.3519,13714,49426.05,0,NaN,NaN,NaN,NaN,NaN,NaN,255134
1381903200,1.3519,1.3571,1.3518,1.3538,74189,50724.05,0,NaN,NaN,NaN,NaN,NaN,NaN,255134
1381932000,1.3537,1.3553,1.3475,1.3534,113114,55879.95,0,NaN,NaN,NaN,NaN,NaN,NaN,256829
1381960800,1.3538,1.3559,1.3518,1.3558,13309,53384.6,0,NaN,NaN,NaN,NaN,NaN,NaN,256829
1381989600,1.3558,1.3681,1.3555,1.3678,153264,58129.4,0,NaN,NaN,NaN,NaN,NaN,NaN,256829
1382018400,1.3678,1.3685,1.3659,1.3678,57734,60080.55,0,NaN,NaN,NaN,NaN,NaN,NaN,270498
1382047200,1.3674,1.3676,1.3662,1.3666,9798,55407.8,0,NaN,NaN,NaN,NaN,NaN,NaN,270498
1382076000,1.3667,1.3707,1.3667,1.368,74872,55512.65,0,NaN,NaN,NaN,NaN,NaN,NaN,270498
1382104800,1.3681,1.3702,1.3679,1.3688,45710,56937.15,0,NaN,NaN,NaN,NaN,NaN,NaN,269650
1382306400,1.3686,1.3691,1.3673,1.3683,10044,53485.85,0,NaN,NaN,NaN,NaN,NaN,NaN,269650
1382335200,1.3683,1.3689,1.3653,1.3664,55042,53372.25,0,NaN,NaN,NaN,NaN,NaN,NaN,269650
1382364000,1.3664,1.3691,1.3662,1.3682,35359,54460,0,NaN,NaN,NaN,NaN,NaN,NaN,271412
1382392800,1.368,1.3683,1.3664,1.3669,6894,51228.4,0,NaN,NaN,NaN,NaN,NaN,NaN,271412
1382421600,1.367,1.3761,1.3667,1.3757,106701,53018.35,0,NaN,NaN,NaN,NaN,NaN,NaN,271412
1382450400,1.3756,1.3795,1.3756,1.3783,76560,56458.35,0,NaN,NaN,NaN,NaN,NaN,NaN,275502
1382479200,1.3781,1.3795,1.3767,1.3775,18232,54948.5,0,NaN,NaN,NaN,NaN,NaN,NaN,275502
1382508000,1.3774,1.3794,1.3743,1.3783,92389,57832.1,0,NaN,NaN,NaN,NaN,NaN,NaN,275502
1382536800,1.3783,1.3795,1.3764,1.3778,50813,59922.6,0,NaN,NaN,NaN,NaN,NaN,NaN,276061
1382565600,1.3778,1.381,1.3776,1.3808,13686,54792.45,0,NaN,NaN,NaN,NaN,NaN,NaN,276061
1382594400,1.3809,1.3827,1.3766,1.3802,116345,56888.45,0,NaN,NaN,NaN,NaN,NaN,NaN,276061
1382623200,1.3802,1.3817,1.3793,1.3803,45700,58487.75,0,NaN,NaN,NaN,NaN,NaN,NaN,276867
1382652000,1.3801,1.3834,1.3786,1.3822,18103,55683.45,0,NaN,NaN,NaN,NaN,NaN,NaN,276867
1382680800,1.3822,1.3832,1.3776,1.3794,85248,54290.15,0,NaN,NaN,NaN,NaN,NaN,NaN,276867
1382709600,1.3794,1.3816,1.3791,1.3806,44548,55852.1,0,NaN,NaN,NaN,NaN,NaN,NaN,282190
1382911200,1.3809,1.3819,1.3798,1.3804,8999,48638.85,0,NaN,NaN,NaN,NaN,NaN,NaN,282190
1382940000,1.3804,1.3819,1.3776,1.3786,50734,48288.85,0,NaN,NaN,NaN,NaN,NaN,NaN,282190
1382968800,1.3787,1.3812,1.3778,1.3786,45093,50053.6,0,NaN,NaN,NaN,NaN,NaN,NaN,280257
1382997600,1.3789,1.3796,1.377,1.3778,14920,47056,0,NaN,NaN,NaN,NaN,NaN,NaN,280257
1383026400,1.3778,1.3792,1.3755,1.3767,64505,47995.75,0,NaN,NaN,NaN,NaN,NaN,NaN,280257
1383055200,1.3766,1.3815,1.3738,1.3745,137567,54371.9,0,NaN,NaN,NaN,NaN,NaN,NaN,279823
1383084000,1.3747,1.3751,1.3735,1.3741,13313,52285.45,0,NaN,NaN,NaN,NaN,NaN,NaN,279823
1383112800,1.3742,1.378,1.3738,1.3767,71531,54094.05,0,NaN,NaN,NaN,NaN,NaN,NaN,279823
1383141600,1.3768,1.3787,1.3697,1.3737,110257,59262.2,0,NaN,NaN,NaN,NaN,NaN,NaN,282667
1383170400,1.3739,1.374,1.369,1.3702,20161,54935.2,0,NaN,NaN,NaN,NaN,NaN,NaN,282667
1383199200,1.3702,1.3717,1.3613,1.3622,139051,58059.75,0,NaN,NaN,NaN,NaN,NaN,NaN,282667
1383228000,1.3622,1.3633,1.3576,1.3584,120598,63178.05,0,NaN,NaN,NaN,NaN,NaN,NaN,269928
1383256800,1.359,1.3591,1.354,1.3555,27739,59945.55,0,NaN,NaN,NaN,NaN,NaN,NaN,269928
1383285600,1.3556,1.3568,1.3494,1.3502,110801,62944.95,0,NaN,NaN,NaN,NaN,NaN,NaN,269928
1383314400,1.35,1.3507,1.348,1.3489,90332,66777.25,0,NaN,NaN,NaN,NaN,NaN,NaN,256141
1383519600,1.349,1.3503,1.3442,1.3494,27309,62325.45,0,NaN,NaN,NaN,NaN,NaN,NaN,256141
1383548400,1.3494,1.3514,1.3487,1.351,57718,62926.35,0,NaN,NaN,NaN,NaN,NaN,NaN,256141
1383577200,1.351,1.3526,1.3507,1.3518,48998,64471.1,0,NaN,NaN,NaN,NaN,NaN,NaN,249387
1383606000,1.3513,1.3524,1.3492,1.3499,15264,60971.9,0,NaN,NaN,NaN,NaN,NaN,NaN,249387
1383634800,1.3499,1.3513,1.3462,1.3472,103362,63912.6,0,NaN,NaN,NaN,NaN,NaN,NaN,249387
1383663600,1.3471,1.3485,1.345,1.3477,68109,66868.1,0,NaN,NaN,NaN,NaN,NaN,NaN,248785
1383692400,1.3474,1.3522,1.3469,1.3502,20099,65336.35,0,NaN,NaN,NaN,NaN,NaN,NaN,248785
1383721200,1.3502,1.3549,1.3489,1.354,100654,68114.4,0,NaN,NaN,NaN,NaN,NaN,NaN,248785
1383750000,1.3542,1.3548,1.3513,1.3515,62036,70470.2,0,NaN,NaN,NaN,NaN,NaN,NaN,244397
1383778800,1.3516,1.353,1.3501,1.3525,15370,68013.45,0,NaN,NaN,NaN,NaN,NaN,NaN,244397
1383807600,1.3525,1.3527,1.3294,1.3365,263466,74308.4,0,NaN,NaN,NaN,NaN,NaN,NaN,244397
1383836400,1.3364,1.3451,1.3351,1.3421,140427,80664.1,0,NaN,NaN,NaN,NaN,NaN,NaN,233925
1383865200,1.3417,1.342,1.339,1.3407,16907,77932.9,0,NaN,NaN,NaN,NaN,NaN,NaN,233925
1383894000,1.3408,1.3453,1.3337,1.3355,159640,80402.05,0,NaN,NaN,NaN,NaN,NaN,NaN,233925
1383922800,1.3354,1.3374,1.3318,1.3369,80020,83395,0,NaN,NaN,NaN,NaN,NaN,NaN,228720
1384124400,1.3358,1.3369,1.3346,1.3368,12730,77078.95,0,NaN,NaN,NaN,NaN,NaN,NaN,228720
1384153200,1.3367,1.3413,1.3366,1.3403,65175,74307.8,0,NaN,NaN,NaN,NaN,NaN,NaN,228720
1384182000,1.3404,1.3418,1.3399,1.3409,31991,74520.4,0,NaN,NaN,NaN,NaN,NaN,NaN,229321
1384210800,1.3406,1.3415,1.3383,1.3387,17758,69868.25,0,NaN,NaN,NaN,NaN,NaN,NaN,229321
1384239600,1.3387,1.3457,1.3359,1.3451,139042,72303.75,0,NaN,NaN,NaN,NaN,NaN,NaN,229321
1384268400,1.3451,1.3457,1.3423,1.3437,63435,74110.05,0,NaN,NaN,NaN,NaN,NaN,NaN,224608
1384297200,1.3435,1.3454,1.3431,1.3437,14466,71947.45,0,NaN,NaN,NaN,NaN,NaN,NaN,224608
1384326000,1.3438,1.3456,1.3393,1.3405,121526,75573.85,0,NaN,NaN,NaN,NaN,NaN,NaN,224608
1384354800,1.3404,1.3499,1.3391,1.3486,91855,79403.4,0,NaN,NaN,NaN,NaN,NaN,NaN,226216
1384383600,1.3483,1.3495,1.3464,1.3465,22810,75375.8,0,NaN,NaN,NaN,NaN,NaN,NaN,226216
1384412400,1.3465,1.3471,1.3419,1.3457,80467,75993.7,0,NaN,NaN,NaN,NaN,NaN,NaN,226216
1384441200,1.3456,1.3491,1.3433,1.3458,86270,79302.25,0,NaN,NaN,NaN,NaN,NaN,NaN,222863
1384470000,1.3459,1.3465,1.3446,1.3463,11985,74868.8,0,NaN,NaN,NaN,NaN,NaN,NaN,222863
1384498800,1.3463,1.3507,1.3432,1.3497,89994,76266.7,0,NaN,NaN,NaN,NaN,NaN,NaN,222863
1384527600,1.3497,1.3499,1.3471,1.3495,41026,77549.5,0,NaN,NaN,NaN,NaN,NaN,NaN,224872
1384729200,1.3493,1.3508,1.3475,1.3493,11769,64964.65,0,NaN,NaN,NaN,NaN,NaN,NaN,224872
1384758000,1.3492,1.3543,1.349,1.3537,63745,61130.55,0,NaN,NaN,NaN,NaN,NaN,NaN,224872
1384786800,1.3537,1.3543,1.3497,1.3507,46088,62589.6,0,NaN,NaN,NaN,NaN,NaN,NaN,226416
1384815600,1.3503,1.3524,1.3499,1.3519,12641,55239.65,0,NaN,NaN,NaN,NaN,NaN,NaN,226416
1384844400,1.3519,1.3544,1.3488,1.3498,108627,56670,0,NaN,NaN,NaN,NaN,NaN,NaN,226416
1384873200,1.3499,1.3548,1.3494,1.3537,78126,59939.8,0,NaN,NaN,NaN,NaN,NaN,NaN,227245
1384902000,1.3535,1.3582,1.3534,1.3542,21690,57765.55,0,NaN,NaN,NaN,NaN,NaN,NaN,227245
1384930800,1.3541,1.3548,1.3513,1.3533,82431,60287.55,0,NaN,NaN,NaN,NaN,NaN,NaN,227245
1384959600,1.3533,1.3544,1.3414,1.3438,179789,68389.1,0,NaN,NaN,NaN,NaN,NaN,NaN,232840
1384988400,1.3439,1.3441,1.3415,1.343,19762,62425.1,0,NaN,NaN,NaN,NaN,NaN,NaN,232840
1385017200,1.343,1.3478,1.34,1.3451,128988,65702.75,0,NaN,NaN,NaN,NaN,NaN,NaN,232840
1385046000,1.3448,1.3488,1.3439,1.3481,79122,68935.55,0,NaN,NaN,NaN,NaN,NaN,NaN,229993
1385074800,1.3477,1.349,1.3463,1.3484,14420,63580.25,0,NaN,NaN,NaN,NaN,NaN,NaN,229993
1385103600,1.3484,1.354,1.3479,1.3534,86727,63323.85,0,NaN,NaN,NaN,NaN,NaN,NaN,229993
1385132400,1.3534,1.356,1.3521,1.3557,48581,64612.4,0,NaN,NaN,NaN,NaN,NaN,NaN,228703
1385334000,1.3554,1.356,1.3535,1.3541,14760,61327.05,0,NaN,NaN,NaN,NaN,NaN,NaN,228703
1385362800,1.3541,1.3546,1.3496,1.3505,74560,60741.55,0,NaN,NaN,NaN,NaN,NaN,NaN,228703
1385391600,1.3504,1.3521,1.349,1.3517,43427,62313.65,0,NaN,NaN,NaN,NaN,NaN,NaN,227077
1385420400,1.3523,1.3542,1.3519,1.3529,14614,58544.65,0,NaN,NaN,NaN,NaN,NaN,NaN,227077
1385449200,1.3529,1.3573,1.3521,1.3524,87996,60893.15,0,NaN,NaN,NaN,NaN,NaN,NaN,227077
1385478000,1.3524,1.3576,1.3524,1.3574,57544,63181.9,0,NaN,NaN,NaN,NaN,NaN,NaN,231317
1385506800,1.3567,1.36,1.3558,1.3581,23424,61165.85,0,NaN,NaN,NaN,NaN,NaN,NaN,231317
1385535600,1.3581,1.3615,1.3573,1.3581,86084,63165.65,0,NaN,NaN,NaN,NaN,NaN,NaN,231317
1385564400,1.3581,1.3591,1.3559,1.358,43946,64730.9,0,NaN,NaN,NaN,NaN,NaN,NaN,233733
1385593200,1.3577,1.3588,1.3564,1.3578,8850,59742.05,0,NaN,NaN,NaN,NaN,NaN,NaN,233733
1385622000,1.3578,1.362,1.3569,1.3607,51610,58416.25,0,NaN,NaN,NaN,NaN,NaN,NaN,233733
1385650800,1.3606,1.3609,1.3596,1.3598,4434,57553.45,0,NaN,NaN,NaN,NaN,NaN,NaN,233733
1385679600,1.3601,1.3623,1.3597,1.3611,15254,54194.6,0,NaN,NaN,NaN,NaN,NaN,NaN,233733
1385708400,1.3611,1.362,1.3595,1.36,61731,48291.7,0,NaN,NaN,NaN,NaN,NaN,NaN,233733
1385737200,1.36,1.3619,1.3582,1.3587,36436,49125.4,0,NaN,NaN,NaN,NaN,NaN,NaN,236045
1385938800,1.3588,1.3613,1.3582,1.3603,16485,43500.25,0,NaN,NaN,NaN,NaN,NaN,NaN,236045
1385967600,1.3602,1.3616,1.3526,1.3548,95107,44299.5,0,NaN,NaN,NaN,NaN,NaN,NaN,236045
1385996400,1.3548,1.3562,1.3527,1.354,67842,46970.6,0,NaN,NaN,NaN,NaN,NaN,NaN,234230
1386025200,1.3541,1.3553,1.3524,1.3552,13459,43307.2,0,NaN,NaN,NaN,NaN,NaN,NaN,234230
1386054000,1.3552,1.3594,1.3547,1.3581,82546,45005.45,0,NaN,NaN,NaN,NaN,NaN,NaN,234230
1386082800,1.3581,1.3615,1.3577,1.3591,70708,47802.85,0,NaN,NaN,NaN,NaN,NaN,NaN,235974
1386111600,1.359,1.3598,1.3577,1.3581,12776,44713.65,0,NaN,NaN,NaN,NaN,NaN,NaN,235974
1386140400,1.3581,1.3601,1.3528,1.3543,107456,47915.1,0,NaN,NaN,NaN,NaN,NaN,NaN,235974
1386169200,1.3544,1.3609,1.3536,1.3595,98473,52108.05,0,NaN,NaN,NaN,NaN,NaN,NaN,230180
1386198000,1.3591,1.364,1.358,1.3626,22844,48850.45,0,NaN,NaN,NaN,NaN,NaN,NaN,230180
1386226800,1.3626,1.3653,1.3543,1.3639,194499,55698.2,0,NaN,NaN,NaN,NaN,NaN,NaN,230180
1386255600,1.3639,1.3678,1.3639,1.3669,92885,59171.25,0,NaN,NaN,NaN,NaN,NaN,NaN,233457
1386284400,1.3672,1.3674,1.3656,1.3657,12161,55475.1,0,NaN,NaN,NaN,NaN,NaN,NaN,233457
1386313200,1.3656,1.3695,1.3616,1.3677,116295,59092.55,0,NaN,NaN,NaN,NaN,NaN,NaN,233457
1386342000,1.3677,1.3709,1.3673,1.3709,63842,61842.15,0,NaN,NaN,NaN,NaN,NaN,NaN,237587
1386543600,1.3711,1.3715,1.3695,1.3697,11940,59858.65,0,NaN,NaN,NaN,NaN,NaN,NaN,237587
1386572400,1.3696,1.3729,1.3695,1.3724,53154,62294.65,0,NaN,NaN,NaN,NaN,NaN,NaN,237587
1386601200,1.3723,1.3747,1.3715,1.3741,49171,63990.5,0,NaN,NaN,NaN,NaN,NaN,NaN,230943
1386630000,1.3737,1.3769,1.3735,1.3747,17915,61799.7,0,NaN,NaN,NaN,NaN,NaN,NaN,230943
1386658800,1.3746,1.3793,1.374,1.3784,73710,63663.4,0,NaN,NaN,NaN,NaN,NaN,NaN,230943
1386687600,1.3784,1.3796,1.3757,1.3761,58803,65779.3,0,NaN,NaN,NaN,NaN,NaN,NaN,199262
1386716400,1.376,1.3765,1.3747,1.3762,10881,61568,0,NaN,NaN,NaN,NaN,NaN,NaN,199262
1386745200,1.3763,1.3799,1.3741,1.3787,68847,61618.25,0,NaN,NaN,NaN,NaN,NaN,NaN,199262
1386774000,1.3787,1.3811,1.3763,1.3788,84609,65175.75,0,NaN,NaN,NaN,NaN,NaN,NaN,142884
1386802800,1.3787,1.3799,1.3773,1.3781,11248,61610.85,0,NaN,NaN,NaN,NaN,NaN,NaN,142884
1386831600,1.3781,1.3803,1.375,1.3775,77105,61930.7,0,NaN,NaN,NaN,NaN,NaN,NaN,142884
1386860400,1.3776,1.3778,1.3737,1.3754,53806,63982.2,0,NaN,NaN,NaN,NaN,NaN,NaN,91177
1386889200,1.3748,1.3759,1.3741,1.3751,11445,59181.65,0,NaN,NaN,NaN,NaN,NaN,NaN,91177
1386918000,1.375,1.3768,1.3708,1.3718,88486,58682.3,0,NaN,NaN,NaN,NaN,NaN,NaN,91177
1386946800,1.3717,1.3742,1.3711,1.3742,52209,60150.55,0,NaN,NaN,NaN,NaN,NaN,NaN,221700
1387148400,1.3737,1.3759,1.3734,1.3754,11904,51020.8,0,NaN,NaN,NaN,NaN,NaN,NaN,221700
1387177200,1.3754,1.3797,1.3736,1.3758,81023,50427.7,0,NaN,NaN,NaN,NaN,NaN,NaN,221700
1387206000,1.3758,1.3783,1.3741,1.3758,54584,52548.85,0,NaN,NaN,NaN,NaN,NaN,NaN,228083
1387234800,1.3757,1.3772,1.375,1.3771,7204,47094.3,0,NaN,NaN,NaN,NaN,NaN,NaN,228083
1387263600,1.377,1.378,1.3733,1.3736,76919,47748.15,0,NaN,NaN,NaN,NaN,NaN,NaN,228083
1387292400,1.3735,1.3774,1.3721,1.3765,59820,50142.15,0,NaN,NaN,NaN,NaN,NaN,NaN,227841
1387321200,1.3768,1.3773,1.3761,1.377,7044,47836.65,0,NaN,NaN,NaN,NaN,NaN,NaN,227841
1387350000,1.377,1.3776,1.373,1.3765,67539,48755.05,0,NaN,NaN,NaN,NaN,NaN,NaN,227841
1387378800,1.3765,1.3846,1.3673,1.3684,148939,55306.25,0,NaN,NaN,NaN,NaN,NaN,NaN,230401
1387407600,1.3674,1.3694,1.3649,1.3676,21147,52678.1,0,NaN,NaN,NaN,NaN,NaN,NaN,230401
1387436400,1.3677,1.369,1.3657,1.3661,86002,54038.05,0,NaN,NaN,NaN,NaN,NaN,NaN,230401
1387465200,1.3661,1.3675,1.3651,1.3661,65477,56767.85,0,NaN,NaN,NaN,NaN,NaN,NaN,232003
1387494000,1.3656,1.3658,1.3625,1.3633,18915,54271.25,0,NaN,NaN,NaN,NaN,NaN,NaN,232003
1387522800,1.3632,1.3676,1.3625,1.3674,81335,54107.55,0,NaN,NaN,NaN,NaN,NaN,NaN,232003
1387551600,1.3675,1.3709,1.3664,1.3673,77159,57403.1,0,NaN,NaN,NaN,NaN,NaN,NaN,236220
1387753200,1.367,1.3694,1.367,1.3683,7766,53936.15,0,NaN,NaN,NaN,NaN,NaN,NaN,236220
1387782000,1.3682,1.3706,1.3673,1.3697,38510,53171.35,0,NaN,NaN,NaN,NaN,NaN,NaN,236220
1387810800,1.3697,1.3716,1.3688,1.3694,34324,54315.3,0,NaN,NaN,NaN,NaN,NaN,NaN,236927
1387839600,1.3696,1.3699,1.3675,1.3685,7742,50278.1,0,NaN,NaN,NaN,NaN,NaN,NaN,236927
1387868400,1.3685,1.369,1.3654,1.3664,19625,48648.9,0,NaN,NaN,NaN,NaN,NaN,NaN,236927
1387897200,1.3663,1.3682,1.366,1.3679,6871,48397.25,0,NaN,NaN,NaN,NaN,NaN,NaN,236868
1388041200,1.3686,1.3699,1.3679,1.3686,13514,45021.8,0,NaN,NaN,NaN,NaN,NaN,NaN,236868
1388070000,1.3685,1.3698,1.3682,1.3692,11319,42858.55,0,NaN,NaN,NaN,NaN,NaN,NaN,236166
1388098800,1.3688,1.3768,1.3687,1.3762,20679,43532.3,0,NaN,NaN,NaN,NaN,NaN,NaN,236166
1388127600,1.3762,1.3893,1.3757,1.3799,104687,44920.7,0,NaN,NaN,NaN,NaN,NaN,NaN,236166
1388156400,1.3799,1.3808,1.373,1.3745,47705,44314.95,0,NaN,NaN,NaN,NaN,NaN,NaN,240811
1388358000,1.3759,1.3763,1.3728,1.3739,12622,44593.85,0,NaN,NaN,NaN,NaN,NaN,NaN,240811
1388386800,1.3738,1.38,1.3735,1.3793,49605,43697.15,0,NaN,NaN,NaN,NaN,NaN,NaN,240811
1388415600,1.3793,1.3819,1.3793,1.3806,35427,38021.55,0,NaN,NaN,NaN,NaN,NaN,NaN,241463
1388444400,1.3796,1.3812,1.3786,1.3788,5436,37236,0,NaN,NaN,NaN,NaN,NaN,NaN,241463
1388473200,1.3789,1.3797,1.3759,1.3775,29237,34397.75,0,NaN,NaN,NaN,NaN,NaN,NaN,241463
1388502000,1.3776,1.3794,1.3742,1.3746,29916,32619.7,0,NaN,NaN,NaN,NaN,NaN,NaN,238614
1388646000,1.3726,1.3727,1.3635,1.3646,97618,36554.85,0,NaN,NaN,NaN,NaN,NaN,NaN,238614
1388674800,1.3645,1.3677,1.363,1.3672,75843,36280.25,0,NaN,NaN,NaN,NaN,NaN,NaN,239112
1388703600,1.3667,1.3672,1.3644,1.3653,12518,33048.2,0,NaN,NaN,NaN,NaN,NaN,NaN,239112
1388732400,1.3652,1.3661,1.3604,1.3609,84078,36863.8,0,NaN,NaN,NaN,NaN,NaN,NaN,239112
1388761200,1.3609,1.3617,1.3582,1.3587,51745,37525.55,0,NaN,NaN,NaN,NaN,NaN,NaN,237778
1388962800,1.3596,1.3602,1.3571,1.3586,16625,36640.6,0,NaN,NaN,NaN,NaN,NaN,NaN,237778
1388991600,1.3585,1.3622,1.3576,1.3615,78610,40184,0,NaN,NaN,NaN,NaN,NaN,NaN,237778
1389020400,1.3615,1.3653,1.3614,1.3627,65247,42465.1,0,NaN,NaN,NaN,NaN,NaN,NaN,233579
1389049200,1.3634,1.3634,1.3611,1.362,11651,42704.1,0,NaN,NaN,NaN,NaN,NaN,NaN,233579
1389078000,1.362,1.3656,1.3613,1.3621,83201,46188.45,0,NaN,NaN,NaN,NaN,NaN,NaN,233579
1389106800,1.3621,1.364,1.3596,1.3614,70307,49137.85,0,NaN,NaN,NaN,NaN,NaN,NaN,234930
1389135600,1.3616,1.3634,1.3604,1.3629,12024,48705.1,0,NaN,NaN,NaN,NaN,NaN,NaN,234930
1389164400,1.3628,1.3628,1.3566,1.36,101664,48553.95,0,NaN,NaN,NaN,NaN,NaN,NaN,234930
1389193200,1.3601,1.3618,1.3552,1.3575,91448,50741.1,0,NaN,NaN,NaN,NaN,NaN,NaN,238557
1389222000,1.3576,1.3594,1.3566,1.3593,11749,50697.45,0,NaN,NaN,NaN,NaN,NaN,NaN,238557
1389250800,1.3593,1.3633,1.3547,1.3569,163525,56393.45,0,NaN,NaN,NaN,NaN,NaN,NaN,238557
1389279600,1.3569,1.361,1.3568,1.3607,65919,57918.05,0,NaN,NaN,NaN,NaN,NaN,NaN,240207
1389308400,1.3602,1.362,1.36,1.361,9336,58113.05,0,NaN,NaN,NaN,NaN,NaN,NaN,240207
1389337200,1.361,1.3679,1.3571,1.3674,148384,64070.4,0,NaN,NaN,NaN,NaN,NaN,NaN,240207
1389366000,1.3675,1.3687,1.3656,1.3668,72074,66178.3,0,NaN,NaN,NaN,NaN,NaN,NaN,236904
1389567600,1.3666,1.3685,1.3662,1.3671,10372,61816,0,NaN,NaN,NaN,NaN,NaN,NaN,236904
1389596400,1.3671,1.3681,1.3637,1.3653,78266,61937.15,0,NaN,NaN,NaN,NaN,NaN,NaN,236904
1389625200,1.3652,1.3677,1.3642,1.3673,49339,63778.2,0,NaN,NaN,NaN,NaN,NaN,NaN,237569
1389654000,1.3669,1.3671,1.3656,1.3663,9145,60031.55,0,NaN,NaN,NaN,NaN,NaN,NaN,237569
1389682800,1.3663,1.37,1.3649,1.367,96243,62256.45,0,NaN,NaN,NaN,NaN,NaN,NaN,237569
1389711600,1.3671,1.369,1.367,1.368,60608,64455.6,0,NaN,NaN,NaN,NaN,NaN,NaN,239395
1389740400,1.3675,1.3675,1.3626,1.3639,22073,61628.75,0,NaN,NaN,NaN,NaN,NaN,NaN,239395
1389769200,1.3639,1.3644,1.3584,1.3588,115065,64119.65,0,NaN,NaN,NaN,NaN,NaN,NaN,239395
1389798000,1.3588,1.3606,1.3579,1.3603,61853,66629.75,0,NaN,NaN,NaN,NaN,NaN,NaN,241206
1389826800,1.3601,1.3627,1.3585,1.3619,18567,63398.05,0,NaN,NaN,NaN,NaN,NaN,NaN,241206
1389855600,1.3619,1.3649,1.3591,1.3627,102704,65017.9,0,NaN,NaN,NaN,NaN,NaN,NaN,241206
1389884400,1.3626,1.3645,1.3581,1.3619,87071,68770.25,0,NaN,NaN,NaN,NaN,NaN,NaN,241248
1389913200,1.3615,1.3619,1.3607,1.3614,7203,64047.2,0,NaN,NaN,NaN,NaN,NaN,NaN,241248
1389942000,1.3614,1.362,1.3564,1.3577,93091,64129.35,0,NaN,NaN,NaN,NaN,NaN,NaN,241248
1389970800,1.3577,1.3579,1.3515,1.3532,104993,68791.55,0,NaN,NaN,NaN,NaN,NaN,NaN,253516
1390172400,1.353,1.354,1.3506,1.3539,14559,61343.25,0,NaN,NaN,NaN,NaN,NaN,NaN,253516
1390201200,1.3539,1.3565,1.3533,1.3559,45200,60307.3,0,NaN,NaN,NaN,NaN,NaN,NaN,253516
1390230000,1.3559,1.3567,1.3556,1.3558,10351,60358.05,0,NaN,NaN,NaN,NaN,NaN,NaN,253516
1390258800,1.3558,1.3559,1.3536,1.3549,16374,53757.55,0,NaN,NaN,NaN,NaN,NaN,NaN,253516
1390287600,1.3548,1.3561,1.3515,1.3534,92653,54786.5,0,NaN,NaN,NaN,NaN,NaN,NaN,253516
1390316400,1.3535,1.3568,1.3528,1.3559,60787,57307.25,0,NaN,NaN,NaN,NaN,NaN,NaN,250829
1390345200,1.3559,1.3579,1.355,1.3554,15810,54184.45,0,NaN,NaN,NaN,NaN,NaN,NaN,250829
1390374000,1.3554,1.3583,1.3533,1.356,76562,55545.6,0,NaN,NaN,NaN,NaN,NaN,NaN,250829
1390402800,1.356,1.3572,1.3538,1.3546,50707,57623.7,0,NaN,NaN,NaN,NaN,NaN,NaN,249213
1390431600,1.3545,1.3556,1.3529,1.3549,15201,53571.6,0,NaN,NaN,NaN,NaN,NaN,NaN,249213
1390460400,1.3549,1.3669,1.3543,1.3664,167682,58925.3,0,NaN,NaN,NaN,NaN,NaN,NaN,249213
1390489200,1.3664,1.3699,1.3662,1.3696,117498,63696.55,0,NaN,NaN,NaN,NaN,NaN,NaN,252800
1390518000,1.3692,1.3705,1.3678,1.3681,20039,58945.25,0,NaN,NaN,NaN,NaN,NaN,NaN,252800
1390546800,1.3681,1.374,1.3662,1.3684,150597,63382.45,0,NaN,NaN,NaN,NaN,NaN,NaN,252800
1390575600,1.3684,1.3691,1.3668,1.3676,69951,65951.65,0,NaN,NaN,NaN,NaN,NaN,NaN,250668
1390777200,1.3681,1.369,1.3676,1.3679,10753,61354.1,0,NaN,NaN,NaN,NaN,NaN,NaN,250668
1390806000,1.368,1.3717,1.3652,1.3662,95161,61758.6,0,NaN,NaN,NaN,NaN,NaN,NaN,250668
1390834800,1.3663,1.3681,1.3657,1.3674,54738,64135.35,0,NaN,NaN,NaN,NaN,NaN,NaN,250953
1390863600,1.3674,1.3688,1.3666,1.3685,10720,60016.8,0,NaN,NaN,NaN,NaN,NaN,NaN,250953
1390892400,1.3685,1.3685,1.3628,1.3673,105059,60020.1,0,NaN,NaN,NaN,NaN,NaN,NaN,250953
1390921200,1.3672,1.3673,1.3652,1.3668,45706,61577.45,0,NaN,NaN,NaN,NaN,NaN,NaN,251905
1390950000,1.3655,1.3668,1.3647,1.3663,10006,59817.75,0,NaN,NaN,NaN,NaN,NaN,NaN,251905
1390978800,1.3662,1.3684,1.3602,1.3662,151528,66876.6,0,NaN,NaN,NaN,NaN,NaN,NaN,251905
1391007600,1.3663,1.3676,1.3636,1.3663,85705,70343.15,0,NaN,NaN,NaN,NaN,NaN,NaN,253548
1391036400,1.3663,1.3664,1.3643,1.3656,9795,66200.25,0,NaN,NaN,NaN,NaN,NaN,NaN,253548
1391065200,1.3656,1.3657,1.3566,1.3576,160269,71174.35,0,NaN,NaN,NaN,NaN,NaN,NaN,253548
1391094000,1.3577,1.3588,1.3543,1.3553,85513,74659.5,0,NaN,NaN,NaN,NaN,NaN,NaN,249993
1391122800,1.3557,1.3558,1.3538,1.3539,13432,71503,0,NaN,NaN,NaN,NaN,NaN,NaN,249993
1391151600,1.3538,1.3574,1.3482,1.3486,192243,78579.8,0,NaN,NaN,NaN,NaN,NaN,NaN,249993
1391180400,1.3486,1.351,1.3479,1.3485,103558,82997.65,0,NaN,NaN,NaN,NaN,NaN,NaN,254566
1391382000,1.3488,1.3497,1.348,1.3495,12876,75257.35,0,NaN,NaN,NaN,NaN,NaN,NaN,254566
1391410800,1.3495,1.3519,1.3476,1.3487,102857,74525.3,0,NaN,NaN,NaN,NaN,NaN,NaN,254566
1391439600,1.3489,1.3536,1.3489,1.3525,106972,78871.95,0,NaN,NaN,NaN,NaN,NaN,NaN,254739
1391468400,1.3527,1.3539,1.3503,1.3529,17918,72238,0,NaN,NaN,NaN,NaN,NaN,NaN,254739
1391497200,1.353,1.3535,1.3493,1.3511,102475,73864.2,0,NaN,NaN,NaN,NaN,NaN,NaN,254739
1391526000,1.351,1.3522,1.3494,1.3519,59347,76293.9,0,NaN,NaN,NaN,NaN,NaN,NaN,255233
1391554800,1.3515,1.3527,1.3498,1.3506,10117,72041.7,0,NaN,NaN,NaN,NaN,NaN,NaN,255233
1391583600,1.3506,1.3556,1.3503,1.3517,112593,74934.45,0,NaN,NaN,NaN,NaN,NaN,NaN,255233
1391612400,1.3517,1.3546,1.3503,1.3533,85186,78657.75,0,NaN,NaN,NaN,NaN,NaN,NaN,251756
1391641200,1.3536,1.354,1.3515,1.352,11243,73966.95,0,NaN,NaN,NaN,NaN,NaN,NaN,251756
1391670000,1.3519,1.362,1.3481,1.3605,228523,83107.8,0,NaN,NaN,NaN,NaN,NaN,NaN,251756
1391698800,1.3605,1.3615,1.3585,1.3591,65800,85897.5,0,NaN,NaN,NaN,NaN,NaN,NaN,251263
1391727600,1.359,1.3594,1.3585,1.3586,6989,78670.55,0,NaN,NaN,NaN,NaN,NaN,NaN,251263
1391756400,1.3585,1.3646,1.3551,1.3587,164118,82591.2,0,NaN,NaN,NaN,NaN,NaN,NaN,251263
1391785200,1.3588,1.364,1.3585,1.3637,63866,85294.75,0,NaN,NaN,NaN,NaN,NaN,NaN,251131
1391986800,1.3624,1.363,1.3618,1.3626,9394,77751,0,NaN,NaN,NaN,NaN,NaN,NaN,251131
1392015600,1.3627,1.3651,1.3623,1.3632,65536,76752.15,0,NaN,NaN,NaN,NaN,NaN,NaN,251131
1392044400,1.3632,1.3651,1.3628,1.3646,46115,78386.3,0,NaN,NaN,NaN,NaN,NaN,NaN,255922
1392073200,1.3644,1.3678,1.3643,1.3659,12751,69411.7,0,NaN,NaN,NaN,NaN,NaN,NaN,255922
1392102000,1.3659,1.3683,1.3629,1.3648,104266,69447.1,0,NaN,NaN,NaN,NaN,NaN,NaN,255922
1392130800,1.3649,1.368,1.3635,1.3637,74039,72505.25,0,NaN,NaN,NaN,NaN,NaN,NaN,260302
1392159600,1.3636,1.3647,1.3626,1.3644,12132,67969,0,NaN,NaN,NaN,NaN,NaN,NaN,260302
1392188400,1.3643,1.3653,1.3562,1.3574,143466,69793.7,0,NaN,NaN,NaN,NaN,NaN,NaN,260302
1392217200,1.3573,1.3598,1.357,1.3591,66975,72246.55,0,NaN,NaN,NaN,NaN,NaN,NaN,259785
1392246000,1.3596,1.3638,1.3585,1.3624,21875,68216.55,0,NaN,NaN,NaN,NaN,NaN,NaN,259785
1392274800,1.3624,1.3692,1.3619,1.3668,126328,71565.6,0,NaN,NaN,NaN,NaN,NaN,NaN,259785
1392303600,1.3669,1.3684,1.3664,1.3678,47705,73445,0,NaN,NaN,NaN,NaN,NaN,NaN,265081
1392332400,1.3678,1.3691,1.3673,1.3679,13778,68504.25,0,NaN,NaN,NaN,NaN,NaN,NaN,265081
1392361200,1.368,1.3716,1.3679,1.3686,94476,68968.75,0,NaN,NaN,NaN,NaN,NaN,NaN,265081
1392390000,1.3686,1.3702,1.3683,1.3698,34462,70129.7,0,NaN,NaN,NaN,NaN,NaN,NaN,265842
1392591600,1.3702,1.3725,1.3695,1.3715,11936,59300.35,0,NaN,NaN,NaN,NaN,NaN,NaN,265842
1392620400,1.3714,1.3717,1.3691,1.3704,42960,58158.35,0,NaN,NaN,NaN,NaN,NaN,NaN,265842
1392649200,1.3704,1.3711,1.3696,1.3698,7619,58189.85,0,NaN,NaN,NaN,NaN,NaN,NaN,265842
1392678000,1.3704,1.3717,1.3695,1.3707,13102,50639.05,0,NaN,NaN,NaN,NaN,NaN,NaN,265842
1392706800,1.3708,1.3771,1.3704,1.3758,108400,52865.75,0,NaN,NaN,NaN,NaN,NaN,NaN,265842
1392735600,1.3759,1.3766,1.3749,1.3758,49172,54854.65,0,NaN,NaN,NaN,NaN,NaN,NaN,269729
1392764400,1.3759,1.3773,1.3756,1.3756,13568,52256.25,0,NaN,NaN,NaN,NaN,NaN,NaN,269729
1392793200,1.3757,1.3762,1.3739,1.3754,59988,52949.9,0,NaN,NaN,NaN,NaN,NaN,NaN,269729
1392822000,1.3754,1.3765,1.3725,1.3732,55245,55074.6,0,NaN,NaN,NaN,NaN,NaN,NaN,269078
1392850800,1.3734,1.3762,1.3728,1.375,14716,50597.1,0,NaN,NaN,NaN,NaN,NaN,NaN,269078
1392879600,1.3751,1.3754,1.368,1.3715,113969,52593.6,0,NaN,NaN,NaN,NaN,NaN,NaN,269078
1392908400,1.3716,1.373,1.3687,1.3718,51515,54562.75,0,NaN,NaN,NaN,NaN,NaN,NaN,270607
1392937200,1.3722,1.3723,1.3714,1.3717,5419,47660.4,0,NaN,NaN,NaN,NaN,NaN,NaN,270607
1392966000,1.3718,1.3751,1.3702,1.3746,56627,47143,0,NaN,NaN,NaN,NaN,NaN,NaN,270607
1392994800,1.3747,1.3759,1.372,1.374,72735,49686,0,NaN,NaN,NaN,NaN,NaN,NaN,270163
1393196400,1.3739,1.3745,1.3728,1.3742,8083,43773.75,0,NaN,NaN,NaN,NaN,NaN,NaN,270163
1393225200,1.3742,1.3773,1.3711,1.3713,70499,44913.45,0,NaN,NaN,NaN,NaN,NaN,NaN,270163
1393254000,1.3712,1.3748,1.3708,1.3737,41258,46287.45,0,NaN,NaN,NaN,NaN,NaN,NaN,270985
1393282800,1.3735,1.3746,1.3729,1.3744,6990,41913.15,0,NaN,NaN,NaN,NaN,NaN,NaN,270985
1393311600,1.3745,1.3767,1.3737,1.3758,67897,43584.9,0,NaN,NaN,NaN,NaN,NaN,NaN,270985
1393340400,1.3759,1.3764,1.3715,1.3746,90435,47509.85,0,NaN,NaN,NaN,NaN,NaN,NaN,273269
1393369200,1.3746,1.3749,1.3737,1.3743,7811,45752.4,0,NaN,NaN,NaN,NaN,NaN,NaN,273269
1393398000,1.3743,1.3757,1.3675,1.3682,121883,51465.6,0,NaN,NaN,NaN,NaN,NaN,NaN,273269
1393426800,1.368,1.3688,1.3661,1.3686,73415,54481.25,0,NaN,NaN,NaN,NaN,NaN,NaN,275666
1393455600,1.3683,1.3697,1.3676,1.3687,10873,49604.9,0,NaN,NaN,NaN,NaN,NaN,NaN,275666
1393484400,1.3687,1.369,1.3643,1.3685,113614,52827,0,NaN,NaN,NaN,NaN,NaN,NaN,275666
1393513200,1.3685,1.3727,1.3673,1.3712,69848,55641,0,NaN,NaN,NaN,NaN,NaN,NaN,274032
1393542000,1.3708,1.3715,1.3694,1.3704,11557,53219.45,0,NaN,NaN,NaN,NaN,NaN,NaN,274032
1393570800,1.3705,1.3825,1.3703,1.3795,174303,59172.35,0,NaN,NaN,NaN,NaN,NaN,NaN,274032
1393599600,1.3794,1.3826,1.3792,1.3798,76571,62265.1,0,NaN,NaN,NaN,NaN,NaN,NaN,277437
1393801200,1.3786,1.3793,1.3772,1.3791,16489,57391.1,0,NaN,NaN,NaN,NaN,NaN,NaN,277437
1393830000,1.3791,1.3791,1.3758,1.3772,74642,58547.45,0,NaN,NaN,NaN,NaN,NaN,NaN,277437
1393858800,1.3771,1.3778,1.3726,1.3735,90634,62808.2,0,NaN,NaN,NaN,NaN,NaN,NaN,274715
1393887600,1.3737,1.3769,1.3721,1.3752,19024,60928.05,0,NaN,NaN,NaN,NaN,NaN,NaN,274715
1393916400,1.3752,1.3783,1.3744,1.3756,81472,61364.9,0,NaN,NaN,NaN,NaN,NaN,NaN,274715
1393945200,1.3756,1.3759,1.3725,1.3743,46456,63283.55,0,NaN,NaN,NaN,NaN,NaN,NaN,275638
1393974000,1.374,1.3742,1.3726,1.3727,8653,60191.25,0,NaN,NaN,NaN,NaN,NaN,NaN,275638
1394002800,1.3727,1.375,1.3707,1.3734,103836,63320.15,0,NaN,NaN,NaN,NaN,NaN,NaN,275638
1394031600,1.3733,1.3747,1.3725,1.3734,44302,65185.75,0,NaN,NaN,NaN,NaN,NaN,NaN,273896
1394060400,1.3736,1.3737,1.3722,1.373,8604,62221.1,0,NaN,NaN,NaN,NaN,NaN,NaN,273896
1394089200,1.373,1.3847,1.3711,1.3846,219570,68677.85,0,NaN,NaN,NaN,NaN,NaN,NaN,273896
1394118000,1.3846,1.3873,1.3834,1.3861,85060,72540.3,0,NaN,NaN,NaN,NaN,NaN,NaN,276891
1394146800,1.386,1.3867,1.3856,1.3859,9802,66936.25,0,NaN,NaN,NaN,NaN,NaN,NaN,276891
1394175600,1.386,1.3915,1.3852,1.3871,161634,71347.2,0,NaN,NaN,NaN,NaN,NaN,NaN,276891
1394204400,1.3871,1.388,1.3861,1.3878,48730,73240.05,0,NaN,NaN,NaN,NaN,NaN,NaN,270309
1394402400,1.3873,1.3892,1.3872,1.3882,8969,68007.8,0,NaN,NaN,NaN,NaN,NaN,NaN,270309
1394431200,1.3881,1.3898,1.3867,1.3884,63052,67668,0,NaN,NaN,NaN,NaN,NaN,NaN,270309
1394460000,1.3884,1.3887,1.3862,1.3876,47912,69485.75,0,NaN,NaN,NaN,NaN,NaN,NaN,247820
1394488800,1.388,1.388,1.3861,1.3863,8789,61210.05,0,NaN,NaN,NaN,NaN,NaN,NaN,247820
1394517600,1.3863,1.3872,1.3834,1.3853,71005,60931.75,0,NaN,NaN,NaN,NaN,NaN,NaN,247820
1394546400,1.3854,1.3877,1.3854,1.3859,53542,62784.4,0,NaN,NaN,NaN,NaN,NaN,NaN,220045
1394575200,1.3859,1.3864,1.385,1.3855,8504,59477.5,0,NaN,NaN,NaN,NaN,NaN,NaN,220045
1394604000,1.3855,1.3906,1.3843,1.3893,84375,59164.55,0,NaN,NaN,NaN,NaN,NaN,NaN,220045
1394632800,1.3893,1.3915,1.388,1.3902,59989,61212.8,0,NaN,NaN,NaN,NaN,NaN,NaN,161150
1394661600,1.3903,1.3949,1.3897,1.3939,21608,58219.6,0,NaN,NaN,NaN,NaN,NaN,NaN,161150
1394690400,1.3939,1.3967,1.3932,1.3951,77750,59784.3,0,NaN,NaN,NaN,NaN,NaN,NaN,161150
1394719200,1.3949,1.3953,1.3845,1.3869,124694,65586.35,0,NaN,NaN,NaN,NaN,NaN,NaN,108926
1394748000,1.387,1.3875,1.3847,1.3848,12414,61015.25,0,NaN,NaN,NaN,NaN,NaN,NaN,108926
1394776800,1.3848,1.3915,1.3848,1.3913,85821,63091.2,0,NaN,NaN,NaN,NaN,NaN,NaN,108926
1394805600,1.3913,1.3937,1.3895,1.3914,78635,66592.75,0,NaN,NaN,NaN,NaN,NaN,NaN,247703
1395007200,1.3912,1.3914,1.3899,1.39,8766,56052.55,0,NaN,NaN,NaN,NaN,NaN,NaN,247703
1395036000,1.39,1.3943,1.3878,1.3936,73453,55472.2,0,NaN,NaN,NaN,NaN,NaN,NaN,247703
1395064800,1.3936,1.3947,1.3918,1.3923,47615,57362.85,0,NaN,NaN,NaN,NaN,NaN,NaN,253762
1395093600,1.392,1.3936,1.3918,1.3929,6157,49589,0,NaN,NaN,NaN,NaN,NaN,NaN,253762
1395122400,1.393,1.3942,1.3888,1.3902,91898,51747.4,0,NaN,NaN,NaN,NaN,NaN,NaN,253762
1395151200,1.3902,1.3934,1.3878,1.3933,59017,54249.8,0,NaN,NaN,NaN,NaN,NaN,NaN,257305
1395180000,1.3932,1.3933,1.3915,1.3918,7290,51461.7,0,NaN,NaN,NaN,NaN,NaN,NaN,257305
1395208800,1.3917,1.3929,1.3903,1.3915,46983,51415.25,0,NaN,NaN,NaN,NaN,NaN,NaN,257305
1395237600,1.3916,1.3924,1.3808,1.3829,131346,57543.1,0,NaN,NaN,NaN,NaN,NaN,NaN,255431
1395266400,1.3818,1.3838,1.3815,1.3831,11413,54563.5,0,NaN,NaN,NaN,NaN,NaN,NaN,255431
1395295200,1.3832,1.3844,1.3755,1.3767,114589,57615.85,0,NaN,NaN,NaN,NaN,NaN,NaN,255431
1395324000,1.3766,1.3788,1.3747,1.3777,76327,61007,0,NaN,NaN,NaN,NaN,NaN,NaN,255178
1395352800,1.378,1.3786,1.3774,1.3783,5838,57080.15,0,NaN,NaN,NaN,NaN,NaN,NaN,255178
1395381600,1.3784,1.3809,1.3764,1.3806,79743,58067.85,0,NaN,NaN,NaN,NaN,NaN,NaN,255178
1395410400,1.3806,1.3809,1.3778,1.3792,54786,59726.75,0,NaN,NaN,NaN,NaN,NaN,NaN,254031
1395612000,1.3798,1.3803,1.3784,1.3803,8853,56281.9,0,NaN,NaN,NaN,NaN,NaN,NaN,254031
1395640800,1.3803,1.3839,1.3758,1.3773,81851,54139.75,0,NaN,NaN,NaN,NaN,NaN,NaN,254031
1395669600,1.3773,1.3875,1.3765,1.3837,97607,58399.4,0,NaN,NaN,NaN,NaN,NaN,NaN,257469
1395698400,1.3837,1.3838,1.3824,1.3825,9096,54563.15,0,NaN,NaN,NaN,NaN,NaN,NaN,257469
1395727200,1.3825,1.3845,1.3775,1.3782,94189,55340.85,0,NaN,NaN,NaN,NaN,NaN,NaN,257469
1395756000,1.378,1.3844,1.3747,1.3826,137221,61763.6,0,NaN,NaN,NaN,NaN,NaN,NaN,254711
1395784800,1.3826,1.3826,1.3803,1.3805,7326,58457.25,0,NaN,NaN,NaN,NaN,NaN,NaN,254711
1395813600,1.3804,1.382,1.3779,1.3793,66612,59407.1,0,NaN,NaN,NaN,NaN,NaN,NaN,254711
1395842400,1.3793,1.3808,1.3774,1.3779,69027,62550.6,0,NaN,NaN,NaN,NaN,NaN,NaN,253124
1395871200,1.3782,1.3795,1.3775,1.3788,9361,58423.75,0,NaN,NaN,NaN,NaN,NaN,NaN,253124
1395900000,1.3788,1.3789,1.3738,1.377,94571,60201.45,0,NaN,NaN,NaN,NaN,NaN,NaN,253124
1395928800,1.3768,1.3774,1.3727,1.3741,69380,63305.95,0,NaN,NaN,NaN,NaN,NaN,NaN,249892
1395957600,1.3741,1.3751,1.3737,1.3747,7665,61340.05,0,NaN,NaN,NaN,NaN,NaN,NaN,249892
1395986400,1.3747,1.3769,1.3702,1.3754,106831,60114.3,0,NaN,NaN,NaN,NaN,NaN,NaN,249892
1396015200,1.3754,1.3772,1.3743,1.3752,50261,62056.7,0,NaN,NaN,NaN,NaN,NaN,NaN,252116
1396216800,1.3751,1.3762,1.3743,1.3754,8964,56775.45,0,NaN,NaN,NaN,NaN,NaN,NaN,252116
1396245600,1.3754,1.3808,1.3717,1.3793,135772,59747.7,0,NaN,NaN,NaN,NaN,NaN,NaN,252116
1396274400,1.3792,1.3805,1.3762,1.3768,63815,62646.55,0,NaN,NaN,NaN,NaN,NaN,NaN,252598
1396303200,1.3773,1.3776,1.3768,1.3776,7358,59027.3,0,NaN,NaN,NaN,NaN,NaN,NaN,252598
1396332000,1.3775,1.3814,1.3772,1.3798,58808,59228.4,0,NaN,NaN,NaN,NaN,NaN,NaN,252598
1396360800,1.38,1.3812,1.3788,1.379,47562,61163.85,0,NaN,NaN,NaN,NaN,NaN,NaN,252351
1396389600,1.3793,1.381,1.379,1.3806,5847,57363.65,0,NaN,NaN,NaN,NaN,NaN,NaN,252351
1396418400,1.3806,1.3818,1.3772,1.3778,63517,55659.15,0,NaN,NaN,NaN,NaN,NaN,NaN,252351
1396447200,1.378,1.378,1.3751,1.3766,52814,57845.05,0,NaN,NaN,NaN,NaN,NaN,NaN,250764
1396476000,1.3766,1.377,1.3753,1.3759,8621,53566.65,0,NaN,NaN,NaN,NaN,NaN,NaN,250764
1396504800,1.3758,1.3808,1.3708,1.3716,207293,57070.25,0,NaN,NaN,NaN,NaN,NaN,NaN,250764
1396533600,1.3717,1.372,1.3696,1.3719,64703,59939.1,0,NaN,NaN,NaN,NaN,NaN,NaN,258175
1396562400,1.3716,1.3721,1.3701,1.3702,7425,56979.75,0,NaN,NaN,NaN,NaN,NaN,NaN,258175
1396591200,1.3703,1.3729,1.3678,1.3691,109286,58992.7,0,NaN,NaN,NaN,NaN,NaN,NaN,258175
1396620000,1.3691,1.3717,1.3669,1.3703,106731,63861.2,0,NaN,NaN,NaN,NaN,NaN,NaN,252429
1396821600,1.3698,1.3703,1.3694,1.3702,5368,59401.05,0,NaN,NaN,NaN,NaN,NaN,NaN,252429
1396850400,1.3702,1.3744,1.3699,1.3738,64108,59137.45,0,NaN,NaN,NaN,NaN,NaN,NaN,252429
1396879200,1.3738,1.3747,1.3732,1.374,34444,60476.4,0,NaN,NaN,NaN,NaN,NaN,NaN,251419
1396908000,1.3741,1.3746,1.3738,1.3744,5558,55412.75,0,NaN,NaN,NaN,NaN,NaN,NaN,251419
1396936800,1.3743,1.3806,1.3735,1.3796,92040,57501.7,0,NaN,NaN,NaN,NaN,NaN,NaN,251419
1396965600,1.3795,1.381,1.3786,1.3796,59769,60041.95,0,NaN,NaN,NaN,NaN,NaN,NaN,253310
1396994400,1.3795,1.3796,1.3784,1.3789,7339,53620.3,0,NaN,NaN,NaN,NaN,NaN,NaN,253310
1397023200,1.3789,1.3813,1.3778,1.3812,52859,53072.5,0,NaN,NaN,NaN,NaN,NaN,NaN,253310
1397052000,1.3812,1.386,1.3795,1.3854,93512,57380.2,0,NaN,NaN,NaN,NaN,NaN,NaN,254882
1397080800,1.3851,1.3869,1.3842,1.3845,10527,54966.15,0,NaN,NaN,NaN,NaN,NaN,NaN,254882
1397109600,1.3846,1.3873,1.3834,1.3861,65433,55859.7,0,NaN,NaN,NaN,NaN,NaN,NaN,254882
1397138400,1.3862,1.3898,1.3862,1.3883,59640,58549.35,0,NaN,NaN,NaN,NaN,NaN,NaN,258163
1397167200,1.3885,1.3896,1.3882,1.3889,6588,55702.9,0,NaN,NaN,NaN,NaN,NaN,NaN,258163
1397196000,1.389,1.3903,1.3861,1.3879,61833,56153.85,0,NaN,NaN,NaN,NaN,NaN,NaN,258163
1397224800,1.3879,1.39,1.3878,1.3883,39901,57717.85,0,NaN,NaN,NaN,NaN,NaN,NaN,262058
1397426400,1.3856,1.3857,1.384,1.385,13208,48013.6,0,NaN,NaN,NaN,NaN,NaN,NaN,262058
1397455200,1.385,1.3862,1.3806,1.3822,76854,48621.15,0,NaN,NaN,NaN,NaN,NaN,NaN,262058
1397484000,1.3822,1.3827,1.3808,1.3818,43064,50403.1,0,NaN,NaN,NaN,NaN,NaN,NaN,263290
1397512800,1.3817,1.382,1.3811,1.3815,6744,45276,0,NaN,NaN,NaN,NaN,NaN,NaN,263290
1397541600,1.3814,1.3819,1.3787,1.3802,61002,42989.55,0,NaN,NaN,NaN,NaN,NaN,NaN,263290
1397570400,1.3802,1.3831,1.3799,1.3813,55940,45518.15,0,NaN,NaN,NaN,NaN,NaN,NaN,261475
1397599200,1.3811,1.3829,1.3805,1.3827,8189,42722.2,0,NaN,NaN,NaN,NaN,NaN,NaN,261475
1397628000,1.3827,1.3849,1.3814,1.3821,62418,44120.9,0,NaN,NaN,NaN,NaN,NaN,NaN,261475
1397656800,1.3821,1.3831,1.3802,1.3812,55463,46616.15,0,NaN,NaN,NaN,NaN,NaN,NaN,259045
1397685600,1.3814,1.3843,1.3813,1.384,8368,42432.55,0,NaN,NaN,NaN,NaN,NaN,NaN,259045
1397714400,1.384,1.3864,1.3835,1.3837,54804,42184.3,0,NaN,NaN,NaN,NaN,NaN,NaN,259045
1397743200,1.3838,1.3839,1.3809,1.3811,45615,44098.1,0,NaN,NaN,NaN,NaN,NaN,NaN,257894
1398031200,1.3817,1.3818,1.3803,1.3816,5864,41748.35,0,NaN,NaN,NaN,NaN,NaN,NaN,257894
1398060000,1.3816,1.3829,1.3803,1.381,12657,37705.6,0,NaN,NaN,NaN,NaN,NaN,NaN,257894
1398088800,1.381,1.3813,1.3785,1.3791,21986,38278.55,0,NaN,NaN,NaN,NaN,NaN,NaN,257148
1398117600,1.3792,1.3796,1.3787,1.3795,3959,35204.85,0,NaN,NaN,NaN,NaN,NaN,NaN,257148
1398146400,1.3795,1.3824,1.3782,1.3809,53914,34918.55,0,NaN,NaN,NaN,NaN,NaN,NaN,257148
1398175200,1.3808,1.3815,1.3787,1.3804,43956,36786.95,0,NaN,NaN,NaN,NaN,NaN,NaN,257012
1398204000,1.3803,1.3818,1.3797,1.3816,8178,34104.2,0,NaN,NaN,NaN,NaN,NaN,NaN,257012
1398232800,1.3816,1.3854,1.3798,1.3826,99896,37103.95,0,NaN,NaN,NaN,NaN,NaN,NaN,257012
1398261600,1.3826,1.3844,1.3809,1.3816,53925,39139.8,0,NaN,NaN,NaN,NaN,NaN,NaN,259956
1398290400,1.3814,1.3824,1.3813,1.382,5083,35551.25,0,NaN,NaN,NaN,NaN,NaN,NaN,259956
1398319200,1.3819,1.3842,1.3789,1.3813,104987,38647.4,0,NaN,NaN,NaN,NaN,NaN,NaN,259956
1398348000,1.3813,1.3832,1.3805,1.3831,46656,40643,0,NaN,NaN,NaN,NaN,NaN,NaN,257945
1398376800,1.3831,1.3835,1.3825,1.3828,6876,37936.7,0,NaN,NaN,NaN,NaN,NaN,NaN,257945
1398405600,1.3828,1.3849,1.3826,1.3842,49731,37626.25,0,NaN,NaN,NaN,NaN,NaN,NaN,257945
1398434400,1.3842,1.3844,1.3828,1.3831,38016,39117.6,0,NaN,NaN,NaN,NaN,NaN,NaN,260494
1398636000,1.384,1.3841,1.3812,1.3821,10221,36507.75,0,NaN,NaN,NaN,NaN,NaN,NaN,260494
1398664800,1.3821,1.3878,1.3816,1.386,84992,37984.2,0,NaN,NaN,NaN,NaN,NaN,NaN,260494
1398693600,1.3859,1.3865,1.3838,1.3849,55861,40358.85,0,NaN,NaN,NaN,NaN,NaN,NaN,263647
1398722400,1.3848,1.3868,1.3847,1.3865,8779,38057.6,0,NaN,NaN,NaN,NaN,NaN,NaN,263647
1398751200,1.3866,1.3877,1.381,1.3821,108917,41222.7,0,NaN,NaN,NaN,NaN,NaN,NaN,263647
1398780000,1.3822,1.3826,1.3804,1.381,54387,43648.85,0,NaN,NaN,NaN,NaN,NaN,NaN,259078
1398808800,1.381,1.3814,1.3799,1.38,8336,43432.8,0,NaN,NaN,NaN,NaN,NaN,NaN,259078
1398837600,1.38,1.3871,1.3768,1.3855,143288,49497.9,0,NaN,NaN,NaN,NaN,NaN,NaN,259078
1398866400,1.3855,1.3877,1.3854,1.3867,71309,52865.4,0,NaN,NaN,NaN,NaN,NaN,NaN,263235
1398895200,1.3865,1.3874,1.3864,1.3869,5253,50432.35,0,NaN,NaN,NaN,NaN,NaN,NaN,263235
1398924000,1.3869,1.3888,1.3866,1.3869,27989,49634,0,NaN,NaN,NaN,NaN,NaN,NaN,263235
1398952800,1.3869,1.3876,1.3862,1.3869,22580,50354.1,0,NaN,NaN,NaN,NaN,NaN,NaN,263342
1398981600,1.3867,1.387,1.3854,1.3858,5653,45641.95,0,NaN,NaN,NaN,NaN,NaN,NaN,263342
1399010400,1.3859,1.3867,1.3805,1.3819,102012,48046.3,0,NaN,NaN,NaN,NaN,NaN,NaN,263342
1399039200,1.3819,1.388,1.3816,1.3872,84776,52030.95,0,NaN,NaN,NaN,NaN,NaN,NaN,256378
1399240800,1.3873,1.3877,1.3864,1.387,5486,47055.9,0,NaN,NaN,NaN,NaN,NaN,NaN,256378
1399269600,1.387,1.3885,1.3868,1.3874,38802,46663.2,0,NaN,NaN,NaN,NaN,NaN,NaN,256378
1399298400,1.3874,1.3885,1.3871,1.3873,30986,47868.7,0,NaN,NaN,NaN,NaN,NaN,NaN,259417
1399327200,1.3874,1.3884,1.3871,1.3879,3837,45574,0,NaN,NaN,NaN,NaN,NaN,NaN,259417
1399356000,1.3879,1.395,1.3874,1.3931,108482,49097.3,0,NaN,NaN,NaN,NaN,NaN,NaN,259417
1399384800,1.3931,1.3935,1.3918,1.3926,48056,50989.05,0,NaN,NaN,NaN,NaN,NaN,NaN,263833
1399413600,1.3925,1.3934,1.3916,1.3918,7439,47111.4,0,NaN,NaN,NaN,NaN,NaN,NaN,263833
1399442400,1.3918,1.3938,1.3911,1.3926,64269,47531.8,0,NaN,NaN,NaN,NaN,NaN,NaN,263833
1399471200,1.3927,1.3937,1.3908,1.3909,55632,49874.45,0,NaN,NaN,NaN,NaN,NaN,NaN,262483
1399500000,1.391,1.3918,1.3904,1.3915,6657,44761.45,0,NaN,NaN,NaN,NaN,NaN,NaN,262483
1399528800,1.3914,1.3993,1.3868,1.3869,254431,54763.65,0,NaN,NaN,NaN,NaN,NaN,NaN,262483
1399557600,1.3869,1.3871,1.3831,1.3838,91828,58938.25,0,NaN,NaN,NaN,NaN,NaN,NaN,255377
1399586400,1.3839,1.3843,1.3831,1.3842,9312,52239.45,0,NaN,NaN,NaN,NaN,NaN,NaN,255377
1399615200,1.3841,1.3842,1.3766,1.3783,120156,54681.8,0,NaN,NaN,NaN,NaN,NaN,NaN,255377
1399644000,1.3783,1.3786,1.3743,1.3757,89956,58916.95,0,NaN,NaN,NaN,NaN,NaN,NaN,249940
1399845600,1.3755,1.3765,1.3747,1.3762,10025,58018.75,0,NaN,NaN,NaN,NaN,NaN,NaN,249940
1399874400,1.3761,1.3773,1.3753,1.3764,55677,59673.6,0,NaN,NaN,NaN,NaN,NaN,NaN,249940
1399903200,1.3764,1.3768,1.3752,1.3755,34883,61135.1,0,NaN,NaN,NaN,NaN,NaN,NaN,244305
1399932000,1.3757,1.3765,1.3751,1.3759,6823,56375.65,0,NaN,NaN,NaN,NaN,NaN,NaN,244305
1399960800,1.3759,1.377,1.3697,1.3723,138429,59058.3,0,NaN,NaN,NaN,NaN,NaN,NaN,244305
1399989600,1.3722,1.3726,1.3687,1.3702,62104,61889.2,0,NaN,NaN,NaN,NaN,NaN,NaN,251879
1400018400,1.3701,1.372,1.3697,1.3715,10906,60494.4,0,NaN,NaN,NaN,NaN,NaN,NaN,251879
1400047200,1.3714,1.373,1.3701,1.371,76199,62755.05,0,NaN,NaN,NaN,NaN,NaN,NaN,251879
1400076000,1.371,1.3719,1.3701,1.3713,58655,65495.95,0,NaN,NaN,NaN,NaN,NaN,NaN,251694
1400104800,1.3712,1.3722,1.371,1.3715,6924,60418.05,0,NaN,NaN,NaN,NaN,NaN,NaN,251694
1400133600,1.3715,1.372,1.3645,1.3672,122539,64142.2,0,NaN,NaN,NaN,NaN,NaN,NaN,251694
1400162400,1.3672,1.3731,1.3669,1.3707,100683,68804.4,0,NaN,NaN,NaN,NaN,NaN,NaN,251765
1400191200,1.3709,1.3718,1.3707,1.3713,6616,65921.75,0,NaN,NaN,NaN,NaN,NaN,NaN,251765
1400220000,1.3713,1.3726,1.3684,1.3711,72947,66787.5,0,NaN,NaN,NaN,NaN,NaN,NaN,251765
1400248800,1.3712,1.3714,1.3691,1.3691,37691,68339.2,0,NaN,NaN,NaN,NaN,NaN,NaN,249922
1400450400,1.3697,1.371,1.3694,1.3708,5989,55917.1,0,NaN,NaN,NaN,NaN,NaN,NaN,249922
1400479200,1.3708,1.3728,1.3703,1.3719,58978,54274.6,0,NaN,NaN,NaN,NaN,NaN,NaN,249922
1400508000,1.3718,1.3734,1.3701,1.3708,52436,56430.8,0,NaN,NaN,NaN,NaN,NaN,NaN,247247
1400536800,1.3708,1.3712,1.3705,1.3709,5792,50712.6,0,NaN,NaN,NaN,NaN,NaN,NaN,247247
1400565600,1.371,1.371,1.3676,1.3699,61492,49289.4,0,NaN,NaN,NaN,NaN,NaN,NaN,247247
1400594400,1.3699,1.3703,1.3687,1.3701,41515,50863.9,0,NaN,NaN,NaN,NaN,NaN,NaN,249049
1400623200,1.3698,1.3708,1.3697,1.3705,6449,48402.5,0,NaN,NaN,NaN,NaN,NaN,NaN,249049
1400652000,1.3706,1.3722,1.3651,1.3658,86087,50962.7,0,NaN,NaN,NaN,NaN,NaN,NaN,249049
1400680800,1.3658,1.3688,1.3632,1.3685,79660,54604.55,0,NaN,NaN,NaN,NaN,NaN,NaN,250045
1400709600,1.3685,1.3687,1.3662,1.3665,9036,48134.9,0,NaN,NaN,NaN,NaN,NaN,NaN,250045
1400738400,1.3665,1.3686,1.3645,1.3648,81085,49083.95,0,NaN,NaN,NaN,NaN,NaN,NaN,250045
1400767200,1.3648,1.3662,1.3644,1.3655,43914,50734.35,0,NaN,NaN,NaN,NaN,NaN,NaN,249593
1400796000,1.3655,1.3656,1.3639,1.3646,7106,47279.7,0,NaN,NaN,NaN,NaN,NaN,NaN,249593
1400824800,1.3645,1.365,1.3614,1.3632,74255,48059.7,0,NaN,NaN,NaN,NaN,NaN,NaN,249593
1400853600,1.3631,1.3642,1.3622,1.3627,35969,49511.95,0,NaN,NaN,NaN,NaN,NaN,NaN,250345
1401055200,1.3623,1.3628,1.3615,1.362,4945,43632.25,0,NaN,NaN,NaN,NaN,NaN,NaN,250345
1401084000,1.3621,1.3647,1.362,1.3641,24442,39820.2,0,NaN,NaN,NaN,NaN,NaN,NaN,250345
1401112800,1.3641,1.3654,1.364,1.3645,6835,39831.15,0,NaN,NaN,NaN,NaN,NaN,NaN,250345
1401141600,1.3645,1.3668,1.3642,1.3651,10241,36695.85,0,NaN,NaN,NaN,NaN,NaN,NaN,250345
1401170400,1.3651,1.3658,1.3625,1.3637,57027,37662.65,0,NaN,NaN,NaN,NaN,NaN,NaN,250345
1401199200,1.3636,1.3639,1.3612,1.3635,46773,39701.85,0,NaN,NaN,NaN,NaN,NaN,NaN,249648
1401228000,1.3634,1.3638,1.3626,1.3631,6028,37054.35,0,NaN,NaN,NaN,NaN,NaN,NaN,249648
1401256800,1.3632,1.3637,1.3595,1.36,81617,38513.4,0,NaN,NaN,NaN,NaN,NaN,NaN,249648
1401285600,1.36,1.3603,1.3586,1.359,51969,40822.25,0,NaN,NaN,NaN,NaN,NaN,NaN,246684
1401314400,1.3592,1.361,1.3592,1.36,9130,38204.15,0,NaN,NaN,NaN,NaN,NaN,NaN,246684
1401343200,1.36,1.3626,1.3586,1.36,69673,39612.05,0,NaN,NaN,NaN,NaN,NaN,NaN,246684
1401372000,1.3601,1.3624,1.3597,1.36,46076,41593.4,0,NaN,NaN,NaN,NaN,NaN,NaN,247361
1401400800,1.3601,1.3612,1.3598,1.3602,7281,37653.1,0,NaN,NaN,NaN,NaN,NaN,NaN,247361
1401429600,1.3602,1.3638,1.3598,1.3619,73646,37352.4,0,NaN,NaN,NaN,NaN,NaN,NaN,247361
1401458400,1.3619,1.365,1.3617,1.3631,68289,40315.05,0,NaN,NaN,NaN,NaN,NaN,NaN,246193
1401660000,1.3631,1.3636,1.362,1.3633,8586,36690.1,0,NaN,NaN,NaN,NaN,NaN,NaN,246193
1401688800,1.3634,1.3635,1.3593,1.3611,89503,38969.55,0,NaN,NaN,NaN,NaN,NaN,NaN,246193
1401717600,1.3611,1.3623,1.3586,1.3596,56887,41458.6,0,NaN,NaN,NaN,NaN,NaN,NaN,250099
1401746400,1.3597,1.3607,1.3592,1.3603,6531,38072.4,0,NaN,NaN,NaN,NaN,NaN,NaN,250099
1401775200,1.3602,1.3649,1.3585,1.3637,108193,41683.6,0,NaN,NaN,NaN,NaN,NaN,NaN,250099
1401804000,1.3638,1.3638,1.3618,1.3625,50420,43957.35,0,NaN,NaN,NaN,NaN,NaN,NaN,243573
1401832800,1.3626,1.3629,1.3609,1.3615,8143,43142.4,0,NaN,NaN,NaN,NaN,NaN,NaN,243573
1401861600,1.3616,1.3639,1.36,1.3618,85089,47055.1,0,NaN,NaN,NaN,NaN,NaN,NaN,243573
1401890400,1.3617,1.3625,1.3596,1.3599,54104,49248.25,0,NaN,NaN,NaN,NaN,NaN,NaN,244200
1401919200,1.36,1.3605,1.3594,1.3602,6619,46727.85,0,NaN,NaN,NaN,NaN,NaN,NaN,244200
1401948000,1.3602,1.365,1.3502,1.3584,339611,61369.75,0,NaN,NaN,NaN,NaN,NaN,NaN,244200
1401976800,1.3584,1.3671,1.3573,1.3662,152598,68698.25,0,NaN,NaN,NaN,NaN,NaN,NaN,246027
1402005600,1.3662,1.3665,1.3654,1.3656,6625,64948.65,0,NaN,NaN,NaN,NaN,NaN,NaN,246027
1402034400,1.3656,1.3677,1.3621,1.3632,134552,69077.8,0,NaN,NaN,NaN,NaN,NaN,NaN,246027
1402063200,1.3631,1.3649,1.3624,1.3642,52763,71259.45,0,NaN,NaN,NaN,NaN,NaN,NaN,241237
1402264800,1.3647,1.3648,1.3642,1.3646,4358,67993.7,0,NaN,NaN,NaN,NaN,NaN,NaN,241237
1402293600,1.3646,1.3669,1.3582,1.3584,91049,70242.35,0,NaN,NaN,NaN,NaN,NaN,NaN,241237
1402322400,1.3584,1.3596,1.3582,1.3594,42939,72025.25,0,NaN,NaN,NaN,NaN,NaN,NaN,226398
1402351200,1.3592,1.3594,1.3585,1.3588,5693,68627.6,0,NaN,NaN,NaN,NaN,NaN,NaN,226398
1402380000,1.3588,1.3601,1.3533,1.3554,96277,70027,0,NaN,NaN,NaN,NaN,NaN,NaN,226398
1402408800,1.3554,1.3555,1.3536,1.3548,43703,71782.85,0,NaN,NaN,NaN,NaN,NaN,NaN,198839
1402437600,1.3545,1.3548,1.3522,1.3544,10813,67848.35,0,NaN,NaN,NaN,NaN,NaN,NaN,198839
1402466400,1.3545,1.3557,1.3522,1.3538,69680,68488,0,NaN,NaN,NaN,NaN,NaN,NaN,198839
1402495200,1.3538,1.354,1.3526,1.3532,39895,70156.2,0,NaN,NaN,NaN,NaN,NaN,NaN,154426
1402524000,1.3533,1.3547,1.3532,1.3539,5463,65019.7,0,NaN,NaN,NaN,NaN,NaN,NaN,154426
1402552800,1.354,1.3549,1.3512,1.3542,65474,65772.4,0,NaN,NaN,NaN,NaN,NaN,NaN,154426
1402581600,1.3542,1.3572,1.3536,1.3551,54025,68066.5,0,NaN,NaN,NaN,NaN,NaN,NaN,111496
1402610400,1.3555,1.3569,1.3552,1.3565,7271,64175.6,0,NaN,NaN,NaN,NaN,NaN,NaN,111496
1402639200,1.3565,1.3583,1.3534,1.3544,72859,65113.35,0,NaN,NaN,NaN,NaN,NaN,NaN,111496
1402668000,1.3545,1.355,1.3525,1.3543,50091,67286.95,0,NaN,NaN,NaN,NaN,NaN,NaN,270613
1402869600,1.3544,1.3551,1.3535,1.3551,5429,50577.85,0,NaN,NaN,NaN,NaN,NaN,NaN,270613
1402898400,1.3552,1.3571,1.3517,1.3566,73173,46606.6,0,NaN,NaN,NaN,NaN,NaN,NaN,270613
1402927200,1.3566,1.3585,1.3564,1.3579,44488,48499.75,0,NaN,NaN,NaN,NaN,NaN,NaN,276219
1402956000,1.3578,1.3593,1.3562,1.3568,10664,42305.35,0,NaN,NaN,NaN,NaN,NaN,NaN,276219
1402984800,1.3568,1.3585,1.3541,1.3549,68963,43115.35,0,NaN,NaN,NaN,NaN,NaN,NaN,276219
1403013600,1.3549,1.3554,1.3541,1.3552,32192,44507.05,0,NaN,NaN,NaN,NaN,NaN,NaN,278496
1403042400,1.3551,1.3554,1.3548,1.355,4466,40177.9,0,NaN,NaN,NaN,NaN,NaN,NaN,278496
1403071200,1.3549,1.3582,1.3546,1.3579,54134,40737.65,0,NaN,NaN,NaN,NaN,NaN,NaN,278496
1403100000,1.358,1.3608,1.3551,1.3601,108364,45871.2,0,NaN,NaN,NaN,NaN,NaN,NaN,276695
1403128800,1.3591,1.3601,1.3589,1.3592,7448,41429.75,0,NaN,NaN,NaN,NaN,NaN,NaN,276695
1403157600,1.3592,1.3648,1.3592,1.3638,81141,43301.65,0,NaN,NaN,NaN,NaN,NaN,NaN,276695
1403186400,1.3638,1.3645,1.3606,1.3611,62909,45906.45,0,NaN,NaN,NaN,NaN,NaN,NaN,280207
1403215200,1.3611,1.3638,1.3609,1.3631,7793,42812.1,0,NaN,NaN,NaN,NaN,NaN,NaN,280207
1403244000,1.363,1.3631,1.3567,1.3586,77679,44701.3,0,NaN,NaN,NaN,NaN,NaN,NaN,280207
1403272800,1.3586,1.3605,1.3575,1.3603,46268,46741.55,0,NaN,NaN,NaN,NaN,NaN,NaN,279892
1403474400,1.3597,1.3617,1.359,1.3611,8118,43873.75,0,NaN,NaN,NaN,NaN,NaN,NaN,279892
1403503200,1.3611,1.3617,1.3577,1.3591,56028,43973.9,0,NaN,NaN,NaN,NaN,NaN,NaN,279892
1403532000,1.359,1.3609,1.3584,1.3607,37379,45479.3,0,NaN,NaN,NaN,NaN,NaN,NaN,280027
1403560800,1.3607,1.3608,1.3596,1.3598,5170,42094.85,0,NaN,NaN,NaN,NaN,NaN,NaN,280027
1403589600,1.3598,1.3632,1.3598,1.3621,74842,43332.4,0,NaN,NaN,NaN,NaN,NaN,NaN,280027
1403618400,1.362,1.3625,1.3587,1.361,76629,46892.4,0,NaN,NaN,NaN,NaN,NaN,NaN,283741
1403647200,1.3608,1.3614,1.3605,1.3611,4597,43463.6,0,NaN,NaN,NaN,NaN,NaN,NaN,283741
1403676000,1.3611,1.3656,1.3604,1.3639,92796,45879,0,NaN,NaN,NaN,NaN,NaN,NaN,283741
1403704800,1.364,1.365,1.363,1.3633,51962,47943.9,0,NaN,NaN,NaN,NaN,NaN,NaN,282489
1403733600,1.3633,1.3641,1.363,1.3641,5618,44776.65,0,NaN,NaN,NaN,NaN,NaN,NaN,282489
1403762400,1.3641,1.3645,1.3579,1.3591,109467,48640.4,0,NaN,NaN,NaN,NaN,NaN,NaN,282489
1403791200,1.3591,1.3621,1.3585,1.3615,60205,51427.35,0,NaN,NaN,NaN,NaN,NaN,NaN,284447
1403820000,1.3616,1.3634,1.3614,1.3628,8198,49130.55,0,NaN,NaN,NaN,NaN,NaN,NaN,284447
1403848800,1.3629,1.3639,1.3613,1.3634,59316,46678.15,0,NaN,NaN,NaN,NaN,NaN,NaN,284447
1403877600,1.3633,1.3656,1.3632,1.3652,50216,48816.55,0,NaN,NaN,NaN,NaN,NaN,NaN,283636
1404079200,1.3649,1.3653,1.3645,1.3645,5545,45036.75,0,NaN,NaN,NaN,NaN,NaN,NaN,283636
1404108000,1.3645,1.3668,1.3644,1.3667,57731,44777.85,0,NaN,NaN,NaN,NaN,NaN,NaN,283636
1404136800,1.3667,1.3702,1.366,1.3696,79734,48374.9,0,NaN,NaN,NaN,NaN,NaN,NaN,286886
1404165600,1.3697,1.37,1.3686,1.3688,7951,44888.5,0,NaN,NaN,NaN,NaN,NaN,NaN,286886
1404194400,1.3689,1.3701,1.3683,1.3688,53093,45229.75,0,NaN,NaN,NaN,NaN,NaN,NaN,286886
1404223200,1.3688,1.3705,1.3679,1.3682,56664,47657.05,0,NaN,NaN,NaN,NaN,NaN,NaN,282915
1404252000,1.3683,1.3687,1.3672,1.3674,5231,45117.2,0,NaN,NaN,NaN,NaN,NaN,NaN,282915
1404280800,1.3674,1.3685,1.3643,1.3656,64486,46472.55,0,NaN,NaN,NaN,NaN,NaN,NaN,282915
1404309600,1.3657,1.3664,1.3651,1.3663,35951,48011.6,0,NaN,NaN,NaN,NaN,NaN,NaN,281242
1404338400,1.3661,1.3663,1.3651,1.3652,5972,44568.1,0,NaN,NaN,NaN,NaN,NaN,NaN,281242
1404367200,1.3652,1.3668,1.3599,1.3607,113462,46409.75,0,NaN,NaN,NaN,NaN,NaN,NaN,281242
1404396000,1.3607,1.3624,1.3605,1.3612,39213,48140.55,0,NaN,NaN,NaN,NaN,NaN,NaN,282124
1404424800,1.3611,1.3615,1.3605,1.3609,4331,43717.3,0,NaN,NaN,NaN,NaN,NaN,NaN,282124
1404453600,1.3608,1.3609,1.3589,1.3592,21135,42175.95,0,NaN,NaN,NaN,NaN,NaN,NaN,282124
1404482400,1.3593,1.3606,1.359,1.3596,5105,42150.3,0,NaN,NaN,NaN,NaN,NaN,NaN,282124
1404684000,1.3599,1.3599,1.3584,1.3587,6125,36983.2,0,NaN,NaN,NaN,NaN,NaN,NaN,282124
1404712800,1.3586,1.3606,1.3579,1.3599,47740,36359.95,0,NaN,NaN,NaN,NaN,NaN,NaN,282124
1404741600,1.36,1.3614,1.3596,1.3608,39901,37945.1,0,NaN,NaN,NaN,NaN,NaN,NaN,283481
1404770400,1.3609,1.3614,1.3604,1.3606,5057,35232.15,0,NaN,NaN,NaN,NaN,NaN,NaN,283481
1404799200,1.3606,1.3621,1.3592,1.3616,53151,35378.9,0,NaN,NaN,NaN,NaN,NaN,NaN,283481
1404828000,1.3617,1.3621,1.361,1.3614,40759,37139.6,0,NaN,NaN,NaN,NaN,NaN,NaN,282995
1404856800,1.3616,1.3626,1.3614,1.362,7070,34606.55,0,NaN,NaN,NaN,NaN,NaN,NaN,282995
1404885600,1.362,1.3634,1.3606,1.3621,52169,33228.3,0,NaN,NaN,NaN,NaN,NaN,NaN,282995
1404914400,1.362,1.3652,1.3614,1.3646,94590,37560.25,0,NaN,NaN,NaN,NaN,NaN,NaN,285225
1404943200,1.3645,1.3653,1.3642,1.365,5418,35176.5,0,NaN,NaN,NaN,NaN,NaN,NaN,285225
1404972000,1.3649,1.3654,1.3605,1.3605,78024,36244.5,0,NaN,NaN,NaN,NaN,NaN,NaN,285225
1405000800,1.3606,1.3614,1.3592,1.3612,61413,39053.6,0,NaN,NaN,NaN,NaN,NaN,NaN,285822
1405029600,1.3611,1.3613,1.3599,1.3603,6621,36160.35,0,NaN,NaN,NaN,NaN,NaN,NaN,285822
1405058400,1.3603,1.3628,1.3595,1.3609,59653,37345.45,0,NaN,NaN,NaN,NaN,NaN,NaN,285822
1405087200,1.3609,1.3613,1.3599,1.3612,30031,38548.4,0,NaN,NaN,NaN,NaN,NaN,NaN,285638
1405288800,1.3611,1.3612,1.3601,1.3607,4174,33084,0,NaN,NaN,NaN,NaN,NaN,NaN,285638
1405317600,1.3607,1.3644,1.3601,1.3621,59562,34101.45,0,NaN,NaN,NaN,NaN,NaN,NaN,285638
1405346400,1.3622,1.3632,1.3611,1.3622,42217,35995.75,0,NaN,NaN,NaN,NaN,NaN,NaN,284833
1405375200,1.3623,1.363,1.3616,1.3621,5177,35197.85,0,NaN,NaN,NaN,NaN,NaN,NaN,284833
1405404000,1.3621,1.3631,1.359,1.3595,85717,39228.45,0,NaN,NaN,NaN,NaN,NaN,NaN,284833
1405432800,1.3595,1.3615,1.3564,1.357,114348,44639.6,0,NaN,NaN,NaN,NaN,NaN,NaN,299265
1405461600,1.3571,1.3574,1.3559,1.3563,8224,42663.8,0,NaN,NaN,NaN,NaN,NaN,NaN,299265
1405490400,1.3564,1.3572,1.3528,1.3532,69801,44158.8,0,NaN,NaN,NaN,NaN,NaN,NaN,299265
1405519200,1.3532,1.3543,1.3523,1.3528,47881,46300,0,NaN,NaN,NaN,NaN,NaN,NaN,304664
1405548000,1.3528,1.3537,1.3524,1.3524,7039,43994.4,0,NaN,NaN,NaN,NaN,NaN,NaN,304664
1405576800,1.3525,1.3543,1.3523,1.3531,53919,44652.4,0,NaN,NaN,NaN,NaN,NaN,NaN,304664
1405605600,1.353,1.3536,1.3519,1.3529,57057,47151.75,0,NaN,NaN,NaN,NaN,NaN,NaN,308006
1405634400,1.3529,1.3531,1.3515,1.3525,9073,44996.95,0,NaN,NaN,NaN,NaN,NaN,NaN,308006
1405663200,1.3525,1.3538,1.3493,1.351,86820,44608.45,0,NaN,NaN,NaN,NaN,NaN,NaN,308006
1405692000,1.351,1.3533,1.3507,1.353,60050,47340.05,0,NaN,NaN,NaN,NaN,NaN,NaN,316272
1405893600,1.3531,1.3552,1.3529,1.3544,9635,43920.6,0,NaN,NaN,NaN,NaN,NaN,NaN,316272
1405922400,1.3545,1.3546,1.3515,1.3519,50808,43390.35,0,NaN,NaN,NaN,NaN,NaN,NaN,316272
1405951200,1.3518,1.3527,1.3518,1.3527,32856,44702.1,0,NaN,NaN,NaN,NaN,NaN,NaN,318458
1405980000,1.3527,1.3532,1.3524,1.3524,5295,41984.2,0,NaN,NaN,NaN,NaN,NaN,NaN,318458
1406008800,1.3525,1.3526,1.3461,1.3471,124030,46684.15,0,NaN,NaN,NaN,NaN,NaN,NaN,318458
1406037600,1.3471,1.3475,1.3462,1.3466,56174,49284.15,0,NaN,NaN,NaN,NaN,NaN,NaN,328142
1406066400,1.3468,1.3472,1.3459,1.3467,9584,46785.25,0,NaN,NaN,NaN,NaN,NaN,NaN,328142
1406095200,1.3467,1.3476,1.3456,1.3471,59644,47656.6,0,NaN,NaN,NaN,NaN,NaN,NaN,328142
1406124000,1.3471,1.3475,1.3457,1.3464,53490,50072.25,0,NaN,NaN,NaN,NaN,NaN,NaN,330210
1406152800,1.3463,1.3464,1.3456,1.3458,5919,46082.35,0,NaN,NaN,NaN,NaN,NaN,NaN,330210
1406181600,1.3457,1.3486,1.3439,1.3466,96639,45196.9,0,NaN,NaN,NaN,NaN,NaN,NaN,330210
1406210400,1.3465,1.3475,1.3462,1.3464,41211,46846.25,0,NaN,NaN,NaN,NaN,NaN,NaN,332249
1406239200,1.3465,1.3472,1.3462,1.347,4021,43557.25,0,NaN,NaN,NaN,NaN,NaN,NaN,332249
1406268000,1.3469,1.3477,1.3429,1.344,83633,45344.85,0,NaN,NaN,NaN,NaN,NaN,NaN,332249
1406296800,1.344,1.3442,1.3422,1.343,48889,47437.35,0,NaN,NaN,NaN,NaN,NaN,NaN,342171
1406498400,1.3434,1.3436,1.3428,1.343,4317,44957.25,0,NaN,NaN,NaN,NaN,NaN,NaN,342171
1406527200,1.3431,1.3444,1.3429,1.3437,36785,43943.65,0,NaN,NaN,NaN,NaN,NaN,NaN,342171
1406556000,1.3439,1.3446,1.3432,1.3442,34752,45227.6,0,NaN,NaN,NaN,NaN,NaN,NaN,345697
1406584800,1.3441,1.3442,1.343,1.3432,5710,41172.1,0,NaN,NaN,NaN,NaN,NaN,NaN,345697
1406613600,1.3433,1.3446,1.3413,1.3417,69050,41622.1,0,NaN,NaN,NaN,NaN,NaN,NaN,345697
1406642400,1.3416,1.342,1.3405,1.3409,50146,43647.65,0,NaN,NaN,NaN,NaN,NaN,NaN,342665
1406671200,1.3411,1.3417,1.3405,1.3411,6006,41407.55,0,NaN,NaN,NaN,NaN,NaN,NaN,342665
1406700000,1.341,1.3411,1.3372,1.3377,95965,44563,0,NaN,NaN,NaN,NaN,NaN,NaN,342665
1406728800,1.3378,1.3406,1.3369,1.3398,84749,48535.7,0,NaN,NaN,NaN,NaN,NaN,NaN,346897
1406757600,1.3396,1.3403,1.3394,1.3399,6713,42669.85,0,NaN,NaN,NaN,NaN,NaN,NaN,346897
1406786400,1.34,1.3402,1.3373,1.3388,82515,43986.9,0,NaN,NaN,NaN,NaN,NaN,NaN,346897
1406815200,1.3388,1.3396,1.3379,1.3391,72458,47130.6,0,NaN,NaN,NaN,NaN,NaN,NaN,346124
1406844000,1.339,1.3394,1.3385,1.3386,5226,44409.7,0,NaN,NaN,NaN,NaN,NaN,NaN,346124
1406872800,1.3386,1.3444,1.338,1.3421,124845,47977.45,0,NaN,NaN,NaN,NaN,NaN,NaN,346124
1406901600,1.3419,1.3447,1.3409,1.3434,85201,51941.55,0,NaN,NaN,NaN,NaN,NaN,NaN,348355
1407103200,1.343,1.3432,1.3419,1.3424,6831,47451.15,0,NaN,NaN,NaN,NaN,NaN,NaN,348355
1407132000,1.3424,1.3433,1.3417,1.3423,50701,47925.65,0,NaN,NaN,NaN,NaN,NaN,NaN,348355
1407160800,1.3423,1.3425,1.3411,1.3423,41652,49807.2,0,NaN,NaN,NaN,NaN,NaN,NaN,353456
1407189600,1.3424,1.3427,1.3417,1.3426,5275,45889.3,0,NaN,NaN,NaN,NaN,NaN,NaN,353456
1407218400,1.3426,1.3427,1.3378,1.3381,79788,47434.25,0,NaN,NaN,NaN,NaN,NaN,NaN,353456
1407247200,1.3379,1.3381,1.336,1.3377,99095,52173.15,0,NaN,NaN,NaN,NaN,NaN,NaN,359709
1407276000,1.3374,1.3375,1.3362,1.3367,11124,50890.1,0,NaN,NaN,NaN,NaN,NaN,NaN,359709
1407304800,1.3366,1.3377,1.3335,1.335,105258,54415.4,0,NaN,NaN,NaN,NaN,NaN,NaN,359709
1407333600,1.335,1.339,1.3349,1.3385,82112,58235.5,0,NaN,NaN,NaN,NaN,NaN,NaN,356912
1407362400,1.3385,1.3394,1.3381,1.3386,9803,55273.15,0,NaN,NaN,NaN,NaN,NaN,NaN,356912
1407391200,1.3386,1.3396,1.3344,1.3351,130158,59273.75,0,NaN,NaN,NaN,NaN,NaN,NaN,356912
1407420000,1.3351,1.3369,1.3339,1.3366,60612,62004.05,0,NaN,NaN,NaN,NaN,NaN,NaN,362684
1407448800,1.3363,1.3366,1.3345,1.336,16867,58049.15,0,NaN,NaN,NaN,NaN,NaN,NaN,362684
1407477600,1.3361,1.341,1.336,1.3398,96982,58660.8,0,NaN,NaN,NaN,NaN,NaN,NaN,362684
1407506400,1.3398,1.3435,1.3397,1.3414,91056,62877.95,0,NaN,NaN,NaN,NaN,NaN,NaN,353568
1407708000,1.3409,1.341,1.3399,1.3401,7798,59142.1,0,NaN,NaN,NaN,NaN,NaN,NaN,353568
1407736800,1.3401,1.3402,1.3384,1.3387,49090,57973.7,0,NaN,NaN,NaN,NaN,NaN,NaN,353568
1407765600,1.3388,1.3391,1.3382,1.3387,33659,59395.35,0,NaN,NaN,NaN,NaN,NaN,NaN,355408
1407794400,1.3387,1.3388,1.337,1.3372,8793,53592.75,0,NaN,NaN,NaN,NaN,NaN,NaN,355408
1407823200,1.3371,1.3374,1.3338,1.336,73213,52993.35,0,NaN,NaN,NaN,NaN,NaN,NaN,355408
1407852000,1.3361,1.3372,1.3346,1.337,43268,54815.2,0,NaN,NaN,NaN,NaN,NaN,NaN,357101
1407880800,1.337,1.3372,1.3362,1.3364,8139,52687.1,0,NaN,NaN,NaN,NaN,NaN,NaN,357101
1407909600,1.3365,1.3417,1.3344,1.3392,120757,56642.35,0,NaN,NaN,NaN,NaN,NaN,NaN,357101
1407938400,1.3391,1.3394,1.3357,1.3366,65897,59673.45,0,NaN,NaN,NaN,NaN,NaN,NaN,362427
1407967200,1.3365,1.3369,1.3357,1.336,7926,56080.35,0,NaN,NaN,NaN,NaN,NaN,NaN,362427
1407996000,1.3359,1.341,1.335,1.3405,90888,55670,0,NaN,NaN,NaN,NaN,NaN,NaN,362427
1408024800,1.3405,1.3405,1.3362,1.3366,49117,57569.65,0,NaN,NaN,NaN,NaN,NaN,NaN,365960
1408053600,1.3367,1.337,1.336,1.337,6053,52609.4,0,NaN,NaN,NaN,NaN,NaN,NaN,365960
1408082400,1.337,1.3407,1.3362,1.3394,77765,52392.05,0,NaN,NaN,NaN,NaN,NaN,NaN,365960
1408111200,1.3394,1.3414,1.3379,1.3403,76790,55741.4,0,NaN,NaN,NaN,NaN,NaN,NaN,368725
1408312800,1.3394,1.34,1.3389,1.3393,7625,49614.75,0,NaN,NaN,NaN,NaN,NaN,NaN,368725
1408341600,1.3393,1.3397,1.3366,1.3367,43079,48738.1,0,NaN,NaN,NaN,NaN,NaN,NaN,368725
1408370400,1.3367,1.3372,1.3354,1.3365,51479,50468.7,0,NaN,NaN,NaN,NaN,NaN,NaN,372871
1408399200,1.3364,1.3365,1.3355,1.3358,6115,45925.35,0,NaN,NaN,NaN,NaN,NaN,NaN,372871
1408428000,1.3358,1.3359,1.3316,1.3317,97618,46253.45,0,NaN,NaN,NaN,NaN,NaN,NaN,372871
1408456800,1.3316,1.3327,1.3314,1.3321,54727,48599.9,0,NaN,NaN,NaN,NaN,NaN,NaN,375439
1408485600,1.3319,1.3326,1.3302,1.3303,12759,46783.35,0,NaN,NaN,NaN,NaN,NaN,NaN,375439
1408514400,1.3303,1.3309,1.3276,1.329,82357,49218.25,0,NaN,NaN,NaN,NaN,NaN,NaN,375439
1408543200,1.3289,1.3299,1.3257,1.326,80401,52798.65,0,NaN,NaN,NaN,NaN,NaN,NaN,373557
1408572000,1.3258,1.3262,1.3243,1.325,11516,49713.8,0,NaN,NaN,NaN,NaN,NaN,NaN,373557
1408600800,1.3251,1.3279,1.3248,1.3271,62870,50693.9,0,NaN,NaN,NaN,NaN,NaN,NaN,373557
1408629600,1.327,1.329,1.3263,1.3282,57282,53151.05,0,NaN,NaN,NaN,NaN,NaN,NaN,378900
1408658400,1.3282,1.3293,1.3275,1.329,8734,47549.9,0,NaN,NaN,NaN,NaN,NaN,NaN,378900
1408687200,1.3289,1.3298,1.3259,1.327,59948,47252.45,0,NaN,NaN,NaN,NaN,NaN,NaN,378900
1408716000,1.3269,1.3287,1.3222,1.3245,133865,53549.4,0,NaN,NaN,NaN,NaN,NaN,NaN,384442
1408917600,1.3208,1.321,1.3201,1.3207,8382,49424.1,0,NaN,NaN,NaN,NaN,NaN,NaN,384442
1408946400,1.3207,1.3212,1.3185,1.3198,65855,50261,0,NaN,NaN,NaN,NaN,NaN,NaN,384442
1408975200,1.3198,1.3208,1.3193,1.3194,38108,51863.75,0,NaN,NaN,NaN,NaN,NaN,NaN,381439
1409004000,1.3192,1.3209,1.318,1.3205,12879,48619.45,0,NaN,NaN,NaN,NaN,NaN,NaN,381439
1409032800,1.3205,1.3215,1.3187,1.3201,74177,48488.8,0,NaN,NaN,NaN,NaN,NaN,NaN,381439
1409061600,1.3199,1.321,1.3166,1.3168,70382,51626.65,0,NaN,NaN,NaN,NaN,NaN,NaN,378268
1409090400,1.3171,1.3173,1.3153,1.3166,16200,50282.7,0,NaN,NaN,NaN,NaN,NaN,NaN,378268
1409119200,1.3166,1.3191,1.3162,1.3175,74700,51443.75,0,NaN,NaN,NaN,NaN,NaN,NaN,378268
1409148000,1.3175,1.3212,1.317,1.3195,97014,55988.7,0,NaN,NaN,NaN,NaN,NaN,NaN,383570
1409176800,1.3195,1.3219,1.3189,1.3207,15007,51858.15,0,NaN,NaN,NaN,NaN,NaN,NaN,383570
1409205600,1.3207,1.3222,1.316,1.3172,109794,54611.5,0,NaN,NaN,NaN,NaN,NaN,NaN,383570
1409234400,1.317,1.3187,1.3163,1.3183,44467,56196.9,0,NaN,NaN,NaN,NaN,NaN,NaN,384772
1409263200,1.3184,1.3187,1.3175,1.3176,6597,52408.9,0,NaN,NaN,NaN,NaN,NaN,NaN,384772
1409292000,1.3176,1.3198,1.3161,1.3177,85850,52681.35,0,NaN,NaN,NaN,NaN,NaN,NaN,384772
1409320800,1.3177,1.3191,1.3134,1.3141,101607,57185.9,0,NaN,NaN,NaN,NaN,NaN,NaN,385252
1409522400,1.313,1.3136,1.312,1.3128,13104,54697.6,0,NaN,NaN,NaN,NaN,NaN,NaN,385252
1409551200,1.3128,1.3147,1.3124,1.3135,38867,53776.85,0,NaN,NaN,NaN,NaN,NaN,NaN,385252
1409580000,1.3136,1.3138,1.3128,1.3132,6652,53672.75,0,NaN,NaN,NaN,NaN,NaN,NaN,385252
1409608800,1.313,1.3134,1.3115,1.3122,15738,51462.25,0,NaN,NaN,NaN,NaN,NaN,NaN,385252
1409637600,1.3123,1.3138,1.3111,1.3127,72519,48394.95,0,NaN,NaN,NaN,NaN,NaN,NaN,385252
1409666400,1.3127,1.3136,1.3116,1.3134,67977,51374.7,0,NaN,NaN,NaN,NaN,NaN,NaN,387931
1409695200,1.3134,1.3136,1.3123,1.3131,11340,48648.95,0,NaN,NaN,NaN,NaN,NaN,NaN,387931
1409724000,1.3131,1.3161,1.3126,1.3146,126340,53060.55,0,NaN,NaN,NaN,NaN,NaN,NaN,387931
1409752800,1.3146,1.3153,1.3133,1.3151,51179,54975.55,0,NaN,NaN,NaN,NaN,NaN,NaN,389528
1409781600,1.3149,1.3154,1.3144,1.3147,7655,51649.45,0,NaN,NaN,NaN,NaN,NaN,NaN,389528
1409810400,1.3147,1.3154,1.2996,1.3013,259489,61104.8,0,NaN,NaN,NaN,NaN,NaN,NaN,389528
1409839200,1.3011,1.3016,1.2921,1.2944,160212,68305.4,0,NaN,NaN,NaN,NaN,NaN,NaN,392815
1409868000,1.2941,1.2941,1.2922,1.2937,17114,65426.1,0,NaN,NaN,NaN,NaN,NaN,NaN,392815
1409896800,1.2936,1.2992,1.2934,1.2971,160903,68620.55,0,NaN,NaN,NaN,NaN,NaN,NaN,392815
1409925600,1.2971,1.2982,1.2945,1.2952,68879,71314.15,0,NaN,NaN,NaN,NaN,NaN,NaN,370212
1410127200,1.2953,1.296,1.2933,1.2938,14462,66547.55,0,NaN,NaN,NaN,NaN,NaN,NaN,370212
1410156000,1.2939,1.2958,1.2932,1.294,76950,68171.7,0,NaN,NaN,NaN,NaN,NaN,NaN,370212
1410184800,1.294,1.2952,1.2882,1.2896,113861,73534.9,0,NaN,NaN,NaN,NaN,NaN,NaN,342553
1410213600,1.29,1.2902,1.2867,1.2884,26311,70557.95,0,NaN,NaN,NaN,NaN,NaN,NaN,342553
1410242400,1.2884,1.2909,1.286,1.2882,113764,71165.8,0,NaN,NaN,NaN,NaN,NaN,NaN,342553
1410271200,1.2883,1.2959,1.2882,1.2939,100939,75557.55,0,NaN,NaN,NaN,NaN,NaN,NaN,309492
1410300000,1.294,1.2952,1.2923,1.2929,17226,74475.5,0,NaN,NaN,NaN,NaN,NaN,NaN,309492
1410328800,1.2928,1.2964,1.2897,1.2928,142446,81265.2,0,NaN,NaN,NaN,NaN,NaN,NaN,309492
1410357600,1.2928,1.2934,1.2884,1.2918,83080,84632.3,0,NaN,NaN,NaN,NaN,NaN,NaN,245376
1410386400,1.2916,1.2925,1.2902,1.2906,12271,81619.9,0,NaN,NaN,NaN,NaN,NaN,NaN,245376
1410415200,1.2906,1.2953,1.2897,1.2932,76082,82025.15,0,NaN,NaN,NaN,NaN,NaN,NaN,245376
1410444000,1.2933,1.2952,1.2915,1.2924,73688,85142.55,0,NaN,NaN,NaN,NaN,NaN,NaN,160433
1410472800,1.2934,1.2936,1.2923,1.2935,9788,79314.95,0,NaN,NaN,NaN,NaN,NaN,NaN,160433
1410501600,1.2934,1.2966,1.2918,1.2936,101429,81827.45,0,NaN,NaN,NaN,NaN,NaN,NaN,160433
1410530400,1.2936,1.2989,1.2935,1.2977,99226,86406,0,NaN,NaN,NaN,NaN,NaN,NaN,390795
1410732000,1.2977,1.298,1.2959,1.2971,11957,74029.4,0,NaN,NaN,NaN,NaN,NaN,NaN,390795
1410760800,1.2971,1.2971,1.2918,1.2957,85622,70299.9,0,NaN,NaN,NaN,NaN,NaN,NaN,390795
1410789600,1.2957,1.2961,1.2938,1.295,52413,72064.85,0,NaN,NaN,NaN,NaN,NaN,NaN,398824
1410818400,1.2948,1.297,1.2946,1.2946,12260,64632.7,0,NaN,NaN,NaN,NaN,NaN,NaN,398824
1410847200,1.2946,1.2976,1.2931,1.2955,76957,65036.6,0,NaN,NaN,NaN,NaN,NaN,NaN,398824
1410876000,1.2956,1.3006,1.2945,1.2968,123596,70493.3,0,NaN,NaN,NaN,NaN,NaN,NaN,395429
1410904800,1.2967,1.2969,1.2957,1.2958,8787,67085.15,0,NaN,NaN,NaN,NaN,NaN,NaN,395429
1410933600,1.2957,1.2991,1.2952,1.2974,70595,64921.85,0,NaN,NaN,NaN,NaN,NaN,NaN,395429
1410962400,1.2974,1.2993,1.2861,1.2875,200580,73635.3,0,NaN,NaN,NaN,NaN,NaN,NaN,394209
1410991200,1.2859,1.2882,1.2843,1.2876,20686,68981.4,0,NaN,NaN,NaN,NaN,NaN,NaN,394209
1411020000,1.2876,1.2916,1.2865,1.2901,122269,70047.9,0,NaN,NaN,NaN,NaN,NaN,NaN,394209
1411048800,1.2899,1.2939,1.2894,1.2931,84006,73386.9,0,NaN,NaN,NaN,NaN,NaN,NaN,390477
1411077600,1.2925,1.2937,1.2905,1.291,31384,67833.8,0,NaN,NaN,NaN,NaN,NaN,NaN,390477
1411106400,1.291,1.2917,1.2849,1.286,111195,69239.55,0,NaN,NaN,NaN,NaN,NaN,NaN,390477
1411135200,1.286,1.2864,1.2835,1.2835,75938,72422.9,0,NaN,NaN,NaN,NaN,NaN,NaN,397530
1411336800,1.2834,1.2875,1.2834,1.2873,17649,69501.25,0,NaN,NaN,NaN,NaN,NaN,NaN,397530
1411365600,1.2873,1.2875,1.2841,1.2847,85346,70084.15,0,NaN,NaN,NaN,NaN,NaN,NaN,397530
1411394400,1.2849,1.286,1.2824,1.2857,81044,73646.95,0,NaN,NaN,NaN,NaN,NaN,NaN,393055
1411423200,1.2854,1.2872,1.2853,1.2858,9302,69040.6,0,NaN,NaN,NaN,NaN,NaN,NaN,393055
1411452000,1.2857,1.2908,1.285,1.2887,111260,69642.3,0,NaN,NaN,NaN,NaN,NaN,NaN,393055
1411480800,1.2887,1.2892,1.2852,1.2854,68618,72475.35,0,NaN,NaN,NaN,NaN,NaN,NaN,395335
1411509600,1.2855,1.2865,1.2846,1.2854,13386,68863.55,0,NaN,NaN,NaN,NaN,NaN,NaN,395335
1411538400,1.2854,1.2871,1.2791,1.2793,115315,72008.65,0,NaN,NaN,NaN,NaN,NaN,NaN,395335
1411567200,1.2793,1.2808,1.2781,1.2787,74953,75143.3,0,NaN,NaN,NaN,NaN,NaN,NaN,397731
1411596000,1.2787,1.279,1.2769,1.2772,18665,72228.7,0,NaN,NaN,NaN,NaN,NaN,NaN,397731
1411624800,1.2772,1.2776,1.2703,1.2739,152594,73678.6,0,NaN,NaN,NaN,NaN,NaN,NaN,397731
1411653600,1.274,1.2772,1.2731,1.2756,107869,78632.7,0,NaN,NaN,NaN,NaN,NaN,NaN,400173
1411682400,1.2757,1.2768,1.2744,1.2748,14019,75803.9,0,NaN,NaN,NaN,NaN,NaN,NaN,400173
1411711200,1.2749,1.2763,1.2695,1.2703,114590,71504.4,0,NaN,NaN,NaN,NaN,NaN,NaN,400173
1411740000,1.2703,1.271,1.2683,1.2688,86672,74803.7,0,NaN,NaN,NaN,NaN,NaN,NaN,403949
1411941600,1.2688,1.2694,1.267,1.2675,21176,69749.05,0,NaN,NaN,NaN,NaN,NaN,NaN,403949
1411970400,1.2674,1.2722,1.2674,1.2711,91119,70104.7,0,NaN,NaN,NaN,NaN,NaN,NaN,403949
1411999200,1.2711,1.2719,1.2685,1.2692,66529,71861.95,0,NaN,NaN,NaN,NaN,NaN,NaN,410364
1412028000,1.2695,1.271,1.2688,1.2696,13045,66954.45,0,NaN,NaN,NaN,NaN,NaN,NaN,410364
1412056800,1.2694,1.2709,1.2578,1.2615,215387,73926.9,0,NaN,NaN,NaN,NaN,NaN,NaN,410364
1412085600,1.2616,1.2642,1.2616,1.2636,94948,77791.85,0,NaN,NaN,NaN,NaN,NaN,NaN,405587
1412114400,1.2636,1.2639,1.2614,1.2629,16996,74374.35,0,NaN,NaN,NaN,NaN,NaN,NaN,405587
1412143200,1.2629,1.2637,1.259,1.2622,124269,76535.6,0,NaN,NaN,NaN,NaN,NaN,NaN,405587
1412172000,1.2622,1.2647,1.2597,1.2629,120396,82090.3,0,NaN,NaN,NaN,NaN,NaN,NaN,404171
1412200800,1.2625,1.2681,1.2622,1.2652,33143,78184.45,0,NaN,NaN,NaN,NaN,NaN,NaN,404171
1412229600,1.2652,1.2698,1.262,1.2663,197546,84630.85,0,NaN,NaN,NaN,NaN,NaN,NaN,404171
1412258400,1.2662,1.2705,1.2631,1.2674,121212,90022.15,0,NaN,NaN,NaN,NaN,NaN,NaN,404087
1412287200,1.2679,1.2679,1.2654,1.2655,10765,84794.65,0,NaN,NaN,NaN,NaN,NaN,NaN,404087
1412316000,1.2655,1.2659,1.2518,1.2527,174697,89781.85,0,NaN,NaN,NaN,NaN,NaN,NaN,404087
1412344800,1.2527,1.2529,1.2506,1.2519,88625,93279.85,0,NaN,NaN,NaN,NaN,NaN,NaN,426750
1412546400,1.252,1.2528,1.2514,1.2525,10716,86185.95,0,NaN,NaN,NaN,NaN,NaN,NaN,426750
1412575200,1.2525,1.2576,1.2519,1.2565,107942,86189.6,0,NaN,NaN,NaN,NaN,NaN,NaN,426750
1412604000,1.2565,1.2682,1.2562,1.2661,149576,92967.45,0,NaN,NaN,NaN,NaN,NaN,NaN,420995
1412632800,1.2662,1.2663,1.2611,1.2625,29625,88719.2,0,NaN,NaN,NaN,NaN,NaN,NaN,420995
1412661600,1.2624,1.2671,1.259,1.2647,142786,91524.9,0,NaN,NaN,NaN,NaN,NaN,NaN,420995
1412690400,1.2647,1.2688,1.262,1.2675,111892,96060.7,0,NaN,NaN,NaN,NaN,NaN,NaN,420280
1412719200,1.2672,1.2689,1.2633,1.2637,24092,92709.35,0,NaN,NaN,NaN,NaN,NaN,NaN,420280
1412748000,1.2636,1.2691,1.2628,1.2678,112298,94997.8,0,NaN,NaN,NaN,NaN,NaN,NaN,420280
1412776800,1.2677,1.2755,1.2657,1.274,190661,103878.6,0,NaN,NaN,NaN,NaN,NaN,NaN,423039
1412805600,1.2736,1.2765,1.2725,1.2745,26007,94409.6,0,NaN,NaN,NaN,NaN,NaN,NaN,423039
1412834400,1.2744,1.2797,1.2708,1.2729,169680,98146.2,0,NaN,NaN,NaN,NaN,NaN,NaN,423039
1412863200,1.2729,1.2738,1.2668,1.2695,139731,104282.95,0,NaN,NaN,NaN,NaN,NaN,NaN,424437
1412892000,1.2696,1.2722,1.2685,1.2711,16904,98914.7,0,NaN,NaN,NaN,NaN,NaN,NaN,424437
1412920800,1.2712,1.2713,1.2626,1.264,119517,98870.75,0,NaN,NaN,NaN,NaN,NaN,NaN,424437
1412949600,1.264,1.2651,1.2611,1.2636,81356,101281.4,0,NaN,NaN,NaN,NaN,NaN,NaN,425179
1413151200,1.2634,1.2703,1.2632,1.2684,29291,92868.65,0,NaN,NaN,NaN,NaN,NaN,NaN,425179
1413180000,1.2684,1.2705,1.2656,1.2691,72561,90436.1,0,NaN,NaN,NaN,NaN,NaN,NaN,425179
1413208800,1.2691,1.2767,1.267,1.2757,66736,93234.65,0,NaN,NaN,NaN,NaN,NaN,NaN,426625
1413237600,1.2747,1.2754,1.2716,1.2718,17671,85383.35,0,NaN,NaN,NaN,NaN,NaN,NaN,426625
1413266400,1.2717,1.2728,1.2645,1.2662,122509,87077.55,0,NaN,NaN,NaN,NaN,NaN,NaN,426625
1413295200,1.2663,1.2685,1.2646,1.2663,79449,90514.2,0,NaN,NaN,NaN,NaN,NaN,NaN,429376
1413324000,1.2662,1.2663,1.263,1.2646,17055,85969.85,0,NaN,NaN,NaN,NaN,NaN,NaN,429376
1413352800,1.2645,1.2893,1.2642,1.278,295924,93287.25,0,NaN,NaN,NaN,NaN,NaN,NaN,429376
1413381600,1.2781,1.285,1.2748,1.2842,245116,104061.8,0,NaN,NaN,NaN,NaN,NaN,NaN,424386
1413410400,1.2825,1.285,1.2815,1.282,25354,98190.2,0,NaN,NaN,NaN,NaN,NaN,NaN,424386
1413439200,1.2821,1.2829,1.2711,1.275,213876,103289.4,0,NaN,NaN,NaN,NaN,NaN,NaN,424386
1413468000,1.275,1.2845,1.2737,1.2815,128167,108493.15,0,NaN,NaN,NaN,NaN,NaN,NaN,426643
1413496800,1.281,1.282,1.2798,1.2811,11670,103461.75,0,NaN,NaN,NaN,NaN,NaN,NaN,426643
1413525600,1.2811,1.2842,1.2758,1.2763,101703,99013.85,0,NaN,NaN,NaN,NaN,NaN,NaN,426643
1413554400,1.2763,1.2784,1.2749,1.2763,62038,100815.4,0,NaN,NaN,NaN,NaN,NaN,NaN,424311
1413756000,1.2764,1.2774,1.2742,1.276,15132,93088,0,NaN,NaN,NaN,NaN,NaN,NaN,424311
1413784800,1.2761,1.2795,1.2736,1.2773,76693,89936.1,0,NaN,NaN,NaN,NaN,NaN,NaN,424311
1413813600,1.2773,1.2822,1.2766,1.2804,58022,91992,0,NaN,NaN,NaN,NaN,NaN,NaN,426444
1413842400,1.28,1.283,1.2792,1.2824,18610,86946.65,0,NaN,NaN,NaN,NaN,NaN,NaN,426444
1413871200,1.2824,1.2845,1.2737,1.2744,137092,89733.45,0,NaN,NaN,NaN,NaN,NaN,NaN,426444
1413900000,1.2744,1.2746,1.2717,1.2717,67642,91651,0,NaN,NaN,NaN,NaN,NaN,NaN,433426
1413928800,1.2717,1.2734,1.271,1.273,11385,88592.2,0,NaN,NaN,NaN,NaN,NaN,NaN,433426
1413957600,1.273,1.2744,1.2663,1.2671,119070,91208.9,0,NaN,NaN,NaN,NaN,NaN,NaN,433426
1413986400,1.2671,1.2674,1.2641,1.2652,73139,93982.3,0,NaN,NaN,NaN,NaN,NaN,NaN,439199
1414015200,1.265,1.2655,1.2637,1.265,12036,88458.65,0,NaN,NaN,NaN,NaN,NaN,NaN,439199
1414044000,1.2651,1.268,1.2617,1.2654,100618,89517.1,0,NaN,NaN,NaN,NaN,NaN,NaN,439199
1414072800,1.2655,1.2668,1.2634,1.2652,55917,91460.2,0,NaN,NaN,NaN,NaN,NaN,NaN,438942
1414101600,1.265,1.2665,1.2648,1.2659,10835,77205.75,0,NaN,NaN,NaN,NaN,NaN,NaN,438942
1414130400,1.2659,1.2695,1.2638,1.2687,81484,69024.15,0,NaN,NaN,NaN,NaN,NaN,NaN,438942
1414159200,1.2688,1.27,1.2663,1.2674,51177,70315.3,0,NaN,NaN,NaN,NaN,NaN,NaN,435029
1414360800,1.2677,1.2717,1.2675,1.2708,18361,60539.55,0,NaN,NaN,NaN,NaN,NaN,NaN,435029
1414389600,1.2707,1.2712,1.2669,1.2685,62323,57247.35,0,NaN,NaN,NaN,NaN,NaN,NaN,435029
1414418400,1.2686,1.2727,1.2685,1.2703,62202,59773.95,0,NaN,NaN,NaN,NaN,NaN,NaN,435325
1414447200,1.2702,1.2719,1.2698,1.2704,10411,55209.35,0,NaN,NaN,NaN,NaN,NaN,NaN,435325
1414476000,1.2705,1.2769,1.2688,1.2745,101549,57184.9,0,NaN,NaN,NaN,NaN,NaN,NaN,435325
1414504800,1.2745,1.2757,1.2722,1.2737,65421,59699.35,0,NaN,NaN,NaN,NaN,NaN,NaN,434187
1414533600,1.2737,1.2744,1.2732,1.2742,6181,56173.75,0,NaN,NaN,NaN,NaN,NaN,NaN,434187
1414562400,1.2742,1.2751,1.2727,1.2744,45477,55546.5,0,NaN,NaN,NaN,NaN,NaN,NaN,434187
1414591200,1.2745,1.2775,1.2633,1.2635,140065,61619.25,0,NaN,NaN,NaN,NaN,NaN,NaN,437202
1414620000,1.2639,1.2643,1.2589,1.26,25311,56030.2,0,NaN,NaN,NaN,NaN,NaN,NaN,437202
1414648800,1.2601,1.2618,1.2548,1.2612,151367,60216.45,0,NaN,NaN,NaN,NaN,NaN,NaN,437202
1414677600,1.2612,1.2636,1.2606,1.2616,69634,63128.9,0,NaN,NaN,NaN,NaN,NaN,NaN,443446
1414706400,1.2616,1.2619,1.2569,1.2571,22664,58308.6,0,NaN,NaN,NaN,NaN,NaN,NaN,443446
1414735200,1.2571,1.2595,1.2489,1.2517,213736,65338.45,0,NaN,NaN,NaN,NaN,NaN,NaN,443446
1414764000,1.2516,1.2548,1.2493,1.2526,117978,70635.55,0,NaN,NaN,NaN,NaN,NaN,NaN,452251
1414969200,1.2515,1.2515,1.2442,1.2497,40237,67616.5,0,NaN,NaN,NaN,NaN,NaN,NaN,452251
1414998000,1.2497,1.2513,1.2487,1.2498,91459,69393.6,0,NaN,NaN,NaN,NaN,NaN,NaN,452251
1415026800,1.2496,1.251,1.2475,1.2484,92676,73485.65,0,NaN,NaN,NaN,NaN,NaN,NaN,452793
1415055600,1.2492,1.2536,1.2491,1.252,26456,70734.25,0,NaN,NaN,NaN,NaN,NaN,NaN,452793
1415084400,1.252,1.2533,1.2504,1.2514,79012,72126,0,NaN,NaN,NaN,NaN,NaN,NaN,452793
1415113200,1.2513,1.2581,1.2513,1.255,109549,76685.4,0,NaN,NaN,NaN,NaN,NaN,NaN,456281
1415142000,1.2553,1.2571,1.2532,1.2537,21317,74635.1,0,NaN,NaN,NaN,NaN,NaN,NaN,456281
1415170800,1.2536,1.2541,1.247,1.2479,143333,78691.65,0,NaN,NaN,NaN,NaN,NaN,NaN,456281
1415199600,1.2479,1.25,1.246,1.2488,86581,82500.15,0,NaN,NaN,NaN,NaN,NaN,NaN,457437
1415228400,1.248,1.2533,1.2475,1.2525,43335,79589.45,0,NaN,NaN,NaN,NaN,NaN,NaN,457437
1415257200,1.2525,1.2537,1.2398,1.2448,220538,87345.3,0,NaN,NaN,NaN,NaN,NaN,NaN,457437
1415286000,1.2447,1.2447,1.2367,1.2378,85264,91299.45,0,NaN,NaN,NaN,NaN,NaN,NaN,460417
1415314800,1.2383,1.239,1.2371,1.2384,20427,90046.95,0,NaN,NaN,NaN,NaN,NaN,NaN,460417
1415343600,1.2385,1.2446,1.2361,1.2433,200216,93054.5,0,NaN,NaN,NaN,NaN,NaN,NaN,460417
1415372400,1.2434,1.2474,1.2415,1.2461,105806,97079.25,0,NaN,NaN,NaN,NaN,NaN,NaN,461080
1415574000,1.2466,1.2492,1.2457,1.2476,23426,90682.2,0,NaN,NaN,NaN,NaN,NaN,NaN,461080
1415602800,1.2477,1.2512,1.2444,1.2445,86016,91501.3,0,NaN,NaN,NaN,NaN,NaN,NaN,461080
1415631600,1.2445,1.2451,1.2421,1.2424,57449,93240.55,0,NaN,NaN,NaN,NaN,NaN,NaN,458487
1415660400,1.2425,1.2444,1.2418,1.2422,22651,83686.3,0,NaN,NaN,NaN,NaN,NaN,NaN,458487
1415689200,1.2422,1.2441,1.2397,1.2426,68574,81216.1,0,NaN,NaN,NaN,NaN,NaN,NaN,458487
1415718000,1.2426,1.2504,1.2415,1.2479,74869,82947.7,0,NaN,NaN,NaN,NaN,NaN,NaN,454422
1415746800,1.2477,1.2497,1.2457,1.2482,25430,79646.25,0,NaN,NaN,NaN,NaN,NaN,NaN,454422
1415775600,1.2482,1.2501,1.2433,1.2456,136650,81844.95,0,NaN,NaN,NaN,NaN,NaN,NaN,454422
1415804400,1.2456,1.249,1.2422,1.2442,71742,84109.25,0,NaN,NaN,NaN,NaN,NaN,NaN,455567
1415833200,1.2433,1.2454,1.2429,1.2445,15639,80940.6,0,NaN,NaN,NaN,NaN,NaN,NaN,455567
1415862000,1.2445,1.248,1.2437,1.2471,75284,79227.35,0,NaN,NaN,NaN,NaN,NaN,NaN,455567
1415890800,1.2471,1.2495,1.2458,1.2479,68562,81589.6,0,NaN,NaN,NaN,NaN,NaN,NaN,456818
1415919600,1.2478,1.2479,1.2429,1.2445,23987,75622.3,0,NaN,NaN,NaN,NaN,NaN,NaN,456818
1415948400,1.2444,1.2474,1.24,1.2418,111460,76866.25,0,NaN,NaN,NaN,NaN,NaN,NaN,456818
1415977200,1.2417,1.255,1.2417,1.2527,182224,83810.7,0,NaN,NaN,NaN,NaN,NaN,NaN,458044
1416178800,1.2521,1.2581,1.2516,1.2541,32823,74424.95,0,NaN,NaN,NaN,NaN,NaN,NaN,458044
1416207600,1.2541,1.2542,1.246,1.2462,103753,75349.4,0,NaN,NaN,NaN,NaN,NaN,NaN,458044
1416236400,1.2461,1.2467,1.2447,1.2452,51384,76897.25,0,NaN,NaN,NaN,NaN,NaN,NaN,457748
1416265200,1.2454,1.2479,1.2445,1.2474,15006,67636.75,0,NaN,NaN,NaN,NaN,NaN,NaN,457748
1416294000,1.2474,1.2543,1.2472,1.2514,129210,68806.95,0,NaN,NaN,NaN,NaN,NaN,NaN,457748
1416322800,1.2513,1.2548,1.2504,1.2538,63801,70825.7,0,NaN,NaN,NaN,NaN,NaN,NaN,453101
1416351600,1.2536,1.2539,1.2514,1.2525,16784,67364.1,0,NaN,NaN,NaN,NaN,NaN,NaN,453101
1416380400,1.2525,1.2573,1.2517,1.2545,95886,69285.95,0,NaN,NaN,NaN,NaN,NaN,NaN,453101
1416409200,1.2545,1.2605,1.2526,1.2556,138386,75072.7,0,NaN,NaN,NaN,NaN,NaN,NaN,453407
1416438000,1.255,1.2552,1.2532,1.2543,17262,72507.1,0,NaN,NaN,NaN,NaN,NaN,NaN,453407
1416466800,1.2543,1.2577,1.2506,1.2555,160716,76799.45,0,NaN,NaN,NaN,NaN,NaN,NaN,453407
1416495600,1.2555,1.2561,1.2521,1.2544,86771,79866.5,0,NaN,NaN,NaN,NaN,NaN,NaN,452337
1416524400,1.2545,1.257,1.2536,1.2545,22950,74181.5,0,NaN,NaN,NaN,NaN,NaN,NaN,452337
1416553200,1.2545,1.2556,1.2407,1.2426,209599,81074.35,0,NaN,NaN,NaN,NaN,NaN,NaN,452337
1416582000,1.2426,1.2436,1.2377,1.2389,88558,84720.3,0,NaN,NaN,NaN,NaN,NaN,NaN,461814
1416783600,1.2376,1.2402,1.2366,1.2396,20832,81997.7,0,NaN,NaN,NaN,NaN,NaN,NaN,461814
1416812400,1.2397,1.2432,1.2375,1.2422,114922,84315.7,0,NaN,NaN,NaN,NaN,NaN,NaN,461814
1416841200,1.2422,1.2446,1.2421,1.2444,64257,86329.2,0,NaN,NaN,NaN,NaN,NaN,NaN,456767
1416870000,1.2441,1.2442,1.242,1.2428,15493,81530.85,0,NaN,NaN,NaN,NaN,NaN,NaN,456767
1416898800,1.2427,1.2468,1.2403,1.246,109885,77913.9,0,NaN,NaN,NaN,NaN,NaN,NaN,456767
1416927600,1.246,1.2489,1.2456,1.2476,77198,80132.65,0,NaN,NaN,NaN,NaN,NaN,NaN,450956
1416956400,1.2475,1.2487,1.2467,1.2475,13323,75611.15,0,NaN,NaN,NaN,NaN,NaN,NaN,450956
1416985200,1.2474,1.251,1.2445,1.2499,130993,79591.6,0,NaN,NaN,NaN,NaN,NaN,NaN,450956
1417014000,1.2498,1.2534,1.2497,1.2508,63876,82035.1,0,NaN,NaN,NaN,NaN,NaN,NaN,450413
1417042800,1.2508,1.2514,1.2497,1.2508,10952,76122.2,0,NaN,NaN,NaN,NaN,NaN,NaN,450413
1417071600,1.2508,1.2525,1.2466,1.2488,50418,75453.05,0,NaN,NaN,NaN,NaN,NaN,NaN,450413
1417100400,1.2488,1.2501,1.2471,1.2473,15644,75396.05,0,NaN,NaN,NaN,NaN,NaN,NaN,450413
1417129200,1.2465,1.2466,1.2447,1.2456,15810,71392.25,0,NaN,NaN,NaN,NaN,NaN,NaN,450413
1417158000,1.2457,1.2492,1.243,1.2468,85073,68726.6,0,NaN,NaN,NaN,NaN,NaN,NaN,450413
1417186800,1.2467,1.2476,1.2428,1.2435,49870,70357,0,NaN,NaN,NaN,NaN,NaN,NaN,447958
1417388400,1.2447,1.2458,1.2429,1.2452,20483,63345.35,0,NaN,NaN,NaN,NaN,NaN,NaN,447958
1417417200,1.2452,1.2509,1.2421,1.2502,129648,65489.2,0,NaN,NaN,NaN,NaN,NaN,NaN,447958
1417446000,1.2501,1.2509,1.2469,1.247,84157,68549.55,0,NaN,NaN,NaN,NaN,NaN,NaN,443563
1417474800,1.2473,1.2478,1.2463,1.2464,13025,58720.85,0,NaN,NaN,NaN,NaN,NaN,NaN,443563
1417503600,1.2465,1.2465,1.24,1.2404,98640,59224.95,0,NaN,NaN,NaN,NaN,NaN,NaN,443563
1417532400,1.2403,1.2415,1.2378,1.2383,76239,61995.3,0,NaN,NaN,NaN,NaN,NaN,NaN,436494
1417561200,1.2384,1.2392,1.2368,1.2377,18293,57163.85,0,NaN,NaN,NaN,NaN,NaN,NaN,436494
1417590000,1.2377,1.238,1.2309,1.2318,149014,61401.7,0,NaN,NaN,NaN,NaN,NaN,NaN,436494
1417618800,1.2316,1.2329,1.2302,1.2311,81399,64697,0,NaN,NaN,NaN,NaN,NaN,NaN,435204
1417647600,1.2309,1.2321,1.2302,1.2306,14967,59951.1,0,NaN,NaN,NaN,NaN,NaN,NaN,435204
1417676400,1.2306,1.2418,1.2277,1.2398,262973,69239.85,0,NaN,NaN,NaN,NaN,NaN,NaN,435204
1417705200,1.2399,1.2458,1.2361,1.2378,146445,75895.95,0,NaN,NaN,NaN,NaN,NaN,NaN,421554
1417734000,1.2379,1.2394,1.2369,1.2371,13011,69996.85,0,NaN,NaN,NaN,NaN,NaN,NaN,421554
1417762800,1.2371,1.2385,1.2272,1.2277,199187,76762.4,0,NaN,NaN,NaN,NaN,NaN,NaN,421554
1417791600,1.2277,1.2311,1.2277,1.2286,86390,80534.3,0,NaN,NaN,NaN,NaN,NaN,NaN,430867
1417993200,1.2288,1.2304,1.2283,1.2286,15685,78797.65,0,NaN,NaN,NaN,NaN,NaN,NaN,430867
1418022000,1.2286,1.2286,1.2248,1.2278,87626,82396.75,0,NaN,NaN,NaN,NaN,NaN,NaN,430867
1418050800,1.2279,1.2346,1.2277,1.2318,85774,85894.95,0,NaN,NaN,NaN,NaN,NaN,NaN,407498
1418079600,1.2316,1.2343,1.2293,1.2334,25453,82913.95,0,NaN,NaN,NaN,NaN,NaN,NaN,407498
1418108400,1.2334,1.2405,1.2321,1.2395,115947,86217.8,0,NaN,NaN,NaN,NaN,NaN,NaN,407498
1418137200,1.2395,1.245,1.2366,1.2376,135048,91946.05,0,NaN,NaN,NaN,NaN,NaN,NaN,350480
1418166000,1.2378,1.2398,1.2362,1.2388,21075,86517.4,0,NaN,NaN,NaN,NaN,NaN,NaN,350480
1418194800,1.2388,1.2414,1.2365,1.2412,86801,86649.6,0,NaN,NaN,NaN,NaN,NaN,NaN,350480
1418223600,1.2412,1.2449,1.241,1.2447,90253,90511,0,NaN,NaN,NaN,NaN,NaN,NaN,268967
1418252400,1.2447,1.2496,1.2431,1.2455,30657,87111.85,0,NaN,NaN,NaN,NaN,NaN,NaN,268967
1418281200,1.2456,1.2487,1.2378,1.2395,144906,90545.2,0,NaN,NaN,NaN,NaN,NaN,NaN,268967
1418310000,1.2395,1.2414,1.2371,1.241,54391,92350.1,0,NaN,NaN,NaN,NaN,NaN,NaN,203964
1418338800,1.2412,1.2416,1.2397,1.2398,14117,85605.25,0,NaN,NaN,NaN,NaN,NaN,NaN,203964
1418367600,1.2398,1.2485,1.2391,1.2452,105713,86820.95,0,NaN,NaN,NaN,NaN,NaN,NaN,203964
1418396400,1.2452,1.2493,1.244,1.2469,86873,90416.25,0,NaN,NaN,NaN,NaN,NaN,NaN,366709
1418598000,1.248,1.2484,1.2441,1.2461,19740,78254.6,0,NaN,NaN,NaN,NaN,NaN,NaN,366709
1418626800,1.2461,1.248,1.2423,1.2437,72645,74564.6,0,NaN,NaN,NaN,NaN,NaN,NaN,366709
1418655600,1.2437,1.2487,1.2422,1.2444,104457,79136.9,0,NaN,NaN,NaN,NaN,NaN,NaN,372095
1418684400,1.2451,1.2473,1.2443,1.2452,15420,69948.55,0,NaN,NaN,NaN,NaN,NaN,NaN,372095
1418713200,1.2452,1.2579,1.2448,1.2533,211697,76213.9,0,NaN,NaN,NaN,NaN,NaN,NaN,372095
1418742000,1.2532,1.2542,1.2486,1.2518,91052,79982.25,0,NaN,NaN,NaN,NaN,NaN,NaN,365590
1418770800,1.252,1.2523,1.2484,1.2485,14250,76313.45,0,NaN,NaN,NaN,NaN,NaN,NaN,365590
1418799600,1.2485,1.2504,1.2454,1.2457,77517,75900.6,0,NaN,NaN,NaN,NaN,NaN,NaN,365590
1418828400,1.2457,1.2484,1.2328,1.2351,205567,84906.3,0,NaN,NaN,NaN,NaN,NaN,NaN,365910
1418857200,1.2344,1.2362,1.2329,1.2335,17830,80000.45,0,NaN,NaN,NaN,NaN,NaN,NaN,365910
1418886000,1.2336,1.2347,1.2275,1.2287,143036,80399.85,0,NaN,NaN,NaN,NaN,NaN,NaN,365910
1418914800,1.2287,1.2308,1.2276,1.2296,57478,82220,0,NaN,NaN,NaN,NaN,NaN,NaN,372522
1418943600,1.2295,1.2301,1.2283,1.2297,9955,78377.7,0,NaN,NaN,NaN,NaN,NaN,NaN,372522
1418972400,1.2298,1.2312,1.2262,1.2297,80645,77897.3,0,NaN,NaN,NaN,NaN,NaN,NaN,372522
1419001200,1.2296,1.2298,1.2229,1.2237,75575,80143.2,0,NaN,NaN,NaN,NaN,NaN,NaN,370678
1419202800,1.2231,1.2265,1.2228,1.226,11815,73488.65,0,NaN,NaN,NaN,NaN,NaN,NaN,370678
1419231600,1.2261,1.2281,1.2259,1.2263,45362,73037.2,0,NaN,NaN,NaN,NaN,NaN,NaN,370678
1419260400,1.2265,1.2274,1.2226,1.2239,38181,74240.4,0,NaN,NaN,NaN,NaN,NaN,NaN,371156
1419289200,1.2237,1.2245,1.2229,1.2242,6368,69273.15,0,NaN,NaN,NaN,NaN,NaN,NaN,371156
1419318000,1.2241,1.2254,1.2175,1.2178,55130,67686,0,NaN,NaN,NaN,NaN,NaN,NaN,371156
1419346800,1.2176,1.22,1.2173,1.218,40585,68728.25,0,NaN,NaN,NaN,NaN,NaN,NaN,374158
1419375600,1.2181,1.2198,1.2178,1.2184,8804,65536.2,0,NaN,NaN,NaN,NaN,NaN,NaN,374158
1419404400,1.2185,1.2229,1.2184,1.22,25866,61606.65,0,NaN,NaN,NaN,NaN,NaN,NaN,374158
1419433200,1.22,1.2205,1.2194,1.2198,8147,61243,0,NaN,NaN,NaN,NaN,NaN,NaN,373596
1419548400,1.2229,1.2237,1.2213,1.2218,5463,50931.3,0,NaN,NaN,NaN,NaN,NaN,NaN,373596
1419577200,1.2217,1.222,1.2176,1.2179,14418,47099.6,0,NaN,NaN,NaN,NaN,NaN,NaN,373596
1419606000,1.218,1.2193,1.2177,1.2187,12298,47002,0,NaN,NaN,NaN,NaN,NaN,NaN,377591
1419807600,1.2189,1.221,1.2175,1.2194,11578,43705.05,0,NaN,NaN,NaN,NaN,NaN,NaN,377591
1419836400,1.2194,1.223,1.2181,1.22,53655,36109.45,0,NaN,NaN,NaN,NaN,NaN,NaN,377591
1419865200,1.2199,1.2203,1.2151,1.216,33494,36892.65,0,NaN,NaN,NaN,NaN,NaN,NaN,377465
1419894000,1.2163,1.217,1.2132,1.2143,17579,30619.8,0,NaN,NaN,NaN,NaN,NaN,NaN,377465
1419922800,1.2143,1.2196,1.2136,1.218,59104,30701.1,0,NaN,NaN,NaN,NaN,NaN,NaN,377465
1419951600,1.2182,1.2189,1.2159,1.2165,32705,31838.6,0,NaN,NaN,NaN,NaN,NaN,NaN,383323
1419980400,1.2164,1.2178,1.2157,1.2157,5718,28092.25,0,NaN,NaN,NaN,NaN,NaN,NaN,383323
1420009200,1.2157,1.2168,1.2119,1.2136,27401,25683.55,0,NaN,NaN,NaN,NaN,NaN,NaN,383323
1420038000,1.2136,1.2143,1.2104,1.2105,39478,27066.7,0,NaN,NaN,NaN,NaN,NaN,NaN,385451
1420153200,1.211,1.2113,1.2053,1.2062,25040,26050.6,0,NaN,NaN,NaN,NaN,NaN,NaN,385451
1420182000,1.2062,1.2078,1.2016,1.2023,72493,27766.2,0,NaN,NaN,NaN,NaN,NaN,NaN,385451
1420210800,1.2024,1.204,1.2007,1.201,58252,30360.4,0,NaN,NaN,NaN,NaN,NaN,NaN,394714
1420412400,1.196,1.1984,1.1933,1.1955,40548,29631.3,0,NaN,NaN,NaN,NaN,NaN,NaN,394714
1420441200,1.1955,1.1985,1.1895,1.1942,128321,34018.1,0,NaN,NaN,NaN,NaN,NaN,NaN,394714
1420470000,1.1942,1.1958,1.192,1.1939,67926,36974.2,0,NaN,NaN,NaN,NaN,NaN,NaN,400307
1420498800,1.1942,1.1977,1.1939,1.1968,15734,36467.6,0,NaN,NaN,NaN,NaN,NaN,NaN,400307
1420527600,1.1967,1.197,1.1892,1.1915,110623,41591.4,0,NaN,NaN,NaN,NaN,NaN,NaN,400307
1420556400,1.1915,1.1967,1.1893,1.1897,114142,47025.35,0,NaN,NaN,NaN,NaN,NaN,NaN,403080
1420585200,1.1884,1.1889,1.1862,1.1874,22641,47436.5,0,NaN,NaN,NaN,NaN,NaN,NaN,403080
1420614000,1.1874,1.1904,1.1815,1.1827,139756,53809.4,0,NaN,NaN,NaN,NaN,NaN,NaN,403080
1420642800,1.1827,1.1867,1.1809,1.1848,106161,58538.55,0,NaN,NaN,NaN,NaN,NaN,NaN,403699
1420671600,1.1842,1.1854,1.1824,1.1829,17983,56754.95,0,NaN,NaN,NaN,NaN,NaN,NaN,403699
1420700400,1.1828,1.1829,1.1761,1.1805,120519,61106.2,0,NaN,NaN,NaN,NaN,NaN,NaN,403699
1420729200,1.1805,1.1826,1.1778,1.18,101006,65277.55,0,NaN,NaN,NaN,NaN,NaN,NaN,409062
1420758000,1.1798,1.1821,1.1793,1.1799,17532,63198.95,0,NaN,NaN,NaN,NaN,NaN,NaN,409062
1420786800,1.18,1.184,1.1769,1.179,158461,69486.75,0,NaN,NaN,NaN,NaN,NaN,NaN,409062
1420815600,1.179,1.1854,1.179,1.185,111691,74785.4,0,NaN,NaN,NaN,NaN,NaN,NaN,405391
1421017200,1.187,1.1878,1.1852,1.1863,16946,74262.65,0,NaN,NaN,NaN,NaN,NaN,NaN,405391
1421046000,1.1863,1.1865,1.1792,1.1847,104271,77502.3,0,NaN,NaN,NaN,NaN,NaN,NaN,405391
1421074800,1.1846,1.1853,1.1815,1.1839,63848,79442.7,0,NaN,NaN,NaN,NaN,NaN,NaN,408457
1421103600,1.1837,1.1866,1.1826,1.1837,22195,76927.8,0,NaN,NaN,NaN,NaN,NaN,NaN,408457
1421132400,1.1836,1.1859,1.1762,1.1768,114796,79755,0,NaN,NaN,NaN,NaN,NaN,NaN,408457
1421161200,1.1767,1.1807,1.1759,1.178,94350,82445.1,0,NaN,NaN,NaN,NaN,NaN,NaN,418058
1421190000,1.1782,1.1802,1.1771,1.1792,20650,77061.55,0,NaN,NaN,NaN,NaN,NaN,NaN,418058
1421218800,1.1792,1.1854,1.1734,1.1797,213805,84355.5,0,NaN,NaN,NaN,NaN,NaN,NaN,418058
1421247600,1.1797,1.1821,1.1778,1.1795,80269,87582.25,0,NaN,NaN,NaN,NaN,NaN,NaN,408788
1421276400,1.1794,1.1797,1.1767,1.1779,18790,82990.6,0,NaN,NaN,NaN,NaN,NaN,NaN,408788
1421305200,1.1779,1.1792,1.1575,1.1637,346709,94618.95,0,NaN,NaN,NaN,NaN,NaN,NaN,408788
1421334000,1.1638,1.1652,1.1574,1.1636,158512,101412.5,0,NaN,NaN,NaN,NaN,NaN,NaN,425884
1421362800,1.1637,1.1653,1.1606,1.1642,36512,96250.3,0,NaN,NaN,NaN,NaN,NaN,NaN,425884
1421391600,1.1643,1.1656,1.1544,1.1557,148939,98389.2,0,NaN,NaN,NaN,NaN,NaN,NaN,425884
1421420400,1.1556,1.1596,1.1467,1.1573,160391,105509.6,0,NaN,NaN,NaN,NaN,NaN,NaN,438205
1421622000,1.1571,1.1581,1.1558,1.1575,22261,100596.7,0,NaN,NaN,NaN,NaN,NaN,NaN,438205
1421650800,1.1575,1.1635,1.1558,1.1629,79224,99507.6,0,NaN,NaN,NaN,NaN,NaN,NaN,438205
1421679600,1.1628,1.1646,1.1609,1.1617,16333,99447.65,0,NaN,NaN,NaN,NaN,NaN,NaN,438205
1421708400,1.1612,1.1613,1.1575,1.1579,20475,92548.35,0,NaN,NaN,NaN,NaN,NaN,NaN,438205
1421737200,1.1579,1.1621,1.1573,1.1591,81048,91016.2,0,NaN,NaN,NaN,NaN,NaN,NaN,438205
1421766000,1.1592,1.1596,1.1546,1.1554,56690,93003.4,0,NaN,NaN,NaN,NaN,NaN,NaN,444392
1421794800,1.1558,1.1594,1.1547,1.1587,15624,88571.05,0,NaN,NaN,NaN,NaN,NaN,NaN,444392
1421823600,1.1587,1.1687,1.1553,1.1645,158618,93309.55,0,NaN,NaN,NaN,NaN,NaN,NaN,444392
1421852400,1.1646,1.1666,1.1567,1.1616,91660,96782.8,0,NaN,NaN,NaN,NaN,NaN,NaN,433436
1421881200,1.1618,1.1635,1.1583,1.1584,18141,91950.05,0,NaN,NaN,NaN,NaN,NaN,NaN,433436
1421910000,1.1584,1.1668,1.1457,1.1468,225843,98524.7,0,NaN,NaN,NaN,NaN,NaN,NaN,433436
1421938800,1.1467,1.1497,1.1321,1.1368,136267,104305.55,0,NaN,NaN,NaN,NaN,NaN,NaN,448087
1421967600,1.1371,1.1379,1.1319,1.1341,34622,95346.4,0,NaN,NaN,NaN,NaN,NaN,NaN,448087
1421996400,1.134,1.136,1.1119,1.1248,247011,103683.5,0,NaN,NaN,NaN,NaN,NaN,NaN,448087
1422025200,1.125,1.1295,1.1207,1.1209,110438,108265.9,0,NaN,NaN,NaN,NaN,NaN,NaN,446886
1422226800,1.1152,1.1223,1.1102,1.1221,53537,93607.3,0,NaN,NaN,NaN,NaN,NaN,NaN,446886
1422255600,1.1222,1.1282,1.1199,1.1276,97069,90535.15,0,NaN,NaN,NaN,NaN,NaN,NaN,446886
1422284400,1.1276,1.13,1.1236,1.1246,67037,92061.4,0,NaN,NaN,NaN,NaN,NaN,NaN,443338
1422313200,1.1244,1.1263,1.1229,1.1249,19548,85591.85,0,NaN,NaN,NaN,NaN,NaN,NaN,443338
1422342000,1.1249,1.1394,1.1242,1.1377,185952,86869.9,0,NaN,NaN,NaN,NaN,NaN,NaN,443338
1422370800,1.138,1.1428,1.1338,1.1384,94323,90473,0,NaN,NaN,NaN,NaN,NaN,NaN,442207
1422399600,1.1376,1.1388,1.1335,1.1376,25372,87780.4,0,NaN,NaN,NaN,NaN,NaN,NaN,442207
1422428400,1.1375,1.1385,1.1311,1.1313,87269,91327.2,0,NaN,NaN,NaN,NaN,NaN,NaN,442207
1422457200,1.1313,1.1375,1.1281,1.1293,108927,95749.8,0,NaN,NaN,NaN,NaN,NaN,NaN,442520
1422486000,1.128,1.13,1.1266,1.1287,15781,92486.45,0,NaN,NaN,NaN,NaN,NaN,NaN,442520
1422514800,1.1287,1.1354,1.1269,1.1339,104481,94876,0,NaN,NaN,NaN,NaN,NaN,NaN,442520
1422543600,1.134,1.1372,1.1283,1.1322,85648,98377.2,0,NaN,NaN,NaN,NaN,NaN,NaN,444851
1422572400,1.133,1.1349,1.1323,1.1339,12991,91095.85,0,NaN,NaN,NaN,NaN,NaN,NaN,444851
1422601200,1.1339,1.1368,1.1295,1.1308,111020,92063.85,0,NaN,NaN,NaN,NaN,NaN,NaN,444851
1422630000,1.1309,1.1328,1.1281,1.1293,80320,95172.8,0,NaN,NaN,NaN,NaN,NaN,NaN,450087
1422831600,1.1314,1.133,1.1296,1.1311,14905,84625.9,0,NaN,NaN,NaN,NaN,NaN,NaN,450087
1422860400,1.1312,1.136,1.1302,1.1347,89812,82303.15,0,NaN,NaN,NaN,NaN,NaN,NaN,450087
1422889200,1.1347,1.1367,1.1329,1.1348,63040,83724.05,0,NaN,NaN,NaN,NaN,NaN,NaN,450960
1422918000,1.134,1.1355,1.1326,1.1342,15427,72144.85,0,NaN,NaN,NaN,NaN,NaN,NaN,450960
1422946800,1.1343,1.1456,1.1317,1.1441,144168,73831.35,0,NaN,NaN,NaN,NaN,NaN,NaN,450960
1422975600,1.1441,1.1539,1.1435,1.1485,131944,77751.7,0,NaN,NaN,NaN,NaN,NaN,NaN,449079
1423004400,1.1472,1.149,1.146,1.1479,18689,73832.7,0,NaN,NaN,NaN,NaN,NaN,NaN,449079
1423033200,1.1479,1.1483,1.1407,1.141,98545,75408.1,0,NaN,NaN,NaN,NaN,NaN,NaN,449079
1423062000,1.1409,1.1453,1.132,1.1342,87348,78798.1,0,NaN,NaN,NaN,NaN,NaN,NaN,454771
1423090800,1.1342,1.1367,1.1308,1.1344,28442,70922.6,0,NaN,NaN,NaN,NaN,NaN,NaN,454771
1423119600,1.1345,1.1462,1.1344,1.1426,110996,71756.25,0,NaN,NaN,NaN,NaN,NaN,NaN,454771
1423148400,1.1426,1.1503,1.1423,1.1483,64491,73712.2,0,NaN,NaN,NaN,NaN,NaN,NaN,452941
1423177200,1.148,1.1483,1.1465,1.1468,10176,69857.55,0,NaN,NaN,NaN,NaN,NaN,NaN,452941
1423206000,1.1468,1.1473,1.1337,1.1346,140934,71457.9,0,NaN,NaN,NaN,NaN,NaN,NaN,452941
1423234800,1.1346,1.1357,1.1315,1.1315,64708,73904.25,0,NaN,NaN,NaN,NaN,NaN,NaN,440031
1423436400,1.1319,1.1344,1.1312,1.1327,16056,69483,0,NaN,NaN,NaN,NaN,NaN,NaN,440031
1423465200,1.1327,1.1363,1.1275,1.1334,85238,69462.5,0,NaN,NaN,NaN,NaN,NaN,NaN,440031
1423494000,1.1335,1.136,1.1318,1.1328,46500,71137.95,0,NaN,NaN,NaN,NaN,NaN,NaN,434867
1423522800,1.1328,1.135,1.1327,1.1333,17809,66477.4,0,NaN,NaN,NaN,NaN,NaN,NaN,434867
1423551600,1.1335,1.1344,1.1277,1.1317,107083,67815.55,0,NaN,NaN,NaN,NaN,NaN,NaN,434867
1423580400,1.1317,1.1332,1.13,1.1325,41686,69154.6,0,NaN,NaN,NaN,NaN,NaN,NaN,435462
1423609200,1.132,1.1336,1.1318,1.1322,10024,65165.2,0,NaN,NaN,NaN,NaN,NaN,NaN,435462
1423638000,1.1322,1.1335,1.1293,1.1298,57339,64880.15,0,NaN,NaN,NaN,NaN,NaN,NaN,435462
1423666800,1.1298,1.1352,1.1283,1.1345,69103,67563.95,0,NaN,NaN,NaN,NaN,NaN,NaN,435013
1423695600,1.1335,1.1344,1.1307,1.1318,19882,61349.65,0,NaN,NaN,NaN,NaN,NaN,NaN,435013
1423724400,1.1319,1.1407,1.1313,1.1387,125077,61006.3,0,NaN,NaN,NaN,NaN,NaN,NaN,435013
1423753200,1.1388,1.1427,1.1369,1.1407,68406,63492.15,0,NaN,NaN,NaN,NaN,NaN,NaN,434189
1423782000,1.1405,1.1444,1.1398,1.1434,21028,59616.3,0,NaN,NaN,NaN,NaN,NaN,NaN,434189
1423810800,1.1434,1.1447,1.1383,1.1408,69294,58713.6,0,NaN,NaN,NaN,NaN,NaN,NaN,434189
1423839600,1.141,1.1436,1.1389,1.1403,47162,59649.6,0,NaN,NaN,NaN,NaN,NaN,NaN,429431
1424041200,1.1402,1.1429,1.1392,1.1421,12523,54725.95,0,NaN,NaN,NaN,NaN,NaN,NaN,429431
1424070000,1.1421,1.1432,1.1398,1.1415,21305,52566.65,0,NaN,NaN,NaN,NaN,NaN,NaN,429431
1424098800,1.1414,1.1417,1.1341,1.136,17564,52936.05,0,NaN,NaN,NaN,NaN,NaN,NaN,429431
1424127600,1.135,1.137,1.1325,1.1352,23280,47053.35,0,NaN,NaN,NaN,NaN,NaN,NaN,429431
1424156400,1.1352,1.1452,1.1341,1.1403,86288,48132.35,0,NaN,NaN,NaN,NaN,NaN,NaN,429431
1424185200,1.1403,1.1429,1.1385,1.1416,63811,50520.1,0,NaN,NaN,NaN,NaN,NaN,NaN,428641
1424214000,1.1413,1.1419,1.14,1.14,10872,46801.8,0,NaN,NaN,NaN,NaN,NaN,NaN,428641
1424242800,1.14,1.1415,1.1356,1.136,57524,47353,0,NaN,NaN,NaN,NaN,NaN,NaN,428641
1424271600,1.136,1.1418,1.1337,1.1399,90469,50986,0,NaN,NaN,NaN,NaN,NaN,NaN,428419
1424300400,1.1403,1.1428,1.1402,1.1416,11965,46230.1,0,NaN,NaN,NaN,NaN,NaN,NaN,428419
1424329200,1.1417,1.1454,1.1358,1.1377,97801,49035.85,0,NaN,NaN,NaN,NaN,NaN,NaN,428419
1424358000,1.1377,1.14,1.136,1.1372,39297,50499.5,0,NaN,NaN,NaN,NaN,NaN,NaN,427957
1424386800,1.1368,1.1376,1.1359,1.1363,7609,48013,0,NaN,NaN,NaN,NaN,NaN,NaN,427957
1424415600,1.1362,1.1364,1.1281,1.1297,124688,50792.25,0,NaN,NaN,NaN,NaN,NaN,NaN,427957
1424444400,1.1296,1.1434,1.1289,1.1378,146389,57117.6,0,NaN,NaN,NaN,NaN,NaN,NaN,427683
1424646000,1.1382,1.1397,1.1361,1.1378,10534,51390.45,0,NaN,NaN,NaN,NaN,NaN,NaN,427683
1424674800,1.1379,1.138,1.1298,1.1328,71537,51547,0,NaN,NaN,NaN,NaN,NaN,NaN,427683
1424703600,1.1329,1.1363,1.1324,1.1338,43914,52691.3,0,NaN,NaN,NaN,NaN,NaN,NaN,421050
1424732400,1.1338,1.1345,1.1325,1.1337,11964,49824.8,0,NaN,NaN,NaN,NaN,NaN,NaN,421050
1424761200,1.1336,1.1343,1.1299,1.1322,55462,50239.8,0,NaN,NaN,NaN,NaN,NaN,NaN,421050
1424790000,1.1322,1.1361,1.129,1.1343,106379,54932.6,0,NaN,NaN,NaN,NaN,NaN,NaN,419039
1424818800,1.1342,1.1357,1.1338,1.1356,10668,54400.75,0,NaN,NaN,NaN,NaN,NaN,NaN,419039
1424847600,1.1356,1.1392,1.1338,1.1351,67508,56897.95,0,NaN,NaN,NaN,NaN,NaN,NaN,419039
1424876400,1.1352,1.1371,1.1347,1.1365,34806,57474.25,0,NaN,NaN,NaN,NaN,NaN,NaN,416694
1424905200,1.1365,1.1375,1.136,1.1368,7756,53547.65,0,NaN,NaN,NaN,NaN,NaN,NaN,416694
1424934000,1.1369,1.1382,1.1221,1.1228,141066,57410.4,0,NaN,NaN,NaN,NaN,NaN,NaN,416694
1424962800,1.1228,1.1229,1.1185,1.1198,87396,61236.6,0,NaN,NaN,NaN,NaN,NaN,NaN,419414
1424991600,1.12,1.1218,1.1195,1.1204,17609,59240.85,0,NaN,NaN,NaN,NaN,NaN,NaN,419414
1425020400,1.1205,1.1249,1.1177,1.1189,120822,60758.5,0,NaN,NaN,NaN,NaN,NaN,NaN,419414
1425049200,1.1189,1.1229,1.1184,1.12,77937,64057.1,0,NaN,NaN,NaN,NaN,NaN,NaN,423208
1425250800,1.1183,1.1185,1.1161,1.1176,18849,60109.5,0,NaN,NaN,NaN,NaN,NaN,NaN,423208
1425279600,1.1177,1.1242,1.1168,1.1217,79777,62133.5,0,NaN,NaN,NaN,NaN,NaN,NaN,423208
1425308400,1.1217,1.122,1.1178,1.1185,53733,64439.7,0,NaN,NaN,NaN,NaN,NaN,NaN,422229
1425337200,1.1182,1.1203,1.1178,1.1199,16172,59013.9,0,NaN,NaN,NaN,NaN,NaN,NaN,422229
1425366000,1.1198,1.1214,1.1156,1.1201,72709,55329.9,0,NaN,NaN,NaN,NaN,NaN,NaN,422229
1425394800,1.1202,1.1219,1.1174,1.1178,57208,57663.6,0,NaN,NaN,NaN,NaN,NaN,NaN,415904
1425423600,1.1181,1.1187,1.1165,1.117,11309,54652.2,0,NaN,NaN,NaN,NaN,NaN,NaN,415904
1425452400,1.1169,1.1179,1.1084,1.11,125742,58743.6,0,NaN,NaN,NaN,NaN,NaN,NaN,415904
1425481200,1.1098,1.1101,1.1063,1.1078,101579,63224.35,0,NaN,NaN,NaN,NaN,NaN,NaN,417394
1425510000,1.1082,1.1086,1.1027,1.1037,20970,61499.75,0,NaN,NaN,NaN,NaN,NaN,NaN,417394
1425538800,1.1037,1.1116,1.1007,1.1032,160157,64188.65,0,NaN,NaN,NaN,NaN,NaN,NaN,417394
1425567600,1.1032,1.1053,1.0988,1.1033,85452,67927.85,0,NaN,NaN,NaN,NaN,NaN,NaN,413339
1425596400,1.1034,1.1034,1.1015,1.1017,11989,65151.9,0,NaN,NaN,NaN,NaN,NaN,NaN,413339
1425625200,1.1016,1.1027,1.0856,1.0857,215257,74174.45,0,NaN,NaN,NaN,NaN,NaN,NaN,413339
1425654000,1.0856,1.0889,1.084,1.0847,92705,78421.9,0,NaN,NaN,NaN,NaN,NaN,NaN,389862
1425852000,1.0836,1.0857,1.0824,1.0843,17099,72223.55,0,NaN,NaN,NaN,NaN,NaN,NaN,389862
1425880800,1.0843,1.0908,1.0843,1.086,78524,71779.95,0,NaN,NaN,NaN,NaN,NaN,NaN,389862
1425909600,1.086,1.0866,1.0839,1.0853,56542,73726.6,0,NaN,NaN,NaN,NaN,NaN,NaN,359412
1425938400,1.0853,1.0856,1.0785,1.0799,37415,69556.25,0,NaN,NaN,NaN,NaN,NaN,NaN,359412
1425967200,1.0799,1.0824,1.0723,1.077,160156,73667.2,0,NaN,NaN,NaN,NaN,NaN,NaN,359412
1425996000,1.077,1.0773,1.0693,1.0699,99982,77723.85,0,NaN,NaN,NaN,NaN,NaN,NaN,298939
1426024800,1.0685,1.0718,1.0665,1.069,31933,75331.65,0,NaN,NaN,NaN,NaN,NaN,NaN,298939
1426053600,1.069,1.0698,1.0561,1.0602,190085,82149.25,0,NaN,NaN,NaN,NaN,NaN,NaN,298939
1426082400,1.0602,1.0606,1.0512,1.0547,124716,87576.45,0,NaN,NaN,NaN,NaN,NaN,NaN,228095
1426111200,1.0547,1.0556,1.0494,1.053,37840,85833,0,NaN,NaN,NaN,NaN,NaN,NaN,228095
1426140000,1.053,1.0684,1.0529,1.0615,169006,91422.9,0,NaN,NaN,NaN,NaN,NaN,NaN,228095
1426168800,1.0614,1.0647,1.0589,1.0636,61981,93956.5,0,NaN,NaN,NaN,NaN,NaN,NaN,185791
1426197600,1.0638,1.064,1.0607,1.0612,16250,88481.9,0,NaN,NaN,NaN,NaN,NaN,NaN,185791
1426226400,1.0611,1.0647,1.0543,1.0545,97628,88284.35,0,NaN,NaN,NaN,NaN,NaN,NaN,185791
1426255200,1.0546,1.0553,1.0473,1.0508,146651,94568.4,0,NaN,NaN,NaN,NaN,NaN,NaN,437631
1426456800,1.0498,1.0547,1.0491,1.0536,30909,88106,0,NaN,NaN,NaN,NaN,NaN,NaN,437631
1426485600,1.0537,1.0624,1.051,1.0609,118391,89752.95,0,NaN,NaN,NaN,NaN,NaN,NaN,437631
1426514400,1.061,1.0632,1.0575,1.058,87323,93519.65,0,NaN,NaN,NaN,NaN,NaN,NaN,442890
1426543200,1.0581,1.059,1.0563,1.0569,15424,83528,0,NaN,NaN,NaN,NaN,NaN,NaN,442890
1426572000,1.057,1.0656,1.0564,1.0648,133796,85582.55,0,NaN,NaN,NaN,NaN,NaN,NaN,442890
1426600800,1.0648,1.0663,1.0595,1.0609,91324,89293.8,0,NaN,NaN,NaN,NaN,NaN,NaN,447223
1426629600,1.0608,1.0625,1.0591,1.0592,13841,86059.65,0,NaN,NaN,NaN,NaN,NaN,NaN,447223
1426658400,1.0592,1.0648,1.0591,1.0623,86740,87569.55,0,NaN,NaN,NaN,NaN,NaN,NaN,447223
1426687200,1.0623,1.1011,1.0614,1.087,370730,104235.3,0,NaN,NaN,NaN,NaN,NaN,NaN,449754
1426716000,1.0845,1.0931,1.0768,1.0784,78580,100156.5,0,NaN,NaN,NaN,NaN,NaN,NaN,449754
1426744800,1.0784,1.0807,1.0641,1.0673,218359,106075.35,0,NaN,NaN,NaN,NaN,NaN,NaN,449754
1426773600,1.067,1.07,1.0625,1.0672,111953,110076.35,0,NaN,NaN,NaN,NaN,NaN,NaN,454842
1426802400,1.067,1.0707,1.0668,1.07,21679,101656.05,0,NaN,NaN,NaN,NaN,NaN,NaN,454842
1426831200,1.0699,1.0829,1.0668,1.081,148524,102846.45,0,NaN,NaN,NaN,NaN,NaN,NaN,454842
1426860000,1.0809,1.0894,1.0766,1.0833,151025,108505.7,0,NaN,NaN,NaN,NaN,NaN,NaN,454665
1427061600,1.0877,1.0881,1.0796,1.0828,35485,101829.65,0,NaN,NaN,NaN,NaN,NaN,NaN,454665
1427090400,1.0827,1.0954,1.078,1.0934,166284,107044.8,0,NaN,NaN,NaN,NaN,NaN,NaN,454665
1427119200,1.0934,1.0984,1.0895,1.0957,147086,113586.6,0,NaN,NaN,NaN,NaN,NaN,NaN,451632
1427148000,1.0958,1.0979,1.0916,1.094,23998,109905.1,0,NaN,NaN,NaN,NaN,NaN,NaN,451632
1427176800,1.0941,1.1041,1.0918,1.095,230020,114073.55,0,NaN,NaN,NaN,NaN,NaN,NaN,451632
1427205600,1.0951,1.0956,1.0903,1.0936,107015,117878.85,0,NaN,NaN,NaN,NaN,NaN,NaN,458482
1427234400,1.0934,1.095,1.0913,1.0938,13401,112629.35,0,NaN,NaN,NaN,NaN,NaN,NaN,458482
1427263200,1.0938,1.1027,1.0919,1.0982,138203,115173.35,0,NaN,NaN,NaN,NaN,NaN,NaN,458482
1427292000,1.0982,1.1005,1.0961,1.0981,73812,118092.75,0,NaN,NaN,NaN,NaN,NaN,NaN,459040
1427320800,1.0983,1.1005,1.0969,1.0992,17225,112264.2,0,NaN,NaN,NaN,NaN,NaN,NaN,459040
1427349600,1.0992,1.1064,1.0949,1.0971,166674,116031.7,0,NaN,NaN,NaN,NaN,NaN,NaN,459040
1427378400,1.0971,1.0973,1.0867,1.0896,136431,122161.2,0,NaN,NaN,NaN,NaN,NaN,NaN,460014
1427407200,1.0888,1.0908,1.088,1.0894,15849,118616.65,0,NaN,NaN,NaN,NaN,NaN,NaN,460014
1427436000,1.0892,1.091,1.0812,1.0887,143742,107267.25,0,NaN,NaN,NaN,NaN,NaN,NaN,460014
1427464800,1.0888,1.0961,1.0866,1.0902,119807,109328.6,0,NaN,NaN,NaN,NaN,NaN,NaN,459466
1427666400,1.09,1.0907,1.0865,1.0883,17130,99267.15,0,NaN,NaN,NaN,NaN,NaN,NaN,459466
1427695200,1.0884,1.0892,1.0824,1.084,119174,99628.2,0,NaN,NaN,NaN,NaN,NaN,NaN,459466
1427724000,1.0839,1.0868,1.0821,1.0844,65228,101805.65,0,NaN,NaN,NaN,NaN,NaN,NaN,456874
1427752800,1.0838,1.0857,1.0789,1.0795,28626,95810.75,0,NaN,NaN,NaN,NaN,NaN,NaN,456874
1427781600,1.0794,1.0805,1.0724,1.0748,120950,94307,0,NaN,NaN,NaN,NaN,NaN,NaN,456874
1427810400,1.0749,1.0784,1.0733,1.0744,78519,96458.7,0,NaN,NaN,NaN,NaN,NaN,NaN,456318
1427839200,1.0752,1.0802,1.0741,1.079,25969,89442.95,0,NaN,NaN,NaN,NaN,NaN,NaN,456318
1427868000,1.079,1.0811,1.0729,1.0755,129268,88552.05,0,NaN,NaN,NaN,NaN,NaN,NaN,456318
1427896800,1.0757,1.0805,1.0738,1.0774,81493,91426.8,0,NaN,NaN,NaN,NaN,NaN,NaN,453934
1427925600,1.0775,1.0801,1.076,1.0794,16587,80755.15,0,NaN,NaN,NaN,NaN,NaN,NaN,453934
1427954400,1.0793,1.0916,1.079,1.0893,140417,82425.25,0,NaN,NaN,NaN,NaN,NaN,NaN,453934
1427983200,1.0893,1.0912,1.0875,1.089,66176,85064,0,NaN,NaN,NaN,NaN,NaN,NaN,447273
1428012000,1.0893,1.0894,1.0873,1.089,7735,78540.6,0,NaN,NaN,NaN,NaN,NaN,NaN,447273
1428040800,1.089,1.1038,1.0877,1.1011,88162,79258.1,0,NaN,NaN,NaN,NaN,NaN,NaN,447273
1428069600,1.1011,1.102,1.0997,1.1,6680,78730.85,0,NaN,NaN,NaN,NaN,NaN,NaN,446887
1428271200,1.1007,1.1029,1.0984,1.0986,17336,71263.95,0,NaN,NaN,NaN,NaN,NaN,NaN,446887
1428300000,1.0986,1.1045,1.0977,1.1039,31126,65998.7,0,NaN,NaN,NaN,NaN,NaN,NaN,446887
1428328800,1.1038,1.1047,1.092,1.0932,59252,68168.85,0,NaN,NaN,NaN,NaN,NaN,NaN,440631
1428357600,1.0942,1.0965,1.0932,1.0953,16675,61815.5,0,NaN,NaN,NaN,NaN,NaN,NaN,440631
1428386400,1.0952,1.0952,1.0844,1.0878,131592,62404.75,0,NaN,NaN,NaN,NaN,NaN,NaN,440631
1428415200,1.0878,1.0895,1.0813,1.0824,73928,65244.65,0,NaN,NaN,NaN,NaN,NaN,NaN,437877
1428444000,1.0822,1.0863,1.0819,1.0859,20653,60318.6,0,NaN,NaN,NaN,NaN,NaN,NaN,437877
1428472800,1.0858,1.0897,1.0845,1.0865,97713,61942.85,0,NaN,NaN,NaN,NaN,NaN,NaN,437877
1428501600,1.0866,1.0866,1.0772,1.079,142527,67637.9,0,NaN,NaN,NaN,NaN,NaN,NaN,434633
1428530400,1.0791,1.0797,1.0758,1.0765,20206,62600.7,0,NaN,NaN,NaN,NaN,NaN,NaN,434633
1428559200,1.0764,1.0795,1.0726,1.0734,119442,64646.85,0,NaN,NaN,NaN,NaN,NaN,NaN,434633
1428588000,1.0734,1.0737,1.0645,1.0666,121103,69403.55,0,NaN,NaN,NaN,NaN,NaN,NaN,441618
1428616800,1.0671,1.0692,1.0667,1.0681,12729,63576.6,0,NaN,NaN,NaN,NaN,NaN,NaN,441618
1428645600,1.0681,1.0682,1.0577,1.0612,147758,66889.85,0,NaN,NaN,NaN,NaN,NaN,NaN,441618
1428674400,1.0612,1.0645,1.0591,1.0612,68009,69460.95,0,NaN,NaN,NaN,NaN,NaN,NaN,447562
1428876000,1.0603,1.0628,1.0586,1.06,20519,63466.05,0,NaN,NaN,NaN,NaN,NaN,NaN,447562
1428904800,1.06,1.0626,1.0529,1.06,158303,68072.4,0,NaN,NaN,NaN,NaN,NaN,NaN,447562
1428933600,1.06,1.0605,1.0567,1.0577,59805,70675.9,0,NaN,NaN,NaN,NaN,NaN,NaN,449622
1428962400,1.0575,1.0603,1.0547,1.0549,16239,67079.75,0,NaN,NaN,NaN,NaN,NaN,NaN,449622
1428991200,1.0549,1.0702,1.0539,1.0688,204127,76952.1,0,NaN,NaN,NaN,NaN,NaN,NaN,449622
1429020000,1.0688,1.0717,1.0653,1.0665,88541,80512.35,0,NaN,NaN,NaN,NaN,NaN,NaN,449468
1429048800,1.0663,1.0665,1.0626,1.0642,16795,79795.8,0,NaN,NaN,NaN,NaN,NaN,NaN,449468
1429077600,1.0642,1.0683,1.0579,1.0646,192288,86447.6,0,NaN,NaN,NaN,NaN,NaN,NaN,449468
1429106400,1.0647,1.0711,1.0592,1.0693,133523,92290,0,NaN,NaN,NaN,NaN,NaN,NaN,449712
1429135200,1.0688,1.0757,1.0682,1.0686,29752,87198,0,NaN,NaN,NaN,NaN,NaN,NaN,449712
1429164000,1.0686,1.0777,1.0633,1.0741,180201,92511.65,0,NaN,NaN,NaN,NaN,NaN,NaN,449712
1429192800,1.0738,1.0826,1.0693,1.077,140861,98522.05,0,NaN,NaN,NaN,NaN,NaN,NaN,455018
1429221600,1.0773,1.0795,1.0762,1.0774,15114,94392.1,0,NaN,NaN,NaN,NaN,NaN,NaN,455018
1429250400,1.0774,1.0857,1.0742,1.0782,208867,97709.1,0,NaN,NaN,NaN,NaN,NaN,NaN,455018
1429279200,1.078,1.0832,1.0762,1.0816,78298,100613.7,0,NaN,NaN,NaN,NaN,NaN,NaN,454102
1429480800,1.082,1.0827,1.0776,1.0788,17909,95537.05,0,NaN,NaN,NaN,NaN,NaN,NaN,454102
1429509600,1.0788,1.0814,1.072,1.0748,105351,94749.45,0,NaN,NaN,NaN,NaN,NaN,NaN,454102
1429538400,1.0749,1.0777,1.0734,1.0745,57637,96994.85,0,NaN,NaN,NaN,NaN,NaN,NaN,450561
1429567200,1.0746,1.0759,1.0721,1.0727,13849,90299.4,0,NaN,NaN,NaN,NaN,NaN,NaN,450561
1429596000,1.0727,1.0728,1.0667,1.0696,113502,92574.05,0,NaN,NaN,NaN,NaN,NaN,NaN,450561
1429624800,1.0696,1.0789,1.0691,1.0744,83928,95744.5,0,NaN,NaN,NaN,NaN,NaN,NaN,453208
1429653600,1.0744,1.0756,1.0724,1.0747,16062,88632.45,0,NaN,NaN,NaN,NaN,NaN,NaN,453208
1429682400,1.0747,1.0809,1.0716,1.0754,144979,92891.15,0,NaN,NaN,NaN,NaN,NaN,NaN,453208
1429711200,1.0754,1.0754,1.072,1.0734,57987,94978.55,0,NaN,NaN,NaN,NaN,NaN,NaN,451252
1429740000,1.0731,1.0735,1.0698,1.0715,18155,85679.95,0,NaN,NaN,NaN,NaN,NaN,NaN,451252
1429768800,1.0714,1.079,1.0672,1.0758,143799,88442.85,0,NaN,NaN,NaN,NaN,NaN,NaN,451252
1429797600,1.0758,1.0853,1.0753,1.083,115732,93389.7,0,NaN,NaN,NaN,NaN,NaN,NaN,457000
1429826400,1.083,1.0836,1.0791,1.082,17245,84637.55,0,NaN,NaN,NaN,NaN,NaN,NaN,457000
1429855200,1.0819,1.0907,1.0804,1.0821,195521,87737.45,0,NaN,NaN,NaN,NaN,NaN,NaN,457000
1429884000,1.0821,1.0886,1.0812,1.0883,68703,89685,0,NaN,NaN,NaN,NaN,NaN,NaN,455112
1430085600,1.0874,1.0885,1.0854,1.0881,13980,81373.95,0,NaN,NaN,NaN,NaN,NaN,NaN,455112
1430114400,1.0881,1.0894,1.0826,1.086,96404,79151.1,0,NaN,NaN,NaN,NaN,NaN,NaN,455112
1430143200,1.086,1.0934,1.0859,1.0899,90399,82915.35,0,NaN,NaN,NaN,NaN,NaN,NaN,451488
1430172000,1.0892,1.0894,1.0873,1.0888,11356,73039.8,0,NaN,NaN,NaN,NaN,NaN,NaN,451488
1430200800,1.0889,1.096,1.0867,1.0955,132576,75753.7,0,NaN,NaN,NaN,NaN,NaN,NaN,451488
1430229600,1.0956,1.0998,1.0952,1.0988,102953,80005.9,0,NaN,NaN,NaN,NaN,NaN,NaN,451756
1430258400,1.0985,1.0987,1.0965,1.0974,11747,75325.7,0,NaN,NaN,NaN,NaN,NaN,NaN,451756
1430287200,1.0974,1.1086,1.097,1.1083,200495,82468.6,0,NaN,NaN,NaN,NaN,NaN,NaN,451756
1430316000,1.1085,1.1195,1.1073,1.1134,242187,93885.5,0,NaN,NaN,NaN,NaN,NaN,NaN,449759
1430344800,1.1124,1.1132,1.1091,1.1094,13807,88900.75,0,NaN,NaN,NaN,NaN,NaN,NaN,449759
1430373600,1.1095,1.1256,1.1077,1.1147,255509,97479.8,0,NaN,NaN,NaN,NaN,NaN,NaN,449759
1430402400,1.1147,1.1273,1.1145,1.1226,173695,105361.45,0,NaN,NaN,NaN,NaN,NaN,NaN,445075
1430431200,1.1224,1.1226,1.1209,1.1225,11032,98664.1,0,NaN,NaN,NaN,NaN,NaN,NaN,445075
1430460000,1.1226,1.1292,1.1206,1.1279,91044,100316.95,0,NaN,NaN,NaN,NaN,NaN,NaN,445075
1430488800,1.128,1.1297,1.1181,1.12,90660,103942.2,0,NaN,NaN,NaN,NaN,NaN,NaN,437544
1430690400,1.1199,1.1215,1.1183,1.121,12138,97359.15,0,NaN,NaN,NaN,NaN,NaN,NaN,437544
1430719200,1.121,1.1231,1.1129,1.1169,97443,96444.7,0,NaN,NaN,NaN,NaN,NaN,NaN,437544
1430748000,1.1169,1.1174,1.1137,1.1153,64618,98813.35,0,NaN,NaN,NaN,NaN,NaN,NaN,438055
1430776800,1.1154,1.1158,1.113,1.1137,8948,89484.7,0,NaN,NaN,NaN,NaN,NaN,NaN,438055
1430805600,1.1136,1.1179,1.1072,1.1175,149983,93548.7,0,NaN,NaN,NaN,NaN,NaN,NaN,438055
1430834400,1.1173,1.1229,1.1124,1.1191,115955,98647.45,0,NaN,NaN,NaN,NaN,NaN,NaN,443041
1430863200,1.1193,1.1248,1.1181,1.1236,20513,94852.9,0,NaN,NaN,NaN,NaN,NaN,NaN,443041
1430892000,1.1236,1.135,1.1208,1.1341,220297,101347.8,0,NaN,NaN,NaN,NaN,NaN,NaN,443041
1430920800,1.1341,1.1377,1.1323,1.1352,142581,107909.05,0,NaN,NaN,NaN,NaN,NaN,NaN,442923
1430949600,1.1349,1.1372,1.133,1.1364,13883,101974.4,0,NaN,NaN,NaN,NaN,NaN,NaN,442923
1430978400,1.1362,1.1398,1.1268,1.1275,194178,106535.65,0,NaN,NaN,NaN,NaN,NaN,NaN,442923
1431007200,1.1275,1.1296,1.1243,1.1272,91612,110528.9,0,NaN,NaN,NaN,NaN,NaN,NaN,440676
1431036000,1.1261,1.1263,1.1204,1.121,23767,101692.5,0,NaN,NaN,NaN,NaN,NaN,NaN,440676
1431064800,1.121,1.1303,1.1184,1.1232,205045,99835.4,0,NaN,NaN,NaN,NaN,NaN,NaN,440676
1431093600,1.1232,1.1263,1.1189,1.1212,98739,104082,0,NaN,NaN,NaN,NaN,NaN,NaN,441997
1431295200,1.1206,1.1211,1.1138,1.1151,23644,92488.75,0,NaN,NaN,NaN,NaN,NaN,NaN,441997
1431324000,1.115,1.1202,1.114,1.1159,118529,89730.45,0,NaN,NaN,NaN,NaN,NaN,NaN,441997
1431352800,1.1159,1.1176,1.1136,1.1161,72147,92786.2,0,NaN,NaN,NaN,NaN,NaN,NaN,434804
1431381600,1.1157,1.1195,1.1139,1.1181,15390,89003.5,0,NaN,NaN,NaN,NaN,NaN,NaN,434804
1431410400,1.118,1.1284,1.1172,1.1255,148188,91879.9,0,NaN,NaN,NaN,NaN,NaN,NaN,434804
1431439200,1.1255,1.1271,1.121,1.1218,63841,94465.05,0,NaN,NaN,NaN,NaN,NaN,NaN,432340
1431468000,1.1224,1.126,1.1218,1.1243,17458,90465.8,0,NaN,NaN,NaN,NaN,NaN,NaN,432340
1431496800,1.1242,1.1339,1.1207,1.1336,155592,95014.5,0,NaN,NaN,NaN,NaN,NaN,NaN,432340
1431525600,1.1335,1.1387,1.1335,1.1361,85974,98865.8,0,NaN,NaN,NaN,NaN,NaN,NaN,433753
1431554400,1.1357,1.1384,1.1344,1.1382,20049,92369.1,0,NaN,NaN,NaN,NaN,NaN,NaN,433753
1431583200,1.1382,1.1457,1.1367,1.1406,182426,95692.65,0,NaN,NaN,NaN,NaN,NaN,NaN,433753
1431612000,1.1406,1.1419,1.1348,1.1416,89082,99121.1,0,NaN,NaN,NaN,NaN,NaN,NaN,429026
1431640800,1.1414,1.1423,1.1384,1.1388,19425,89077.5,0,NaN,NaN,NaN,NaN,NaN,NaN,429026
1431669600,1.1388,1.1425,1.1328,1.136,117365,87816.7,0,NaN,NaN,NaN,NaN,NaN,NaN,429026
1431698400,1.136,1.1472,1.136,1.1451,147410,94493.05,0,NaN,NaN,NaN,NaN,NaN,NaN,429277
1431900000,1.145,1.1452,1.1422,1.1442,13663,85467.3,0,NaN,NaN,NaN,NaN,NaN,NaN,429277
1431928800,1.1442,1.1451,1.1341,1.1344,115994,86686.4,0,NaN,NaN,NaN,NaN,NaN,NaN,429277
1431957600,1.1344,1.1374,1.1302,1.1319,74803,89238.2,0,NaN,NaN,NaN,NaN,NaN,NaN,421279
1431986400,1.132,1.1331,1.129,1.132,20115,79991.7,0,NaN,NaN,NaN,NaN,NaN,NaN,421279
1432015200,1.1321,1.1321,1.1125,1.1158,230286,86569.05,0,NaN,NaN,NaN,NaN,NaN,NaN,421279
1432044000,1.1157,1.1166,1.1122,1.1152,78568,89315.25,0,NaN,NaN,NaN,NaN,NaN,NaN,419439
1432072800,1.1151,1.1156,1.1101,1.1102,23157,84546.65,0,NaN,NaN,NaN,NaN,NaN,NaN,419439
1432101600,1.1103,1.1149,1.1066,1.1106,146806,88279.6,0,NaN,NaN,NaN,NaN,NaN,NaN,419439
1432130400,1.1106,1.1149,1.1073,1.1098,125792,93799.7,0,NaN,NaN,NaN,NaN,NaN,NaN,415458
1432159200,1.1095,1.1134,1.1091,1.1121,17667,87273.65,0,NaN,NaN,NaN,NaN,NaN,NaN,415458
1432188000,1.112,1.1185,1.1082,1.1116,151056,91634.4,0,NaN,NaN,NaN,NaN,NaN,NaN,415458
1432216800,1.1116,1.1145,1.1108,1.1115,72542,94388.6,0,NaN,NaN,NaN,NaN,NaN,NaN,413350
1432245600,1.1111,1.1156,1.1108,1.115,18803,87549.15,0,NaN,NaN,NaN,NaN,NaN,NaN,413350
1432274400,1.115,1.1212,1.1005,1.1033,199524,93226.65,0,NaN,NaN,NaN,NaN,NaN,NaN,413350
1432303200,1.1032,1.1047,1.1006,1.1016,70385,95743.45,0,NaN,NaN,NaN,NaN,NaN,NaN,415018
1432504800,1.0987,1.1013,1.0972,1.0989,16624,87453.35,0,NaN,NaN,NaN,NaN,NaN,NaN,415018
1432533600,1.099,1.1012,1.0962,1.0974,23559,84177.2,0,NaN,NaN,NaN,NaN,NaN,NaN,415018
1432562400,1.0975,1.0988,1.0971,1.0986,4197,83415.8,0,NaN,NaN,NaN,NaN,NaN,NaN,415018
1432591200,1.0983,1.0985,1.093,1.0935,25301,78812.6,0,NaN,NaN,NaN,NaN,NaN,NaN,415018
1432620000,1.0935,1.0944,1.0888,1.0915,151009,78992.55,0,NaN,NaN,NaN,NaN,NaN,NaN,415018
1432648800,1.0915,1.0916,1.0866,1.0874,94084,83013.6,0,NaN,NaN,NaN,NaN,NaN,NaN,418702
1432677600,1.0876,1.0918,1.0867,1.091,25436,78485.7,0,NaN,NaN,NaN,NaN,NaN,NaN,418702
1432706400,1.091,1.0932,1.0821,1.0857,179692,83730.15,0,NaN,NaN,NaN,NaN,NaN,NaN,418702
1432735200,1.0857,1.0913,1.0854,1.0905,113953,88422.05,0,NaN,NaN,NaN,NaN,NaN,NaN,415663
1432764000,1.0902,1.093,1.0893,1.0921,26638,78239.65,0,NaN,NaN,NaN,NaN,NaN,NaN,415663
1432792800,1.0922,1.0954,1.0874,1.0888,156069,82114.7,0,NaN,NaN,NaN,NaN,NaN,NaN,415663
1432821600,1.0886,1.0962,1.0869,1.0949,103224,86118.05,0,NaN,NaN,NaN,NaN,NaN,NaN,415263
1432850400,1.0959,1.0976,1.0945,1.0953,16692,79612.35,0,NaN,NaN,NaN,NaN,NaN,NaN,415263
1432879200,1.0953,1.1003,1.0928,1.0996,131904,79917.95,0,NaN,NaN,NaN,NaN,NaN,NaN,415263
1432908000,1.0997,1.1008,1.0956,1.0995,92943,83681.75,0,NaN,NaN,NaN,NaN,NaN,NaN,411350
1433109600,1.0982,1.0983,1.0932,1.0956,21658,77211.85,0,NaN,NaN,NaN,NaN,NaN,NaN,411350
1433138400,1.0956,1.0981,1.0894,1.0972,118203,79494.9,0,NaN,NaN,NaN,NaN,NaN,NaN,411350
1433167200,1.097,1.097,1.0889,1.0928,101311,83620.3,0,NaN,NaN,NaN,NaN,NaN,NaN,409136
1433196000,1.0924,1.0946,1.0918,1.0934,16435,74465.85,0,NaN,NaN,NaN,NaN,NaN,NaN,409136
1433224800,1.0934,1.1198,1.092,1.1128,273546,84623.9,0,NaN,NaN,NaN,NaN,NaN,NaN,409136
1433253600,1.1127,1.1191,1.1115,1.1154,109999,89292.65,0,NaN,NaN,NaN,NaN,NaN,NaN,404054
1433282400,1.1154,1.119,1.1136,1.1176,22607,89245.05,0,NaN,NaN,NaN,NaN,NaN,NaN,404054
1433311200,1.1177,1.1239,1.1081,1.1218,240911,101080.75,0,NaN,NaN,NaN,NaN,NaN,NaN,404054
1433340000,1.1219,1.1288,1.1219,1.1277,131720,106401.7,0,NaN,NaN,NaN,NaN,NaN,NaN,388485
1433368800,1.1271,1.1277,1.1254,1.1269,19475,99825,0,NaN,NaN,NaN,NaN,NaN,NaN,388485
1433397600,1.1268,1.1382,1.1231,1.1275,241653,107203.45,0,NaN,NaN,NaN,NaN,NaN,NaN,388485
1433426400,1.1275,1.132,1.1223,1.124,103142,111088.75,0,NaN,NaN,NaN,NaN,NaN,NaN,378603
1433455200,1.1228,1.123,1.1181,1.1222,25490,103378.65,0,NaN,NaN,NaN,NaN,NaN,NaN,378603
1433484000,1.1223,1.1283,1.105,1.1069,217251,108543.55,0,NaN,NaN,NaN,NaN,NaN,NaN,378603
1433512800,1.1069,1.1138,1.1068,1.1117,88301,111626.7,0,NaN,NaN,NaN,NaN,NaN,NaN,376046
1433714400,1.1102,1.1125,1.1084,1.1125,12440,104445.25,0,NaN,NaN,NaN,NaN,NaN,NaN,376046
1433743200,1.1125,1.1227,1.1088,1.1205,144278,106497.95,0,NaN,NaN,NaN,NaN,NaN,NaN,376046
1433772000,1.1205,1.1309,1.1185,1.1293,101836,110755.15,0,NaN,NaN,NaN,NaN,NaN,NaN,357910
1433800800,1.1283,1.1347,1.1274,1.134,27698,105544.85,0,NaN,NaN,NaN,NaN,NaN,NaN,357910
1433829600,1.134,1.134,1.1215,1.126,144850,108140.2,0,NaN,NaN,NaN,NaN,NaN,NaN,357910
1433858400,1.1261,1.1292,1.1222,1.1285,69761,110545.35,0,NaN,NaN,NaN,NaN,NaN,NaN,310912
1433887200,1.128,1.1323,1.1272,1.1309,25064,105888.4,0,NaN,NaN,NaN,NaN,NaN,NaN,310912
1433916000,1.1309,1.1388,1.1261,1.132,173447,109495.2,0,NaN,NaN,NaN,NaN,NaN,NaN,310912
1433944800,1.132,1.1353,1.1273,1.1327,88978,113122.35,0,NaN,NaN,NaN,NaN,NaN,NaN,232021
1433973600,1.1323,1.1326,1.1285,1.1302,14611,100175.6,0,NaN,NaN,NaN,NaN,NaN,NaN,232021
1434002400,1.1304,1.1333,1.118,1.1229,160508,102701.05,0,NaN,NaN,NaN,NaN,NaN,NaN,232021
1434031200,1.1229,1.1278,1.1212,1.1257,70297,105085.55,0,NaN,NaN,NaN,NaN,NaN,NaN,150141
1434060000,1.1255,1.1282,1.1236,1.1254,22050,94142.5,0,NaN,NaN,NaN,NaN,NaN,NaN,150141
1434088800,1.1255,1.1262,1.1165,1.1245,152475,95180.25,0,NaN,NaN,NaN,NaN,NaN,NaN,150141
1434117600,1.1245,1.1312,1.1231,1.1279,97635,99088.25,0,NaN,NaN,NaN,NaN,NaN,NaN,345300
1434319200,1.1234,1.1243,1.1204,1.1207,22797,88145.45,0,NaN,NaN,NaN,NaN,NaN,NaN,345300
1434348000,1.1206,1.1277,1.1205,1.1248,116599,88818.3,0,NaN,NaN,NaN,NaN,NaN,NaN,345300
1434376800,1.1247,1.1309,1.1246,1.1297,57380,90412.8,0,NaN,NaN,NaN,NaN,NaN,NaN,347009
1434405600,1.1297,1.1297,1.1277,1.1294,10707,80085.6,0,NaN,NaN,NaN,NaN,NaN,NaN,347009
1434434400,1.1294,1.1344,1.1218,1.1258,135196,82430.35,0,NaN,NaN,NaN,NaN,NaN,NaN,347009
1434463200,1.1259,1.1269,1.1228,1.1261,43332,83974.95,0,NaN,NaN,NaN,NaN,NaN,NaN,347733
1434492000,1.126,1.128,1.1252,1.1261,9943,77258.2,0,NaN,NaN,NaN,NaN,NaN,NaN,347733
1434520800,1.1261,1.1307,1.1255,1.1282,82368,76284.8,0,NaN,NaN,NaN,NaN,NaN,NaN,347733
1434549600,1.1281,1.1372,1.122,1.1351,146808,82240.3,0,NaN,NaN,NaN,NaN,NaN,NaN,344841
1434578400,1.1355,1.1389,1.1342,1.1366,25469,76271.25,0,NaN,NaN,NaN,NaN,NaN,NaN,344841
1434607200,1.1368,1.1442,1.1351,1.1419,140910,79828.7,0,NaN,NaN,NaN,NaN,NaN,NaN,344841
1434636000,1.1421,1.145,1.1352,1.1375,101454,83648.2,0,NaN,NaN,NaN,NaN,NaN,NaN,345535
1434664800,1.1382,1.1416,1.1352,1.136,16569,75804.3,0,NaN,NaN,NaN,NaN,NaN,NaN,345535
1434693600,1.136,1.1368,1.1305,1.1353,100575,76384.15,0,NaN,NaN,NaN,NaN,NaN,NaN,345535
1434722400,1.1354,1.1379,1.1338,1.1365,48361,78071.65,0,NaN,NaN,NaN,NaN,NaN,NaN,341054
1434924000,1.138,1.1417,1.137,1.1415,14377,70765.1,0,NaN,NaN,NaN,NaN,NaN,NaN,341054
1434952800,1.1415,1.1417,1.1324,1.1382,106118,72556.15,0,NaN,NaN,NaN,NaN,NaN,NaN,341054
1434981600,1.1383,1.1424,1.1333,1.1354,84380,75672.65,0,NaN,NaN,NaN,NaN,NaN,NaN,340902
1435010400,1.1353,1.136,1.1267,1.1296,34770,69787.4,0,NaN,NaN,NaN,NaN,NaN,NaN,340902
1435039200,1.1296,1.1296,1.1146,1.1173,158783,72844.8,0,NaN,NaN,NaN,NaN,NaN,NaN,340902
1435068000,1.1171,1.121,1.1154,1.118,77998,75604.85,0,NaN,NaN,NaN,NaN,NaN,NaN,342517
1435096800,1.1179,1.1222,1.1171,1.1208,20898,70819.8,0,NaN,NaN,NaN,NaN,NaN,NaN,342517
1435125600,1.1209,1.1247,1.1182,1.12,125487,74225.15,0,NaN,NaN,NaN,NaN,NaN,NaN,342517
1435154400,1.1199,1.1231,1.118,1.1216,65724,76976,0,NaN,NaN,NaN,NaN,NaN,NaN,339960
1435183200,1.1215,1.1232,1.1206,1.1213,11341,70783.25,0,NaN,NaN,NaN,NaN,NaN,NaN,339960
1435212000,1.1213,1.1239,1.1165,1.1208,125977,74915.5,0,NaN,NaN,NaN,NaN,NaN,NaN,339960
1435240800,1.1207,1.1226,1.1191,1.1216,40755,76456.1,0,NaN,NaN,NaN,NaN,NaN,NaN,339025
1435269600,1.1211,1.1219,1.119,1.1201,14439,73059.65,0,NaN,NaN,NaN,NaN,NaN,NaN,339025
1435298400,1.1201,1.1232,1.1166,1.1189,84024,69920.45,0,NaN,NaN,NaN,NaN,NaN,NaN,339025
1435327200,1.1189,1.1209,1.1141,1.118,82864,72790.2,0,NaN,NaN,NaN,NaN,NaN,NaN,342878
1435528800,1.1001,1.1045,1.0962,1.103,61932,68841.3,0,NaN,NaN,NaN,NaN,NaN,NaN,342878
1435557600,1.1029,1.1154,1.1023,1.113,174817,72509.45,0,NaN,NaN,NaN,NaN,NaN,NaN,342878
1435586400,1.1128,1.1292,1.1127,1.1246,135813,78471.65,0,NaN,NaN,NaN,NaN,NaN,NaN,349116
1435615200,1.1242,1.1247,1.1193,1.1196,18631,74374.45,0,NaN,NaN,NaN,NaN,NaN,NaN,349116
1435644000,1.1196,1.1256,1.1145,1.1211,139212,78917,0,NaN,NaN,NaN,NaN,NaN,NaN,349116
1435672800,1.1212,1.1219,1.1124,1.1151,94501,82923.2,0,NaN,NaN,NaN,NaN,NaN,NaN,342987
1435701600,1.1144,1.1154,1.114,1.114,6821,77958.35,0,NaN,NaN,NaN,NaN,NaN,NaN,342987
1435730400,1.114,1.1187,1.1075,1.108,124970,79987.85,0,NaN,NaN,NaN,NaN,NaN,NaN,342987
1435759200,1.1079,1.1122,1.1054,1.1064,69320,81715.35,0,NaN,NaN,NaN,NaN,NaN,NaN,346666
1435788000,1.1064,1.1089,1.1043,1.1084,14020,74477.2,0,NaN,NaN,NaN,NaN,NaN,NaN,346666
1435816800,1.1083,1.1134,1.1058,1.1095,108849,76019.75,0,NaN,NaN,NaN,NaN,NaN,NaN,346666
1435845600,1.1095,1.1124,1.1087,1.1096,49415,77445.6,0,NaN,NaN,NaN,NaN,NaN,NaN,346433
1435874400,1.1096,1.111,1.1092,1.1104,7690,71555.75,0,NaN,NaN,NaN,NaN,NaN,NaN,346433
1435903200,1.1104,1.1129,1.1089,1.111,36379,70088.5,0,NaN,NaN,NaN,NaN,NaN,NaN,346433
1435932000,1.111,1.112,1.1076,1.108,14282,70235.55,0,NaN,NaN,NaN,NaN,NaN,NaN,346433
1436133600,1.1012,1.11,1.0992,1.108,47973,66335.35,0,NaN,NaN,NaN,NaN,NaN,NaN,346433
1436162400,1.1081,1.1108,1.1012,1.1054,90928,68844,0,NaN,NaN,NaN,NaN,NaN,NaN,346433
1436191200,1.1055,1.1103,1.1044,1.107,60747,71159.4,0,NaN,NaN,NaN,NaN,NaN,NaN,345081
1436220000,1.1066,1.1068,1.1036,1.1052,9812,67448.8,0,NaN,NaN,NaN,NaN,NaN,NaN,345081
1436248800,1.1051,1.1055,1.0927,1.096,160487,71329.95,0,NaN,NaN,NaN,NaN,NaN,NaN,345081
1436277600,1.0959,1.1063,1.0937,1.1021,104673,73467,0,NaN,NaN,NaN,NaN,NaN,NaN,351515
1436306400,1.1008,1.1028,1.0985,1.1018,21353,65793.8,0,NaN,NaN,NaN,NaN,NaN,NaN,351515
1436335200,1.1018,1.1085,1.101,1.1051,114585,64732.4,0,NaN,NaN,NaN,NaN,NaN,NaN,351515
1436364000,1.1051,1.1104,1.1036,1.1087,79109,67756.3,0,NaN,NaN,NaN,NaN,NaN,NaN,349670
1436392800,1.1084,1.1125,1.1074,1.111,15832,61587.3,0,NaN,NaN,NaN,NaN,NaN,NaN,349670
1436421600,1.1109,1.1136,1.1033,1.1067,91838,61454.15,0,NaN,NaN,NaN,NaN,NaN,NaN,349670
1436450400,1.1068,1.1076,1.1001,1.1045,65025,64364.35,0,NaN,NaN,NaN,NaN,NaN,NaN,348640
1436479200,1.1053,1.1145,1.1053,1.1126,28687,59550.2,0,NaN,NaN,NaN,NaN,NaN,NaN,348640
1436508000,1.1127,1.1226,1.1089,1.1191,162062,64187.3,0,NaN,NaN,NaN,NaN,NaN,NaN,348640
1436536800,1.1191,1.1204,1.1128,1.1168,88397,67906.15,0,NaN,NaN,NaN,NaN,NaN,NaN,347552
1436738400,1.1142,1.1162,1.1119,1.1153,20763,63501.85,0,NaN,NaN,NaN,NaN,NaN,NaN,347552
1436767200,1.1152,1.1207,1.1044,1.1061,157835,68922.85,0,NaN,NaN,NaN,NaN,NaN,NaN,347552
1436796000,1.106,1.1065,1.1003,1.1011,74485,72262.6,0,NaN,NaN,NaN,NaN,NaN,NaN,353765
1436824800,1.1015,1.1022,1.0982,1.1005,16069,71247.1,0,NaN,NaN,NaN,NaN,NaN,NaN,353765
1436853600,1.1006,1.1097,1.0974,1.1046,128181,76942.05,0,NaN,NaN,NaN,NaN,NaN,NaN,353765
1436882400,1.1045,1.1048,1.1002,1.1018,47703,76928.55,0,NaN,NaN,NaN,NaN,NaN,NaN,353329
1436911200,1.1018,1.1026,1.0996,1.1006,11888,72976.55,0,NaN,NaN,NaN,NaN,NaN,NaN,353329
1436940000,1.1005,1.1044,1.0959,1.0967,104997,75189.05,0,NaN,NaN,NaN,NaN,NaN,NaN,353329
1436968800,1.0967,1.0983,1.0938,1.0957,72763,78336.6,0,NaN,NaN,NaN,NaN,NaN,NaN,356600
1436997600,1.0953,1.0972,1.0919,1.0932,21324,71378.45,0,NaN,NaN,NaN,NaN,NaN,NaN,356600
1437026400,1.0932,1.0957,1.0864,1.0916,149121,73600.85,0,NaN,NaN,NaN,NaN,NaN,NaN,356600
1437055200,1.0918,1.0935,1.088,1.0881,56510,75358.7,0,NaN,NaN,NaN,NaN,NaN,NaN,356099
1437084000,1.0884,1.0912,1.0882,1.0893,9952,70127.05,0,NaN,NaN,NaN,NaN,NaN,NaN,356099
1437112800,1.0893,1.0916,1.0856,1.0865,81850,70264.1,0,NaN,NaN,NaN,NaN,NaN,NaN,356099
1437141600,1.0865,1.0872,1.0836,1.0836,56137,72279.35,0,NaN,NaN,NaN,NaN,NaN,NaN,359559
1437343200,1.084,1.0852,1.0828,1.0838,12369,68305.9,0,NaN,NaN,NaN,NaN,NaN,NaN,359559
1437372000,1.0837,1.0873,1.0834,1.0843,63406,68224.95,0,NaN,NaN,NaN,NaN,NaN,NaN,359559
1437400800,1.0843,1.0878,1.0817,1.0835,55559,69568.55,0,NaN,NaN,NaN,NaN,NaN,NaN,359542
1437429600,1.083,1.0844,1.082,1.083,12901,62110.5,0,NaN,NaN,NaN,NaN,NaN,NaN,359542
1437458400,1.0831,1.0908,1.0827,1.0905,97354,62558.35,0,NaN,NaN,NaN,NaN,NaN,NaN,359542
1437487200,1.0904,1.0977,1.0899,1.0944,106818,66861.1,0,NaN,NaN,NaN,NaN,NaN,NaN,361053
1437516000,1.0946,1.0969,1.0932,1.0942,15492,59743.95,0,NaN,NaN,NaN,NaN,NaN,NaN,361053
1437544800,1.0942,1.0975,1.09,1.0908,91440,60591.7,0,NaN,NaN,NaN,NaN,NaN,NaN,361053
1437573600,1.0908,1.0938,1.0877,1.0936,68479,63212.2,0,NaN,NaN,NaN,NaN,NaN,NaN,356018
1437602400,1.0934,1.0963,1.0929,1.0948,17532,57679.75,0,NaN,NaN,NaN,NaN,NaN,NaN,356018
1437631200,1.0948,1.1026,1.0931,1.0995,155040,63046.6,0,NaN,NaN,NaN,NaN,NaN,NaN,356018
1437660000,1.0994,1.1023,1.0972,1.0991,67835,65843.95,0,NaN,NaN,NaN,NaN,NaN,NaN,360103
1437688800,1.0991,1.1,1.0972,1.0982,10302,61109.2,0,NaN,NaN,NaN,NaN,NaN,NaN,360103
1437717600,1.0982,1.1003,1.0932,1.0949,84528,61697.45,0,NaN,NaN,NaN,NaN,NaN,NaN,360103
1437746400,1.095,1.1,1.0948,1.0991,68954,64078.95,0,NaN,NaN,NaN,NaN,NaN,NaN,360631
1437948000,1.0984,1.1022,1.0977,1.1013,13397,57292.75,0,NaN,NaN,NaN,NaN,NaN,NaN,360631
1437976800,1.1012,1.1121,1.1008,1.1104,135064,61220.45,0,NaN,NaN,NaN,NaN,NaN,NaN,360631
1438005600,1.1104,1.1137,1.1094,1.1096,72397,64342.7,0,NaN,NaN,NaN,NaN,NaN,NaN,355777
1438034400,1.11,1.1106,1.1079,1.1086,11054,60802.9,0,NaN,NaN,NaN,NaN,NaN,NaN,355777
1438063200,1.1085,1.1091,1.1029,1.1047,81326,62062.35,0,NaN,NaN,NaN,NaN,NaN,NaN,355777
1438092000,1.1047,1.1072,1.1038,1.1065,61842,64536,0,NaN,NaN,NaN,NaN,NaN,NaN,351439
1438120800,1.1069,1.1091,1.1053,1.1057,14893,62110.35,0,NaN,NaN,NaN,NaN,NaN,NaN,351439
1438149600,1.1058,1.1079,1.1033,1.1041,81924,63428.6,0,NaN,NaN,NaN,NaN,NaN,NaN,351439
1438178400,1.1043,1.1087,1.0973,1.0991,110965,68331.8,0,NaN,NaN,NaN,NaN,NaN,NaN,348303
1438207200,1.0988,1.0996,1.0965,1.0979,14178,64173,0,NaN,NaN,NaN,NaN,NaN,NaN,348303
1438236000,1.0979,1.0991,1.0917,1.0937,128490,65256.6,0,NaN,NaN,NaN,NaN,NaN,NaN,348303
1438264800,1.0938,1.0943,1.0899,1.0937,76305,68297.25,0,NaN,NaN,NaN,NaN,NaN,NaN,356410
1438293600,1.0938,1.0954,1.0935,1.094,10757,64263.1,0,NaN,NaN,NaN,NaN,NaN,NaN,356410
1438322400,1.094,1.1121,1.0927,1.1101,195514,70614.85,0,NaN,NaN,NaN,NaN,NaN,NaN,356410
1438351200,1.1101,1.1118,1.097,1.0992,105535,75015,0,NaN,NaN,NaN,NaN,NaN,NaN,358532
1438552800,1.0987,1.0995,1.0971,1.0987,10767,67801.35,0,NaN,NaN,NaN,NaN,NaN,NaN,358532
1438581600,1.0988,1.1002,1.0947,1.098,89273,68873.25,0,NaN,NaN,NaN,NaN,NaN,NaN,358532
1438610400,1.0979,1.0995,1.0949,1.0958,50753,70895.8,0,NaN,NaN,NaN,NaN,NaN,NaN,357908
1438639200,1.0959,1.0969,1.0938,1.0964,11905,67264.65,0,NaN,NaN,NaN,NaN,NaN,NaN,357908
1438668000,1.0965,1.0994,1.0956,1.0967,66102,67122.05,0,NaN,NaN,NaN,NaN,NaN,NaN,357908
1438696800,1.0966,1.0988,1.0885,1.0887,91619,71033.15,0,NaN,NaN,NaN,NaN,NaN,NaN,360882
1438725600,1.0896,1.09,1.0852,1.0878,16659,65112.9,0,NaN,NaN,NaN,NaN,NaN,NaN,360882
1438754400,1.0877,1.0948,1.0853,1.0908,126072,67796.65,0,NaN,NaN,NaN,NaN,NaN,NaN,360882
1438783200,1.0907,1.0916,1.0855,1.0912,86650,71576.45,0,NaN,NaN,NaN,NaN,NaN,NaN,362977
1438812000,1.0906,1.0941,1.0903,1.0931,15586,68289.45,0,NaN,NaN,NaN,NaN,NaN,NaN,362977
1438840800,1.0932,1.095,1.0879,1.0923,86327,69513.7,0,NaN,NaN,NaN,NaN,NaN,NaN,362977
1438869600,1.0923,1.0941,1.0911,1.0931,43999,70969,0,NaN,NaN,NaN,NaN,NaN,NaN,361481
1438898400,1.0929,1.0935,1.0915,1.0922,6608,67203.2,0,NaN,NaN,NaN,NaN,NaN,NaN,361481
1438927200,1.0921,1.0981,1.086,1.0876,149229,69116.4,0,NaN,NaN,NaN,NaN,NaN,NaN,361481
1438956000,1.0875,1.0984,1.0873,1.097,106613,73738.15,0,NaN,NaN,NaN,NaN,NaN,NaN,358391
1439157600,1.0965,1.0979,1.0955,1.0978,10499,67838.6,0,NaN,NaN,NaN,NaN,NaN,NaN,358391
1439186400,1.0979,1.0986,1.093,1.0976,74013,67724,0,NaN,NaN,NaN,NaN,NaN,NaN,358391
1439215200,1.0976,1.1047,1.0967,1.1025,81445,71258.4,0,NaN,NaN,NaN,NaN,NaN,NaN,353550
1439244000,1.1022,1.1037,1.0965,1.0974,28699,62917.65,0,NaN,NaN,NaN,NaN,NaN,NaN,353550
1439272800,1.0974,1.1093,1.0968,1.107,144264,64854.1,0,NaN,NaN,NaN,NaN,NaN,NaN,353550
1439301600,1.1071,1.1077,1.1015,1.1045,85339,68582.7,0,NaN,NaN,NaN,NaN,NaN,NaN,350270
1439330400,1.1046,1.1088,1.1028,1.1088,22090,65223.55,0,NaN,NaN,NaN,NaN,NaN,NaN,350270
1439359200,1.1087,1.1185,1.1074,1.118,154719,70421.85,0,NaN,NaN,NaN,NaN,NaN,NaN,350270
1439388000,1.118,1.122,1.1159,1.1164,134519,76552.55,0,NaN,NaN,NaN,NaN,NaN,NaN,353191
1439416800,1.1165,1.1193,1.1136,1.1148,23723,74433.6,0,NaN,NaN,NaN,NaN,NaN,NaN,353191
1439445600,1.1148,1.1158,1.1084,1.1121,112363,75470.8,0,NaN,NaN,NaN,NaN,NaN,NaN,353191
1439474400,1.1121,1.1171,1.1114,1.1154,60718,77673.75,0,NaN,NaN,NaN,NaN,NaN,NaN,351075
1439503200,1.1157,1.1165,1.1141,1.1157,9370,71838.65,0,NaN,NaN,NaN,NaN,NaN,NaN,351075
1439532000,1.1157,1.1193,1.1129,1.1141,91008,72056.55,0,NaN,NaN,NaN,NaN,NaN,NaN,351075
1439560800,1.1143,1.1162,1.1102,1.1111,69591,74756.8,0,NaN,NaN,NaN,NaN,NaN,NaN,347978
1439762400,1.1119,1.1121,1.1087,1.11,10654,70973.15,0,NaN,NaN,NaN,NaN,NaN,NaN,347978
1439791200,1.1101,1.113,1.1066,1.1098,100979,73822.15,0,NaN,NaN,NaN,NaN,NaN,NaN,347978
1439820000,1.1097,1.11,1.1062,1.1081,54522,76217.85,0,NaN,NaN,NaN,NaN,NaN,NaN,346834
1439848800,1.1084,1.1086,1.1055,1.1061,9588,69235.8,0,NaN,NaN,NaN,NaN,NaN,NaN,346834
1439877600,1.1061,1.1098,1.1025,1.1045,90451,68427.7,0,NaN,NaN,NaN,NaN,NaN,NaN,346834
1439906400,1.1045,1.1051,1.102,1.1026,55804,70692.95,0,NaN,NaN,NaN,NaN,NaN,NaN,345281
1439935200,1.1031,1.1064,1.1028,1.1062,9917,67488.15,0,NaN,NaN,NaN,NaN,NaN,NaN,345281
1439964000,1.1063,1.1083,1.1021,1.1043,95241,68177.95,0,NaN,NaN,NaN,NaN,NaN,NaN,345281
1439992800,1.1043,1.1139,1.1032,1.1123,144130,73949.5,0,NaN,NaN,NaN,NaN,NaN,NaN,348258
1440021600,1.1126,1.1152,1.1119,1.1131,17683,67620.45,0,NaN,NaN,NaN,NaN,NaN,NaN,348258
1440050400,1.113,1.1188,1.111,1.1173,108777,68792.35,0,NaN,NaN,NaN,NaN,NaN,NaN,348258
1440079200,1.1176,1.1249,1.1155,1.1245,119996,73687.65,0,NaN,NaN,NaN,NaN,NaN,NaN,354840
1440108000,1.124,1.1299,1.1233,1.1287,27582,67330.8,0,NaN,NaN,NaN,NaN,NaN,NaN,354840
1440136800,1.1287,1.1311,1.1244,1.13,124547,66832.2,0,NaN,NaN,NaN,NaN,NaN,NaN,354840
1440165600,1.1301,1.1394,1.1287,1.1392,154491,73370.6,0,NaN,NaN,NaN,NaN,NaN,NaN,357547
1440367200,1.1381,1.1503,1.1373,1.144,67093,71107.1,0,NaN,NaN,NaN,NaN,NaN,NaN,357547
1440396000,1.144,1.1718,1.1423,1.1672,319092,84025.8,0,NaN,NaN,NaN,NaN,NaN,NaN,357547
1440424800,1.1673,1.1675,1.1521,1.1623,174317,92273.15,0,NaN,NaN,NaN,NaN,NaN,NaN,363037
1440453600,1.1585,1.1609,1.1528,1.1572,38715,89658.5,0,NaN,NaN,NaN,NaN,NaN,NaN,363037
1440482400,1.1572,1.1582,1.1456,1.1469,197838,96070.85,0,NaN,NaN,NaN,NaN,NaN,NaN,363037
1440511200,1.1465,1.1542,1.1398,1.1521,152566,103166.45,0,NaN,NaN,NaN,NaN,NaN,NaN,357078
1440540000,1.152,1.1564,1.1474,1.1479,40393,100137.15,0,NaN,NaN,NaN,NaN,NaN,NaN,357078
1440568800,1.1478,1.1523,1.1355,1.1383,154943,105158.2,0,NaN,NaN,NaN,NaN,NaN,NaN,357078
1440597600,1.1383,1.144,1.1294,1.1314,149592,112158.4,0,NaN,NaN,NaN,NaN,NaN,NaN,353131
1440626400,1.1316,1.1359,1.1313,1.1354,19740,108622.85,0,NaN,NaN,NaN,NaN,NaN,NaN,353131
1440655200,1.1354,1.1367,1.1227,1.1255,138495,112757.4,0,NaN,NaN,NaN,NaN,NaN,NaN,353131
1440684000,1.1255,1.1283,1.1205,1.1249,108627,117692.9,0,NaN,NaN,NaN,NaN,NaN,NaN,345863
1440712800,1.125,1.1271,1.1234,1.1259,12244,113543.05,0,NaN,NaN,NaN,NaN,NaN,NaN,345863
1440741600,1.1258,1.1312,1.1237,1.1249,102380,111455.55,0,NaN,NaN,NaN,NaN,NaN,NaN,345863
1440770400,1.1249,1.125,1.1158,1.1183,100796,115611.2,0,NaN,NaN,NaN,NaN,NaN,NaN,345678
1440972000,1.1181,1.1265,1.1178,1.1252,19143,111129.5,0,NaN,NaN,NaN,NaN,NaN,NaN,345678
1441000800,1.1253,1.1256,1.1199,1.1236,63069,108283.15,0,NaN,NaN,NaN,NaN,NaN,NaN,345678
1441029600,1.1234,1.1243,1.1183,1.1214,90775,111442.8,0,NaN,NaN,NaN,NaN,NaN,NaN,343078
1441058400,1.121,1.1284,1.121,1.128,19315,106181.2,0,NaN,NaN,NaN,NaN,NaN,NaN,343078
1441087200,1.1281,1.1335,1.1235,1.1259,130324,104972.85,0,NaN,NaN,NaN,NaN,NaN,NaN,343078
1441116000,1.1259,1.1322,1.1236,1.1317,92563,106246.35,0,NaN,NaN,NaN,NaN,NaN,NaN,338743
1441144800,1.1312,1.1314,1.1262,1.1286,20793,91331.4,0,NaN,NaN,NaN,NaN,NaN,NaN,338743
1441173600,1.1287,1.1296,1.1227,1.1241,100487,87639.9,0,NaN,NaN,NaN,NaN,NaN,NaN,338743
1441202400,1.1241,1.1252,1.1218,1.1228,61690,88788.65,0,NaN,NaN,NaN,NaN,NaN,NaN,338103
1441231200,1.1226,1.1235,1.1207,1.1235,10210,79407.25,0,NaN,NaN,NaN,NaN,NaN,NaN,338103
1441260000,1.1234,1.1245,1.1107,1.1133,192021,81380,0,NaN,NaN,NaN,NaN,NaN,NaN,338103
1441288800,1.1132,1.1141,1.1088,1.1124,93810,84050.85,0,NaN,NaN,NaN,NaN,NaN,NaN,341427
1441317600,1.112,1.1141,1.1117,1.1138,13186,76963,0,NaN,NaN,NaN,NaN,NaN,NaN,341427
1441346400,1.1136,1.12,1.109,1.1121,132400,76103.4,0,NaN,NaN,NaN,NaN,NaN,NaN,341427
1441375200,1.1121,1.1178,1.1095,1.1156,95206,79876.7,0,NaN,NaN,NaN,NaN,NaN,NaN,333263
1441576800,1.116,1.1176,1.1143,1.1146,11322,73518.05,0,NaN,NaN,NaN,NaN,NaN,NaN,333263
1441605600,1.1145,1.1179,1.1122,1.1159,38159,69994.65,0,NaN,NaN,NaN,NaN,NaN,NaN,333263
1441634400,1.1158,1.1174,1.1155,1.1168,9092,69837.05,0,NaN,NaN,NaN,NaN,NaN,NaN,333263
1441663200,1.1168,1.1225,1.1154,1.1205,23748,65905.45,0,NaN,NaN,NaN,NaN,NaN,NaN,333263
1441692000,1.1205,1.1231,1.1153,1.1178,86310,65181.15,0,NaN,NaN,NaN,NaN,NaN,NaN,333263
1441720800,1.1177,1.1215,1.1167,1.1205,54262,66937.1,0,NaN,NaN,NaN,NaN,NaN,NaN,288464
1441749600,1.1204,1.1217,1.1154,1.1156,15872,64577.25,0,NaN,NaN,NaN,NaN,NaN,NaN,288464
1441778400,1.1156,1.1209,1.1132,1.1146,102167,65146.85,0,NaN,NaN,NaN,NaN,NaN,NaN,288464
1441807200,1.1147,1.121,1.1138,1.1209,75907,67976.45,0,NaN,NaN,NaN,NaN,NaN,NaN,214799
1441836000,1.1213,1.1246,1.1195,1.1201,23887,62654.6,0,NaN,NaN,NaN,NaN,NaN,NaN,214799
1441864800,1.1202,1.1236,1.1172,1.1211,82513,62152.1,0,NaN,NaN,NaN,NaN,NaN,NaN,214799
1441893600,1.1212,1.1296,1.1211,1.1278,92897,65757.3,0,NaN,NaN,NaN,NaN,NaN,NaN,122265
1441922400,1.1295,1.1319,1.1292,1.1307,8542,61160.05,0,NaN,NaN,NaN,NaN,NaN,NaN,122265
1441951200,1.1307,1.1328,1.1272,1.1306,86894,62420.25,0,NaN,NaN,NaN,NaN,NaN,NaN,122265
1441980000,1.1306,1.1368,1.1296,1.1354,81752,65997.35,0,NaN,NaN,NaN,NaN,NaN,NaN,306227
1442181600,1.1354,1.1377,1.1351,1.1356,14354,57114,0,NaN,NaN,NaN,NaN,NaN,NaN,306227
1442210400,1.1356,1.1391,1.1316,1.1338,82534,56550.2,0,NaN,NaN,NaN,NaN,NaN,NaN,306227
1442239200,1.1338,1.1343,1.1302,1.1335,53096,58545.7,0,NaN,NaN,NaN,NaN,NaN,NaN,310814
1442268000,1.1333,1.1347,1.1319,1.1339,8989,52375.15,0,NaN,NaN,NaN,NaN,NaN,NaN,310814
1442296800,1.134,1.1348,1.1301,1.1325,86919,51960.8,0,NaN,NaN,NaN,NaN,NaN,NaN,310814
1442325600,1.1326,1.1332,1.1276,1.1289,57686,54279,0,NaN,NaN,NaN,NaN,NaN,NaN,308914
1442354400,1.1282,1.1316,1.1282,1.1299,8784,52810.25,0,NaN,NaN,NaN,NaN,NaN,NaN,308914
1442383200,1.1299,1.1305,1.1232,1.1296,99712,57341.25,0,NaN,NaN,NaN,NaN,NaN,NaN,308914
1442412000,1.1296,1.1339,1.1293,1.1309,68912,59599.45,0,NaN,NaN,NaN,NaN,NaN,NaN,311070
1442440800,1.1307,1.1336,1.1303,1.1308,11806,55874.25,0,NaN,NaN,NaN,NaN,NaN,NaN,311070
1442469600,1.1308,1.1355,1.1302,1.1338,73344,56828.35,0,NaN,NaN,NaN,NaN,NaN,NaN,311070
1442498400,1.1338,1.1457,1.1311,1.145,186924,65380.95,0,NaN,NaN,NaN,NaN,NaN,NaN,316571
1442527200,1.1433,1.1439,1.1406,1.1427,22783,61411.75,0,NaN,NaN,NaN,NaN,NaN,NaN,316571
1442556000,1.1427,1.1476,1.1411,1.1417,114333,63333.05,0,NaN,NaN,NaN,NaN,NaN,NaN,316571
1442584800,1.1417,1.1426,1.1285,1.132,94806,66879,0,NaN,NaN,NaN,NaN,NaN,NaN,312015
1442786400,1.1304,1.1337,1.1298,1.1321,13538,63430.25,0,NaN,NaN,NaN,NaN,NaN,NaN,312015
1442815200,1.1322,1.1347,1.125,1.1264,97187,63644.75,0,NaN,NaN,NaN,NaN,NaN,NaN,312015
1442844000,1.1263,1.1272,1.1197,1.1206,89578,67696.55,0,NaN,NaN,NaN,NaN,NaN,NaN,310122
1442872800,1.1205,1.1222,1.1198,1.1201,8165,63760.1,0,NaN,NaN,NaN,NaN,NaN,NaN,310122
1442901600,1.1201,1.1223,1.1152,1.1167,120989,65721.95,0,NaN,NaN,NaN,NaN,NaN,NaN,310122
1442930400,1.1168,1.1171,1.1128,1.1135,68774,68442.95,0,NaN,NaN,NaN,NaN,NaN,NaN,312736
1442959200,1.114,1.1156,1.112,1.114,12995,64966,0,NaN,NaN,NaN,NaN,NaN,NaN,312736
1442988000,1.114,1.1203,1.1122,1.1192,133673,68994.85,0,NaN,NaN,NaN,NaN,NaN,NaN,312736
1443016800,1.1192,1.1229,1.1154,1.1201,75851,72337.95,0,NaN,NaN,NaN,NaN,NaN,NaN,318270
1443045600,1.1201,1.1213,1.1179,1.1206,13141,68649.05,0,NaN,NaN,NaN,NaN,NaN,NaN,318270
1443074400,1.1205,1.129,1.1196,1.1283,133986,72464.05,0,NaN,NaN,NaN,NaN,NaN,NaN,318270
1443103200,1.1281,1.1311,1.123,1.1241,97215,76885.6,0,NaN,NaN,NaN,NaN,NaN,NaN,316721
1443132000,1.1192,1.1204,1.1174,1.1186,19340,72867,0,NaN,NaN,NaN,NaN,NaN,NaN,316721
1443160800,1.1186,1.1209,1.113,1.119,123053,75574.05,0,NaN,NaN,NaN,NaN,NaN,NaN,316721
1443189600,1.1189,1.1227,1.1175,1.1217,73971,78682.3,0,NaN,NaN,NaN,NaN,NaN,NaN,318283
1443391200,1.1206,1.1228,1.1188,1.1196,12220,75626.1,0,NaN,NaN,NaN,NaN,NaN,NaN,318283
1443420000,1.1196,1.1217,1.116,1.1182,89798,70769.8,0,NaN,NaN,NaN,NaN,NaN,NaN,318283
1443448800,1.118,1.1262,1.1179,1.1258,91168,74189.05,0,NaN,NaN,NaN,NaN,NaN,NaN,319635
1443477600,1.1256,1.1284,1.1241,1.1277,14819,69213.35,0,NaN,NaN,NaN,NaN,NaN,NaN,319635
1443506400,1.1278,1.1295,1.1207,1.1241,119953,70470.7,0,NaN,NaN,NaN,NaN,NaN,NaN,319635
1443535200,1.124,1.1281,1.1225,1.1261,75056,73546.6,0,NaN,NaN,NaN,NaN,NaN,NaN,319725
1443564000,1.1263,1.1275,1.1251,1.1254,10490,69211.75,0,NaN,NaN,NaN,NaN,NaN,NaN,319725
1443592800,1.1253,1.1253,1.1189,1.1199,101853,69825.5,0,NaN,NaN,NaN,NaN,NaN,NaN,319725
1443621600,1.1199,1.1203,1.1171,1.119,88212,73827.85,0,NaN,NaN,NaN,NaN,NaN,NaN,320614
1443650400,1.1185,1.1189,1.1152,1.1157,12254,68391.1,0,NaN,NaN,NaN,NaN,NaN,NaN,320614
1443679200,1.1156,1.121,1.1148,1.121,87860,69345.4,0,NaN,NaN,NaN,NaN,NaN,NaN,320614
1443708000,1.1209,1.1223,1.1193,1.1206,66914,72041.35,0,NaN,NaN,NaN,NaN,NaN,NaN,323130
1443736800,1.12,1.1217,1.1186,1.1193,10464,65880.9,0,NaN,NaN,NaN,NaN,NaN,NaN,323130
1443765600,1.1193,1.1328,1.1162,1.1303,175173,70847,0,NaN,NaN,NaN,NaN,NaN,NaN,323130
1443794400,1.1301,1.1331,1.1212,1.1221,108448,75612.35,0,NaN,NaN,NaN,NaN,NaN,NaN,325683
1443996000,1.1228,1.1259,1.122,1.1243,14160,69621.05,0,NaN,NaN,NaN,NaN,NaN,NaN,325683
1444024800,1.1242,1.1301,1.121,1.1226,95954,69558,0,NaN,NaN,NaN,NaN,NaN,NaN,325683
1444053600,1.1226,1.1237,1.1185,1.12,56618,71421.9,0,NaN,NaN,NaN,NaN,NaN,NaN,324670
1444082400,1.1197,1.1209,1.1184,1.1199,10391,65788.8,0,NaN,NaN,NaN,NaN,NaN,NaN,324670
1444111200,1.1199,1.1245,1.1185,1.1228,74138,65797.15,0,NaN,NaN,NaN,NaN,NaN,NaN,324670
1444140000,1.1228,1.1292,1.1227,1.1283,75261,68949.2,0,NaN,NaN,NaN,NaN,NaN,NaN,334164
1444168800,1.128,1.1296,1.1271,1.1273,15300,65224.3,0,NaN,NaN,NaN,NaN,NaN,NaN,334164
1444197600,1.1272,1.1285,1.1233,1.1245,88028,65067.3,0,NaN,NaN,NaN,NaN,NaN,NaN,334164
1444226400,1.1245,1.1277,1.1222,1.1251,79784,68315.55,0,NaN,NaN,NaN,NaN,NaN,NaN,332729
1444255200,1.125,1.1273,1.1245,1.1271,7728,62704.3,0,NaN,NaN,NaN,NaN,NaN,NaN,332729
1444284000,1.1271,1.1326,1.1248,1.126,119702,64936.6,0,NaN,NaN,NaN,NaN,NaN,NaN,332729
1444312800,1.126,1.1338,1.1254,1.1288,93160,69070.1,0,NaN,NaN,NaN,NaN,NaN,NaN,336154
1444341600,1.129,1.1303,1.1278,1.1295,9481,64451.5,0,NaN,NaN,NaN,NaN,NaN,NaN,336154
1444370400,1.1295,1.1389,1.1283,1.1359,126981,66389.95,0,NaN,NaN,NaN,NaN,NaN,NaN,336154
1444399200,1.1359,1.1398,1.1345,1.1368,72971,69425.8,0,NaN,NaN,NaN,NaN,NaN,NaN,342292
1444600800,1.1373,1.1388,1.1369,1.1378,7469,65406.25,0,NaN,NaN,NaN,NaN,NaN,NaN,342292
1444629600,1.1379,1.1408,1.137,1.1381,41884,64154.75,0,NaN,NaN,NaN,NaN,NaN,NaN,342292
1444658400,1.138,1.1392,1.1365,1.1365,28001,65031.6,0,NaN,NaN,NaN,NaN,NaN,NaN,341859
1444687200,1.1367,1.1388,1.1355,1.1387,8737,56709.8,0,NaN,NaN,NaN,NaN,NaN,NaN,341859
1444716000,1.1388,1.1422,1.1374,1.1382,97626,56168.7,0,NaN,NaN,NaN,NaN,NaN,NaN,341859
1444744800,1.1383,1.1404,1.1365,1.1392,54502,58185.8,0,NaN,NaN,NaN,NaN,NaN,NaN,346213
1444773600,1.1393,1.1411,1.139,1.1406,8311,53803.65,0,NaN,NaN,NaN,NaN,NaN,NaN,346213
1444802400,1.1405,1.1464,1.14,1.1425,111155,56530.5,0,NaN,NaN,NaN,NaN,NaN,NaN,346213
1444831200,1.1424,1.15,1.1422,1.1486,76189,59820.4,0,NaN,NaN,NaN,NaN,NaN,NaN,355808
1444860000,1.1492,1.1501,1.1471,1.1493,13164,56771.7,0,NaN,NaN,NaN,NaN,NaN,NaN,355808
1444888800,1.1493,1.1505,1.1372,1.1381,143969,60207.1,0,NaN,NaN,NaN,NaN,NaN,NaN,355808
1444917600,1.1381,1.1429,1.138,1.1392,78071,63345.65,0,NaN,NaN,NaN,NaN,NaN,NaN,352866
1444946400,1.1389,1.1397,1.1368,1.139,8264,59357.45,0,NaN,NaN,NaN,NaN,NaN,NaN,352866
1444975200,1.139,1.1405,1.1344,1.1386,77807,59258.6,0,NaN,NaN,NaN,NaN,NaN,NaN,352866
1445004000,1.1385,1.1401,1.1356,1.1357,55326,61638.5,0,NaN,NaN,NaN,NaN,NaN,NaN,353069
1445205600,1.1369,1.1388,1.1361,1.1376,10293,56168.05,0,NaN,NaN,NaN,NaN,NaN,NaN,353069
1445234400,1.1376,1.1388,1.1318,1.1331,84186,55719.35,0,NaN,NaN,NaN,NaN,NaN,NaN,353069
1445263200,1.1331,1.134,1.1314,1.1337,38789,57184.75,0,NaN,NaN,NaN,NaN,NaN,NaN,351412
1445292000,1.1339,1.1348,1.1333,1.1342,4382,51054.8,0,NaN,NaN,NaN,NaN,NaN,NaN,351412
1445320800,1.1341,1.1397,1.1333,1.1358,82032,51507.85,0,NaN,NaN,NaN,NaN,NaN,NaN,351412
1445349600,1.1359,1.1368,1.1341,1.1354,49238,53596.3,0,NaN,NaN,NaN,NaN,NaN,NaN,353029
1445378400,1.1355,1.1376,1.1354,1.1363,9563,51980.25,0,NaN,NaN,NaN,NaN,NaN,NaN,353029
1445407200,1.1362,1.1386,1.1343,1.1353,62512,53705.8,0,NaN,NaN,NaN,NaN,NaN,NaN,353029
1445436000,1.1353,1.1373,1.1344,1.1347,43277,55432.8,0,NaN,NaN,NaN,NaN,NaN,NaN,354490
1445464800,1.1347,1.136,1.1335,1.1337,10002,51051.6,0,NaN,NaN,NaN,NaN,NaN,NaN,354490
1445493600,1.1336,1.1354,1.1163,1.1166,257374,61195.2,0,NaN,NaN,NaN,NaN,NaN,NaN,354490
1445522400,1.1166,1.1193,1.1109,1.1116,121084,66833.85,0,NaN,NaN,NaN,NaN,NaN,NaN,366154
1445551200,1.1113,1.1131,1.108,1.1131,25635,62557.85,0,NaN,NaN,NaN,NaN,NaN,NaN,366154
1445580000,1.113,1.1148,1.1027,1.1032,170345,67265.65,0,NaN,NaN,NaN,NaN,NaN,NaN,366154
1445608800,1.1031,1.1047,1.1004,1.1023,94004,71307.65,0,NaN,NaN,NaN,NaN,NaN,NaN,372676
1445810400,1.1013,1.1047,1.1013,1.1046,14368,64827.6,0,NaN,NaN,NaN,NaN,NaN,NaN,372676
1445839200,1.1046,1.1064,1.1011,1.104,85734,65210.75,0,NaN,NaN,NaN,NaN,NaN,NaN,372676
1445868000,1.1042,1.1076,1.1037,1.1066,73437,68469.4,0,NaN,NaN,NaN,NaN,NaN,NaN,375454
1445896800,1.106,1.1076,1.1052,1.1072,10451,65101.6,0,NaN,NaN,NaN,NaN,NaN,NaN,375454
1445925600,1.1071,1.1086,1.1043,1.1048,90133,66841.95,0,NaN,NaN,NaN,NaN,NaN,NaN,375454
1445954400,1.1048,1.1069,1.1037,1.1057,58860,69270.3,0,NaN,NaN,NaN,NaN,NaN,NaN,376102
1445983200,1.1051,1.1055,1.1032,1.1039,9706,65546.3,0,NaN,NaN,NaN,NaN,NaN,NaN,376102
1446012000,1.104,1.1097,1.1038,1.1076,83770,67795.35,0,NaN,NaN,NaN,NaN,NaN,NaN,376102
1446040800,1.1076,1.1104,1.0904,1.093,198034,77477.95,0,NaN,NaN,NaN,NaN,NaN,NaN,380691
1446069600,1.0932,1.0941,1.0908,1.0938,16475,74200.1,0,NaN,NaN,NaN,NaN,NaN,NaN,380691
1446098400,1.0939,1.0983,1.0923,1.0961,137815,78628.95,0,NaN,NaN,NaN,NaN,NaN,NaN,380691
1446127200,1.0963,1.0992,1.0954,1.0984,79967,82149.15,0,NaN,NaN,NaN,NaN,NaN,NaN,387033
1446156000,1.0992,1.1004,1.0972,1.0982,23935,80220.3,0,NaN,NaN,NaN,NaN,NaN,NaN,387033
1446184800,1.0981,1.1054,1.098,1.1053,119513,84032.1,0,NaN,NaN,NaN,NaN,NaN,NaN,387033
1446213600,1.1054,1.1079,1.0993,1.1014,134553,90259.65,0,NaN,NaN,NaN,NaN,NaN,NaN,389971
1446418800,1.1037,1.1047,1.1024,1.1032,13301,78056,0,NaN,NaN,NaN,NaN,NaN,NaN,389971
1446447600,1.1032,1.1059,1.1006,1.1039,85183,76260.95,0,NaN,NaN,NaN,NaN,NaN,NaN,389971
1446476400,1.104,1.105,1.1012,1.1022,42479,77103.15,0,NaN,NaN,NaN,NaN,NaN,NaN,398107
1446505200,1.1018,1.1035,1.1013,1.1032,7339,68952.85,0,NaN,NaN,NaN,NaN,NaN,NaN,398107
1446534000,1.1032,1.1036,1.0942,1.0947,95152,69010.25,0,NaN,NaN,NaN,NaN,NaN,NaN,398107
1446562800,1.0947,1.0977,1.0944,1.097,63757,71479.7,0,NaN,NaN,NaN,NaN,NaN,NaN,399700
1446591600,1.0967,1.0974,1.0944,1.0955,12116,67798.8,0,NaN,NaN,NaN,NaN,NaN,NaN,399700
1446620400,1.0955,1.0955,1.0878,1.0897,133436,70798.75,0,NaN,NaN,NaN,NaN,NaN,NaN,399700
1446649200,1.0897,1.0897,1.0849,1.0871,104747,75513.55,0,NaN,NaN,NaN,NaN,NaN,NaN,408450
1446678000,1.0872,1.0882,1.0863,1.0869,9933,71503.55,0,NaN,NaN,NaN,NaN,NaN,NaN,408450
1446706800,1.0868,1.0903,1.0839,1.0874,135648,75342.95,0,NaN,NaN,NaN,NaN,NaN,NaN,408450
1446735600,1.0874,1.0896,1.0863,1.089,64583,78086.8,0,NaN,NaN,NaN,NaN,NaN,NaN,408445
1446764400,1.0887,1.09,1.087,1.0871,10850,74440.8,0,NaN,NaN,NaN,NaN,NaN,NaN,408445
1446793200,1.0871,1.0891,1.071,1.0741,203321,74705.15,0,NaN,NaN,NaN,NaN,NaN,NaN,408445
1446822000,1.074,1.0757,1.0725,1.0742,85286,78145.7,0,NaN,NaN,NaN,NaN,NaN,NaN,408320
1447023600,1.0735,1.0776,1.0723,1.0773,18523,72181.1,0,NaN,NaN,NaN,NaN,NaN,NaN,408320
1447052400,1.0773,1.0795,1.0731,1.0736,110848,73725.15,0,NaN,NaN,NaN,NaN,NaN,NaN,408320
1447081200,1.0736,1.0788,1.0731,1.0756,67395,75898.15,0,NaN,NaN,NaN,NaN,NaN,NaN,406818
1447110000,1.0758,1.0766,1.0742,1.0748,9341,70389.55,0,NaN,NaN,NaN,NaN,NaN,NaN,406818
1447138800,1.0749,1.0769,1.0679,1.0689,119810,69652.4,0,NaN,NaN,NaN,NaN,NaN,NaN,406818
1447167600,1.0689,1.0735,1.0685,1.0729,64131,72193.9,0,NaN,NaN,NaN,NaN,NaN,NaN,410592
1447196400,1.0727,1.0778,1.0725,1.0747,21632,69016.35,0,NaN,NaN,NaN,NaN,NaN,NaN,410592
1447225200,1.0747,1.0764,1.071,1.0751,89893,71387.05,0,NaN,NaN,NaN,NaN,NaN,NaN,410592
1447254000,1.0751,1.0759,1.0711,1.0748,58802,73960.2,0,NaN,NaN,NaN,NaN,NaN,NaN,409996
1447282800,1.0761,1.0784,1.0756,1.0759,17137,70059.45,0,NaN,NaN,NaN,NaN,NaN,NaN,409996
1447311600,1.0758,1.0803,1.0695,1.0785,154098,74576.5,0,NaN,NaN,NaN,NaN,NaN,NaN,409996
1447340400,1.0785,1.0835,1.075,1.0816,108531,79397.25,0,NaN,NaN,NaN,NaN,NaN,NaN,416316
1447369200,1.0809,1.0821,1.0776,1.079,16544,73552.65,0,NaN,NaN,NaN,NaN,NaN,NaN,416316
1447398000,1.079,1.0812,1.0726,1.0741,135991,75114.85,0,NaN,NaN,NaN,NaN,NaN,NaN,416316
1447426800,1.0739,1.0778,1.0718,1.0775,76389,78437.65,0,NaN,NaN,NaN,NaN,NaN,NaN,423401
1447628400,1.074,1.0741,1.0689,1.0731,25579,72934.2,0,NaN,NaN,NaN,NaN,NaN,NaN,423401
1447657200,1.0731,1.0762,1.0707,1.0709,86866,74048.35,0,NaN,NaN,NaN,NaN,NaN,NaN,423401
1447686000,1.0708,1.0728,1.0678,1.0689,61298,76570.75,0,NaN,NaN,NaN,NaN,NaN,NaN,421445
1447714800,1.0687,1.0695,1.066,1.0673,19126,67361,0,NaN,NaN,NaN,NaN,NaN,NaN,421445
1447743600,1.0672,1.0683,1.0646,1.0674,96366,67915,0,NaN,NaN,NaN,NaN,NaN,NaN,421445
1447772400,1.0674,1.0681,1.0634,1.0647,68912,70434.45,0,NaN,NaN,NaN,NaN,NaN,NaN,421697
1447801200,1.0648,1.0655,1.0634,1.0654,10177,65400.9,0,NaN,NaN,NaN,NaN,NaN,NaN,421697
1447830000,1.0653,1.0696,1.0644,1.067,82089,66135.6,0,NaN,NaN,NaN,NaN,NaN,NaN,421697
1447858800,1.0669,1.0676,1.062,1.0665,103275,70832.3,0,NaN,NaN,NaN,NaN,NaN,NaN,423828
1447887600,1.0662,1.0722,1.0661,1.0697,36013,66642.45,0,NaN,NaN,NaN,NaN,NaN,NaN,423828
1447916400,1.0698,1.0736,1.067,1.071,119973,69434.55,0,NaN,NaN,NaN,NaN,NaN,NaN,423828
1447945200,1.071,1.0767,1.0708,1.0737,91598,72932.85,0,NaN,NaN,NaN,NaN,NaN,NaN,422783
1447974000,1.0731,1.0737,1.0713,1.072,16490,69262.7,0,NaN,NaN,NaN,NaN,NaN,NaN,422783
1448002800,1.0721,1.0721,1.0667,1.0692,117012,72173.2,0,NaN,NaN,NaN,NaN,NaN,NaN,422783
1448031600,1.0692,1.0694,1.0643,1.0649,82090,75420.85,0,NaN,NaN,NaN,NaN,NaN,NaN,430748
1448233200,1.0644,1.0646,1.0604,1.0622,31251,69278.5,0,NaN,NaN,NaN,NaN,NaN,NaN,430748
1448262000,1.0622,1.066,1.0611,1.0651,101652,68934.55,0,NaN,NaN,NaN,NaN,NaN,NaN,430748
1448290800,1.0649,1.0651,1.0596,1.0641,72953,71755,0,NaN,NaN,NaN,NaN,NaN,NaN,429267
1448319600,1.0636,1.0648,1.0622,1.0631,12788,65594.85,0,NaN,NaN,NaN,NaN,NaN,NaN,429267
1448348400,1.063,1.0677,1.0626,1.0642,117165,67633.65,0,NaN,NaN,NaN,NaN,NaN,NaN,429267
1448377200,1.0641,1.0668,1.0631,1.0646,60552,69382.3,0,NaN,NaN,NaN,NaN,NaN,NaN,426929
1448406000,1.0647,1.068,1.0644,1.0672,16538,65865.9,0,NaN,NaN,NaN,NaN,NaN,NaN,426929
1448434800,1.0672,1.0693,1.0579,1.0581,157988,70700.4,0,NaN,NaN,NaN,NaN,NaN,NaN,426929
1448463600,1.0581,1.0644,1.0568,1.0626,72570,73372.6,0,NaN,NaN,NaN,NaN,NaN,NaN,431348
1448492400,1.0622,1.063,1.0617,1.0621,9320,69020.3,0,NaN,NaN,NaN,NaN,NaN,NaN,431348
1448521200,1.0621,1.0626,1.0602,1.0623,30645,67106.95,0,NaN,NaN,NaN,NaN,NaN,NaN,431348
1448550000,1.0624,1.0624,1.0608,1.0616,7537,66974.95,0,NaN,NaN,NaN,NaN,NaN,NaN,431348
1448578800,1.0608,1.0641,1.0604,1.0634,10238,63382.4,0,NaN,NaN,NaN,NaN,NaN,NaN,431348
1448607600,1.0634,1.0635,1.057,1.0582,74215,61929.4,0,NaN,NaN,NaN,NaN,NaN,NaN,431348
1448636400,1.0582,1.0607,1.0579,1.0606,26453,61451.4,0,NaN,NaN,NaN,NaN,NaN,NaN,437350
1448838000,1.0592,1.0597,1.0573,1.0584,14106,56158.05,0,NaN,NaN,NaN,NaN,NaN,NaN,437350
1448866800,1.0584,1.0598,1.0566,1.0583,77599,55458.1,0,NaN,NaN,NaN,NaN,NaN,NaN,437350
1448895600,1.0582,1.0584,1.056,1.0569,82995,58783.35,0,NaN,NaN,NaN,NaN,NaN,NaN,437116
1448924400,1.0572,1.06,1.0566,1.0588,22213,54043.4,0,NaN,NaN,NaN,NaN,NaN,NaN,437116
1448953200,1.0588,1.0631,1.058,1.0617,97115,54794.65,0,NaN,NaN,NaN,NaN,NaN,NaN,437116
1448982000,1.0619,1.064,1.0604,1.0637,92648,57864.5,0,NaN,NaN,NaN,NaN,NaN,NaN,437664
1449010800,1.0627,1.0631,1.0609,1.0611,8882,53226,0,NaN,NaN,NaN,NaN,NaN,NaN,437664
1449039600,1.0611,1.0634,1.0573,1.0577,121368,55646.75,0,NaN,NaN,NaN,NaN,NaN,NaN,437664
1449068400,1.0577,1.0629,1.0553,1.0615,125823,61298.5,0,NaN,NaN,NaN,NaN,NaN,NaN,439496
1449097200,1.0609,1.0615,1.0586,1.0593,15761,56228.3,0,NaN,NaN,NaN,NaN,NaN,NaN,439496
1449126000,1.0594,1.0896,1.049,1.0815,482906,77346,0,NaN,NaN,NaN,NaN,NaN,NaN,439496
1449154800,1.0814,1.0984,1.0814,1.0942,235218,88280,0,NaN,NaN,NaN,NaN,NaN,NaN,433429
1449183600,1.0933,1.0959,1.0901,1.0921,37350,82248.1,0,NaN,NaN,NaN,NaN,NaN,NaN,433429
1449212400,1.0921,1.0953,1.0857,1.0938,257452,91492.2,0,NaN,NaN,NaN,NaN,NaN,NaN,433429
1449241200,1.0938,1.0953,1.0837,1.0884,124403,97246.35,0,NaN,NaN,NaN,NaN,NaN,NaN,410290
1449442800,1.0875,1.0889,1.0856,1.0869,10939,96261.05,0,NaN,NaN,NaN,NaN,NaN,NaN,410290
1449471600,1.0869,1.0875,1.0797,1.0822,96780,100723.2,0,NaN,NaN,NaN,NaN,NaN,NaN,410290
1449500400,1.0821,1.0862,1.0816,1.0839,66732,103547.9,0,NaN,NaN,NaN,NaN,NaN,NaN,370792
1449529200,1.0833,1.0863,1.0831,1.0857,9956,100334.95,0,NaN,NaN,NaN,NaN,NaN,NaN,370792
1449558000,1.0856,1.09,1.0842,1.0878,92840,103654.3,0,NaN,NaN,NaN,NaN,NaN,NaN,370792
1449586800,1.0878,1.0904,1.0867,1.0891,55529,105725.45,0,NaN,NaN,NaN,NaN,NaN,NaN,337559
1449615600,1.0895,1.0928,1.088,1.0923,13412,102516.1,0,NaN,NaN,NaN,NaN,NaN,NaN,337559
1449644400,1.0923,1.0991,1.0907,1.0974,128556,104794.15,0,NaN,NaN,NaN,NaN,NaN,NaN,337559
1449673200,1.0975,1.1044,1.0951,1.1028,131163,110241.65,0,NaN,NaN,NaN,NaN,NaN,NaN,259799
1449702000,1.102,1.1022,1.0992,1.0994,16296,106200.7,0,NaN,NaN,NaN,NaN,NaN,NaN,259799
1449730800,1.0994,1.1,1.0934,1.0959,99047,106520.65,0,NaN,NaN,NaN,NaN,NaN,NaN,259799
1449759600,1.096,1.0964,1.0925,1.0942,51397,108646.4,0,NaN,NaN,NaN,NaN,NaN,NaN,124257
1449788400,1.097,1.0979,1.0954,1.0974,8134,102984.7,0,NaN,NaN,NaN,NaN,NaN,NaN,124257
1449817200,1.0973,1.106,1.0962,1.1034,113289,102358,0,NaN,NaN,NaN,NaN,NaN,NaN,124257
1449846000,1.1037,1.1046,1.0986,1.1018,85682,105854.05,0,NaN,NaN,NaN,NaN,NaN,NaN,401628
1450047600,1.1001,1.1016,1.0982,1.0998,13688,82393.15,0,NaN,NaN,NaN,NaN,NaN,NaN,401628
1450076400,1.0997,1.1027,1.0973,1.1025,96961,75480.3,0,NaN,NaN,NaN,NaN,NaN,NaN,401628
1450105200,1.1024,1.1077,1.1013,1.102,105459,78885.75,0,NaN,NaN,NaN,NaN,NaN,NaN,404734
1450134000,1.1027,1.1065,1.1018,1.1065,13926,66709.45,0,NaN,NaN,NaN,NaN,NaN,NaN,404734
1450162800,1.1064,1.1088,1.0971,1.0986,125285,66753.55,0,NaN,NaN,NaN,NaN,NaN,NaN,404734
1450191600,1.0987,1.0988,1.0933,1.0959,79958,70204.5,0,NaN,NaN,NaN,NaN,NaN,NaN,401556
1450220400,1.096,1.0977,1.0955,1.0976,13032,66017.1,0,NaN,NaN,NaN,NaN,NaN,NaN,401556
1450249200,1.0976,1.0987,1.0941,1.0954,90729,67216.95,0,NaN,NaN,NaN,NaN,NaN,NaN,401556
1450278000,1.0953,1.104,1.0915,1.094,185843,76011.3,0,NaN,NaN,NaN,NaN,NaN,NaN,398251
1450306800,1.0922,1.0922,1.0859,1.089,29141,72826.35,0,NaN,NaN,NaN,NaN,NaN,NaN,398251
1450335600,1.0891,1.0905,1.0857,1.087,107338,75416.8,0,NaN,NaN,NaN,NaN,NaN,NaN,398251
1450364400,1.087,1.0894,1.0828,1.0853,88774,79184.9,0,NaN,NaN,NaN,NaN,NaN,NaN,401670
1450393200,1.086,1.089,1.0854,1.0888,32438,74379,0,NaN,NaN,NaN,NaN,NaN,NaN,401670
1450422000,1.0888,1.0895,1.083,1.0861,94756,72558.65,0,NaN,NaN,NaN,NaN,NaN,NaN,401670
1450450800,1.086,1.09,1.0858,1.0892,64673,74977.5,0,NaN,NaN,NaN,NaN,NaN,NaN,403677
1450652400,1.0887,1.0908,1.0884,1.09,12257,70638,0,NaN,NaN,NaN,NaN,NaN,NaN,403677
1450681200,1.0899,1.0935,1.0874,1.0923,71039,71620.1,0,NaN,NaN,NaN,NaN,NaN,NaN,403677
1450710000,1.0922,1.0965,1.0922,1.0939,50316,73729.2,0,NaN,NaN,NaN,NaN,NaN,NaN,403320
1450738800,1.0938,1.0949,1.0932,1.0941,10699,68599.7,0,NaN,NaN,NaN,NaN,NaN,NaN,403320
1450767600,1.0941,1.0997,1.0928,1.0991,75909,68111.05,0,NaN,NaN,NaN,NaN,NaN,NaN,403320
1450796400,1.0994,1.1011,1.0973,1.0986,52835,70068.4,0,NaN,NaN,NaN,NaN,NaN,NaN,403017
1450825200,1.0979,1.098,1.0958,1.0965,8957,65668.2,0,NaN,NaN,NaN,NaN,NaN,NaN,403017
1450854000,1.0964,1.0968,1.0918,1.093,61346,63462.55,0,NaN,NaN,NaN,NaN,NaN,NaN,403017
1450882800,1.093,1.0948,1.0893,1.0934,48667,65199.6,0,NaN,NaN,NaN,NaN,NaN,NaN,400444
1450911600,1.0932,1.0965,1.0928,1.0956,10142,59442.45,0,NaN,NaN,NaN,NaN,NaN,NaN,400444
1450940400,1.0956,1.0991,1.0955,1.0981,30485,56968.8,0,NaN,NaN,NaN,NaN,NaN,NaN,400444
1450969200,1.0981,1.0986,1.0965,1.0975,10632,56848.8,0,NaN,NaN,NaN,NaN,NaN,NaN,399769
1451257200,1.0986,1.1002,1.0982,1.0993,7813,52703,0,NaN,NaN,NaN,NaN,NaN,NaN,399769
1451286000,1.0993,1.1016,1.0978,1.1005,36331,45227.4,0,NaN,NaN,NaN,NaN,NaN,NaN,399769
1451314800,1.1005,1.1012,1.0982,1.0992,27339,45137.3,0,NaN,NaN,NaN,NaN,NaN,NaN,397653
1451343600,1.0996,1.1006,1.0988,1.0989,6604,40100.6,0,NaN,NaN,NaN,NaN,NaN,NaN,397653
1451372400,1.0989,1.1014,1.0931,1.0952,63955,38859.65,0,NaN,NaN,NaN,NaN,NaN,NaN,397653
1451401200,1.0953,1.0965,1.0921,1.0942,40370,39256.25,0,NaN,NaN,NaN,NaN,NaN,NaN,396907
1451430000,1.0945,1.0955,1.0939,1.0947,7903,34913.6,0,NaN,NaN,NaN,NaN,NaN,NaN,396907
1451458800,1.0948,1.0964,1.0927,1.094,49834,34171.65,0,NaN,NaN,NaN,NaN,NaN,NaN,396907
1451487600,1.0938,1.0957,1.0922,1.0951,39317,35524.65,0,NaN,NaN,NaN,NaN,NaN,NaN,395583
1451516400,1.0948,1.0958,1.0938,1.0951,6893,32317.35,0,NaN,NaN,NaN,NaN,NaN,NaN,395583
1451545200,1.0951,1.0953,1.0894,1.0901,34218,31512.45,0,NaN,NaN,NaN,NaN,NaN,NaN,395583
1451574000,1.0901,1.092,1.0871,1.088,44469,33200.95,0,NaN,NaN,NaN,NaN,NaN,NaN,396631
1451862000,1.0884,1.0924,1.0846,1.0908,28270,30819,0,NaN,NaN,NaN,NaN,NaN,NaN,396631
1451890800,1.0908,1.0966,1.0852,1.0858,135030,34928.75,0,NaN,NaN,NaN,NaN,NaN,NaN,396631
1451919600,1.0859,1.0867,1.0799,1.0852,93418,39151.8,0,NaN,NaN,NaN,NaN,NaN,NaN,402525
1451948400,1.0849,1.0857,1.0833,1.0847,12316,36700.3,0,NaN,NaN,NaN,NaN,NaN,NaN,402525
1451977200,1.0846,1.0848,1.0757,1.0758,109436,39738.75,0,NaN,NaN,NaN,NaN,NaN,NaN,402525
1452006000,1.0758,1.0774,1.0728,1.0768,63489,42406.1,0,NaN,NaN,NaN,NaN,NaN,NaN,403243
1452034800,1.077,1.0791,1.0757,1.0764,17110,41737.35,0,NaN,NaN,NaN,NaN,NaN,NaN,403243
1452063600,1.0763,1.0778,1.0732,1.0775,95770,45994.25,0,NaN,NaN,NaN,NaN,NaN,NaN,403243
1452092400,1.0775,1.0818,1.0759,1.0799,72920,49249.6,0,NaN,NaN,NaN,NaN,NaN,NaN,401245
1452121200,1.0796,1.0847,1.0791,1.0835,28079,48837,0,NaN,NaN,NaN,NaN,NaN,NaN,401245
1452150000,1.0834,1.0893,1.0788,1.0862,153466,55143.35,0,NaN,NaN,NaN,NaN,NaN,NaN,401245
1452178800,1.0861,1.0959,1.0843,1.0951,106025,60114.4,0,NaN,NaN,NaN,NaN,NaN,NaN,401175
1452207600,1.0941,1.0945,1.0872,1.0879,37609,58797.1,0,NaN,NaN,NaN,NaN,NaN,NaN,401175
1452236400,1.0879,1.0917,1.0812,1.0882,150172,64287.2,0,NaN,NaN,NaN,NaN,NaN,NaN,401175
1452265200,1.0882,1.095,1.0882,1.0943,102278,69005.95,0,NaN,NaN,NaN,NaN,NaN,NaN,397580
1452466800,1.096,1.09875,1.09245,1.095,19546,67491.55,0,NaN,NaN,NaN,NaN,NaN,NaN,397580
1452495600,1.09485,1.095,1.08765,1.0916,71946,69123,0,NaN,NaN,NaN,NaN,NaN,NaN,397580
1452524400,1.0915,1.0917,1.0865,1.08755,71918,72374.25,0,NaN,NaN,NaN,NaN,NaN,NaN,394996
1452553200,1.08785,1.0911,1.0858,1.09015,18730,71599.85,0,NaN,NaN,NaN,NaN,NaN,NaN,394996
1452582000,1.09005,1.09175,1.085,1.0865,71943,72973.55,0,NaN,NaN,NaN,NaN,NaN,NaN,394996
1452610800,1.0865,1.0895,1.08365,1.0874,71593,75139.7,0,NaN,NaN,NaN,NaN,NaN,NaN,394352
1452639600,1.08665,1.08675,1.0828,1.085,12743,69025.35,0,NaN,NaN,NaN,NaN,NaN,NaN,394352
1452668400,1.08495,1.0873,1.0821,1.08645,71214,67915.15,0,NaN,NaN,NaN,NaN,NaN,NaN,394352
1452697200,1.08645,1.0905,1.086,1.0894,94049,72001.8,0,NaN,NaN,NaN,NaN,NaN,NaN,396759
1452726000,1.08965,1.09125,1.08825,1.0883,14366,67248.3,0,NaN,NaN,NaN,NaN,NaN,NaN,396759
1452754800,1.08835,1.09595,1.08695,1.0928,131562,70651.95,0,NaN,NaN,NaN,NaN,NaN,NaN,396759
1452783600,1.09285,1.0932,1.085,1.0882,81579,73875.4,0,NaN,NaN,NaN,NaN,NaN,NaN,394603
1452812400,1.088,1.09055,1.087,1.0903,14290,69801.4,0,NaN,NaN,NaN,NaN,NaN,NaN,394603
1452841200,1.0903,1.10005,1.0876,1.09745,149791,73644.95,0,NaN,NaN,NaN,NaN,NaN,NaN,394603
1452870000,1.09765,1.0999,1.09215,1.0934,106548,77568.4,0,NaN,NaN,NaN,NaN,NaN,NaN,399166
1453071600,1.093,1.09435,1.09025,1.09065,14573,70623.75,0,NaN,NaN,NaN,NaN,NaN,NaN,399166
1453100400,1.09055,1.09245,1.08895,1.09135,48900,67767.5,0,NaN,NaN,NaN,NaN,NaN,NaN,399166
1453129200,1.09135,1.0915,1.08835,1.09055,13513,66562.7,0,NaN,NaN,NaN,NaN,NaN,NaN,399166
1453158000,1.09075,1.09205,1.0887,1.08885,10865,59597.35,0,NaN,NaN,NaN,NaN,NaN,NaN,399166
1453186800,1.0888,1.0925,1.08745,1.0906,68793,57923.1,0,NaN,NaN,NaN,NaN,NaN,NaN,399166
1453215600,1.0907,1.0954,1.09055,1.09255,68493,60370.45,0,NaN,NaN,NaN,NaN,NaN,NaN,395625
1453244400,1.09285,1.09785,1.09205,1.097,18087,57677.5,0,NaN,NaN,NaN,NaN,NaN,NaN,395625
1453273200,1.097,1.0991,1.0906,1.09235,107623,59462.75,0,NaN,NaN,NaN,NaN,NaN,NaN,395625
1453302000,1.09235,1.0951,1.08915,1.0904,75184,62285.45,0,NaN,NaN,NaN,NaN,NaN,NaN,394803
1453330800,1.0904,1.0919,1.08805,1.09155,16748,59525.7,0,NaN,NaN,NaN,NaN,NaN,NaN,394803
1453359600,1.0915,1.09355,1.0789,1.08495,182004,65046.25,0,NaN,NaN,NaN,NaN,NaN,NaN,394803
1453388400,1.0849,1.09145,1.08185,1.0888,107446,69781.4,0,NaN,NaN,NaN,NaN,NaN,NaN,393900
1453417200,1.0885,1.089,1.084,1.08455,19160,67178.7,0,NaN,NaN,NaN,NaN,NaN,NaN,393900
1453446000,1.0845,1.0876,1.0807,1.0832,95404,67246.45,0,NaN,NaN,NaN,NaN,NaN,NaN,393900
1453474800,1.0831,1.0851,1.0801,1.08085,65698,69813.05,0,NaN,NaN,NaN,NaN,NaN,NaN,394092
1453676400,1.08075,1.08315,1.0802,1.08195,11446,63807.25,0,NaN,NaN,NaN,NaN,NaN,NaN,394092
1453705200,1.0819,1.08585,1.08185,1.0851,57923,62624.45,0,NaN,NaN,NaN,NaN,NaN,NaN,394092
1453734000,1.08515,1.087,1.0836,1.08635,37683,63794.1,0,NaN,NaN,NaN,NaN,NaN,NaN,393958
1453762800,1.08625,1.08725,1.08535,1.0868,12104,56909.75,0,NaN,NaN,NaN,NaN,NaN,NaN,393958
1453791600,1.08685,1.0887,1.0831,1.0851,89684,56066.55,0,NaN,NaN,NaN,NaN,NaN,NaN,393958
1453820400,1.0851,1.0883,1.0843,1.08815,52693,57972.55,0,NaN,NaN,NaN,NaN,NaN,NaN,397131
1453849200,1.08795,1.0884,1.0863,1.08675,9644,56009.75,0,NaN,NaN,NaN,NaN,NaN,NaN,397131
1453878000,1.0868,1.09245,1.0865,1.09005,95957,60131.95,0,NaN,NaN,NaN,NaN,NaN,NaN,397131
1453906800,1.09,1.093,1.08715,1.09055,85866,63882,0,NaN,NaN,NaN,NaN,NaN,NaN,400433
1453935600,1.09145,1.09185,1.08835,1.0885,10654,60975.05,0,NaN,NaN,NaN,NaN,NaN,NaN,400433
1453964400,1.08855,1.0945,1.0881,1.0935,104308,62765.8,0,NaN,NaN,NaN,NaN,NaN,NaN,400433
1453993200,1.0935,1.098,1.09285,1.0951,75993,65661.1,0,NaN,NaN,NaN,NaN,NaN,NaN,409955
1454022000,1.09495,1.096,1.08935,1.0916,53960,62977.95,0,NaN,NaN,NaN,NaN,NaN,NaN,409955
1454050800,1.0916,1.0937,1.0844,1.0851,122876,65362.55,0,NaN,NaN,NaN,NaN,NaN,NaN,409955
1454079600,1.085,1.0856,1.0821,1.0846,98860,69468.15,0,NaN,NaN,NaN,NaN,NaN,NaN,398989
1454281200,1.0841,1.08635,1.0825,1.086,13286,61032.25,0,NaN,NaN,NaN,NaN,NaN,NaN,398989
1454310000,1.086,1.0915,1.08515,1.09105,84940,59906.95,0,NaN,NaN,NaN,NaN,NaN,NaN,398989
1454338800,1.0911,1.09245,1.08855,1.08985,65938,62245.85,0,NaN,NaN,NaN,NaN,NaN,NaN,398260
1454367600,1.0898,1.09305,1.08965,1.09125,12593,58105.3,0,NaN,NaN,NaN,NaN,NaN,NaN,398260
1454396400,1.0912,1.0951,1.0907,1.0941,78001,58720.45,0,NaN,NaN,NaN,NaN,NaN,NaN,398260
1454425200,1.0941,1.0943,1.0903,1.0932,61732,61234.75,0,NaN,NaN,NaN,NaN,NaN,NaN,399147
1454454000,1.09355,1.09465,1.0922,1.09315,10991,58888.15,0,NaN,NaN,NaN,NaN,NaN,NaN,399147
1454482800,1.0931,1.10275,1.0914,1.10185,124579,63232.95,0,NaN,NaN,NaN,NaN,NaN,NaN,399147
1454511600,1.1019,1.11565,1.1019,1.11135,200314,72643.45,0,NaN,NaN,NaN,NaN,NaN,NaN,414643
1454540400,1.1096,1.11265,1.108,1.1085,20032,69160.85,0,NaN,NaN,NaN,NaN,NaN,NaN,414643
1454569200,1.10845,1.125,1.10795,1.1222,191953,76123.85,0,NaN,NaN,NaN,NaN,NaN,NaN,414643
1454598000,1.12215,1.1233,1.11675,1.1219,93017,80292.5,0,NaN,NaN,NaN,NaN,NaN,NaN,425820
1454626800,1.12125,1.12265,1.11955,1.12015,15374,76263.35,0,NaN,NaN,NaN,NaN,NaN,NaN,425820
1454655600,1.12015,1.127,1.1123,1.11475,183613,81150.7,0,NaN,NaN,NaN,NaN,NaN,NaN,425820
1454684400,1.11475,1.11765,1.11185,1.1171,79995,84617.75,0,NaN,NaN,NaN,NaN,NaN,NaN,427940
1454886000,1.1157,1.11595,1.11375,1.1151,7913,79798,0,NaN,NaN,NaN,NaN,NaN,NaN,427940
1454914800,1.1151,1.11935,1.1096,1.1141,106957,81346.2,0,NaN,NaN,NaN,NaN,NaN,NaN,427940
1454943600,1.11415,1.1226,1.11335,1.1201,95341,83415.25,0,NaN,NaN,NaN,NaN,NaN,NaN,425697
1454972400,1.12085,1.1247,1.11945,1.12045,18225,78182.7,0,NaN,NaN,NaN,NaN,NaN,NaN,425697
1455001200,1.12045,1.13115,1.1172,1.12845,148068,80643.1,0,NaN,NaN,NaN,NaN,NaN,NaN,425697
1455030000,1.12845,1.13485,1.12665,1.13035,107274,85342.5,0,NaN,NaN,NaN,NaN,NaN,NaN,430268
1455058800,1.12965,1.13205,1.1292,1.12975,15290,81860,0,NaN,NaN,NaN,NaN,NaN,NaN,430268
1455087600,1.12975,1.13115,1.1231,1.12375,123004,84713.3,0,NaN,NaN,NaN,NaN,NaN,NaN,430268
1455116400,1.1237,1.1308,1.117,1.13025,124038,90285.55,0,NaN,NaN,NaN,NaN,NaN,NaN,426637
1455145200,1.1289,1.13285,1.12825,1.12925,18987,87334.85,0,NaN,NaN,NaN,NaN,NaN,NaN,426637
1455174000,1.12925,1.13795,1.12835,1.1326,202870,94391.75,0,NaN,NaN,NaN,NaN,NaN,NaN,426637
1455202800,1.1326,1.13855,1.1321,1.1329,112708,99477.6,0,NaN,NaN,NaN,NaN,NaN,NaN,424138
1455231600,1.1324,1.1342,1.13005,1.13225,17135,94105.4,0,NaN,NaN,NaN,NaN,NaN,NaN,424138
1455260400,1.13225,1.1333,1.12305,1.12665,122502,90214.8,0,NaN,NaN,NaN,NaN,NaN,NaN,424138
1455289200,1.1268,1.12865,1.1222,1.12635,77999,93113.15,0,NaN,NaN,NaN,NaN,NaN,NaN,421757
1455490800,1.1252,1.12535,1.12205,1.12325,16643,84347.65,0,NaN,NaN,NaN,NaN,NaN,NaN,421757
1455519600,1.1233,1.1233,1.1155,1.1155,55137,82453.65,0,NaN,NaN,NaN,NaN,NaN,NaN,421757
1455548400,1.1155,1.1167,1.11355,1.1167,20848,82727.35,0,NaN,NaN,NaN,NaN,NaN,NaN,421757
1455577200,1.1171,1.1191,1.11535,1.11625,13672,74230.3,0,NaN,NaN,NaN,NaN,NaN,NaN,421757
1455606000,1.1163,1.12005,1.11475,1.1153,84101,74435.6,0,NaN,NaN,NaN,NaN,NaN,NaN,421757
1455634800,1.11525,1.1165,1.11315,1.11505,61375,77108.7,0,NaN,NaN,NaN,NaN,NaN,NaN,418916
1455663600,1.1148,1.118,1.1126,1.1173,16461,72583.9,0,NaN,NaN,NaN,NaN,NaN,NaN,418916
1455692400,1.1173,1.11865,1.1113,1.11295,85048,72069.25,0,NaN,NaN,NaN,NaN,NaN,NaN,418916
1455721200,1.11285,1.11645,1.11225,1.1134,68419,74578.95,0,NaN,NaN,NaN,NaN,NaN,NaN,415031
1455750000,1.11355,1.1156,1.11255,1.1151,10229,67687,0,NaN,NaN,NaN,NaN,NaN,NaN,415031
1455778800,1.1151,1.1155,1.10785,1.1103,90278,66837.2,0,NaN,NaN,NaN,NaN,NaN,NaN,415031
1455807600,1.1103,1.113,1.10765,1.11125,78125,69978.95,0,NaN,NaN,NaN,NaN,NaN,NaN,412072
1455836400,1.11165,1.1135,1.1107,1.1119,10292,64343.35,0,NaN,NaN,NaN,NaN,NaN,NaN,412072
1455865200,1.11185,1.1145,1.1065,1.1108,107159,63499.4,0,NaN,NaN,NaN,NaN,NaN,NaN,412072
1455894000,1.11075,1.11435,1.11055,1.11355,52894,65194.75,0,NaN,NaN,NaN,NaN,NaN,NaN,413436
1456095600,1.1122,1.1131,1.11095,1.11235,8331,55467.8,0,NaN,NaN,NaN,NaN,NaN,NaN,413436
1456124400,1.1123,1.1125,1.10085,1.10195,103406,55002.7,0,NaN,NaN,NaN,NaN,NaN,NaN,413436
1456153200,1.10195,1.10405,1.10125,1.10355,45737,56432.8,0,NaN,NaN,NaN,NaN,NaN,NaN,408724
1456182000,1.10325,1.10545,1.10265,1.1041,11657,50890.55,0,NaN,NaN,NaN,NaN,NaN,NaN,408724
1456210800,1.10405,1.10585,1.09955,1.1009,87527,51366.95,0,NaN,NaN,NaN,NaN,NaN,NaN,408724
1456239600,1.1006,1.1043,1.1006,1.10245,58915,53480.55,0,NaN,NaN,NaN,NaN,NaN,NaN,409947
1456268400,1.10245,1.10325,1.1005,1.10145,10750,51261.2,0,NaN,NaN,NaN,NaN,NaN,NaN,409947
1456297200,1.10145,1.1023,1.0962,1.10145,128953,56666.45,0,NaN,NaN,NaN,NaN,NaN,NaN,409947
1456326000,1.10175,1.1052,1.10095,1.10195,101319,61048.8,0,NaN,NaN,NaN,NaN,NaN,NaN,408587
1456354800,1.10215,1.10435,1.10115,1.1034,12052,57446.35,0,NaN,NaN,NaN,NaN,NaN,NaN,408587
1456383600,1.10335,1.10495,1.09915,1.1014,93786,59066.9,0,NaN,NaN,NaN,NaN,NaN,NaN,408587
1456412400,1.1014,1.10545,1.10135,1.1023,59632,61225.45,0,NaN,NaN,NaN,NaN,NaN,NaN,408626
1456441200,1.1024,1.10725,1.1021,1.1056,15758,57760.95,0,NaN,NaN,NaN,NaN,NaN,NaN,408626
1456470000,1.10555,1.10695,1.09565,1.0962,115716,60125.8,0,NaN,NaN,NaN,NaN,NaN,NaN,408626
1456498800,1.09615,1.0971,1.09155,1.0939,106276,64928.15,0,NaN,NaN,NaN,NaN,NaN,NaN,405835
1456700400,1.0923,1.0951,1.09155,1.0947,16145,61221.5,0,NaN,NaN,NaN,NaN,NaN,NaN,405835
1456729200,1.09475,1.09665,1.08765,1.08965,99346,62282.55,0,NaN,NaN,NaN,NaN,NaN,NaN,405835
1456758000,1.08965,1.0902,1.08625,1.0877,75019,65518.9,0,NaN,NaN,NaN,NaN,NaN,NaN,405036
1456786800,1.08865,1.08975,1.0878,1.0887,9641,60643,0,NaN,NaN,NaN,NaN,NaN,NaN,405036
1456815600,1.08865,1.089,1.08555,1.0862,86037,62300.15,0,NaN,NaN,NaN,NaN,NaN,NaN,405036
1456844400,1.08585,1.088,1.08375,1.0873,96205,66693.85,0,NaN,NaN,NaN,NaN,NaN,NaN,401050
1456873200,1.08715,1.0884,1.0853,1.08535,10148,62030.95,0,NaN,NaN,NaN,NaN,NaN,NaN,401050
1456902000,1.0853,1.08795,1.0832,1.0842,85067,63997.45,0,NaN,NaN,NaN,NaN,NaN,NaN,401050
1456930800,1.0842,1.0876,1.08285,1.08685,60749,66452.05,0,NaN,NaN,NaN,NaN,NaN,NaN,401945
1456959600,1.087,1.08775,1.0856,1.08615,9576,62554.5,0,NaN,NaN,NaN,NaN,NaN,NaN,401945
1456988400,1.0862,1.09315,1.0861,1.0928,77665,63492,0,NaN,NaN,NaN,NaN,NaN,NaN,401945
1457017200,1.09265,1.09755,1.09185,1.0959,95572,67733.1,0,NaN,NaN,NaN,NaN,NaN,NaN,400559
1457046000,1.09535,1.0959,1.09375,1.09485,10498,61810.35,0,NaN,NaN,NaN,NaN,NaN,NaN,400559
1457074800,1.0949,1.10425,1.0905,1.1028,204414,66965.1,0,NaN,NaN,NaN,NaN,NaN,NaN,400559
1457103600,1.10275,1.1046,1.0989,1.10075,99562,71340.6,0,NaN,NaN,NaN,NaN,NaN,NaN,385977
1457305200,1.09955,1.0999,1.0986,1.09925,10506,67176.6,0,NaN,NaN,NaN,NaN,NaN,NaN,385977
1457334000,1.09925,1.0996,1.09415,1.09515,65073,67448.65,0,NaN,NaN,NaN,NaN,NaN,NaN,385977
1457362800,1.09515,1.1028,1.0948,1.1014,63638,69842.65,0,NaN,NaN,NaN,NaN,NaN,NaN,371847
1457391600,1.1018,1.10305,1.10125,1.10225,10605,64587.1,0,NaN,NaN,NaN,NaN,NaN,NaN,371847
1457420400,1.1022,1.1058,1.1003,1.10435,72387,62892.65,0,NaN,NaN,NaN,NaN,NaN,NaN,371847
1457449200,1.1043,1.106,1.0994,1.10135,55052,64838,0,NaN,NaN,NaN,NaN,NaN,NaN,326591
1457478000,1.1008,1.10095,1.09685,1.09785,12357,60488.55,0,NaN,NaN,NaN,NaN,NaN,NaN,326591
1457506800,1.09785,1.0991,1.09465,1.09655,68808,60178,0,NaN,NaN,NaN,NaN,NaN,NaN,326591
1457535600,1.09655,1.10365,1.096,1.09995,69591,63175.5,0,NaN,NaN,NaN,NaN,NaN,NaN,217104
1457564400,1.09985,1.1002,1.097,1.09745,10993,59423.3,0,NaN,NaN,NaN,NaN,NaN,NaN,217104
1457593200,1.09745,1.1117,1.08225,1.1042,313540,70290.05,0,NaN,NaN,NaN,NaN,NaN,NaN,217104
1457622000,1.1043,1.12195,1.10415,1.1178,161647,77865,0,NaN,NaN,NaN,NaN,NaN,NaN,142036
1457650800,1.1212,1.1241,1.11905,1.11925,15583,74390.8,0,NaN,NaN,NaN,NaN,NaN,NaN,142036
1457679600,1.1193,1.1212,1.11115,1.1173,116437,77175.2,0,NaN,NaN,NaN,NaN,NaN,NaN,142036
1457708400,1.1173,1.12245,1.1167,1.1177,84052,80899,0,NaN,NaN,NaN,NaN,NaN,NaN,320279
1457906400,1.11785,1.12065,1.1177,1.1189,14551,77743.3,0,NaN,NaN,NaN,NaN,NaN,NaN,320279
1457935200,1.1189,1.11945,1.11295,1.1142,73479,76638.65,0,NaN,NaN,NaN,NaN,NaN,NaN,320279
1457964000,1.1142,1.11535,1.11085,1.11345,61022,79164.85,0,NaN,NaN,NaN,NaN,NaN,NaN,319762
1457992800,1.1134,1.1146,1.1124,1.1137,9451,69416.7,0,NaN,NaN,NaN,NaN,NaN,NaN,319762
1458021600,1.1137,1.11555,1.11025,1.11315,72140,68045.6,0,NaN,NaN,NaN,NaN,NaN,NaN,319762
1458050400,1.11315,1.1148,1.1112,1.11385,49535,69997.05,0,NaN,NaN,NaN,NaN,NaN,NaN,319801
1458079200,1.1136,1.1143,1.1124,1.11265,6401,67063.45,0,NaN,NaN,NaN,NaN,NaN,NaN,319801
1458108000,1.11265,1.11315,1.1088,1.10935,70698,67416.45,0,NaN,NaN,NaN,NaN,NaN,NaN,319801
1458136800,1.1094,1.12735,1.1088,1.1253,151053,74438.85,0,NaN,NaN,NaN,NaN,NaN,NaN,321603
1458165600,1.12435,1.1258,1.12335,1.12475,17100,71674.5,0,NaN,NaN,NaN,NaN,NaN,NaN,321603
1458194400,1.1248,1.13715,1.1248,1.13565,159956,76919.7,0,NaN,NaN,NaN,NaN,NaN,NaN,321603
1458223200,1.13565,1.1366,1.1319,1.1347,75933,80098.5,0,NaN,NaN,NaN,NaN,NaN,NaN,324749
1458252000,1.1344,1.1365,1.1335,1.13385,16642,77490.2,0,NaN,NaN,NaN,NaN,NaN,NaN,324749
1458280800,1.13395,1.13425,1.1284,1.13175,82532,78137.25,0,NaN,NaN,NaN,NaN,NaN,NaN,324749
1458309600,1.13185,1.13355,1.1291,1.1298,54055,80290.35,0,NaN,NaN,NaN,NaN,NaN,NaN,321909
1458511200,1.12975,1.1313,1.12935,1.1297,11787,65202.7,0,NaN,NaN,NaN,NaN,NaN,NaN,321909
1458540000,1.12975,1.1313,1.1264,1.12895,57503,59995.5,0,NaN,NaN,NaN,NaN,NaN,NaN,321909
1458568800,1.129,1.1297,1.1262,1.12695,48302,61631.45,0,NaN,NaN,NaN,NaN,NaN,NaN,322982
1458597600,1.12685,1.1288,1.1257,1.1282,11498,56384.5,0,NaN,NaN,NaN,NaN,NaN,NaN,322982
1458626400,1.12815,1.12885,1.1216,1.1253,100661,57214.95,0,NaN,NaN,NaN,NaN,NaN,NaN,322982
1458655200,1.12525,1.1267,1.12315,1.1245,44639,58719.35,0,NaN,NaN,NaN,NaN,NaN,NaN,321066
1458684000,1.1242,1.125,1.123,1.12305,7278,55409.3,0,NaN,NaN,NaN,NaN,NaN,NaN,321066
1458712800,1.12315,1.12345,1.1189,1.12095,70136,55865,0,NaN,NaN,NaN,NaN,NaN,NaN,321066
1458741600,1.12105,1.1214,1.1185,1.12055,55814,58183.15,0,NaN,NaN,NaN,NaN,NaN,NaN,320078
1458770400,1.1208,1.1212,1.11895,1.11995,10391,55095.7,0,NaN,NaN,NaN,NaN,NaN,NaN,320078
1458799200,1.1199,1.12135,1.11695,1.11855,67292,55983.55,0,NaN,NaN,NaN,NaN,NaN,NaN,320078
1458828000,1.11855,1.1212,1.11755,1.1199,38363,57581.65,0,NaN,NaN,NaN,NaN,NaN,NaN,319542
1459116000,1.1186,1.11915,1.11785,1.11905,7971,54445.3,0,NaN,NaN,NaN,NaN,NaN,NaN,319542
1459144800,1.11905,1.1236,1.1183,1.1231,30636,48424.45,0,NaN,NaN,NaN,NaN,NaN,NaN,319542
1459173600,1.1231,1.1246,1.1215,1.122,33936,49266.25,0,NaN,NaN,NaN,NaN,NaN,NaN,321313
1459202400,1.12225,1.1228,1.1208,1.12135,12418,41889.35,0,NaN,NaN,NaN,NaN,NaN,NaN,321313
1459231200,1.1213,1.12515,1.11945,1.1229,83965,42290.95,0,NaN,NaN,NaN,NaN,NaN,NaN,321313
1459260000,1.12295,1.13295,1.1205,1.1318,134025,48160.1,0,NaN,NaN,NaN,NaN,NaN,NaN,327100
1459288800,1.1317,1.13265,1.1311,1.1323,12795,44673.25,0,NaN,NaN,NaN,NaN,NaN,NaN,327100
1459317600,1.13225,1.1365,1.1319,1.1352,101646,47052.8,0,NaN,NaN,NaN,NaN,NaN,NaN,327100
1459346400,1.13525,1.13915,1.13405,1.13645,97934,51360.15,0,NaN,NaN,NaN,NaN,NaN,NaN,332859
1459375200,1.136,1.1366,1.13355,1.1346,15473,49258.65,0,NaN,NaN,NaN,NaN,NaN,NaN,332859
1459404000,1.13465,1.1438,1.13345,1.14265,118306,52758.85,0,NaN,NaN,NaN,NaN,NaN,NaN,332859
1459432800,1.14265,1.1437,1.14005,1.1403,96825,57025.2,0,NaN,NaN,NaN,NaN,NaN,NaN,339434
1459461600,1.14045,1.1413,1.13915,1.1406,16116,52797.95,0,NaN,NaN,NaN,NaN,NaN,NaN,339434
1459490400,1.1406,1.14625,1.1393,1.1411,159823,58557.15,0,NaN,NaN,NaN,NaN,NaN,NaN,339434
1459519200,1.1404,1.1428,1.13585,1.142,100100,63198.25,0,NaN,NaN,NaN,NaN,NaN,NaN,335407
1459720800,1.142,1.14375,1.1407,1.1414,12734,60328.15,0,NaN,NaN,NaN,NaN,NaN,NaN,335407
1459749600,1.1415,1.14335,1.13805,1.1424,67988,60936.85,0,NaN,NaN,NaN,NaN,NaN,NaN,335407
1459778400,1.1423,1.14315,1.1396,1.14155,50397,62937.15,0,NaN,NaN,NaN,NaN,NaN,NaN,334910
1459807200,1.1414,1.1429,1.14025,1.1408,13516,60248.35,0,NaN,NaN,NaN,NaN,NaN,NaN,334910
1459836000,1.14085,1.14145,1.13655,1.138,90914,62875.9,0,NaN,NaN,NaN,NaN,NaN,NaN,334910
1459864800,1.13805,1.1424,1.13585,1.14065,77508,66352.75,0,NaN,NaN,NaN,NaN,NaN,NaN,335028
1459893600,1.1406,1.141,1.1388,1.1391,11049,65373.4,0,NaN,NaN,NaN,NaN,NaN,NaN,335028
1459922400,1.13905,1.1422,1.1349,1.1412,101573,68755.25,0,NaN,NaN,NaN,NaN,NaN,NaN,335028
1459951200,1.1412,1.14545,1.139,1.1421,115309,73899.8,0,NaN,NaN,NaN,NaN,NaN,NaN,338512
1459980000,1.1417,1.14455,1.14145,1.1438,17955,70599.3,0,NaN,NaN,NaN,NaN,NaN,NaN,338512
1460008800,1.14375,1.1476,1.1358,1.13725,143037,71049.9,0,NaN,NaN,NaN,NaN,NaN,NaN,338512
1460037600,1.13725,1.14215,1.13715,1.1401,64258,73623.05,0,NaN,NaN,NaN,NaN,NaN,NaN,336673
1460066400,1.1394,1.13985,1.13795,1.1391,16150,69348.25,0,NaN,NaN,NaN,NaN,NaN,NaN,336673
1460095200,1.139,1.1419,1.137,1.14045,83544,68628.75,0,NaN,NaN,NaN,NaN,NaN,NaN,336673
1460124000,1.14045,1.144,1.14035,1.1418,57110,70710.6,0,NaN,NaN,NaN,NaN,NaN,NaN,333819
1460325600,1.143,1.14465,1.14155,1.14285,12767,65433.65,0,NaN,NaN,NaN,NaN,NaN,NaN,333819
1460354400,1.1428,1.14655,1.13925,1.1462,84140,64799.4,0,NaN,NaN,NaN,NaN,NaN,NaN,333819
1460383200,1.1462,1.1469,1.14165,1.14295,51086,66547.9,0,NaN,NaN,NaN,NaN,NaN,NaN,332416
1460412000,1.1426,1.1437,1.14205,1.14335,7926,58953.05,0,NaN,NaN,NaN,NaN,NaN,NaN,332416
1460440800,1.1433,1.1486,1.1382,1.13915,104582,59177.15,0,NaN,NaN,NaN,NaN,NaN,NaN,332416
1460469600,1.13915,1.14215,1.13665,1.1409,69067,61993.8,0,NaN,NaN,NaN,NaN,NaN,NaN,329242
1460498400,1.1405,1.14115,1.13765,1.13815,12353,59212.05,0,NaN,NaN,NaN,NaN,NaN,NaN,329242
1460527200,1.1381,1.1388,1.13005,1.1302,127710,63077.7,0,NaN,NaN,NaN,NaN,NaN,NaN,329242
1460556000,1.1302,1.13145,1.1288,1.1295,57450,65274.4,0,NaN,NaN,NaN,NaN,NaN,NaN,330658
1460584800,1.1295,1.1303,1.1273,1.12825,14856,61471.5,0,NaN,NaN,NaN,NaN,NaN,NaN,330658
1460613600,1.1282,1.13145,1.1253,1.1299,95828,62387.5,0,NaN,NaN,NaN,NaN,NaN,NaN,330658
1460642400,1.12995,1.13,1.1267,1.1283,39796,63824.85,0,NaN,NaN,NaN,NaN,NaN,NaN,333150
1460671200,1.12775,1.1287,1.1268,1.1276,8739,59183.15,0,NaN,NaN,NaN,NaN,NaN,NaN,333150
1460700000,1.1276,1.1316,1.1264,1.13075,67445,56789.95,0,NaN,NaN,NaN,NaN,NaN,NaN,333150
1460728800,1.13065,1.1336,1.12995,1.13005,55342,58659.3,0,NaN,NaN,NaN,NaN,NaN,NaN,336110
1460930400,1.1313,1.1325,1.12945,1.1303,9754,51995.15,0,NaN,NaN,NaN,NaN,NaN,NaN,336110
1460959200,1.1303,1.13385,1.12925,1.1325,50846,51324.55,0,NaN,NaN,NaN,NaN,NaN,NaN,336110
1460988000,1.13245,1.1351,1.13235,1.1332,41774,52605.75,0,NaN,NaN,NaN,NaN,NaN,NaN,339068
1461016800,1.1333,1.1344,1.13215,1.13425,8451,48851.1,0,NaN,NaN,NaN,NaN,NaN,NaN,339068
1461045600,1.1343,1.13995,1.1333,1.1396,85530,50272.1,0,NaN,NaN,NaN,NaN,NaN,NaN,339068
1461074400,1.1396,1.14035,1.1374,1.13775,51497,52208.6,0,NaN,NaN,NaN,NaN,NaN,NaN,340942
1461103200,1.1375,1.1392,1.13715,1.13755,11577,48580.45,0,NaN,NaN,NaN,NaN,NaN,NaN,340942
1461132000,1.1376,1.1406,1.13525,1.1357,68663,49459.3,0,NaN,NaN,NaN,NaN,NaN,NaN,340942
1461160800,1.1357,1.1362,1.1308,1.1316,63497,52237.85,0,NaN,NaN,NaN,NaN,NaN,NaN,335281
1461189600,1.13165,1.13235,1.13035,1.1314,9967,47507.1,0,NaN,NaN,NaN,NaN,NaN,NaN,335281
1461218400,1.13145,1.1417,1.1293,1.1313,179374,53022.45,0,NaN,NaN,NaN,NaN,NaN,NaN,335281
1461247200,1.13125,1.13275,1.12865,1.1306,65659,55687.75,0,NaN,NaN,NaN,NaN,NaN,NaN,338050
1461276000,1.1301,1.1325,1.13005,1.1313,10885,49846.5,0,NaN,NaN,NaN,NaN,NaN,NaN,338050
1461304800,1.13125,1.13195,1.1262,1.12685,81309,51039.45,0,NaN,NaN,NaN,NaN,NaN,NaN,338050
1461333600,1.12685,1.12865,1.1234,1.1242,59401,53266.7,0,NaN,NaN,NaN,NaN,NaN,NaN,335047
1461535200,1.12405,1.12655,1.1236,1.1255,11135,49032.05,0,NaN,NaN,NaN,NaN,NaN,NaN,335047
1461564000,1.1255,1.12835,1.1247,1.12725,59748,50029.65,0,NaN,NaN,NaN,NaN,NaN,NaN,335047
1461592800,1.1272,1.12945,1.12715,1.12835,38034,51494.4,0,NaN,NaN,NaN,NaN,NaN,NaN,333197
1461621600,1.1283,1.12915,1.12725,1.12825,9322,48588.25,0,NaN,NaN,NaN,NaN,NaN,NaN,333197
1461650400,1.12825,1.13565,1.12715,1.13445,98141,50728.2,0,NaN,NaN,NaN,NaN,NaN,NaN,333197
1461679200,1.13445,1.1354,1.12955,1.13115,54833,52982.15,0,NaN,NaN,NaN,NaN,NaN,NaN,334842
1461708000,1.1314,1.13275,1.1309,1.1312,8774,50878.55,0,NaN,NaN,NaN,NaN,NaN,NaN,334842
1461736800,1.1312,1.1349,1.1307,1.1337,67861,52182.9,0,NaN,NaN,NaN,NaN,NaN,NaN,334842
1461765600,1.1335,1.1378,1.12865,1.1335,103305,56925.6,0,NaN,NaN,NaN,NaN,NaN,NaN,335155
1461794400,1.13385,1.13595,1.131,1.1349,26309,53964.55,0,NaN,NaN,NaN,NaN,NaN,NaN,335155
1461823200,1.13495,1.13825,1.1339,1.1348,90040,55891.7,0,NaN,NaN,NaN,NaN,NaN,NaN,335155
1461852000,1.1348,1.13765,1.1325,1.13675,53029,57964.3,0,NaN,NaN,NaN,NaN,NaN,NaN,337530
1461880800,1.13655,1.1412,1.13625,1.14045,17905,55426.4,0,NaN,NaN,NaN,NaN,NaN,NaN,337530
1461909600,1.1404,1.14595,1.1384,1.1453,134533,58978.2,0,NaN,NaN,NaN,NaN,NaN,NaN,337530
1461938400,1.1454,1.1475,1.1447,1.14595,90019,62980.8,0,NaN,NaN,NaN,NaN,NaN,NaN,356973
1462140000,1.14735,1.1496,1.1467,1.1482,16521,54838.15,0,NaN,NaN,NaN,NaN,NaN,NaN,356973
1462168800,1.1482,1.15405,1.1462,1.15345,68513,54980.85,0,NaN,NaN,NaN,NaN,NaN,NaN,356973
1462197600,1.1536,1.15515,1.1504,1.15475,62766,57574.9,0,NaN,NaN,NaN,NaN,NaN,NaN,357502
1462226400,1.15425,1.15595,1.15345,1.1558,12917,54155.3,0,NaN,NaN,NaN,NaN,NaN,NaN,357502
1462255200,1.15585,1.16305,1.1551,1.1567,137979,58084.2,0,NaN,NaN,NaN,NaN,NaN,NaN,357502
1462284000,1.15665,1.1577,1.1509,1.1511,79010,61477.95,0,NaN,NaN,NaN,NaN,NaN,NaN,354134
1462312800,1.15135,1.15225,1.14895,1.14985,13706,59175.85,0,NaN,NaN,NaN,NaN,NaN,NaN,354134
1462341600,1.1499,1.15435,1.14835,1.1516,103095,62428.9,0,NaN,NaN,NaN,NaN,NaN,NaN,354134
1462370400,1.1514,1.1521,1.14795,1.15025,74285,65677.05,0,NaN,NaN,NaN,NaN,NaN,NaN,360901
1462399200,1.14985,1.15065,1.14945,1.15025,5705,61055.25,0,NaN,NaN,NaN,NaN,NaN,NaN,360901
1462428000,1.1503,1.1504,1.1416,1.142,98719,63249.55,0,NaN,NaN,NaN,NaN,NaN,NaN,360901
1462456800,1.14195,1.14275,1.1398,1.14185,66397,66130.7,0,NaN,NaN,NaN,NaN,NaN,NaN,350078
1462485600,1.1417,1.14215,1.1405,1.14115,8062,63140.75,0,NaN,NaN,NaN,NaN,NaN,NaN,350078
1462514400,1.1411,1.1498,1.14085,1.14375,127567,64353.85,0,NaN,NaN,NaN,NaN,NaN,NaN,350078
1462543200,1.14375,1.14445,1.13985,1.14135,52127,65644.75,0,NaN,NaN,NaN,NaN,NaN,NaN,342559
1462744800,1.141,1.1425,1.13915,1.141,13338,61809.65,0,NaN,NaN,NaN,NaN,NaN,NaN,342559
1462773600,1.14095,1.1432,1.1387,1.14,67663,62541.35,0,NaN,NaN,NaN,NaN,NaN,NaN,342559
1462802400,1.13995,1.14255,1.13905,1.13925,37525,63522.35,0,NaN,NaN,NaN,NaN,NaN,NaN,339869
1462831200,1.1392,1.1404,1.13815,1.1395,11111,57351.25,0,NaN,NaN,NaN,NaN,NaN,NaN,339869
1462860000,1.13945,1.1413,1.137,1.13985,70661,56383.35,0,NaN,NaN,NaN,NaN,NaN,NaN,339869
1462888800,1.13985,1.14215,1.13765,1.1384,43786,57746.6,0,NaN,NaN,NaN,NaN,NaN,NaN,338066
1462917600,1.1383,1.14025,1.13795,1.1398,8056,54723.75,0,NaN,NaN,NaN,NaN,NaN,NaN,338066
1462946400,1.13985,1.14395,1.13935,1.14385,58592,54515.05,0,NaN,NaN,NaN,NaN,NaN,NaN,338066
1462975200,1.14385,1.14575,1.14325,1.14375,50509,56394.65,0,NaN,NaN,NaN,NaN,NaN,NaN,340631
1463004000,1.1436,1.14395,1.1427,1.1428,7170,49854.2,0,NaN,NaN,NaN,NaN,NaN,NaN,340631
1463032800,1.14275,1.14345,1.1388,1.1422,73520,49579.7,0,NaN,NaN,NaN,NaN,NaN,NaN,340631
1463061600,1.1421,1.1424,1.1379,1.13875,49098,51349.3,0,NaN,NaN,NaN,NaN,NaN,NaN,337027
1463090400,1.1385,1.13895,1.13765,1.1383,7474,46568.25,0,NaN,NaN,NaN,NaN,NaN,NaN,337027
1463119200,1.13835,1.13855,1.13105,1.1312,102845,47996.25,0,NaN,NaN,NaN,NaN,NaN,NaN,337027
1463148000,1.1311,1.13295,1.1292,1.1314,63622,50892.1,0,NaN,NaN,NaN,NaN,NaN,NaN,339149
1463349600,1.13115,1.13285,1.13105,1.1317,8387,46375.5,0,NaN,NaN,NaN,NaN,NaN,NaN,339149
1463378400,1.1317,1.13515,1.1316,1.1341,48636,45487.45,0,NaN,NaN,NaN,NaN,NaN,NaN,339149
1463407200,1.13405,1.135,1.1323,1.13295,26885,46428.6,0,NaN,NaN,NaN,NaN,NaN,NaN,336194
1463436000,1.1326,1.13345,1.13205,1.1324,8736,40487.05,0,NaN,NaN,NaN,NaN,NaN,NaN,336194
1463464800,1.1324,1.1358,1.1305,1.1348,66418,41201.6,0,NaN,NaN,NaN,NaN,NaN,NaN,336194
1463493600,1.1348,1.1355,1.132,1.1322,44309,42750.15,0,NaN,NaN,NaN,NaN,NaN,NaN,337100
1463522400,1.13215,1.13245,1.12885,1.1292,15497,40141.85,0,NaN,NaN,NaN,NaN,NaN,NaN,337100
1463551200,1.1292,1.12975,1.1264,1.12795,77569,42144.05,0,NaN,NaN,NaN,NaN,NaN,NaN,337100
1463580000,1.12795,1.13015,1.12225,1.12235,86316,45904.3,0,NaN,NaN,NaN,NaN,NaN,NaN,341439
1463608800,1.1226,1.1237,1.1213,1.12145,13670,43054.75,0,NaN,NaN,NaN,NaN,NaN,NaN,341439
1463637600,1.12155,1.1237,1.1187,1.1206,84688,45099.85,0,NaN,NaN,NaN,NaN,NaN,NaN,341439
1463666400,1.12055,1.1235,1.1198,1.121,66107,48002.4,0,NaN,NaN,NaN,NaN,NaN,NaN,340193
1463695200,1.1208,1.12185,1.1203,1.1218,6959,45420.75,0,NaN,NaN,NaN,NaN,NaN,NaN,340193
1463724000,1.12175,1.1244,1.12135,1.12285,59574,45874,0,NaN,NaN,NaN,NaN,NaN,NaN,340193
1463752800,1.12285,1.1235,1.1211,1.12305,38413,47436.15,0,NaN,NaN,NaN,NaN,NaN,NaN,338735
1463954400,1.12235,1.1249,1.12205,1.1232,11855,44352.9,0,NaN,NaN,NaN,NaN,NaN,NaN,338735
1463983200,1.1232,1.12465,1.1194,1.1199,56882,44742.1,0,NaN,NaN,NaN,NaN,NaN,NaN,338735
1464012000,1.11995,1.12375,1.1194,1.1227,42188,46477.8,0,NaN,NaN,NaN,NaN,NaN,NaN,335381
1464040800,1.12265,1.12275,1.12095,1.12205,7960,41733.55,0,NaN,NaN,NaN,NaN,NaN,NaN,335381
1464069600,1.122,1.12335,1.1159,1.1165,90972,43101.05,0,NaN,NaN,NaN,NaN,NaN,NaN,335381
1464098400,1.11645,1.1168,1.1139,1.11465,56215,45492.45,0,NaN,NaN,NaN,NaN,NaN,NaN,335295
1464127200,1.1144,1.1164,1.11405,1.11605,9913,43556.3,0,NaN,NaN,NaN,NaN,NaN,NaN,335295
1464156000,1.11595,1.1163,1.11415,1.1157,58762,45150.15,0,NaN,NaN,NaN,NaN,NaN,NaN,335295
1464184800,1.11565,1.1173,1.11345,1.11615,53741,47400.4,0,NaN,NaN,NaN,NaN,NaN,NaN,336019
1464213600,1.11615,1.1195,1.11545,1.11885,16458,44902.4,0,NaN,NaN,NaN,NaN,NaN,NaN,336019
1464242400,1.1188,1.1222,1.1164,1.12025,86097,46991.8,0,NaN,NaN,NaN,NaN,NaN,NaN,336019
1464271200,1.12025,1.1208,1.1174,1.11985,49274,48680.65,0,NaN,NaN,NaN,NaN,NaN,NaN,334933
1464300000,1.1197,1.12045,1.11885,1.11945,8749,45239.65,0,NaN,NaN,NaN,NaN,NaN,NaN,334933
1464328800,1.11945,1.12055,1.115,1.1157,63498,44098.75,0,NaN,NaN,NaN,NaN,NaN,NaN,334933
1464357600,1.1157,1.116,1.11155,1.11175,65785,46704.5,0,NaN,NaN,NaN,NaN,NaN,NaN,336479
1464559200,1.1118,1.1121,1.11025,1.11095,13242,43132.2,0,NaN,NaN,NaN,NaN,NaN,NaN,336479
1464588000,1.11095,1.11495,1.11075,1.11455,27187,41186.2,0,NaN,NaN,NaN,NaN,NaN,NaN,336479
1464616800,1.1146,1.1148,1.1133,1.1139,5254,41100.95,0,NaN,NaN,NaN,NaN,NaN,NaN,336479
1464645600,1.11375,1.1159,1.1134,1.11355,15302,38887.35,0,NaN,NaN,NaN,NaN,NaN,NaN,336479
1464674400,1.11355,1.1176,1.1126,1.1176,69335,40433.45,0,NaN,NaN,NaN,NaN,NaN,NaN,336479
1464703200,1.1176,1.1178,1.1129,1.11365,76534,43667.4,0,NaN,NaN,NaN,NaN,NaN,NaN,337252
1464732000,1.11345,1.11405,1.1118,1.1128,14628,41554.7,0,NaN,NaN,NaN,NaN,NaN,NaN,337252
1464760800,1.11275,1.11905,1.11235,1.1182,83139,43602.25,0,NaN,NaN,NaN,NaN,NaN,NaN,337252
1464789600,1.1181,1.1198,1.11525,1.1192,76623,47035.4,0,NaN,NaN,NaN,NaN,NaN,NaN,332768
1464818400,1.11905,1.12165,1.11865,1.1202,18743,43423.95,0,NaN,NaN,NaN,NaN,NaN,NaN,332768
1464847200,1.1202,1.12235,1.11545,1.11645,103726,45799.5,0,NaN,NaN,NaN,NaN,NaN,NaN,332768
1464876000,1.1165,1.1182,1.11485,1.1153,42285,47418.1,0,NaN,NaN,NaN,NaN,NaN,NaN,330841
1464904800,1.1156,1.11615,1.1145,1.1155,7902,44875.1,0,NaN,NaN,NaN,NaN,NaN,NaN,330841
1464933600,1.11555,1.13355,1.11395,1.1329,167664,50571.25,0,NaN,NaN,NaN,NaN,NaN,NaN,330841
1464962400,1.133,1.1377,1.13245,1.13695,92988,54397.75,0,NaN,NaN,NaN,NaN,NaN,NaN,324053
1465164000,1.13675,1.1372,1.1339,1.13445,15556,50870.7,0,NaN,NaN,NaN,NaN,NaN,NaN,324053
1465192800,1.1344,1.13665,1.13335,1.13535,65226,51668.3,0,NaN,NaN,NaN,NaN,NaN,NaN,324053
1465221600,1.1354,1.1395,1.1328,1.1356,74957,54978.7,0,NaN,NaN,NaN,NaN,NaN,NaN,302130
1465250400,1.13595,1.137,1.1353,1.1354,10607,52334.15,0,NaN,NaN,NaN,NaN,NaN,NaN,302130
1465279200,1.1354,1.13825,1.13405,1.13605,64337,52261.75,0,NaN,NaN,NaN,NaN,NaN,NaN,302130
1465308000,1.13605,1.1368,1.1343,1.13605,36968,53448.05,0,NaN,NaN,NaN,NaN,NaN,NaN,268489
1465336800,1.13585,1.13785,1.13565,1.1367,10217,52599.55,0,NaN,NaN,NaN,NaN,NaN,NaN,268489
1465365600,1.1367,1.1411,1.13635,1.14055,62696,55471.65,0,NaN,NaN,NaN,NaN,NaN,NaN,268489
1465394400,1.14055,1.1413,1.1389,1.1397,53602,57386.65,0,NaN,NaN,NaN,NaN,NaN,NaN,206064
1465423200,1.13995,1.14165,1.13965,1.1399,10415,54440.65,0,NaN,NaN,NaN,NaN,NaN,NaN,206064
1465452000,1.1399,1.1407,1.13125,1.13245,83463,54787.1,0,NaN,NaN,NaN,NaN,NaN,NaN,206064
1465480800,1.1325,1.13375,1.1306,1.1316,38572,55984.3,0,NaN,NaN,NaN,NaN,NaN,NaN,120039
1465509600,1.1352,1.13585,1.13275,1.1338,10467,52350.7,0,NaN,NaN,NaN,NaN,NaN,NaN,120039
1465538400,1.13385,1.13595,1.13185,1.1326,68163,51927.7,0,NaN,NaN,NaN,NaN,NaN,NaN,120039
1465567200,1.13255,1.13425,1.1283,1.12885,68885,54434.8,0,NaN,NaN,NaN,NaN,NaN,NaN,312745
1465768800,1.1285,1.1293,1.1269,1.12885,14638,49980.4,0,NaN,NaN,NaN,NaN,NaN,NaN,312745
1465797600,1.12885,1.13165,1.1276,1.13075,66169,51174.6,0,NaN,NaN,NaN,NaN,NaN,NaN,312745
1465826400,1.13075,1.13415,1.1306,1.13315,63967,53977.85,0,NaN,NaN,NaN,NaN,NaN,NaN,318660
1465855200,1.1326,1.1336,1.132,1.1321,9411,46065.2,0,NaN,NaN,NaN,NaN,NaN,NaN,318660
1465884000,1.1321,1.13275,1.1242,1.1244,101456,46488.6,0,NaN,NaN,NaN,NaN,NaN,NaN,318660
1465912800,1.1244,1.1258,1.1227,1.12465,63625,48892.05,0,NaN,NaN,NaN,NaN,NaN,NaN,321784
1465941600,1.12445,1.1253,1.1228,1.12455,10710,46166.25,0,NaN,NaN,NaN,NaN,NaN,NaN,321784
1465970400,1.1245,1.1277,1.1236,1.1265,60876,45462.2,0,NaN,NaN,NaN,NaN,NaN,NaN,321784
1465999200,1.1265,1.1338,1.1263,1.1296,92754,49569.55,0,NaN,NaN,NaN,NaN,NaN,NaN,324786
1466028000,1.1299,1.1323,1.1296,1.13145,17255,47215.45,0,NaN,NaN,NaN,NaN,NaN,NaN,324786
1466056800,1.13145,1.13325,1.11765,1.119,119959,51365,0,NaN,NaN,NaN,NaN,NaN,NaN,324786
1466085600,1.1191,1.12895,1.1169,1.12645,114262,56567.25,0,NaN,NaN,NaN,NaN,NaN,NaN,326097
1466114400,1.12675,1.131,1.12645,1.12825,18642,54364.55,0,NaN,NaN,NaN,NaN,NaN,NaN,326097
1466143200,1.12825,1.1317,1.1259,1.1308,75190,55443.95,0,NaN,NaN,NaN,NaN,NaN,NaN,326097
1466172000,1.1308,1.13335,1.1279,1.13115,52593,57552.85,0,NaN,NaN,NaN,NaN,NaN,NaN,319341
1466373600,1.13535,1.14195,1.13465,1.1387,26347,54697.05,0,NaN,NaN,NaN,NaN,NaN,NaN,319341
1466402400,1.1387,1.13955,1.1358,1.13795,64676,56002.25,0,NaN,NaN,NaN,NaN,NaN,NaN,319341
1466431200,1.13805,1.1387,1.1338,1.13465,49390,57948.4,0,NaN,NaN,NaN,NaN,NaN,NaN,315204
1466460000,1.1348,1.1379,1.13455,1.1366,9974,55038.95,0,NaN,NaN,NaN,NaN,NaN,NaN,315204
1466488800,1.13665,1.1386,1.1279,1.1285,86133,55901.35,0,NaN,NaN,NaN,NaN,NaN,NaN,315204
1466517600,1.12845,1.1318,1.12755,1.12765,47727,57555.8,0,NaN,NaN,NaN,NaN,NaN,NaN,311866
1466546400,1.12835,1.1306,1.1272,1.1292,10051,54749.9,0,NaN,NaN,NaN,NaN,NaN,NaN,311866
1466575200,1.12915,1.1359,1.1289,1.13555,53276,54215.35,0,NaN,NaN,NaN,NaN,NaN,NaN,311866
1466604000,1.13555,1.1375,1.1306,1.1333,60688,56779.2,0,NaN,NaN,NaN,NaN,NaN,NaN,309492
1466632800,1.1372,1.13855,1.1354,1.1383,11111,52261.95,0,NaN,NaN,NaN,NaN,NaN,NaN,309492
1466661600,1.13825,1.14575,1.13525,1.1415,95059,53833.65,0,NaN,NaN,NaN,NaN,NaN,NaN,309492
1466690400,1.14145,1.14335,1.13755,1.1415,53028,55949.55,0,NaN,NaN,NaN,NaN,NaN,NaN,310422
1466719200,1.145,1.1455,1.0947,1.10615,156541,60732.8,0,NaN,NaN,NaN,NaN,NaN,NaN,310422
1466748000,1.10605,1.12285,1.10405,1.1095,158756,64032.9,0,NaN,NaN,NaN,NaN,NaN,NaN,310422
1466776800,1.1095,1.1216,1.10825,1.1133,70812,66710.75,0,NaN,NaN,NaN,NaN,NaN,NaN,316983
1466978400,1.1087,1.1109,1.10195,1.10735,31953,62310.45,0,NaN,NaN,NaN,NaN,NaN,NaN,316983
1467007200,1.1073,1.11165,1.10035,1.10475,104123,61803.5,0,NaN,NaN,NaN,NaN,NaN,NaN,316983
1467036000,1.10475,1.1078,1.10045,1.10585,82091,64975.95,0,NaN,NaN,NaN,NaN,NaN,NaN,325492
1467064800,1.10555,1.10975,1.10435,1.10945,15015,61967.2,0,NaN,NaN,NaN,NaN,NaN,NaN,325492
1467093600,1.10945,1.1144,1.10805,1.10915,74558,63065.45,0,NaN,NaN,NaN,NaN,NaN,NaN,325492
1467122400,1.10905,1.1124,1.10675,1.10965,60202,64758.2,0,NaN,NaN,NaN,NaN,NaN,NaN,331583
1467151200,1.1113,1.1113,1.1081,1.10875,9371,61992.95,0,NaN,NaN,NaN,NaN,NaN,NaN,331583
1467180000,1.1088,1.1152,1.1083,1.11495,94769,64261.9,0,NaN,NaN,NaN,NaN,NaN,NaN,331583
1467208800,1.11495,1.1162,1.1122,1.1158,49939,66260.15,0,NaN,NaN,NaN,NaN,NaN,NaN,333838
1467237600,1.11535,1.11575,1.1115,1.11165,9659,62436.45,0,NaN,NaN,NaN,NaN,NaN,NaN,333838
1467266400,1.1116,1.11845,1.11065,1.1146,95977,64848.95,0,NaN,NaN,NaN,NaN,NaN,NaN,333838
1467295200,1.1146,1.11545,1.1052,1.1137,112257,69959.25,0,NaN,NaN,NaN,NaN,NaN,NaN,337469
1467324000,1.11325,1.1147,1.11095,1.111,8796,67735.25,0,NaN,NaN,NaN,NaN,NaN,NaN,337469
1467352800,1.11105,1.11995,1.1102,1.11845,67723,68087,0,NaN,NaN,NaN,NaN,NaN,NaN,337469
1467381600,1.1183,1.1186,1.11425,1.1171,52154,70139.15,0,NaN,NaN,NaN,NaN,NaN,NaN,343690
1467583200,1.1165,1.1174,1.1154,1.11655,5557,65664.05,0,NaN,NaN,NaN,NaN,NaN,NaN,343690
1467612000,1.1165,1.11775,1.1127,1.1161,26913,64358.3,0,NaN,NaN,NaN,NaN,NaN,NaN,343690
1467640800,1.1161,1.1178,1.1161,1.1177,8735,56968,0,NaN,NaN,NaN,NaN,NaN,NaN,343690
1467669600,1.11775,1.11805,1.11525,1.1157,7890,49424.7,0,NaN,NaN,NaN,NaN,NaN,NaN,343690
1467698400,1.11565,1.1216,1.1149,1.11775,70465,49407.35,0,NaN,NaN,NaN,NaN,NaN,NaN,343690
1467727200,1.1177,1.1181,1.10915,1.11035,62561,50937.75,0,NaN,NaN,NaN,NaN,NaN,NaN,355995
1467756000,1.10955,1.11,1.1065,1.10835,19408,46702,0,NaN,NaN,NaN,NaN,NaN,NaN,355995
1467784800,1.10845,1.11195,1.1075,1.10995,61852,45690.05,0,NaN,NaN,NaN,NaN,NaN,NaN,355995
1467813600,1.10985,1.1143,1.10595,1.11305,62072,48042.9,0,NaN,NaN,NaN,NaN,NaN,NaN,361563
1467842400,1.11265,1.11375,1.11035,1.112,11780,44904,0,NaN,NaN,NaN,NaN,NaN,NaN,361563
1467871200,1.11195,1.113,1.1086,1.1125,53349,44561.35,0,NaN,NaN,NaN,NaN,NaN,NaN,361563
1467900000,1.1125,1.11255,1.1081,1.1091,41116,46148.6,0,NaN,NaN,NaN,NaN,NaN,NaN,366498
1467928800,1.109,1.11185,1.1087,1.11135,8606,41840.45,0,NaN,NaN,NaN,NaN,NaN,NaN,366498
1467957600,1.11125,1.11495,1.10295,1.1082,128025,45744.75,0,NaN,NaN,NaN,NaN,NaN,NaN,366498
1467986400,1.1082,1.10885,1.10555,1.1077,36431,47083.35,0,NaN,NaN,NaN,NaN,NaN,NaN,367120
1468188000,1.10795,1.10845,1.10615,1.10735,9644,42766.7,0,NaN,NaN,NaN,NaN,NaN,NaN,367120
1468216800,1.10725,1.11035,1.1043,1.10925,57770,40042.35,0,NaN,NaN,NaN,NaN,NaN,NaN,367120
1468245600,1.10925,1.10975,1.1064,1.1085,30354,41120.25,0,NaN,NaN,NaN,NaN,NaN,NaN,367714
1468274400,1.1088,1.11195,1.108,1.1114,14044,38436.3,0,NaN,NaN,NaN,NaN,NaN,NaN,367714
1468303200,1.1114,1.1155,1.11075,1.11215,79684,39812.8,0,NaN,NaN,NaN,NaN,NaN,NaN,367714
1468332000,1.11205,1.11275,1.1085,1.10885,50186,42044.25,0,NaN,NaN,NaN,NaN,NaN,NaN,363621
1468360800,1.109,1.1099,1.10805,1.10965,16788,41538,0,NaN,NaN,NaN,NaN,NaN,NaN,363621
1468389600,1.1096,1.1123,1.10695,1.1111,61497,44176.1,0,NaN,NaN,NaN,NaN,NaN,NaN,363621
1468418400,1.11115,1.1148,1.111,1.1118,48966,46229.9,0,NaN,NaN,NaN,NaN,NaN,NaN,363506
1468447200,1.1121,1.11485,1.11185,1.11305,15114,43462.35,0,NaN,NaN,NaN,NaN,NaN,NaN,363506
1468476000,1.11295,1.1192,1.1115,1.11385,93534,45011,0,NaN,NaN,NaN,NaN,NaN,NaN,363506
1468504800,1.1139,1.11565,1.1125,1.11485,30948,45588,0,NaN,NaN,NaN,NaN,NaN,NaN,361634
1468533600,1.1141,1.1166,1.1129,1.11455,15460,43268.4,0,NaN,NaN,NaN,NaN,NaN,NaN,361634
1468562400,1.1146,1.11765,1.10985,1.11095,72331,43781.35,0,NaN,NaN,NaN,NaN,NaN,NaN,361634
1468591200,1.11095,1.11175,1.1052,1.1058,53677,45876.2,0,NaN,NaN,NaN,NaN,NaN,NaN,370484
1468792800,1.10795,1.1098,1.1077,1.10955,8494,43633.45,0,NaN,NaN,NaN,NaN,NaN,NaN,370484
1468821600,1.10955,1.11,1.10645,1.1092,44039,43779.6,0,NaN,NaN,NaN,NaN,NaN,NaN,370484
1468850400,1.10915,1.11125,1.10855,1.1103,34326,45065.6,0,NaN,NaN,NaN,NaN,NaN,NaN,370622
1468879200,1.11005,1.11075,1.109,1.1101,7933,39061,0,NaN,NaN,NaN,NaN,NaN,NaN,370622
1468908000,1.1101,1.1105,1.10375,1.105,81324,41305.65,0,NaN,NaN,NaN,NaN,NaN,NaN,370622
1468936800,1.105,1.10535,1.10255,1.1048,53449,43495.9,0,NaN,NaN,NaN,NaN,NaN,NaN,382307
1468965600,1.10445,1.1048,1.1023,1.10435,10827,41148.75,0,NaN,NaN,NaN,NaN,NaN,NaN,382307
1468994400,1.1044,1.10475,1.10065,1.1023,70017,43131.9,0,NaN,NaN,NaN,NaN,NaN,NaN,382307
1469023200,1.1023,1.10565,1.1022,1.10405,42940,44576.7,0,NaN,NaN,NaN,NaN,NaN,NaN,382810
1469052000,1.10355,1.1069,1.1031,1.1053,11474,41166.2,0,NaN,NaN,NaN,NaN,NaN,NaN,382810
1469080800,1.1053,1.10855,1.103,1.1036,107726,44043.2,0,NaN,NaN,NaN,NaN,NaN,NaN,382810
1469109600,1.1036,1.1053,1.10045,1.105,51760,45791.8,0,NaN,NaN,NaN,NaN,NaN,NaN,385053
1469138400,1.1049,1.1058,1.10435,1.10455,6299,43031.9,0,NaN,NaN,NaN,NaN,NaN,NaN,385053
1469167200,1.1046,1.1066,1.10325,1.10375,58669,43517.05,0,NaN,NaN,NaN,NaN,NaN,NaN,385053
1469196000,1.10375,1.1042,1.09795,1.1002,58977,45710.2,0,NaN,NaN,NaN,NaN,NaN,NaN,390774
1469397600,1.09955,1.10035,1.0976,1.09995,10826,41574.8,0,NaN,NaN,NaN,NaN,NaN,NaN,390774
1469426400,1.0999,1.1021,1.0985,1.10025,47947,42424.75,0,NaN,NaN,NaN,NaN,NaN,NaN,390774
1469455200,1.10025,1.10235,1.0992,1.10205,26389,42971.2,0,NaN,NaN,NaN,NaN,NaN,NaN,391009
1469484000,1.1016,1.10455,1.1007,1.1037,14476,40078.45,0,NaN,NaN,NaN,NaN,NaN,NaN,391009
1469512800,1.10365,1.10545,1.10095,1.10275,56420,40215.6,0,NaN,NaN,NaN,NaN,NaN,NaN,391009
1469541600,1.1027,1.10285,1.1003,1.1011,32823,41432.05,0,NaN,NaN,NaN,NaN,NaN,NaN,392791
1469570400,1.10075,1.10265,1.1006,1.102,11014,39780.8,0,NaN,NaN,NaN,NaN,NaN,NaN,392791
1469599200,1.10195,1.103,1.1011,1.10265,45275,40328.25,0,NaN,NaN,NaN,NaN,NaN,NaN,392791
1469628000,1.1027,1.1089,1.0984,1.10815,93518,44607.5,0,NaN,NaN,NaN,NaN,NaN,NaN,390449
1469656800,1.1076,1.11,1.1075,1.10915,13911,41236.85,0,NaN,NaN,NaN,NaN,NaN,NaN,390449
1469685600,1.10915,1.1143,1.1091,1.1128,86172,42873,0,NaN,NaN,NaN,NaN,NaN,NaN,390449
1469714400,1.11285,1.11315,1.10915,1.10985,41853,44424.3,0,NaN,NaN,NaN,NaN,NaN,NaN,381511
1469743200,1.10975,1.11195,1.1093,1.1101,17335,41790.2,0,NaN,NaN,NaN,NaN,NaN,NaN,381511
1469772000,1.11005,1.11905,1.10985,1.11835,94267,44356.55,0,NaN,NaN,NaN,NaN,NaN,NaN,381511
1469800800,1.11835,1.1219,1.11765,1.1197,79222,47743.95,0,NaN,NaN,NaN,NaN,NaN,NaN,379203
1470002400,1.12055,1.1206,1.1187,1.11925,12720,42993.65,0,NaN,NaN,NaN,NaN,NaN,NaN,379203
1470031200,1.11925,1.1199,1.1177,1.11865,53378,43074.55,0,NaN,NaN,NaN,NaN,NaN,NaN,379203
1470060000,1.11885,1.12005,1.11805,1.1185,30597,44289.45,0,NaN,NaN,NaN,NaN,NaN,NaN,373053
1470088800,1.1185,1.1206,1.11835,1.1199,8039,41757.95,0,NaN,NaN,NaN,NaN,NaN,NaN,373053
1470117600,1.11985,1.1238,1.11965,1.1237,73760,42497.1,0,NaN,NaN,NaN,NaN,NaN,NaN,373053
1470146400,1.12365,1.12555,1.12325,1.12425,47404,44326,0,NaN,NaN,NaN,NaN,NaN,NaN,370655
1470175200,1.12435,1.1245,1.1229,1.12305,9440,42400.65,0,NaN,NaN,NaN,NaN,NaN,NaN,370655
1470204000,1.123,1.12365,1.1197,1.12035,55299,43846.15,0,NaN,NaN,NaN,NaN,NaN,NaN,370655
1470232800,1.1203,1.1207,1.1162,1.1169,51417,45693.2,0,NaN,NaN,NaN,NaN,NaN,NaN,362826
1470261600,1.1169,1.1176,1.1155,1.116,9696,43357,0,NaN,NaN,NaN,NaN,NaN,NaN,362826
1470290400,1.116,1.11685,1.11335,1.1162,66499,45040.8,0,NaN,NaN,NaN,NaN,NaN,NaN,362826
1470319200,1.1164,1.1168,1.11455,1.11485,31042,46042.2,0,NaN,NaN,NaN,NaN,NaN,NaN,358533
1470348000,1.1146,1.11605,1.11445,1.1158,5703,44063.6,0,NaN,NaN,NaN,NaN,NaN,NaN,358533
1470376800,1.1158,1.11805,1.1064,1.1069,112002,44987.8,0,NaN,NaN,NaN,NaN,NaN,NaN,358533
1470405600,1.10685,1.1124,1.10665,1.1108,42496,46417.05,0,NaN,NaN,NaN,NaN,NaN,NaN,364610
1470607200,1.11035,1.11235,1.1099,1.1113,10265,42621.7,0,NaN,NaN,NaN,NaN,NaN,NaN,364610
1470636000,1.11125,1.1117,1.1092,1.1092,39583,42508.2,0,NaN,NaN,NaN,NaN,NaN,NaN,364610
1470664800,1.1092,1.11075,1.10905,1.1107,20720,42677.45,0,NaN,NaN,NaN,NaN,NaN,NaN,361152
1470693600,1.1105,1.11085,1.10885,1.10945,8869,38407.55,0,NaN,NaN,NaN,NaN,NaN,NaN,361152
1470722400,1.1094,1.11285,1.1089,1.11195,52711,37082,0,NaN,NaN,NaN,NaN,NaN,NaN,361152
1470751200,1.11195,1.11405,1.1118,1.1134,40339,38462.95,0,NaN,NaN,NaN,NaN,NaN,NaN,360266
1470780000,1.1132,1.1174,1.11315,1.1165,18880,36738.05,0,NaN,NaN,NaN,NaN,NaN,NaN,360266
1470808800,1.11645,1.12075,1.1156,1.1193,79825,39199.45,0,NaN,NaN,NaN,NaN,NaN,NaN,360266
1470837600,1.11935,1.1202,1.1176,1.11925,41741,40884.55,0,NaN,NaN,NaN,NaN,NaN,NaN,359115
1470866400,1.11985,1.12085,1.11785,1.118,9571,37675.1,0,NaN,NaN,NaN,NaN,NaN,NaN,359115
1470895200,1.118,1.1186,1.11515,1.11825,52379,37923.85,0,NaN,NaN,NaN,NaN,NaN,NaN,359115
1470924000,1.11825,1.11985,1.1151,1.11525,40589,39481.3,0,NaN,NaN,NaN,NaN,NaN,NaN,358067
1470952800,1.11545,1.11595,1.11465,1.1157,5536,36993.15,0,NaN,NaN,NaN,NaN,NaN,NaN,358067
1470981600,1.1157,1.1237,1.115,1.12095,86644,38754.5,0,NaN,NaN,NaN,NaN,NaN,NaN,358067
1471010400,1.1212,1.1219,1.117,1.1178,45351,40537.25,0,NaN,NaN,NaN,NaN,NaN,NaN,357551
1471212000,1.11845,1.1185,1.1168,1.1176,4832,37453.9,0,NaN,NaN,NaN,NaN,NaN,NaN,357551
1471240800,1.1177,1.12115,1.11735,1.1205,36344,37719,0,NaN,NaN,NaN,NaN,NaN,NaN,357551
1471269600,1.1205,1.1219,1.1195,1.1199,25334,38700.55,0,NaN,NaN,NaN,NaN,NaN,NaN,356629
1471298400,1.1197,1.123,1.1192,1.12295,10963,33648.6,0,NaN,NaN,NaN,NaN,NaN,NaN,356629
1471327200,1.12295,1.13375,1.12285,1.1285,147749,38911.25,0,NaN,NaN,NaN,NaN,NaN,NaN,356629
1471356000,1.12845,1.12985,1.12725,1.1293,47209,40758.45,0,NaN,NaN,NaN,NaN,NaN,NaN,355714
1471384800,1.129,1.1304,1.1272,1.1278,15637,39561.15,0,NaN,NaN,NaN,NaN,NaN,NaN,355714
1471413600,1.12785,1.12935,1.1268,1.1279,52938,41172.05,0,NaN,NaN,NaN,NaN,NaN,NaN,355714
1471442400,1.1279,1.13305,1.12535,1.13035,70598,44258.5,0,NaN,NaN,NaN,NaN,NaN,NaN,354061
1471471200,1.1301,1.13415,1.13,1.1326,24192,42832.55,0,NaN,NaN,NaN,NaN,NaN,NaN,354061
1471500000,1.13265,1.13515,1.13175,1.1329,83501,44990.65,0,NaN,NaN,NaN,NaN,NaN,NaN,354061
1471528800,1.1329,1.138,1.1319,1.1366,50101,46551.7,0,NaN,NaN,NaN,NaN,NaN,NaN,354162
1471557600,1.13655,1.1373,1.13395,1.13465,16547,43387.8,0,NaN,NaN,NaN,NaN,NaN,NaN,354162
1471586400,1.13465,1.1361,1.13165,1.13305,75527,45077.1,0,NaN,NaN,NaN,NaN,NaN,NaN,354162
1471615200,1.1331,1.1345,1.13245,1.13355,29428,46069.95,0,NaN,NaN,NaN,NaN,NaN,NaN,353301
1471816800,1.1326,1.13325,1.12825,1.12855,20280,44465,0,NaN,NaN,NaN,NaN,NaN,NaN,353301
1471845600,1.12855,1.13265,1.1285,1.13245,51237,44997.4,0,NaN,NaN,NaN,NaN,NaN,NaN,353301
1471874400,1.1324,1.1343,1.1318,1.1331,32017,46321.45,0,NaN,NaN,NaN,NaN,NaN,NaN,354878
1471903200,1.1333,1.13535,1.13265,1.13495,13372,42657.85,0,NaN,NaN,NaN,NaN,NaN,NaN,354878
1471932000,1.13495,1.13665,1.13335,1.1338,58219,43301.25,0,NaN,NaN,NaN,NaN,NaN,NaN,354878
1471960800,1.1339,1.13475,1.1315,1.1317,36292,44874.25,0,NaN,NaN,NaN,NaN,NaN,NaN,352770
1471989600,1.1318,1.13225,1.1299,1.13005,11503,43632.2,0,NaN,NaN,NaN,NaN,NaN,NaN,352770
1472018400,1.13005,1.13175,1.1263,1.1275,68937,45812.35,0,NaN,NaN,NaN,NaN,NaN,NaN,352770
1472047200,1.1275,1.12815,1.12565,1.12745,40678,47298.1,0,NaN,NaN,NaN,NaN,NaN,NaN,350303
1472076000,1.1274,1.1287,1.12695,1.1284,9791,40400.2,0,NaN,NaN,NaN,NaN,NaN,NaN,350303
1472104800,1.1284,1.1308,1.12755,1.1305,63294,41204.45,0,NaN,NaN,NaN,NaN,NaN,NaN,350303
1472133600,1.13045,1.1306,1.1281,1.12955,29921,41918.65,0,NaN,NaN,NaN,NaN,NaN,NaN,351007
1472162400,1.1295,1.1305,1.12905,1.1303,5919,39567.7,0,NaN,NaN,NaN,NaN,NaN,NaN,351007
1472191200,1.13035,1.132,1.1292,1.13145,61781,39126.85,0,NaN,NaN,NaN,NaN,NaN,NaN,351007
1472220000,1.13125,1.1352,1.11895,1.12035,190365,47435.5,0,NaN,NaN,NaN,NaN,NaN,NaN,351226
1472421600,1.11965,1.1217,1.1193,1.1215,14738,43997.35,0,NaN,NaN,NaN,NaN,NaN,NaN,351226
1472450400,1.1215,1.1215,1.1167,1.11815,56394,44312,0,NaN,NaN,NaN,NaN,NaN,NaN,351226
1472479200,1.11815,1.1202,1.1171,1.11985,44317,45700.5,0,NaN,NaN,NaN,NaN,NaN,NaN,349410
1472508000,1.11945,1.12005,1.1173,1.1175,10573,42452.8,0,NaN,NaN,NaN,NaN,NaN,NaN,349410
1472536800,1.1175,1.1186,1.11535,1.11555,66829,44322.85,0,NaN,NaN,NaN,NaN,NaN,NaN,349410
1472565600,1.1155,1.11655,1.11405,1.11505,51837,45900.7,0,NaN,NaN,NaN,NaN,NaN,NaN,352769
1472594400,1.1151,1.117,1.1144,1.1156,12941,43985.9,0,NaN,NaN,NaN,NaN,NaN,NaN,352769
1472623200,1.1156,1.11595,1.1131,1.1151,70575,45913.8,0,NaN,NaN,NaN,NaN,NaN,NaN,352769
1472652000,1.1151,1.1173,1.11345,1.1166,62731,48381.75,0,NaN,NaN,NaN,NaN,NaN,NaN,349835
1472680800,1.1165,1.1172,1.1155,1.11585,9605,45951.05,0,NaN,NaN,NaN,NaN,NaN,NaN,349835
1472709600,1.1158,1.1161,1.1133,1.1143,72033,47738.1,0,NaN,NaN,NaN,NaN,NaN,NaN,349835
1472738400,1.11435,1.1211,1.11435,1.12015,90304,51678.15,0,NaN,NaN,NaN,NaN,NaN,NaN,346482
1472767200,1.12025,1.1214,1.1198,1.1203,9432,48702.9,0,NaN,NaN,NaN,NaN,NaN,NaN,346482
1472796000,1.1203,1.12605,1.116,1.12125,123326,52835.3,0,NaN,NaN,NaN,NaN,NaN,NaN,346482
1472824800,1.12105,1.1215,1.1155,1.1162,69521,55821.8,0,NaN,NaN,NaN,NaN,NaN,NaN,349243
1473026400,1.1159,1.11855,1.11575,1.11825,9756,53144.9,0,NaN,NaN,NaN,NaN,NaN,NaN,349243
1473055200,1.11825,1.11875,1.11435,1.11495,29360,53116.85,0,NaN,NaN,NaN,NaN,NaN,NaN,349243
1473084000,1.11495,1.11585,1.1146,1.11585,7373,53189.55,0,NaN,NaN,NaN,NaN,NaN,NaN,349243
1473112800,1.11535,1.11625,1.1145,1.11515,9166,50558.8,0,NaN,NaN,NaN,NaN,NaN,NaN,349243
1473141600,1.11515,1.11745,1.11505,1.1167,53293,43705.2,0,NaN,NaN,NaN,NaN,NaN,NaN,349243
1473170400,1.1167,1.1268,1.1167,1.126,131205,49528.55,0,NaN,NaN,NaN,NaN,NaN,NaN,341376
1473199200,1.12555,1.1262,1.12375,1.12565,16807,47549.2,0,NaN,NaN,NaN,NaN,NaN,NaN,341376
1473228000,1.1256,1.127,1.1233,1.12565,64593,48563,0,NaN,NaN,NaN,NaN,NaN,NaN,341376
1473256800,1.12565,1.1276,1.1233,1.12445,48534,50461.05,0,NaN,NaN,NaN,NaN,NaN,NaN,334595
1473285600,1.1243,1.12605,1.1237,1.1256,8433,47541.25,0,NaN,NaN,NaN,NaN,NaN,NaN,334595
1473314400,1.12555,1.1331,1.1251,1.12905,152273,52563.05,0,NaN,NaN,NaN,NaN,NaN,NaN,334595
1473343200,1.12905,1.1294,1.1244,1.1263,76019,55716.95,0,NaN,NaN,NaN,NaN,NaN,NaN,322165
1473372000,1.1268,1.1287,1.1264,1.1286,10139,52695.15,0,NaN,NaN,NaN,NaN,NaN,NaN,322165
1473400800,1.1286,1.12875,1.12055,1.1209,94463,54281.75,0,NaN,NaN,NaN,NaN,NaN,NaN,322165
1473429600,1.12085,1.1238,1.1201,1.1238,67062,57154.6,0,NaN,NaN,NaN,NaN,NaN,NaN,308392
1473631200,1.12375,1.1253,1.1234,1.12455,9272,54016.55,0,NaN,NaN,NaN,NaN,NaN,NaN,308392
1473660000,1.12455,1.12665,1.1213,1.12265,69511,52976.9,0,NaN,NaN,NaN,NaN,NaN,NaN,308392
1473688800,1.1226,1.1273,1.12165,1.1237,71599,56085.25,0,NaN,NaN,NaN,NaN,NaN,NaN,281576
1473717600,1.1237,1.12445,1.1227,1.1231,9576,50397.75,0,NaN,NaN,NaN,NaN,NaN,NaN,281576
1473746400,1.1231,1.1257,1.12185,1.1235,65886,50216,0,NaN,NaN,NaN,NaN,NaN,NaN,281576
1473775200,1.1235,1.12625,1.1206,1.12205,66266,53041.5,0,NaN,NaN,NaN,NaN,NaN,NaN,232219
1473804000,1.1219,1.12295,1.1215,1.1227,7107,51928.85,0,NaN,NaN,NaN,NaN,NaN,NaN,232219
1473832800,1.1227,1.12435,1.1216,1.1228,55318,54326.1,0,NaN,NaN,NaN,NaN,NaN,NaN,232219
1473861600,1.1228,1.12765,1.12265,1.12505,73876,57561.6,0,NaN,NaN,NaN,NaN,NaN,NaN,134784
1473890400,1.12505,1.12515,1.124,1.1248,11436,55468.75,0,NaN,NaN,NaN,NaN,NaN,NaN,134784
1473919200,1.12485,1.129,1.12195,1.12305,90779,53447.45,0,NaN,NaN,NaN,NaN,NaN,NaN,134784
1473948000,1.1231,1.12535,1.12265,1.1244,40165,54615.35,0,NaN,NaN,NaN,NaN,NaN,NaN,80119
1473976800,1.1287,1.12925,1.1278,1.12815,9485,51859.95,0,NaN,NaN,NaN,NaN,NaN,NaN,80119
1474005600,1.12805,1.1285,1.121,1.12155,93014,54083.95,0,NaN,NaN,NaN,NaN,NaN,NaN,80119
1474034400,1.12155,1.122,1.11915,1.11985,72049,57264.75,0,NaN,NaN,NaN,NaN,NaN,NaN,319324
1474236000,1.11955,1.1215,1.11955,1.12125,10468,50174.5,0,NaN,NaN,NaN,NaN,NaN,NaN,319324
1474264800,1.12125,1.12255,1.11925,1.12175,53154,49031.25,0,NaN,NaN,NaN,NaN,NaN,NaN,319324
1474293600,1.1218,1.124,1.12125,1.1217,38238,50436.2,0,NaN,NaN,NaN,NaN,NaN,NaN,320130
1474322400,1.1218,1.1222,1.12105,1.1217,11193,46272.7,0,NaN,NaN,NaN,NaN,NaN,NaN,320130
1474351200,1.12165,1.1255,1.1212,1.12205,70994,46469.3,0,NaN,NaN,NaN,NaN,NaN,NaN,320130
1474380000,1.12205,1.12255,1.1191,1.11925,47578,48384.6,0,NaN,NaN,NaN,NaN,NaN,NaN,321400
1474408800,1.11935,1.1198,1.1164,1.1175,20854,45951.75,0,NaN,NaN,NaN,NaN,NaN,NaN,321400
1474437600,1.11755,1.12005,1.1168,1.11875,62499,45496.75,0,NaN,NaN,NaN,NaN,NaN,NaN,321400
1474466400,1.1187,1.1238,1.1175,1.1231,99269,49981.4,0,NaN,NaN,NaN,NaN,NaN,NaN,323301
1474495200,1.1232,1.1244,1.1224,1.1239,11116,47242.9,0,NaN,NaN,NaN,NaN,NaN,NaN,323301
1474524000,1.1239,1.12985,1.12385,1.1291,98047,48831.95,0,NaN,NaN,NaN,NaN,NaN,NaN,323301
1474552800,1.1291,1.12965,1.12395,1.1248,55038,51228.5,0,NaN,NaN,NaN,NaN,NaN,NaN,317362
1474581600,1.1248,1.12515,1.12325,1.12385,14216,49173.4,0,NaN,NaN,NaN,NaN,NaN,NaN,317362
1474610400,1.1238,1.12685,1.12355,1.12565,67017,48830.45,0,NaN,NaN,NaN,NaN,NaN,NaN,317362
1474639200,1.12565,1.128,1.1244,1.1264,47552,50636.25,0,NaN,NaN,NaN,NaN,NaN,NaN,316288
1474840800,1.1266,1.1281,1.12635,1.1267,8130,46503.8,0,NaN,NaN,NaN,NaN,NaN,NaN,316288
1474869600,1.1267,1.131,1.12605,1.12905,61288,47559.95,0,NaN,NaN,NaN,NaN,NaN,NaN,316288
1474898400,1.12905,1.132,1.12885,1.12945,46861,49428.75,0,NaN,NaN,NaN,NaN,NaN,NaN,318684
1474927200,1.12925,1.1293,1.12775,1.12845,15526,45554.35,0,NaN,NaN,NaN,NaN,NaN,NaN,318684
1474956000,1.12855,1.13,1.1239,1.1256,95982,46751,0,NaN,NaN,NaN,NaN,NaN,NaN,318684
1474984800,1.1256,1.1267,1.12315,1.12575,50386,48746.9,0,NaN,NaN,NaN,NaN,NaN,NaN,321556
1475013600,1.12595,1.12605,1.1243,1.12535,14214,46799.9,0,NaN,NaN,NaN,NaN,NaN,NaN,321556
1475042400,1.1254,1.1277,1.12215,1.12505,86152,49195.6,0,NaN,NaN,NaN,NaN,NaN,NaN,321556
1475071200,1.125,1.1261,1.12265,1.1258,51199,51195.9,0,NaN,NaN,NaN,NaN,NaN,NaN,320304
1475100000,1.1256,1.12725,1.1251,1.1263,17152,48503.8,0,NaN,NaN,NaN,NaN,NaN,NaN,320304
1475128800,1.1263,1.1264,1.1233,1.1252,55665,48908.15,0,NaN,NaN,NaN,NaN,NaN,NaN,320304
1475157600,1.1252,1.12875,1.124,1.1259,82300,51980.45,0,NaN,NaN,NaN,NaN,NaN,NaN,321541
1475186400,1.12535,1.126,1.12405,1.1253,13932,49552.1,0,NaN,NaN,NaN,NaN,NaN,NaN,321541
1475215200,1.1254,1.12635,1.11915,1.12475,140635,51620.4,0,NaN,NaN,NaN,NaN,NaN,NaN,321541
1475244000,1.1248,1.12905,1.1241,1.128,97097,55919.45,0,NaN,NaN,NaN,NaN,NaN,NaN,330467
1475445600,1.12765,1.1285,1.12635,1.12655,13341,51684.15,0,NaN,NaN,NaN,NaN,NaN,NaN,330467
1475474400,1.1266,1.12795,1.1258,1.1262,55081,51686.3,0,NaN,NaN,NaN,NaN,NaN,NaN,330467
1475503200,1.126,1.1262,1.1243,1.12505,37719,52861.45,0,NaN,NaN,NaN,NaN,NaN,NaN,332314
1475532000,1.125,1.1255,1.1227,1.1229,14936,50257.4,0,NaN,NaN,NaN,NaN,NaN,NaN,332314
1475560800,1.12285,1.12295,1.1187,1.1193,90348,52397.2,0,NaN,NaN,NaN,NaN,NaN,NaN,332314
1475589600,1.1193,1.12755,1.11735,1.12405,148464,59413.9,0,NaN,NaN,NaN,NaN,NaN,NaN,338324
1475618400,1.1242,1.1263,1.1235,1.1248,16538,57176.4,0,NaN,NaN,NaN,NaN,NaN,NaN,338324
1475647200,1.1248,1.12675,1.1237,1.1251,73315,58499.1,0,NaN,NaN,NaN,NaN,NaN,NaN,338324
1475676000,1.12505,1.1254,1.12235,1.124,56618,60553.7,0,NaN,NaN,NaN,NaN,NaN,NaN,337042
1475704800,1.1241,1.12445,1.12285,1.1233,9778,56243.5,0,NaN,NaN,NaN,NaN,NaN,NaN,337042
1475733600,1.1233,1.1241,1.1202,1.1211,78515,57649.95,0,NaN,NaN,NaN,NaN,NaN,NaN,337042
1475762400,1.12105,1.1218,1.1171,1.1182,71363,60507.4,0,NaN,NaN,NaN,NaN,NaN,NaN,352206
1475791200,1.1178,1.11835,1.1141,1.11515,30343,57716.95,0,NaN,NaN,NaN,NaN,NaN,NaN,352206
1475820000,1.11515,1.12365,1.11355,1.1221,149344,62624.2,0,NaN,NaN,NaN,NaN,NaN,NaN,352206
1475848800,1.1221,1.1234,1.11775,1.1231,63042,64918.7,0,NaN,NaN,NaN,NaN,NaN,NaN,351844
1476050400,1.1221,1.12315,1.1211,1.12125,10688,62669.85,0,NaN,NaN,NaN,NaN,NaN,NaN,351844
1476079200,1.12125,1.12165,1.1181,1.1183,42585,60684.1,0,NaN,NaN,NaN,NaN,NaN,NaN,351844
1476108000,1.11825,1.1195,1.1162,1.1169,34923,61733.65,0,NaN,NaN,NaN,NaN,NaN,NaN,348707
1476136800,1.1169,1.1173,1.115,1.1153,16616,55532.7,0,NaN,NaN,NaN,NaN,NaN,NaN,348707
1476165600,1.1153,1.1159,1.1101,1.1104,91032,55229.45,0,NaN,NaN,NaN,NaN,NaN,NaN,348707
1476194400,1.1104,1.1111,1.1078,1.10825,77340,58429.4,0,NaN,NaN,NaN,NaN,NaN,NaN,367641
1476223200,1.10855,1.10985,1.1061,1.1069,23307,56840.7,0,NaN,NaN,NaN,NaN,NaN,NaN,367641
1476252000,1.1069,1.109,1.1038,1.10585,88570,59383.25,0,NaN,NaN,NaN,NaN,NaN,NaN,367641
1476280800,1.10585,1.1077,1.10335,1.1036,76417,62457.3,0,NaN,NaN,NaN,NaN,NaN,NaN,372772
1476309600,1.1035,1.1066,1.10295,1.1047,21621,59020.95,0,NaN,NaN,NaN,NaN,NaN,NaN,372772
1476338400,1.1047,1.1069,1.1014,1.10615,108534,57024.45,0,NaN,NaN,NaN,NaN,NaN,NaN,372772
1476367200,1.1061,1.10875,1.105,1.1085,53013,58848.2,0,NaN,NaN,NaN,NaN,NaN,NaN,379817
1476396000,1.1082,1.10865,1.10505,1.10535,16712,56018.05,0,NaN,NaN,NaN,NaN,NaN,NaN,379817
1476424800,1.1054,1.1057,1.1024,1.1036,79383,57156.3,0,NaN,NaN,NaN,NaN,NaN,NaN,379817
1476453600,1.10365,1.10565,1.0998,1.09985,68940,60114.4,0,NaN,NaN,NaN,NaN,NaN,NaN,388144
1476655200,1.09985,1.1018,1.0992,1.10105,16730,57025.15,0,NaN,NaN,NaN,NaN,NaN,NaN,388144
1476684000,1.1011,1.1037,1.10005,1.1027,62193,56566.65,0,NaN,NaN,NaN,NaN,NaN,NaN,388144
1476712800,1.10265,1.1036,1.1018,1.1028,31415,56620.25,0,NaN,NaN,NaN,NaN,NaN,NaN,391160
1476741600,1.1026,1.1054,1.10255,1.1042,13090,49807.55,0,NaN,NaN,NaN,NaN,NaN,NaN,391160
1476770400,1.1042,1.1052,1.10065,1.1007,71875,50249.2,0,NaN,NaN,NaN,NaN,NaN,NaN,391160
1476799200,1.1008,1.1025,1.0997,1.1008,45317,51980.65,0,NaN,NaN,NaN,NaN,NaN,NaN,401548
1476828000,1.1005,1.1026,1.10005,1.1008,12975,50500.15,0,NaN,NaN,NaN,NaN,NaN,NaN,401548
1476856800,1.10085,1.10315,1.0984,1.0994,63084,51908.2,0,NaN,NaN,NaN,NaN,NaN,NaN,401548
1476885600,1.09945,1.1001,1.0981,1.1,42246,53189.7,0,NaN,NaN,NaN,NaN,NaN,NaN,404856
1476914400,1.09985,1.10055,1.0979,1.0986,11233,49199.75,0,NaN,NaN,NaN,NaN,NaN,NaN,404856
1476943200,1.0986,1.1065,1.09595,1.09745,133623,52013.9,0,NaN,NaN,NaN,NaN,NaN,NaN,404856
1476972000,1.0974,1.09785,1.09405,1.09545,58506,53773.85,0,NaN,NaN,NaN,NaN,NaN,NaN,415577
1477000800,1.0952,1.09545,1.09205,1.09295,16887,50189.7,0,NaN,NaN,NaN,NaN,NaN,NaN,415577
1477029600,1.093,1.09365,1.0893,1.08975,85074,50622.55,0,NaN,NaN,NaN,NaN,NaN,NaN,415577
1477058400,1.08975,1.0914,1.08835,1.0907,46396,51861.3,0,NaN,NaN,NaN,NaN,NaN,NaN,420927
1477260000,1.0903,1.0909,1.0884,1.09015,14887,47178.95,0,NaN,NaN,NaN,NaN,NaN,NaN,420927
1477288800,1.0902,1.09245,1.08945,1.09105,61293,47592.95,0,NaN,NaN,NaN,NaN,NaN,NaN,420927
1477317600,1.091,1.0915,1.0894,1.09065,38937,48704.2,0,NaN,NaN,NaN,NaN,NaN,NaN,428559
1477346400,1.0898,1.0909,1.08905,1.0906,15049,45487.5,0,NaN,NaN,NaN,NaN,NaN,NaN,428559
1477375200,1.0906,1.0918,1.0876,1.08785,66912,45386.1,0,NaN,NaN,NaN,NaN,NaN,NaN,428559
1477404000,1.0879,1.0929,1.0875,1.09115,68591,47979.15,0,NaN,NaN,NaN,NaN,NaN,NaN,436621
1477432800,1.09125,1.09165,1.0898,1.09115,10812,45410.1,0,NaN,NaN,NaN,NaN,NaN,NaN,436621
1477461600,1.09115,1.097,1.0909,1.09535,102933,48986,0,NaN,NaN,NaN,NaN,NaN,NaN,436621
1477490400,1.0954,1.0955,1.09235,1.0932,46537,50658.35,0,NaN,NaN,NaN,NaN,NaN,NaN,442440
1477519200,1.0931,1.0934,1.0914,1.09305,13857,47757.45,0,NaN,NaN,NaN,NaN,NaN,NaN,442440
1477548000,1.09305,1.0953,1.09205,1.09425,63582,48670.7,0,NaN,NaN,NaN,NaN,NaN,NaN,442440
1477576800,1.0942,1.09645,1.09045,1.0918,72818,51662.85,0,NaN,NaN,NaN,NaN,NaN,NaN,444315
1477605600,1.0919,1.0933,1.09145,1.09245,8056,48911.45,0,NaN,NaN,NaN,NaN,NaN,NaN,444315
1477634400,1.0925,1.0958,1.09215,1.09505,80008,50799.55,0,NaN,NaN,NaN,NaN,NaN,NaN,444315
1477663200,1.09505,1.1014,1.09425,1.1007,90237,54749.75,0,NaN,NaN,NaN,NaN,NaN,NaN,442671
1477864800,1.1003,1.10165,1.0983,1.0991,14473,48792.25,0,NaN,NaN,NaN,NaN,NaN,NaN,442671
1477893600,1.0991,1.09915,1.09605,1.09695,48009,48267.4,0,NaN,NaN,NaN,NaN,NaN,NaN,442671
1477922400,1.09695,1.10045,1.0958,1.1003,59284,50387.25,0,NaN,NaN,NaN,NaN,NaN,NaN,443531
1477951200,1.0997,1.0999,1.09815,1.0988,10193,46643.2,0,NaN,NaN,NaN,NaN,NaN,NaN,443531
1477980000,1.0988,1.10565,1.0985,1.10475,72810,47963.9,0,NaN,NaN,NaN,NaN,NaN,NaN,443531
1478008800,1.1047,1.10905,1.10415,1.10765,88301,51634.6,0,NaN,NaN,NaN,NaN,NaN,NaN,432159
1478037600,1.10785,1.1095,1.10705,1.1089,15325,49336.2,0,NaN,NaN,NaN,NaN,NaN,NaN,432159
1478066400,1.10885,1.11235,1.10825,1.11185,97404,52259.55,0,NaN,NaN,NaN,NaN,NaN,NaN,432159
1478095200,1.1118,1.1143,1.11045,1.11195,88041,55909.15,0,NaN,NaN,NaN,NaN,NaN,NaN,421588
1478124000,1.11175,1.1145,1.1111,1.113,17233,53425.2,0,NaN,NaN,NaN,NaN,NaN,NaN,421588
1478152800,1.113,1.1145,1.10785,1.109,90418,54516.55,0,NaN,NaN,NaN,NaN,NaN,NaN,421588
1478181600,1.1091,1.1139,1.1078,1.11245,63399,57145.9,0,NaN,NaN,NaN,NaN,NaN,NaN,420127
1478210400,1.11235,1.11285,1.1105,1.1106,9085,52453.5,0,NaN,NaN,NaN,NaN,NaN,NaN,420127
1478239200,1.11065,1.11335,1.10985,1.11185,82280,54240.65,0,NaN,NaN,NaN,NaN,NaN,NaN,420127
1478268000,1.1118,1.1163,1.11165,1.11585,62733,56684.45,0,NaN,NaN,NaN,NaN,NaN,NaN,412217
1478473200,1.11095,1.1129,1.10825,1.1083,30313,55021,0,NaN,NaN,NaN,NaN,NaN,NaN,412217
1478502000,1.1083,1.1092,1.10655,1.1069,66195,54689.85,0,NaN,NaN,NaN,NaN,NaN,NaN,412217
1478530800,1.1069,1.1069,1.10455,1.1057,52460,56910.05,0,NaN,NaN,NaN,NaN,NaN,NaN,409463
1478559600,1.10615,1.1068,1.1047,1.10615,9961,53407.7,0,NaN,NaN,NaN,NaN,NaN,NaN,409463
1478588400,1.1062,1.10845,1.1053,1.1066,57318,51761.75,0,NaN,NaN,NaN,NaN,NaN,NaN,409463
1478617200,1.10665,1.1072,1.10265,1.1042,58616,53968.9,0,NaN,NaN,NaN,NaN,NaN,NaN,404930
1478646000,1.103,1.1317,1.1005,1.12365,190747,61105.8,0,NaN,NaN,NaN,NaN,NaN,NaN,404930
1478674800,1.12365,1.1243,1.09655,1.09665,188610,67572.1,0,NaN,NaN,NaN,NaN,NaN,NaN,404930
1478703600,1.0967,1.09815,1.092,1.0923,74247,70774.8,0,NaN,NaN,NaN,NaN,NaN,NaN,403604
1478732400,1.094,1.0969,1.0929,1.09595,23626,68315.6,0,NaN,NaN,NaN,NaN,NaN,NaN,403604
1478761200,1.096,1.0962,1.0884,1.08855,127680,70284.55,0,NaN,NaN,NaN,NaN,NaN,NaN,403604
1478790000,1.08855,1.09205,1.0879,1.09025,83271,73681.85,0,NaN,NaN,NaN,NaN,NaN,NaN,400394
1478818800,1.0897,1.09375,1.0889,1.0929,20434,69833.35,0,NaN,NaN,NaN,NaN,NaN,NaN,400394
1478847600,1.0928,1.0933,1.0868,1.08915,94344,70148.5,0,NaN,NaN,NaN,NaN,NaN,NaN,400394
1478876400,1.08905,1.08925,1.0844,1.0866,69819,72777.8,0,NaN,NaN,NaN,NaN,NaN,NaN,400650
1479078000,1.085,1.0856,1.0786,1.0804,34595,69986.65,0,NaN,NaN,NaN,NaN,NaN,NaN,400650
1479106800,1.08035,1.082,1.0726,1.07275,132594,73446.4,0,NaN,NaN,NaN,NaN,NaN,NaN,400650
1479135600,1.0728,1.07725,1.07225,1.0749,79734,76978.85,0,NaN,NaN,NaN,NaN,NaN,NaN,400738
1479164400,1.07585,1.0785,1.07535,1.0765,17834,73756.55,0,NaN,NaN,NaN,NaN,NaN,NaN,400738
1479193200,1.07645,1.083,1.0735,1.07405,130898,77164.8,0,NaN,NaN,NaN,NaN,NaN,NaN,400738
1479222000,1.07405,1.07655,1.07275,1.0737,63802,78839.25,0,NaN,NaN,NaN,NaN,NaN,NaN,401390
1479250800,1.0735,1.0773,1.07315,1.0764,18800,76469.5,0,NaN,NaN,NaN,NaN,NaN,NaN,401390
1479279600,1.0764,1.077,1.0701,1.07135,127946,80243.8,0,NaN,NaN,NaN,NaN,NaN,NaN,401390
1479308400,1.0714,1.0728,1.06795,1.07045,76100,83550.75,0,NaN,NaN,NaN,NaN,NaN,NaN,403270
1479337200,1.07115,1.07265,1.0695,1.07065,14248,81397.25,0,NaN,NaN,NaN,NaN,NaN,NaN,403270
1479366000,1.0706,1.0757,1.06925,1.07,109368,83934.85,0,NaN,NaN,NaN,NaN,NaN,NaN,403270
1479394800,1.07,1.07095,1.0631,1.06375,103100,79552.5,0,NaN,NaN,NaN,NaN,NaN,NaN,405404
1479423600,1.0637,1.06405,1.05925,1.0609,30316,71637.8,0,NaN,NaN,NaN,NaN,NaN,NaN,405404
1479452400,1.0609,1.0654,1.05945,1.06095,131406,74495.75,0,NaN,NaN,NaN,NaN,NaN,NaN,405404
1479481200,1.061,1.0618,1.058,1.0601,83977,77513.3,0,NaN,NaN,NaN,NaN,NaN,NaN,410744
1479682800,1.05985,1.0625,1.05895,1.06185,16247,71941.65,0,NaN,NaN,NaN,NaN,NaN,NaN,410744
1479711600,1.0618,1.06595,1.06145,1.0632,100312,72793.7,0,NaN,NaN,NaN,NaN,NaN,NaN,410744
1479740400,1.0632,1.06515,1.06005,1.06395,63900,74967,0,NaN,NaN,NaN,NaN,NaN,NaN,413757
1479769200,1.064,1.06595,1.0625,1.06255,16053,71052.45,0,NaN,NaN,NaN,NaN,NaN,NaN,413757
1479798000,1.0625,1.06685,1.0614,1.06325,83315,71727.25,0,NaN,NaN,NaN,NaN,NaN,NaN,413757
1479826800,1.06315,1.0649,1.05935,1.06355,75043,73749.65,0,NaN,NaN,NaN,NaN,NaN,NaN,419432
1479855600,1.0635,1.0653,1.06295,1.06495,9620,67600.95,0,NaN,NaN,NaN,NaN,NaN,NaN,419432
1479884400,1.0649,1.0654,1.0551,1.05635,132560,70242.25,0,NaN,NaN,NaN,NaN,NaN,NaN,419432
1479913200,1.0563,1.05765,1.05365,1.0564,93391,74020.1,0,NaN,NaN,NaN,NaN,NaN,NaN,429932
1479942000,1.056,1.05605,1.0534,1.0548,13610,68155.7,0,NaN,NaN,NaN,NaN,NaN,NaN,429932
1479970800,1.0549,1.05945,1.0527,1.05815,69584,68444.8,0,NaN,NaN,NaN,NaN,NaN,NaN,429932
1479999600,1.05815,1.0589,1.0563,1.0567,14958,68252.7,0,NaN,NaN,NaN,NaN,NaN,NaN,429932
1480028400,1.0563,1.0592,1.0547,1.0588,17082,62709.5,0,NaN,NaN,NaN,NaN,NaN,NaN,429932
1480057200,1.0587,1.06365,1.05845,1.062,102096,64009.3,0,NaN,NaN,NaN,NaN,NaN,NaN,429932
1480086000,1.06195,1.0622,1.0597,1.0611,29155,64754.65,0,NaN,NaN,NaN,NaN,NaN,NaN,434571
1480287600,1.06085,1.06945,1.06025,1.0656,47020,61637.25,0,NaN,NaN,NaN,NaN,NaN,NaN,434571
1480316400,1.0656,1.0678,1.05725,1.0594,99947,61479.6,0,NaN,NaN,NaN,NaN,NaN,NaN,434571
1480345200,1.0594,1.06265,1.058,1.0622,60249,62976.25,0,NaN,NaN,NaN,NaN,NaN,NaN,438644
1480374000,1.06185,1.063,1.05965,1.06125,15590,57185.45,0,NaN,NaN,NaN,NaN,NaN,NaN,438644
1480402800,1.0612,1.0622,1.05735,1.06085,91430,57558.1,0,NaN,NaN,NaN,NaN,NaN,NaN,438644
1480431600,1.06085,1.0663,1.0602,1.06575,87466,61119.05,0,NaN,NaN,NaN,NaN,NaN,NaN,428368
1480460400,1.0656,1.06685,1.0635,1.0639,15464,56876.65,0,NaN,NaN,NaN,NaN,NaN,NaN,428368
1480489200,1.06395,1.06745,1.05955,1.0607,126871,60025.2,0,NaN,NaN,NaN,NaN,NaN,NaN,428368
1480518000,1.06075,1.06235,1.05595,1.05965,121483,65296.7,0,NaN,NaN,NaN,NaN,NaN,NaN,429691
1480546800,1.06,1.0636,1.0592,1.06305,20048,62133.35,0,NaN,NaN,NaN,NaN,NaN,NaN,429691
1480575600,1.06305,1.0647,1.05975,1.06045,93717,63067.05,0,NaN,NaN,NaN,NaN,NaN,NaN,429691
1480604400,1.0603,1.0676,1.05905,1.0669,103426,67757.35,0,NaN,NaN,NaN,NaN,NaN,NaN,415344
1480633200,1.0667,1.0696,1.0663,1.06855,19162,62087.45,0,NaN,NaN,NaN,NaN,NaN,NaN,415344
1480662000,1.06855,1.0686,1.06305,1.0656,107046,62770.2,0,NaN,NaN,NaN,NaN,NaN,NaN,415344
1480690800,1.06565,1.0687,1.06505,1.0671,65871,65383.25,0,NaN,NaN,NaN,NaN,NaN,NaN,411854
1480892400,1.055,1.06025,1.051,1.05735,57983,64803.2,0,NaN,NaN,NaN,NaN,NaN,NaN,411854
1480921200,1.05735,1.07405,1.05635,1.07375,148408,71475.7,0,NaN,NaN,NaN,NaN,NaN,NaN,411854
1480950000,1.07365,1.0802,1.07235,1.077,90706,75156.9,0,NaN,NaN,NaN,NaN,NaN,NaN,407870
1480978800,1.0767,1.0775,1.0746,1.07465,12693,70686.75,0,NaN,NaN,NaN,NaN,NaN,NaN,407870
1481007600,1.0747,1.07905,1.0728,1.0739,92397,73848.85,0,NaN,NaN,NaN,NaN,NaN,NaN,407870
1481036400,1.0738,1.07545,1.0703,1.07225,66907,74843.2,0,NaN,NaN,NaN,NaN,NaN,NaN,387390
1481065200,1.0724,1.0732,1.0717,1.0722,8743,70283,0,NaN,NaN,NaN,NaN,NaN,NaN,387390
1481094000,1.0722,1.07515,1.07145,1.07475,57665,70153.8,0,NaN,NaN,NaN,NaN,NaN,NaN,387390
1481122800,1.07475,1.0773,1.07445,1.0759,61211,72434.85,0,NaN,NaN,NaN,NaN,NaN,NaN,377620
1481151600,1.0762,1.07885,1.0753,1.07685,14823,68604.5,0,NaN,NaN,NaN,NaN,NaN,NaN,377620
1481180400,1.0768,1.0878,1.06235,1.06335,234616,75962,0,NaN,NaN,NaN,NaN,NaN,NaN,377620
1481209200,1.06335,1.06395,1.0601,1.06195,90328,79705.2,0,NaN,NaN,NaN,NaN,NaN,NaN,365609
1481238000,1.0617,1.0625,1.0592,1.0617,15364,74129.85,0,NaN,NaN,NaN,NaN,NaN,NaN,365609
1481266800,1.06175,1.06335,1.0554,1.05575,96313,72871.35,0,NaN,NaN,NaN,NaN,NaN,NaN,365609
1481295600,1.0557,1.05665,1.05335,1.05635,67457,75241.8,0,NaN,NaN,NaN,NaN,NaN,NaN,340894
1481497200,1.0549,1.05715,1.0528,1.0567,15988,71355.35,0,NaN,NaN,NaN,NaN,NaN,NaN,340894
1481526000,1.0567,1.06285,1.0561,1.0614,80008,70184.45,0,NaN,NaN,NaN,NaN,NaN,NaN,340894
1481554800,1.0614,1.0655,1.0594,1.06375,69307,72691.7,0,NaN,NaN,NaN,NaN,NaN,NaN,291401
1481583600,1.0646,1.0653,1.06315,1.06465,9236,67801.2,0,NaN,NaN,NaN,NaN,NaN,NaN,291401
1481612400,1.06445,1.0653,1.06065,1.0643,61905,67602.9,0,NaN,NaN,NaN,NaN,NaN,NaN,291401
1481641200,1.06435,1.067,1.0617,1.06275,51595,67283.5,0,NaN,NaN,NaN,NaN,NaN,NaN,249214
1481670000,1.06285,1.06555,1.0624,1.06495,12404,60483.3,0,NaN,NaN,NaN,NaN,NaN,NaN,249214
1481698800,1.06495,1.0667,1.0614,1.0642,68771,59386.55,0,NaN,NaN,NaN,NaN,NaN,NaN,249214
1481727600,1.0642,1.06725,1.04985,1.05385,152696,66386.7,0,NaN,NaN,NaN,NaN,NaN,NaN,165292
1481756400,1.05305,1.05305,1.04695,1.0489,23018,62917.75,0,NaN,NaN,NaN,NaN,NaN,NaN,165292
1481785200,1.0489,1.0511,1.0396,1.0428,125423,65843.55,0,NaN,NaN,NaN,NaN,NaN,NaN,165292
1481814000,1.04275,1.04325,1.03675,1.04165,75226,69167.7,0,NaN,NaN,NaN,NaN,NaN,NaN,104431
1481842800,1.0469,1.04945,1.0452,1.0489,12148,66891.85,0,NaN,NaN,NaN,NaN,NaN,NaN,104431
1481871600,1.0489,1.05175,1.0456,1.04725,77956,67729.1,0,NaN,NaN,NaN,NaN,NaN,NaN,104431
1481900400,1.04725,1.0521,1.0447,1.04925,81865,71081.2,0,NaN,NaN,NaN,NaN,NaN,NaN,386429
1482102000,1.0493,1.05255,1.04885,1.0522,12472,59974,0,NaN,NaN,NaN,NaN,NaN,NaN,386429
1482130800,1.05215,1.0523,1.04575,1.0476,63214,58618.3,0,NaN,NaN,NaN,NaN,NaN,NaN,386429
1482159600,1.0476,1.04985,1.0439,1.04495,75751,61637.65,0,NaN,NaN,NaN,NaN,NaN,NaN,389160
1482188400,1.0447,1.0464,1.0421,1.043,18078,57725.9,0,NaN,NaN,NaN,NaN,NaN,NaN,389160
1482217200,1.04305,1.0444,1.0398,1.04175,71463,57926.2,0,NaN,NaN,NaN,NaN,NaN,NaN,389160
1482246000,1.0417,1.04545,1.04125,1.0436,58493,60051.45,0,NaN,NaN,NaN,NaN,NaN,NaN,390756
1482274800,1.0437,1.0465,1.0428,1.0459,16883,56895.2,0,NaN,NaN,NaN,NaN,NaN,NaN,390756
1482303600,1.04585,1.04965,1.04335,1.04875,64383,56649,0,NaN,NaN,NaN,NaN,NaN,NaN,390756
1482332400,1.04875,1.0496,1.04655,1.047,37901,58082.25,0,NaN,NaN,NaN,NaN,NaN,NaN,391985
1482361200,1.047,1.04915,1.04675,1.0488,9889,55481.45,0,NaN,NaN,NaN,NaN,NaN,NaN,391985
1482390000,1.0488,1.0514,1.0473,1.05025,70069,56405.15,0,NaN,NaN,NaN,NaN,NaN,NaN,391985
1482418800,1.05025,1.05435,1.0476,1.048,59076,58738.75,0,NaN,NaN,NaN,NaN,NaN,NaN,392161
1482447600,1.04785,1.0496,1.0478,1.0488,5924,55596.4,0,NaN,NaN,NaN,NaN,NaN,NaN,392161
1482476400,1.04875,1.0508,1.0471,1.048,37204,49821.8,0,NaN,NaN,NaN,NaN,NaN,NaN,392161
1482505200,1.048,1.0514,1.04765,1.0499,27834,50062.6,0,NaN,NaN,NaN,NaN,NaN,NaN,394024
1482793200,1.04985,1.0502,1.0474,1.04915,10882,44335.55,0,NaN,NaN,NaN,NaN,NaN,NaN,394024
1482822000,1.0492,1.05,1.04835,1.0496,24315,41790,0,NaN,NaN,NaN,NaN,NaN,NaN,394024
1482850800,1.04965,1.05085,1.0494,1.05015,20303,42197.75,0,NaN,NaN,NaN,NaN,NaN,NaN,396709
1482879600,1.0501,1.0524,1.05005,1.0516,9544,38777.15,0,NaN,NaN,NaN,NaN,NaN,NaN,396709
1482908400,1.0516,1.0516,1.0433,1.0436,69811,38174.45,0,NaN,NaN,NaN,NaN,NaN,NaN,396709
1482937200,1.04365,1.04665,1.04205,1.04595,47771,39939.4,0,NaN,NaN,NaN,NaN,NaN,NaN,400836
1482966000,1.0457,1.05025,1.04505,1.04975,19381,37747.75,0,NaN,NaN,NaN,NaN,NaN,NaN,400836
1482994800,1.0498,1.0517,1.04795,1.04945,66389,37279.65,0,NaN,NaN,NaN,NaN,NaN,NaN,400836
1483023600,1.04945,1.05305,1.0493,1.05275,51245,38938,0,NaN,NaN,NaN,NaN,NaN,NaN,397660
1483052400,1.0528,1.06935,1.052,1.0563,43441,37536.9,0,NaN,NaN,NaN,NaN,NaN,NaN,397660
1483081200,1.05635,1.063,1.05425,1.0588,80068,38615.65,0,NaN,NaN,NaN,NaN,NaN,NaN,397660
1483110000,1.05875,1.0615,1.0549,1.0549,52028,40372.9,0,NaN,NaN,NaN,NaN,NaN,NaN,399691
1483398000,1.05005,1.0524,1.049,1.05205,16424,37974.95,0,NaN,NaN,NaN,NaN,NaN,NaN,399691
1483426800,1.0522,1.05225,1.04085,1.0422,110716,41615.7,0,NaN,NaN,NaN,NaN,NaN,NaN,399691
1483455600,1.0422,1.04665,1.03735,1.04365,114304,46836.45,0,NaN,NaN,NaN,NaN,NaN,NaN,407253
1483484400,1.0442,1.04565,1.0422,1.04385,14644,44065.2,0,NaN,NaN,NaN,NaN,NaN,NaN,407253
1483513200,1.04385,1.04955,1.04375,1.0494,86263,45424.55,0,NaN,NaN,NaN,NaN,NaN,NaN,407253
1483542000,1.0494,1.0532,1.04835,1.0522,96363,49946.5,0,NaN,NaN,NaN,NaN,NaN,NaN,410696
1483570800,1.0516,1.0606,1.0511,1.0597,39488,50060.7,0,NaN,NaN,NaN,NaN,NaN,NaN,410696
1483599600,1.0597,1.0601,1.05135,1.05745,121694,54753.7,0,NaN,NaN,NaN,NaN,NaN,NaN,410696
1483628400,1.0576,1.0646,1.05665,1.06375,119823,60200.75,0,NaN,NaN,NaN,NaN,NaN,NaN,410961
1483657200,1.06345,1.0643,1.06045,1.061,17523,59861.15,0,NaN,NaN,NaN,NaN,NaN,NaN,410961
1483686000,1.0609,1.06595,1.0565,1.05855,126521,65172.05,0,NaN,NaN,NaN,NaN,NaN,NaN,410961
1483714800,1.0587,1.0613,1.0554,1.05595,70140,68201.85,0,NaN,NaN,NaN,NaN,NaN,NaN,408713
1483916400,1.056,1.0574,1.05455,1.0562,13495,65386.05,0,NaN,NaN,NaN,NaN,NaN,NaN,408713
1483945200,1.05615,1.0585,1.05395,1.05595,77148,66854.9,0,NaN,NaN,NaN,NaN,NaN,NaN,408713
1483974000,1.05595,1.0612,1.05575,1.0602,59690,68870.35,0,NaN,NaN,NaN,NaN,NaN,NaN,409037
1484002800,1.061,1.06555,1.0604,1.0623,28459,66973.85,0,NaN,NaN,NaN,NaN,NaN,NaN,409037
1484031600,1.0623,1.06485,1.05865,1.0623,78036,68313.4,0,NaN,NaN,NaN,NaN,NaN,NaN,409037
1484060400,1.0624,1.063,1.0579,1.0582,57865,69034.6,0,NaN,NaN,NaN,NaN,NaN,NaN,405866
1484089200,1.0582,1.0594,1.05635,1.059,15429,65802.65,0,NaN,NaN,NaN,NaN,NaN,NaN,405866
1484118000,1.059,1.05905,1.05045,1.05075,79043,67153.4,0,NaN,NaN,NaN,NaN,NaN,NaN,405866
1484146800,1.0508,1.06505,1.04805,1.06085,217318,77198.1,0,NaN,NaN,NaN,NaN,NaN,NaN,407986
1484175600,1.061,1.06645,1.05975,1.0663,31060,73215.3,0,NaN,NaN,NaN,NaN,NaN,NaN,407986
1484204400,1.06625,1.07105,1.06445,1.0684,131099,74055.05,0,NaN,NaN,NaN,NaN,NaN,NaN,407986
1484233200,1.0684,1.0701,1.06355,1.06375,88578,77751.75,0,NaN,NaN,NaN,NaN,NaN,NaN,405508
1484262000,1.0636,1.06545,1.06285,1.06545,14284,74152.8,0,NaN,NaN,NaN,NaN,NaN,NaN,405508
1484290800,1.0654,1.07015,1.0621,1.06295,102395,74454.4,0,NaN,NaN,NaN,NaN,NaN,NaN,405508
1484319600,1.06295,1.06775,1.0621,1.067,67105,75835.25,0,NaN,NaN,NaN,NaN,NaN,NaN,406791
1484521200,1.065,1.06605,1.06285,1.0642,15248,70512.95,0,NaN,NaN,NaN,NaN,NaN,NaN,406791
1484550000,1.0642,1.0647,1.06035,1.0631,40626,66553.1,0,NaN,NaN,NaN,NaN,NaN,NaN,406791
1484578800,1.0631,1.0633,1.0615,1.06295,10453,66199.6,0,NaN,NaN,NaN,NaN,NaN,NaN,406791
1484607600,1.0624,1.06905,1.0622,1.06785,26060,61176.55,0,NaN,NaN,NaN,NaN,NaN,NaN,406791
1484636400,1.06785,1.0745,1.06645,1.07395,150602,65199.65,0,NaN,NaN,NaN,NaN,NaN,NaN,406791
1484665200,1.07395,1.0741,1.0714,1.0738,65025,67776.15,0,NaN,NaN,NaN,NaN,NaN,NaN,405473
1484694000,1.0736,1.0737,1.0702,1.07045,16192,64728.35,0,NaN,NaN,NaN,NaN,NaN,NaN,405473
1484722800,1.0704,1.07285,1.06775,1.0708,74889,65488.3,0,NaN,NaN,NaN,NaN,NaN,NaN,405473
1484751600,1.07085,1.0727,1.06525,1.0654,73010,67715.85,0,NaN,NaN,NaN,NaN,NaN,NaN,403616
1484780400,1.0655,1.06675,1.0644,1.0665,15546,64591.35,0,NaN,NaN,NaN,NaN,NaN,NaN,403616
1484809200,1.06635,1.07,1.06115,1.06135,133930,68394.6,0,NaN,NaN,NaN,NaN,NaN,NaN,403616
1484838000,1.06135,1.06925,1.06115,1.0687,90883,72167.3,0,NaN,NaN,NaN,NaN,NaN,NaN,404070
1484866800,1.0683,1.0716,1.06745,1.0706,19590,69194.65,0,NaN,NaN,NaN,NaN,NaN,NaN,404070
1484895600,1.0705,1.07145,1.0647,1.0677,71746,61916.05,0,NaN,NaN,NaN,NaN,NaN,NaN,404070
1484924400,1.06775,1.07325,1.0677,1.0724,101480,65437.05,0,NaN,NaN,NaN,NaN,NaN,NaN,408390
1485126000,1.07275,1.0777,1.0725,1.0764,30332,60398.7,0,NaN,NaN,NaN,NaN,NaN,NaN,408390
1485154800,1.07635,1.07755,1.0728,1.0747,95153,60727.45,0,NaN,NaN,NaN,NaN,NaN,NaN,408390
1485183600,1.0747,1.07925,1.0742,1.07895,69554,63490.95,0,NaN,NaN,NaN,NaN,NaN,NaN,406311
1485212400,1.079,1.0793,1.07595,1.07625,21599,59451.15,0,NaN,NaN,NaN,NaN,NaN,NaN,406311
1485241200,1.07625,1.0788,1.07465,1.07825,67607,59476.25,0,NaN,NaN,NaN,NaN,NaN,NaN,406311
1485270000,1.0782,1.07965,1.0741,1.0753,57781,61602.9,0,NaN,NaN,NaN,NaN,NaN,NaN,404760
1485298800,1.07515,1.0758,1.0742,1.0742,14355,60289.35,0,NaN,NaN,NaN,NaN,NaN,NaN,404760
1485327600,1.07415,1.079,1.07315,1.0747,96644,64598.9,0,NaN,NaN,NaN,NaN,NaN,NaN,404760
1485356400,1.07465,1.0775,1.07405,1.07695,55586,66075.2,0,NaN,NaN,NaN,NaN,NaN,NaN,404334
1485385200,1.0768,1.07845,1.0759,1.0761,12934,59191.8,0,NaN,NaN,NaN,NaN,NaN,NaN,404334
1485414000,1.0761,1.07665,1.0692,1.07045,108546,61367.85,0,NaN,NaN,NaN,NaN,NaN,NaN,404334
1485442800,1.07045,1.0723,1.06765,1.0701,82757,64696.1,0,NaN,NaN,NaN,NaN,NaN,NaN,395489
1485471600,1.07,1.0707,1.06795,1.0684,13087,61606,0,NaN,NaN,NaN,NaN,NaN,NaN,395489
1485500400,1.06835,1.0744,1.0677,1.07215,104003,63155.65,0,NaN,NaN,NaN,NaN,NaN,NaN,395489
1485529200,1.0722,1.0734,1.0697,1.07155,57691,65262.9,0,NaN,NaN,NaN,NaN,NaN,NaN,394256
1485730800,1.0729,1.07585,1.07255,1.07385,17425,59437.65,0,NaN,NaN,NaN,NaN,NaN,NaN,394256
1485759600,1.07385,1.07385,1.06375,1.06765,111856,60486.3,0,NaN,NaN,NaN,NaN,NaN,NaN,394256
1485788400,1.06765,1.07265,1.06705,1.07135,73859,63199.75,0,NaN,NaN,NaN,NaN,NaN,NaN,390539
1485817200,1.0717,1.073,1.0708,1.07095,17615,60493.2,0,NaN,NaN,NaN,NaN,NaN,NaN,390539
1485846000,1.0709,1.0813,1.07015,1.0808,166711,63754.75,0,NaN,NaN,NaN,NaN,NaN,NaN,390539
1485874800,1.08075,1.0829,1.07885,1.0816,107343,67605.3,0,NaN,NaN,NaN,NaN,NaN,NaN,395477
1485903600,1.08135,1.08215,1.0793,1.0796,15859,63640.6,0,NaN,NaN,NaN,NaN,NaN,NaN,395477
1485932400,1.0796,1.0824,1.07665,1.07745,94617,64893.75,0,NaN,NaN,NaN,NaN,NaN,NaN,395477
1485961200,1.07735,1.08055,1.07465,1.07855,102860,68956.8,0,NaN,NaN,NaN,NaN,NaN,NaN,393744
1485990000,1.07835,1.0811,1.07775,1.07975,19173,66535.1,0,NaN,NaN,NaN,NaN,NaN,NaN,393744
1486018800,1.07975,1.0844,1.0793,1.0832,108169,69054.5,0,NaN,NaN,NaN,NaN,NaN,NaN,393744
1486047600,1.08325,1.08345,1.0771,1.07745,63547,71514.1,0,NaN,NaN,NaN,NaN,NaN,NaN,393876
1486076400,1.07775,1.07865,1.07595,1.0774,18889,67626.35,0,NaN,NaN,NaN,NaN,NaN,NaN,393876
1486105200,1.07735,1.07975,1.0725,1.07785,117649,70729.5,0,NaN,NaN,NaN,NaN,NaN,NaN,393876
1486134000,1.078,1.08125,1.07735,1.07975,69810,73573.3,0,NaN,NaN,NaN,NaN,NaN,NaN,391359
1486335600,1.0798,1.0803,1.07825,1.07825,10809,68686.45,0,NaN,NaN,NaN,NaN,NaN,NaN,391359
1486364400,1.0783,1.0783,1.07195,1.0743,87810,68939.1,0,NaN,NaN,NaN,NaN,NaN,NaN,391359
1486393200,1.0743,1.07695,1.0727,1.07625,51927,70881.1,0,NaN,NaN,NaN,NaN,NaN,NaN,393291
1486422000,1.0761,1.07635,1.0705,1.07065,21609,66761.4,0,NaN,NaN,NaN,NaN,NaN,NaN,393291
1486450800,1.07075,1.07135,1.06695,1.0685,90173,68385.5,0,NaN,NaN,NaN,NaN,NaN,NaN,393291
1486479600,1.0685,1.07195,1.06755,1.06945,62747,70651.6,0,NaN,NaN,NaN,NaN,NaN,NaN,398054
1486508400,1.0695,1.0704,1.0679,1.0679,15310,65824.3,0,NaN,NaN,NaN,NaN,NaN,NaN,398054
1486537200,1.06795,1.0722,1.0653,1.07125,98891,67075.9,0,NaN,NaN,NaN,NaN,NaN,NaN,398054
1486566000,1.0712,1.07275,1.0691,1.07105,70156,69702.95,0,NaN,NaN,NaN,NaN,NaN,NaN,391573
1486594800,1.07055,1.07105,1.0682,1.0684,15645,62149.65,0,NaN,NaN,NaN,NaN,NaN,NaN,391573
1486623600,1.0684,1.0721,1.06735,1.06775,70432,60304.1,0,NaN,NaN,NaN,NaN,NaN,NaN,391573
1486652400,1.06765,1.0692,1.0662,1.06655,78713,63446.8,0,NaN,NaN,NaN,NaN,NaN,NaN,391435
1486681200,1.06645,1.0679,1.06605,1.06705,11413,59286.6,0,NaN,NaN,NaN,NaN,NaN,NaN,391435
1486710000,1.067,1.0675,1.06185,1.0633,78400,58063.6,0,NaN,NaN,NaN,NaN,NaN,NaN,391435
1486738800,1.06335,1.06645,1.06295,1.06535,86461,61428,0,NaN,NaN,NaN,NaN,NaN,NaN,391794
1486940400,1.06415,1.0646,1.0622,1.0641,13534,56696.25,0,NaN,NaN,NaN,NaN,NaN,NaN,391794
1486969200,1.0641,1.06695,1.06105,1.06125,70862,57062,0,NaN,NaN,NaN,NaN,NaN,NaN,391794
1486998000,1.0612,1.062,1.06025,1.0606,53747,58804.9,0,NaN,NaN,NaN,NaN,NaN,NaN,396272
1487026800,1.06055,1.06345,1.06015,1.0633,15509,53697.9,0,NaN,NaN,NaN,NaN,NaN,NaN,396272
1487055600,1.06325,1.0644,1.06115,1.062,76381,54026.45,0,NaN,NaN,NaN,NaN,NaN,NaN,396272
1487084400,1.06205,1.0626,1.0571,1.059,109325,58952.25,0,NaN,NaN,NaN,NaN,NaN,NaN,394273
1487113200,1.05885,1.05965,1.0575,1.05895,12167,55170.1,0,NaN,NaN,NaN,NaN,NaN,NaN,394273
1487142000,1.059,1.059,1.0531,1.05705,111546,58151.05,0,NaN,NaN,NaN,NaN,NaN,NaN,394273
1487170800,1.0571,1.0619,1.057,1.06095,86584,61399.8,0,NaN,NaN,NaN,NaN,NaN,NaN,394106
1487199600,1.06035,1.0633,1.0601,1.06165,17087,57745.5,0,NaN,NaN,NaN,NaN,NaN,NaN,394106
1487228400,1.06165,1.06695,1.06085,1.0667,101766,59696.45,0,NaN,NaN,NaN,NaN,NaN,NaN,394106
1487257200,1.0667,1.06885,1.06565,1.06795,88211,63341.5,0,NaN,NaN,NaN,NaN,NaN,NaN,399410
1487286000,1.0679,1.06855,1.06695,1.06755,9611,58877.5,0,NaN,NaN,NaN,NaN,NaN,NaN,399410
1487314800,1.0675,1.0682,1.06455,1.0655,83943,59566.85,0,NaN,NaN,NaN,NaN,NaN,NaN,399410
1487343600,1.0655,1.0659,1.06135,1.0626,65320,62050.6,0,NaN,NaN,NaN,NaN,NaN,NaN,399491
1487545200,1.0628,1.06415,1.061,1.0623,13189,59188.45,0,NaN,NaN,NaN,NaN,NaN,NaN,399491
1487574000,1.06235,1.06385,1.0615,1.063,35802,57042.9,0,NaN,NaN,NaN,NaN,NaN,NaN,399491
1487602800,1.063,1.06355,1.06155,1.0618,6850,56814.75,0,NaN,NaN,NaN,NaN,NaN,NaN,399491
1487631600,1.06205,1.0622,1.05845,1.05965,16687,53729.1,0,NaN,NaN,NaN,NaN,NaN,NaN,399491
1487660400,1.05965,1.05965,1.05335,1.05495,110198,54915.95,0,NaN,NaN,NaN,NaN,NaN,NaN,399491
1487689200,1.05495,1.056,1.0535,1.05425,61404,57309.45,0,NaN,NaN,NaN,NaN,NaN,NaN,404391
1487718000,1.05425,1.0564,1.0527,1.0534,18904,54711.55,0,NaN,NaN,NaN,NaN,NaN,NaN,404391
1487746800,1.0534,1.0536,1.05015,1.0515,90763,56562.35,0,NaN,NaN,NaN,NaN,NaN,NaN,404391
1487775600,1.0515,1.05815,1.0503,1.0567,128784,62226.1,0,NaN,NaN,NaN,NaN,NaN,NaN,402196
1487804400,1.05625,1.05785,1.055,1.0564,16595,59236.8,0,NaN,NaN,NaN,NaN,NaN,NaN,402196
1487833200,1.0564,1.05945,1.05435,1.05875,92914,58416.25,0,NaN,NaN,NaN,NaN,NaN,NaN,402196
1487862000,1.05875,1.0602,1.057,1.05865,57656,60690.7,0,NaN,NaN,NaN,NaN,NaN,NaN,403096
1487890800,1.0584,1.05955,1.05755,1.0595,14650,55845.9,0,NaN,NaN,NaN,NaN,NaN,NaN,403096
1487919600,1.05945,1.0624,1.0571,1.05775,121258,57579.6,0,NaN,NaN,NaN,NaN,NaN,NaN,403096
1487948400,1.05775,1.06025,1.0562,1.05675,71054,60277.95,0,NaN,NaN,NaN,NaN,NaN,NaN,408007
1488150000,1.0565,1.05805,1.0557,1.0574,16006,55989.95,0,NaN,NaN,NaN,NaN,NaN,NaN,408007
1488178800,1.05735,1.06135,1.05695,1.06035,66178,54888.3,0,NaN,NaN,NaN,NaN,NaN,NaN,408007
1488207600,1.0604,1.0636,1.0586,1.0593,80527,58434.1,0,NaN,NaN,NaN,NaN,NaN,NaN,409324
1488236400,1.05915,1.06085,1.05705,1.06025,17004,55087.15,0,NaN,NaN,NaN,NaN,NaN,NaN,409324
1488265200,1.06025,1.0613,1.0581,1.0611,83697,56006,0,NaN,NaN,NaN,NaN,NaN,NaN,409324
1488294000,1.06115,1.06355,1.0576,1.0584,93129,60003,0,NaN,NaN,NaN,NaN,NaN,NaN,413210
1488322800,1.05765,1.05945,1.05555,1.0562,32506,59838.2,0,NaN,NaN,NaN,NaN,NaN,NaN,413210
1488351600,1.0562,1.0562,1.0518,1.05375,125018,65746.6,0,NaN,NaN,NaN,NaN,NaN,NaN,413210
1488380400,1.0537,1.05765,1.05295,1.0552,83436,69084.05,0,NaN,NaN,NaN,NaN,NaN,NaN,411683
1488409200,1.0551,1.05545,1.05295,1.05295,20165,64582.4,0,NaN,NaN,NaN,NaN,NaN,NaN,411683
1488438000,1.05295,1.0549,1.0502,1.05085,90153,66019.85,0,NaN,NaN,NaN,NaN,NaN,NaN,411683
1488466800,1.0508,1.05315,1.0498,1.0509,71185,68633.9,0,NaN,NaN,NaN,NaN,NaN,NaN,406778
1488495600,1.0508,1.05295,1.05055,1.05285,15090,64850.25,0,NaN,NaN,NaN,NaN,NaN,NaN,406778
1488524400,1.05285,1.05765,1.0513,1.0562,105557,63688.9,0,NaN,NaN,NaN,NaN,NaN,NaN,406778
1488553200,1.0561,1.0628,1.0545,1.06275,131782,69448.25,0,NaN,NaN,NaN,NaN,NaN,NaN,384929
1488754800,1.06145,1.06245,1.0595,1.0602,16101,65607.6,0,NaN,NaN,NaN,NaN,NaN,NaN,384929
1488783600,1.0602,1.06425,1.05795,1.06015,96860,67567.8,0,NaN,NaN,NaN,NaN,NaN,NaN,384929
1488812400,1.06015,1.0611,1.0577,1.0585,50773,69373.95,0,NaN,NaN,NaN,NaN,NaN,NaN,350188
1488841200,1.0583,1.0596,1.05755,1.05875,12357,63928.9,0,NaN,NaN,NaN,NaN,NaN,NaN,350188
1488870000,1.0588,1.0605,1.056,1.05655,69393,63845.85,0,NaN,NaN,NaN,NaN,NaN,NaN,350188
1488898800,1.05655,1.05915,1.0563,1.0568,40093,65050.2,0,NaN,NaN,NaN,NaN,NaN,NaN,292332
1488927600,1.05665,1.0576,1.05605,1.05675,9523,62217.45,0,NaN,NaN,NaN,NaN,NaN,NaN,292332
1488956400,1.05675,1.05745,1.05365,1.05555,81620,62272.1,0,NaN,NaN,NaN,NaN,NaN,NaN,292332
1488985200,1.0556,1.0563,1.0538,1.0544,50404,63942.1,0,NaN,NaN,NaN,NaN,NaN,NaN,207841
1489014000,1.0542,1.05485,1.0529,1.05375,11540,60334.25,0,NaN,NaN,NaN,NaN,NaN,NaN,207841
1489042800,1.05385,1.0616,1.05255,1.05945,168908,64123.2,0,NaN,NaN,NaN,NaN,NaN,NaN,207841
1489071600,1.05945,1.05975,1.05675,1.05765,58230,65409.4,0,NaN,NaN,NaN,NaN,NaN,NaN,105381
1489100400,1.0623,1.0652,1.0614,1.06395,12990,59808,0,NaN,NaN,NaN,NaN,NaN,NaN,105381
1489129200,1.064,1.07015,1.06375,1.06835,117508,61511.6,0,NaN,NaN,NaN,NaN,NaN,NaN,105381
1489158000,1.06835,1.07485,1.06705,1.0725,132326,67119.65,0,NaN,NaN,NaN,NaN,NaN,NaN,378096
1489356000,1.0733,1.0756,1.07275,1.0747,19530,63588.5,0,NaN,NaN,NaN,NaN,NaN,NaN,378096
1489384800,1.0747,1.0763,1.07045,1.0719,91701,64614.3,0,NaN,NaN,NaN,NaN,NaN,NaN,378096
1489413600,1.07195,1.0728,1.07005,1.0702,50309,66375.25,0,NaN,NaN,NaN,NaN,NaN,NaN,380314
1489442400,1.07015,1.07085,1.06935,1.0708,18086,62001.7,0,NaN,NaN,NaN,NaN,NaN,NaN,380314
1489471200,1.0708,1.0711,1.06755,1.0679,71104,58967.8,0,NaN,NaN,NaN,NaN,NaN,NaN,380314
1489500000,1.06785,1.0697,1.0649,1.0653,69663,61645.9,0,NaN,NaN,NaN,NaN,NaN,NaN,377732
1489528800,1.06575,1.067,1.0654,1.06695,9625,57284.15,0,NaN,NaN,NaN,NaN,NaN,NaN,377732
1489557600,1.06695,1.06885,1.06575,1.06655,62542,57872.6,0,NaN,NaN,NaN,NaN,NaN,NaN,377732
1489586400,1.0666,1.07905,1.06625,1.07845,155647,65037.1,0,NaN,NaN,NaN,NaN,NaN,NaN,382433
1489615200,1.07825,1.07955,1.07685,1.0775,23371,62736,0,NaN,NaN,NaN,NaN,NaN,NaN,382433
1489644000,1.07755,1.07895,1.07545,1.07745,94147,65438.7,0,NaN,NaN,NaN,NaN,NaN,NaN,382433
1489672800,1.07745,1.08195,1.0757,1.0815,96637,69794.4,0,NaN,NaN,NaN,NaN,NaN,NaN,387647
1489701600,1.0819,1.0823,1.08135,1.082,11084,66267.6,0,NaN,NaN,NaN,NaN,NaN,NaN,387647
1489730400,1.08195,1.0831,1.0777,1.0792,106742,69084.5,0,NaN,NaN,NaN,NaN,NaN,NaN,387647
1489759200,1.07925,1.08055,1.078,1.0789,66307,71822.85,0,NaN,NaN,NaN,NaN,NaN,NaN,394882
1489960800,1.0789,1.0813,1.07855,1.0813,10574,63906.15,0,NaN,NaN,NaN,NaN,NaN,NaN,394882
1489989600,1.0813,1.0826,1.07925,1.08015,70929,64541.1,0,NaN,NaN,NaN,NaN,NaN,NaN,394882
1490018400,1.08015,1.0807,1.07735,1.07885,56168,66700,0,NaN,NaN,NaN,NaN,NaN,NaN,393206
1490047200,1.0786,1.0818,1.0767,1.08085,22466,61947.9,0,NaN,NaN,NaN,NaN,NaN,NaN,393206
1490076000,1.08085,1.08635,1.08075,1.08635,119004,61281.8,0,NaN,NaN,NaN,NaN,NaN,NaN,393206
1490104800,1.0863,1.0868,1.08415,1.0858,96380,65124.3,0,NaN,NaN,NaN,NaN,NaN,NaN,403001
1490133600,1.08555,1.0865,1.08355,1.08465,17856,61432.05,0,NaN,NaN,NaN,NaN,NaN,NaN,403001
1490162400,1.0847,1.08655,1.08225,1.08475,93695,63601.35,0,NaN,NaN,NaN,NaN,NaN,NaN,403001
1490191200,1.08475,1.0872,1.08375,1.0844,86879,67041,0,NaN,NaN,NaN,NaN,NaN,NaN,401161
1490220000,1.084,1.0842,1.08275,1.0836,12576,64114.6,0,NaN,NaN,NaN,NaN,NaN,NaN,401161
1490248800,1.0836,1.08505,1.0814,1.083,85067,64884.8,0,NaN,NaN,NaN,NaN,NaN,NaN,401161
1490277600,1.083,1.08395,1.0819,1.0829,59772,67392.15,0,NaN,NaN,NaN,NaN,NaN,NaN,402121
1490306400,1.08285,1.08305,1.08055,1.0813,13004,64915.25,0,NaN,NaN,NaN,NaN,NaN,NaN,402121
1490335200,1.0813,1.08575,1.08055,1.08425,74699,60867.85,0,NaN,NaN,NaN,NaN,NaN,NaN,402121
1490364000,1.08425,1.08625,1.0835,1.08425,60474,62723,0,NaN,NaN,NaN,NaN,NaN,NaN,402832
1490565600,1.08725,1.08945,1.08725,1.08935,18810,58956.15,0,NaN,NaN,NaN,NaN,NaN,NaN,402832
1490594400,1.0893,1.0949,1.0889,1.09225,117343,59991.45,0,NaN,NaN,NaN,NaN,NaN,NaN,402832
1490623200,1.0922,1.0934,1.0904,1.0906,53558,62115.15,0,NaN,NaN,NaN,NaN,NaN,NaN,405290
1490652000,1.0907,1.0915,1.08975,1.0906,15092,57532.65,0,NaN,NaN,NaN,NaN,NaN,NaN,405290
1490680800,1.0906,1.0913,1.08875,1.0911,73086,57871.6,0,NaN,NaN,NaN,NaN,NaN,NaN,405290
1490709600,1.0911,1.09145,1.0841,1.08565,77938,61239.8,0,NaN,NaN,NaN,NaN,NaN,NaN,405209
1490738400,1.0855,1.08685,1.08465,1.0855,16841,58535.4,0,NaN,NaN,NaN,NaN,NaN,NaN,405209
1490767200,1.0855,1.0855,1.07825,1.07975,126029,62028.45,0,NaN,NaN,NaN,NaN,NaN,NaN,405209
1490796000,1.07975,1.08155,1.07885,1.0809,58750,63842.65,0,NaN,NaN,NaN,NaN,NaN,NaN,403842
1490824800,1.08095,1.08095,1.0781,1.0794,14355,58610.2,0,NaN,NaN,NaN,NaN,NaN,NaN,403842
1490853600,1.0794,1.08065,1.07595,1.07725,104939,59038.15,0,NaN,NaN,NaN,NaN,NaN,NaN,403842
1490882400,1.07725,1.0778,1.071,1.07135,79223,62106.5,0,NaN,NaN,NaN,NaN,NaN,NaN,400626
1490911200,1.07205,1.0727,1.0711,1.0716,19077,58375.6,0,NaN,NaN,NaN,NaN,NaN,NaN,400626
1490940000,1.0716,1.07365,1.07085,1.07225,82537,58158.5,0,NaN,NaN,NaN,NaN,NaN,NaN,400626
1490968800,1.07225,1.07405,1.0689,1.06935,79809,61520.15,0,NaN,NaN,NaN,NaN,NaN,NaN,396580
1491170400,1.06985,1.0719,1.0694,1.0716,15109,58022.25,0,NaN,NaN,NaN,NaN,NaN,NaN,396580
1491199200,1.0716,1.0716,1.06875,1.0701,65917,58329.5,0,NaN,NaN,NaN,NaN,NaN,NaN,396580
1491228000,1.07015,1.07175,1.068,1.071,65666,60962.6,0,NaN,NaN,NaN,NaN,NaN,NaN,396001
1491256800,1.0704,1.07115,1.07005,1.07025,12820,57868.65,0,NaN,NaN,NaN,NaN,NaN,NaN,396001
1491285600,1.07025,1.0703,1.0673,1.06895,75879,58638.9,0,NaN,NaN,NaN,NaN,NaN,NaN,396001
1491314400,1.069,1.0714,1.06845,1.07095,48895,60143.15,0,NaN,NaN,NaN,NaN,NaN,NaN,393643
1491343200,1.0715,1.07235,1.0708,1.07095,11211,54836.55,0,NaN,NaN,NaN,NaN,NaN,NaN,393643
1491372000,1.0709,1.07255,1.06905,1.07,95418,56929.55,0,NaN,NaN,NaN,NaN,NaN,NaN,393643
1491400800,1.07005,1.07175,1.0668,1.07005,77079,60028.9,0,NaN,NaN,NaN,NaN,NaN,NaN,394672
1491429600,1.0699,1.07185,1.06965,1.0708,12292,56989.2,0,NaN,NaN,NaN,NaN,NaN,NaN,394672
1491458400,1.07075,1.07155,1.0664,1.0689,92042,57694.4,0,NaN,NaN,NaN,NaN,NaN,NaN,394672
1491487200,1.0689,1.07,1.0673,1.0679,44671,59085.9,0,NaN,NaN,NaN,NaN,NaN,NaN,397055
1491516000,1.06765,1.06945,1.06725,1.0687,19368,53752.85,0,NaN,NaN,NaN,NaN,NaN,NaN,397055
1491544800,1.06865,1.0715,1.0645,1.0665,112458,56438.25,0,NaN,NaN,NaN,NaN,NaN,NaN,397055
1491573600,1.06645,1.06675,1.0615,1.06245,71942,59317.6,0,NaN,NaN,NaN,NaN,NaN,NaN,409124
1491775200,1.0615,1.0628,1.06045,1.0627,17253,54933.3,0,NaN,NaN,NaN,NaN,NaN,NaN,409124
1491804000,1.0627,1.0632,1.06045,1.0632,68446,54394.45,0,NaN,NaN,NaN,NaN,NaN,NaN,409124
1491832800,1.0632,1.06415,1.0621,1.06315,45763,55728.75,0,NaN,NaN,NaN,NaN,NaN,NaN,411909
1491861600,1.0628,1.0636,1.06155,1.06205,11601,52181.95,0,NaN,NaN,NaN,NaN,NaN,NaN,411909
1491890400,1.06205,1.0654,1.0613,1.0646,73234,51853.2,0,NaN,NaN,NaN,NaN,NaN,NaN,411909
1491919200,1.0646,1.06645,1.0635,1.0638,53900,53792.75,0,NaN,NaN,NaN,NaN,NaN,NaN,416103
1491948000,1.0637,1.06475,1.06265,1.0643,15058,51249.8,0,NaN,NaN,NaN,NaN,NaN,NaN,416103
1491976800,1.06425,1.06555,1.0629,1.06415,61684,51050.7,0,NaN,NaN,NaN,NaN,NaN,NaN,416103
1492005600,1.0642,1.0707,1.06205,1.06985,83605,54589.95,0,NaN,NaN,NaN,NaN,NaN,NaN,417753
1492034400,1.0698,1.0709,1.06915,1.0701,18245,51708.25,0,NaN,NaN,NaN,NaN,NaN,NaN,417753
1492063200,1.07015,1.07095,1.0642,1.06505,87920,53659.5,0,NaN,NaN,NaN,NaN,NaN,NaN,417753
1492092000,1.06505,1.06665,1.0641,1.06435,39985,55098.2,0,NaN,NaN,NaN,NaN,NaN,NaN,427748
1492380000,1.0641,1.06575,1.0634,1.0649,13117,50983.15,0,NaN,NaN,NaN,NaN,NaN,NaN,427748
1492408800,1.06495,1.06905,1.06465,1.06875,34087,48833.55,0,NaN,NaN,NaN,NaN,NaN,NaN,427748
1492437600,1.06875,1.0703,1.0668,1.0677,32530,49845.45,0,NaN,NaN,NaN,NaN,NaN,NaN,425715
1492466400,1.06755,1.0684,1.0669,1.06795,13196,45903.15,0,NaN,NaN,NaN,NaN,NaN,NaN,425715
1492495200,1.0679,1.0732,1.0672,1.0716,92232,48281.2,0,NaN,NaN,NaN,NaN,NaN,NaN,425715
1492524000,1.07165,1.07675,1.07155,1.0761,75325,51079.05,0,NaN,NaN,NaN,NaN,NaN,NaN,426574
1492552800,1.0763,1.07665,1.0747,1.07495,12461,46079.2,0,NaN,NaN,NaN,NaN,NaN,NaN,426574
1492581600,1.075,1.07675,1.0735,1.07355,67107,45837.45,0,NaN,NaN,NaN,NaN,NaN,NaN,426574
1492610400,1.07355,1.0753,1.07305,1.074,48434,47396.5,0,NaN,NaN,NaN,NaN,NaN,NaN,420720
1492639200,1.0739,1.0757,1.07385,1.0756,8395,44393.95,0,NaN,NaN,NaN,NaN,NaN,NaN,420720
1492668000,1.07555,1.08065,1.075,1.07955,89598,46585.7,0,NaN,NaN,NaN,NaN,NaN,NaN,420720
1492696800,1.07955,1.08055,1.07435,1.0747,63347,49173,0,NaN,NaN,NaN,NaN,NaN,NaN,415695
1492725600,1.0738,1.07495,1.0735,1.0744,10231,46022.85,0,NaN,NaN,NaN,NaN,NaN,NaN,415695
1492754400,1.07435,1.0767,1.0717,1.0728,80744,47365.05,0,NaN,NaN,NaN,NaN,NaN,NaN,415695
1492783200,1.0728,1.07595,1.07115,1.0759,65534,49888.85,0,NaN,NaN,NaN,NaN,NaN,NaN,413812
1492984800,1.0893,1.09285,1.08485,1.0896,67786,50193.95,0,NaN,NaN,NaN,NaN,NaN,NaN,413812
1493013600,1.08965,1.09065,1.08595,1.08935,122564,52141.9,0,NaN,NaN,NaN,NaN,NaN,NaN,413812
1493042400,1.08935,1.0899,1.08635,1.08935,64636,54461.45,0,NaN,NaN,NaN,NaN,NaN,NaN,411321
1493071200,1.08955,1.09,1.0879,1.08925,17860,50958.45,0,NaN,NaN,NaN,NaN,NaN,NaN,411321
1493100000,1.0893,1.0933,1.0891,1.0928,104313,54174.85,0,NaN,NaN,NaN,NaN,NaN,NaN,411321
1493128800,1.0928,1.0978,1.09175,1.0953,112797,59158.85,0,NaN,NaN,NaN,NaN,NaN,NaN,405837
1493157600,1.09555,1.09775,1.0951,1.0973,17635,58336.25,0,NaN,NaN,NaN,NaN,NaN,NaN,405837
1493186400,1.09735,1.09785,1.09015,1.0917,131888,63304.15,0,NaN,NaN,NaN,NaN,NaN,NaN,405837
1493215200,1.09175,1.094,1.08835,1.09315,90456,67167.15,0,NaN,NaN,NaN,NaN,NaN,NaN,403164
1493244000,1.0931,1.09465,1.0925,1.0926,14132,63262.15,0,NaN,NaN,NaN,NaN,NaN,NaN,403164
1493272800,1.0926,1.0959,1.0878,1.0888,173935,68192.65,0,NaN,NaN,NaN,NaN,NaN,NaN,403164
1493301600,1.08875,1.09135,1.0877,1.08965,56389,70389.05,0,NaN,NaN,NaN,NaN,NaN,NaN,405860
1493330400,1.0898,1.09015,1.0882,1.08875,16742,67870.8,0,NaN,NaN,NaN,NaN,NaN,NaN,405860
1493359200,1.08875,1.0973,1.08875,1.09425,135442,72221.2,0,NaN,NaN,NaN,NaN,NaN,NaN,405860
1493388000,1.09435,1.0947,1.0909,1.092,70035,75303.2,0,NaN,NaN,NaN,NaN,NaN,NaN,406907
1493589600,1.0921,1.0937,1.09115,1.0913,10600,71353.3,0,NaN,NaN,NaN,NaN,NaN,NaN,406907
1493618400,1.0913,1.09475,1.09095,1.0935,23841,69378,0,NaN,NaN,NaN,NaN,NaN,NaN,406907
1493647200,1.09355,1.09495,1.0922,1.0925,33812,70557.05,0,NaN,NaN,NaN,NaN,NaN,NaN,407354
1493676000,1.0924,1.0951,1.09235,1.0944,11318,67085.75,0,NaN,NaN,NaN,NaN,NaN,NaN,407354
1493704800,1.09435,1.0948,1.0929,1.09345,61022,66860.15,0,NaN,NaN,NaN,NaN,NaN,NaN,407354
1493733600,1.0934,1.0958,1.0913,1.0955,50749,66008.3,0,NaN,NaN,NaN,NaN,NaN,NaN,404095
1493762400,1.09545,1.09615,1.0949,1.0949,8531,60306.65,0,NaN,NaN,NaN,NaN,NaN,NaN,404095
1493791200,1.09495,1.0951,1.0931,1.09345,62338,60191.75,0,NaN,NaN,NaN,NaN,NaN,NaN,404095
1493820000,1.0935,1.09525,1.09065,1.0909,71539,62875.7,0,NaN,NaN,NaN,NaN,NaN,NaN,401086
1493848800,1.09085,1.092,1.0904,1.09165,10100,58165.05,0,NaN,NaN,NaN,NaN,NaN,NaN,401086
1493877600,1.0916,1.0964,1.08975,1.09595,107907,57920.55,0,NaN,NaN,NaN,NaN,NaN,NaN,401086
1493906400,1.096,1.101,1.0953,1.1006,96604,61869,0,NaN,NaN,NaN,NaN,NaN,NaN,407445
1493935200,1.1004,1.1012,1.0995,1.10015,14463,55997.75,0,NaN,NaN,NaN,NaN,NaN,NaN,407445
1493964000,1.1001,1.1014,1.0968,1.1003,99738,56461.85,0,NaN,NaN,NaN,NaN,NaN,NaN,407445
1493992800,1.1003,1.10235,1.1,1.10235,64784,58994.45,0,NaN,NaN,NaN,NaN,NaN,NaN,412945
1494194400,1.10355,1.1036,1.09785,1.1016,34242,52009.8,0,NaN,NaN,NaN,NaN,NaN,NaN,412945
1494223200,1.10155,1.10185,1.0952,1.09645,95573,53969,0,NaN,NaN,NaN,NaN,NaN,NaN,412945
1494252000,1.0965,1.09695,1.09375,1.0944,46961,55479.95,0,NaN,NaN,NaN,NaN,NaN,NaN,409839
1494280800,1.0945,1.0954,1.09395,1.09435,13808,49398.25,0,NaN,NaN,NaN,NaN,NaN,NaN,409839
1494309600,1.09435,1.0947,1.0895,1.09165,106364,51214.7,0,NaN,NaN,NaN,NaN,NaN,NaN,409839
1494338400,1.0917,1.09275,1.0884,1.0895,76241,54496.75,0,NaN,NaN,NaN,NaN,NaN,NaN,411077
1494367200,1.08965,1.0918,1.0896,1.0912,14898,54049.6,0,NaN,NaN,NaN,NaN,NaN,NaN,411077
1494396000,1.09115,1.0918,1.0879,1.08915,80958,56406.9,0,NaN,NaN,NaN,NaN,NaN,NaN,411077
1494424800,1.0891,1.0897,1.0873,1.0888,50098,58345.9,0,NaN,NaN,NaN,NaN,NaN,NaN,409276
1494453600,1.08865,1.08985,1.08825,1.08945,9898,55789.7,0,NaN,NaN,NaN,NaN,NaN,NaN,409276
1494482400,1.0894,1.09115,1.0858,1.08865,79574,57230.95,0,NaN,NaN,NaN,NaN,NaN,NaN,409276
1494511200,1.08865,1.08945,1.08785,1.0881,42399,58924.35,0,NaN,NaN,NaN,NaN,NaN,NaN,408060
1494540000,1.08795,1.0892,1.0878,1.08895,7425,56178.7,0,NaN,NaN,NaN,NaN,NaN,NaN,408060
1494568800,1.08895,1.09445,1.0874,1.09395,115706,58387.05,0,NaN,NaN,NaN,NaN,NaN,NaN,408060
1494597600,1.0939,1.0953,1.09335,1.095,51807,60472.4,0,NaN,NaN,NaN,NaN,NaN,NaN,410595
1494799200,1.095,1.0952,1.09405,1.0947,10186,55586.35,0,NaN,NaN,NaN,NaN,NaN,NaN,410595
1494828000,1.09475,1.1008,1.0944,1.09975,80539,54783.1,0,NaN,NaN,NaN,NaN,NaN,NaN,410595
1494856800,1.09975,1.10045,1.0984,1.0993,41876,56153.75,0,NaN,NaN,NaN,NaN,NaN,NaN,413197
1494885600,1.09965,1.10185,1.09945,1.10095,13634,51848.55,0,NaN,NaN,NaN,NaN,NaN,NaN,413197
1494914400,1.10095,1.11065,1.1009,1.1085,141627,55690.7,0,NaN,NaN,NaN,NaN,NaN,NaN,413197
1494943200,1.1085,1.1115,1.10815,1.1101,71687,57562.95,0,NaN,NaN,NaN,NaN,NaN,NaN,424658
1494972000,1.11,1.11345,1.10975,1.11265,25879,54078.25,0,NaN,NaN,NaN,NaN,NaN,NaN,424658
1495000800,1.11255,1.11435,1.1099,1.1143,121112,57785.8,0,NaN,NaN,NaN,NaN,NaN,NaN,424658
1495029600,1.1143,1.118,1.11425,1.1178,92260,61708.4,0,NaN,NaN,NaN,NaN,NaN,NaN,426501
1495058400,1.1183,1.1188,1.1154,1.1155,23697,57575.05,0,NaN,NaN,NaN,NaN,NaN,NaN,426501
1495087200,1.1155,1.11615,1.112,1.1129,140804,60803.2,0,NaN,NaN,NaN,NaN,NaN,NaN,426501
1495116000,1.11295,1.1154,1.10915,1.11175,87972,64456.9,0,NaN,NaN,NaN,NaN,NaN,NaN,427301
1495144800,1.1116,1.113,1.1114,1.1129,10990,60958.5,0,NaN,NaN,NaN,NaN,NaN,NaN,427301
1495173600,1.1129,1.12125,1.11245,1.1204,111452,64026.2,0,NaN,NaN,NaN,NaN,NaN,NaN,427301
1495202400,1.12045,1.12275,1.1199,1.12235,75864,67324.5,0,NaN,NaN,NaN,NaN,NaN,NaN,433544
1495404000,1.12205,1.1226,1.1197,1.1208,21214,64406.5,0,NaN,NaN,NaN,NaN,NaN,NaN,433544
1495432800,1.1208,1.1274,1.1176,1.12715,125876,68580.35,0,NaN,NaN,NaN,NaN,NaN,NaN,433544
1495461600,1.12715,1.12785,1.12435,1.1253,57668,71092.5,0,NaN,NaN,NaN,NaN,NaN,NaN,436225
1495490400,1.1253,1.1268,1.12445,1.1259,14266,66020.5,0,NaN,NaN,NaN,NaN,NaN,NaN,436225
1495519200,1.1259,1.12825,1.12255,1.12405,112748,69067.55,0,NaN,NaN,NaN,NaN,NaN,NaN,436225
1495548000,1.124,1.12645,1.11895,1.11975,113253,74220.9,0,NaN,NaN,NaN,NaN,NaN,NaN,440353
1495576800,1.11965,1.1206,1.1187,1.1192,16681,71028,0,NaN,NaN,NaN,NaN,NaN,NaN,440353
1495605600,1.1192,1.122,1.1184,1.1201,90950,73481.7,0,NaN,NaN,NaN,NaN,NaN,NaN,440353
1495634400,1.1201,1.12355,1.1182,1.12315,83276,76963.8,0,NaN,NaN,NaN,NaN,NaN,NaN,441410
1495663200,1.1227,1.12565,1.12225,1.12555,21652,70965.05,0,NaN,NaN,NaN,NaN,NaN,NaN,441410
1495692000,1.12555,1.12625,1.1205,1.1226,79729,71367.15,0,NaN,NaN,NaN,NaN,NaN,NaN,441410
1495720800,1.12255,1.12375,1.121,1.1218,43788,72262.6,0,NaN,NaN,NaN,NaN,NaN,NaN,437199
1495749600,1.122,1.1228,1.1197,1.12065,17924,67103.2,0,NaN,NaN,NaN,NaN,NaN,NaN,437199
1495778400,1.12065,1.1246,1.11725,1.118,93326,67156.5,0,NaN,NaN,NaN,NaN,NaN,NaN,437199
1495807200,1.118,1.11995,1.11735,1.11935,49311,68437.2,0,NaN,NaN,NaN,NaN,NaN,NaN,439697
1496008800,1.1186,1.11965,1.1173,1.11765,9689,61881.45,0,NaN,NaN,NaN,NaN,NaN,NaN,439697
1496037600,1.11765,1.12015,1.11765,1.1183,24297,58697.7,0,NaN,NaN,NaN,NaN,NaN,NaN,439697
1496066400,1.1183,1.11945,1.11785,1.11845,9350,58615.7,0,NaN,NaN,NaN,NaN,NaN,NaN,439697
1496095200,1.11655,1.11655,1.11265,1.11265,26693,54377.75,0,NaN,NaN,NaN,NaN,NaN,NaN,439697
1496124000,1.1127,1.12075,1.112,1.12015,128226,56995.85,0,NaN,NaN,NaN,NaN,NaN,NaN,439697
1496152800,1.1202,1.12165,1.1183,1.11985,56335,58751.9,0,NaN,NaN,NaN,NaN,NaN,NaN,440556
1496181600,1.11935,1.11935,1.1174,1.11785,15660,53241.1,0,NaN,NaN,NaN,NaN,NaN,NaN,440556
1496210400,1.1178,1.12525,1.1175,1.12435,109870,55851.2,0,NaN,NaN,NaN,NaN,NaN,NaN,440556
1496239200,1.1244,1.12625,1.12315,1.12545,83059,59290.85,0,NaN,NaN,NaN,NaN,NaN,NaN,436437
1496268000,1.1251,1.12655,1.1242,1.12465,19333,54620.1,0,NaN,NaN,NaN,NaN,NaN,NaN,436437
1496296800,1.12465,1.12575,1.12095,1.12305,77810,52847.95,0,NaN,NaN,NaN,NaN,NaN,NaN,436437
1496325600,1.1231,1.12425,1.12145,1.12205,42468,54137.3,0,NaN,NaN,NaN,NaN,NaN,NaN,426978
1496354400,1.1222,1.12305,1.122,1.12255,9246,50052.1,0,NaN,NaN,NaN,NaN,NaN,NaN,426978
1496383200,1.1225,1.12905,1.12125,1.1284,110342,51405.4,0,NaN,NaN,NaN,NaN,NaN,NaN,426978
1496412000,1.12835,1.1294,1.12645,1.12925,58073,53226.45,0,NaN,NaN,NaN,NaN,NaN,NaN,430279
1496613600,1.12865,1.1291,1.1269,1.12725,13203,49900.15,0,NaN,NaN,NaN,NaN,NaN,NaN,430279
1496642400,1.1272,1.1286,1.12415,1.12565,64116,50916.55,0,NaN,NaN,NaN,NaN,NaN,NaN,430279
1496671200,1.12575,1.1272,1.12505,1.1262,31786,51609.65,0,NaN,NaN,NaN,NaN,NaN,NaN,427432
1496700000,1.1263,1.1285,1.1261,1.12805,14078,47647.25,0,NaN,NaN,NaN,NaN,NaN,NaN,427432
1496728800,1.12805,1.12835,1.1247,1.12745,72416,48802.5,0,NaN,NaN,NaN,NaN,NaN,NaN,427432
1496757600,1.1274,1.12915,1.1268,1.12845,51513,50893.7,0,NaN,NaN,NaN,NaN,NaN,NaN,416255
1496786400,1.12845,1.12885,1.12665,1.1271,9840,50170.85,0,NaN,NaN,NaN,NaN,NaN,NaN,416255
1496815200,1.1271,1.12835,1.121,1.12675,129538,56180.25,0,NaN,NaN,NaN,NaN,NaN,NaN,416255
1496844000,1.12685,1.12895,1.12295,1.1264,82744,58982.8,0,NaN,NaN,NaN,NaN,NaN,NaN,395708
1496872800,1.12635,1.12685,1.1252,1.12685,15731,53358.05,0,NaN,NaN,NaN,NaN,NaN,NaN,395708
1496901600,1.12685,1.1274,1.11995,1.12235,143579,57720.25,0,NaN,NaN,NaN,NaN,NaN,NaN,395708
1496930400,1.1224,1.12335,1.12,1.1221,64652,60169.85,0,NaN,NaN,NaN,NaN,NaN,NaN,393189
1496959200,1.1208,1.1219,1.11825,1.1208,33017,56327.2,0,NaN,NaN,NaN,NaN,NaN,NaN,393189
1496988000,1.1208,1.122,1.11705,1.11785,100572,57202.85,0,NaN,NaN,NaN,NaN,NaN,NaN,393189
1497016800,1.11785,1.1208,1.1178,1.12,53703,58921.35,0,NaN,NaN,NaN,NaN,NaN,NaN,379644
1497218400,1.1209,1.12205,1.12015,1.1216,14449,55753.3,0,NaN,NaN,NaN,NaN,NaN,NaN,379644
1497247200,1.12165,1.12365,1.1207,1.12125,67800,57019.9,0,NaN,NaN,NaN,NaN,NaN,NaN,379644
1497276000,1.12115,1.1214,1.11955,1.1206,52381,59176.65,0,NaN,NaN,NaN,NaN,NaN,NaN,361160
1497304800,1.12075,1.1209,1.1189,1.11905,14674,54393.25,0,NaN,NaN,NaN,NaN,NaN,NaN,361160
1497333600,1.11905,1.12285,1.11885,1.12115,71106,55044.9,0,NaN,NaN,NaN,NaN,NaN,NaN,361160
1497362400,1.12115,1.1223,1.11955,1.1213,47130,56741.25,0,NaN,NaN,NaN,NaN,NaN,NaN,326182
1497391200,1.1212,1.12225,1.1209,1.1222,10093,54040.1,0,NaN,NaN,NaN,NaN,NaN,NaN,326182
1497420000,1.1222,1.12815,1.12,1.12745,125738,58737.7,0,NaN,NaN,NaN,NaN,NaN,NaN,326182
1497448800,1.1274,1.1299,1.1196,1.1221,148289,65448.25,0,NaN,NaN,NaN,NaN,NaN,NaN,215823
1497477600,1.12185,1.12295,1.1206,1.12195,13012,62478.05,0,NaN,NaN,NaN,NaN,NaN,NaN,215823
1497506400,1.1219,1.12215,1.1144,1.11495,102674,65036.1,0,NaN,NaN,NaN,NaN,NaN,NaN,215823
1497535200,1.11495,1.1159,1.1133,1.1145,54416,67264.9,0,NaN,NaN,NaN,NaN,NaN,NaN,177997
1497564000,1.1201,1.1211,1.1193,1.1197,11100,61343,0,NaN,NaN,NaN,NaN,NaN,NaN,177997
1497592800,1.1197,1.12395,1.1195,1.12315,71215,60766.55,0,NaN,NaN,NaN,NaN,NaN,NaN,177997
1497621600,1.1232,1.1257,1.12295,1.1253,57141,62837.05,0,NaN,NaN,NaN,NaN,NaN,NaN,368874
1497823200,1.1255,1.1261,1.12445,1.12475,9452,56130.7,0,NaN,NaN,NaN,NaN,NaN,NaN,368874
1497852000,1.12475,1.12675,1.12275,1.12315,73678,56582,0,NaN,NaN,NaN,NaN,NaN,NaN,368874
1497880800,1.1232,1.12345,1.11975,1.1204,47572,57309.75,0,NaN,NaN,NaN,NaN,NaN,NaN,368374
1497909600,1.1202,1.12145,1.1195,1.1213,11609,52861.6,0,NaN,NaN,NaN,NaN,NaN,NaN,368374
1497938400,1.12125,1.1219,1.11885,1.1191,78918,54122.35,0,NaN,NaN,NaN,NaN,NaN,NaN,368374
1497967200,1.11905,1.12,1.1173,1.11885,60064,56403.1,0,NaN,NaN,NaN,NaN,NaN,NaN,373447
1497996000,1.1189,1.11925,1.1182,1.11835,8622,53444.2,0,NaN,NaN,NaN,NaN,NaN,NaN,373447
1498024800,1.1184,1.12095,1.1181,1.1193,70895,54369.9,0,NaN,NaN,NaN,NaN,NaN,NaN,373447
1498053600,1.11925,1.1226,1.11875,1.12235,44733,55872.85,0,NaN,NaN,NaN,NaN,NaN,NaN,373423
1498082400,1.122,1.12275,1.12115,1.12275,13406,52987.85,0,NaN,NaN,NaN,NaN,NaN,NaN,373423
1498111200,1.12275,1.1229,1.12035,1.12115,64372,53849.95,0,NaN,NaN,NaN,NaN,NaN,NaN,373423
1498140000,1.1211,1.1214,1.1191,1.1202,44756,55583.1,0,NaN,NaN,NaN,NaN,NaN,NaN,371160
1498168800,1.1201,1.12195,1.1196,1.1215,9310,49761.7,0,NaN,NaN,NaN,NaN,NaN,NaN,371160
1498197600,1.1215,1.1247,1.12125,1.1247,69748,45834.65,0,NaN,NaN,NaN,NaN,NaN,NaN,371160
1498226400,1.12465,1.12605,1.1237,1.12435,48523,47610.2,0,NaN,NaN,NaN,NaN,NaN,NaN,376915
1498428000,1.1244,1.1251,1.1239,1.1243,13949,43173.95,0,NaN,NaN,NaN,NaN,NaN,NaN,376915
1498456800,1.1243,1.1271,1.12225,1.1254,91161,45011.2,0,NaN,NaN,NaN,NaN,NaN,NaN,376915
1498485600,1.1254,1.12695,1.1226,1.12335,52908,47101.6,0,NaN,NaN,NaN,NaN,NaN,NaN,375255
1498514400,1.12345,1.12465,1.12295,1.1246,9527,44017.2,0,NaN,NaN,NaN,NaN,NaN,NaN,375255
1498543200,1.12455,1.13565,1.12325,1.1339,168855,49602.9,0,NaN,NaN,NaN,NaN,NaN,NaN,375255
1498572000,1.1339,1.1401,1.1325,1.1392,116598,54960.2,0,NaN,NaN,NaN,NaN,NaN,NaN,393767
1498600800,1.13885,1.14165,1.1386,1.14115,25395,52546.05,0,NaN,NaN,NaN,NaN,NaN,NaN,393767
1498629600,1.14125,1.1438,1.1341,1.14155,262684,63301.65,0,NaN,NaN,NaN,NaN,NaN,NaN,393767
1498658400,1.14155,1.1441,1.1399,1.1428,86615,67051.95,0,NaN,NaN,NaN,NaN,NaN,NaN,401888
1498687200,1.1425,1.14665,1.14215,1.14545,25826,64397.35,0,NaN,NaN,NaN,NaN,NaN,NaN,401888
1498716000,1.1454,1.1483,1.14295,1.1447,156793,69233.8,0,NaN,NaN,NaN,NaN,NaN,NaN,401888
1498744800,1.1447,1.1493,1.1446,1.14865,81517,72878.55,0,NaN,NaN,NaN,NaN,NaN,NaN,407329
1498773600,1.1488,1.1491,1.14725,1.14755,18958,70281.7,0,NaN,NaN,NaN,NaN,NaN,NaN,407329
1498802400,1.14755,1.1487,1.1438,1.14655,121007,74095.4,0,NaN,NaN,NaN,NaN,NaN,NaN,407329
1498831200,1.14655,1.1473,1.1441,1.14725,65937,76721.95,0,NaN,NaN,NaN,NaN,NaN,NaN,413755
1499032800,1.1467,1.1472,1.14495,1.14535,16321,74319.4,0,NaN,NaN,NaN,NaN,NaN,NaN,413755
1499061600,1.1453,1.146,1.1403,1.14165,97938,76978.5,0,NaN,NaN,NaN,NaN,NaN,NaN,413755
1499090400,1.1416,1.1419,1.14,1.14075,53196,79172.8,0,NaN,NaN,NaN,NaN,NaN,NaN,413693
1499119200,1.1409,1.14215,1.13805,1.13925,15375,76454.15,0,NaN,NaN,NaN,NaN,NaN,NaN,413693
1499148000,1.1392,1.1419,1.1382,1.1388,43724,76214.2,0,NaN,NaN,NaN,NaN,NaN,NaN,413693
1499176800,1.13885,1.1398,1.13855,1.1396,9748,76004.15,0,NaN,NaN,NaN,NaN,NaN,NaN,413693
1499205600,1.13915,1.1412,1.1389,1.1397,16867,72289.45,0,NaN,NaN,NaN,NaN,NaN,NaN,413693
1499234400,1.13965,1.14115,1.1356,1.13735,112858,75286.95,0,NaN,NaN,NaN,NaN,NaN,NaN,413693
1499263200,1.13735,1.14015,1.13665,1.1396,56749,77648.05,0,NaN,NaN,NaN,NaN,NaN,NaN,417726
1499292000,1.1394,1.1397,1.1372,1.138,17209,70065.75,0,NaN,NaN,NaN,NaN,NaN,NaN,417726
1499320800,1.13805,1.14445,1.13735,1.1443,116339,70052.8,0,NaN,NaN,NaN,NaN,NaN,NaN,417726
1499349600,1.14425,1.14675,1.1435,1.14645,65587,72062.4,0,NaN,NaN,NaN,NaN,NaN,NaN,419291
1499378400,1.1464,1.14675,1.1448,1.1449,33285,60592.45,0,NaN,NaN,NaN,NaN,NaN,NaN,419291
1499407200,1.14485,1.1482,1.1422,1.14395,118681,62195.75,0,NaN,NaN,NaN,NaN,NaN,NaN,419291
1499436000,1.14395,1.1453,1.14215,1.14435,47939,63301.4,0,NaN,NaN,NaN,NaN,NaN,NaN,418060
1499637600,1.1441,1.14505,1.1439,1.145,11704,56046.95,0,NaN,NaN,NaN,NaN,NaN,NaN,418060
1499666400,1.14505,1.14595,1.1423,1.1433,74341,55688.15,0,NaN,NaN,NaN,NaN,NaN,NaN,418060
1499695200,1.14325,1.1449,1.1426,1.144,42368,56858.65,0,NaN,NaN,NaN,NaN,NaN,NaN,418969
1499724000,1.144,1.144,1.14235,1.1424,14232,51519.9,0,NaN,NaN,NaN,NaN,NaN,NaN,418969
1499752800,1.14245,1.14555,1.14235,1.14495,72884,51867.25,0,NaN,NaN,NaN,NaN,NaN,NaN,418969
1499781600,1.1449,1.1521,1.1436,1.15095,100836,56093,0,NaN,NaN,NaN,NaN,NaN,NaN,427694
1499810400,1.15055,1.153,1.15035,1.1513,25339,52463.05,0,NaN,NaN,NaN,NaN,NaN,NaN,427694
1499839200,1.15135,1.152,1.14495,1.14545,141243,56865.4,0,NaN,NaN,NaN,NaN,NaN,NaN,427694
1499868000,1.1454,1.14675,1.14315,1.1451,75030,59848.15,0,NaN,NaN,NaN,NaN,NaN,NaN,425319
1499896800,1.1452,1.1488,1.14505,1.1485,20414,58682.65,0,NaN,NaN,NaN,NaN,NaN,NaN,425319
1499925600,1.14855,1.14945,1.1409,1.14365,165175,66454,0,NaN,NaN,NaN,NaN,NaN,NaN,425319
1499954400,1.1437,1.1453,1.1421,1.1436,57791,68500.2,0,NaN,NaN,NaN,NaN,NaN,NaN,424192
1499983200,1.1438,1.14495,1.1429,1.14475,13482,63531.4,0,NaN,NaN,NaN,NaN,NaN,NaN,424192
1500012000,1.1447,1.1508,1.1442,1.1497,121500,66768.95,0,NaN,NaN,NaN,NaN,NaN,NaN,424192
1500040800,1.1497,1.15095,1.1474,1.1507,69228,69369.9,0,NaN,NaN,NaN,NaN,NaN,NaN,426747
1500242400,1.15105,1.15135,1.1494,1.1499,12427,64174.3,0,NaN,NaN,NaN,NaN,NaN,NaN,426747
1500271200,1.14985,1.15085,1.1473,1.1505,69763,64383.1,0,NaN,NaN,NaN,NaN,NaN,NaN,426747
1500300000,1.1505,1.1525,1.1502,1.15165,57627,65600.2,0,NaN,NaN,NaN,NaN,NaN,NaN,422674
1500328800,1.1516,1.1575,1.1509,1.156,48780,62105.15,0,NaN,NaN,NaN,NaN,NaN,NaN,422674
1500357600,1.15595,1.1619,1.1549,1.16175,139003,66658.35,0,NaN,NaN,NaN,NaN,NaN,NaN,422674
1500386400,1.16175,1.1622,1.1588,1.15945,71145,69630.4,0,NaN,NaN,NaN,NaN,NaN,NaN,437649
1500415200,1.1592,1.1594,1.1568,1.157,17576,66792.15,0,NaN,NaN,NaN,NaN,NaN,NaN,437649
1500444000,1.15695,1.15845,1.15515,1.156,98840,69615.75,0,NaN,NaN,NaN,NaN,NaN,NaN,437649
1500472800,1.15605,1.15665,1.15465,1.1551,56425,71725.4,0,NaN,NaN,NaN,NaN,NaN,NaN,437626
1500501600,1.15535,1.1568,1.1539,1.1546,20332,69097.8,0,NaN,NaN,NaN,NaN,NaN,NaN,437626
1500530400,1.15455,1.1609,1.15135,1.15965,207900,74451,0,NaN,NaN,NaN,NaN,NaN,NaN,437626
1500559200,1.1597,1.1694,1.1596,1.1668,136274,79997.75,0,NaN,NaN,NaN,NaN,NaN,NaN,443973
1500588000,1.16675,1.16745,1.16535,1.16745,17316,73801.4,0,NaN,NaN,NaN,NaN,NaN,NaN,443973
1500616800,1.1674,1.17115,1.167,1.16815,115282,75814,0,NaN,NaN,NaN,NaN,NaN,NaN,443973
1500645600,1.1681,1.1718,1.168,1.1698,70571,78321.85,0,NaN,NaN,NaN,NaN,NaN,NaN,438567
1500847200,1.1701,1.1718,1.16975,1.1704,18214,70973.8,0,NaN,NaN,NaN,NaN,NaN,NaN,438567
1500876000,1.1704,1.1706,1.1664,1.1672,96672,72917.85,0,NaN,NaN,NaN,NaN,NaN,NaN,438567
1500904800,1.1672,1.16845,1.166,1.16775,49759,74731.7,0,NaN,NaN,NaN,NaN,NaN,NaN,440435
1500933600,1.16715,1.1697,1.16645,1.16965,18829,69598.15,0,NaN,NaN,NaN,NaN,NaN,NaN,440435
1500962400,1.16965,1.1746,1.16765,1.17295,124497,72361.6,0,NaN,NaN,NaN,NaN,NaN,NaN,440435
1500991200,1.173,1.1731,1.16755,1.1678,78648,75672.65,0,NaN,NaN,NaN,NaN,NaN,NaN,439453
1501020000,1.168,1.16865,1.16665,1.1672,19008,73134.9,0,NaN,NaN,NaN,NaN,NaN,NaN,439453
1501048800,1.16715,1.1688,1.16455,1.16665,102951,75401.1,0,NaN,NaN,NaN,NaN,NaN,NaN,439453
1501077600,1.1666,1.1773,1.1655,1.1768,143401,80132.15,0,NaN,NaN,NaN,NaN,NaN,NaN,436621
1501106400,1.178,1.1808,1.17525,1.17705,38957,75129.85,0,NaN,NaN,NaN,NaN,NaN,NaN,436621
1501135200,1.17705,1.1779,1.17185,1.1736,118686,77506.9,0,NaN,NaN,NaN,NaN,NaN,NaN,436621
1501164000,1.1736,1.17375,1.1681,1.17095,114685,82362.35,0,NaN,NaN,NaN,NaN,NaN,NaN,436981
1501192800,1.1707,1.17265,1.1701,1.17245,20547,78447.7,0,NaN,NaN,NaN,NaN,NaN,NaN,436981
1501221600,1.1724,1.1784,1.17175,1.17585,122173,81735.1,0,NaN,NaN,NaN,NaN,NaN,NaN,436981
1501250400,1.1759,1.17945,1.1757,1.1779,84921,84964.55,0,NaN,NaN,NaN,NaN,NaN,NaN,439063
1501452000,1.17825,1.17915,1.1761,1.1775,20930,75616.05,0,NaN,NaN,NaN,NaN,NaN,NaN,439063
1501480800,1.17755,1.17815,1.1753,1.17785,78335,72719.1,0,NaN,NaN,NaN,NaN,NaN,NaN,439063
1501509600,1.1779,1.18755,1.1776,1.1869,141951,78950.85,0,NaN,NaN,NaN,NaN,NaN,NaN,442965
1501538400,1.1866,1.18675,1.1849,1.185,19599,74166.7,0,NaN,NaN,NaN,NaN,NaN,NaN,442965
1501567200,1.18495,1.18625,1.18335,1.1854,90930,75184.65,0,NaN,NaN,NaN,NaN,NaN,NaN,442965
1501596000,1.1853,1.18685,1.1814,1.18305,102286,79388.25,0,NaN,NaN,NaN,NaN,NaN,NaN,445698
1501624800,1.1834,1.18585,1.18225,1.1852,25041,75806.7,0,NaN,NaN,NaN,NaN,NaN,NaN,445698
1501653600,1.1852,1.1897,1.1846,1.18615,123881,79512.8,0,NaN,NaN,NaN,NaN,NaN,NaN,445698
1501682400,1.1862,1.19395,1.1854,1.1883,109772,84059.95,0,NaN,NaN,NaN,NaN,NaN,NaN,453281
1501711200,1.1882,1.18855,1.1861,1.1871,18351,78752.65,0,NaN,NaN,NaN,NaN,NaN,NaN,453281
1501740000,1.18715,1.1902,1.18575,1.18775,90674,79353.95,0,NaN,NaN,NaN,NaN,NaN,NaN,453281
1501768800,1.1878,1.192,1.1872,1.18965,83941,82600.6,0,NaN,NaN,NaN,NaN,NaN,NaN,456365
1501797600,1.1896,1.1915,1.18955,1.191,13839,78145,0,NaN,NaN,NaN,NaN,NaN,NaN,456365
1501826400,1.19105,1.1915,1.1817,1.1819,125543,77252.1,0,NaN,NaN,NaN,NaN,NaN,NaN,456365
1501855200,1.1819,1.18195,1.17535,1.18005,122546,81431.55,0,NaN,NaN,NaN,NaN,NaN,NaN,454141
1502056800,1.17955,1.1827,1.17945,1.181,19972,76495.85,0,NaN,NaN,NaN,NaN,NaN,NaN,454141
1502085600,1.18105,1.184,1.1803,1.18175,85843,75053.75,0,NaN,NaN,NaN,NaN,NaN,NaN,454141
1502114400,1.18175,1.1824,1.18065,1.18215,38519,75952.35,0,NaN,NaN,NaN,NaN,NaN,NaN,449826
1502143200,1.18215,1.18485,1.1816,1.18325,17241,70705.75,0,NaN,NaN,NaN,NaN,NaN,NaN,449826
1502172000,1.18325,1.1843,1.1826,1.18345,53444,69131.9,0,NaN,NaN,NaN,NaN,NaN,NaN,449826
1502200800,1.18345,1.1837,1.17395,1.17795,115585,73864.65,0,NaN,NaN,NaN,NaN,NaN,NaN,449298
1502229600,1.17745,1.1788,1.1742,1.1764,28256,71360.7,0,NaN,NaN,NaN,NaN,NaN,NaN,449298
1502258400,1.17645,1.1786,1.17125,1.17355,117095,70117.9,0,NaN,NaN,NaN,NaN,NaN,NaN,449298
1502287200,1.17355,1.1786,1.1732,1.1784,59219,72098.9,0,NaN,NaN,NaN,NaN,NaN,NaN,448194
1502316000,1.17825,1.1792,1.17485,1.17555,16794,68392.1,0,NaN,NaN,NaN,NaN,NaN,NaN,448194
1502344800,1.17555,1.17715,1.17265,1.17585,87580,67656.8,0,NaN,NaN,NaN,NaN,NaN,NaN,448194
1502373600,1.1758,1.18085,1.174,1.1794,79007,70355.1,0,NaN,NaN,NaN,NaN,NaN,NaN,445482
1502402400,1.17945,1.1801,1.1783,1.1786,15474,64934.75,0,NaN,NaN,NaN,NaN,NaN,NaN,445482
1502431200,1.17855,1.1858,1.177,1.1821,122634,65577.85,0,NaN,NaN,NaN,NaN,NaN,NaN,445482
1502460000,1.182,1.18695,1.18085,1.18435,74993,68409.95,0,NaN,NaN,NaN,NaN,NaN,NaN,451621
1502661600,1.1846,1.1856,1.1831,1.18415,17442,64748.35,0,NaN,NaN,NaN,NaN,NaN,NaN,451621
1502690400,1.18405,1.186,1.18065,1.1813,74213,64261.95,0,NaN,NaN,NaN,NaN,NaN,NaN,451621
1502719200,1.1812,1.18185,1.17915,1.1801,51766,66158.3,0,NaN,NaN,NaN,NaN,NaN,NaN,446852
1502748000,1.1798,1.1814,1.1781,1.17825,17728,60767.55,0,NaN,NaN,NaN,NaN,NaN,NaN,446852
1502776800,1.17815,1.17905,1.1708,1.1729,127131,60996.8,0,NaN,NaN,NaN,NaN,NaN,NaN,446852
1502805600,1.1729,1.1764,1.1722,1.1755,45861,62291.25,0,NaN,NaN,NaN,NaN,NaN,NaN,450732
1502834400,1.17565,1.1768,1.17495,1.1762,13140,58656.1,0,NaN,NaN,NaN,NaN,NaN,NaN,450732
1502863200,1.1762,1.1778,1.17015,1.17145,127409,63100.6,0,NaN,NaN,NaN,NaN,NaN,NaN,450732
1502892000,1.1715,1.1799,1.17105,1.1787,85953,66536.2,0,NaN,NaN,NaN,NaN,NaN,NaN,451858
1502920800,1.17885,1.18085,1.17835,1.1797,22565,64992.25,0,NaN,NaN,NaN,NaN,NaN,NaN,451858
1502949600,1.1797,1.17985,1.168,1.17455,143478,66386.9,0,NaN,NaN,NaN,NaN,NaN,NaN,451858
1502978400,1.17455,1.17725,1.1733,1.1741,81336,69040.9,0,NaN,NaN,NaN,NaN,NaN,NaN,450026
1503007200,1.17435,1.1758,1.17255,1.17505,18168,64094.55,0,NaN,NaN,NaN,NaN,NaN,NaN,450026
1503036000,1.17505,1.17925,1.1739,1.17605,82725,65269.85,0,NaN,NaN,NaN,NaN,NaN,NaN,450026
1503064800,1.176,1.17855,1.1747,1.17785,61881,67524.2,0,NaN,NaN,NaN,NaN,NaN,NaN,447453
1503266400,1.1777,1.178,1.1762,1.1763,12938,63792.1,0,NaN,NaN,NaN,NaN,NaN,NaN,447453
1503295200,1.1763,1.1807,1.1748,1.18055,69060,63294.75,0,NaN,NaN,NaN,NaN,NaN,NaN,447453
1503324000,1.1806,1.18455,1.18055,1.18285,61670,65604.55,0,NaN,NaN,NaN,NaN,NaN,NaN,455614
1503352800,1.18285,1.1841,1.1812,1.1818,14220,60183.85,0,NaN,NaN,NaN,NaN,NaN,NaN,455614
1503381600,1.18185,1.1823,1.17615,1.17705,86281,60748.25,0,NaN,NaN,NaN,NaN,NaN,NaN,455614
1503410400,1.177,1.1788,1.17645,1.1778,43045,62028.4,0,NaN,NaN,NaN,NaN,NaN,NaN,451525
1503439200,1.17805,1.1782,1.17635,1.17745,14638,59049.65,0,NaN,NaN,NaN,NaN,NaN,NaN,451525
1503468000,1.1774,1.1824,1.1756,1.18135,87087,60815.7,0,NaN,NaN,NaN,NaN,NaN,NaN,451525
1503496800,1.18135,1.1839,1.1813,1.1823,55521,62705.35,0,NaN,NaN,NaN,NaN,NaN,NaN,450585
1503525600,1.18225,1.1832,1.18085,1.1819,13799,57038.75,0,NaN,NaN,NaN,NaN,NaN,NaN,450585
1503554400,1.18195,1.1824,1.1798,1.1815,61104,57800.9,0,NaN,NaN,NaN,NaN,NaN,NaN,450585
1503583200,1.18145,1.18285,1.18015,1.18135,39015,59094.65,0,NaN,NaN,NaN,NaN,NaN,NaN,449424
1503612000,1.1814,1.18175,1.18015,1.181,11319,53290.15,0,NaN,NaN,NaN,NaN,NaN,NaN,449424
1503640800,1.181,1.18435,1.17865,1.1812,77774,52881.2,0,NaN,NaN,NaN,NaN,NaN,NaN,449424
1503669600,1.1812,1.1955,1.1806,1.1937,153675,59436.7,0,NaN,NaN,NaN,NaN,NaN,NaN,457607
1503871200,1.19565,1.19725,1.19295,1.19475,28226,53674.1,0,NaN,NaN,NaN,NaN,NaN,NaN,457607
1503900000,1.19465,1.19555,1.19325,1.1949,60735,52644.05,0,NaN,NaN,NaN,NaN,NaN,NaN,457607
1503928800,1.1949,1.1997,1.19485,1.19915,61220,54796.65,0,NaN,NaN,NaN,NaN,NaN,NaN,452541
1503957600,1.1991,1.19985,1.1968,1.1994,21117,51716.25,0,NaN,NaN,NaN,NaN,NaN,NaN,452541
1503986400,1.1994,1.20825,1.1986,1.2038,167771,57010.75,0,NaN,NaN,NaN,NaN,NaN,NaN,452541
1504015200,1.2039,1.20505,1.1958,1.19825,95838,61155.75,0,NaN,NaN,NaN,NaN,NaN,NaN,453258
1504044000,1.19815,1.1996,1.1975,1.1977,23600,58882.75,0,NaN,NaN,NaN,NaN,NaN,NaN,453258
1504072800,1.1977,1.1981,1.1904,1.1924,134894,62543.95,0,NaN,NaN,NaN,NaN,NaN,NaN,453258
1504101600,1.1924,1.19405,1.1892,1.18955,80641,65865,0,NaN,NaN,NaN,NaN,NaN,NaN,452686
1504130400,1.1903,1.19065,1.188,1.1882,17761,62439,0,NaN,NaN,NaN,NaN,NaN,NaN,452686
1504159200,1.18825,1.1915,1.1832,1.1863,133112,66942.35,0,NaN,NaN,NaN,NaN,NaN,NaN,452686
1504188000,1.18635,1.1923,1.1858,1.1918,98645,71142.7,0,NaN,NaN,NaN,NaN,NaN,NaN,447703
1504216800,1.19275,1.1932,1.18965,1.1904,15032,67539.95,0,NaN,NaN,NaN,NaN,NaN,NaN,447703
1504245600,1.1904,1.19895,1.1872,1.18745,170772,73302.5,0,NaN,NaN,NaN,NaN,NaN,NaN,447703
1504274400,1.1874,1.1904,1.18575,1.18675,84663,76845.7,0,NaN,NaN,NaN,NaN,NaN,NaN,449341
1504476000,1.189,1.1898,1.18805,1.1893,11034,74342.2,0,NaN,NaN,NaN,NaN,NaN,NaN,449341
1504504800,1.1893,1.19305,1.18905,1.19115,39835,74383.2,0,NaN,NaN,NaN,NaN,NaN,NaN,449341
1504533600,1.19115,1.19285,1.18985,1.18985,9925,74313.5,0,NaN,NaN,NaN,NaN,NaN,NaN,449341
1504562400,1.19045,1.1919,1.1896,1.1913,17483,71298.95,0,NaN,NaN,NaN,NaN,NaN,NaN,449341
1504591200,1.1913,1.19165,1.1876,1.1896,81304,67680.4,0,NaN,NaN,NaN,NaN,NaN,NaN,449341
1504620000,1.18955,1.19485,1.1895,1.19225,89469,70742.55,0,NaN,NaN,NaN,NaN,NaN,NaN,444906
1504648800,1.1923,1.19365,1.191,1.19335,15314,68471.5,0,NaN,NaN,NaN,NaN,NaN,NaN,444906
1504677600,1.1933,1.1957,1.19205,1.1932,78674,69344.2,0,NaN,NaN,NaN,NaN,NaN,NaN,444906
1504706400,1.1933,1.1958,1.1915,1.1924,84269,72501.8,0,NaN,NaN,NaN,NaN,NaN,NaN,441717
1504735200,1.19255,1.194,1.19245,1.19285,12382,64732.35,0,NaN,NaN,NaN,NaN,NaN,NaN,441717
1504764000,1.19275,1.2065,1.19195,1.20055,248248,72352.85,0,NaN,NaN,NaN,NaN,NaN,NaN,441717
1504792800,1.20055,1.20375,1.19905,1.20305,80729,75209.3,0,NaN,NaN,NaN,NaN,NaN,NaN,414297
1504821600,1.2025,1.20975,1.20225,1.20845,48179,70873.55,0,NaN,NaN,NaN,NaN,NaN,NaN,414297
1504850400,1.20845,1.2091,1.20285,1.2032,112791,72481.05,0,NaN,NaN,NaN,NaN,NaN,NaN,414297
1504879200,1.2032,1.2049,1.20195,1.20395,59187,74552.35,0,NaN,NaN,NaN,NaN,NaN,NaN,398098
1505080800,1.2029,1.2029,1.2003,1.202,20069,68900.2,0,NaN,NaN,NaN,NaN,NaN,NaN,398098
1505109600,1.20195,1.2034,1.19755,1.1992,83522,68144.05,0,NaN,NaN,NaN,NaN,NaN,NaN,398098
1505138400,1.1992,1.19975,1.1951,1.1957,49477,69866.3,0,NaN,NaN,NaN,NaN,NaN,NaN,352121
1505167200,1.19585,1.19685,1.19495,1.1963,14594,62057.4,0,NaN,NaN,NaN,NaN,NaN,NaN,352121
1505196000,1.1962,1.1982,1.193,1.195,98078,62728.15,0,NaN,NaN,NaN,NaN,NaN,NaN,352121
1505224800,1.195,1.19775,1.19455,1.1968,59796,65166.25,0,NaN,NaN,NaN,NaN,NaN,NaN,302292
1505253600,1.1969,1.1996,1.19665,1.19825,18774,64113.2,0,NaN,NaN,NaN,NaN,NaN,NaN,302292
1505282400,1.1982,1.1998,1.19405,1.19405,75219,67377.9,0,NaN,NaN,NaN,NaN,NaN,NaN,302292
1505311200,1.194,1.1943,1.18755,1.1888,93207,71164.1,0,NaN,NaN,NaN,NaN,NaN,NaN,189895
1505340000,1.189,1.18955,1.18665,1.18765,13547,67776.25,0,NaN,NaN,NaN,NaN,NaN,NaN,189895
1505368800,1.18765,1.1911,1.18375,1.1885,106340,68619.8,0,NaN,NaN,NaN,NaN,NaN,NaN,189895
1505397600,1.1885,1.1924,1.18715,1.1921,55340,70621.1,0,NaN,NaN,NaN,NaN,NaN,NaN,139924
1505426400,1.1974,1.1982,1.19585,1.19775,15563,67465.55,0,NaN,NaN,NaN,NaN,NaN,NaN,139924
1505455200,1.1977,1.2046,1.1963,1.20345,106135,68558.85,0,NaN,NaN,NaN,NaN,NaN,NaN,139924
1505484000,1.20345,1.20365,1.1987,1.20025,64918,71185.65,0,NaN,NaN,NaN,NaN,NaN,NaN,414274
1505685600,1.1995,1.20125,1.1991,1.2001,13759,59461.2,0,NaN,NaN,NaN,NaN,NaN,NaN,414274
1505714400,1.20005,1.2027,1.1972,1.20175,73798,59114.65,0,NaN,NaN,NaN,NaN,NaN,NaN,414274
1505743200,1.2017,1.20255,1.198,1.20115,66611,60036.25,0,NaN,NaN,NaN,NaN,NaN,NaN,417069
1505772000,1.20105,1.20495,1.2008,1.20395,19166,55355,0,NaN,NaN,NaN,NaN,NaN,NaN,417069
1505800800,1.204,1.2064,1.2011,1.20435,113742,58082.75,0,NaN,NaN,NaN,NaN,NaN,NaN,417069
1505829600,1.2044,1.20645,1.2018,1.20525,60383,60098.45,0,NaN,NaN,NaN,NaN,NaN,NaN,423516
1505858400,1.20545,1.2077,1.20435,1.2067,23171,57080.9,0,NaN,NaN,NaN,NaN,NaN,NaN,423516
1505887200,1.2067,1.2079,1.2046,1.2053,71911,58202.6,0,NaN,NaN,NaN,NaN,NaN,NaN,423516
1505916000,1.2053,1.20925,1.19175,1.195,156971,65321.45,0,NaN,NaN,NaN,NaN,NaN,NaN,424256
1505944800,1.1948,1.1951,1.192,1.19375,23052,61570.15,0,NaN,NaN,NaN,NaN,NaN,NaN,424256
1505973600,1.1937,1.1984,1.19305,1.19795,111827,64171.7,0,NaN,NaN,NaN,NaN,NaN,NaN,424256
1506002400,1.1979,1.20085,1.19645,1.1997,75471,67006.55,0,NaN,NaN,NaN,NaN,NaN,NaN,424338
1506031200,1.1995,1.20235,1.1991,1.20215,22969,64394.05,0,NaN,NaN,NaN,NaN,NaN,NaN,424338
1506060000,1.20215,1.20595,1.2012,1.2023,112922,65379.8,0,NaN,NaN,NaN,NaN,NaN,NaN,424338
1506088800,1.20225,1.20385,1.1992,1.20015,75096,68457.25,0,NaN,NaN,NaN,NaN,NaN,NaN,425178
1506290400,1.19705,1.1991,1.19675,1.1982,18220,64051.25,0,NaN,NaN,NaN,NaN,NaN,NaN,425178
1506319200,1.19825,1.19855,1.1917,1.1934,126849,67626.7,0,NaN,NaN,NaN,NaN,NaN,NaN,425178
1506348000,1.1934,1.19435,1.1886,1.19045,96668,71681.95,0,NaN,NaN,NaN,NaN,NaN,NaN,423674
1506376800,1.1901,1.1916,1.189,1.18955,22870,67518.7,0,NaN,NaN,NaN,NaN,NaN,NaN,423674
1506405600,1.18955,1.1913,1.18335,1.1834,133872,70966.4,0,NaN,NaN,NaN,NaN,NaN,NaN,423674
1506434400,1.1835,1.18645,1.18105,1.18475,108705,75713.7,0,NaN,NaN,NaN,NaN,NaN,NaN,421832
1506463200,1.1846,1.1849,1.18235,1.18275,19709,73009.25,0,NaN,NaN,NaN,NaN,NaN,NaN,421832
1506492000,1.1827,1.1833,1.17705,1.1779,133036,76330.5,0,NaN,NaN,NaN,NaN,NaN,NaN,421832
1506520800,1.17795,1.183,1.17715,1.17975,97116,80228,0,NaN,NaN,NaN,NaN,NaN,NaN,422452
1506549600,1.1796,1.1806,1.177,1.17755,23464,75714.1,0,NaN,NaN,NaN,NaN,NaN,NaN,422452
1506578400,1.1775,1.1845,1.1771,1.18445,135516,79470.75,0,NaN,NaN,NaN,NaN,NaN,NaN,422452
1506607200,1.1845,1.1854,1.18225,1.18365,66773,81650.85,0,NaN,NaN,NaN,NaN,NaN,NaN,422669
1506636000,1.18335,1.18395,1.1822,1.1823,14592,78784.9,0,NaN,NaN,NaN,NaN,NaN,NaN,422669
1506664800,1.18235,1.18815,1.1821,1.18445,115195,76696.1,0,NaN,NaN,NaN,NaN,NaN,NaN,422669
1506693600,1.18445,1.1875,1.1843,1.18645,81003,79593.65,0,NaN,NaN,NaN,NaN,NaN,NaN,423458
1506895200,1.18565,1.18635,1.18085,1.18115,25419,75273.25,0,NaN,NaN,NaN,NaN,NaN,NaN,423458
1506924000,1.18115,1.1817,1.1779,1.18005,106194,76809.4,0,NaN,NaN,NaN,NaN,NaN,NaN,423458
1506952800,1.18,1.18075,1.17785,1.17815,65057,78913.8,0,NaN,NaN,NaN,NaN,NaN,NaN,422026
1506981600,1.178,1.1788,1.17425,1.1753,28943,74714.85,0,NaN,NaN,NaN,NaN,NaN,NaN,422026
1507010400,1.1753,1.18095,1.175,1.1802,101371,76028.6,0,NaN,NaN,NaN,NaN,NaN,NaN,422026
1507039200,1.1802,1.1821,1.17855,1.1793,52322,77733.7,0,NaN,NaN,NaN,NaN,NaN,NaN,422974
1507068000,1.17845,1.18265,1.1782,1.1817,24220,72602.25,0,NaN,NaN,NaN,NaN,NaN,NaN,422974
1507096800,1.1817,1.1835,1.1793,1.18105,98085,72673.1,0,NaN,NaN,NaN,NaN,NaN,NaN,422974
1507125600,1.181,1.1817,1.17925,1.1805,54175,74238.35,0,NaN,NaN,NaN,NaN,NaN,NaN,423618
1507154400,1.1802,1.1808,1.1795,1.1798,11420,68115.75,0,NaN,NaN,NaN,NaN,NaN,NaN,423618
1507183200,1.17985,1.1823,1.1756,1.17665,116361,68498.55,0,NaN,NaN,NaN,NaN,NaN,NaN,423618
1507212000,1.17665,1.17795,1.1743,1.1756,69424,70984.3,0,NaN,NaN,NaN,NaN,NaN,NaN,422902
1507240800,1.17555,1.17595,1.17295,1.17435,20789,65371.95,0,NaN,NaN,NaN,NaN,NaN,NaN,422902
1507269600,1.17435,1.1775,1.1712,1.1742,131424,67087.35,0,NaN,NaN,NaN,NaN,NaN,NaN,422902
1507298400,1.1742,1.1783,1.1728,1.1777,86811,70254.7,0,NaN,NaN,NaN,NaN,NaN,NaN,427425
1507500000,1.1779,1.1791,1.1775,1.17805,13676,64162.7,0,NaN,NaN,NaN,NaN,NaN,NaN,427425
1507528800,1.17795,1.1791,1.1762,1.17745,49230,63285.55,0,NaN,NaN,NaN,NaN,NaN,NaN,427425
1507557600,1.17745,1.17995,1.1768,1.1783,42309,64671.4,0,NaN,NaN,NaN,NaN,NaN,NaN,426436
1507586400,1.1783,1.1825,1.1782,1.18135,23001,60061.7,0,NaN,NaN,NaN,NaN,NaN,NaN,426436
1507615200,1.1813,1.18505,1.1805,1.1846,114889,61756,0,NaN,NaN,NaN,NaN,NaN,NaN,426436
1507644000,1.1846,1.18695,1.1839,1.18505,93671,65168.6,0,NaN,NaN,NaN,NaN,NaN,NaN,434621
1507672800,1.185,1.18705,1.18375,1.18595,26721,61194.95,0,NaN,NaN,NaN,NaN,NaN,NaN,434621
1507701600,1.18585,1.19015,1.18445,1.1898,123024,64093.3,0,NaN,NaN,NaN,NaN,NaN,NaN,434621
1507730400,1.1898,1.19125,1.18815,1.19035,73574,66324.85,0,NaN,NaN,NaN,NaN,NaN,NaN,437850
1507759200,1.1901,1.1921,1.18995,1.1919,20184,62265.5,0,NaN,NaN,NaN,NaN,NaN,NaN,437850
1507788000,1.19195,1.19195,1.18695,1.18735,83036,63801.2,0,NaN,NaN,NaN,NaN,NaN,NaN,437850
1507816800,1.18735,1.1891,1.18675,1.18715,65059,65843.15,0,NaN,NaN,NaN,NaN,NaN,NaN,435595
1507845600,1.1873,1.18915,1.1865,1.18865,17557,61816.75,0,NaN,NaN,NaN,NaN,NaN,NaN,435595
1507874400,1.18865,1.1915,1.1845,1.19065,132225,65719.25,0,NaN,NaN,NaN,NaN,NaN,NaN,435595
1507903200,1.1907,1.1911,1.18505,1.1859,68327,68564.6,0,NaN,NaN,NaN,NaN,NaN,NaN,432734
1508104800,1.18505,1.1859,1.1833,1.18365,17401,63616.6,0,NaN,NaN,NaN,NaN,NaN,NaN,432734
1508133600,1.1836,1.1856,1.1819,1.18415,78169,64053.85,0,NaN,NaN,NaN,NaN,NaN,NaN,432734
1508162400,1.1842,1.1859,1.18245,1.1834,56877,65858.25,0,NaN,NaN,NaN,NaN,NaN,NaN,432699
1508191200,1.18355,1.1836,1.18045,1.18075,16099,60092,0,NaN,NaN,NaN,NaN,NaN,NaN,432699
1508220000,1.18075,1.1813,1.17805,1.1784,100800,60791.45,0,NaN,NaN,NaN,NaN,NaN,NaN,432699
1508248800,1.1784,1.18135,1.1774,1.18035,62765,63245.9,0,NaN,NaN,NaN,NaN,NaN,NaN,430712
1508277600,1.1804,1.1819,1.1796,1.1802,14392,61504,0,NaN,NaN,NaN,NaN,NaN,NaN,430712
1508306400,1.1802,1.18145,1.1767,1.1802,109170,64847.05,0,NaN,NaN,NaN,NaN,NaN,NaN,430712
1508335200,1.18015,1.1843,1.1797,1.1826,64971,66945.55,0,NaN,NaN,NaN,NaN,NaN,NaN,430754
1508364000,1.1828,1.1852,1.18275,1.18335,26548,62528.5,0,NaN,NaN,NaN,NaN,NaN,NaN,430754
1508392800,1.18335,1.1884,1.1804,1.1881,126597,64174.8,0,NaN,NaN,NaN,NaN,NaN,NaN,430754
1508421600,1.1881,1.18945,1.1862,1.18855,67424,66209.95,0,NaN,NaN,NaN,NaN,NaN,NaN,433543
1508450400,1.1883,1.18935,1.1839,1.1844,37943,61955.9,0,NaN,NaN,NaN,NaN,NaN,NaN,433543
1508479200,1.1844,1.18615,1.18215,1.1823,92003,62877.35,0,NaN,NaN,NaN,NaN,NaN,NaN,433543
1508508000,1.1823,1.18345,1.17975,1.182,77005,65718.4,0,NaN,NaN,NaN,NaN,NaN,NaN,430428
1508709600,1.1808,1.18095,1.1786,1.1807,18950,62514.1,0,NaN,NaN,NaN,NaN,NaN,NaN,430428
1508738400,1.18075,1.1812,1.17675,1.17825,86280,63575.15,0,NaN,NaN,NaN,NaN,NaN,NaN,430428
1508767200,1.1783,1.17985,1.17595,1.17845,69207,66157.65,0,NaN,NaN,NaN,NaN,NaN,NaN,427669
1508796000,1.1784,1.18045,1.1781,1.17895,17630,60427.9,0,NaN,NaN,NaN,NaN,NaN,NaN,427669
1508824800,1.179,1.1804,1.1777,1.17935,74931,60758.1,0,NaN,NaN,NaN,NaN,NaN,NaN,427669
1508853600,1.17935,1.18275,1.17905,1.17985,82111,63993.6,0,NaN,NaN,NaN,NaN,NaN,NaN,428548
1508882400,1.1796,1.1804,1.1787,1.17995,15259,60848.1,0,NaN,NaN,NaN,NaN,NaN,NaN,428548
1508911200,1.17995,1.18345,1.1789,1.18315,99698,62989.15,0,NaN,NaN,NaN,NaN,NaN,NaN,428548
1508940000,1.18315,1.18515,1.1819,1.18485,87031,66535.75,0,NaN,NaN,NaN,NaN,NaN,NaN,429345
1508968800,1.1847,1.18685,1.1844,1.1861,20851,62538.3,0,NaN,NaN,NaN,NaN,NaN,NaN,429345
1508997600,1.1861,1.18645,1.1738,1.1751,190172,68908.65,0,NaN,NaN,NaN,NaN,NaN,NaN,429345
1509026400,1.17515,1.17575,1.1671,1.1681,171134,76745.75,0,NaN,NaN,NaN,NaN,NaN,NaN,428029
1509055200,1.1684,1.1686,1.1655,1.1674,29229,72748.7,0,NaN,NaN,NaN,NaN,NaN,NaN,428029
1509084000,1.1674,1.1674,1.16095,1.1611,169003,77950.3,0,NaN,NaN,NaN,NaN,NaN,NaN,428029
1509112800,1.16115,1.16545,1.1604,1.16405,123346,82790.2,0,NaN,NaN,NaN,NaN,NaN,NaN,424738
1509314400,1.1633,1.1648,1.1624,1.16475,22335,77577.1,0,NaN,NaN,NaN,NaN,NaN,NaN,424738
1509343200,1.1647,1.16725,1.1632,1.165,108231,79617.45,0,NaN,NaN,NaN,NaN,NaN,NaN,424738
1509372000,1.165,1.16885,1.16335,1.16815,78114,81626,0,NaN,NaN,NaN,NaN,NaN,NaN,423384
1509400800,1.16795,1.16825,1.16545,1.16655,20329,78042.3,0,NaN,NaN,NaN,NaN,NaN,NaN,423384
1509429600,1.1665,1.16845,1.16515,1.16705,79797,78181.9,0,NaN,NaN,NaN,NaN,NaN,NaN,423384
1509458400,1.16695,1.16915,1.1656,1.1676,72866,80877.7,0,NaN,NaN,NaN,NaN,NaN,NaN,423996
1509487200,1.1676,1.1684,1.16545,1.1658,17362,77431.8,0,NaN,NaN,NaN,NaN,NaN,NaN,423996
1509516000,1.16585,1.1686,1.1635,1.1641,78633,77903.1,0,NaN,NaN,NaN,NaN,NaN,NaN,423996
1509544800,1.16415,1.1672,1.1639,1.16465,87918,81417.5,0,NaN,NaN,NaN,NaN,NaN,NaN,424276
1509573600,1.1651,1.16985,1.164,1.16835,34170,79379.45,0,NaN,NaN,NaN,NaN,NaN,NaN,424276
1509602400,1.1683,1.16945,1.1653,1.1677,91053,79826.55,0,NaN,NaN,NaN,NaN,NaN,NaN,424276
1509631200,1.1677,1.17145,1.1675,1.16855,93283,83727.75,0,NaN,NaN,NaN,NaN,NaN,NaN,429224
1509660000,1.1684,1.1693,1.16805,1.1691,11189,79302.3,0,NaN,NaN,NaN,NaN,NaN,NaN,429224
1509688800,1.16915,1.17225,1.16645,1.1672,113067,80604.1,0,NaN,NaN,NaN,NaN,NaN,NaN,429224
1509717600,1.16715,1.16715,1.1625,1.1634,105169,84820,0,NaN,NaN,NaN,NaN,NaN,NaN,426649
1509922800,1.16395,1.16495,1.16225,1.16345,28130,76717.9,0,NaN,NaN,NaN,NaN,NaN,NaN,426649
1509951600,1.1634,1.1642,1.16075,1.161,82638,72293.1,0,NaN,NaN,NaN,NaN,NaN,NaN,426649
1509980400,1.16105,1.16415,1.16055,1.16345,58372,73750.25,0,NaN,NaN,NaN,NaN,NaN,NaN,427940
1510009200,1.1636,1.16405,1.16205,1.16265,20553,66327.75,0,NaN,NaN,NaN,NaN,NaN,NaN,427940
1510038000,1.1627,1.1627,1.15785,1.1602,113143,65817.6,0,NaN,NaN,NaN,NaN,NaN,NaN,427940
1510066800,1.16025,1.16175,1.1587,1.16105,66394,68020.55,0,NaN,NaN,NaN,NaN,NaN,NaN,429096
1510095600,1.1616,1.16305,1.1609,1.16165,18864,63552.2,0,NaN,NaN,NaN,NaN,NaN,NaN,429096
1510124400,1.1616,1.16355,1.16075,1.1623,73316,63312.3,0,NaN,NaN,NaN,NaN,NaN,NaN,429096
1510153200,1.1623,1.16285,1.1603,1.16205,50565,64824.1,0,NaN,NaN,NaN,NaN,NaN,NaN,429667
1510182000,1.16175,1.1635,1.16085,1.1632,23161,61992.3,0,NaN,NaN,NaN,NaN,NaN,NaN,429667
1510210800,1.16315,1.16675,1.16115,1.16535,133594,65028.7,0,NaN,NaN,NaN,NaN,NaN,NaN,429667
1510239600,1.1654,1.16775,1.16445,1.1665,82227,68271.95,0,NaN,NaN,NaN,NaN,NaN,NaN,437372
1510268400,1.1664,1.1676,1.1663,1.1671,23169,65498.75,0,NaN,NaN,NaN,NaN,NaN,NaN,437372
1510297200,1.1671,1.1689,1.16445,1.1686,97652,65985.45,0,NaN,NaN,NaN,NaN,NaN,NaN,437372
1510326000,1.1686,1.17,1.16725,1.1687,61177,67335.8,0,NaN,NaN,NaN,NaN,NaN,NaN,440174
1510527600,1.16775,1.1686,1.1666,1.16695,17384,63652.35,0,NaN,NaN,NaN,NaN,NaN,NaN,440174
1510556400,1.167,1.1697,1.16585,1.1682,78845,62930.45,0,NaN,NaN,NaN,NaN,NaN,NaN,440174
1510585200,1.1682,1.1694,1.1676,1.1688,39095,64325.75,0,NaN,NaN,NaN,NaN,NaN,NaN,441826
1510614000,1.16855,1.1698,1.16825,1.1686,14854,59415.1,0,NaN,NaN,NaN,NaN,NaN,NaN,441826
1510642800,1.1686,1.1785,1.16855,1.17725,174159,62864.6,0,NaN,NaN,NaN,NaN,NaN,NaN,441826
1510671600,1.1772,1.1826,1.17655,1.18195,100671,66491.65,0,NaN,NaN,NaN,NaN,NaN,NaN,452815
1510700400,1.18165,1.18195,1.18055,1.1812,25079,63613.7,0,NaN,NaN,NaN,NaN,NaN,NaN,452815
1510729200,1.18125,1.18815,1.18115,1.18405,185003,69945.25,0,NaN,NaN,NaN,NaN,NaN,NaN,452815
1510758000,1.18405,1.1841,1.18085,1.18125,75092,72672.2,0,NaN,NaN,NaN,NaN,NaN,NaN,458067
1510786800,1.1802,1.18195,1.17895,1.18185,23413,68185.7,0,NaN,NaN,NaN,NaN,NaN,NaN,458067
1510815600,1.18185,1.18185,1.1775,1.1797,103929,70062.45,0,NaN,NaN,NaN,NaN,NaN,NaN,458067
1510844400,1.1798,1.1804,1.1778,1.1789,48790,71558.75,0,NaN,NaN,NaN,NaN,NaN,NaN,457469
1510873200,1.17895,1.18395,1.1783,1.183,41486,69967.25,0,NaN,NaN,NaN,NaN,NaN,NaN,457469
1510902000,1.183,1.1831,1.17915,1.18125,96276,72252.8,0,NaN,NaN,NaN,NaN,NaN,NaN,457469
1510930800,1.1813,1.1824,1.1794,1.18085,57041,73946.8,0,NaN,NaN,NaN,NaN,NaN,NaN,457904
1511132400,1.1787,1.1787,1.17395,1.17535,45947,69564.45,0,NaN,NaN,NaN,NaN,NaN,NaN,457904
1511161200,1.17535,1.18265,1.17525,1.1774,120786,71492.4,0,NaN,NaN,NaN,NaN,NaN,NaN,457904
1511190000,1.1774,1.17765,1.1745,1.1749,62730,73470.45,0,NaN,NaN,NaN,NaN,NaN,NaN,455394
1511218800,1.175,1.17655,1.17465,1.17585,20727,69624.2,0,NaN,NaN,NaN,NaN,NaN,NaN,455394
1511247600,1.17585,1.1774,1.1728,1.1753,105552,71842.95,0,NaN,NaN,NaN,NaN,NaN,NaN,455394
1511276400,1.17535,1.17685,1.174,1.17535,53104,73628.95,0,NaN,NaN,NaN,NaN,NaN,NaN,450036
1511305200,1.1752,1.17725,1.1749,1.1767,16093,70491.35,0,NaN,NaN,NaN,NaN,NaN,NaN,450036
1511334000,1.17675,1.1794,1.1751,1.17925,90342,73053.7,0,NaN,NaN,NaN,NaN,NaN,NaN,450036
1511362800,1.17925,1.18435,1.1788,1.18405,82045,76413.25,0,NaN,NaN,NaN,NaN,NaN,NaN,455863
1511391600,1.1834,1.1853,1.18275,1.18425,18193,68614.95,0,NaN,NaN,NaN,NaN,NaN,NaN,455863
1511420400,1.1843,1.1871,1.1838,1.18605,50004,66081.6,0,NaN,NaN,NaN,NaN,NaN,NaN,455863
1511449200,1.186,1.18695,1.1854,1.1863,9343,65294.8,0,NaN,NaN,NaN,NaN,NaN,NaN,455863
1511478000,1.18635,1.1874,1.18505,1.1861,20013,57045.3,0,NaN,NaN,NaN,NaN,NaN,NaN,455863
1511506800,1.1861,1.19345,1.18505,1.19335,109633,58772.35,0,NaN,NaN,NaN,NaN,NaN,NaN,455863
1511535600,1.19335,1.1959,1.1933,1.19395,52443,60223.85,0,NaN,NaN,NaN,NaN,NaN,NaN,478544
1511737200,1.19475,1.19505,1.19255,1.1936,23430,56198.9,0,NaN,NaN,NaN,NaN,NaN,NaN,478544
1511766000,1.19365,1.1975,1.193,1.19525,103615,58940.15,0,NaN,NaN,NaN,NaN,NaN,NaN,478544
1511794800,1.1952,1.1953,1.1909,1.1913,61175,59924.6,0,NaN,NaN,NaN,NaN,NaN,NaN,478385
1511823600,1.1913,1.19235,1.191,1.1921,19518,56086.7,0,NaN,NaN,NaN,NaN,NaN,NaN,478385
1511852400,1.1921,1.1933,1.18875,1.1891,88846,57676.95,0,NaN,NaN,NaN,NaN,NaN,NaN,478385
1511881200,1.1891,1.19015,1.184,1.1852,112320,60995.6,0,NaN,NaN,NaN,NaN,NaN,NaN,475863
1511910000,1.18605,1.1874,1.18525,1.1872,18924,55902.5,0,NaN,NaN,NaN,NaN,NaN,NaN,475863
1511938800,1.1872,1.18955,1.1829,1.18475,106662,58099.1,0,NaN,NaN,NaN,NaN,NaN,NaN,475863
1511967600,1.1848,1.18785,1.1841,1.18585,68436,60484.55,0,NaN,NaN,NaN,NaN,NaN,NaN,466178
1511996400,1.1861,1.1883,1.1858,1.1877,20436,56228.75,0,NaN,NaN,NaN,NaN,NaN,NaN,466178
1512025200,1.1877,1.19175,1.18185,1.1914,121684,59657.75,0,NaN,NaN,NaN,NaN,NaN,NaN,466178
1512054000,1.19145,1.1942,1.18955,1.1914,125682,65137.2,0,NaN,NaN,NaN,NaN,NaN,NaN,472364
1512082800,1.19005,1.19425,1.1899,1.19295,30253,62132.75,0,NaN,NaN,NaN,NaN,NaN,NaN,472364
1512111600,1.19295,1.195,1.187,1.18705,123529,64206.95,0,NaN,NaN,NaN,NaN,NaN,NaN,472364
1512140400,1.1871,1.1945,1.186,1.19085,120705,69332.55,0,NaN,NaN,NaN,NaN,NaN,NaN,465091
1512342000,1.18785,1.18855,1.1865,1.1874,16867,67675.7,0,NaN,NaN,NaN,NaN,NaN,NaN,465091
1512370800,1.18745,1.18875,1.18425,1.18515,92675,71842.3,0,NaN,NaN,NaN,NaN,NaN,NaN,465091
1512399600,1.18515,1.18775,1.1838,1.1875,56044,73643.85,0,NaN,NaN,NaN,NaN,NaN,NaN,462217
1512428400,1.18755,1.1885,1.1871,1.1875,13344,68829.4,0,NaN,NaN,NaN,NaN,NaN,NaN,462217
1512457200,1.1875,1.18855,1.1821,1.1837,85414,70477.95,0,NaN,NaN,NaN,NaN,NaN,NaN,462217
1512486000,1.18375,1.1851,1.1808,1.1833,65039,72558.4,0,NaN,NaN,NaN,NaN,NaN,NaN,457397
1512514800,1.1837,1.1856,1.18245,1.18415,24018,68578.55,0,NaN,NaN,NaN,NaN,NaN,NaN,457397
1512543600,1.1842,1.18475,1.17945,1.1798,86839,69861.75,0,NaN,NaN,NaN,NaN,NaN,NaN,457397
1512572400,1.17975,1.18085,1.1788,1.18025,50202,71395.95,0,NaN,NaN,NaN,NaN,NaN,NaN,449890
1512601200,1.18085,1.1815,1.17925,1.17985,16354,67771.35,0,NaN,NaN,NaN,NaN,NaN,NaN,449890
1512630000,1.17985,1.1811,1.17815,1.1803,70708,65690.75,0,NaN,NaN,NaN,NaN,NaN,NaN,449890
1512658800,1.18025,1.1821,1.1777,1.17775,61863,67837.7,0,NaN,NaN,NaN,NaN,NaN,NaN,424986
1512687600,1.1781,1.1782,1.17565,1.17575,22900,63649.6,0,NaN,NaN,NaN,NaN,NaN,NaN,424986
1512716400,1.17575,1.17755,1.17345,1.17605,116902,66072.9,0,NaN,NaN,NaN,NaN,NaN,NaN,424986
1512745200,1.17605,1.178,1.1752,1.1777,54835,67792.85,0,NaN,NaN,NaN,NaN,NaN,NaN,385103
1512946800,1.17755,1.1791,1.17705,1.1783,21015,62759.4,0,NaN,NaN,NaN,NaN,NaN,NaN,385103
1512975600,1.17835,1.18075,1.17795,1.17995,70045,59977.55,0,NaN,NaN,NaN,NaN,NaN,NaN,385103
1513004400,1.17995,1.1816,1.17685,1.1773,56704,61300.1,0,NaN,NaN,NaN,NaN,NaN,NaN,358281
1513033200,1.1777,1.1784,1.17685,1.17805,14410,55844.15,0,NaN,NaN,NaN,NaN,NaN,NaN,358281
1513062000,1.178,1.1797,1.1739,1.1746,93600,54488.9,0,NaN,NaN,NaN,NaN,NaN,NaN,358281
1513090800,1.1746,1.1753,1.17215,1.17455,69293,57110.2,0,NaN,NaN,NaN,NaN,NaN,NaN,306183
1513119600,1.17415,1.1766,1.17385,1.1759,19295,53441.2,0,NaN,NaN,NaN,NaN,NaN,NaN,306183
1513148400,1.1759,1.1774,1.17325,1.17545,89100,55094,0,NaN,NaN,NaN,NaN,NaN,NaN,306183
1513177200,1.1754,1.1835,1.1752,1.18285,112401,60046.85,0,NaN,NaN,NaN,NaN,NaN,NaN,173806
1513206000,1.18265,1.1845,1.18205,1.18245,22793,56915.8,0,NaN,NaN,NaN,NaN,NaN,NaN,173806
1513234800,1.18245,1.18645,1.1796,1.1803,134420,60384.85,0,NaN,NaN,NaN,NaN,NaN,NaN,173806
1513263600,1.18025,1.1808,1.1772,1.1781,64669,62417.4,0,NaN,NaN,NaN,NaN,NaN,NaN,133760
1513292400,1.185,1.18735,1.1847,1.18675,23472,59249.05,0,NaN,NaN,NaN,NaN,NaN,NaN,133760
1513321200,1.1867,1.1901,1.1861,1.1867,106218,62049.85,0,NaN,NaN,NaN,NaN,NaN,NaN,133760
1513350000,1.1867,1.18725,1.18355,1.18365,68419,64653.1,0,NaN,NaN,NaN,NaN,NaN,NaN,435982
1513551600,1.18345,1.1859,1.1829,1.1856,16315,61933.45,0,NaN,NaN,NaN,NaN,NaN,NaN,435982
1513580400,1.1856,1.18935,1.18495,1.1891,82952,62987.9,0,NaN,NaN,NaN,NaN,NaN,NaN,435982
1513609200,1.1891,1.1919,1.1859,1.1866,69790,65332.4,0,NaN,NaN,NaN,NaN,NaN,NaN,445156
1513638000,1.18655,1.1876,1.1859,1.18725,17788,60376.7,0,NaN,NaN,NaN,NaN,NaN,NaN,445156
1513666800,1.1872,1.191,1.18705,1.18875,111409,63205.4,0,NaN,NaN,NaN,NaN,NaN,NaN,445156
1513695600,1.1888,1.19255,1.18835,1.1916,73500,65829.65,0,NaN,NaN,NaN,NaN,NaN,NaN,454753
1513724400,1.1916,1.1924,1.1905,1.1905,17491,63201.95,0,NaN,NaN,NaN,NaN,NaN,NaN,454753
1513753200,1.19055,1.19375,1.1905,1.19335,94338,65083.65,0,NaN,NaN,NaN,NaN,NaN,NaN,454753
1513782000,1.19335,1.1976,1.19285,1.1948,88919,68809.1,0,NaN,NaN,NaN,NaN,NaN,NaN,465512
1513810800,1.1947,1.1955,1.19375,1.19435,17910,65024.6,0,NaN,NaN,NaN,NaN,NaN,NaN,465512
1513839600,1.1943,1.19635,1.19245,1.19405,94099,66264.9,0,NaN,NaN,NaN,NaN,NaN,NaN,465512
1513868400,1.19405,1.1955,1.19295,1.19515,44530,67526.65,0,NaN,NaN,NaN,NaN,NaN,NaN,460522
1513897200,1.19435,1.1945,1.18925,1.1932,29668,64555.05,0,NaN,NaN,NaN,NaN,NaN,NaN,460522
1513926000,1.19315,1.19385,1.19195,1.19285,61066,61988.3,0,NaN,NaN,NaN,NaN,NaN,NaN,460522
1513954800,1.1928,1.1944,1.1905,1.1944,45378,63117.55,0,NaN,NaN,NaN,NaN,NaN,NaN,463206
1514242800,1.19455,1.1956,1.1939,1.1943,8803,56836.7,0,NaN,NaN,NaN,NaN,NaN,NaN,463206
1514271600,1.1943,1.19575,1.1922,1.1957,28264,55016.45,0,NaN,NaN,NaN,NaN,NaN,NaN,463206
1514300400,1.19565,1.196,1.19345,1.1939,18363,54761,0,NaN,NaN,NaN,NaN,NaN,NaN,466891
1514329200,1.19375,1.19625,1.1931,1.1956,13878,50144,0,NaN,NaN,NaN,NaN,NaN,NaN,466891
1514358000,1.19565,1.198,1.1942,1.1979,67301,50088.1,0,NaN,NaN,NaN,NaN,NaN,NaN,466891
1514386800,1.1979,1.19835,1.19565,1.19595,42132,51378.95,0,NaN,NaN,NaN,NaN,NaN,NaN,476601
1514415600,1.196,1.1988,1.19525,1.1986,18862,48174.45,0,NaN,NaN,NaN,NaN,NaN,NaN,476601
1514444400,1.1986,1.2005,1.19785,1.20025,66883,48029.1,0,NaN,NaN,NaN,NaN,NaN,NaN,476601
1514473200,1.20025,1.2014,1.1991,1.1998,43147,49297.05,0,NaN,NaN,NaN,NaN,NaN,NaN,488700
1514502000,1.19935,1.2009,1.19905,1.2009,15797,44516.45,0,NaN,NaN,NaN,NaN,NaN,NaN,488700
1514530800,1.20085,1.2055,1.1999,1.2047,75899,44636.4,0,NaN,NaN,NaN,NaN,NaN,NaN,488700
1514559600,1.20475,1.20795,1.20415,1.2055,61420,46832.85,0,NaN,NaN,NaN,NaN,NaN,NaN,498671
1514847600,1.207,1.2084,1.20565,1.20825,21479,43189.9,0,NaN,NaN,NaN,NaN,NaN,NaN,498671
1514876400,1.20815,1.2135,1.20775,1.2092,106115,44049.7,0,NaN,NaN,NaN,NaN,NaN,NaN,498671
1514905200,1.20925,1.2118,1.20795,1.211,61047,46206.55,0,NaN,NaN,NaN,NaN,NaN,NaN,510820
1514934000,1.21085,1.21185,1.20945,1.20975,25059,42754.55,0,NaN,NaN,NaN,NaN,NaN,NaN,510820
1514962800,1.20975,1.2101,1.2063,1.2071,89296,44992.85,0,NaN,NaN,NaN,NaN,NaN,NaN,510820
1514991600,1.2069,1.2085,1.20535,1.2067,67707,46894.8,0,NaN,NaN,NaN,NaN,NaN,NaN,517682
1515020400,1.2064,1.2089,1.2055,1.2078,23954,45039.2,0,NaN,NaN,NaN,NaN,NaN,NaN,517682
1515049200,1.2078,1.2137,1.2072,1.2133,107642,48152.4,0,NaN,NaN,NaN,NaN,NaN,NaN,517682
1515078000,1.2133,1.21405,1.21115,1.21195,70206,51222.55,0,NaN,NaN,NaN,NaN,NaN,NaN,546845
1515106800,1.21215,1.21295,1.21065,1.2107,21246,50871.65,0,NaN,NaN,NaN,NaN,NaN,NaN,546845
1515135600,1.21075,1.2133,1.2075,1.208,107795,55343.25,0,NaN,NaN,NaN,NaN,NaN,NaN,546845
1515164400,1.208,1.2101,1.20705,1.2078,57216,57510.15,0,NaN,NaN,NaN,NaN,NaN,NaN,536608
1515366000,1.2081,1.2102,1.2062,1.2064,26470,55468.6,0,NaN,NaN,NaN,NaN,NaN,NaN,536608
1515394800,1.20635,1.2064,1.2015,1.2016,101997,58461.85,0,NaN,NaN,NaN,NaN,NaN,NaN,536608
1515423600,1.2016,1.2031,1.2005,1.20155,67749,60906.2,0,NaN,NaN,NaN,NaN,NaN,NaN,537286
1515452400,1.20145,1.20235,1.1999,1.2004,26880,58906.05,0,NaN,NaN,NaN,NaN,NaN,NaN,537286
1515481200,1.20045,1.2019,1.1964,1.1966,111833,62340.35,0,NaN,NaN,NaN,NaN,NaN,NaN,537286
1515510000,1.1966,1.19875,1.19645,1.19845,57545,64427.75,0,NaN,NaN,NaN,NaN,NaN,NaN,532763
1515538800,1.1985,1.1997,1.1971,1.1977,28965,62081.05,0,NaN,NaN,NaN,NaN,NaN,NaN,532763
1515567600,1.19765,1.2066,1.19755,1.2034,178080,67914.05,0,NaN,NaN,NaN,NaN,NaN,NaN,532763
1515596400,1.20335,1.2044,1.19875,1.1996,83942,71037.2,0,NaN,NaN,NaN,NaN,NaN,NaN,531698
1515625200,1.1995,1.2015,1.1982,1.19875,33401,67401.5,0,NaN,NaN,NaN,NaN,NaN,NaN,531698
1515654000,1.1987,1.20955,1.19745,1.20935,194171,74057.7,0,NaN,NaN,NaN,NaN,NaN,NaN,531698
1515682800,1.2094,1.21055,1.20735,1.20775,88645,77237,0,NaN,NaN,NaN,NaN,NaN,NaN,535641
1515711600,1.20825,1.21125,1.20765,1.2094,40273,74785.85,0,NaN,NaN,NaN,NaN,NaN,NaN,535641
1515740400,1.20935,1.2196,1.20915,1.21835,220921,82446.55,0,NaN,NaN,NaN,NaN,NaN,NaN,535641
1515769200,1.2184,1.22655,1.21685,1.22475,131290,87813.35,0,NaN,NaN,NaN,NaN,NaN,NaN,555554
1515970800,1.22495,1.22855,1.2233,1.2254,59440,85403.25,0,NaN,NaN,NaN,NaN,NaN,NaN,555554
1515999600,1.2254,1.23425,1.22465,1.2308,127352,88260.55,0,NaN,NaN,NaN,NaN,NaN,NaN,555554
1516028400,1.2308,1.23405,1.23005,1.2317,28954,88645.95,0,NaN,NaN,NaN,NaN,NaN,NaN,555554
1516057200,1.2311,1.23285,1.2293,1.23125,54879,86000.15,0,NaN,NaN,NaN,NaN,NaN,NaN,555554
1516086000,1.23125,1.2313,1.22405,1.22545,189272,92602.95,0,NaN,NaN,NaN,NaN,NaN,NaN,555554
1516114800,1.22545,1.23265,1.22525,1.2306,80707,95314.8,0,NaN,NaN,NaN,NaN,NaN,NaN,566785
1516143600,1.23015,1.23685,1.226,1.2265,74221,93926,0,NaN,NaN,NaN,NaN,NaN,NaN,566785
1516172400,1.22655,1.2295,1.22415,1.2267,142268,97651.95,0,NaN,NaN,NaN,NaN,NaN,NaN,566785
1516201200,1.22675,1.23325,1.22225,1.223,101111,101363.5,0,NaN,NaN,NaN,NaN,NaN,NaN,567626
1516230000,1.22125,1.22525,1.2209,1.225,37719,97657.8,0,NaN,NaN,NaN,NaN,NaN,NaN,567626
1516258800,1.225,1.23085,1.2229,1.2303,112523,100406.7,0,NaN,NaN,NaN,NaN,NaN,NaN,567626
1516287600,1.2303,1.23035,1.2262,1.2281,81251,103021,0,NaN,NaN,NaN,NaN,NaN,NaN,572027
1516316400,1.22845,1.23115,1.2273,1.23005,41328,96183.4,0,NaN,NaN,NaN,NaN,NaN,NaN,572027
1516345200,1.23005,1.2337,1.2272,1.2293,127727,98372.65,0,NaN,NaN,NaN,NaN,NaN,NaN,572027
1516374000,1.22925,1.2304,1.2256,1.22565,63513,99878.25,0,NaN,NaN,NaN,NaN,NaN,NaN,566571
1516575600,1.2298,1.23015,1.2255,1.22575,40782,92208.8,0,NaN,NaN,NaN,NaN,NaN,NaN,566571
1516604400,1.22575,1.2309,1.22565,1.2282,71179,91335.5,0,NaN,NaN,NaN,NaN,NaN,NaN,566571
1516633200,1.2282,1.2305,1.2266,1.2304,59945,92319.1,0,NaN,NaN,NaN,NaN,NaN,NaN,573645
1516662000,1.23005,1.23175,1.22845,1.2289,33961,82971.1,0,NaN,NaN,NaN,NaN,NaN,NaN,573645
1516690800,1.22885,1.23245,1.22635,1.2319,105383,81675.75,0,NaN,NaN,NaN,NaN,NaN,NaN,573645
1516719600,1.23195,1.2347,1.23115,1.234,79976,82702.55,0,NaN,NaN,NaN,NaN,NaN,NaN,578686
1516748400,1.23375,1.23755,1.2329,1.235,50956,78882.75,0,NaN,NaN,NaN,NaN,NaN,NaN,578686
1516777200,1.235,1.2437,1.23435,1.2433,171937,86031.9,0,NaN,NaN,NaN,NaN,NaN,NaN,578686
1516806000,1.24335,1.24555,1.2417,1.24465,98119,88193.9,0,NaN,NaN,NaN,NaN,NaN,NaN,588845
1516834800,1.24395,1.24975,1.24225,1.2474,60340,81747.3,0,NaN,NaN,NaN,NaN,NaN,NaN,588845
1516863600,1.24735,1.25765,1.24265,1.2529,287556,92089.75,0,NaN,NaN,NaN,NaN,NaN,NaN,588845
1516892400,1.25285,1.2569,1.2402,1.24315,199989,98378.15,0,NaN,NaN,NaN,NaN,NaN,NaN,585736
1516921200,1.2414,1.24895,1.241,1.2488,44483,93488.9,0,NaN,NaN,NaN,NaN,NaN,NaN,585736
1516950000,1.24875,1.2531,1.2451,1.24795,177913,97329,0,NaN,NaN,NaN,NaN,NaN,NaN,585736
1516978800,1.24795,1.2488,1.24435,1.24685,107533,100819.7,0,NaN,NaN,NaN,NaN,NaN,NaN,584574
1517180400,1.24555,1.2469,1.24225,1.24535,39507,97168.9,0,NaN,NaN,NaN,NaN,NaN,NaN,584574
1517209200,1.2435,1.2465,1.2383,1.239,124977,99355.2,0,NaN,NaN,NaN,NaN,NaN,NaN,584574
1517238000,1.239,1.2428,1.2374,1.2419,90172,101797.4,0,NaN,NaN,NaN,NaN,NaN,NaN,580070
1517266800,1.24205,1.2425,1.23835,1.2385,37748,97298.45,0,NaN,NaN,NaN,NaN,NaN,NaN,580070
1517295600,1.2385,1.2491,1.23715,1.24785,164831,102364.35,0,NaN,NaN,NaN,NaN,NaN,NaN,580070
1517324400,1.24785,1.24795,1.242,1.2439,92839,104967.2,0,NaN,NaN,NaN,NaN,NaN,NaN,573504
1517353200,1.24385,1.2486,1.2432,1.2485,50817,103949.1,0,NaN,NaN,NaN,NaN,NaN,NaN,573504
1517382000,1.24855,1.2509,1.2461,1.24955,121087,107006.2,0,NaN,NaN,NaN,NaN,NaN,NaN,573504
1517410800,1.2495,1.2511,1.24225,1.245,128514,111733.85,0,NaN,NaN,NaN,NaN,NaN,NaN,568011
1517439600,1.24475,1.24625,1.24275,1.24285,31223,108025.85,0,NaN,NaN,NaN,NaN,NaN,NaN,568011
1517468400,1.24285,1.24975,1.2419,1.24765,135833,110818.7,0,NaN,NaN,NaN,NaN,NaN,NaN,568011
1517497200,1.24765,1.25575,1.2466,1.25465,124946,114518.2,0,NaN,NaN,NaN,NaN,NaN,NaN,570689
1517526000,1.254,1.2549,1.252,1.2529,30740,107458.35,0,NaN,NaN,NaN,NaN,NaN,NaN,570689
1517554800,1.2528,1.25515,1.24605,1.24615,160910,110597.9,0,NaN,NaN,NaN,NaN,NaN,NaN,570689
1517583600,1.2461,1.25245,1.24415,1.24895,124796,113820.7,0,NaN,NaN,NaN,NaN,NaN,NaN,571478
1517785200,1.2465,1.24995,1.24575,1.2486,28769,100881.35,0,NaN,NaN,NaN,NaN,NaN,NaN,571478
1517814000,1.24855,1.2508,1.2432,1.244,117655,96764.65,0,NaN,NaN,NaN,NaN,NaN,NaN,571478
1517842800,1.24395,1.2463,1.23945,1.2398,126286,100854.8,0,NaN,NaN,NaN,NaN,NaN,NaN,570605
1517871600,1.2406,1.24215,1.2381,1.2413,75122,95715.25,0,NaN,NaN,NaN,NaN,NaN,NaN,570605
1517900400,1.24125,1.24665,1.23535,1.23675,190006,99838.9,0,NaN,NaN,NaN,NaN,NaN,NaN,570605
1517929200,1.2368,1.24365,1.2345,1.2411,97640,102745.55,0,NaN,NaN,NaN,NaN,NaN,NaN,566489
1517958000,1.2411,1.2429,1.24065,1.2427,23653,97679.35,0,NaN,NaN,NaN,NaN,NaN,NaN,566489
1517986800,1.2426,1.2437,1.2354,1.2373,116623,99001.9,0,NaN,NaN,NaN,NaN,NaN,NaN,566489
1518015600,1.2373,1.2375,1.22755,1.2294,133379,103783.45,0,NaN,NaN,NaN,NaN,NaN,NaN,560979
1518044400,1.2284,1.23145,1.2281,1.22925,31404,97112.1,0,NaN,NaN,NaN,NaN,NaN,NaN,560979
1518073200,1.22925,1.23235,1.224,1.23055,160775,100508.9,0,NaN,NaN,NaN,NaN,NaN,NaN,560979
1518102000,1.23055,1.23075,1.226,1.22775,125577,104246.9,0,NaN,NaN,NaN,NaN,NaN,NaN,554547
1518130800,1.2277,1.2296,1.22675,1.2293,25997,99492.4,0,NaN,NaN,NaN,NaN,NaN,NaN,554547
1518159600,1.22925,1.23155,1.22555,1.2285,119874,99060.4,0,NaN,NaN,NaN,NaN,NaN,NaN,554547
1518188400,1.2285,1.22895,1.22335,1.22805,124965,103747.5,0,NaN,NaN,NaN,NaN,NaN,NaN,546819
1518390000,1.22775,1.2327,1.22715,1.2317,25081,98209.9,0,NaN,NaN,NaN,NaN,NaN,NaN,546819
1518418800,1.2317,1.2323,1.2262,1.229,86485,96286.85,0,NaN,NaN,NaN,NaN,NaN,NaN,546819
1518447600,1.229,1.2324,1.2278,1.232,53548,97427.25,0,NaN,NaN,NaN,NaN,NaN,NaN,539629
1518476400,1.23185,1.2351,1.2311,1.23425,26627,90713.1,0,NaN,NaN,NaN,NaN,NaN,NaN,539629
1518505200,1.2343,1.23945,1.23355,1.2392,117037,90325.15,0,NaN,NaN,NaN,NaN,NaN,NaN,539629
1518534000,1.2392,1.23975,1.2371,1.2378,58823,91827.85,0,NaN,NaN,NaN,NaN,NaN,NaN,533420
1518562800,1.23745,1.2418,1.23735,1.2398,30848,87487.5,0,NaN,NaN,NaN,NaN,NaN,NaN,533420
1518591600,1.2398,1.2411,1.2301,1.23475,131205,87733.45,0,NaN,NaN,NaN,NaN,NaN,NaN,533420
1518620400,1.23475,1.2491,1.23475,1.2477,134251,90689.9,0,NaN,NaN,NaN,NaN,NaN,NaN,530706
1518649200,1.24745,1.24965,1.2471,1.249,25367,82457.95,0,NaN,NaN,NaN,NaN,NaN,NaN,530706
1518678000,1.24905,1.25335,1.2484,1.2521,107834,82967.65,0,NaN,NaN,NaN,NaN,NaN,NaN,530706
1518706800,1.25205,1.25325,1.24805,1.2531,62663,84918.15,0,NaN,NaN,NaN,NaN,NaN,NaN,543301
1518735600,1.25205,1.25795,1.25195,1.25615,35267,80850.35,0,NaN,NaN,NaN,NaN,NaN,NaN,543301
1518764400,1.25605,1.2568,1.24505,1.24675,126042,80483.5,0,NaN,NaN,NaN,NaN,NaN,NaN,543301
1518793200,1.2468,1.2483,1.24155,1.243,68970,82361.8,0,NaN,NaN,NaN,NaN,NaN,NaN,547538
1518994800,1.24335,1.24575,1.2426,1.2438,22551,75450.6,0,NaN,NaN,NaN,NaN,NaN,NaN,547538
1519023600,1.2438,1.2449,1.23905,1.23965,73113,72827.4,0,NaN,NaN,NaN,NaN,NaN,NaN,547538
1519052400,1.23965,1.2437,1.2395,1.2435,23590,72707.05,0,NaN,NaN,NaN,NaN,NaN,NaN,547538
1519081200,1.24265,1.2433,1.23955,1.23995,26995,68063.1,0,NaN,NaN,NaN,NaN,NaN,NaN,547538
1519110000,1.2399,1.2413,1.23405,1.2367,117068,67668.25,0,NaN,NaN,NaN,NaN,NaN,NaN,547538
1519138800,1.2367,1.23785,1.2347,1.2358,56269,69227.65,0,NaN,NaN,NaN,NaN,NaN,NaN,536554
1519167600,1.2354,1.23645,1.2337,1.23565,24505,66128.65,0,NaN,NaN,NaN,NaN,NaN,NaN,536554
1519196400,1.2356,1.236,1.23205,1.2344,93221,68112.3,0,NaN,NaN,NaN,NaN,NaN,NaN,536554
1519225200,1.2344,1.23805,1.2301,1.23045,101297,71845.8,0,NaN,NaN,NaN,NaN,NaN,NaN,536647
1519254000,1.2295,1.2303,1.2278,1.22835,24066,67197.25,0,NaN,NaN,NaN,NaN,NaN,NaN,536647
1519282800,1.22835,1.2355,1.2277,1.23455,132294,70870.8,0,NaN,NaN,NaN,NaN,NaN,NaN,536647
1519311600,1.2345,1.237,1.2332,1.23485,61956,72426.2,0,NaN,NaN,NaN,NaN,NaN,NaN,532068
1519340400,1.2346,1.2354,1.2305,1.231,23325,67032.2,0,NaN,NaN,NaN,NaN,NaN,NaN,532068
1519369200,1.231,1.23375,1.22965,1.23205,82505,64444.9,0,NaN,NaN,NaN,NaN,NaN,NaN,532068
1519398000,1.23205,1.23355,1.23015,1.23145,54789,65916,0,NaN,NaN,NaN,NaN,NaN,NaN,532068
1519599600,1.23055,1.2351,1.22965,1.23465,22306,61639.6,0,NaN,NaN,NaN,NaN,NaN,NaN,532068
1519628400,1.23465,1.23715,1.2314,1.23205,89778,62995.35,0,NaN,NaN,NaN,NaN,NaN,NaN,532068
1519657200,1.23205,1.23365,1.22945,1.23335,63975,64430.75,0,NaN,NaN,NaN,NaN,NaN,NaN,526253
1519686000,1.23275,1.2358,1.23245,1.23425,20885,59172.9,0,NaN,NaN,NaN,NaN,NaN,NaN,526253
1519714800,1.23425,1.2362,1.22865,1.2289,115691,61508.95,0,NaN,NaN,NaN,NaN,NaN,NaN,526253
1519743600,1.2289,1.22945,1.22365,1.22465,132209,66991.85,0,NaN,NaN,NaN,NaN,NaN,NaN,526957
1519772400,1.2249,1.2253,1.223,1.225,26189,64645.65,0,NaN,NaN,NaN,NaN,NaN,NaN,526957
1519801200,1.225,1.22565,1.2213,1.2223,111323,69032.3,0,NaN,NaN,NaN,NaN,NaN,NaN,526957
1519830000,1.2223,1.2237,1.2202,1.22115,71145,71239.8,0,NaN,NaN,NaN,NaN,NaN,NaN,523092
1519858800,1.2206,1.22185,1.21955,1.22175,22094,66491.1,0,NaN,NaN,NaN,NaN,NaN,NaN,523092
1519887600,1.2217,1.22255,1.21745,1.21845,102330,68794.15,0,NaN,NaN,NaN,NaN,NaN,NaN,523092
1519916400,1.2184,1.22855,1.2166,1.228,139442,74541,0,NaN,NaN,NaN,NaN,NaN,NaN,516821
1519945200,1.22835,1.2299,1.2273,1.2274,26226,71191.25,0,NaN,NaN,NaN,NaN,NaN,NaN,516821
1519974000,1.2274,1.2335,1.22625,1.23245,118717,72062.25,0,NaN,NaN,NaN,NaN,NaN,NaN,516821
1520002800,1.2325,1.23475,1.23155,1.2332,59379,73827.9,0,NaN,NaN,NaN,NaN,NaN,NaN,510478
1520204400,1.2356,1.23585,1.2297,1.23015,32910,68858.7,0,NaN,NaN,NaN,NaN,NaN,NaN,510478
1520233200,1.23015,1.2345,1.2279,1.23345,111668,71344.3,0,NaN,NaN,NaN,NaN,NaN,NaN,510478
1520262000,1.23335,1.236,1.23195,1.2345,62993,73327.7,0,NaN,NaN,NaN,NaN,NaN,NaN,508058
1520290800,1.2344,1.23725,1.2342,1.2348,29107,70657.8,0,NaN,NaN,NaN,NaN,NaN,NaN,508058
1520319600,1.2348,1.2424,1.23375,1.2405,120784,73957.55,0,NaN,NaN,NaN,NaN,NaN,NaN,508058
1520348400,1.2405,1.243,1.2398,1.24115,62067,75945.6,0,NaN,NaN,NaN,NaN,NaN,NaN,506582
1520377200,1.24295,1.2442,1.24185,1.2434,28018,72857.6,0,NaN,NaN,NaN,NaN,NaN,NaN,506582
1520406000,1.24345,1.24615,1.24065,1.2419,102958,74806.75,0,NaN,NaN,NaN,NaN,NaN,NaN,506582
1520434800,1.2419,1.2425,1.2393,1.24175,59491,76737.05,0,NaN,NaN,NaN,NaN,NaN,NaN,498260
1520463600,1.24155,1.24225,1.24005,1.24035,17404,71822.7,0,NaN,NaN,NaN,NaN,NaN,NaN,498260
1520492400,1.2403,1.24535,1.2355,1.2357,189235,74674,0,NaN,NaN,NaN,NaN,NaN,NaN,498260
1520521200,1.2357,1.2362,1.2304,1.2318,92716,78000.35,0,NaN,NaN,NaN,NaN,NaN,NaN,456560
1520550000,1.23175,1.2327,1.23005,1.23265,25060,73687.2,0,NaN,NaN,NaN,NaN,NaN,NaN,456560
1520578800,1.23265,1.23275,1.22785,1.2318,129872,76623.55,0,NaN,NaN,NaN,NaN,NaN,NaN,456560
1520607600,1.23185,1.234,1.23075,1.23095,62006,78619.15,0,NaN,NaN,NaN,NaN,NaN,NaN,435798
1520805600,1.2318,1.2331,1.2311,1.2324,12343,74119.8,0,NaN,NaN,NaN,NaN,NaN,NaN,435798
1520834400,1.23245,1.2346,1.22945,1.2313,77913,71043.35,0,NaN,NaN,NaN,NaN,NaN,NaN,435798
1520863200,1.2313,1.23505,1.2312,1.23395,54379,72451,0,NaN,NaN,NaN,NaN,NaN,NaN,401858
1520892000,1.23375,1.23495,1.2329,1.23325,11076,67068.95,0,NaN,NaN,NaN,NaN,NaN,NaN,401858
1520920800,1.2332,1.23905,1.2319,1.23735,123286,70264.3,0,NaN,NaN,NaN,NaN,NaN,NaN,401858
1520949600,1.23735,1.2412,1.23445,1.23945,96789,73458.25,0,NaN,NaN,NaN,NaN,NaN,NaN,350018
1520978400,1.2397,1.24165,1.23905,1.2408,16287,68689.2,0,NaN,NaN,NaN,NaN,NaN,NaN,350018
1521007200,1.24085,1.24095,1.2356,1.23615,104730,70776.05,0,NaN,NaN,NaN,NaN,NaN,NaN,350018
1521036000,1.23615,1.23825,1.2351,1.2371,68363,72738.85,0,NaN,NaN,NaN,NaN,NaN,NaN,236645
1521064800,1.237,1.23855,1.2366,1.2376,13775,67388.4,0,NaN,NaN,NaN,NaN,NaN,NaN,236645
1521093600,1.2376,1.23795,1.23235,1.23345,81217,68345.9,0,NaN,NaN,NaN,NaN,NaN,NaN,236645
1521122400,1.2335,1.23495,1.23015,1.2305,75699,70729.95,0,NaN,NaN,NaN,NaN,NaN,NaN,155384
1521151200,1.2392,1.2402,1.2384,1.24,18478,66505.95,0,NaN,NaN,NaN,NaN,NaN,NaN,155384
1521180000,1.24,1.2424,1.23665,1.2371,94685,68265.65,0,NaN,NaN,NaN,NaN,NaN,NaN,155384
1521208800,1.2371,1.2382,1.2347,1.2377,86987,71744.8,0,NaN,NaN,NaN,NaN,NaN,NaN,484322
1521410400,1.2376,1.2378,1.2343,1.23465,19593,63262.7,0,NaN,NaN,NaN,NaN,NaN,NaN,484322
1521439200,1.2347,1.24115,1.23465,1.24005,112977,64275.75,0,NaN,NaN,NaN,NaN,NaN,NaN,484322
1521468000,1.24005,1.24455,1.2394,1.2422,77689,66907.2,0,NaN,NaN,NaN,NaN,NaN,NaN,486870
1521496800,1.24195,1.24355,1.2418,1.24215,16881,61257.65,0,NaN,NaN,NaN,NaN,NaN,NaN,486870
1521525600,1.24215,1.244,1.23475,1.2355,96139,62964.3,0,NaN,NaN,NaN,NaN,NaN,NaN,486870
1521554400,1.23555,1.23715,1.23235,1.2327,79960,66345.15,0,NaN,NaN,NaN,NaN,NaN,NaN,486057
1521583200,1.2327,1.235,1.23255,1.2345,18819,63390.45,0,NaN,NaN,NaN,NaN,NaN,NaN,486057
1521612000,1.2345,1.23775,1.23435,1.2371,84524,64897.7,0,NaN,NaN,NaN,NaN,NaN,NaN,486057
1521640800,1.2371,1.2432,1.23315,1.24195,150834,71885.6,0,NaN,NaN,NaN,NaN,NaN,NaN,486889
1521669600,1.24195,1.2449,1.2418,1.2425,23365,66889.55,0,NaN,NaN,NaN,NaN,NaN,NaN,486889
1521698400,1.24245,1.24675,1.2382,1.24,128248,68462.5,0,NaN,NaN,NaN,NaN,NaN,NaN,486889
1521727200,1.24,1.2404,1.23645,1.2383,84385,71867.4,0,NaN,NaN,NaN,NaN,NaN,NaN,485712
1521756000,1.23855,1.24205,1.2385,1.24115,19304,67596.1,0,NaN,NaN,NaN,NaN,NaN,NaN,485712
1521784800,1.24115,1.24395,1.2396,1.2416,93268,68841.35,0,NaN,NaN,NaN,NaN,NaN,NaN,485712
1521813600,1.24155,1.24535,1.24145,1.2436,71206,71712.9,0,NaN,NaN,NaN,NaN,NaN,NaN,489516
1522015200,1.24365,1.24625,1.2431,1.24445,20513,68677.7,0,NaN,NaN,NaN,NaN,NaN,NaN,489516
1522044000,1.2444,1.25185,1.24375,1.2515,120171,70901.3,0,NaN,NaN,NaN,NaN,NaN,NaN,489516
1522072800,1.25155,1.254,1.2512,1.25255,73591,73656.95,0,NaN,NaN,NaN,NaN,NaN,NaN,508863
1522101600,1.25245,1.2536,1.2519,1.2526,17947,69820.05,0,NaN,NaN,NaN,NaN,NaN,NaN,508863
1522130400,1.2526,1.25535,1.2448,1.24665,151745,73057.95,0,NaN,NaN,NaN,NaN,NaN,NaN,508863
1522159200,1.24665,1.2493,1.24655,1.2479,65843,75370.45,0,NaN,NaN,NaN,NaN,NaN,NaN,503876
1522188000,1.2478,1.24915,1.2473,1.24765,17339,70588.55,0,NaN,NaN,NaN,NaN,NaN,NaN,503876
1522216800,1.2476,1.2479,1.2403,1.2412,122636,72835.9,0,NaN,NaN,NaN,NaN,NaN,NaN,503876
1522245600,1.24115,1.24295,1.23685,1.2377,83180,76150.85,0,NaN,NaN,NaN,NaN,NaN,NaN,492471
1522274400,1.23795,1.24025,1.2369,1.2401,18918,72289.8,0,NaN,NaN,NaN,NaN,NaN,NaN,492471
1522303200,1.24005,1.2404,1.2363,1.2392,105769,73580.25,0,NaN,NaN,NaN,NaN,NaN,NaN,492471
1522332000,1.2392,1.2394,1.2352,1.2369,66470,75962.8,0,NaN,NaN,NaN,NaN,NaN,NaN,479648
1522620000,1.2388,1.23965,1.23785,1.2385,12610,72367.1,0,NaN,NaN,NaN,NaN,NaN,NaN,479648
1522648800,1.2385,1.2414,1.2379,1.239,34724,66561.6,0,NaN,NaN,NaN,NaN,NaN,NaN,479648
1522677600,1.239,1.2402,1.23485,1.23695,53024,68044.55,0,NaN,NaN,NaN,NaN,NaN,NaN,481651
1522706400,1.23695,1.2378,1.23595,1.2375,13708,62317.55,0,NaN,NaN,NaN,NaN,NaN,NaN,481651
1522735200,1.2375,1.24035,1.23225,1.2325,122597,64228.15,0,NaN,NaN,NaN,NaN,NaN,NaN,481651
1522764000,1.23245,1.2343,1.232,1.2337,74733,66999.6,0,NaN,NaN,NaN,NaN,NaN,NaN,482641
1522792800,1.234,1.2354,1.23335,1.23445,16162,63144.3,0,NaN,NaN,NaN,NaN,NaN,NaN,482641
1522821600,1.23445,1.23825,1.23235,1.2366,98252,64496.6,0,NaN,NaN,NaN,NaN,NaN,NaN,482641
1522850400,1.23645,1.2378,1.23415,1.2345,51789,66060.4,0,NaN,NaN,NaN,NaN,NaN,NaN,481021
1522879200,1.2348,1.23555,1.2335,1.234,15675,60835.6,0,NaN,NaN,NaN,NaN,NaN,NaN,481021
1522908000,1.23395,1.2348,1.22995,1.232,110578,62684.95,0,NaN,NaN,NaN,NaN,NaN,NaN,481021
1522936800,1.2321,1.2322,1.2282,1.23035,70189,65297.05,0,NaN,NaN,NaN,NaN,NaN,NaN,484224
1522965600,1.2303,1.2323,1.2297,1.23005,21411,58780.35,0,NaN,NaN,NaN,NaN,NaN,NaN,484224
1522994400,1.2301,1.23435,1.22765,1.2331,123663,61671.35,0,NaN,NaN,NaN,NaN,NaN,NaN,484224
1523023200,1.23315,1.2354,1.23195,1.23445,68901,64249.45,0,NaN,NaN,NaN,NaN,NaN,NaN,483281
1523224800,1.2338,1.23485,1.23275,1.2344,20183,59126.8,0,NaN,NaN,NaN,NaN,NaN,NaN,483281
1523253600,1.23435,1.2389,1.23215,1.23855,106357,60285.65,0,NaN,NaN,NaN,NaN,NaN,NaN,483281
1523282400,1.23855,1.2393,1.23685,1.2381,60541,62366.8,0,NaN,NaN,NaN,NaN,NaN,NaN,486613
1523311200,1.2384,1.23895,1.2367,1.23685,16326,57894.65,0,NaN,NaN,NaN,NaN,NaN,NaN,486613
1523340000,1.23685,1.24385,1.2363,1.24255,135788,61360.55,0,NaN,NaN,NaN,NaN,NaN,NaN,486613
1523368800,1.24255,1.2428,1.23845,1.24155,69321,64196.1,0,NaN,NaN,NaN,NaN,NaN,NaN,497174
1523397600,1.24135,1.24295,1.2412,1.2424,13581,63138.95,0,NaN,NaN,NaN,NaN,NaN,NaN,497174
1523426400,1.2424,1.2458,1.24215,1.24355,104204,65697.95,0,NaN,NaN,NaN,NaN,NaN,NaN,497174
1523455200,1.2435,1.2453,1.2407,1.2428,67258,68375.45,0,NaN,NaN,NaN,NaN,NaN,NaN,500123
1523484000,1.2424,1.24375,1.24125,1.2414,15571,63024.15,0,NaN,NaN,NaN,NaN,NaN,NaN,500123
1523512800,1.2414,1.24315,1.23575,1.2364,122101,65392.55,0,NaN,NaN,NaN,NaN,NaN,NaN,500123
1523541600,1.2364,1.2398,1.23565,1.23835,60666,67617.75,0,NaN,NaN,NaN,NaN,NaN,NaN,494924
1523570400,1.2382,1.23905,1.2379,1.23845,11483,63279.3,0,NaN,NaN,NaN,NaN,NaN,NaN,494924
1523599200,1.2385,1.24035,1.2364,1.2382,81396,64759.65,0,NaN,NaN,NaN,NaN,NaN,NaN,494924
1523628000,1.23825,1.2401,1.2376,1.2388,46997,66325.75,0,NaN,NaN,NaN,NaN,NaN,NaN,497236
1523829600,1.2385,1.2399,1.2381,1.23865,12949,61444.3,0,NaN,NaN,NaN,NaN,NaN,NaN,497236
1523858400,1.2386,1.2451,1.23805,1.24455,109979,63433.8,0,NaN,NaN,NaN,NaN,NaN,NaN,497236
1523887200,1.24455,1.24485,1.24185,1.2435,53126,65019.55,0,NaN,NaN,NaN,NaN,NaN,NaN,503235
1523916000,1.24345,1.2444,1.2431,1.2443,13605,59516.65,0,NaN,NaN,NaN,NaN,NaN,NaN,503235
1523944800,1.24435,1.24685,1.23995,1.24055,115106,61826.9,0,NaN,NaN,NaN,NaN,NaN,NaN,503235
1523973600,1.24055,1.2431,1.239,1.2427,62700,63952.75,0,NaN,NaN,NaN,NaN,NaN,NaN,498773
1524002400,1.2429,1.24355,1.2416,1.243,17398,59504.8,0,NaN,NaN,NaN,NaN,NaN,NaN,498773
1524031200,1.243,1.2451,1.2395,1.24385,116367,62296.1,0,NaN,NaN,NaN,NaN,NaN,NaN,498773
1524060000,1.2439,1.2451,1.24245,1.24275,58899,64424.75,0,NaN,NaN,NaN,NaN,NaN,NaN,500752
1524088800,1.24305,1.24365,1.24155,1.24255,19412,58605.95,0,NaN,NaN,NaN,NaN,NaN,NaN,500752
1524117600,1.24255,1.24525,1.2405,1.24205,104132,60346.5,0,NaN,NaN,NaN,NaN,NaN,NaN,500752
1524146400,1.24205,1.2433,1.23795,1.23965,88722,64103.55,0,NaN,NaN,NaN,NaN,NaN,NaN,497721
1524175200,1.23945,1.2399,1.23855,1.2392,14396,59613.15,0,NaN,NaN,NaN,NaN,NaN,NaN,497721
1524204000,1.23915,1.24035,1.23155,1.23165,121052,62302.85,0,NaN,NaN,NaN,NaN,NaN,NaN,497721
1524232800,1.23165,1.235,1.2299,1.23365,90003,66024.45,0,NaN,NaN,NaN,NaN,NaN,NaN,493444
1524434400,1.23295,1.23375,1.23145,1.232,18728,60855.8,0,NaN,NaN,NaN,NaN,NaN,NaN,493444
1524463200,1.23205,1.2339,1.22685,1.2272,122089,63926.95,0,NaN,NaN,NaN,NaN,NaN,NaN,493444
1524492000,1.2272,1.2286,1.2247,1.2258,78391,67272.35,0,NaN,NaN,NaN,NaN,NaN,NaN,490854
1524520800,1.22545,1.2268,1.2233,1.22645,27065,64555.8,0,NaN,NaN,NaN,NaN,NaN,NaN,490854
1524549600,1.2265,1.22835,1.223,1.2282,121222,68267.05,0,NaN,NaN,NaN,NaN,NaN,NaN,490854
1524578400,1.228,1.22935,1.2258,1.2281,61326,70685.9,0,NaN,NaN,NaN,NaN,NaN,NaN,483635
1524607200,1.22795,1.2286,1.22575,1.22615,17966,66085.25,0,NaN,NaN,NaN,NaN,NaN,NaN,483635
1524636000,1.2261,1.2265,1.22175,1.2235,114341,69146,0,NaN,NaN,NaN,NaN,NaN,NaN,483635
1524664800,1.2235,1.22385,1.2206,1.2207,69842,71957.85,0,NaN,NaN,NaN,NaN,NaN,NaN,483733
1524693600,1.2206,1.2226,1.2204,1.22225,17797,67092.4,0,NaN,NaN,NaN,NaN,NaN,NaN,483733
1524722400,1.22225,1.2255,1.21895,1.22175,177909,72852.85,0,NaN,NaN,NaN,NaN,NaN,NaN,483733
1524751200,1.2218,1.2219,1.21405,1.21475,142303,79098.1,0,NaN,NaN,NaN,NaN,NaN,NaN,483700
1524780000,1.2146,1.2159,1.2139,1.2149,16889,74124.2,0,NaN,NaN,NaN,NaN,NaN,NaN,483700
1524808800,1.2149,1.21535,1.20975,1.21255,159265,79142.5,0,NaN,NaN,NaN,NaN,NaN,NaN,483700
1524837600,1.2126,1.2179,1.2116,1.2176,80624,82203.1,0,NaN,NaN,NaN,NaN,NaN,NaN,489486
1525039200,1.217,1.218,1.21605,1.2178,14910,77742,0,NaN,NaN,NaN,NaN,NaN,NaN,489486
1525068000,1.2178,1.21805,1.21085,1.21135,117132,79162.5,0,NaN,NaN,NaN,NaN,NaN,NaN,489486
1525096800,1.2113,1.2148,1.2106,1.2122,88093,82847.35,0,NaN,NaN,NaN,NaN,NaN,NaN,493697
1525125600,1.21175,1.2126,1.21075,1.21105,11543,77371.9,0,NaN,NaN,NaN,NaN,NaN,NaN,493697
1525154400,1.21105,1.2113,1.20465,1.20475,82825,77013,0,NaN,NaN,NaN,NaN,NaN,NaN,493697
1525183200,1.20475,1.2062,1.20225,1.2034,91823,80667.75,0,NaN,NaN,NaN,NaN,NaN,NaN,497411
1525212000,1.20335,1.20515,1.2028,1.2037,20220,75574.3,0,NaN,NaN,NaN,NaN,NaN,NaN,497411
1525240800,1.20365,1.2071,1.2003,1.2013,134577,78383.6,0,NaN,NaN,NaN,NaN,NaN,NaN,497411
1525269600,1.20125,1.20655,1.19765,1.19875,153391,84699.9,0,NaN,NaN,NaN,NaN,NaN,NaN,503581
1525298400,1.1994,1.2026,1.19845,1.202,23261,79801.85,0,NaN,NaN,NaN,NaN,NaN,NaN,503581
1525327200,1.20195,1.2045,1.20015,1.20075,142416,83856.35,0,NaN,NaN,NaN,NaN,NaN,NaN,503581
1525356000,1.2008,1.2041,1.1985,1.2024,97449,87830.5,0,NaN,NaN,NaN,NaN,NaN,NaN,506924
1525384800,1.2021,1.2031,1.20155,1.20185,10204,82623.65,0,NaN,NaN,NaN,NaN,NaN,NaN,506924
1525413600,1.20185,1.203,1.1945,1.19635,161209,87192,0,NaN,NaN,NaN,NaN,NaN,NaN,506924
1525442400,1.1964,1.20015,1.19575,1.1995,90428,90823.55,0,NaN,NaN,NaN,NaN,NaN,NaN,498246
1525644000,1.1993,1.20125,1.19765,1.19865,19867,82921.45,0,NaN,NaN,NaN,NaN,NaN,NaN,498246
1525672800,1.19865,1.1987,1.1931,1.19445,89616,80287.1,0,NaN,NaN,NaN,NaN,NaN,NaN,498246
1525701600,1.19445,1.19725,1.19415,1.1957,54101,82147.7,0,NaN,NaN,NaN,NaN,NaN,NaN,499575
1525730400,1.1957,1.1972,1.19425,1.1956,20029,75185.9,0,NaN,NaN,NaN,NaN,NaN,NaN,499575
1525759200,1.19555,1.19665,1.18715,1.18805,151407,78725.05,0,NaN,NaN,NaN,NaN,NaN,NaN,499575
1525788000,1.18805,1.192,1.1874,1.1896,108826,83420.85,0,NaN,NaN,NaN,NaN,NaN,NaN,497323
1525816800,1.1893,1.19025,1.18755,1.18835,22064,78667.45,0,NaN,NaN,NaN,NaN,NaN,NaN,497323
1525845600,1.18835,1.19295,1.18555,1.19115,154906,82008.1,0,NaN,NaN,NaN,NaN,NaN,NaN,497323
1525874400,1.19115,1.1917,1.18735,1.1884,76373,85249.6,0,NaN,NaN,NaN,NaN,NaN,NaN,491203
1525903200,1.1884,1.19055,1.18735,1.189,26068,82411.75,0,NaN,NaN,NaN,NaN,NaN,NaN,491203
1525932000,1.18895,1.1977,1.1881,1.19445,189214,87281.3,0,NaN,NaN,NaN,NaN,NaN,NaN,491203
1525960800,1.1945,1.1964,1.1905,1.1947,106149,91577.75,0,NaN,NaN,NaN,NaN,NaN,NaN,492027
1525989600,1.1946,1.19545,1.19355,1.19395,16368,85667.3,0,NaN,NaN,NaN,NaN,NaN,NaN,492027
1526018400,1.1939,1.19955,1.19205,1.1991,128675,84431.5,0,NaN,NaN,NaN,NaN,NaN,NaN,492027
1526047200,1.199,1.1997,1.19625,1.19715,73969,86966.9,0,NaN,NaN,NaN,NaN,NaN,NaN,492193
1526248800,1.1978,1.1997,1.1971,1.19955,19938,80843,0,NaN,NaN,NaN,NaN,NaN,NaN,492193
1526277600,1.19955,1.2025,1.19795,1.2022,106185,81279.8,0,NaN,NaN,NaN,NaN,NaN,NaN,492193
1526306400,1.2022,1.2022,1.1954,1.1956,72272,84383.2,0,NaN,NaN,NaN,NaN,NaN,NaN,490107
1526335200,1.1957,1.1966,1.194,1.1948,24295,77537.5,0,NaN,NaN,NaN,NaN,NaN,NaN,490107
1526364000,1.19475,1.19655,1.1848,1.1858,184405,82236.35,0,NaN,NaN,NaN,NaN,NaN,NaN,490107
1526392800,1.18575,1.19035,1.1856,1.1867,117542,87120.1,0,NaN,NaN,NaN,NaN,NaN,NaN,489179
1526421600,1.1867,1.187,1.1843,1.1868,33048,84291.7,0,NaN,NaN,NaN,NaN,NaN,NaN,489179
1526450400,1.18685,1.18815,1.179,1.18255,219919,92582.6,0,NaN,NaN,NaN,NaN,NaN,NaN,489179
1526479200,1.1826,1.1847,1.18045,1.18325,121817,97672,0,NaN,NaN,NaN,NaN,NaN,NaN,490966
1526508000,1.1835,1.1862,1.18315,1.18575,35224,91862.85,0,NaN,NaN,NaN,NaN,NaN,NaN,490966
1526536800,1.1857,1.1857,1.1801,1.1815,164892,94666.15,0,NaN,NaN,NaN,NaN,NaN,NaN,490966
1526565600,1.1815,1.18335,1.181,1.1818,81659,97645.9,0,NaN,NaN,NaN,NaN,NaN,NaN,492732
1526594400,1.182,1.18375,1.1813,1.18345,17204,90760.8,0,NaN,NaN,NaN,NaN,NaN,NaN,492732
1526623200,1.1835,1.1846,1.1776,1.178,146146,94249.45,0,NaN,NaN,NaN,NaN,NaN,NaN,492732
1526652000,1.178,1.1812,1.17725,1.17925,89895,97440.8,0,NaN,NaN,NaN,NaN,NaN,NaN,496226
1526853600,1.1789,1.1794,1.17665,1.1773,31124,89536.3,0,NaN,NaN,NaN,NaN,NaN,NaN,496226
1526882400,1.17725,1.1803,1.17395,1.1788,140903,91274,0,NaN,NaN,NaN,NaN,NaN,NaN,496226
1526911200,1.17875,1.1819,1.1766,1.1813,89740,94942.6,0,NaN,NaN,NaN,NaN,NaN,NaN,500101
1526940000,1.18155,1.18205,1.17955,1.1805,28858,89951.75,0,NaN,NaN,NaN,NaN,NaN,NaN,500101
1526968800,1.1805,1.1852,1.1779,1.1811,177580,95132.3,0,NaN,NaN,NaN,NaN,NaN,NaN,500101
1526997600,1.1811,1.18145,1.1791,1.18,79284,98099.6,0,NaN,NaN,NaN,NaN,NaN,NaN,501717
1527026400,1.1798,1.1811,1.17715,1.17835,32946,94437.65,0,NaN,NaN,NaN,NaN,NaN,NaN,501717
1527055200,1.17835,1.17885,1.1706,1.17275,260810,103864.55,0,NaN,NaN,NaN,NaN,NaN,NaN,501717
1527084000,1.1727,1.17405,1.1696,1.17175,128123,109055.95,0,NaN,NaN,NaN,NaN,NaN,NaN,509666
1527112800,1.1719,1.17315,1.1709,1.17245,37577,101714.55,0,NaN,NaN,NaN,NaN,NaN,NaN,509666
1527141600,1.1725,1.17635,1.1711,1.1748,170347,104354.8,0,NaN,NaN,NaN,NaN,NaN,NaN,509666
1527170400,1.17485,1.1768,1.1735,1.1737,91627,107283.75,0,NaN,NaN,NaN,NaN,NaN,NaN,507137
1527199200,1.1738,1.1744,1.1722,1.17235,21801,97377.85,0,NaN,NaN,NaN,NaN,NaN,NaN,507137
1527228000,1.1723,1.1752,1.16635,1.1669,227866,102680.3,0,NaN,NaN,NaN,NaN,NaN,NaN,507137
1527256800,1.16685,1.16935,1.1663,1.16645,96758,105757,0,NaN,NaN,NaN,NaN,NaN,NaN,509206
1527458400,1.17045,1.17455,1.16915,1.17435,33389,99181.85,0,NaN,NaN,NaN,NaN,NaN,NaN,509206
1527487200,1.1743,1.17445,1.16235,1.1633,129267,101562.25,0,NaN,NaN,NaN,NaN,NaN,NaN,509206
1527516000,1.1633,1.165,1.16325,1.1646,20378,101720.95,0,NaN,NaN,NaN,NaN,NaN,NaN,509206
1527544800,1.1642,1.1652,1.163,1.1647,23051,95566.2,0,NaN,NaN,NaN,NaN,NaN,NaN,509206
1527573600,1.16465,1.16555,1.1526,1.15945,337611,107952,0,NaN,NaN,NaN,NaN,NaN,NaN,509206
1527602400,1.15945,1.1606,1.15355,1.1556,163114,114551.5,0,NaN,NaN,NaN,NaN,NaN,NaN,517263
1527631200,1.1558,1.15735,1.15335,1.1571,35929,109302.8,0,NaN,NaN,NaN,NaN,NaN,NaN,517263
1527660000,1.15705,1.1663,1.1565,1.1631,275543,118592.95,0,NaN,NaN,NaN,NaN,NaN,NaN,517263
1527688800,1.1631,1.16915,1.1609,1.168,162302,125265.15,0,NaN,NaN,NaN,NaN,NaN,NaN,497074
1527717600,1.16795,1.17015,1.166,1.16935,35484,118160.35,0,NaN,NaN,NaN,NaN,NaN,NaN,497074
1527746400,1.16935,1.1738,1.16585,1.1661,214811,124936.7,0,NaN,NaN,NaN,NaN,NaN,NaN,497074
1527775200,1.1661,1.17115,1.1653,1.1704,153148,130946.8,0,NaN,NaN,NaN,NaN,NaN,NaN,499981
1527804000,1.1705,1.17185,1.1677,1.1687,24696,119141.1,0,NaN,NaN,NaN,NaN,NaN,NaN,499981
1527832800,1.16865,1.17295,1.16595,1.1683,182620,121865.95,0,NaN,NaN,NaN,NaN,NaN,NaN,499981
1527861600,1.1682,1.1693,1.1628,1.16695,109039,125439.05,0,NaN,NaN,NaN,NaN,NaN,NaN,496642
1528063200,1.1673,1.1708,1.1672,1.17015,20067,117925.05,0,NaN,NaN,NaN,NaN,NaN,NaN,496642
1528092000,1.17015,1.17555,1.1686,1.1728,144340,120560.7,0,NaN,NaN,NaN,NaN,NaN,NaN,496642
1528120800,1.17275,1.1736,1.16885,1.17085,68656,122903.45,0,NaN,NaN,NaN,NaN,NaN,NaN,498011
1528149600,1.1706,1.17135,1.1693,1.1701,19447,112482.5,0,NaN,NaN,NaN,NaN,NaN,NaN,498011
1528178400,1.1701,1.1727,1.1669,1.16775,132824,114285.8,0,NaN,NaN,NaN,NaN,NaN,NaN,498011
1528207200,1.1677,1.1742,1.16625,1.17285,117156,118474.15,0,NaN,NaN,NaN,NaN,NaN,NaN,492980
1528236000,1.1726,1.1744,1.1723,1.1732,20410,113031.3,0,NaN,NaN,NaN,NaN,NaN,NaN,492980
1528264800,1.17315,1.1805,1.1724,1.1798,197968,121910.8,0,NaN,NaN,NaN,NaN,NaN,NaN,492980
1528293600,1.1798,1.17995,1.17695,1.1784,73378,124427.15,0,NaN,NaN,NaN,NaN,NaN,NaN,479508
1528322400,1.1785,1.18135,1.17815,1.1812,23588,108726,0,NaN,NaN,NaN,NaN,NaN,NaN,479508
1528351200,1.1812,1.1848,1.1798,1.1819,164006,108770.6,0,NaN,NaN,NaN,NaN,NaN,NaN,479508
1528380000,1.1819,1.1838,1.18035,1.1806,91216,111534.95,0,NaN,NaN,NaN,NaN,NaN,NaN,468942
1528408800,1.1805,1.1817,1.17985,1.18115,19031,98709.35,0,NaN,NaN,NaN,NaN,NaN,NaN,468942
1528437600,1.1812,1.1816,1.1733,1.1764,172335,99211,0,NaN,NaN,NaN,NaN,NaN,NaN,468942
1528466400,1.17645,1.17845,1.1758,1.17755,67582,100815.9,0,NaN,NaN,NaN,NaN,NaN,NaN,453725
1528668000,1.1779,1.1814,1.1777,1.17995,19905,91070.6,0,NaN,NaN,NaN,NaN,NaN,NaN,453725
1528696800,1.1799,1.18265,1.1781,1.1812,105943,88710.35,0,NaN,NaN,NaN,NaN,NaN,NaN,453725
1528725600,1.1812,1.182,1.1786,1.1789,51384,90044.75,0,NaN,NaN,NaN,NaN,NaN,NaN,419380
1528754400,1.1786,1.1788,1.17455,1.17735,31643,82495.9,0,NaN,NaN,NaN,NaN,NaN,NaN,419380
1528783200,1.1774,1.18145,1.1761,1.1793,107058,82396.85,0,NaN,NaN,NaN,NaN,NaN,NaN,419380
1528812000,1.17935,1.1801,1.17375,1.1751,75428,85164.9,0,NaN,NaN,NaN,NaN,NaN,NaN,370228
1528840800,1.17495,1.17565,1.1744,1.17555,14331,78664.45,0,NaN,NaN,NaN,NaN,NaN,NaN,370228
1528869600,1.17545,1.1786,1.1734,1.17715,103368,80400.05,0,NaN,NaN,NaN,NaN,NaN,NaN,370228
1528898400,1.1772,1.18055,1.17295,1.1796,139828,86419.1,0,NaN,NaN,NaN,NaN,NaN,NaN,259912
1528927200,1.1796,1.18125,1.17915,1.1805,18188,80687.3,0,NaN,NaN,NaN,NaN,NaN,NaN,259912
1528956000,1.1805,1.1858,1.16535,1.16535,236074,86633.2,0,NaN,NaN,NaN,NaN,NaN,NaN,259912
1528984800,1.16535,1.166,1.1564,1.1572,133586,92292,0,NaN,NaN,NaN,NaN,NaN,NaN,181397
1529013600,1.16525,1.16645,1.1634,1.1641,24471,83617.15,0,NaN,NaN,NaN,NaN,NaN,NaN,181397
1529042400,1.16415,1.1706,1.1622,1.1679,185665,89231.5,0,NaN,NaN,NaN,NaN,NaN,NaN,181397
1529071200,1.1679,1.1707,1.16765,1.169,66214,91362.8,0,NaN,NaN,NaN,NaN,NaN,NaN,461883
1529272800,1.1676,1.1678,1.1655,1.1672,18820,84103.5,0,NaN,NaN,NaN,NaN,NaN,NaN,461883
1529301600,1.1672,1.1704,1.16445,1.16845,104778,84781.6,0,NaN,NaN,NaN,NaN,NaN,NaN,461883
1529330400,1.16845,1.1705,1.16775,1.17035,50490,86354.55,0,NaN,NaN,NaN,NaN,NaN,NaN,460251
1529359200,1.17005,1.1724,1.16985,1.17015,32510,79363.3,0,NaN,NaN,NaN,NaN,NaN,NaN,460251
1529388000,1.1701,1.1704,1.16095,1.1639,190511,85509.75,0,NaN,NaN,NaN,NaN,NaN,NaN,460251
1529416800,1.16385,1.16725,1.1634,1.16675,69161,87972.55,0,NaN,NaN,NaN,NaN,NaN,NaN,464777
1529445600,1.1664,1.1673,1.16445,1.165,22622,83806.5,0,NaN,NaN,NaN,NaN,NaN,NaN,464777
1529474400,1.16495,1.16765,1.1613,1.166,145554,88515,0,NaN,NaN,NaN,NaN,NaN,NaN,464777
1529503200,1.16595,1.1672,1.16435,1.16515,60226,89944.15,0,NaN,NaN,NaN,NaN,NaN,NaN,469309
1529532000,1.16485,1.16545,1.1628,1.1634,26067,85894.6,0,NaN,NaN,NaN,NaN,NaN,NaN,469309
1529560800,1.16335,1.16855,1.1582,1.16615,215263,92886.35,0,NaN,NaN,NaN,NaN,NaN,NaN,469309
1529589600,1.16615,1.17085,1.165,1.16775,88683,96603.95,0,NaN,NaN,NaN,NaN,NaN,NaN,474422
1529618400,1.168,1.17125,1.16745,1.17065,25840,92727.55,0,NaN,NaN,NaN,NaN,NaN,NaN,474422
1529647200,1.1706,1.17495,1.16985,1.1725,146207,93046.5,0,NaN,NaN,NaN,NaN,NaN,NaN,474422
1529676000,1.17255,1.17425,1.16925,1.1734,66124,95443.3,0,NaN,NaN,NaN,NaN,NaN,NaN,470485
1529877600,1.1741,1.17475,1.17135,1.1716,25670,84923.1,0,NaN,NaN,NaN,NaN,NaN,NaN,470485
1529906400,1.1716,1.1776,1.1702,1.1754,123532,84420.4,0,NaN,NaN,NaN,NaN,NaN,NaN,470485
1529935200,1.1754,1.17875,1.17455,1.178,67497,86571.7,0,NaN,NaN,NaN,NaN,NaN,NaN,471410
1529964000,1.17755,1.17945,1.1772,1.1783,24815,78529.2,0,NaN,NaN,NaN,NaN,NaN,NaN,471410
1529992800,1.17835,1.1784,1.17235,1.17375,148075,82622.25,0,NaN,NaN,NaN,NaN,NaN,NaN,471410
1530021600,1.17375,1.175,1.17075,1.1722,74552,85408.85,0,NaN,NaN,NaN,NaN,NaN,NaN,468366
1530050400,1.1717,1.1736,1.17115,1.1725,27357,81537.8,0,NaN,NaN,NaN,NaN,NaN,NaN,468366
1530079200,1.17245,1.17445,1.1665,1.16795,166566,87341.6,0,NaN,NaN,NaN,NaN,NaN,NaN,468366
1530108000,1.16795,1.16835,1.16115,1.1628,102741,90853.15,0,NaN,NaN,NaN,NaN,NaN,NaN,471148
1530136800,1.16255,1.1641,1.1615,1.16235,26243,82639.75,0,NaN,NaN,NaN,NaN,NaN,NaN,471148
1530165600,1.16235,1.1669,1.15945,1.16395,155325,86947.95,0,NaN,NaN,NaN,NaN,NaN,NaN,471148
1530194400,1.16395,1.1663,1.16185,1.1636,79121,89772.9,0,NaN,NaN,NaN,NaN,NaN,NaN,470381
1530223200,1.1627,1.17335,1.1625,1.1717,61717,85581.05,0,NaN,NaN,NaN,NaN,NaN,NaN,470381
1530252000,1.17165,1.1732,1.168,1.17105,171945,91167,0,NaN,NaN,NaN,NaN,NaN,NaN,470381
1530280800,1.171,1.17575,1.17,1.1746,101935,94960.4,0,NaN,NaN,NaN,NaN,NaN,NaN,471589
1530482400,1.1738,1.1748,1.17025,1.17075,24047,85399.6,0,NaN,NaN,NaN,NaN,NaN,NaN,471589
1530511200,1.17085,1.1721,1.1661,1.16735,107301,86330.5,0,NaN,NaN,NaN,NaN,NaN,NaN,471589
1530540000,1.16725,1.17135,1.16555,1.1704,60267,88051.85,0,NaN,NaN,NaN,NaN,NaN,NaN,474704
1530568800,1.1699,1.17095,1.1685,1.17025,23494,81916.2,0,NaN,NaN,NaN,NaN,NaN,NaN,474704
1530597600,1.17025,1.17375,1.17005,1.1721,112347,84227.35,0,NaN,NaN,NaN,NaN,NaN,NaN,474704
1530626400,1.1721,1.1729,1.17065,1.17235,39468,84917.25,0,NaN,NaN,NaN,NaN,NaN,NaN,474363
1530655200,1.172,1.17425,1.17175,1.17305,16927,79587,0,NaN,NaN,NaN,NaN,NaN,NaN,474363
1530684000,1.173,1.1745,1.1691,1.17095,53820,78903.15,0,NaN,NaN,NaN,NaN,NaN,NaN,474363
1530712800,1.17095,1.17385,1.17005,1.1731,14866,78405.7,0,NaN,NaN,NaN,NaN,NaN,NaN,474363
1530741600,1.17155,1.17555,1.1711,1.1755,25874,72295.65,0,NaN,NaN,NaN,NaN,NaN,NaN,474363
1530770400,1.17545,1.1782,1.1739,1.17645,117399,74438,0,NaN,NaN,NaN,NaN,NaN,NaN,474363
1530799200,1.1764,1.1769,1.17335,1.1754,61395,76139.9,0,NaN,NaN,NaN,NaN,NaN,NaN,475718
1530828000,1.17495,1.17635,1.174,1.17615,21099,68866.55,0,NaN,NaN,NaN,NaN,NaN,NaN,475718
1530856800,1.17615,1.1825,1.1759,1.1819,117956,69627.3,0,NaN,NaN,NaN,NaN,NaN,NaN,475718
1530885600,1.18195,1.183,1.17945,1.1805,67757,71703,0,NaN,NaN,NaN,NaN,NaN,NaN,459636
1531087200,1.1809,1.1831,1.1804,1.183,20116,64942.55,0,NaN,NaN,NaN,NaN,NaN,NaN,459636
1531116000,1.18295,1.18515,1.18105,1.182,97851,65879.05,0,NaN,NaN,NaN,NaN,NaN,NaN,459636
1531144800,1.18205,1.1826,1.1793,1.1815,64727,66029.55,0,NaN,NaN,NaN,NaN,NaN,NaN,465514
1531173600,1.18095,1.18225,1.1797,1.1799,17111,58287.85,0,NaN,NaN,NaN,NaN,NaN,NaN,465514
1531202400,1.18,1.18145,1.17495,1.17675,103809,58381.55,0,NaN,NaN,NaN,NaN,NaN,NaN,465514
1531231200,1.17675,1.18085,1.1763,1.1805,52625,59810.45,0,NaN,NaN,NaN,NaN,NaN,NaN,462523
1531260000,1.1799,1.1799,1.17805,1.17865,17883,55339.55,0,NaN,NaN,NaN,NaN,NaN,NaN,462523
1531288800,1.17865,1.18165,1.1752,1.18035,132421,58947.25,0,NaN,NaN,NaN,NaN,NaN,NaN,462523
1531317600,1.18045,1.1808,1.17225,1.173,84237,61984.4,0,NaN,NaN,NaN,NaN,NaN,NaN,483890
1531346400,1.173,1.1741,1.17245,1.1733,15436,57138.85,0,NaN,NaN,NaN,NaN,NaN,NaN,483890
1531375200,1.17335,1.17475,1.1704,1.17275,94482,59889.55,0,NaN,NaN,NaN,NaN,NaN,NaN,483890
1531404000,1.1728,1.17505,1.17215,1.17255,57892,61937.8,0,NaN,NaN,NaN,NaN,NaN,NaN,478697
1531432800,1.1723,1.17285,1.1708,1.1717,19762,60234.9,0,NaN,NaN,NaN,NaN,NaN,NaN,478697
1531461600,1.1717,1.1717,1.16665,1.16955,114800,65231.6,0,NaN,NaN,NaN,NaN,NaN,NaN,478697
1531490400,1.1696,1.17415,1.16935,1.17405,61424,67009.1,0,NaN,NaN,NaN,NaN,NaN,NaN,478815
1531692000,1.17375,1.17605,1.1729,1.17555,18072,62042.75,0,NaN,NaN,NaN,NaN,NaN,NaN,478815
1531720800,1.17555,1.1779,1.1738,1.1772,82721,63109.05,0,NaN,NaN,NaN,NaN,NaN,NaN,478815
1531749600,1.1772,1.17775,1.17475,1.17645,48103,64459.25,0,NaN,NaN,NaN,NaN,NaN,NaN,478275
1531778400,1.1763,1.1774,1.1754,1.17655,18897,59506.3,0,NaN,NaN,NaN,NaN,NaN,NaN,478275
1531807200,1.17655,1.17975,1.17365,1.1738,93221,60779.5,0,NaN,NaN,NaN,NaN,NaN,NaN,478275
1531836000,1.17385,1.1757,1.1701,1.1715,80003,63773.85,0,NaN,NaN,NaN,NaN,NaN,NaN,479546
1531864800,1.17125,1.1717,1.16835,1.1687,22196,59991.1,0,NaN,NaN,NaN,NaN,NaN,NaN,479546
1531893600,1.16875,1.16935,1.1653,1.16875,121060,62807.75,0,NaN,NaN,NaN,NaN,NaN,NaN,479546
1531922400,1.1687,1.1714,1.16855,1.1691,59735,64938.95,0,NaN,NaN,NaN,NaN,NaN,NaN,480038
1531951200,1.1695,1.17055,1.1689,1.16895,18242,60660.6,0,NaN,NaN,NaN,NaN,NaN,NaN,480038
1531980000,1.169,1.16935,1.16225,1.1645,132633,64661,0,NaN,NaN,NaN,NaN,NaN,NaN,480038
1532008800,1.1645,1.1728,1.16445,1.169,121707,69852.2,0,NaN,NaN,NaN,NaN,NaN,NaN,480928
1532037600,1.16915,1.1719,1.16745,1.1713,39249,65193.6,0,NaN,NaN,NaN,NaN,NaN,NaN,480928
1532066400,1.17125,1.17715,1.1681,1.1763,161197,69041.6,0,NaN,NaN,NaN,NaN,NaN,NaN,480928
1532095200,1.1763,1.17875,1.17495,1.17635,84117,72475.65,0,NaN,NaN,NaN,NaN,NaN,NaN,489670
1532296800,1.1774,1.18005,1.17695,1.17705,28275,69165.3,0,NaN,NaN,NaN,NaN,NaN,NaN,489670
1532325600,1.1771,1.17905,1.1734,1.175,98639,71202.65,0,NaN,NaN,NaN,NaN,NaN,NaN,489670
1532354400,1.175,1.17605,1.1731,1.174,59333,73181.2,0,NaN,NaN,NaN,NaN,NaN,NaN,484284
1532383200,1.17375,1.17485,1.17215,1.1731,23696,68626,0,NaN,NaN,NaN,NaN,NaN,NaN,484284
1532412000,1.1731,1.1764,1.1701,1.17545,109877,71048.65,0,NaN,NaN,NaN,NaN,NaN,NaN,484284
1532440800,1.1754,1.1764,1.17195,1.17305,65018,73395.95,0,NaN,NaN,NaN,NaN,NaN,NaN,485311
1532469600,1.17285,1.1744,1.1721,1.17335,19214,70220.6,0,NaN,NaN,NaN,NaN,NaN,NaN,485311
1532498400,1.1733,1.17575,1.17265,1.17425,83378,71984.35,0,NaN,NaN,NaN,NaN,NaN,NaN,485311
1532527200,1.17425,1.1785,1.1709,1.1772,114594,76769.2,0,NaN,NaN,NaN,NaN,NaN,NaN,485154
1532556000,1.1768,1.17875,1.1765,1.17775,22213,73218.8,0,NaN,NaN,NaN,NaN,NaN,NaN,485154
1532584800,1.17775,1.1786,1.17155,1.1725,131636,75800.45,0,NaN,NaN,NaN,NaN,NaN,NaN,485154
1532613600,1.17245,1.17245,1.16825,1.1684,93754,79378.35,0,NaN,NaN,NaN,NaN,NaN,NaN,485418
1532642400,1.1683,1.1697,1.16795,1.169,21466,74398.65,0,NaN,NaN,NaN,NaN,NaN,NaN,485418
1532671200,1.169,1.17,1.16625,1.16965,118781,77350.95,0,NaN,NaN,NaN,NaN,NaN,NaN,485418
1532700000,1.16965,1.17065,1.16875,1.16995,58373,79357.5,0,NaN,NaN,NaN,NaN,NaN,NaN,482919
1532901600,1.1698,1.1706,1.1691,1.1705,15056,73478.65,0,NaN,NaN,NaN,NaN,NaN,NaN,482919
1532930400,1.17045,1.1753,1.16885,1.17515,101166,72451.6,0,NaN,NaN,NaN,NaN,NaN,NaN,482919
1532959200,1.1752,1.1761,1.1741,1.1746,65973,73787.8,0,NaN,NaN,NaN,NaN,NaN,NaN,489085
1532988000,1.17475,1.17595,1.17405,1.1752,20287,66742.3,0,NaN,NaN,NaN,NaN,NaN,NaN,489085
1533016800,1.1752,1.179,1.17395,1.17465,130289,69050.9,0,NaN,NaN,NaN,NaN,NaN,NaN,489085
1533045600,1.1746,1.1755,1.1724,1.17315,72549,71264.6,0,NaN,NaN,NaN,NaN,NaN,NaN,488089
1533074400,1.1728,1.1732,1.1715,1.172,21822,67423.75,0,NaN,NaN,NaN,NaN,NaN,NaN,488089
1533103200,1.172,1.1739,1.1712,1.1717,89115,68912.85,0,NaN,NaN,NaN,NaN,NaN,NaN,488089
1533132000,1.17175,1.17265,1.16965,1.17005,81254,71790.75,0,NaN,NaN,NaN,NaN,NaN,NaN,487255
1533160800,1.16965,1.1704,1.16815,1.16865,21321,67362.95,0,NaN,NaN,NaN,NaN,NaN,NaN,487255
1533189600,1.1687,1.169,1.1637,1.16615,127732,70498.65,0,NaN,NaN,NaN,NaN,NaN,NaN,487255
1533218400,1.1662,1.1663,1.1618,1.162,78288,73452.35,0,NaN,NaN,NaN,NaN,NaN,NaN,501150
1533247200,1.1622,1.16305,1.1616,1.16265,17091,70138,0,NaN,NaN,NaN,NaN,NaN,NaN,501150
1533276000,1.1626,1.16465,1.1594,1.1607,166888,72752.7,0,NaN,NaN,NaN,NaN,NaN,NaN,501150
1533304800,1.1608,1.16395,1.1599,1.1603,80127,75648.4,0,NaN,NaN,NaN,NaN,NaN,NaN,496662
1533506400,1.16045,1.1605,1.1586,1.15935,19212,70027.2,0,NaN,NaN,NaN,NaN,NaN,NaN,496662
1533535200,1.1593,1.1604,1.15645,1.1578,115212,71100.1,0,NaN,NaN,NaN,NaN,NaN,NaN,496662
1533564000,1.1578,1.16055,1.1578,1.15895,66954,73374.5,0,NaN,NaN,NaN,NaN,NaN,NaN,497609
1533592800,1.1588,1.15975,1.1585,1.159,15210,68195.95,0,NaN,NaN,NaN,NaN,NaN,NaN,497609
1533621600,1.159,1.16425,1.15885,1.16395,129549,71754.75,0,NaN,NaN,NaN,NaN,NaN,NaN,497609
1533650400,1.1639,1.1639,1.1616,1.1633,66873,74345.6,0,NaN,NaN,NaN,NaN,NaN,NaN,494715
1533679200,1.163,1.1662,1.1629,1.16525,25434,70559,0,NaN,NaN,NaN,NaN,NaN,NaN,494715
1533708000,1.16525,1.1658,1.1606,1.16215,110026,72761.65,0,NaN,NaN,NaN,NaN,NaN,NaN,494715
1533736800,1.16215,1.1653,1.16195,1.1642,74366,75465.6,0,NaN,NaN,NaN,NaN,NaN,NaN,493194
1533765600,1.1646,1.165,1.1632,1.1642,21323,70017.3,0,NaN,NaN,NaN,NaN,NaN,NaN,493194
1533794400,1.1642,1.16465,1.16065,1.1622,95721,71175.9,0,NaN,NaN,NaN,NaN,NaN,NaN,493194
1533823200,1.16225,1.1626,1.1555,1.1557,106831,75426.35,0,NaN,NaN,NaN,NaN,NaN,NaN,497777
1533852000,1.15575,1.1566,1.1467,1.1492,76160,74778.6,0,NaN,NaN,NaN,NaN,NaN,NaN,497777
1533880800,1.1492,1.15115,1.1444,1.1453,249371,83184.45,0,NaN,NaN,NaN,NaN,NaN,NaN,497777
1533909600,1.1453,1.1477,1.1417,1.144,119462,88091.5,0,NaN,NaN,NaN,NaN,NaN,NaN,507420
1534111200,1.1417,1.1441,1.1394,1.14155,63275,84868.65,0,NaN,NaN,NaN,NaN,NaN,NaN,507420
1534140000,1.14155,1.14615,1.1394,1.1456,168995,89404,0,NaN,NaN,NaN,NaN,NaN,NaN,507420
1534168800,1.14565,1.14615,1.1414,1.1437,89941,93046.5,0,NaN,NaN,NaN,NaN,NaN,NaN,506684
1534197600,1.1432,1.1445,1.14225,1.14355,27974,86100.8,0,NaN,NaN,NaN,NaN,NaN,NaN,506684
1534226400,1.1436,1.1457,1.14065,1.141,123395,88264.2,0,NaN,NaN,NaN,NaN,NaN,NaN,506684
1534255200,1.141,1.14155,1.1357,1.137,109202,92763.7,0,NaN,NaN,NaN,NaN,NaN,NaN,513352
1534284000,1.1371,1.1377,1.13435,1.1355,33765,88691.35,0,NaN,NaN,NaN,NaN,NaN,NaN,513352
1534312800,1.13555,1.13725,1.13275,1.13295,130025,91844.9,0,NaN,NaN,NaN,NaN,NaN,NaN,513352
1534341600,1.1329,1.13815,1.13285,1.137,119418,97055.3,0,NaN,NaN,NaN,NaN,NaN,NaN,511718
1534370400,1.1368,1.14225,1.13595,1.1415,69274,94041.55,0,NaN,NaN,NaN,NaN,NaN,NaN,511718
1534399200,1.1415,1.1433,1.1381,1.14245,145954,97995.6,0,NaN,NaN,NaN,NaN,NaN,NaN,511718
1534428000,1.1425,1.1431,1.1372,1.14,81094,100778.6,0,NaN,NaN,NaN,NaN,NaN,NaN,515916
1534456800,1.13965,1.1412,1.13895,1.1404,19639,96259.25,0,NaN,NaN,NaN,NaN,NaN,NaN,515916
1534485600,1.14045,1.1443,1.1397,1.14345,143148,99698.35,0,NaN,NaN,NaN,NaN,NaN,NaN,515916
1534514400,1.1435,1.14685,1.14245,1.1461,86931,102978.75,0,NaN,NaN,NaN,NaN,NaN,NaN,513216
1534716000,1.1461,1.1463,1.14445,1.1447,18808,99133.1,0,NaN,NaN,NaN,NaN,NaN,NaN,513216
1534744800,1.14465,1.146,1.14165,1.1451,100975,98840.3,0,NaN,NaN,NaN,NaN,NaN,NaN,513216
1534773600,1.1451,1.1508,1.14505,1.15025,90476,99556.1,0,NaN,NaN,NaN,NaN,NaN,NaN,513578
1534802400,1.151,1.15645,1.1507,1.155,50173,89596.2,0,NaN,NaN,NaN,NaN,NaN,NaN,513578
1534831200,1.15495,1.15625,1.15135,1.15455,126238,89935,0,NaN,NaN,NaN,NaN,NaN,NaN,513578
1534860000,1.1545,1.1624,1.15345,1.15935,133144,93428.45,0,NaN,NaN,NaN,NaN,NaN,NaN,513996
1534888800,1.1594,1.1604,1.1591,1.15955,19826,85970,0,NaN,NaN,NaN,NaN,NaN,NaN,513996
1534917600,1.1596,1.16445,1.1574,1.1623,138622,88404.05,0,NaN,NaN,NaN,NaN,NaN,NaN,513996
1534946400,1.16225,1.1641,1.1601,1.16185,79925,91001.6,0,NaN,NaN,NaN,NaN,NaN,NaN,509279
1534975200,1.1615,1.1619,1.1561,1.1574,37376,86700.65,0,NaN,NaN,NaN,NaN,NaN,NaN,509279
1535004000,1.15745,1.16095,1.1567,1.1598,110155,86748.3,0,NaN,NaN,NaN,NaN,NaN,NaN,509279
1535032800,1.1598,1.1606,1.15485,1.15605,71193,88619.7,0,NaN,NaN,NaN,NaN,NaN,NaN,509892
1535061600,1.15605,1.15985,1.15525,1.1589,31911,83714,0,NaN,NaN,NaN,NaN,NaN,NaN,509892
1535090400,1.15885,1.1623,1.1573,1.1609,93603,82423.25,0,NaN,NaN,NaN,NaN,NaN,NaN,509892
1535119200,1.1609,1.1658,1.15995,1.16385,109146,84416.85,0,NaN,NaN,NaN,NaN,NaN,NaN,503294
1535320800,1.1643,1.16715,1.163,1.16355,31605,78699.4,0,NaN,NaN,NaN,NaN,NaN,NaN,503294
1535349600,1.16355,1.16755,1.1612,1.1666,88262,79057.8,0,NaN,NaN,NaN,NaN,NaN,NaN,503294
1535378400,1.16665,1.17115,1.1664,1.16945,67128,81432.25,0,NaN,NaN,NaN,NaN,NaN,NaN,503332
1535407200,1.1697,1.17135,1.16795,1.1687,26016,75575.65,0,NaN,NaN,NaN,NaN,NaN,NaN,503332
1535436000,1.16865,1.17505,1.1684,1.1748,130184,77738.3,0,NaN,NaN,NaN,NaN,NaN,NaN,503332
1535464800,1.17475,1.1748,1.1707,1.17105,69888,80292.3,0,NaN,NaN,NaN,NaN,NaN,NaN,502809
1535493600,1.1708,1.17135,1.1689,1.16905,23444,76415.75,0,NaN,NaN,NaN,NaN,NaN,NaN,502809
1535522400,1.169,1.1706,1.1668,1.17055,113209,77552.4,0,NaN,NaN,NaN,NaN,NaN,NaN,502809
1535551200,1.17055,1.17265,1.1699,1.1725,101465,80117,0,NaN,NaN,NaN,NaN,NaN,NaN,502161
1535580000,1.17215,1.1726,1.1698,1.1702,21451,74877.65,0,NaN,NaN,NaN,NaN,NaN,NaN,502161
1535608800,1.17025,1.17315,1.16565,1.16715,130515,74746.2,0,NaN,NaN,NaN,NaN,NaN,NaN,502161
1535637600,1.16725,1.16915,1.1654,1.168,87071,78108.45,0,NaN,NaN,NaN,NaN,NaN,NaN,499612
1535666400,1.1678,1.1703,1.1672,1.16935,24800,72417.35,0,NaN,NaN,NaN,NaN,NaN,NaN,499612
1535695200,1.1694,1.1703,1.16375,1.16485,117401,74291.15,0,NaN,NaN,NaN,NaN,NaN,NaN,499612
1535724000,1.16485,1.1664,1.15965,1.1607,116729,78258.8,0,NaN,NaN,NaN,NaN,NaN,NaN,493553
1535925600,1.1609,1.1627,1.16,1.1624,16187,73560.4,0,NaN,NaN,NaN,NaN,NaN,NaN,493553
1535954400,1.16235,1.1638,1.16025,1.16205,62906,73146.05,0,NaN,NaN,NaN,NaN,NaN,NaN,493553
1535983200,1.16205,1.16395,1.1619,1.1628,14407,72270.85,0,NaN,NaN,NaN,NaN,NaN,NaN,493553
1536012000,1.1626,1.16285,1.16065,1.16135,21477,68664.55,0,NaN,NaN,NaN,NaN,NaN,NaN,493553
1536040800,1.1613,1.16155,1.15545,1.1556,123660,69390.25,0,NaN,NaN,NaN,NaN,NaN,NaN,493553
1536069600,1.15555,1.16,1.15405,1.15925,89172,72268.6,0,NaN,NaN,NaN,NaN,NaN,NaN,485682
1536098400,1.1592,1.1618,1.159,1.1603,29715,69341.25,0,NaN,NaN,NaN,NaN,NaN,NaN,485682
1536127200,1.1603,1.16505,1.1552,1.16365,176253,74797.5,0,NaN,NaN,NaN,NaN,NaN,NaN,485682
1536156000,1.16365,1.1644,1.16145,1.16395,80166,77505,0,NaN,NaN,NaN,NaN,NaN,NaN,475332
1536184800,1.16395,1.1667,1.1627,1.16305,32560,72623.8,0,NaN,NaN,NaN,NaN,NaN,NaN,475332
1536213600,1.16305,1.1663,1.1621,1.1648,103593,74309.05,0,NaN,NaN,NaN,NaN,NaN,NaN,475332
1536242400,1.1648,1.1654,1.1613,1.1632,85428,77408.25,0,NaN,NaN,NaN,NaN,NaN,NaN,464645
1536271200,1.16315,1.16375,1.1621,1.1631,21846,72840.1,0,NaN,NaN,NaN,NaN,NaN,NaN,464645
1536300000,1.16305,1.1656,1.1568,1.1584,158703,75702,0,NaN,NaN,NaN,NaN,NaN,NaN,464645
1536328800,1.15845,1.15995,1.1557,1.1559,88108,79034.85,0,NaN,NaN,NaN,NaN,NaN,NaN,447528
1536530400,1.15555,1.15695,1.1545,1.1557,20206,73519.4,0,NaN,NaN,NaN,NaN,NaN,NaN,447528
1536559200,1.15565,1.16225,1.15305,1.1606,108537,74592.7,0,NaN,NaN,NaN,NaN,NaN,NaN,447528
1536588000,1.1605,1.1619,1.1598,1.1599,44352,75570.3,0,NaN,NaN,NaN,NaN,NaN,NaN,429328
1536616800,1.15995,1.16175,1.15825,1.16175,21863,70793.4,0,NaN,NaN,NaN,NaN,NaN,NaN,429328
1536645600,1.1617,1.1649,1.15705,1.1585,117432,70828.55,0,NaN,NaN,NaN,NaN,NaN,NaN,429328
1536674400,1.1585,1.16175,1.1581,1.1607,51384,72588.4,0,NaN,NaN,NaN,NaN,NaN,NaN,370327
1536703200,1.16045,1.16075,1.1584,1.15875,11944,70040.3,0,NaN,NaN,NaN,NaN,NaN,NaN,370327
1536732000,1.15875,1.1609,1.1574,1.1602,110191,74829.5,0,NaN,NaN,NaN,NaN,NaN,NaN,370327
1536760800,1.1602,1.1654,1.1601,1.1628,82125,77861.9,0,NaN,NaN,NaN,NaN,NaN,NaN,292058
1536789600,1.1632,1.1645,1.162,1.16225,18070,72582.4,0,NaN,NaN,NaN,NaN,NaN,NaN,292058
1536818400,1.16225,1.1703,1.16105,1.1694,139082,75077.9,0,NaN,NaN,NaN,NaN,NaN,NaN,292058
1536847200,1.16935,1.16975,1.167,1.16915,59993,76591.8,0,NaN,NaN,NaN,NaN,NaN,NaN,159537
1536876000,1.17745,1.1782,1.1771,1.17765,15112,68534.75,0,NaN,NaN,NaN,NaN,NaN,NaN,159537
1536904800,1.17765,1.18055,1.1743,1.1751,100720,69562.45,0,NaN,NaN,NaN,NaN,NaN,NaN,159537
1536933600,1.17505,1.1755,1.17035,1.17035,73350,71601.95,0,NaN,NaN,NaN,NaN,NaN,NaN,451897
1537135200,1.17105,1.1721,1.1704,1.17195,12740,67059.3,0,NaN,NaN,NaN,NaN,NaN,NaN,451897
1537164000,1.1719,1.17775,1.17,1.17765,89688,67272.3,0,NaN,NaN,NaN,NaN,NaN,NaN,451897
1537192800,1.1776,1.17805,1.1764,1.17655,50611,68710.55,0,NaN,NaN,NaN,NaN,NaN,NaN,458290
1537221600,1.1767,1.1785,1.1747,1.17805,29997,62275.25,0,NaN,NaN,NaN,NaN,NaN,NaN,458290
1537250400,1.17805,1.1807,1.17535,1.1786,120076,63873.65,0,NaN,NaN,NaN,NaN,NaN,NaN,458290
1537279200,1.1786,1.1789,1.17335,1.1751,68698,66298.25,0,NaN,NaN,NaN,NaN,NaN,NaN,454724
1537308000,1.17525,1.17685,1.17365,1.1768,19194,61831.1,0,NaN,NaN,NaN,NaN,NaN,NaN,454724
1537336800,1.1768,1.17965,1.17385,1.17435,110403,65133.65,0,NaN,NaN,NaN,NaN,NaN,NaN,454724
1537365600,1.1743,1.1774,1.17305,1.1753,58443,66962.65,0,NaN,NaN,NaN,NaN,NaN,NaN,458560
1537394400,1.17525,1.1765,1.1747,1.17615,15888,61885.45,0,NaN,NaN,NaN,NaN,NaN,NaN,458560
1537423200,1.17625,1.18565,1.17575,1.1836,168156,67724.05,0,NaN,NaN,NaN,NaN,NaN,NaN,458560
1537452000,1.1836,1.1864,1.18175,1.18565,72642,70758.95,0,NaN,NaN,NaN,NaN,NaN,NaN,468029
1537480800,1.1857,1.18655,1.18525,1.1863,18669,66182.85,0,NaN,NaN,NaN,NaN,NaN,NaN,468029
1537509600,1.18625,1.18815,1.1811,1.1821,152595,69706.35,0,NaN,NaN,NaN,NaN,NaN,NaN,468029
1537538400,1.1821,1.1845,1.18125,1.1828,62844,71945.05,0,NaN,NaN,NaN,NaN,NaN,NaN,465696
1537740000,1.1822,1.183,1.1809,1.18095,12106,65596.25,0,NaN,NaN,NaN,NaN,NaN,NaN,465696
1537768800,1.181,1.1893,1.18015,1.1877,133437,69268.45,0,NaN,NaN,NaN,NaN,NaN,NaN,465696
1537797600,1.1877,1.1878,1.18215,1.18255,71690,72097.35,0,NaN,NaN,NaN,NaN,NaN,NaN,470759
1537826400,1.18255,1.1835,1.1807,1.18245,19990,68060.85,0,NaN,NaN,NaN,NaN,NaN,NaN,470759
1537855200,1.18245,1.18675,1.181,1.1861,136429,71214.8,0,NaN,NaN,NaN,NaN,NaN,NaN,470759
1537884000,1.18605,1.18695,1.1838,1.1844,61426,73649.1,0,NaN,NaN,NaN,NaN,NaN,NaN,467073
1537912800,1.1843,1.18445,1.1832,1.1836,19041,70116.75,0,NaN,NaN,NaN,NaN,NaN,NaN,467073
1537941600,1.1836,1.18515,1.1801,1.18095,97585,72465.45,0,NaN,NaN,NaN,NaN,NaN,NaN,467073
1537970400,1.181,1.1875,1.1807,1.18155,142194,78075.3,0,NaN,NaN,NaN,NaN,NaN,NaN,463409
1537999200,1.1818,1.18305,1.1763,1.17765,37344,73938.7,0,NaN,NaN,NaN,NaN,NaN,NaN,463409
1538028000,1.1776,1.1793,1.1743,1.1755,167581,78882.85,0,NaN,NaN,NaN,NaN,NaN,NaN,463409
1538056800,1.1755,1.17695,1.1711,1.17135,99572,82901.75,0,NaN,NaN,NaN,NaN,NaN,NaN,461736
1538085600,1.17125,1.1723,1.17045,1.172,21334,78448.3,0,NaN,NaN,NaN,NaN,NaN,NaN,461736
1538114400,1.17205,1.17225,1.1641,1.16515,176152,84333.75,0,NaN,NaN,NaN,NaN,NaN,NaN,461736
1538143200,1.1652,1.17005,1.16495,1.1671,93701,88224.4,0,NaN,NaN,NaN,NaN,NaN,NaN,468471
1538344800,1.1683,1.16835,1.1656,1.1659,17875,80710.35,0,NaN,NaN,NaN,NaN,NaN,NaN,468471
1538373600,1.1659,1.1695,1.16435,1.1673,123838,83270.15,0,NaN,NaN,NaN,NaN,NaN,NaN,468471
1538402400,1.1673,1.16805,1.1633,1.1648,76613,86167.35,0,NaN,NaN,NaN,NaN,NaN,NaN,464336
1538431200,1.1645,1.1649,1.16135,1.1616,18557,79465.45,0,NaN,NaN,NaN,NaN,NaN,NaN,464336
1538460000,1.1616,1.16175,1.1573,1.16015,157746,84210.55,0,NaN,NaN,NaN,NaN,NaN,NaN,464336
1538488800,1.1601,1.1639,1.16005,1.1619,77606,87485.55,0,NaN,NaN,NaN,NaN,NaN,NaN,465755
1538517600,1.1616,1.1661,1.16035,1.1653,52014,83414.4,0,NaN,NaN,NaN,NaN,NaN,NaN,465755
1538546400,1.16525,1.16605,1.1595,1.1606,119789,85819.35,0,NaN,NaN,NaN,NaN,NaN,NaN,465755
1538575200,1.16055,1.1614,1.15315,1.1545,98614,89750.55,0,NaN,NaN,NaN,NaN,NaN,NaN,468447
1538604000,1.1545,1.1551,1.15265,1.15365,25473,84202.75,0,NaN,NaN,NaN,NaN,NaN,NaN,468447
1538632800,1.1537,1.15905,1.153,1.15815,122662,87264.55,0,NaN,NaN,NaN,NaN,NaN,NaN,468447
1538661600,1.1581,1.16065,1.1556,1.1578,74312,90028.1,0,NaN,NaN,NaN,NaN,NaN,NaN,467570
1538690400,1.1576,1.1583,1.156,1.15615,13073,85802.5,0,NaN,NaN,NaN,NaN,NaN,NaN,467570
1538719200,1.15615,1.1613,1.1547,1.15995,131919,85288.75,0,NaN,NaN,NaN,NaN,NaN,NaN,467570
1538748000,1.15995,1.16035,1.1561,1.1586,77007,87271.9,0,NaN,NaN,NaN,NaN,NaN,NaN,466987
1538949600,1.1586,1.15925,1.15675,1.1573,11832,79484.45,0,NaN,NaN,NaN,NaN,NaN,NaN,466987
1538978400,1.15735,1.15755,1.15225,1.1535,90659,79038.8,0,NaN,NaN,NaN,NaN,NaN,NaN,466987
1539007200,1.1535,1.15615,1.15325,1.1555,54211,80682.65,0,NaN,NaN,NaN,NaN,NaN,NaN,469248
1539036000,1.1555,1.15645,1.1547,1.1558,13391,72544.6,0,NaN,NaN,NaN,NaN,NaN,NaN,469248
1539064800,1.15575,1.15575,1.14935,1.15085,144153,75067.2,0,NaN,NaN,NaN,NaN,NaN,NaN,469248
1539093600,1.15085,1.15655,1.15085,1.15545,89976,78672.25,0,NaN,NaN,NaN,NaN,NaN,NaN,468654
1539122400,1.1552,1.1577,1.1552,1.1571,16471,73303.9,0,NaN,NaN,NaN,NaN,NaN,NaN,468654
1539151200,1.15705,1.15855,1.1541,1.15815,107600,74853.25,0,NaN,NaN,NaN,NaN,NaN,NaN,468654
1539180000,1.1581,1.1607,1.1576,1.1578,82420,78046.4,0,NaN,NaN,NaN,NaN,NaN,NaN,467990
1539208800,1.15875,1.16315,1.1586,1.16135,40249,72171.55,0,NaN,NaN,NaN,NaN,NaN,NaN,467990
1539237600,1.16135,1.16585,1.15935,1.1623,145604,75571.45,0,NaN,NaN,NaN,NaN,NaN,NaN,467990
1539266400,1.1623,1.16575,1.1604,1.16535,106827,78312.1,0,NaN,NaN,NaN,NaN,NaN,NaN,467456
1539295200,1.1651,1.16685,1.16455,1.16485,21832,73414.25,0,NaN,NaN,NaN,NaN,NaN,NaN,467456
1539324000,1.1648,1.1662,1.1599,1.1603,102875,73627.3,0,NaN,NaN,NaN,NaN,NaN,NaN,467456
1539352800,1.16025,1.1627,1.15925,1.16165,66892,75698.25,0,NaN,NaN,NaN,NaN,NaN,NaN,458717
1539554400,1.161,1.1613,1.16005,1.161,12811,70205.7,0,NaN,NaN,NaN,NaN,NaN,NaN,458717
1539583200,1.161,1.16635,1.16085,1.1648,91918,71086,0,NaN,NaN,NaN,NaN,NaN,NaN,458717
1539612000,1.1648,1.16525,1.1631,1.16375,45035,72684.1,0,NaN,NaN,NaN,NaN,NaN,NaN,457514
1539640800,1.1637,1.1649,1.1622,1.16275,16815,66928.9,0,NaN,NaN,NaN,NaN,NaN,NaN,457514
1539669600,1.16265,1.1678,1.16215,1.1657,111861,68671.6,0,NaN,NaN,NaN,NaN,NaN,NaN,457514
1539698400,1.16565,1.16565,1.1627,1.1631,53831,70771.55,0,NaN,NaN,NaN,NaN,NaN,NaN,455333
1539727200,1.16275,1.16355,1.16025,1.1609,22147,67345.95,0,NaN,NaN,NaN,NaN,NaN,NaN,455333
1539756000,1.1609,1.1633,1.15755,1.15925,105443,69907.55,0,NaN,NaN,NaN,NaN,NaN,NaN,455333
1539784800,1.15925,1.16025,1.155,1.15535,80809,73278.45,0,NaN,NaN,NaN,NaN,NaN,NaN,455375
1539813600,1.155,1.15575,1.15425,1.15425,18219,66981.75,0,NaN,NaN,NaN,NaN,NaN,NaN,455375
1539842400,1.1543,1.158,1.1533,1.1544,88810,66923.45,0,NaN,NaN,NaN,NaN,NaN,NaN,455375
1539871200,1.15435,1.157,1.1501,1.15045,117429,71971.35,0,NaN,NaN,NaN,NaN,NaN,NaN,460683
1539900000,1.15055,1.15165,1.1501,1.1513,18181,67500.4,0,NaN,NaN,NaN,NaN,NaN,NaN,460683
1539928800,1.1513,1.15435,1.14835,1.1541,120316,69395.2,0,NaN,NaN,NaN,NaN,NaN,NaN,460683
1539957600,1.15405,1.1586,1.15265,1.1561,98874,72326.45,0,NaN,NaN,NaN,NaN,NaN,NaN,459313
1540159200,1.15665,1.15685,1.15485,1.1563,14424,65767.45,0,NaN,NaN,NaN,NaN,NaN,NaN,459313
1540188000,1.1563,1.16005,1.15215,1.153,97401,65296.15,0,NaN,NaN,NaN,NaN,NaN,NaN,459313
1540216800,1.153,1.1531,1.15055,1.15155,47630,66586.05,0,NaN,NaN,NaN,NaN,NaN,NaN,462889
1540245600,1.15135,1.15175,1.1501,1.15035,14566,62170.6,0,NaN,NaN,NaN,NaN,NaN,NaN,462889
1540274400,1.1503,1.1535,1.1488,1.1516,120855,64868.75,0,NaN,NaN,NaN,NaN,NaN,NaN,462889
1540303200,1.1516,1.15425,1.14975,1.1518,73104,67883.4,0,NaN,NaN,NaN,NaN,NaN,NaN,466027
1540332000,1.1518,1.1523,1.1509,1.1513,13122,63943.6,0,NaN,NaN,NaN,NaN,NaN,NaN,466027
1540360800,1.15125,1.15245,1.14265,1.14415,161648,69774.25,0,NaN,NaN,NaN,NaN,NaN,NaN,466027
1540389600,1.1442,1.14575,1.14285,1.144,66760,72271.5,0,NaN,NaN,NaN,NaN,NaN,NaN,480376
1540418400,1.1444,1.1461,1.144,1.14575,14159,67386.4,0,NaN,NaN,NaN,NaN,NaN,NaN,480376
1540447200,1.14575,1.14785,1.14155,1.14255,138063,71598,0,NaN,NaN,NaN,NaN,NaN,NaN,480376
1540476000,1.14255,1.1432,1.1401,1.14205,72740,74127.65,0,NaN,NaN,NaN,NaN,NaN,NaN,482835
1540504800,1.1417,1.14215,1.1402,1.14085,22441,69977.55,0,NaN,NaN,NaN,NaN,NaN,NaN,482835
1540533600,1.14085,1.14275,1.138,1.14035,110230,71448.6,0,NaN,NaN,NaN,NaN,NaN,NaN,482835
1540562400,1.14035,1.1466,1.13995,1.1447,106263,75850.8,0,NaN,NaN,NaN,NaN,NaN,NaN,480632
1540764000,1.1442,1.1448,1.143,1.144,16747,72247.65,0,NaN,NaN,NaN,NaN,NaN,NaN,480632
1540792800,1.14395,1.146,1.14045,1.1414,137678,73260.1,0,NaN,NaN,NaN,NaN,NaN,NaN,480632
1540821600,1.1414,1.14445,1.1411,1.14165,68458,75773.95,0,NaN,NaN,NaN,NaN,NaN,NaN,482430
1540850400,1.1414,1.1428,1.1413,1.1421,13750,70445.65,0,NaN,NaN,NaN,NaN,NaN,NaN,482430
1540879200,1.14205,1.1431,1.1388,1.14175,103000,70651.95,0,NaN,NaN,NaN,NaN,NaN,NaN,482430
1540908000,1.14175,1.14235,1.13825,1.1387,63233,73092.4,0,NaN,NaN,NaN,NaN,NaN,NaN,479361
1540936800,1.13865,1.13915,1.1377,1.13835,17641,69104.4,0,NaN,NaN,NaN,NaN,NaN,NaN,479361
1540965600,1.1383,1.14015,1.13515,1.13605,104349,71940.35,0,NaN,NaN,NaN,NaN,NaN,NaN,479361
1540994400,1.13605,1.1388,1.1343,1.13545,126348,77529.45,0,NaN,NaN,NaN,NaN,NaN,NaN,480982
1541023200,1.1355,1.1389,1.13515,1.13805,28946,72934,0,NaN,NaN,NaN,NaN,NaN,NaN,480982
1541052000,1.13805,1.14435,1.13765,1.14325,125557,75556.65,0,NaN,NaN,NaN,NaN,NaN,NaN,480982
1541080800,1.14325,1.1463,1.14285,1.1448,87576,79279.35,0,NaN,NaN,NaN,NaN,NaN,NaN,481020
1541109600,1.14435,1.1466,1.14295,1.1462,27757,72584.8,0,NaN,NaN,NaN,NaN,NaN,NaN,481020
1541138400,1.1462,1.1494,1.14425,1.14555,132051,75849.35,0,NaN,NaN,NaN,NaN,NaN,NaN,481020
1541167200,1.1455,1.1469,1.14095,1.14265,102076,80245.2,0,NaN,NaN,NaN,NaN,NaN,NaN,477878
1541372400,1.14265,1.14365,1.14195,1.14255,14333,74058.7,0,NaN,NaN,NaN,NaN,NaN,NaN,477878
1541401200,1.1425,1.14375,1.1389,1.1436,80705,74456.95,0,NaN,NaN,NaN,NaN,NaN,NaN,477878
1541430000,1.14355,1.1461,1.14275,1.1445,56339,76151.85,0,NaN,NaN,NaN,NaN,NaN,NaN,481463
1541458800,1.1443,1.14505,1.1435,1.14485,16552,71467.95,0,NaN,NaN,NaN,NaN,NaN,NaN,481463
1541487600,1.1448,1.14745,1.14275,1.14535,88803,70594.95,0,NaN,NaN,NaN,NaN,NaN,NaN,481463
1541516400,1.14535,1.14635,1.1442,1.14605,44130,71964.1,0,NaN,NaN,NaN,NaN,NaN,NaN,481421
1541545200,1.14545,1.15085,1.143,1.1471,71776,68669,0,NaN,NaN,NaN,NaN,NaN,NaN,481421
1541574000,1.1471,1.15455,1.147,1.15135,122900,71391.1,0,NaN,NaN,NaN,NaN,NaN,NaN,481421
1541602800,1.15135,1.1522,1.146,1.1462,63746,73890.9,0,NaN,NaN,NaN,NaN,NaN,NaN,489229
1541631600,1.1459,1.14685,1.14545,1.1466,15829,69532.35,0,NaN,NaN,NaN,NaN,NaN,NaN,489229
1541660400,1.14665,1.14765,1.1436,1.1467,88966,70819,0,NaN,NaN,NaN,NaN,NaN,NaN,489229
1541689200,1.14665,1.14785,1.13825,1.13945,93418,74607.85,0,NaN,NaN,NaN,NaN,NaN,NaN,490014
1541718000,1.1397,1.14005,1.1372,1.1377,21904,70485.6,0,NaN,NaN,NaN,NaN,NaN,NaN,490014
1541746800,1.1377,1.13915,1.1358,1.1373,85929,68464.65,0,NaN,NaN,NaN,NaN,NaN,NaN,490014
1541775600,1.13725,1.13895,1.1348,1.1367,68006,70417.65,0,NaN,NaN,NaN,NaN,NaN,NaN,495556
1541977200,1.13495,1.13615,1.1299,1.13035,33574,65818.5,0,NaN,NaN,NaN,NaN,NaN,NaN,495556
1542006000,1.13035,1.13125,1.12705,1.1295,106609,66770.15,0,NaN,NaN,NaN,NaN,NaN,NaN,495556
1542034800,1.1295,1.13035,1.12455,1.1247,57838,68274.2,0,NaN,NaN,NaN,NaN,NaN,NaN,492064
1542063600,1.125,1.12815,1.125,1.12815,26263,62984.8,0,NaN,NaN,NaN,NaN,NaN,NaN,492064
1542092400,1.12805,1.1309,1.1251,1.1294,112232,63492.6,0,NaN,NaN,NaN,NaN,NaN,NaN,492064
1542121200,1.1294,1.13235,1.12815,1.13155,88243,67188.1,0,NaN,NaN,NaN,NaN,NaN,NaN,488241
1542150000,1.1325,1.13515,1.1314,1.13255,26305,64468.1,0,NaN,NaN,NaN,NaN,NaN,NaN,488241
1542178800,1.13255,1.13765,1.12915,1.13625,102012,66751.75,0,NaN,NaN,NaN,NaN,NaN,NaN,488241
1542207600,1.1362,1.13735,1.13045,1.13415,104480,71148.15,0,NaN,NaN,NaN,NaN,NaN,NaN,491332
1542236400,1.13415,1.13735,1.1337,1.13685,17291,67572.55,0,NaN,NaN,NaN,NaN,NaN,NaN,491332
1542265200,1.1369,1.13785,1.12965,1.13265,133968,72064.45,0,NaN,NaN,NaN,NaN,NaN,NaN,491332
1542294000,1.1326,1.1389,1.1326,1.13585,70201,71985.7,0,NaN,NaN,NaN,NaN,NaN,NaN,487885
1542322800,1.135,1.1375,1.13465,1.1374,15455,66613.45,0,NaN,NaN,NaN,NaN,NaN,NaN,487885
1542351600,1.13735,1.1437,1.13465,1.14305,132900,70071.15,0,NaN,NaN,NaN,NaN,NaN,NaN,487885
1542380400,1.14305,1.14465,1.14165,1.14465,56871,72123.25,0,NaN,NaN,NaN,NaN,NaN,NaN,490241
1542582000,1.1442,1.14455,1.1418,1.14275,14246,68387.25,0,NaN,NaN,NaN,NaN,NaN,NaN,490241
1542610800,1.1427,1.1463,1.14255,1.1452,64710,66951.85,0,NaN,NaN,NaN,NaN,NaN,NaN,490241
1542639600,1.14525,1.1489,1.1449,1.14795,58479,68780.6,0,NaN,NaN,NaN,NaN,NaN,NaN,482828
1542668400,1.14745,1.1481,1.1465,1.1474,16176,65292.95,0,NaN,NaN,NaN,NaN,NaN,NaN,482828
1542697200,1.14745,1.1495,1.14155,1.1421,93676,66576.45,0,NaN,NaN,NaN,NaN,NaN,NaN,482828
1542726000,1.1421,1.14355,1.1381,1.1392,69253,68360.4,0,NaN,NaN,NaN,NaN,NaN,NaN,491637
1542754800,1.1391,1.14235,1.13885,1.14155,15725,63816.2,0,NaN,NaN,NaN,NaN,NaN,NaN,491637
1542783600,1.14155,1.14475,1.13895,1.1416,121365,66992.55,0,NaN,NaN,NaN,NaN,NaN,NaN,491637
1542812400,1.14155,1.1437,1.14025,1.14095,43207,67839.75,0,NaN,NaN,NaN,NaN,NaN,NaN,488655
1542841200,1.1407,1.1432,1.1404,1.1425,11411,62798.7,0,NaN,NaN,NaN,NaN,NaN,NaN,488655
1542870000,1.14245,1.1454,1.1414,1.14245,49068,60839.95,0,NaN,NaN,NaN,NaN,NaN,NaN,488655
1542898800,1.1424,1.14315,1.1411,1.1427,11261,60087.75,0,NaN,NaN,NaN,NaN,NaN,NaN,488655
1542927600,1.1424,1.14405,1.14195,1.14325,10765,55525.4,0,NaN,NaN,NaN,NaN,NaN,NaN,488655
1542956400,1.1432,1.14375,1.1356,1.1366,87388,54670.8,0,NaN,NaN,NaN,NaN,NaN,NaN,488655
1542985200,1.13655,1.1379,1.135,1.13525,26499,55131.2,0,NaN,NaN,NaN,NaN,NaN,NaN,488645
1543186800,1.1355,1.1372,1.1344,1.13705,17716,49318.6,0,NaN,NaN,NaN,NaN,NaN,NaN,488645
1543215600,1.13705,1.14025,1.13675,1.13715,82011,49909.1,0,NaN,NaN,NaN,NaN,NaN,NaN,488645
1543244400,1.1371,1.13755,1.1342,1.1347,41393,51206,0,NaN,NaN,NaN,NaN,NaN,NaN,484784
1543273200,1.13485,1.1361,1.134,1.1346,15898,45355.9,0,NaN,NaN,NaN,NaN,NaN,NaN,484784
1543302000,1.13465,1.13605,1.13125,1.1315,103244,47674.55,0,NaN,NaN,NaN,NaN,NaN,NaN,484784
1543330800,1.13145,1.13275,1.12945,1.13055,64103,50167.4,0,NaN,NaN,NaN,NaN,NaN,NaN,485514
1543359600,1.1312,1.1317,1.13005,1.1314,16170,47740.4,0,NaN,NaN,NaN,NaN,NaN,NaN,485514
1543388400,1.1314,1.1315,1.1283,1.1292,76417,48637.3,0,NaN,NaN,NaN,NaN,NaN,NaN,485514
1543417200,1.1292,1.14055,1.1286,1.1382,130834,54370.2,0,NaN,NaN,NaN,NaN,NaN,NaN,486932
1543446000,1.1382,1.14065,1.1377,1.1395,24780,50925.4,0,NaN,NaN,NaN,NaN,NaN,NaN,486932
1543474800,1.13945,1.14155,1.13625,1.1398,109481,52936.8,0,NaN,NaN,NaN,NaN,NaN,NaN,486932
1543503600,1.1398,1.14115,1.1377,1.14085,75422,55921.65,0,NaN,NaN,NaN,NaN,NaN,NaN,479523
1543532400,1.14025,1.14135,1.1398,1.1404,16034,50655.1,0,NaN,NaN,NaN,NaN,NaN,NaN,479523
1543561200,1.1404,1.14075,1.1345,1.1351,98672,53428.35,0,NaN,NaN,NaN,NaN,NaN,NaN,479523
1543590000,1.1351,1.13575,1.1318,1.13345,67270,56221.3,0,NaN,NaN,NaN,NaN,NaN,NaN,484735
1543791600,1.13465,1.13815,1.134,1.13755,25664,55051.1,0,NaN,NaN,NaN,NaN,NaN,NaN,484735
1543820400,1.1376,1.13915,1.1331,1.13585,93422,59159.15,0,NaN,NaN,NaN,NaN,NaN,NaN,484735
1543849200,1.13585,1.1376,1.1347,1.1363,54843,61363.05,0,NaN,NaN,NaN,NaN,NaN,NaN,481947
1543878000,1.13665,1.1399,1.1361,1.1397,23732,58180.25,0,NaN,NaN,NaN,NaN,NaN,NaN,481947
1543906800,1.1397,1.14305,1.1386,1.13995,120569,62883.75,0,NaN,NaN,NaN,NaN,NaN,NaN,481947
1543935600,1.13995,1.14035,1.1329,1.13525,88000,66397.95,0,NaN,NaN,NaN,NaN,NaN,NaN,479346
1543964400,1.13505,1.13565,1.13265,1.1341,19948,63294.8,0,NaN,NaN,NaN,NaN,NaN,NaN,479346
1543993200,1.1341,1.1372,1.1332,1.1333,53752,63912.75,0,NaN,NaN,NaN,NaN,NaN,NaN,479346
1544022000,1.1333,1.13695,1.1321,1.13545,33983,64817,0,NaN,NaN,NaN,NaN,NaN,NaN,472687
1544050800,1.1354,1.1361,1.13355,1.134,22196,60764.6,0,NaN,NaN,NaN,NaN,NaN,NaN,472687
1544079600,1.13405,1.1408,1.13285,1.1403,120506,63584.75,0,NaN,NaN,NaN,NaN,NaN,NaN,472687
1544108400,1.1403,1.142,1.1365,1.13855,88885,67220.5,0,NaN,NaN,NaN,NaN,NaN,NaN,466285
1544137200,1.13845,1.1389,1.13715,1.138,12125,64005.9,0,NaN,NaN,NaN,NaN,NaN,NaN,466285
1544166000,1.138,1.1423,1.1367,1.13935,112641,63096.25,0,NaN,NaN,NaN,NaN,NaN,NaN,466285
1544194800,1.1394,1.1431,1.1383,1.13895,75752,65644.85,0,NaN,NaN,NaN,NaN,NaN,NaN,459684
1544396400,1.1407,1.1449,1.13995,1.1435,25757,61458.65,0,NaN,NaN,NaN,NaN,NaN,NaN,459684
1544425200,1.1435,1.14465,1.1399,1.1413,91049,62240,0,NaN,NaN,NaN,NaN,NaN,NaN,459684
1544454000,1.14135,1.1421,1.1356,1.1362,83228,65599.7,0,NaN,NaN,NaN,NaN,NaN,NaN,424301
1544482800,1.1357,1.1377,1.13565,1.13685,14733,61402.75,0,NaN,NaN,NaN,NaN,NaN,NaN,424301
1544511600,1.13685,1.14055,1.13375,1.1341,101095,63094,0,NaN,NaN,NaN,NaN,NaN,NaN,424301
1544540400,1.1341,1.1346,1.1311,1.13225,84419,66031.75,0,NaN,NaN,NaN,NaN,NaN,NaN,358964
1544569200,1.1325,1.1338,1.13225,1.13325,15987,62160,0,NaN,NaN,NaN,NaN,NaN,NaN,358964
1544598000,1.13325,1.13725,1.1319,1.13685,104894,64662.55,0,NaN,NaN,NaN,NaN,NaN,NaN,358964
1544626800,1.1369,1.1392,1.1359,1.1372,69321,66942,0,NaN,NaN,NaN,NaN,NaN,NaN,272821
1544655600,1.1375,1.13795,1.1365,1.1372,11740,61500.55,0,NaN,NaN,NaN,NaN,NaN,NaN,272821
1544684400,1.13725,1.1396,1.13325,1.13455,112385,62719.8,0,NaN,NaN,NaN,NaN,NaN,NaN,272821
1544713200,1.1345,1.13735,1.1333,1.13615,51974,64321.1,0,NaN,NaN,NaN,NaN,NaN,NaN,163821
1544742000,1.1448,1.1457,1.14375,1.1441,17487,62507.85,0,NaN,NaN,NaN,NaN,NaN,NaN,163821
1544770800,1.14405,1.14505,1.1362,1.13755,120858,66851.6,0,NaN,NaN,NaN,NaN,NaN,NaN,163821
1544799600,1.13755,1.1401,1.13755,1.1398,53462,68414.9,0,NaN,NaN,NaN,NaN,NaN,NaN,481537
1545001200,1.13955,1.1405,1.1395,1.1403,10594,62919.3,0,NaN,NaN,NaN,NaN,NaN,NaN,481537
1545030000,1.14025,1.1446,1.14015,1.1435,88254,62887.75,0,NaN,NaN,NaN,NaN,NaN,NaN,481537
1545058800,1.1435,1.14495,1.14215,1.1437,57258,65144.4,0,NaN,NaN,NaN,NaN,NaN,NaN,484752
1545087600,1.1438,1.14505,1.1428,1.1429,15281,60276.4,0,NaN,NaN,NaN,NaN,NaN,NaN,484752
1545116400,1.14285,1.1493,1.1426,1.14555,87406,60859.1,0,NaN,NaN,NaN,NaN,NaN,NaN,484752
1545145200,1.14555,1.14655,1.144,1.14515,57740,62458.25,0,NaN,NaN,NaN,NaN,NaN,NaN,485001
1545174000,1.1458,1.14795,1.14575,1.1474,16257,58718.65,0,NaN,NaN,NaN,NaN,NaN,NaN,485001
1545202800,1.1474,1.1524,1.1472,1.15215,76994,58406.95,0,NaN,NaN,NaN,NaN,NaN,NaN,485001
1545231600,1.15215,1.15325,1.14555,1.14715,117268,63533.7,0,NaN,NaN,NaN,NaN,NaN,NaN,484338
1545260400,1.147,1.14985,1.1466,1.14975,18883,59423.1,0,NaN,NaN,NaN,NaN,NaN,NaN,484338
1545289200,1.14975,1.1575,1.1494,1.1538,124249,61414.6,0,NaN,NaN,NaN,NaN,NaN,NaN,484338
1545318000,1.15375,1.15725,1.14895,1.1535,98487,65539.6,0,NaN,NaN,NaN,NaN,NaN,NaN,497272
1545346800,1.1535,1.1547,1.15255,1.154,15973,61093.55,0,NaN,NaN,NaN,NaN,NaN,NaN,497272
1545375600,1.15395,1.1558,1.14835,1.1486,88154,62035.2,0,NaN,NaN,NaN,NaN,NaN,NaN,497272
1545404400,1.1486,1.1505,1.14385,1.14515,74567,65176.55,0,NaN,NaN,NaN,NaN,NaN,NaN,487602
1545606000,1.1452,1.14745,1.145,1.1462,10062,60060.4,0,NaN,NaN,NaN,NaN,NaN,NaN,487602
1545634800,1.14625,1.15215,1.1456,1.151,38454,59384.4,0,NaN,NaN,NaN,NaN,NaN,NaN,487602
1545663600,1.1511,1.15165,1.1482,1.1503,19892,59504.65,0,NaN,NaN,NaN,NaN,NaN,NaN,489087
1545778800,1.1495,1.1504,1.1479,1.1487,11539,54038.7,0,NaN,NaN,NaN,NaN,NaN,NaN,489087
1545807600,1.14865,1.1488,1.1455,1.14665,23603,52545.75,0,NaN,NaN,NaN,NaN,NaN,NaN,489087
1545836400,1.1467,1.14965,1.1424,1.14335,39588,53995.45,0,NaN,NaN,NaN,NaN,NaN,NaN,487199
1545865200,1.1437,1.1469,1.1434,1.1462,18602,50512.85,0,NaN,NaN,NaN,NaN,NaN,NaN,487199
1545894000,1.1462,1.15155,1.1442,1.15135,85710,51935.45,0,NaN,NaN,NaN,NaN,NaN,NaN,487199
1545922800,1.1513,1.15325,1.1476,1.15095,69388,54640.8,0,NaN,NaN,NaN,NaN,NaN,NaN,488321
1545951600,1.15065,1.15415,1.15045,1.15345,18831,51212.05,0,NaN,NaN,NaN,NaN,NaN,NaN,488321
1545980400,1.1534,1.15475,1.15055,1.15285,73026,51976.35,0,NaN,NaN,NaN,NaN,NaN,NaN,488321
1546009200,1.15285,1.15315,1.15045,1.1518,44906,53408.8,0,NaN,NaN,NaN,NaN,NaN,NaN,490138
1546210800,1.1514,1.1524,1.14945,1.15,9179,50018.05,0,NaN,NaN,NaN,NaN,NaN,NaN,490138
1546239600,1.15,1.154,1.14975,1.1508,43366,46322.95,0,NaN,NaN,NaN,NaN,NaN,NaN,490138
1546268400,1.1508,1.15405,1.1499,1.1539,40409,47399.25,0,NaN,NaN,NaN,NaN,NaN,NaN,486445
1546383600,1.1533,1.1569,1.15145,1.15575,21908,42282.2,0,NaN,NaN,NaN,NaN,NaN,NaN,486445
1546412400,1.1557,1.15655,1.14285,1.14315,109730,42844.35,0,NaN,NaN,NaN,NaN,NaN,NaN,486445
1546441200,1.1432,1.14405,1.1396,1.14145,74951,45793.25,0,NaN,NaN,NaN,NaN,NaN,NaN,485682
1546470000,1.142,1.14445,1.13775,1.14405,34052,43088.15,0,NaN,NaN,NaN,NaN,NaN,NaN,485682
1546498800,1.144,1.1453,1.14055,1.14335,87463,43732.95,0,NaN,NaN,NaN,NaN,NaN,NaN,485682
1546527600,1.1434,1.14805,1.1434,1.14645,91062,47782.95,0,NaN,NaN,NaN,NaN,NaN,NaN,488820
1546556400,1.14635,1.148,1.14505,1.1461,18174,46768.95,0,NaN,NaN,NaN,NaN,NaN,NaN,488820
1546585200,1.14615,1.14875,1.14135,1.14215,94799,50514.3,0,NaN,NaN,NaN,NaN,NaN,NaN,488820
1546614000,1.1421,1.14865,1.1413,1.14655,94511,54662.9,0,NaN,NaN,NaN,NaN,NaN,NaN,489919
1546815600,1.1475,1.14975,1.1471,1.1484,20696,54517.55,0,NaN,NaN,NaN,NaN,NaN,NaN,489919
1546844400,1.14845,1.15405,1.14775,1.15355,90402,57058.25,0,NaN,NaN,NaN,NaN,NaN,NaN,489919
1546873200,1.15385,1.15505,1.15215,1.15425,65975,59426.9,0,NaN,NaN,NaN,NaN,NaN,NaN,498531
1546902000,1.15445,1.15515,1.14985,1.15125,29958,56639.3,0,NaN,NaN,NaN,NaN,NaN,NaN,498531
1546930800,1.1512,1.15355,1.1488,1.15045,97778,58058.8,0,NaN,NaN,NaN,NaN,NaN,NaN,498531
1546959600,1.15045,1.1525,1.14915,1.15055,45232,59378.85,0,NaN,NaN,NaN,NaN,NaN,NaN,493973
1546988400,1.15065,1.1532,1.15055,1.1524,17622,56608.65,0,NaN,NaN,NaN,NaN,NaN,NaN,493973
1547017200,1.15235,1.1592,1.1504,1.159,116795,60203.1,0,NaN,NaN,NaN,NaN,NaN,NaN,493973
1547046000,1.159,1.16245,1.1574,1.16105,110438,65266.05,0,NaN,NaN,NaN,NaN,NaN,NaN,505509
1547074800,1.16125,1.16325,1.16065,1.1615,28123,64503.9,0,NaN,NaN,NaN,NaN,NaN,NaN,505509
1547103600,1.1615,1.16205,1.1579,1.15885,99974,67482.15,0,NaN,NaN,NaN,NaN,NaN,NaN,505509
1547132400,1.1588,1.15905,1.1547,1.15615,71969,69985.2,0,NaN,NaN,NaN,NaN,NaN,NaN,504873
1547161200,1.1559,1.1593,1.1559,1.15845,20184,65507.9,0,NaN,NaN,NaN,NaN,NaN,NaN,504873
1547190000,1.15845,1.1603,1.15195,1.15315,114505,67485.6,0,NaN,NaN,NaN,NaN,NaN,NaN,504873
1547218800,1.15315,1.1548,1.152,1.15325,50404,68303.2,0,NaN,NaN,NaN,NaN,NaN,NaN,501790
1547420400,1.15265,1.1542,1.152,1.15355,16959,64778,0,NaN,NaN,NaN,NaN,NaN,NaN,501790
1547449200,1.1535,1.1543,1.15115,1.1527,75212,63985.5,0,NaN,NaN,NaN,NaN,NaN,NaN,501790
1547478000,1.1527,1.1542,1.1524,1.15295,41825,65168.05,0,NaN,NaN,NaN,NaN,NaN,NaN,501141
1547506800,1.1527,1.155,1.15265,1.1536,17111,61283.65,0,NaN,NaN,NaN,NaN,NaN,NaN,501141
1547535600,1.1536,1.1543,1.1472,1.15145,95542,61335.2,0,NaN,NaN,NaN,NaN,NaN,NaN,501141
1547564400,1.15145,1.1515,1.1441,1.1473,107062,65653.5,0,NaN,NaN,NaN,NaN,NaN,NaN,504112
1547593200,1.1466,1.1474,1.1455,1.14565,19979,62132.35,0,NaN,NaN,NaN,NaN,NaN,NaN,504112
1547622000,1.1457,1.1483,1.14365,1.1456,79870,62827.1,0,NaN,NaN,NaN,NaN,NaN,NaN,504112
1547650800,1.1456,1.14695,1.1448,1.14515,45159,63587.15,0,NaN,NaN,NaN,NaN,NaN,NaN,504421
1547679600,1.1451,1.14555,1.14335,1.14415,16697,59533.1,0,NaN,NaN,NaN,NaN,NaN,NaN,504421
1547708400,1.14415,1.14605,1.1426,1.1442,75336,61038.3,0,NaN,NaN,NaN,NaN,NaN,NaN,504421
1547737200,1.14415,1.1455,1.14245,1.1445,61901,63252.25,0,NaN,NaN,NaN,NaN,NaN,NaN,505022
1547766000,1.14445,1.1454,1.1441,1.14495,15264,58175.7,0,NaN,NaN,NaN,NaN,NaN,NaN,505022
1547794800,1.14495,1.14645,1.1428,1.1429,70984,56203,0,NaN,NaN,NaN,NaN,NaN,NaN,505022
1547823600,1.14285,1.1437,1.14075,1.142,60409,57817.3,0,NaN,NaN,NaN,NaN,NaN,NaN,502684
1548025200,1.14185,1.1434,1.1418,1.1433,10572,53347.2,0,NaN,NaN,NaN,NaN,NaN,NaN,502684
1548054000,1.1433,1.1445,1.14105,1.1418,40582,51777.85,0,NaN,NaN,NaN,NaN,NaN,NaN,502684
1548082800,1.1418,1.14245,1.14125,1.14225,9000,51218.65,0,NaN,NaN,NaN,NaN,NaN,NaN,502684
1548111600,1.1422,1.14255,1.1402,1.14065,15055,46246.15,0,NaN,NaN,NaN,NaN,NaN,NaN,502684
1548140400,1.1407,1.142,1.1389,1.1408,59448,46698.35,0,NaN,NaN,NaN,NaN,NaN,NaN,502684
1548169200,1.14085,1.14275,1.1404,1.1413,45821,48141.45,0,NaN,NaN,NaN,NaN,NaN,NaN,505793
1548198000,1.14135,1.1424,1.14125,1.14235,12574,45009.55,0,NaN,NaN,NaN,NaN,NaN,NaN,505793
1548226800,1.1423,1.1424,1.1402,1.14145,60010,45918.8,0,NaN,NaN,NaN,NaN,NaN,NaN,505793
1548255600,1.14145,1.14465,1.14145,1.1432,60838,48105.15,0,NaN,NaN,NaN,NaN,NaN,NaN,509108
1548284400,1.1431,1.14405,1.1426,1.14295,13019,43979,0,NaN,NaN,NaN,NaN,NaN,NaN,509108
1548313200,1.1429,1.1431,1.1355,1.14265,172830,47267.4,0,NaN,NaN,NaN,NaN,NaN,NaN,509108
1548342000,1.1427,1.143,1.13375,1.13565,94471,50992,0,NaN,NaN,NaN,NaN,NaN,NaN,508574
1548370800,1.1352,1.13755,1.1347,1.13715,28186,48407.8,0,NaN,NaN,NaN,NaN,NaN,NaN,508574
1548399600,1.1372,1.14375,1.1363,1.14275,110170,51658.35,0,NaN,NaN,NaN,NaN,NaN,NaN,508574
1548428400,1.14275,1.1466,1.14255,1.1456,93027,55474.85,0,NaN,NaN,NaN,NaN,NaN,NaN,508345
1548630000,1.1455,1.1473,1.14495,1.1456,24728,52944.45,0,NaN,NaN,NaN,NaN,NaN,NaN,508345
1548658800,1.1456,1.1481,1.14375,1.14745,69581,53328.45,0,NaN,NaN,NaN,NaN,NaN,NaN,508345
1548687600,1.1474,1.14915,1.1472,1.14745,44896,54810.05,0,NaN,NaN,NaN,NaN,NaN,NaN,508238
1548716400,1.14735,1.1486,1.1467,1.14805,15774,52049.55,0,NaN,NaN,NaN,NaN,NaN,NaN,508238
1548745200,1.14805,1.14965,1.14605,1.14715,69049,52481.55,0,NaN,NaN,NaN,NaN,NaN,NaN,508238
1548774000,1.1472,1.14875,1.14575,1.148,61436,55024.75,0,NaN,NaN,NaN,NaN,NaN,NaN,505925
1548802800,1.148,1.14955,1.1473,1.14805,19691,53980.2,0,NaN,NaN,NaN,NaN,NaN,NaN,505925
1548831600,1.14805,1.1487,1.1451,1.1459,77864,57423.4,0,NaN,NaN,NaN,NaN,NaN,NaN,505925
1548860400,1.14595,1.15475,1.14565,1.15265,116271,62484.2,0,NaN,NaN,NaN,NaN,NaN,NaN,507994
1548889200,1.1525,1.1551,1.1524,1.1543,25366,60780.1,0,NaN,NaN,NaN,NaN,NaN,NaN,507994
1548918000,1.15425,1.15565,1.15145,1.15205,111935,64085.8,0,NaN,NaN,NaN,NaN,NaN,NaN,507994
1548946800,1.152,1.1532,1.14775,1.14895,92778,68096,0,NaN,NaN,NaN,NaN,NaN,NaN,509887
1548975600,1.1489,1.1492,1.1476,1.14835,15781,65884.55,0,NaN,NaN,NaN,NaN,NaN,NaN,509887
1549004400,1.1484,1.1528,1.1482,1.1518,87759,67230.6,0,NaN,NaN,NaN,NaN,NaN,NaN,509887
1549033200,1.1517,1.15305,1.1489,1.1501,66176,69888.45,0,NaN,NaN,NaN,NaN,NaN,NaN,507827
1549234800,1.14955,1.1501,1.148,1.1485,11276,61810.75,0,NaN,NaN,NaN,NaN,NaN,NaN,507827
1549263600,1.1485,1.14945,1.1465,1.1467,54469,59810.65,0,NaN,NaN,NaN,NaN,NaN,NaN,507827
1549292400,1.1467,1.14805,1.1465,1.1476,43743,60588.5,0,NaN,NaN,NaN,NaN,NaN,NaN,503936
1549321200,1.14745,1.148,1.14685,1.14725,10680,55614,0,NaN,NaN,NaN,NaN,NaN,NaN,503936
1549350000,1.1472,1.14735,1.14505,1.14525,77417,54833.5,0,NaN,NaN,NaN,NaN,NaN,NaN,503936
1549378800,1.1454,1.1457,1.144,1.14435,50759,56135.05,0,NaN,NaN,NaN,NaN,NaN,NaN,504693
1549407600,1.1443,1.14475,1.1425,1.14285,15481,53430.05,0,NaN,NaN,NaN,NaN,NaN,NaN,504693
1549436400,1.1428,1.14375,1.14185,1.1421,67833,54576.9,0,NaN,NaN,NaN,NaN,NaN,NaN,504693
1549465200,1.1421,1.1424,1.1398,1.1401,45950,56085.7,0,NaN,NaN,NaN,NaN,NaN,NaN,506595
1549494000,1.14005,1.1404,1.13915,1.1401,13151,53290.8,0,NaN,NaN,NaN,NaN,NaN,NaN,506595
1549522800,1.1401,1.1401,1.1359,1.1382,101543,55296.15,0,NaN,NaN,NaN,NaN,NaN,NaN,506595
1549551600,1.13815,1.13955,1.13705,1.13745,45369,56580.05,0,NaN,NaN,NaN,NaN,NaN,NaN,513795
1549580400,1.1373,1.13775,1.13685,1.13725,11215,53247.6,0,NaN,NaN,NaN,NaN,NaN,NaN,513795
1549609200,1.13725,1.13845,1.13565,1.1372,70810,50974.55,0,NaN,NaN,NaN,NaN,NaN,NaN,513795
1549638000,1.13715,1.1376,1.13545,1.1356,42300,51821.25,0,NaN,NaN,NaN,NaN,NaN,NaN,517235
1549839600,1.13525,1.1363,1.1351,1.136,12931,46871.05,0,NaN,NaN,NaN,NaN,NaN,NaN,517235
1549868400,1.136,1.136,1.1315,1.13245,98190,47141.65,0,NaN,NaN,NaN,NaN,NaN,NaN,517235
1549897200,1.13245,1.13345,1.13,1.1307,61140,49409.6,0,NaN,NaN,NaN,NaN,NaN,NaN,520059
1549926000,1.1308,1.1317,1.1304,1.1316,18371,45940.2,0,NaN,NaN,NaN,NaN,NaN,NaN,520059
1549954800,1.13155,1.1336,1.12895,1.1327,94134,47338.1,0,NaN,NaN,NaN,NaN,NaN,NaN,520059
1549983600,1.13275,1.1372,1.1319,1.1357,71450,50346.8,0,NaN,NaN,NaN,NaN,NaN,NaN,519141
1550012400,1.13595,1.13725,1.1358,1.1363,20623,48654.5,0,NaN,NaN,NaN,NaN,NaN,NaN,519141
1550041200,1.1363,1.13655,1.1312,1.13295,96729,51303.8,0,NaN,NaN,NaN,NaN,NaN,NaN,519141
1550070000,1.1329,1.1335,1.1291,1.12925,54669,53503.25,0,NaN,NaN,NaN,NaN,NaN,NaN,518647
1550098800,1.1284,1.1311,1.12815,1.1305,21397,50702.25,0,NaN,NaN,NaN,NaN,NaN,NaN,518647
1550127600,1.1305,1.13375,1.12765,1.13235,114174,53873,0,NaN,NaN,NaN,NaN,NaN,NaN,518647
1550156400,1.1323,1.133,1.12915,1.1322,50702,55634.05,0,NaN,NaN,NaN,NaN,NaN,NaN,514596
1550185200,1.132,1.13235,1.13095,1.1316,12665,52875.65,0,NaN,NaN,NaN,NaN,NaN,NaN,514596
1550214000,1.1316,1.13185,1.1261,1.1296,104497,55803,0,NaN,NaN,NaN,NaN,NaN,NaN,514596
1550242800,1.12965,1.13335,1.12845,1.13225,56687,57979.8,0,NaN,NaN,NaN,NaN,NaN,NaN,517530
1550444400,1.13185,1.1353,1.13155,1.1335,16833,53744.3,0,NaN,NaN,NaN,NaN,NaN,NaN,517530
1550473200,1.13345,1.13605,1.1321,1.13485,41625,53557.1,0,NaN,NaN,NaN,NaN,NaN,NaN,517530
1550502000,1.13485,1.13485,1.13285,1.13375,14718,53732.25,0,NaN,NaN,NaN,NaN,NaN,NaN,517530
1550530800,1.1334,1.1339,1.1318,1.13215,13660,50874.75,0,NaN,NaN,NaN,NaN,NaN,NaN,517530
1550559600,1.13215,1.13495,1.13005,1.13455,105266,54023.05,0,NaN,NaN,NaN,NaN,NaN,NaN,517530
1550588400,1.13455,1.13835,1.13415,1.1365,85826,57667.8,0,NaN,NaN,NaN,NaN,NaN,NaN,513735
1550617200,1.13625,1.13805,1.1357,1.13575,18924,53704.5,0,NaN,NaN,NaN,NaN,NaN,NaN,513735
1550646000,1.13575,1.13825,1.1349,1.1362,77424,54518.7,0,NaN,NaN,NaN,NaN,NaN,NaN,513735
1550674800,1.13625,1.13965,1.1359,1.1361,73869,57293.6,0,NaN,NaN,NaN,NaN,NaN,NaN,506956
1550703600,1.13635,1.1374,1.13465,1.13515,24381,53805.95,0,NaN,NaN,NaN,NaN,NaN,NaN,506956
1550732400,1.1352,1.1388,1.13405,1.13645,118608,56163.85,0,NaN,NaN,NaN,NaN,NaN,NaN,506956
1550761200,1.13645,1.13735,1.1344,1.13545,49819,57623.65,0,NaN,NaN,NaN,NaN,NaN,NaN,502718
1550790000,1.1355,1.1365,1.1352,1.13635,12658,53420.1,0,NaN,NaN,NaN,NaN,NaN,NaN,502718
1550818800,1.13635,1.13715,1.1336,1.13545,68872,54130.25,0,NaN,NaN,NaN,NaN,NaN,NaN,502718
1550847600,1.1355,1.1377,1.1348,1.13515,55166,55818.7,0,NaN,NaN,NaN,NaN,NaN,NaN,502879
1551049200,1.1355,1.13695,1.13545,1.13675,12821,50751.05,0,NaN,NaN,NaN,NaN,NaN,NaN,502879
1551078000,1.1368,1.13875,1.13615,1.1372,56248,51028.35,0,NaN,NaN,NaN,NaN,NaN,NaN,502879
1551106800,1.1372,1.1387,1.1356,1.13775,46710,52730.6,0,NaN,NaN,NaN,NaN,NaN,NaN,499868
1551135600,1.1377,1.13865,1.1368,1.13685,16662,48338.85,0,NaN,NaN,NaN,NaN,NaN,NaN,499868
1551164400,1.13685,1.1395,1.1364,1.13795,77099,49359.45,0,NaN,NaN,NaN,NaN,NaN,NaN,499868
1551193200,1.13795,1.14215,1.13635,1.1408,89338,52984.7,0,NaN,NaN,NaN,NaN,NaN,NaN,498863
1551222000,1.1411,1.1413,1.139,1.1393,9713,51389.1,0,NaN,NaN,NaN,NaN,NaN,NaN,498863
1551250800,1.1393,1.14215,1.1391,1.14,69889,54147.65,0,NaN,NaN,NaN,NaN,NaN,NaN,498863
1551279600,1.14005,1.1413,1.138,1.13875,59685,56448.9,0,NaN,NaN,NaN,NaN,NaN,NaN,498486
1551308400,1.13865,1.1395,1.1385,1.1387,13799,51875.55,0,NaN,NaN,NaN,NaN,NaN,NaN,498486
1551337200,1.1387,1.14365,1.1382,1.1398,101514,52659.95,0,NaN,NaN,NaN,NaN,NaN,NaN,498486
1551366000,1.13985,1.1412,1.13745,1.13865,78439,55635.7,0,NaN,NaN,NaN,NaN,NaN,NaN,494546
1551394800,1.13865,1.13895,1.1376,1.13765,13963,52462.65,0,NaN,NaN,NaN,NaN,NaN,NaN,494546
1551423600,1.13765,1.1415,1.1367,1.14095,78515,52694.95,0,NaN,NaN,NaN,NaN,NaN,NaN,494546
1551452400,1.1411,1.1423,1.1368,1.1377,61792,54565.5,0,NaN,NaN,NaN,NaN,NaN,NaN,496641
1551654000,1.1388,1.13935,1.13735,1.13785,15298,49400,0,NaN,NaN,NaN,NaN,NaN,NaN,496641
1551682800,1.13785,1.1382,1.1334,1.13385,76663,50742.2,0,NaN,NaN,NaN,NaN,NaN,NaN,496641
1551711600,1.13385,1.13555,1.1321,1.1352,54825,52850.55,0,NaN,NaN,NaN,NaN,NaN,NaN,497498
1551740400,1.1349,1.1351,1.13325,1.13355,16058,50209.85,0,NaN,NaN,NaN,NaN,NaN,NaN,497498
1551769200,1.13355,1.1351,1.1328,1.1339,59395,50421.3,0,NaN,NaN,NaN,NaN,NaN,NaN,497498
1551798000,1.1338,1.1338,1.13015,1.1319,71477,53354.1,0,NaN,NaN,NaN,NaN,NaN,NaN,498953
1551826800,1.13125,1.13175,1.1301,1.13135,15359,51309.65,0,NaN,NaN,NaN,NaN,NaN,NaN,498953
1551855600,1.1313,1.13285,1.1296,1.13205,72652,52606.75,0,NaN,NaN,NaN,NaN,NaN,NaN,498953
1551884400,1.1321,1.13355,1.1315,1.1318,46000,54073.65,0,NaN,NaN,NaN,NaN,NaN,NaN,489984
1551913200,1.1315,1.1324,1.131,1.13105,12988,50868.1,0,NaN,NaN,NaN,NaN,NaN,NaN,489984
1551942000,1.13105,1.13285,1.1237,1.1241,141769,53489.65,0,NaN,NaN,NaN,NaN,NaN,NaN,489984
1551970800,1.12405,1.1251,1.11845,1.12015,125531,59280.55,0,NaN,NaN,NaN,NaN,NaN,NaN,459892
1551999600,1.12015,1.12165,1.11925,1.1214,25222,57047.2,0,NaN,NaN,NaN,NaN,NaN,NaN,459892
1552028400,1.1214,1.1249,1.1205,1.12335,107620,59443.95,0,NaN,NaN,NaN,NaN,NaN,NaN,459892
1552057200,1.1233,1.12535,1.1233,1.124,71814,62344.7,0,NaN,NaN,NaN,NaN,NaN,NaN,431328
1552255200,1.1243,1.1244,1.12295,1.124,12365,57887.25,0,NaN,NaN,NaN,NaN,NaN,NaN,431328
1552284000,1.124,1.12645,1.1235,1.12545,71436,57537.1,0,NaN,NaN,NaN,NaN,NaN,NaN,431328
1552312800,1.12535,1.12565,1.1228,1.1251,61927,59935.3,0,NaN,NaN,NaN,NaN,NaN,NaN,388221
1552341600,1.1253,1.1279,1.12525,1.1261,23881,57203.6,0,NaN,NaN,NaN,NaN,NaN,NaN,388221
1552370400,1.1261,1.12905,1.12545,1.12855,106930,59460.5,0,NaN,NaN,NaN,NaN,NaN,NaN,388221
1552399200,1.12855,1.1311,1.12725,1.1294,72590,62325.1,0,NaN,NaN,NaN,NaN,NaN,NaN,290272
1552428000,1.1294,1.12955,1.1287,1.1291,11042,59044.05,0,NaN,NaN,NaN,NaN,NaN,NaN,290272
1552456800,1.1291,1.13175,1.1282,1.1312,66576,59631.6,0,NaN,NaN,NaN,NaN,NaN,NaN,290272
1552485600,1.1312,1.1343,1.13045,1.13305,69973,62327.35,0,NaN,NaN,NaN,NaN,NaN,NaN,168836
1552514400,1.13315,1.13395,1.13195,1.13215,14095,60062.35,0,NaN,NaN,NaN,NaN,NaN,NaN,168836
1552543200,1.1322,1.13375,1.12955,1.13015,72016,60089.3,0,NaN,NaN,NaN,NaN,NaN,NaN,168836
1552572000,1.1301,1.13115,1.12965,1.13065,39363,61289.5,0,NaN,NaN,NaN,NaN,NaN,NaN,91371
1552600800,1.13925,1.1414,1.1391,1.14035,13844,58349.1,0,NaN,NaN,NaN,NaN,NaN,NaN,91371
1552629600,1.14035,1.1423,1.1387,1.14175,72025,59650.35,0,NaN,NaN,NaN,NaN,NaN,NaN,91371
1552658400,1.14175,1.1432,1.14015,1.1413,69127,62457.3,0,NaN,NaN,NaN,NaN,NaN,NaN,463223
1552860000,1.141,1.1425,1.14055,1.14205,13451,56041.4,0,NaN,NaN,NaN,NaN,NaN,NaN,463223
1552888800,1.14205,1.14455,1.1419,1.1433,59142,52721.95,0,NaN,NaN,NaN,NaN,NaN,NaN,463223
1552917600,1.14325,1.1436,1.1411,1.14265,52507,54086.2,0,NaN,NaN,NaN,NaN,NaN,NaN,465821
1552946400,1.14225,1.14345,1.14195,1.14295,15954,49502.9,0,NaN,NaN,NaN,NaN,NaN,NaN,465821
1552975200,1.14295,1.1448,1.14295,1.1433,63488,49086.6,0,NaN,NaN,NaN,NaN,NaN,NaN,465821
1553004000,1.14325,1.14465,1.1424,1.1438,47684,50852.55,0,NaN,NaN,NaN,NaN,NaN,NaN,468902
1553032800,1.1433,1.14415,1.14275,1.1432,12292,47895.35,0,NaN,NaN,NaN,NaN,NaN,NaN,468902
1553061600,1.14315,1.14515,1.142,1.1445,58002,47699.1,0,NaN,NaN,NaN,NaN,NaN,NaN,468902
1553090400,1.1445,1.15345,1.14315,1.14995,128104,52910.25,0,NaN,NaN,NaN,NaN,NaN,NaN,479440
1553119200,1.1509,1.1521,1.1502,1.15035,23079,48717.7,0,NaN,NaN,NaN,NaN,NaN,NaN,479440
1553148000,1.15035,1.1513,1.1462,1.1475,89868,49581.6,0,NaN,NaN,NaN,NaN,NaN,NaN,479440
1553176800,1.1475,1.1475,1.1425,1.1455,108026,54430.8,0,NaN,NaN,NaN,NaN,NaN,NaN,470839
1553205600,1.1458,1.1461,1.1443,1.1459,17897,51996.85,0,NaN,NaN,NaN,NaN,NaN,NaN,470839
1553234400,1.1459,1.1473,1.1369,1.13865,153215,56158.95,0,NaN,NaN,NaN,NaN,NaN,NaN,470839
1553263200,1.13865,1.13905,1.1354,1.1381,90158,59962.1,0,NaN,NaN,NaN,NaN,NaN,NaN,470213
1553464800,1.13725,1.13845,1.13685,1.13835,16633,57192.95,0,NaN,NaN,NaN,NaN,NaN,NaN,470213
1553493600,1.1383,1.1408,1.1375,1.13975,69890,58719.3,0,NaN,NaN,NaN,NaN,NaN,NaN,470213
1553522400,1.1397,1.1412,1.139,1.1393,58972,60975.7,0,NaN,NaN,NaN,NaN,NaN,NaN,471021
1553551200,1.1393,1.14015,1.13845,1.1387,14117,58080.3,0,NaN,NaN,NaN,NaN,NaN,NaN,471021
1553580000,1.1387,1.14065,1.13595,1.13655,84171,58832.5,0,NaN,NaN,NaN,NaN,NaN,NaN,471021
1553608800,1.13655,1.138,1.13425,1.1346,60845,61202.2,0,NaN,NaN,NaN,NaN,NaN,NaN,472012
1553637600,1.1348,1.1356,1.133,1.1336,24269,59458.55,0,NaN,NaN,NaN,NaN,NaN,NaN,472012
1553666400,1.1336,1.1364,1.1326,1.13365,104070,62036.7,0,NaN,NaN,NaN,NaN,NaN,NaN,472012
1553695200,1.1336,1.13455,1.132,1.13225,81978,65337.9,0,NaN,NaN,NaN,NaN,NaN,NaN,470583
1553724000,1.13255,1.1332,1.13175,1.1331,17839,63055.45,0,NaN,NaN,NaN,NaN,NaN,NaN,470583
1553752800,1.13305,1.1335,1.12875,1.12915,104721,65907.3,0,NaN,NaN,NaN,NaN,NaN,NaN,470583
1553781600,1.1292,1.1313,1.129,1.1299,67631,68674.25,0,NaN,NaN,NaN,NaN,NaN,NaN,472105
1553810400,1.13,1.1309,1.12965,1.1307,17270,66637.65,0,NaN,NaN,NaN,NaN,NaN,NaN,472105
1553839200,1.1307,1.13205,1.1283,1.13085,88103,64637.6,0,NaN,NaN,NaN,NaN,NaN,NaN,472105
1553868000,1.1308,1.1315,1.1286,1.1291,78707,67419,0,NaN,NaN,NaN,NaN,NaN,NaN,474950
1554069600,1.12985,1.1314,1.1293,1.1311,17228,63787,0,NaN,NaN,NaN,NaN,NaN,NaN,474950
1554098400,1.1311,1.1323,1.12995,1.1308,83016,62536.5,0,NaN,NaN,NaN,NaN,NaN,NaN,474950
1554127200,1.13075,1.13085,1.12765,1.1286,71619,65222.6,0,NaN,NaN,NaN,NaN,NaN,NaN,479024
1554156000,1.1277,1.12825,1.1267,1.12795,19078,58515.75,0,NaN,NaN,NaN,NaN,NaN,NaN,479024
1554184800,1.1279,1.1284,1.12615,1.12735,64180,57216.85,0,NaN,NaN,NaN,NaN,NaN,NaN,479024
1554213600,1.12725,1.12875,1.1255,1.12755,80591,60414.75,0,NaN,NaN,NaN,NaN,NaN,NaN,480009
1554242400,1.1272,1.1297,1.1272,1.1296,24261,58133.3,0,NaN,NaN,NaN,NaN,NaN,NaN,480009
1554271200,1.12955,1.1326,1.12855,1.13035,95049,59937.15,0,NaN,NaN,NaN,NaN,NaN,NaN,480009
1554300000,1.1304,1.132,1.12955,1.13025,54517,61957.15,0,NaN,NaN,NaN,NaN,NaN,NaN,478007
1554328800,1.13065,1.13155,1.1305,1.1315,12210,58359.1,0,NaN,NaN,NaN,NaN,NaN,NaN,478007
1554357600,1.1315,1.1315,1.12735,1.12815,73123,58973,0,NaN,NaN,NaN,NaN,NaN,NaN,478007
1554386400,1.12815,1.12945,1.12775,1.1288,43474,59933.25,0,NaN,NaN,NaN,NaN,NaN,NaN,480664
1554415200,1.1289,1.1296,1.1286,1.12935,12668,55363.15,0,NaN,NaN,NaN,NaN,NaN,NaN,480664
1554444000,1.12935,1.1321,1.1284,1.12925,67905,54659.5,0,NaN,NaN,NaN,NaN,NaN,NaN,480664
1554472800,1.12925,1.13005,1.1277,1.1283,51433,56339.2,0,NaN,NaN,NaN,NaN,NaN,NaN,479905
1554674400,1.12825,1.1298,1.12805,1.12925,15792,51892.75,0,NaN,NaN,NaN,NaN,NaN,NaN,479905
1554703200,1.12925,1.13415,1.12875,1.13405,76435,52332.95,0,NaN,NaN,NaN,NaN,NaN,NaN,479905
1554732000,1.13405,1.13405,1.1325,1.13275,48060,53872.45,0,NaN,NaN,NaN,NaN,NaN,NaN,480017
1554760800,1.1328,1.1335,1.13205,1.13295,14980,50216.3,0,NaN,NaN,NaN,NaN,NaN,NaN,480017
1554789600,1.1329,1.13505,1.1322,1.13445,71613,49861.6,0,NaN,NaN,NaN,NaN,NaN,NaN,480017
1554818400,1.1345,1.1348,1.13265,1.13275,41831,51091.75,0,NaN,NaN,NaN,NaN,NaN,NaN,478245
1554847200,1.1328,1.1332,1.132,1.1328,19287,47905.3,0,NaN,NaN,NaN,NaN,NaN,NaN,478245
1554876000,1.1328,1.136,1.12935,1.1306,113287,49988.7,0,NaN,NaN,NaN,NaN,NaN,NaN,478245
1554904800,1.13055,1.13435,1.13045,1.1339,63000,52184.8,0,NaN,NaN,NaN,NaN,NaN,NaN,478646
1554933600,1.1336,1.1345,1.13345,1.13435,10997,49525.65,0,NaN,NaN,NaN,NaN,NaN,NaN,478646
1554962400,1.13435,1.1349,1.1317,1.1333,70280,49010.1,0,NaN,NaN,NaN,NaN,NaN,NaN,478646
1554991200,1.1333,1.1339,1.13115,1.1313,52048,50399.45,0,NaN,NaN,NaN,NaN,NaN,NaN,478071
1555020000,1.1316,1.13555,1.1316,1.1347,27911,47042.55,0,NaN,NaN,NaN,NaN,NaN,NaN,478071
1555048800,1.13465,1.13855,1.13425,1.13755,105651,49599.25,0,NaN,NaN,NaN,NaN,NaN,NaN,478071
1555077600,1.13755,1.1384,1.13535,1.136,70661,52521.8,0,NaN,NaN,NaN,NaN,NaN,NaN,483919
1555279200,1.13635,1.13745,1.13615,1.13665,15015,49616.4,0,NaN,NaN,NaN,NaN,NaN,NaN,483919
1555308000,1.1367,1.13815,1.1358,1.1364,72651,51075.25,0,NaN,NaN,NaN,NaN,NaN,NaN,483919
1555336800,1.1364,1.1373,1.13605,1.1363,45326,52708.15,0,NaN,NaN,NaN,NaN,NaN,NaN,481549
1555365600,1.13595,1.13665,1.1352,1.1364,16634,50144.6,0,NaN,NaN,NaN,NaN,NaN,NaN,481549
1555394400,1.1364,1.13735,1.13385,1.1355,120048,53575.35,0,NaN,NaN,NaN,NaN,NaN,NaN,481549
1555423200,1.1355,1.13655,1.13355,1.13385,57843,55677.9,0,NaN,NaN,NaN,NaN,NaN,NaN,484502
1555452000,1.1339,1.1366,1.13335,1.1366,20829,52897.6,0,NaN,NaN,NaN,NaN,NaN,NaN,484502
1555480800,1.13655,1.13785,1.1345,1.13585,94703,55229.75,0,NaN,NaN,NaN,NaN,NaN,NaN,484502
1555509600,1.1359,1.13625,1.13455,1.13495,64300,57695.75,0,NaN,NaN,NaN,NaN,NaN,NaN,486894
1555538400,1.135,1.1355,1.13435,1.13535,15458,54888,0,NaN,NaN,NaN,NaN,NaN,NaN,486894
1555567200,1.13535,1.13575,1.12895,1.13035,162482,60920.55,0,NaN,NaN,NaN,NaN,NaN,NaN,486894
1555596000,1.13035,1.13045,1.12795,1.12845,69798,63446.1,0,NaN,NaN,NaN,NaN,NaN,NaN,488031
1555884000,1.1294,1.12985,1.1289,1.1296,12206,58392.05,0,NaN,NaN,NaN,NaN,NaN,NaN,488031
1555912800,1.12955,1.13085,1.12935,1.13055,27736,56628.85,0,NaN,NaN,NaN,NaN,NaN,NaN,488031
1555941600,1.1306,1.1316,1.13035,1.13105,28426,57500.3,0,NaN,NaN,NaN,NaN,NaN,NaN,487543
1555970400,1.13095,1.13135,1.1297,1.13025,17755,54874.05,0,NaN,NaN,NaN,NaN,NaN,NaN,487543
1555999200,1.1302,1.13145,1.12565,1.12635,123630,58453.15,0,NaN,NaN,NaN,NaN,NaN,NaN,487543
1556028000,1.1263,1.1281,1.12445,1.128,79081,61011.65,0,NaN,NaN,NaN,NaN,NaN,NaN,492381
1556056800,1.1276,1.1277,1.12605,1.1263,15027,56480.45,0,NaN,NaN,NaN,NaN,NaN,NaN,492381
1556143200,1.1205,1.1207,1.1199,1.1204,5354,53215.1,0,NaN,NaN,NaN,NaN,NaN,NaN,492760
1556172000,1.12035,1.12105,1.1166,1.119,134983,59213.5,0,NaN,NaN,NaN,NaN,NaN,NaN,492760
1556200800,1.11905,1.12025,1.1175,1.118,66706,58916.25,0,NaN,NaN,NaN,NaN,NaN,NaN,495221
1556229600,1.11805,1.1188,1.1171,1.1186,21242,57712.05,0,NaN,NaN,NaN,NaN,NaN,NaN,495221
1556258400,1.1186,1.1207,1.11565,1.12015,130554,63408.05,0,NaN,NaN,NaN,NaN,NaN,NaN,495221
1556287200,1.12015,1.1222,1.11855,1.1192,99253,62368.3,0,NaN,NaN,NaN,NaN,NaN,NaN,495904
1556488800,1.11925,1.12055,1.11905,1.1203,11682,60060.25,0,NaN,NaN,NaN,NaN,NaN,NaN,495904
1556517600,1.12025,1.1213,1.1191,1.11965,76858,62861.7,0,NaN,NaN,NaN,NaN,NaN,NaN,495904
1556546400,1.11965,1.12335,1.1195,1.1233,59345,61093.8,0,NaN,NaN,NaN,NaN,NaN,NaN,498360
1556575200,1.12295,1.1238,1.12205,1.1223,18413,58799.45,0,NaN,NaN,NaN,NaN,NaN,NaN,498360
1556604000,1.1223,1.1275,1.12205,1.1271,126303,64341.7,0,NaN,NaN,NaN,NaN,NaN,NaN,498360
1556632800,1.12715,1.12725,1.1243,1.1261,92476,60841.4,0,NaN,NaN,NaN,NaN,NaN,NaN,499567
1556661600,1.12615,1.12655,1.1256,1.1264,7489,57725.95,0,NaN,NaN,NaN,NaN,NaN,NaN,499567
1556690400,1.1264,1.12855,1.12595,1.12735,44471,59339.2,0,NaN,NaN,NaN,NaN,NaN,NaN,499567
1556719200,1.1274,1.1311,1.12325,1.12395,105046,63204.7,0,NaN,NaN,NaN,NaN,NaN,NaN,501689
1556748000,1.1242,1.12515,1.12415,1.12465,13324,62449.6,0,NaN,NaN,NaN,NaN,NaN,NaN,501689
1556776800,1.12465,1.12605,1.12175,1.1227,87456,65934.65,0,NaN,NaN,NaN,NaN,NaN,NaN,501689
1556805600,1.1227,1.123,1.12125,1.1214,59382,62722.25,0,NaN,NaN,NaN,NaN,NaN,NaN,499775
1556834400,1.1214,1.12185,1.12075,1.12125,12281,59382.25,0,NaN,NaN,NaN,NaN,NaN,NaN,499775
1556863200,1.12125,1.1213,1.11755,1.1207,107140,63987.9,0,NaN,NaN,NaN,NaN,NaN,NaN,499775
1556892000,1.12075,1.12455,1.12075,1.1244,82747,67857.55,0,NaN,NaN,NaN,NaN,NaN,NaN,495311
1557093600,1.1222,1.12415,1.1218,1.1231,24242,62320.5,0,NaN,NaN,NaN,NaN,NaN,NaN,495311
1557122400,1.1231,1.1244,1.1219,1.1232,55057,61738.05,0,NaN,NaN,NaN,NaN,NaN,NaN,495311
1557151200,1.12315,1.1249,1.12245,1.124,41142,62733.05,0,NaN,NaN,NaN,NaN,NaN,NaN,495302
1557180000,1.12345,1.12545,1.1233,1.1253,19293,57170,0,NaN,NaN,NaN,NaN,NaN,NaN,495302
1557208800,1.12525,1.12565,1.1213,1.1224,89987,56706.7,0,NaN,NaN,NaN,NaN,NaN,NaN,495302
1557237600,1.1224,1.1234,1.12045,1.123,63888,59317,0,NaN,NaN,NaN,NaN,NaN,NaN,497221
1557266400,1.12305,1.1244,1.12255,1.1241,19484,56448.3,0,NaN,NaN,NaN,NaN,NaN,NaN,497221
1557295200,1.12415,1.125,1.1226,1.1236,90932,58027.65,0,NaN,NaN,NaN,NaN,NaN,NaN,497221
1557324000,1.12365,1.1251,1.12195,1.12295,65996,60406.8,0,NaN,NaN,NaN,NaN,NaN,NaN,493224
1557352800,1.12305,1.12335,1.12205,1.1231,17502,54966.75,0,NaN,NaN,NaN,NaN,NaN,NaN,493224
1557381600,1.12305,1.12775,1.12075,1.127,107623,55724.1,0,NaN,NaN,NaN,NaN,NaN,NaN,493224
1557410400,1.127,1.1286,1.1244,1.1247,92833,59991.3,0,NaN,NaN,NaN,NaN,NaN,NaN,496836
1557439200,1.1253,1.1268,1.1251,1.12605,23715,58953.5,0,NaN,NaN,NaN,NaN,NaN,NaN,496836
1557468000,1.12605,1.1283,1.1251,1.1279,71157,57259.05,0,NaN,NaN,NaN,NaN,NaN,NaN,496836
1557496800,1.1279,1.12875,1.1261,1.12685,51022,59143.95,0,NaN,NaN,NaN,NaN,NaN,NaN,492742
1557698400,1.127,1.1272,1.12595,1.12625,11373,55339.8,0,NaN,NaN,NaN,NaN,NaN,NaN,492742
1557727200,1.12625,1.12965,1.12555,1.12875,87274,56734.4,0,NaN,NaN,NaN,NaN,NaN,NaN,492742
1557756000,1.12875,1.12915,1.1254,1.12545,58780,59059.35,0,NaN,NaN,NaN,NaN,NaN,NaN,489788
1557784800,1.12565,1.1273,1.1255,1.12695,16223,54513.5,0,NaN,NaN,NaN,NaN,NaN,NaN,489788
1557813600,1.1269,1.12755,1.1235,1.1243,91091,54930.7,0,NaN,NaN,NaN,NaN,NaN,NaN,489788
1557842400,1.1243,1.12485,1.1233,1.1236,47014,56069.3,0,NaN,NaN,NaN,NaN,NaN,NaN,486215
1557871200,1.1239,1.1244,1.1232,1.1243,12261,53929.5,0,NaN,NaN,NaN,NaN,NaN,NaN,486215
1557900000,1.1242,1.12475,1.1208,1.12165,90480,56396.4,0,NaN,NaN,NaN,NaN,NaN,NaN,486215
1557928800,1.1216,1.12555,1.1213,1.12305,60017,58432.6,0,NaN,NaN,NaN,NaN,NaN,NaN,483731
1557957600,1.1234,1.12385,1.12295,1.12375,15512,54708.85,0,NaN,NaN,NaN,NaN,NaN,NaN,483731
1557986400,1.12375,1.1252,1.12105,1.12145,69266,54977.75,0,NaN,NaN,NaN,NaN,NaN,NaN,483731
1558015200,1.12145,1.12155,1.1194,1.12005,50778,56542.45,0,NaN,NaN,NaN,NaN,NaN,NaN,490679
1558044000,1.12035,1.1207,1.11975,1.12,14933,52742.5,0,NaN,NaN,NaN,NaN,NaN,NaN,490679
1558072800,1.12005,1.1211,1.1185,1.1202,73961,53140.75,0,NaN,NaN,NaN,NaN,NaN,NaN,490679
1558101600,1.12015,1.12015,1.1182,1.11855,50147,54773,0,NaN,NaN,NaN,NaN,NaN,NaN,491489
1558303200,1.1185,1.11935,1.11765,1.11785,14813,50132.5,0,NaN,NaN,NaN,NaN,NaN,NaN,491489
1558332000,1.11785,1.1195,1.11765,1.11915,56803,48331,0,NaN,NaN,NaN,NaN,NaN,NaN,491489
1558360800,1.1192,1.1201,1.11895,1.11915,32601,48775.3,0,NaN,NaN,NaN,NaN,NaN,NaN,493240
1558389600,1.1192,1.11975,1.1177,1.11775,15089,45971.9,0,NaN,NaN,NaN,NaN,NaN,NaN,493240
1558418400,1.11775,1.11865,1.11665,1.11755,75392,47190.4,0,NaN,NaN,NaN,NaN,NaN,NaN,493240
1558447200,1.11755,1.1214,1.1175,1.11875,76984,50470.95,0,NaN,NaN,NaN,NaN,NaN,NaN,493038
1558476000,1.11855,1.119,1.1177,1.1177,11649,46689.7,0,NaN,NaN,NaN,NaN,NaN,NaN,493038
1558504800,1.11765,1.1205,1.11725,1.1187,60077,46754.55,0,NaN,NaN,NaN,NaN,NaN,NaN,493038
1558533600,1.1187,1.11925,1.11725,1.11745,48850,48385.9,0,NaN,NaN,NaN,NaN,NaN,NaN,496970
1558562400,1.1174,1.1178,1.11675,1.11705,14113,44537,0,NaN,NaN,NaN,NaN,NaN,NaN,496970
1558591200,1.117,1.11725,1.11265,1.11535,111789,47775.75,0,NaN,NaN,NaN,NaN,NaN,NaN,496970
1558620000,1.1154,1.12085,1.11535,1.1201,98841,52104.75,0,NaN,NaN,NaN,NaN,NaN,NaN,505325
1558648800,1.12025,1.1206,1.11975,1.1204,13638,48262.65,0,NaN,NaN,NaN,NaN,NaN,NaN,505325
1558677600,1.12035,1.12265,1.11985,1.1217,78529,49188.25,0,NaN,NaN,NaN,NaN,NaN,NaN,505325
1558706400,1.12175,1.1233,1.1213,1.12235,55738,51199.55,0,NaN,NaN,NaN,NaN,NaN,NaN,500775
1558908000,1.1228,1.12345,1.1223,1.123,10933,48282.9,0,NaN,NaN,NaN,NaN,NaN,NaN,500775
1558936800,1.12295,1.12305,1.12065,1.1212,33806,47434.3,0,NaN,NaN,NaN,NaN,NaN,NaN,500775
1558965600,1.1212,1.1215,1.12095,1.1211,6070,46991.15,0,NaN,NaN,NaN,NaN,NaN,NaN,500775
1558994400,1.1213,1.1215,1.1197,1.12045,17975,44191.85,0,NaN,NaN,NaN,NaN,NaN,NaN,500775
1559023200,1.1205,1.1217,1.1194,1.12105,64311,44900.05,0,NaN,NaN,NaN,NaN,NaN,NaN,500775
1559052000,1.12105,1.12135,1.1177,1.1179,64530,47385.9,0,NaN,NaN,NaN,NaN,NaN,NaN,495288
1559080800,1.1183,1.119,1.11795,1.11845,13900,45240.75,0,NaN,NaN,NaN,NaN,NaN,NaN,495288
1559109600,1.1184,1.1185,1.11575,1.1162,63220,46771.7,0,NaN,NaN,NaN,NaN,NaN,NaN,495288
1559138400,1.11615,1.1171,1.11415,1.11475,92074,50620.95,0,NaN,NaN,NaN,NaN,NaN,NaN,487958
1559167200,1.11495,1.11575,1.1148,1.11505,18681,47785.4,0,NaN,NaN,NaN,NaN,NaN,NaN,487958
1559196000,1.1151,1.1158,1.11305,1.1138,58918,46882.1,0,NaN,NaN,NaN,NaN,NaN,NaN,487958
1559224800,1.1138,1.1155,1.1134,1.11425,43441,48471.7,0,NaN,NaN,NaN,NaN,NaN,NaN,483494
1559253600,1.11445,1.1154,1.1139,1.1143,23501,46642.9,0,NaN,NaN,NaN,NaN,NaN,NaN,483494
1559282400,1.1143,1.118,1.11425,1.11725,87524,48576.6,0,NaN,NaN,NaN,NaN,NaN,NaN,483494
1559311200,1.11725,1.1194,1.11505,1.1183,117842,53763.05,0,NaN,NaN,NaN,NaN,NaN,NaN,473004
1559512800,1.11805,1.1203,1.118,1.1188,19591,49153.15,0,NaN,NaN,NaN,NaN,NaN,NaN,473004
1559541600,1.1188,1.12185,1.11735,1.12145,96868,49054.5,0,NaN,NaN,NaN,NaN,NaN,NaN,473004
1559570400,1.1215,1.12755,1.12095,1.1254,105697,53657.45,0,NaN,NaN,NaN,NaN,NaN,NaN,475111
1559599200,1.1256,1.12695,1.12555,1.12655,27250,51093.5,0,NaN,NaN,NaN,NaN,NaN,NaN,475111
1559628000,1.12655,1.12895,1.1238,1.12595,127600,54686.6,0,NaN,NaN,NaN,NaN,NaN,NaN,475111
1559656800,1.12595,1.1279,1.12405,1.12635,80313,58155.6,0,NaN,NaN,NaN,NaN,NaN,NaN,469412
1559685600,1.12645,1.12765,1.1262,1.1275,18782,57404.4,0,NaN,NaN,NaN,NaN,NaN,NaN,469412
1559714400,1.1275,1.1318,1.12635,1.12845,141310,64166.4,0,NaN,NaN,NaN,NaN,NaN,NaN,469412
1559743200,1.12845,1.12845,1.12305,1.1232,81233,67329.3,0,NaN,NaN,NaN,NaN,NaN,NaN,467595
1559772000,1.1234,1.12425,1.1232,1.1242,13263,64776.9,0,NaN,NaN,NaN,NaN,NaN,NaN,467595
1559800800,1.1242,1.1318,1.12075,1.1263,188647,70982.75,0,NaN,NaN,NaN,NaN,NaN,NaN,467595
1559829600,1.12625,1.1309,1.1262,1.1284,72459,73910.7,0,NaN,NaN,NaN,NaN,NaN,NaN,462197
1559858400,1.12845,1.1287,1.1271,1.12715,14943,71496.85,0,NaN,NaN,NaN,NaN,NaN,NaN,462197
1559887200,1.1272,1.13345,1.12585,1.13265,128542,73320.25,0,NaN,NaN,NaN,NaN,NaN,NaN,462197
1559916000,1.13265,1.1355,1.13235,1.1342,90399,76906.15,0,NaN,NaN,NaN,NaN,NaN,NaN,454371
1560117600,1.1335,1.13395,1.13095,1.13115,21186,75019.55,0,NaN,NaN,NaN,NaN,NaN,NaN,454371
1560146400,1.1311,1.1327,1.12965,1.13075,67690,76232,0,NaN,NaN,NaN,NaN,NaN,NaN,454371
1560175200,1.13075,1.13315,1.1297,1.1317,43533,77233.6,0,NaN,NaN,NaN,NaN,NaN,NaN,435932
1560204000,1.13185,1.1325,1.13135,1.1325,16993,73707.05,0,NaN,NaN,NaN,NaN,NaN,NaN,435932
1560232800,1.13245,1.13375,1.1307,1.13205,88812,72255.55,0,NaN,NaN,NaN,NaN,NaN,NaN,435932
1560261600,1.1321,1.1343,1.13145,1.1332,46535,73602.75,0,NaN,NaN,NaN,NaN,NaN,NaN,327339
1560290400,1.1332,1.13425,1.1331,1.1342,13674,69443.05,0,NaN,NaN,NaN,NaN,NaN,NaN,327339
1560319200,1.1342,1.1348,1.13115,1.13195,91323,68724.35,0,NaN,NaN,NaN,NaN,NaN,NaN,327339
1560348000,1.13195,1.1331,1.1287,1.12925,56852,70204.45,0,NaN,NaN,NaN,NaN,NaN,NaN,181754
1560376800,1.12935,1.13025,1.12905,1.1301,15554,64602.15,0,NaN,NaN,NaN,NaN,NaN,NaN,181754
1560405600,1.1301,1.13055,1.1273,1.12745,54451,63309.05,0,NaN,NaN,NaN,NaN,NaN,NaN,181754
1560434400,1.12745,1.1287,1.12705,1.12765,32674,64003.65,0,NaN,NaN,NaN,NaN,NaN,NaN,120206
1560463200,1.1359,1.1365,1.13525,1.1354,14747,57675.5,0,NaN,NaN,NaN,NaN,NaN,NaN,120206
1560492000,1.1354,1.1372,1.13135,1.13245,101121,58669.9,0,NaN,NaN,NaN,NaN,NaN,NaN,120206
1560520800,1.13245,1.13285,1.12845,1.129,66816,61347.55,0,NaN,NaN,NaN,NaN,NaN,NaN,473702
1560722400,1.1295,1.13055,1.12925,1.1298,17926,52811.5,0,NaN,NaN,NaN,NaN,NaN,NaN,473702
1560751200,1.12985,1.13295,1.1285,1.1321,68202,52598.65,0,NaN,NaN,NaN,NaN,NaN,NaN,473702
1560780000,1.13205,1.13265,1.12955,1.1299,39838,53843.4,0,NaN,NaN,NaN,NaN,NaN,NaN,477750
1560808800,1.13015,1.13205,1.1301,1.13175,17535,48293.05,0,NaN,NaN,NaN,NaN,NaN,NaN,477750
1560837600,1.1317,1.1324,1.12615,1.12795,149583,51252.25,0,NaN,NaN,NaN,NaN,NaN,NaN,477750
1560866400,1.1279,1.12935,1.1262,1.1275,66033,53494.6,0,NaN,NaN,NaN,NaN,NaN,NaN,489595
1560895200,1.12745,1.12815,1.12665,1.12715,13689,50794.55,0,NaN,NaN,NaN,NaN,NaN,NaN,489595
1560924000,1.1272,1.1288,1.1268,1.1284,52036,51219.7,0,NaN,NaN,NaN,NaN,NaN,NaN,489595
1560952800,1.1284,1.13345,1.12805,1.1306,108833,55811.7,0,NaN,NaN,NaN,NaN,NaN,NaN,489115
1560981600,1.13075,1.13495,1.1307,1.1342,33916,53066.9,0,NaN,NaN,NaN,NaN,NaN,NaN,489115
1561010400,1.13425,1.1394,1.13415,1.1372,118286,56654.45,0,NaN,NaN,NaN,NaN,NaN,NaN,489115
1561039200,1.13715,1.1384,1.1347,1.1368,74923,59716.9,0,NaN,NaN,NaN,NaN,NaN,NaN,492535
1561068000,1.13715,1.1385,1.1365,1.1369,20041,56152.8,0,NaN,NaN,NaN,NaN,NaN,NaN,492535
1561096800,1.13685,1.14105,1.1359,1.1402,95587,58089.55,0,NaN,NaN,NaN,NaN,NaN,NaN,492535
1561125600,1.1402,1.14545,1.13845,1.14465,100476,62335.65,0,NaN,NaN,NaN,NaN,NaN,NaN,499640
1561327200,1.14495,1.1462,1.14465,1.1453,22338,60730,0,NaN,NaN,NaN,NaN,NaN,NaN,499640
1561356000,1.1453,1.1474,1.14475,1.14605,74880,62840.3,0,NaN,NaN,NaN,NaN,NaN,NaN,499640
1561384800,1.14605,1.14795,1.14545,1.1476,52380,64721.95,0,NaN,NaN,NaN,NaN,NaN,NaN,505648
1561413600,1.1472,1.1486,1.1467,1.1468,30091,61170.45,0,NaN,NaN,NaN,NaN,NaN,NaN,505648
1561442400,1.1468,1.1479,1.1451,1.1465,75079,61583.6,0,NaN,NaN,NaN,NaN,NaN,NaN,505648
1561471200,1.14645,1.1473,1.14185,1.14425,96086,65491.6,0,NaN,NaN,NaN,NaN,NaN,NaN,506411
1561500000,1.14435,1.14465,1.1427,1.1437,23923,63277.65,0,NaN,NaN,NaN,NaN,NaN,NaN,506411
1561528800,1.14375,1.14485,1.1422,1.14245,73366,64954.05,0,NaN,NaN,NaN,NaN,NaN,NaN,506411
1561557600,1.1425,1.1466,1.1425,1.14435,55987,66876.65,0,NaN,NaN,NaN,NaN,NaN,NaN,505274
1561586400,1.14435,1.14455,1.1418,1.14255,20816,60438.3,0,NaN,NaN,NaN,NaN,NaN,NaN,505274
1561615200,1.14255,1.1452,1.1421,1.1429,82842,61278.75,0,NaN,NaN,NaN,NaN,NaN,NaN,505274
1561644000,1.1429,1.1445,1.14275,1.144,33166,62252.6,0,NaN,NaN,NaN,NaN,NaN,NaN,505089
1561672800,1.1439,1.1446,1.143,1.1433,14957,60398.65,0,NaN,NaN,NaN,NaN,NaN,NaN,505089
1561701600,1.1433,1.1464,1.1433,1.14525,71780,58546,0,NaN,NaN,NaN,NaN,NaN,NaN,505089
1561730400,1.14525,1.1462,1.142,1.1438,59648,59832.6,0,NaN,NaN,NaN,NaN,NaN,NaN,505246
1561932000,1.1435,1.144,1.139,1.1397,31809,55508.75,0,NaN,NaN,NaN,NaN,NaN,NaN,505246
1561960800,1.13965,1.14295,1.1385,1.14045,98292,56677.2,0,NaN,NaN,NaN,NaN,NaN,NaN,505246
1561989600,1.1404,1.1406,1.1349,1.1355,80461,59698.2,0,NaN,NaN,NaN,NaN,NaN,NaN,507013
1562018400,1.13565,1.13585,1.1342,1.1358,18320,55834.85,0,NaN,NaN,NaN,NaN,NaN,NaN,507013
1562047200,1.1358,1.13895,1.1353,1.13665,76443,54633.2,0,NaN,NaN,NaN,NaN,NaN,NaN,507013
1562076000,1.13665,1.1379,1.13485,1.13515,56506,56341.6,0,NaN,NaN,NaN,NaN,NaN,NaN,506171
1562104800,1.1354,1.13615,1.13515,1.1356,12933,53244.25,0,NaN,NaN,NaN,NaN,NaN,NaN,506171
1562133600,1.1356,1.13665,1.13345,1.1358,73436,54297.05,0,NaN,NaN,NaN,NaN,NaN,NaN,506171
1562162400,1.1358,1.1379,1.13385,1.13435,46209,55102.95,0,NaN,NaN,NaN,NaN,NaN,NaN,500660
1562191200,1.1344,1.13585,1.13435,1.1347,10191,51858.55,0,NaN,NaN,NaN,NaN,NaN,NaN,500660
1562220000,1.1347,1.13535,1.13365,1.13415,27784,48443.45,0,NaN,NaN,NaN,NaN,NaN,NaN,500660
1562248800,1.1342,1.13485,1.13405,1.13435,6652,47579.9,0,NaN,NaN,NaN,NaN,NaN,NaN,500660
1562277600,1.1348,1.13505,1.134,1.13415,7662,44294.7,0,NaN,NaN,NaN,NaN,NaN,NaN,500660
1562306400,1.13415,1.1344,1.1279,1.1283,104337,46712.2,0,NaN,NaN,NaN,NaN,NaN,NaN,500660
1562335200,1.1283,1.12925,1.1271,1.129,62662,48804.5,0,NaN,NaN,NaN,NaN,NaN,NaN,504234
1562536800,1.12915,1.12955,1.12825,1.12925,15260,45425.4,0,NaN,NaN,NaN,NaN,NaN,NaN,504234
1562565600,1.12925,1.1297,1.12755,1.12815,64946,47014.4,0,NaN,NaN,NaN,NaN,NaN,NaN,504234
1562594400,1.1281,1.1284,1.127,1.1277,37801,48156.6,0,NaN,NaN,NaN,NaN,NaN,NaN,504480
1562623200,1.1276,1.1281,1.1272,1.1276,10123,45073.75,0,NaN,NaN,NaN,NaN,NaN,NaN,504480
1562652000,1.1276,1.1276,1.12555,1.12685,63206,45251.65,0,NaN,NaN,NaN,NaN,NaN,NaN,504480
1562680800,1.1269,1.1276,1.12615,1.127,35273,45424.85,0,NaN,NaN,NaN,NaN,NaN,NaN,505634
1562709600,1.12695,1.1271,1.1263,1.12705,9018,40961.15,0,NaN,NaN,NaN,NaN,NaN,NaN,505634
1562738400,1.127,1.1317,1.1264,1.12995,116647,42770.45,0,NaN,NaN,NaN,NaN,NaN,NaN,505634
1562767200,1.13,1.1325,1.1296,1.13105,65187,45113.8,0,NaN,NaN,NaN,NaN,NaN,NaN,509134
1562796000,1.1313,1.13385,1.13105,1.13275,22513,42417.3,0,NaN,NaN,NaN,NaN,NaN,NaN,509134
1562824800,1.13275,1.1344,1.13095,1.1315,91773,44180.65,0,NaN,NaN,NaN,NaN,NaN,NaN,509134
1562853600,1.13155,1.1321,1.13035,1.13125,63571,46712.55,0,NaN,NaN,NaN,NaN,NaN,NaN,512247
1562882400,1.1311,1.13325,1.13065,1.13305,17113,43896.4,0,NaN,NaN,NaN,NaN,NaN,NaN,512247
1562911200,1.1331,1.1332,1.12955,1.1306,73980,45284.95,0,NaN,NaN,NaN,NaN,NaN,NaN,512247
1562940000,1.1306,1.13315,1.13015,1.13285,44719,47011.35,0,NaN,NaN,NaN,NaN,NaN,NaN,512756
1563141600,1.13285,1.1331,1.13205,1.1329,14369,46340.6,0,NaN,NaN,NaN,NaN,NaN,NaN,512756
1563170400,1.1329,1.13405,1.1318,1.1324,54566,48736.3,0,NaN,NaN,NaN,NaN,NaN,NaN,512756
1563199200,1.1324,1.1324,1.1309,1.13145,32776,49992,0,NaN,NaN,NaN,NaN,NaN,NaN,514887
1563228000,1.13155,1.13185,1.13105,1.13135,9973,45273.8,0,NaN,NaN,NaN,NaN,NaN,NaN,514887
1563256800,1.13135,1.1317,1.1264,1.1273,83430,46312.2,0,NaN,NaN,NaN,NaN,NaN,NaN,514887
1563285600,1.12735,1.12795,1.12575,1.12655,54656,48282,0,NaN,NaN,NaN,NaN,NaN,NaN,520406
1563314400,1.12645,1.12715,1.1261,1.12695,10137,45541.55,0,NaN,NaN,NaN,NaN,NaN,NaN,520406
1563343200,1.12695,1.1276,1.1254,1.1275,57063,46504.65,0,NaN,NaN,NaN,NaN,NaN,NaN,520406
1563372000,1.1275,1.1288,1.1269,1.1278,48572,48427.1,0,NaN,NaN,NaN,NaN,NaN,NaN,520442
1563400800,1.12795,1.1293,1.1277,1.1291,15809,46057.25,0,NaN,NaN,NaN,NaN,NaN,NaN,520442
1563429600,1.12905,1.12955,1.12565,1.12685,101318,49359.5,0,NaN,NaN,NaN,NaN,NaN,NaN,520442
1563458400,1.12685,1.13315,1.12645,1.13285,81163,52966.75,0,NaN,NaN,NaN,NaN,NaN,NaN,520252
1563487200,1.13285,1.1332,1.129,1.1307,28021,48535.45,0,NaN,NaN,NaN,NaN,NaN,NaN,520252
1563516000,1.13075,1.1316,1.12675,1.1285,77725,49162.35,0,NaN,NaN,NaN,NaN,NaN,NaN,520252
1563544800,1.12845,1.129,1.12535,1.1273,69227,51498.05,0,NaN,NaN,NaN,NaN,NaN,NaN,516349
1563746400,1.12715,1.12715,1.1258,1.1268,15266,47672.7,0,NaN,NaN,NaN,NaN,NaN,NaN,516349
1563775200,1.1268,1.12755,1.12565,1.1274,55573,47272.8,0,NaN,NaN,NaN,NaN,NaN,NaN,516349
1563804000,1.12735,1.12745,1.1256,1.12575,42913,48562.8,0,NaN,NaN,NaN,NaN,NaN,NaN,515510
1563832800,1.1259,1.1259,1.12375,1.1238,21422,45934.9,0,NaN,NaN,NaN,NaN,NaN,NaN,515510
1563861600,1.12385,1.12455,1.1199,1.1209,92904,48344.15,0,NaN,NaN,NaN,NaN,NaN,NaN,515510
1563890400,1.12095,1.1215,1.11945,1.11995,58399,50545.65,0,NaN,NaN,NaN,NaN,NaN,NaN,524355
1563919200,1.12015,1.12015,1.1189,1.11955,14710,48552.85,0,NaN,NaN,NaN,NaN,NaN,NaN,524355
1563948000,1.11955,1.12035,1.1171,1.11965,101843,52006.2,0,NaN,NaN,NaN,NaN,NaN,NaN,524355
1563976800,1.1197,1.1204,1.1181,1.11875,53243,54169.7,0,NaN,NaN,NaN,NaN,NaN,NaN,531830
1564005600,1.1187,1.11885,1.11785,1.11805,16665,50831.45,0,NaN,NaN,NaN,NaN,NaN,NaN,531830
1564034400,1.1181,1.1232,1.11455,1.1226,203702,58283.75,0,NaN,NaN,NaN,NaN,NaN,NaN,531830
1564063200,1.1226,1.1233,1.1171,1.1191,80977,61825.75,0,NaN,NaN,NaN,NaN,NaN,NaN,533364
1564092000,1.11895,1.1195,1.11865,1.11895,11498,59547.5,0,NaN,NaN,NaN,NaN,NaN,NaN,533364
1564120800,1.11895,1.1192,1.11695,1.11745,98357,62036.75,0,NaN,NaN,NaN,NaN,NaN,NaN,533364
1564149600,1.1175,1.11805,1.1156,1.11735,68190,64655.8,0,NaN,NaN,NaN,NaN,NaN,NaN,543271
1564351200,1.1171,1.1182,1.11685,1.117,10308,60105.3,0,NaN,NaN,NaN,NaN,NaN,NaN,543271
1564380000,1.117,1.1174,1.11555,1.11695,72070,59650.65,0,NaN,NaN,NaN,NaN,NaN,NaN,543271
1564408800,1.11695,1.1194,1.1169,1.11885,53388,60919,0,NaN,NaN,NaN,NaN,NaN,NaN,544448
1564437600,1.1187,1.11895,1.11755,1.11755,15989,57832.2,0,NaN,NaN,NaN,NaN,NaN,NaN,544448
1564466400,1.11755,1.1202,1.11745,1.1192,72289,57985.3,0,NaN,NaN,NaN,NaN,NaN,NaN,544448
1564495200,1.1192,1.12035,1.118,1.11985,43835,59413.75,0,NaN,NaN,NaN,NaN,NaN,NaN,544444
1564524000,1.11965,1.12,1.1189,1.11985,12520,57261.1,0,NaN,NaN,NaN,NaN,NaN,NaN,544444
1564552800,1.1198,1.12035,1.11795,1.1183,60230,58126.95,0,NaN,NaN,NaN,NaN,NaN,NaN,544444
1564581600,1.1183,1.1183,1.1102,1.1117,156686,64890.15,0,NaN,NaN,NaN,NaN,NaN,NaN,548676
1564610400,1.1112,1.11185,1.10725,1.109,37723,62131.1,0,NaN,NaN,NaN,NaN,NaN,NaN,548676
1564639200,1.109,1.10915,1.1065,1.10815,115887,65005.5,0,NaN,NaN,NaN,NaN,NaN,NaN,548676
1564668000,1.1082,1.11345,1.1082,1.1122,118414,70190.7,0,NaN,NaN,NaN,NaN,NaN,NaN,550264
1564696800,1.11205,1.1134,1.1107,1.11165,29276,66562.35,0,NaN,NaN,NaN,NaN,NaN,NaN,550264
1564725600,1.1116,1.11525,1.1115,1.1138,118646,69832.5,0,NaN,NaN,NaN,NaN,NaN,NaN,550264
1564754400,1.11375,1.11535,1.1133,1.11435,61835,72091,0,NaN,NaN,NaN,NaN,NaN,NaN,546945
1564956000,1.11425,1.1169,1.1141,1.1162,37606,63786.2,0,NaN,NaN,NaN,NaN,NaN,NaN,546945
1564984800,1.11615,1.12215,1.11505,1.1215,108334,65154.05,0,NaN,NaN,NaN,NaN,NaN,NaN,546945
1565013600,1.12155,1.12495,1.1215,1.12395,88879,69023.1,0,NaN,NaN,NaN,NaN,NaN,NaN,542581
1565042400,1.1248,1.1285,1.12255,1.1233,49923,66601.4,0,NaN,NaN,NaN,NaN,NaN,NaN,542581
1565071200,1.1233,1.1254,1.12025,1.1208,110186,68701.2,0,NaN,NaN,NaN,NaN,NaN,NaN,542581
1565100000,1.1208,1.1243,1.12065,1.12375,67238,71547.7,0,NaN,NaN,NaN,NaN,NaN,NaN,526272
1565128800,1.1237,1.1254,1.1235,1.12405,23954,69141.9,0,NaN,NaN,NaN,NaN,NaN,NaN,526272
1565157600,1.1241,1.12745,1.12125,1.12685,97058,71325.4,0,NaN,NaN,NaN,NaN,NaN,NaN,526272
1565186400,1.12685,1.12765,1.12325,1.1233,84285,74740.2,0,NaN,NaN,NaN,NaN,NaN,NaN,520399
1565215200,1.12315,1.12455,1.12315,1.1244,16253,71938.4,0,NaN,NaN,NaN,NaN,NaN,NaN,520399
1565244000,1.1243,1.1259,1.1213,1.12285,95080,74500.65,0,NaN,NaN,NaN,NaN,NaN,NaN,520399
1565272800,1.12285,1.1265,1.12085,1.12105,69492,77349.25,0,NaN,NaN,NaN,NaN,NaN,NaN,517572
1565301600,1.1222,1.1229,1.12155,1.1227,11847,74930.1,0,NaN,NaN,NaN,NaN,NaN,NaN,517572
1565330400,1.1227,1.1239,1.1214,1.1224,55509,69871.25,0,NaN,NaN,NaN,NaN,NaN,NaN,517572
1565359200,1.1224,1.12535,1.1219,1.1231,58884,70929.3,0,NaN,NaN,NaN,NaN,NaN,NaN,512825
1565560800,1.123,1.1241,1.1229,1.1241,11920,65730.95,0,NaN,NaN,NaN,NaN,NaN,NaN,512825
1565589600,1.12405,1.12515,1.1192,1.12485,82821,63951.3,0,NaN,NaN,NaN,NaN,NaN,NaN,512825
1565618400,1.12485,1.1261,1.124,1.12445,38934,64434.2,0,NaN,NaN,NaN,NaN,NaN,NaN,511975
1565647200,1.1246,1.1248,1.12115,1.12225,17769,59390.35,0,NaN,NaN,NaN,NaN,NaN,NaN,511975
1565676000,1.1223,1.1259,1.12,1.12145,110221,61809.65,0,NaN,NaN,NaN,NaN,NaN,NaN,511975
1565704800,1.1214,1.12295,1.12005,1.1201,59597,62909.2,0,NaN,NaN,NaN,NaN,NaN,NaN,530293
1565733600,1.1201,1.12085,1.1194,1.11955,15089,58246.95,0,NaN,NaN,NaN,NaN,NaN,NaN,530293
1565762400,1.1195,1.12205,1.11845,1.1186,82336,57919.8,0,NaN,NaN,NaN,NaN,NaN,NaN,530293
1565791200,1.1186,1.1189,1.1159,1.1167,67256,58786.45,0,NaN,NaN,NaN,NaN,NaN,NaN,530038
1565820000,1.1167,1.1178,1.11655,1.11745,12587,53906.5,0,NaN,NaN,NaN,NaN,NaN,NaN,530038
1565848800,1.11745,1.1184,1.11335,1.1138,103513,55720.25,0,NaN,NaN,NaN,NaN,NaN,NaN,530038
1565877600,1.1138,1.1145,1.11165,1.11315,68639,57954.5,0,NaN,NaN,NaN,NaN,NaN,NaN,528547
1565906400,1.11305,1.1137,1.11195,1.11295,12589,53731.05,0,NaN,NaN,NaN,NaN,NaN,NaN,528547
1565935200,1.11295,1.1131,1.10905,1.11,67757,52904.65,0,NaN,NaN,NaN,NaN,NaN,NaN,528547
1565964000,1.11005,1.11315,1.1094,1.11155,57125,54948.25,0,NaN,NaN,NaN,NaN,NaN,NaN,529994
1566165600,1.1116,1.1125,1.11115,1.1115,11074,50747.95,0,NaN,NaN,NaN,NaN,NaN,NaN,529994
1566194400,1.1115,1.1138,1.1114,1.1119,62661,50406.4,0,NaN,NaN,NaN,NaN,NaN,NaN,529994
1566223200,1.1119,1.1128,1.1099,1.1101,31583,51393.2,0,NaN,NaN,NaN,NaN,NaN,NaN,527127
1566252000,1.11,1.1111,1.11,1.1107,11075,49171.5,0,NaN,NaN,NaN,NaN,NaN,NaN,527127
1566280800,1.1107,1.11105,1.1088,1.1102,67664,49610.5,0,NaN,NaN,NaN,NaN,NaN,NaN,527127
1566309600,1.1102,1.11295,1.10985,1.11225,49944,51511.7,0,NaN,NaN,NaN,NaN,NaN,NaN,522400
1566338400,1.1118,1.11265,1.11125,1.1118,11086,47924.95,0,NaN,NaN,NaN,NaN,NaN,NaN,522400
1566367200,1.1118,1.1129,1.11095,1.11205,49961,48476.3,0,NaN,NaN,NaN,NaN,NaN,NaN,522400
1566396000,1.11205,1.1127,1.11015,1.1106,44595,49817.6,0,NaN,NaN,NaN,NaN,NaN,NaN,522957
1566424800,1.11085,1.11115,1.11,1.11005,9365,44774.8,0,NaN,NaN,NaN,NaN,NaN,NaN,522957
1566453600,1.11005,1.1133,1.10825,1.11155,142690,48929.45,0,NaN,NaN,NaN,NaN,NaN,NaN,522957
1566482400,1.11155,1.11155,1.10865,1.1099,41695,50259.75,0,NaN,NaN,NaN,NaN,NaN,NaN,506060
1566511200,1.10975,1.11045,1.1079,1.10865,15439,46914.9,0,NaN,NaN,NaN,NaN,NaN,NaN,506060
1566540000,1.10865,1.10925,1.107,1.10855,63117,46707.95,0,NaN,NaN,NaN,NaN,NaN,NaN,506060
1566568800,1.10855,1.11725,1.10705,1.116,120886,52122.9,0,NaN,NaN,NaN,NaN,NaN,NaN,504347
1566770400,1.1166,1.11825,1.11505,1.1162,26467,48270.6,0,NaN,NaN,NaN,NaN,NaN,NaN,504347
1566799200,1.1162,1.1171,1.11245,1.11355,69625,48319.9,0,NaN,NaN,NaN,NaN,NaN,NaN,504347
1566828000,1.1135,1.114,1.11125,1.11175,36426,49511.75,0,NaN,NaN,NaN,NaN,NaN,NaN,502470
1566856800,1.1118,1.11245,1.11155,1.11195,13601,46803.95,0,NaN,NaN,NaN,NaN,NaN,NaN,502470
1566885600,1.11195,1.1133,1.1111,1.1118,64084,47151.9,0,NaN,NaN,NaN,NaN,NaN,NaN,502470
1566914400,1.11185,1.112,1.1103,1.11065,42740,48735.2,0,NaN,NaN,NaN,NaN,NaN,NaN,503097
1566943200,1.1107,1.1109,1.11005,1.1105,14638,46334.05,0,NaN,NaN,NaN,NaN,NaN,NaN,503097
1566972000,1.11045,1.1114,1.109,1.1098,69332,48221.5,0,NaN,NaN,NaN,NaN,NaN,NaN,503097
1567000800,1.10975,1.11015,1.1089,1.1092,45015,49918.5,0,NaN,NaN,NaN,NaN,NaN,NaN,507132
1567029600,1.1094,1.11,1.10925,1.1097,10530,47061.8,0,NaN,NaN,NaN,NaN,NaN,NaN,507132
1567058400,1.1097,1.1098,1.10675,1.1075,87059,48917.55,0,NaN,NaN,NaN,NaN,NaN,NaN,507132
1567087200,1.10755,1.11065,1.10545,1.1069,77548,52240.65,0,NaN,NaN,NaN,NaN,NaN,NaN,509029
1567116000,1.1069,1.10725,1.10545,1.10605,17761,50630.65,0,NaN,NaN,NaN,NaN,NaN,NaN,509029
1567144800,1.10605,1.10645,1.1046,1.1057,74474,52124.6,0,NaN,NaN,NaN,NaN,NaN,NaN,509029
1567173600,1.1057,1.1062,1.09755,1.10055,118417,57577.2,0,NaN,NaN,NaN,NaN,NaN,NaN,515608
1567375200,1.10015,1.1009,1.0996,1.0998,10234,50954.4,0,NaN,NaN,NaN,NaN,NaN,NaN,515608
1567404000,1.09985,1.1004,1.09695,1.0979,53355,51537.4,0,NaN,NaN,NaN,NaN,NaN,NaN,515608
1567432800,1.0979,1.0987,1.0973,1.09855,12590,51394.95,0,NaN,NaN,NaN,NaN,NaN,NaN,515608
1567461600,1.09825,1.09825,1.09415,1.0957,29343,49706.25,0,NaN,NaN,NaN,NaN,NaN,NaN,515608
1567490400,1.0957,1.0965,1.09365,1.0958,94891,48406.5,0,NaN,NaN,NaN,NaN,NaN,NaN,515608
1567519200,1.09585,1.09895,1.09585,1.0981,69517,50559,0,NaN,NaN,NaN,NaN,NaN,NaN,514310
1567548000,1.0979,1.09895,1.0978,1.0985,14942,47824.85,0,NaN,NaN,NaN,NaN,NaN,NaN,514310
1567576800,1.0985,1.10335,1.09835,1.10215,100553,51031.2,0,NaN,NaN,NaN,NaN,NaN,NaN,514310
1567605600,1.1022,1.10485,1.10195,1.1044,61829,53442.6,0,NaN,NaN,NaN,NaN,NaN,NaN,504348
1567634400,1.10445,1.10465,1.10315,1.1035,18495,51163.15,0,NaN,NaN,NaN,NaN,NaN,NaN,504348
1567663200,1.1035,1.10925,1.10235,1.1089,98976,53974.95,0,NaN,NaN,NaN,NaN,NaN,NaN,504348
1567692000,1.1089,1.1089,1.1039,1.1042,65243,56505.2,0,NaN,NaN,NaN,NaN,NaN,NaN,491128
1567720800,1.10425,1.1053,1.1036,1.10505,12556,53666.4,0,NaN,NaN,NaN,NaN,NaN,NaN,491128
1567749600,1.10505,1.10635,1.10265,1.10565,85511,55691.2,0,NaN,NaN,NaN,NaN,NaN,NaN,491128
1567778400,1.10565,1.106,1.10305,1.1034,49482,57638.8,0,NaN,NaN,NaN,NaN,NaN,NaN,471565
1567980000,1.10325,1.10355,1.1021,1.1031,13873,53979.5,0,NaN,NaN,NaN,NaN,NaN,NaN,471565
1568008800,1.1031,1.10645,1.10265,1.10615,68481,53526.15,0,NaN,NaN,NaN,NaN,NaN,NaN,471565
1568037600,1.10615,1.10735,1.105,1.1053,42858,54781,0,NaN,NaN,NaN,NaN,NaN,NaN,437040
1568066400,1.1054,1.10565,1.1045,1.1048,11971,51655.85,0,NaN,NaN,NaN,NaN,NaN,NaN,437040
1568095200,1.1048,1.10645,1.1037,1.10445,66084,49039.2,0,NaN,NaN,NaN,NaN,NaN,NaN,437040
1568124000,1.10445,1.1057,1.10355,1.1048,54044,51229.7,0,NaN,NaN,NaN,NaN,NaN,NaN,362171
1568152800,1.1052,1.10595,1.1048,1.1053,13102,49217.05,0,NaN,NaN,NaN,NaN,NaN,NaN,362171
1568181600,1.1053,1.10535,1.0997,1.0999,70286,52101.85,0,NaN,NaN,NaN,NaN,NaN,NaN,362171
1568210400,1.0999,1.1018,1.09895,1.1014,51850,53227.2,0,NaN,NaN,NaN,NaN,NaN,NaN,266399
1568239200,1.1011,1.1017,1.1009,1.10155,10689,49017.1,0,NaN,NaN,NaN,NaN,NaN,NaN,266399
1568268000,1.1015,1.10725,1.0928,1.1037,203263,55704.4,0,NaN,NaN,NaN,NaN,NaN,NaN,266399
1568296800,1.10375,1.10895,1.10275,1.1064,94154,59665,0,NaN,NaN,NaN,NaN,NaN,NaN,137915
1568325600,1.114,1.11475,1.113,1.1145,11886,55231.65,0,NaN,NaN,NaN,NaN,NaN,NaN,137915
1568354400,1.11455,1.1184,1.11395,1.11425,120568,58168.6,0,NaN,NaN,NaN,NaN,NaN,NaN,137915
1568383200,1.11425,1.116,1.11345,1.11485,47071,59597.4,0,NaN,NaN,NaN,NaN,NaN,NaN,469290
1568584800,1.11495,1.11595,1.1141,1.11415,16317,55464.45,0,NaN,NaN,NaN,NaN,NaN,NaN,469290
1568613600,1.11415,1.11555,1.1086,1.10865,73475,55876.05,0,NaN,NaN,NaN,NaN,NaN,NaN,469290
1568642400,1.10865,1.1092,1.10675,1.1079,56523,58074.4,0,NaN,NaN,NaN,NaN,NaN,NaN,474416
1568671200,1.1078,1.10885,1.1075,1.10865,16773,54637.5,0,NaN,NaN,NaN,NaN,NaN,NaN,474416
1568700000,1.10865,1.1114,1.10655,1.11065,87601,56543.45,0,NaN,NaN,NaN,NaN,NaN,NaN,474416
1568728800,1.11065,1.11475,1.1104,1.11445,60303,58864.95,0,NaN,NaN,NaN,NaN,NaN,NaN,476121
1568757600,1.1145,1.1148,1.11355,1.1138,9064,55894.1,0,NaN,NaN,NaN,NaN,NaN,NaN,476121
1568786400,1.11385,1.1141,1.11095,1.11275,59568,56729.6,0,NaN,NaN,NaN,NaN,NaN,NaN,476121
1568815200,1.11275,1.114,1.1085,1.1103,84811,60371.6,0,NaN,NaN,NaN,NaN,NaN,NaN,477674
1568844000,1.1104,1.1113,1.10935,1.11115,16807,57907.75,0,NaN,NaN,NaN,NaN,NaN,NaN,477674
1568872800,1.11115,1.1144,1.1106,1.11315,72398,58825.45,0,NaN,NaN,NaN,NaN,NaN,NaN,477674
1568901600,1.11315,1.1132,1.11085,1.1111,50919,60716.3,0,NaN,NaN,NaN,NaN,NaN,NaN,478534
1568930400,1.1109,1.11285,1.1109,1.11245,12048,57804.4,0,NaN,NaN,NaN,NaN,NaN,NaN,478534
1568959200,1.11245,1.1137,1.10805,1.10875,71430,58783.4,0,NaN,NaN,NaN,NaN,NaN,NaN,478534
1568988000,1.10875,1.10905,1.1063,1.10865,62770,61387.45,0,NaN,NaN,NaN,NaN,NaN,NaN,480762
1569189600,1.1085,1.1091,1.1082,1.1089,12938,51871.2,0,NaN,NaN,NaN,NaN,NaN,NaN,480762
1569218400,1.10895,1.1091,1.10315,1.1055,109422,52634.6,0,NaN,NaN,NaN,NaN,NaN,NaN,480762
1569247200,1.1055,1.1066,1.1049,1.1059,42982,54189.4,0,NaN,NaN,NaN,NaN,NaN,NaN,472788
1569276000,1.10585,1.1062,1.1052,1.1055,11408,48731.4,0,NaN,NaN,NaN,NaN,NaN,NaN,472788
1569304800,1.1055,1.10765,1.1049,1.10635,61066,49431.15,0,NaN,NaN,NaN,NaN,NaN,NaN,472788
1569333600,1.10635,1.10925,1.1061,1.10885,75113,52370.95,0,NaN,NaN,NaN,NaN,NaN,NaN,475280
1569362400,1.10855,1.1088,1.10615,1.10645,19660,49680.2,0,NaN,NaN,NaN,NaN,NaN,NaN,475280
1569391200,1.1065,1.1073,1.1045,1.1053,62792,49993.65,0,NaN,NaN,NaN,NaN,NaN,NaN,475280
1569420000,1.1053,1.1055,1.10035,1.1009,88633,53586.65,0,NaN,NaN,NaN,NaN,NaN,NaN,479849
1569448800,1.1009,1.10285,1.1008,1.1018,17515,50082.35,0,NaN,NaN,NaN,NaN,NaN,NaN,479849
1569477600,1.1018,1.10315,1.09865,1.1027,96530,51893.7,0,NaN,NaN,NaN,NaN,NaN,NaN,479849
1569506400,1.1027,1.10285,1.0972,1.09825,71864,55033.7,0,NaN,NaN,NaN,NaN,NaN,NaN,476927
1569535200,1.098,1.0987,1.0966,1.09805,20724,53091.5,0,NaN,NaN,NaN,NaN,NaN,NaN,476927
1569564000,1.09805,1.101,1.09675,1.09955,82634,52982.65,0,NaN,NaN,NaN,NaN,NaN,NaN,476927
1569592800,1.09955,1.102,1.0993,1.1002,53556,54820.1,0,NaN,NaN,NaN,NaN,NaN,NaN,475618
1569794400,1.09995,1.10065,1.099,1.0996,14644,51932.4,0,NaN,NaN,NaN,NaN,NaN,NaN,475618
1569823200,1.0996,1.1008,1.09445,1.0961,92241,53998.5,0,NaN,NaN,NaN,NaN,NaN,NaN,475618
1569852000,1.0961,1.09745,1.0954,1.0958,60023,56397.25,0,NaN,NaN,NaN,NaN,NaN,NaN,478631
1569880800,1.0957,1.09605,1.09455,1.09495,16205,53636,0,NaN,NaN,NaN,NaN,NaN,NaN,478631
1569909600,1.0949,1.0968,1.09385,1.0946,92741,55134.55,0,NaN,NaN,NaN,NaN,NaN,NaN,478631
1569938400,1.09465,1.10025,1.09465,1.09915,106146,59794.95,0,NaN,NaN,NaN,NaN,NaN,NaN,484925
1569967200,1.099,1.09995,1.0988,1.0994,13012,54974.45,0,NaN,NaN,NaN,NaN,NaN,NaN,484925
1569996000,1.09935,1.1008,1.0962,1.1005,85695,57110.1,0,NaN,NaN,NaN,NaN,NaN,NaN,484925
1570024800,1.1005,1.1021,1.0995,1.10155,65331,59806.25,0,NaN,NaN,NaN,NaN,NaN,NaN,485174
1570053600,1.1015,1.102,1.101,1.1012,13967,57451.3,0,NaN,NaN,NaN,NaN,NaN,NaN,485174
1570082400,1.10115,1.1029,1.09955,1.10155,92468,58319.05,0,NaN,NaN,NaN,NaN,NaN,NaN,485174
1570111200,1.10155,1.1055,1.10155,1.10175,89811,61826.6,0,NaN,NaN,NaN,NaN,NaN,NaN,484527
1570140000,1.1026,1.10385,1.10215,1.1024,13764,59375.2,0,NaN,NaN,NaN,NaN,NaN,NaN,484527
1570168800,1.1024,1.1058,1.1012,1.10245,87689,59328,0,NaN,NaN,NaN,NaN,NaN,NaN,484527
1570197600,1.10245,1.10415,1.10185,1.10335,47621,60833.3,0,NaN,NaN,NaN,NaN,NaN,NaN,482458
1570399200,1.10305,1.1043,1.10305,1.1031,10906,56552.1,0,NaN,NaN,NaN,NaN,NaN,NaN,482458
1570428000,1.1031,1.10535,1.10145,1.1046,53250,55621.4,0,NaN,NaN,NaN,NaN,NaN,NaN,482458
1570456800,1.10465,1.1052,1.1021,1.10235,38892,56529.8,0,NaN,NaN,NaN,NaN,NaN,NaN,482540
1570485600,1.10215,1.103,1.1015,1.10275,11366,52966.4,0,NaN,NaN,NaN,NaN,NaN,NaN,482540
1570514400,1.10275,1.10475,1.1021,1.10255,66703,53623.75,0,NaN,NaN,NaN,NaN,NaN,NaN,482540
1570543200,1.1025,1.1027,1.09925,1.10075,76835,56733.3,0,NaN,NaN,NaN,NaN,NaN,NaN,487615
1570572000,1.10065,1.1016,1.10055,1.10105,10983,52670.4,0,NaN,NaN,NaN,NaN,NaN,NaN,487615
1570600800,1.10105,1.10425,1.1006,1.10315,63095,52824,0,NaN,NaN,NaN,NaN,NaN,NaN,487615
1570629600,1.10315,1.10345,1.10185,1.10225,38899,53958.7,0,NaN,NaN,NaN,NaN,NaN,NaN,487327
1570658400,1.10205,1.1041,1.10205,1.10355,22530,50448.15,0,NaN,NaN,NaN,NaN,NaN,NaN,487327
1570687200,1.10355,1.1083,1.1031,1.10675,100834,50182.55,0,NaN,NaN,NaN,NaN,NaN,NaN,487327
1570716000,1.10675,1.10725,1.105,1.1054,73288,53196.35,0,NaN,NaN,NaN,NaN,NaN,NaN,490678
1570744800,1.1057,1.1068,1.1053,1.1064,15973,49710.25,0,NaN,NaN,NaN,NaN,NaN,NaN,490678
1570773600,1.1064,1.11115,1.1049,1.11025,128293,52858.35,0,NaN,NaN,NaN,NaN,NaN,NaN,490678
1570802400,1.1102,1.11055,1.1074,1.10855,77007,56010.35,0,NaN,NaN,NaN,NaN,NaN,NaN,491854
1571004000,1.10855,1.1086,1.10715,1.1077,16359,52204.9,0,NaN,NaN,NaN,NaN,NaN,NaN,491854
1571032800,1.1077,1.1089,1.10595,1.1072,53055,50367.1,0,NaN,NaN,NaN,NaN,NaN,NaN,491854
1571061600,1.1072,1.10795,1.1064,1.1073,32019,51279.85,0,NaN,NaN,NaN,NaN,NaN,NaN,487350
1571090400,1.1073,1.1079,1.10675,1.10785,13053,47548.05,0,NaN,NaN,NaN,NaN,NaN,NaN,487350
1571119200,1.1078,1.1092,1.1037,1.1039,103424,50338.2,0,NaN,NaN,NaN,NaN,NaN,NaN,487350
1571148000,1.10395,1.10915,1.10385,1.1078,108894,55237.6,0,NaN,NaN,NaN,NaN,NaN,NaN,490738
1571176800,1.10775,1.10815,1.1069,1.10805,13236,53236.9,0,NaN,NaN,NaN,NaN,NaN,NaN,490738
1571205600,1.10805,1.11065,1.10675,1.10985,124605,57522.55,0,NaN,NaN,NaN,NaN,NaN,NaN,490738
1571234400,1.1098,1.11315,1.10865,1.11175,79816,60945.05,0,NaN,NaN,NaN,NaN,NaN,NaN,495283
1571263200,1.1118,1.1128,1.11125,1.11145,18907,58555.25,0,NaN,NaN,NaN,NaN,NaN,NaN,495283
1571292000,1.1115,1.11835,1.11085,1.11665,161455,62786.25,0,NaN,NaN,NaN,NaN,NaN,NaN,495283
1571320800,1.1167,1.11755,1.1154,1.11675,43736,64423.9,0,NaN,NaN,NaN,NaN,NaN,NaN,496632
1571349600,1.1171,1.1173,1.11615,1.1162,15426,62040.45,0,NaN,NaN,NaN,NaN,NaN,NaN,496632
1571378400,1.11625,1.11955,1.1157,1.11825,70289,63609.95,0,NaN,NaN,NaN,NaN,NaN,NaN,496632
1571407200,1.1183,1.1215,1.11775,1.12145,52528,65109.85,0,NaN,NaN,NaN,NaN,NaN,NaN,495917
1571608800,1.1199,1.1205,1.1192,1.1195,16553,60895.8,0,NaN,NaN,NaN,NaN,NaN,NaN,495917
1571637600,1.1195,1.12215,1.11915,1.1198,58798,60171.3,0,NaN,NaN,NaN,NaN,NaN,NaN,495917
1571666400,1.1198,1.1203,1.11805,1.11915,47621,61753.7,0,NaN,NaN,NaN,NaN,NaN,NaN,498530
1571695200,1.11915,1.1198,1.1188,1.1194,12421,55960.1,0,NaN,NaN,NaN,NaN,NaN,NaN,498530
1571724000,1.11945,1.11975,1.1164,1.11755,64861,55352.8,0,NaN,NaN,NaN,NaN,NaN,NaN,498530
1571752800,1.11755,1.1195,1.11585,1.11655,65646,57817.15,0,NaN,NaN,NaN,NaN,NaN,NaN,500857
1571781600,1.11655,1.11715,1.11555,1.1165,16659,55997.35,0,NaN,NaN,NaN,NaN,NaN,NaN,500857
1571810400,1.1165,1.11685,1.1146,1.1163,51599,56976.35,0,NaN,NaN,NaN,NaN,NaN,NaN,500857
1571839200,1.1163,1.11805,1.11515,1.11695,44073,58527.35,0,NaN,NaN,NaN,NaN,NaN,NaN,497479
1571868000,1.117,1.1179,1.11665,1.117,13985,54055.4,0,NaN,NaN,NaN,NaN,NaN,NaN,497479
1571896800,1.11705,1.12,1.11485,1.1154,108782,54049.8,0,NaN,NaN,NaN,NaN,NaN,NaN,497479
1571925600,1.11535,1.11545,1.113,1.11425,60638,56419.9,0,NaN,NaN,NaN,NaN,NaN,NaN,496578
1571954400,1.11425,1.1146,1.1137,1.11455,10793,50729.3,0,NaN,NaN,NaN,NaN,NaN,NaN,496578
1571983200,1.1145,1.11595,1.1124,1.1131,59462,49711.6,0,NaN,NaN,NaN,NaN,NaN,NaN,496578
1572012000,1.1131,1.11325,1.11095,1.11175,38806,50706.55,0,NaN,NaN,NaN,NaN,NaN,NaN,497906
1572213600,1.1117,1.11235,1.11125,1.11235,10672,43167.4,0,NaN,NaN,NaN,NaN,NaN,NaN,497906
1572242400,1.1123,1.1143,1.11205,1.11305,53340,43647.6,0,NaN,NaN,NaN,NaN,NaN,NaN,497906
1572271200,1.113,1.11395,1.11225,1.1135,30850,44418.8,0,NaN,NaN,NaN,NaN,NaN,NaN,497765
1572300000,1.1136,1.11375,1.11265,1.11295,12351,41521.9,0,NaN,NaN,NaN,NaN,NaN,NaN,497765
1572328800,1.1129,1.11335,1.1108,1.1131,65564,42173.7,0,NaN,NaN,NaN,NaN,NaN,NaN,497765
1572357600,1.11305,1.11535,1.113,1.11465,60227,44357.4,0,NaN,NaN,NaN,NaN,NaN,NaN,509507
1572386400,1.1145,1.11485,1.114,1.11435,12575,42046.25,0,NaN,NaN,NaN,NaN,NaN,NaN,509507
1572415200,1.11435,1.1161,1.11355,1.11415,75456,43438,0,NaN,NaN,NaN,NaN,NaN,NaN,509507
1572444000,1.1142,1.1185,1.11135,1.11835,108896,48261.75,0,NaN,NaN,NaN,NaN,NaN,NaN,516863
1572472800,1.11855,1.1202,1.11835,1.1193,23603,46198.85,0,NaN,NaN,NaN,NaN,NaN,NaN,516863
1572501600,1.1193,1.12075,1.11735,1.11805,105934,48213.25,0,NaN,NaN,NaN,NaN,NaN,NaN,516863
1572530400,1.11805,1.11905,1.11635,1.11825,72208,50990.7,0,NaN,NaN,NaN,NaN,NaN,NaN,528160
1572559200,1.1184,1.11975,1.118,1.1195,15778,49199.65,0,NaN,NaN,NaN,NaN,NaN,NaN,528160
1572588000,1.11955,1.12,1.11585,1.1178,94091,51700.55,0,NaN,NaN,NaN,NaN,NaN,NaN,528160
1572616800,1.11785,1.1203,1.11785,1.11965,63826,54192.6,0,NaN,NaN,NaN,NaN,NaN,NaN,526492
1572822000,1.1196,1.12035,1.119,1.1198,15132,49510.1,0,NaN,NaN,NaN,NaN,NaN,NaN,526492
1572850800,1.11985,1.12055,1.1178,1.1178,81445,50550.45,0,NaN,NaN,NaN,NaN,NaN,NaN,526492
1572879600,1.11775,1.1187,1.11545,1.11575,51984,52610,0,NaN,NaN,NaN,NaN,NaN,NaN,530304
1572908400,1.11515,1.116,1.11415,1.11565,22663,50770.05,0,NaN,NaN,NaN,NaN,NaN,NaN,530304
1572937200,1.11565,1.1169,1.1115,1.11175,81018,52880.65,0,NaN,NaN,NaN,NaN,NaN,NaN,530304
1572966000,1.1117,1.1117,1.1092,1.11015,86358,56664.95,0,NaN,NaN,NaN,NaN,NaN,NaN,534478
1572994800,1.11015,1.1108,1.10945,1.11035,18762,54936.05,0,NaN,NaN,NaN,NaN,NaN,NaN,534478
1573023600,1.1104,1.1121,1.11,1.11105,64198,56603.45,0,NaN,NaN,NaN,NaN,NaN,NaN,534478
1573052400,1.11105,1.1114,1.10905,1.10945,46634,58317.6,0,NaN,NaN,NaN,NaN,NaN,NaN,534814
1573081200,1.10935,1.1096,1.108,1.1085,18342,55956.5,0,NaN,NaN,NaN,NaN,NaN,NaN,534814
1573110000,1.1085,1.1117,1.1084,1.10885,93000,57595.15,0,NaN,NaN,NaN,NaN,NaN,NaN,534814
1573138800,1.10885,1.10895,1.1061,1.10745,75882,60760.5,0,NaN,NaN,NaN,NaN,NaN,NaN,539128
1573167600,1.10755,1.10795,1.1071,1.1077,17003,57837.85,0,NaN,NaN,NaN,NaN,NaN,NaN,539128
1573196400,1.10775,1.1081,1.10495,1.10525,69861,55886.1,0,NaN,NaN,NaN,NaN,NaN,NaN,539128
1573225200,1.10525,1.1054,1.1042,1.1045,42675,56839.7,0,NaN,NaN,NaN,NaN,NaN,NaN,540551
1573426800,1.1044,1.105,1.10405,1.10495,15317,52308.85,0,NaN,NaN,NaN,NaN,NaN,NaN,540551
1573455600,1.105,1.1067,1.10455,1.10605,58326,51614.75,0,NaN,NaN,NaN,NaN,NaN,NaN,540551
1573484400,1.10605,1.10655,1.1055,1.1058,28485,52250.1,0,NaN,NaN,NaN,NaN,NaN,NaN,539908
1573513200,1.1057,1.10615,1.105,1.1057,14573,48274.2,0,NaN,NaN,NaN,NaN,NaN,NaN,539908
1573542000,1.10575,1.10615,1.10345,1.1038,64102,48288,0,NaN,NaN,NaN,NaN,NaN,NaN,539908
1573570800,1.10385,1.10435,1.10255,1.1032,46186,49840.7,0,NaN,NaN,NaN,NaN,NaN,NaN,540055
1573599600,1.10335,1.10395,1.1031,1.10365,18418,46689.35,0,NaN,NaN,NaN,NaN,NaN,NaN,540055
1573628400,1.10365,1.1043,1.10215,1.1035,78781,48029.2,0,NaN,NaN,NaN,NaN,NaN,NaN,540055
1573657200,1.10355,1.1038,1.1018,1.1029,51784,49485.25,0,NaN,NaN,NaN,NaN,NaN,NaN,541832
1573686000,1.1029,1.1032,1.10145,1.10155,15757,46222.2,0,NaN,NaN,NaN,NaN,NaN,NaN,541832
1573714800,1.10155,1.10365,1.10095,1.10215,65461,45177.35,0,NaN,NaN,NaN,NaN,NaN,NaN,541832
1573743600,1.10215,1.10485,1.1013,1.1041,49682,46723.35,0,NaN,NaN,NaN,NaN,NaN,NaN,544854
1573772400,1.10405,1.10495,1.1038,1.1042,19300,44478.45,0,NaN,NaN,NaN,NaN,NaN,NaN,544854
1573801200,1.10425,1.1068,1.1034,1.10675,70220,45657.75,0,NaN,NaN,NaN,NaN,NaN,NaN,544854
1573830000,1.1067,1.10765,1.1063,1.10715,49540,47217.65,0,NaN,NaN,NaN,NaN,NaN,NaN,549626
1574031600,1.1072,1.10835,1.10705,1.1081,16366,43385.95,0,NaN,NaN,NaN,NaN,NaN,NaN,549626
1574060400,1.10805,1.10895,1.1073,1.10865,63924,42788.05,0,NaN,NaN,NaN,NaN,NaN,NaN,549626
1574089200,1.10865,1.11095,1.10835,1.10915,51345,44505.15,0,NaN,NaN,NaN,NaN,NaN,NaN,547017
1574118000,1.109,1.10995,1.1081,1.1097,20349,42029.55,0,NaN,NaN,NaN,NaN,NaN,NaN,547017
1574146800,1.1097,1.11015,1.10825,1.1092,54253,42608.45,0,NaN,NaN,NaN,NaN,NaN,NaN,547017
1574175600,1.10915,1.1102,1.10905,1.10965,37728,43729,0,NaN,NaN,NaN,NaN,NaN,NaN,549446
1574204400,1.10945,1.10975,1.10875,1.1088,18994,41762.4,0,NaN,NaN,NaN,NaN,NaN,NaN,549446
1574233200,1.10875,1.10975,1.10705,1.1096,76172,44146.75,0,NaN,NaN,NaN,NaN,NaN,NaN,549446
1574262000,1.1096,1.1099,1.1078,1.109,59754,46405.8,0,NaN,NaN,NaN,NaN,NaN,NaN,552479
1574290800,1.10915,1.1095,1.1088,1.10905,15646,43983,0,NaN,NaN,NaN,NaN,NaN,NaN,552479
1574319600,1.10895,1.1113,1.1086,1.1096,74270,45387.2,0,NaN,NaN,NaN,NaN,NaN,NaN,552479
1574348400,1.1096,1.1098,1.1067,1.1074,55917,47262.15,0,NaN,NaN,NaN,NaN,NaN,NaN,550367
1574377200,1.1076,1.1087,1.10755,1.1085,12624,43954.3,0,NaN,NaN,NaN,NaN,NaN,NaN,550367
1574406000,1.1085,1.11115,1.10575,1.10605,91770,45953.6,0,NaN,NaN,NaN,NaN,NaN,NaN,550367
1574434800,1.10605,1.1061,1.1029,1.1034,57029,48017.2,0,NaN,NaN,NaN,NaN,NaN,NaN,550308
1574636400,1.10355,1.10445,1.10325,1.104,17327,45610.5,0,NaN,NaN,NaN,NaN,NaN,NaN,550308
1574665200,1.104,1.1047,1.10175,1.10355,69689,46610.85,0,NaN,NaN,NaN,NaN,NaN,NaN,550308
1574694000,1.10355,1.10395,1.10185,1.1027,48033,48047.5,0,NaN,NaN,NaN,NaN,NaN,NaN,547061
1574722800,1.10265,1.103,1.102,1.10265,14380,45255.5,0,NaN,NaN,NaN,NaN,NaN,NaN,547061
1574751600,1.10265,1.1038,1.1021,1.1024,53591,45458.05,0,NaN,NaN,NaN,NaN,NaN,NaN,547061
1574780400,1.10245,1.10385,1.102,1.1034,40332,46656.35,0,NaN,NaN,NaN,NaN,NaN,NaN,545089
1574809200,1.1035,1.1037,1.1021,1.10245,13446,44132.45,0,NaN,NaN,NaN,NaN,NaN,NaN,545089
1574838000,1.10245,1.10265,1.10045,1.10085,73434,45236.9,0,NaN,NaN,NaN,NaN,NaN,NaN,545089
1574866800,1.10085,1.102,1.1006,1.1012,52190,46828.95,0,NaN,NaN,NaN,NaN,NaN,NaN,548894
1574895600,1.1016,1.10205,1.1014,1.1018,11012,44666.9,0,NaN,NaN,NaN,NaN,NaN,NaN,548894
1574924400,1.1018,1.10285,1.1011,1.1016,37207,44640.85,0,NaN,NaN,NaN,NaN,NaN,NaN,548894
1574953200,1.1016,1.10205,1.10125,1.10185,6548,44018.55,0,NaN,NaN,NaN,NaN,NaN,NaN,548894
1574982000,1.10195,1.10225,1.1018,1.1019,13408,40880.35,0,NaN,NaN,NaN,NaN,NaN,NaN,548894
1575010800,1.1019,1.10235,1.09905,1.101,68786,41331.95,0,NaN,NaN,NaN,NaN,NaN,NaN,548894
1575039600,1.10105,1.10385,1.1009,1.1032,53156,43207.45,0,NaN,NaN,NaN,NaN,NaN,NaN,547482
1575241200,1.10295,1.1031,1.10245,1.1026,14184,40203.15,0,NaN,NaN,NaN,NaN,NaN,NaN,547482
1575270000,1.10265,1.1056,1.1012,1.1054,90024,41908.5,0,NaN,NaN,NaN,NaN,NaN,NaN,547482
1575298800,1.10545,1.11,1.10545,1.10885,119055,47230.05,0,NaN,NaN,NaN,NaN,NaN,NaN,544676
1575327600,1.10865,1.1087,1.108,1.1087,16772,43480.15,0,NaN,NaN,NaN,NaN,NaN,NaN,544676
1575356400,1.10875,1.10965,1.10745,1.1091,85024,44879.9,0,NaN,NaN,NaN,NaN,NaN,NaN,544676
1575385200,1.1091,1.1103,1.10845,1.109,55695,46798.3,0,NaN,NaN,NaN,NaN,NaN,NaN,536139
1575414000,1.10895,1.10925,1.10815,1.1083,16717,44149.7,0,NaN,NaN,NaN,NaN,NaN,NaN,536139
1575442800,1.10835,1.11175,1.10745,1.1108,110663,47281.2,0,NaN,NaN,NaN,NaN,NaN,NaN,536139
1575471600,1.1108,1.1124,1.10755,1.10845,76459,50385.15,0,NaN,NaN,NaN,NaN,NaN,NaN,530138
1575500400,1.1083,1.10925,1.1083,1.10885,16107,48510.95,0,NaN,NaN,NaN,NaN,NaN,NaN,530138
1575529200,1.10885,1.11105,1.1085,1.1106,78116,50400.15,0,NaN,NaN,NaN,NaN,NaN,NaN,530138
1575558000,1.1106,1.1114,1.1096,1.111,54060,52430.85,0,NaN,NaN,NaN,NaN,NaN,NaN,525396
1575586800,1.11095,1.11145,1.1108,1.111,13238,49421.05,0,NaN,NaN,NaN,NaN,NaN,NaN,525396
1575615600,1.11095,1.1115,1.1062,1.10625,96317,51627.4,0,NaN,NaN,NaN,NaN,NaN,NaN,525396
1575644400,1.10625,1.10705,1.10445,1.10675,70453,54599.45,0,NaN,NaN,NaN,NaN,NaN,NaN,513987
1575846000,1.1063,1.10685,1.1058,1.1066,17031,53590.65,0,NaN,NaN,NaN,NaN,NaN,NaN,513987
1575874800,1.1066,1.1083,1.10655,1.1077,53546,55940.55,0,NaN,NaN,NaN,NaN,NaN,NaN,513987
1575903600,1.1077,1.108,1.1059,1.1068,39374,57238.85,0,NaN,NaN,NaN,NaN,NaN,NaN,485650
1575932400,1.1068,1.1075,1.1067,1.10695,9786,54288.85,0,NaN,NaN,NaN,NaN,NaN,NaN,485650
1575961200,1.1069,1.1089,1.1069,1.10845,65500,54906.05,0,NaN,NaN,NaN,NaN,NaN,NaN,485650
1575990000,1.10845,1.1102,1.1078,1.10965,54376,56915.65,0,NaN,NaN,NaN,NaN,NaN,NaN,408099
1576018800,1.1096,1.10995,1.1089,1.109,12927,53060.8,0,NaN,NaN,NaN,NaN,NaN,NaN,408099
1576047600,1.109,1.1101,1.10735,1.1094,78453,51030.7,0,NaN,NaN,NaN,NaN,NaN,NaN,408099
1576076400,1.1094,1.11485,1.1086,1.11335,86385,54511.35,0,NaN,NaN,NaN,NaN,NaN,NaN,197982
1576105200,1.11345,1.11455,1.1133,1.11375,13357,50928,0,NaN,NaN,NaN,NaN,NaN,NaN,197982
1576134000,1.1138,1.1156,1.1122,1.1126,96660,52976.25,0,NaN,NaN,NaN,NaN,NaN,NaN,197982
1576162800,1.11265,1.1138,1.1104,1.11335,65841,55432.45,0,NaN,NaN,NaN,NaN,NaN,NaN,81150
1576191600,1.125,1.12635,1.1233,1.1237,37146,51756.6,0,NaN,NaN,NaN,NaN,NaN,NaN,81150
1576220400,1.1237,1.12555,1.12175,1.1222,111505,53508.9,0,NaN,NaN,NaN,NaN,NaN,NaN,81150
1576249200,1.12225,1.1237,1.11815,1.119,79065,56656.8,0,NaN,NaN,NaN,NaN,NaN,NaN,525303
1576450800,1.1197,1.1212,1.11915,1.12115,17259,53613.95,0,NaN,NaN,NaN,NaN,NaN,NaN,525303
1576479600,1.12115,1.12245,1.11955,1.12195,84195,55120.7,0,NaN,NaN,NaN,NaN,NaN,NaN,525303
1576508400,1.12195,1.12275,1.12045,1.12135,50442,56980.9,0,NaN,NaN,NaN,NaN,NaN,NaN,535818
1576537200,1.121,1.1218,1.1203,1.12145,16904,53010.25,0,NaN,NaN,NaN,NaN,NaN,NaN,535818
1576566000,1.12145,1.1244,1.11985,1.12195,89015,53938.35,0,NaN,NaN,NaN,NaN,NaN,NaN,535818
1576594800,1.122,1.12275,1.1214,1.122,48862,55529.9,0,NaN,NaN,NaN,NaN,NaN,NaN,534631
1576623600,1.12205,1.12215,1.11975,1.1207,17140,53709.6,0,NaN,NaN,NaN,NaN,NaN,NaN,534631
1576652400,1.1207,1.1211,1.1178,1.11845,81510,55816.4,0,NaN,NaN,NaN,NaN,NaN,NaN,534631
1576681200,1.11845,1.1203,1.11795,1.1181,56093,58131.75,0,NaN,NaN,NaN,NaN,NaN,NaN,532013
1576710000,1.11835,1.1198,1.118,1.11955,14857,55599.6,0,NaN,NaN,NaN,NaN,NaN,NaN,532013
1576738800,1.11955,1.12095,1.11755,1.1188,83933,57077.45,0,NaN,NaN,NaN,NaN,NaN,NaN,532013
1576767600,1.1188,1.11955,1.11725,1.1186,49380,58900.1,0,NaN,NaN,NaN,NaN,NaN,NaN,529665
1576796400,1.1187,1.1189,1.1177,1.11795,12342,55594.55,0,NaN,NaN,NaN,NaN,NaN,NaN,529665
1576825200,1.118,1.11865,1.1146,1.11485,72926,54921.6,0,NaN,NaN,NaN,NaN,NaN,NaN,529665
1576854000,1.11485,1.11525,1.11305,1.1141,53427,56925.1,0,NaN,NaN,NaN,NaN,NaN,NaN,530451
1577055600,1.11405,1.11485,1.1135,1.11465,12341,52709.15,0,NaN,NaN,NaN,NaN,NaN,NaN,530451
1577084400,1.1146,1.11515,1.11325,1.11505,59348,52384.5,0,NaN,NaN,NaN,NaN,NaN,NaN,530451
1577113200,1.115,1.1159,1.1148,1.1152,32845,52169.45,0,NaN,NaN,NaN,NaN,NaN,NaN,530407
1577142000,1.11515,1.1155,1.1146,1.1149,6416,46915,0,NaN,NaN,NaN,NaN,NaN,NaN,530407
1577170800,1.1148,1.11495,1.113,1.11435,28380,44380.75,0,NaN,NaN,NaN,NaN,NaN,NaN,530407
1577199600,1.11435,1.1156,1.1142,1.11465,9990,44017.3,0,NaN,NaN,NaN,NaN,NaN,NaN,533013
1577314800,1.1154,1.11575,1.1148,1.11485,7303,40172.7,0,NaN,NaN,NaN,NaN,NaN,NaN,533013
1577343600,1.1148,1.1163,1.1144,1.11535,18073,38554.25,0,NaN,NaN,NaN,NaN,NaN,NaN,533013
1577372400,1.11535,1.1172,1.11525,1.11585,20758,38746.95,0,NaN,NaN,NaN,NaN,NaN,NaN,534190
1577401200,1.116,1.1183,1.1159,1.11805,16276,35110,0,NaN,NaN,NaN,NaN,NaN,NaN,534190
1577430000,1.11805,1.12215,1.118,1.12155,86198,36976.8,0,NaN,NaN,NaN,NaN,NaN,NaN,534190
1577458800,1.12155,1.12465,1.1215,1.12335,66484,39444,0,NaN,NaN,NaN,NaN,NaN,NaN,542304
1577660400,1.12375,1.1265,1.1234,1.12495,21361,36436.55,0,NaN,NaN,NaN,NaN,NaN,NaN,542304
1577689200,1.1249,1.1262,1.1235,1.126,74490,37356.4,0,NaN,NaN,NaN,NaN,NaN,NaN,542304
1577718000,1.126,1.1275,1.12505,1.12525,49106,39068.85,0,NaN,NaN,NaN,NaN,NaN,NaN,547488
1577746800,1.12565,1.12675,1.12515,1.1259,16672,35705.8,0,NaN,NaN,NaN,NaN,NaN,NaN,547488
1577775600,1.1259,1.1293,1.1256,1.12735,55659,36019.75,0,NaN,NaN,NaN,NaN,NaN,NaN,547488
1577804400,1.1274,1.1286,1.12635,1.1264,46545,37729.9,0,NaN,NaN,NaN,NaN,NaN,NaN,548605
1577919600,1.1267,1.12755,1.12515,1.12585,16175,34892.35,0,NaN,NaN,NaN,NaN,NaN,NaN,548605
1577948400,1.12585,1.12645,1.12195,1.1224,80316,36236.8,0,NaN,NaN,NaN,NaN,NaN,NaN,548605
1577977200,1.1224,1.12535,1.12135,1.12225,74879,39363.7,0,NaN,NaN,NaN,NaN,NaN,NaN,546027
1578006000,1.1222,1.1228,1.12135,1.12185,16545,37223.55,0,NaN,NaN,NaN,NaN,NaN,NaN,546027
1578034800,1.12185,1.1221,1.11735,1.12015,91320,40147.3,0,NaN,NaN,NaN,NaN,NaN,NaN,546027
1578063600,1.1202,1.1229,1.1201,1.12045,58452,42749.1,0,NaN,NaN,NaN,NaN,NaN,NaN,541895
1578265200,1.12085,1.122,1.1206,1.12095,18146,42237.4,0,NaN,NaN,NaN,NaN,NaN,NaN,541895
1578294000,1.1209,1.12545,1.12085,1.1232,77703,45623.05,0,NaN,NaN,NaN,NaN,NaN,NaN,541895
1578322800,1.12325,1.1248,1.123,1.1246,41513,47333.55,0,NaN,NaN,NaN,NaN,NaN,NaN,546912
1578351600,1.1246,1.12465,1.1229,1.123,16551,47257.45,0,NaN,NaN,NaN,NaN,NaN,NaN,546912
1578380400,1.123,1.12375,1.1194,1.11955,78517,50145.4,0,NaN,NaN,NaN,NaN,NaN,NaN,546912
1578409200,1.1195,1.1203,1.1181,1.1201,55625,52112.85,0,NaN,NaN,NaN,NaN,NaN,NaN,546993
1578438000,1.1198,1.12155,1.11925,1.1197,34507,49528.3,0,NaN,NaN,NaN,NaN,NaN,NaN,546993
1578466800,1.11975,1.1202,1.11585,1.11715,101757,51291.95,0,NaN,NaN,NaN,NaN,NaN,NaN,546993
1578495600,1.11715,1.1178,1.11485,1.11515,69365,53692.15,0,NaN,NaN,NaN,NaN,NaN,NaN,550271
1578524400,1.1153,1.1164,1.1152,1.11575,15630,50749.15,0,NaN,NaN,NaN,NaN,NaN,NaN,550271
1578553200,1.11575,1.11655,1.1142,1.11535,79335,52260.6,0,NaN,NaN,NaN,NaN,NaN,NaN,550271
1578582000,1.1153,1.11565,1.1137,1.1151,48976,53875.8,0,NaN,NaN,NaN,NaN,NaN,NaN,552631
1578610800,1.11515,1.11555,1.11465,1.11535,13754,51780.55,0,NaN,NaN,NaN,NaN,NaN,NaN,552631
1578639600,1.1154,1.11585,1.1129,1.1145,92866,54096.6,0,NaN,NaN,NaN,NaN,NaN,NaN,552631
1578668400,1.11445,1.11735,1.11425,1.1167,52828,55929.25,0,NaN,NaN,NaN,NaN,NaN,NaN,551578
1578870000,1.11615,1.11755,1.1158,1.1172,12764,52551.65,0,NaN,NaN,NaN,NaN,NaN,NaN,551578
1578898800,1.1172,1.118,1.11565,1.11675,60925,51853.95,0,NaN,NaN,NaN,NaN,NaN,NaN,551578
1578927600,1.11675,1.11905,1.11645,1.1177,43901,53221.75,0,NaN,NaN,NaN,NaN,NaN,NaN,556365
1578956400,1.11775,1.11875,1.11735,1.11875,17215,49516.5,0,NaN,NaN,NaN,NaN,NaN,NaN,556365
1578985200,1.1187,1.1187,1.11465,1.1164,72423,50215.05,0,NaN,NaN,NaN,NaN,NaN,NaN,556365
1579014000,1.1164,1.1178,1.11565,1.1169,49056,51760.55,0,NaN,NaN,NaN,NaN,NaN,NaN,555335
1579042800,1.1169,1.1178,1.1168,1.1177,11728,48461.8,0,NaN,NaN,NaN,NaN,NaN,NaN,555335
1579071600,1.1177,1.12055,1.116,1.1194,83671,50569.7,0,NaN,NaN,NaN,NaN,NaN,NaN,555335
1579100400,1.1194,1.12035,1.1185,1.11915,47136,52098.95,0,NaN,NaN,NaN,NaN,NaN,NaN,559962
1579129200,1.1192,1.11975,1.11835,1.11895,11167,48731.45,0,NaN,NaN,NaN,NaN,NaN,NaN,559962
1579158000,1.1189,1.12125,1.118,1.11805,75287,49714.55,0,NaN,NaN,NaN,NaN,NaN,NaN,559962
1579186800,1.11805,1.1186,1.11665,1.1175,60397,51009.05,0,NaN,NaN,NaN,NaN,NaN,NaN,557346
1579215600,1.1176,1.1182,1.117,1.1179,13145,46578.45,0,NaN,NaN,NaN,NaN,NaN,NaN,557346
1579244400,1.11785,1.11805,1.11345,1.11385,74334,46826.9,0,NaN,NaN,NaN,NaN,NaN,NaN,557346
1579273200,1.11395,1.11415,1.1125,1.1129,54442,48767.5,0,NaN,NaN,NaN,NaN,NaN,NaN,561103
1579474800,1.1129,1.11395,1.1127,1.1139,12183,45409.9,0,NaN,NaN,NaN,NaN,NaN,NaN,561103
1579503600,1.11385,1.11405,1.11175,1.11205,46047,45263.45,0,NaN,NaN,NaN,NaN,NaN,NaN,561103
1579532400,1.11205,1.1125,1.1115,1.1121,11823,45166.9,0,NaN,NaN,NaN,NaN,NaN,NaN,561103
1579561200,1.1133,1.1137,1.11265,1.11315,19232,41485.2,0,NaN,NaN,NaN,NaN,NaN,NaN,561103
1579590000,1.11315,1.1156,1.1123,1.11405,94970,43592.3,0,NaN,NaN,NaN,NaN,NaN,NaN,561103
1579618800,1.11405,1.11415,1.11185,1.1119,56240,45766.1,0,NaN,NaN,NaN,NaN,NaN,NaN,565883
1579647600,1.11185,1.1124,1.1114,1.112,16422,43540.95,0,NaN,NaN,NaN,NaN,NaN,NaN,565883
1579676400,1.11195,1.11355,1.11085,1.11105,85822,45637,0,NaN,NaN,NaN,NaN,NaN,NaN,565883
1579705200,1.11105,1.11325,1.11065,1.11305,65165,48034.5,0,NaN,NaN,NaN,NaN,NaN,NaN,564464
1579734000,1.1128,1.1135,1.1114,1.112,19420,45384.35,0,NaN,NaN,NaN,NaN,NaN,NaN,564464
1579762800,1.112,1.1144,1.1094,1.11035,122926,49077.85,0,NaN,NaN,NaN,NaN,NaN,NaN,564464
1579791600,1.11035,1.1106,1.10705,1.10905,83501,52666.5,0,NaN,NaN,NaN,NaN,NaN,NaN,572614
1579820400,1.1089,1.10905,1.10785,1.10845,14209,49193.4,0,NaN,NaN,NaN,NaN,NaN,NaN,572614
1579849200,1.10845,1.1101,1.10585,1.10645,88682,51270.7,0,NaN,NaN,NaN,NaN,NaN,NaN,572614
1579878000,1.10645,1.10695,1.1051,1.10575,51391,53281.9,0,NaN,NaN,NaN,NaN,NaN,NaN,574257
1580079600,1.10625,1.1069,1.10575,1.10605,17886,50411.85,0,NaN,NaN,NaN,NaN,NaN,NaN,574257
1580108400,1.1061,1.1071,1.1048,1.10505,88085,51796.25,0,NaN,NaN,NaN,NaN,NaN,NaN,574257
1580137200,1.10505,1.10565,1.10425,1.1052,49782,53628.1,0,NaN,NaN,NaN,NaN,NaN,NaN,580115
1580166000,1.1051,1.1058,1.10495,1.1052,11661,50494.45,0,NaN,NaN,NaN,NaN,NaN,NaN,580115
1580194800,1.1052,1.10555,1.10325,1.1037,72713,51408,0,NaN,NaN,NaN,NaN,NaN,NaN,580115
1580223600,1.10365,1.10555,1.103,1.10545,54609,53529.3,0,NaN,NaN,NaN,NaN,NaN,NaN,585004
1580252400,1.10525,1.106,1.1043,1.1047,16407,52047.3,0,NaN,NaN,NaN,NaN,NaN,NaN,585004
1580281200,1.1047,1.1047,1.1024,1.10275,72739,55093.1,0,NaN,NaN,NaN,NaN,NaN,NaN,585004
1580310000,1.10275,1.1053,1.1026,1.1041,72001,57731.55,0,NaN,NaN,NaN,NaN,NaN,NaN,586968
1580338800,1.10415,1.1048,1.10385,1.10395,15874,53776.75,0,NaN,NaN,NaN,NaN,NaN,NaN,586968
1580367600,1.1039,1.10615,1.10365,1.10555,81463,55037.9,0,NaN,NaN,NaN,NaN,NaN,NaN,586968
1580396400,1.10555,1.10685,1.10525,1.10605,65787,57506.15,0,NaN,NaN,NaN,NaN,NaN,NaN,586459
1580425200,1.1062,1.10625,1.10475,1.10495,16622,54046.15,0,NaN,NaN,NaN,NaN,NaN,NaN,586459
1580454000,1.10495,1.1097,1.10455,1.1092,87697,55172.75,0,NaN,NaN,NaN,NaN,NaN,NaN,586459
1580482800,1.1092,1.1125,1.1085,1.1124,119056,60154.55,0,NaN,NaN,NaN,NaN,NaN,NaN,578656
1580684400,1.11165,1.112,1.11085,1.1111,20774,55046.95,0,NaN,NaN,NaN,NaN,NaN,NaN,578656
1580713200,1.1111,1.1113,1.1073,1.1076,90666,55405.2,0,NaN,NaN,NaN,NaN,NaN,NaN,578656
1580742000,1.10755,1.1095,1.1061,1.1089,66371,58013.3,0,NaN,NaN,NaN,NaN,NaN,NaN,577178
1580770800,1.10875,1.1092,1.1083,1.1087,16905,54424.45,0,NaN,NaN,NaN,NaN,NaN,NaN,577178
1580799600,1.10865,1.10895,1.10685,1.1072,64183,55064.05,0,NaN,NaN,NaN,NaN,NaN,NaN,577178
1580828400,1.1072,1.10755,1.10605,1.1072,62121,57275.8,0,NaN,NaN,NaN,NaN,NaN,NaN,580140
1580857200,1.10715,1.1073,1.10605,1.1063,14166,53579.85,0,NaN,NaN,NaN,NaN,NaN,NaN,580140
1580886000,1.1063,1.10745,1.1026,1.10295,110473,56614.4,0,NaN,NaN,NaN,NaN,NaN,NaN,580140
1580914800,1.10295,1.10365,1.102,1.1025,71231,59592.9,0,NaN,NaN,NaN,NaN,NaN,NaN,587777
1580943600,1.10245,1.10265,1.1019,1.1025,17090,56811.75,0,NaN,NaN,NaN,NaN,NaN,NaN,587777
1580972400,1.1025,1.10385,1.1013,1.1013,86853,58423.95,0,NaN,NaN,NaN,NaN,NaN,NaN,587777
1581001200,1.1013,1.1016,1.0989,1.1006,69630,61085.1,0,NaN,NaN,NaN,NaN,NaN,NaN,593382
1581030000,1.10035,1.10085,1.1001,1.10015,12960,58096.15,0,NaN,NaN,NaN,NaN,NaN,NaN,593382
1581058800,1.1002,1.1002,1.09715,1.09955,106282,59810.2,0,NaN,NaN,NaN,NaN,NaN,NaN,593382
1581087600,1.09955,1.10005,1.0966,1.0968,69242,62478.6,0,NaN,NaN,NaN,NaN,NaN,NaN,593689
1581289200,1.0968,1.0981,1.0966,1.09745,16255,59218.2,0,NaN,NaN,NaN,NaN,NaN,NaN,593689
1581318000,1.0975,1.0978,1.095,1.09505,78979,59877.8,0,NaN,NaN,NaN,NaN,NaN,NaN,593689
1581346800,1.095,1.09615,1.09305,1.09345,58105,61951.95,0,NaN,NaN,NaN,NaN,NaN,NaN,592751
1581375600,1.09335,1.09395,1.093,1.09335,14627,58298.45,0,NaN,NaN,NaN,NaN,NaN,NaN,592751
1581404400,1.0934,1.09455,1.09135,1.0943,92984,56994.85,0,NaN,NaN,NaN,NaN,NaN,NaN,592751
1581433200,1.0943,1.09475,1.0934,1.0938,59692,58940.75,0,NaN,NaN,NaN,NaN,NaN,NaN,595604
1581462000,1.094,1.09415,1.0927,1.09275,15994,55207.15,0,NaN,NaN,NaN,NaN,NaN,NaN,595604
1581490800,1.09275,1.09475,1.0921,1.0926,78288,55803,0,NaN,NaN,NaN,NaN,NaN,NaN,595604
1581519600,1.0926,1.0927,1.0887,1.0895,90491,59482.3,0,NaN,NaN,NaN,NaN,NaN,NaN,600521
1581548400,1.0892,1.08955,1.0884,1.08905,19617,57254,0,NaN,NaN,NaN,NaN,NaN,NaN,600521
1581577200,1.08905,1.0908,1.0867,1.08745,108302,59563.05,0,NaN,NaN,NaN,NaN,NaN,NaN,600521
1581606000,1.08745,1.08775,1.08525,1.08595,67353,62222.4,0,NaN,NaN,NaN,NaN,NaN,NaN,604460
1581634800,1.0859,1.0861,1.0846,1.0855,18762,57636.85,0,NaN,NaN,NaN,NaN,NaN,NaN,604460
1581663600,1.08545,1.08805,1.08515,1.0876,86210,58385.8,0,NaN,NaN,NaN,NaN,NaN,NaN,604460
1581692400,1.0876,1.0878,1.08485,1.08505,56404,60351.5,0,NaN,NaN,NaN,NaN,NaN,NaN,604791
1581894000,1.0857,1.086,1.0852,1.08535,12431,56630.4,0,NaN,NaN,NaN,NaN,NaN,NaN,604791
1581922800,1.0854,1.08695,1.085,1.0857,58599,56078.85,0,NaN,NaN,NaN,NaN,NaN,NaN,604791
1581951600,1.0857,1.08585,1.08475,1.085,13770,56119.35,0,NaN,NaN,NaN,NaN,NaN,NaN,604791
1581980400,1.08535,1.0855,1.08405,1.08475,20087,51809.6,0,NaN,NaN,NaN,NaN,NaN,NaN,604791
1582009200,1.08475,1.0855,1.08025,1.08255,128012,54748.1,0,NaN,NaN,NaN,NaN,NaN,NaN,604791
1582038000,1.08255,1.0844,1.08075,1.0809,69533,57412,0,NaN,NaN,NaN,NaN,NaN,NaN,600965
1582066800,1.081,1.0821,1.08085,1.08155,15826,54254.35,0,NaN,NaN,NaN,NaN,NaN,NaN,600965
1582095600,1.0815,1.08255,1.08005,1.0804,88998,55799,0,NaN,NaN,NaN,NaN,NaN,NaN,600965
1582124400,1.08045,1.0829,1.0799,1.08235,73441,58739.7,0,NaN,NaN,NaN,NaN,NaN,NaN,603333
1582153200,1.0822,1.08305,1.08025,1.0804,28349,55507.95,0,NaN,NaN,NaN,NaN,NaN,NaN,603333
1582182000,1.0804,1.08365,1.0793,1.0832,123981,58722.4,0,NaN,NaN,NaN,NaN,NaN,NaN,603333
1582210800,1.0832,1.0835,1.0797,1.0799,73476,61596.5,0,NaN,NaN,NaN,NaN,NaN,NaN,599438
1582239600,1.0798,1.08095,1.07975,1.0805,16573,58510.75,0,NaN,NaN,NaN,NaN,NaN,NaN,599438
1582268400,1.0805,1.0861,1.08045,1.0852,133788,60675.6,0,NaN,NaN,NaN,NaN,NaN,NaN,599438
1582297200,1.0852,1.08785,1.0852,1.08615,98614,64625.45,0,NaN,NaN,NaN,NaN,NaN,NaN,604315
1582498800,1.0845,1.08565,1.0829,1.08305,24911,60455.9,0,NaN,NaN,NaN,NaN,NaN,NaN,604315
1582527600,1.0831,1.0867,1.0819,1.0863,131622,63669.35,0,NaN,NaN,NaN,NaN,NaN,NaN,604315
1582556400,1.08635,1.0887,1.0855,1.0867,94372,67449.85,0,NaN,NaN,NaN,NaN,NaN,NaN,602955
1582585200,1.0867,1.0881,1.08585,1.0865,24852,64381.95,0,NaN,NaN,NaN,NaN,NaN,NaN,602955
1582614000,1.08655,1.08795,1.0843,1.08495,106864,66904.95,0,NaN,NaN,NaN,NaN,NaN,NaN,602955
1582642800,1.08495,1.09035,1.08465,1.08945,111991,71882.95,0,NaN,NaN,NaN,NaN,NaN,NaN,600039
1582671600,1.08945,1.08945,1.0875,1.0887,25163,70211.15,0,NaN,NaN,NaN,NaN,NaN,NaN,600039
1582700400,1.08875,1.09215,1.08675,1.08725,152589,77152.1,0,NaN,NaN,NaN,NaN,NaN,NaN,600039
1582729200,1.08725,1.0913,1.08695,1.08935,85188,80407.15,0,NaN,NaN,NaN,NaN,NaN,NaN,589191
1582758000,1.08935,1.09285,1.089,1.0922,26690,75341.05,0,NaN,NaN,NaN,NaN,NaN,NaN,589191
1582786800,1.09215,1.09965,1.0919,1.0988,179888,80858.8,0,NaN,NaN,NaN,NaN,NaN,NaN,589191
1582815600,1.09875,1.1018,1.09755,1.10115,133888,86761.9,0,NaN,NaN,NaN,NaN,NaN,NaN,594290
1582844400,1.1014,1.10185,1.09925,1.10115,33724,83998.2,0,NaN,NaN,NaN,NaN,NaN,NaN,594290
1582873200,1.10115,1.10635,1.09615,1.0977,198672,90259.75,0,NaN,NaN,NaN,NaN,NaN,NaN,594290
1582902000,1.09765,1.10575,1.09655,1.1039,151861,96435.35,0,NaN,NaN,NaN,NaN,NaN,NaN,585534
1583103600,1.1064,1.10845,1.10465,1.10515,38171,92144.85,0,NaN,NaN,NaN,NaN,NaN,NaN,585534
1583132400,1.10515,1.1175,1.10495,1.11365,207440,98843.05,0,NaN,NaN,NaN,NaN,NaN,NaN,585534
1583161200,1.11365,1.11945,1.11215,1.11435,136819,104855.35,0,NaN,NaN,NaN,NaN,NaN,NaN,581944
1583190000,1.11545,1.1165,1.11295,1.1155,30530,99692.45,0,NaN,NaN,NaN,NaN,NaN,NaN,581944
1583218800,1.1155,1.1156,1.1104,1.11345,150967,102310.1,0,NaN,NaN,NaN,NaN,NaN,NaN,581944
1583247600,1.1135,1.1221,1.1135,1.1179,138578,107993.45,0,NaN,NaN,NaN,NaN,NaN,NaN,575549
1583276400,1.1183,1.11925,1.11505,1.1161,23678,102596.25,0,NaN,NaN,NaN,NaN,NaN,NaN,575549
1583305200,1.11605,1.1195,1.1103,1.11255,144220,105088.65,0,NaN,NaN,NaN,NaN,NaN,NaN,575549
1583334000,1.1125,1.1153,1.1108,1.11425,75225,107607.3,0,NaN,NaN,NaN,NaN,NaN,NaN,568080
1583362800,1.11395,1.1149,1.11365,1.1138,15196,103023.9,0,NaN,NaN,NaN,NaN,NaN,NaN,568080
1583391600,1.11385,1.12075,1.1125,1.11965,157642,105306.45,0,NaN,NaN,NaN,NaN,NaN,NaN,568080
1583420400,1.11965,1.12505,1.1172,1.12415,101761,109136.35,0,NaN,NaN,NaN,NaN,NaN,NaN,581073
1583449200,1.1239,1.12535,1.12155,1.1233,31051,103059.45,0,NaN,NaN,NaN,NaN,NaN,NaN,581073
1583478000,1.1233,1.13605,1.1229,1.13545,213163,109458.2,0,NaN,NaN,NaN,NaN,NaN,NaN,581073
1583506800,1.13545,1.136,1.129,1.129,118892,114068.3,0,NaN,NaN,NaN,NaN,NaN,NaN,579548
1583704800,1.13485,1.1502,1.1344,1.1387,98829,110015.35,0,NaN,NaN,NaN,NaN,NaN,NaN,579548
1583733600,1.13865,1.14895,1.13695,1.14065,146258,110633.85,0,NaN,NaN,NaN,NaN,NaN,NaN,579548
1583762400,1.1407,1.1484,1.14055,1.1446,112257,114560.5,0,NaN,NaN,NaN,NaN,NaN,NaN,554652
1583791200,1.1453,1.14625,1.13365,1.13445,39696,106611.7,0,NaN,NaN,NaN,NaN,NaN,NaN,554652
1583820000,1.1346,1.14065,1.13405,1.13765,121411,105089.2,0,NaN,NaN,NaN,NaN,NaN,NaN,554652
1583848800,1.1376,1.13895,1.1279,1.12855,163481,111354.7,0,NaN,NaN,NaN,NaN,NaN,NaN,473158
1583877600,1.1294,1.13545,1.1291,1.13535,19354,101950.4,0,NaN,NaN,NaN,NaN,NaN,NaN,473158
1583906400,1.13535,1.13695,1.1305,1.13475,102516,100235.25,0,NaN,NaN,NaN,NaN,NaN,NaN,473158
1583935200,1.1348,1.13515,1.12605,1.12735,83936,102905.55,0,NaN,NaN,NaN,NaN,NaN,NaN,299887
1583964000,1.12655,1.1336,1.12555,1.12945,32504,96982.4,0,NaN,NaN,NaN,NaN,NaN,NaN,299887
1583992800,1.1295,1.1321,1.12,1.12415,133527,96729.85,0,NaN,NaN,NaN,NaN,NaN,NaN,299887
1584021600,1.1241,1.12415,1.1056,1.11765,161563,103624.1,0,NaN,NaN,NaN,NaN,NaN,NaN,213579
1584050400,1.1207,1.12635,1.1195,1.1244,19746,97400.4,0,NaN,NaN,NaN,NaN,NaN,NaN,213579
1584079200,1.12445,1.12605,1.115,1.1174,90725,98175.4,0,NaN,NaN,NaN,NaN,NaN,NaN,213579
1584108000,1.11735,1.1185,1.111,1.1138,87182,101774.7,0,NaN,NaN,NaN,NaN,NaN,NaN,578855
1584309600,1.1214,1.12705,1.1128,1.1163,30078,95396.5,0,NaN,NaN,NaN,NaN,NaN,NaN,578855
1584338400,1.1163,1.1278,1.11615,1.12075,101089,95362.9,0,NaN,NaN,NaN,NaN,NaN,NaN,578855
1584367200,1.1207,1.12425,1.11505,1.12395,62251,96922.9,0,NaN,NaN,NaN,NaN,NaN,NaN,583195
1584396000,1.12435,1.1244,1.1213,1.12185,14386,86984.05,0,NaN,NaN,NaN,NaN,NaN,NaN,583195
1584424800,1.12185,1.12235,1.10295,1.1052,100936,86086.25,0,NaN,NaN,NaN,NaN,NaN,NaN,583195
1584453600,1.10515,1.10715,1.1005,1.104,77931,85041.35,0,NaN,NaN,NaN,NaN,NaN,NaN,578472
1584482400,1.10515,1.10945,1.1028,1.109,16079,78532.4,0,NaN,NaN,NaN,NaN,NaN,NaN,578472
1584511200,1.109,1.109,1.0937,1.0951,99940,77916.55,0,NaN,NaN,NaN,NaN,NaN,NaN,578472
1584540000,1.09525,1.09725,1.085,1.09715,107775,81320.5,0,NaN,NaN,NaN,NaN,NaN,NaN,570980
1584568800,1.0972,1.10345,1.0931,1.09545,26871,76593.5,0,NaN,NaN,NaN,NaN,NaN,NaN,570980
1584597600,1.09555,1.10005,1.07815,1.0861,157693,76304.1,0,NaN,NaN,NaN,NaN,NaN,NaN,570980
1584626400,1.08605,1.08745,1.0707,1.0744,89907,79831.75,0,NaN,NaN,NaN,NaN,NaN,NaN,572292
1584655200,1.0714,1.08125,1.07015,1.07965,26414,76026.65,0,NaN,NaN,NaN,NaN,NaN,NaN,572292
1584684000,1.0797,1.08715,1.07205,1.07365,118661,77762.9,0,NaN,NaN,NaN,NaN,NaN,NaN,572292
1584712800,1.07365,1.079,1.0675,1.0734,102171,81246.25,0,NaN,NaN,NaN,NaN,NaN,NaN,569168
1584914400,1.07315,1.0795,1.0671,1.0788,29519,76045.85,0,NaN,NaN,NaN,NaN,NaN,NaN,569168
1584943200,1.0788,1.0851,1.07075,1.0836,108947,73415.05,0,NaN,NaN,NaN,NaN,NaN,NaN,569168
1584972000,1.0835,1.08715,1.0763,1.07725,79343,76394.9,0,NaN,NaN,NaN,NaN,NaN,NaN,565424
1585000800,1.0773,1.08665,1.07665,1.08215,22211,72969.2,0,NaN,NaN,NaN,NaN,NaN,NaN,565424
1585029600,1.08225,1.09315,1.08205,1.08545,98788,73549.5,0,NaN,NaN,NaN,NaN,NaN,NaN,565424
1585058400,1.08545,1.08645,1.07875,1.08285,73518,75721.5,0,NaN,NaN,NaN,NaN,NaN,NaN,558058
1585087200,1.0822,1.0863,1.08005,1.0856,19503,71642.2,0,NaN,NaN,NaN,NaN,NaN,NaN,558058
1585116000,1.08565,1.089,1.0833,1.0839,73997,72229.5,0,NaN,NaN,NaN,NaN,NaN,NaN,558058
1585144800,1.0839,1.09345,1.08245,1.0921,77780,75399.2,0,NaN,NaN,NaN,NaN,NaN,NaN,548213
1585173600,1.0923,1.09705,1.0909,1.0946,16966,71200.7,0,NaN,NaN,NaN,NaN,NaN,NaN,548213
1585202400,1.0946,1.1028,1.09335,1.1012,85807,71594.5,0,NaN,NaN,NaN,NaN,NaN,NaN,548213
1585231200,1.1012,1.1096,1.09895,1.10685,99573,75769.2,0,NaN,NaN,NaN,NaN,NaN,NaN,546282
1585260000,1.107,1.1124,1.10615,1.11095,20442,71794.3,0,NaN,NaN,NaN,NaN,NaN,NaN,546282
1585288800,1.11095,1.1111,1.0991,1.102,79226,70366.85,0,NaN,NaN,NaN,NaN,NaN,NaN,546282
1585317600,1.102,1.11875,1.10165,1.11815,97532,73899.9,0,NaN,NaN,NaN,NaN,NaN,NaN,543632
1585519200,1.1165,1.11835,1.1106,1.11385,21701,67100.3,0,NaN,NaN,NaN,NaN,NaN,NaN,543632
1585548000,1.1138,1.1145,1.10465,1.1068,68145,66012.2,0,NaN,NaN,NaN,NaN,NaN,NaN,543632
1585576800,1.1068,1.1092,1.10475,1.10815,51143,67248.65,0,NaN,NaN,NaN,NaN,NaN,NaN,543955
1585605600,1.10815,1.10865,1.1018,1.1052,19240,62277.6,0,NaN,NaN,NaN,NaN,NaN,NaN,543955
1585634400,1.10525,1.10585,1.0959,1.0986,81116,61224.85,0,NaN,NaN,NaN,NaN,NaN,NaN,543955
1585663200,1.09865,1.10695,1.09755,1.10675,104963,64997.05,0,NaN,NaN,NaN,NaN,NaN,NaN,539699
1585692000,1.10625,1.10695,1.1037,1.1055,12499,60174.65,0,NaN,NaN,NaN,NaN,NaN,NaN,539699
1585720800,1.1055,1.10575,1.09455,1.0959,80920,60253.5,0,NaN,NaN,NaN,NaN,NaN,NaN,539699
1585749600,1.09585,1.09985,1.0931,1.09915,63250,62305.45,0,NaN,NaN,NaN,NaN,NaN,NaN,538833
1585778400,1.0979,1.09875,1.0956,1.09725,10593,57895.7,0,NaN,NaN,NaN,NaN,NaN,NaN,538833
1585807200,1.0972,1.09905,1.08645,1.08745,73181,57878.85,0,NaN,NaN,NaN,NaN,NaN,NaN,538833
1585836000,1.0875,1.0924,1.0844,1.0881,83773,61092.35,0,NaN,NaN,NaN,NaN,NaN,NaN,540136
1585864800,1.08805,1.08835,1.08565,1.08705,10701,57927.55,0,NaN,NaN,NaN,NaN,NaN,NaN,540136
1585893600,1.087,1.087,1.07985,1.08125,76003,57838.7,0,NaN,NaN,NaN,NaN,NaN,NaN,540136
1585922400,1.0812,1.08505,1.07955,1.08345,47017,59341.25,0,NaN,NaN,NaN,NaN,NaN,NaN,536742
1586124000,1.0835,1.0857,1.08205,1.0848,16031,55852.45,0,NaN,NaN,NaN,NaN,NaN,NaN,536742
1586152800,1.08485,1.0853,1.07915,1.08255,61258,53936.7,0,NaN,NaN,NaN,NaN,NaN,NaN,536742
1586181600,1.0825,1.08415,1.0801,1.0816,48754,55352.3,0,NaN,NaN,NaN,NaN,NaN,NaN,535161
1586210400,1.0816,1.08645,1.08075,1.0853,18191,52300.55,0,NaN,NaN,NaN,NaN,NaN,NaN,535161
1586239200,1.0853,1.09425,1.0847,1.0939,90303,51939.1,0,NaN,NaN,NaN,NaN,NaN,NaN,535161
1586268000,1.0939,1.09525,1.09005,1.0916,52251,53466.6,0,NaN,NaN,NaN,NaN,NaN,NaN,542595
1586296800,1.09155,1.09245,1.0881,1.09035,15548,50836.75,0,NaN,NaN,NaN,NaN,NaN,NaN,542595
1586325600,1.09035,1.091,1.0851,1.0902,70871,51823.15,0,NaN,NaN,NaN,NaN,NaN,NaN,542595
1586354400,1.0902,1.0908,1.0871,1.0877,43178,53020.05,0,NaN,NaN,NaN,NaN,NaN,NaN,541735
1586383200,1.08785,1.09015,1.0873,1.0876,12773,49602.9,0,NaN,NaN,NaN,NaN,NaN,NaN,541735
1586412000,1.08765,1.09625,1.08615,1.09515,89476,48828.55,0,NaN,NaN,NaN,NaN,NaN,NaN,541735
1586440800,1.0952,1.09715,1.0935,1.09485,60676,51237.4,0,NaN,NaN,NaN,NaN,NaN,NaN,542299
1586728800,1.09565,1.09635,1.09435,1.09535,11266,47754.7,0,NaN,NaN,NaN,NaN,NaN,NaN,542299
1586757600,1.09535,1.09865,1.0922,1.09305,31968,46190.6,0,NaN,NaN,NaN,NaN,NaN,NaN,542299
1586786400,1.093,1.09445,1.0912,1.09295,28576,47089.75,0,NaN,NaN,NaN,NaN,NaN,NaN,536797
1586815200,1.093,1.09675,1.0928,1.09575,14042,44132.8,0,NaN,NaN,NaN,NaN,NaN,NaN,536797
1586844000,1.09575,1.0994,1.0933,1.09785,57367,42812.5,0,NaN,NaN,NaN,NaN,NaN,NaN,536797
1586872800,1.09785,1.1005,1.0973,1.0999,48060,44680.45,0,NaN,NaN,NaN,NaN,NaN,NaN,535122
1586901600,1.1,1.1007,1.0979,1.098,9054,41333,0,NaN,NaN,NaN,NaN,NaN,NaN,535122
1586930400,1.09795,1.0985,1.08725,1.0886,75378,42751.05,0,NaN,NaN,NaN,NaN,NaN,NaN,535122
1586959200,1.0886,1.09555,1.0883,1.0927,55458,44722.4,0,NaN,NaN,NaN,NaN,NaN,NaN,534549
1586988000,1.0924,1.0927,1.088,1.09005,14436,42381.3,0,NaN,NaN,NaN,NaN,NaN,NaN,534549
1587016800,1.09,1.0921,1.08685,1.0895,63043,43095.75,0,NaN,NaN,NaN,NaN,NaN,NaN,534549
1587045600,1.08945,1.0905,1.0832,1.0857,59531,45162.75,0,NaN,NaN,NaN,NaN,NaN,NaN,536705
1587074400,1.0872,1.08945,1.0867,1.08815,16617,41478.45,0,NaN,NaN,NaN,NaN,NaN,NaN,536705
1587103200,1.0881,1.0905,1.0827,1.09015,68365,42284.15,0,NaN,NaN,NaN,NaN,NaN,NaN,536705
1587132000,1.09015,1.09095,1.0875,1.0891,43294,43671.45,0,NaN,NaN,NaN,NaN,NaN,NaN,535261
1587333600,1.0891,1.08915,1.08675,1.087,10871,40671.45,0,NaN,NaN,NaN,NaN,NaN,NaN,535261
1587362400,1.08695,1.0912,1.08555,1.08795,54513,41238.2,0,NaN,NaN,NaN,NaN,NaN,NaN,535261
1587391200,1.0879,1.0902,1.087,1.08775,35716,42385.35,0,NaN,NaN,NaN,NaN,NaN,NaN,537003
1587420000,1.08825,1.08825,1.08395,1.08555,14688,38645.95,0,NaN,NaN,NaN,NaN,NaN,NaN,537003
1587448800,1.08555,1.0889,1.08305,1.0885,68441,39034.2,0,NaN,NaN,NaN,NaN,NaN,NaN,537003
1587477600,1.0885,1.08955,1.08555,1.0872,51808,41061.3,0,NaN,NaN,NaN,NaN,NaN,NaN,538586
1587506400,1.0869,1.08745,1.0859,1.08695,11562,40041,0,NaN,NaN,NaN,NaN,NaN,NaN,538586
1587535200,1.08695,1.0899,1.0864,1.0865,57856,41505,0,NaN,NaN,NaN,NaN,NaN,NaN,538586
1587564000,1.08655,1.0869,1.0816,1.08375,47815,43193.65,0,NaN,NaN,NaN,NaN,NaN,NaN,541232
1587592800,1.0836,1.08465,1.0817,1.0842,11561,40903.35,0,NaN,NaN,NaN,NaN,NaN,NaN,541232
1587621600,1.0842,1.0847,1.0768,1.08065,76837,42342.2,0,NaN,NaN,NaN,NaN,NaN,NaN,541232
1587650400,1.08065,1.08595,1.0774,1.079,77030,45741,0,NaN,NaN,NaN,NaN,NaN,NaN,538665
1587679200,1.079,1.07925,1.07725,1.0775,10238,42484,0,NaN,NaN,NaN,NaN,NaN,NaN,538665
1587708000,1.07755,1.0823,1.0739,1.0809,71797,43300.95,0,NaN,NaN,NaN,NaN,NaN,NaN,538665
1587736800,1.08085,1.08425,1.0797,1.0838,46083,44883.3,0,NaN,NaN,NaN,NaN,NaN,NaN,535847
1587938400,1.08325,1.0868,1.08235,1.0859,15947,42528.5,0,NaN,NaN,NaN,NaN,NaN,NaN,535847
1587967200,1.08595,1.08725,1.08455,1.08595,44454,41774.65,0,NaN,NaN,NaN,NaN,NaN,NaN,535847
1587996000,1.08595,1.08595,1.0828,1.084,34101,42648.85,0,NaN,NaN,NaN,NaN,NaN,NaN,534364
1588024800,1.08415,1.0848,1.0828,1.0837,10360,39748.6,0,NaN,NaN,NaN,NaN,NaN,NaN,534364
1588053600,1.0837,1.09005,1.08205,1.0854,74018,41284.8,0,NaN,NaN,NaN,NaN,NaN,NaN,534364
1588082400,1.08545,1.0869,1.0829,1.0831,44212,42951.85,0,NaN,NaN,NaN,NaN,NaN,NaN,537029
1588111200,1.08325,1.08665,1.08305,1.08645,11662,40809.3,0,NaN,NaN,NaN,NaN,NaN,NaN,537029
1588140000,1.08655,1.0885,1.08495,1.0874,52943,41670.65,0,NaN,NaN,NaN,NaN,NaN,NaN,537029
1588168800,1.0874,1.0895,1.08525,1.08855,46106,43241.55,0,NaN,NaN,NaN,NaN,NaN,NaN,530482
1588197600,1.08835,1.08885,1.08605,1.0874,11461,40392.55,0,NaN,NaN,NaN,NaN,NaN,NaN,530482
1588226400,1.08735,1.09015,1.08415,1.0868,87727,42188.5,0,NaN,NaN,NaN,NaN,NaN,NaN,530482
1588255200,1.0868,1.09825,1.08585,1.0961,118030,47511.9,0,NaN,NaN,NaN,NaN,NaN,NaN,533413
1588284000,1.0961,1.09645,1.09435,1.0961,10451,45141.65,0,NaN,NaN,NaN,NaN,NaN,NaN,533413
1588312800,1.09605,1.09995,1.0958,1.09845,30818,44291.8,0,NaN,NaN,NaN,NaN,NaN,NaN,533413
1588341600,1.0985,1.10285,1.0981,1.099,46538,46040.65,0,NaN,NaN,NaN,NaN,NaN,NaN,530070
1588543200,1.09815,1.0984,1.09355,1.09375,13895,42893.55,0,NaN,NaN,NaN,NaN,NaN,NaN,530070
1588572000,1.09375,1.0958,1.093,1.09355,45971,41340.6,0,NaN,NaN,NaN,NaN,NaN,NaN,530070
1588600800,1.0935,1.09445,1.09035,1.09135,44123,43034.85,0,NaN,NaN,NaN,NaN,NaN,NaN,532559
1588629600,1.09095,1.0925,1.09085,1.09165,9439,39916.95,0,NaN,NaN,NaN,NaN,NaN,NaN,532559
1588658400,1.0917,1.0935,1.0834,1.08875,104040,42814.8,0,NaN,NaN,NaN,NaN,NaN,NaN,532559
1588687200,1.08875,1.0894,1.08425,1.08465,43640,44199.45,0,NaN,NaN,NaN,NaN,NaN,NaN,532521
1588716000,1.08495,1.08525,1.08405,1.08465,9238,42438.65,0,NaN,NaN,NaN,NaN,NaN,NaN,532521
1588744800,1.0847,1.08475,1.079,1.08205,69743,44220.75,0,NaN,NaN,NaN,NaN,NaN,NaN,532521
1588773600,1.08205,1.08255,1.07985,1.08055,36535,45529.5,0,NaN,NaN,NaN,NaN,NaN,NaN,532837
1588802400,1.08015,1.08125,1.0797,1.08005,10459,42351.55,0,NaN,NaN,NaN,NaN,NaN,NaN,532837
1588831200,1.08005,1.0824,1.0783,1.0786,57565,43019.2,0,NaN,NaN,NaN,NaN,NaN,NaN,532837
1588860000,1.07855,1.0842,1.0774,1.084,54248,45148.5,0,NaN,NaN,NaN,NaN,NaN,NaN,533485
1588888800,1.08395,1.08625,1.08375,1.0849,12671,43134.9,0,NaN,NaN,NaN,NaN,NaN,NaN,533485
1588917600,1.08495,1.0862,1.08275,1.08335,40126,42835.9,0,NaN,NaN,NaN,NaN,NaN,NaN,533485
1588946400,1.08335,1.08835,1.08225,1.08495,50635,44794.6,0,NaN,NaN,NaN,NaN,NaN,NaN,530674
1589148000,1.08395,1.08575,1.08355,1.0849,10158,40916.15,0,NaN,NaN,NaN,NaN,NaN,NaN,530674
1589176800,1.0849,1.08545,1.08155,1.08405,47827,37406,0,NaN,NaN,NaN,NaN,NaN,NaN,530674
1589205600,1.08405,1.0844,1.08075,1.08155,47657,39266.3,0,NaN,NaN,NaN,NaN,NaN,NaN,537264
1589234400,1.08145,1.08245,1.0791,1.08165,16276,38539.2,0,NaN,NaN,NaN,NaN,NaN,NaN,537264
1589263200,1.08165,1.0893,1.0811,1.0885,80965,40260.55,0,NaN,NaN,NaN,NaN,NaN,NaN,537264
1589292000,1.0885,1.08865,1.08535,1.08555,49461,42038.85,0,NaN,NaN,NaN,NaN,NaN,NaN,537757
1589320800,1.08545,1.0864,1.08505,1.08565,11406,40310.6,0,NaN,NaN,NaN,NaN,NaN,NaN,537757
1589349600,1.0857,1.09045,1.08375,1.08685,79052,42057.05,0,NaN,NaN,NaN,NaN,NaN,NaN,537757
1589378400,1.08685,1.0872,1.0818,1.0825,56034,44386.8,0,NaN,NaN,NaN,NaN,NaN,NaN,539825
1589407200,1.08245,1.083,1.08105,1.08135,10863,39727.95,0,NaN,NaN,NaN,NaN,NaN,NaN,539825
1589436000,1.0813,1.08265,1.0781,1.07965,70281,41060,0,NaN,NaN,NaN,NaN,NaN,NaN,539825
1589464800,1.07965,1.08225,1.0786,1.08105,63781,43787.15,0,NaN,NaN,NaN,NaN,NaN,NaN,540838
1589493600,1.08115,1.0814,1.08045,1.08125,9362,40768.1,0,NaN,NaN,NaN,NaN,NaN,NaN,540838
1589522400,1.0812,1.08575,1.0795,1.0844,77122,42797.45,0,NaN,NaN,NaN,NaN,NaN,NaN,540838
1589551200,1.0844,1.08455,1.0809,1.08295,52427,44895.85,0,NaN,NaN,NaN,NaN,NaN,NaN,539884
1589752800,1.082,1.0833,1.082,1.08245,10578,42546.5,0,NaN,NaN,NaN,NaN,NaN,NaN,539884
1589781600,1.0824,1.0873,1.0805,1.08635,69057,43286.95,0,NaN,NaN,NaN,NaN,NaN,NaN,539884
1589810400,1.08635,1.0933,1.08565,1.092,94682,47387.5,0,NaN,NaN,NaN,NaN,NaN,NaN,539383
1589839200,1.0921,1.093,1.0908,1.0921,13597,46061.05,0,NaN,NaN,NaN,NaN,NaN,NaN,539383
1589868000,1.0921,1.09815,1.092,1.094,87862,47922.4,0,NaN,NaN,NaN,NaN,NaN,NaN,539383
1589896800,1.09405,1.096,1.0924,1.09285,51333,49981.15,0,NaN,NaN,NaN,NaN,NaN,NaN,538798
1589925600,1.09285,1.0952,1.0924,1.0948,11228,48151.2,0,NaN,NaN,NaN,NaN,NaN,NaN,538798
1589954400,1.09485,1.0989,1.0943,1.0987,65261,49031.4,0,NaN,NaN,NaN,NaN,NaN,NaN,538798
1589983200,1.09865,1.1005,1.09765,1.0984,54463,50940.75,0,NaN,NaN,NaN,NaN,NaN,NaN,543496
1590012000,1.0984,1.0986,1.09565,1.0959,11722,47478.6,0,NaN,NaN,NaN,NaN,NaN,NaN,543496
1590040800,1.09595,1.1014,1.09575,1.09905,70043,48507.7,0,NaN,NaN,NaN,NaN,NaN,NaN,543496
1590069600,1.09905,1.0994,1.09415,1.09535,55412,50708,0,NaN,NaN,NaN,NaN,NaN,NaN,544232
1590098400,1.09525,1.09585,1.09225,1.09325,14640,47487.4,0,NaN,NaN,NaN,NaN,NaN,NaN,544232
1590127200,1.0932,1.0936,1.08915,1.09005,64762,47923.8,0,NaN,NaN,NaN,NaN,NaN,NaN,544232
1590156000,1.0901,1.091,1.089,1.0908,40942,49427.75,0,NaN,NaN,NaN,NaN,NaN,NaN,542395
1590357600,1.09025,1.09125,1.08905,1.0892,8664,46346.9,0,NaN,NaN,NaN,NaN,NaN,NaN,542395
1590386400,1.08925,1.09195,1.0874,1.08995,32038,44759.75,0,NaN,NaN,NaN,NaN,NaN,NaN,542395
1590415200,1.08995,1.09045,1.0894,1.08985,7015,44642.4,0,NaN,NaN,NaN,NaN,NaN,NaN,542395
1590444000,1.0897,1.09265,1.08965,1.09255,12916,41432.1,0,NaN,NaN,NaN,NaN,NaN,NaN,542395
1590472800,1.09265,1.0985,1.09185,1.0984,76069,42614.2,0,NaN,NaN,NaN,NaN,NaN,NaN,542395
1590501600,1.09835,1.1,1.09725,1.0986,61295,45150.05,0,NaN,NaN,NaN,NaN,NaN,NaN,545212
1590530400,1.09815,1.09895,1.0956,1.09625,17482,42571.3,0,NaN,NaN,NaN,NaN,NaN,NaN,545212
1590559200,1.0962,1.10345,1.09375,1.09915,148738,45274.1,0,NaN,NaN,NaN,NaN,NaN,NaN,545212
1590588000,1.09915,1.10205,1.0959,1.10115,73336,48261.05,0,NaN,NaN,NaN,NaN,NaN,NaN,544309
1590616800,1.10105,1.10385,1.10085,1.1015,20976,44916.75,0,NaN,NaN,NaN,NaN,NaN,NaN,544309
1590645600,1.10155,1.1044,1.09945,1.10425,80145,46357.35,0,NaN,NaN,NaN,NaN,NaN,NaN,544309
1590674400,1.1043,1.1097,1.10335,1.10805,77472,49669.55,0,NaN,NaN,NaN,NaN,NaN,NaN,551542
1590703200,1.1084,1.1114,1.1073,1.1104,21000,47456.5,0,NaN,NaN,NaN,NaN,NaN,NaN,551542
1590732000,1.1104,1.11485,1.10925,1.11235,88845,49175.6,0,NaN,NaN,NaN,NaN,NaN,NaN,551542
1590760800,1.1123,1.1136,1.1084,1.11105,106585,53918.75,0,NaN,NaN,NaN,NaN,NaN,NaN,548801
1590962400,1.1119,1.11455,1.1105,1.11425,18741,51353.65,0,NaN,NaN,NaN,NaN,NaN,NaN,548801
1590991200,1.1143,1.11575,1.11035,1.11285,62493,51707.7,0,NaN,NaN,NaN,NaN,NaN,NaN,548801
1591020000,1.1129,1.1144,1.1116,1.11375,40907,53021.05,0,NaN,NaN,NaN,NaN,NaN,NaN,545175
1591048800,1.11345,1.11415,1.1122,1.11365,13857,50475.8,0,NaN,NaN,NaN,NaN,NaN,NaN,545175
1591077600,1.1137,1.1192,1.11175,1.11915,106539,53755.65,0,NaN,NaN,NaN,NaN,NaN,NaN,545175
1591106400,1.11915,1.11995,1.1164,1.11705,59859,56315.4,0,NaN,NaN,NaN,NaN,NaN,NaN,553022
1591135200,1.11735,1.12145,1.11695,1.12065,25298,55978.4,0,NaN,NaN,NaN,NaN,NaN,NaN,553022
1591164000,1.12065,1.123,1.11865,1.12185,96264,60440.85,0,NaN,NaN,NaN,NaN,NaN,NaN,553022
1591192800,1.1218,1.12605,1.1215,1.12365,79577,63773.9,0,NaN,NaN,NaN,NaN,NaN,NaN,551756
1591221600,1.1237,1.12395,1.1213,1.1217,15783,60759.6,0,NaN,NaN,NaN,NaN,NaN,NaN,551756
1591250400,1.1217,1.1277,1.11965,1.127,123668,63878.25,0,NaN,NaN,NaN,NaN,NaN,NaN,551756
1591279200,1.127,1.13645,1.1268,1.1337,115315,68769.9,0,NaN,NaN,NaN,NaN,NaN,NaN,544310
1591308000,1.13385,1.1376,1.1328,1.13705,23529,62509.45,0,NaN,NaN,NaN,NaN,NaN,NaN,544310
1591336800,1.1371,1.13855,1.1284,1.12995,126165,65150.9,0,NaN,NaN,NaN,NaN,NaN,NaN,544310
1591365600,1.13,1.1325,1.12805,1.12935,66663,67435.25,0,NaN,NaN,NaN,NaN,NaN,NaN,532610
1591567200,1.1296,1.1321,1.12845,1.12935,17395,64297.75,0,NaN,NaN,NaN,NaN,NaN,NaN,532610
1591596000,1.12935,1.13205,1.127,1.13115,77406,64294.45,0,NaN,NaN,NaN,NaN,NaN,NaN,532610
1591624800,1.1311,1.1315,1.12855,1.1296,58478,66168.35,0,NaN,NaN,NaN,NaN,NaN,NaN,504084
1591653600,1.1294,1.1317,1.12855,1.1293,18309,62641.55,0,NaN,NaN,NaN,NaN,NaN,NaN,504084
1591682400,1.12925,1.1359,1.1242,1.13505,107389,62681.75,0,NaN,NaN,NaN,NaN,NaN,NaN,504084
1591711200,1.13505,1.13655,1.13325,1.13405,61285,64808.95,0,NaN,NaN,NaN,NaN,NaN,NaN,432893
1591740000,1.13405,1.13715,1.1333,1.13635,13578,62363.2,0,NaN,NaN,NaN,NaN,NaN,NaN,432893
1591768800,1.13635,1.13905,1.13445,1.1367,73563,63996,0,NaN,NaN,NaN,NaN,NaN,NaN,432893
1591797600,1.1367,1.1424,1.1322,1.1377,115694,69087.85,0,NaN,NaN,NaN,NaN,NaN,NaN,227144
1591826400,1.13785,1.1396,1.1326,1.13445,23418,64931.8,0,NaN,NaN,NaN,NaN,NaN,NaN,227144
1591855200,1.1344,1.14025,1.13365,1.13785,76437,65760.7,0,NaN,NaN,NaN,NaN,NaN,NaN,227144
1591884000,1.1379,1.14045,1.1289,1.1301,84753,68733.45,0,NaN,NaN,NaN,NaN,NaN,NaN,150028
1591912800,1.132,1.1338,1.13005,1.13355,20531,64946.8,0,NaN,NaN,NaN,NaN,NaN,NaN,150028
1591941600,1.1335,1.1365,1.13155,1.13265,83561,65146,0,NaN,NaN,NaN,NaN,NaN,NaN,150028
1591970400,1.1326,1.133,1.12365,1.12795,91108,68912.25,0,NaN,NaN,NaN,NaN,NaN,NaN,551617
1592172000,1.12665,1.1293,1.125,1.12655,22497,63853.7,0,NaN,NaN,NaN,NaN,NaN,NaN,551617
1592200800,1.1265,1.13095,1.1251,1.1302,74115,61793.7,0,NaN,NaN,NaN,NaN,NaN,NaN,551617
1592229600,1.1302,1.13565,1.12845,1.13465,72471,64240.8,0,NaN,NaN,NaN,NaN,NaN,NaN,556039
1592258400,1.1348,1.13725,1.13455,1.13595,19174,58891.25,0,NaN,NaN,NaN,NaN,NaN,NaN,556039
1592287200,1.13605,1.13775,1.1289,1.1293,87378,59927,0,NaN,NaN,NaN,NaN,NaN,NaN,556039
1592316000,1.1293,1.1298,1.1251,1.12865,70301,62572.3,0,NaN,NaN,NaN,NaN,NaN,NaN,558130
1592344800,1.12845,1.13025,1.12765,1.1296,15175,59460.75,0,NaN,NaN,NaN,NaN,NaN,NaN,558130
1592373600,1.12965,1.1317,1.1237,1.1243,78516,60462.65,0,NaN,NaN,NaN,NaN,NaN,NaN,558130
1592402400,1.12425,1.1269,1.12295,1.12645,50479,62071.15,0,NaN,NaN,NaN,NaN,NaN,NaN,561373
1592431200,1.12635,1.12835,1.1247,1.1273,17064,57554.9,0,NaN,NaN,NaN,NaN,NaN,NaN,561373
1592460000,1.12725,1.12835,1.12325,1.1235,69326,57956.95,0,NaN,NaN,NaN,NaN,NaN,NaN,561373
1592488800,1.1235,1.12545,1.1208,1.12275,51147,59835.4,0,NaN,NaN,NaN,NaN,NaN,NaN,561625
1592517600,1.12255,1.12385,1.12205,1.12365,9727,56643.6,0,NaN,NaN,NaN,NaN,NaN,NaN,561625
1592546400,1.12365,1.1277,1.12155,1.124,73111,54514.45,0,NaN,NaN,NaN,NaN,NaN,NaN,561625
1592575200,1.12405,1.1255,1.11895,1.1199,82176,57452.35,0,NaN,NaN,NaN,NaN,NaN,NaN,562496
1592776800,1.1202,1.1226,1.11895,1.12165,14208,54340.9,0,NaN,NaN,NaN,NaN,NaN,NaN,562496
1592805600,1.1217,1.12685,1.121,1.1267,57159,52961.2,0,NaN,NaN,NaN,NaN,NaN,NaN,562496
1592834400,1.1267,1.12925,1.1264,1.12835,44022,54135.75,0,NaN,NaN,NaN,NaN,NaN,NaN,564713
1592863200,1.1283,1.1303,1.12545,1.12805,29563,51435.85,0,NaN,NaN,NaN,NaN,NaN,NaN,564713
1592892000,1.12805,1.136,1.1278,1.1351,76298,50695.35,0,NaN,NaN,NaN,NaN,NaN,NaN,564713
1592920800,1.1351,1.1371,1.1323,1.13275,51513,52146.15,0,NaN,NaN,NaN,NaN,NaN,NaN,568569
1592949600,1.133,1.1347,1.1328,1.13355,16330,49256.9,0,NaN,NaN,NaN,NaN,NaN,NaN,568569
1592978400,1.13355,1.1346,1.1285,1.12875,90675,50167.1,0,NaN,NaN,NaN,NaN,NaN,NaN,568569
1593007200,1.1288,1.13015,1.1269,1.12715,62104,52313.6,0,NaN,NaN,NaN,NaN,NaN,NaN,564731
1593036000,1.1274,1.12795,1.12595,1.1268,14565,48672.95,0,NaN,NaN,NaN,NaN,NaN,NaN,564731
1593064800,1.1268,1.12735,1.121,1.12365,90324,49674.1,0,NaN,NaN,NaN,NaN,NaN,NaN,564731
1593093600,1.12365,1.12515,1.123,1.1239,48502,51340.45,0,NaN,NaN,NaN,NaN,NaN,NaN,562165
1593122400,1.1236,1.1246,1.12275,1.1241,11129,47971.1,0,NaN,NaN,NaN,NaN,NaN,NaN,562165
1593151200,1.1241,1.1259,1.1224,1.1227,63322,48613.25,0,NaN,NaN,NaN,NaN,NaN,NaN,562165
1593180000,1.12275,1.1258,1.12145,1.12405,52127,50366.4,0,NaN,NaN,NaN,NaN,NaN,NaN,560600
1593381600,1.124,1.1278,1.12365,1.1271,15961,47698.15,0,NaN,NaN,NaN,NaN,NaN,NaN,560600
1593410400,1.1271,1.13075,1.126,1.12765,71453,48713.45,0,NaN,NaN,NaN,NaN,NaN,NaN,560600
1593439200,1.1277,1.12795,1.12375,1.12595,63371,51395.65,0,NaN,NaN,NaN,NaN,NaN,NaN,562368
1593468000,1.12575,1.127,1.1243,1.1249,15010,48490.6,0,NaN,NaN,NaN,NaN,NaN,NaN,562368
1593496800,1.12485,1.12505,1.1208,1.1227,80831,48423.35,0,NaN,NaN,NaN,NaN,NaN,NaN,562368
1593525600,1.1227,1.1281,1.1222,1.12525,96222,52524.05,0,NaN,NaN,NaN,NaN,NaN,NaN,562650
1593554400,1.125,1.12595,1.1234,1.12425,15356,50433.9,0,NaN,NaN,NaN,NaN,NaN,NaN,562650
1593583200,1.12425,1.1263,1.1202,1.1258,80658,52265.7,0,NaN,NaN,NaN,NaN,NaN,NaN,562650
1593612000,1.1258,1.12935,1.1255,1.127,75723,54573.7,0,NaN,NaN,NaN,NaN,NaN,NaN,567095
1593640800,1.12675,1.12845,1.12655,1.12815,10294,51273.5,0,NaN,NaN,NaN,NaN,NaN,NaN,567095
1593669600,1.1281,1.13205,1.1268,1.12915,91895,53292.6,0,NaN,NaN,NaN,NaN,NaN,NaN,567095
1593698400,1.1291,1.12995,1.1241,1.12565,63948,55673.5,0,NaN,NaN,NaN,NaN,NaN,NaN,566413
1593727200,1.1256,1.1266,1.12455,1.12535,13060,51792.75,0,NaN,NaN,NaN,NaN,NaN,NaN,566413
1593756000,1.1253,1.12645,1.12365,1.12555,40032,50689.15,0,NaN,NaN,NaN,NaN,NaN,NaN,566413
1593784800,1.12555,1.1266,1.12535,1.12595,12594,50590.6,0,NaN,NaN,NaN,NaN,NaN,NaN,566413
1593986400,1.126,1.1311,1.126,1.131,17821,46965.45,0,NaN,NaN,NaN,NaN,NaN,NaN,566413
1594015200,1.13095,1.1364,1.12985,1.13445,95806,49330.65,0,NaN,NaN,NaN,NaN,NaN,NaN,566413
1594044000,1.1345,1.1352,1.132,1.1326,60537,51801.05,0,NaN,NaN,NaN,NaN,NaN,NaN,576985
1594072800,1.13265,1.135,1.13195,1.13255,18895,49579.7,0,NaN,NaN,NaN,NaN,NaN,NaN,576985
1594101600,1.1325,1.13255,1.12755,1.1303,92881,51617.4,0,NaN,NaN,NaN,NaN,NaN,NaN,576985
1594130400,1.1303,1.1321,1.1286,1.1292,59398,53789.25,0,NaN,NaN,NaN,NaN,NaN,NaN,575196
1594159200,1.1292,1.13,1.12825,1.1293,13103,50871.75,0,NaN,NaN,NaN,NaN,NaN,NaN,575196
1594188000,1.12935,1.13515,1.1279,1.1347,84841,51945.25,0,NaN,NaN,NaN,NaN,NaN,NaN,575196
1594216800,1.13475,1.13685,1.1332,1.13475,79875,55188.5,0,NaN,NaN,NaN,NaN,NaN,NaN,583409
1594245600,1.135,1.13865,1.1344,1.13805,23191,52306.5,0,NaN,NaN,NaN,NaN,NaN,NaN,583409
1594274400,1.13805,1.13835,1.1332,1.13425,90529,52021.85,0,NaN,NaN,NaN,NaN,NaN,NaN,583409
1594303200,1.1342,1.1354,1.1296,1.13005,90877,55797.9,0,NaN,NaN,NaN,NaN,NaN,NaN,579528
1594332000,1.1298,1.1306,1.1279,1.1285,16308,52580.4,0,NaN,NaN,NaN,NaN,NaN,NaN,579528
1594360800,1.1285,1.13315,1.127,1.13235,81152,52851.85,0,NaN,NaN,NaN,NaN,NaN,NaN,579528
1594389600,1.13235,1.1341,1.13115,1.13165,52381,54956.2,0,NaN,NaN,NaN,NaN,NaN,NaN,579104
1594591200,1.1321,1.13525,1.13185,1.13455,17792,51251.05,0,NaN,NaN,NaN,NaN,NaN,NaN,579104
1594620000,1.1346,1.13745,1.1318,1.137,86547,52381,0,NaN,NaN,NaN,NaN,NaN,NaN,579104
1594648800,1.13705,1.1392,1.1358,1.13605,77695,55612.75,0,NaN,NaN,NaN,NaN,NaN,NaN,588222
1594677600,1.13665,1.13665,1.13515,1.13545,14085,54315.4,0,NaN,NaN,NaN,NaN,NaN,NaN,588222
1594706400,1.1355,1.1409,1.13405,1.14055,101975,58784.45,0,NaN,NaN,NaN,NaN,NaN,NaN,588222
1594735200,1.14055,1.14245,1.1401,1.1415,69775,61382.15,0,NaN,NaN,NaN,NaN,NaN,NaN,595308
1594764000,1.14195,1.14385,1.14065,1.14155,20518,57617.75,0,NaN,NaN,NaN,NaN,NaN,NaN,595308
1594792800,1.1415,1.14675,1.1411,1.1443,98345,59508.15,0,NaN,NaN,NaN,NaN,NaN,NaN,595308
1594821600,1.1443,1.1444,1.14165,1.14275,61229,61624.85,0,NaN,NaN,NaN,NaN,NaN,NaN,601537
1594850400,1.1427,1.1433,1.14115,1.14175,16564,57809,0,NaN,NaN,NaN,NaN,NaN,NaN,601537
1594879200,1.14175,1.14495,1.13925,1.1444,95773,59627.75,0,NaN,NaN,NaN,NaN,NaN,NaN,601537
1594908000,1.14445,1.14565,1.13845,1.13975,82632,63104.2,0,NaN,NaN,NaN,NaN,NaN,NaN,605687
1594936800,1.1397,1.14075,1.13915,1.1394,16651,59694.7,0,NaN,NaN,NaN,NaN,NaN,NaN,605687
1594965600,1.13935,1.14495,1.1392,1.1445,69632,59182.55,0,NaN,NaN,NaN,NaN,NaN,NaN,605687
1594994400,1.1445,1.14585,1.14345,1.1442,58248,60935.4,0,NaN,NaN,NaN,NaN,NaN,NaN,609633
1595196000,1.14325,1.14705,1.14265,1.14665,38557,58336.8,0,NaN,NaN,NaN,NaN,NaN,NaN,609633
1595224800,1.14665,1.14815,1.14165,1.1432,107885,59187.2,0,NaN,NaN,NaN,NaN,NaN,NaN,609633
1595253600,1.1432,1.14635,1.1424,1.14615,52081,60975.85,0,NaN,NaN,NaN,NaN,NaN,NaN,611143
1595282400,1.146,1.1484,1.14365,1.1458,27675,58302,0,NaN,NaN,NaN,NaN,NaN,NaN,611143
1595311200,1.1458,1.1481,1.1439,1.14735,96559,60510.9,0,NaN,NaN,NaN,NaN,NaN,NaN,611143
1595340000,1.14735,1.1554,1.1465,1.1541,113844,65313.5,0,NaN,NaN,NaN,NaN,NaN,NaN,623780
1595368800,1.15465,1.15615,1.15435,1.15535,20970,62034.65,0,NaN,NaN,NaN,NaN,NaN,NaN,623780
1595397600,1.1554,1.1616,1.15205,1.1605,156561,65977.95,0,NaN,NaN,NaN,NaN,NaN,NaN,623780
1595426400,1.1605,1.1609,1.15765,1.15845,68701,68708.75,0,NaN,NaN,NaN,NaN,NaN,NaN,635486
1595455200,1.1587,1.16,1.15775,1.15975,15474,64383.7,0,NaN,NaN,NaN,NaN,NaN,NaN,635486
1595484000,1.15975,1.1612,1.15535,1.15985,103627,66076.3,0,NaN,NaN,NaN,NaN,NaN,NaN,635486
1595512800,1.1599,1.164,1.15885,1.161,103338,70217.3,0,NaN,NaN,NaN,NaN,NaN,NaN,644614
1595541600,1.161,1.16345,1.16035,1.16155,20680,66334.05,0,NaN,NaN,NaN,NaN,NaN,NaN,644614
1595570400,1.1616,1.1635,1.15945,1.16255,108301,68687.65,0,NaN,NaN,NaN,NaN,NaN,NaN,644614
1595599200,1.16255,1.1671,1.1623,1.167,77825,71750.7,0,NaN,NaN,NaN,NaN,NaN,NaN,650997
1595800800,1.1659,1.1738,1.1655,1.1714,42846,69104.35,0,NaN,NaN,NaN,NaN,NaN,NaN,650997
1595829600,1.1714,1.17775,1.16945,1.17715,135911,71768.3,0,NaN,NaN,NaN,NaN,NaN,NaN,650997
1595858400,1.17715,1.1794,1.1755,1.17635,79686,74920.05,0,NaN,NaN,NaN,NaN,NaN,NaN,661050
1595887200,1.17635,1.1786,1.17265,1.17475,37193,73298.1,0,NaN,NaN,NaN,NaN,NaN,NaN,661050
1595916000,1.1748,1.17555,1.17115,1.1745,105736,75672.5,0,NaN,NaN,NaN,NaN,NaN,NaN,661050
1595944800,1.1745,1.17525,1.17205,1.1727,59604,76724.85,0,NaN,NaN,NaN,NaN,NaN,NaN,664716
1595973600,1.17325,1.17465,1.1726,1.17465,15935,72127.35,0,NaN,NaN,NaN,NaN,NaN,NaN,664716
1596002400,1.1746,1.1782,1.17305,1.17675,89489,73997.75,0,NaN,NaN,NaN,NaN,NaN,NaN,664716
1596031200,1.17675,1.1819,1.1764,1.1804,105181,77873.05,0,NaN,NaN,NaN,NaN,NaN,NaN,669409
1596060000,1.18055,1.18055,1.17695,1.1771,20224,74056.3,0,NaN,NaN,NaN,NaN,NaN,NaN,669409
1596088800,1.17715,1.1821,1.17425,1.1799,116481,74188.15,0,NaN,NaN,NaN,NaN,NaN,NaN,669409
1596117600,1.1799,1.18595,1.1785,1.1858,94602,77869.75,0,NaN,NaN,NaN,NaN,NaN,NaN,672822
1596146400,1.18545,1.19155,1.1851,1.18985,55313,72807.35,0,NaN,NaN,NaN,NaN,NaN,NaN,672822
1596175200,1.1899,1.19195,1.18125,1.18355,139323,76338.45,0,NaN,NaN,NaN,NaN,NaN,NaN,672822
1596204000,1.18355,1.1862,1.17725,1.1786,114652,81297.35,0,NaN,NaN,NaN,NaN,NaN,NaN,677300
1596405600,1.179,1.18075,1.1751,1.1785,35153,77873.65,0,NaN,NaN,NaN,NaN,NaN,NaN,677300
1596434400,1.1784,1.17955,1.17065,1.1733,108634,78138.45,0,NaN,NaN,NaN,NaN,NaN,NaN,677300
1596463200,1.17335,1.17785,1.1732,1.1772,60377,80123.3,0,NaN,NaN,NaN,NaN,NaN,NaN,685557
1596492000,1.1774,1.17875,1.17625,1.1777,16205,75518.5,0,NaN,NaN,NaN,NaN,NaN,NaN,685557
1596520800,1.17775,1.18165,1.1731,1.17345,106919,76973.2,0,NaN,NaN,NaN,NaN,NaN,NaN,685557
1596549600,1.17345,1.18135,1.17335,1.18125,66461,78153.95,0,NaN,NaN,NaN,NaN,NaN,NaN,688404
1596578400,1.1808,1.18315,1.1803,1.1813,19645,72340.65,0,NaN,NaN,NaN,NaN,NaN,NaN,688404
1596607200,1.1813,1.191,1.18095,1.19015,107387,73725.7,0,NaN,NaN,NaN,NaN,NaN,NaN,688404
1596636000,1.19015,1.1915,1.18645,1.1873,70974,75414.75,0,NaN,NaN,NaN,NaN,NaN,NaN,694916
1596664800,1.1874,1.1895,1.1872,1.18905,19876,71121.75,0,NaN,NaN,NaN,NaN,NaN,NaN,694916
1596693600,1.1891,1.1926,1.18405,1.18655,127168,74499.95,0,NaN,NaN,NaN,NaN,NaN,NaN,694916
1596722400,1.18655,1.1903,1.18265,1.18845,85247,77965.55,0,NaN,NaN,NaN,NaN,NaN,NaN,690213
1596751200,1.1888,1.1892,1.18285,1.1852,28301,74906.15,0,NaN,NaN,NaN,NaN,NaN,NaN,690213
1596780000,1.1852,1.186,1.1773,1.17815,129287,76111.45,0,NaN,NaN,NaN,NaN,NaN,NaN,690213
1596808800,1.17815,1.1806,1.1764,1.17955,74382,78819.35,0,NaN,NaN,NaN,NaN,NaN,NaN,692286
1597010400,1.1795,1.1807,1.17815,1.18025,14411,73715.85,0,NaN,NaN,NaN,NaN,NaN,NaN,692286
1597039200,1.1803,1.18095,1.1749,1.17965,92136,73592.55,0,NaN,NaN,NaN,NaN,NaN,NaN,692286
1597068000,1.17965,1.17965,1.17445,1.1746,54126,73533.2,0,NaN,NaN,NaN,NaN,NaN,NaN,689494
1597096800,1.175,1.17635,1.173,1.17575,20899,67612,0,NaN,NaN,NaN,NaN,NaN,NaN,689494
1597125600,1.1758,1.1817,1.1731,1.1791,127214,68240.1,0,NaN,NaN,NaN,NaN,NaN,NaN,689494
1597154400,1.1791,1.17975,1.17365,1.1749,70247,69994.8,0,NaN,NaN,NaN,NaN,NaN,NaN,689460
1597183200,1.1748,1.1753,1.1719,1.1731,24951,65810.65,0,NaN,NaN,NaN,NaN,NaN,NaN,689460
1597212000,1.17315,1.181,1.1729,1.17895,105368,68060.2,0,NaN,NaN,NaN,NaN,NaN,NaN,689460
1597240800,1.17895,1.1826,1.178,1.1793,64874,70493.65,0,NaN,NaN,NaN,NaN,NaN,NaN,690289
1597269600,1.1793,1.1825,1.17915,1.18215,21844,66239.9,0,NaN,NaN,NaN,NaN,NaN,NaN,690289
1597298400,1.1822,1.18695,1.1821,1.18635,102078,68020.75,0,NaN,NaN,NaN,NaN,NaN,NaN,690289
1597327200,1.1863,1.1872,1.18005,1.1821,66552,70366.1,0,NaN,NaN,NaN,NaN,NaN,NaN,690846
1597356000,1.1823,1.18285,1.1808,1.1827,15195,65756.5,0,NaN,NaN,NaN,NaN,NaN,NaN,690846
1597384800,1.1827,1.1844,1.17885,1.1842,85166,66466.1,0,NaN,NaN,NaN,NaN,NaN,NaN,690846
1597413600,1.1842,1.18575,1.1817,1.1849,51498,68047.2,0,NaN,NaN,NaN,NaN,NaN,NaN,688512
1597615200,1.18495,1.18745,1.1848,1.1868,13826,62380.1,0,NaN,NaN,NaN,NaN,NaN,NaN,688512
1597644000,1.1868,1.1888,1.18355,1.188,73313,61783.4,0,NaN,NaN,NaN,NaN,NaN,NaN,688512
1597672800,1.18805,1.1888,1.18635,1.1876,40101,62373.4,0,NaN,NaN,NaN,NaN,NaN,NaN,688072
1597701600,1.18775,1.19035,1.1875,1.18985,17171,56767.6,0,NaN,NaN,NaN,NaN,NaN,NaN,688072
1597730400,1.1899,1.1973,1.18895,1.1965,117152,58906.1,0,NaN,NaN,NaN,NaN,NaN,NaN,688072
1597759200,1.1965,1.1968,1.19245,1.19375,69495,61660.3,0,NaN,NaN,NaN,NaN,NaN,NaN,686999
1597788000,1.19405,1.19595,1.1934,1.1944,20855,58096.25,0,NaN,NaN,NaN,NaN,NaN,NaN,686999
1597816800,1.1944,1.19575,1.19285,1.19495,66876,58733.75,0,NaN,NaN,NaN,NaN,NaN,NaN,686999
1597845600,1.195,1.19525,1.1836,1.18455,126452,64011.4,0,NaN,NaN,NaN,NaN,NaN,NaN,687982
1597874400,1.18465,1.1859,1.1837,1.1847,21461,58723.75,0,NaN,NaN,NaN,NaN,NaN,NaN,687982
1597903200,1.1847,1.18745,1.18075,1.1836,115412,60982,0,NaN,NaN,NaN,NaN,NaN,NaN,687982
1597932000,1.1836,1.18715,1.18285,1.1866,62925,62880.7,0,NaN,NaN,NaN,NaN,NaN,NaN,686022
1597960800,1.1868,1.1888,1.18655,1.1886,14359,58330.25,0,NaN,NaN,NaN,NaN,NaN,NaN,686022
1597989600,1.18865,1.1888,1.1759,1.1767,121570,61165.05,0,NaN,NaN,NaN,NaN,NaN,NaN,686022
1598018400,1.17665,1.1804,1.17585,1.18015,56178,62881.75,0,NaN,NaN,NaN,NaN,NaN,NaN,687642
1598220000,1.17995,1.1812,1.17895,1.18085,16251,58590.4,0,NaN,NaN,NaN,NaN,NaN,NaN,687642
1598248800,1.18085,1.18555,1.17995,1.1831,71413,58833.45,0,NaN,NaN,NaN,NaN,NaN,NaN,687642
1598277600,1.18315,1.18335,1.17895,1.17935,50891,60618.25,0,NaN,NaN,NaN,NaN,NaN,NaN,683136
1598306400,1.17935,1.18195,1.1789,1.18145,16558,57187.85,0,NaN,NaN,NaN,NaN,NaN,NaN,683136
1598335200,1.1815,1.18485,1.18025,1.1836,82108,58718.35,0,NaN,NaN,NaN,NaN,NaN,NaN,683136
1598364000,1.1836,1.1842,1.181,1.1839,53513,60702.7,0,NaN,NaN,NaN,NaN,NaN,NaN,685437
1598392800,1.1839,1.18435,1.18115,1.1817,14471,57760.6,0,NaN,NaN,NaN,NaN,NaN,NaN,685437
1598421600,1.1817,1.183,1.17765,1.182,89870,60249.05,0,NaN,NaN,NaN,NaN,NaN,NaN,685437
1598450400,1.182,1.1845,1.18135,1.18345,58114,62296.2,0,NaN,NaN,NaN,NaN,NaN,NaN,684750
1598479200,1.18365,1.18535,1.1828,1.1835,16939,57285.55,0,NaN,NaN,NaN,NaN,NaN,NaN,684750
1598508000,1.1835,1.19065,1.17905,1.18075,179932,62807.4,0,NaN,NaN,NaN,NaN,NaN,NaN,684750
1598536800,1.18075,1.1839,1.17655,1.18255,129813,68255.3,0,NaN,NaN,NaN,NaN,NaN,NaN,685554
1598565600,1.18245,1.1884,1.18145,1.1877,33386,66580.8,0,NaN,NaN,NaN,NaN,NaN,NaN,685554
1598594400,1.1877,1.19235,1.1865,1.18825,128091,66662.75,0,NaN,NaN,NaN,NaN,NaN,NaN,685554
1598623200,1.18825,1.1915,1.18715,1.1909,69238,69051.6,0,NaN,NaN,NaN,NaN,NaN,NaN,681149
1598824800,1.1914,1.1933,1.19,1.19075,24229,64492.45,0,NaN,NaN,NaN,NaN,NaN,NaN,681149
1598853600,1.19075,1.1955,1.18875,1.19275,89616,65827,0,NaN,NaN,NaN,NaN,NaN,NaN,681149
1598882400,1.19275,1.19695,1.1927,1.19385,82798,69248.95,0,NaN,NaN,NaN,NaN,NaN,NaN,678656
1598911200,1.1941,1.2001,1.19385,1.1997,35893,64965.1,0,NaN,NaN,NaN,NaN,NaN,NaN,678656
1598940000,1.1997,1.2015,1.19645,1.1978,122675,68289.95,0,NaN,NaN,NaN,NaN,NaN,NaN,678656
1598968800,1.1978,1.1979,1.19045,1.1915,93296,72142.2,0,NaN,NaN,NaN,NaN,NaN,NaN,672066
1598997600,1.1918,1.19315,1.18945,1.19105,23294,69736.25,0,NaN,NaN,NaN,NaN,NaN,NaN,672066
1599026400,1.191,1.19165,1.1827,1.1838,125298,73456.6,0,NaN,NaN,NaN,NaN,NaN,NaN,672066
1599055200,1.1838,1.1861,1.18245,1.1858,81071,76682.25,0,NaN,NaN,NaN,NaN,NaN,NaN,672173
1599084000,1.1855,1.1858,1.17985,1.1804,29957,74074.7,0,NaN,NaN,NaN,NaN,NaN,NaN,672173
1599112800,1.1804,1.1851,1.17905,1.18455,97411,76269.6,0,NaN,NaN,NaN,NaN,NaN,NaN,672173
1599141600,1.18465,1.1867,1.18125,1.18535,71966,79144.35,0,NaN,NaN,NaN,NaN,NaN,NaN,661192
1599170400,1.18505,1.18605,1.1841,1.18535,14171,75359.4,0,NaN,NaN,NaN,NaN,NaN,NaN,661192
1599199200,1.1853,1.18675,1.1792,1.18005,96397,77273.55,0,NaN,NaN,NaN,NaN,NaN,NaN,661192
1599228000,1.18005,1.1857,1.17825,1.18405,83816,80617.4,0,NaN,NaN,NaN,NaN,NaN,NaN,645571
1599429600,1.1841,1.18455,1.18285,1.18315,10115,72126.55,0,NaN,NaN,NaN,NaN,NaN,NaN,645571
1599458400,1.18315,1.18505,1.18145,1.1822,42494,67760.6,0,NaN,NaN,NaN,NaN,NaN,NaN,645571
1599487200,1.18215,1.1834,1.1816,1.1817,9024,66542.5,0,NaN,NaN,NaN,NaN,NaN,NaN,645571
1599516000,1.1819,1.18235,1.17965,1.1812,17587,61017.3,0,NaN,NaN,NaN,NaN,NaN,NaN,645571
1599544800,1.1812,1.1829,1.17665,1.17785,99864,62548.6,0,NaN,NaN,NaN,NaN,NaN,NaN,645571
1599573600,1.17785,1.1808,1.1774,1.17775,60573,64365.8,0,NaN,NaN,NaN,NaN,NaN,NaN,541281
1599602400,1.17735,1.1784,1.17575,1.17815,17112,60740.6,0,NaN,NaN,NaN,NaN,NaN,NaN,541281
1599631200,1.1781,1.1826,1.1753,1.1817,110324,62116.9,0,NaN,NaN,NaN,NaN,NaN,NaN,541281
1599660000,1.18175,1.1836,1.18005,1.1804,59588,63301.65,0,NaN,NaN,NaN,NaN,NaN,NaN,343013
1599688800,1.1805,1.183,1.1801,1.18275,13914,57863.6,0,NaN,NaN,NaN,NaN,NaN,NaN,343013
1599717600,1.18275,1.1918,1.18165,1.1899,132562,59826.9,0,NaN,NaN,NaN,NaN,NaN,NaN,343013
1599746400,1.18995,1.19095,1.181,1.1816,68618,62093.1,0,NaN,NaN,NaN,NaN,NaN,NaN,204555
1599775200,1.18435,1.18655,1.1843,1.18615,12881,56472.25,0,NaN,NaN,NaN,NaN,NaN,NaN,204555
1599804000,1.1861,1.1898,1.18525,1.18645,73131,56075.25,0,NaN,NaN,NaN,NaN,NaN,NaN,204555
1599832800,1.18645,1.18745,1.185,1.18685,50275,57091.15,0,NaN,NaN,NaN,NaN,NaN,NaN,637073
1600034400,1.1864,1.1878,1.18555,1.1878,10180,52729.6,0,NaN,NaN,NaN,NaN,NaN,NaN,637073
1600063200,1.18775,1.19125,1.1866,1.1903,65465,52404.55,0,NaN,NaN,NaN,NaN,NaN,NaN,637073
1600092000,1.1903,1.191,1.18835,1.18865,36661,53529.05,0,NaN,NaN,NaN,NaN,NaN,NaN,650454
1600120800,1.1889,1.19225,1.1882,1.192,14587,49438.55,0,NaN,NaN,NaN,NaN,NaN,NaN,650454
1600149600,1.19205,1.1924,1.18785,1.18865,69430,48719.25,0,NaN,NaN,NaN,NaN,NaN,NaN,650454
1600178400,1.18865,1.18865,1.1862,1.1869,45533,50490.15,0,NaN,NaN,NaN,NaN,NaN,NaN,648250
1600207200,1.1871,1.18745,1.18505,1.1869,15679,49149.4,0,NaN,NaN,NaN,NaN,NaN,NaN,648250
1600236000,1.18695,1.1905,1.1864,1.18675,69096,52153,0,NaN,NaN,NaN,NaN,NaN,NaN,648250
1600264800,1.1867,1.1879,1.18095,1.18385,110451,56796.2,0,NaN,NaN,NaN,NaN,NaN,NaN,658135
1600293600,1.1836,1.1841,1.1759,1.17905,40456,53825.8,0,NaN,NaN,NaN,NaN,NaN,NaN,658135
1600322400,1.1791,1.1839,1.1777,1.1831,104114,56002.85,0,NaN,NaN,NaN,NaN,NaN,NaN,658135
1600351200,1.18315,1.18745,1.18235,1.1871,56448,57969.65,0,NaN,NaN,NaN,NaN,NaN,NaN,662281
1600380000,1.18665,1.18835,1.1865,1.18775,14733,53190.1,0,NaN,NaN,NaN,NaN,NaN,NaN,662281
1600408800,1.18775,1.18905,1.1852,1.18535,65580,53489.7,0,NaN,NaN,NaN,NaN,NaN,NaN,662281
1600437600,1.18535,1.18925,1.1848,1.18615,57115,55649.75,0,NaN,NaN,NaN,NaN,NaN,NaN,662442
1600639200,1.18675,1.18935,1.18615,1.1884,13998,49721.55,0,NaN,NaN,NaN,NaN,NaN,NaN,662442
1600668000,1.18845,1.189,1.17705,1.17715,122757,52428.5,0,NaN,NaN,NaN,NaN,NaN,NaN,662442
1600696800,1.1771,1.17955,1.17515,1.1793,86533,56111.1,0,NaN,NaN,NaN,NaN,NaN,NaN,658625
1600725600,1.17885,1.1793,1.17735,1.17735,21445,53526.8,0,NaN,NaN,NaN,NaN,NaN,NaN,658625
1600754400,1.17735,1.1788,1.17405,1.17495,102445,56135.3,0,NaN,NaN,NaN,NaN,NaN,NaN,658625
1600783200,1.17495,1.17585,1.1712,1.1728,86942,59973.4,0,NaN,NaN,NaN,NaN,NaN,NaN,656035
1600812000,1.17275,1.17305,1.16945,1.1708,29547,58177.5,0,NaN,NaN,NaN,NaN,NaN,NaN,656035
1600840800,1.17075,1.1739,1.16915,1.17035,99589,61323.9,0,NaN,NaN,NaN,NaN,NaN,NaN,656035
1600869600,1.1704,1.17095,1.1671,1.16795,69790,64084.05,0,NaN,NaN,NaN,NaN,NaN,NaN,652151
1600898400,1.168,1.1699,1.1664,1.1678,24032,61814.15,0,NaN,NaN,NaN,NaN,NaN,NaN,652151
1600927200,1.16775,1.1693,1.16455,1.1659,82060,63640.5,0,NaN,NaN,NaN,NaN,NaN,NaN,652151
1600956000,1.16585,1.17065,1.16545,1.1689,80346,66873.85,0,NaN,NaN,NaN,NaN,NaN,NaN,647041
1600984800,1.16875,1.16965,1.16815,1.16875,16086,64223.35,0,NaN,NaN,NaN,NaN,NaN,NaN,647041
1601013600,1.16875,1.1704,1.16445,1.16535,90952,63248.4,0,NaN,NaN,NaN,NaN,NaN,NaN,647041
1601042400,1.1654,1.16545,1.16305,1.1649,62947,64372.95,0,NaN,NaN,NaN,NaN,NaN,NaN,642375
1601244000,1.16475,1.16595,1.16345,1.1648,16879,60011.2,0,NaN,NaN,NaN,NaN,NaN,NaN,642375
1601272800,1.1648,1.16995,1.1642,1.1689,85714,61474.5,0,NaN,NaN,NaN,NaN,NaN,NaN,642375
1601301600,1.16895,1.16915,1.16615,1.1684,48284,63152.05,0,NaN,NaN,NaN,NaN,NaN,NaN,640413
1601330400,1.16805,1.17025,1.16805,1.169,13140,60530.05,0,NaN,NaN,NaN,NaN,NaN,NaN,640413
1601359200,1.16905,1.1747,1.16835,1.17435,89482,62148.4,0,NaN,NaN,NaN,NaN,NaN,NaN,640413
1601388000,1.1743,1.1765,1.17285,1.1762,67533,64825.15,0,NaN,NaN,NaN,NaN,NaN,NaN,645586
1601416800,1.17575,1.17735,1.1746,1.17505,20203,59697.45,0,NaN,NaN,NaN,NaN,NaN,NaN,645586
1601445600,1.1751,1.17615,1.17025,1.1714,87995,59770.55,0,NaN,NaN,NaN,NaN,NaN,NaN,645586
1601474400,1.1714,1.177,1.1712,1.17395,97265,63561.55,0,NaN,NaN,NaN,NaN,NaN,NaN,641882
1601503200,1.17395,1.17685,1.1735,1.1765,15921,59235.35,0,NaN,NaN,NaN,NaN,NaN,NaN,641882
1601532000,1.17645,1.17875,1.17395,1.1756,109407,60358.6,0,NaN,NaN,NaN,NaN,NaN,NaN,641882
1601560800,1.17565,1.1773,1.17375,1.1763,58121,61787.3,0,NaN,NaN,NaN,NaN,NaN,NaN,639034
1601589600,1.17645,1.17655,1.17125,1.1739,30526,58334.15,0,NaN,NaN,NaN,NaN,NaN,NaN,639034
1601618400,1.17395,1.1759,1.17155,1.17295,96963,59692.8,0,NaN,NaN,NaN,NaN,NaN,NaN,639034
1601647200,1.17295,1.1742,1.1719,1.1733,52394,61110.9,0,NaN,NaN,NaN,NaN,NaN,NaN,634828
1601848800,1.173,1.1753,1.1725,1.17515,17468,57881.3,0,NaN,NaN,NaN,NaN,NaN,NaN,634828
1601877600,1.17515,1.1809,1.17365,1.1804,72698,57498.9,0,NaN,NaN,NaN,NaN,NaN,NaN,634828
1601906400,1.18035,1.1815,1.1789,1.18,49745,59181.85,0,NaN,NaN,NaN,NaN,NaN,NaN,640446
1601935200,1.1801,1.18155,1.17975,1.1803,14463,55357.4,0,NaN,NaN,NaN,NaN,NaN,NaN,640446
1601964000,1.1803,1.1825,1.1782,1.1797,79020,56161.05,0,NaN,NaN,NaN,NaN,NaN,NaN,640446
1601992800,1.1797,1.18115,1.1748,1.17505,62348,58434.5,0,NaN,NaN,NaN,NaN,NaN,NaN,641251
1602021600,1.17505,1.17575,1.17415,1.17545,19761,55136.85,0,NaN,NaN,NaN,NaN,NaN,NaN,641251
1602050400,1.1755,1.1799,1.1751,1.1778,72679,56356.6,0,NaN,NaN,NaN,NaN,NaN,NaN,641251
1602079200,1.17785,1.1792,1.17745,1.17805,38358,57617.5,0,NaN,NaN,NaN,NaN,NaN,NaN,642108
1602108000,1.1783,1.1792,1.17755,1.179,13546,53820.7,0,NaN,NaN,NaN,NaN,NaN,NaN,642108
1602136800,1.17905,1.1797,1.1748,1.17595,72295,54058.8,0,NaN,NaN,NaN,NaN,NaN,NaN,642108
1602165600,1.176,1.17775,1.1749,1.1776,39667,55032,0,NaN,NaN,NaN,NaN,NaN,NaN,638449
1602194400,1.17755,1.17965,1.17735,1.17875,15311,51397.8,0,NaN,NaN,NaN,NaN,NaN,NaN,638449
1602223200,1.17875,1.18345,1.17825,1.18225,76743,50371.7,0,NaN,NaN,NaN,NaN,NaN,NaN,638449
1602252000,1.18225,1.18475,1.1821,1.18475,54342,52292.75,0,NaN,NaN,NaN,NaN,NaN,NaN,643478
1602453600,1.18325,1.1842,1.18235,1.1836,15806,47612.7,0,NaN,NaN,NaN,NaN,NaN,NaN,643478
1602482400,1.18355,1.18385,1.1802,1.18305,61564,47784.85,0,NaN,NaN,NaN,NaN,NaN,NaN,643478
1602511200,1.18305,1.18325,1.18175,1.1828,32801,47898.6,0,NaN,NaN,NaN,NaN,NaN,NaN,640787
1602540000,1.1827,1.1831,1.1806,1.18095,17037,43902.3,0,NaN,NaN,NaN,NaN,NaN,NaN,640787
1602568800,1.18095,1.1815,1.17625,1.17695,81388,45352,0,NaN,NaN,NaN,NaN,NaN,NaN,640787
1602597600,1.1769,1.17715,1.1745,1.17615,62586,47607.9,0,NaN,NaN,NaN,NaN,NaN,NaN,635674
1602626400,1.1758,1.1766,1.17505,1.17605,15396,44742.8,0,NaN,NaN,NaN,NaN,NaN,NaN,635674
1602655200,1.1761,1.1785,1.17345,1.17765,77308,46120.95,0,NaN,NaN,NaN,NaN,NaN,NaN,635674
1602684000,1.17765,1.17865,1.1759,1.1761,44862,47640.9,0,NaN,NaN,NaN,NaN,NaN,NaN,630474
1602712800,1.17625,1.17725,1.1755,1.1769,15606,44470.2,0,NaN,NaN,NaN,NaN,NaN,NaN,630474
1602741600,1.17695,1.17695,1.1703,1.17125,99223,46313.95,0,NaN,NaN,NaN,NaN,NaN,NaN,630474
1602770400,1.1712,1.17245,1.1702,1.1721,55634,48107.6,0,NaN,NaN,NaN,NaN,NaN,NaN,633013
1602799200,1.17225,1.1729,1.17145,1.17225,15416,45244.45,0,NaN,NaN,NaN,NaN,NaN,NaN,633013
1602828000,1.1722,1.17605,1.17075,1.17445,88010,47727.05,0,NaN,NaN,NaN,NaN,NaN,NaN,633013
1602856800,1.1744,1.17505,1.1727,1.17335,40987,49099.1,0,NaN,NaN,NaN,NaN,NaN,NaN,629666
1603058400,1.1735,1.1739,1.17175,1.17265,14639,46216.3,0,NaN,NaN,NaN,NaN,NaN,NaN,629666
1603087200,1.1726,1.1803,1.1717,1.1797,97520,49108.95,0,NaN,NaN,NaN,NaN,NaN,NaN,629666
1603116000,1.17965,1.18075,1.1778,1.17825,57586,51222.7,0,NaN,NaN,NaN,NaN,NaN,NaN,631283
1603144800,1.1779,1.17945,1.1777,1.1791,14588,48114.95,0,NaN,NaN,NaN,NaN,NaN,NaN,631283
1603173600,1.1791,1.18375,1.17735,1.18335,84750,49635.35,0,NaN,NaN,NaN,NaN,NaN,NaN,631283
1603202400,1.18335,1.18545,1.1829,1.18355,63958,52042.95,0,NaN,NaN,NaN,NaN,NaN,NaN,635875
1603231200,1.1835,1.18635,1.18345,1.1859,24780,50203.75,0,NaN,NaN,NaN,NaN,NaN,NaN,635875
1603260000,1.1859,1.1884,1.1855,1.18735,101577,53642.55,0,NaN,NaN,NaN,NaN,NaN,NaN,635875
1603288800,1.1874,1.18945,1.1868,1.18745,55913,55586.35,0,NaN,NaN,NaN,NaN,NaN,NaN,630801
1603317600,1.18745,1.1878,1.1851,1.1861,19337,52483.8,0,NaN,NaN,NaN,NaN,NaN,NaN,630801
1603346400,1.18605,1.18795,1.18235,1.18355,87263,53717.65,0,NaN,NaN,NaN,NaN,NaN,NaN,630801
1603375200,1.1836,1.1846,1.1828,1.18315,43441,55119.9,0,NaN,NaN,NaN,NaN,NaN,NaN,627430
1603404000,1.18325,1.18355,1.1799,1.1816,25534,52531.2,0,NaN,NaN,NaN,NaN,NaN,NaN,627430
1603432800,1.18165,1.1873,1.1804,1.18515,86602,54618.2,0,NaN,NaN,NaN,NaN,NaN,NaN,627430
1603461600,1.1852,1.18775,1.1838,1.18745,53475,56511.65,0,NaN,NaN,NaN,NaN,NaN,NaN,628363
1603663200,1.187,1.18725,1.1841,1.18435,16412,52371.1,0,NaN,NaN,NaN,NaN,NaN,NaN,628363
1603692000,1.1844,1.18595,1.1815,1.18295,84103,53794.55,0,NaN,NaN,NaN,NaN,NaN,NaN,628363
1603720800,1.18295,1.18385,1.1819,1.18215,50326,55540.05,0,NaN,NaN,NaN,NaN,NaN,NaN,625564
1603749600,1.1822,1.18475,1.1819,1.1846,14362,51857.65,0,NaN,NaN,NaN,NaN,NaN,NaN,625564
1603778400,1.18455,1.18505,1.18085,1.1847,69531,53284.85,0,NaN,NaN,NaN,NaN,NaN,NaN,625564
1603807200,1.18475,1.18515,1.1804,1.18075,54375,55271.65,0,NaN,NaN,NaN,NaN,NaN,NaN,626988
1603836000,1.18,1.1801,1.1781,1.1796,24679,51629.6,0,NaN,NaN,NaN,NaN,NaN,NaN,626988
1603864800,1.17955,1.1797,1.1729,1.17455,125930,55046.8,0,NaN,NaN,NaN,NaN,NaN,NaN,626988
1603893600,1.17455,1.1772,1.1732,1.1757,80486,58341.7,0,NaN,NaN,NaN,NaN,NaN,NaN,629386
1603922400,1.17555,1.17695,1.1755,1.1765,18766,55042.5,0,NaN,NaN,NaN,NaN,NaN,NaN,629386
1603951200,1.17655,1.1768,1.16905,1.1703,102626,56975.9,0,NaN,NaN,NaN,NaN,NaN,NaN,629386
1603980000,1.17035,1.1711,1.1661,1.1684,92704,60372.1,0,NaN,NaN,NaN,NaN,NaN,NaN,627558
1604008800,1.1684,1.1705,1.1679,1.1691,21621,56374.3,0,NaN,NaN,NaN,NaN,NaN,NaN,627558
1604037600,1.1691,1.1715,1.1671,1.1697,82633,57710.3,0,NaN,NaN,NaN,NaN,NaN,NaN,627558
1604066400,1.1698,1.17,1.1651,1.1658,88431,61165,0,NaN,NaN,NaN,NaN,NaN,NaN,622775
1604271600,1.1655,1.16595,1.16405,1.16535,18601,57731.9,0,NaN,NaN,NaN,NaN,NaN,NaN,622775
1604300400,1.16535,1.1667,1.1632,1.1643,67810,58950.35,0,NaN,NaN,NaN,NaN,NaN,NaN,622775
1604329200,1.16425,1.16525,1.16335,1.1651,42875,59817.4,0,NaN,NaN,NaN,NaN,NaN,NaN,618877
1604358000,1.16505,1.1677,1.1648,1.1671,17749,56374.75,0,NaN,NaN,NaN,NaN,NaN,NaN,618877
1604386800,1.16715,1.1735,1.16685,1.17225,75429,57472.45,0,NaN,NaN,NaN,NaN,NaN,NaN,618877
1604415600,1.17225,1.1751,1.1707,1.1729,54968,59400.25,0,NaN,NaN,NaN,NaN,NaN,NaN,617899
1604444400,1.1741,1.17825,1.16125,1.16545,100227,60206.45,0,NaN,NaN,NaN,NaN,NaN,NaN,617899
1604473200,1.16545,1.17565,1.16385,1.17185,106426,63011.45,0,NaN,NaN,NaN,NaN,NaN,NaN,617899
1604502000,1.1719,1.17445,1.17075,1.17325,49237,64755.2,0,NaN,NaN,NaN,NaN,NaN,NaN,620960
1604530800,1.1733,1.17545,1.17205,1.17445,19081,62232.7,0,NaN,NaN,NaN,NaN,NaN,NaN,620960
1604559600,1.1744,1.1869,1.1737,1.18375,116877,65357.8,0,NaN,NaN,NaN,NaN,NaN,NaN,620960
1604588400,1.18375,1.18535,1.18,1.18385,68050,67526.35,0,NaN,NaN,NaN,NaN,NaN,NaN,627202
1604617200,1.18335,1.1857,1.18045,1.18385,31303,62795,0,NaN,NaN,NaN,NaN,NaN,NaN,627202
1604646000,1.1838,1.19005,1.1835,1.18705,100083,63774.85,0,NaN,NaN,NaN,NaN,NaN,NaN,627202
1604674800,1.18705,1.18995,1.1868,1.18845,58284,65750.75,0,NaN,NaN,NaN,NaN,NaN,NaN,624441
1604876400,1.18965,1.19045,1.18865,1.1901,22197,61729.3,0,NaN,NaN,NaN,NaN,NaN,NaN,624441
1604905200,1.1901,1.19295,1.18685,1.1872,135603,63874.25,0,NaN,NaN,NaN,NaN,NaN,NaN,624441
1604934000,1.1872,1.1882,1.18035,1.18235,80249,66805.65,0,NaN,NaN,NaN,NaN,NaN,NaN,625059
1604962800,1.1825,1.18475,1.18165,1.18385,21977,63772.85,0,NaN,NaN,NaN,NaN,NaN,NaN,625059
1604991600,1.1839,1.1853,1.17885,1.18225,82636,63483.1,0,NaN,NaN,NaN,NaN,NaN,NaN,625059
1605020400,1.1822,1.1843,1.18115,1.18245,45152,64810.65,0,NaN,NaN,NaN,NaN,NaN,NaN,628321
1605049200,1.1826,1.18415,1.18255,1.18325,15729,62206.6,0,NaN,NaN,NaN,NaN,NaN,NaN,628321
1605078000,1.18325,1.1837,1.1754,1.1761,83186,64222.15,0,NaN,NaN,NaN,NaN,NaN,NaN,628321
1605106800,1.17605,1.1791,1.17535,1.17875,34644,65066.9,0,NaN,NaN,NaN,NaN,NaN,NaN,625698
1605135600,1.17835,1.1796,1.1767,1.17735,13592,61975.05,0,NaN,NaN,NaN,NaN,NaN,NaN,625698
1605164400,1.17735,1.1831,1.1771,1.18045,66394,62546.35,0,NaN,NaN,NaN,NaN,NaN,NaN,625698
1605193200,1.18045,1.18255,1.18,1.1813,42241,59647.05,0,NaN,NaN,NaN,NaN,NaN,NaN,624963
1605222000,1.18135,1.1821,1.18065,1.18145,12936,54972.55,0,NaN,NaN,NaN,NaN,NaN,NaN,624963
1605250800,1.1815,1.1842,1.1808,1.1824,44628,54742.1,0,NaN,NaN,NaN,NaN,NaN,NaN,624963
1605279600,1.18245,1.18455,1.1822,1.1845,27993,55187.7,0,NaN,NaN,NaN,NaN,NaN,NaN,623663
1605481200,1.18465,1.1862,1.1845,1.18585,14350,50061.35,0,NaN,NaN,NaN,NaN,NaN,NaN,623663
1605510000,1.1859,1.1877,1.1821,1.1834,77638,50540.75,0,NaN,NaN,NaN,NaN,NaN,NaN,623663
1605538800,1.1834,1.1864,1.18275,1.18605,29206,50435.9,0,NaN,NaN,NaN,NaN,NaN,NaN,622082
1605567600,1.18625,1.1874,1.18585,1.18625,16048,46234.15,0,NaN,NaN,NaN,NaN,NaN,NaN,622082
1605596400,1.1863,1.19015,1.18495,1.18785,66527,46646.3,0,NaN,NaN,NaN,NaN,NaN,NaN,622082
1605625200,1.18785,1.1884,1.18645,1.1868,41450,47608.95,0,NaN,NaN,NaN,NaN,NaN,NaN,626990
1605654000,1.18695,1.18855,1.1857,1.1883,18228,41740.2,0,NaN,NaN,NaN,NaN,NaN,NaN,626990
1605682800,1.1883,1.18975,1.18575,1.1872,53946,40425.05,0,NaN,NaN,NaN,NaN,NaN,NaN,626990
1605711600,1.18725,1.18835,1.1856,1.18595,40831,41367.75,0,NaN,NaN,NaN,NaN,NaN,NaN,627588
1605740400,1.18595,1.18605,1.18375,1.18565,23127,38392.3,0,NaN,NaN,NaN,NaN,NaN,NaN,627588
1605769200,1.1856,1.1858,1.1822,1.1837,64053,39337.35,0,NaN,NaN,NaN,NaN,NaN,NaN,627588
1605798000,1.1837,1.18885,1.18335,1.188,52019,41151.85,0,NaN,NaN,NaN,NaN,NaN,NaN,630317
1605826800,1.1879,1.18965,1.1871,1.18895,19715,37978.3,0,NaN,NaN,NaN,NaN,NaN,NaN,630317
1605855600,1.1889,1.1892,1.18565,1.1875,59427,39217.45,0,NaN,NaN,NaN,NaN,NaN,NaN,630317
1605884400,1.18745,1.188,1.1855,1.18625,40811,40578.4,0,NaN,NaN,NaN,NaN,NaN,NaN,629246
1606086000,1.1865,1.1884,1.18625,1.188,8788,37698.1,0,NaN,NaN,NaN,NaN,NaN,NaN,629246
1606114800,1.188,1.1912,1.18685,1.1874,90359,40104,0,NaN,NaN,NaN,NaN,NaN,NaN,629246
1606143600,1.1874,1.18745,1.18045,1.1846,101049,44509.65,0,NaN,NaN,NaN,NaN,NaN,NaN,628870
1606172400,1.1847,1.18625,1.18435,1.1857,17137,43135.1,0,NaN,NaN,NaN,NaN,NaN,NaN,628870
1606201200,1.18575,1.18995,1.1846,1.187,78272,45649.05,0,NaN,NaN,NaN,NaN,NaN,NaN,628870
1606230000,1.18695,1.1902,1.1861,1.1898,46074,47235.25,0,NaN,NaN,NaN,NaN,NaN,NaN,630187
1606258800,1.1898,1.1915,1.1895,1.19025,28517,44779.2,0,NaN,NaN,NaN,NaN,NaN,NaN,630187
1606287600,1.1902,1.1935,1.18865,1.19125,88550,47746.4,0,NaN,NaN,NaN,NaN,NaN,NaN,630187
1606316400,1.1912,1.19315,1.19,1.19175,62597,50073.85,0,NaN,NaN,NaN,NaN,NaN,NaN,628522
1606345200,1.1921,1.1943,1.19185,1.1939,12977,47396.35,0,NaN,NaN,NaN,NaN,NaN,NaN,628522
1606374000,1.19395,1.1945,1.1889,1.1905,52796,47963.65,0,NaN,NaN,NaN,NaN,NaN,NaN,628522
1606402800,1.1905,1.19185,1.19,1.1917,11022,47603.35,0,NaN,NaN,NaN,NaN,NaN,NaN,628522
1606431600,1.1916,1.1933,1.1913,1.19285,10877,45449.9,0,NaN,NaN,NaN,NaN,NaN,NaN,628522
1606460400,1.1929,1.19505,1.19185,1.19475,58997,46358.2,0,NaN,NaN,NaN,NaN,NaN,NaN,628522
1606489200,1.19475,1.19665,1.1939,1.19545,39402,47171.95,0,NaN,NaN,NaN,NaN,NaN,NaN,629388
1606690800,1.1968,1.198,1.19665,1.1967,20107,44974.65,0,NaN,NaN,NaN,NaN,NaN,NaN,629388
1606719600,1.19665,1.2003,1.1966,1.19985,78856,46316.5,0,NaN,NaN,NaN,NaN,NaN,NaN,629388
1606748400,1.1999,1.20075,1.19275,1.19275,118056,51233.55,0,NaN,NaN,NaN,NaN,NaN,NaN,624043
1606777200,1.1932,1.19635,1.1932,1.19605,17028,49113.6,0,NaN,NaN,NaN,NaN,NaN,NaN,624043
1606806000,1.1961,1.2004,1.1957,1.19975,90805,51613.3,0,NaN,NaN,NaN,NaN,NaN,NaN,624043
1606834800,1.1998,1.208,1.19875,1.20745,117031,57025.45,0,NaN,NaN,NaN,NaN,NaN,NaN,628467
1606863600,1.2076,1.2087,1.20635,1.20685,23823,53698.65,0,NaN,NaN,NaN,NaN,NaN,NaN,628467
1606892400,1.20685,1.2091,1.2043,1.20855,116224,54457.4,0,NaN,NaN,NaN,NaN,NaN,NaN,628467
1606921200,1.20855,1.21215,1.2078,1.21185,78065,57503.8,0,NaN,NaN,NaN,NaN,NaN,NaN,622031
1606950000,1.21155,1.21275,1.21065,1.212,18940,54537.2,0,NaN,NaN,NaN,NaN,NaN,NaN,622031
1606978800,1.21205,1.21715,1.2103,1.2162,123932,58430.1,0,NaN,NaN,NaN,NaN,NaN,NaN,622031
1607007600,1.21625,1.2177,1.2135,1.215,74317,60720.1,0,NaN,NaN,NaN,NaN,NaN,NaN,618315
1607036400,1.2144,1.21595,1.21405,1.2157,16342,57109.7,0,NaN,NaN,NaN,NaN,NaN,NaN,618315
1607065200,1.2157,1.2179,1.2134,1.21585,103749,59167.3,0,NaN,NaN,NaN,NaN,NaN,NaN,618315
1607094000,1.21585,1.21685,1.2112,1.21235,67225,61879.7,0,NaN,NaN,NaN,NaN,NaN,NaN,610574
1607295600,1.2132,1.2142,1.2121,1.21305,12661,59872.95,0,NaN,NaN,NaN,NaN,NaN,NaN,610574
1607324400,1.21305,1.2168,1.208,1.21525,100721,64357.9,0,NaN,NaN,NaN,NaN,NaN,NaN,610574
1607353200,1.21525,1.21545,1.2109,1.2111,56244,66626.25,0,NaN,NaN,NaN,NaN,NaN,NaN,583333
1607382000,1.21125,1.21245,1.2106,1.2117,11039,64228.35,0,NaN,NaN,NaN,NaN,NaN,NaN,583333
1607410800,1.21175,1.21355,1.20965,1.2126,73827,65949.6,0,NaN,NaN,NaN,NaN,NaN,NaN,583333
1607439600,1.2126,1.213,1.21015,1.2107,48062,67347.35,0,NaN,NaN,NaN,NaN,NaN,NaN,521586
1607468400,1.21065,1.2149,1.21055,1.21395,17150,64262.05,0,NaN,NaN,NaN,NaN,NaN,NaN,521586
1607497200,1.214,1.21425,1.2097,1.21,75390,62128.75,0,NaN,NaN,NaN,NaN,NaN,NaN,521586
1607526000,1.21,1.21055,1.20595,1.2082,72356,64895.15,0,NaN,NaN,NaN,NaN,NaN,NaN,321017
1607554800,1.20815,1.21005,1.2076,1.20885,12352,60972.5,0,NaN,NaN,NaN,NaN,NaN,NaN,321017
1607583600,1.2088,1.21555,1.20815,1.2153,101787,60210.3,0,NaN,NaN,NaN,NaN,NaN,NaN,321017
1607612400,1.21525,1.21595,1.2111,1.2142,62903,62164.3,0,NaN,NaN,NaN,NaN,NaN,NaN,157290
1607641200,1.21705,1.21935,1.21705,1.21865,14235,57064.85,0,NaN,NaN,NaN,NaN,NaN,NaN,157290
1607670000,1.2187,1.2189,1.21405,1.21475,84593,57391.25,0,NaN,NaN,NaN,NaN,NaN,NaN,157290
1607698800,1.21475,1.21595,1.2136,1.21425,44967,58692.6,0,NaN,NaN,NaN,NaN,NaN,NaN,642821
1607900400,1.2162,1.2174,1.21455,1.2173,15746,53283.3,0,NaN,NaN,NaN,NaN,NaN,NaN,642821
1607929200,1.2173,1.2206,1.2168,1.21935,87009,53917.9,0,NaN,NaN,NaN,NaN,NaN,NaN,642821
1607958000,1.2193,1.2195,1.2152,1.21725,65414,56371.5,0,NaN,NaN,NaN,NaN,NaN,NaN,647171
1607986800,1.2174,1.21915,1.2172,1.2177,14948,51931.45,0,NaN,NaN,NaN,NaN,NaN,NaN,647171
1608015600,1.2177,1.21945,1.2149,1.2172,80216,52581,0,NaN,NaN,NaN,NaN,NaN,NaN,647171
1608044400,1.21725,1.2198,1.2171,1.2181,48294,54362.65,0,NaN,NaN,NaN,NaN,NaN,NaN,649525
1608073200,1.2181,1.21935,1.2174,1.21915,11489,49901.05,0,NaN,NaN,NaN,NaN,NaN,NaN,649525
1608102000,1.21915,1.2241,1.2181,1.2227,104690,52323.35,0,NaN,NaN,NaN,NaN,NaN,NaN,649525
1608130800,1.2227,1.22325,1.21555,1.223,89665,56254.65,0,NaN,NaN,NaN,NaN,NaN,NaN,654128
1608159600,1.2229,1.2265,1.22195,1.2261,23386,53732.6,0,NaN,NaN,NaN,NaN,NaN,NaN,654128
1608188400,1.2261,1.2292,1.22555,1.2282,87126,55685.8,0,NaN,NaN,NaN,NaN,NaN,NaN,654128
1608217200,1.2282,1.23035,1.22705,1.2302,60300,57843.3,0,NaN,NaN,NaN,NaN,NaN,NaN,654942
1608246000,1.22995,1.23,1.22695,1.22845,17963,54971.95,0,NaN,NaN,NaN,NaN,NaN,NaN,654942
1608274800,1.2284,1.22975,1.2257,1.2267,71917,54950,0,NaN,NaN,NaN,NaN,NaN,NaN,654942
1608303600,1.2267,1.22895,1.22555,1.2289,50890,56876.9,0,NaN,NaN,NaN,NaN,NaN,NaN,654042
1608505200,1.22555,1.22665,1.2209,1.2229,28556,53215.35,0,NaN,NaN,NaN,NaN,NaN,NaN,654042
1608534000,1.2229,1.2257,1.2158,1.22395,151858,57663.1,0,NaN,NaN,NaN,NaN,NaN,NaN,654042
1608562800,1.22395,1.2285,1.2237,1.22755,61277,60015.2,0,NaN,NaN,NaN,NaN,NaN,NaN,652063
1608591600,1.2271,1.22805,1.22465,1.22475,15940,56582.55,0,NaN,NaN,NaN,NaN,NaN,NaN,652063
1608620400,1.2248,1.22905,1.22355,1.2239,91955,58931.95,0,NaN,NaN,NaN,NaN,NaN,NaN,652063
1608649200,1.22395,1.22435,1.2185,1.2196,63251,61307.2,0,NaN,NaN,NaN,NaN,NaN,NaN,661550
1608678000,1.2195,1.22235,1.2186,1.2216,21912,58052.35,0,NaN,NaN,NaN,NaN,NaN,NaN,661550
1608706800,1.22155,1.2251,1.21895,1.2237,88673,59215.3,0,NaN,NaN,NaN,NaN,NaN,NaN,661550
1608735600,1.2237,1.22485,1.22015,1.22145,63198,61627.8,0,NaN,NaN,NaN,NaN,NaN,NaN,665179
1608764400,1.22175,1.22435,1.22125,1.22345,11722,58203.1,0,NaN,NaN,NaN,NaN,NaN,NaN,665179
1608793200,1.2235,1.2237,1.2205,1.2217,28345,57205.65,0,NaN,NaN,NaN,NaN,NaN,NaN,665179
1608822000,1.2217,1.22255,1.22055,1.2212,12554,57258.9,0,NaN,NaN,NaN,NaN,NaN,NaN,664728
1609110000,1.2219,1.22535,1.2208,1.2251,18440,52946.4,0,NaN,NaN,NaN,NaN,NaN,NaN,664728
1609138800,1.22515,1.2278,1.2217,1.2258,66188,51772.55,0,NaN,NaN,NaN,NaN,NaN,NaN,664728
1609167600,1.22575,1.2261,1.2228,1.2239,34136,52310.05,0,NaN,NaN,NaN,NaN,NaN,NaN,663825
1609196400,1.2234,1.22665,1.22335,1.2266,15938,48750.65,0,NaN,NaN,NaN,NaN,NaN,NaN,663825
1609225200,1.2266,1.23,1.22605,1.2292,55762,48523.75,0,NaN,NaN,NaN,NaN,NaN,NaN,663825
1609254000,1.22915,1.2293,1.22615,1.2276,51263,50188.75,0,NaN,NaN,NaN,NaN,NaN,NaN,663943
1609282800,1.22745,1.2315,1.2271,1.23015,20663,47626.05,0,NaN,NaN,NaN,NaN,NaN,NaN,663943
1609311600,1.2301,1.233,1.22725,1.2317,72613,48712.2,0,NaN,NaN,NaN,NaN,NaN,NaN,663943
1609340400,1.23165,1.23265,1.22965,1.23195,40360,49302.4,0,NaN,NaN,NaN,NaN,NaN,NaN,663129
1609369200,1.2319,1.2329,1.2305,1.23115,11971,42308.05,0,NaN,NaN,NaN,NaN,NaN,NaN,663129
1609398000,1.23115,1.23235,1.22795,1.22895,56450,42066.7,0,NaN,NaN,NaN,NaN,NaN,NaN,663129
1609426800,1.22895,1.22905,1.2229,1.22335,61009,44320.15,0,NaN,NaN,NaN,NaN,NaN,NaN,662648
1609714800,1.2252,1.2278,1.2249,1.2275,24519,40948.35,0,NaN,NaN,NaN,NaN,NaN,NaN,662648
1609743600,1.22755,1.23295,1.2273,1.2308,85984,42085,0,NaN,NaN,NaN,NaN,NaN,NaN,662648
1609772400,1.23085,1.231,1.226,1.2268,68044,44391.6,0,NaN,NaN,NaN,NaN,NaN,NaN,664378
1609801200,1.2268,1.22955,1.22655,1.2288,15246,40720.25,0,NaN,NaN,NaN,NaN,NaN,NaN,664378
1609830000,1.2288,1.23085,1.22735,1.2283,60577,40589.2,0,NaN,NaN,NaN,NaN,NaN,NaN,664378
1609858800,1.2282,1.2324,1.22715,1.2316,54570,42731.6,0,NaN,NaN,NaN,NaN,NaN,NaN,665795
1609887600,1.2316,1.23455,1.22925,1.23345,37697,43199.2,0,NaN,NaN,NaN,NaN,NaN,NaN,665795
1609916400,1.23345,1.2368,1.231,1.23275,96659,47404.45,0,NaN,NaN,NaN,NaN,NaN,NaN,665795
1609945200,1.23275,1.2358,1.22835,1.2345,77653,50365.1,0,NaN,NaN,NaN,NaN,NaN,NaN,665737
1609974000,1.23445,1.2362,1.23255,1.2338,17146,47913,0,NaN,NaN,NaN,NaN,NaN,NaN,665737
1610002800,1.2338,1.2343,1.2262,1.2276,90746,50743.5,0,NaN,NaN,NaN,NaN,NaN,NaN,665737
1610031600,1.2276,1.2297,1.22635,1.2288,51372,52515.2,0,NaN,NaN,NaN,NaN,NaN,NaN,663832
1610060400,1.2286,1.229,1.22525,1.2281,21915,50822.85,0,NaN,NaN,NaN,NaN,NaN,NaN,663832
1610089200,1.22805,1.2302,1.223,1.22675,98455,53182.45,0,NaN,NaN,NaN,NaN,NaN,NaN,663832
1610118000,1.22675,1.2281,1.221,1.22415,90895,56694.05,0,NaN,NaN,NaN,NaN,NaN,NaN,666881
1610319600,1.22335,1.2235,1.21835,1.22065,24887,54307.75,0,NaN,NaN,NaN,NaN,NaN,NaN,666881
1610348400,1.22065,1.2217,1.21505,1.21545,80540,56316.75,0,NaN,NaN,NaN,NaN,NaN,NaN,666881
1610377200,1.21545,1.21915,1.21485,1.2168,41950,57815.7,0,NaN,NaN,NaN,NaN,NaN,NaN,668421
1610406000,1.21715,1.2179,1.21555,1.21775,15529,55769.65,0,NaN,NaN,NaN,NaN,NaN,NaN,668421
1610434800,1.2177,1.2196,1.21535,1.2168,71135,56275.95,0,NaN,NaN,NaN,NaN,NaN,NaN,668421
1610463600,1.21675,1.2226,1.21655,1.2225,54882,57794.1,0,NaN,NaN,NaN,NaN,NaN,NaN,670033
1610492400,1.22225,1.22375,1.22175,1.22305,17551,54372.45,0,NaN,NaN,NaN,NaN,NaN,NaN,670033
1610521200,1.223,1.22395,1.21695,1.218,75469,54743.7,0,NaN,NaN,NaN,NaN,NaN,NaN,670033
1610550000,1.218,1.21965,1.21555,1.21735,50967,56529.75,0,NaN,NaN,NaN,NaN,NaN,NaN,671254
1610578800,1.21745,1.2187,1.215,1.21655,19314,54466.6,0,NaN,NaN,NaN,NaN,NaN,NaN,671254
1610607600,1.2165,1.2183,1.2125,1.2132,78196,55647.9,0,NaN,NaN,NaN,NaN,NaN,NaN,671254
1610636400,1.2132,1.2195,1.2127,1.21695,67259,57126,0,NaN,NaN,NaN,NaN,NaN,NaN,672115
1610665200,1.2166,1.2178,1.21485,1.21525,12826,52934.35,0,NaN,NaN,NaN,NaN,NaN,NaN,672115
1610694000,1.21525,1.2162,1.21085,1.21125,72265,52664.95,0,NaN,NaN,NaN,NaN,NaN,NaN,672115
1610722800,1.2113,1.2117,1.20885,1.20885,57303,54672.8,0,NaN,NaN,NaN,NaN,NaN,NaN,672008
1610924400,1.2096,1.2102,1.20795,1.20955,16030,50937,0,NaN,NaN,NaN,NaN,NaN,NaN,672008
1610953200,1.2095,1.2101,1.20675,1.2086,53671,51051.95,0,NaN,NaN,NaN,NaN,NaN,NaN,672008
1610982000,1.20865,1.20955,1.20825,1.20885,11658,50539.1,0,NaN,NaN,NaN,NaN,NaN,NaN,672008
1611010800,1.2091,1.21125,1.20875,1.2112,14934,46363.05,0,NaN,NaN,NaN,NaN,NaN,NaN,672008
1611039600,1.21125,1.216,1.20995,1.2141,82771,45956.85,0,NaN,NaN,NaN,NaN,NaN,NaN,672008
1611068400,1.21405,1.215,1.21305,1.2144,46633,47044.15,0,NaN,NaN,NaN,NaN,NaN,NaN,669718
1611097200,1.2145,1.2174,1.2141,1.21635,15751,43804.7,0,NaN,NaN,NaN,NaN,NaN,NaN,669718
1611126000,1.2163,1.21725,1.2091,1.20945,84156,45915,0,NaN,NaN,NaN,NaN,NaN,NaN,669718
1611154800,1.20945,1.2132,1.20945,1.212,43656,47321.35,0,NaN,NaN,NaN,NaN,NaN,NaN,665897
1611183600,1.21225,1.2152,1.21215,1.2145,13780,44453.6,0,NaN,NaN,NaN,NaN,NaN,NaN,665897
1611212400,1.21445,1.2187,1.2127,1.2164,95307,46474.85,0,NaN,NaN,NaN,NaN,NaN,NaN,665897
1611241200,1.2164,1.2184,1.2149,1.218,51980,48196.3,0,NaN,NaN,NaN,NaN,NaN,NaN,675753
1611270000,1.218,1.21915,1.2175,1.21785,16329,45239.3,0,NaN,NaN,NaN,NaN,NaN,NaN,675753
1611298800,1.2178,1.2203,1.21645,1.2188,79875,46684.7,0,NaN,NaN,NaN,NaN,NaN,NaN,675753
1611327600,1.21875,1.2198,1.21755,1.2186,38588,47648.4,0,NaN,NaN,NaN,NaN,NaN,NaN,671534
1611529200,1.2183,1.2197,1.2173,1.219,16077,44542.45,0,NaN,NaN,NaN,NaN,NaN,NaN,671534
1611558000,1.219,1.2196,1.2132,1.21335,85948,45476.9,0,NaN,NaN,NaN,NaN,NaN,NaN,671534
1611586800,1.21335,1.2161,1.2129,1.21545,52074,47439.3,0,NaN,NaN,NaN,NaN,NaN,NaN,672669
1611615600,1.2155,1.21595,1.21365,1.214,13053,44478.7,0,NaN,NaN,NaN,NaN,NaN,NaN,672669
1611644400,1.21405,1.2177,1.21205,1.21725,83384,45782.75,0,NaN,NaN,NaN,NaN,NaN,NaN,672669
1611673200,1.2172,1.2189,1.2152,1.2172,66625,48312.5,0,NaN,NaN,NaN,NaN,NaN,NaN,670681
1611702000,1.2172,1.21825,1.21655,1.2175,13843,46321.1,0,NaN,NaN,NaN,NaN,NaN,NaN,670681
1611730800,1.2175,1.21755,1.20695,1.208,159587,53717.55,0,NaN,NaN,NaN,NaN,NaN,NaN,670681
1611759600,1.208,1.21425,1.20795,1.21235,107129,58327.3,0,NaN,NaN,NaN,NaN,NaN,NaN,676126
1611788400,1.21205,1.21235,1.20935,1.21145,21284,55252.95,0,NaN,NaN,NaN,NaN,NaN,NaN,676126
1611817200,1.21145,1.21545,1.2092,1.21425,115302,58686.4,0,NaN,NaN,NaN,NaN,NaN,NaN,676126
1611846000,1.2142,1.2154,1.21295,1.2134,61925,60995.1,0,NaN,NaN,NaN,NaN,NaN,NaN,671431
1611874800,1.21345,1.21365,1.21055,1.2117,19142,57744.4,0,NaN,NaN,NaN,NaN,NaN,NaN,671431
1611903600,1.21165,1.2168,1.21085,1.2158,110018,61062.5,0,NaN,NaN,NaN,NaN,NaN,NaN,671431
1611932400,1.2158,1.2167,1.21365,1.21485,88524,64799.7,0,NaN,NaN,NaN,NaN,NaN,NaN,666899
1612134000,1.21415,1.21475,1.21305,1.21405,17664,60917.55,0,NaN,NaN,NaN,NaN,NaN,NaN,666899
1612162800,1.214,1.2142,1.20795,1.20975,100368,63336.95,0,NaN,NaN,NaN,NaN,NaN,NaN,666899
1612191600,1.20985,1.2109,1.20665,1.20715,58673,65454.15,0,NaN,NaN,NaN,NaN,NaN,NaN,668946
1612220400,1.2072,1.20985,1.2071,1.20815,20011,62460.95,0,NaN,NaN,NaN,NaN,NaN,NaN,668946
1612249200,1.2081,1.20975,1.20295,1.20335,111988,66130.95,0,NaN,NaN,NaN,NaN,NaN,NaN,668946
1612278000,1.2034,1.2056,1.20215,1.20535,60398,68347,0,NaN,NaN,NaN,NaN,NaN,NaN,667841
1612306800,1.20525,1.206,1.20445,1.20475,16800,64889.6,0,NaN,NaN,NaN,NaN,NaN,NaN,667841
1612335600,1.20475,1.20525,1.20145,1.2036,92309,66901.35,0,NaN,NaN,NaN,NaN,NaN,NaN,667841
1612364400,1.2036,1.20475,1.20135,1.2046,41989,68348.15,0,NaN,NaN,NaN,NaN,NaN,NaN,662128
1612393200,1.2045,1.2052,1.2016,1.2021,16648,65011.35,0,NaN,NaN,NaN,NaN,NaN,NaN,662128
1612422000,1.20205,1.2023,1.1984,1.19895,94369,66398.55,0,NaN,NaN,NaN,NaN,NaN,NaN,662128
1612450800,1.19895,1.19935,1.1966,1.1972,51990,68305.9,0,NaN,NaN,NaN,NaN,NaN,NaN,658508
1612479600,1.1973,1.1981,1.19605,1.19745,14670,61060.05,0,NaN,NaN,NaN,NaN,NaN,NaN,658508
1612508400,1.1974,1.2033,1.19685,1.20305,107407,61073.95,0,NaN,NaN,NaN,NaN,NaN,NaN,658508
1612537200,1.203,1.206,1.2027,1.2058,64866,63253.05,0,NaN,NaN,NaN,NaN,NaN,NaN,659443
1612738800,1.2054,1.2063,1.20385,1.2048,17775,58376.7,0,NaN,NaN,NaN,NaN,NaN,NaN,659443
1612767600,1.20475,1.2073,1.20285,1.20655,74618,59011.35,0,NaN,NaN,NaN,NaN,NaN,NaN,659443
1612796400,1.20655,1.20745,1.2042,1.20595,52198,60664.15,0,NaN,NaN,NaN,NaN,NaN,NaN,661864
1612825200,1.206,1.2091,1.20555,1.20855,17342,56030.35,0,NaN,NaN,NaN,NaN,NaN,NaN,661864
1612854000,1.2086,1.2125,1.20755,1.20995,110224,57115.35,0,NaN,NaN,NaN,NaN,NaN,NaN,661864
1612882800,1.21,1.21295,1.20965,1.21275,53927,58928.5,0,NaN,NaN,NaN,NaN,NaN,NaN,663002
1612911600,1.2128,1.2138,1.21165,1.2135,14144,54617.3,0,NaN,NaN,NaN,NaN,NaN,NaN,663002
1612940400,1.21345,1.21515,1.2121,1.21325,81554,55761.35,0,NaN,NaN,NaN,NaN,NaN,NaN,663002
1612969200,1.21325,1.21475,1.21245,1.21275,48783,57199.95,0,NaN,NaN,NaN,NaN,NaN,NaN,662707
1612998000,1.21275,1.21375,1.21205,1.21365,8836,52042.35,0,NaN,NaN,NaN,NaN,NaN,NaN,662707
1613026800,1.21365,1.2157,1.2125,1.2142,62041,52124.5,0,NaN,NaN,NaN,NaN,NaN,NaN,662707
1613055600,1.21415,1.215,1.21285,1.21385,43337,53451.35,0,NaN,NaN,NaN,NaN,NaN,NaN,664207
1613084400,1.21395,1.2141,1.21255,1.21325,11842,49428,0,NaN,NaN,NaN,NaN,NaN,NaN,664207
1613113200,1.21325,1.21335,1.20875,1.2099,81402,51398.65,0,NaN,NaN,NaN,NaN,NaN,NaN,664207
1613142000,1.2099,1.21365,1.20985,1.2128,53319,53232.2,0,NaN,NaN,NaN,NaN,NaN,NaN,662351
1613343600,1.2129,1.21475,1.21235,1.21415,13656,49196.55,0,NaN,NaN,NaN,NaN,NaN,NaN,662351
1613372400,1.21415,1.21525,1.21275,1.2131,47350,48964.55,0,NaN,NaN,NaN,NaN,NaN,NaN,662351
1613401200,1.2131,1.21455,1.213,1.21375,11675,48814.8,0,NaN,NaN,NaN,NaN,NaN,NaN,662351
1613430000,1.21375,1.2159,1.2134,1.21465,16652,44277.05,0,NaN,NaN,NaN,NaN,NaN,NaN,662351
1613458800,1.21465,1.21765,1.2101,1.21035,119301,46998.8,0,NaN,NaN,NaN,NaN,NaN,NaN,662351
1613487600,1.2104,1.21305,1.21035,1.2113,53202,48770.15,0,NaN,NaN,NaN,NaN,NaN,NaN,663821
1613516400,1.21105,1.2112,1.2089,1.20925,20241,46051.3,0,NaN,NaN,NaN,NaN,NaN,NaN,663821
1613545200,1.2092,1.2093,1.20365,1.2046,122528,49567.8,0,NaN,NaN,NaN,NaN,NaN,NaN,663821
1613574000,1.2046,1.2053,1.20295,1.2046,63008,51851.1,0,NaN,NaN,NaN,NaN,NaN,NaN,664106
1613602800,1.20485,1.20555,1.2041,1.20515,17117,47195.75,0,NaN,NaN,NaN,NaN,NaN,NaN,664106
1613631600,1.2051,1.2096,1.20415,1.20765,101537,49576.25,0,NaN,NaN,NaN,NaN,NaN,NaN,664106
1613660400,1.20765,1.21005,1.2068,1.2098,56350,51686.55,0,NaN,NaN,NaN,NaN,NaN,NaN,664467
1613689200,1.2098,1.2105,1.20875,1.21005,14968,48357.25,0,NaN,NaN,NaN,NaN,NaN,NaN,664467
1613718000,1.21005,1.21505,1.2096,1.2131,99061,50871.15,0,NaN,NaN,NaN,NaN,NaN,NaN,664467
1613746800,1.21315,1.2146,1.2113,1.2123,54468,53152.75,0,NaN,NaN,NaN,NaN,NaN,NaN,671050
1613948400,1.21295,1.21405,1.2117,1.21245,19035,51002.45,0,NaN,NaN,NaN,NaN,NaN,NaN,671050
1613977200,1.21245,1.21595,1.2096,1.2151,106747,54172.95,0,NaN,NaN,NaN,NaN,NaN,NaN,671050
1614006000,1.2151,1.21745,1.2139,1.21635,60102,56585.95,0,NaN,NaN,NaN,NaN,NaN,NaN,672350
1614034800,1.2164,1.2183,1.2163,1.2176,19907,53511.2,0,NaN,NaN,NaN,NaN,NaN,NaN,672350
1614063600,1.2176,1.2186,1.214,1.2147,76482,54669.35,0,NaN,NaN,NaN,NaN,NaN,NaN,672350
1614092400,1.21465,1.21715,1.21415,1.2155,57444,56858.75,0,NaN,NaN,NaN,NaN,NaN,NaN,669797
1614121200,1.21525,1.2171,1.21475,1.21615,27354,55858.95,0,NaN,NaN,NaN,NaN,NaN,NaN,669797
1614150000,1.21615,1.21795,1.2128,1.2137,109524,60751.4,0,NaN,NaN,NaN,NaN,NaN,NaN,669797
1614178800,1.2137,1.2179,1.21135,1.21755,78658,63851.7,0,NaN,NaN,NaN,NaN,NaN,NaN,664355
1614207600,1.2171,1.2187,1.216,1.2185,21327,58953,0,NaN,NaN,NaN,NaN,NaN,NaN,664355
1614236400,1.2185,1.22475,1.21715,1.22455,153099,63947.85,0,NaN,NaN,NaN,NaN,NaN,NaN,664355
1614265200,1.22455,1.2249,1.2164,1.21795,144701,70170.85,0,NaN,NaN,NaN,NaN,NaN,NaN,680457
1614294000,1.2185,1.2188,1.2141,1.21585,42828,66185.85,0,NaN,NaN,NaN,NaN,NaN,NaN,680457
1614322800,1.21585,1.2163,1.20965,1.2129,144470,70258.95,0,NaN,NaN,NaN,NaN,NaN,NaN,680457
1614351600,1.21285,1.2145,1.2066,1.2075,116223,75214.25,0,NaN,NaN,NaN,NaN,NaN,NaN,674224
1614553200,1.208,1.2105,1.2075,1.2094,24433,71359.05,0,NaN,NaN,NaN,NaN,NaN,NaN,674224
1614582000,1.2094,1.2096,1.2032,1.2044,117557,74419.4,0,NaN,NaN,NaN,NaN,NaN,NaN,674224
1614610800,1.2043,1.20645,1.2031,1.2052,74140,77378,0,NaN,NaN,NaN,NaN,NaN,NaN,668700
1614639600,1.20525,1.20535,1.20185,1.20255,25605,73705.2,0,NaN,NaN,NaN,NaN,NaN,NaN,668700
1614668400,1.2026,1.2049,1.19945,1.20455,97731,75868.35,0,NaN,NaN,NaN,NaN,NaN,NaN,668700
1614697200,1.2045,1.20975,1.20375,1.2093,73312,78582.2,0,NaN,NaN,NaN,NaN,NaN,NaN,655290
1614726000,1.20875,1.2096,1.2082,1.2085,14001,73944.9,0,NaN,NaN,NaN,NaN,NaN,NaN,655290
1614754800,1.20845,1.2116,1.20455,1.20565,110885,76484.05,0,NaN,NaN,NaN,NaN,NaN,NaN,655290
1614783600,1.2057,1.20835,1.20495,1.20655,60700,78523.7,0,NaN,NaN,NaN,NaN,NaN,NaN,651280
1614812400,1.2067,1.20685,1.20455,1.20635,18693,75634.25,0,NaN,NaN,NaN,NaN,NaN,NaN,651280
1614841200,1.2063,1.20645,1.2028,1.204,75796,76551.85,0,NaN,NaN,NaN,NaN,NaN,NaN,651280
1614870000,1.204,1.2056,1.19635,1.19745,136009,81984.6,0,NaN,NaN,NaN,NaN,NaN,NaN,651012
1614898800,1.1975,1.1977,1.19535,1.19555,26270,77821.9,0,NaN,NaN,NaN,NaN,NaN,NaN,651012
1614927600,1.1955,1.19625,1.18945,1.19175,177745,82776.25,0,NaN,NaN,NaN,NaN,NaN,NaN,651012
1614956400,1.19175,1.19305,1.1907,1.1912,77274,85573.6,0,NaN,NaN,NaN,NaN,NaN,NaN,648268
1615158000,1.1919,1.1934,1.189,1.1894,23940,79115.65,0,NaN,NaN,NaN,NaN,NaN,NaN,648268
1615186800,1.18945,1.18995,1.1858,1.18805,95440,76652.6,0,NaN,NaN,NaN,NaN,NaN,NaN,648268
1615215600,1.1881,1.18885,1.18455,1.18485,65302,77776.3,0,NaN,NaN,NaN,NaN,NaN,NaN,620905
1615244400,1.18485,1.1868,1.18365,1.18585,25494,71827.5,0,NaN,NaN,NaN,NaN,NaN,NaN,620905
1615273200,1.1859,1.19165,1.18525,1.19025,97038,70868.25,0,NaN,NaN,NaN,NaN,NaN,NaN,620905
1615302000,1.1903,1.19105,1.1882,1.19025,53194,72306.3,0,NaN,NaN,NaN,NaN,NaN,NaN,573188
1615330800,1.19045,1.19045,1.187,1.18785,18850,67370.95,0,NaN,NaN,NaN,NaN,NaN,NaN,573188
1615359600,1.1879,1.1926,1.1873,1.1914,92416,68284.75,0,NaN,NaN,NaN,NaN,NaN,NaN,573188
1615388400,1.1914,1.1931,1.1887,1.193,66309,70319.95,0,NaN,NaN,NaN,NaN,NaN,NaN,360265
1615417200,1.19275,1.1935,1.19155,1.19305,15963,66231.55,0,NaN,NaN,NaN,NaN,NaN,NaN,360265
1615446000,1.19305,1.1975,1.19245,1.1937,105387,67835.3,0,NaN,NaN,NaN,NaN,NaN,NaN,360265
1615474800,1.1937,1.19905,1.19285,1.1987,60971,70183.8,0,NaN,NaN,NaN,NaN,NaN,NaN,215748
1615503600,1.20075,1.2012,1.19695,1.19725,17829,65531,0,NaN,NaN,NaN,NaN,NaN,NaN,215748
1615532400,1.1973,1.19745,1.19335,1.19555,87916,66891.8,0,NaN,NaN,NaN,NaN,NaN,NaN,215748
1615561200,1.19555,1.1985,1.19355,1.19775,56475,68780.9,0,NaN,NaN,NaN,NaN,NaN,NaN,617982
1615759200,1.19745,1.19905,1.1953,1.1956,18315,65906.85,0,NaN,NaN,NaN,NaN,NaN,NaN,617982
1615788000,1.19565,1.19635,1.1939,1.19435,65402,62376.5,0,NaN,NaN,NaN,NaN,NaN,NaN,617982
1615816800,1.19435,1.1961,1.1934,1.1953,55617,63843.85,0,NaN,NaN,NaN,NaN,NaN,NaN,628503
1615845600,1.1952,1.1962,1.19445,1.19575,10721,55492.65,0,NaN,NaN,NaN,NaN,NaN,NaN,628503
1615874400,1.19575,1.19755,1.192,1.19255,91034,56180.65,0,NaN,NaN,NaN,NaN,NaN,NaN,628503
1615903200,1.19255,1.1937,1.1905,1.19255,61281,58047.7,0,NaN,NaN,NaN,NaN,NaN,NaN,630128
1615932000,1.19275,1.1929,1.19155,1.1921,11910,53871.2,0,NaN,NaN,NaN,NaN,NaN,NaN,630128
1615960800,1.1921,1.19395,1.19085,1.19245,66115,53911.85,0,NaN,NaN,NaN,NaN,NaN,NaN,630128
1615989600,1.1924,1.2009,1.192,1.2002,113732,58323.75,0,NaN,NaN,NaN,NaN,NaN,NaN,633905
1616018400,1.20015,1.201,1.1977,1.1987,24324,54688.05,0,NaN,NaN,NaN,NaN,NaN,NaN,633905
1616047200,1.1987,1.2011,1.19315,1.19385,100145,57035.6,0,NaN,NaN,NaN,NaN,NaN,NaN,633905
1616076000,1.1938,1.19605,1.1928,1.1937,73628,59774.5,0,NaN,NaN,NaN,NaN,NaN,NaN,630221
1616104800,1.19365,1.1942,1.19235,1.1939,15568,55932.1,0,NaN,NaN,NaN,NaN,NaN,NaN,630221
1616133600,1.1939,1.1959,1.18955,1.1903,98592,57546.25,0,NaN,NaN,NaN,NaN,NaN,NaN,630221
1616162400,1.19025,1.19345,1.18975,1.19245,59973,59746.75,0,NaN,NaN,NaN,NaN,NaN,NaN,626990
1616364000,1.19,1.1921,1.18925,1.1915,19442,55449.5,0,NaN,NaN,NaN,NaN,NaN,NaN,626990
1616392800,1.19145,1.1953,1.1896,1.19385,77950,56298.45,0,NaN,NaN,NaN,NaN,NaN,NaN,626990
1616421600,1.1938,1.1969,1.1935,1.19555,51188,57966.4,0,NaN,NaN,NaN,NaN,NaN,NaN,630178
1616450400,1.19555,1.19625,1.19415,1.19465,17842,54462.7,0,NaN,NaN,NaN,NaN,NaN,NaN,630178
1616479200,1.19465,1.1954,1.1892,1.18945,90254,56151.65,0,NaN,NaN,NaN,NaN,NaN,NaN,630178
1616508000,1.18945,1.18985,1.18635,1.18715,67107,58591.25,0,NaN,NaN,NaN,NaN,NaN,NaN,631699
1616536800,1.1869,1.1873,1.1857,1.18615,16766,56159.45,0,NaN,NaN,NaN,NaN,NaN,NaN,631699
1616565600,1.1862,1.18685,1.1833,1.18435,90929,57925.05,0,NaN,NaN,NaN,NaN,NaN,NaN,631699
1616594400,1.1844,1.18595,1.18305,1.18345,56978,60237.9,0,NaN,NaN,NaN,NaN,NaN,NaN,632254
1616623200,1.18335,1.18475,1.1824,1.184,17216,56547,0,NaN,NaN,NaN,NaN,NaN,NaN,632254
1616652000,1.184,1.18415,1.18105,1.1828,73421,57154,0,NaN,NaN,NaN,NaN,NaN,NaN,632254
1616680800,1.18275,1.1832,1.178,1.1784,91094,61113.2,0,NaN,NaN,NaN,NaN,NaN,NaN,631890
1616709600,1.17865,1.1804,1.17865,1.18025,15149,58564.9,0,NaN,NaN,NaN,NaN,NaN,NaN,631890
1616738400,1.1802,1.1816,1.1791,1.18035,62516,56004.1,0,NaN,NaN,NaN,NaN,NaN,NaN,631890
1616767200,1.18035,1.18245,1.17975,1.1812,51511,57363.45,0,NaN,NaN,NaN,NaN,NaN,NaN,630637
1616968800,1.1812,1.18135,1.17925,1.1795,15729,53142.65,0,NaN,NaN,NaN,NaN,NaN,NaN,630637
1616997600,1.17945,1.18135,1.1782,1.1797,70583,52990.4,0,NaN,NaN,NaN,NaN,NaN,NaN,630637
1617026400,1.17965,1.18055,1.17795,1.1784,50409,54732.45,0,NaN,NaN,NaN,NaN,NaN,NaN,631885
1617055200,1.1783,1.17925,1.17785,1.178,10580,50331.85,0,NaN,NaN,NaN,NaN,NaN,NaN,631885
1617084000,1.17795,1.1784,1.1729,1.17375,93467,52006.55,0,NaN,NaN,NaN,NaN,NaN,NaN,631885
1617112800,1.17375,1.17515,1.17325,1.17355,46802,53374.55,0,NaN,NaN,NaN,NaN,NaN,NaN,635112
1617141600,1.1736,1.17435,1.17215,1.17255,15038,50228.95,0,NaN,NaN,NaN,NaN,NaN,NaN,635112
1617170400,1.17255,1.1765,1.1722,1.17525,81183,51728.7,0,NaN,NaN,NaN,NaN,NaN,NaN,635112
1617199200,1.17525,1.17785,1.17365,1.1748,80065,54839.85,0,NaN,NaN,NaN,NaN,NaN,NaN,633092
1617228000,1.17445,1.175,1.17305,1.17345,17648,51209.55,0,NaN,NaN,NaN,NaN,NaN,NaN,633092
1617256800,1.17345,1.17805,1.17295,1.1771,80795,51893.95,0,NaN,NaN,NaN,NaN,NaN,NaN,633092
1617285600,1.1771,1.17975,1.17555,1.17935,60144,54062.85,0,NaN,NaN,NaN,NaN,NaN,NaN,631532
1617314400,1.1795,1.18015,1.17865,1.17945,11103,50071.55,0,NaN,NaN,NaN,NaN,NaN,NaN,631532
1617343200,1.1795,1.1804,1.1766,1.17845,19041,48174.7,0,NaN,NaN,NaN,NaN,NaN,NaN,631532
1617573600,1.17765,1.1789,1.17645,1.1766,12348,47931.3,0,NaN,NaN,NaN,NaN,NaN,NaN,631532
1617602400,1.17665,1.18205,1.17535,1.18145,42142,46367.35,0,NaN,NaN,NaN,NaN,NaN,NaN,631532
1617631200,1.1814,1.18375,1.1813,1.1829,41815,43903.4,0,NaN,NaN,NaN,NaN,NaN,NaN,629408
1617660000,1.18305,1.1839,1.1817,1.18275,20408,44166.35,0,NaN,NaN,NaN,NaN,NaN,NaN,629408
1617688800,1.18275,1.18575,1.18115,1.18565,87188,45399.95,0,NaN,NaN,NaN,NaN,NaN,NaN,629408
1617717600,1.1856,1.18945,1.1853,1.18935,61689,45908.85,0,NaN,NaN,NaN,NaN,NaN,NaN,631837
1617746400,1.18895,1.1895,1.1882,1.18905,16120,45928.4,0,NaN,NaN,NaN,NaN,NaN,NaN,631837
1617775200,1.18905,1.19145,1.188,1.1908,81288,46463.65,0,NaN,NaN,NaN,NaN,NaN,NaN,631837
1617804000,1.19085,1.19315,1.1877,1.1885,73340,47610.2,0,NaN,NaN,NaN,NaN,NaN,NaN,635231
1617832800,1.18875,1.18965,1.1876,1.1889,14583,47810.35,0,NaN,NaN,NaN,NaN,NaN,NaN,635231
1617861600,1.18895,1.1926,1.1877,1.19125,80759,47174.95,0,NaN,NaN,NaN,NaN,NaN,NaN,635231
1617890400,1.19125,1.1943,1.1909,1.19305,56243,47647,0,NaN,NaN,NaN,NaN,NaN,NaN,633938
1617919200,1.193,1.19355,1.1908,1.19085,18245,47807.35,0,NaN,NaN,NaN,NaN,NaN,NaN,633938
1617948000,1.19085,1.1916,1.18825,1.18995,81988,47847.6,0,NaN,NaN,NaN,NaN,NaN,NaN,633938
1617976800,1.18995,1.19265,1.18975,1.1917,49941,46341.4,0,NaN,NaN,NaN,NaN,NaN,NaN,630825
1618178400,1.1916,1.1919,1.19,1.1905,18563,46387.15,0,NaN,NaN,NaN,NaN,NaN,NaN,630825
1618207200,1.19055,1.19335,1.1886,1.19205,75447,46119.75,0,NaN,NaN,NaN,NaN,NaN,NaN,630825
1618236000,1.19205,1.1935,1.1914,1.1926,47266,45475.85,0,NaN,NaN,NaN,NaN,NaN,NaN,632547
1618264800,1.1928,1.19315,1.1901,1.19085,16338,45737.6,0,NaN,NaN,NaN,NaN,NaN,NaN,632547
1618293600,1.19085,1.19585,1.18925,1.19505,106955,50133.3,0,NaN,NaN,NaN,NaN,NaN,NaN,632547
1618322400,1.1951,1.19715,1.1939,1.19635,53935,52212.65,0,NaN,NaN,NaN,NaN,NaN,NaN,638076
1618351200,1.1965,1.1981,1.19635,1.1979,17020,50956.55,0,NaN,NaN,NaN,NaN,NaN,NaN,638076
1618380000,1.19795,1.19895,1.1966,1.19725,68006,52266.1,0,NaN,NaN,NaN,NaN,NaN,NaN,638076
1618408800,1.19725,1.2003,1.1968,1.1994,66066,54549,0,NaN,NaN,NaN,NaN,NaN,NaN,644791
1618437600,1.19945,1.20045,1.1984,1.1988,20386,51208.9,0,NaN,NaN,NaN,NaN,NaN,NaN,644791
1618466400,1.1988,1.2008,1.19705,1.19895,81138,52181.35,0,NaN,NaN,NaN,NaN,NaN,NaN,644791
1618495200,1.199,1.19985,1.1971,1.198,50693,53910,0,NaN,NaN,NaN,NaN,NaN,NaN,645102
1618524000,1.198,1.1989,1.19645,1.1985,20192,50855.2,0,NaN,NaN,NaN,NaN,NaN,NaN,645102
1618552800,1.1985,1.20085,1.1972,1.19925,71745,50775.45,0,NaN,NaN,NaN,NaN,NaN,NaN,645102
1618581600,1.1993,1.2008,1.19865,1.1996,37603,51926.45,0,NaN,NaN,NaN,NaN,NaN,NaN,644922
1618783200,1.19915,1.1993,1.1956,1.19805,27292,49253.1,0,NaN,NaN,NaN,NaN,NaN,NaN,644922
1618812000,1.1981,1.20625,1.1977,1.2039,113172,52099.55,0,NaN,NaN,NaN,NaN,NaN,NaN,644922
1618840800,1.20385,1.2055,1.2029,1.205,54010,53887.8,0,NaN,NaN,NaN,NaN,NaN,NaN,653972
1618869600,1.205,1.20855,1.20495,1.20745,22144,50895.6,0,NaN,NaN,NaN,NaN,NaN,NaN,653972
1618898400,1.20745,1.20935,1.204,1.20565,77744,52285.75,0,NaN,NaN,NaN,NaN,NaN,NaN,653972
1618927200,1.20565,1.20705,1.20355,1.205,48553,53785.25,0,NaN,NaN,NaN,NaN,NaN,NaN,651911
1618956000,1.20505,1.2057,1.20375,1.20445,13979,50711.85,0,NaN,NaN,NaN,NaN,NaN,NaN,651911
1618984800,1.20445,1.2049,1.2012,1.20245,63358,51516.45,0,NaN,NaN,NaN,NaN,NaN,NaN,651911
1619013600,1.20245,1.20525,1.20145,1.2048,44477,52923.4,0,NaN,NaN,NaN,NaN,NaN,NaN,652944
1619042400,1.2047,1.206,1.20435,1.20465,19438,48547.55,0,NaN,NaN,NaN,NaN,NaN,NaN,652944
1619071200,1.20465,1.2083,1.20315,1.2042,87198,50210.7,0,NaN,NaN,NaN,NaN,NaN,NaN,652944
1619100000,1.20425,1.2044,1.20065,1.20275,66743,52696.85,0,NaN,NaN,NaN,NaN,NaN,NaN,651665
1619128800,1.20285,1.20425,1.2025,1.20415,14718,50032.45,0,NaN,NaN,NaN,NaN,NaN,NaN,651665
1619157600,1.2041,1.20885,1.2035,1.2074,74412,50449.75,0,NaN,NaN,NaN,NaN,NaN,NaN,651665
1619186400,1.2074,1.2113,1.20585,1.21095,61228,52491.85,0,NaN,NaN,NaN,NaN,NaN,NaN,660442
1619388000,1.2109,1.2129,1.2101,1.21185,26330,49751.45,0,NaN,NaN,NaN,NaN,NaN,NaN,660442
1619416800,1.2119,1.21275,1.2073,1.20785,74475,50940.55,0,NaN,NaN,NaN,NaN,NaN,NaN,660442
1619445600,1.2079,1.2106,1.20775,1.2097,47068,52284.35,0,NaN,NaN,NaN,NaN,NaN,NaN,657610
1619474400,1.21015,1.21015,1.2077,1.20875,17875,49590.85,0,NaN,NaN,NaN,NaN,NaN,NaN,657610
1619503200,1.2088,1.2105,1.2069,1.2097,65728,50997.1,0,NaN,NaN,NaN,NaN,NaN,NaN,657610
1619532000,1.20965,1.2105,1.2081,1.21035,41783,51721.65,0,NaN,NaN,NaN,NaN,NaN,NaN,661543
1619560800,1.21025,1.2103,1.2082,1.2082,15802,46853.15,0,NaN,NaN,NaN,NaN,NaN,NaN,661543
1619589600,1.2082,1.20915,1.20675,1.2083,72217,47763.5,0,NaN,NaN,NaN,NaN,NaN,NaN,661543
1619618400,1.2083,1.21465,1.20765,1.2136,102864,51799.5,0,NaN,NaN,NaN,NaN,NaN,NaN,664511
1619647200,1.2138,1.21615,1.21345,1.21455,22391,49031.85,0,NaN,NaN,NaN,NaN,NaN,NaN,664511
1619676000,1.21455,1.21475,1.2113,1.21165,81236,50666,0,NaN,NaN,NaN,NaN,NaN,NaN,664511
1619704800,1.2117,1.214,1.2113,1.21305,47339,52334,0,NaN,NaN,NaN,NaN,NaN,NaN,669055
1619733600,1.21355,1.2137,1.21255,1.2128,14310,49881.6,0,NaN,NaN,NaN,NaN,NaN,NaN,669055
1619762400,1.2128,1.21305,1.2078,1.2085,72526,51284.05,0,NaN,NaN,NaN,NaN,NaN,NaN,669055
1619791200,1.2085,1.209,1.20265,1.203,129135,56768.9,0,NaN,NaN,NaN,NaN,NaN,NaN,660403
1619992800,1.20395,1.20455,1.2026,1.20315,14291,53123.55,0,NaN,NaN,NaN,NaN,NaN,NaN,660403
1620021600,1.20315,1.2071,1.2023,1.2068,65006,53036.7,0,NaN,NaN,NaN,NaN,NaN,NaN,660403
1620050400,1.20695,1.20865,1.20615,1.2073,46340,54617.8,0,NaN,NaN,NaN,NaN,NaN,NaN,666538
1620079200,1.20725,1.20745,1.20435,1.2046,13805,51587.45,0,NaN,NaN,NaN,NaN,NaN,NaN,666538
1620108000,1.20465,1.20485,1.20085,1.2034,77659,52409,0,NaN,NaN,NaN,NaN,NaN,NaN,666538
1620136800,1.20335,1.20455,1.2011,1.2024,66387,54411.85,0,NaN,NaN,NaN,NaN,NaN,NaN,665220
1620165600,1.20195,1.2036,1.20195,1.20215,12350,51305.6,0,NaN,NaN,NaN,NaN,NaN,NaN,665220
1620194400,1.20215,1.2029,1.1995,1.20065,80889,52996.65,0,NaN,NaN,NaN,NaN,NaN,NaN,665220
1620223200,1.2008,1.20215,1.20005,1.20145,39281,54066.95,0,NaN,NaN,NaN,NaN,NaN,NaN,663570
1620252000,1.2015,1.20205,1.20015,1.2017,16485,51604.8,0,NaN,NaN,NaN,NaN,NaN,NaN,663570
1620280800,1.20165,1.2081,1.20135,1.2071,78932,53462.25,0,NaN,NaN,NaN,NaN,NaN,NaN,663570
1620309600,1.2071,1.2077,1.2053,1.20725,49043,55124.3,0,NaN,NaN,NaN,NaN,NaN,NaN,671062
1620338400,1.2072,1.2078,1.20675,1.2069,12691,52148,0,NaN,NaN,NaN,NaN,NaN,NaN,671062
1620367200,1.20695,1.2155,1.2061,1.213,123925,53201.05,0,NaN,NaN,NaN,NaN,NaN,NaN,671062
1620396000,1.213,1.218,1.21265,1.2172,81390,56151,0,NaN,NaN,NaN,NaN,NaN,NaN,686677
1620597600,1.21755,1.2185,1.2159,1.216,22887,53233.55,0,NaN,NaN,NaN,NaN,NaN,NaN,686677
1620626400,1.21605,1.2187,1.21455,1.21675,75711,54652.15,0,NaN,NaN,NaN,NaN,NaN,NaN,686677
1620655200,1.21675,1.2181,1.2136,1.21385,50657,56469.5,0,NaN,NaN,NaN,NaN,NaN,NaN,685735
1620684000,1.2139,1.21575,1.21335,1.215,24265,54056.45,0,NaN,NaN,NaN,NaN,NaN,NaN,685735
1620712800,1.2151,1.21895,1.2131,1.218,85682,51883.8,0,NaN,NaN,NaN,NaN,NaN,NaN,685735
1620741600,1.218,1.21815,1.21525,1.21565,42401,53289.3,0,NaN,NaN,NaN,NaN,NaN,NaN,683881
1620770400,1.21575,1.21585,1.21225,1.213,18289,50953.45,0,NaN,NaN,NaN,NaN,NaN,NaN,683881
1620799200,1.21295,1.216,1.20785,1.21085,126672,54970.05,0,NaN,NaN,NaN,NaN,NaN,NaN,683881
1620828000,1.21085,1.21095,1.2071,1.20805,78323,58195.95,0,NaN,NaN,NaN,NaN,NaN,NaN,668199
1620856800,1.2079,1.20955,1.2077,1.208,18274,55226.7,0,NaN,NaN,NaN,NaN,NaN,NaN,668199
1620885600,1.20795,1.2113,1.2058,1.2104,87577,56286.2,0,NaN,NaN,NaN,NaN,NaN,NaN,668199
1620914400,1.2104,1.2107,1.20685,1.20865,51827,58260.05,0,NaN,NaN,NaN,NaN,NaN,NaN,674616
1620943200,1.2088,1.21045,1.20775,1.2103,15853,55008.25,0,NaN,NaN,NaN,NaN,NaN,NaN,674616
1620972000,1.2103,1.2152,1.2099,1.2148,96309,57859.65,0,NaN,NaN,NaN,NaN,NaN,NaN,674616
1621000800,1.21485,1.2155,1.21385,1.2152,45339,59302.35,0,NaN,NaN,NaN,NaN,NaN,NaN,693140
1621202400,1.2153,1.2158,1.2133,1.21335,19770,56344.25,0,NaN,NaN,NaN,NaN,NaN,NaN,693140
1621231200,1.21335,1.21755,1.2133,1.21535,67081,57246.15,0,NaN,NaN,NaN,NaN,NaN,NaN,693140
1621260000,1.2153,1.2168,1.21455,1.2159,36271,58425.15,0,NaN,NaN,NaN,NaN,NaN,NaN,696135
1621288800,1.21605,1.21755,1.2159,1.2173,11137,52785.75,0,NaN,NaN,NaN,NaN,NaN,NaN,696135
1621317600,1.2173,1.22415,1.21715,1.22185,99733,53702.9,0,NaN,NaN,NaN,NaN,NaN,NaN,696135
1621346400,1.22185,1.22365,1.2204,1.22285,54522,55284.65,0,NaN,NaN,NaN,NaN,NaN,NaN,713616
1621375200,1.22305,1.22495,1.22235,1.2245,16601,52329.15,0,NaN,NaN,NaN,NaN,NaN,NaN,713616
1621404000,1.2245,1.22515,1.21945,1.2235,90274,54310,0,NaN,NaN,NaN,NaN,NaN,NaN,713616
1621432800,1.22345,1.22375,1.21655,1.21815,82190,57206.25,0,NaN,NaN,NaN,NaN,NaN,NaN,709870
1621461600,1.21815,1.21905,1.2174,1.2184,16844,53764.35,0,NaN,NaN,NaN,NaN,NaN,NaN,709870
1621490400,1.2184,1.22215,1.2183,1.22155,61374,54713,0,NaN,NaN,NaN,NaN,NaN,NaN,709870
1621519200,1.22155,1.22345,1.22125,1.2234,43375,55967.3,0,NaN,NaN,NaN,NaN,NaN,NaN,711390
1621548000,1.2235,1.22445,1.2229,1.2239,16878,50477.6,0,NaN,NaN,NaN,NaN,NaN,NaN,711390
1621576800,1.2239,1.22455,1.21805,1.219,95567,51339.8,0,NaN,NaN,NaN,NaN,NaN,NaN,711390
1621605600,1.21905,1.21965,1.2166,1.21865,49962,52924.2,0,NaN,NaN,NaN,NaN,NaN,NaN,703790
1621807200,1.21885,1.2195,1.2176,1.21945,14764,49283.55,0,NaN,NaN,NaN,NaN,NaN,NaN,703790
1621836000,1.21945,1.2228,1.218,1.22275,69148,50149.6,0,NaN,NaN,NaN,NaN,NaN,NaN,703790
1621864800,1.2227,1.22355,1.22095,1.2221,39833,51348.6,0,NaN,NaN,NaN,NaN,NaN,NaN,713888
1621893600,1.222,1.22365,1.22165,1.22285,13211,47193.7,0,NaN,NaN,NaN,NaN,NaN,NaN,713888
1621922400,1.2228,1.2271,1.2225,1.2252,91869,49520.2,0,NaN,NaN,NaN,NaN,NaN,NaN,713888
1621951200,1.22525,1.22615,1.2231,1.22565,57445,51403.95,0,NaN,NaN,NaN,NaN,NaN,NaN,718116
1621980000,1.22555,1.22675,1.22465,1.22605,19662,49033,0,NaN,NaN,NaN,NaN,NaN,NaN,718116
1622008800,1.226,1.2261,1.22215,1.2233,69261,50682.5,0,NaN,NaN,NaN,NaN,NaN,NaN,718116
1622037600,1.2232,1.2244,1.21865,1.2197,67868,53519.05,0,NaN,NaN,NaN,NaN,NaN,NaN,707495
1622066400,1.2197,1.22015,1.21785,1.2199,17574,49411.1,0,NaN,NaN,NaN,NaN,NaN,NaN,707495
1622095200,1.21985,1.2218,1.21835,1.2201,76861,50528.05,0,NaN,NaN,NaN,NaN,NaN,NaN,707495
1622124000,1.2201,1.2216,1.2188,1.2198,51645,52280.25,0,NaN,NaN,NaN,NaN,NaN,NaN,709100
1622152800,1.2198,1.22,1.2179,1.21805,16281,48580.6,0,NaN,NaN,NaN,NaN,NaN,NaN,709100
1622181600,1.218,1.2204,1.2136,1.2168,100619,49502.05,0,NaN,NaN,NaN,NaN,NaN,NaN,709100
1622210400,1.2168,1.22085,1.21665,1.21965,61633,51741.5,0,NaN,NaN,NaN,NaN,NaN,NaN,703299
1622412000,1.22005,1.22075,1.21875,1.2197,12003,49272.95,0,NaN,NaN,NaN,NaN,NaN,NaN,703299
1622440800,1.21975,1.22085,1.21865,1.22085,37846,48996.5,0,NaN,NaN,NaN,NaN,NaN,NaN,703299
1622469600,1.2208,1.2235,1.2204,1.22315,20131,49159.15,0,NaN,NaN,NaN,NaN,NaN,NaN,703299
1622498400,1.223,1.22395,1.22215,1.2228,15273,45144.45,0,NaN,NaN,NaN,NaN,NaN,NaN,703299
1622527200,1.22285,1.2247,1.22165,1.2242,62253,45759,0,NaN,NaN,NaN,NaN,NaN,NaN,703299
1622556000,1.22415,1.2258,1.22145,1.22165,56152,47828.4,0,NaN,NaN,NaN,NaN,NaN,NaN,711650
1622584800,1.2217,1.22295,1.2215,1.22175,11409,44941.45,0,NaN,NaN,NaN,NaN,NaN,NaN,711650
1622613600,1.22175,1.2221,1.21665,1.22075,90047,47452.15,0,NaN,NaN,NaN,NaN,NaN,NaN,711650
1622642400,1.2207,1.2221,1.21995,1.2214,45590,49071.1,0,NaN,NaN,NaN,NaN,NaN,NaN,699090
1622671200,1.2216,1.22165,1.21975,1.2198,8933,44924.3,0,NaN,NaN,NaN,NaN,NaN,NaN,699090
1622700000,1.21985,1.22105,1.2138,1.21475,99552,47029.65,0,NaN,NaN,NaN,NaN,NaN,NaN,699090
1622728800,1.21475,1.2152,1.212,1.21295,67192,49406.15,0,NaN,NaN,NaN,NaN,NaN,NaN,685025
1622757600,1.2128,1.2134,1.21065,1.2109,18665,46876.35,0,NaN,NaN,NaN,NaN,NaN,NaN,685025
1622786400,1.21085,1.21835,1.21055,1.21825,102061,48586,0,NaN,NaN,NaN,NaN,NaN,NaN,685025
1622815200,1.21825,1.21885,1.21625,1.217,52106,50312.6,0,NaN,NaN,NaN,NaN,NaN,NaN,676172
1623016800,1.21675,1.21745,1.21595,1.21595,13514,47145.25,0,NaN,NaN,NaN,NaN,NaN,NaN,676172
1623045600,1.216,1.21835,1.21465,1.21825,59097,47517.85,0,NaN,NaN,NaN,NaN,NaN,NaN,676172
1623074400,1.2183,1.2204,1.21755,1.21915,42084,48808,0,NaN,NaN,NaN,NaN,NaN,NaN,658650
1623103200,1.2193,1.2196,1.21775,1.21785,17887,44671.4,0,NaN,NaN,NaN,NaN,NaN,NaN,658650
1623132000,1.2179,1.219,1.21655,1.2184,59430,44561.25,0,NaN,NaN,NaN,NaN,NaN,NaN,658650
1623160800,1.21845,1.21945,1.21725,1.2175,44160,46169.1,0,NaN,NaN,NaN,NaN,NaN,NaN,587579
1623189600,1.2174,1.2187,1.2172,1.2179,9829,44768.25,0,NaN,NaN,NaN,NaN,NaN,NaN,587579
1623218400,1.21785,1.22195,1.2177,1.2216,59679,46745.65,0,NaN,NaN,NaN,NaN,NaN,NaN,587579
1623247200,1.2216,1.22175,1.2175,1.21805,45761,48270.05,0,NaN,NaN,NaN,NaN,NaN,NaN,362737
1623276000,1.2179,1.21815,1.21635,1.21665,12430,45778.9,0,NaN,NaN,NaN,NaN,NaN,NaN,362737
1623304800,1.2166,1.2195,1.21435,1.2183,104437,48193.15,0,NaN,NaN,NaN,NaN,NaN,NaN,362737
1623333600,1.21825,1.2191,1.21625,1.21755,43050,49775.2,0,NaN,NaN,NaN,NaN,NaN,NaN,185433
1623362400,1.21965,1.22135,1.21925,1.221,12311,45888.4,0,NaN,NaN,NaN,NaN,NaN,NaN,185433
1623391200,1.221,1.2215,1.21325,1.2142,88122,48015,0,NaN,NaN,NaN,NaN,NaN,NaN,185433
1623420000,1.21425,1.21485,1.21145,1.2131,66552,50895.95,0,NaN,NaN,NaN,NaN,NaN,NaN,672477
1623621600,1.213,1.21335,1.2116,1.21265,14969,46666.8,0,NaN,NaN,NaN,NaN,NaN,NaN,672477
1623650400,1.2126,1.2152,1.2116,1.2143,64271,46520.75,0,NaN,NaN,NaN,NaN,NaN,NaN,672477
1623679200,1.21435,1.2152,1.2138,1.21425,31982,47186.6,0,NaN,NaN,NaN,NaN,NaN,NaN,680553
1623708000,1.21415,1.21495,1.21355,1.21485,12402,42703.65,0,NaN,NaN,NaN,NaN,NaN,NaN,680553
1623736800,1.2149,1.2169,1.2122,1.21485,78923,44044.5,0,NaN,NaN,NaN,NaN,NaN,NaN,680553
1623765600,1.2148,1.21525,1.21385,1.21465,34228,45080.2,0,NaN,NaN,NaN,NaN,NaN,NaN,677443
1623794400,1.215,1.21525,1.21375,1.21515,10233,42637,0,NaN,NaN,NaN,NaN,NaN,NaN,677443
1623823200,1.2151,1.2156,1.21315,1.2141,55633,43314.45,0,NaN,NaN,NaN,NaN,NaN,NaN,677443
1623852000,1.21415,1.2148,1.2015,1.2016,135372,49188.7,0,NaN,NaN,NaN,NaN,NaN,NaN,685506
1623880800,1.20145,1.20265,1.2004,1.20205,33607,47897.55,0,NaN,NaN,NaN,NaN,NaN,NaN,685506
1623909600,1.202,1.2022,1.19465,1.195,159665,53672.8,0,NaN,NaN,NaN,NaN,NaN,NaN,685506
1623938400,1.195,1.1963,1.19115,1.19275,97990,58080.85,0,NaN,NaN,NaN,NaN,NaN,NaN,686063
1623967200,1.19255,1.1945,1.19155,1.19245,25049,56349.35,0,NaN,NaN,NaN,NaN,NaN,NaN,686063
1623996000,1.19245,1.1944,1.18815,1.1887,111099,59616.25,0,NaN,NaN,NaN,NaN,NaN,NaN,686063
1624024800,1.1887,1.19025,1.1867,1.1886,85105,63250,0,NaN,NaN,NaN,NaN,NaN,NaN,683380
1624226400,1.1882,1.1896,1.18675,1.18885,26684,59362.35,0,NaN,NaN,NaN,NaN,NaN,NaN,683380
1624255200,1.1888,1.1932,1.1871,1.1931,102129,62316.3,0,NaN,NaN,NaN,NaN,NaN,NaN,683380
1624284000,1.1931,1.1942,1.1924,1.19365,61613,64781.4,0,NaN,NaN,NaN,NaN,NaN,NaN,676150
1624312800,1.19365,1.194,1.19115,1.19115,16174,61184,0,NaN,NaN,NaN,NaN,NaN,NaN,676150
1624341600,1.1912,1.19305,1.19005,1.19235,75724,61642.6,0,NaN,NaN,NaN,NaN,NaN,NaN,676150
1624370400,1.19225,1.19725,1.1916,1.19605,62733,64030.8,0,NaN,NaN,NaN,NaN,NaN,NaN,675245
1624399200,1.1961,1.1963,1.19355,1.1946,19916,61813.05,0,NaN,NaN,NaN,NaN,NaN,NaN,675245
1624428000,1.1946,1.199,1.19305,1.19895,84181,64423,0,NaN,NaN,NaN,NaN,NaN,NaN,675245
1624456800,1.19895,1.19895,1.1939,1.1946,49366,66271.2,0,NaN,NaN,NaN,NaN,NaN,NaN,674132
1624485600,1.19465,1.1952,1.1938,1.1942,12140,62932.05,0,NaN,NaN,NaN,NaN,NaN,NaN,674132
1624514400,1.19415,1.19755,1.1936,1.1969,59436,64192.45,0,NaN,NaN,NaN,NaN,NaN,NaN,674132
1624543200,1.19685,1.1969,1.19385,1.195,41667,65764.15,0,NaN,NaN,NaN,NaN,NaN,NaN,673119
1624572000,1.19505,1.1964,1.1946,1.19595,11042,63534.6,0,NaN,NaN,NaN,NaN,NaN,NaN,673119
1624600800,1.19595,1.19945,1.19545,1.1993,59414,59736.7,0,NaN,NaN,NaN,NaN,NaN,NaN,673119
1624629600,1.1993,1.19935,1.1945,1.1956,51331,60622.9,0,NaN,NaN,NaN,NaN,NaN,NaN,673248
1624831200,1.1956,1.19605,1.19385,1.19445,13447,53312,0,NaN,NaN,NaN,NaN,NaN,NaN,673248
1624860000,1.1945,1.19635,1.1921,1.1945,75740,52199.5,0,NaN,NaN,NaN,NaN,NaN,NaN,673248
1624888800,1.1945,1.1959,1.19385,1.19425,53539,53624,0,NaN,NaN,NaN,NaN,NaN,NaN,677598
1624917600,1.19435,1.1948,1.1926,1.19395,12171,48677.6,0,NaN,NaN,NaN,NaN,NaN,NaN,677598
1624946400,1.1939,1.1941,1.18955,1.19095,79157,48380.2,0,NaN,NaN,NaN,NaN,NaN,NaN,677598
1624975200,1.191,1.19295,1.18995,1.19155,50489,49570.45,0,NaN,NaN,NaN,NaN,NaN,NaN,677964
1625004000,1.1917,1.1927,1.19135,1.1914,10529,44990.45,0,NaN,NaN,NaN,NaN,NaN,NaN,677964
1625032800,1.19135,1.1926,1.1883,1.1892,75727,45696.15,0,NaN,NaN,NaN,NaN,NaN,NaN,677964
1625061600,1.1892,1.18925,1.18625,1.1874,78278,48801.35,0,NaN,NaN,NaN,NaN,NaN,NaN,677171
1625090400,1.1874,1.1877,1.18555,1.186,14768,45753.55,0,NaN,NaN,NaN,NaN,NaN,NaN,677171
1625119200,1.186,1.19015,1.1854,1.1894,85696,46901.7,0,NaN,NaN,NaN,NaN,NaN,NaN,677171
1625148000,1.1895,1.18965,1.18575,1.18665,51293,48470.55,0,NaN,NaN,NaN,NaN,NaN,NaN,674419
1625176800,1.18655,1.1867,1.1857,1.1858,11732,44848.1,0,NaN,NaN,NaN,NaN,NaN,NaN,674419
1625205600,1.1858,1.1877,1.18235,1.1861,115554,48157.5,0,NaN,NaN,NaN,NaN,NaN,NaN,674419
1625234400,1.1861,1.1891,1.18455,1.18815,58455,50473.25,0,NaN,NaN,NaN,NaN,NaN,NaN,675154
1625436000,1.1883,1.18845,1.18675,1.18695,13526,48177.75,0,NaN,NaN,NaN,NaN,NaN,NaN,675154
1625464800,1.187,1.1897,1.1868,1.18815,39341,48061.45,0,NaN,NaN,NaN,NaN,NaN,NaN,675154
1625493600,1.18815,1.1886,1.18715,1.18845,10582,48038.45,0,NaN,NaN,NaN,NaN,NaN,NaN,675154
1625522400,1.1881,1.18995,1.1875,1.1899,16287,45882.1,0,NaN,NaN,NaN,NaN,NaN,NaN,675154
1625551200,1.1899,1.19115,1.18385,1.18485,104223,48526.7,0,NaN,NaN,NaN,NaN,NaN,NaN,675154
1625580000,1.18495,1.1859,1.18205,1.1839,74383,51573.5,0,NaN,NaN,NaN,NaN,NaN,NaN,679830
1625608800,1.18365,1.18505,1.18315,1.18465,14556,48514.3,0,NaN,NaN,NaN,NaN,NaN,NaN,679830
1625637600,1.1846,1.18535,1.1816,1.18205,75246,49599.65,0,NaN,NaN,NaN,NaN,NaN,NaN,679830
1625666400,1.1821,1.18375,1.1797,1.1808,65884,52285.3,0,NaN,NaN,NaN,NaN,NaN,NaN,680946
1625695200,1.1808,1.1822,1.17985,1.1821,16548,49154.85,0,NaN,NaN,NaN,NaN,NaN,NaN,680946
1625724000,1.18205,1.188,1.18075,1.18735,98169,51538.85,0,NaN,NaN,NaN,NaN,NaN,NaN,680946
1625752800,1.1873,1.18835,1.18505,1.1862,58544,53939.6,0,NaN,NaN,NaN,NaN,NaN,NaN,680555
1625781600,1.186,1.1865,1.18465,1.18495,16166,50961.55,0,NaN,NaN,NaN,NaN,NaN,NaN,680555
1625810400,1.1849,1.18855,1.184,1.18815,66738,50384.55,0,NaN,NaN,NaN,NaN,NaN,NaN,680555
1625839200,1.18815,1.1896,1.18705,1.18915,48465,52069.4,0,NaN,NaN,NaN,NaN,NaN,NaN,677577
1626040800,1.1892,1.1895,1.18805,1.1882,13660,48467.6,0,NaN,NaN,NaN,NaN,NaN,NaN,677577
1626069600,1.18825,1.1895,1.1851,1.188,62202,49013.05,0,NaN,NaN,NaN,NaN,NaN,NaN,677577
1626098400,1.188,1.1889,1.1866,1.1875,31468,49999.85,0,NaN,NaN,NaN,NaN,NaN,NaN,673573
1626127200,1.1876,1.189,1.18705,1.18715,10943,44769.3,0,NaN,NaN,NaN,NaN,NaN,NaN,673573
1626156000,1.18715,1.188,1.18055,1.18355,115879,47640.5,0,NaN,NaN,NaN,NaN,NaN,NaN,673573
1626184800,1.18355,1.18475,1.1786,1.1791,79769,50952.65,0,NaN,NaN,NaN,NaN,NaN,NaN,668989
1626213600,1.1792,1.18045,1.17855,1.18025,16545,49812.85,0,NaN,NaN,NaN,NaN,NaN,NaN,668989
1626242400,1.1802,1.18425,1.179,1.1837,90334,53800.45,0,NaN,NaN,NaN,NaN,NaN,NaN,668989
1626271200,1.18365,1.18535,1.1827,1.18505,50925,55532.35,0,NaN,NaN,NaN,NaN,NaN,NaN,665325
1626300000,1.1847,1.18565,1.1835,1.18555,16144,51128.4,0,NaN,NaN,NaN,NaN,NaN,NaN,665325
1626328800,1.18555,1.1864,1.1817,1.18295,65008,50659.65,0,NaN,NaN,NaN,NaN,NaN,NaN,665325
1626357600,1.183,1.18365,1.18095,1.18235,44630,52163.35,0,NaN,NaN,NaN,NaN,NaN,NaN,668418
1626386400,1.18245,1.183,1.1815,1.1823,11805,48991.3,0,NaN,NaN,NaN,NaN,NaN,NaN,668418
1626415200,1.1823,1.18355,1.1805,1.1815,63446,48869.4,0,NaN,NaN,NaN,NaN,NaN,NaN,668418
1626444000,1.1815,1.1832,1.1809,1.18185,43088,50196.4,0,NaN,NaN,NaN,NaN,NaN,NaN,674030
1626645600,1.1821,1.18265,1.18105,1.18155,14767,46026.3,0,NaN,NaN,NaN,NaN,NaN,NaN,674030
1626674400,1.1815,1.18365,1.17765,1.1834,121511,49174.65,0,NaN,NaN,NaN,NaN,NaN,NaN,674030
1626703200,1.18345,1.1838,1.1803,1.1812,72446,51988.65,0,NaN,NaN,NaN,NaN,NaN,NaN,664431
1626732000,1.1808,1.1815,1.17925,1.1797,16341,49468.8,0,NaN,NaN,NaN,NaN,NaN,NaN,664431
1626760800,1.1797,1.1815,1.1768,1.1779,92596,51675.35,0,NaN,NaN,NaN,NaN,NaN,NaN,664431
1626789600,1.1779,1.1799,1.17685,1.17925,55370,53760.85,0,NaN,NaN,NaN,NaN,NaN,NaN,664309
1626818400,1.17925,1.1796,1.1779,1.1779,10796,51190.55,0,NaN,NaN,NaN,NaN,NaN,NaN,664309
1626847200,1.17795,1.18015,1.1764,1.18,67908,53012.55,0,NaN,NaN,NaN,NaN,NaN,NaN,664309
1626876000,1.18,1.18175,1.17945,1.18075,55764,55253.6,0,NaN,NaN,NaN,NaN,NaN,NaN,661554
1626904800,1.1809,1.1812,1.17985,1.1805,13258,50122.55,0,NaN,NaN,NaN,NaN,NaN,NaN,661554
1626933600,1.1805,1.18425,1.1782,1.1828,117159,51992.05,0,NaN,NaN,NaN,NaN,NaN,NaN,661554
1626962400,1.18285,1.1829,1.1769,1.17825,72997,54814.65,0,NaN,NaN,NaN,NaN,NaN,NaN,663436
1626991200,1.1783,1.1792,1.17755,1.1776,12644,50930.15,0,NaN,NaN,NaN,NaN,NaN,NaN,663436
1627020000,1.17755,1.1798,1.1766,1.1776,70696,51918.7,0,NaN,NaN,NaN,NaN,NaN,NaN,663436
1627048800,1.17765,1.17875,1.1766,1.17825,35515,52887.25,0,NaN,NaN,NaN,NaN,NaN,NaN,663753
1627250400,1.1783,1.17965,1.1774,1.1795,11856,50229.65,0,NaN,NaN,NaN,NaN,NaN,NaN,663753
1627279200,1.1794,1.18235,1.17785,1.1818,71056,51550.95,0,NaN,NaN,NaN,NaN,NaN,NaN,663753
1627308000,1.18175,1.18285,1.18105,1.1813,46895,53305.45,0,NaN,NaN,NaN,NaN,NaN,NaN,660433
1627336800,1.18135,1.1823,1.18095,1.18115,12093,50737.8,0,NaN,NaN,NaN,NaN,NaN,NaN,660433
1627365600,1.1812,1.18375,1.17805,1.18235,87326,52949.7,0,NaN,NaN,NaN,NaN,NaN,NaN,660433
1627394400,1.1824,1.18525,1.18175,1.18275,59032,55162.95,0,NaN,NaN,NaN,NaN,NaN,NaN,659244
1627423200,1.18295,1.18385,1.1823,1.1829,15981,49886.45,0,NaN,NaN,NaN,NaN,NaN,NaN,659244
1627452000,1.1829,1.1841,1.1794,1.17975,68223,49675.3,0,NaN,NaN,NaN,NaN,NaN,NaN,659244
1627480800,1.1797,1.1861,1.1783,1.18535,104193,54067.9,0,NaN,NaN,NaN,NaN,NaN,NaN,654998
1627509600,1.18545,1.18705,1.1851,1.1866,16092,50242.7,0,NaN,NaN,NaN,NaN,NaN,NaN,654998
1627538400,1.1866,1.18975,1.18605,1.1895,75055,51226.95,0,NaN,NaN,NaN,NaN,NaN,NaN,654998
1627567200,1.1895,1.1903,1.18875,1.18965,57537,53564,0,NaN,NaN,NaN,NaN,NaN,NaN,652478
1627596000,1.18965,1.19045,1.1885,1.1888,16145,50975.85,0,NaN,NaN,NaN,NaN,NaN,NaN,652478
1627624800,1.1888,1.1919,1.18845,1.1888,74544,51914.85,0,NaN,NaN,NaN,NaN,NaN,NaN,652478
1627653600,1.1888,1.1893,1.18615,1.18785,71860,54844.95,0,NaN,NaN,NaN,NaN,NaN,NaN,652399
1627855200,1.18755,1.18845,1.18685,1.18815,12627,49618.35,0,NaN,NaN,NaN,NaN,NaN,NaN,652399
1627884000,1.18815,1.19065,1.18735,1.1891,53702,48653.6,0,NaN,NaN,NaN,NaN,NaN,NaN,652399
1627912800,1.1891,1.1899,1.1875,1.18815,40848,50063.8,0,NaN,NaN,NaN,NaN,NaN,NaN,653311
1627941600,1.18805,1.18915,1.1877,1.1884,11551,47106.55,0,NaN,NaN,NaN,NaN,NaN,NaN,653311
1627970400,1.18845,1.1903,1.18705,1.18785,46962,47678.9,0,NaN,NaN,NaN,NaN,NaN,NaN,653311
1627999200,1.1879,1.1885,1.18625,1.18735,34030,48787.6,0,NaN,NaN,NaN,NaN,NaN,NaN,655179
1628028000,1.1872,1.1885,1.18695,1.18805,10732,45771.4,0,NaN,NaN,NaN,NaN,NaN,NaN,655179
1628056800,1.1881,1.1909,1.18505,1.1902,71260,46989.65,0,NaN,NaN,NaN,NaN,NaN,NaN,655179
1628085600,1.19015,1.19025,1.18415,1.1846,69535,49861.75,0,NaN,NaN,NaN,NaN,NaN,NaN,659403
1628114400,1.1845,1.1848,1.1839,1.1845,10488,46019.85,0,NaN,NaN,NaN,NaN,NaN,NaN,659403
1628143200,1.18445,1.18655,1.18365,1.18465,68453,46490.9,0,NaN,NaN,NaN,NaN,NaN,NaN,659403
1628172000,1.18465,1.186,1.1839,1.18425,41214,47752.55,0,NaN,NaN,NaN,NaN,NaN,NaN,662163
1628200800,1.18425,1.1844,1.1826,1.1833,10835,44883.15,0,NaN,NaN,NaN,NaN,NaN,NaN,662163
1628229600,1.18325,1.1838,1.1775,1.17815,100256,44686.3,0,NaN,NaN,NaN,NaN,NaN,NaN,662163
1628258400,1.1782,1.17835,1.1762,1.1768,55091,46636.25,0,NaN,NaN,NaN,NaN,NaN,NaN,674315
1628460000,1.17665,1.17725,1.175,1.17655,21842,43975.6,0,NaN,NaN,NaN,NaN,NaN,NaN,674315
1628488800,1.17655,1.1777,1.17575,1.1769,60358,44116.65,0,NaN,NaN,NaN,NaN,NaN,NaN,674315
1628517600,1.17695,1.17715,1.1742,1.1744,46995,45659.15,0,NaN,NaN,NaN,NaN,NaN,NaN,677988
1628546400,1.1747,1.17495,1.17395,1.1745,9743,42419.1,0,NaN,NaN,NaN,NaN,NaN,NaN,677988
1628575200,1.17455,1.17505,1.1718,1.17235,57888,41720.5,0,NaN,NaN,NaN,NaN,NaN,NaN,677988
1628604000,1.17235,1.1732,1.1717,1.17275,46702,43424.25,0,NaN,NaN,NaN,NaN,NaN,NaN,681508
1628632800,1.17275,1.17325,1.17185,1.17245,11626,41320.45,0,NaN,NaN,NaN,NaN,NaN,NaN,681508
1628661600,1.17245,1.17565,1.1713,1.17415,82402,43398.15,0,NaN,NaN,NaN,NaN,NaN,NaN,681508
1628690400,1.17415,1.1762,1.17365,1.1747,44313,45036.25,0,NaN,NaN,NaN,NaN,NaN,NaN,683297
1628719200,1.17485,1.17525,1.1741,1.1748,8818,43129.05,0,NaN,NaN,NaN,NaN,NaN,NaN,683297
1628748000,1.17475,1.1755,1.17305,1.1736,53259,44090.5,0,NaN,NaN,NaN,NaN,NaN,NaN,683297
1628776800,1.1736,1.1749,1.173,1.1736,46393,45873.55,0,NaN,NaN,NaN,NaN,NaN,NaN,680475
1628805600,1.17365,1.17485,1.1736,1.1743,8279,42724.5,0,NaN,NaN,NaN,NaN,NaN,NaN,680475
1628834400,1.1743,1.17795,1.17365,1.1773,60371,42266.3,0,NaN,NaN,NaN,NaN,NaN,NaN,680475
1628863200,1.1773,1.18115,1.1771,1.1802,66438,45063.8,0,NaN,NaN,NaN,NaN,NaN,NaN,667073
1629064800,1.1803,1.18075,1.1793,1.1793,12093,42245.8,0,NaN,NaN,NaN,NaN,NaN,NaN,667073
1629093600,1.1793,1.17995,1.1774,1.1781,51392,42754.7,0,NaN,NaN,NaN,NaN,NaN,NaN,667073
1629122400,1.1781,1.1797,1.17795,1.17825,35598,43992.85,0,NaN,NaN,NaN,NaN,NaN,NaN,665682
1629151200,1.17845,1.17865,1.1773,1.1776,9643,39462.2,0,NaN,NaN,NaN,NaN,NaN,NaN,665682
1629180000,1.17765,1.17905,1.17375,1.17435,71654,40290.35,0,NaN,NaN,NaN,NaN,NaN,NaN,665682
1629208800,1.1744,1.17445,1.17135,1.1714,60067,42201.6,0,NaN,NaN,NaN,NaN,NaN,NaN,674852
1629237600,1.17175,1.1729,1.1707,1.1721,16607,40014.05,0,NaN,NaN,NaN,NaN,NaN,NaN,674852
1629266400,1.1721,1.1735,1.17115,1.1724,50622,40195.4,0,NaN,NaN,NaN,NaN,NaN,NaN,674852
1629295200,1.1724,1.1749,1.1699,1.17145,65252,42970.85,0,NaN,NaN,NaN,NaN,NaN,NaN,677661
1629324000,1.17135,1.1721,1.16705,1.16775,27370,41444.95,0,NaN,NaN,NaN,NaN,NaN,NaN,677661
1629352800,1.1677,1.1709,1.16735,1.1705,59134,42066.55,0,NaN,NaN,NaN,NaN,NaN,NaN,677661
1629381600,1.1705,1.1705,1.16775,1.16805,46788,43824.65,0,NaN,NaN,NaN,NaN,NaN,NaN,678542
1629410400,1.16815,1.16945,1.16795,1.1692,11031,40256.1,0,NaN,NaN,NaN,NaN,NaN,NaN,678542
1629439200,1.16915,1.1692,1.1669,1.1684,52381,40659.5,0,NaN,NaN,NaN,NaN,NaN,NaN,678542
1629468000,1.16845,1.17095,1.1676,1.1705,42623,42349.75,0,NaN,NaN,NaN,NaN,NaN,NaN,680189
1629669600,1.17005,1.1729,1.16975,1.17215,16958,40534.7,0,NaN,NaN,NaN,NaN,NaN,NaN,680189
1629698400,1.17215,1.17495,1.1711,1.1735,67120,41571.05,0,NaN,NaN,NaN,NaN,NaN,NaN,680189
1629727200,1.1735,1.1755,1.17285,1.17505,43929,43353.55,0,NaN,NaN,NaN,NaN,NaN,NaN,673297
1629756000,1.1751,1.17535,1.1739,1.17455,12783,40974.15,0,NaN,NaN,NaN,NaN,NaN,NaN,673297
1629784800,1.1746,1.17595,1.1732,1.17525,52145,40259.5,0,NaN,NaN,NaN,NaN,NaN,NaN,673297
1629813600,1.17525,1.17695,1.17465,1.17605,50022,42155.95,0,NaN,NaN,NaN,NaN,NaN,NaN,672012
1629842400,1.1762,1.1763,1.1737,1.1747,13089,40240.8,0,NaN,NaN,NaN,NaN,NaN,NaN,672012
1629871200,1.17465,1.17635,1.17305,1.17515,56485,41285.15,0,NaN,NaN,NaN,NaN,NaN,NaN,672012
1629900000,1.17515,1.1779,1.175,1.17765,49289,43267.45,0,NaN,NaN,NaN,NaN,NaN,NaN,672075
1629928800,1.17755,1.1777,1.17645,1.17685,11348,40252.15,0,NaN,NaN,NaN,NaN,NaN,NaN,672075
1629957600,1.17685,1.17825,1.17515,1.1757,58754,40186.5,0,NaN,NaN,NaN,NaN,NaN,NaN,672075
1629986400,1.1757,1.17705,1.17495,1.17555,41425,41427.4,0,NaN,NaN,NaN,NaN,NaN,NaN,674302
1630015200,1.1759,1.17675,1.17455,1.17645,11917,39492.15,0,NaN,NaN,NaN,NaN,NaN,NaN,674302
1630044000,1.1765,1.1777,1.17375,1.17685,67270,39593.05,0,NaN,NaN,NaN,NaN,NaN,NaN,674302
1630072800,1.1768,1.1806,1.17455,1.1799,98464,43147.75,0,NaN,NaN,NaN,NaN,NaN,NaN,670612
1630274400,1.1801,1.18135,1.17985,1.18025,14198,40900.95,0,NaN,NaN,NaN,NaN,NaN,NaN,670612
1630303200,1.1803,1.18085,1.1786,1.1791,46718,40897.45,0,NaN,NaN,NaN,NaN,NaN,NaN,670612
1630332000,1.17915,1.18075,1.1787,1.18005,33705,42031.15,0,NaN,NaN,NaN,NaN,NaN,NaN,671959
1630360800,1.18005,1.1831,1.17985,1.18305,19212,40372.7,0,NaN,NaN,NaN,NaN,NaN,NaN,671959
1630389600,1.1831,1.1849,1.1819,1.1823,85613,42522.2,0,NaN,NaN,NaN,NaN,NaN,NaN,671959
1630418400,1.18235,1.1836,1.1799,1.1811,79843,45666.45,0,NaN,NaN,NaN,NaN,NaN,NaN,673637
1630447200,1.1813,1.18145,1.1798,1.1802,13990,43009.95,0,NaN,NaN,NaN,NaN,NaN,NaN,673637
1630476000,1.1802,1.18515,1.1796,1.18475,77944,44710.7,0,NaN,NaN,NaN,NaN,NaN,NaN,673637
1630504800,1.18465,1.18605,1.1836,1.18435,57770,46960.05,0,NaN,NaN,NaN,NaN,NaN,NaN,663203
1630533600,1.1843,1.1848,1.1836,1.1845,12018,44953.7,0,NaN,NaN,NaN,NaN,NaN,NaN,663203
1630562400,1.1845,1.18645,1.1838,1.18605,51425,45023.85,0,NaN,NaN,NaN,NaN,NaN,NaN,663203
1630591200,1.1861,1.1878,1.18515,1.1876,45568,46647.8,0,NaN,NaN,NaN,NaN,NaN,NaN,652185
1630620000,1.1876,1.18865,1.1875,1.18815,15819,44614.5,0,NaN,NaN,NaN,NaN,NaN,NaN,652185
1630648800,1.18815,1.19115,1.1868,1.18895,101891,47244.6,0,NaN,NaN,NaN,NaN,NaN,NaN,652185
1630677600,1.18905,1.19,1.18725,1.18825,46386,48996.5,0,NaN,NaN,NaN,NaN,NaN,NaN,642606
1630879200,1.18815,1.1888,1.18665,1.18735,12678,46692.7,0,NaN,NaN,NaN,NaN,NaN,NaN,642606
1630908000,1.1873,1.18765,1.18575,1.1869,31507,46196.8,0,NaN,NaN,NaN,NaN,NaN,NaN,642606
1630936800,1.1869,1.18725,1.1859,1.1872,9221,46062,0,NaN,NaN,NaN,NaN,NaN,NaN,642606
1630965600,1.1875,1.18865,1.1872,1.1873,14332,43415.1,0,NaN,NaN,NaN,NaN,NaN,NaN,642606
1630994400,1.1873,1.1884,1.1845,1.1858,70911,42037.45,0,NaN,NaN,NaN,NaN,NaN,NaN,642606
1631023200,1.18575,1.1859,1.1839,1.1843,46567,43655.9,0,NaN,NaN,NaN,NaN,NaN,NaN,531629
1631052000,1.18465,1.1852,1.1836,1.18375,12318,41935.9,0,NaN,NaN,NaN,NaN,NaN,NaN,531629
1631080800,1.18375,1.1846,1.181,1.18185,65085,43504.9,0,NaN,NaN,NaN,NaN,NaN,NaN,531629
1631109600,1.18185,1.18315,1.1803,1.1818,51172,45102.9,0,NaN,NaN,NaN,NaN,NaN,NaN,303206
1631138400,1.1819,1.18255,1.18115,1.1814,8999,41272.2,0,NaN,NaN,NaN,NaN,NaN,NaN,303206
1631167200,1.1814,1.1843,1.18085,1.1816,73759,40968,0,NaN,NaN,NaN,NaN,NaN,NaN,303206
1631196000,1.1816,1.184,1.18055,1.18235,36514,42094.2,0,NaN,NaN,NaN,NaN,NaN,NaN,154448
1631224800,1.1844,1.1855,1.184,1.1849,11904,38792.2,0,NaN,NaN,NaN,NaN,NaN,NaN,154448
1631253600,1.18485,1.18725,1.18425,1.1856,59515,38879.45,0,NaN,NaN,NaN,NaN,NaN,NaN,154448
1631282400,1.1856,1.1859,1.18305,1.18315,43492,40453.15,0,NaN,NaN,NaN,NaN,NaN,NaN,620412
1631484000,1.18365,1.1837,1.18085,1.1814,14808,38622.3,0,NaN,NaN,NaN,NaN,NaN,NaN,620412
1631512800,1.18145,1.18225,1.17905,1.18215,63396,39513.7,0,NaN,NaN,NaN,NaN,NaN,NaN,620412
1631541600,1.18215,1.18385,1.18135,1.18315,54207,41433.1,0,NaN,NaN,NaN,NaN,NaN,NaN,637730
1631570400,1.18305,1.184,1.18265,1.18335,8849,36781,0,NaN,NaN,NaN,NaN,NaN,NaN,637730
1631599200,1.1833,1.1867,1.1821,1.18485,77066,38315,0,NaN,NaN,NaN,NaN,NaN,NaN,637730
1631628000,1.18485,1.18485,1.18205,1.1825,39718,39667,0,NaN,NaN,NaN,NaN,NaN,NaN,636944
1631656800,1.18255,1.18325,1.18205,1.18265,11772,38680.25,0,NaN,NaN,NaN,NaN,NaN,NaN,636944
1631685600,1.1826,1.1853,1.1819,1.1839,62828,41360.6,0,NaN,NaN,NaN,NaN,NaN,NaN,636944
1631714400,1.18395,1.18435,1.18245,1.1836,45114,42899.7,0,NaN,NaN,NaN,NaN,NaN,NaN,639644
1631743200,1.1836,1.1841,1.1823,1.1823,9456,39826.95,0,NaN,NaN,NaN,NaN,NaN,NaN,639644
1631772000,1.18225,1.1827,1.177,1.17775,95420,42269.6,0,NaN,NaN,NaN,NaN,NaN,NaN,639644
1631800800,1.1777,1.17915,1.1773,1.1789,57481,44527.75,0,NaN,NaN,NaN,NaN,NaN,NaN,635621
1631829600,1.1786,1.1794,1.17785,1.17905,13646,41955.8,0,NaN,NaN,NaN,NaN,NaN,NaN,635621
1631858400,1.179,1.1809,1.177,1.17735,87008,43747.6,0,NaN,NaN,NaN,NaN,NaN,NaN,635621
1631887200,1.1774,1.1777,1.1743,1.1745,63061,46450.7,0,NaN,NaN,NaN,NaN,NaN,NaN,642435
1632088800,1.1746,1.1749,1.1729,1.1736,17484,43636.95,0,NaN,NaN,NaN,NaN,NaN,NaN,642435
1632117600,1.1736,1.1738,1.17195,1.17375,71045,45363.5,0,NaN,NaN,NaN,NaN,NaN,NaN,642435
1632146400,1.17375,1.1756,1.1732,1.1746,51691,47352.85,0,NaN,NaN,NaN,NaN,NaN,NaN,648083
1632175200,1.17495,1.1759,1.1743,1.1753,12070,44980.6,0,NaN,NaN,NaN,NaN,NaN,NaN,648083
1632204000,1.1753,1.1768,1.1738,1.175,66226,46117.3,0,NaN,NaN,NaN,NaN,NaN,NaN,648083
1632232800,1.175,1.17515,1.17335,1.17445,46744,47714.1,0,NaN,NaN,NaN,NaN,NaN,NaN,646775
1632261600,1.1744,1.1749,1.17355,1.17415,12593,45173.95,0,NaN,NaN,NaN,NaN,NaN,NaN,646775
1632290400,1.1741,1.17565,1.1736,1.175,47415,44834.35,0,NaN,NaN,NaN,NaN,NaN,NaN,646775
1632319200,1.175,1.1775,1.1703,1.1707,116968,50240.3,0,NaN,NaN,NaN,NaN,NaN,NaN,646740
1632348000,1.1711,1.1731,1.1701,1.17275,16975,47235.75,0,NaN,NaN,NaN,NaN,NaN,NaN,646740
1632376800,1.1727,1.1758,1.1724,1.17575,84171,49458.4,0,NaN,NaN,NaN,NaN,NaN,NaN,646740
1632405600,1.1758,1.17685,1.1749,1.17575,51311,51435.35,0,NaN,NaN,NaN,NaN,NaN,NaN,651163
1632434400,1.1757,1.17655,1.17535,1.1755,11037,48845.8,0,NaN,NaN,NaN,NaN,NaN,NaN,651163
1632463200,1.1755,1.1759,1.17185,1.1729,65292,49854.7,0,NaN,NaN,NaN,NaN,NaN,NaN,651163
1632492000,1.17285,1.17435,1.1722,1.1737,42534,51508.6,0,NaN,NaN,NaN,NaN,NaN,NaN,641223
1632693600,1.1735,1.1743,1.1734,1.17375,13041,47389.65,0,NaN,NaN,NaN,NaN,NaN,NaN,641223
1632722400,1.1738,1.17405,1.17005,1.17195,75856,48308.4,0,NaN,NaN,NaN,NaN,NaN,NaN,641223
1632751200,1.17195,1.1727,1.17115,1.17135,39177,49584.95,0,NaN,NaN,NaN,NaN,NaN,NaN,645870
1632780000,1.1715,1.17205,1.17015,1.1716,11832,45826.15,0,NaN,NaN,NaN,NaN,NaN,NaN,645870
1632808800,1.1716,1.17185,1.1688,1.16985,87297,47037.95,0,NaN,NaN,NaN,NaN,NaN,NaN,645870
1632837600,1.1698,1.17185,1.16855,1.17005,81199,50223.7,0,NaN,NaN,NaN,NaN,NaN,NaN,651535
1632866400,1.17,1.1707,1.16945,1.16995,15529,47447.9,0,NaN,NaN,NaN,NaN,NaN,NaN,651535
1632895200,1.16995,1.17025,1.16485,1.16525,104123,50069.5,0,NaN,NaN,NaN,NaN,NaN,NaN,651535
1632924000,1.16525,1.166,1.16055,1.1613,83167,53624.35,0,NaN,NaN,NaN,NaN,NaN,NaN,665056
1632952800,1.16125,1.16245,1.16105,1.1611,18616,51243.85,0,NaN,NaN,NaN,NaN,NaN,NaN,665056
1632981600,1.16105,1.16255,1.15835,1.1602,104351,54124.2,0,NaN,NaN,NaN,NaN,NaN,NaN,665056
1633010400,1.16015,1.16135,1.1578,1.1594,88742,57931.65,0,NaN,NaN,NaN,NaN,NaN,NaN,669204
1633039200,1.1597,1.15985,1.1578,1.15925,17450,56433.4,0,NaN,NaN,NaN,NaN,NaN,NaN,669204
1633068000,1.1592,1.1623,1.15875,1.1618,81898,54679.9,0,NaN,NaN,NaN,NaN,NaN,NaN,669204
1633096800,1.16185,1.16195,1.1599,1.16085,56311,56646.7,0,NaN,NaN,NaN,NaN,NaN,NaN,674689
1633298400,1.16095,1.16295,1.16035,1.1614,15744,53225.35,0,NaN,NaN,NaN,NaN,NaN,NaN,674689
1633327200,1.16135,1.1656,1.1612,1.16455,72915,54305.55,0,NaN,NaN,NaN,NaN,NaN,NaN,674689
1633356000,1.16455,1.1656,1.16305,1.1635,51073,56307.35,0,NaN,NaN,NaN,NaN,NaN,NaN,677679
1633384800,1.16335,1.1638,1.1605,1.16095,16097,53847.6,0,NaN,NaN,NaN,NaN,NaN,NaN,677679
1633413600,1.161,1.16205,1.16015,1.16105,58043,54623.05,0,NaN,NaN,NaN,NaN,NaN,NaN,677679
1633442400,1.161,1.1629,1.1596,1.16125,56387,56790.35,0,NaN,NaN,NaN,NaN,NaN,NaN,674295
1633471200,1.1611,1.1616,1.15965,1.1597,13719,53683.5,0,NaN,NaN,NaN,NaN,NaN,NaN,674295
1633500000,1.1597,1.1599,1.15445,1.15575,101243,56786.8,0,NaN,NaN,NaN,NaN,NaN,NaN,674295
1633528800,1.15575,1.1575,1.15475,1.15725,64277,59409.05,0,NaN,NaN,NaN,NaN,NaN,NaN,677049
1633557600,1.1571,1.1575,1.15635,1.15635,12149,55651.65,0,NaN,NaN,NaN,NaN,NaN,NaN,677049
1633586400,1.15635,1.15865,1.15615,1.15705,58573,54520.35,0,NaN,NaN,NaN,NaN,NaN,NaN,677049
1633615200,1.15705,1.1583,1.15635,1.15675,47050,56096.4,0,NaN,NaN,NaN,NaN,NaN,NaN,678278
1633644000,1.1569,1.1574,1.15555,1.1556,14341,51607.3,0,NaN,NaN,NaN,NaN,NaN,NaN,678278
1633672800,1.1556,1.16005,1.15555,1.15775,96074,52252.65,0,NaN,NaN,NaN,NaN,NaN,NaN,678278
1633701600,1.1578,1.15935,1.1574,1.15875,48736,53758.65,0,NaN,NaN,NaN,NaN,NaN,NaN,676475
1633903200,1.1586,1.15935,1.15775,1.15875,13284,49205.3,0,NaN,NaN,NaN,NaN,NaN,NaN,676475
1633932000,1.15875,1.1601,1.15655,1.15905,62495,47892.95,0,NaN,NaN,NaN,NaN,NaN,NaN,676475
1633960800,1.1591,1.15975,1.1562,1.1567,29605,48500.7,0,NaN,NaN,NaN,NaN,NaN,NaN,675924
1633989600,1.1568,1.1577,1.15605,1.15745,13999,45105.75,0,NaN,NaN,NaN,NaN,NaN,NaN,675924
1634018400,1.1575,1.1584,1.1547,1.15575,63377,45459.05,0,NaN,NaN,NaN,NaN,NaN,NaN,675924
1634047200,1.1557,1.1564,1.15375,1.15435,51049,47224.3,0,NaN,NaN,NaN,NaN,NaN,NaN,676650
1634076000,1.15435,1.15695,1.15425,1.1564,16813,44419.2,0,NaN,NaN,NaN,NaN,NaN,NaN,676650
1634104800,1.15635,1.15845,1.1549,1.1578,82479,45989.5,0,NaN,NaN,NaN,NaN,NaN,NaN,676650
1634133600,1.1578,1.1611,1.15705,1.16095,62681,48318.7,0,NaN,NaN,NaN,NaN,NaN,NaN,666224
1634162400,1.16105,1.1614,1.16005,1.1602,14549,46144,0,NaN,NaN,NaN,NaN,NaN,NaN,666224
1634191200,1.16025,1.1637,1.1602,1.16095,81167,47383,0,NaN,NaN,NaN,NaN,NaN,NaN,666224
1634220000,1.16095,1.16155,1.15965,1.161,43326,48863.35,0,NaN,NaN,NaN,NaN,NaN,NaN,669660
1634248800,1.16135,1.16245,1.16005,1.1618,15023,44552.35,0,NaN,NaN,NaN,NaN,NaN,NaN,669660
1634277600,1.1618,1.16315,1.16015,1.1606,66264,44651.7,0,NaN,NaN,NaN,NaN,NaN,NaN,669660
1634306400,1.16065,1.16225,1.16015,1.1611,50502,46569.35,0,NaN,NaN,NaN,NaN,NaN,NaN,667096
1634508000,1.16115,1.16175,1.159,1.15905,15753,44428.35,0,NaN,NaN,NaN,NaN,NaN,NaN,667096
1634536800,1.1591,1.1626,1.1584,1.1614,89451,46548.4,0,NaN,NaN,NaN,NaN,NaN,NaN,667096
1634565600,1.16135,1.1635,1.1605,1.1624,47645,48213.6,0,NaN,NaN,NaN,NaN,NaN,NaN,661689
1634594400,1.16245,1.16675,1.16205,1.16625,22609,44540.35,0,NaN,NaN,NaN,NaN,NaN,NaN,661689
1634623200,1.16625,1.16815,1.16535,1.1668,88232,46515.15,0,NaN,NaN,NaN,NaN,NaN,NaN,661689
1634652000,1.1668,1.167,1.1642,1.16455,51934,48447.65,0,NaN,NaN,NaN,NaN,NaN,NaN,659323
1634680800,1.1645,1.1664,1.16395,1.1657,15463,46096.05,0,NaN,NaN,NaN,NaN,NaN,NaN,659323
1634709600,1.1657,1.16605,1.16285,1.166,69466,48089.1,0,NaN,NaN,NaN,NaN,NaN,NaN,659323
1634738400,1.166,1.16705,1.1654,1.1662,46260,49702.15,0,NaN,NaN,NaN,NaN,NaN,NaN,655253
1634767200,1.16585,1.1679,1.16585,1.16635,17164,47391.5,0,NaN,NaN,NaN,NaN,NaN,NaN,655253
1634796000,1.16635,1.16675,1.16425,1.1656,65195,48098.8,0,NaN,NaN,NaN,NaN,NaN,NaN,655253
1634824800,1.1656,1.16625,1.1631,1.1635,54016,49958.95,0,NaN,NaN,NaN,NaN,NaN,NaN,654762
1634853600,1.16365,1.1643,1.1632,1.1638,10275,46348.75,0,NaN,NaN,NaN,NaN,NaN,NaN,654762
1634882400,1.1638,1.16585,1.1634,1.1656,64881,46458.75,0,NaN,NaN,NaN,NaN,NaN,NaN,654762
1634911200,1.1656,1.1667,1.16325,1.16565,72792,49370.9,0,NaN,NaN,NaN,NaN,NaN,NaN,657360
1635112800,1.1651,1.1676,1.16465,1.1668,21378,46381.45,0,NaN,NaN,NaN,NaN,NaN,NaN,657360
1635141600,1.1668,1.16755,1.1601,1.1622,101586,49294.45,0,NaN,NaN,NaN,NaN,NaN,NaN,657360
1635170400,1.1622,1.1628,1.16155,1.1622,35062,50296.4,0,NaN,NaN,NaN,NaN,NaN,NaN,664105
1635199200,1.16225,1.1623,1.16075,1.16135,15109,47738.65,0,NaN,NaN,NaN,NaN,NaN,NaN,664105
1635228000,1.16135,1.16365,1.16045,1.1622,71872,48807.15,0,NaN,NaN,NaN,NaN,NaN,NaN,664105
1635256800,1.16215,1.1623,1.15955,1.16075,47536,50396.3,0,NaN,NaN,NaN,NaN,NaN,NaN,658635
1635285600,1.16055,1.16155,1.16035,1.16065,13251,46586.3,0,NaN,NaN,NaN,NaN,NaN,NaN,658635
1635314400,1.16065,1.1638,1.1595,1.16285,90755,48741.8,0,NaN,NaN,NaN,NaN,NaN,NaN,658635
1635343200,1.16285,1.1635,1.15985,1.16135,81000,51661.35,0,NaN,NaN,NaN,NaN,NaN,NaN,655221
1635372000,1.16135,1.16195,1.15985,1.16105,18869,48193.2,0,NaN,NaN,NaN,NaN,NaN,NaN,655221
1635400800,1.16105,1.16705,1.15915,1.16675,145538,52873.4,0,NaN,NaN,NaN,NaN,NaN,NaN,655221
1635429600,1.1668,1.17025,1.16675,1.16925,103158,57258.15,0,NaN,NaN,NaN,NaN,NaN,NaN,655732
1635458400,1.1692,1.17,1.16735,1.16775,21137,54841.7,0,NaN,NaN,NaN,NaN,NaN,NaN,655732
1635487200,1.16775,1.1686,1.16275,1.1629,112579,58157.65,0,NaN,NaN,NaN,NaN,NaN,NaN,655732
1635516000,1.1629,1.1629,1.15445,1.15715,151189,64858.9,0,NaN,NaN,NaN,NaN,NaN,NaN,659805
1635717600,1.15715,1.1573,1.15555,1.1573,19061,62552.2,0,NaN,NaN,NaN,NaN,NaN,NaN,659805
1635746400,1.15725,1.159,1.1557,1.1582,68348,63268.8,0,NaN,NaN,NaN,NaN,NaN,NaN,659805
1635775200,1.15825,1.16185,1.15745,1.1616,52005,65355.3,0,NaN,NaN,NaN,NaN,NaN,NaN,656141
1635804000,1.16145,1.16175,1.1604,1.16165,15423,62882.4,0,NaN,NaN,NaN,NaN,NaN,NaN,656141
1635832800,1.16165,1.1623,1.1595,1.16,64259,62455.75,0,NaN,NaN,NaN,NaN,NaN,NaN,656141
1635861600,1.16,1.16085,1.15845,1.15895,50680,63920.85,0,NaN,NaN,NaN,NaN,NaN,NaN,655745
1635890400,1.15875,1.1596,1.15835,1.15945,7946,59238.85,0,NaN,NaN,NaN,NaN,NaN,NaN,655745
1635919200,1.1594,1.16065,1.1577,1.158,55733,60272.4,0,NaN,NaN,NaN,NaN,NaN,NaN,655745
1635948000,1.15795,1.1625,1.1571,1.16215,93477,64190.8,0,NaN,NaN,NaN,NaN,NaN,NaN,656742
1635976800,1.16205,1.1625,1.15935,1.15975,13604,61277.4,0,NaN,NaN,NaN,NaN,NaN,NaN,656742
1636005600,1.15975,1.15975,1.15505,1.15615,92197,63510.45,0,NaN,NaN,NaN,NaN,NaN,NaN,656742
1636034400,1.15615,1.1566,1.1535,1.1563,64469,66071.35,0,NaN,NaN,NaN,NaN,NaN,NaN,665830
1636063200,1.15605,1.15655,1.1549,1.1561,13342,62200.7,0,NaN,NaN,NaN,NaN,NaN,NaN,665830
1636092000,1.15605,1.1571,1.15205,1.1527,92386,62770,0,NaN,NaN,NaN,NaN,NaN,NaN,665830
1636120800,1.1527,1.15815,1.1526,1.15765,76832,65668.15,0,NaN,NaN,NaN,NaN,NaN,NaN,662859
1636326000,1.1573,1.15775,1.15605,1.1571,14587,59120.6,0,NaN,NaN,NaN,NaN,NaN,NaN,662859
1636354800,1.15715,1.1591,1.1558,1.15835,69027,57414.05,0,NaN,NaN,NaN,NaN,NaN,NaN,662859
1636383600,1.1583,1.1603,1.15815,1.1594,46204,58667.4,0,NaN,NaN,NaN,NaN,NaN,NaN,656153
1636412400,1.1594,1.16135,1.15845,1.16045,16728,53874.85,0,NaN,NaN,NaN,NaN,NaN,NaN,656153
1636441200,1.16045,1.1616,1.15765,1.16075,72602,49945.5,0,NaN,NaN,NaN,NaN,NaN,NaN,656153
1636470000,1.16075,1.1609,1.15785,1.16015,48280,51406.45,0,NaN,NaN,NaN,NaN,NaN,NaN,654295
1636498800,1.16015,1.16025,1.1584,1.1587,10030,48490.55,0,NaN,NaN,NaN,NaN,NaN,NaN,654295
1636527600,1.1587,1.15895,1.15405,1.1568,101827,50981.65,0,NaN,NaN,NaN,NaN,NaN,NaN,654295
1636556400,1.15685,1.15705,1.1482,1.1484,109365,55678.75,0,NaN,NaN,NaN,NaN,NaN,NaN,665947
1636585200,1.1485,1.1494,1.1471,1.14865,22168,53574.2,0,NaN,NaN,NaN,NaN,NaN,NaN,665947
1636614000,1.1486,1.1488,1.146,1.14755,74237,54752.05,0,NaN,NaN,NaN,NaN,NaN,NaN,665947
1636642800,1.14755,1.1483,1.14495,1.14555,46395,56674.5,0,NaN,NaN,NaN,NaN,NaN,NaN,670789
1636671600,1.1457,1.1457,1.1442,1.14515,14662,54620.95,0,NaN,NaN,NaN,NaN,NaN,NaN,670789
1636700400,1.1451,1.1462,1.1439,1.14425,59439,52919.05,0,NaN,NaN,NaN,NaN,NaN,NaN,670789
1636729200,1.1443,1.14685,1.1443,1.14495,55637,55020.7,0,NaN,NaN,NaN,NaN,NaN,NaN,671979
1636930800,1.145,1.14695,1.1447,1.1464,12789,51050.3,0,NaN,NaN,NaN,NaN,NaN,NaN,671979
1636959600,1.1464,1.14675,1.144,1.14435,58089,50731.3,0,NaN,NaN,NaN,NaN,NaN,NaN,671979
1636988400,1.14435,1.14515,1.1362,1.13725,91875,54657.95,0,NaN,NaN,NaN,NaN,NaN,NaN,676429
1637017200,1.1373,1.13915,1.1365,1.1383,20430,51060.15,0,NaN,NaN,NaN,NaN,NaN,NaN,676429
1637046000,1.13835,1.1385,1.1335,1.13495,99477,52192.4,0,NaN,NaN,NaN,NaN,NaN,NaN,676429
1637074800,1.13495,1.1361,1.13145,1.13235,65728,54749.45,0,NaN,NaN,NaN,NaN,NaN,NaN,679929
1637103600,1.1326,1.1332,1.12685,1.13075,37437,53169.95,0,NaN,NaN,NaN,NaN,NaN,NaN,679929
1637132400,1.13075,1.13375,1.13025,1.1323,90158,55367.65,0,NaN,NaN,NaN,NaN,NaN,NaN,679929
1637161200,1.13235,1.1332,1.12985,1.1324,59020,57482.25,0,NaN,NaN,NaN,NaN,NaN,NaN,681189
1637190000,1.1324,1.1343,1.1318,1.1324,19071,54805.7,0,NaN,NaN,NaN,NaN,NaN,NaN,681189
1637218800,1.1324,1.1353,1.13185,1.13465,81299,56456.65,0,NaN,NaN,NaN,NaN,NaN,NaN,681189
1637247600,1.13465,1.1379,1.1341,1.13775,55279,58719.1,0,NaN,NaN,NaN,NaN,NaN,NaN,678101
1637276400,1.1377,1.13775,1.13555,1.1363,13911,54323.3,0,NaN,NaN,NaN,NaN,NaN,NaN,678101
1637305200,1.13635,1.13635,1.1254,1.1312,168282,57269.15,0,NaN,NaN,NaN,NaN,NaN,NaN,678101
1637334000,1.1312,1.1327,1.12845,1.1287,67089,59515.2,0,NaN,NaN,NaN,NaN,NaN,NaN,676499
1637535600,1.1289,1.1294,1.12695,1.12705,26474,57127.05,0,NaN,NaN,NaN,NaN,NaN,NaN,676499
1637564400,1.1271,1.12945,1.124,1.12625,109431,60278.85,0,NaN,NaN,NaN,NaN,NaN,NaN,676499
1637593200,1.1262,1.127,1.1235,1.12385,60902,62590.85,0,NaN,NaN,NaN,NaN,NaN,NaN,677690
1637622000,1.12395,1.1248,1.123,1.1244,16548,60446.3,0,NaN,NaN,NaN,NaN,NaN,NaN,677690
1637650800,1.12445,1.12785,1.1238,1.12535,106806,63004.75,0,NaN,NaN,NaN,NaN,NaN,NaN,677690
1637679600,1.1253,1.12755,1.1246,1.1253,51493,64939.95,0,NaN,NaN,NaN,NaN,NaN,NaN,679624
1637708400,1.12525,1.1254,1.12365,1.1251,15102,62790.6,0,NaN,NaN,NaN,NaN,NaN,NaN,679624
1637737200,1.12505,1.1259,1.119,1.1208,114900,63941.85,0,NaN,NaN,NaN,NaN,NaN,NaN,679624
1637766000,1.1208,1.1217,1.11915,1.12045,63811,66110.9,0,NaN,NaN,NaN,NaN,NaN,NaN,682552
1637794800,1.1203,1.1221,1.1203,1.12175,9594,61616.75,0,NaN,NaN,NaN,NaN,NaN,NaN,682552
1637823600,1.1217,1.1233,1.12155,1.12205,33743,60017.5,0,NaN,NaN,NaN,NaN,NaN,NaN,682552
1637852400,1.12205,1.12205,1.12095,1.1213,11004,58695.85,0,NaN,NaN,NaN,NaN,NaN,NaN,682552
1637881200,1.12125,1.1236,1.12095,1.1234,22974,55336.65,0,NaN,NaN,NaN,NaN,NaN,NaN,682552
1637910000,1.12345,1.1301,1.12305,1.12965,133181,59044.7,0,NaN,NaN,NaN,NaN,NaN,NaN,682552
1637938800,1.1297,1.1325,1.12925,1.1309,54439,60813.1,0,NaN,NaN,NaN,NaN,NaN,NaN,676940
1638140400,1.13,1.1304,1.1274,1.12755,24197,57958,0,NaN,NaN,NaN,NaN,NaN,NaN,676940
1638169200,1.1275,1.1298,1.12615,1.1264,71221,58755.1,0,NaN,NaN,NaN,NaN,NaN,NaN,676940
1638198000,1.12635,1.1296,1.12615,1.12945,50112,60565.15,0,NaN,NaN,NaN,NaN,NaN,NaN,678581
1638226800,1.1294,1.133,1.1288,1.13255,24887,53395.4,0,NaN,NaN,NaN,NaN,NaN,NaN,678581
1638255600,1.1326,1.13855,1.1315,1.1381,106450,55363.45,0,NaN,NaN,NaN,NaN,NaN,NaN,678581
1638284400,1.13805,1.1386,1.12375,1.1343,176000,62839.75,0,NaN,NaN,NaN,NaN,NaN,NaN,662607
1638313200,1.1342,1.13455,1.13195,1.1334,21776,58457,0,NaN,NaN,NaN,NaN,NaN,NaN,662607
1638342000,1.13345,1.1363,1.1305,1.1355,94649,60144.35,0,NaN,NaN,NaN,NaN,NaN,NaN,662607
1638370800,1.13555,1.13605,1.13115,1.13225,58320,62232.95,0,NaN,NaN,NaN,NaN,NaN,NaN,651839
1638399600,1.132,1.13415,1.13165,1.13235,12966,57540.95,0,NaN,NaN,NaN,NaN,NaN,NaN,651839
1638428400,1.13235,1.135,1.13095,1.134,65256,58229.1,0,NaN,NaN,NaN,NaN,NaN,NaN,651839
1638457200,1.134,1.13415,1.1297,1.1304,49292,59938.6,0,NaN,NaN,NaN,NaN,NaN,NaN,646369
1638486000,1.1304,1.13095,1.1284,1.1284,13109,54849.05,0,NaN,NaN,NaN,NaN,NaN,NaN,646369
1638514800,1.12845,1.1336,1.1283,1.1295,96613,56489.15,0,NaN,NaN,NaN,NaN,NaN,NaN,646369
1638543600,1.12945,1.1329,1.12685,1.1313,72278,59623.35,0,NaN,NaN,NaN,NaN,NaN,NaN,640207
1638745200,1.13125,1.13155,1.12815,1.12815,14124,58642.4,0,NaN,NaN,NaN,NaN,NaN,NaN,640207
1638774000,1.12815,1.13115,1.12765,1.12925,57192,60951.8,0,NaN,NaN,NaN,NaN,NaN,NaN,640207
1638802800,1.12925,1.12925,1.1268,1.1287,35268,61566.5,0,NaN,NaN,NaN,NaN,NaN,NaN,591544
1638831600,1.1286,1.1298,1.1277,1.1295,14074,55611.15,0,NaN,NaN,NaN,NaN,NaN,NaN,591544
1638860400,1.12955,1.13,1.12285,1.12465,79051,56841.75,0,NaN,NaN,NaN,NaN,NaN,NaN,591544
1638889200,1.12465,1.1275,1.12375,1.12695,42183,57741.05,0,NaN,NaN,NaN,NaN,NaN,NaN,507115
1638918000,1.127,1.12965,1.12695,1.129,12705,54815.25,0,NaN,NaN,NaN,NaN,NaN,NaN,507115
1638946800,1.129,1.1319,1.1267,1.1305,82074,56413.35,0,NaN,NaN,NaN,NaN,NaN,NaN,507115
1638975600,1.1305,1.1356,1.13045,1.13435,57665,58052.25,0,NaN,NaN,NaN,NaN,NaN,NaN,379750
1639004400,1.1343,1.1346,1.13275,1.13285,9589,53209.2,0,NaN,NaN,NaN,NaN,NaN,NaN,379750
1639033200,1.1329,1.1331,1.13005,1.13025,54952,47156.8,0,NaN,NaN,NaN,NaN,NaN,NaN,379750
1639062000,1.13025,1.1305,1.12785,1.1293,36398,47887.9,0,NaN,NaN,NaN,NaN,NaN,NaN,145842
1639090800,1.1319,1.1329,1.1313,1.13235,9097,43610.3,0,NaN,NaN,NaN,NaN,NaN,NaN,145842
1639119600,1.13235,1.13365,1.1291,1.13125,75304,44459.5,0,NaN,NaN,NaN,NaN,NaN,NaN,145842
1639148400,1.1313,1.13515,1.13105,1.13435,47126,46167.5,0,NaN,NaN,NaN,NaN,NaN,NaN,622801
1639350000,1.1341,1.1346,1.13115,1.13115,10993,43454.35,0,NaN,NaN,NaN,NaN,NaN,NaN,622801
1639378800,1.1312,1.1325,1.12865,1.1314,57390,43859.25,0,NaN,NaN,NaN,NaN,NaN,NaN,622801
1639407600,1.13145,1.1334,1.13005,1.13125,44877,45447.65,0,NaN,NaN,NaN,NaN,NaN,NaN,639049
1639436400,1.1309,1.1312,1.12975,1.13045,10638,41148.9,0,NaN,NaN,NaN,NaN,NaN,NaN,639049
1639465200,1.13045,1.1351,1.1293,1.1328,69089,40989.45,0,NaN,NaN,NaN,NaN,NaN,NaN,639049
1639494000,1.13285,1.13295,1.12805,1.12855,44280,42497.25,0,NaN,NaN,NaN,NaN,NaN,NaN,641963
1639522800,1.1285,1.1303,1.128,1.13015,10514,40163.35,0,NaN,NaN,NaN,NaN,NaN,NaN,641963
1639551600,1.13015,1.1304,1.1277,1.1286,55257,41162.8,0,NaN,NaN,NaN,NaN,NaN,NaN,641963
1639580400,1.12865,1.1326,1.12475,1.13205,81689,44543.55,0,NaN,NaN,NaN,NaN,NaN,NaN,644026
1639609200,1.132,1.1326,1.1308,1.1318,11071,41144.55,0,NaN,NaN,NaN,NaN,NaN,NaN,644026
1639638000,1.1318,1.1388,1.1317,1.1354,105844,44327.6,0,NaN,NaN,NaN,NaN,NaN,NaN,644026
1639666800,1.1354,1.1363,1.1325,1.13555,44568,45920.75,0,NaN,NaN,NaN,NaN,NaN,NaN,645433
1639695600,1.13575,1.1375,1.13465,1.13595,14769,42555.5,0,NaN,NaN,NaN,NaN,NaN,NaN,645433
1639724400,1.13595,1.13655,1.13175,1.1332,61390,42741.75,0,NaN,NaN,NaN,NaN,NaN,NaN,645433
1639753200,1.13315,1.1333,1.126,1.1263,58323,45178.45,0,NaN,NaN,NaN,NaN,NaN,NaN,647847
1639954800,1.12635,1.128,1.12585,1.12755,14408,43151.25,0,NaN,NaN,NaN,NaN,NaN,NaN,647847
1639983600,1.12765,1.1324,1.12705,1.13215,63469,44504.8,0,NaN,NaN,NaN,NaN,NaN,NaN,647847
1640012400,1.1322,1.1327,1.1294,1.12975,40011,46050.5,0,NaN,NaN,NaN,NaN,NaN,NaN,647511
1640041200,1.12985,1.1309,1.1295,1.13,8823,42726.45,0,NaN,NaN,NaN,NaN,NaN,NaN,647511
1640070000,1.13005,1.1325,1.1292,1.12945,59292,43334.75,0,NaN,NaN,NaN,NaN,NaN,NaN,647511
1640098800,1.1295,1.13085,1.12815,1.13075,46878,45129,0,NaN,NaN,NaN,NaN,NaN,NaN,648116
1640127600,1.13035,1.1315,1.1286,1.1288,11389,42828.95,0,NaN,NaN,NaN,NaN,NaN,NaN,648116
1640156400,1.12875,1.1342,1.1285,1.133,58526,43511.4,0,NaN,NaN,NaN,NaN,NaN,NaN,648116
1640185200,1.13295,1.1364,1.1328,1.13485,48932,45426.1,0,NaN,NaN,NaN,NaN,NaN,NaN,655938
1640214000,1.13465,1.1363,1.1344,1.13565,8962,42419.75,0,NaN,NaN,NaN,NaN,NaN,NaN,655938
1640242800,1.13565,1.136,1.1311,1.13295,54241,42917.8,0,NaN,NaN,NaN,NaN,NaN,NaN,655938
1640271600,1.13295,1.13595,1.13265,1.13485,42658,44525,0,NaN,NaN,NaN,NaN,NaN,NaN,654567
1640559600,1.13445,1.13485,1.1334,1.13375,6629,42093.6,0,NaN,NaN,NaN,NaN,NaN,NaN,654567
1640588400,1.13375,1.13555,1.1323,1.135,38574,39937.85,0,NaN,NaN,NaN,NaN,NaN,NaN,654567
1640617200,1.135,1.1352,1.1333,1.1347,23402,40554.4,0,NaN,NaN,NaN,NaN,NaN,NaN,653141
1640646000,1.13465,1.1351,1.1338,1.1345,6634,35593.9,0,NaN,NaN,NaN,NaN,NaN,NaN,653141
1640674800,1.13455,1.13535,1.1312,1.13255,46584,35694.7,0,NaN,NaN,NaN,NaN,NaN,NaN,653141
1640703600,1.1326,1.13405,1.1309,1.133,35179,36715.2,0,NaN,NaN,NaN,NaN,NaN,NaN,654720
1640732400,1.13285,1.1334,1.1317,1.13195,6596,33975.5,0,NaN,NaN,NaN,NaN,NaN,NaN,654720
1640761200,1.1319,1.1371,1.1292,1.13675,90424,35580.55,0,NaN,NaN,NaN,NaN,NaN,NaN,654720
1640790000,1.1367,1.13905,1.1355,1.13685,63584,38039.35,0,NaN,NaN,NaN,NaN,NaN,NaN,669283
1640818800,1.13665,1.13775,1.13315,1.13335,13642,35548,0,NaN,NaN,NaN,NaN,NaN,NaN,669283
1640847600,1.1334,1.13615,1.1315,1.135,70391,37067,0,NaN,NaN,NaN,NaN,NaN,NaN,669283
1640876400,1.1351,1.1357,1.13205,1.13435,45173,38884.5,0,NaN,NaN,NaN,NaN,NaN,NaN,668612
1640905200,1.134,1.13455,1.1325,1.1332,7865,36313.15,0,NaN,NaN,NaN,NaN,NaN,NaN,668612
1640934000,1.13325,1.137,1.132,1.13605,56839,36811.2,0,NaN,NaN,NaN,NaN,NaN,NaN,668612
1640962800,1.1361,1.14035,1.1355,1.13875,50274,38755.45,0,NaN,NaN,NaN,NaN,NaN,NaN,670914
1641164400,1.1394,1.1395,1.13525,1.13595,14569,36557.6,0,NaN,NaN,NaN,NaN,NaN,NaN,670914
1641193200,1.13595,1.1382,1.13155,1.13215,67449,37483.45,0,NaN,NaN,NaN,NaN,NaN,NaN,670914
1641222000,1.13215,1.13245,1.1295,1.1314,56686,39869.65,0,NaN,NaN,NaN,NaN,NaN,NaN,669683
1641250800,1.1311,1.13255,1.13075,1.13085,15068,37911,0,NaN,NaN,NaN,NaN,NaN,NaN,669683
1641279600,1.13085,1.1323,1.1287,1.1299,70081,39282.15,0,NaN,NaN,NaN,NaN,NaN,NaN,669683
1641308400,1.13,1.1338,1.12925,1.13015,59228,41912.1,0,NaN,NaN,NaN,NaN,NaN,NaN,662844
1641337200,1.1301,1.1316,1.12915,1.13105,8921,40429.45,0,NaN,NaN,NaN,NaN,NaN,NaN,662844
1641366000,1.131,1.1354,1.13095,1.1351,70797,42799.2,0,NaN,NaN,NaN,NaN,NaN,NaN,662844
1641394800,1.13505,1.1362,1.1317,1.1327,63892,45662.1,0,NaN,NaN,NaN,NaN,NaN,NaN,662085
1641423600,1.13245,1.13345,1.131,1.1311,12225,43944.15,0,NaN,NaN,NaN,NaN,NaN,NaN,662085
1641452400,1.1311,1.13465,1.12985,1.1337,71400,45755.2,0,NaN,NaN,NaN,NaN,NaN,NaN,662085
1641481200,1.13375,1.13455,1.13005,1.1312,47626,47806.7,0,NaN,NaN,NaN,NaN,NaN,NaN,664298
1641510000,1.1311,1.13175,1.13045,1.1313,8175,43694.25,0,NaN,NaN,NaN,NaN,NaN,NaN,664298
1641538800,1.13135,1.13495,1.13065,1.1345,68699,43950,0,NaN,NaN,NaN,NaN,NaN,NaN,664298
1641567600,1.1345,1.138,1.13445,1.13775,60894,46312.6,0,NaN,NaN,NaN,NaN,NaN,NaN,667306
1641769200,1.13745,1.13765,1.1341,1.13475,15895,43587.8,0,NaN,NaN,NaN,NaN,NaN,NaN,667306
1641798000,1.1348,1.1359,1.1299,1.1312,79594,45308.85,0,NaN,NaN,NaN,NaN,NaN,NaN,667306
1641826800,1.13115,1.135,1.1307,1.13425,42829,47057.05,0,NaN,NaN,NaN,NaN,NaN,NaN,663954
1641855600,1.1342,1.1359,1.1342,1.13505,13354,44882.8,0,NaN,NaN,NaN,NaN,NaN,NaN,663954
1641884400,1.1351,1.13665,1.1327,1.1338,58815,45309.85,0,NaN,NaN,NaN,NaN,NaN,NaN,663954
1641913200,1.13375,1.139,1.13375,1.13825,63897,47776.25,0,NaN,NaN,NaN,NaN,NaN,NaN,667954
1641942000,1.13845,1.1392,1.13785,1.13785,12937,45050.65,0,NaN,NaN,NaN,NaN,NaN,NaN,667954
1641970800,1.13785,1.14335,1.1369,1.143,96526,47042.65,0,NaN,NaN,NaN,NaN,NaN,NaN,667954
1641999600,1.143,1.14675,1.1427,1.14555,77232,50150.85,0,NaN,NaN,NaN,NaN,NaN,NaN,682612
1642028400,1.1456,1.1462,1.1449,1.1452,15461,47419.85,0,NaN,NaN,NaN,NaN,NaN,NaN,682612
1642057200,1.14525,1.1495,1.1452,1.1487,86005,48758.7,0,NaN,NaN,NaN,NaN,NaN,NaN,682612
1642086000,1.1487,1.1491,1.146,1.14685,54245,51024.9,0,NaN,NaN,NaN,NaN,NaN,NaN,681548
1642114800,1.1468,1.1496,1.14645,1.14825,17757,48372.9,0,NaN,NaN,NaN,NaN,NaN,NaN,681548
1642143600,1.14835,1.1488,1.1443,1.1455,75904,48973.5,0,NaN,NaN,NaN,NaN,NaN,NaN,681548
1642172400,1.1455,1.14555,1.14115,1.1429,54424,51083.45,0,NaN,NaN,NaN,NaN,NaN,NaN,677613
1642374000,1.1431,1.14355,1.1413,1.14255,13107,48168.8,0,NaN,NaN,NaN,NaN,NaN,NaN,677613
1642402800,1.14255,1.1447,1.14045,1.14245,46381,48106.55,0,NaN,NaN,NaN,NaN,NaN,NaN,677613
1642431600,1.14245,1.14285,1.141,1.1419,15779,48486.75,0,NaN,NaN,NaN,NaN,NaN,NaN,677613
1642460400,1.14185,1.14345,1.13975,1.14135,22853,46194.45,0,NaN,NaN,NaN,NaN,NaN,NaN,677613
1642489200,1.14135,1.1419,1.1369,1.1379,90227,47661.1,0,NaN,NaN,NaN,NaN,NaN,NaN,677613
1642518000,1.138,1.138,1.1328,1.134,83695,51051.1,0,NaN,NaN,NaN,NaN,NaN,NaN,679643
1642546800,1.13415,1.1349,1.13315,1.13465,17675,47955.15,0,NaN,NaN,NaN,NaN,NaN,NaN,679643
1642575600,1.13465,1.1367,1.13415,1.13565,73035,49465.45,0,NaN,NaN,NaN,NaN,NaN,NaN,679643
1642604400,1.13565,1.13695,1.13485,1.1355,49919,51293.7,0,NaN,NaN,NaN,NaN,NaN,NaN,680050
1642633200,1.1355,1.13775,1.13525,1.1361,16012,49153.55,0,NaN,NaN,NaN,NaN,NaN,NaN,680050
1642662000,1.13615,1.1381,1.13425,1.1357,65071,49212.25,0,NaN,NaN,NaN,NaN,NaN,NaN,680050
1642690800,1.13565,1.13655,1.13145,1.13225,62165,51673.65,0,NaN,NaN,NaN,NaN,NaN,NaN,683743
1642719600,1.1323,1.13465,1.13125,1.13405,22177,47956.2,0,NaN,NaN,NaN,NaN,NaN,NaN,683743
1642748400,1.134,1.1372,1.1334,1.1362,69146,47551.9,0,NaN,NaN,NaN,NaN,NaN,NaN,683743
1642777200,1.1362,1.13655,1.13485,1.13575,40951,48826.4,0,NaN,NaN,NaN,NaN,NaN,NaN,680304
1642978800,1.1355,1.13565,1.1326,1.13345,14354,45243.85,0,NaN,NaN,NaN,NaN,NaN,NaN,680304
1643007600,1.1335,1.13475,1.13015,1.131,75936,46328.4,0,NaN,NaN,NaN,NaN,NaN,NaN,680304
1643036400,1.131,1.13465,1.1302,1.1337,71405,49010.8,0,NaN,NaN,NaN,NaN,NaN,NaN,674391
1643065200,1.1337,1.1341,1.1316,1.1317,11864,45808.8,0,NaN,NaN,NaN,NaN,NaN,NaN,674391
1643094000,1.13175,1.1327,1.1274,1.12845,82799,47227.55,0,NaN,NaN,NaN,NaN,NaN,NaN,674391
1643122800,1.12845,1.1318,1.12805,1.13125,51444,49144.4,0,NaN,NaN,NaN,NaN,NaN,NaN,669848
1643151600,1.13155,1.1322,1.13045,1.13045,9078,47279.25,0,NaN,NaN,NaN,NaN,NaN,NaN,669848
1643180400,1.1305,1.13085,1.12825,1.1295,58727,49426.65,0,NaN,NaN,NaN,NaN,NaN,NaN,669848
1643209200,1.1295,1.1313,1.12455,1.1253,88458,52706.9,0,NaN,NaN,NaN,NaN,NaN,NaN,668160
1643238000,1.1252,1.1253,1.1225,1.1229,24910,49441.05,0,NaN,NaN,NaN,NaN,NaN,NaN,668160
1643266800,1.1229,1.12295,1.11445,1.1171,146545,52583.55,0,NaN,NaN,NaN,NaN,NaN,NaN,668160
1643295600,1.11705,1.11715,1.1141,1.1154,75881,55493.85,0,NaN,NaN,NaN,NaN,NaN,NaN,674190
1643324400,1.11555,1.11655,1.11475,1.1156,15990,52641.6,0,NaN,NaN,NaN,NaN,NaN,NaN,674190
1643353200,1.1156,1.11835,1.11305,1.1167,101572,55224.25,0,NaN,NaN,NaN,NaN,NaN,NaN,674190
1643382000,1.1167,1.11795,1.1148,1.1157,61244,57485.85,0,NaN,NaN,NaN,NaN,NaN,NaN,665905
1643583600,1.11555,1.1177,1.11435,1.1176,14551,54959.85,0,NaN,NaN,NaN,NaN,NaN,NaN,665905
1643612400,1.11765,1.12085,1.1156,1.11985,82480,55975.6,0,NaN,NaN,NaN,NaN,NaN,NaN,665905
1643641200,1.11985,1.12575,1.1193,1.12425,92196,59476.55,0,NaN,NaN,NaN,NaN,NaN,NaN,668303
1643670000,1.12405,1.12545,1.123,1.12435,15800,56809.25,0,NaN,NaN,NaN,NaN,NaN,NaN,668303
1643698800,1.1244,1.12885,1.12435,1.1273,84871,59005.25,0,NaN,NaN,NaN,NaN,NaN,NaN,668303
1643727600,1.1274,1.12845,1.1244,1.1284,70873,61831.2,0,NaN,NaN,NaN,NaN,NaN,NaN,669243
1643756400,1.12775,1.1287,1.12755,1.12785,12197,58644.25,0,NaN,NaN,NaN,NaN,NaN,NaN,669243
1643785200,1.1278,1.134,1.12775,1.1314,106938,60420.9,0,NaN,NaN,NaN,NaN,NaN,NaN,669243
1643814000,1.1314,1.13235,1.13015,1.1313,43390,61997.2,0,NaN,NaN,NaN,NaN,NaN,NaN,680493
1643842800,1.13125,1.1317,1.12985,1.1299,11577,58436.1,0,NaN,NaN,NaN,NaN,NaN,NaN,680493
1643871600,1.13,1.14205,1.1275,1.13995,155321,63629.95,0,NaN,NaN,NaN,NaN,NaN,NaN,680493
1643900400,1.14005,1.146,1.1395,1.14495,104594,68405.75,0,NaN,NaN,NaN,NaN,NaN,NaN,682070
1643929200,1.1449,1.14805,1.14405,1.1465,25242,66731.5,0,NaN,NaN,NaN,NaN,NaN,NaN,682070
1643958000,1.14655,1.14925,1.14235,1.1424,142930,69455.1,0,NaN,NaN,NaN,NaN,NaN,NaN,682070
1643986800,1.14245,1.1473,1.142,1.1458,59201,71169.65,0,NaN,NaN,NaN,NaN,NaN,NaN,680744
1644188400,1.1464,1.14675,1.14325,1.144,18041,64744.45,0,NaN,NaN,NaN,NaN,NaN,NaN,680744
1644217200,1.144,1.14675,1.14235,1.14465,91121,65506.45,0,NaN,NaN,NaN,NaN,NaN,NaN,680744
1644246000,1.14465,1.146,1.14255,1.14495,56243,67519.1,0,NaN,NaN,NaN,NaN,NaN,NaN,688923
1644274800,1.1449,1.14565,1.14215,1.1428,15654,63223.2,0,NaN,NaN,NaN,NaN,NaN,NaN,688923
1644303600,1.1428,1.1442,1.1404,1.1417,75400,63931,0,NaN,NaN,NaN,NaN,NaN,NaN,688923
1644332400,1.1417,1.14325,1.14095,1.1424,36794,65043.15,0,NaN,NaN,NaN,NaN,NaN,NaN,683646
1644361200,1.1425,1.14405,1.14195,1.1426,10085,61423.4,0,NaN,NaN,NaN,NaN,NaN,NaN,683646
1644390000,1.1426,1.14535,1.14105,1.14395,65168,60072,0,NaN,NaN,NaN,NaN,NaN,NaN,683646
1644418800,1.1439,1.1456,1.14275,1.1431,49173,61740.65,0,NaN,NaN,NaN,NaN,NaN,NaN,684122
1644447600,1.1429,1.14385,1.14205,1.143,10285,58011.35,0,NaN,NaN,NaN,NaN,NaN,NaN,684122
1644476400,1.143,1.14535,1.13815,1.14145,111849,60060.15,0,NaN,NaN,NaN,NaN,NaN,NaN,684122
1644505200,1.1415,1.15035,1.1415,1.1435,127522,65826.4,0,NaN,NaN,NaN,NaN,NaN,NaN,682733
1644534000,1.1437,1.1437,1.1378,1.1383,27387,61848.85,0,NaN,NaN,NaN,NaN,NaN,NaN,682733
1644562800,1.13835,1.1426,1.13805,1.13955,80483,63703.5,0,NaN,NaN,NaN,NaN,NaN,NaN,682733
1644591600,1.1396,1.14155,1.1336,1.13545,96954,67972.35,0,NaN,NaN,NaN,NaN,NaN,NaN,678287
1644793200,1.13515,1.13765,1.13455,1.13515,16513,61031.95,0,NaN,NaN,NaN,NaN,NaN,NaN,678287
1644822000,1.1351,1.13565,1.13075,1.1327,106967,61150.6,0,NaN,NaN,NaN,NaN,NaN,NaN,678287
1644850800,1.1327,1.1327,1.12875,1.1313,66464,63211.7,0,NaN,NaN,NaN,NaN,NaN,NaN,685797
1644879600,1.13125,1.13305,1.131,1.1328,14382,56784.3,0,NaN,NaN,NaN,NaN,NaN,NaN,685797
1644908400,1.13285,1.13665,1.1316,1.1328,97500,58699.25,0,NaN,NaN,NaN,NaN,NaN,NaN,685797
1644937200,1.1328,1.13745,1.13275,1.1365,45735,60083.95,0,NaN,NaN,NaN,NaN,NaN,NaN,688021
1644966000,1.13625,1.137,1.13515,1.13695,8812,55968.5,0,NaN,NaN,NaN,NaN,NaN,NaN,688021
1644994800,1.13695,1.1402,1.13595,1.1372,74349,56873.8,0,NaN,NaN,NaN,NaN,NaN,NaN,688021
1645023600,1.13715,1.1402,1.1366,1.13775,44804,58331.3,0,NaN,NaN,NaN,NaN,NaN,NaN,684167
1645052400,1.138,1.1391,1.13285,1.13655,37690,56445.8,0,NaN,NaN,NaN,NaN,NaN,NaN,684167
1645081200,1.13655,1.1392,1.1348,1.13645,79102,58561.2,0,NaN,NaN,NaN,NaN,NaN,NaN,684167
1645110000,1.13645,1.1385,1.136,1.13675,45406,60327.25,0,NaN,NaN,NaN,NaN,NaN,NaN,679318
1645138800,1.1367,1.1377,1.1363,1.13765,14663,57802,0,NaN,NaN,NaN,NaN,NaN,NaN,679318
1645167600,1.13765,1.13825,1.1344,1.13535,51335,57910.1,0,NaN,NaN,NaN,NaN,NaN,NaN,679318
1645196400,1.1354,1.136,1.13185,1.1326,62882,60539.95,0,NaN,NaN,NaN,NaN,NaN,NaN,678446
1645398000,1.13235,1.1375,1.13185,1.1374,18687,55881.85,0,NaN,NaN,NaN,NaN,NaN,NaN,678446
1645426800,1.1374,1.13965,1.13255,1.13385,63880,52699.75,0,NaN,NaN,NaN,NaN,NaN,NaN,678446
1645455600,1.13385,1.1354,1.1311,1.13135,23860,52523.4,0,NaN,NaN,NaN,NaN,NaN,NaN,678446
1645484400,1.1312,1.13245,1.1293,1.13095,26558,49827.15,0,NaN,NaN,NaN,NaN,NaN,NaN,678446
1645513200,1.13095,1.1372,1.12975,1.1352,91197,49539.3,0,NaN,NaN,NaN,NaN,NaN,NaN,678446
1645542000,1.13515,1.13595,1.1327,1.1331,56659,51546.6,0,NaN,NaN,NaN,NaN,NaN,NaN,678267
1645570800,1.13315,1.13435,1.13245,1.1327,11425,46769.5,0,NaN,NaN,NaN,NaN,NaN,NaN,678267
1645599600,1.13265,1.1364,1.13205,1.1338,63111,46601.85,0,NaN,NaN,NaN,NaN,NaN,NaN,678267
1645628400,1.13385,1.13425,1.13055,1.13085,56906,48728.05,0,NaN,NaN,NaN,NaN,NaN,NaN,676655
1645657200,1.131,1.1313,1.12125,1.12495,60375,46871.8,0,NaN,NaN,NaN,NaN,NaN,NaN,676655
1645686000,1.12485,1.1267,1.11485,1.11515,171240,53147.05,0,NaN,NaN,NaN,NaN,NaN,NaN,676655
1645714800,1.1151,1.1226,1.11105,1.11975,127339,59073.4,0,NaN,NaN,NaN,NaN,NaN,NaN,686940
1645743600,1.12,1.12325,1.11905,1.1206,26487,56680.3,0,NaN,NaN,NaN,NaN,NaN,NaN,686940
1645772400,1.1206,1.12545,1.117,1.12365,128489,60864.55,0,NaN,NaN,NaN,NaN,NaN,NaN,686940
1645801200,1.1237,1.12785,1.1236,1.1275,74965,62728.3,0,NaN,NaN,NaN,NaN,NaN,NaN,682636
1646002800,1.11635,1.12005,1.11485,1.11655,41539,60850.15,0,NaN,NaN,NaN,NaN,NaN,NaN,682636
1646031600,1.1166,1.1239,1.11625,1.1227,120690,64614.35,0,NaN,NaN,NaN,NaN,NaN,NaN,682636
1646060400,1.1227,1.1252,1.1203,1.1223,95110,68636.7,0,NaN,NaN,NaN,NaN,NaN,NaN,678944
1646089200,1.12235,1.1225,1.11955,1.12105,14489,66794.4,0,NaN,NaN,NaN,NaN,NaN,NaN,678944
1646118000,1.1211,1.12365,1.1144,1.1154,117700,69535.3,0,NaN,NaN,NaN,NaN,NaN,NaN,678944
1646146800,1.11545,1.1155,1.10935,1.1129,108729,74037.4,0,NaN,NaN,NaN,NaN,NaN,NaN,685971
1646175600,1.11245,1.1139,1.10995,1.1101,15791,71632.95,0,NaN,NaN,NaN,NaN,NaN,NaN,685971
1646204400,1.11005,1.1122,1.1061,1.1096,125348,76707.35,0,NaN,NaN,NaN,NaN,NaN,NaN,685971
1646233200,1.1096,1.1146,1.106,1.1121,105554,80657.15,0,NaN,NaN,NaN,NaN,NaN,NaN,687760
1646262000,1.11215,1.1125,1.1092,1.11065,18711,77032.85,0,NaN,NaN,NaN,NaN,NaN,NaN,687760
1646290800,1.1106,1.1108,1.1066,1.10815,79301,78164.95,0,NaN,NaN,NaN,NaN,NaN,NaN,687760
1646319600,1.10825,1.109,1.1035,1.1069,74796,81333.5,0,NaN,NaN,NaN,NaN,NaN,NaN,688994
1646348400,1.10675,1.10695,1.1011,1.10175,40590,80207.45,0,NaN,NaN,NaN,NaN,NaN,NaN,688994
1646377200,1.10175,1.1026,1.08875,1.09105,144325,84578.4,0,NaN,NaN,NaN,NaN,NaN,NaN,688994
1646406000,1.09105,1.09425,1.0903,1.0938,78143,85466.8,0,NaN,NaN,NaN,NaN,NaN,NaN,681155
1646607600,1.0928,1.0929,1.0823,1.08755,53430,79576.3,0,NaN,NaN,NaN,NaN,NaN,NaN,681155
1646636400,1.08755,1.0934,1.08065,1.08925,145850,80501.85,0,NaN,NaN,NaN,NaN,NaN,NaN,681155
1646665200,1.08925,1.09015,1.08465,1.08565,83822,83368.6,0,NaN,NaN,NaN,NaN,NaN,NaN,641420
1646694000,1.0854,1.0886,1.085,1.08615,18031,77845.7,0,NaN,NaN,NaN,NaN,NaN,NaN,641420
1646722800,1.0862,1.09255,1.0852,1.09055,136955,80945.2,0,NaN,NaN,NaN,NaN,NaN,NaN,641420
1646751600,1.0906,1.0959,1.0873,1.08965,135738,85655.15,0,NaN,NaN,NaN,NaN,NaN,NaN,577669
1646780400,1.09005,1.093,1.089,1.09185,18584,80549.85,0,NaN,NaN,NaN,NaN,NaN,NaN,577669
1646809200,1.0918,1.10515,1.091,1.1032,145390,83063.85,0,NaN,NaN,NaN,NaN,NaN,NaN,577669
1646838000,1.1032,1.10965,1.1012,1.10765,101198,87399.3,0,NaN,NaN,NaN,NaN,NaN,NaN,349137
1646866800,1.10705,1.1079,1.1042,1.1057,18655,82447.05,0,NaN,NaN,NaN,NaN,NaN,NaN,349137
1646895600,1.10565,1.11225,1.10005,1.10165,140387,84029.95,0,NaN,NaN,NaN,NaN,NaN,NaN,349137
1646924400,1.10165,1.1024,1.0977,1.09875,53234,85902.1,0,NaN,NaN,NaN,NaN,NaN,NaN,201568
1646953200,1.10255,1.10565,1.1018,1.1042,19960,80632.7,0,NaN,NaN,NaN,NaN,NaN,NaN,201568
1646982000,1.1042,1.10815,1.0998,1.1019,106881,80699.05,0,NaN,NaN,NaN,NaN,NaN,NaN,201568
1647010800,1.10195,1.102,1.0939,1.0949,78170,83672,0,NaN,NaN,NaN,NaN,NaN,NaN,637680
1647208800,1.09565,1.09755,1.09365,1.09495,20568,80735.35,0,NaN,NaN,NaN,NaN,NaN,NaN,637680
1647237600,1.0948,1.10265,1.0946,1.09795,83416,81166.35,0,NaN,NaN,NaN,NaN,NaN,NaN,637680
1647266400,1.09795,1.10315,1.09765,1.09785,60889,82181.3,0,NaN,NaN,NaN,NaN,NaN,NaN,639671
1647295200,1.09805,1.1022,1.09665,1.102,19540,75942.05,0,NaN,NaN,NaN,NaN,NaN,NaN,639671
1647324000,1.10195,1.10565,1.10035,1.1035,91581,76613.95,0,NaN,NaN,NaN,NaN,NaN,NaN,639671
1647352800,1.10345,1.1037,1.09635,1.0992,64277,77156.3,0,NaN,NaN,NaN,NaN,NaN,NaN,645794
1647381600,1.0989,1.1015,1.09885,1.10145,13416,70534.6,0,NaN,NaN,NaN,NaN,NaN,NaN,645794
1647410400,1.1014,1.1063,1.09925,1.10385,78720,70279.5,0,NaN,NaN,NaN,NaN,NaN,NaN,645794
1647439200,1.10385,1.10835,1.09865,1.10705,117309,75243.4,0,NaN,NaN,NaN,NaN,NaN,NaN,637976
1647468000,1.1065,1.1088,1.1042,1.10585,17285,69259.9,0,NaN,NaN,NaN,NaN,NaN,NaN,637976
1647496800,1.1059,1.11055,1.10575,1.11045,79478,66446.9,0,NaN,NaN,NaN,NaN,NaN,NaN,637976
1647525600,1.1105,1.11725,1.11015,1.11275,84466,69741,0,NaN,NaN,NaN,NaN,NaN,NaN,643228
1647554400,1.1126,1.1153,1.11095,1.1118,16521,63297.55,0,NaN,NaN,NaN,NaN,NaN,NaN,643228
1647583200,1.1118,1.11285,1.1037,1.1059,79050,62190.15,0,NaN,NaN,NaN,NaN,NaN,NaN,643228
1647612000,1.1059,1.11065,1.10585,1.10825,68931,64703.95,0,NaN,NaN,NaN,NaN,NaN,NaN,646774
1647813600,1.10845,1.1092,1.10715,1.10755,7264,58047.8,0,NaN,NaN,NaN,NaN,NaN,NaN,646774
1647842400,1.10755,1.11045,1.10595,1.10675,49763,57874.25,0,NaN,NaN,NaN,NaN,NaN,NaN,646774
1647871200,1.10675,1.10855,1.1044,1.10475,50457,59399.1,0,NaN,NaN,NaN,NaN,NaN,NaN,645345
1647900000,1.10505,1.10595,1.1013,1.10145,19640,55037.05,0,NaN,NaN,NaN,NaN,NaN,NaN,645345
1647928800,1.1015,1.1078,1.0994,1.1075,86965,55476.8,0,NaN,NaN,NaN,NaN,NaN,NaN,645345
1647957600,1.1075,1.10795,1.1045,1.1066,47135,56805.15,0,NaN,NaN,NaN,NaN,NaN,NaN,640427
1647986400,1.1064,1.1078,1.10545,1.10705,12446,53256.65,0,NaN,NaN,NaN,NaN,NaN,NaN,640427
1648015200,1.10705,1.1073,1.09965,1.09995,70926,53758.5,0,NaN,NaN,NaN,NaN,NaN,NaN,640427
1648044000,1.09995,1.10455,1.0999,1.10395,50771,55320.05,0,NaN,NaN,NaN,NaN,NaN,NaN,635838
1648072800,1.10405,1.10465,1.10095,1.10105,12411,51361.55,0,NaN,NaN,NaN,NaN,NaN,NaN,635838
1648101600,1.101,1.1035,1.0998,1.10075,67196,51507.5,0,NaN,NaN,NaN,NaN,NaN,NaN,635838
1648130400,1.1007,1.1047,1.10045,1.1031,55982,53635.8,0,NaN,NaN,NaN,NaN,NaN,NaN,636587
1648159200,1.10335,1.1071,1.10315,1.10615,18300,50614.8,0,NaN,NaN,NaN,NaN,NaN,NaN,636587
1648188000,1.10615,1.1064,1.1025,1.10445,56899,47594.3,0,NaN,NaN,NaN,NaN,NaN,NaN,636587
1648216800,1.1045,1.1058,1.101,1.1015,60625,49761.3,0,NaN,NaN,NaN,NaN,NaN,NaN,635666
1648418400,1.1017,1.10185,1.0977,1.0984,19700,46772.4,0,NaN,NaN,NaN,NaN,NaN,NaN,635666
1648447200,1.09835,1.10325,1.09775,1.1002,85700,46834.1,0,NaN,NaN,NaN,NaN,NaN,NaN,635666
1648476000,1.10015,1.1033,1.0997,1.10205,57500,48883.05,0,NaN,NaN,NaN,NaN,NaN,NaN,645115
1648504800,1.10205,1.1031,1.1002,1.10155,17080,45784.55,0,NaN,NaN,NaN,NaN,NaN,NaN,645115
1648533600,1.1016,1.117,1.10065,1.11625,157270,50201.5,0,NaN,NaN,NaN,NaN,NaN,NaN,645115
1648562400,1.11615,1.11645,1.11035,1.1116,87149,54195.75,0,NaN,NaN,NaN,NaN,NaN,NaN,643982
1648591200,1.1119,1.1153,1.11175,1.11435,19933,52704.25,0,NaN,NaN,NaN,NaN,NaN,NaN,643982
1648620000,1.1144,1.11965,1.1136,1.1195,101788,55270.8,0,NaN,NaN,NaN,NaN,NaN,NaN,643982
1648648800,1.11955,1.1202,1.1179,1.1188,61089,57343.25,0,NaN,NaN,NaN,NaN,NaN,NaN,648955
1648677600,1.11875,1.12155,1.11865,1.1196,19568,53973.4,0,NaN,NaN,NaN,NaN,NaN,NaN,648955
1648706400,1.1196,1.12055,1.1098,1.11215,108389,57036.1,0,NaN,NaN,NaN,NaN,NaN,NaN,648955
1648735200,1.11215,1.1163,1.109,1.10955,100589,61443.25,0,NaN,NaN,NaN,NaN,NaN,NaN,639203
1648764000,1.10955,1.11055,1.1088,1.10965,13173,58555.6,0,NaN,NaN,NaN,NaN,NaN,NaN,639203
1648792800,1.1097,1.11045,1.1065,1.1074,88801,60457.1,0,NaN,NaN,NaN,NaN,NaN,NaN,639203
1648821600,1.10735,1.10815,1.10565,1.10775,49056,62289.35,0,NaN,NaN,NaN,NaN,NaN,NaN,643259
1649023200,1.1069,1.10835,1.1067,1.108,9400,59399.55,0,NaN,NaN,NaN,NaN,NaN,NaN,643259
1649052000,1.10795,1.1083,1.1009,1.1021,79942,60597.55,0,NaN,NaN,NaN,NaN,NaN,NaN,643259
1649080800,1.10205,1.10295,1.0989,1.09955,53423,62353.7,0,NaN,NaN,NaN,NaN,NaN,NaN,645744
1649109600,1.10005,1.10075,1.09905,1.0997,10841,60050.8,0,NaN,NaN,NaN,NaN,NaN,NaN,645744
1649138400,1.09965,1.1017,1.09845,1.09985,68562,60447.65,0,NaN,NaN,NaN,NaN,NaN,NaN,645744
1649167200,1.09975,1.1001,1.0928,1.09335,68612,62893.25,0,NaN,NaN,NaN,NaN,NaN,NaN,645469
1649196000,1.09325,1.09365,1.0911,1.09115,14933,59354.9,0,NaN,NaN,NaN,NaN,NaN,NaN,645469
1649224800,1.09115,1.0966,1.09025,1.09415,85316,60745.7,0,NaN,NaN,NaN,NaN,NaN,NaN,645469
1649253600,1.0942,1.0957,1.0907,1.09235,60688,62926.1,0,NaN,NaN,NaN,NaN,NaN,NaN,646669
1649282400,1.0926,1.09475,1.0921,1.0946,10743,55599.75,0,NaN,NaN,NaN,NaN,NaN,NaN,646669
1649311200,1.09455,1.09655,1.08915,1.09415,96367,56060.65,0,NaN,NaN,NaN,NaN,NaN,NaN,646669
1649340000,1.09415,1.09505,1.08935,1.09065,75151,58821.55,0,NaN,NaN,NaN,NaN,NaN,NaN,648024
1649368800,1.09075,1.0909,1.0881,1.08945,16823,54573.3,0,NaN,NaN,NaN,NaN,NaN,NaN,648024
1649397600,1.0894,1.0918,1.0863,1.08665,78000,55418.85,0,NaN,NaN,NaN,NaN,NaN,NaN,648024
1649426400,1.08665,1.09125,1.08655,1.0903,62084,57544.65,0,NaN,NaN,NaN,NaN,NaN,NaN,655057
1649628000,1.0939,1.09405,1.09015,1.0919,18769,53063.65,0,NaN,NaN,NaN,NaN,NaN,NaN,655057
1649656800,1.09185,1.09595,1.09005,1.0908,69430,51505.7,0,NaN,NaN,NaN,NaN,NaN,NaN,655057
1649685600,1.09075,1.0926,1.0899,1.0911,38207,52757.4,0,NaN,NaN,NaN,NaN,NaN,NaN,659163
1649714400,1.09125,1.09135,1.08925,1.0897,12507,48942.7,0,NaN,NaN,NaN,NaN,NaN,NaN,659163
1649743200,1.08965,1.093,1.08765,1.08965,83672,50673.5,0,NaN,NaN,NaN,NaN,NaN,NaN,659163
1649772000,1.0896,1.09145,1.08465,1.08515,60349,53220.95,0,NaN,NaN,NaN,NaN,NaN,NaN,662530
1649800800,1.08505,1.08675,1.0835,1.08675,17444,50096.05,0,NaN,NaN,NaN,NaN,NaN,NaN,662530
1649829600,1.0867,1.08715,1.0833,1.08405,64350,50642.4,0,NaN,NaN,NaN,NaN,NaN,NaN,662530
1649858400,1.0841,1.09185,1.08385,1.09165,64626,53331.65,0,NaN,NaN,NaN,NaN,NaN,NaN,661066
1649887200,1.09155,1.09425,1.0907,1.0934,16676,50737.35,0,NaN,NaN,NaN,NaN,NaN,NaN,661066
1649916000,1.09345,1.0948,1.0781,1.0794,132752,53944.35,0,NaN,NaN,NaN,NaN,NaN,NaN,661066
1649944800,1.07945,1.08595,1.07925,1.08545,106263,58510.85,0,NaN,NaN,NaN,NaN,NaN,NaN,662680
1650232800,1.08315,1.08465,1.08125,1.08185,15600,55025.05,0,NaN,NaN,NaN,NaN,NaN,NaN,662680
1650261600,1.0818,1.0839,1.08075,1.08245,22963,53138.8,0,NaN,NaN,NaN,NaN,NaN,NaN,662680
1650290400,1.08245,1.08285,1.0794,1.08055,22376,53720.45,0,NaN,NaN,NaN,NaN,NaN,NaN,660324
1650319200,1.0804,1.0812,1.07845,1.0798,14560,49630.1,0,NaN,NaN,NaN,NaN,NaN,NaN,660324
1650348000,1.07975,1.08385,1.0791,1.08295,58885,48816.8,0,NaN,NaN,NaN,NaN,NaN,NaN,660324
1650376800,1.08295,1.083,1.08055,1.081,40780,50014.65,0,NaN,NaN,NaN,NaN,NaN,NaN,662048
1650405600,1.0811,1.0846,1.08075,1.08395,19827,47106,0,NaN,NaN,NaN,NaN,NaN,NaN,662048
1650434400,1.0839,1.089,1.08285,1.0865,92591,48631.35,0,NaN,NaN,NaN,NaN,NaN,NaN,662048
1650463200,1.0865,1.08895,1.0863,1.08775,51807,50283.25,0,NaN,NaN,NaN,NaN,NaN,NaN,668647
1650492000,1.0874,1.0878,1.0845,1.0869,17858,47704.65,0,NaN,NaN,NaN,NaN,NaN,NaN,668647
1650520800,1.08695,1.09585,1.0868,1.0894,114080,51498.3,0,NaN,NaN,NaN,NaN,NaN,NaN,668647
1650549600,1.0894,1.08985,1.0852,1.08525,68278,54286.85,0,NaN,NaN,NaN,NaN,NaN,NaN,671988
1650578400,1.0856,1.08735,1.08525,1.08685,16126,50909.55,0,NaN,NaN,NaN,NaN,NaN,NaN,671988
1650607200,1.08675,1.0873,1.0812,1.0828,86933,52238.75,0,NaN,NaN,NaN,NaN,NaN,NaN,671988
1650636000,1.08285,1.0839,1.07925,1.082,62648,54498.95,0,NaN,NaN,NaN,NaN,NaN,NaN,673704
1650837600,1.0831,1.084,1.079,1.0797,22467,52404.8,0,NaN,NaN,NaN,NaN,NaN,NaN,673704
1650866400,1.0797,1.07995,1.0728,1.07445,108131,54580.05,0,NaN,NaN,NaN,NaN,NaN,NaN,673704
1650895200,1.07445,1.0751,1.0718,1.07325,58930,56692.75,0,NaN,NaN,NaN,NaN,NaN,NaN,675057
1650924000,1.07335,1.07595,1.0728,1.07525,15891,50849.7,0,NaN,NaN,NaN,NaN,NaN,NaN,675057
1650952800,1.0753,1.07555,1.06855,1.0696,95014,50287.25,0,NaN,NaN,NaN,NaN,NaN,NaN,675057
1650981600,1.06955,1.0699,1.0657,1.0657,66271,52820.8,0,NaN,NaN,NaN,NaN,NaN,NaN,674581
1651010400,1.06605,1.06765,1.06545,1.0671,19125,52628.9,0,NaN,NaN,NaN,NaN,NaN,NaN,674581
1651039200,1.0671,1.06725,1.0554,1.0569,146345,58827.35,0,NaN,NaN,NaN,NaN,NaN,NaN,674581
1651068000,1.0568,1.0593,1.05345,1.05805,82966,62247.65,0,NaN,NaN,NaN,NaN,NaN,NaN,677268
1651096800,1.0579,1.05795,1.05,1.0532,36582,61132.5,0,NaN,NaN,NaN,NaN,NaN,NaN,677268
1651125600,1.05315,1.05845,1.04905,1.0528,119348,65060.9,0,NaN,NaN,NaN,NaN,NaN,NaN,677268
1651154400,1.05275,1.05515,1.05005,1.05195,70283,67583.7,0,NaN,NaN,NaN,NaN,NaN,NaN,679805
1651183200,1.05185,1.0561,1.051,1.05565,23545,64131.4,0,NaN,NaN,NaN,NaN,NaN,NaN,679805
1651212000,1.0556,1.0612,1.0529,1.0553,127167,67899.4,0,NaN,NaN,NaN,NaN,NaN,NaN,679805
1651240800,1.05535,1.0598,1.05375,1.05635,95987,71805.85,0,NaN,NaN,NaN,NaN,NaN,NaN,681103
1651442400,1.0569,1.05725,1.0529,1.05325,17752,66989.45,0,NaN,NaN,NaN,NaN,NaN,NaN,681103
1651471200,1.05325,1.05875,1.0522,1.0542,60167,66583.9,0,NaN,NaN,NaN,NaN,NaN,NaN,681103
1651500000,1.05435,1.0561,1.0509,1.05265,54620,68508.6,0,NaN,NaN,NaN,NaN,NaN,NaN,681753
1651528800,1.05275,1.0545,1.0516,1.0526,18972,65110.55,0,NaN,NaN,NaN,NaN,NaN,NaN,681753
1651557600,1.05255,1.0596,1.05105,1.05745,82560,66106.15,0,NaN,NaN,NaN,NaN,NaN,NaN,681753
1651586400,1.0575,1.05835,1.053,1.054,55693,67767.45,0,NaN,NaN,NaN,NaN,NaN,NaN,680550
1651615200,1.05405,1.05525,1.0529,1.05305,11222,62922,0,NaN,NaN,NaN,NaN,NaN,NaN,680550
1651644000,1.0531,1.05735,1.0524,1.05505,71134,63532.2,0,NaN,NaN,NaN,NaN,NaN,NaN,680550
1651672800,1.05505,1.065,1.05275,1.0639,106974,68086.35,0,NaN,NaN,NaN,NaN,NaN,NaN,685906
1651701600,1.06395,1.06585,1.062,1.0629,29237,64797.5,0,NaN,NaN,NaN,NaN,NaN,NaN,685906
1651730400,1.06295,1.0634,1.0558,1.05725,100723,66520.1,0,NaN,NaN,NaN,NaN,NaN,NaN,685906
1651759200,1.0573,1.0573,1.0509,1.0555,100825,70605.1,0,NaN,NaN,NaN,NaN,NaN,NaN,687678
1651788000,1.0556,1.0567,1.0532,1.05385,20005,64288.1,0,NaN,NaN,NaN,NaN,NaN,NaN,687678
1651816800,1.0538,1.0615,1.04985,1.05895,165236,68401.6,0,NaN,NaN,NaN,NaN,NaN,NaN,687678
1651845600,1.05895,1.0611,1.05525,1.05605,62571,69701.05,0,NaN,NaN,NaN,NaN,NaN,NaN,685185
1652047200,1.05595,1.05605,1.0518,1.0523,22133,64840.3,0,NaN,NaN,NaN,NaN,NaN,NaN,685185
1652076000,1.0523,1.0589,1.0511,1.05475,100468,66349.55,0,NaN,NaN,NaN,NaN,NaN,NaN,685185
1652104800,1.05475,1.0608,1.05325,1.0574,69571,68650.85,0,NaN,NaN,NaN,NaN,NaN,NaN,688662
1652133600,1.0575,1.06,1.05675,1.05915,18990,63242,0,NaN,NaN,NaN,NaN,NaN,NaN,688662
1652162400,1.0592,1.05935,1.055,1.05585,84679,62676.6,0,NaN,NaN,NaN,NaN,NaN,NaN,688662
1652191200,1.05585,1.0568,1.05405,1.0545,66043,65091.15,0,NaN,NaN,NaN,NaN,NaN,NaN,689329
1652220000,1.0546,1.0565,1.05395,1.05605,11918,62678.7,0,NaN,NaN,NaN,NaN,NaN,NaN,689329
1652248800,1.05605,1.0592,1.05165,1.0575,129026,66399,0,NaN,NaN,NaN,NaN,NaN,NaN,689329
1652277600,1.0575,1.05845,1.05245,1.05275,74605,69180.65,0,NaN,NaN,NaN,NaN,NaN,NaN,690000
1652306400,1.05275,1.05425,1.0512,1.05145,18712,65988.25,0,NaN,NaN,NaN,NaN,NaN,NaN,690000
1652335200,1.05145,1.05285,1.0402,1.0412,159164,71161.8,0,NaN,NaN,NaN,NaN,NaN,NaN,690000
1652364000,1.04125,1.04385,1.0366,1.0394,84246,74813,0,NaN,NaN,NaN,NaN,NaN,NaN,685229
1652392800,1.0392,1.04145,1.0386,1.04085,18731,72192.85,0,NaN,NaN,NaN,NaN,NaN,NaN,685229
1652421600,1.04085,1.0432,1.03615,1.03765,93469,71517.6,0,NaN,NaN,NaN,NaN,NaN,NaN,685229
1652450400,1.0376,1.0434,1.0376,1.0428,63174,73214.45,0,NaN,NaN,NaN,NaN,NaN,NaN,683549
1652652000,1.04135,1.043,1.0401,1.0413,15235,68940.05,0,NaN,NaN,NaN,NaN,NaN,NaN,683549
1652680800,1.04135,1.04505,1.0407,1.0416,65897,67193.65,0,NaN,NaN,NaN,NaN,NaN,NaN,683549
1652709600,1.0417,1.0455,1.0401,1.0446,42747,68330.75,0,NaN,NaN,NaN,NaN,NaN,NaN,687332
1652738400,1.04495,1.04655,1.04395,1.04585,14301,60784,0,NaN,NaN,NaN,NaN,NaN,NaN,687332
1652767200,1.0459,1.05675,1.04575,1.0552,111695,63240.2,0,NaN,NaN,NaN,NaN,NaN,NaN,687332
1652796000,1.0552,1.05665,1.05325,1.0562,57515,65009.3,0,NaN,NaN,NaN,NaN,NaN,NaN,691405
1652824800,1.056,1.0575,1.05355,1.05505,17827,60877.25,0,NaN,NaN,NaN,NaN,NaN,NaN,691405
1652853600,1.0551,1.05535,1.05055,1.0529,67842,60790.8,0,NaN,NaN,NaN,NaN,NaN,NaN,691405
1652882400,1.05295,1.05355,1.04715,1.04725,63413,63011.95,0,NaN,NaN,NaN,NaN,NaN,NaN,692387
1652911200,1.04755,1.0517,1.0471,1.04965,21902,59873.1,0,NaN,NaN,NaN,NaN,NaN,NaN,692387
1652940000,1.0496,1.05815,1.04745,1.05685,89469,61044.4,0,NaN,NaN,NaN,NaN,NaN,NaN,692387
1652968800,1.0569,1.06175,1.0562,1.05925,82318,64564.4,0,NaN,NaN,NaN,NaN,NaN,NaN,691431
1652997600,1.0595,1.0603,1.0564,1.06005,16695,58947.85,0,NaN,NaN,NaN,NaN,NaN,NaN,691431
1653026400,1.0601,1.06085,1.05645,1.05725,67438,58589.5,0,NaN,NaN,NaN,NaN,NaN,NaN,691431
1653055200,1.05725,1.0578,1.0542,1.05715,56075,60457.65,0,NaN,NaN,NaN,NaN,NaN,NaN,685836
1653256800,1.05755,1.06235,1.05695,1.06085,17708,53384.85,0,NaN,NaN,NaN,NaN,NaN,NaN,685836
1653285600,1.0608,1.0697,1.06015,1.0675,121141,55229.6,0,NaN,NaN,NaN,NaN,NaN,NaN,685836
1653314400,1.0675,1.0707,1.06635,1.0703,61264,57356.25,0,NaN,NaN,NaN,NaN,NaN,NaN,691517
1653343200,1.0702,1.07035,1.067,1.0677,14916,53428.6,0,NaN,NaN,NaN,NaN,NaN,NaN,691517
1653372000,1.06775,1.0748,1.06745,1.07435,110230,55781.4,0,NaN,NaN,NaN,NaN,NaN,NaN,691517
1653400800,1.07435,1.0757,1.07295,1.07445,59901,58014.7,0,NaN,NaN,NaN,NaN,NaN,NaN,690510
1653429600,1.07415,1.07475,1.0711,1.0717,15496,55494.65,0,NaN,NaN,NaN,NaN,NaN,NaN,690510
1653458400,1.07165,1.07165,1.06505,1.0676,82565,57485.55,0,NaN,NaN,NaN,NaN,NaN,NaN,690510
1653487200,1.0676,1.0703,1.066,1.06875,54562,59498.6,0,NaN,NaN,NaN,NaN,NaN,NaN,686654
1653516000,1.06885,1.07135,1.0674,1.06745,18555,54841.6,0,NaN,NaN,NaN,NaN,NaN,NaN,686654
1653544800,1.06745,1.073,1.0669,1.07235,53423,54637,0,NaN,NaN,NaN,NaN,NaN,NaN,686654
1653573600,1.0723,1.0739,1.0709,1.0738,43845,55937.9,0,NaN,NaN,NaN,NaN,NaN,NaN,689506
1653602400,1.0737,1.0772,1.07335,1.0757,20109,53551.25,0,NaN,NaN,NaN,NaN,NaN,NaN,689506
1653631200,1.07565,1.0762,1.0703,1.07515,71971,53979.15,0,NaN,NaN,NaN,NaN,NaN,NaN,689506
1653660000,1.07515,1.07575,1.0708,1.07435,55774,55672.75,0,NaN,NaN,NaN,NaN,NaN,NaN,681473
1653861600,1.0741,1.0767,1.07325,1.07595,12952,51846.9,0,NaN,NaN,NaN,NaN,NaN,NaN,681473
1653890400,1.07595,1.0787,1.07465,1.07775,44972,49979.6,0,NaN,NaN,NaN,NaN,NaN,NaN,681473
1653919200,1.07775,1.07935,1.07725,1.07875,18402,50064.95,0,NaN,NaN,NaN,NaN,NaN,NaN,681473
1653948000,1.0785,1.0786,1.074,1.07515,17028,47544.45,0,NaN,NaN,NaN,NaN,NaN,NaN,681473
1653976800,1.0752,1.07575,1.0685,1.0719,90955,49288.45,0,NaN,NaN,NaN,NaN,NaN,NaN,681473
1654005600,1.0717,1.07525,1.06945,1.07385,66415,51723.8,0,NaN,NaN,NaN,NaN,NaN,NaN,680685
1654034400,1.07385,1.07435,1.07105,1.0715,16027,46468.1,0,NaN,NaN,NaN,NaN,NaN,NaN,680685
1654063200,1.0715,1.07445,1.0707,1.0714,59798,46394.8,0,NaN,NaN,NaN,NaN,NaN,NaN,680685
1654092000,1.07135,1.07135,1.06325,1.06585,87950,50046.5,0,NaN,NaN,NaN,NaN,NaN,NaN,665275
1654120800,1.0654,1.06695,1.06485,1.06615,13893,45229.65,0,NaN,NaN,NaN,NaN,NaN,NaN,665275
1654149600,1.06615,1.07205,1.06615,1.07035,58956,45182.4,0,NaN,NaN,NaN,NaN,NaN,NaN,665275
1654178400,1.0704,1.07545,1.06995,1.07535,47084,46761.8,0,NaN,NaN,NaN,NaN,NaN,NaN,662811
1654207200,1.0752,1.0768,1.07485,1.0758,11400,43203.55,0,NaN,NaN,NaN,NaN,NaN,NaN,662811
1654236000,1.07575,1.0766,1.0707,1.0748,59282,43439.55,0,NaN,NaN,NaN,NaN,NaN,NaN,662811
1654264800,1.07485,1.0753,1.07135,1.0723,33030,44163.3,0,NaN,NaN,NaN,NaN,NaN,NaN,657707
1654466400,1.07215,1.074,1.0713,1.073,10170,42000.65,0,NaN,NaN,NaN,NaN,NaN,NaN,657707
1654495200,1.07305,1.07555,1.07085,1.0717,47134,42165.1,0,NaN,NaN,NaN,NaN,NaN,NaN,657707
1654524000,1.0717,1.0728,1.06875,1.0699,40500,43184.65,0,NaN,NaN,NaN,NaN,NaN,NaN,633647
1654552800,1.0697,1.0703,1.0673,1.06765,16764,40424.3,0,NaN,NaN,NaN,NaN,NaN,NaN,633647
1654581600,1.06775,1.07075,1.0655,1.0691,68307,41050.95,0,NaN,NaN,NaN,NaN,NaN,NaN,633647
1654610400,1.0691,1.0717,1.06775,1.07075,41634,42485.05,0,NaN,NaN,NaN,NaN,NaN,NaN,572852
1654639200,1.07075,1.071,1.06795,1.06905,12507,40861.8,0,NaN,NaN,NaN,NaN,NaN,NaN,572852
1654668000,1.069,1.0751,1.06735,1.0743,78913,43887.35,0,NaN,NaN,NaN,NaN,NaN,NaN,572852
1654696800,1.07435,1.07475,1.0715,1.07185,37935,44932.7,0,NaN,NaN,NaN,NaN,NaN,NaN,363308
1654725600,1.0719,1.07355,1.07105,1.072,10572,40913.55,0,NaN,NaN,NaN,NaN,NaN,NaN,363308
1654754400,1.072,1.0775,1.06815,1.0688,114747,43330.15,0,NaN,NaN,NaN,NaN,NaN,NaN,363308
1654783200,1.06875,1.06885,1.06115,1.0618,77038,46380.7,0,NaN,NaN,NaN,NaN,NaN,NaN,191481
1654812000,1.06795,1.0704,1.0672,1.06955,15662,44173.9,0,NaN,NaN,NaN,NaN,NaN,NaN,191481
1654840800,1.0695,1.07035,1.0583,1.0588,120159,45784.35,0,NaN,NaN,NaN,NaN,NaN,NaN,191481
1654869600,1.0588,1.05975,1.0567,1.058,76698,48924.6,0,NaN,NaN,NaN,NaN,NaN,NaN,648896
1655071200,1.05765,1.05825,1.0539,1.05495,28202,47386.9,0,NaN,NaN,NaN,NaN,NaN,NaN,648896
1655100000,1.0549,1.05525,1.0499,1.0502,99577,50011.55,0,NaN,NaN,NaN,NaN,NaN,NaN,648896
1655128800,1.05015,1.05235,1.04685,1.04735,90834,53983.25,0,NaN,NaN,NaN,NaN,NaN,NaN,660944
1655157600,1.04775,1.0507,1.0464,1.0506,26650,52351.65,0,NaN,NaN,NaN,NaN,NaN,NaN,660944
1655186400,1.05065,1.05535,1.0494,1.0508,103506,55875.45,0,NaN,NaN,NaN,NaN,NaN,NaN,660944
1655215200,1.0508,1.05145,1.0469,1.0487,75999,59166.9,0,NaN,NaN,NaN,NaN,NaN,NaN,656650
1655244000,1.04835,1.05445,1.0482,1.0533,27950,58207.7,0,NaN,NaN,NaN,NaN,NaN,NaN,656650
1655272800,1.05325,1.05775,1.04715,1.04955,126453,62505.35,0,NaN,NaN,NaN,NaN,NaN,NaN,656650
1655301600,1.0495,1.0539,1.0428,1.05155,119794,67656.85,0,NaN,NaN,NaN,NaN,NaN,NaN,654456
1655330400,1.05115,1.0536,1.0491,1.04955,21795,65331.25,0,NaN,NaN,NaN,NaN,NaN,NaN,654456
1655359200,1.04945,1.0539,1.04465,1.05155,128351,69667.1,0,NaN,NaN,NaN,NaN,NaN,NaN,654456
1655388000,1.05155,1.0668,1.05005,1.06165,102570,74170.25,0,NaN,NaN,NaN,NaN,NaN,NaN,656059
1655416800,1.0617,1.0627,1.05835,1.0584,26846,71566.9,0,NaN,NaN,NaN,NaN,NaN,NaN,656059
1655445600,1.05845,1.06025,1.054,1.0551,92530,74296.65,0,NaN,NaN,NaN,NaN,NaN,NaN,656059
1655474400,1.0551,1.0569,1.0511,1.05615,69909,77263.5,0,NaN,NaN,NaN,NaN,NaN,NaN,655324
1655676000,1.0555,1.0598,1.05405,1.0595,18785,72465.4,0,NaN,NaN,NaN,NaN,NaN,NaN,655324
1655704800,1.0595,1.06115,1.05735,1.0585,51471,71187.05,0,NaN,NaN,NaN,NaN,NaN,NaN,655324
1655733600,1.05845,1.0608,1.0564,1.05775,22002,71504.05,0,NaN,NaN,NaN,NaN,NaN,NaN,655324
1655762400,1.05775,1.06075,1.0574,1.0584,14645,66228.35,0,NaN,NaN,NaN,NaN,NaN,NaN,655324
1655791200,1.05845,1.06485,1.05805,1.0626,67009,65743.9,0,NaN,NaN,NaN,NaN,NaN,NaN,655324
1655820000,1.0625,1.06335,1.05855,1.06005,52138,66940.7,0,NaN,NaN,NaN,NaN,NaN,NaN,659201
1655848800,1.0602,1.0605,1.05505,1.0554,18233,62873.5,0,NaN,NaN,NaN,NaN,NaN,NaN,659201
1655877600,1.05535,1.06365,1.05345,1.0626,77763,62219.95,0,NaN,NaN,NaN,NaN,NaN,NaN,659201
1655906400,1.0626,1.0673,1.0619,1.06345,63514,64063.15,0,NaN,NaN,NaN,NaN,NaN,NaN,664565
1655935200,1.0631,1.0646,1.062,1.06345,17142,59744.95,0,NaN,NaN,NaN,NaN,NaN,NaN,664565
1655964000,1.0635,1.0644,1.0546,1.06075,106580,61274,0,NaN,NaN,NaN,NaN,NaN,NaN,664565
1655992800,1.06075,1.0618,1.0558,1.05865,59975,62875.25,0,NaN,NaN,NaN,NaN,NaN,NaN,659514
1656021600,1.05865,1.061,1.0576,1.06065,13644,57234.8,0,NaN,NaN,NaN,NaN,NaN,NaN,659514
1656050400,1.0606,1.06185,1.0577,1.05975,61283,54309.25,0,NaN,NaN,NaN,NaN,NaN,NaN,659514
1656079200,1.05985,1.06345,1.05975,1.0617,60145,56226.75,0,NaN,NaN,NaN,NaN,NaN,NaN,659140
1656280800,1.06145,1.0637,1.0613,1.06215,16255,50621.95,0,NaN,NaN,NaN,NaN,NaN,NaN,659140
1656309600,1.0621,1.06535,1.0616,1.06445,63020,48644.45,0,NaN,NaN,NaN,NaN,NaN,NaN,659140
1656338400,1.0645,1.06785,1.0633,1.06435,56110,50107.65,0,NaN,NaN,NaN,NaN,NaN,NaN,663074
1656367200,1.06445,1.0649,1.0632,1.0633,10514,46006.85,0,NaN,NaN,NaN,NaN,NaN,NaN,663074
1656396000,1.06335,1.0668,1.0584,1.0595,85321,46777.45,0,NaN,NaN,NaN,NaN,NaN,NaN,663074
1656424800,1.0594,1.06035,1.0564,1.05815,63920,49034.2,0,NaN,NaN,NaN,NaN,NaN,NaN,657859
1656453600,1.0582,1.0596,1.05605,1.0563,19685,47444.9,0,NaN,NaN,NaN,NaN,NaN,NaN,657859
1656482400,1.0563,1.0596,1.05325,1.05415,101794,51434.5,0,NaN,NaN,NaN,NaN,NaN,NaN,657859
1656511200,1.0541,1.05525,1.0495,1.05,57206,53562.55,0,NaN,NaN,NaN,NaN,NaN,NaN,661207
1656540000,1.05005,1.0515,1.04885,1.05125,15927,51008.45,0,NaN,NaN,NaN,NaN,NaN,NaN,661207
1656568800,1.0512,1.05255,1.04395,1.0474,117567,54279.9,0,NaN,NaN,NaN,NaN,NaN,NaN,661207
1656597600,1.0474,1.05465,1.04695,1.05415,86648,57700.65,0,NaN,NaN,NaN,NaN,NaN,NaN,651714
1656626400,1.0536,1.0542,1.05045,1.05205,17627,54693.85,0,NaN,NaN,NaN,NaN,NaN,NaN,651714
1656655200,1.052,1.05315,1.0449,1.04565,95926,56314.45,0,NaN,NaN,NaN,NaN,NaN,NaN,651714
1656684000,1.0457,1.049,1.04205,1.0486,79856,59450.15,0,NaN,NaN,NaN,NaN,NaN,NaN,655036
1656885600,1.04815,1.0501,1.0478,1.04895,10797,54661,0,NaN,NaN,NaN,NaN,NaN,NaN,655036
1656914400,1.0489,1.052,1.04775,1.05025,44218,53873.15,0,NaN,NaN,NaN,NaN,NaN,NaN,655036
1656943200,1.05025,1.0505,1.0474,1.04795,17345,54058.2,0,NaN,NaN,NaN,NaN,NaN,NaN,655036
1656972000,1.04785,1.05045,1.04785,1.04985,11799,51584,0,NaN,NaN,NaN,NaN,NaN,NaN,655036
1657000800,1.0499,1.04995,1.0309,1.0316,166809,56917.2,0,NaN,NaN,NaN,NaN,NaN,NaN,655036
1657029600,1.03165,1.03255,1.02895,1.032,79496,60079.25,0,NaN,NaN,NaN,NaN,NaN,NaN,659843
1657058400,1.03205,1.0326,1.02935,1.03015,19957,57926.1,0,NaN,NaN,NaN,NaN,NaN,NaN,659843
1657087200,1.0301,1.0331,1.02195,1.0231,120730,61157.1,0,NaN,NaN,NaN,NaN,NaN,NaN,659843
1657116000,1.02305,1.0253,1.0215,1.0238,74008,64331.8,0,NaN,NaN,NaN,NaN,NaN,NaN,656791
1657144800,1.02365,1.0273,1.02285,1.02705,21956,61163.55,0,NaN,NaN,NaN,NaN,NaN,NaN,656791
1657173600,1.027,1.02705,1.02165,1.02365,98675,62901.3,0,NaN,NaN,NaN,NaN,NaN,NaN,656791
1657202400,1.0236,1.02365,1.0195,1.02115,59945,64914.3,0,NaN,NaN,NaN,NaN,NaN,NaN,657943
1657231200,1.0214,1.02415,1.01905,1.0211,28955,61272.35,0,NaN,NaN,NaN,NaN,NaN,NaN,657943
1657260000,1.02105,1.02285,1.01215,1.01935,131014,64962.75,0,NaN,NaN,NaN,NaN,NaN,NaN,657943
1657288800,1.01945,1.0242,1.01865,1.024,58855,67109.15,0,NaN,NaN,NaN,NaN,NaN,NaN,657762
1657490400,1.02285,1.02345,1.0185,1.019,18746,62168.1,0,NaN,NaN,NaN,NaN,NaN,NaN,657762
1657519200,1.01895,1.0194,1.0101,1.01185,89510,62311.2,0,NaN,NaN,NaN,NaN,NaN,NaN,657762
1657548000,1.01185,1.01425,1.00835,1.0089,71177,64988.7,0,NaN,NaN,NaN,NaN,NaN,NaN,664530
1657576800,1.0089,1.01045,1.00535,1.00595,32682,61826.5,0,NaN,NaN,NaN,NaN,NaN,NaN,664530
1657605600,1.00595,1.0119,1.0048,1.00965,111540,63410.7,0,NaN,NaN,NaN,NaN,NaN,NaN,664530
1657634400,1.0096,1.01235,1.00795,1.00865,64063,66074,0,NaN,NaN,NaN,NaN,NaN,NaN,666647
1657663200,1.0086,1.00955,1.0071,1.0086,18256,64775.9,0,NaN,NaN,NaN,NaN,NaN,NaN,666647
1657692000,1.00865,1.01615,1.0046,1.0071,152907,71554,0,NaN,NaN,NaN,NaN,NaN,NaN,666647
1657720800,1.0071,1.01725,1.00665,1.01085,99082,75918.15,0,NaN,NaN,NaN,NaN,NaN,NaN,663969
1657749600,1.0107,1.01085,1.0062,1.0067,23781,68766.75,0,NaN,NaN,NaN,NaN,NaN,NaN,663969
1657778400,1.0068,1.00995,1,1.00285,138102,71697.05,0,NaN,NaN,NaN,NaN,NaN,NaN,663969
1657807200,1.00285,1.0095,1.0008,1.0067,118592,76628.8,0,NaN,NaN,NaN,NaN,NaN,NaN,670107
1657836000,1.00675,1.0088,1.0058,1.0068,19628,71573.7,0,NaN,NaN,NaN,NaN,NaN,NaN,670107
1657864800,1.0068,1.0132,1.0053,1.00925,94994,72623,0,NaN,NaN,NaN,NaN,NaN,NaN,670107
1657893600,1.00935,1.01455,1.00935,1.0134,68592,74954.8,0,NaN,NaN,NaN,NaN,NaN,NaN,668365
1658095200,1.0134,1.0161,1.01255,1.01345,18323,70937.2,0,NaN,NaN,NaN,NaN,NaN,NaN,668365
1658124000,1.0135,1.02225,1.01275,1.0202,97140,72796.95,0,NaN,NaN,NaN,NaN,NaN,NaN,668365
1658152800,1.0202,1.0249,1.0187,1.01905,69376,74818,0,NaN,NaN,NaN,NaN,NaN,NaN,672948
1658181600,1.01915,1.02005,1.0165,1.0193,21012,69317.9,0,NaN,NaN,NaN,NaN,NaN,NaN,672948
1658210400,1.0194,1.03155,1.01915,1.0287,131252,72937.75,0,NaN,NaN,NaN,NaN,NaN,NaN,672948
1658239200,1.0287,1.03105,1.0266,1.0271,80299,76015.4,0,NaN,NaN,NaN,NaN,NaN,NaN,678325
1658268000,1.0271,1.02935,1.02705,1.02825,14502,72265,0,NaN,NaN,NaN,NaN,NaN,NaN,678325
1658296800,1.0283,1.03175,1.02175,1.02605,123209,74866.6,0,NaN,NaN,NaN,NaN,NaN,NaN,678325
1658325600,1.02605,1.02705,1.02,1.02285,96029,78033.95,0,NaN,NaN,NaN,NaN,NaN,NaN,676589
1658354400,1.0224,1.02715,1.02195,1.0266,20058,73459.85,0,NaN,NaN,NaN,NaN,NaN,NaN,676589
1658383200,1.02665,1.032,1.0194,1.0253,186902,79601.8,0,NaN,NaN,NaN,NaN,NaN,NaN,676589
1658412000,1.0253,1.02755,1.0209,1.027,80775,82727.75,0,NaN,NaN,NaN,NaN,NaN,NaN,673985
1658440800,1.0268,1.0271,1.02205,1.02255,17690,75966.9,0,NaN,NaN,NaN,NaN,NaN,NaN,673985
1658469600,1.0225,1.02835,1.01695,1.02745,127177,77371.65,0,NaN,NaN,NaN,NaN,NaN,NaN,673985
1658498400,1.0274,1.0296,1.02305,1.02565,76979,80031.55,0,NaN,NaN,NaN,NaN,NaN,NaN,672379
1658700000,1.0255,1.0258,1.02205,1.02385,16735,73963.2,0,NaN,NaN,NaN,NaN,NaN,NaN,672379
1658728800,1.0239,1.0298,1.0218,1.02895,87410,72404.1,0,NaN,NaN,NaN,NaN,NaN,NaN,672379
1658757600,1.0289,1.02915,1.0243,1.0259,59707,74408.05,0,NaN,NaN,NaN,NaN,NaN,NaN,671442
1658786400,1.0259,1.029,1.02525,1.02545,12607,70288.7,0,NaN,NaN,NaN,NaN,NaN,NaN,671442
1658815200,1.0255,1.02755,1.01545,1.0183,115995,72658.85,0,NaN,NaN,NaN,NaN,NaN,NaN,671442
1658844000,1.0183,1.019,1.01465,1.01555,70217,75253.55,0,NaN,NaN,NaN,NaN,NaN,NaN,674569
1658872800,1.01565,1.0191,1.0156,1.01845,19884,71390.75,0,NaN,NaN,NaN,NaN,NaN,NaN,674569
1658901600,1.0185,1.021,1.0165,1.01725,78110,71827.45,0,NaN,NaN,NaN,NaN,NaN,NaN,674569
1658930400,1.0173,1.02585,1.01345,1.0233,130397,77296.7,0,NaN,NaN,NaN,NaN,NaN,NaN,667384
1658959200,1.02345,1.02615,1.02155,1.02565,30903,72279.25,0,NaN,NaN,NaN,NaN,NaN,NaN,667384
1658988000,1.02565,1.027,1.0149,1.01745,152671,75897.85,0,NaN,NaN,NaN,NaN,NaN,NaN,667384
1659016800,1.0175,1.0235,1.01735,1.0232,75590,78952.25,0,NaN,NaN,NaN,NaN,NaN,NaN,665081
1659045600,1.023,1.026,1.02235,1.02445,23993,73991.45,0,NaN,NaN,NaN,NaN,NaN,NaN,665081
1659074400,1.0245,1.02895,1.01805,1.02,135388,75959.4,0,NaN,NaN,NaN,NaN,NaN,NaN,665081
1659103200,1.01995,1.0262,1.0186,1.02595,102163,80064.65,0,NaN,NaN,NaN,NaN,NaN,NaN,661393
1659304800,1.0258,1.0275,1.02395,1.025,20738,71756.45,0,NaN,NaN,NaN,NaN,NaN,NaN,661393
1659333600,1.02495,1.03045,1.02475,1.0288,96631,72549.25,0,NaN,NaN,NaN,NaN,NaN,NaN,661393
1659362400,1.0287,1.03095,1.0267,1.0292,68724,75100.95,0,NaN,NaN,NaN,NaN,NaN,NaN,664538
1659391200,1.02905,1.03275,1.02895,1.03005,27804,70132.3,0,NaN,NaN,NaN,NaN,NaN,NaN,664538
1659420000,1.0301,1.0301,1.0235,1.024,91709,70868.8,0,NaN,NaN,NaN,NaN,NaN,NaN,664538
1659448800,1.024,1.02455,1.0196,1.01995,77855,73924.8,0,NaN,NaN,NaN,NaN,NaN,NaN,664694
1659477600,1.01975,1.0226,1.01825,1.0208,29666,71037.6,0,NaN,NaN,NaN,NaN,NaN,NaN,664694
1659506400,1.0208,1.02425,1.0186,1.0202,91817,72643.1,0,NaN,NaN,NaN,NaN,NaN,NaN,664694
1659535200,1.0201,1.02055,1.01545,1.02005,86178,76321.65,0,NaN,NaN,NaN,NaN,NaN,NaN,667307
1659564000,1.0201,1.0206,1.01835,1.01925,16223,71333.05,0,NaN,NaN,NaN,NaN,NaN,NaN,667307
1659592800,1.01925,1.02275,1.01865,1.02205,80411,71842.75,0,NaN,NaN,NaN,NaN,NaN,NaN,667307
1659621600,1.02215,1.0284,1.02155,1.02765,71916,74444.35,0,NaN,NaN,NaN,NaN,NaN,NaN,668879
1659650400,1.0277,1.0281,1.02565,1.0261,14047,71241.2,0,NaN,NaN,NaN,NaN,NaN,NaN,668879
1659679200,1.0261,1.02685,1.01705,1.0204,107375,70090.1,0,NaN,NaN,NaN,NaN,NaN,NaN,668879
1659708000,1.0204,1.0222,1.01805,1.02105,61277,71608.8,0,NaN,NaN,NaN,NaN,NaN,NaN,668626
1659909600,1.02055,1.02175,1.01875,1.02145,14501,64700.3,0,NaN,NaN,NaN,NaN,NaN,NaN,668626
1659938400,1.0215,1.0244,1.01995,1.023,70338,64437.7,0,NaN,NaN,NaN,NaN,NaN,NaN,668626
1659967200,1.02305,1.0251,1.0214,1.0224,49354,65705.75,0,NaN,NaN,NaN,NaN,NaN,NaN,672668
1659996000,1.0223,1.0229,1.0217,1.02275,10010,59436.85,0,NaN,NaN,NaN,NaN,NaN,NaN,672668
1660024800,1.0227,1.02755,1.02235,1.0267,76733,58165.35,0,NaN,NaN,NaN,NaN,NaN,NaN,672668
1660053600,1.0267,1.0269,1.023,1.0241,43582,59307.55,0,NaN,NaN,NaN,NaN,NaN,NaN,672208
1660082400,1.0239,1.0246,1.023,1.0239,11280,55040,0,NaN,NaN,NaN,NaN,NaN,NaN,672208
1660111200,1.0239,1.03735,1.0229,1.03495,147754,58991.5,0,NaN,NaN,NaN,NaN,NaN,NaN,672208
1660140000,1.03495,1.03965,1.0322,1.03275,107631,62982.85,0,NaN,NaN,NaN,NaN,NaN,NaN,674010
1660168800,1.03265,1.033,1.03005,1.0307,21762,59485.5,0,NaN,NaN,NaN,NaN,NaN,NaN,674010
1660197600,1.03075,1.039,1.03035,1.0384,114744,61329.95,0,NaN,NaN,NaN,NaN,NaN,NaN,674010
1660226400,1.0384,1.03865,1.0335,1.03485,75613,63627.3,0,NaN,NaN,NaN,NaN,NaN,NaN,672669
1660255200,1.03475,1.0353,1.03295,1.03395,14437,59758.3,0,NaN,NaN,NaN,NaN,NaN,NaN,672669
1660284000,1.034,1.03475,1.02925,1.03055,87895,59844.15,0,NaN,NaN,NaN,NaN,NaN,NaN,672669
1660312800,1.0305,1.0305,1.02625,1.02805,64860,62276,0,NaN,NaN,NaN,NaN,NaN,NaN,669237
1660514400,1.0283,1.0292,1.0263,1.0264,16800,59095.45,0,NaN,NaN,NaN,NaN,NaN,NaN,669237
1660543200,1.02645,1.02715,1.0209,1.0222,89841,59991.7,0,NaN,NaN,NaN,NaN,NaN,NaN,669237
1660572000,1.0222,1.02245,1.0178,1.0181,60010,62289.85,0,NaN,NaN,NaN,NaN,NaN,NaN,673702
1660600800,1.01815,1.01925,1.017,1.0187,19395,57890.85,0,NaN,NaN,NaN,NaN,NaN,NaN,673702
1660629600,1.01865,1.0201,1.01445,1.01985,101596,59906.8,0,NaN,NaN,NaN,NaN,NaN,NaN,673702
1660658400,1.0199,1.02175,1.01845,1.01945,59898,62176.65,0,NaN,NaN,NaN,NaN,NaN,NaN,676807
1660687200,1.0191,1.0207,1.0188,1.02035,13276,59323.55,0,NaN,NaN,NaN,NaN,NaN,NaN,676807
1660716000,1.02035,1.02085,1.0167,1.0189,87373,61224.5,0,NaN,NaN,NaN,NaN,NaN,NaN,676807
1660744800,1.0189,1.0225,1.01825,1.02,67376,64092.8,0,NaN,NaN,NaN,NaN,NaN,NaN,678320
1660773600,1.0197,1.02125,1.01825,1.0184,20243,61268.3,0,NaN,NaN,NaN,NaN,NaN,NaN,678320
1660802400,1.0184,1.0208,1.01405,1.0143,106976,64438,0,NaN,NaN,NaN,NaN,NaN,NaN,678320
1660831200,1.0143,1.0159,1.00985,1.0105,89132,68330.6,0,NaN,NaN,NaN,NaN,NaN,NaN,684185
1660860000,1.0106,1.0112,1.00885,1.0102,18601,61872.95,0,NaN,NaN,NaN,NaN,NaN,NaN,684185
1660888800,1.01015,1.0114,1.0064,1.00725,91076,61045.2,0,NaN,NaN,NaN,NaN,NaN,NaN,684185
1660917600,1.00725,1.00735,1.00505,1.0057,64597,63186.95,0,NaN,NaN,NaN,NaN,NaN,NaN,687063
1661119200,1.00565,1.0065,1.0041,1.00505,21920,58545.75,0,NaN,NaN,NaN,NaN,NaN,NaN,687063
1661148000,1.0051,1.00515,0.9987,0.99875,95573,59543.75,0,NaN,NaN,NaN,NaN,NaN,NaN,687063
1661176800,0.9988,0.9995,0.99435,0.9958,95783,63611.05,0,NaN,NaN,NaN,NaN,NaN,NaN,693999
1661205600,0.99585,0.9967,0.9932,0.99365,22481,60340.35,0,NaN,NaN,NaN,NaN,NaN,NaN,693999
1661234400,0.99365,1.00165,0.9916,1.0015,138106,64002.65,0,NaN,NaN,NaN,NaN,NaN,NaN,693999
1661263200,1.00155,1.00355,0.99765,0.9986,100189,68172.1,0,NaN,NaN,NaN,NaN,NaN,NaN,691788
1661292000,0.99835,0.999,0.99585,0.9959,25324,64946.25,0,NaN,NaN,NaN,NaN,NaN,NaN,691788
1661320800,0.9959,0.99755,0.99305,0.99345,89726,66432.05,0,NaN,NaN,NaN,NaN,NaN,NaN,691788
1661349600,0.9934,1.00165,0.9926,0.99825,112837,71104.15,0,NaN,NaN,NaN,NaN,NaN,NaN,693060
1661378400,0.99835,1.0023,0.99775,1.00075,21778,67113.25,0,NaN,NaN,NaN,NaN,NaN,NaN,693060
1661407200,1.00075,1.0048,0.99695,0.9977,99611,69098.9,0,NaN,NaN,NaN,NaN,NaN,NaN,693060
1661436000,0.9977,1.00155,0.99635,0.99865,85588,72714.5,0,NaN,NaN,NaN,NaN,NaN,NaN,689748
1661464800,0.99895,0.99915,0.99715,0.99735,17512,69221.45,0,NaN,NaN,NaN,NaN,NaN,NaN,689748
1661493600,0.9974,1.0089,0.996,1.00775,142854,72995.35,0,NaN,NaN,NaN,NaN,NaN,NaN,689748
1661522400,1.0079,1.0104,0.99695,0.998,147729,79369.65,0,NaN,NaN,NaN,NaN,NaN,NaN,683784
1661724000,0.997,0.9974,0.99265,0.9936,37142,75877.95,0,NaN,NaN,NaN,NaN,NaN,NaN,683784
1661752800,0.99365,1.00425,0.9933,1.0024,122371,77539.9,0,NaN,NaN,NaN,NaN,NaN,NaN,683784
1661781600,1.00235,1.004,0.9994,1.0011,71918,80205.75,0,NaN,NaN,NaN,NaN,NaN,NaN,688758
1661810400,1.001,1.00255,0.99935,1.00135,30955,77199.7,0,NaN,NaN,NaN,NaN,NaN,NaN,688758
1661839200,1.00145,1.0067,0.9994,1.0041,117921,79865.9,0,NaN,NaN,NaN,NaN,NaN,NaN,688758
1661868000,1.0041,1.00475,0.99945,1.00295,100253,83782.55,0,NaN,NaN,NaN,NaN,NaN,NaN,688688
1661896800,1.00285,1.0058,1.00265,1.0051,22319,80119.85,0,NaN,NaN,NaN,NaN,NaN,NaN,688688
1661925600,1.0051,1.00545,0.99825,1.00175,121907,81426.05,0,NaN,NaN,NaN,NaN,NaN,NaN,688688
1661954400,1.0017,1.00905,1.00105,1.0066,115524,86078.2,0,NaN,NaN,NaN,NaN,NaN,NaN,687439
1661983200,1.00615,1.0064,1.0017,1.00265,30095,80677.65,0,NaN,NaN,NaN,NaN,NaN,NaN,687439
1662012000,1.0027,1.0058,0.99815,0.9989,118404,81588.4,0,NaN,NaN,NaN,NaN,NaN,NaN,687439
1662040800,0.9989,0.99925,0.9919,0.9954,116336,86139,0,NaN,NaN,NaN,NaN,NaN,NaN,689559
1662069600,0.99545,0.9985,0.99505,0.99795,18765,82590.95,0,NaN,NaN,NaN,NaN,NaN,NaN,689559
1662098400,0.998,1.00395,0.9972,1.0008,140408,83969.5,0,NaN,NaN,NaN,NaN,NaN,NaN,689559
1662127200,1.0008,1.00425,0.9954,0.9964,111035,88432.35,0,NaN,NaN,NaN,NaN,NaN,NaN,685783
1662328800,0.99375,0.99415,0.9888,0.9893,50521,85977.85,0,NaN,NaN,NaN,NaN,NaN,NaN,685783
1662357600,0.98925,0.9953,0.98855,0.99335,77639,85580.4,0,NaN,NaN,NaN,NaN,NaN,NaN,685783
1662386400,0.9933,0.99445,0.9926,0.99385,24356,85922.6,0,NaN,NaN,NaN,NaN,NaN,NaN,685783
1662415200,0.994,0.99785,0.9939,0.99665,35841,80571.95,0,NaN,NaN,NaN,NaN,NaN,NaN,685783
1662444000,0.9967,0.9994,0.98885,0.9892,133831,79877.05,0,NaN,NaN,NaN,NaN,NaN,NaN,685783
1662472800,0.98915,0.9936,0.9871,0.9911,95605,82800.2,0,NaN,NaN,NaN,NaN,NaN,NaN,672320
1662501600,0.9911,0.9912,0.98835,0.99005,29597,78161.5,0,NaN,NaN,NaN,NaN,NaN,NaN,672320
1662530400,0.98995,0.9937,0.98825,0.99085,107730,79952.1,0,NaN,NaN,NaN,NaN,NaN,NaN,672320
1662559200,0.9909,1.00185,0.9906,1.0014,107937,83801.2,0,NaN,NaN,NaN,NaN,NaN,NaN,642846
1662588000,1.0014,1.0018,0.9984,1.00025,23590,79084.65,0,NaN,NaN,NaN,NaN,NaN,NaN,642846
1662616800,1.0003,1.005,0.9935,0.99695,179721,83058.05,0,NaN,NaN,NaN,NaN,NaN,NaN,642846
1662645600,0.99695,1.0005,0.99465,1.0005,89236,86403.9,0,NaN,NaN,NaN,NaN,NaN,NaN,626825
1662674400,0.99995,1.00885,0.99995,1.00715,39570,82287.05,0,NaN,NaN,NaN,NaN,NaN,NaN,626825
1662703200,1.0071,1.01175,1.00375,1.0054,140298,83525.75,0,NaN,NaN,NaN,NaN,NaN,NaN,626825
1662732000,1.0054,1.0066,1.0036,1.0052,58370,84939.5,0,NaN,NaN,NaN,NaN,NaN,NaN,614530
1662933600,1.0092,1.01,1.0062,1.0095,26872,80362.9,0,NaN,NaN,NaN,NaN,NaN,NaN,614530
1662962400,1.0095,1.0202,1.00855,1.0127,169656,83028.9,0,NaN,NaN,NaN,NaN,NaN,NaN,614530
1662991200,1.01275,1.0148,1.0114,1.01255,63595,85270.4,0,NaN,NaN,NaN,NaN,NaN,NaN,568730
1663020000,1.01245,1.01495,1.01225,1.0141,19517,79225.85,0,NaN,NaN,NaN,NaN,NaN,NaN,568730
1663048800,1.01415,1.019,1.00075,1.00355,157943,81571.25,0,NaN,NaN,NaN,NaN,NaN,NaN,568730
1663077600,1.0035,1.0044,0.99685,0.99685,78973,82993.85,0,NaN,NaN,NaN,NaN,NaN,NaN,492465
1663106400,0.99695,1.00045,0.9958,0.9985,29861,80604.95,0,NaN,NaN,NaN,NaN,NaN,NaN,492465
1663135200,0.99845,1.00265,0.9962,0.99945,110097,84892,0,NaN,NaN,NaN,NaN,NaN,NaN,492465
1663164000,0.99945,1.0011,0.9972,0.9982,80157,87107.8,0,NaN,NaN,NaN,NaN,NaN,NaN,304337
1663192800,0.9981,0.99855,0.99605,0.99635,15959,81214.2,0,NaN,NaN,NaN,NaN,NaN,NaN,304337
1663221600,0.99635,1.0019,0.9957,1,91934,81030.65,0,NaN,NaN,NaN,NaN,NaN,NaN,304337
1663250400,1.00005,1.00165,0.9984,1.00025,50607,82081.15,0,NaN,NaN,NaN,NaN,NaN,NaN,162910
1663279200,1.00645,1.0079,1.00475,1.0049,16838,77536.55,0,NaN,NaN,NaN,NaN,NaN,NaN,162910
1663308000,1.00495,1.0065,1.0011,1.00405,108417,77560.55,0,NaN,NaN,NaN,NaN,NaN,NaN,162910
1663336800,1.00415,1.0103,1.0038,1.0078,99325,81347.3,0,NaN,NaN,NaN,NaN,NaN,NaN,633773
1663538400,1.0078,1.0096,1.00415,1.0047,21094,73415.95,0,NaN,NaN,NaN,NaN,NaN,NaN,633773
1663567200,1.0047,1.00715,1.0032,1.00535,67506,72329.45,0,NaN,NaN,NaN,NaN,NaN,NaN,633773
1663596000,1.0053,1.00945,1.00485,1.0091,50733,72887.6,0,NaN,NaN,NaN,NaN,NaN,NaN,637162
1663624800,1.0093,1.01165,1.00825,1.0083,22894,67017.4,0,NaN,NaN,NaN,NaN,NaN,NaN,637162
1663653600,1.0083,1.0108,1.0021,1.00485,102990,69248.4,0,NaN,NaN,NaN,NaN,NaN,NaN,637162
1663682400,1.00485,1.00655,1.0026,1.0036,68074,71308.5,0,NaN,NaN,NaN,NaN,NaN,NaN,637295
1663711200,1.004,1.00405,1.00145,1.00155,23100,63980.7,0,NaN,NaN,NaN,NaN,NaN,NaN,637295
1663740000,1.0015,1.00205,0.99495,0.9968,117676,66684.75,0,NaN,NaN,NaN,NaN,NaN,NaN,637295
1663768800,0.99685,0.9979,0.98775,0.9902,173713,74394.55,0,NaN,NaN,NaN,NaN,NaN,NaN,637873
1663797600,0.99035,0.9911,0.98685,0.98865,45579,68776.35,0,NaN,NaN,NaN,NaN,NaN,NaN,637873
1663826400,0.9886,0.99695,0.9875,0.99,174796,73567.5,0,NaN,NaN,NaN,NaN,NaN,NaN,637873
1663855200,0.99005,0.99175,0.98735,0.9898,79282,76038.55,0,NaN,NaN,NaN,NaN,NaN,NaN,634390
1663884000,0.98975,0.9913,0.9879,0.98905,18868,71477.1,0,NaN,NaN,NaN,NaN,NaN,NaN,634390
1663912800,0.989,0.9899,0.9792,0.9795,169812,75959.85,0,NaN,NaN,NaN,NaN,NaN,NaN,634390
1663941600,0.9795,0.98055,0.9728,0.97485,110602,80692,0,NaN,NaN,NaN,NaN,NaN,NaN,635204
1664143200,0.97325,0.977,0.96095,0.96895,82582,80224.4,0,NaN,NaN,NaN,NaN,NaN,NaN,635204
1664172000,0.96885,0.97615,0.9678,0.97335,137945,84591.3,0,NaN,NaN,NaN,NaN,NaN,NaN,635204
1664200800,0.9734,0.9736,0.9659,0.9667,102582,88878.5,0,NaN,NaN,NaN,NaN,NaN,NaN,636750
1664229600,0.96675,0.9714,0.96415,0.971,33572,85136.25,0,NaN,NaN,NaN,NaN,NaN,NaN,636750
1664258400,0.97095,0.9729,0.96645,0.9682,104615,85400.75,0,NaN,NaN,NaN,NaN,NaN,NaN,636750
1664287200,0.9683,0.96905,0.9627,0.96505,95375,89114.8,0,NaN,NaN,NaN,NaN,NaN,NaN,632417
1664316000,0.9651,0.96575,0.9599,0.96125,38174,87648.2,0,NaN,NaN,NaN,NaN,NaN,NaN,632417
1664344800,0.96125,0.9694,0.9592,0.96615,147014,92462.25,0,NaN,NaN,NaN,NaN,NaN,NaN,632417
1664373600,0.9662,0.98085,0.96495,0.9793,127079,97671.5,0,NaN,NaN,NaN,NaN,NaN,NaN,628799
1664402400,0.9792,0.97935,0.9709,0.972,39083,94476.15,0,NaN,NaN,NaN,NaN,NaN,NaN,628799
1664431200,0.97195,0.9804,0.969,0.97965,140070,98075.95,0,NaN,NaN,NaN,NaN,NaN,NaN,628799
1664460000,0.97965,0.9871,0.97735,0.98695,106345,102238.2,0,NaN,NaN,NaN,NaN,NaN,NaN,624976
1664488800,0.98785,0.98985,0.98495,0.9879,40212,98365,0,NaN,NaN,NaN,NaN,NaN,NaN,624976
1664517600,0.98795,0.99085,0.9788,0.9828,160899,97724.3,0,NaN,NaN,NaN,NaN,NaN,NaN,624976
1664546400,0.9829,0.98725,0.9807,0.9861,123392,101614.95,0,NaN,NaN,NaN,NaN,NaN,NaN,623926
1664748000,0.9847,0.9888,0.98375,0.9879,25911,94170.7,0,NaN,NaN,NaN,NaN,NaN,NaN,623926
1664776800,0.9879,0.9882,0.98065,0.9822,86321,94522.65,0,NaN,NaN,NaN,NaN,NaN,NaN,623926
1664805600,0.9822,0.98985,0.9822,0.98785,89753,98066.9,0,NaN,NaN,NaN,NaN,NaN,NaN,621269
1664834400,0.98775,0.9903,0.98595,0.9897,27865,90969.55,0,NaN,NaN,NaN,NaN,NaN,NaN,621269
1664863200,0.9898,0.99895,0.98915,0.9984,111850,91031.95,0,NaN,NaN,NaN,NaN,NaN,NaN,621269
1664892000,0.9983,1.00545,0.9983,1.0039,110954,92450.55,0,NaN,NaN,NaN,NaN,NaN,NaN,619180
1664920800,1.0036,1.0045,1.0014,1.00175,29383,87022.45,0,NaN,NaN,NaN,NaN,NaN,NaN,619180
1664949600,1.0018,1.0049,0.99185,0.99305,114091,87597.9,0,NaN,NaN,NaN,NaN,NaN,NaN,619180
1664978400,0.99295,0.995,0.9887,0.99385,91788,90508.7,0,NaN,NaN,NaN,NaN,NaN,NaN,616413
1665007200,0.99375,0.9977,0.9935,0.99725,21354,86345.65,0,NaN,NaN,NaN,NaN,NaN,NaN,616413
1665036000,0.9973,0.99735,0.9868,0.9879,85497,85851.75,0,NaN,NaN,NaN,NaN,NaN,NaN,616413
1665064800,0.9879,0.9895,0.98375,0.98435,82094,88047.75,0,NaN,NaN,NaN,NaN,NaN,NaN,618032
1665093600,0.9842,0.98615,0.98355,0.9851,16586,81526.35,0,NaN,NaN,NaN,NaN,NaN,NaN,618032
1665122400,0.98505,0.9867,0.9776,0.9799,101159,80230.35,0,NaN,NaN,NaN,NaN,NaN,NaN,618032
1665151200,0.97985,0.98415,0.9781,0.97875,64654,81508.9,0,NaN,NaN,NaN,NaN,NaN,NaN,621570
1665352800,0.97855,0.9803,0.9765,0.9766,16364,75323.6,0,NaN,NaN,NaN,NaN,NaN,NaN,621570
1665381600,0.9766,0.97825,0.973,0.9749,70597,73536.2,0,NaN,NaN,NaN,NaN,NaN,NaN,621570
1665410400,0.9749,0.97955,0.97345,0.97535,68453,74948.25,0,NaN,NaN,NaN,NaN,NaN,NaN,621601
1665439200,0.97535,0.9772,0.97185,0.97345,18883,67847.45,0,NaN,NaN,NaN,NaN,NaN,NaN,621601
1665468000,0.97345,0.9787,0.9724,0.97505,79258,65640.75,0,NaN,NaN,NaN,NaN,NaN,NaN,621601
1665496800,0.9751,0.98235,0.9739,0.9756,79422,68316.3,0,NaN,NaN,NaN,NaN,NaN,NaN,619565
1665525600,0.975,0.97835,0.97305,0.9769,26343,65317.4,0,NaN,NaN,NaN,NaN,NaN,NaN,619565
1665554400,0.9769,0.97815,0.9736,0.9739,70459,64352.7,0,NaN,NaN,NaN,NaN,NaN,NaN,619565
1665583200,0.97385,0.977,0.9716,0.9752,64368,66177.85,0,NaN,NaN,NaN,NaN,NaN,NaN,615389
1665612000,0.9752,0.97685,0.97415,0.9744,11756,61173.15,0,NaN,NaN,NaN,NaN,NaN,NaN,615389
1665640800,0.97435,0.98,0.9675,0.97415,132242,62237.55,0,NaN,NaN,NaN,NaN,NaN,NaN,615389
1665669600,0.9742,0.98535,0.9723,0.9826,103696,65953.2,0,NaN,NaN,NaN,NaN,NaN,NaN,618171
1665698400,0.9826,0.98555,0.98085,0.98235,21658,61331.55,0,NaN,NaN,NaN,NaN,NaN,NaN,618171
1665727200,0.98225,0.98465,0.97555,0.9782,118631,62673.7,0,NaN,NaN,NaN,NaN,NaN,NaN,618171
1665756000,0.9783,0.9815,0.97535,0.97695,65277,64869.85,0,NaN,NaN,NaN,NaN,NaN,NaN,618905
1665957600,0.97675,0.9802,0.9766,0.9798,15479,61368.95,0,NaN,NaN,NaN,NaN,NaN,NaN,618905
1665986400,0.9798,0.9845,0.9766,0.98285,79874,61257.95,0,NaN,NaN,NaN,NaN,NaN,NaN,618905
1666015200,0.98285,0.98985,0.9828,0.9888,69057,63881.5,0,NaN,NaN,NaN,NaN,NaN,NaN,625796
1666044000,0.98855,0.99115,0.9868,0.9899,25551,60101.1,0,NaN,NaN,NaN,NaN,NaN,NaN,625796
1666072800,0.9899,0.9921,0.9857,0.98975,78475,60792.15,0,NaN,NaN,NaN,NaN,NaN,NaN,625796
1666101600,0.9898,0.9909,0.98655,0.9905,56777,62812.8,0,NaN,NaN,NaN,NaN,NaN,NaN,623160
1666130400,0.9905,0.99165,0.98755,0.988,18402,60203.05,0,NaN,NaN,NaN,NaN,NaN,NaN,623160
1666159200,0.98795,0.9885,0.9803,0.98175,100359,61798.35,0,NaN,NaN,NaN,NaN,NaN,NaN,623160
1666188000,0.98175,0.98465,0.9801,0.98175,71305,64419.45,0,NaN,NaN,NaN,NaN,NaN,NaN,623382
1666216800,0.98165,0.98305,0.9796,0.9825,25468,61729.95,0,NaN,NaN,NaN,NaN,NaN,NaN,623382
1666245600,0.98245,0.98795,0.9813,0.98275,94306,62474.15,0,NaN,NaN,NaN,NaN,NaN,NaN,623382
1666274400,0.98275,0.9888,0.9815,0.983,74232,64868.6,0,NaN,NaN,NaN,NaN,NaN,NaN,625555
1666303200,0.9829,0.983,0.9804,0.98165,15584,62124.85,0,NaN,NaN,NaN,NaN,NaN,NaN,625555
1666332000,0.98165,0.98495,0.97455,0.98395,143183,66065.6,0,NaN,NaN,NaN,NaN,NaN,NaN,625555
1666360800,0.98405,0.99115,0.98065,0.98985,177009,74328.25,0,NaN,NaN,NaN,NaN,NaN,NaN,627762
1666562400,0.99205,0.99405,0.9866,0.98845,53933,70412.8,0,NaN,NaN,NaN,NaN,NaN,NaN,627762
1666591200,0.9884,0.9932,0.9848,0.99165,110853,70770.65,0,NaN,NaN,NaN,NaN,NaN,NaN,627762
1666620000,0.9917,0.99345,0.9895,0.99165,60077,72691.6,0,NaN,NaN,NaN,NaN,NaN,NaN,631201
1666648800,0.9915,0.9939,0.99065,0.9911,22312,67875.65,0,NaN,NaN,NaN,NaN,NaN,NaN,631201
1666677600,0.9911,1.00105,0.9888,1.0008,95984,69411,0,NaN,NaN,NaN,NaN,NaN,NaN,631201
1666706400,1.0008,1.00175,0.9975,1.00075,81696,72721.85,0,NaN,NaN,NaN,NaN,NaN,NaN,644578
1666735200,1.00065,1.0011,0.9983,1.0002,21694,69812.85,0,NaN,NaN,NaN,NaN,NaN,NaN,644578
1666764000,1.00015,1.00875,1,1.0053,130921,72906.05,0,NaN,NaN,NaN,NaN,NaN,NaN,644578
1666792800,1.00535,1.01285,1.00525,1.01215,99368,76596.9,0,NaN,NaN,NaN,NaN,NaN,NaN,654415
1666821600,1.0121,1.01315,1.01,1.01145,21306,73738.45,0,NaN,NaN,NaN,NaN,NaN,NaN,654415
1666850400,1.0115,1.01185,1.00095,1.00425,152037,78501.45,0,NaN,NaN,NaN,NaN,NaN,NaN,654415
1666879200,1.00425,1.0081,0.99945,1.0002,97719,82467.3,0,NaN,NaN,NaN,NaN,NaN,NaN,652848
1666908000,1.0004,1.00345,0.99945,1.001,22059,78552.3,0,NaN,NaN,NaN,NaN,NaN,NaN,652848
1666936800,1.00095,1.00265,0.9963,1.00055,110758,80524.95,0,NaN,NaN,NaN,NaN,NaN,NaN,652848
1666965600,1.0006,1.0019,0.99645,1.00025,59964,82249.75,0,NaN,NaN,NaN,NaN,NaN,NaN,653357
1667167200,0.99995,1.0001,0.99785,0.99835,16088,78338.85,0,NaN,NaN,NaN,NaN,NaN,NaN,653357
1667196000,0.99835,0.99905,0.9923,0.99245,67092,77981.85,0,NaN,NaN,NaN,NaN,NaN,NaN,653357
1667224800,0.99255,0.99435,0.99085,0.9918,80017,81203.5,0,NaN,NaN,NaN,NaN,NaN,NaN,644531
1667253600,0.99165,0.9963,0.99155,0.996,16574,74873.05,0,NaN,NaN,NaN,NaN,NaN,NaN,644531
1667282400,0.996,0.99895,0.9944,0.99705,68080,69426.6,0,NaN,NaN,NaN,NaN,NaN,NaN,644531
1667311200,0.99715,0.99735,0.98875,0.9908,86096,71034.75,0,NaN,NaN,NaN,NaN,NaN,NaN,646268
1667340000,0.9912,0.99335,0.99035,0.9921,14328,66208.5,0,NaN,NaN,NaN,NaN,NaN,NaN,646268
1667368800,0.9921,0.99495,0.9905,0.99285,55890,65999.15,0,NaN,NaN,NaN,NaN,NaN,NaN,646268
1667397600,0.99285,1.00115,0.98465,0.98505,157514,72759.25,0,NaN,NaN,NaN,NaN,NaN,NaN,644066
1667426400,0.9846,0.98715,0.98415,0.98575,21253,69022.7,0,NaN,NaN,NaN,NaN,NaN,NaN,644066
1667455200,0.9857,0.9857,0.97605,0.97755,110717,70473.75,0,NaN,NaN,NaN,NaN,NaN,NaN,644066
1667484000,0.9777,0.9826,0.97735,0.97815,69984,72888.25,0,NaN,NaN,NaN,NaN,NaN,NaN,650151
1667512800,0.9779,0.98215,0.9773,0.9806,18100,67247.2,0,NaN,NaN,NaN,NaN,NaN,NaN,650151
1667541600,0.98055,0.99125,0.97815,0.9898,152071,69882.35,0,NaN,NaN,NaN,NaN,NaN,NaN,650151
1667570400,0.98975,0.9998,0.9891,0.9997,114135,74523.8,0,NaN,NaN,NaN,NaN,NaN,NaN,643373
1667775600,0.99615,0.99855,0.9948,0.997,24146,68129.25,0,NaN,NaN,NaN,NaN,NaN,NaN,643373
1667804400,0.99705,1.00375,0.99545,1.0019,98975,68192.05,0,NaN,NaN,NaN,NaN,NaN,NaN,643373
1667833200,1.00195,1.00645,1.0011,1.0053,51263,69652.25,0,NaN,NaN,NaN,NaN,NaN,NaN,645700
1667862000,1.0049,1.0061,1.00245,1.00285,17736,65001.15,0,NaN,NaN,NaN,NaN,NaN,NaN,645700
1667890800,1.0029,1.00425,1.0001,1.004,73306,65668.25,0,NaN,NaN,NaN,NaN,NaN,NaN,645700
1667919600,1.004,1.0126,1.004,1.0103,91630,69445.35,0,NaN,NaN,NaN,NaN,NaN,NaN,642847
1667948400,1.0103,1.01155,1.00835,1.00855,18583,67019.9,0,NaN,NaN,NaN,NaN,NaN,NaN,642847
1667977200,1.0086,1.01125,1.00375,1.0045,81125,67075.3,0,NaN,NaN,NaN,NaN,NaN,NaN,642847
1668006000,1.00455,1.0114,1.002,1.004,85491,70521.15,0,NaN,NaN,NaN,NaN,NaN,NaN,641207
1668034800,1.00415,1.007,1.00355,1.00585,15202,67877.25,0,NaN,NaN,NaN,NaN,NaN,NaN,641207
1668063600,1.0058,1.01955,0.9962,1.0191,193893,73267.1,0,NaN,NaN,NaN,NaN,NaN,NaN,641207
1668092400,1.01915,1.0249,1.01555,1.02365,110253,78063.35,0,NaN,NaN,NaN,NaN,NaN,NaN,654112
1668121200,1.0227,1.02615,1.01895,1.0244,36760,77106.85,0,NaN,NaN,NaN,NaN,NaN,NaN,654112
1668150000,1.02445,1.03515,1.0238,1.0316,141544,76308.35,0,NaN,NaN,NaN,NaN,NaN,NaN,654112
1668178800,1.0314,1.03915,1.03015,1.039,86169,79554.15,0,NaN,NaN,NaN,NaN,NaN,NaN,662591
1668380400,1.03545,1.03765,1.0324,1.03515,35143,75775.45,0,NaN,NaN,NaN,NaN,NaN,NaN,662591
1668409200,1.03515,1.0377,1.0297,1.0339,114632,78007.85,0,NaN,NaN,NaN,NaN,NaN,NaN,662591
1668438000,1.03395,1.03855,1.03385,1.0354,66309,80418.3,0,NaN,NaN,NaN,NaN,NaN,NaN,660388
1668466800,1.03495,1.03695,1.03375,1.03655,19362,73782.85,0,NaN,NaN,NaN,NaN,NaN,NaN,660388
1668495600,1.0366,1.05085,1.03645,1.04255,178882,77020.2,0,NaN,NaN,NaN,NaN,NaN,NaN,660388
1668524400,1.0426,1.0434,1.03055,1.0374,154718,83548.8,0,NaN,NaN,NaN,NaN,NaN,NaN,660744
1668553200,1.0372,1.0412,1.0356,1.04035,41160,80658.05,0,NaN,NaN,NaN,NaN,NaN,NaN,660744
1668582000,1.04035,1.04635,1.03975,1.0413,113234,83756.6,0,NaN,NaN,NaN,NaN,NaN,NaN,660744
1668610800,1.04135,1.04375,1.03795,1.042,79450,86842.3,0,NaN,NaN,NaN,NaN,NaN,NaN,658504
1668639600,1.0419,1.0421,1.0382,1.041,17625,84058.25,0,NaN,NaN,NaN,NaN,NaN,NaN,658504
1668668400,1.041,1.0429,1.03275,1.03575,100362,84494.85,0,NaN,NaN,NaN,NaN,NaN,NaN,658504
1668697200,1.03575,1.03925,1.0341,1.03865,62326,86682,0,NaN,NaN,NaN,NaN,NaN,NaN,657535
1668726000,1.0388,1.04125,1.0379,1.0397,16516,83451.55,0,NaN,NaN,NaN,NaN,NaN,NaN,657535
1668754800,1.0397,1.0418,1.0351,1.03555,77847,83069.35,0,NaN,NaN,NaN,NaN,NaN,NaN,657535
1668783600,1.03565,1.0393,1.03355,1.0341,51265,84872.5,0,NaN,NaN,NaN,NaN,NaN,NaN,655175
1668985200,1.03495,1.03545,1.0278,1.028,26491,76502.4,0,NaN,NaN,NaN,NaN,NaN,NaN,655175
1669014000,1.02805,1.02945,1.02465,1.0277,66508,74315.15,0,NaN,NaN,NaN,NaN,NaN,NaN,655175
1669042800,1.0277,1.0284,1.02435,1.02615,50053,74979.8,0,NaN,NaN,NaN,NaN,NaN,NaN,663850
1669071600,1.02635,1.02875,1.02595,1.02665,15549,68680.05,0,NaN,NaN,NaN,NaN,NaN,NaN,663850
1669100400,1.0267,1.03105,1.02655,1.0285,69194,67831.3,0,NaN,NaN,NaN,NaN,NaN,NaN,663850
1669129200,1.0285,1.0328,1.02825,1.0323,38203,67984.3,0,NaN,NaN,NaN,NaN,NaN,NaN,657797
1669158000,1.0323,1.0355,1.03195,1.0351,15375,63021.45,0,NaN,NaN,NaN,NaN,NaN,NaN,657797
1669186800,1.03505,1.0395,1.0316,1.0395,83620,63887,0,NaN,NaN,NaN,NaN,NaN,NaN,657797
1669215600,1.0395,1.0425,1.0363,1.04135,72209,66529.35,0,NaN,NaN,NaN,NaN,NaN,NaN,657062
1669244400,1.0415,1.0466,1.0414,1.0448,19039,58537.2,0,NaN,NaN,NaN,NaN,NaN,NaN,657062
1669273200,1.04475,1.04575,1.03985,1.04395,59847,53793.65,0,NaN,NaN,NaN,NaN,NaN,NaN,657062
1669302000,1.04395,1.04405,1.0418,1.04295,19114,52691.35,0,NaN,NaN,NaN,NaN,NaN,NaN,657062
1669330800,1.0426,1.0446,1.0413,1.04365,11812,47620.25,0,NaN,NaN,NaN,NaN,NaN,NaN,657062
1669359600,1.0437,1.04455,1.0371,1.0398,74104,47352.95,0,NaN,NaN,NaN,NaN,NaN,NaN,657062
1669388400,1.03985,1.04285,1.0393,1.042,25194,47731.4,0,NaN,NaN,NaN,NaN,NaN,NaN,656370
1669590000,1.03955,1.0401,1.0357,1.03875,27957,44111.15,0,NaN,NaN,NaN,NaN,NaN,NaN,656370
1669618800,1.0388,1.05135,1.03835,1.0446,111590,46574.35,0,NaN,NaN,NaN,NaN,NaN,NaN,656370
1669647600,1.04465,1.045,1.0346,1.0354,74372,49467.15,0,NaN,NaN,NaN,NaN,NaN,NaN,658134
1669676400,1.03595,1.041,1.03495,1.03745,31409,47145.25,0,NaN,NaN,NaN,NaN,NaN,NaN,658134
1669705200,1.0375,1.04095,1.0339,1.03555,88940,49029,0,NaN,NaN,NaN,NaN,NaN,NaN,658134
1669734000,1.0356,1.03885,1.03345,1.03435,51615,50285.2,0,NaN,NaN,NaN,NaN,NaN,NaN,659236
1669762800,1.03455,1.0375,1.0333,1.03565,22906,48105.1,0,NaN,NaN,NaN,NaN,NaN,NaN,659236
1669791600,1.0356,1.04155,1.0353,1.03995,84567,49830.8,0,NaN,NaN,NaN,NaN,NaN,NaN,659236
1669820400,1.04,1.0443,1.03045,1.04195,149917,56549.2,0,NaN,NaN,NaN,NaN,NaN,NaN,658029
1669849200,1.0421,1.0469,1.0421,1.0468,26998,54439.4,0,NaN,NaN,NaN,NaN,NaN,NaN,658029
1669878000,1.04685,1.0542,1.04055,1.0537,128771,58967.8,0,NaN,NaN,NaN,NaN,NaN,NaN,658029
1669906800,1.0538,1.05485,1.0482,1.0539,90415,62719.8,0,NaN,NaN,NaN,NaN,NaN,NaN,668780
1669935600,1.0537,1.05525,1.0517,1.05395,18637,59470.65,0,NaN,NaN,NaN,NaN,NaN,NaN,668780
1669964400,1.05395,1.0557,1.04395,1.04825,140192,62869.8,0,NaN,NaN,NaN,NaN,NaN,NaN,668780
1669993200,1.0482,1.0555,1.0461,1.05525,78923,65864,0,NaN,NaN,NaN,NaN,NaN,NaN,661049
1670194800,1.0549,1.0596,1.05415,1.058,21655,63954.4,0,NaN,NaN,NaN,NaN,NaN,NaN,661049
1670223600,1.05805,1.0606,1.0529,1.05605,91536,67575.5,0,NaN,NaN,NaN,NaN,NaN,NaN,661049
1670252400,1.05605,1.05605,1.04915,1.05015,91277,71548.75,0,NaN,NaN,NaN,NaN,NaN,NaN,656425
1670281200,1.0507,1.05295,1.0486,1.0495,21772,68932.15,0,NaN,NaN,NaN,NaN,NaN,NaN,656425
1670310000,1.04945,1.05435,1.0487,1.0511,65495,70947.2,0,NaN,NaN,NaN,NaN,NaN,NaN,656425
1670338800,1.05115,1.0539,1.04695,1.04745,65640,72831.35,0,NaN,NaN,NaN,NaN,NaN,NaN,649672
1670367600,1.04735,1.04865,1.0457,1.04585,17626,68133.15,0,NaN,NaN,NaN,NaN,NaN,NaN,649672
1670396400,1.0458,1.056,1.04525,1.0527,99443,69386.7,0,NaN,NaN,NaN,NaN,NaN,NaN,649672
1670425200,1.05275,1.05395,1.04975,1.05135,66107,71121.6,0,NaN,NaN,NaN,NaN,NaN,NaN,632115
1670454000,1.0517,1.0526,1.0501,1.0521,15469,67448.05,0,NaN,NaN,NaN,NaN,NaN,NaN,632115
1670482800,1.05205,1.05485,1.04965,1.05465,77668,68750.7,0,NaN,NaN,NaN,NaN,NaN,NaN,632115
1670511600,1.0547,1.0573,1.05415,1.0562,58449,70527.85,0,NaN,NaN,NaN,NaN,NaN,NaN,623832
1670540400,1.05635,1.0594,1.05595,1.0583,17812,67190.1,0,NaN,NaN,NaN,NaN,NaN,NaN,623832
1670569200,1.05835,1.05955,1.05,1.0542,89357,64162.1,0,NaN,NaN,NaN,NaN,NaN,NaN,623832
1670598000,1.0543,1.0567,1.0526,1.05385,51339,65379.15,0,NaN,NaN,NaN,NaN,NaN,NaN,604257
1670799600,1.0543,1.0543,1.0512,1.05285,15089,59695.05,0,NaN,NaN,NaN,NaN,NaN,NaN,604257
1670828400,1.0529,1.0584,1.05205,1.0562,69631,58655.85,0,NaN,NaN,NaN,NaN,NaN,NaN,604257
1670857200,1.0562,1.05865,1.0517,1.05455,70452,61246.6,0,NaN,NaN,NaN,NaN,NaN,NaN,604257
1670886000,1.0544,1.056,1.0537,1.05525,13288,54901.4,0,NaN,NaN,NaN,NaN,NaN,NaN,604257
1670914800,1.05525,1.06795,1.0533,1.06515,141807,58045.6,0,NaN,NaN,NaN,NaN,NaN,NaN,604257
1670943600,1.0652,1.06645,1.06165,1.06375,67158,60320.75,0,NaN,NaN,NaN,NaN,NaN,NaN,479457
1670972400,1.0639,1.06455,1.0624,1.06415,16087,56548.3,0,NaN,NaN,NaN,NaN,NaN,NaN,479457
1671001200,1.0642,1.0676,1.0623,1.06475,70988,55533.85,0,NaN,NaN,NaN,NaN,NaN,NaN,479457
1671030000,1.0648,1.0701,1.062,1.0687,119342,60412.35,0,NaN,NaN,NaN,NaN,NaN,NaN,277128
1671058800,1.06845,1.0686,1.0648,1.06565,15984,57936.8,0,NaN,NaN,NaN,NaN,NaN,NaN,277128
1671087600,1.06565,1.07385,1.06075,1.0701,123062,60807.9,0,NaN,NaN,NaN,NaN,NaN,NaN,277128
1671116400,1.0701,1.0707,1.05945,1.0626,83113,64082.25,0,NaN,NaN,NaN,NaN,NaN,NaN,169478
1671145200,1.06955,1.07315,1.06945,1.07245,18148,60017.5,0,NaN,NaN,NaN,NaN,NaN,NaN,169478
1671174000,1.0724,1.07315,1.06785,1.0713,87837,61104,0,NaN,NaN,NaN,NaN,NaN,NaN,169478
1671202800,1.07135,1.0714,1.06515,1.0652,64172,63539.15,0,NaN,NaN,NaN,NaN,NaN,NaN,706447
1671404400,1.0658,1.07015,1.0649,1.0697,18938,60602.65,0,NaN,NaN,NaN,NaN,NaN,NaN,706447
1671433200,1.06965,1.0726,1.06645,1.06715,58701,60615.25,0,NaN,NaN,NaN,NaN,NaN,NaN,706447
1671462000,1.0672,1.06995,1.06435,1.0676,60001,62724.7,0,NaN,NaN,NaN,NaN,NaN,NaN,708696
1671490800,1.06755,1.0721,1.0646,1.06605,39581,60235.9,0,NaN,NaN,NaN,NaN,NaN,NaN,708696
1671519600,1.06605,1.0714,1.06585,1.0703,72939,61315.9,0,NaN,NaN,NaN,NaN,NaN,NaN,708696
1671548400,1.07035,1.07265,1.0667,1.06875,58556,63489.25,0,NaN,NaN,NaN,NaN,NaN,NaN,711750
1671577200,1.0688,1.0695,1.06735,1.0681,14397,60727.55,0,NaN,NaN,NaN,NaN,NaN,NaN,711750
1671606000,1.06805,1.0712,1.06675,1.06695,79635,61186.7,0,NaN,NaN,NaN,NaN,NaN,NaN,711750
1671634800,1.067,1.06995,1.0655,1.067,49042,62974.4,0,NaN,NaN,NaN,NaN,NaN,NaN,710678
1671663600,1.067,1.0714,1.0668,1.07075,26554,57211.75,0,NaN,NaN,NaN,NaN,NaN,NaN,710678
1671692400,1.07075,1.0723,1.0648,1.0671,90292,58368.45,0,NaN,NaN,NaN,NaN,NaN,NaN,710678
1671721200,1.0671,1.0674,1.0634,1.06595,49880,60058.1,0,NaN,NaN,NaN,NaN,NaN,NaN,711709
1671750000,1.0666,1.06745,1.0649,1.0668,12801,57148.75,0,NaN,NaN,NaN,NaN,NaN,NaN,711709
1671778800,1.0668,1.0695,1.06545,1.06715,72380,54800.65,0,NaN,NaN,NaN,NaN,NaN,NaN,711709
1671807600,1.06725,1.0695,1.06685,1.0676,36394,55821.15,0,NaN,NaN,NaN,NaN,NaN,NaN,712535
1672095600,1.0696,1.07275,1.06915,1.0726,28237,51079.9,0,NaN,NaN,NaN,NaN,NaN,NaN,712535
1672124400,1.07265,1.07315,1.0672,1.06865,62135,50031,0,NaN,NaN,NaN,NaN,NaN,NaN,712535
1672153200,1.06865,1.07215,1.06845,1.0699,39601,51103.65,0,NaN,NaN,NaN,NaN,NaN,NaN,714052
1672182000,1.06995,1.0712,1.06845,1.07055,14264,47425,0,NaN,NaN,NaN,NaN,NaN,NaN,714052
1672210800,1.07055,1.07335,1.06865,1.0717,65824,47507.6,0,NaN,NaN,NaN,NaN,NaN,NaN,714052
1672239600,1.0717,1.0721,1.0665,1.0671,53628,49242.1,0,NaN,NaN,NaN,NaN,NaN,NaN,708210
1672268400,1.0671,1.0691,1.0665,1.06675,14260,47020.05,0,NaN,NaN,NaN,NaN,NaN,NaN,708210
1672297200,1.06675,1.0725,1.06655,1.0699,65035,47271.75,0,NaN,NaN,NaN,NaN,NaN,NaN,708210
1672326000,1.06995,1.07455,1.06905,1.07145,45893,47587.35,0,NaN,NaN,NaN,NaN,NaN,NaN,711030
1672354800,1.0712,1.07235,1.0694,1.0698,15587,44719.75,0,NaN,NaN,NaN,NaN,NaN,NaN,711030
1672383600,1.0698,1.0755,1.06915,1.07425,81958,45889.85,0,NaN,NaN,NaN,NaN,NaN,NaN,711030
1672412400,1.07425,1.0767,1.0713,1.0753,57962,48068.1,0,NaN,NaN,NaN,NaN,NaN,NaN,707570
1672700400,1.0723,1.0736,1.07015,1.07035,29806,45576.65,0,NaN,NaN,NaN,NaN,NaN,NaN,707570
1672729200,1.0704,1.071,1.057,1.06245,149437,50596.4,0,NaN,NaN,NaN,NaN,NaN,NaN,707570
1672758000,1.0625,1.0633,1.05875,1.05965,66144,52575.9,0,NaN,NaN,NaN,NaN,NaN,NaN,697843
1672786800,1.06,1.06285,1.05905,1.062,19562,49039.4,0,NaN,NaN,NaN,NaN,NaN,NaN,697843
1672815600,1.06195,1.0686,1.0617,1.0675,106696,51880.2,0,NaN,NaN,NaN,NaN,NaN,NaN,697843
1672844400,1.06755,1.0676,1.06315,1.06535,78370,55158.65,0,NaN,NaN,NaN,NaN,NaN,NaN,702481
1672873200,1.0652,1.06795,1.06495,1.0651,19367,52508,0,NaN,NaN,NaN,NaN,NaN,NaN,702481
1672902000,1.06505,1.0677,1.05835,1.0587,98244,55600.5,0,NaN,NaN,NaN,NaN,NaN,NaN,702481
1672930800,1.05875,1.06155,1.0562,1.0568,85816,58479.45,0,NaN,NaN,NaN,NaN,NaN,NaN,699663
1672959600,1.05705,1.0584,1.05565,1.05595,17357,56240.55,0,NaN,NaN,NaN,NaN,NaN,NaN,699663
1672988400,1.05595,1.05925,1.0529,1.05565,102036,59362.3,0,NaN,NaN,NaN,NaN,NaN,NaN,699663
1673017200,1.05565,1.06965,1.05565,1.06925,110769,64187.55,0,NaN,NaN,NaN,NaN,NaN,NaN,720148
1673218800,1.069,1.0733,1.0689,1.07285,24927,62142.7,0,NaN,NaN,NaN,NaN,NaN,NaN,720148
1673247600,1.0729,1.0786,1.0707,1.0775,99954,64459,0,NaN,NaN,NaN,NaN,NaN,NaN,720148
1673276400,1.0776,1.0812,1.07755,1.07805,66676,67079.8,0,NaN,NaN,NaN,NaN,NaN,NaN,730785
1673305200,1.07815,1.079,1.0767,1.078,23246,64990.35,0,NaN,NaN,NaN,NaN,NaN,NaN,730785
1673334000,1.07805,1.0806,1.07585,1.0787,79404,66665.9,0,NaN,NaN,NaN,NaN,NaN,NaN,730785
1673362800,1.0787,1.07995,1.07675,1.07795,44085,68090.8,0,NaN,NaN,NaN,NaN,NaN,NaN,732188
1673391600,1.07795,1.0802,1.07715,1.0791,14856,64735.7,0,NaN,NaN,NaN,NaN,NaN,NaN,732188
1673420400,1.0791,1.0822,1.07705,1.0815,75801,65627.65,0,NaN,NaN,NaN,NaN,NaN,NaN,732188
1673449200,1.08155,1.08205,1.0779,1.0803,60046,67139.65,0,NaN,NaN,NaN,NaN,NaN,NaN,728994
1673478000,1.0803,1.0818,1.07995,1.08,14354,60385.5,0,NaN,NaN,NaN,NaN,NaN,NaN,728994
1673506800,1.07995,1.0892,1.0758,1.08105,184842,66320.4,0,NaN,NaN,NaN,NaN,NaN,NaN,728994
1673535600,1.08105,1.09115,1.0807,1.0895,78796,69282.1,0,NaN,NaN,NaN,NaN,NaN,NaN,738676
1673564400,1.0892,1.09105,1.08745,1.0888,20114,64953,0,NaN,NaN,NaN,NaN,NaN,NaN,738676
1673593200,1.0888,1.09075,1.08225,1.0861,97553,65912.15,0,NaN,NaN,NaN,NaN,NaN,NaN,738676
1673622000,1.08605,1.08805,1.0843,1.08765,52282,67557.9,0,NaN,NaN,NaN,NaN,NaN,NaN,737209
1673823600,1.0877,1.0916,1.08615,1.0881,22845,63787.95,0,NaN,NaN,NaN,NaN,NaN,NaN,737209
1673852400,1.08805,1.08835,1.0843,1.08635,46068,61800.55,0,NaN,NaN,NaN,NaN,NaN,NaN,737209
1673881200,1.08635,1.08705,1.08525,1.08625,12890,61577.2,0,NaN,NaN,NaN,NaN,NaN,NaN,737209
1673910000,1.0862,1.0876,1.0847,1.08555,19458,57448.3,0,NaN,NaN,NaN,NaN,NaN,NaN,737209
1673938800,1.0856,1.0911,1.08495,1.09035,85972,56208.45,0,NaN,NaN,NaN,NaN,NaN,NaN,737209
1673967600,1.0904,1.0905,1.08145,1.0827,93574,59640.8,0,NaN,NaN,NaN,NaN,NaN,NaN,740473
1673996400,1.0828,1.0839,1.08055,1.083,32285,56257.35,0,NaN,NaN,NaN,NaN,NaN,NaN,740473
1674025200,1.0829,1.09275,1.0829,1.0903,143804,60113.75,0,NaN,NaN,NaN,NaN,NaN,NaN,740473
1674054000,1.0904,1.0909,1.0827,1.08345,67625,62332.7,0,NaN,NaN,NaN,NaN,NaN,NaN,746134
1674082800,1.08305,1.08425,1.0819,1.08285,18864,59305.7,0,NaN,NaN,NaN,NaN,NaN,NaN,746134
1674111600,1.0829,1.08755,1.08195,1.08475,93404,61771.65,0,NaN,NaN,NaN,NaN,NaN,NaN,746134
1674140400,1.0848,1.08775,1.08205,1.0867,57875,63922.6,0,NaN,NaN,NaN,NaN,NaN,NaN,754246
1674169200,1.0867,1.08815,1.0861,1.08615,10959,60680.5,0,NaN,NaN,NaN,NaN,NaN,NaN,754246
1674198000,1.0861,1.08955,1.08385,1.0859,73958,61376.1,0,NaN,NaN,NaN,NaN,NaN,NaN,754246
1674226800,1.08595,1.08955,1.0855,1.08935,55736,63445.2,0,NaN,NaN,NaN,NaN,NaN,NaN,756486
1674428400,1.09005,1.09485,1.0897,1.0937,31726,55789.4,0,NaN,NaN,NaN,NaN,NaN,NaN,756486
1674457200,1.0937,1.09625,1.0882,1.0897,91289,56414.05,0,NaN,NaN,NaN,NaN,NaN,NaN,756486
1674486000,1.0898,1.09115,1.08825,1.0908,48916,57854.15,0,NaN,NaN,NaN,NaN,NaN,NaN,761738
1674514800,1.09055,1.09265,1.09025,1.09225,12852,53619.1,0,NaN,NaN,NaN,NaN,NaN,NaN,761738
1674543600,1.09225,1.0933,1.08755,1.0877,80456,55027.8,0,NaN,NaN,NaN,NaN,NaN,NaN,761738
1674572400,1.08775,1.0924,1.087,1.09225,57043,56737.7,0,NaN,NaN,NaN,NaN,NaN,NaN,763070
1674601200,1.09195,1.09455,1.09155,1.094,17036,55286.1,0,NaN,NaN,NaN,NaN,NaN,NaN,763070
1674630000,1.09405,1.0945,1.08915,1.0928,75943,58438.75,0,NaN,NaN,NaN,NaN,NaN,NaN,763070
1674658800,1.0928,1.0958,1.0908,1.09485,66457,60788.7,0,NaN,NaN,NaN,NaN,NaN,NaN,767565
1674687600,1.0948,1.09615,1.0939,1.0952,16105,57295.35,0,NaN,NaN,NaN,NaN,NaN,NaN,767565
1674716400,1.0952,1.096,1.09045,1.0919,88612,57047.25,0,NaN,NaN,NaN,NaN,NaN,NaN,767565
1674745200,1.09195,1.0927,1.08815,1.0923,64605,58663.25,0,NaN,NaN,NaN,NaN,NaN,NaN,768116
1674774000,1.0924,1.09315,1.0897,1.0901,17936,52369.85,0,NaN,NaN,NaN,NaN,NaN,NaN,768116
1674802800,1.09005,1.0926,1.0876,1.08975,82964,53136.8,0,NaN,NaN,NaN,NaN,NaN,NaN,768116
1674831600,1.08975,1.09105,1.08685,1.0899,60990,55243.1,0,NaN,NaN,NaN,NaN,NaN,NaN,774035
1675033200,1.0898,1.09095,1.08885,1.08915,18435,51494.65,0,NaN,NaN,NaN,NaN,NaN,NaN,774035
1675062000,1.08915,1.09445,1.0883,1.0922,85988,52900.3,0,NaN,NaN,NaN,NaN,NaN,NaN,774035
1675090800,1.0922,1.093,1.0869,1.08805,56966,55200.65,0,NaN,NaN,NaN,NaN,NaN,NaN,783978
1675119600,1.08815,1.08895,1.0861,1.08685,15823,52293.9,0,NaN,NaN,NaN,NaN,NaN,NaN,783978
1675148400,1.0868,1.0894,1.08305,1.0877,104795,54746.85,0,NaN,NaN,NaN,NaN,NaN,NaN,783978
1675177200,1.08775,1.09045,1.08625,1.08905,65137,56417.4,0,NaN,NaN,NaN,NaN,NaN,NaN,781684
1675206000,1.08915,1.0905,1.088,1.08975,12479,52476.9,0,NaN,NaN,NaN,NaN,NaN,NaN,781684
1675234800,1.0898,1.0939,1.08945,1.09325,77640,53913.1,0,NaN,NaN,NaN,NaN,NaN,NaN,781684
1675263600,1.0933,1.10395,1.0916,1.1016,156208,61080.9,0,NaN,NaN,NaN,NaN,NaN,NaN,787312
1675292400,1.1018,1.1059,1.1015,1.1031,30259,58571.05,0,NaN,NaN,NaN,NaN,NaN,NaN,787312
1675321200,1.10315,1.1041,1.093,1.0931,191071,65272.45,0,NaN,NaN,NaN,NaN,NaN,NaN,787312
1675350000,1.09315,1.0974,1.0911,1.0936,89168,68879.05,0,NaN,NaN,NaN,NaN,NaN,NaN,776457
1675378800,1.09345,1.09365,1.09115,1.09225,15786,65871.2,0,NaN,NaN,NaN,NaN,NaN,NaN,776457
1675407600,1.09225,1.09645,1.08505,1.0887,151334,70115.05,0,NaN,NaN,NaN,NaN,NaN,NaN,776457
1675436400,1.0887,1.0904,1.08165,1.08185,112131,74916.35,0,NaN,NaN,NaN,NaN,NaN,NaN,768097
1675638000,1.08215,1.0822,1.08045,1.08105,26388,71805.15,0,NaN,NaN,NaN,NaN,NaN,NaN,768097
1675666800,1.081,1.0819,1.07625,1.0768,80252,72587.5,0,NaN,NaN,NaN,NaN,NaN,NaN,768097
1675695600,1.0768,1.0771,1.07325,1.0747,65742,74977.8,0,NaN,NaN,NaN,NaN,NaN,NaN,769175
1675724400,1.0748,1.0766,1.0746,1.0761,18773,71768.25,0,NaN,NaN,NaN,NaN,NaN,NaN,769175
1675753200,1.0761,1.0762,1.07015,1.07045,92472,73342.35,0,NaN,NaN,NaN,NaN,NaN,NaN,769175
1675782000,1.0705,1.07895,1.06915,1.075,124386,78639.9,0,NaN,NaN,NaN,NaN,NaN,NaN,765467
1675810800,1.075,1.0761,1.07445,1.0749,14426,75061.8,0,NaN,NaN,NaN,NaN,NaN,NaN,765467
1675839600,1.07485,1.07825,1.07395,1.0747,76784,76052.7,0,NaN,NaN,NaN,NaN,NaN,NaN,765467
1675868400,1.0747,1.0762,1.0731,1.07345,54684,77995.75,0,NaN,NaN,NaN,NaN,NaN,NaN,766269
1675897200,1.07335,1.07645,1.07285,1.076,17573,73634.65,0,NaN,NaN,NaN,NaN,NaN,NaN,766269
1675926000,1.07595,1.0811,1.0744,1.08,87477,74751.65,0,NaN,NaN,NaN,NaN,NaN,NaN,766269
1675954800,1.08005,1.081,1.07515,1.0759,64044,77329.9,0,NaN,NaN,NaN,NaN,NaN,NaN,766229
1675983600,1.07595,1.07615,1.07365,1.0742,14212,74158.5,0,NaN,NaN,NaN,NaN,NaN,NaN,766229
1676012400,1.07425,1.0772,1.07,1.0717,105252,71610.7,0,NaN,NaN,NaN,NaN,NaN,NaN,766229
1676041200,1.07175,1.07265,1.0685,1.0696,57777,72986.6,0,NaN,NaN,NaN,NaN,NaN,NaN,763770
1676242800,1.0698,1.0699,1.0674,1.06925,17094,64287.75,0,NaN,NaN,NaN,NaN,NaN,NaN,763770
1676271600,1.0692,1.07255,1.06815,1.07235,75259,63592.3,0,NaN,NaN,NaN,NaN,NaN,NaN,763770
1676300400,1.07235,1.07485,1.07205,1.0743,47512,65178.6,0,NaN,NaN,NaN,NaN,NaN,NaN,764491
1676329200,1.07425,1.0761,1.0739,1.07565,15211,58372.45,0,NaN,NaN,NaN,NaN,NaN,NaN,764491
1676358000,1.0757,1.08245,1.0726,1.077,166736,61102.7,0,NaN,NaN,NaN,NaN,NaN,NaN,764491
1676386800,1.07705,1.079,1.07245,1.07545,85750,64070.8,0,NaN,NaN,NaN,NaN,NaN,NaN,771271
1676415600,1.07515,1.0762,1.07205,1.07245,17864,60951.4,0,NaN,NaN,NaN,NaN,NaN,NaN,771271
1676444400,1.0724,1.075,1.06825,1.06855,106603,62994.45,0,NaN,NaN,NaN,NaN,NaN,NaN,771271
1676473200,1.06865,1.07085,1.06775,1.0704,58529,64982.25,0,NaN,NaN,NaN,NaN,NaN,NaN,768385
1676502000,1.0703,1.0729,1.06985,1.0714,18645,61290.9,0,NaN,NaN,NaN,NaN,NaN,NaN,768385
1676530800,1.07145,1.07365,1.067,1.0677,96325,59887.85,0,NaN,NaN,NaN,NaN,NaN,NaN,768385
1676559600,1.06775,1.0712,1.06675,1.0687,68934,62613.25,0,NaN,NaN,NaN,NaN,NaN,NaN,768298
1676588400,1.0686,1.0687,1.0645,1.0649,25331,60040.6,0,NaN,NaN,NaN,NaN,NaN,NaN,768298
1676617200,1.06485,1.06755,1.06265,1.0655,91152,61864,0,NaN,NaN,NaN,NaN,NaN,NaN,768298
1676646000,1.0655,1.0713,1.0655,1.07065,68287,64399.7,0,NaN,NaN,NaN,NaN,NaN,NaN,773346
1676847600,1.0706,1.07095,1.0687,1.07045,14195,60735.6,0,NaN,NaN,NaN,NaN,NaN,NaN,773346
1676876400,1.07045,1.07185,1.0684,1.0702,37461,59406.45,0,NaN,NaN,NaN,NaN,NaN,NaN,773346
1676905200,1.0702,1.07075,1.0696,1.0699,12073,59299.5,0,NaN,NaN,NaN,NaN,NaN,NaN,773346
1676934000,1.06975,1.0702,1.06755,1.06845,15163,54795.05,0,NaN,NaN,NaN,NaN,NaN,NaN,773346
1676962800,1.06845,1.07015,1.0656,1.06615,99187,56865.55,0,NaN,NaN,NaN,NaN,NaN,NaN,773346
1676991600,1.0662,1.07115,1.06505,1.066,67572,59389.45,0,NaN,NaN,NaN,NaN,NaN,NaN,770591
1677020400,1.0665,1.0676,1.066,1.0669,13591,56306.05,0,NaN,NaN,NaN,NaN,NaN,NaN,770591
1677049200,1.06685,1.06755,1.0636,1.0662,78507,57855.8,0,NaN,NaN,NaN,NaN,NaN,NaN,770591
1677078000,1.06625,1.067,1.0611,1.0618,69976,60594.05,0,NaN,NaN,NaN,NaN,NaN,NaN,771711
1677106800,1.06165,1.0638,1.0613,1.06325,14061,52960.3,0,NaN,NaN,NaN,NaN,NaN,NaN,771711
1677135600,1.06325,1.06345,1.0596,1.06175,89012,53123.4,0,NaN,NaN,NaN,NaN,NaN,NaN,771711
1677164400,1.06175,1.0619,1.0587,1.06045,57738,55117.1,0,NaN,NaN,NaN,NaN,NaN,NaN,770156
1677193200,1.06055,1.0624,1.06035,1.06085,16174,50595.65,0,NaN,NaN,NaN,NaN,NaN,NaN,770156
1677222000,1.0608,1.0608,1.05455,1.05575,109561,53147.25,0,NaN,NaN,NaN,NaN,NaN,NaN,770156
1677250800,1.05575,1.05695,1.05495,1.0555,71370,55783.5,0,NaN,NaN,NaN,NaN,NaN,NaN,770747
1677452400,1.05535,1.0569,1.0542,1.0547,19729,51953.7,0,NaN,NaN,NaN,NaN,NaN,NaN,770747
1677481200,1.0547,1.0603,1.05445,1.0599,87660,52890,0,NaN,NaN,NaN,NaN,NaN,NaN,770747
1677510000,1.05995,1.06295,1.05885,1.0619,65726,54909.75,0,NaN,NaN,NaN,NaN,NaN,NaN,770384
1677538800,1.0617,1.06245,1.05905,1.0596,20032,51353.75,0,NaN,NaN,NaN,NaN,NaN,NaN,770384
1677567600,1.0596,1.06495,1.05905,1.0643,84567,52167.75,0,NaN,NaN,NaN,NaN,NaN,NaN,770384
1677596400,1.06435,1.0654,1.0583,1.0585,87181,55817.05,0,NaN,NaN,NaN,NaN,NaN,NaN,772717
1677625200,1.0589,1.06225,1.05735,1.06145,20575,54972.75,0,NaN,NaN,NaN,NaN,NaN,NaN,772717
1677654000,1.0615,1.06995,1.0612,1.0674,111700,59954.1,0,NaN,NaN,NaN,NaN,NaN,NaN,772717
1677682800,1.0675,1.0688,1.06505,1.0679,80404,63216.15,0,NaN,NaN,NaN,NaN,NaN,NaN,773449
1677711600,1.06775,1.0679,1.0641,1.06455,19955,59254.55,0,NaN,NaN,NaN,NaN,NaN,NaN,773449
1677740400,1.06455,1.0651,1.0587,1.06055,95827,60667.3,0,NaN,NaN,NaN,NaN,NaN,NaN,773449
1677769200,1.06055,1.06205,1.0582,1.06025,60509,63013.2,0,NaN,NaN,NaN,NaN,NaN,NaN,765622
1677798000,1.06025,1.0628,1.0602,1.0626,14591,59817.4,0,NaN,NaN,NaN,NaN,NaN,NaN,765622
1677826800,1.06265,1.0635,1.06055,1.06195,69957,59816.45,0,NaN,NaN,NaN,NaN,NaN,NaN,765622
1677855600,1.06185,1.0644,1.05935,1.0641,65992,62413,0,NaN,NaN,NaN,NaN,NaN,NaN,753910
1678057200,1.06345,1.06565,1.06285,1.06475,17956,58860.2,0,NaN,NaN,NaN,NaN,NaN,NaN,753910
1678086000,1.0648,1.06785,1.06265,1.06735,82380,60092.3,0,NaN,NaN,NaN,NaN,NaN,NaN,753910
1678114800,1.0674,1.0699,1.0666,1.06875,50922,61829.7,0,NaN,NaN,NaN,NaN,NaN,NaN,724119
1678143600,1.06855,1.0697,1.068,1.068,14366,57069.95,0,NaN,NaN,NaN,NaN,NaN,NaN,724119
1678172400,1.06805,1.06985,1.0644,1.0652,73940,57198.45,0,NaN,NaN,NaN,NaN,NaN,NaN,724119
1678201200,1.06525,1.06525,1.05495,1.05535,116081,62016.05,0,NaN,NaN,NaN,NaN,NaN,NaN,651957
1678230000,1.0553,1.0556,1.05275,1.0543,20978,58681.95,0,NaN,NaN,NaN,NaN,NaN,NaN,651957
1678258800,1.05425,1.0565,1.05365,1.0559,81836,59487.45,0,NaN,NaN,NaN,NaN,NaN,NaN,651957
1678287600,1.05595,1.05775,1.0532,1.05485,81738,62572.75,0,NaN,NaN,NaN,NaN,NaN,NaN,353520
1678316400,1.0548,1.05565,1.05395,1.05525,9114,58800.1,0,NaN,NaN,NaN,NaN,NaN,NaN,353520
1678345200,1.0552,1.05875,1.05495,1.05765,73109,58096.5,0,NaN,NaN,NaN,NaN,NaN,NaN,353520
1678374000,1.05765,1.05925,1.0565,1.0585,51053,59620.4,0,NaN,NaN,NaN,NaN,NaN,NaN,172206
1678402800,1.06475,1.06645,1.0642,1.065,24516,55261.2,0,NaN,NaN,NaN,NaN,NaN,NaN,172206
1678431600,1.065,1.0741,1.064,1.07335,172951,59888.55,0,NaN,NaN,NaN,NaN,NaN,NaN,172206
1678460400,1.0734,1.07705,1.0703,1.0709,107793,64280.45,0,NaN,NaN,NaN,NaN,NaN,NaN,732330
1678658400,1.0744,1.07985,1.0727,1.0783,49964,61987.3,0,NaN,NaN,NaN,NaN,NaN,NaN,732330
1678687200,1.07825,1.07995,1.07135,1.07665,187714,68347.55,0,NaN,NaN,NaN,NaN,NaN,NaN,732330
1678716000,1.0767,1.08165,1.0765,1.07995,98679,72551.95,0,NaN,NaN,NaN,NaN,NaN,NaN,734435
1678744800,1.07995,1.08,1.0766,1.07765,19490,70028.6,0,NaN,NaN,NaN,NaN,NaN,NaN,734435
1678773600,1.07765,1.0815,1.07405,1.0771,152943,74376.15,0,NaN,NaN,NaN,NaN,NaN,NaN,734435
1678802400,1.07715,1.08125,1.07685,1.0797,69759,76966.3,0,NaN,NaN,NaN,NaN,NaN,NaN,734401
1678831200,1.0797,1.08225,1.07895,1.08005,16274,73661,0,NaN,NaN,NaN,NaN,NaN,NaN,734401
1678860000,1.08,1.08065,1.05855,1.061,208830,81556.4,0,NaN,NaN,NaN,NaN,NaN,NaN,734401
1678888800,1.06095,1.06585,1.05805,1.0641,135607,87618.45,0,NaN,NaN,NaN,NaN,NaN,NaN,729607
1678917600,1.0641,1.06755,1.06345,1.0667,27689,85305.9,0,NaN,NaN,NaN,NaN,NaN,NaN,729607
1678946400,1.0667,1.06955,1.06125,1.0668,154727,87238.2,0,NaN,NaN,NaN,NaN,NaN,NaN,729607
1678975200,1.0668,1.0689,1.0634,1.06705,104580,91418.3,0,NaN,NaN,NaN,NaN,NaN,NaN,720460
1679004000,1.0669,1.07075,1.06685,1.0706,16180,88135.5,0,NaN,NaN,NaN,NaN,NaN,NaN,720460
1679032800,1.07055,1.0728,1.06705,1.06845,94414,88769.3,0,NaN,NaN,NaN,NaN,NaN,NaN,720460
1679061600,1.0685,1.0744,1.0683,1.07245,84099,92518.55,0,NaN,NaN,NaN,NaN,NaN,NaN,719903
1679263200,1.0734,1.07485,1.07215,1.0736,21423,89934.25,0,NaN,NaN,NaN,NaN,NaN,NaN,719903
1679292000,1.07355,1.07905,1.06905,1.0783,107935,92778.35,0,NaN,NaN,NaN,NaN,NaN,NaN,719903
1679320800,1.0783,1.079,1.0766,1.07825,56485,94376.8,0,NaN,NaN,NaN,NaN,NaN,NaN,721854
1679349600,1.0782,1.0784,1.0767,1.07735,12486,86353.55,0,NaN,NaN,NaN,NaN,NaN,NaN,721854
1679378400,1.07735,1.08445,1.07615,1.0833,94057,85666.75,0,NaN,NaN,NaN,NaN,NaN,NaN,721854
1679407200,1.08335,1.0838,1.0812,1.0825,62541,86295.6,0,NaN,NaN,NaN,NaN,NaN,NaN,725471
1679436000,1.0826,1.0832,1.08205,1.08275,10286,77424.2,0,NaN,NaN,NaN,NaN,NaN,NaN,725471
1679464800,1.0827,1.08555,1.0814,1.0836,76849,76332.7,0,NaN,NaN,NaN,NaN,NaN,NaN,725471
1679493600,1.0836,1.0968,1.08305,1.091,116371,81176.75,0,NaN,NaN,NaN,NaN,NaN,NaN,725033
1679522400,1.09165,1.0965,1.09105,1.09585,21475,74603.35,0,NaN,NaN,NaN,NaN,NaN,NaN,725033
1679551200,1.09585,1.09835,1.09205,1.09405,114524,76841.6,0,NaN,NaN,NaN,NaN,NaN,NaN,725033
1679580000,1.0941,1.09615,1.08775,1.08855,101546,81105.2,0,NaN,NaN,NaN,NaN,NaN,NaN,739451
1679608800,1.0884,1.08915,1.08705,1.08865,14505,71388.95,0,NaN,NaN,NaN,NaN,NaN,NaN,739451
1679637600,1.0887,1.08885,1.0768,1.0811,161063,72661.75,0,NaN,NaN,NaN,NaN,NaN,NaN,739451
1679666400,1.0811,1.08215,1.0795,1.0814,59756,74265.1,0,NaN,NaN,NaN,NaN,NaN,NaN,722516
1679868000,1.08165,1.08415,1.0811,1.0819,15147,67286.1,0,NaN,NaN,NaN,NaN,NaN,NaN,722516
1679896800,1.0818,1.0848,1.07975,1.08365,73090,65711.6,0,NaN,NaN,NaN,NaN,NaN,NaN,722516
1679925600,1.0837,1.0853,1.0828,1.0851,35796,66692.4,0,NaN,NaN,NaN,NaN,NaN,NaN,720022
1679954400,1.0851,1.0871,1.08495,1.0862,14411,62692.25,0,NaN,NaN,NaN,NaN,NaN,NaN,720022
1679983200,1.0862,1.08995,1.08595,1.0877,70366,62005.6,0,NaN,NaN,NaN,NaN,NaN,NaN,720022
1680012000,1.0877,1.09005,1.08685,1.0897,45995,63234.2,0,NaN,NaN,NaN,NaN,NaN,NaN,720230
1680040800,1.08955,1.09015,1.0883,1.0884,14506,58562.75,0,NaN,NaN,NaN,NaN,NaN,NaN,720230
1680069600,1.08845,1.0923,1.087,1.0899,77518,59614.4,0,NaN,NaN,NaN,NaN,NaN,NaN,720230
1680098400,1.0899,1.0905,1.0875,1.08965,54564,61718.3,0,NaN,NaN,NaN,NaN,NaN,NaN,724881
1680127200,1.08935,1.08985,1.0876,1.08915,13814,57706.15,0,NaN,NaN,NaN,NaN,NaN,NaN,724881
1680156000,1.08905,1.0976,1.0873,1.09665,94001,59279.15,0,NaN,NaN,NaN,NaN,NaN,NaN,724881
1680184800,1.0967,1.0971,1.09415,1.0955,50177,61273.7,0,NaN,NaN,NaN,NaN,NaN,NaN,728430
1680213600,1.0955,1.09745,1.0944,1.09445,16640,58263.25,0,NaN,NaN,NaN,NaN,NaN,NaN,728430
1680242400,1.0945,1.09595,1.0913,1.0939,96079,57248.65,0,NaN,NaN,NaN,NaN,NaN,NaN,728430
1680271200,1.094,1.095,1.0885,1.089,81169,60233.35,0,NaN,NaN,NaN,NaN,NaN,NaN,731675
1680472800,1.08875,1.0893,1.08355,1.08425,25076,55760.95,0,NaN,NaN,NaN,NaN,NaN,NaN,731675
1680501600,1.0842,1.09445,1.0838,1.0933,89317,55149.5,0,NaN,NaN,NaN,NaN,NaN,NaN,731675
1680530400,1.09335,1.0964,1.09255,1.09515,63854,57616.95,0,NaN,NaN,NaN,NaN,NaN,NaN,726786
1680559200,1.09505,1.09565,1.09295,1.09325,15839,50355.75,0,NaN,NaN,NaN,NaN,NaN,NaN,726786
1680588000,1.09325,1.0985,1.0932,1.09505,83259,51530.9,0,NaN,NaN,NaN,NaN,NaN,NaN,726786
1680616800,1.09515,1.10195,1.0951,1.1001,79375,54742.3,0,NaN,NaN,NaN,NaN,NaN,NaN,734488
1680645600,1.0998,1.10125,1.0995,1.10005,16361,51905.85,0,NaN,NaN,NaN,NaN,NaN,NaN,734488
1680674400,1.10015,1.10105,1.09785,1.09835,82094,54220.75,0,NaN,NaN,NaN,NaN,NaN,NaN,734488
1680703200,1.0985,1.101,1.09345,1.0951,68641,56932.25,0,NaN,NaN,NaN,NaN,NaN,NaN,735653
1680732000,1.0952,1.09535,1.09285,1.0938,13380,54082.95,0,NaN,NaN,NaN,NaN,NaN,NaN,735653
1680760800,1.09375,1.09645,1.0929,1.09395,63961,54981.25,0,NaN,NaN,NaN,NaN,NaN,NaN,735653
1680789600,1.094,1.0981,1.09355,1.09645,41846,56348.25,0,NaN,NaN,NaN,NaN,NaN,NaN,737563
1680818400,1.09635,1.0968,1.0958,1.0961,5065,52725.6,0,NaN,NaN,NaN,NaN,NaN,NaN,737563
1680847200,1.09605,1.0966,1.092,1.09425,23195,51157.15,0,NaN,NaN,NaN,NaN,NaN,NaN,737563
1680876000,1.09425,1.09595,1.09425,1.095,2807,50606.8,0,NaN,NaN,NaN,NaN,NaN,NaN,736586
1681077600,1.09515,1.09585,1.0935,1.09435,9157,46364.6,0,NaN,NaN,NaN,NaN,NaN,NaN,736586
1681106400,1.09435,1.09605,1.08815,1.0882,50335,46372.5,0,NaN,NaN,NaN,NaN,NaN,NaN,736586
1681135200,1.08815,1.0907,1.08745,1.09045,29842,47032.6,0,NaN,NaN,NaN,NaN,NaN,NaN,741838
1681164000,1.09075,1.09375,1.0903,1.0937,14749,42966.1,0,NaN,NaN,NaN,NaN,NaN,NaN,741838
1681192800,1.09365,1.09695,1.09235,1.0964,73210,42568.15,0,NaN,NaN,NaN,NaN,NaN,NaN,741838
1681221600,1.09645,1.0971,1.0939,1.09565,36128,43120.75,0,NaN,NaN,NaN,NaN,NaN,NaN,747073
1681250400,1.0956,1.0978,1.0954,1.0977,10250,39167.4,0,NaN,NaN,NaN,NaN,NaN,NaN,747073
1681279200,1.09775,1.1033,1.0958,1.1017,102090,41079.2,0,NaN,NaN,NaN,NaN,NaN,NaN,747073
1681308000,1.10175,1.10425,1.10125,1.10335,67803,43677.4,0,NaN,NaN,NaN,NaN,NaN,NaN,754079
1681336800,1.10325,1.1045,1.1023,1.1024,17491,40389,0,NaN,NaN,NaN,NaN,NaN,NaN,754079
1681365600,1.10245,1.11075,1.10165,1.11045,106968,41768.65,0,NaN,NaN,NaN,NaN,NaN,NaN,754079
1681394400,1.11045,1.11055,1.1084,1.10865,49086,43404.9,0,NaN,NaN,NaN,NaN,NaN,NaN,761295
1681423200,1.10865,1.11145,1.10865,1.1113,16684,40134.4,0,NaN,NaN,NaN,NaN,NaN,NaN,761295
1681452000,1.11135,1.11145,1.1058,1.1069,100544,41729.55,0,NaN,NaN,NaN,NaN,NaN,NaN,761295
1681480800,1.107,1.107,1.1012,1.10325,71385,44629.8,0,NaN,NaN,NaN,NaN,NaN,NaN,755570
1681682400,1.10355,1.10375,1.1,1.1027,21516,42507.55,0,NaN,NaN,NaN,NaN,NaN,NaN,755570
1681711200,1.1027,1.1038,1.0968,1.09705,77553,44292.9,0,NaN,NaN,NaN,NaN,NaN,NaN,755570
1681740000,1.0971,1.09745,1.0947,1.09665,60363,47057.8,0,NaN,NaN,NaN,NaN,NaN,NaN,757426
1681768800,1.0964,1.09815,1.09595,1.09805,13035,46549.8,0,NaN,NaN,NaN,NaN,NaN,NaN,757426
1681797600,1.09805,1.10215,1.0973,1.09965,82120,50515.45,0,NaN,NaN,NaN,NaN,NaN,NaN,757426
1681826400,1.09965,1.10135,1.09915,1.1011,37626,51938.9,0,NaN,NaN,NaN,NaN,NaN,NaN,753315
1681855200,1.1012,1.10215,1.0998,1.09985,11919,50018.1,0,NaN,NaN,NaN,NaN,NaN,NaN,753315
1681884000,1.09995,1.101,1.0954,1.09975,98127,53432.35,0,NaN,NaN,NaN,NaN,NaN,NaN,753315
1681912800,1.0998,1.1017,1.09885,1.0994,46491,55019.45,0,NaN,NaN,NaN,NaN,NaN,NaN,755175
1681941600,1.0994,1.09995,1.09825,1.0997,10385,51878.2,0,NaN,NaN,NaN,NaN,NaN,NaN,755175
1681970400,1.0997,1.10205,1.09685,1.10085,91735,54658.55,0,NaN,NaN,NaN,NaN,NaN,NaN,755175
1681999200,1.1009,1.10255,1.09915,1.1006,43480,56320.05,0,NaN,NaN,NaN,NaN,NaN,NaN,755652
1682028000,1.1003,1.1008,1.09895,1.0995,9649,51698,0,NaN,NaN,NaN,NaN,NaN,NaN,755652
1682056800,1.09945,1.1029,1.09725,1.09905,92856,52950.65,0,NaN,NaN,NaN,NaN,NaN,NaN,755652
1682085600,1.0991,1.1028,1.09775,1.1025,54861,54819.15,0,NaN,NaN,NaN,NaN,NaN,NaN,757676
1682287200,1.1024,1.10305,1.10065,1.10125,12976,50119.55,0,NaN,NaN,NaN,NaN,NaN,NaN,757676
1682316000,1.10125,1.10665,1.10005,1.10585,90830,52206.75,0,NaN,NaN,NaN,NaN,NaN,NaN,757676
1682344800,1.1059,1.1085,1.1055,1.10815,47241,53734.6,0,NaN,NaN,NaN,NaN,NaN,NaN,763300
1682373600,1.1081,1.11025,1.1079,1.1083,17971,49605.95,0,NaN,NaN,NaN,NaN,NaN,NaN,763300
1682402400,1.1083,1.1091,1.10285,1.10335,88637,50468.55,0,NaN,NaN,NaN,NaN,NaN,NaN,763300
1682431200,1.10335,1.10375,1.0998,1.1008,78061,53295.8,0,NaN,NaN,NaN,NaN,NaN,NaN,759641
1682460000,1.101,1.1024,1.1002,1.1022,20590,50447.65,0,NaN,NaN,NaN,NaN,NaN,NaN,759641
1682488800,1.10215,1.1129,1.1018,1.1119,164362,55647.6,0,NaN,NaN,NaN,NaN,NaN,NaN,759641
1682517600,1.11195,1.11205,1.1066,1.10735,84762,59233.95,0,NaN,NaN,NaN,NaN,NaN,NaN,765393
1682546400,1.1076,1.10945,1.1066,1.1091,13456,55800.75,0,NaN,NaN,NaN,NaN,NaN,NaN,765393
1682575200,1.109,1.10925,1.1023,1.10415,119620,59900.45,0,NaN,NaN,NaN,NaN,NaN,NaN,765393
1682604000,1.10415,1.1061,1.1036,1.10595,53086,61958.8,0,NaN,NaN,NaN,NaN,NaN,NaN,760717
1682632800,1.10585,1.10695,1.10365,1.10425,21758,58140.35,0,NaN,NaN,NaN,NaN,NaN,NaN,760717
1682661600,1.10425,1.1067,1.0993,1.10315,130513,62341.45,0,NaN,NaN,NaN,NaN,NaN,NaN,760717
1682690400,1.1032,1.1076,1.10215,1.10485,87626,66203.5,0,NaN,NaN,NaN,NaN,NaN,NaN,760775
1682892000,1.1049,1.1057,1.10315,1.10365,14097,62321.6,0,NaN,NaN,NaN,NaN,NaN,NaN,760775
1682920800,1.10365,1.10665,1.10195,1.10495,42401,62267.65,0,NaN,NaN,NaN,NaN,NaN,NaN,760775
1682949600,1.10495,1.10495,1.0995,1.1007,59644,64767.4,0,NaN,NaN,NaN,NaN,NaN,NaN,760296
1682978400,1.1001,1.1025,1.09975,1.10135,18750,61062.1,0,NaN,NaN,NaN,NaN,NaN,NaN,760296
1683007200,1.10135,1.1037,1.0972,1.0974,98842,63261.15,0,NaN,NaN,NaN,NaN,NaN,NaN,760296
1683036000,1.09745,1.10385,1.09735,1.10295,71933,66209,0,NaN,NaN,NaN,NaN,NaN,NaN,760390
1683064800,1.1032,1.10595,1.10295,1.105,15355,62435.25,0,NaN,NaN,NaN,NaN,NaN,NaN,760390
1683093600,1.105,1.10775,1.10445,1.10625,76507,63898.55,0,NaN,NaN,NaN,NaN,NaN,NaN,760390
1683122400,1.1063,1.11215,1.1062,1.10935,114983,68749.15,0,NaN,NaN,NaN,NaN,NaN,NaN,765624
1683151200,1.10935,1.1116,1.1092,1.1112,17766,65205.6,0,NaN,NaN,NaN,NaN,NaN,NaN,765624
1683180000,1.11125,1.11195,1.103,1.1052,158021,69203.6,0,NaN,NaN,NaN,NaN,NaN,NaN,765624
1683208800,1.10525,1.1067,1.10145,1.1041,95493,72948.75,0,NaN,NaN,NaN,NaN,NaN,NaN,767375
1683237600,1.10405,1.10745,1.10375,1.1068,15302,65495.75,0,NaN,NaN,NaN,NaN,NaN,NaN,767375
1683266400,1.1068,1.1076,1.09945,1.1019,112501,66882.7,0,NaN,NaN,NaN,NaN,NaN,NaN,767375
1683295200,1.1019,1.1064,1.1013,1.1044,67913,69605.55,0,NaN,NaN,NaN,NaN,NaN,NaN,772951
1683496800,1.10465,1.10715,1.1041,1.1066,12720,64260.55,0,NaN,NaN,NaN,NaN,NaN,NaN,772951
1683525600,1.1066,1.10805,1.10495,1.107,64894,64850.95,0,NaN,NaN,NaN,NaN,NaN,NaN,772951
1683554400,1.10705,1.1071,1.10265,1.10305,40857,65805.9,0,NaN,NaN,NaN,NaN,NaN,NaN,775301
1683583200,1.10295,1.1031,1.101,1.102,17562,60158.35,0,NaN,NaN,NaN,NaN,NaN,NaN,775301
1683612000,1.102,1.1026,1.09665,1.09875,96155,60584.8,0,NaN,NaN,NaN,NaN,NaN,NaN,775301
1683640800,1.09875,1.09985,1.0975,1.0986,61127,62936.3,0,NaN,NaN,NaN,NaN,NaN,NaN,774702
1683669600,1.0985,1.1002,1.0984,1.0992,12202,61426.35,0,NaN,NaN,NaN,NaN,NaN,NaN,774702
1683698400,1.09915,1.1031,1.09665,1.1011,137458,65317.05,0,NaN,NaN,NaN,NaN,NaN,NaN,774702
1683727200,1.1011,1.1032,1.09865,1.1008,80337,68396.4,0,NaN,NaN,NaN,NaN,NaN,NaN,772645
1683756000,1.10075,1.1021,1.0993,1.10015,14017,64155.15,0,NaN,NaN,NaN,NaN,NaN,NaN,772645
1683784800,1.1002,1.1002,1.0923,1.09245,137320,67424.5,0,NaN,NaN,NaN,NaN,NaN,NaN,772645
1683813600,1.09245,1.0952,1.0923,1.0939,61468,69730.15,0,NaN,NaN,NaN,NaN,NaN,NaN,773545
1683842400,1.0938,1.09525,1.0934,1.09465,12932,66551.4,0,NaN,NaN,NaN,NaN,NaN,NaN,773545
1683871200,1.0946,1.0958,1.0901,1.09115,103795,65992,0,NaN,NaN,NaN,NaN,NaN,NaN,773545
1683900000,1.09115,1.09195,1.087,1.08715,84886,69348,0,NaN,NaN,NaN,NaN,NaN,NaN,774823
1684101600,1.08685,1.08905,1.0867,1.0889,17474,62320.65,0,NaN,NaN,NaN,NaN,NaN,NaN,774823
1684130400,1.0889,1.09125,1.08765,1.09005,88593,61975.65,0,NaN,NaN,NaN,NaN,NaN,NaN,774823
1684159200,1.0901,1.09035,1.08855,1.08965,41662,63293.65,0,NaN,NaN,NaN,NaN,NaN,NaN,770078
1684188000,1.0897,1.09055,1.08895,1.08915,12200,58278.6,0,NaN,NaN,NaN,NaN,NaN,NaN,770078
1684216800,1.0892,1.0926,1.0884,1.0896,85307,59148.3,0,NaN,NaN,NaN,NaN,NaN,NaN,770078
1684245600,1.08965,1.08975,1.08755,1.0884,51019,61063.25,0,NaN,NaN,NaN,NaN,NaN,NaN,769088
1684274400,1.08835,1.0894,1.08725,1.0874,13128,58474.95,0,NaN,NaN,NaN,NaN,NaN,NaN,769088
1684303200,1.08735,1.08845,1.0834,1.0836,95643,61214.25,0,NaN,NaN,NaN,NaN,NaN,NaN,769088
1684332000,1.08365,1.087,1.0831,1.0859,60293,63350.8,0,NaN,NaN,NaN,NaN,NaN,NaN,770749
1684360800,1.08595,1.08665,1.08455,1.0849,15217,59303.9,0,NaN,NaN,NaN,NaN,NaN,NaN,770749
1684389600,1.08485,1.0853,1.07935,1.0796,87461,60620.6,0,NaN,NaN,NaN,NaN,NaN,NaN,770749
1684418400,1.0797,1.0805,1.0781,1.0788,59545,62987.75,0,NaN,NaN,NaN,NaN,NaN,NaN,771377
1684447200,1.07885,1.0798,1.0778,1.07865,17859,57007.8,0,NaN,NaN,NaN,NaN,NaN,NaN,771377
1684476000,1.0787,1.08415,1.07845,1.08135,103789,58180.4,0,NaN,NaN,NaN,NaN,NaN,NaN,771377
1684504800,1.08135,1.08475,1.08,1.0825,83794,61669.25,0,NaN,NaN,NaN,NaN,NaN,NaN,762318
1684706400,1.0827,1.08475,1.08245,1.0828,13670,55486.75,0,NaN,NaN,NaN,NaN,NaN,NaN,762318
1684735200,1.0828,1.08485,1.0813,1.08295,79481,56387.4,0,NaN,NaN,NaN,NaN,NaN,NaN,762318
1684764000,1.08295,1.08415,1.08135,1.08295,61746,58828.1,0,NaN,NaN,NaN,NaN,NaN,NaN,761032
1684792800,1.08295,1.0837,1.0817,1.0824,16553,54466,0,NaN,NaN,NaN,NaN,NaN,NaN,761032
1684821600,1.0824,1.08295,1.0779,1.07985,120499,56246.65,0,NaN,NaN,NaN,NaN,NaN,NaN,761032
1684850400,1.0799,1.0812,1.0777,1.07875,60487,58397.3,0,NaN,NaN,NaN,NaN,NaN,NaN,757479
1684879200,1.07885,1.08025,1.07835,1.0799,14587,54697,0,NaN,NaN,NaN,NaN,NaN,NaN,757479
1684908000,1.0799,1.08175,1.0764,1.07855,126766,58952.2,0,NaN,NaN,NaN,NaN,NaN,NaN,757479
1684936800,1.0786,1.0793,1.0763,1.07655,67527,61718.55,0,NaN,NaN,NaN,NaN,NaN,NaN,757329
1684965600,1.07655,1.07705,1.07465,1.07535,17022,58304.3,0,NaN,NaN,NaN,NaN,NaN,NaN,757329
1684994400,1.0753,1.0758,1.07215,1.07275,123272,61916.95,0,NaN,NaN,NaN,NaN,NaN,NaN,757329
1685023200,1.07275,1.07465,1.07255,1.0739,55785,64049.8,0,NaN,NaN,NaN,NaN,NaN,NaN,756344
1685052000,1.074,1.0756,1.07325,1.0751,16583,60096.8,0,NaN,NaN,NaN,NaN,NaN,NaN,756344
1685080800,1.07505,1.0774,1.0734,1.0737,112470,62705.65,0,NaN,NaN,NaN,NaN,NaN,NaN,756344
1685109600,1.07375,1.0755,1.07155,1.07405,80779,65983.75,0,NaN,NaN,NaN,NaN,NaN,NaN,750298
1685311200,1.07385,1.0752,1.07305,1.07495,11072,62164.3,0,NaN,NaN,NaN,NaN,NaN,NaN,750298
1685340000,1.07495,1.07565,1.0721,1.07225,35013,60937.7,0,NaN,NaN,NaN,NaN,NaN,NaN,750298
1685368800,1.0723,1.07285,1.07175,1.0722,9500,60519.75,0,NaN,NaN,NaN,NaN,NaN,NaN,750298
1685397600,1.07235,1.0739,1.0694,1.0699,25723,56616.45,0,NaN,NaN,NaN,NaN,NaN,NaN,750298
1685426400,1.0699,1.07595,1.0685,1.07425,120898,58471.65,0,NaN,NaN,NaN,NaN,NaN,NaN,750298
1685455200,1.0743,1.07535,1.0727,1.0747,49036,60239.95,0,NaN,NaN,NaN,NaN,NaN,NaN,748655
1685484000,1.0749,1.0749,1.0697,1.0709,27253,57628.55,0,NaN,NaN,NaN,NaN,NaN,NaN,748655
1685512800,1.07095,1.0717,1.067,1.07035,118043,60443.4,0,NaN,NaN,NaN,NaN,NaN,NaN,748655
1685541600,1.07035,1.07035,1.0647,1.0701,116924,65461.95,0,NaN,NaN,NaN,NaN,NaN,NaN,753474
1685570400,1.07005,1.07065,1.0686,1.0687,19776,60425.8,0,NaN,NaN,NaN,NaN,NaN,NaN,753474
1685599200,1.06875,1.07415,1.06715,1.07395,119369,63369.9,0,NaN,NaN,NaN,NaN,NaN,NaN,753474
1685628000,1.07395,1.07785,1.07305,1.07715,78311,66556.1,0,NaN,NaN,NaN,NaN,NaN,NaN,744364
1685656800,1.07725,1.07815,1.0767,1.07805,15144,60975,0,NaN,NaN,NaN,NaN,NaN,NaN,744364
1685685600,1.0781,1.0788,1.0743,1.07515,114611,63329.2,0,NaN,NaN,NaN,NaN,NaN,NaN,744364
1685714400,1.07515,1.07585,1.0714,1.0717,67316,65843.9,0,NaN,NaN,NaN,NaN,NaN,NaN,744001
1685916000,1.07165,1.0717,1.06985,1.071,16352,60497.9,0,NaN,NaN,NaN,NaN,NaN,NaN,744001
1685944800,1.07095,1.07095,1.06825,1.06895,72443,61330.8,0,NaN,NaN,NaN,NaN,NaN,NaN,744001
1685973600,1.069,1.0731,1.069,1.0721,64979,63750.6,0,NaN,NaN,NaN,NaN,NaN,NaN,732031
1686002400,1.0721,1.0739,1.0715,1.0733,16837,58968.95,0,NaN,NaN,NaN,NaN,NaN,NaN,732031
1686031200,1.07335,1.07405,1.06745,1.068,100348,59947.4,0,NaN,NaN,NaN,NaN,NaN,NaN,732031
1686060000,1.06805,1.07055,1.06785,1.07,50239,61905.75,0,NaN,NaN,NaN,NaN,NaN,NaN,726925
1686088800,1.0701,1.07115,1.06905,1.0692,12670,60788.6,0,NaN,NaN,NaN,NaN,NaN,NaN,726925
1686117600,1.0692,1.07465,1.06755,1.07445,91811,64904.15,0,NaN,NaN,NaN,NaN,NaN,NaN,726925
1686146400,1.0745,1.0747,1.0698,1.07055,69705,67103.25,0,NaN,NaN,NaN,NaN,NaN,NaN,676282
1686175200,1.07055,1.07225,1.07025,1.07155,15539,61835.3,0,NaN,NaN,NaN,NaN,NaN,NaN,676282
1686204000,1.07155,1.0775,1.07065,1.0771,97258,64246.4,0,NaN,NaN,NaN,NaN,NaN,NaN,676282
1686232800,1.0771,1.07925,1.07675,1.07885,69077,66337.6,0,NaN,NaN,NaN,NaN,NaN,NaN,658052
1686261600,1.0788,1.07905,1.078,1.07825,14264,61148.65,0,NaN,NaN,NaN,NaN,NaN,NaN,658052
1686290400,1.0783,1.0789,1.0761,1.07755,97373,60171.1,0,NaN,NaN,NaN,NaN,NaN,NaN,658052
1686319200,1.0776,1.0778,1.07475,1.07535,53525,61858.55,0,NaN,NaN,NaN,NaN,NaN,NaN,609217
1686520800,1.07525,1.0756,1.07375,1.07535,11198,56450,0,NaN,NaN,NaN,NaN,NaN,NaN,609217
1686549600,1.07535,1.07945,1.0747,1.0757,107168,57892.85,0,NaN,NaN,NaN,NaN,NaN,NaN,609217
1686578400,1.07575,1.0768,1.0748,1.0763,56761,59973.7,0,NaN,NaN,NaN,NaN,NaN,NaN,495118
1686607200,1.076,1.08,1.076,1.07865,17337,55110,0,NaN,NaN,NaN,NaN,NaN,NaN,495118
1686636000,1.0787,1.0828,1.0778,1.07975,134727,58480.55,0,NaN,NaN,NaN,NaN,NaN,NaN,495118
1686664800,1.07975,1.08125,1.07815,1.0797,60389,60682.4,0,NaN,NaN,NaN,NaN,NaN,NaN,273964
1686693600,1.07935,1.0799,1.0777,1.0779,10129,57566.7,0,NaN,NaN,NaN,NaN,NaN,NaN,273964
1686722400,1.07795,1.0848,1.0779,1.08475,67086,57672.05,0,NaN,NaN,NaN,NaN,NaN,NaN,273964
1686751200,1.08475,1.0867,1.08045,1.0836,94723,61566.35,0,NaN,NaN,NaN,NaN,NaN,NaN,160000
1686780000,1.0889,1.0897,1.08585,1.08705,15622,57330.05,0,NaN,NaN,NaN,NaN,NaN,NaN,160000
1686808800,1.08705,1.0953,1.08555,1.0951,125499,61093.05,0,NaN,NaN,NaN,NaN,NaN,NaN,160000
1686837600,1.0951,1.10045,1.0951,1.09975,71276,64023.35,0,NaN,NaN,NaN,NaN,NaN,NaN,712333
1686866400,1.0997,1.1004,1.0988,1.0992,22006,60533.1,0,NaN,NaN,NaN,NaN,NaN,NaN,712333
1686895200,1.09925,1.10225,1.0986,1.1005,91071,61601.4,0,NaN,NaN,NaN,NaN,NaN,NaN,712333
1686924000,1.10055,1.1019,1.097,1.0993,86438,65146.35,0,NaN,NaN,NaN,NaN,NaN,NaN,715641
1687125600,1.0993,1.0997,1.09825,1.09915,7730,60669.95,0,NaN,NaN,NaN,NaN,NaN,NaN,715641
1687154400,1.0991,1.0991,1.0958,1.09695,39035,59167.85,0,NaN,NaN,NaN,NaN,NaN,NaN,715641
1687183200,1.09695,1.098,1.09635,1.0972,15425,59225.9,0,NaN,NaN,NaN,NaN,NaN,NaN,715641
1687212000,1.0973,1.09765,1.09615,1.09765,12362,54975.35,0,NaN,NaN,NaN,NaN,NaN,NaN,715641
1687240800,1.09765,1.09965,1.0957,1.09675,70502,55824.2,0,NaN,NaN,NaN,NaN,NaN,NaN,715641
1687269600,1.09675,1.09715,1.0943,1.09695,49891,57758.85,0,NaN,NaN,NaN,NaN,NaN,NaN,720218
1687298400,1.0968,1.0973,1.0961,1.0963,9971,52899,0,NaN,NaN,NaN,NaN,NaN,NaN,720218
1687327200,1.0963,1.0984,1.0956,1.0977,58066,52964.25,0,NaN,NaN,NaN,NaN,NaN,NaN,720218
1687356000,1.0977,1.1041,1.0973,1.10375,60993,55147.05,0,NaN,NaN,NaN,NaN,NaN,NaN,724480
1687384800,1.10355,1.1044,1.10335,1.10345,15166,49169,0,NaN,NaN,NaN,NaN,NaN,NaN,724480
1687413600,1.1035,1.10615,1.10165,1.10295,86768,50487.95,0,NaN,NaN,NaN,NaN,NaN,NaN,724480
1687442400,1.103,1.1037,1.0996,1.1004,53740,52668.5,0,NaN,NaN,NaN,NaN,NaN,NaN,729362
1687471200,1.1003,1.1007,1.0975,1.098,19092,50268.8,0,NaN,NaN,NaN,NaN,NaN,NaN,729362
1687500000,1.098,1.0981,1.0891,1.093,132872,52176.25,0,NaN,NaN,NaN,NaN,NaN,NaN,729362
1687528800,1.09305,1.09455,1.09255,1.0943,40399,53415.1,0,NaN,NaN,NaN,NaN,NaN,NaN,724999
1687730400,1.09455,1.09565,1.0942,1.09535,16934,47986.85,0,NaN,NaN,NaN,NaN,NaN,NaN,724999
1687759200,1.0953,1.0967,1.09335,1.0959,67329,47789.5,0,NaN,NaN,NaN,NaN,NaN,NaN,724999
1687788000,1.0959,1.0964,1.0946,1.0952,47136,49046,0,NaN,NaN,NaN,NaN,NaN,NaN,717558
1687816800,1.0954,1.0981,1.09475,1.09635,14816,45233.25,0,NaN,NaN,NaN,NaN,NaN,NaN,717558
1687845600,1.0963,1.10225,1.0962,1.10125,68987,44360.7,0,NaN,NaN,NaN,NaN,NaN,NaN,717558
1687874400,1.10125,1.10155,1.0988,1.10055,57283,46838.35,0,NaN,NaN,NaN,NaN,NaN,NaN,719448
1687903200,1.1007,1.1008,1.0988,1.0999,18693,45821.25,0,NaN,NaN,NaN,NaN,NaN,NaN,719448
1687932000,1.0999,1.10075,1.09685,1.098,97728,49936.4,0,NaN,NaN,NaN,NaN,NaN,NaN,719448
1687960800,1.09805,1.09825,1.09415,1.0958,75536,53095.1,0,NaN,NaN,NaN,NaN,NaN,NaN,717933
1687989600,1.09575,1.0962,1.0924,1.0937,20077,50573.85,0,NaN,NaN,NaN,NaN,NaN,NaN,717933
1688018400,1.0937,1.09845,1.09035,1.0912,115973,53877.95,0,NaN,NaN,NaN,NaN,NaN,NaN,717933
1688047200,1.09125,1.094,1.09055,1.09055,61059,56432.35,0,NaN,NaN,NaN,NaN,NaN,NaN,715180
1688076000,1.09065,1.09175,1.09025,1.09115,16753,54366.7,0,NaN,NaN,NaN,NaN,NaN,NaN,715180
1688104800,1.0911,1.09585,1.0876,1.0956,95850,56109.55,0,NaN,NaN,NaN,NaN,NaN,NaN,715180
1688133600,1.09565,1.09735,1.0948,1.0953,78973,59299.9,0,NaN,NaN,NaN,NaN,NaN,NaN,712675
1688335200,1.09515,1.096,1.09425,1.0945,13098,55616.4,0,NaN,NaN,NaN,NaN,NaN,NaN,712675
1688364000,1.09455,1.09615,1.0911,1.0954,69050,56381.9,0,NaN,NaN,NaN,NaN,NaN,NaN,712675
1688392800,1.09555,1.09755,1.0943,1.09555,43507,57602.65,0,NaN,NaN,NaN,NaN,NaN,NaN,713787
1688421600,1.0955,1.09575,1.09345,1.09365,11306,51524.35,0,NaN,NaN,NaN,NaN,NaN,NaN,713787
1688450400,1.09365,1.0956,1.093,1.09405,39045,51456.65,0,NaN,NaN,NaN,NaN,NaN,NaN,713787
1688479200,1.09405,1.0948,1.09175,1.0919,17112,51465.55,0,NaN,NaN,NaN,NaN,NaN,NaN,713787
1688508000,1.09185,1.0931,1.0908,1.09215,16378,48918,0,NaN,NaN,NaN,NaN,NaN,NaN,713787
1688536800,1.09215,1.0948,1.0906,1.09325,89506,51036.5,0,NaN,NaN,NaN,NaN,NaN,NaN,713787
1688565600,1.09325,1.0936,1.0891,1.0894,53594,52975.4,0,NaN,NaN,NaN,NaN,NaN,NaN,703826
1688594400,1.08945,1.0896,1.08715,1.0894,19785,50515.3,0,NaN,NaN,NaN,NaN,NaN,NaN,703826
1688623200,1.08935,1.09405,1.08835,1.0923,120322,53667.25,0,NaN,NaN,NaN,NaN,NaN,NaN,703826
1688652000,1.0922,1.09315,1.08725,1.09305,76366,56550.9,0,NaN,NaN,NaN,NaN,NaN,NaN,705371
1688680800,1.0929,1.0935,1.09205,1.09265,12342,52281.6,0,NaN,NaN,NaN,NaN,NaN,NaN,705371
1688709600,1.09265,1.09705,1.0906,1.0955,109113,53960.45,0,NaN,NaN,NaN,NaN,NaN,NaN,705371
1688738400,1.09555,1.10125,1.09485,1.10085,78356,56874.4,0,NaN,NaN,NaN,NaN,NaN,NaN,711695
1688940000,1.1005,1.1009,1.0984,1.09845,15850,51868.25,0,NaN,NaN,NaN,NaN,NaN,NaN,711695
1688968800,1.09845,1.1012,1.0982,1.10055,78589,52744.75,0,NaN,NaN,NaN,NaN,NaN,NaN,711695
1688997600,1.10055,1.104,1.1005,1.10395,51703,54492.25,0,NaN,NaN,NaN,NaN,NaN,NaN,719492
1689026400,1.1039,1.106,1.1037,1.1045,20288,50714.15,0,NaN,NaN,NaN,NaN,NaN,NaN,719492
1689055200,1.10455,1.10655,1.1014,1.1025,80591,50795.05,0,NaN,NaN,NaN,NaN,NaN,NaN,719492
1689084000,1.10255,1.10465,1.1016,1.10465,44662,52373.25,0,NaN,NaN,NaN,NaN,NaN,NaN,723231
1689112800,1.1046,1.1074,1.1044,1.1063,16542,49747.85,0,NaN,NaN,NaN,NaN,NaN,NaN,723231
1689141600,1.1064,1.1138,1.10505,1.11355,119738,53559.4,0,NaN,NaN,NaN,NaN,NaN,NaN,723231
1689170400,1.1135,1.11785,1.11265,1.1169,90847,57536.45,0,NaN,NaN,NaN,NaN,NaN,NaN,745992
1689199200,1.11675,1.11855,1.1166,1.1167,23445,56756.45,0,NaN,NaN,NaN,NaN,NaN,NaN,745992
1689228000,1.11675,1.1232,1.1167,1.12305,114461,61623.9,0,NaN,NaN,NaN,NaN,NaN,NaN,745992
1689256800,1.12305,1.12645,1.1217,1.1263,73578,64483.9,0,NaN,NaN,NaN,NaN,NaN,NaN,756416
1689285600,1.126,1.1279,1.12495,1.12555,27736,61395.4,0,NaN,NaN,NaN,NaN,NaN,NaN,756416
1689314400,1.1256,1.12805,1.12405,1.1276,92664,63348.9,0,NaN,NaN,NaN,NaN,NaN,NaN,756416
1689343200,1.1276,1.12805,1.12515,1.1264,64111,65565.2,0,NaN,NaN,NaN,NaN,NaN,NaN,757163
1689544800,1.12655,1.12705,1.12505,1.12685,16743,60386.25,0,NaN,NaN,NaN,NaN,NaN,NaN,757163
1689573600,1.1268,1.12845,1.1239,1.1257,75089,60322.4,0,NaN,NaN,NaN,NaN,NaN,NaN,757163
1689602400,1.1257,1.12815,1.12535,1.1274,42176,61814.1,0,NaN,NaN,NaN,NaN,NaN,NaN,759059
1689631200,1.1273,1.1299,1.12695,1.1285,20652,57391.05,0,NaN,NaN,NaN,NaN,NaN,NaN,759059
1689660000,1.1285,1.13105,1.12515,1.12615,123509,59648.7,0,NaN,NaN,NaN,NaN,NaN,NaN,759059
1689688800,1.12615,1.12805,1.12435,1.1263,52462,61479.3,0,NaN,NaN,NaN,NaN,NaN,NaN,767593
1689717600,1.1262,1.12705,1.12505,1.12695,16399,58369.8,0,NaN,NaN,NaN,NaN,NaN,NaN,767593
1689746400,1.12695,1.12745,1.12305,1.12475,90283,60298.8,0,NaN,NaN,NaN,NaN,NaN,NaN,767593
1689775200,1.1248,1.12485,1.1208,1.1236,69804,62774.6,0,NaN,NaN,NaN,NaN,NaN,NaN,769003
1689804000,1.12355,1.12615,1.12315,1.12495,18311,59660.6,0,NaN,NaN,NaN,NaN,NaN,NaN,769003
1689832800,1.1249,1.12535,1.1204,1.12155,66023,60728.65,0,NaN,NaN,NaN,NaN,NaN,NaN,769003
1689861600,1.1216,1.1221,1.11505,1.1161,80045,63903.8,0,NaN,NaN,NaN,NaN,NaN,NaN,763099
1689890400,1.1165,1.1175,1.116,1.11745,17497,58791.75,0,NaN,NaN,NaN,NaN,NaN,NaN,763099
1689919200,1.1174,1.1176,1.11435,1.115,75220,58010.4,0,NaN,NaN,NaN,NaN,NaN,NaN,763099
1689948000,1.11505,1.11615,1.1139,1.1159,38673,58771.8,0,NaN,NaN,NaN,NaN,NaN,NaN,762059
1690149600,1.116,1.11635,1.1148,1.1163,13528,53725.15,0,NaN,NaN,NaN,NaN,NaN,NaN,762059
1690178400,1.1163,1.11775,1.10955,1.11155,126263,56359.4,0,NaN,NaN,NaN,NaN,NaN,NaN,762059
1690207200,1.1116,1.11215,1.10905,1.1095,52138,57579.5,0,NaN,NaN,NaN,NaN,NaN,NaN,759439
1690236000,1.1094,1.11115,1.109,1.1106,17162,53804.4,0,NaN,NaN,NaN,NaN,NaN,NaN,759439
1690264800,1.1106,1.1117,1.10555,1.1068,94454,55321.55,0,NaN,NaN,NaN,NaN,NaN,NaN,759439
1690293600,1.1069,1.10855,1.1051,1.1085,59840,57476.4,0,NaN,NaN,NaN,NaN,NaN,NaN,753546
1690322400,1.10855,1.1092,1.1067,1.10915,15787,54511.3,0,NaN,NaN,NaN,NaN,NaN,NaN,753546
1690351200,1.1091,1.11155,1.10855,1.10945,72976,56051.3,0,NaN,NaN,NaN,NaN,NaN,NaN,753546
1690380000,1.1095,1.11365,1.1086,1.11155,80787,59058.05,0,NaN,NaN,NaN,NaN,NaN,NaN,750181
1690408800,1.1116,1.11455,1.11055,1.1116,22411,54003.15,0,NaN,NaN,NaN,NaN,NaN,NaN,750181
1690437600,1.11165,1.1177,1.1019,1.10355,191781,60969.1,0,NaN,NaN,NaN,NaN,NaN,NaN,750181
1690466400,1.10355,1.10375,1.0993,1.10035,105777,65438,0,NaN,NaN,NaN,NaN,NaN,NaN,744654
1690495200,1.1006,1.10155,1.0975,1.1013,49144,63381.05,0,NaN,NaN,NaN,NaN,NaN,NaN,744654
1690524000,1.10125,1.10605,1.097,1.1044,131672,66474.45,0,NaN,NaN,NaN,NaN,NaN,NaN,744654
1690552800,1.10445,1.10745,1.1042,1.1043,63855,68751.65,0,NaN,NaN,NaN,NaN,NaN,NaN,735485
1690754400,1.10445,1.10545,1.10315,1.10405,13951,66148.05,0,NaN,NaN,NaN,NaN,NaN,NaN,735485
1690783200,1.10405,1.1072,1.1033,1.1064,69494,65620.5,0,NaN,NaN,NaN,NaN,NaN,NaN,735485
1690812000,1.1064,1.10725,1.10195,1.1023,61114,67801.35,0,NaN,NaN,NaN,NaN,NaN,NaN,730690
1690840800,1.1023,1.1029,1.1006,1.10245,14333,64757,0,NaN,NaN,NaN,NaN,NaN,NaN,730690
1690869600,1.1025,1.1026,1.09775,1.09985,70661,66356.4,0,NaN,NaN,NaN,NaN,NaN,NaN,730690
1690898400,1.0999,1.10145,1.0986,1.10095,65468,68953.4,0,NaN,NaN,NaN,NaN,NaN,NaN,737436
1690927200,1.10395,1.1043,1.1005,1.1019,28941,64087.3,0,NaN,NaN,NaN,NaN,NaN,NaN,737436
1690956000,1.10195,1.1022,1.09745,1.09745,83097,65635.25,0,NaN,NaN,NaN,NaN,NaN,NaN,737436
1690984800,1.0975,1.0982,1.09425,1.0964,78649,68709.6,0,NaN,NaN,NaN,NaN,NaN,NaN,735604
1691013600,1.09625,1.09725,1.09425,1.0963,13635,64668.65,0,NaN,NaN,NaN,NaN,NaN,NaN,735604
1691042400,1.09625,1.09795,1.0935,1.09415,95251,66439.2,0,NaN,NaN,NaN,NaN,NaN,NaN,735604
1691071200,1.0942,1.0986,1.09385,1.09715,55098,68404.75,0,NaN,NaN,NaN,NaN,NaN,NaN,728801
1691100000,1.0972,1.0984,1.0969,1.09745,11903,65351.1,0,NaN,NaN,NaN,NaN,NaN,NaN,728801
1691128800,1.0975,1.1053,1.0952,1.10355,112929,66958.2,0,NaN,NaN,NaN,NaN,NaN,NaN,728801
1691157600,1.1035,1.1065,1.1025,1.1032,77495,69712.4,0,NaN,NaN,NaN,NaN,NaN,NaN,735471
1691359200,1.10325,1.1037,1.1004,1.1005,14289,60837.8,0,NaN,NaN,NaN,NaN,NaN,NaN,735471
1691388000,1.10055,1.10355,1.09875,1.10155,89207,60009.3,0,NaN,NaN,NaN,NaN,NaN,NaN,735471
1691416800,1.10155,1.10325,1.10085,1.1025,40829,59593.55,0,NaN,NaN,NaN,NaN,NaN,NaN,743695
1691445600,1.1024,1.1027,1.0999,1.1021,19335,53976.7,0,NaN,NaN,NaN,NaN,NaN,NaN,743695
1691474400,1.1021,1.1033,1.09545,1.09595,91046,55336.25,0,NaN,NaN,NaN,NaN,NaN,NaN,743695
1691503200,1.096,1.09835,1.09505,1.0978,46906,56984,0,NaN,NaN,NaN,NaN,NaN,NaN,743785
1691532000,1.09775,1.09995,1.0973,1.09975,11263,54072.45,0,NaN,NaN,NaN,NaN,NaN,NaN,743785
1691560800,1.0997,1.10095,1.0983,1.1001,61027,54068.1,0,NaN,NaN,NaN,NaN,NaN,NaN,743785
1691589600,1.10015,1.10165,1.0992,1.09955,44586,55580.75,0,NaN,NaN,NaN,NaN,NaN,NaN,743814
1691618400,1.0997,1.10075,1.09865,1.10045,10042,52549.8,0,NaN,NaN,NaN,NaN,NaN,NaN,743814
1691647200,1.10045,1.1085,1.10025,1.1059,122642,55408.5,0,NaN,NaN,NaN,NaN,NaN,NaN,743814
1691676000,1.10595,1.10635,1.09955,1.1001,67505,57336.7,0,NaN,NaN,NaN,NaN,NaN,NaN,744986
1691704800,1.1002,1.10165,1.09985,1.1012,11216,53742.65,0,NaN,NaN,NaN,NaN,NaN,NaN,744986
1691733600,1.10115,1.10245,1.09735,1.0982,81763,53898.35,0,NaN,NaN,NaN,NaN,NaN,NaN,744986
1691762400,1.0982,1.10025,1.09615,1.0966,59617,56197.45,0,NaN,NaN,NaN,NaN,NaN,NaN,0
1691964000,1.0967,1.0969,1.0947,1.09555,14505,52160.15,0,NaN,NaN,NaN,NaN,NaN,NaN,0
1691992800,1.09555,1.0978,1.0892,1.08995,82934,53551.95,0,NaN,NaN,NaN,NaN,NaN,NaN,0
1692021600,1.08995,1.0954,1.0898,1.09235,68170,56365.3,0,NaN,NaN,NaN,NaN,NaN,NaN,743160
1692050400,1.09235,1.0935,1.09175,1.0929,14246,51431.15,0,NaN,NaN,NaN,NaN,NaN,NaN,743160
1692079200,1.0929,1.09705,1.0914,1.09585,113636,53238.2,0,NaN,NaN,NaN,NaN,NaN,NaN,743160
1692108000,1.09585,1.0965,1.09165,1.09225,49161,54981.8,0,NaN,NaN,NaN,NaN,NaN,NaN,742225
1692136800,1.09215,1.09345,1.0916,1.0933,12784,51160.65,0,NaN,NaN,NaN,NaN,NaN,NaN,742225
1692165600,1.09325,1.0951,1.09125,1.0926,59533,52095.85,0,NaN,NaN,NaN,NaN,NaN,NaN,742225
1692194400,1.0926,1.09405,1.08885,1.0896,55713,53914.75,0,NaN,NaN,NaN,NaN,NaN,NaN,737940
1692223200,1.0896,1.08985,1.0877,1.0889,14223,50073.6,0,NaN,NaN,NaN,NaN,NaN,NaN,737940
1692252000,1.08885,1.09345,1.08795,1.0915,80514,51754,0,NaN,NaN,NaN,NaN,NaN,NaN,737940
1692280800,1.0915,1.0915,1.08715,1.08885,58868,54134.25,0,NaN,NaN,NaN,NaN,NaN,NaN,739700
1692309600,1.0888,1.0909,1.0885,1.0898,14772,51821.5,0,NaN,NaN,NaN,NaN,NaN,NaN,739700
1692338400,1.0898,1.0902,1.08595,1.0886,68265,53005.45,0,NaN,NaN,NaN,NaN,NaN,NaN,739700
1692367200,1.0886,1.08965,1.08825,1.0886,47846,54895.65,0,NaN,NaN,NaN,NaN,NaN,NaN,741826
1692568800,1.0889,1.09015,1.0884,1.08955,12914,49409.25,0,NaN,NaN,NaN,NaN,NaN,NaN,741826
1692597600,1.08955,1.0929,1.08865,1.09015,62470,49157.5,0,NaN,NaN,NaN,NaN,NaN,NaN,741826
1692626400,1.0902,1.0919,1.089,1.09105,40936,50643.5,0,NaN,NaN,NaN,NaN,NaN,NaN,740918
1692655200,1.0911,1.0931,1.09075,1.09195,10841,47097.4,0,NaN,NaN,NaN,NaN,NaN,NaN,740918
1692684000,1.092,1.09445,1.0855,1.08575,101089,49171,0,NaN,NaN,NaN,NaN,NaN,NaN,740918
1692712800,1.0858,1.08695,1.08465,1.086,57796,51335.55,0,NaN,NaN,NaN,NaN,NaN,NaN,729753
1692741600,1.08575,1.08765,1.08575,1.0876,11333,47755.5,0,NaN,NaN,NaN,NaN,NaN,NaN,729753
1692770400,1.08755,1.0885,1.08155,1.0851,129214,50807.7,0,NaN,NaN,NaN,NaN,NaN,NaN,729753
1692799200,1.08515,1.08835,1.0848,1.0877,62690,53229.9,0,NaN,NaN,NaN,NaN,NaN,NaN,729923
1692828000,1.08765,1.08885,1.087,1.08825,14845,48290.35,0,NaN,NaN,NaN,NaN,NaN,NaN,729923
1692856800,1.0883,1.08855,1.08255,1.08535,76495,49657.05,0,NaN,NaN,NaN,NaN,NaN,NaN,729923
1692885600,1.0854,1.08605,1.08165,1.08225,55656,51800.65,0,NaN,NaN,NaN,NaN,NaN,NaN,731551
1692914400,1.0824,1.0824,1.07875,1.0801,25102,50079.1,0,NaN,NaN,NaN,NaN,NaN,NaN,731551
1692943200,1.0801,1.08285,1.0777,1.08195,84951,51541,0,NaN,NaN,NaN,NaN,NaN,NaN,731551
1692972000,1.08195,1.0853,1.07765,1.0807,110919,56375.8,0,NaN,NaN,NaN,NaN,NaN,NaN,734491
1693173600,1.08085,1.08245,1.0804,1.0821,12985,52999.35,0,NaN,NaN,NaN,NaN,NaN,NaN,734491
1693202400,1.08205,1.08325,1.08095,1.0818,55690,52840.45,0,NaN,NaN,NaN,NaN,NaN,NaN,734491
1693231200,1.0818,1.08305,1.08095,1.0829,36890,53946.35,0,NaN,NaN,NaN,NaN,NaN,NaN,726632
1693260000,1.083,1.08485,1.08295,1.0832,16306,51348.4,0,NaN,NaN,NaN,NaN,NaN,NaN,726632
1693288800,1.08315,1.084,1.0792,1.0814,80930,53002.6,0,NaN,NaN,NaN,NaN,NaN,NaN,726632
1693317600,1.08145,1.0902,1.08135,1.089,127313,58722.55,0,NaN,NaN,NaN,NaN,NaN,NaN,722816
1693346400,1.08885,1.0895,1.08655,1.0876,28800,57039.05,0,NaN,NaN,NaN,NaN,NaN,NaN,722816
1693375200,1.08765,1.09555,1.08645,1.09545,123508,61167.65,0,NaN,NaN,NaN,NaN,NaN,NaN,722816
1693404000,1.0955,1.0955,1.09265,1.0933,68515,64051.35,0,NaN,NaN,NaN,NaN,NaN,NaN,724526
1693432800,1.0937,1.09475,1.09245,1.09255,13797,59686.75,0,NaN,NaN,NaN,NaN,NaN,NaN,724526
1693461600,1.0926,1.0932,1.0848,1.08565,143771,63985.5,0,NaN,NaN,NaN,NaN,NaN,NaN,724526
1693490400,1.0857,1.08665,1.08425,1.085,84101,67623.9,0,NaN,NaN,NaN,NaN,NaN,NaN,719707
1693519200,1.08505,1.08615,1.0844,1.08535,13740,61850.2,0,NaN,NaN,NaN,NaN,NaN,NaN,719707
1693548000,1.0853,1.08895,1.0832,1.0853,121489,64790.15,0,NaN,NaN,NaN,NaN,NaN,NaN,719707
1693576800,1.0853,1.0855,1.0779,1.07805,81067,68101.25,0,NaN,NaN,NaN,NaN,NaN,NaN,725428
1693778400,1.07815,1.0797,1.0778,1.0794,14681,65010.55,0,NaN,NaN,NaN,NaN,NaN,NaN,725428
1693807200,1.07935,1.08155,1.07905,1.08025,41243,64289.9,0,NaN,NaN,NaN,NaN,NaN,NaN,725428
1693836000,1.08025,1.0807,1.079,1.08025,14857,63777.65,0,NaN,NaN,NaN,NaN,NaN,NaN,725428
1693864800,1.0802,1.0805,1.0787,1.07925,15258,60293,0,NaN,NaN,NaN,NaN,NaN,NaN,725428
1693893600,1.0792,1.07925,1.07225,1.07355,107633,60128.7,0,NaN,NaN,NaN,NaN,NaN,NaN,725428
1693922400,1.0736,1.07385,1.07125,1.07285,70756,63017.25,0,NaN,NaN,NaN,NaN,NaN,NaN,716061
1693951200,1.07285,1.07445,1.0719,1.07435,18083,61136.9,0,NaN,NaN,NaN,NaN,NaN,NaN,716061
1693980000,1.07435,1.0755,1.0729,1.07445,82171,63400.95,0,NaN,NaN,NaN,NaN,NaN,NaN,716061
1694008800,1.0743,1.0743,1.07085,1.07335,60249,65598.1,0,NaN,NaN,NaN,NaN,NaN,NaN,680364
1694037600,1.07315,1.0736,1.072,1.0724,12824,62192.8,0,NaN,NaN,NaN,NaN,NaN,NaN,680364
1694066400,1.0724,1.073,1.06905,1.0696,101842,60919.25,0,NaN,NaN,NaN,NaN,NaN,NaN,680364
1694095200,1.0696,1.0715,1.06905,1.06995,53706,62164.55,0,NaN,NaN,NaN,NaN,NaN,NaN,668533
1694124000,1.06995,1.073,1.0698,1.0728,18701,56924.2,0,NaN,NaN,NaN,NaN,NaN,NaN,668533
1694152800,1.07275,1.07325,1.0698,1.073,77800,57388.45,0,NaN,NaN,NaN,NaN,NaN,NaN,668533
1694181600,1.07305,1.0748,1.0701,1.07025,57638,59580.5,0,NaN,NaN,NaN,NaN,NaN,NaN,617983
1694383200,1.07175,1.07445,1.0711,1.07325,20104,53397.15,0,NaN,NaN,NaN,NaN,NaN,NaN,617983
1694412000,1.0732,1.0741,1.0719,1.0739,67210,52552.6,0,NaN,NaN,NaN,NaN,NaN,NaN,617983
1694440800,1.07395,1.0763,1.0738,1.0754,53132,54522.2,0,NaN,NaN,NaN,NaN,NaN,NaN,558395
1694469600,1.0755,1.07725,1.0738,1.0739,19483,49421.9,0,NaN,NaN,NaN,NaN,NaN,NaN,558395
1694498400,1.07395,1.07435,1.07085,1.07205,64304,48583.75,0,NaN,NaN,NaN,NaN,NaN,NaN,558395
1694527200,1.07205,1.0768,1.07135,1.07575,54853,50592.35,0,NaN,NaN,NaN,NaN,NaN,NaN,437555
1694556000,1.0762,1.07675,1.07445,1.07475,15974,49328.9,0,NaN,NaN,NaN,NaN,NaN,NaN,437555
1694584800,1.0747,1.07645,1.0713,1.0741,123767,54774.4,0,NaN,NaN,NaN,NaN,NaN,NaN,437555
1694613600,1.07415,1.07515,1.07295,1.07325,51505,56586.75,0,NaN,NaN,NaN,NaN,NaN,NaN,260158
1694642400,1.0729,1.07535,1.0729,1.0749,12945,51852.35,0,NaN,NaN,NaN,NaN,NaN,NaN,260158
1694671200,1.0749,1.075,1.0656,1.0665,136688,55148.95,0,NaN,NaN,NaN,NaN,NaN,NaN,260158
1694700000,1.06655,1.0677,1.06325,1.06435,60850,57287.3,0,NaN,NaN,NaN,NaN,NaN,NaN,168253
1694728800,1.06845,1.0699,1.06755,1.06985,18718,54114.65,0,NaN,NaN,NaN,NaN,NaN,NaN,168253
1694757600,1.0699,1.0712,1.0688,1.07045,84517,55328.05,0,NaN,NaN,NaN,NaN,NaN,NaN,168253
1694786400,1.0705,1.07305,1.06995,1.07045,69910,58182.35,0,NaN,NaN,NaN,NaN,NaN,NaN,673519
1694988000,1.0707,1.0716,1.0703,1.07105,9097,53545.1,0,NaN,NaN,NaN,NaN,NaN,NaN,673519
1695016800,1.0711,1.07195,1.06965,1.0704,51816,53450.6,0,NaN,NaN,NaN,NaN,NaN,NaN,673519
1695045600,1.07045,1.0741,1.0701,1.07335,46917,54861.4,0,NaN,NaN,NaN,NaN,NaN,NaN,671324
1695074400,1.0733,1.0738,1.0717,1.07205,10211,51481.95,0,NaN,NaN,NaN,NaN,NaN,NaN,671324
1695103200,1.0721,1.07595,1.0716,1.0733,87036,52951.85,0,NaN,NaN,NaN,NaN,NaN,NaN,671324
1695132000,1.0733,1.07345,1.07175,1.0721,43926,54142.95,0,NaN,NaN,NaN,NaN,NaN,NaN,673868
1695160800,1.07175,1.07305,1.07175,1.07215,10441,51304.5,0,NaN,NaN,NaN,NaN,NaN,NaN,673868
1695189600,1.0721,1.076,1.07135,1.07575,72659,52280.85,0,NaN,NaN,NaN,NaN,NaN,NaN,673868
1695218400,1.07585,1.0778,1.069,1.07015,121585,57385.95,0,NaN,NaN,NaN,NaN,NaN,NaN,675710
1695247200,1.07015,1.0704,1.0656,1.06735,35194,55930.45,0,NaN,NaN,NaN,NaN,NaN,NaN,675710
1695276000,1.06735,1.07035,1.06605,1.068,108703,58622.95,0,NaN,NaN,NaN,NaN,NaN,NaN,675710
1695304800,1.06805,1.0713,1.0677,1.07005,67656,61207.05,0,NaN,NaN,NaN,NaN,NaN,NaN,674328
1695333600,1.07015,1.0703,1.06795,1.06885,17227,55880.05,0,NaN,NaN,NaN,NaN,NaN,NaN,674328
1695362400,1.06885,1.07065,1.0653,1.07,90642,57836.9,0,NaN,NaN,NaN,NaN,NaN,NaN,674328
1695391200,1.07,1.0711,1.0678,1.06845,50495,59714.4,0,NaN,NaN,NaN,NaN,NaN,NaN,674328
1695592800,1.06845,1.06935,1.06805,1.0682,10834,53421.7,0,NaN,NaN,NaN,NaN,NaN,NaN,674328
1695621600,1.0682,1.0692,1.06335,1.064,92128,54985.6,0,NaN,NaN,NaN,NaN,NaN,NaN,674328
1695650400,1.06405,1.0645,1.0613,1.06315,56902,56894.8,0,NaN,NaN,NaN,NaN,NaN,NaN,679320
1695679200,1.0631,1.0635,1.06165,1.06255,20121,53675,0,NaN,NaN,NaN,NaN,NaN,NaN,679320
1695708000,1.06255,1.06475,1.06075,1.063,73247,53841.85,0,NaN,NaN,NaN,NaN,NaN,NaN,679320
1695736800,1.06305,1.06365,1.05995,1.06105,60700,56422,0,NaN,NaN,NaN,NaN,NaN,NaN,677576
1695765600,1.0609,1.06115,1.0592,1.0597,21544,54908.4,0,NaN,NaN,NaN,NaN,NaN,NaN,677576
1695794400,1.0597,1.0611,1.0549,1.0557,98482,57486.65,0,NaN,NaN,NaN,NaN,NaN,NaN,677576
1695823200,1.05575,1.05635,1.05255,1.0539,104879,62220.05,0,NaN,NaN,NaN,NaN,NaN,NaN,679883
1695852000,1.0543,1.05515,1.0532,1.05445,23763,59056.4,0,NaN,NaN,NaN,NaN,NaN,NaN,679883
1695880800,1.0544,1.0593,1.05265,1.0585,146266,64173.4,0,NaN,NaN,NaN,NaN,NaN,NaN,679883
1695909600,1.05855,1.06145,1.05815,1.0602,85820,67942.35,0,NaN,NaN,NaN,NaN,NaN,NaN,680082
1695938400,1.06,1.06215,1.0593,1.06115,21782,65398.5,0,NaN,NaN,NaN,NaN,NaN,NaN,680082
1695967200,1.0612,1.06525,1.06095,1.0616,118660,65252.25,0,NaN,NaN,NaN,NaN,NaN,NaN,680082
1695996000,1.06165,1.0628,1.0599,1.06075,98643,68424.7,0,NaN,NaN,NaN,NaN,NaN,NaN,678696
1696197600,1.0602,1.06065,1.05925,1.05965,17713,63875.2,0,NaN,NaN,NaN,NaN,NaN,NaN,678696
1696226400,1.0597,1.0627,1.05495,1.055,115410,66262.9,0,NaN,NaN,NaN,NaN,NaN,NaN,678696
1696255200,1.05495,1.0562,1.05115,1.05125,96303,70216.7,0,NaN,NaN,NaN,NaN,NaN,NaN,680066
1696284000,1.0513,1.05175,1.0494,1.05,25867,66977.95,0,NaN,NaN,NaN,NaN,NaN,NaN,680066
1696312800,1.04995,1.05275,1.04955,1.05145,93140,69110.2,0,NaN,NaN,NaN,NaN,NaN,NaN,680066
1696341600,1.0515,1.05165,1.0482,1.0501,109394,74038.2,0,NaN,NaN,NaN,NaN,NaN,NaN,679428
1696370400,1.0498,1.05095,1.04905,1.05015,16164,70240,0,NaN,NaN,NaN,NaN,NaN,NaN,679428
1696399200,1.0502,1.0566,1.0484,1.0541,125771,73683.45,0,NaN,NaN,NaN,NaN,NaN,NaN,679428
1696428000,1.05415,1.05555,1.0516,1.05375,81115,76733.15,0,NaN,NaN,NaN,NaN,NaN,NaN,672369
1696456800,1.054,1.05605,1.0534,1.0549,20245,74083.05,0,NaN,NaN,NaN,NaN,NaN,NaN,672369
1696485600,1.05495,1.05635,1.05315,1.05565,85895,75342.8,0,NaN,NaN,NaN,NaN,NaN,NaN,672369
1696514400,1.0557,1.05835,1.0544,1.05815,68424,77686.8,0,NaN,NaN,NaN,NaN,NaN,NaN,674114
1696543200,1.05805,1.0582,1.0565,1.0567,11327,73329.05,0,NaN,NaN,NaN,NaN,NaN,NaN,674114
1696572000,1.05665,1.06065,1.0514,1.05435,137677,74968.95,0,NaN,NaN,NaN,NaN,NaN,NaN,674114
1696600800,1.0544,1.0632,1.0537,1.0619,127735,80167.55,0,NaN,NaN,NaN,NaN,NaN,NaN,666409
1696802400,1.05855,1.06055,1.05795,1.05855,21836,73946.05,0,NaN,NaN,NaN,NaN,NaN,NaN,666409
1696831200,1.0586,1.05905,1.0551,1.05845,78106,73560.35,0,NaN,NaN,NaN,NaN,NaN,NaN,666409
1696860000,1.0584,1.0604,1.05655,1.0599,52484,75095.45,0,NaN,NaN,NaN,NaN,NaN,NaN,664178
1696888800,1.05985,1.06145,1.059,1.05925,19735,70149.2,0,NaN,NaN,NaN,NaN,NaN,NaN,664178
1696917600,1.0593,1.0642,1.0585,1.06255,97390,70086.55,0,NaN,NaN,NaN,NaN,NaN,NaN,664178
1696946400,1.0626,1.0651,1.062,1.0636,65976,72499.7,0,NaN,NaN,NaN,NaN,NaN,NaN,666193
1696975200,1.0635,1.0645,1.0631,1.0632,14837,67471.05,0,NaN,NaN,NaN,NaN,NaN,NaN,666193
1697004000,1.06315,1.0665,1.0611,1.06595,99630,67637.4,0,NaN,NaN,NaN,NaN,NaN,NaN,666193
1697032800,1.066,1.0665,1.0615,1.065,66927,69690.4,0,NaN,NaN,NaN,NaN,NaN,NaN,668715
1697061600,1.06495,1.06625,1.0647,1.066,12257,65646.25,0,NaN,NaN,NaN,NaN,NaN,NaN,668715
1697090400,1.06605,1.06685,1.0576,1.0578,108553,65604.2,0,NaN,NaN,NaN,NaN,NaN,NaN,668715
1697119200,1.05785,1.05915,1.05545,1.0557,79758,68783.9,0,NaN,NaN,NaN,NaN,NaN,NaN,673116
1697148000,1.0559,1.05795,1.0558,1.0577,15774,63284.05,0,NaN,NaN,NaN,NaN,NaN,NaN,673116
1697176800,1.05765,1.0587,1.05425,1.05545,81258,63291.2,0,NaN,NaN,NaN,NaN,NaN,NaN,673116
1697205600,1.0555,1.0555,1.05235,1.05375,80072,66282.55,0,NaN,NaN,NaN,NaN,NaN,NaN,677409
1697407200,1.0548,1.05585,1.05435,1.0557,14312,62703.4,0,NaN,NaN,NaN,NaN,NaN,NaN,677409
1697436000,1.05575,1.05735,1.0551,1.05575,73569,62960.65,0,NaN,NaN,NaN,NaN,NaN,NaN,677409
1697464800,1.0558,1.0591,1.05535,1.0589,57613,65274.95,0,NaN,NaN,NaN,NaN,NaN,NaN,674711
1697493600,1.05885,1.05895,1.0571,1.05715,15333,59157.75,0,NaN,NaN,NaN,NaN,NaN,NaN,674711
1697522400,1.05715,1.06065,1.056,1.05765,128096,59175.8,0,NaN,NaN,NaN,NaN,NaN,NaN,674711
1697551200,1.05765,1.06225,1.0576,1.06045,75320,61850,0,NaN,NaN,NaN,NaN,NaN,NaN,674302
1697580000,1.06045,1.06115,1.05875,1.06095,16037,58746.55,0,NaN,NaN,NaN,NaN,NaN,NaN,674302
1697608800,1.06095,1.06215,1.0575,1.0577,83172,60280.95,0,NaN,NaN,NaN,NaN,NaN,NaN,674302
1697637600,1.05775,1.0587,1.05495,1.0563,70016,62795,0,NaN,NaN,NaN,NaN,NaN,NaN,674906
1697666400,1.05625,1.05675,1.05555,1.05585,13680,58609.5,0,NaN,NaN,NaN,NaN,NaN,NaN,674906
1697695200,1.0558,1.06075,1.0553,1.0601,85007,59561.05,0,NaN,NaN,NaN,NaN,NaN,NaN,674906
1697724000,1.0601,1.06415,1.0581,1.06095,132197,65429.05,0,NaN,NaN,NaN,NaN,NaN,NaN,671621
1697752800,1.06045,1.06115,1.0593,1.05985,15474,61221.25,0,NaN,NaN,NaN,NaN,NaN,NaN,671621
1697781600,1.05985,1.0624,1.05895,1.0604,88140,62281.9,0,NaN,NaN,NaN,NaN,NaN,NaN,671621
1697810400,1.0604,1.06285,1.05965,1.06195,63593,64848.7,0,NaN,NaN,NaN,NaN,NaN,NaN,674757
1698012000,1.0619,1.0621,1.0597,1.06015,16134,60227.75,0,NaN,NaN,NaN,NaN,NaN,NaN,674757
1698040800,1.0602,1.06435,1.05955,1.06295,100721,61275.9,0,NaN,NaN,NaN,NaN,NaN,NaN,674757
1698069600,1.06295,1.07025,1.0629,1.06945,102521,65613.25,0,NaN,NaN,NaN,NaN,NaN,NaN,682534
1698098400,1.06945,1.07115,1.0691,1.0705,21845,62642.6,0,NaN,NaN,NaN,NaN,NaN,NaN,682534
1698127200,1.0705,1.07215,1.06195,1.06355,137677,65522.85,0,NaN,NaN,NaN,NaN,NaN,NaN,682534
1698156000,1.06355,1.064,1.0607,1.06145,73942,68504.35,0,NaN,NaN,NaN,NaN,NaN,NaN,681886
1698184800,1.0614,1.063,1.06125,1.0624,20057,65828.75,0,NaN,NaN,NaN,NaN,NaN,NaN,681886
1698213600,1.0624,1.06275,1.0589,1.0604,87845,67340.35,0,NaN,NaN,NaN,NaN,NaN,NaN,681886
1698242400,1.06045,1.0619,1.05885,1.059,75885,70367.95,0,NaN,NaN,NaN,NaN,NaN,NaN,678739
1698271200,1.059,1.0591,1.05635,1.0565,21686,65047.45,0,NaN,NaN,NaN,NaN,NaN,NaN,678739
1698300000,1.0565,1.05825,1.05425,1.05695,101983,66380.6,0,NaN,NaN,NaN,NaN,NaN,NaN,678739
1698328800,1.05685,1.05865,1.05465,1.05845,78595,69508.5,0,NaN,NaN,NaN,NaN,NaN,NaN,677715
1698357600,1.05835,1.0591,1.0574,1.05905,15930,66146.4,0,NaN,NaN,NaN,NaN,NaN,NaN,677715
1698386400,1.05905,1.06135,1.0557,1.0602,103511,67821.15,0,NaN,NaN,NaN,NaN,NaN,NaN,677715
1698415200,1.06025,1.06185,1.0579,1.0585,86385,71456.4,0,NaN,NaN,NaN,NaN,NaN,NaN,673863
1698616800,1.05855,1.0589,1.0576,1.0583,12190,67815.55,0,NaN,NaN,NaN,NaN,NaN,NaN,673863
1698645600,1.0583,1.0636,1.0568,1.0631,77774,65094.4,0,NaN,NaN,NaN,NaN,NaN,NaN,673863
1698674400,1.0631,1.06465,1.06125,1.06365,73343,67987.85,0,NaN,NaN,NaN,NaN,NaN,NaN,676243
1698703200,1.0635,1.06385,1.06115,1.06195,20675,64614.6,0,NaN,NaN,NaN,NaN,NaN,NaN,676243
1698732000,1.06195,1.0696,1.0615,1.0625,105859,66727.9,0,NaN,NaN,NaN,NaN,NaN,NaN,676243
1698760800,1.0625,1.06365,1.0578,1.05965,106110,71226.7,0,NaN,NaN,NaN,NaN,NaN,NaN,674289
1698789600,1.0596,1.0601,1.05855,1.0588,13877,66884.5,0,NaN,NaN,NaN,NaN,NaN,NaN,674289
1698818400,1.05885,1.05975,1.05415,1.05515,83458,65931.35,0,NaN,NaN,NaN,NaN,NaN,NaN,674289
1698847200,1.0552,1.05955,1.05365,1.0591,125895,71133.85,0,NaN,NaN,NaN,NaN,NaN,NaN,677123
1698876000,1.05895,1.06215,1.05885,1.0616,24762,65488.1,0,NaN,NaN,NaN,NaN,NaN,NaN,677123
1698904800,1.0616,1.06865,1.061,1.06665,112269,67404.45,0,NaN,NaN,NaN,NaN,NaN,NaN,677123
1698933600,1.06665,1.0667,1.06295,1.064,76277,70215.45,0,NaN,NaN,NaN,NaN,NaN,NaN,682664
1698962400,1.064,1.065,1.0633,1.0648,11880,66417.2,0,NaN,NaN,NaN,NaN,NaN,NaN,682664
1698991200,1.06485,1.07435,1.0638,1.07355,131701,69208,0,NaN,NaN,NaN,NaN,NaN,NaN,682664
1699020000,1.0736,1.07655,1.07125,1.07505,108271,73537.25,0,NaN,NaN,NaN,NaN,NaN,NaN,684594
1699225200,1.0747,1.07585,1.0741,1.07545,22462,69561.2,0,NaN,NaN,NaN,NaN,NaN,NaN,684594
1699254000,1.07545,1.07745,1.075,1.07575,91350,70198.95,0,NaN,NaN,NaN,NaN,NaN,NaN,684594
1699282800,1.07575,1.07675,1.07345,1.07355,65722,72688.55,0,NaN,NaN,NaN,NaN,NaN,NaN,680338
1699311600,1.07395,1.07405,1.0718,1.07185,18101,68418.05,0,NaN,NaN,NaN,NaN,NaN,NaN,680338
1699340400,1.07185,1.0724,1.06815,1.06935,95556,68876.6,0,NaN,NaN,NaN,NaN,NaN,NaN,680338
1699369200,1.06935,1.07225,1.069,1.0718,64273,71480.75,0,NaN,NaN,NaN,NaN,NaN,NaN,676436
1699398000,1.0716,1.0717,1.0698,1.06985,14264,68305.25,0,NaN,NaN,NaN,NaN,NaN,NaN,676436
1699426800,1.0699,1.07095,1.06765,1.07075,76395,68457.85,0,NaN,NaN,NaN,NaN,NaN,NaN,676436
1699455600,1.0708,1.07335,1.06995,1.0727,57748,70311.5,0,NaN,NaN,NaN,NaN,NaN,NaN,671413
1699484400,1.07255,1.07315,1.07175,1.0723,12424,65639.75,0,NaN,NaN,NaN,NaN,NaN,NaN,671413
1699513200,1.0723,1.0741,1.0696,1.07395,68659,63767.2,0,NaN,NaN,NaN,NaN,NaN,NaN,671413
1699542000,1.074,1.07405,1.0676,1.0684,82033,67175,0,NaN,NaN,NaN,NaN,NaN,NaN,672628
1699570800,1.0684,1.06905,1.06785,1.0681,13298,63667,0,NaN,NaN,NaN,NaN,NaN,NaN,672628
1699599600,1.06805,1.07085,1.06715,1.0688,68005,60772.5,0,NaN,NaN,NaN,NaN,NaN,NaN,672628
1699628400,1.0689,1.0703,1.06765,1.07025,61094,62589.1,0,NaN,NaN,NaN,NaN,NaN,NaN,674464
1699830000,1.0701,1.07075,1.0696,1.0705,11284,57539.85,0,NaN,NaN,NaN,NaN,NaN,NaN,674464
1699858800,1.07055,1.0717,1.06795,1.0692,69321,57192.05,0,NaN,NaN,NaN,NaN,NaN,NaN,674464
1699887600,1.0692,1.0722,1.06895,1.07125,56298,59412.95,0,NaN,NaN,NaN,NaN,NaN,NaN,668844
1699916400,1.0713,1.0717,1.07075,1.07135,9274,53291.6,0,NaN,NaN,NaN,NaN,NaN,NaN,668844
1699945200,1.0714,1.0851,1.06725,1.08485,180917,56923.9,0,NaN,NaN,NaN,NaN,NaN,NaN,668844
1699974000,1.08485,1.0902,1.0838,1.0894,108905,61246.05,0,NaN,NaN,NaN,NaN,NaN,NaN,682884
1700002800,1.0892,1.08985,1.088,1.0888,26977,58027.4,0,NaN,NaN,NaN,NaN,NaN,NaN,682884
1700031600,1.0888,1.0901,1.0846,1.08505,138776,61680.1,0,NaN,NaN,NaN,NaN,NaN,NaN,682884
1700060400,1.0851,1.0883,1.08485,1.0862,72084,64379.25,0,NaN,NaN,NaN,NaN,NaN,NaN,687016
1700089200,1.0863,1.0869,1.08435,1.08525,18492,60526.05,0,NaN,NaN,NaN,NaN,NaN,NaN,687016
1700118000,1.0852,1.08945,1.0847,1.0889,99061,62265.45,0,NaN,NaN,NaN,NaN,NaN,NaN,687016
1700146800,1.08895,1.09085,1.0858,1.0865,78346,65469.55,0,NaN,NaN,NaN,NaN,NaN,NaN,685519
1700175600,1.0866,1.087,1.08605,1.08635,11798,62239.7,0,NaN,NaN,NaN,NaN,NaN,NaN,685519
1700204400,1.0864,1.0897,1.08375,1.0882,98943,64299.45,0,NaN,NaN,NaN,NaN,NaN,NaN,685519
1700233200,1.0882,1.0931,1.08805,1.09305,63742,66865.35,0,NaN,NaN,NaN,NaN,NaN,NaN,684190
1700434800,1.09235,1.0948,1.09095,1.0929,28109,64837.85,0,NaN,NaN,NaN,NaN,NaN,NaN,684190
1700463600,1.0929,1.0958,1.09245,1.09525,83361,64904.25,0,NaN,NaN,NaN,NaN,NaN,NaN,684190
1700492400,1.0953,1.09645,1.09385,1.09525,66007,67539.7,0,NaN,NaN,NaN,NaN,NaN,NaN,686388
1700521200,1.09535,1.09765,1.0953,1.097,21247,65201.8,0,NaN,NaN,NaN,NaN,NaN,NaN,686388
1700550000,1.097,1.09755,1.09505,1.09645,88889,66591.55,0,NaN,NaN,NaN,NaN,NaN,NaN,686388
1700578800,1.0965,1.0971,1.09115,1.0922,78827,69968.7,0,NaN,NaN,NaN,NaN,NaN,NaN,690883
1700607600,1.0922,1.09345,1.09075,1.09125,23396,67672.45,0,NaN,NaN,NaN,NaN,NaN,NaN,690883
1700636400,1.0912,1.09315,1.08835,1.08865,120299,70872.5,0,NaN,NaN,NaN,NaN,NaN,NaN,690883
1700665200,1.0887,1.0901,1.0864,1.08995,80642,74440.9,0,NaN,NaN,NaN,NaN,NaN,NaN,696927
1700694000,1.08985,1.0928,1.08925,1.09185,13656,66077.85,0,NaN,NaN,NaN,NaN,NaN,NaN,696927
1700722800,1.0918,1.0941,1.0898,1.09065,68818,64073.5,0,NaN,NaN,NaN,NaN,NaN,NaN,696927
1700751600,1.09065,1.0921,1.09065,1.09155,12486,63348.95,0,NaN,NaN,NaN,NaN,NaN,NaN,696927
1700780400,1.0917,1.0922,1.0905,1.09175,11832,57001.75,0,NaN,NaN,NaN,NaN,NaN,NaN,696927
1700809200,1.0917,1.09485,1.09115,1.09465,61727,56483.9,0,NaN,NaN,NaN,NaN,NaN,NaN,696927
1700838000,1.0947,1.09555,1.09385,1.0953,28370,56977.8,0,NaN,NaN,NaN,NaN,NaN,NaN,697061
1701039600,1.09545,1.09655,1.0936,1.09595,22380,53143.75,0,NaN,NaN,NaN,NaN,NaN,NaN,697061
1701068400,1.09595,1.09685,1.0935,1.0938,76479,53050.4,0,NaN,NaN,NaN,NaN,NaN,NaN,697061
1701097200,1.0938,1.0967,1.09345,1.09625,51440,55032.5,0,NaN,NaN,NaN,NaN,NaN,NaN,692624
1701126000,1.0964,1.0972,1.0955,1.0956,14341,50802.4,0,NaN,NaN,NaN,NaN,NaN,NaN,692624
1701154800,1.09555,1.09945,1.09435,1.09875,83929,51811.75,0,NaN,NaN,NaN,NaN,NaN,NaN,692624
1701183600,1.09885,1.1018,1.0977,1.1001,107249,55768.75,0,NaN,NaN,NaN,NaN,NaN,NaN,700023
1701212400,1.1002,1.1025,1.1002,1.10095,28987,53050.05,0,NaN,NaN,NaN,NaN,NaN,NaN,700023
1701241200,1.1009,1.1009,1.09705,1.09845,116012,55550.3,0,NaN,NaN,NaN,NaN,NaN,NaN,700023
1701270000,1.09855,1.1003,1.09685,1.09775,71272,58051.55,0,NaN,NaN,NaN,NaN,NaN,NaN,699078
1701298800,1.09785,1.0991,1.0972,1.09855,16574,54435.8,0,NaN,NaN,NaN,NaN,NaN,NaN,699078
1701327600,1.0986,1.0986,1.0899,1.09155,165076,58748.25,0,NaN,NaN,NaN,NaN,NaN,NaN,699078
1701356400,1.09155,1.09255,1.0886,1.0894,107821,62969.5,0,NaN,NaN,NaN,NaN,NaN,NaN,702272
1701385200,1.0897,1.09195,1.0896,1.0915,22278,58068.45,0,NaN,NaN,NaN,NaN,NaN,NaN,702272
1701414000,1.0915,1.09185,1.08475,1.08505,113988,59735.75,0,NaN,NaN,NaN,NaN,NaN,NaN,702272
1701442800,1.0851,1.08995,1.0835,1.08875,123646,65235.25,0,NaN,NaN,NaN,NaN,NaN,NaN,708079
1701644400,1.08905,1.0901,1.08725,1.0875,23552,62971.95,0,NaN,NaN,NaN,NaN,NaN,NaN,708079
1701673200,1.0875,1.0887,1.0825,1.08455,105011,67598.2,0,NaN,NaN,NaN,NaN,NaN,NaN,708079
1701702000,1.0846,1.08495,1.08095,1.08415,73927,70702.95,0,NaN,NaN,NaN,NaN,NaN,NaN,696733
1701730800,1.0839,1.0853,1.0837,1.08395,16586,68445.9,0,NaN,NaN,NaN,NaN,NaN,NaN,696733
1701759600,1.0839,1.0848,1.0807,1.0814,96504,71852.6,0,NaN,NaN,NaN,NaN,NaN,NaN,696733
1701788400,1.08145,1.08445,1.0784,1.08025,90211,75244.15,0,NaN,NaN,NaN,NaN,NaN,NaN,682044
1701817200,1.0802,1.0807,1.0793,1.0793,16261,72233.25,0,NaN,NaN,NaN,NaN,NaN,NaN,682044
1701846000,1.07925,1.08095,1.0777,1.07995,88488,74085.65,0,NaN,NaN,NaN,NaN,NaN,NaN,682044
1701874800,1.08,1.08055,1.07635,1.07685,67327,76734.95,0,NaN,NaN,NaN,NaN,NaN,NaN,672447
1701903600,1.0771,1.0776,1.07605,1.07675,19376,73507.3,0,NaN,NaN,NaN,NaN,NaN,NaN,672447
1701932400,1.07675,1.0802,1.0759,1.0774,98243,73057,0,NaN,NaN,NaN,NaN,NaN,NaN,672447
1701961200,1.0774,1.08215,1.07705,1.07985,65760,74895.65,0,NaN,NaN,NaN,NaN,NaN,NaN,663536
1701990000,1.07985,1.08035,1.07825,1.07825,20800,70135.05,0,NaN,NaN,NaN,NaN,NaN,NaN,663536
1702018800,1.0783,1.07945,1.0727,1.07495,117081,72425.5,0,NaN,NaN,NaN,NaN,NaN,NaN,663536
1702047600,1.075,1.07895,1.07435,1.0767,72173,75205.45,0,NaN,NaN,NaN,NaN,NaN,NaN,662110
1702249200,1.0765,1.07765,1.0764,1.0772,13364,67619.85,0,NaN,NaN,NaN,NaN,NaN,NaN,662110
1702278000,1.0772,1.0782,1.07465,1.07555,84817,66469.65,0,NaN,NaN,NaN,NaN,NaN,NaN,662110
1702306800,1.0756,1.07725,1.07445,1.0768,48571,67784.3,0,NaN,NaN,NaN,NaN,NaN,NaN,598145
1702335600,1.0768,1.07825,1.07635,1.0782,13143,62742.05,0,NaN,NaN,NaN,NaN,NaN,NaN,598145
1702364400,1.07815,1.08325,1.07695,1.07765,107784,61948.95,0,NaN,NaN,NaN,NaN,NaN,NaN,598145
1702393200,1.07765,1.08015,1.07715,1.07975,49360,63239.35,0,NaN,NaN,NaN,NaN,NaN,NaN,476930
1702422000,1.0797,1.0802,1.0783,1.07855,12633,58620.45,0,NaN,NaN,NaN,NaN,NaN,NaN,476930
1702450800,1.0786,1.08115,1.0775,1.0793,72768,58562.5,0,NaN,NaN,NaN,NaN,NaN,NaN,476930
1702479600,1.0793,1.0899,1.0782,1.08765,119821,63724.25,0,NaN,NaN,NaN,NaN,NaN,NaN,252243
1702508400,1.08765,1.0916,1.08765,1.0902,29735,60385.8,0,NaN,NaN,NaN,NaN,NaN,NaN,252243
1702537200,1.09025,1.09935,1.0881,1.0992,150640,63407.25,0,NaN,NaN,NaN,NaN,NaN,NaN,252243
1702566000,1.0992,1.10105,1.09685,1.0995,76880,66438.2,0,NaN,NaN,NaN,NaN,NaN,NaN,187676
1702594800,1.1038,1.10475,1.1021,1.10315,19841,63005.85,0,NaN,NaN,NaN,NaN,NaN,NaN,187676
1702623600,1.10315,1.10435,1.0948,1.0963,146228,66950.9,0,NaN,NaN,NaN,NaN,NaN,NaN,187676
1702652400,1.09635,1.0967,1.09315,1.09385,70798,69522,0,NaN,NaN,NaN,NaN,NaN,NaN,687476
1702854000,1.0938,1.0963,1.0935,1.0961,17559,65487.8,0,NaN,NaN,NaN,NaN,NaN,NaN,687476
1702882800,1.09605,1.09735,1.09495,1.09725,78847,66142.15,0,NaN,NaN,NaN,NaN,NaN,NaN,687476
1702911600,1.09725,1.09745,1.09535,1.09655,62590,68231.65,0,NaN,NaN,NaN,NaN,NaN,NaN,687624
1702940400,1.0966,1.0973,1.0957,1.097,16604,63207.8,0,NaN,NaN,NaN,NaN,NaN,NaN,687624
1702969200,1.09695,1.10265,1.09655,1.1021,84464,63822.35,0,NaN,NaN,NaN,NaN,NaN,NaN,687624
1702998000,1.10215,1.1029,1.1011,1.10225,48462,65577.25,0,NaN,NaN,NaN,NaN,NaN,NaN,686900
1703026800,1.1024,1.1025,1.0997,1.1,18623,62267.55,0,NaN,NaN,NaN,NaN,NaN,NaN,686900
1703055600,1.1,1.10125,1.0975,1.10105,94232,64550.6,0,NaN,NaN,NaN,NaN,NaN,NaN,686900
1703084400,1.10115,1.1016,1.097,1.0982,68550,67320.95,0,NaN,NaN,NaN,NaN,NaN,NaN,686409
1703113200,1.098,1.0994,1.0979,1.0983,15390,62701.25,0,NaN,NaN,NaN,NaN,NaN,NaN,686409
1703142000,1.09835,1.10415,1.0974,1.1032,99088,65187.65,0,NaN,NaN,NaN,NaN,NaN,NaN,686409
1703170800,1.1032,1.10525,1.10145,1.1051,49582,67035.1,0,NaN,NaN,NaN,NaN,NaN,NaN,685021
1703199600,1.1049,1.1052,1.10335,1.10335,16083,64200.85,0,NaN,NaN,NaN,NaN,NaN,NaN,685021
1703228400,1.1034,1.108,1.10335,1.10755,97431,63081.35,0,NaN,NaN,NaN,NaN,NaN,NaN,685021
1703257200,1.1075,1.10815,1.104,1.10535,49384,64063.8,0,NaN,NaN,NaN,NaN,NaN,NaN,693221
1703545200,1.10535,1.10685,1.10515,1.10635,8927,56978.15,0,NaN,NaN,NaN,NaN,NaN,NaN,693221
1703574000,1.1063,1.1067,1.1048,1.10655,23187,54293.5,0,NaN,NaN,NaN,NaN,NaN,NaN,693221
1703602800,1.10665,1.1085,1.10635,1.1083,27086,54655.75,0,NaN,NaN,NaN,NaN,NaN,NaN,692390
1703631600,1.1083,1.1084,1.1068,1.1083,13392,48013.95,0,NaN,NaN,NaN,NaN,NaN,NaN,692390
1703660400,1.10825,1.1143,1.1075,1.1142,65338,47740.95,0,NaN,NaN,NaN,NaN,NaN,NaN,692390
1703689200,1.11425,1.11605,1.1136,1.1142,73467,50536.35,0,NaN,NaN,NaN,NaN,NaN,NaN,694434
1703718000,1.11415,1.1157,1.11395,1.1148,15568,47372.4,0,NaN,NaN,NaN,NaN,NaN,NaN,694434
1703746800,1.1148,1.11745,1.11075,1.11375,84557,48470.75,0,NaN,NaN,NaN,NaN,NaN,NaN,694434
1703775600,1.11385,1.11485,1.10905,1.10965,62853,50783.2,0,NaN,NaN,NaN,NaN,NaN,NaN,692550
1703804400,1.1097,1.11195,1.10955,1.1108,18456,47482.8,0,NaN,NaN,NaN,NaN,NaN,NaN,692550
1703833200,1.11075,1.1115,1.1079,1.1103,69861,48552.75,0,NaN,NaN,NaN,NaN,NaN,NaN,692550
1703862000,1.11035,1.1113,1.10685,1.10705,79135,51578.35,0,NaN,NaN,NaN,NaN,NaN,NaN,703510
1704150000,1.1076,1.10785,1.105,1.10625,20030,47868.25,0,NaN,NaN,NaN,NaN,NaN,NaN,703510
1704178800,1.10625,1.1073,1.09785,1.09965,111238,50002.65,0,NaN,NaN,NaN,NaN,NaN,NaN,703510
1704207600,1.0996,1.1002,1.09725,1.09735,71135,52789.9,0,NaN,NaN,NaN,NaN,NaN,NaN,705997
1704236400,1.09745,1.0996,1.09745,1.0992,17644,48717.7,0,NaN,NaN,NaN,NaN,NaN,NaN,705997
1704265200,1.09915,1.09985,1.0943,1.09465,91159,50796.55,0,NaN,NaN,NaN,NaN,NaN,NaN,705997
1704294000,1.09475,1.09715,1.0926,1.0956,101380,55061.4,0,NaN,NaN,NaN,NaN,NaN,NaN,705667
1704322800,1.0956,1.0966,1.09475,1.0964,18798,51129.75,0,NaN,NaN,NaN,NaN,NaN,NaN,705667
1704351600,1.09645,1.1004,1.0961,1.09775,97319,53526.5,0,NaN,NaN,NaN,NaN,NaN,NaN,705667
1704380400,1.09775,1.09975,1.09745,1.09765,72747,56717.5,0,NaN,NaN,NaN,NaN,NaN,NaN,704172
1704409200,1.09765,1.09875,1.0956,1.0959,17078,56412.05,0,NaN,NaN,NaN,NaN,NaN,NaN,704172
1704438000,1.0959,1.0987,1.0908,1.0981,127502,61432.85,0,NaN,NaN,NaN,NaN,NaN,NaN,704172
1704466800,1.09815,1.1031,1.0967,1.0974,106893,66107.9,0,NaN,NaN,NaN,NaN,NaN,NaN,697578
1704668400,1.0977,1.0984,1.09615,1.09765,15178,63599.9,0,NaN,NaN,NaN,NaN,NaN,NaN,697578
1704697200,1.09775,1.09935,1.09535,1.0992,68464,63349.75,0,NaN,NaN,NaN,NaN,NaN,NaN,697578
1704726000,1.0992,1.101,1.09805,1.0982,56071,65374.9,0,NaN,NaN,NaN,NaN,NaN,NaN,697908
1704754800,1.0984,1.09965,1.09785,1.09805,16087,61951.4,0,NaN,NaN,NaN,NaN,NaN,NaN,697908
1704783600,1.09805,1.09935,1.09585,1.09765,78467,62732.1,0,NaN,NaN,NaN,NaN,NaN,NaN,697908
1704812400,1.09765,1.09775,1.0941,1.09615,80501,65834.35,0,NaN,NaN,NaN,NaN,NaN,NaN,701276
1704841200,1.096,1.09665,1.09535,1.09545,12179,62950.25,0,NaN,NaN,NaN,NaN,NaN,NaN,701276
1704870000,1.0955,1.09855,1.0953,1.09705,65942,62290.6,0,NaN,NaN,NaN,NaN,NaN,NaN,701276
1704898800,1.09705,1.10035,1.0966,1.1003,76085,65093.35,0,NaN,NaN,NaN,NaN,NaN,NaN,717344
1704927600,1.1003,1.1017,1.09995,1.1014,14342,60248.55,0,NaN,NaN,NaN,NaN,NaN,NaN,717344
1704956400,1.10145,1.10405,1.09595,1.09825,134246,63404.1,0,NaN,NaN,NaN,NaN,NaN,NaN,717344
1704985200,1.0983,1.1012,1.0958,1.1,87047,66874.25,0,NaN,NaN,NaN,NaN,NaN,NaN,712968
1705014000,1.1,1.10135,1.0999,1.10035,15440,63088.3,0,NaN,NaN,NaN,NaN,NaN,NaN,712968
1705042800,1.1004,1.1014,1.09645,1.1005,104300,63234.3,0,NaN,NaN,NaN,NaN,NaN,NaN,712968
1705071600,1.1004,1.10155,1.09755,1.09785,57314,65160.1,0,NaN,NaN,NaN,NaN,NaN,NaN,718147
1705273200,1.09775,1.09955,1.09685,1.0992,16110,61099.65,0,NaN,NaN,NaN,NaN,NaN,NaN,718147
1705302000,1.09915,1.0994,1.0961,1.0971,53827,60153.65,0,NaN,NaN,NaN,NaN,NaN,NaN,718147
1705330800,1.0971,1.09805,1.09655,1.0976,13584,59978.95,0,NaN,NaN,NaN,NaN,NaN,NaN,718147
1705359600,1.0979,1.0979,1.094,1.09445,32031,55205.4,0,NaN,NaN,NaN,NaN,NaN,NaN,718147
1705388400,1.0945,1.09535,1.08935,1.08995,135170,56619.25,0,NaN,NaN,NaN,NaN,NaN,NaN,718147
1705417200,1.09,1.09225,1.08895,1.09025,98244,60772.55,0,NaN,NaN,NaN,NaN,NaN,NaN,721733
1705446000,1.0902,1.09115,1.08825,1.0889,20384,58368.55,0,NaN,NaN,NaN,NaN,NaN,NaN,721733
1705474800,1.08895,1.0911,1.0874,1.0876,112094,61169.7,0,NaN,NaN,NaN,NaN,NaN,NaN,721733
1705503600,1.0876,1.09105,1.0871,1.09105,74900,64110.35,0,NaN,NaN,NaN,NaN,NaN,NaN,716341
1705532400,1.091,1.09325,1.0906,1.09295,20505,61212.25,0,NaN,NaN,NaN,NaN,NaN,NaN,716341
1705561200,1.09295,1.0932,1.08745,1.08845,99892,62181.8,0,NaN,NaN,NaN,NaN,NaN,NaN,716341
1705590000,1.0885,1.09025,1.0872,1.0902,64613,64803.5,0,NaN,NaN,NaN,NaN,NaN,NaN,715631
1705618800,1.09015,1.09145,1.08995,1.09055,15467,62279.75,0,NaN,NaN,NaN,NaN,NaN,NaN,715631
1705647600,1.0906,1.0918,1.08905,1.09055,73336,62142.3,0,NaN,NaN,NaN,NaN,NaN,NaN,715631
1705676400,1.0906,1.09235,1.0895,1.09225,58840,64367.2,0,NaN,NaN,NaN,NaN,NaN,NaN,714618
1705878000,1.09195,1.09335,1.09145,1.0929,17790,58544.4,0,NaN,NaN,NaN,NaN,NaN,NaN,714618
1705906800,1.0929,1.0932,1.0904,1.0914,62799,57332,0,NaN,NaN,NaN,NaN,NaN,NaN,714618
1705935600,1.09145,1.0925,1.09045,1.09065,46728,58896.4,0,NaN,NaN,NaN,NaN,NaN,NaN,713342
1705964400,1.0905,1.09385,1.08995,1.0938,24699,54916.35,0,NaN,NaN,NaN,NaN,NaN,NaN,713342
1705993200,1.0938,1.09405,1.08725,1.08765,100781,57089.7,0,NaN,NaN,NaN,NaN,NaN,NaN,713342
1706022000,1.0877,1.0882,1.08455,1.0877,86365,60602.45,0,NaN,NaN,NaN,NaN,NaN,NaN,714020
1706050800,1.0878,1.08905,1.0875,1.08875,16000,58711.1,0,NaN,NaN,NaN,NaN,NaN,NaN,714020
1706079600,1.0887,1.0956,1.0884,1.09275,142422,65153,0,NaN,NaN,NaN,NaN,NaN,NaN,714020
1706108400,1.09275,1.09325,1.0901,1.09085,71273,67115.1,0,NaN,NaN,NaN,NaN,NaN,NaN,714239
1706137200,1.09095,1.09095,1.08925,1.09085,15106,61111.9,0,NaN,NaN,NaN,NaN,NaN,NaN,714239
1706166000,1.0908,1.09255,1.0875,1.08825,113336,61866.5,0,NaN,NaN,NaN,NaN,NaN,NaN,714239
1706194800,1.08825,1.0884,1.0844,1.08685,100319,65863.25,0,NaN,NaN,NaN,NaN,NaN,NaN,714195
1706223600,1.08685,1.08715,1.08505,1.0851,16237,61070.4,0,NaN,NaN,NaN,NaN,NaN,NaN,714195
1706252400,1.0851,1.0909,1.08345,1.0896,122982,63474.5,0,NaN,NaN,NaN,NaN,NaN,NaN,714195
1706281200,1.08955,1.0896,1.0874,1.0876,52198,65059.15,0,NaN,NaN,NaN,NaN,NaN,NaN,713832
1706482800,1.08715,1.08725,1.08605,1.08675,17490,60939.05,0,NaN,NaN,NaN,NaN,NaN,NaN,713832
1706511600,1.0868,1.08715,1.08255,1.08285,87052,62061,0,NaN,NaN,NaN,NaN,NaN,NaN,713832
1706540400,1.0829,1.0862,1.08175,1.0855,81461,65360.7,0,NaN,NaN,NaN,NaN,NaN,NaN,714883
1706569200,1.08565,1.08635,1.08345,1.0836,20596,62723.7,0,NaN,NaN,NaN,NaN,NaN,NaN,714883
1706598000,1.0836,1.08785,1.0833,1.08705,87874,64175.4,0,NaN,NaN,NaN,NaN,NaN,NaN,714883
1706626800,1.08715,1.08795,1.08485,1.08655,71156,66843.7,0,NaN,NaN,NaN,NaN,NaN,NaN,714802
1706655600,1.08655,1.08685,1.0835,1.0836,22164,64811.95,0,NaN,NaN,NaN,NaN,NaN,NaN,714802
1706684400,1.08355,1.0907,1.08265,1.0901,116320,68291.55,0,NaN,NaN,NaN,NaN,NaN,NaN,714802
1706713200,1.09015,1.09085,1.081,1.0839,190354,76574.3,0,NaN,NaN,NaN,NaN,NaN,NaN,716052
1706742000,1.08355,1.08415,1.0813,1.08155,29058,72988.15,0,NaN,NaN,NaN,NaN,NaN,NaN,716052
1706770800,1.08155,1.0849,1.0799,1.0846,107114,74025.6,0,NaN,NaN,NaN,NaN,NaN,NaN,716052
1706799600,1.0846,1.08955,1.0825,1.0892,114673,78959.25,0,NaN,NaN,NaN,NaN,NaN,NaN,711711
1706828400,1.0893,1.0902,1.08895,1.0895,19770,72826.65,0,NaN,NaN,NaN,NaN,NaN,NaN,711711
1706857200,1.08955,1.0917,1.08105,1.0828,155370,77031.5,0,NaN,NaN,NaN,NaN,NaN,NaN,711711
1706886000,1.08285,1.08305,1.0799,1.0806,97798,81166.1,0,NaN,NaN,NaN,NaN,NaN,NaN,720274
1707087600,1.08,1.0803,1.0786,1.07965,30552,77026.9,0,NaN,NaN,NaN,NaN,NaN,NaN,720274
1707116400,1.0796,1.08045,1.0753,1.076,91520,76586.95,0,NaN,NaN,NaN,NaN,NaN,NaN,720274
1707145200,1.076,1.07645,1.0741,1.076,87641,80157.15,0,NaN,NaN,NaN,NaN,NaN,NaN,719286
1707174000,1.07605,1.07715,1.07585,1.07685,18485,74932.3,0,NaN,NaN,NaN,NaN,NaN,NaN,719286
1707202800,1.0768,1.078,1.074,1.0758,91202,76882.5,0,NaN,NaN,NaN,NaN,NaN,NaN,719286
1707231600,1.0758,1.0775,1.0754,1.07725,63620,79189,0,NaN,NaN,NaN,NaN,NaN,NaN,718772
1707260400,1.0772,1.07835,1.07715,1.07785,13537,75513.25,0,NaN,NaN,NaN,NaN,NaN,NaN,718772
1707289200,1.0778,1.08015,1.07755,1.07885,81402,75510.3,0,NaN,NaN,NaN,NaN,NaN,NaN,718772
1707318000,1.0789,1.07975,1.0773,1.0789,69121,77936.55,0,NaN,NaN,NaN,NaN,NaN,NaN,718715
1707346800,1.0789,1.08045,1.0788,1.08,16532,74369.45,0,NaN,NaN,NaN,NaN,NaN,NaN,718715
1707375600,1.08005,1.0805,1.07575,1.0781,84700,75046.65,0,NaN,NaN,NaN,NaN,NaN,NaN,718715
1707404400,1.0781,1.0799,1.07675,1.0793,50736,76475.25,0,NaN,NaN,NaN,NaN,NaN,NaN,721100
1707433200,1.0794,1.0794,1.0785,1.07905,12646,71291.55,0,NaN,NaN,NaN,NaN,NaN,NaN,721100
1707462000,1.07905,1.08115,1.07775,1.07975,99811,66764.4,0,NaN,NaN,NaN,NaN,NaN,NaN,721100
1707490800,1.0798,1.08065,1.07945,1.0801,41133,67368.15,0,NaN,NaN,NaN,NaN,NaN,NaN,720934
1707692400,1.0801,1.08155,1.07985,1.0807,18006,62912.75,0,NaN,NaN,NaN,NaN,NaN,NaN,720934
1707721200,1.08065,1.08205,1.0776,1.07875,70849,60721.55,0,NaN,NaN,NaN,NaN,NaN,NaN,720934
1707750000,1.07875,1.08015,1.07715,1.07875,50587,62262.4,0,NaN,NaN,NaN,NaN,NaN,NaN,719012
1707778800,1.07875,1.0789,1.0775,1.0785,11191,55053.45,0,NaN,NaN,NaN,NaN,NaN,NaN,719012
1707807600,1.07845,1.083,1.07145,1.0732,159067,58116.9,0,NaN,NaN,NaN,NaN,NaN,NaN,719012
1707836400,1.07325,1.07415,1.07145,1.07225,70201,60099.35,0,NaN,NaN,NaN,NaN,NaN,NaN,726008
1707865200,1.07225,1.0733,1.07175,1.073,15650,56305.85,0,NaN,NaN,NaN,NaN,NaN,NaN,726008
1707894000,1.073,1.0737,1.0709,1.073,102073,57027.45,0,NaN,NaN,NaN,NaN,NaN,NaN,726008
1707922800,1.07305,1.07485,1.07275,1.07425,56315,58918.95,0,NaN,NaN,NaN,NaN,NaN,NaN,712910
1707951600,1.07405,1.0748,1.0737,1.07435,11192,54918.45,0,NaN,NaN,NaN,NaN,NaN,NaN,712910
1707980400,1.0743,1.07955,1.074,1.0789,112148,57344.85,0,NaN,NaN,NaN,NaN,NaN,NaN,712910
1708009200,1.0789,1.07975,1.07675,1.0785,65680,59952,0,NaN,NaN,NaN,NaN,NaN,NaN,712910
1708038000,1.0787,1.07895,1.077,1.0775,15004,56632.1,0,NaN,NaN,NaN,NaN,NaN,NaN,712910
1708066800,1.07755,1.07925,1.07445,1.07625,101727,58262.4,0,NaN,NaN,NaN,NaN,NaN,NaN,712910
1708095600,1.0763,1.08,1.0761,1.07905,68291,60850.35,0,NaN,NaN,NaN,NaN,NaN,NaN,715505
1708297200,1.07895,1.08015,1.0787,1.07985,16305,57430.6,0,NaN,NaN,NaN,NaN,NaN,NaN,715505
1708326000,1.0799,1.0802,1.0775,1.0778,55343,57660.95,0,NaN,NaN,NaN,NaN,NaN,NaN,715505
1708354800,1.0778,1.07885,1.0774,1.07875,13462,57701.75,0,NaN,NaN,NaN,NaN,NaN,NaN,715505
1708383600,1.079,1.0791,1.0773,1.07825,15121,53467.25,0,NaN,NaN,NaN,NaN,NaN,NaN,715505
1708412400,1.0783,1.08505,1.0779,1.0841,134702,58145.7,0,NaN,NaN,NaN,NaN,NaN,NaN,715505
1708441200,1.08415,1.08415,1.08155,1.08185,76243,61057.55,0,NaN,NaN,NaN,NaN,NaN,NaN,710234
1708470000,1.0822,1.083,1.08165,1.08225,13238,58177,0,NaN,NaN,NaN,NaN,NaN,NaN,710234
1708498800,1.0823,1.0827,1.0801,1.0824,75027,59399,0,NaN,NaN,NaN,NaN,NaN,NaN,710234
1708527600,1.08245,1.08355,1.0811,1.08305,68668,62272.85,0,NaN,NaN,NaN,NaN,NaN,NaN,705427
1708556400,1.0831,1.085,1.08285,1.08485,21761,55407.55,0,NaN,NaN,NaN,NaN,NaN,NaN,705427
1708585200,1.0848,1.0899,1.08125,1.0828,165042,60149.6,0,NaN,NaN,NaN,NaN,NaN,NaN,705427
1708614000,1.08275,1.0836,1.0813,1.0832,69901,62862.15,0,NaN,NaN,NaN,NaN,NaN,NaN,708520
1708642800,1.0832,1.08415,1.08245,1.0835,15825,58549.75,0,NaN,NaN,NaN,NaN,NaN,NaN,708520
1708671600,1.0835,1.0849,1.08235,1.0835,77445,59606.25,0,NaN,NaN,NaN,NaN,NaN,NaN,708520
1708700400,1.0835,1.08395,1.08215,1.08315,62379,62165.6,0,NaN,NaN,NaN,NaN,NaN,NaN,696991
1708902000,1.0831,1.08345,1.0822,1.0833,13015,57208.95,0,NaN,NaN,NaN,NaN,NaN,NaN,696991
1708930800,1.0833,1.0869,1.08315,1.0855,79636,57906.75,0,NaN,NaN,NaN,NaN,NaN,NaN,696991
1708959600,1.0856,1.08645,1.0848,1.08615,50732,59693.15,0,NaN,NaN,NaN,NaN,NaN,NaN,698449
1708988400,1.08605,1.0864,1.08545,1.0859,13536,55283.6,0,NaN,NaN,NaN,NaN,NaN,NaN,698449
1709017200,1.08585,1.08745,1.08445,1.0849,76521,55695.1,0,NaN,NaN,NaN,NaN,NaN,NaN,698449
1709046000,1.08495,1.08665,1.08415,1.0853,74985,58629.1,0,NaN,NaN,NaN,NaN,NaN,NaN,694344
1709074800,1.08525,1.0854,1.083,1.08305,19368,56830.35,0,NaN,NaN,NaN,NaN,NaN,NaN,694344
1709103600,1.0831,1.0842,1.08045,1.0838,110865,61700.5,0,NaN,NaN,NaN,NaN,NaN,NaN,694344
1709132400,1.08385,1.0854,1.08345,1.0847,48897,63389.3,0,NaN,NaN,NaN,NaN,NaN,NaN,693372
1709161200,1.08455,1.08475,1.0835,1.084,17803,57544.35,0,NaN,NaN,NaN,NaN,NaN,NaN,693372
1709190000,1.084,1.08615,1.08285,1.08535,105968,59030.6,0,NaN,NaN,NaN,NaN,NaN,NaN,693372
1709218800,1.0854,1.0863,1.08025,1.0813,133462,65041.8,0,NaN,NaN,NaN,NaN,NaN,NaN,694566
1709247600,1.0811,1.08285,1.08085,1.08155,25053,62543.1,0,NaN,NaN,NaN,NaN,NaN,NaN,694566
1709276400,1.0815,1.08315,1.0804,1.0806,88081,63513.75,0,NaN,NaN,NaN,NaN,NaN,NaN,694566
1709305200,1.0807,1.085,1.0807,1.08465,93804,67115.9,0,NaN,NaN,NaN,NaN,NaN,NaN,691813
1709506800,1.08485,1.08545,1.08445,1.0853,14200,59573.8,0,NaN,NaN,NaN,NaN,NaN,NaN,691813
1709535600,1.0853,1.0868,1.08435,1.08655,72267,59692.1,0,NaN,NaN,NaN,NaN,NaN,NaN,691813
1709564400,1.0866,1.08725,1.08605,1.08625,56091,61705.4,0,NaN,NaN,NaN,NaN,NaN,NaN,684716
1709593200,1.08635,1.08635,1.085,1.08525,12066,58436.45,0,NaN,NaN,NaN,NaN,NaN,NaN,684716
1709622000,1.08525,1.08615,1.0845,1.0851,67797,58707.35,0,NaN,NaN,NaN,NaN,NaN,NaN,684716
1709650800,1.08515,1.0882,1.08515,1.0862,71562,61634.7,0,NaN,NaN,NaN,NaN,NaN,NaN,678029
1709679600,1.0862,1.08655,1.0847,1.08645,18682,58587,0,NaN,NaN,NaN,NaN,NaN,NaN,678029
1709708400,1.0864,1.0895,1.08635,1.08925,81466,60123.7,0,NaN,NaN,NaN,NaN,NaN,NaN,678029
1709737200,1.0893,1.09205,1.08865,1.09045,85360,63714.9,0,NaN,NaN,NaN,NaN,NaN,NaN,673300
1709766000,1.09015,1.09115,1.08975,1.0905,19144,60846.05,0,NaN,NaN,NaN,NaN,NaN,NaN,673300
1709794800,1.09055,1.0923,1.08715,1.0919,119366,63065.1,0,NaN,NaN,NaN,NaN,NaN,NaN,673300
1709823600,1.09195,1.0953,1.0912,1.09525,88746,66534,0,NaN,NaN,NaN,NaN,NaN,NaN,647819
1709852400,1.09525,1.09595,1.09475,1.09515,18426,61912.05,0,NaN,NaN,NaN,NaN,NaN,NaN,647819
1709881200,1.0952,1.0985,1.09215,1.09615,152573,67095.85,0,NaN,NaN,NaN,NaN,NaN,NaN,647819
1709910000,1.09615,1.09655,1.0937,1.0943,68970,69654.2,0,NaN,NaN,NaN,NaN,NaN,NaN,625382
1710108000,1.09425,1.09495,1.09385,1.09445,13327,65022.15,0,NaN,NaN,NaN,NaN,NaN,NaN,625382
1710136800,1.0944,1.09515,1.09205,1.0923,70562,61877.15,0,NaN,NaN,NaN,NaN,NaN,NaN,625382
1710165600,1.0923,1.09335,1.0917,1.09285,62101,63729.55,0,NaN,NaN,NaN,NaN,NaN,NaN,575631
1710194400,1.09275,1.09415,1.0927,1.0941,13148,59982.9,0,NaN,NaN,NaN,NaN,NaN,NaN,575631
1710223200,1.0941,1.09465,1.09045,1.0913,111529,60869.15,0,NaN,NaN,NaN,NaN,NaN,NaN,575631
1710252000,1.09135,1.093,1.0909,1.0929,61251,63221.7,0,NaN,NaN,NaN,NaN,NaN,NaN,469580
1710280800,1.0928,1.0933,1.09245,1.09305,10611,60138.9,0,NaN,NaN,NaN,NaN,NaN,NaN,469580
1710309600,1.09305,1.09495,1.0922,1.09395,63917,60530.2,0,NaN,NaN,NaN,NaN,NaN,NaN,469580
1710338400,1.09395,1.0966,1.09335,1.095,75308,63692.3,0,NaN,NaN,NaN,NaN,NaN,NaN,221608
1710367200,1.095,1.0956,1.094,1.09405,10145,60809.7,0,NaN,NaN,NaN,NaN,NaN,NaN,221608
1710396000,1.09405,1.0946,1.09095,1.09125,68405,60651.85,0,NaN,NaN,NaN,NaN,NaN,NaN,221608
1710424800,1.0913,1.0915,1.08815,1.0884,70974,63266.45,0,NaN,NaN,NaN,NaN,NaN,NaN,136985
1710453600,1.0928,1.09285,1.09145,1.0918,14365,59911.4,0,NaN,NaN,NaN,NaN,NaN,NaN,136985
1710482400,1.0918,1.0941,1.09165,1.0928,88286,60057.7,0,NaN,NaN,NaN,NaN,NaN,NaN,136985
1710511200,1.0928,1.0936,1.09225,1.093,59571,62079.05,0,NaN,NaN,NaN,NaN,NaN,NaN,641217
1710712800,1.0932,1.0933,1.0921,1.0928,13635,56792.5,0,NaN,NaN,NaN,NaN,NaN,NaN,641217
1710741600,1.09275,1.09465,1.09265,1.09295,55977,55154.05,0,NaN,NaN,NaN,NaN,NaN,NaN,641217
1710770400,1.093,1.0934,1.0907,1.0913,72496,57857.55,0,NaN,NaN,NaN,NaN,NaN,NaN,648347
1710799200,1.0912,1.09165,1.0903,1.09045,18662,51162,0,NaN,NaN,NaN,NaN,NaN,NaN,648347
1710828000,1.0904,1.09085,1.08745,1.0894,94561,52441.55,0,NaN,NaN,NaN,NaN,NaN,NaN,648347
1710856800,1.08945,1.0908,1.08935,1.0905,66137,55082.05,0,NaN,NaN,NaN,NaN,NaN,NaN,647957
1710885600,1.09045,1.09105,1.0898,1.09055,12425,52175.2,0,NaN,NaN,NaN,NaN,NaN,NaN,647957
1710914400,1.0905,1.0911,1.08755,1.0884,75264,52833.35,0,NaN,NaN,NaN,NaN,NaN,NaN,647957
1710943200,1.0884,1.09625,1.0883,1.09625,133274,58839.65,0,NaN,NaN,NaN,NaN,NaN,NaN,651924
1710972000,1.0962,1.09775,1.096,1.097,29929,54759.65,0,NaN,NaN,NaN,NaN,NaN,NaN,651924
1711000800,1.097,1.09815,1.09215,1.0924,134577,58425.95,0,NaN,NaN,NaN,NaN,NaN,NaN,651924
1711029600,1.09235,1.0924,1.08935,1.08975,106086,63199.7,0,NaN,NaN,NaN,NaN,NaN,NaN,649773
1711058400,1.0902,1.09055,1.08685,1.0878,30934,61550.55,0,NaN,NaN,NaN,NaN,NaN,NaN,649773
1711087200,1.08785,1.08785,1.0845,1.08665,113338,63452.05,0,NaN,NaN,NaN,NaN,NaN,NaN,649773
1711116000,1.0867,1.0869,1.08395,1.08445,80616,66975.6,0,NaN,NaN,NaN,NaN,NaN,NaN,650472
1711317600,1.08435,1.0859,1.0839,1.0859,29014,65006.05,0,NaN,NaN,NaN,NaN,NaN,NaN,650472
1711346400,1.08595,1.0875,1.08445,1.08725,67495,64832.1,0,NaN,NaN,NaN,NaN,NaN,NaN,650472
1711375200,1.0873,1.088,1.0869,1.0875,46845,66456.1,0,NaN,NaN,NaN,NaN,NaN,NaN,648995
1711404000,1.08745,1.08855,1.0873,1.0884,15729,62828.25,0,NaN,NaN,NaN,NaN,NaN,NaN,648995
1711432800,1.0884,1.09015,1.0876,1.089,78526,63776,0,NaN,NaN,NaN,NaN,NaN,NaN,648995
1711461600,1.08905,1.08925,1.08615,1.08685,70749,66631.7,0,NaN,NaN,NaN,NaN,NaN,NaN,648995
1711490400,1.0868,1.08685,1.0855,1.0861,15704,64618.05,0,NaN,NaN,NaN,NaN,NaN,NaN,648995
1711519200,1.08605,1.08735,1.08455,1.08515,79608,64973.65,0,NaN,NaN,NaN,NaN,NaN,NaN,648995
1711548000,1.08515,1.08635,1.0848,1.08625,58821,66981.6,0,NaN,NaN,NaN,NaN,NaN,NaN,648513
1711576800,1.0862,1.0862,1.08415,1.0858,23538,63430.45,0,NaN,NaN,NaN,NaN,NaN,NaN,648513
1711605600,1.0858,1.0858,1.08085,1.08465,125910,66419.1,0,NaN,NaN,NaN,NaN,NaN,NaN,648513
1711634400,1.08475,1.08535,1.08185,1.08215,79246,69760.15,0,NaN,NaN,NaN,NaN,NaN,NaN,657365
1711922400,1.0812,1.0833,1.0812,1.08195,18503,66922.1,0,NaN,NaN,NaN,NaN,NaN,NaN,657365
1711951200,1.0819,1.08265,1.08055,1.0807,44080,62462.4,0,NaN,NaN,NaN,NaN,NaN,NaN,657365
1711980000,1.0807,1.0807,1.07645,1.07765,79646,64948.25,0,NaN,NaN,NaN,NaN,NaN,NaN,672599
1712008800,1.07765,1.0777,1.0759,1.076,24320,59435.4,0,NaN,NaN,NaN,NaN,NaN,NaN,672599
1712037600,1.076,1.0802,1.0758,1.07985,108576,59559.9,0,NaN,NaN,NaN,NaN,NaN,NaN,672599
1712066400,1.0799,1.0813,1.0791,1.08015,73159,61671.15,0,NaN,NaN,NaN,NaN,NaN,NaN,674066
1712095200,1.08045,1.0812,1.0799,1.0808,15949,56801.7,0,NaN,NaN,NaN,NaN,NaN,NaN,674066
1712124000,1.0808,1.0826,1.0797,1.0823,80972,56819.5,0,NaN,NaN,NaN,NaN,NaN,NaN,674066
1712152800,1.0823,1.087,1.0823,1.08695,98685,60303.05,0,NaN,NaN,NaN,NaN,NaN,NaN,664804
1712181600,1.08675,1.08785,1.08665,1.08735,16750,57765.8,0,NaN,NaN,NaN,NaN,NaN,NaN,664804
1712210400,1.0874,1.09085,1.0871,1.0902,95114,60179.25,0,NaN,NaN,NaN,NaN,NaN,NaN,664804
1712239200,1.0902,1.09085,1.08635,1.0869,79176,63351.6,0,NaN,NaN,NaN,NaN,NaN,NaN,653607
1712268000,1.0871,1.08755,1.0855,1.0859,18189,60334.75,0,NaN,NaN,NaN,NaN,NaN,NaN,653607
1712296800,1.0859,1.08795,1.08225,1.08325,109600,62277.3,0,NaN,NaN,NaN,NaN,NaN,NaN,653607
1712325600,1.08325,1.0876,1.0828,1.0868,74656,65224.9,0,NaN,NaN,NaN,NaN,NaN,NaN,645963
1712527200,1.0869,1.08745,1.0854,1.08655,16171,62053.05,0,NaN,NaN,NaN,NaN,NaN,NaN,645963
1712556000,1.08655,1.08845,1.0852,1.0883,66601,62442.05,0,NaN,NaN,NaN,NaN,NaN,NaN,645963
1712584800,1.0883,1.0893,1.08745,1.08905,61743,64352.3,0,NaN,NaN,NaN,NaN,NaN,NaN,638298
1712613600,1.08915,1.08945,1.08845,1.0889,9524,58533,0,NaN,NaN,NaN,NaN,NaN,NaN,638298
1712642400,1.0889,1.0916,1.088,1.0909,67307,57936.05,0,NaN,NaN,NaN,NaN,NaN,NaN,638298
1712671200,1.09095,1.0913,1.0878,1.08875,56611,59841.45,0,NaN,NaN,NaN,NaN,NaN,NaN,634692
1712700000,1.0886,1.089,1.0881,1.0882,10151,58145,0,NaN,NaN,NaN,NaN,NaN,NaN,634692
1712728800,1.0882,1.08965,1.07795,1.0781,159027,62114.05,0,NaN,NaN,NaN,NaN,NaN,NaN,634692
1712757600,1.0781,1.0797,1.07585,1.0773,111268,66461.45,0,NaN,NaN,NaN,NaN,NaN,NaN,645154
1712786400,1.0771,1.07775,1.0767,1.07715,15666,61815.95,0,NaN,NaN,NaN,NaN,NaN,NaN,645154
1712815200,1.0771,1.0785,1.07405,1.07635,138820,65099,0,NaN,NaN,NaN,NaN,NaN,NaN,645154
1712844000,1.07635,1.07635,1.0728,1.07545,96083,69105.7,0,NaN,NaN,NaN,NaN,NaN,NaN,645853
1712872800,1.0754,1.0758,1.0739,1.074,16076,65860.9,0,NaN,NaN,NaN,NaN,NaN,NaN,645853
1712901600,1.07395,1.074,1.0659,1.0671,145032,68178.25,0,NaN,NaN,NaN,NaN,NaN,NaN,645853
1712930400,1.067,1.0679,1.0651,1.0669,94354,72058.45,0,NaN,NaN,NaN,NaN,NaN,NaN,656333
1713132000,1.06665,1.0687,1.06635,1.06855,24733,68539.4,0,NaN,NaN,NaN,NaN,NaN,NaN,656333
1713160800,1.0685,1.0693,1.06585,1.06645,111734,70167.3,0,NaN,NaN,NaN,NaN,NaN,NaN,656333
1713189600,1.0665,1.0675,1.0648,1.06525,92194,73867.55,0,NaN,NaN,NaN,NaN,NaN,NaN,649606
1713218400,1.06525,1.0656,1.06335,1.0646,28168,69795.95,0,NaN,NaN,NaN,NaN,NaN,NaN,649606
1713247200,1.06455,1.0681,1.06295,1.0657,119453,72035.8,0,NaN,NaN,NaN,NaN,NaN,NaN,649606
1713276000,1.06575,1.0672,1.06285,1.06455,96612,76057.85,0,NaN,NaN,NaN,NaN,NaN,NaN,649425
1713304800,1.06445,1.06625,1.0637,1.0639,20114,73733.5,0,NaN,NaN,NaN,NaN,NaN,NaN,649425
1713333600,1.06385,1.06795,1.0633,1.06705,87682,75030.45,0,NaN,NaN,NaN,NaN,NaN,NaN,649425
1713362400,1.0671,1.0706,1.06565,1.07,71165,78112.5,0,NaN,NaN,NaN,NaN,NaN,NaN,658550
1713391200,1.06995,1.07095,1.069,1.0706,15480,75521.15,0,NaN,NaN,NaN,NaN,NaN,NaN,658550
1713420000,1.07065,1.07155,1.0672,1.06765,85623,76971.75,0,NaN,NaN,NaN,NaN,NaN,NaN,658550
1713448800,1.0677,1.06905,1.0667,1.06685,46542,78791.3,0,NaN,NaN,NaN,NaN,NaN,NaN,655301
1713477600,1.06675,1.06695,1.06355,1.06565,48780,73278.95,0,NaN,NaN,NaN,NaN,NaN,NaN,655301
1713506400,1.0656,1.0701,1.06525,1.0691,82552,71843.15,0,NaN,NaN,NaN,NaN,NaN,NaN,655301
1713535200,1.06915,1.0703,1.06655,1.0682,55141,73816.9,0,NaN,NaN,NaN,NaN,NaN,NaN,660293
1713736800,1.06775,1.0695,1.06775,1.06885,15506,67651.2,0,NaN,NaN,NaN,NaN,NaN,NaN,660293
1713765600,1.0689,1.0694,1.06485,1.0658,64675,66080.8,0,NaN,NaN,NaN,NaN,NaN,NaN,660293
1713794400,1.0658,1.0685,1.06575,1.06785,45364,67545.2,0,NaN,NaN,NaN,NaN,NaN,NaN,660476
1713823200,1.06775,1.0685,1.0674,1.0675,11038,60845.5,0,NaN,NaN,NaN,NaN,NaN,NaN,660476
1713852000,1.06755,1.07345,1.06625,1.0726,123388,62297.2,0,NaN,NaN,NaN,NaN,NaN,NaN,660476
1713880800,1.07265,1.0736,1.07145,1.07255,75968,64858.95,0,NaN,NaN,NaN,NaN,NaN,NaN,656277
1713909600,1.07285,1.0738,1.0723,1.0725,15609,60052.7,0,NaN,NaN,NaN,NaN,NaN,NaN,656277
1713938400,1.07255,1.07295,1.0702,1.07175,66758,58780.9,0,NaN,NaN,NaN,NaN,NaN,NaN,656277
1713967200,1.07175,1.0731,1.0705,1.0724,57279,60236.45,0,NaN,NaN,NaN,NaN,NaN,NaN,656185
1713996000,1.07235,1.0736,1.07175,1.07345,13121,54919.85,0,NaN,NaN,NaN,NaN,NaN,NaN,656185
1714024800,1.0735,1.0764,1.0701,1.0723,119539,56066.2,0,NaN,NaN,NaN,NaN,NaN,NaN,656185
1714053600,1.07235,1.07615,1.07155,1.0753,76831,58902.05,0,NaN,NaN,NaN,NaN,NaN,NaN,650669
1714082400,1.07535,1.07535,1.0741,1.07485,13533,55194.6,0,NaN,NaN,NaN,NaN,NaN,NaN,650669
1714111200,1.0748,1.07755,1.0729,1.073,109333,57103,0,NaN,NaN,NaN,NaN,NaN,NaN,650669
1714140000,1.07305,1.07345,1.0696,1.07155,90381,60848.05,0,NaN,NaN,NaN,NaN,NaN,NaN,643400
1714341600,1.0715,1.07555,1.0714,1.0747,41775,58655.65,0,NaN,NaN,NaN,NaN,NaN,NaN,643400
1714370400,1.0747,1.07505,1.07115,1.072,95149,61086,0,NaN,NaN,NaN,NaN,NaN,NaN,643400
1714399200,1.07205,1.07515,1.07205,1.0742,60451,61669.55,0,NaN,NaN,NaN,NaN,NaN,NaN,642347
1714428000,1.07435,1.0744,1.0716,1.07205,18828,58483.35,0,NaN,NaN,NaN,NaN,NaN,NaN,642347
1714456800,1.072,1.07565,1.071,1.0727,118064,61629.5,0,NaN,NaN,NaN,NaN,NaN,NaN,642347
1714485600,1.07265,1.0741,1.06855,1.06865,100207,65864.55,0,NaN,NaN,NaN,NaN,NaN,NaN,641785
1714514400,1.06875,1.0691,1.0675,1.0676,12251,63243.35,0,NaN,NaN,NaN,NaN,NaN,NaN,641785
1714543200,1.06765,1.07065,1.067,1.07025,52801,63615.2,0,NaN,NaN,NaN,NaN,NaN,NaN,641785
1714572000,1.0703,1.0754,1.06915,1.07335,124396,69283.1,0,NaN,NaN,NaN,NaN,NaN,NaN,639758
1714600800,1.0732,1.0741,1.0727,1.07355,18765,64051.95,0,NaN,NaN,NaN,NaN,NaN,NaN,639758
1714629600,1.07355,1.07475,1.07,1.07055,84479,64477.5,0,NaN,NaN,NaN,NaN,NaN,NaN,639758
1714658400,1.0706,1.07505,1.0694,1.07445,69406,67167.35,0,NaN,NaN,NaN,NaN,NaN,NaN,641811
1714687200,1.0746,1.0759,1.0744,1.0755,17701,64714.5,0,NaN,NaN,NaN,NaN,NaN,NaN,641811
1714716000,1.07555,1.08325,1.0744,1.0796,130394,68370.25,0,NaN,NaN,NaN,NaN,NaN,NaN,641811
1714744800,1.07965,1.08195,1.07705,1.07815,79400,71684.2,0,NaN,NaN,NaN,NaN,NaN,NaN,644668
1714946400,1.07815,1.07905,1.0774,1.078,13282,66371.35,0,NaN,NaN,NaN,NaN,NaN,NaN,644668
1714975200,1.078,1.08095,1.07765,1.0805,57917,65425.65,0,NaN,NaN,NaN,NaN,NaN,NaN,644668
1715004000,1.08055,1.0806,1.0785,1.07895,37039,66600.95,0,NaN,NaN,NaN,NaN,NaN,NaN,641280
1715032800,1.07865,1.0795,1.07755,1.0777,13586,61813.6,0,NaN,NaN,NaN,NaN,NaN,NaN,641280
1715061600,1.07775,1.08055,1.0773,1.0799,57448,60166.95,0,NaN,NaN,NaN,NaN,NaN,NaN,641280
1715090400,1.07995,1.08015,1.0766,1.0774,58019,60979.15,0,NaN,NaN,NaN,NaN,NaN,NaN,641835
1715119200,1.07725,1.0774,1.0756,1.0759,14980,56970.7,0,NaN,NaN,NaN,NaN,NaN,NaN,641835
1715148000,1.07585,1.07725,1.0753,1.0769,54818,56689.05,0,NaN,NaN,NaN,NaN,NaN,NaN,641835
1715176800,1.0769,1.0776,1.0759,1.0767,45585,58026.9,0,NaN,NaN,NaN,NaN,NaN,NaN,638878
1715205600,1.07675,1.07685,1.0759,1.07605,9038,52575.6,0,NaN,NaN,NaN,NaN,NaN,NaN,638878
1715234400,1.07605,1.07845,1.07405,1.0781,87568,51943.65,0,NaN,NaN,NaN,NaN,NaN,NaN,638878
1715263200,1.0781,1.08015,1.078,1.0799,57900,54226.1,0,NaN,NaN,NaN,NaN,NaN,NaN,639270
1715292000,1.08,1.08025,1.079,1.0792,12297,52200.9,0,NaN,NaN,NaN,NaN,NaN,NaN,639270
1715320800,1.07925,1.08065,1.07825,1.0804,59035,48932.85,0,NaN,NaN,NaN,NaN,NaN,NaN,639270
1715349600,1.0804,1.0807,1.07765,1.0788,58470,50918.1,0,NaN,NaN,NaN,NaN,NaN,NaN,636501
1715551200,1.0788,1.07915,1.0782,1.0789,9512,47169.75,0,NaN,NaN,NaN,NaN,NaN,NaN,636501
1715580000,1.0789,1.0823,1.07845,1.08205,62108,46804.85,0,NaN,NaN,NaN,NaN,NaN,NaN,636501
1715608800,1.08205,1.08215,1.08025,1.08065,53767,48608.15,0,NaN,NaN,NaN,NaN,NaN,NaN,636324
1715637600,1.0807,1.0809,1.08,1.0802,10581,42617.5,0,NaN,NaN,NaN,NaN,NaN,NaN,636324
1715666400,1.08025,1.08385,1.07805,1.0835,109604,44127.7,0,NaN,NaN,NaN,NaN,NaN,NaN,636324
1715695200,1.0835,1.08415,1.08255,1.0836,61558,46541.5,0,NaN,NaN,NaN,NaN,NaN,NaN,644455
1715724000,1.0834,1.0843,1.08285,1.0842,13167,44304,0,NaN,NaN,NaN,NaN,NaN,NaN,644455
1715752800,1.08425,1.0885,1.0837,1.08505,127271,48815.6,0,NaN,NaN,NaN,NaN,NaN,NaN,644455
1715781600,1.0851,1.09015,1.0849,1.09005,76700,51971.3,0,NaN,NaN,NaN,NaN,NaN,NaN,641899
1715810400,1.08995,1.09095,1.08935,1.0894,23839,50290.85,0,NaN,NaN,NaN,NaN,NaN,NaN,641899
1715839200,1.08935,1.08975,1.08685,1.08695,86122,51696,0,NaN,NaN,NaN,NaN,NaN,NaN,641899
1715868000,1.087,1.08895,1.0868,1.08805,60023,53948.15,0,NaN,NaN,NaN,NaN,NaN,NaN,641979
1715896800,1.08815,1.08825,1.0868,1.08745,15135,51964,0,NaN,NaN,NaN,NaN,NaN,NaN,641979
1715925600,1.0875,1.0882,1.08495,1.0869,71231,53246.3,0,NaN,NaN,NaN,NaN,NaN,NaN,641979
1715954400,1.0869,1.0892,1.0868,1.08825,62216,55905.2,0,NaN,NaN,NaN,NaN,NaN,NaN,642301
1716156000,1.08825,1.08955,1.0881,1.08935,15267,52290.15,0,NaN,NaN,NaN,NaN,NaN,NaN,642301
1716184800,1.0893,1.08975,1.0867,1.08785,62267,52508.5,0,NaN,NaN,NaN,NaN,NaN,NaN,642301
1716213600,1.08785,1.08835,1.08695,1.087,47258,54256.55,0,NaN,NaN,NaN,NaN,NaN,NaN,634896
1716242400,1.08715,1.0875,1.08635,1.08715,13342,51971.9,0,NaN,NaN,NaN,NaN,NaN,NaN,634896
1716271200,1.0871,1.08875,1.08555,1.08625,78750,52985.9,0,NaN,NaN,NaN,NaN,NaN,NaN,634896
1716300000,1.08625,1.08745,1.0859,1.0866,43829,54701.75,0,NaN,NaN,NaN,NaN,NaN,NaN,636681
1716328800,1.0868,1.08755,1.08645,1.0868,11218,52157.25,0,NaN,NaN,NaN,NaN,NaN,NaN,636681
1716357600,1.08685,1.0876,1.0834,1.08475,86944,53816.1,0,NaN,NaN,NaN,NaN,NaN,NaN,636681
1716386400,1.0848,1.0859,1.08295,1.0834,67855,56679.8,0,NaN,NaN,NaN,NaN,NaN,NaN,637318
1716415200,1.0837,1.08435,1.08325,1.08345,12530,51826.1,0,NaN,NaN,NaN,NaN,NaN,NaN,637318
1716444000,1.08345,1.0872,1.0823,1.08445,115663,54531.35,0,NaN,NaN,NaN,NaN,NaN,NaN,637318
1716472800,1.0845,1.0853,1.0815,1.0826,70994,57422.7,0,NaN,NaN,NaN,NaN,NaN,NaN,637101
1716501600,1.0825,1.08255,1.0816,1.08215,12481,51683.2,0,NaN,NaN,NaN,NaN,NaN,NaN,637101
1716530400,1.0821,1.08645,1.0819,1.08535,79918,51844.1,0,NaN,NaN,NaN,NaN,NaN,NaN,637101
1716559200,1.08545,1.08685,1.08525,1.08585,47148,53009.55,0,NaN,NaN,NaN,NaN,NaN,NaN,641133
1716760800,1.08585,1.08625,1.0856,1.0859,7546,49080.75,0,NaN,NaN,NaN,NaN,NaN,NaN,641133
1716789600,1.08595,1.08775,1.0851,1.0865,46555,48407.35,0,NaN,NaN,NaN,NaN,NaN,NaN,641133
1716818400,1.08655,1.08725,1.0859,1.08705,11214,48211.3,0,NaN,NaN,NaN,NaN,NaN,NaN,641133
1716847200,1.0868,1.0891,1.0868,1.0885,23759,45837.7,0,NaN,NaN,NaN,NaN,NaN,NaN,641133
1716876000,1.08845,1.0899,1.08735,1.08745,80139,46733.85,0,NaN,NaN,NaN,NaN,NaN,NaN,641133
1716904800,1.08745,1.08895,1.0865,1.0866,63510,49146,0,NaN,NaN,NaN,NaN,NaN,NaN,643081
1716933600,1.0868,1.08715,1.08535,1.0854,17268,46896.05,0,NaN,NaN,NaN,NaN,NaN,NaN,643081
1716962400,1.08545,1.08685,1.0839,1.0848,111559,50111.1,0,NaN,NaN,NaN,NaN,NaN,NaN,643081
1716991200,1.0848,1.08515,1.0809,1.08105,103314,54609.7,0,NaN,NaN,NaN,NaN,NaN,NaN,644126
1717020000,1.0812,1.0812,1.0796,1.07975,20696,51707,0,NaN,NaN,NaN,NaN,NaN,NaN,644126
1717048800,1.07975,1.08415,1.0797,1.0837,105086,54769.85,0,NaN,NaN,NaN,NaN,NaN,NaN,644126
1717077600,1.08375,1.0853,1.0835,1.08395,81420,58279.95,0,NaN,NaN,NaN,NaN,NaN,NaN,640042
1717106400,1.084,1.08415,1.0818,1.08265,20761,54970.8,0,NaN,NaN,NaN,NaN,NaN,NaN,640042
1717135200,1.0827,1.089,1.0822,1.0876,133026,58229.35,0,NaN,NaN,NaN,NaN,NaN,NaN,640042
1717164000,1.0876,1.0885,1.0847,1.08565,104277,62816.7,0,NaN,NaN,NaN,NaN,NaN,NaN,646018
1717365600,1.08575,1.08655,1.08545,1.0859,16475,57857.3,0,NaN,NaN,NaN,NaN,NaN,NaN,646018
1717394400,1.08595,1.08655,1.08345,1.08585,83646,58489.9,0,NaN,NaN,NaN,NaN,NaN,NaN,646018
1717423200,1.0859,1.09125,1.0859,1.0912,118753,63803.5,0,NaN,NaN,NaN,NaN,NaN,NaN,637231
1717452000,1.0912,1.0923,1.09095,1.09095,26321,61123.65,0,NaN,NaN,NaN,NaN,NaN,NaN,637231
1717480800,1.091,1.09115,1.08655,1.08725,125912,65061.85,0,NaN,NaN,NaN,NaN,NaN,NaN,637231
1717509600,1.08745,1.08945,1.08695,1.0885,91716,69270.35,0,NaN,NaN,NaN,NaN,NaN,NaN,633694
1717538400,1.0885,1.0892,1.0882,1.08855,14165,67650.85,0,NaN,NaN,NaN,NaN,NaN,NaN,633694
1717567200,1.0885,1.0898,1.08655,1.0896,80934,71136.85,0,NaN,NaN,NaN,NaN,NaN,NaN,633694
1717596000,1.0896,1.0896,1.08605,1.0874,90407,74469.25,0,NaN,NaN,NaN,NaN,NaN,NaN,624534
1717624800,1.0874,1.0901,1.0874,1.08895,22140,71569.3,0,NaN,NaN,NaN,NaN,NaN,NaN,624534
1717653600,1.089,1.09075,1.08665,1.089,104630,73625.3,0,NaN,NaN,NaN,NaN,NaN,NaN,624534
1717682400,1.08905,1.0899,1.08775,1.0894,56293,75576.55,0,NaN,NaN,NaN,NaN,NaN,NaN,622373
1717711200,1.08955,1.09025,1.08915,1.0895,11312,70564.2,0,NaN,NaN,NaN,NaN,NaN,NaN,622373
1717740000,1.08955,1.0919,1.0822,1.08235,156065,73201.75,0,NaN,NaN,NaN,NaN,NaN,NaN,622373
1717768800,1.0824,1.08295,1.08035,1.0806,88329,76583.4,0,NaN,NaN,NaN,NaN,NaN,NaN,616258
1717970400,1.07745,1.07855,1.07515,1.07575,35258,73092,0,NaN,NaN,NaN,NaN,NaN,NaN,616258
1717999200,1.0757,1.0772,1.07365,1.0744,110657,74553.85,0,NaN,NaN,NaN,NaN,NaN,NaN,616258
1718028000,1.0744,1.07705,1.0737,1.0769,81591,77595.35,0,NaN,NaN,NaN,NaN,NaN,NaN,558203
1718056800,1.0768,1.0774,1.07645,1.0769,12598,71573.95,0,NaN,NaN,NaN,NaN,NaN,NaN,558203
1718085600,1.0769,1.0777,1.0723,1.07275,118106,72265.4,0,NaN,NaN,NaN,NaN,NaN,NaN,558203
1718114400,1.07275,1.07525,1.0723,1.07445,62470,74565.15,0,NaN,NaN,NaN,NaN,NaN,NaN,439639
1718143200,1.0743,1.0749,1.07375,1.07485,8681,70816.9,0,NaN,NaN,NaN,NaN,NaN,NaN,439639
1718172000,1.07485,1.08405,1.07385,1.08395,132645,71511.5,0,NaN,NaN,NaN,NaN,NaN,NaN,439639
1718200800,1.084,1.08555,1.0807,1.08115,114433,75917.1,0,NaN,NaN,NaN,NaN,NaN,NaN,252048
1718229600,1.0814,1.0817,1.08025,1.0806,13204,70281.7,0,NaN,NaN,NaN,NaN,NaN,NaN,252048
1718258400,1.0806,1.0818,1.0782,1.0789,66683,69030.05,0,NaN,NaN,NaN,NaN,NaN,NaN,252048
1718287200,1.0789,1.0792,1.07345,1.07385,68330,71738.3,0,NaN,NaN,NaN,NaN,NaN,NaN,180837
1718316000,1.0783,1.0792,1.0777,1.07775,14713,68427.25,0,NaN,NaN,NaN,NaN,NaN,NaN,180837
1718344800,1.0777,1.07795,1.0715,1.07165,139532,70883.5,0,NaN,NaN,NaN,NaN,NaN,NaN,180837
1718373600,1.07165,1.0755,1.0715,1.0752,65533,73053.15,0,NaN,NaN,NaN,NaN,NaN,NaN,633536
1718575200,1.075,1.07555,1.0745,1.07465,14137,68528.5,0,NaN,NaN,NaN,NaN,NaN,NaN,633536
1718604000,1.0746,1.0767,1.07325,1.0762,77864,69607.05,0,NaN,NaN,NaN,NaN,NaN,NaN,633536
1718632800,1.07625,1.07845,1.07575,1.078,46042,71343.55,0,NaN,NaN,NaN,NaN,NaN,NaN,639831
1718661600,1.07795,1.0787,1.07645,1.07695,12128,64146.7,0,NaN,NaN,NaN,NaN,NaN,NaN,639831
1718690400,1.07695,1.07955,1.0756,1.0794,79523,63706.4,0,NaN,NaN,NaN,NaN,NaN,NaN,639831
1718719200,1.07945,1.08075,1.0778,1.07855,58071,64847.05,0,NaN,NaN,NaN,NaN,NaN,NaN,634512
1718748000,1.07855,1.0788,1.07805,1.0783,6893,59658.85,0,NaN,NaN,NaN,NaN,NaN,NaN,634512
1718776800,1.07835,1.07995,1.077,1.07895,48272,57992.9,0,NaN,NaN,NaN,NaN,NaN,NaN,634512
1718805600,1.0789,1.07965,1.07865,1.07925,12552,57990.6,0,NaN,NaN,NaN,NaN,NaN,NaN,634512
1718834400,1.079,1.0793,1.0781,1.0782,9286,52549.6,0,NaN,NaN,NaN,NaN,NaN,NaN,634512
1718863200,1.0782,1.07825,1.07565,1.07685,87020,53777.1,0,NaN,NaN,NaN,NaN,NaN,NaN,634512
1718892000,1.0769,1.0775,1.07455,1.07455,55050,56095.55,0,NaN,NaN,NaN,NaN,NaN,NaN,637868
1718920800,1.0749,1.0763,1.0744,1.07615,11836,50055.1,0,NaN,NaN,NaN,NaN,NaN,NaN,637868
1718949600,1.0761,1.0764,1.07145,1.0726,108626,49764.75,0,NaN,NaN,NaN,NaN,NaN,NaN,637868
1718978400,1.07265,1.07415,1.07235,1.0737,58741,52041.6,0,NaN,NaN,NaN,NaN,NaN,NaN,636577
1719180000,1.0735,1.0743,1.0727,1.0742,12241,49319.5,0,NaN,NaN,NaN,NaN,NaN,NaN,636577
1719208800,1.0742,1.07865,1.07405,1.0786,77998,49802.9,0,NaN,NaN,NaN,NaN,NaN,NaN,636577
1719237600,1.0786,1.079,1.0765,1.07775,50587,51596.6,0,NaN,NaN,NaN,NaN,NaN,NaN,635779
1719266400,1.07765,1.07865,1.0774,1.0784,9368,45088.4,0,NaN,NaN,NaN,NaN,NaN,NaN,635779
1719295200,1.07845,1.07845,1.07425,1.0745,72606,45442.05,0,NaN,NaN,NaN,NaN,NaN,NaN,635779
1719324000,1.0745,1.076,1.07325,1.0757,51651,47317.75,0,NaN,NaN,NaN,NaN,NaN,NaN,634364
1719352800,1.0756,1.076,1.0744,1.0746,14558,44152.45,0,NaN,NaN,NaN,NaN,NaN,NaN,634364
1719381600,1.07455,1.07475,1.07075,1.0716,89488,46324.75,0,NaN,NaN,NaN,NaN,NaN,NaN,634364
1719410400,1.0716,1.07375,1.0716,1.0722,83142,49875.45,0,NaN,NaN,NaN,NaN,NaN,NaN,636491
1719439200,1.0722,1.0737,1.0717,1.07355,13249,46561.75,0,NaN,NaN,NaN,NaN,NaN,NaN,636491
1719468000,1.07355,1.0767,1.07205,1.0761,98241,48570.25,0,NaN,NaN,NaN,NaN,NaN,NaN,636491
1719496800,1.07615,1.0766,1.07405,1.07435,59618,51206.5,0,NaN,NaN,NaN,NaN,NaN,NaN,633052
1719525600,1.0744,1.07505,1.07245,1.073,20463,49816.05,0,NaN,NaN,NaN,NaN,NaN,NaN,633052
1719554400,1.07305,1.07615,1.07295,1.0738,83920,53384.45,0,NaN,NaN,NaN,NaN,NaN,NaN,633052
1719583200,1.0738,1.0765,1.07325,1.0753,97213,57780.8,0,NaN,NaN,NaN,NaN,NaN,NaN,625100
1719784800,1.07705,1.08015,1.077,1.07955,37948,55327.2,0,NaN,NaN,NaN,NaN,NaN,NaN,625100
1719813600,1.0795,1.08155,1.07785,1.0794,109633,58056.35,0,NaN,NaN,NaN,NaN,NaN,NaN,625100
1719842400,1.07945,1.08135,1.07585,1.07795,81641,61546.6,0,NaN,NaN,NaN,NaN,NaN,NaN,625168
1719871200,1.0779,1.07805,1.07645,1.07695,13183,56774.45,0,NaN,NaN,NaN,NaN,NaN,NaN,625168
1719900000,1.077,1.07845,1.0748,1.07805,85751,58124.95,0,NaN,NaN,NaN,NaN,NaN,NaN,625168
1719928800,1.0781,1.0785,1.0762,1.0783,63766,60701.2,0,NaN,NaN,NaN,NaN,NaN,NaN,621208
1719957600,1.0788,1.0792,1.0774,1.07765,14303,57516.45,0,NaN,NaN,NaN,NaN,NaN,NaN,621208
1719986400,1.07765,1.08305,1.0775,1.08275,82044,59089.3,0,NaN,NaN,NaN,NaN,NaN,NaN,621208
1720015200,1.0828,1.0855,1.08155,1.08255,94248,63333.3,0,NaN,NaN,NaN,NaN,NaN,NaN,625572
1720044000,1.08245,1.0831,1.08195,1.08265,10011,60203.55,0,NaN,NaN,NaN,NaN,NaN,NaN,625572
1720072800,1.0826,1.08395,1.0821,1.08375,38799,59560.95,0,NaN,NaN,NaN,NaN,NaN,NaN,625572
1720101600,1.08375,1.085,1.08355,1.08485,12838,59474.95,0,NaN,NaN,NaN,NaN,NaN,NaN,625572
1720130400,1.08485,1.086,1.08455,1.08575,13901,55695.6,0,NaN,NaN,NaN,NaN,NaN,NaN,625572
1720159200,1.08575,1.0878,1.08325,1.0855,109785,57027.75,0,NaN,NaN,NaN,NaN,NaN,NaN,625572
1720188000,1.08555,1.08785,1.08465,1.0875,55815,59156.05,0,NaN,NaN,NaN,NaN,NaN,NaN,622101
1720389600,1.08515,1.08715,1.08515,1.0858,18648,55176.4,0,NaN,NaN,NaN,NaN,NaN,NaN,622101
1720418400,1.0858,1.0881,1.08505,1.0876,71473,55769.15,0,NaN,NaN,NaN,NaN,NaN,NaN,622101
1720447200,1.08765,1.088,1.08575,1.08585,47925,57142.25,0,NaN,NaN,NaN,NaN,NaN,NaN,621798
1720476000,1.0859,1.0868,1.0854,1.08635,11687,53530.6,0,NaN,NaN,NaN,NaN,NaN,NaN,621798
1720504800,1.0863,1.0865,1.0847,1.08565,54300,51384.95,0,NaN,NaN,NaN,NaN,NaN,NaN,621798
1720533600,1.0857,1.08635,1.08405,1.0849,50930,52034.05,0,NaN,NaN,NaN,NaN,NaN,NaN,622409
1720562400,1.0847,1.08555,1.08455,1.0852,13512,47228,0,NaN,NaN,NaN,NaN,NaN,NaN,622409
1720591200,1.0852,1.0863,1.08465,1.08565,66662,46479.05,0,NaN,NaN,NaN,NaN,NaN,NaN,622409
1720620000,1.0857,1.0865,1.08515,1.08645,40956,47867.7,0,NaN,NaN,NaN,NaN,NaN,NaN,622200
1720648800,1.08665,1.0873,1.08635,1.08675,12301,44195.2,0,NaN,NaN,NaN,NaN,NaN,NaN,622200
1720677600,1.08675,1.0933,1.0865,1.092,169791,49496.45,0,NaN,NaN,NaN,NaN,NaN,NaN,622200
1720706400,1.092,1.0923,1.08925,1.0901,81742,52868.4,0,NaN,NaN,NaN,NaN,NaN,NaN,628768
1720735200,1.0901,1.0907,1.0896,1.0902,19628,49747.6,0,NaN,NaN,NaN,NaN,NaN,NaN,628768
1720764000,1.09015,1.0931,1.08945,1.09305,104742,50272.3,0,NaN,NaN,NaN,NaN,NaN,NaN,628768
1720792800,1.0931,1.0944,1.0926,1.0942,63813,52962.4,0,NaN,NaN,NaN,NaN,NaN,NaN,628916
1720994400,1.09255,1.09285,1.09155,1.09265,19243,51984.6,0,NaN,NaN,NaN,NaN,NaN,NaN,628916
1721023200,1.0927,1.0953,1.09165,1.09475,83273,55506.35,0,NaN,NaN,NaN,NaN,NaN,NaN,628916
1721052000,1.09475,1.0954,1.09255,1.09265,67736,58198.1,0,NaN,NaN,NaN,NaN,NaN,NaN,631819
1721080800,1.0927,1.09305,1.0919,1.09205,16467,53532.2,0,NaN,NaN,NaN,NaN,NaN,NaN,631819
1721109600,1.092,1.09375,1.0903,1.09145,103763,55929.6,0,NaN,NaN,NaN,NaN,NaN,NaN,631819
1721138400,1.0915,1.09345,1.09045,1.0932,51682,57581.3,0,NaN,NaN,NaN,NaN,NaN,NaN,636277
1721167200,1.093,1.0938,1.0927,1.09355,14654,54740.35,0,NaN,NaN,NaN,NaN,NaN,NaN,636277
1721196000,1.09355,1.09795,1.0926,1.097,137358,59212,0,NaN,NaN,NaN,NaN,NaN,NaN,636277
1721224800,1.09705,1.09715,1.0955,1.09715,57081,61481.7,0,NaN,NaN,NaN,NaN,NaN,NaN,646172
1721253600,1.09695,1.0971,1.09615,1.0967,17717,59652.55,0,NaN,NaN,NaN,NaN,NaN,NaN,646172
1721282400,1.09665,1.09685,1.0937,1.0941,91164,61664.25,0,NaN,NaN,NaN,NaN,NaN,NaN,646172
1721311200,1.0941,1.0948,1.09235,1.09265,74340,64705.65,0,NaN,NaN,NaN,NaN,NaN,NaN,649558
1721340000,1.09255,1.09305,1.0914,1.09185,18416,62293.35,0,NaN,NaN,NaN,NaN,NaN,NaN,649558
1721368800,1.0918,1.09235,1.0905,1.09105,93674,64929.25,0,NaN,NaN,NaN,NaN,NaN,NaN,649558
1721397600,1.0911,1.09205,1.0905,1.0913,51050,66866.7,0,NaN,NaN,NaN,NaN,NaN,NaN,664121
1721599200,1.0913,1.0932,1.0911,1.09135,25046,59629.45,0,NaN,NaN,NaN,NaN,NaN,NaN,664121
1721628000,1.0913,1.0924,1.0904,1.0909,76537,59369.2,0,NaN,NaN,NaN,NaN,NaN,NaN,664121
1721656800,1.09095,1.09205,1.09015,1.0919,53330,61054.3,0,NaN,NaN,NaN,NaN,NaN,NaN,670674
1721685600,1.092,1.0925,1.09155,1.09185,14021,56518.25,0,NaN,NaN,NaN,NaN,NaN,NaN,670674
1721714400,1.09185,1.09185,1.08735,1.0877,103752,58515.2,0,NaN,NaN,NaN,NaN,NaN,NaN,670674
1721743200,1.08775,1.0886,1.08715,1.0881,55672,60336.65,0,NaN,NaN,NaN,NaN,NaN,NaN,659061
1721772000,1.08815,1.0884,1.08695,1.088,17117,57028.85,0,NaN,NaN,NaN,NaN,NaN,NaN,659061
1721800800,1.08795,1.08905,1.0852,1.0882,109442,59114.15,0,NaN,NaN,NaN,NaN,NaN,NaN,659061
1721829600,1.0882,1.0894,1.0863,1.08665,67605,61671.05,0,NaN,NaN,NaN,NaN,NaN,NaN,658169
1721858400,1.08665,1.08715,1.0861,1.0871,17700,57367.9,0,NaN,NaN,NaN,NaN,NaN,NaN,658169
1721887200,1.08705,1.0885,1.0854,1.0865,114123,60489.95,0,NaN,NaN,NaN,NaN,NaN,NaN,658169
1721916000,1.08645,1.0896,1.08625,1.0871,68629,63188.7,0,NaN,NaN,NaN,NaN,NaN,NaN,656018
1721944800,1.0871,1.0886,1.0869,1.0883,14535,57047.55,0,NaN,NaN,NaN,NaN,NaN,NaN,656018
1721973600,1.08825,1.08925,1.08675,1.0891,75774,57982.2,0,NaN,NaN,NaN,NaN,NaN,NaN,656018
1722002400,1.08915,1.0894,1.0877,1.08805,49035,59548.1,0,NaN,NaN,NaN,NaN,NaN,NaN,653735
1722204000,1.08815,1.0895,1.0876,1.08845,16198,55799.8,0,NaN,NaN,NaN,NaN,NaN,NaN,653735
1722232800,1.08845,1.08875,1.08355,1.08365,97517,56958.65,0,NaN,NaN,NaN,NaN,NaN,NaN,653735
1722261600,1.0837,1.0851,1.08275,1.08455,71434,59609.55,0,NaN,NaN,NaN,NaN,NaN,NaN,653945
1722290400,1.0846,1.08495,1.08385,1.0845,13609,55606.3,0,NaN,NaN,NaN,NaN,NaN,NaN,653945
1722319200,1.08445,1.086,1.0826,1.0835,83236,57215.6,0,NaN,NaN,NaN,NaN,NaN,NaN,653945
1722348000,1.08355,1.0842,1.08225,1.084,65618,59244.2,0,NaN,NaN,NaN,NaN,NaN,NaN,652760
1722376800,1.08395,1.0854,1.0836,1.08485,23928,56613.75,0,NaN,NaN,NaN,NaN,NaN,NaN,652760
1722405600,1.08485,1.08755,1.08305,1.08665,98499,58872.2,0,NaN,NaN,NaN,NaN,NaN,NaN,652760
1722434400,1.0867,1.08705,1.0825,1.08485,113395,63840.9,0,NaN,NaN,NaN,NaN,NaN,NaN,648918
1722463200,1.0849,1.08575,1.0844,1.08495,18090,59557.8,0,NaN,NaN,NaN,NaN,NaN,NaN,648918
1722492000,1.0849,1.085,1.0799,1.08255,133822,63465.3,0,NaN,NaN,NaN,NaN,NaN,NaN,648918
1722520800,1.0826,1.08405,1.08025,1.0813,90498,67134.35,0,NaN,NaN,NaN,NaN,NaN,NaN,651530
1722549600,1.08125,1.0826,1.08035,1.0826,20915,62708,0,NaN,NaN,NaN,NaN,NaN,NaN,651530
1722578400,1.0826,1.09285,1.0808,1.09275,218151,70235.3,0,NaN,NaN,NaN,NaN,NaN,NaN,651530
1722607200,1.09275,1.09485,1.09215,1.0933,126299,75665.25,0,NaN,NaN,NaN,NaN,NaN,NaN,660991
1722808800,1.094,1.0961,1.0924,1.09335,65470,73232.6,0,NaN,NaN,NaN,NaN,NaN,NaN,660991
1722837600,1.0934,1.10305,1.0914,1.10015,221572,80879.75,0,NaN,NaN,NaN,NaN,NaN,NaN,660991
1722866400,1.10005,1.1008,1.0969,1.0973,102544,85280.2,0,NaN,NaN,NaN,NaN,NaN,NaN,665693
1722895200,1.09735,1.0984,1.0965,1.0968,28986,82940.8,0,NaN,NaN,NaN,NaN,NaN,NaN,665693
1722924000,1.0968,1.097,1.09245,1.09395,125779,86778,0,NaN,NaN,NaN,NaN,NaN,NaN,665693
1722952800,1.09395,1.0956,1.09365,1.09525,82998,90118,0,NaN,NaN,NaN,NaN,NaN,NaN,654756
1722981600,1.09515,1.0953,1.0927,1.09305,27091,86596.7,0,NaN,NaN,NaN,NaN,NaN,NaN,654756
1723010400,1.0931,1.09485,1.09255,1.0939,73620,86706,0,NaN,NaN,NaN,NaN,NaN,NaN,654756
1723039200,1.0939,1.0957,1.09375,1.0943,68716,89461.35,0,NaN,NaN,NaN,NaN,NaN,NaN,647472
1723068000,1.0943,1.09565,1.0941,1.09545,18267,86212.9,0,NaN,NaN,NaN,NaN,NaN,NaN,647472
1723096800,1.0955,1.0964,1.09,1.0911,102439,88053.95,0,NaN,NaN,NaN,NaN,NaN,NaN,647472
1723125600,1.09115,1.09385,1.091,1.09375,55657,89640.4,0,NaN,NaN,NaN,NaN,NaN,NaN,642466
1723154400,1.09365,1.09425,1.093,1.0938,16679,85549.4,0,NaN,NaN,NaN,NaN,NaN,NaN,642466
1723183200,1.09375,1.09475,1.0927,1.0941,61966,82977.95,0,NaN,NaN,NaN,NaN,NaN,NaN,642466
1723212000,1.0941,1.09495,1.0933,1.09335,56544,84900.65,0,NaN,NaN,NaN,NaN,NaN,NaN,643483
1723413600,1.0935,1.0941,1.0928,1.09365,12455,78832.3,0,NaN,NaN,NaN,NaN,NaN,NaN,643483
1723442400,1.0937,1.09515,1.09335,1.0943,58877,77251.25,0,NaN,NaN,NaN,NaN,NaN,NaN,643483
1723471200,1.09435,1.0957,1.0933,1.0949,51710,78791,0,NaN,NaN,NaN,NaN,NaN,NaN,644452
1723500000,1.09495,1.09585,1.09465,1.0957,10312,68399.05,0,NaN,NaN,NaN,NaN,NaN,NaN,644452
1723528800,1.09575,1.09795,1.09305,1.0976,83405,66254.35,0,NaN,NaN,NaN,NaN,NaN,NaN,644452
1723557600,1.09765,1.10175,1.09655,1.10115,84722,67216.95,0,NaN,NaN,NaN,NaN,NaN,NaN,647523
1723586400,1.1011,1.10155,1.1006,1.10085,25039,57390.3,0,NaN,NaN,NaN,NaN,NaN,NaN,647523
1723615200,1.1008,1.106,1.10035,1.1055,131836,58854.9,0,NaN,NaN,NaN,NaN,NaN,NaN,647523
1723644000,1.1055,1.10645,1.1028,1.1029,73092,61060.2,0,NaN,NaN,NaN,NaN,NaN,NaN,664289
1723672800,1.103,1.1031,1.10185,1.1025,13833,55462.9,0,NaN,NaN,NaN,NaN,NaN,NaN,664289
1723701600,1.1025,1.1031,1.09645,1.0984,111513,56888.65,0,NaN,NaN,NaN,NaN,NaN,NaN,664289
1723730400,1.09845,1.1005,1.09805,1.0987,61712,58619.7,0,NaN,NaN,NaN,NaN,NaN,NaN,657192
1723759200,1.09885,1.1001,1.09855,1.1001,11813,55529.35,0,NaN,NaN,NaN,NaN,NaN,NaN,657192
1723788000,1.1,1.10195,1.09915,1.10175,70160,55601.55,0,NaN,NaN,NaN,NaN,NaN,NaN,657192
1723816800,1.1018,1.10445,1.09975,1.10435,58351,57605.75,0,NaN,NaN,NaN,NaN,NaN,NaN,658391
1724018400,1.10435,1.10635,1.1037,1.1062,23612,53664.4,0,NaN,NaN,NaN,NaN,NaN,NaN,658391
1724047200,1.1062,1.1065,1.10445,1.1059,61392,53951.15,0,NaN,NaN,NaN,NaN,NaN,NaN,658391
1724076000,1.1059,1.1101,1.10575,1.11,79762,57105.3,0,NaN,NaN,NaN,NaN,NaN,NaN,663290
1724104800,1.11,1.1103,1.1087,1.1091,20574,55035.7,0,NaN,NaN,NaN,NaN,NaN,NaN,663290
1724133600,1.1091,1.11195,1.10855,1.11155,80193,56218.15,0,NaN,NaN,NaN,NaN,NaN,NaN,663290
1724162400,1.11165,1.1145,1.11075,1.11445,69413,59066.05,0,NaN,NaN,NaN,NaN,NaN,NaN,668081
1724191200,1.11415,1.11465,1.113,1.11315,23792,57311.8,0,NaN,NaN,NaN,NaN,NaN,NaN,668081
1724220000,1.1132,1.11435,1.1124,1.1128,77986,58625.6,0,NaN,NaN,NaN,NaN,NaN,NaN,668081
1724248800,1.11285,1.11875,1.1113,1.1163,108456,63532.8,0,NaN,NaN,NaN,NaN,NaN,NaN,678954
1724277600,1.1162,1.117,1.11525,1.11555,19717,60348.4,0,NaN,NaN,NaN,NaN,NaN,NaN,678954
1724306400,1.11555,1.11895,1.1124,1.1131,99225,61073.55,0,NaN,NaN,NaN,NaN,NaN,NaN,678954
1724335200,1.11315,1.11315,1.111,1.11245,65501,63096.65,0,NaN,NaN,NaN,NaN,NaN,NaN,687410
1724364000,1.1124,1.11405,1.1121,1.11375,17768,57393.25,0,NaN,NaN,NaN,NaN,NaN,NaN,687410
1724392800,1.1137,1.11435,1.1117,1.11255,70314,57254.35,0,NaN,NaN,NaN,NaN,NaN,NaN,687410
1724421600,1.11255,1.12125,1.11245,1.1204,144712,63798.3,0,NaN,NaN,NaN,NaN,NaN,NaN,696477
1724623200,1.12025,1.12125,1.11885,1.119,24619,59453.6,0,NaN,NaN,NaN,NaN,NaN,NaN,696477
1724652000,1.11905,1.12005,1.11605,1.11705,77281,60232.05,0,NaN,NaN,NaN,NaN,NaN,NaN,696477
1724680800,1.1171,1.119,1.11645,1.11715,52478,62265.3,0,NaN,NaN,NaN,NaN,NaN,NaN,689449
1724709600,1.117,1.11825,1.117,1.11775,10870,59300.8,0,NaN,NaN,NaN,NaN,NaN,NaN,689449
1724738400,1.11775,1.11895,1.11595,1.11785,74243,60095.4,0,NaN,NaN,NaN,NaN,NaN,NaN,689449
1724767200,1.1179,1.1201,1.11695,1.11955,53860,61607.8,0,NaN,NaN,NaN,NaN,NaN,NaN,698248
1724796000,1.11935,1.11955,1.11495,1.1154,26455,59860.95,0,NaN,NaN,NaN,NaN,NaN,NaN,698248
1724824800,1.1154,1.11695,1.11145,1.1121,97915,60768.6,0,NaN,NaN,NaN,NaN,NaN,NaN,698248
1724853600,1.11215,1.11475,1.1115,1.11295,74233,63451.55,0,NaN,NaN,NaN,NaN,NaN,NaN,696835
1724882400,1.11275,1.11455,1.1125,1.11435,15581,60220.95,0,NaN,NaN,NaN,NaN,NaN,NaN,696835
1724911200,1.11435,1.11475,1.10795,1.10905,112126,62356.6,0,NaN,NaN,NaN,NaN,NaN,NaN,696835
1724940000,1.10905,1.10955,1.10635,1.1085,68933,64613.65,0,NaN,NaN,NaN,NaN,NaN,NaN,697175
1724968800,1.1085,1.1091,1.10775,1.1085,12321,61330.4,0,NaN,NaN,NaN,NaN,NaN,NaN,697175
1724997600,1.1085,1.1103,1.1062,1.10805,87129,60264.05,0,NaN,NaN,NaN,NaN,NaN,NaN,697175
1725026400,1.10805,1.1088,1.1051,1.10555,87484,63652.4,0,NaN,NaN,NaN,NaN,NaN,NaN,699893
1725228000,1.1054,1.10635,1.1049,1.10625,13797,59381,0,NaN,NaN,NaN,NaN,NaN,NaN,699893
1725256800,1.10625,1.1085,1.1062,1.1075,44504,58331.15,0,NaN,NaN,NaN,NaN,NaN,NaN,699893
1725285600,1.1075,1.1079,1.10675,1.1073,12298,58057.65,0,NaN,NaN,NaN,NaN,NaN,NaN,699893
1725314400,1.1079,1.10795,1.10605,1.10665,10903,55087.1,0,NaN,NaN,NaN,NaN,NaN,NaN,699893
1725343200,1.10665,1.10745,1.10395,1.10685,85601,52131.55,0,NaN,NaN,NaN,NaN,NaN,NaN,699893
1725372000,1.1069,1.10835,1.1033,1.105,65262,54163.7,0,NaN,NaN,NaN,NaN,NaN,NaN,684819
1725400800,1.10505,1.1066,1.1045,1.1064,14641,51031.7,0,NaN,NaN,NaN,NaN,NaN,NaN,684819
1725429600,1.1064,1.1069,1.1046,1.1064,55201,51167.85,0,NaN,NaN,NaN,NaN,NaN,NaN,684819
1725458400,1.1064,1.11015,1.10635,1.1088,88492,55048.95,0,NaN,NaN,NaN,NaN,NaN,NaN,675072
1725487200,1.10885,1.1091,1.1079,1.10845,12929,51983.25,0,NaN,NaN,NaN,NaN,NaN,NaN,675072
1725516000,1.1085,1.11255,1.1084,1.11095,82728,53426.65,0,NaN,NaN,NaN,NaN,NaN,NaN,675072
1725544800,1.11115,1.11185,1.10805,1.11155,66038,55405.8,0,NaN,NaN,NaN,NaN,NaN,NaN,656077
1725573600,1.1115,1.1123,1.11125,1.1121,8290,50924.55,0,NaN,NaN,NaN,NaN,NaN,NaN,656077
1725602400,1.1121,1.11595,1.10695,1.1087,126846,53555.2,0,NaN,NaN,NaN,NaN,NaN,NaN,656077
1725631200,1.10875,1.11395,1.10735,1.10895,104417,57997,0,NaN,NaN,NaN,NaN,NaN,NaN,640707
1725832800,1.10895,1.1095,1.10725,1.1073,12925,53036.95,0,NaN,NaN,NaN,NaN,NaN,NaN,640707
1725861600,1.1073,1.1076,1.10395,1.10505,63001,52740.35,0,NaN,NaN,NaN,NaN,NaN,NaN,640707
1725890400,1.1051,1.10575,1.1037,1.1038,48545,54551.55,0,NaN,NaN,NaN,NaN,NaN,NaN,600772
1725919200,1.1039,1.1046,1.10295,1.10425,9514,50670.8,0,NaN,NaN,NaN,NaN,NaN,NaN,600772
1725948000,1.10425,1.1053,1.10205,1.10225,52610,48927.1,0,NaN,NaN,NaN,NaN,NaN,NaN,600772
1725976800,1.1023,1.1032,1.1018,1.1022,46733,50573.9,0,NaN,NaN,NaN,NaN,NaN,NaN,442872
1726005600,1.10215,1.10545,1.10195,1.10465,17113,49204.35,0,NaN,NaN,NaN,NaN,NaN,NaN,442872
1726034400,1.1046,1.10575,1.10055,1.10155,76813,52430.1,0,NaN,NaN,NaN,NaN,NaN,NaN,442872
1726063200,1.10155,1.1029,1.10045,1.10145,61749,54972.4,0,NaN,NaN,NaN,NaN,NaN,NaN,267662
1726092000,1.1015,1.1023,1.1007,1.1023,7457,51065.2,0,NaN,NaN,NaN,NaN,NaN,NaN,267662
1726120800,1.10225,1.1042,1.10065,1.1038,61623,50883.25,0,NaN,NaN,NaN,NaN,NaN,NaN,267662
1726149600,1.10385,1.10765,1.1031,1.1076,44697,52386.05,0,NaN,NaN,NaN,NaN,NaN,NaN,191987
1726178400,1.1118,1.11325,1.11125,1.1125,20122,50632.1,0,NaN,NaN,NaN,NaN,NaN,NaN,191987
1726207200,1.1125,1.11445,1.11155,1.11365,62994,49357.2,0,NaN,NaN,NaN,NaN,NaN,NaN,191987
1726236000,1.1137,1.1138,1.1115,1.11185,55404,51480.95,0,NaN,NaN,NaN,NaN,NaN,NaN,653826
1726437600,1.1121,1.11465,1.1118,1.11395,15589,48124,0,NaN,NaN,NaN,NaN,NaN,NaN,653826
1726466400,1.114,1.11785,1.1139,1.11705,70031,48323.65,0,NaN,NaN,NaN,NaN,NaN,NaN,653826
1726495200,1.1171,1.11745,1.1157,1.1173,52262,50522.25,0,NaN,NaN,NaN,NaN,NaN,NaN,659766
1726524000,1.1174,1.1174,1.11615,1.1167,9680,44663.95,0,NaN,NaN,NaN,NaN,NaN,NaN,659766
1726552800,1.1167,1.1186,1.1152,1.1154,76397,43262.95,0,NaN,NaN,NaN,NaN,NaN,NaN,659766
1726581600,1.1154,1.11685,1.11495,1.1154,39801,44606.75,0,NaN,NaN,NaN,NaN,NaN,NaN,658600
1726610400,1.1156,1.11705,1.1154,1.1161,9837,41948.55,0,NaN,NaN,NaN,NaN,NaN,NaN,658600
1726639200,1.116,1.118,1.1155,1.1175,54445,42243.55,0,NaN,NaN,NaN,NaN,NaN,NaN,658600
1726668000,1.11755,1.1227,1.1134,1.1156,114082,47471.95,0,NaN,NaN,NaN,NaN,NaN,NaN,664491
1726696800,1.11575,1.1167,1.1104,1.1167,37325,46707.7,0,NaN,NaN,NaN,NaN,NaN,NaN,664491
1726725600,1.11665,1.1215,1.1153,1.1158,115932,50167.65,0,NaN,NaN,NaN,NaN,NaN,NaN,664491
1726754400,1.1158,1.1204,1.1152,1.1198,57368,52180.4,0,NaN,NaN,NaN,NaN,NaN,NaN,661951
1726783200,1.1197,1.12045,1.11925,1.1199,12989,48989.2,0,NaN,NaN,NaN,NaN,NaN,NaN,661951
1726812000,1.11995,1.1217,1.11875,1.119,78893,49846.4,0,NaN,NaN,NaN,NaN,NaN,NaN,661951
1726840800,1.11905,1.1211,1.1171,1.11975,70604,53003.75,0,NaN,NaN,NaN,NaN,NaN,NaN,660811
1727042400,1.11975,1.12015,1.119,1.11975,10791,50462.15,0,NaN,NaN,NaN,NaN,NaN,NaN,660811
1727071200,1.1198,1.11985,1.1118,1.11645,127507,54602.65,0,NaN,NaN,NaN,NaN,NaN,NaN,660811
1727100000,1.11645,1.11785,1.11445,1.1146,61562,56674.65,0,NaN,NaN,NaN,NaN,NaN,NaN,657650
1727128800,1.1146,1.1154,1.1138,1.1151,14770,54263.45,0,NaN,NaN,NaN,NaN,NaN,NaN,657650
1727157600,1.1151,1.1183,1.1139,1.1175,71057,55046.1,0,NaN,NaN,NaN,NaN,NaN,NaN,657650
1727186400,1.11755,1.12165,1.11745,1.1214,66691,57601.2,0,NaN,NaN,NaN,NaN,NaN,NaN,660263
1727215200,1.12145,1.1234,1.12135,1.1231,20237,55111.5,0,NaN,NaN,NaN,NaN,NaN,NaN,660263
1727244000,1.1231,1.12495,1.1213,1.123,97109,57353.85,0,NaN,NaN,NaN,NaN,NaN,NaN,660263
1727272800,1.12305,1.12305,1.1156,1.1168,84558,61097.75,0,NaN,NaN,NaN,NaN,NaN,NaN,661513
1727301600,1.1165,1.1185,1.11625,1.1183,15677,58061.75,0,NaN,NaN,NaN,NaN,NaN,NaN,661513
1727330400,1.11825,1.1199,1.1159,1.11735,97353,60939.35,0,NaN,NaN,NaN,NaN,NaN,NaN,661513
1727359200,1.1174,1.12225,1.11595,1.1211,83694,64632.2,0,NaN,NaN,NaN,NaN,NaN,NaN,665183
1727388000,1.12105,1.1211,1.11915,1.1197,15159,62667.9,0,NaN,NaN,NaN,NaN,NaN,NaN,665183
1727416800,1.11965,1.12365,1.1158,1.12185,125309,63229.25,0,NaN,NaN,NaN,NaN,NaN,NaN,665183
1727445600,1.1219,1.12255,1.118,1.11965,61682,64447.1,0,NaN,NaN,NaN,NaN,NaN,NaN,663704
1727647200,1.1196,1.1207,1.1189,1.11995,16946,59497.8,0,NaN,NaN,NaN,NaN,NaN,NaN,663704
1727676000,1.11995,1.1242,1.1189,1.1202,91657,61212.25,0,NaN,NaN,NaN,NaN,NaN,NaN,663704
1727704800,1.12025,1.12025,1.11475,1.11685,102535,65689.55,0,NaN,NaN,NaN,NaN,NaN,NaN,658450
1727733600,1.11665,1.1177,1.1161,1.1171,14470,62468.4,0,NaN,NaN,NaN,NaN,NaN,NaN,658450
1727762400,1.11705,1.11745,1.10915,1.11055,129858,65431.1,0,NaN,NaN,NaN,NaN,NaN,NaN,658450
1727791200,1.11065,1.11205,1.1079,1.1101,86737,69228.4,0,NaN,NaN,NaN,NaN,NaN,NaN,654366
1727820000,1.1104,1.1107,1.10875,1.10955,14292,63567.65,0,NaN,NaN,NaN,NaN,NaN,NaN,654366
1727848800,1.1095,1.1116,1.10805,1.10845,69415,63960.3,0,NaN,NaN,NaN,NaN,NaN,NaN,654366
1727877600,1.1085,1.10905,1.1066,1.10785,55997,66021.65,0,NaN,NaN,NaN,NaN,NaN,NaN,649754
1727906400,1.108,1.10815,1.10565,1.10605,14147,63176.15,0,NaN,NaN,NaN,NaN,NaN,NaN,649754
1727935200,1.106,1.10795,1.1058,1.10695,73812,63532.2,0,NaN,NaN,NaN,NaN,NaN,NaN,649754
1727964000,1.10685,1.10705,1.10385,1.10615,67059,65873.3,0,NaN,NaN,NaN,NaN,NaN,NaN,648082
1727992800,1.10615,1.10705,1.10565,1.10645,11540,61594.85,0,NaN,NaN,NaN,NaN,NaN,NaN,648082
1728021600,1.1065,1.1068,1.09905,1.1005,118641,63299,0,NaN,NaN,NaN,NaN,NaN,NaN,648082
1728050400,1.10055,1.10135,1.0983,1.1007,81062,66568.25,0,NaN,NaN,NaN,NaN,NaN,NaN,658761
1728252000,1.10025,1.10095,1.0995,1.10015,15713,62486.25,0,NaN,NaN,NaN,NaN,NaN,NaN,658761
1728280800,1.10005,1.1016,1.09865,1.10115,71705,61886.8,0,NaN,NaN,NaN,NaN,NaN,NaN,658761
1728309600,1.1012,1.1019,1.0998,1.1006,51547,63706.2,0,NaN,NaN,NaN,NaN,NaN,NaN,654015
1728338400,1.10065,1.10185,1.1004,1.1015,16683,58274.9,0,NaN,NaN,NaN,NaN,NaN,NaN,654015
1728367200,1.1014,1.1029,1.10025,1.10095,57446,58063.1,0,NaN,NaN,NaN,NaN,NaN,NaN,654015
1728396000,1.10095,1.10125,1.0992,1.1012,39102,59170.9,0,NaN,NaN,NaN,NaN,NaN,NaN,648901
1728424800,1.10115,1.10125,1.0993,1.1004,14546,55315.35,0,NaN,NaN,NaN,NaN,NaN,NaN,648901
1728453600,1.10045,1.10045,1.0977,1.09845,52214,52799.3,0,NaN,NaN,NaN,NaN,NaN,NaN,648901
1728482400,1.09845,1.09905,1.0967,1.097,46388,54395.2,0,NaN,NaN,NaN,NaN,NaN,NaN,646106
1728511200,1.097,1.09755,1.09665,1.09685,8831,48343.85,0,NaN,NaN,NaN,NaN,NaN,NaN,646106
1728540000,1.0968,1.0984,1.09345,1.0966,94331,48723.55,0,NaN,NaN,NaN,NaN,NaN,NaN,646106
1728568800,1.09665,1.0971,1.09295,1.09665,58301,50924,0,NaN,NaN,NaN,NaN,NaN,NaN,645887
1728597600,1.0966,1.097,1.09585,1.09645,11833,48044.9,0,NaN,NaN,NaN,NaN,NaN,NaN,645887
1728626400,1.09645,1.0983,1.09555,1.09685,80217,49255.9,0,NaN,NaN,NaN,NaN,NaN,NaN,645887
1728655200,1.0969,1.0982,1.09615,1.09655,37581,50427.6,0,NaN,NaN,NaN,NaN,NaN,NaN,640770
1728856800,1.09635,1.09635,1.0944,1.09545,13371,47405.55,0,NaN,NaN,NaN,NaN,NaN,NaN,640770
1728885600,1.0955,1.0965,1.09335,1.09485,48620,46483.6,0,NaN,NaN,NaN,NaN,NaN,NaN,640770
1728914400,1.09485,1.09485,1.0917,1.0938,48195,48316.35,0,NaN,NaN,NaN,NaN,NaN,NaN,642231
1728943200,1.0935,1.09385,1.0917,1.092,12212,42994.9,0,NaN,NaN,NaN,NaN,NaN,NaN,642231
1728972000,1.09195,1.0945,1.0913,1.0938,64110,42147.3,0,NaN,NaN,NaN,NaN,NaN,NaN,642231
1729000800,1.0938,1.094,1.091,1.09185,52661,43994.7,0,NaN,NaN,NaN,NaN,NaN,NaN,639957
1729029600,1.09185,1.0923,1.09095,1.09155,10170,40917.95,0,NaN,NaN,NaN,NaN,NaN,NaN,639957
1729058400,1.0916,1.0929,1.0903,1.0918,65215,41601.35,0,NaN,NaN,NaN,NaN,NaN,NaN,639957
1729087200,1.0918,1.09185,1.08805,1.08885,56703,43602.35,0,NaN,NaN,NaN,NaN,NaN,NaN,635342
1729116000,1.08885,1.08915,1.08775,1.08805,13423,41401.2,0,NaN,NaN,NaN,NaN,NaN,NaN,635342
1729144800,1.08805,1.09005,1.08375,1.0859,113542,45123.2,0,NaN,NaN,NaN,NaN,NaN,NaN,635342
1729173600,1.08595,1.0867,1.08405,1.08575,57322,47262,0,NaN,NaN,NaN,NaN,NaN,NaN,637776
1729202400,1.08575,1.087,1.0851,1.0869,13218,45312.2,0,NaN,NaN,NaN,NaN,NaN,NaN,637776
1729231200,1.08685,1.08895,1.08605,1.0883,71182,46551.9,0,NaN,NaN,NaN,NaN,NaN,NaN,637776
1729260000,1.0883,1.08955,1.0879,1.0893,44880,48354.35,0,NaN,NaN,NaN,NaN,NaN,NaN,636514
1729461600,1.0893,1.08975,1.08835,1.08855,14509,44363.25,0,NaN,NaN,NaN,NaN,NaN,NaN,636514
1729490400,1.0885,1.0886,1.087,1.0873,56353,44265.85,0,NaN,NaN,NaN,NaN,NaN,NaN,636514
1729519200,1.08735,1.08745,1.0836,1.08405,58356,46592,0,NaN,NaN,NaN,NaN,NaN,NaN,635749
1729548000,1.08405,1.0849,1.0839,1.08445,13079,43235.1,0,NaN,NaN,NaN,NaN,NaN,NaN,635749
1729576800,1.0844,1.08635,1.08265,1.0832,72515,44981.8,0,NaN,NaN,NaN,NaN,NaN,NaN,635749
1729605600,1.08325,1.08405,1.08175,1.0824,63578,47492.15,0,NaN,NaN,NaN,NaN,NaN,NaN,630715
1729634400,1.08235,1.0831,1.08165,1.0831,13620,45742.15,0,NaN,NaN,NaN,NaN,NaN,NaN,630715
1729663200,1.08305,1.08305,1.07855,1.08,83982,47531.5,0,NaN,NaN,NaN,NaN,NaN,NaN,630715
1729692000,1.08005,1.0811,1.0792,1.0807,58795,49860.65,0,NaN,NaN,NaN,NaN,NaN,NaN,640522
1729720800,1.08065,1.0816,1.0802,1.08115,15535,47431.9,0,NaN,NaN,NaN,NaN,NaN,NaN,640522
1729749600,1.08115,1.0834,1.07935,1.08235,101624,49880.05,0,NaN,NaN,NaN,NaN,NaN,NaN,640522
1729778400,1.08235,1.0853,1.08195,1.08505,61980,52470.55,0,NaN,NaN,NaN,NaN,NaN,NaN,649152
1729807200,1.08495,1.08515,1.0842,1.0844,14484,49934,0,NaN,NaN,NaN,NaN,NaN,NaN,649152
1729836000,1.0844,1.0862,1.0836,1.08575,73495,50773.6,0,NaN,NaN,NaN,NaN,NaN,NaN,649152
1729864800,1.0857,1.08605,1.0816,1.08185,62666,53235.75,0,NaN,NaN,NaN,NaN,NaN,NaN,646710
1730066400,1.0819,1.0824,1.08045,1.081,18754,48496.35,0,NaN,NaN,NaN,NaN,NaN,NaN,646710
1730095200,1.08095,1.0848,1.08085,1.0842,59069,48583.7,0,NaN,NaN,NaN,NaN,NaN,NaN,646710
1730124000,1.08425,1.08495,1.0832,1.0834,52792,50562.4,0,NaN,NaN,NaN,NaN,NaN,NaN,640856
1730152800,1.08345,1.08405,1.08275,1.08325,10755,47541.05,0,NaN,NaN,NaN,NaN,NaN,NaN,640856
1730181600,1.08325,1.0848,1.07905,1.0809,95135,50053.8,0,NaN,NaN,NaN,NaN,NaN,NaN,640856
1730210400,1.081,1.084,1.08065,1.084,100529,54354.8,0,NaN,NaN,NaN,NaN,NaN,NaN,639808
1730239200,1.0838,1.0847,1.08345,1.08365,10581,52066.2,0,NaN,NaN,NaN,NaN,NaN,NaN,639808
1730268000,1.08365,1.08805,1.0826,1.08645,108971,54596.95,0,NaN,NaN,NaN,NaN,NaN,NaN,639808
1730296800,1.0865,1.08925,1.08625,1.0878,79236,57904.8,0,NaN,NaN,NaN,NaN,NaN,NaN,637244
1730325600,1.08785,1.08795,1.0864,1.0871,18301,55194.1,0,NaN,NaN,NaN,NaN,NaN,NaN,637244
1730354400,1.0871,1.0908,1.0867,1.0879,92884,56659.4,0,NaN,NaN,NaN,NaN,NaN,NaN,637244
1730383200,1.0879,1.09045,1.08655,1.0903,106542,61305.5,0,NaN,NaN,NaN,NaN,NaN,NaN,638227
1730412000,1.0901,1.0907,1.089,1.08905,13142,57763.5,0,NaN,NaN,NaN,NaN,NaN,NaN,638227
1730440800,1.0891,1.09245,1.08715,1.0888,100672,59857.35,0,NaN,NaN,NaN,NaN,NaN,NaN,638227
1730469600,1.08885,1.0898,1.08505,1.0852,68297,62495.45,0,NaN,NaN,NaN,NaN,NaN,NaN,634766
1730674800,1.0889,1.0924,1.0888,1.091,36497,59239.1,0,NaN,NaN,NaN,NaN,NaN,NaN,634766
1730703600,1.091,1.09335,1.09055,1.09185,72813,59780.75,0,NaN,NaN,NaN,NaN,NaN,NaN,634766
1730732400,1.0919,1.09265,1.08925,1.0896,63261,62219.6,0,NaN,NaN,NaN,NaN,NaN,NaN,630742
1730761200,1.0897,1.09005,1.08905,1.0899,11898,59139.75,0,NaN,NaN,NaN,NaN,NaN,NaN,630742
1730790000,1.0899,1.09295,1.0899,1.0925,58048,58908.85,0,NaN,NaN,NaN,NaN,NaN,NaN,630742
1730818800,1.09235,1.0955,1.0907,1.09475,61647,61053.5,0,NaN,NaN,NaN,NaN,NaN,NaN,623017
1730847600,1.0946,1.09545,1.072,1.07435,158217,66010.9,0,NaN,NaN,NaN,NaN,NaN,NaN,623017
1730876400,1.07435,1.07985,1.0699,1.07325,128143,69778.45,0,NaN,NaN,NaN,NaN,NaN,NaN,623017
1730905200,1.0733,1.07755,1.0731,1.07465,84222,73451.8,0,NaN,NaN,NaN,NaN,NaN,NaN,620221
1730934000,1.07475,1.0766,1.07285,1.0766,26112,70000.65,0,NaN,NaN,NaN,NaN,NaN,NaN,620221
1730962800,1.0765,1.0832,1.07605,1.0825,110708,70509.6,0,NaN,NaN,NaN,NaN,NaN,NaN,620221
1730991600,1.0825,1.084,1.07825,1.0818,102535,75107.3,0,NaN,NaN,NaN,NaN,NaN,NaN,614700
1731020400,1.0818,1.082,1.07885,1.07925,21127,70715.1,0,NaN,NaN,NaN,NaN,NaN,NaN,614700
1731049200,1.0793,1.08125,1.07595,1.07665,92217,71364.15,0,654,-5664,-2222,26781,-29003,-2222,614700
1731078000,1.0767,1.07695,1.0702,1.07345,98100,75354.1,0,0,-20368,-20100,39000,-59100,-20100,609756
1731279600,1.07245,1.0743,1.0723,1.07355,28014,72110.6,0,4647,0,4616,16315,-11699,4616,609756
1731308400,1.07355,1.0737,1.06435,1.06575,127583,73162.65,0,349,-15412,-13217,57183,-70400,-13217,609756
1731337200,1.06575,1.06725,1.0651,1.06705,62417,75626.4,0,6692,-485,5933,34175,-28242,5933,607294
1731366000,1.0671,1.06775,1.0644,1.06485,27358,71960.7,0,731,-1719,-816,13271,-14087,-816,607294
1731394800,1.06485,1.06515,1.06205,1.06315,96143,73353,0,564,-6269,-3331,46406,-49737,-3331,607294
1731423600,1.0632,1.0641,1.0609,1.06375,75026,75279.45,0,0,-8394,-4548,35239,-39787,-4548,612445
1731452400,1.06355,1.0643,1.06215,1.0627,24288,72853.2,0,1591,-1529,220,12254,-12034,220,612445
1731481200,1.0627,1.0669,1.059,1.05995,153582,77369.25,0,5692,-14895,-13564,70009,-83573,-13564,612445
1731510000,1.05995,1.06075,1.05695,1.05765,109251,82236.9,0,3462,-7450,977,55114,-54137,977,617304
1731538800,1.0577,1.05815,1.0546,1.05575,29739,80821.45,0,0,-6429,-4483,12628,-17111,-4483,617304
1731567600,1.0558,1.0581,1.05085,1.05655,152052,85341.7,0,9503,-8011,5382,78717,-73335,5382,617304
1731596400,1.05655,1.05955,1.0524,1.05425,92351,82048.4,0,4561,-18383,-17467,37442,-54909,-17467,620758
1731625200,1.0543,1.05735,1.0535,1.0566,22908,76786.65,0,3989,-955,3612,13260,-9648,3612,620758
1731654000,1.05655,1.06055,1.05355,1.05435,115636,78357.35,0,16120,-404,10836,63236,-52400,10836,620758
1731682800,1.0544,1.0572,1.05285,1.0553,74285,80766,0,6854,-2041,2639,38462,-35823,2639,621584
1731884400,1.05495,1.0562,1.05415,1.05545,19906,76225.9,0,0,-3468,-1706,9100,-10806,-1706,621584
1731913200,1.05545,1.05865,1.05445,1.0581,73937,74796,0,12192,-454,11179,42558,-31379,11179,621584
1731942000,1.0581,1.0619,1.05725,1.061,65080,76993.65,0,9457,-1301,9420,37250,-27830,9420,628101
1731970800,1.06115,1.0612,1.05935,1.0604,21625,73464.05,0,886,-1074,803,11214,-10411,803,628101
1731999600,1.0604,1.06085,1.05345,1.0584,124264,74772.25,0,279,-11071,-6140,59062,-65202,-6140,628101
1732028400,1.0584,1.06125,1.05765,1.06065,54023,76072.7,0,5913,-467,3047,28535,-25488,3047,633712
1732057200,1.0608,1.06205,1.0594,1.05985,17839,70585.5,0,2002,-213,239,9039,-8800,239,633712
1732086000,1.0598,1.0606,1.05335,1.05355,86007,71765,0,1573,-12851,-12205,36901,-49106,-12205,633712
1732114800,1.0536,1.05555,1.05175,1.05545,60578,73426,0,1518,-4070,1352,30965,-29613,1352,638103
1732143600,1.05535,1.05645,1.05515,1.0555,12949,69266.3,0,658,-624,-21,6464,-6485,-21,638103
1732172400,1.05545,1.05575,1.05235,1.05445,90646,70047.3,0,397,-6021,-1486,44580,-46066,-1486,638103
1732201200,1.0545,1.05545,1.04715,1.0484,103116,73988.7,0,862,-8965,-3018,50049,-53067,-3018,637367
1732230000,1.0484,1.0488,1.04705,1.04785,17146,67166.9,0,367,-1162,-446,8350,-8796,-446,637367
1732258800,1.0479,1.05085,1.03405,1.0413,217151,72561.9,0,7064,-23865,1763,109457,-107694,1763,637367
1732287600,1.04145,1.0434,1.04015,1.0428,69958,74572.85,0,5954,-1625,4166,37062,-32896,4166,640026
1732489200,1.046,1.05125,1.0451,1.0492,41638,69052.15,0,6768,0,6354,23996,-17642,6354,640026
1732518000,1.0492,1.05395,1.04575,1.0517,117119,70290.55,0,18631,-4690,13073,65096,-52023,13073,640026
1732546800,1.0517,1.05285,1.04755,1.05045,94171,73853.7,0,1279,-8249,-2863,45654,-48517,-2863,637419
1732575600,1.0503,1.05085,1.0433,1.0484,49000,70521.9,0,1999,-4782,1468,25234,-23766,1468,637419
1732604400,1.04845,1.05525,1.04775,1.051,115685,72591.9,0,10731,-2212,2319,59002,-56683,2319,637419
1732633200,1.0511,1.0518,1.0465,1.0497,86631,75928.15,0,1761,-9571,-1109,42761,-43870,-1109,637202
1732662000,1.0497,1.05045,1.04825,1.0488,17354,73099,0,156,-1194,-306,8524,-8830,-306,637202
1732690800,1.0488,1.0587,1.04875,1.05645,136883,76689.15,0,20540,0,15671,76277,-60606,15671,637202
1732719600,1.0565,1.0596,1.0541,1.05745,86186,79917.2,0,7382,-2880,3620,44903,-41283,3620,636981
1732748400,1.0574,1.0576,1.05495,1.0555,18653,74636.65,0,255,-1472,-1213,8720,-9933,-1213,636981
1732777200,1.05555,1.0563,1.05345,1.0556,56235,74747.25,0,299,-4305,-2469,26883,-29352,-2469,636981
1732806000,1.05555,1.0564,1.05485,1.05595,11798,74445.2,0,830,-354,-330,6718,-7048,-330,636981
1732834800,1.05615,1.05865,1.0559,1.05865,18887,71089.2,0,1985,0,1981,10434,-8453,1981,636981
1732863600,1.05865,1.0603,1.05515,1.0559,72049,71662.75,0,3501,-2168,-555,35747,-36302,-555,636981
1732892400,1.05595,1.05845,1.0547,1.0577,42684,73149.5,0,6315,-1267,6053,25927,-19874,6053,640700
1733094000,1.0575,1.0575,1.05205,1.0538,30742,70154.3,0,0,-4478,-3044,13849,-16893,-3044,640700
1733122800,1.0539,1.0544,1.04775,1.0479,121374,71067.2,0,719,-16016,-16016,52679,-68695,-16016,640700
1733151600,1.0479,1.05215,1.04665,1.05045,99025,75161.15,0,15995,-199,12661,55843,-43182,12661,645946
1733180400,1.05035,1.05075,1.0486,1.0493,23391,65473.15,0,246,-2456,-2277,10557,-12834,-2277,645946
1733209200,1.04935,1.0536,1.04915,1.05245,79886,65969.55,0,11823,-7,9228,44557,-35329,9228,645946
1733238000,1.05245,1.05405,1.04975,1.0515,76026,67688.95,0,0,-10565,-6292,34867,-41159,-6292,629909
1733266800,1.0515,1.05335,1.0493,1.05275,22804,62973.2,0,2461,-1266,1804,12304,-10500,1804,629909
1733295600,1.05275,1.05315,1.0477,1.0497,92509,62890.1,0,1038,-9137,-4385,44062,-48447,-4385,629909
1733324400,1.05,1.0549,1.05,1.0516,110966,65988.4,0,19101,0,11314,61140,-49826,11314,622282
1733353200,1.05145,1.05335,1.05115,1.05295,17037,61056,0,1907,-444,1633,9335,-7702,1633,622282
1733382000,1.05295,1.05935,1.0525,1.0579,104416,61945.25,0,15710,-420,13070,58743,-45673,13070,622282
1733410800,1.05795,1.0593,1.05545,1.05895,70793,64617.2,0,4039,-3359,2715,36754,-34039,2715,619244
1733439600,1.059,1.0591,1.0569,1.0578,16285,58587.3,0,290,-965,-651,7817,-8468,-651,619244
1733468400,1.0578,1.06335,1.05705,1.05825,130401,60798.05,0,17346,-3390,991,65696,-64705,991,619244
1733497200,1.0582,1.0582,1.05455,1.0571,78178,63774.3,0,2668,-3235,-436,38871,-39307,-436,608559
1733698800,1.05655,1.0572,1.0535,1.05475,21380,62031.55,0,816,-3679,-2522,9429,-11951,-2522,608559
1733727600,1.0547,1.05885,1.0544,1.05815,88850,65884.15,0,9446,-791,8444,48647,-40203,8444,608559
1733756400,1.05815,1.05975,1.055,1.0556,67588,68319.2,0,2056,-4603,-2296,32646,-34942,-2296,571587
1733785200,1.0559,1.05705,1.05475,1.05695,18097,65621.6,0,1645,-1516,1645,9871,-8226,1645,571587
1733814000,1.0569,1.0569,1.0518,1.0522,81797,67577.25,0,0,-7489,-7489,37154,-44643,-7489,571587
1733842800,1.05225,1.0534,1.0501,1.0529,61426,69111.45,0,4663,-2268,1332,31379,-30047,1332,446689
1733871600,1.0529,1.05415,1.05225,1.0528,15015,63793.5,0,615,-1019,-335,7340,-7675,-335,446689
1733900400,1.0528,1.05395,1.0489,1.05035,113921,64538.3,0,381,-15023,-11479,51221,-62700,-11479,446689
1733929200,1.0503,1.0514,1.0482,1.0498,63010,66519.25,0,4926,-3151,3760,33385,-29625,3760,296731
1733958000,1.0499,1.0515,1.04975,1.05145,14154,63232.65,0,2098,-174,2098,8126,-6028,2098,296731
1733986800,1.05145,1.05315,1.047,1.052,118171,65339.9,0,3306,-9784,-1391,58390,-59781,-1391,296731
1734015600,1.05205,1.0522,1.04645,1.04665,67948,67597.1,0,3611,-6641,-666,33641,-34307,-666,190809
1734044400,1.051,1.05235,1.04995,1.0509,17005,63821.9,0,833,-1677,-993,8006,-8999,-993,190809
1734073200,1.0509,1.05675,1.0496,1.05335,92873,62917.25,0,12307,-2163,7141,50007,-42866,7141,190809
1734102000,1.05335,1.0549,1.0525,1.0546,58232,64977,0,6458,-2360,5856,32044,-26188,5856,564313
1734303600,1.05405,1.0566,1.0537,1.0556,20345,60773.45,0,3298,0,1895,11120,-9225,1895,564313
1734332400,1.05565,1.05675,1.0517,1.0525,75349,61001.25,0,736,-6749,-5997,34676,-40673,-5997,564313
1734361200,1.05255,1.0565,1.05255,1.05545,53634,62868.7,0,6169,0,4294,28964,-24670,4294,577962
1734390000,1.0553,1.0577,1.054,1.05455,20624,57379.85,0,2948,-742,1016,10820,-9804,1016,577962
1734418800,1.05455,1.0554,1.05215,1.0547,72198,57080.85,0,5261,-2554,4934,38566,-33632,4934,577962
1734447600,1.0547,1.05585,1.0528,1.0533,61864,59105.05,0,2727,-5734,-5020,28422,-33442,-5020,569182
1734476400,1.05335,1.0554,1.05335,1.0553,15703,55447.7,0,1989,-368,1989,8846,-6857,1989,569182
1734505200,1.05525,1.05545,1.0525,1.0539,66218,55379.2,0,0,-4701,-1658,32280,-33938,-1658,569182
1734534000,1.05385,1.05415,1.03845,1.03935,154850,62216.85,0,242,-23090,-15340,69755,-85095,-15340,579676
1734562800,1.0388,1.0431,1.03875,1.04255,33968,59825.4,0,6012,0,5866,19917,-14051,5866,579676
1734591600,1.0425,1.0463,1.0425,1.04365,136957,63601.95,0,9418,-589,6433,71695,-65262,6433,579676
1734620400,1.0437,1.04425,1.0395,1.0404,88296,67266,0,924,-11273,-9912,39192,-49104,-9912,587212
1734649200,1.0404,1.0417,1.03825,1.04145,32489,63194.4,0,1282,-5497,-975,15757,-16732,-975,587212
1734678000,1.0415,1.04605,1.0412,1.0434,112082,65648,0,13648,-698,11584,61833,-50249,11584,587212
1734706800,1.0435,1.04875,1.04315,1.0469,87875,69334.05,0,7334,-3417,3205,45540,-42335,3205,584243
1734908400,1.04715,1.0484,1.04655,1.04725,19895,64420.25,0,1841,-125,833,10364,-9531,833,584243
1734937200,1.04725,1.0476,1.04245,1.04325,67585,64402.1,0,442,-7380,-4843,31371,-36214,-4843,584243
1734966000,1.0433,1.04565,1.0423,1.04455,57305,66417.1,0,5095,-1810,2355,29830,-27475,2355,578916
1734994800,1.0445,1.04465,1.04265,1.04335,12010,62373.95,0,500,-630,-276,5867,-6143,-276,578916
1735023600,1.04335,1.0448,1.04265,1.0443,31681,61046.4,0,2618,-398,2147,16914,-14767,2147,578916
1735052400,1.0443,1.0446,1.0421,1.0428,19511,61004.7,0,286,-2835,-1413,9049,-10462,-1413,580474
1735167600,1.04365,1.04415,1.04305,1.04355,10551,57764.8,0,337,-744,201,5376,-5175,201,580474
1735196400,1.04355,1.04435,1.04285,1.044,20311,56098.65,0,1596,-1136,-617,9847,-10464,-617,580474
1735225200,1.04395,1.04685,1.0436,1.0461,31705,56652.7,0,3249,-169,431,16068,-15637,431,581836
1735254000,1.0461,1.04675,1.04445,1.045,12326,53659.1,0,0,-2348,-2278,5024,-7302,-2278,581836
1735282800,1.0449,1.0482,1.04425,1.0464,70995,54115.65,0,3133,-2325,137,35566,-35429,137,581836
1735311600,1.0464,1.0473,1.04525,1.04615,52468,55953.9,0,5260,-1770,1858,27163,-25305,1858,585744
1735513200,1.04645,1.0471,1.04565,1.0464,12220,53254,0,1385,-340,1268,6744,-5476,1268,585744
1735542000,1.04645,1.04935,1.04145,1.04395,93578,50190.4,0,4333,-19092,-13682,39948,-53630,-13682,585744
1735570800,1.04395,1.0442,1.04065,1.04415,61760,51580,0,601,-5276,0,30880,-30880,0,590594
1735599600,1.0441,1.045,1.04315,1.04385,15123,45488.3,0,1742,-629,1283,8203,-6920,1283,590594
1735628400,1.04385,1.04585,1.0409,1.04105,53878,43767.4,0,2106,-4302,-4302,24788,-29090,-4302,590594
1735657200,1.041,1.04235,1.0378,1.0388,56299,44957.9,0,1935,-5592,-2205,27047,-29252,-2205,589022
1735772400,1.0388,1.0408,1.0376,1.0397,24941,40600.85,0,290,-3284,-1861,11540,-13401,-1861,589022
1735801200,1.0397,1.0405,1.03345,1.03365,106075,41510.85,0,425,-9575,-7923,49076,-56999,-7923,589022
1735830000,1.03365,1.03415,1.0256,1.02995,127208,46876.5,0,425,-19674,-1182,63013,-64195,-1182,592005
1735858800,1.0297,1.0311,1.02965,1.03105,13209,44157.7,0,2647,-304,2611,7910,-5299,2611,592005
1735887600,1.03105,1.0335,1.03005,1.03325,77435,45164.2,0,6329,-655,5809,41622,-35813,5809,592005
1735916400,1.0332,1.03415,1.0305,1.034,67449,47936.15,0,4858,-4741,-1637,32906,-34543,-1637,587486
1736118000,1.03345,1.035,1.0327,1.0344,19479,47326.05,0,1107,-814,-171,9654,-9825,-171,587486
1736146800,1.0344,1.04685,1.0341,1.0424,182543,55477.65,0,18448,-2736,49,91296,-91247,49,587486
1736175600,1.04245,1.0434,1.0403,1.04215,58911,57895.65,0,28,-5887,-4071,27420,-31491,-4071,582636
1736204400,1.042,1.04355,1.04075,1.0428,17856,57772.9,0,852,-1307,284,9070,-8786,284,582636
1736233200,1.04285,1.04655,1.0418,1.0425,80207,60198,0,4098,-2522,-97,40055,-40152,-97,582636
1736262000,1.0424,1.0424,1.03705,1.03715,82213,63692.35,0,0,-12274,-11195,35509,-46704,-11195,581888
1736290800,1.0373,1.0388,1.03695,1.03825,16907,60987.95,0,939,-209,-89,8409,-8498,-89,581888
1736319600,1.03815,1.0382,1.03035,1.0322,107308,63729.95,0,70,-13126,-872,53218,-54090,-872,581888
1736348400,1.0322,1.0355,1.0322,1.0349,58237,66030.8,0,3095,-790,1271,29754,-28483,1271,583633
1736377200,1.0348,1.03505,1.03265,1.03295,15633,62133.55,0,0,-2204,-1833,6900,-8733,-1833,583633
1736406000,1.033,1.03485,1.0313,1.0337,49794,61535.25,0,2716,-1272,1832,25813,-23981,1832,583633
1736434800,1.03375,1.0339,1.0321,1.03295,25704,62064.3,0,2191,-785,764,13234,-12470,764,582260
1736463600,1.0329,1.0333,1.03105,1.03105,17990,60269.9,0,541,-3029,-2998,7496,-10494,-2998,582260
1736492400,1.03105,1.0341,1.02415,1.0282,132572,64083.55,0,6220,-8170,4854,68713,-63859,4854,582260
1736521200,1.02805,1.0308,1.0256,1.0274,83361,67004.55,0,3942,-4570,-1549,40906,-42455,-1549,583041
1736722800,1.0274,1.02785,1.0236,1.0246,26386,63020.1,0,0,-5127,-3314,11536,-14850,-3314,583041
1736751600,1.02455,1.02595,1.02045,1.02365,106048,61962.1,0,4775,-2217,2322,54185,-51863,2322,583041
1736780400,1.02365,1.02755,1.022,1.02735,60718,64337.55,0,4694,-4013,4408,32563,-28155,4408,583156
1736809200,1.0291,1.03055,1.02665,1.02805,27845,61858.05,0,1394,-3195,-2847,12499,-15346,-2847,583156
1736838000,1.0281,1.03035,1.02675,1.02965,94747,63222.95,0,11785,0,10557,52652,-42095,10557,583156
1736866800,1.02965,1.0337,1.0291,1.0336,85628,66530.4,0,11618,-1501,7858,46743,-38885,7858,581101
1736895600,1.0335,1.03365,1.03195,1.0324,15711,58188.8,0,1299,-448,-363,7674,-8037,-363,581101
1736924400,1.0325,1.03825,1.0315,1.03555,106784,60582.45,0,7861,-3845,2278,54531,-52253,2278,581101
1736953200,1.0355,1.03585,1.0285,1.03185,76855,63532.4,0,0,-13473,-6309,35273,-41582,-6309,580668
1736982000,1.0316,1.03265,1.0307,1.0315,16314,60337.75,0,1126,0,430,8372,-7942,430,580668
1737010800,1.0315,1.03285,1.02865,1.03055,74679,59961.05,0,3278,-4006,2239,38459,-36220,2239,580668
1737039600,1.0306,1.03415,1.03005,1.03295,91757,63703.55,0,16007,-1479,11653,51705,-40052,11653,579855
1737068400,1.0327,1.0336,1.03115,1.0316,11908,58933.55,0,425,-1483,-1024,5442,-6466,-1024,579855
1737097200,1.0316,1.03365,1.0291,1.0325,89363,60489.85,0,8025,-2548,7637,48500,-40863,7637,579855
1737126000,1.03245,1.0357,1.0295,1.02955,78948,63655.6,0,7981,-5550,-3786,37581,-41367,-3786,577882
1737327600,1.0302,1.0345,1.0292,1.03365,26895,62510.65,0,6110,-970,4839,15867,-11028,4839,577882
1737356400,1.0336,1.04565,1.03305,1.04415,149726,68711.75,0,37499,-637,37282,93504,-56222,37282,577882
1737385200,1.0441,1.0461,1.0379,1.0443,72203,71422.4,0,2223,-10583,-4755,33724,-38479,-4755,577882
1737414000,1.0443,1.046,1.0378,1.0394,48187,67203.15,0,430,-9685,-9009,19589,-28598,-9009,577882
1737442800,1.0394,1.0425,1.03675,1.04125,88956,67482.9,0,5923,-3136,4426,46691,-42265,4426,577882
1737471600,1.0413,1.0461,1.04045,1.0454,66270,69477.1,0,6107,-1164,5536,35903,-30367,5536,583240
1737500400,1.04505,1.04535,1.0418,1.0429,32377,65793.55,0,0,-3457,-3387,14495,-17882,-3387,583240
1737529200,1.043,1.0483,1.0429,1.04505,98233,67669.3,0,7521,-2756,-1,49116,-49117,-1,583240
1737558000,1.04505,1.0451,1.04335,1.04355,44541,68504.1,0,725,-1698,-1299,21621,-22920,-1299,582455
1737586800,1.04345,1.0441,1.04215,1.0428,13982,64465.85,0,164,-1128,-858,6562,-7420,-858,582455
1737615600,1.04285,1.0445,1.04145,1.04325,65302,63449.55,0,5092,-2293,1160,33231,-32071,1160,582455
1737644400,1.04335,1.0462,1.03955,1.04405,103792,67853.6,0,17963,-6280,15078,59435,-44357,15078,588706
1737673200,1.0441,1.04955,1.04355,1.04815,35238,64276.3,0,9334,-23,7744,21491,-13747,7744,588706
1737702000,1.0481,1.0539,1.04715,1.05155,126835,66775.3,0,20574,-1089,19379,73107,-53728,19379,588706
1737730800,1.05155,1.05455,1.05125,1.0519,72130,69566.1,0,9007,0,3380,37755,-34375,3380,592602
1737932400,1.05095,1.051,1.0479,1.04825,22834,66973.85,0,0,-2124,-1276,10779,-12055,-1276,592602
1737961200,1.0483,1.05575,1.04775,1.0533,95901,67181.05,0,7077,-2086,2371,49136,-46765,2371,592602
1737990000,1.0533,1.05335,1.0503,1.0516,67307,69951,0,0,-12079,-11727,27790,-39517,-11727,591934
1738018800,1.05145,1.0515,1.04475,1.0461,38655,67415.6,0,0,-6720,-5595,16530,-22125,-5595,591934
1738047600,1.0461,1.0467,1.0437,1.0455,77547,67345.55,0,312,-5027,-47,38750,-38797,-47,591934
1738076400,1.0455,1.04625,1.0444,1.04545,53949,68698.25,0,1344,-8309,-8035,22957,-30992,-8035,590889
1738105200,1.04535,1.04665,1.04485,1.046,11605,61792.2,0,351,-818,307,5956,-5649,307,590889
1738134000,1.04595,1.0461,1.04045,1.04235,88092,62586.65,0,0,-12764,-9978,39057,-49035,-9978,590889
1738162800,1.04235,1.04515,1.04105,1.0444,124289,66391.75,0,9270,-12315,-9029,57630,-66659,-9029,593145
1738191600,1.04425,1.045,1.0432,1.0435,10968,62492.35,0,638,-446,-150,5409,-5559,-150,593145
1738220400,1.0435,1.0489,1.04115,1.04495,119554,65156.55,0,18381,-5819,6372,62963,-56591,6372,593145
1738249200,1.045,1.0464,1.04075,1.04125,81546,67615,0,971,-17836,-14240,33653,-47893,-14240,590800
1738278000,1.0412,1.04235,1.0397,1.04155,22309,63818.8,0,104,-3785,-1355,10477,-11832,-1355,590800
1738306800,1.0415,1.04335,1.0386,1.03895,100598,66621.65,0,1094,-15174,-15174,42712,-57886,-15174,590800
1738335600,1.03895,1.0455,1.03705,1.03815,165314,74188.25,0,21092,-3074,-700,82307,-83007,-700,585868
1738537200,1.0281,1.0291,1.0231,1.02635,74301,74638.2,0,3189,-4836,2271,38286,-36015,2271,585868
1738566000,1.02635,1.0309,1.02335,1.0272,149449,76921.05,0,21555,0,14737,82093,-67356,14737,585868
1738594800,1.027,1.0372,1.026,1.03645,191188,84718.55,0,23973,-1757,16134,103661,-87527,16134,593257
1738623600,1.03645,1.03715,1.0292,1.0326,34974,80125.5,0,0,-6526,-3004,15985,-18989,-3004,593257
1738652400,1.0326,1.03865,1.0319,1.03795,80269,80532.45,0,7011,-3036,5769,43019,-37250,5769,593257
1738681200,1.0379,1.0408,1.0378,1.03985,88610,83821.25,0,10610,-301,4072,46341,-42269,4072,589188
1738710000,1.0401,1.04135,1.03895,1.04045,18353,79943.85,0,1680,-731,969,9661,-8692,969,589188
1738738800,1.0405,1.045,1.0402,1.04445,95339,81345.45,0,11189,-572,11189,53264,-42075,11189,589188
1738767600,1.0445,1.0464,1.04165,1.0423,63687,82597.05,0,4813,-392,531,32109,-31578,531,588879
1738796400,1.0424,1.0424,1.04035,1.0408,12633,79351.35,0,386,-431,353,6493,-6140,353,588879
1738825200,1.0408,1.04095,1.0371,1.03805,89515,81129.65,0,5,-10706,-8989,40263,-49252,-8989,588879
1738854000,1.03805,1.0415,1.03775,1.04015,68574,83978.1,0,10447,-1032,8760,38667,-29907,8760,589034
1738882800,1.0402,1.0409,1.039,1.0394,13388,80242.9,0,684,-833,2,6695,-6693,2,589034
1738911600,1.03935,1.04325,1.03665,1.04035,90583,78557.6,0,2280,-15187,-8155,41214,-49369,-8155,589034
1738940400,1.0403,1.04055,1.0323,1.0346,178878,86953.1,0,711,-21321,-16058,81410,-97468,-16058,596141
1739142000,1.0315,1.03385,1.03065,1.0336,19380,81944.4,0,2303,0,1662,10521,-8859,1662,596141
1739170800,1.03355,1.0354,1.03215,1.03285,60255,80879.85,0,3302,-2448,-1479,29388,-30867,-1479,596141
1739199600,1.03285,1.03375,1.03215,1.03245,40527,81790.75,0,1435,-769,287,20407,-20120,287,601788
1739228400,1.03235,1.0327,1.0309,1.03215,15327,77527.2,0,497,-1185,205,7766,-7561,205,601788
1739257200,1.03215,1.0354,1.03165,1.03495,53773,71950.15,0,3956,-671,2499,28136,-25637,2499,601788
1739286000,1.035,1.03985,1.0345,1.03785,73667,71918.45,0,11076,-3987,881,37274,-36393,881,598095
1739314800,1.0377,1.0384,1.037,1.0375,10941,64993.05,0,425,-989,-277,5332,-5609,-277,598095
1739343600,1.03755,1.0402,1.03295,1.03665,104149,60641.1,0,9238,0,5887,55018,-49131,5887,598095
1739372400,1.03665,1.04465,1.0354,1.03995,151178,66451.3,0,34529,-1068,10760,80969,-70209,10760,600546
1739401200,1.03995,1.0455,1.03945,1.0445,27207,63798.2,0,6223,0,4783,15995,-11212,4783,600546
1739430000,1.0446,1.04515,1.03895,1.0414,102228,64479.1,0,570,-15011,-6938,47645,-54583,-6938,600546
1739458800,1.04145,1.04835,1.03875,1.0479,160578,71590.35,0,17951,-4198,8698,84638,-75940,8698,606791
1739487600,1.04805,1.0482,1.04615,1.0473,17659,67706.35,0,298,-2917,-2373,7643,-10016,-2373,606791
1739516400,1.04725,1.0529,1.04715,1.05235,96854,69364.7,0,13130,-91,12994,54924,-41930,12994,606791
1739545200,1.05235,1.05275,1.0503,1.0506,65713,72018.7,0,1672,-5070,-3117,31298,-34415,-3117,610367
1739746800,1.0505,1.05205,1.04985,1.0506,15220,68303.95,0,697,-820,66,7643,-7577,66,610367
1739775600,1.0506,1.05095,1.0481,1.04925,39075,66829,0,323,-2515,-1333,18871,-20204,-1333,610367
1739804400,1.04925,1.0499,1.0488,1.0498,16166,66967.9,0,795,-1074,530,8348,-7818,530,610367
1739833200,1.04965,1.04995,1.04655,1.0475,19123,63394.9,0,0,-3318,-2635,8244,-10879,-2635,610367
1739862000,1.04745,1.0483,1.04545,1.0466,69400,57921,0,3235,-813,1026,35213,-34187,1026,610367
1739890800,1.04665,1.04835,1.04485,1.0459,69315,60417.75,0,12444,0,3749,36532,-32783,3749,609419
1739919600,1.04635,1.0474,1.0454,1.0468,11434,57976.7,0,0,-1069,-194,5620,-5814,-194,609419
1739948400,1.0468,1.04725,1.04315,1.0447,68797,59390.2,0,5179,-3593,4535,36666,-32131,4535,609419
1739977200,1.04475,1.04545,1.0414,1.0436,60066,61627.15,0,5382,-2960,3198,31632,-28434,3198,613241
1740006000,1.04355,1.0449,1.04305,1.0437,16177,59747.35,0,1584,-159,741,8459,-7718,741,613241
1740034800,1.04375,1.0472,1.0435,1.04585,63387,59233.35,0,6325,-233,3853,33620,-29767,3853,613241
1740063600,1.0458,1.05155,1.0453,1.0513,78485,62610.55,0,10722,-1426,8911,43698,-34787,8911,608247
1740092400,1.0511,1.0517,1.0496,1.04995,20559,58431.05,0,618,-1843,-1753,9403,-11156,-1753,608247
1740121200,1.05005,1.0511,1.04705,1.04925,83139,55029.1,0,5445,-4491,3073,43106,-40033,3073,608247
1740150000,1.0492,1.0497,1.04605,1.04725,66719,57004.7,0,1444,-8803,-6717,30001,-36718,-6717,608247