time,open,high,low,close
1514847600,1.207,1.20765,1.20565,1.20635
1514862000,1.20635,1.2084,1.20635,1.20825
1514876400,1.20815,1.2135,1.20775,1.21215
1514890800,1.21215,1.21235,1.20885,1.2092
1514905200,1.20925,1.21125,1.20795,1.20975
1514919600,1.20975,1.2118,1.20965,1.211
1514934000,1.21085,1.21185,1.20945,1.2095
1514948400,1.2095,1.2113,1.20945,1.20975
1514962800,1.20975,1.2101,1.20675,1.207
1514977200,1.207,1.2087,1.2063,1.2071
1514991600,1.2069,1.2085,1.20555,1.20805
1515006000,1.20805,1.20835,1.20535,1.2067
1515020400,1.2064,1.20695,1.2055,1.2068
1515034800,1.20685,1.2089,1.2063,1.2078
1515049200,1.2078,1.2107,1.2072,1.21025
1515063600,1.2102,1.2137,1.2098,1.2133
1515078000,1.2133,1.21405,1.21115,1.21155
1515092400,1.21155,1.21245,1.21145,1.21195
1515106800,1.21215,1.21295,1.2115,1.2121
1515121200,1.2121,1.21255,1.21065,1.2107
1515135600,1.21075,1.2117,1.2092,1.21
1515150000,1.21,1.2133,1.2075,1.208
1515164400,1.208,1.20995,1.20705,1.20955
1515178800,1.2096,1.2101,1.20715,1.2078
1515366000,1.2081,1.2102,1.20805,1.20855
1515380400,1.20855,1.20855,1.2062,1.2064
1515394800,1.20635,1.2064,1.2033,1.2053
1515409200,1.2053,1.20555,1.2015,1.2016
1515423600,1.2016,1.2031,1.2006,1.2011
1515438000,1.20115,1.20175,1.2005,1.20155
1515452400,1.20145,1.20235,1.2006,1.20205
1515466800,1.20205,1.2023,1.1999,1.2004
1515481200,1.20045,1.2019,1.19735,1.19765
1515495600,1.1976,1.19845,1.1964,1.1966
1515510000,1.1966,1.1982,1.19645,1.1979
1515524400,1.1979,1.19875,1.1973,1.19845
1515538800,1.1985,1.19965,1.19755,1.1996
1515553200,1.19955,1.1997,1.1971,1.1977
1515567600,1.19765,1.20485,1.19755,1.20425
1515582000,1.2043,1.2066,1.20215,1.2034
1515596400,1.20335,1.2044,1.1999,1.20065
1515610800,1.20065,1.20135,1.19875,1.1996
1515625200,1.1995,1.2014,1.1993,1.2012
1515639600,1.20115,1.2015,1.1982,1.19875
1515654000,1.1987,1.1997,1.19745,1.1992
1515668400,1.1992,1.20955,1.19815,1.20935
1515682800,1.2094,1.21055,1.2076,1.20825
1515697200,1.2083,1.20915,1.20735,1.20775
1515711600,1.20825,1.21125,1.20765,1.2093
1515726000,1.2093,1.2103,1.20855,1.2094
1515740400,1.20935,1.2183,1.20915,1.2164
1515754800,1.2165,1.2196,1.2157,1.21835
1515769200,1.2184,1.2213,1.21685,1.2209
1515783600,1.22085,1.22655,1.2207,1.22475
1515970800,1.22495,1.2258,1.2233,1.22405
1515985200,1.224,1.22855,1.2238,1.2254
1515999600,1.2254,1.23425,1.22465,1.23205
1516014000,1.23205,1.2337,1.22975,1.2308
1516028400,1.2308,1.23405,1.23005,1.2317
1516057200,1.2311,1.2325,1.2293,1.2313
1516071600,1.2313,1.23285,1.2301,1.23125
1516086000,1.23125,1.2313,1.22465,1.2258
1516100400,1.22585,1.2286,1.22405,1.22545
1516114800,1.22545,1.2315,1.22525,1.23125
1516129200,1.23125,1.23265,1.22995,1.2306
1516143600,1.23015,1.23685,1.23005,1.23135
1516158000,1.23135,1.23205,1.226,1.2265
1516172400,1.22655,1.2295,1.22535,1.228
1516186800,1.22795,1.22825,1.22415,1.2267
1516201200,1.22675,1.23325,1.2261,1.23215
1516215600,1.2322,1.2322,1.22225,1.223
1516230000,1.22125,1.2247,1.2209,1.2236
1516244400,1.22365,1.22525,1.2216,1.225
1516258800,1.225,1.2272,1.2229,1.227
1516273200,1.227,1.23085,1.2269,1.2303
1516287600,1.2303,1.23035,1.2262,1.22675
1516302000,1.22685,1.229,1.22675,1.2281
1516316400,1.22845,1.22975,1.2273,1.22865
1516330800,1.22865,1.23115,1.22845,1.23005
1516345200,1.23005,1.2337,1.2293,1.2316
1516359600,1.2316,1.2319,1.2272,1.2293
1516374000,1.22925,1.2304,1.226,1.22745
1516388400,1.22745,1.22805,1.2256,1.22565
1516575600,1.2298,1.23015,1.22665,1.2278
1516590000,1.22775,1.22785,1.2255,1.22575
1516604400,1.22575,1.2309,1.22565,1.23035
1516618800,1.2304,1.2305,1.22755,1.2282
1516633200,1.2282,1.23025,1.2266,1.2291
1516647600,1.22915,1.2305,1.22895,1.2304
1516662000,1.23005,1.23165,1.2292,1.2302
1516676400,1.2302,1.23175,1.22845,1.2289
1516690800,1.22885,1.2297,1.22635,1.22875
1516705200,1.2288,1.23245,1.22745,1.2319
1516719600,1.23195,1.2347,1.23115,1.23215
1516734000,1.2322,1.23405,1.2321,1.234
1516748400,1.23375,1.2358,1.2329,1.235
1516762800,1.23495,1.23755,1.2341,1.235
1516777200,1.235,1.23965,1.23435,1.23775
1516791600,1.2378,1.2437,1.23695,1.2433
1516806000,1.24335,1.24555,1.2417,1.24525
1516820400,1.24525,1.24555,1.2435,1.24465
1516834800,1.24395,1.2466,1.24225,1.2461
1516849200,1.24605,1.24975,1.2458,1.2474
1516863600,1.24735,1.2481,1.24265,1.24515
1516878000,1.24515,1.25765,1.2435,1.2529
1516892400,1.25285,1.2569,1.2512,1.25225
1516906800,1.25225,1.2526,1.2402,1.24315
1516921200,1.2414,1.24705,1.241,1.2464
1516935600,1.24635,1.24895,1.245,1.2488
1516950000,1.24875,1.2531,1.248,1.24965
1516964400,1.24965,1.2503,1.2451,1.24795
1516978800,1.24795,1.2488,1.24445,1.24825
1516993200,1.2482,1.2486,1.24435,1.24685
1517180400,1.24555,1.2469,1.24225,1.2437
1517194800,1.24375,1.2464,1.24345,1.24535
1517209200,1.2435,1.2465,1.24255,1.24415
1517223600,1.24415,1.2442,1.2383,1.239
1517238000,1.239,1.2418,1.2374,1.2415
1517252400,1.2415,1.2428,1.2411,1.2419
1517266800,1.24205,1.2425,1.23965,1.24055
1517281200,1.2406,1.2423,1.23835,1.2385
1517295600,1.2385,1.24615,1.23715,1.245
1517310000,1.245,1.2491,1.2441,1.24785
1517324400,1.24785,1.24795,1.242,1.2432
1517338800,1.2432,1.24425,1.24255,1.2439
1517353200,1.24385,1.24605,1.2432,1.245
1517367600,1.245,1.2486,1.24495,1.2485
1517382000,1.24855,1.24985,1.2461,1.248
1517396400,1.24795,1.2509,1.2477,1.24955
1517410800,1.2495,1.2511,1.2443,1.2457
1517425200,1.2458,1.24755,1.24225,1.245
1517439600,1.24475,1.24625,1.24395,1.2452
1517454000,1.2452,1.24625,1.24275,1.24285
1517468400,1.24285,1.24855,1.2419,1.24645
1517482800,1.2465,1.24975,1.24595,1.24765
1517497200,1.24765,1.2533,1.2466,1.2528
1517511600,1.2528,1.25575,1.2518,1.25465
1517526000,1.254,1.2549,1.2522,1.2528
1517540400,1.25275,1.25345,1.252,1.2529
1517554800,1.2528,1.25515,1.2509,1.2523
1517569200,1.2523,1.25325,1.24605,1.24615
1517583600,1.2461,1.25245,1.24415,1.2503
1517598000,1.25035,1.2505,1.2482,1.24895
1517785200,1.2465,1.24955,1.24575,1.2494
1517799600,1.24935,1.24995,1.248,1.2486
1517814000,1.24855,1.2508,1.2472,1.2495
1517828400,1.2495,1.2496,1.2432,1.244
1517842800,1.24395,1.2463,1.2431,1.24535
1517857200,1.2453,1.2458,1.23945,1.2398
1517871600,1.2406,1.24195,1.2386,1.24025
1517886000,1.2402,1.24215,1.2381,1.2413
1517900400,1.24125,1.24665,1.24065,1.244
1517914800,1.24405,1.2443,1.23535,1.23675
1517929200,1.2368,1.24365,1.2345,1.24305
1517943600,1.24305,1.2431,1.24015,1.2411
1517958000,1.2411,1.24245,1.24065,1.2414
1517972400,1.24145,1.2429,1.24075,1.2427
1517986800,1.2426,1.2437,1.2368,1.2369
1518001200,1.2369,1.23855,1.2354,1.2373
1518015600,1.2373,1.2375,1.22755,1.22905
1518030000,1.2291,1.23125,1.2284,1.2294
1518044400,1.2284,1.2309,1.2281,1.2303
1518058800,1.2303,1.23145,1.22825,1.22925
1518073200,1.22925,1.23235,1.2253,1.2275
1518087600,1.2275,1.23235,1.224,1.23055
1518102000,1.23055,1.23075,1.226,1.2295
1518116400,1.22955,1.23015,1.22695,1.22775
1518130800,1.2277,1.22915,1.22675,1.22835
1518145200,1.22825,1.2296,1.2275,1.2293
1518159600,1.22925,1.23155,1.22775,1.2286
1518174000,1.2286,1.2308,1.22555,1.2285
1518188400,1.2285,1.22895,1.22335,1.22575
1518202800,1.2257,1.22845,1.2252,1.22805
1518390000,1.22775,1.23125,1.22715,1.2311
1518404400,1.23115,1.2327,1.2305,1.2317
1518418800,1.2317,1.2323,1.2286,1.22955
1518433200,1.2296,1.2303,1.2262,1.229
1518447600,1.229,1.2317,1.2278,1.231
1518462000,1.23095,1.2324,1.2306,1.232
1518476400,1.23185,1.23335,1.2311,1.2316
1518490800,1.23165,1.2351,1.23135,1.23425
1518505200,1.2343,1.23765,1.23355,1.2375
1518519600,1.2375,1.23945,1.23525,1.2392
1518534000,1.2392,1.23975,1.2371,1.2374
1518548400,1.2374,1.2392,1.2371,1.2378
1518562800,1.23745,1.2406,1.23735,1.2406
1518577200,1.24055,1.2418,1.2393,1.2398
1518591600,1.2398,1.2411,1.23715,1.2382
1518606000,1.23815,1.2383,1.2301,1.23475
1518620400,1.23475,1.2468,1.23475,1.245
1518634800,1.245,1.2491,1.2448,1.2477
1518649200,1.24745,1.2496,1.2471,1.24805
1518663600,1.24805,1.24965,1.24745,1.249
1518678000,1.24905,1.25335,1.24895,1.2504
1518692400,1.2504,1.2521,1.2484,1.2521
1518706800,1.25205,1.25295,1.24805,1.25165
1518721200,1.2516,1.25325,1.25145,1.2531
1518735600,1.25205,1.25685,1.25195,1.2562
1518750000,1.2562,1.25795,1.255,1.25615
1518764400,1.25605,1.2568,1.2508,1.25105
1518778800,1.2511,1.2512,1.24505,1.24675
1518793200,1.2468,1.2483,1.2433,1.2434
1518807600,1.2435,1.2442,1.24155,1.243
1518994800,1.24335,1.24575,1.24325,1.24465
1519009200,1.2446,1.2449,1.2426,1.2438
1519023600,1.2438,1.2448,1.2409,1.2447
1519038000,1.2447,1.2449,1.23905,1.23965
1519052400,1.23965,1.2437,1.2395,1.2435
1519081200,1.24265,1.2433,1.2403,1.2406
1519095600,1.2406,1.2418,1.23955,1.23995
1519110000,1.2399,1.2413,1.2355,1.23605
1519124400,1.2361,1.2383,1.23405,1.2367
1519138800,1.2367,1.23785,1.2347,1.2361
1519153200,1.23615,1.23645,1.23535,1.2358
1519167600,1.2354,1.23645,1.2348,1.23545
1519182000,1.23545,1.2357,1.2337,1.23565
1519196400,1.2356,1.236,1.23275,1.2347
1519210800,1.23475,1.2356,1.23205,1.2344
1519225200,1.2344,1.23555,1.2324,1.23445
1519239600,1.2344,1.23805,1.2301,1.23045
1519254000,1.2295,1.2303,1.2283,1.22975
1519268400,1.2297,1.22985,1.2278,1.22835
1519282800,1.22835,1.23165,1.2277,1.2308
1519297200,1.23075,1.2355,1.2282,1.23455
1519311600,1.2345,1.237,1.2332,1.23425
1519326000,1.2343,1.2354,1.2337,1.23485
1519340400,1.2346,1.2354,1.23285,1.2331
1519354800,1.2331,1.2333,1.2305,1.231
1519369200,1.231,1.23375,1.22965,1.2318
1519383600,1.2318,1.23295,1.2304,1.23205
1519398000,1.23205,1.23355,1.23015,1.23115
1519412400,1.23115,1.2322,1.2305,1.23145
1519599600,1.23055,1.23355,1.22965,1.23315
1519614000,1.23315,1.2351,1.2324,1.23465
1519628400,1.23465,1.23715,1.2332,1.23625
1519642800,1.23625,1.2365,1.2314,1.23205
1519657200,1.23205,1.2334,1.22945,1.2327
1519671600,1.2327,1.23365,1.2323,1.23335
1519686000,1.23275,1.2358,1.23245,1.2351
1519700400,1.23515,1.23525,1.23355,1.23425
1519714800,1.23425,1.2362,1.2337,1.23435
1519729200,1.2343,1.2347,1.22865,1.2289
1519743600,1.2289,1.22945,1.22365,1.2258
1519758000,1.22585,1.22605,1.2241,1.22465
1519772400,1.2249,1.2253,1.223,1.22315
1519786800,1.2232,1.2253,1.223,1.225
1519801200,1.225,1.22565,1.2213,1.22355
1519815600,1.2235,1.2243,1.22165,1.2223
1519830000,1.2223,1.2237,1.2202,1.2225
1519844400,1.22245,1.2229,1.22055,1.22115
1519858800,1.2206,1.22085,1.21955,1.2202
1519873200,1.2202,1.22185,1.22,1.22175
1519887600,1.2217,1.22255,1.21915,1.22
1519902000,1.21995,1.2204,1.21745,1.21845
1519916400,1.2184,1.2234,1.2166,1.2209
1519930800,1.2209,1.22855,1.22075,1.228
1519945200,1.22835,1.22925,1.2273,1.2284
1519959600,1.22845,1.2299,1.22735,1.2274
1519974000,1.2274,1.23095,1.22625,1.2301
1519988400,1.2301,1.2335,1.2299,1.23245
1520002800,1.2325,1.2344,1.23155,1.23325
1520017200,1.23325,1.23475,1.23275,1.2332
1520204400,1.2356,1.23585,1.231,1.2332
1520218800,1.2332,1.23385,1.2297,1.23015
1520233200,1.23015,1.2345,1.2279,1.2324
1520247600,1.23235,1.23345,1.22935,1.23345
1520262000,1.23335,1.236,1.23195,1.23355
1520276400,1.23355,1.2349,1.2333,1.2345
1520290800,1.2344,1.23725,1.23435,1.236
1520305200,1.23605,1.2365,1.2342,1.2348
1520319600,1.2348,1.23615,1.23375,1.2356
1520334000,1.2356,1.2424,1.23525,1.2405
1520348400,1.2405,1.243,1.2398,1.24155
1520362800,1.2415,1.2421,1.24085,1.24115
1520377200,1.24295,1.2438,1.24185,1.2425
1520391600,1.2425,1.2442,1.24195,1.2434
1520406000,1.24345,1.24615,1.24125,1.2443
1520420400,1.24435,1.2445,1.24065,1.2419
1520434800,1.2419,1.2425,1.2393,1.2416
1520449200,1.2417,1.2424,1.24105,1.24175
1520463600,1.24155,1.24225,1.24025,1.2408
1520478000,1.24085,1.24165,1.24005,1.24035
1520492400,1.2403,1.2421,1.23835,1.23855
1520506800,1.23855,1.24535,1.2355,1.2357
1520521200,1.2357,1.2362,1.231,1.232
1520535600,1.23205,1.23255,1.2304,1.2318
1520550000,1.23175,1.23215,1.23005,1.2316
1520564400,1.2316,1.2327,1.2313,1.23265
1520578800,1.23265,1.23275,1.2298,1.22995
1520593200,1.22995,1.23195,1.22785,1.2318
1520607600,1.23185,1.234,1.2311,1.23185
1520622000,1.23185,1.23245,1.23075,1.23095
1520805600,1.2318,1.23235,1.2311,1.23215
1520820000,1.23215,1.2331,1.2321,1.2324
1520834400,1.23245,1.2346,1.2316,1.23165
1520848800,1.2317,1.23205,1.22945,1.2313
1520863200,1.2313,1.23405,1.2312,1.2334
1520877600,1.2334,1.23505,1.23325,1.23395
1520892000,1.23375,1.23495,1.2337,1.23435
1520906400,1.23435,1.23445,1.2329,1.23325
1520920800,1.2332,1.23425,1.2319,1.23335
1520935200,1.2333,1.23905,1.233,1.23735
1520949600,1.23735,1.2412,1.23445,1.2396
1520964000,1.2396,1.2404,1.23875,1.23945
1520978400,1.2397,1.24095,1.23905,1.2407
1520992800,1.2407,1.24165,1.24045,1.2408
1521007200,1.24085,1.24095,1.2365,1.237
1521021600,1.23705,1.24015,1.2356,1.23615
1521036000,1.23615,1.23825,1.2351,1.23785
1521050400,1.2379,1.2381,1.2369,1.2371
1521064800,1.237,1.23855,1.2366,1.2378
1521079200,1.2378,1.2385,1.2373,1.2376
1521093600,1.2376,1.23795,1.23535,1.2361
1521108000,1.2361,1.23685,1.23235,1.23345
1521122400,1.2335,1.23495,1.2312,1.23365
1521136800,1.2336,1.2336,1.23015,1.2305
1521151200,1.2392,1.2399,1.2384,1.239
1521165600,1.23895,1.2402,1.2389,1.24
1521180000,1.24,1.2424,1.23945,1.2411
1521194400,1.24105,1.24185,1.23665,1.2371
1521208800,1.2371,1.2382,1.2347,1.2376
1521223200,1.2376,1.23805,1.237,1.2377
1521410400,1.2376,1.2378,1.23505,1.2355
1521424800,1.23545,1.23585,1.2343,1.23465
1521439200,1.2347,1.23745,1.23465,1.2368
1521453600,1.23675,1.24115,1.23615,1.24005
1521468000,1.24005,1.24365,1.2394,1.24345
1521482400,1.24345,1.24455,1.24205,1.2422
1521496800,1.24195,1.24355,1.2418,1.24315
1521511200,1.24325,1.2434,1.24195,1.24215
1521525600,1.24215,1.244,1.2397,1.2401
1521540000,1.2401,1.24015,1.23475,1.2355
1521554400,1.23555,1.23715,1.233,1.2346
1521568800,1.2346,1.23475,1.23235,1.2327
1521583200,1.2327,1.23435,1.23255,1.2341
1521597600,1.23405,1.235,1.2334,1.2345
1521612000,1.2345,1.2373,1.23435,1.2361
1521626400,1.2361,1.23775,1.2346,1.2371
1521640800,1.2371,1.23755,1.2338,1.2361
1521655200,1.236,1.2432,1.23315,1.24195
1521669600,1.24195,1.2449,1.2418,1.2443
1521684000,1.2443,1.2444,1.2424,1.2425
1521698400,1.24245,1.24675,1.24085,1.2413
1521712800,1.24125,1.2414,1.2382,1.24
1521727200,1.24,1.2404,1.23645,1.23815
1521741600,1.2382,1.24025,1.23795,1.2383
1521756000,1.23855,1.24205,1.2385,1.24085
1521770400,1.24085,1.24205,1.2406,1.24115
1521784800,1.24115,1.24285,1.2396,1.2404
1521799200,1.2404,1.24395,1.24025,1.2416
1521813600,1.24155,1.24485,1.24145,1.2442
1521828000,1.24415,1.24535,1.243,1.2436
1522015200,1.24365,1.24625,1.2431,1.2449
1522029600,1.2449,1.246,1.2443,1.24445
1522044000,1.2444,1.24945,1.24375,1.2484
1522058400,1.2484,1.25185,1.24765,1.2515
1522072800,1.25155,1.25345,1.2512,1.25315
1522087200,1.2531,1.254,1.2522,1.25255
1522101600,1.25245,1.2536,1.2519,1.25205
1522116000,1.25205,1.25325,1.25195,1.2526
1522130400,1.2526,1.25535,1.24855,1.249
1522144800,1.249,1.2496,1.2448,1.24665
1522159200,1.24665,1.2493,1.24655,1.24855
1522173600,1.24855,1.2488,1.24705,1.2479
1522188000,1.2478,1.24895,1.2475,1.2486
1522202400,1.24855,1.24915,1.2473,1.24765
1522216800,1.2476,1.2479,1.2446,1.24615
1522231200,1.24615,1.2478,1.2403,1.2412
1522245600,1.24115,1.24295,1.2383,1.2386
1522260000,1.2386,1.23875,1.23685,1.2377
1522274400,1.23795,1.2392,1.2369,1.23855
1522288800,1.2385,1.24025,1.23845,1.2401
1522303200,1.24005,1.24005,1.2363,1.23815
1522317600,1.23815,1.2404,1.2365,1.2392
1522332000,1.2392,1.2394,1.2352,1.2364
1522346400,1.2364,1.2379,1.23615,1.2369
1522620000,1.2388,1.23965,1.23785,1.23945
1522634400,1.2394,1.2396,1.2381,1.2385
1522648800,1.2385,1.24005,1.2379,1.23995
1522663200,1.2399,1.2414,1.2386,1.239
1522677600,1.239,1.2402,1.23485,1.2372
1522692000,1.2372,1.2375,1.2366,1.23695
1522706400,1.23695,1.2375,1.23595,1.237
1522720800,1.237,1.2378,1.2369,1.2375
1522735200,1.2375,1.24035,1.2371,1.23745
1522749600,1.2374,1.23825,1.23225,1.2325
1522764000,1.23245,1.2343,1.232,1.23315
1522778400,1.23315,1.234,1.2328,1.2337
1522792800,1.234,1.2348,1.23335,1.23445
1522807200,1.23445,1.2354,1.2339,1.23445
1522821600,1.23445,1.23825,1.23235,1.2345
1522836000,1.23445,1.2369,1.23395,1.2366
1522850400,1.23645,1.2378,1.235,1.23515
1522864800,1.2351,1.2353,1.23415,1.2345
1522879200,1.2348,1.23555,1.23415,1.2345
1522893600,1.23445,1.2352,1.2335,1.234
1522908000,1.23395,1.2348,1.23135,1.2341
1522922400,1.2341,1.23465,1.22995,1.232
1522936800,1.2321,1.2322,1.2282,1.22995
1522951200,1.22995,1.2305,1.22965,1.23035
1522965600,1.2303,1.2323,1.23005,1.2321
1522980000,1.2321,1.2323,1.2297,1.23005
1522994400,1.2301,1.23105,1.22765,1.23055
1523008800,1.2306,1.23435,1.2282,1.2331
1523023200,1.23315,1.2345,1.23195,1.23445
1523037600,1.2345,1.2354,1.2341,1.23445
1523224800,1.2338,1.23415,1.23275,1.2333
1523239200,1.2333,1.23485,1.2328,1.2344
1523253600,1.23435,1.23485,1.23215,1.23285
1523268000,1.23285,1.2389,1.23235,1.23855
1523282400,1.23855,1.2393,1.23685,1.23785
1523296800,1.23785,1.2387,1.2376,1.2381
1523311200,1.2384,1.23895,1.23765,1.2377
1523325600,1.23775,1.2379,1.2367,1.23685
1523340000,1.23685,1.23955,1.2363,1.2382
1523354400,1.2382,1.24385,1.2378,1.24255
1523368800,1.24255,1.2428,1.23845,1.2406
1523383200,1.2406,1.2422,1.24045,1.24155
1523397600,1.24135,1.2425,1.2412,1.2414
1523412000,1.24145,1.24295,1.24145,1.2424
1523426400,1.2424,1.24465,1.24215,1.24375
1523440800,1.24375,1.2458,1.24275,1.24355
1523455200,1.2435,1.2453,1.24285,1.24325
1523469600,1.2433,1.24335,1.2407,1.2428
1523484000,1.2424,1.24375,1.2424,1.24275
1523498400,1.24275,1.2428,1.24125,1.2414
1523512800,1.2414,1.24315,1.23885,1.2398
1523527200,1.2398,1.24095,1.23575,1.2364
1523541600,1.2364,1.2398,1.23565,1.23905
1523556000,1.23905,1.2392,1.2381,1.23835
1523570400,1.2382,1.23895,1.2379,1.23805
1523584800,1.23805,1.23905,1.2379,1.23845
1523599200,1.2385,1.24035,1.23745,1.2392
1523613600,1.2392,1.23965,1.2364,1.2382
1523628000,1.23825,1.2401,1.2376,1.2393
1523642400,1.23935,1.23985,1.23845,1.2388
1523829600,1.2385,1.2399,1.2381,1.2393
1523844000,1.2393,1.23975,1.23835,1.23865
1523858400,1.2386,1.2431,1.23805,1.242
1523872800,1.24205,1.2451,1.24145,1.24455
1523887200,1.24455,1.24485,1.24185,1.24335
1523901600,1.2434,1.24415,1.24305,1.2435
1523916000,1.24345,1.24435,1.24335,1.2436
1523930400,1.24365,1.2444,1.2431,1.2443
1523944800,1.24435,1.24685,1.24195,1.24265
1523959200,1.2427,1.2435,1.23995,1.24055
1523973600,1.24055,1.2422,1.239,1.24175
1523988000,1.24175,1.2431,1.24155,1.2427
1524002400,1.2429,1.2429,1.2416,1.2425
1524016800,1.24255,1.24355,1.24235,1.243
1524031200,1.243,1.2434,1.2395,1.24175
1524045600,1.2417,1.2451,1.2413,1.24385
1524060000,1.2439,1.2451,1.24245,1.24365
1524074400,1.2436,1.2441,1.2426,1.24275
1524088800,1.24305,1.2435,1.24155,1.2419
1524103200,1.24185,1.24365,1.2418,1.24255
1524117600,1.24255,1.24525,1.2405,1.2421
1524132000,1.2421,1.24365,1.2407,1.24205
1524146400,1.24205,1.2433,1.23795,1.23965
1524160800,1.23965,1.24035,1.2387,1.23965
1524175200,1.23945,1.2399,1.23855,1.23925
1524189600,1.23925,1.2397,1.2386,1.2392
1524204000,1.23915,1.24035,1.23445,1.2351
1524218400,1.2351,1.23615,1.23155,1.23165
1524232800,1.23165,1.235,1.2299,1.23365
1524247200,1.2337,1.23435,1.233,1.23365
1524434400,1.23295,1.23375,1.23145,1.2328
1524448800,1.23275,1.23275,1.2315,1.232
1524463200,1.23205,1.2339,1.22755,1.22815
1524477600,1.2282,1.22955,1.22685,1.2272
1524492000,1.2272,1.2286,1.22515,1.22525
1524506400,1.2252,1.22655,1.2247,1.2258
1524520800,1.22545,1.226,1.2233,1.22535
1524535200,1.2253,1.2268,1.2251,1.22645
1524549600,1.2265,1.22725,1.223,1.2256
1524564000,1.2256,1.22835,1.2245,1.2282
1524578400,1.228,1.22915,1.2258,1.22905
1524592800,1.22905,1.22935,1.22795,1.2281
1524607200,1.22795,1.2286,1.2268,1.22685
1524621600,1.22685,1.2278,1.22575,1.22615
1524636000,1.2261,1.2265,1.2234,1.22525
1524650400,1.22525,1.22585,1.22175,1.2235
1524664800,1.2235,1.22385,1.22145,1.2223
1524679200,1.2223,1.2227,1.2206,1.2207
1524693600,1.2206,1.22225,1.2204,1.22195
1524708000,1.222,1.2226,1.22155,1.22225
1524722400,1.22225,1.22325,1.22005,1.22225
1524736800,1.2222,1.2255,1.21895,1.22175
1524751200,1.2218,1.2219,1.2142,1.21585
1524765600,1.21585,1.216,1.21405,1.21475
1524780000,1.2146,1.21525,1.2139,1.21515
1524794400,1.2151,1.2159,1.21465,1.2149
1524808800,1.2149,1.21535,1.2107,1.2125
1524823200,1.21245,1.2138,1.20975,1.21255
1524837600,1.2126,1.216,1.2116,1.21475
1524852000,1.21475,1.2179,1.2146,1.2176
1525039200,1.217,1.21755,1.21605,1.21755
1525053600,1.21755,1.218,1.2166,1.2178
1525068000,1.2178,1.21805,1.21395,1.21605
1525082400,1.216,1.216,1.21085,1.21135
1525096800,1.2113,1.2148,1.2106,1.21275
1525111200,1.2128,1.2137,1.2114,1.2122
1525125600,1.21175,1.2126,1.2114,1.2117
1525140000,1.21165,1.212,1.21075,1.21105
1525154400,1.21105,1.2113,1.20695,1.2075
1525168800,1.20755,1.20795,1.20465,1.20475
1525183200,1.20475,1.2062,1.20225,1.204
1525197600,1.20405,1.20465,1.2029,1.2034
1525212000,1.20335,1.20475,1.2028,1.2046
1525226400,1.20465,1.20515,1.20315,1.2037
1525240800,1.20365,1.2071,1.20295,1.2041
1525255200,1.2041,1.20525,1.2003,1.2013
1525269600,1.20125,1.20165,1.1992,1.1999
1525284000,1.19995,1.20655,1.19765,1.19875
1525298400,1.1994,1.202,1.19845,1.2014
1525312800,1.2014,1.2026,1.20085,1.202
1525327200,1.20195,1.2045,1.20015,1.2027
1525341600,1.20275,1.20375,1.20035,1.20075
1525356000,1.2008,1.2027,1.1985,1.202
1525370400,1.202,1.2041,1.20175,1.2024
1525384800,1.2021,1.203,1.20155,1.2028
1525399200,1.20285,1.2031,1.20185,1.20185
1525413600,1.20185,1.20185,1.19915,1.19955
1525428000,1.19955,1.203,1.1945,1.19635
1525442400,1.1964,1.2001,1.19575,1.1995
1525456800,1.19945,1.20015,1.1988,1.1995
1525644000,1.1993,1.20115,1.1988,1.2002
1525658400,1.20015,1.20125,1.19765,1.19865
1525672800,1.19865,1.1987,1.1956,1.1962
1525687200,1.1962,1.1965,1.1931,1.19445
1525701600,1.19445,1.19725,1.19415,1.19605
1525716000,1.19605,1.1963,1.1954,1.1957
1525730400,1.1957,1.1972,1.19455,1.1953
1525744800,1.1953,1.19595,1.19425,1.1956
1525759200,1.19555,1.19665,1.1907,1.1912
1525773600,1.19125,1.19165,1.18715,1.18805
1525788000,1.18805,1.192,1.1874,1.18985
1525802400,1.1898,1.1917,1.18885,1.1896
1525816800,1.1893,1.19025,1.18755,1.18855
1525831200,1.1886,1.18925,1.18775,1.18835
1525845600,1.18835,1.18955,1.18555,1.18875
1525860000,1.18875,1.19295,1.18825,1.19115
1525874400,1.19115,1.1917,1.18735,1.18935
1525888800,1.1894,1.19005,1.18795,1.1884
1525903200,1.1884,1.1896,1.18735,1.18935
1525917600,1.18935,1.19055,1.18865,1.189
1525932000,1.18895,1.1914,1.1881,1.19065
1525946400,1.19065,1.1977,1.1901,1.19445
1525960800,1.1945,1.1964,1.1905,1.19585
1525975200,1.19585,1.19625,1.1944,1.1947
1525989600,1.1946,1.19545,1.19405,1.19455
1526004000,1.19455,1.1949,1.19355,1.19395
1526018400,1.1939,1.19665,1.19205,1.1965
1526032800,1.1965,1.19955,1.1959,1.1991
1526047200,1.199,1.1997,1.19625,1.1982
1526061600,1.1982,1.1982,1.19645,1.19715
1526248800,1.1978,1.1995,1.1971,1.1992
1526263200,1.19925,1.1997,1.19815,1.19955
1526277600,1.19955,1.2019,1.19795,1.20055
1526292000,1.20055,1.2025,1.20015,1.2022
1526306400,1.2022,1.2022,1.1974,1.1975
1526320800,1.1975,1.19755,1.1954,1.1956
1526335200,1.1957,1.1966,1.1954,1.1963
1526349600,1.1963,1.19655,1.194,1.1948
1526364000,1.19475,1.19655,1.1938,1.19545
1526378400,1.1954,1.19555,1.1848,1.1858
1526392800,1.18575,1.19035,1.1856,1.18775
1526407200,1.1878,1.1889,1.1864,1.1867
1526421600,1.1867,1.1867,1.1843,1.18485
1526436000,1.18485,1.187,1.1847,1.1868
1526450400,1.18685,1.18815,1.1828,1.18355
1526464800,1.1835,1.1838,1.179,1.18255
1526479200,1.1826,1.1847,1.18045,1.18435
1526493600,1.18435,1.1847,1.18255,1.18325
1526508000,1.1835,1.18445,1.18315,1.1837
1526522400,1.1837,1.1862,1.1837,1.18575
1526536800,1.1857,1.1857,1.1817,1.1827
1526551200,1.1827,1.18365,1.1801,1.1815
1526565600,1.1815,1.18335,1.181,1.182
1526580000,1.182,1.1827,1.18165,1.1818
1526594400,1.182,1.18315,1.1813,1.18265
1526608800,1.1826,1.18375,1.1821,1.18345
1526623200,1.1835,1.1846,1.1798,1.18
1526637600,1.18,1.1813,1.1776,1.178
1526652000,1.178,1.1812,1.17725,1.17985
1526666400,1.17985,1.1802,1.1788,1.17925
1526853600,1.1789,1.1794,1.17665,1.1781
1526868000,1.17815,1.17815,1.1767,1.1773
1526882400,1.17725,1.1773,1.17395,1.17695
1526896800,1.17695,1.1803,1.17655,1.1788
1526911200,1.17875,1.1801,1.1766,1.1793
1526925600,1.17925,1.1819,1.1788,1.1813
1526940000,1.18155,1.18205,1.1802,1.18035
1526954400,1.18035,1.181,1.17955,1.1805
1526968800,1.1805,1.1852,1.1779,1.18455
1526983200,1.1845,1.1849,1.1795,1.1811
1526997600,1.1811,1.18145,1.1791,1.17985
1527012000,1.17985,1.1806,1.1793,1.18
1527026400,1.1798,1.1811,1.1776,1.17845
1527040800,1.1784,1.17895,1.17715,1.17835
1527055200,1.17835,1.17885,1.1719,1.17455
1527069600,1.1746,1.1754,1.1706,1.17275
1527084000,1.1727,1.17405,1.16985,1.17
1527098400,1.16995,1.17305,1.1696,1.17175
1527112800,1.1719,1.17315,1.1709,1.1714
1527127200,1.1714,1.17315,1.17095,1.17245
1527141600,1.1725,1.17635,1.1711,1.1746
1527156000,1.1746,1.1755,1.17225,1.1748
1527170400,1.17485,1.1768,1.1735,1.1757
1527184800,1.1757,1.1757,1.17365,1.1737
1527199200,1.1738,1.1744,1.17235,1.17275
1527213600,1.17275,1.173,1.1722,1.17235
1527228000,1.1723,1.17465,1.1702,1.17315
1527242400,1.17315,1.1752,1.16635,1.1669
1527256800,1.16685,1.16935,1.1667,1.1678
1527271200,1.16775,1.16875,1.1663,1.16645
1527458400,1.17045,1.173,1.16915,1.17225
1527472800,1.17225,1.17455,1.1716,1.17435
1527487200,1.1743,1.17445,1.16775,1.1685
1527501600,1.1685,1.1685,1.16235,1.1633
1527516000,1.1633,1.165,1.16325,1.1646
1527544800,1.1642,1.165,1.163,1.16375
1527559200,1.16375,1.1652,1.1636,1.1647
1527573600,1.16465,1.16555,1.1526,1.15585
1527588000,1.15585,1.1601,1.15485,1.15945
1527602400,1.15945,1.1606,1.15355,1.15505
1527616800,1.15505,1.15595,1.15395,1.1556
1527631200,1.1558,1.1564,1.1547,1.1554
1527645600,1.1554,1.15735,1.15335,1.1571
1527660000,1.15705,1.16325,1.1565,1.163
1527674400,1.163,1.1663,1.16165,1.1631
1527688800,1.1631,1.16915,1.1609,1.1667
1527703200,1.1667,1.16855,1.166,1.168
1527717600,1.16795,1.16835,1.166,1.16665
1527732000,1.16665,1.17015,1.1665,1.16935
1527746400,1.16935,1.1738,1.1677,1.17155
1527760800,1.17155,1.1721,1.16585,1.1661
1527775200,1.1661,1.17115,1.1653,1.16905
1527789600,1.16905,1.171,1.16855,1.1704
1527804000,1.1705,1.17185,1.1698,1.1704
1527818400,1.17045,1.17085,1.1677,1.1687
1527832800,1.16865,1.172,1.16775,1.1717
1527847200,1.17165,1.17295,1.16595,1.1683
1527861600,1.1682,1.1693,1.1628,1.16695
1527876000,1.16695,1.16775,1.1665,1.16695
1528063200,1.1673,1.1702,1.1672,1.17005
1528077600,1.17005,1.1708,1.16965,1.17015
1528092000,1.17015,1.1745,1.1686,1.17405
1528106400,1.17405,1.17555,1.1717,1.1728
1528120800,1.17275,1.1736,1.16885,1.1709
1528135200,1.17095,1.1713,1.1704,1.17085
1528149600,1.1706,1.17135,1.16985,1.1704
1528164000,1.17045,1.1706,1.1693,1.1701
1528178400,1.1701,1.1727,1.1694,1.17125
1528192800,1.17125,1.1713,1.1669,1.16775
1528207200,1.1677,1.1742,1.16625,1.174
1528221600,1.17395,1.17415,1.1718,1.17285
1528236000,1.1726,1.1744,1.1725,1.17365
1528250400,1.17365,1.1738,1.1723,1.1732
1528264800,1.17315,1.1781,1.1724,1.17795
1528279200,1.17795,1.1805,1.177,1.1798
1528293600,1.1798,1.17995,1.1771,1.17745
1528308000,1.1775,1.1787,1.17695,1.1784
1528322400,1.1785,1.18065,1.17815,1.1795
1528336800,1.17955,1.18135,1.17915,1.1812
1528351200,1.1812,1.18455,1.1798,1.18265
1528365600,1.1827,1.1848,1.1813,1.1819
1528380000,1.1819,1.1838,1.1806,1.1817
1528394400,1.18175,1.18225,1.18035,1.1806
1528408800,1.1805,1.1817,1.17985,1.18085
1528423200,1.18085,1.18165,1.1799,1.18115
1528437600,1.1812,1.1816,1.1765,1.17715
1528452000,1.1771,1.17765,1.1733,1.1764
1528466400,1.17645,1.17845,1.1758,1.17735
1528480800,1.1773,1.17815,1.1771,1.17755
1528668000,1.1779,1.1814,1.1777,1.18095
1528682400,1.1809,1.18125,1.1796,1.17995
1528696800,1.1799,1.18265,1.17835,1.17955
1528711200,1.1795,1.18145,1.1781,1.1812
1528725600,1.1812,1.182,1.1786,1.17905
1528740000,1.17905,1.1795,1.17885,1.1789
1528754400,1.1786,1.1788,1.17455,1.1765
1528768800,1.1765,1.178,1.176,1.17735
1528783200,1.1774,1.18145,1.1761,1.1801
1528797600,1.18005,1.1806,1.17805,1.1793
1528812000,1.17935,1.1801,1.1741,1.1756
1528826400,1.17555,1.17595,1.17375,1.1751
1528840800,1.17495,1.17565,1.1744,1.17495
1528855200,1.1749,1.17565,1.1744,1.17555
1528869600,1.17545,1.1766,1.1734,1.1759
1528884000,1.17595,1.1786,1.17555,1.17715
1528898400,1.1772,1.17965,1.1772,1.1793
1528912800,1.17935,1.18055,1.17295,1.1796
1528927200,1.1796,1.18065,1.1792,1.17995
1528941600,1.1799,1.18125,1.17915,1.1805
1528956000,1.1805,1.18295,1.1799,1.1826
1528970400,1.18265,1.1858,1.16535,1.16535
1528984800,1.16535,1.166,1.16025,1.1606
1528999200,1.16065,1.16105,1.1564,1.1572
1529013600,1.16525,1.16645,1.1634,1.16485
1529028000,1.16485,1.16545,1.16385,1.1641
1529042400,1.16415,1.16945,1.1622,1.16825
1529056800,1.16825,1.1706,1.1639,1.1679
1529071200,1.1679,1.1707,1.16765,1.169
1529085600,1.16905,1.16945,1.16835,1.169
1529272800,1.1676,1.1676,1.1655,1.16675
1529287200,1.1667,1.1678,1.16625,1.1672
1529301600,1.1672,1.169,1.16445,1.1677
1529316000,1.1677,1.1704,1.16745,1.16845
1529330400,1.16845,1.17005,1.16775,1.16945
1529344800,1.1694,1.1705,1.1692,1.17035
1529359200,1.17005,1.17205,1.16995,1.1716
1529373600,1.17165,1.1724,1.16985,1.17015
1529388000,1.1701,1.1704,1.16095,1.16305
1529402400,1.16305,1.1645,1.1612,1.1639
1529416800,1.16385,1.1666,1.1634,1.16515
1529431200,1.1651,1.16725,1.16475,1.16675
1529445600,1.1664,1.1673,1.1651,1.16595
1529460000,1.16595,1.16655,1.16445,1.165
1529474400,1.16495,1.167,1.1613,1.16415
1529488800,1.16415,1.16765,1.16335,1.166
1529503200,1.16595,1.1672,1.16435,1.1668
1529517600,1.1668,1.1669,1.1651,1.16515
1529532000,1.16485,1.16545,1.16355,1.1641
1529546400,1.1641,1.165,1.1628,1.1634
1529560800,1.16335,1.16415,1.1582,1.15945
1529575200,1.15945,1.16855,1.1589,1.16615
1529589600,1.16615,1.17085,1.165,1.16895
1529604000,1.16895,1.1703,1.16775,1.16775
1529618400,1.168,1.1692,1.16745,1.1675
1529632800,1.1675,1.17125,1.1675,1.17065
1529647200,1.1706,1.17495,1.16985,1.1733
1529661600,1.17335,1.17415,1.1707,1.1725
1529676000,1.17255,1.1737,1.16925,1.17355
1529690400,1.17365,1.17425,1.1731,1.1734
1529877600,1.1741,1.17475,1.17245,1.1731
1529892000,1.1731,1.17325,1.17135,1.1716
1529906400,1.1716,1.1746,1.1702,1.17235
1529920800,1.17235,1.1776,1.17135,1.1754
1529935200,1.1754,1.1776,1.17455,1.1771
1529949600,1.17715,1.17875,1.1771,1.178
1529964000,1.17755,1.17855,1.1772,1.1779
1529978400,1.17795,1.17945,1.17795,1.1783
1529992800,1.17835,1.1784,1.17235,1.17325
1530007200,1.1732,1.17575,1.1728,1.17375
1530021600,1.17375,1.175,1.17075,1.1715
1530036000,1.17145,1.1727,1.1709,1.1722
1530050400,1.1717,1.17315,1.17155,1.17235
1530064800,1.17245,1.1736,1.17115,1.1725
1530079200,1.17245,1.17445,1.1693,1.1712
1530093600,1.17125,1.17155,1.1665,1.16795
1530108000,1.16795,1.16835,1.1635,1.16385
1530122400,1.16385,1.16395,1.16115,1.1628
1530136800,1.16255,1.16355,1.1622,1.16325
1530151200,1.1633,1.1641,1.1615,1.16235
1530165600,1.16235,1.16475,1.15945,1.1644
1530180000,1.1644,1.1669,1.16185,1.16395
1530194400,1.16395,1.1663,1.16355,1.1651
1530208800,1.1651,1.1653,1.16185,1.1636
1530223200,1.1627,1.16425,1.1625,1.1634
1530237600,1.16345,1.17335,1.16335,1.1717
1530252000,1.17165,1.173,1.168,1.17175
1530266400,1.17175,1.1732,1.16945,1.17105
1530280800,1.171,1.17505,1.17,1.17455
1530295200,1.17455,1.17575,1.1731,1.1746
1530482400,1.1738,1.1748,1.17195,1.1725
1530496800,1.17245,1.17295,1.17025,1.17075
1530511200,1.17085,1.1721,1.1691,1.1705
1530525600,1.1705,1.17115,1.1661,1.16735
1530540000,1.16725,1.16885,1.16555,1.1672
1530554400,1.1672,1.17135,1.1668,1.1704
1530568800,1.1699,1.17085,1.1685,1.16955
1530583200,1.16955,1.17095,1.16905,1.17025
1530597600,1.17025,1.17375,1.17005,1.1718
1530612000,1.1718,1.17315,1.17075,1.1721
1530626400,1.1721,1.1729,1.17065,1.1722
1530640800,1.1722,1.17285,1.17155,1.17235
1530655200,1.172,1.17425,1.17175,1.17385
1530669600,1.1738,1.1739,1.17235,1.17305
1530684000,1.173,1.1745,1.1694,1.1699
1530698400,1.1699,1.1712,1.1691,1.17095
1530712800,1.17095,1.17385,1.17005,1.1731
1530741600,1.17155,1.17255,1.1715,1.1721
1530756000,1.17205,1.17555,1.1711,1.1755
1530770400,1.17545,1.17725,1.1739,1.17485
1530784800,1.1749,1.1782,1.1744,1.17645
1530799200,1.1764,1.1769,1.1742,1.17445
1530813600,1.1744,1.1755,1.17335,1.1754
1530828000,1.17495,1.1758,1.17415,1.17425
1530842400,1.17425,1.17635,1.174,1.17615
1530856800,1.17615,1.1788,1.1759,1.1771
1530871200,1.177,1.1825,1.17635,1.1819
1530885600,1.18195,1.183,1.17945,1.18015
1530900000,1.1801,1.1809,1.17995,1.1805
1531087200,1.1809,1.18275,1.1804,1.1825
1531101600,1.1825,1.1831,1.1817,1.183
1531116000,1.18295,1.1842,1.18105,1.18295
1531130400,1.183,1.18515,1.18175,1.182
1531144800,1.18205,1.1826,1.1793,1.18085
1531159200,1.1809,1.1815,1.1802,1.1815
1531173600,1.18095,1.18225,1.18075,1.18085
1531188000,1.1808,1.1816,1.1797,1.1799
1531202400,1.18,1.18145,1.17735,1.17805
1531216800,1.17805,1.1786,1.17495,1.17675
1531231200,1.17675,1.1806,1.1763,1.18045
1531245600,1.18045,1.18085,1.17995,1.1805
1531260000,1.1799,1.1799,1.1782,1.17895
1531274400,1.17895,1.17945,1.17805,1.17865
1531288800,1.17865,1.17985,1.1752,1.1761
1531303200,1.1761,1.18165,1.1757,1.18035
1531317600,1.18045,1.1808,1.17245,1.17305
1531332000,1.17305,1.17405,1.17225,1.173
1531346400,1.173,1.17345,1.17245,1.17295
1531360800,1.17305,1.1741,1.17255,1.1733
1531375200,1.17335,1.17475,1.17235,1.1732
1531389600,1.17315,1.17425,1.1704,1.17275
1531404000,1.1728,1.17505,1.17235,1.1731
1531418400,1.17315,1.1733,1.17215,1.17255
1531432800,1.1723,1.17285,1.1708,1.1723
1531447200,1.17225,1.17275,1.1708,1.1717
1531461600,1.1717,1.1717,1.16665,1.16885
1531476000,1.16885,1.17025,1.16725,1.16955
1531490400,1.1696,1.17315,1.16935,1.173
1531504800,1.173,1.17415,1.1728,1.17405
1531692000,1.17375,1.1742,1.1729,1.1738
1531706400,1.1738,1.17605,1.1733,1.17555
1531720800,1.17555,1.1763,1.1738,1.17585
1531735200,1.17585,1.1779,1.1757,1.1772
1531749600,1.1772,1.17775,1.17475,1.1764
1531764000,1.1764,1.1772,1.17635,1.17645
1531778400,1.1763,1.1767,1.1754,1.1758
1531792800,1.1758,1.1774,1.1756,1.17655
1531807200,1.17655,1.17975,1.17635,1.1783
1531821600,1.1783,1.17845,1.17365,1.1738
1531836000,1.17385,1.1757,1.1701,1.1717
1531850400,1.1717,1.1719,1.1706,1.1715
1531864800,1.17125,1.1717,1.17005,1.17085
1531879200,1.1709,1.1714,1.16835,1.1687
1531893600,1.16875,1.16935,1.1659,1.1677
1531908000,1.16765,1.1691,1.1653,1.16875
1531922400,1.1687,1.1714,1.16855,1.17015
1531936800,1.1702,1.1703,1.16895,1.1691
1531951200,1.1695,1.17055,1.169,1.1698
1531965600,1.16985,1.1704,1.1689,1.16895
1531980000,1.169,1.16935,1.16435,1.16545
1531994400,1.16545,1.1663,1.16225,1.1645
1532008800,1.1645,1.1728,1.16445,1.17035
1532023200,1.17035,1.1714,1.16805,1.169
1532037600,1.16915,1.1708,1.16745,1.1683
1532052000,1.16835,1.1719,1.168,1.1713
1532066400,1.17125,1.17215,1.1681,1.17035
1532080800,1.1704,1.17715,1.16895,1.1763
1532095200,1.1763,1.17725,1.17495,1.17675
1532109600,1.1768,1.17875,1.17635,1.17635
1532296800,1.1774,1.18005,1.17705,1.1788
1532311200,1.17885,1.1791,1.17695,1.17705
1532325600,1.1771,1.17905,1.1734,1.17435
1532340000,1.17435,1.17755,1.17425,1.175
1532354400,1.175,1.17605,1.1731,1.17385
1532368800,1.17385,1.17445,1.1732,1.174
1532383200,1.17375,1.17465,1.17325,1.1744
1532397600,1.17445,1.17485,1.17215,1.1731
1532412000,1.1731,1.17515,1.1701,1.17385
1532426400,1.1738,1.1764,1.1737,1.17545
1532440800,1.1754,1.1764,1.17195,1.1727
1532455200,1.17275,1.1736,1.17205,1.17305
1532469600,1.17285,1.1744,1.17255,1.1731
1532484000,1.17315,1.17355,1.1721,1.17335
1532498400,1.1733,1.17505,1.17265,1.1749
1532512800,1.17495,1.17575,1.1731,1.17425
1532527200,1.17425,1.17455,1.1709,1.17435
1532541600,1.1744,1.1785,1.17395,1.1772
1532556000,1.1768,1.17875,1.1765,1.1778
1532570400,1.1778,1.17825,1.177,1.17775
1532584800,1.17775,1.1786,1.17485,1.17585
1532599200,1.1758,1.1774,1.17155,1.1725
1532613600,1.17245,1.17245,1.16915,1.16995
1532628000,1.16995,1.17,1.16825,1.1684
1532642400,1.1683,1.16905,1.16795,1.1686
1532656800,1.16865,1.1697,1.1681,1.169
1532671200,1.169,1.17,1.1664,1.1667
1532685600,1.1667,1.1699,1.16625,1.16965
1532700000,1.16965,1.17045,1.16875,1.16985
1532714400,1.1699,1.17065,1.16975,1.16995
1532901600,1.1698,1.1706,1.16925,1.16995
1532916000,1.16995,1.1706,1.1691,1.1705
1532930400,1.17045,1.17345,1.16885,1.17275
1532944800,1.1727,1.1753,1.1718,1.17515
1532959200,1.1752,1.1761,1.1741,1.1753
1532973600,1.17535,1.1756,1.1744,1.1746
1532988000,1.17475,1.1752,1.1742,1.17505
1533002400,1.17505,1.17595,1.17405,1.1752
1533016800,1.1752,1.1773,1.1748,1.1764
1533031200,1.17645,1.179,1.17395,1.17465
1533045600,1.1746,1.1755,1.17295,1.17375
1533060000,1.1737,1.1743,1.1724,1.17315
1533074400,1.1728,1.1732,1.17225,1.1729
1533088800,1.1729,1.1731,1.1715,1.172
1533103200,1.172,1.17335,1.1712,1.1722
1533117600,1.17225,1.1739,1.17145,1.1717
1533132000,1.17175,1.17265,1.16965,1.17065
1533146400,1.17065,1.17175,1.16975,1.17005
1533160800,1.16965,1.1704,1.16965,1.1702
1533175200,1.17015,1.1702,1.16815,1.16865
1533189600,1.1687,1.169,1.1644,1.16505
1533204000,1.165,1.1669,1.1637,1.16615
1533218400,1.1662,1.1663,1.1632,1.1638
1533232800,1.1638,1.16385,1.1618,1.162
1533247200,1.1622,1.1626,1.1617,1.1619
1533261600,1.1619,1.16305,1.1616,1.16265
1533276000,1.1626,1.16265,1.1597,1.16105
1533290400,1.16105,1.16465,1.1594,1.1607
1533304800,1.1608,1.16395,1.1607,1.16195
1533319200,1.16195,1.1621,1.1599,1.1603
1533506400,1.16045,1.1605,1.1591,1.16
1533520800,1.16,1.1602,1.1586,1.15935
1533535200,1.1593,1.1604,1.1583,1.1597
1533549600,1.1597,1.1599,1.15645,1.1578
1533564000,1.1578,1.16055,1.1578,1.15875
1533578400,1.15875,1.15925,1.15825,1.15895
1533592800,1.1588,1.15975,1.1587,1.1592
1533607200,1.15915,1.1597,1.1585,1.159
1533621600,1.159,1.1628,1.15885,1.1625
1533636000,1.1625,1.16425,1.1617,1.16395
1533650400,1.1639,1.1639,1.1617,1.1619
1533664800,1.16185,1.1634,1.1616,1.1633
1533679200,1.163,1.1643,1.1629,1.1639
1533693600,1.16385,1.1662,1.1635,1.16525
1533708000,1.16525,1.1658,1.16165,1.16305
1533722400,1.163,1.1637,1.1606,1.16215
1533736800,1.16215,1.1647,1.16195,1.1644
1533751200,1.1644,1.1653,1.16415,1.1642
1533765600,1.1646,1.16465,1.1632,1.16375
1533780000,1.16375,1.165,1.1632,1.1642
1533794400,1.1642,1.16465,1.16065,1.1625
1533808800,1.1625,1.1638,1.16155,1.1622
1533823200,1.16225,1.1626,1.1579,1.15875
1533837600,1.1588,1.1588,1.1555,1.1557
1533852000,1.15575,1.15645,1.15455,1.1561
1533866400,1.1561,1.1566,1.1467,1.1492
1533880800,1.1492,1.15045,1.1461,1.149
1533895200,1.149,1.15115,1.1444,1.1453
1533909600,1.1453,1.1477,1.1417,1.14235
1533924000,1.1423,1.1457,1.1419,1.144
1534111200,1.1417,1.1441,1.13965,1.1407
1534125600,1.14065,1.14255,1.1394,1.14155
1534140000,1.14155,1.1435,1.1394,1.1412
1534154400,1.1412,1.14615,1.14005,1.1456
1534168800,1.14565,1.14615,1.1414,1.14255
1534183200,1.14255,1.14385,1.14145,1.1437
1534197600,1.1432,1.14385,1.14225,1.14355
1534212000,1.1435,1.1445,1.1423,1.14355
1534226400,1.1436,1.1457,1.14065,1.1432
1534240800,1.1432,1.14455,1.1409,1.141
1534255200,1.141,1.14155,1.1358,1.1373
1534269600,1.1373,1.1374,1.1357,1.137
1534284000,1.1371,1.1377,1.13615,1.13705
1534298400,1.13705,1.13705,1.13435,1.1355
1534312800,1.13555,1.13725,1.13425,1.13505
1534327200,1.13505,1.1357,1.13275,1.13295
1534341600,1.1329,1.13815,1.13285,1.13635
1534356000,1.1363,1.138,1.13615,1.137
1534370400,1.1368,1.1402,1.13595,1.1393
1534384800,1.1393,1.14225,1.13915,1.1415
1534399200,1.1415,1.1419,1.1381,1.1395
1534413600,1.1395,1.1433,1.1384,1.14245
1534428000,1.1425,1.1431,1.1372,1.13795
1534442400,1.138,1.14025,1.1376,1.14
1534456800,1.13965,1.1412,1.13895,1.14045
1534471200,1.1404,1.14105,1.1397,1.1404
1534485600,1.14045,1.1443,1.1397,1.1406
1534500000,1.1406,1.1442,1.13975,1.14345
1534514400,1.1435,1.14455,1.14245,1.1436
1534528800,1.14355,1.14685,1.1434,1.1461
1534716000,1.1461,1.1463,1.14495,1.14515
1534730400,1.1451,1.14565,1.14445,1.1447
1534744800,1.14465,1.14485,1.1425,1.1434
1534759200,1.1434,1.146,1.14165,1.1451
1534773600,1.1451,1.1486,1.14505,1.14805
1534788000,1.14805,1.1508,1.1479,1.15025
1534802400,1.151,1.15645,1.1507,1.15375
1534816800,1.1538,1.1561,1.1532,1.155
1534831200,1.15495,1.15625,1.1527,1.1542
1534845600,1.1542,1.1551,1.15135,1.15455
1534860000,1.1545,1.16225,1.15345,1.1614
1534874400,1.16145,1.1624,1.15905,1.15935
1534888800,1.1594,1.1604,1.1591,1.15975
1534903200,1.15975,1.1603,1.1591,1.15955
1534917600,1.1596,1.162,1.1574,1.16155
1534932000,1.16145,1.16445,1.16055,1.1623
1534946400,1.16225,1.1627,1.1601,1.16125
1534960800,1.16125,1.1641,1.1602,1.16185
1534975200,1.1615,1.1619,1.15765,1.15825
1534989600,1.15825,1.1584,1.1561,1.1574
1535004000,1.15745,1.1594,1.1567,1.158
1535018400,1.15795,1.16095,1.1577,1.1598
1535032800,1.1598,1.1606,1.1549,1.1559
1535047200,1.15595,1.15655,1.15485,1.15605
1535061600,1.15605,1.1569,1.15525,1.1563
1535076000,1.15625,1.15985,1.1559,1.1589
1535090400,1.15885,1.15945,1.1573,1.15855
1535104800,1.15855,1.1623,1.1583,1.1609
1535119200,1.1609,1.1658,1.15995,1.1641
1535133600,1.16405,1.16475,1.1636,1.16385
1535320800,1.1643,1.16715,1.16405,1.1647
1535335200,1.16465,1.1655,1.163,1.16355
1535349600,1.16355,1.16415,1.1612,1.16345
1535364000,1.1635,1.16755,1.16225,1.1666
1535378400,1.16665,1.17115,1.1664,1.16945
1535392800,1.1695,1.1703,1.16935,1.16945
1535407200,1.1697,1.17135,1.1689,1.16935
1535421600,1.1694,1.16945,1.16795,1.1687
1535436000,1.16865,1.17215,1.1684,1.1719
1535450400,1.17195,1.17505,1.1711,1.1748
1535464800,1.17475,1.1748,1.17195,1.17295
1535479200,1.1729,1.17295,1.1707,1.17105
1535493600,1.1708,1.1713,1.1699,1.17
1535508000,1.17,1.17135,1.1689,1.16905
1535522400,1.169,1.1703,1.1678,1.16885
1535536800,1.1688,1.1706,1.1668,1.17055
1535551200,1.17055,1.1724,1.1699,1.1714
1535565600,1.1714,1.17265,1.1705,1.1725
1535580000,1.17215,1.1726,1.17085,1.1717
1535594400,1.1717,1.17195,1.1698,1.1702
1535608800,1.17025,1.17315,1.16875,1.1711
1535623200,1.1711,1.17215,1.16565,1.16715
1535637600,1.16725,1.16825,1.1654,1.168
1535652000,1.168,1.16915,1.1668,1.168
1535666400,1.1678,1.16885,1.1673,1.1679
1535680800,1.16795,1.1703,1.1672,1.16935
1535695200,1.1694,1.1703,1.16765,1.16815
1535709600,1.1682,1.16825,1.16375,1.16485
1535724000,1.16485,1.1664,1.15965,1.1617
1535738400,1.1617,1.16235,1.1607,1.1607
1535925600,1.1609,1.1615,1.16,1.1608
1535940000,1.1608,1.1627,1.16045,1.1624
1535954400,1.16235,1.1638,1.16025,1.16095
1535968800,1.161,1.16315,1.16075,1.16205
1535983200,1.16205,1.16395,1.1619,1.1628
1536012000,1.1626,1.16285,1.16065,1.1613
1536026400,1.1613,1.1622,1.16065,1.16135
1536040800,1.1613,1.16155,1.15665,1.15675
1536055200,1.15675,1.15795,1.15545,1.1556
1536069600,1.15555,1.15955,1.15405,1.15855
1536084000,1.15855,1.16,1.1583,1.15925
1536098400,1.1592,1.16135,1.159,1.1606
1536112800,1.16065,1.1618,1.15965,1.1603
1536127200,1.1603,1.16035,1.1552,1.1585
1536141600,1.15845,1.16505,1.1577,1.16365
1536156000,1.16365,1.1642,1.16145,1.16315
1536170400,1.16315,1.1644,1.163,1.16395
1536184800,1.16395,1.1667,1.1639,1.16515
1536199200,1.16515,1.1658,1.1627,1.16305
1536213600,1.16305,1.16495,1.1621,1.16285
1536228000,1.16285,1.1663,1.16235,1.1648
1536242400,1.1648,1.1654,1.1613,1.1627
1536256800,1.16265,1.16405,1.16235,1.1632
1536271200,1.16315,1.1632,1.1621,1.16295
1536285600,1.1629,1.16375,1.16215,1.1631
1536300000,1.16305,1.1656,1.16205,1.1643
1536314400,1.16425,1.16455,1.1568,1.1584
1536328800,1.15845,1.15995,1.1557,1.1568
1536343200,1.1568,1.15735,1.1558,1.1559
1536530400,1.15555,1.15695,1.1554,1.1555
1536544800,1.15555,1.15605,1.1545,1.1557
1536559200,1.15565,1.15905,1.15305,1.15825
1536573600,1.15825,1.16225,1.1574,1.1606
1536588000,1.1605,1.1619,1.16015,1.1603
1536602400,1.16025,1.16045,1.1598,1.1599
1536616800,1.15995,1.1604,1.15825,1.15915
1536631200,1.159,1.16175,1.15875,1.16175
1536645600,1.1617,1.1649,1.16,1.16005
1536660000,1.1601,1.16015,1.15705,1.1585
1536674400,1.1585,1.1604,1.1581,1.15955
1536688800,1.15955,1.16175,1.15885,1.1607
1536703200,1.16045,1.16075,1.15925,1.15945
1536717600,1.15945,1.1598,1.1584,1.15875
1536732000,1.15875,1.1609,1.1574,1.1599
1536746400,1.15985,1.16045,1.1576,1.1602
1536760800,1.1602,1.1654,1.1601,1.1643
1536775200,1.1643,1.1644,1.1627,1.1628
1536789600,1.1632,1.1645,1.16265,1.1639
1536804000,1.1639,1.16415,1.162,1.16225
1536818400,1.16225,1.16345,1.16105,1.1619
1536832800,1.16185,1.1703,1.1616,1.1694
1536847200,1.16935,1.16975,1.167,1.1685
1536861600,1.1685,1.16965,1.16845,1.16915
1536876000,1.17745,1.178,1.1771,1.1773
1536890400,1.17735,1.1782,1.17725,1.17765
1536904800,1.17765,1.18055,1.1774,1.1783
1536919200,1.17835,1.1789,1.1743,1.1751
1536933600,1.17505,1.1755,1.1708,1.1716
1536948000,1.17165,1.1717,1.17035,1.17035
1537135200,1.17105,1.17165,1.1704,1.1711
1537149600,1.1711,1.1721,1.17075,1.17195
1537164000,1.1719,1.1743,1.17,1.17315
1537178400,1.17315,1.17775,1.173,1.17765
1537192800,1.1776,1.17805,1.17645,1.1771
1537207200,1.1771,1.1772,1.1764,1.17655
1537221600,1.1767,1.177,1.1747,1.1761
1537236000,1.17605,1.1785,1.17575,1.17805
1537250400,1.17805,1.17995,1.17545,1.1759
1537264800,1.1759,1.1807,1.17535,1.1786
1537279200,1.1786,1.1789,1.17335,1.17475
1537293600,1.17475,1.1756,1.174,1.1751
1537308000,1.17525,1.1763,1.17365,1.1739
1537322400,1.1739,1.17685,1.1738,1.1768
1537336800,1.1768,1.17965,1.1754,1.1779
1537351200,1.17795,1.1781,1.17385,1.17435
1537365600,1.1743,1.1774,1.17305,1.1755
1537380000,1.1755,1.17585,1.1752,1.1753
1537394400,1.17525,1.17635,1.1747,1.1763
1537408800,1.17625,1.1765,1.1756,1.17615
1537423200,1.17625,1.17875,1.17575,1.1782
1537437600,1.17825,1.18565,1.1776,1.1836
1537452000,1.1836,1.18525,1.18175,1.18485
1537466400,1.18485,1.1864,1.1844,1.18565
1537480800,1.1857,1.1863,1.18525,1.1855
1537495200,1.18545,1.18655,1.1854,1.1863
1537509600,1.18625,1.18815,1.1847,1.18555
1537524000,1.18555,1.1858,1.1811,1.1821
1537538400,1.1821,1.1845,1.18125,1.18215
1537552800,1.18215,1.1834,1.18195,1.1828
1537740000,1.1822,1.183,1.18145,1.1816
1537754400,1.18155,1.18255,1.1809,1.18095
1537768800,1.181,1.18515,1.18015,1.1847
1537783200,1.1847,1.1893,1.1827,1.1877
1537797600,1.1877,1.1878,1.18305,1.18365
1537812000,1.1836,1.1838,1.18215,1.18255
1537826400,1.18255,1.1835,1.1817,1.1819
1537840800,1.18185,1.1825,1.1807,1.18245
1537855200,1.18245,1.1851,1.181,1.18425
1537869600,1.1842,1.18675,1.18355,1.1861
1537884000,1.18605,1.18695,1.1838,1.18395
1537898400,1.184,1.1848,1.1838,1.1844
1537912800,1.1843,1.18445,1.1832,1.18395
1537927200,1.18395,1.1844,1.18355,1.1836
1537941600,1.1836,1.18515,1.18335,1.1841
1537956000,1.18405,1.1841,1.1801,1.18095
1537970400,1.181,1.1845,1.1807,1.18425
1537984800,1.1842,1.1875,1.18075,1.18155
1537999200,1.1818,1.18305,1.1813,1.18145
1538013600,1.1815,1.1826,1.1763,1.17765
1538028000,1.1776,1.1793,1.1758,1.17785
1538042400,1.17785,1.1793,1.1743,1.1755
1538056800,1.1755,1.17695,1.17335,1.17375
1538071200,1.1738,1.17385,1.1711,1.17135
1538085600,1.17125,1.17175,1.17045,1.17145
1538100000,1.17145,1.1723,1.1709,1.172
1538114400,1.17205,1.17225,1.16655,1.1667
1538128800,1.1667,1.16675,1.1641,1.16515
1538143200,1.1652,1.17005,1.16495,1.16845
1538157600,1.16845,1.16875,1.1671,1.1671
1538344800,1.1683,1.16835,1.16655,1.1671
1538359200,1.16715,1.1673,1.1656,1.1659
1538373600,1.1659,1.1689,1.16435,1.16855
1538388000,1.16855,1.1695,1.16585,1.1673
1538402400,1.1673,1.16805,1.1633,1.1644
1538416800,1.16445,1.165,1.1642,1.1648
1538431200,1.1645,1.1649,1.16375,1.16415
1538445600,1.1641,1.16435,1.16135,1.1616
1538460000,1.1616,1.16175,1.1573,1.15835
1538474400,1.15835,1.16155,1.15765,1.16015
1538488800,1.1601,1.1639,1.16005,1.16115
1538503200,1.16115,1.16235,1.1608,1.1619
1538517600,1.1616,1.1642,1.16035,1.16375
1538532000,1.1637,1.1661,1.1632,1.1653
1538546400,1.16525,1.16605,1.16255,1.1636
1538560800,1.1636,1.16365,1.1595,1.1606
1538575200,1.16055,1.1614,1.1576,1.15865
1538589600,1.1587,1.15885,1.15315,1.1545
1538604000,1.1545,1.1551,1.15285,1.1536
1538618400,1.15355,1.15415,1.15265,1.15365
1538632800,1.1537,1.1569,1.153,1.15595
1538647200,1.15595,1.15905,1.1558,1.15815
1538661600,1.1581,1.16065,1.1556,1.1572
1538676000,1.1572,1.1583,1.1565,1.1578
1538690400,1.1576,1.1583,1.1574,1.1575
1538704800,1.1575,1.1576,1.156,1.15615
1538719200,1.15615,1.15795,1.15505,1.1561
1538733600,1.15605,1.1613,1.1547,1.15995
1538748000,1.15995,1.16035,1.1561,1.15845
1538762400,1.1584,1.15955,1.15795,1.1586
1538949600,1.1586,1.15925,1.15775,1.1583
1538964000,1.15825,1.1583,1.15675,1.1573
1538978400,1.15735,1.15755,1.15335,1.1537
1538992800,1.1537,1.1547,1.15225,1.1535
1539007200,1.1535,1.1555,1.15325,1.15525
1539021600,1.15515,1.15615,1.15485,1.1555
1539036000,1.1555,1.15575,1.1547,1.15475
1539050400,1.1548,1.15645,1.1547,1.1558
1539064800,1.15575,1.15575,1.15105,1.15145
1539079200,1.15145,1.1519,1.14935,1.15085
1539093600,1.15085,1.1556,1.15085,1.155
1539108000,1.155,1.15655,1.1548,1.15545
1539122400,1.1552,1.15755,1.1552,1.1573
1539136800,1.15735,1.1577,1.15665,1.1571
1539151200,1.15705,1.1576,1.1541,1.155
1539165600,1.15495,1.15855,1.1549,1.15815
1539180000,1.1581,1.1607,1.15805,1.1596
1539194400,1.15965,1.16035,1.1576,1.1578
1539208800,1.15875,1.163,1.1586,1.16225
1539223200,1.1622,1.16315,1.1611,1.16135
1539237600,1.16135,1.16215,1.15935,1.16175
1539252000,1.16175,1.16585,1.1616,1.1623
1539266400,1.1623,1.16455,1.1604,1.1643
1539280800,1.16425,1.16575,1.1642,1.16535
1539295200,1.1651,1.1661,1.16455,1.1654
1539309600,1.1654,1.16685,1.16475,1.16485
1539324000,1.1648,1.1662,1.16335,1.16405
1539338400,1.16405,1.1645,1.1599,1.1603
1539352800,1.16025,1.1627,1.15925,1.1616
1539367200,1.16155,1.1624,1.1614,1.16165
1539554400,1.161,1.1613,1.16005,1.16065
1539568800,1.16065,1.16115,1.16005,1.161
1539583200,1.161,1.1651,1.16085,1.1645
1539597600,1.16455,1.16635,1.1635,1.1648
1539612000,1.1648,1.16525,1.1632,1.16345
1539626400,1.16345,1.16415,1.1631,1.16375
1539640800,1.1637,1.1649,1.1637,1.16395
1539655200,1.164,1.1645,1.1622,1.16275
1539669600,1.16265,1.1654,1.16215,1.1629
1539684000,1.1629,1.1678,1.16225,1.1657
1539698400,1.16565,1.16565,1.16275,1.163
1539712800,1.16305,1.16375,1.1627,1.1631
1539727200,1.16275,1.16355,1.1624,1.1626
1539741600,1.1626,1.16275,1.16025,1.1609
1539756000,1.1609,1.1633,1.16065,1.16215
1539770400,1.1622,1.163,1.15755,1.15925
1539784800,1.15925,1.16025,1.15675,1.1571
1539799200,1.1571,1.1577,1.155,1.15535
1539813600,1.155,1.15575,1.15465,1.155
1539828000,1.15495,1.15565,1.15425,1.15425
1539842400,1.1543,1.158,1.1533,1.15785
1539856800,1.1579,1.1579,1.15405,1.1544
1539871200,1.15435,1.157,1.1508,1.15115
1539885600,1.15115,1.15225,1.1501,1.15045
1539900000,1.15055,1.1513,1.1501,1.151
1539914400,1.15095,1.15165,1.1506,1.1513
1539928800,1.1513,1.15205,1.14835,1.151
1539943200,1.151,1.15435,1.15085,1.1541
1539957600,1.15405,1.1586,1.15265,1.1563
1539972000,1.15625,1.15755,1.1553,1.1561
1540159200,1.15665,1.15685,1.15485,1.1556
1540173600,1.15565,1.15685,1.1555,1.1563
1540188000,1.1563,1.16005,1.1552,1.15535
1540202400,1.1553,1.15625,1.15215,1.153
1540216800,1.153,1.1531,1.15055,1.1521
1540231200,1.15215,1.15225,1.1513,1.15155
1540245600,1.15135,1.15175,1.1507,1.15125
1540260000,1.1512,1.15155,1.1501,1.15035
1540274400,1.1503,1.1533,1.1488,1.15325
1540288800,1.15325,1.1535,1.15025,1.1516
1540303200,1.1516,1.15425,1.14975,1.15245
1540317600,1.15245,1.15345,1.15145,1.1518
1540332000,1.1518,1.1523,1.15105,1.1512
1540346400,1.15115,1.1523,1.1509,1.1513
1540360800,1.15125,1.15245,1.14545,1.1464
1540375200,1.14645,1.1466,1.14265,1.14415
1540389600,1.1442,1.14575,1.14285,1.1436
1540404000,1.14365,1.145,1.1433,1.144
1540418400,1.1444,1.1456,1.144,1.1454
1540432800,1.1454,1.1461,1.14495,1.14575
1540447200,1.14575,1.14655,1.144,1.14545
1540461600,1.1454,1.14785,1.14155,1.14255
1540476000,1.14255,1.1432,1.1404,1.14055
1540490400,1.14055,1.14205,1.1401,1.14205
1540504800,1.1417,1.14215,1.1407,1.1415
1540519200,1.1415,1.1419,1.1402,1.14085
1540533600,1.14085,1.14275,1.13935,1.13995
1540548000,1.13995,1.14085,1.138,1.14035
1540562400,1.14035,1.14575,1.13995,1.14395
1540576800,1.14395,1.1466,1.14395,1.1447
1540764000,1.1442,1.1448,1.143,1.1435
1540778400,1.1435,1.14405,1.1432,1.144
1540792800,1.14395,1.14565,1.14045,1.1423
1540807200,1.1423,1.146,1.14125,1.1414
1540821600,1.1414,1.14445,1.1411,1.1432
1540836000,1.14315,1.1439,1.1415,1.14165
1540850400,1.1414,1.14225,1.1413,1.1418
1540864800,1.14185,1.1428,1.14175,1.1421
1540879200,1.14205,1.1431,1.14005,1.1408
1540893600,1.1408,1.14245,1.1388,1.14175
1540908000,1.14175,1.14235,1.13885,1.13905
1540922400,1.1391,1.1392,1.13825,1.1387
1540936800,1.13865,1.13915,1.1381,1.13865
1540951200,1.13865,1.139,1.1377,1.13835
1540965600,1.1383,1.14015,1.1371,1.13785
1540980000,1.13785,1.1394,1.13515,1.13605
1540994400,1.13605,1.1388,1.1343,1.1346
1541008800,1.13475,1.137,1.1347,1.13545
1541023200,1.1355,1.1377,1.13515,1.1375
1541037600,1.13745,1.1389,1.1373,1.13805
1541052000,1.13805,1.1427,1.13765,1.1419
1541066400,1.14185,1.14435,1.14075,1.14325
1541080800,1.14325,1.1463,1.14285,1.1449
1541095200,1.145,1.14555,1.1443,1.1448
1541109600,1.14435,1.14465,1.14295,1.14315
1541124000,1.14315,1.1466,1.14305,1.1462
1541138400,1.1462,1.14825,1.14545,1.1476
1541152800,1.14755,1.1494,1.14425,1.14555
1541167200,1.1455,1.1469,1.14095,1.14205
1541181600,1.14205,1.1439,1.14165,1.14265
1541372400,1.14265,1.14365,1.14205,1.1421
1541386800,1.1421,1.1434,1.14195,1.14255
1541401200,1.1425,1.14355,1.1411,1.14205
1541415600,1.14205,1.14375,1.1389,1.1436
1541430000,1.14355,1.1461,1.14275,1.1459
1541444400,1.1459,1.14605,1.14435,1.1445
1541458800,1.1443,1.14505,1.14415,1.14445
1541473200,1.14455,1.145,1.1435,1.14485
1541487600,1.1448,1.1462,1.14275,1.1438
1541502000,1.1438,1.14745,1.14295,1.14535
1541516400,1.14535,1.14605,1.1442,1.1448
1541530800,1.1448,1.14635,1.14465,1.14605
1541545200,1.14545,1.15085,1.143,1.14745
1541559600,1.1475,1.15065,1.1466,1.1471
1541574000,1.1471,1.15455,1.147,1.15275
1541588400,1.15275,1.1536,1.14975,1.15135
1541602800,1.15135,1.1522,1.14785,1.14855
1541617200,1.1485,1.14935,1.146,1.1462
1541631600,1.1459,1.14685,1.14565,1.14585
1541646000,1.14585,1.14675,1.14545,1.1466
1541660400,1.14665,1.14765,1.14435,1.1452
1541674800,1.1452,1.14735,1.1436,1.1467
1541689200,1.14665,1.14785,1.142,1.1431
1541703600,1.1431,1.1442,1.13825,1.13945
1541718000,1.1397,1.14005,1.13835,1.13855
1541732400,1.13855,1.1388,1.1372,1.1377
1541746800,1.1377,1.13805,1.1358,1.13765
1541761200,1.13765,1.13915,1.13615,1.1373
1541775600,1.13725,1.13895,1.1348,1.13625
1541790000,1.1363,1.13715,1.13615,1.1367
1541977200,1.13495,1.1361,1.13465,1.13605
1541991600,1.13605,1.13615,1.1299,1.13035
1542006000,1.13035,1.13125,1.12705,1.12915
1542020400,1.12915,1.13085,1.12775,1.1295
1542034800,1.1295,1.13035,1.1266,1.1271
1542049200,1.1271,1.1275,1.12455,1.1247
1542063600,1.125,1.1267,1.125,1.12635
1542078000,1.1263,1.12815,1.1262,1.12815
1542092400,1.12805,1.1287,1.1251,1.12705
1542106800,1.1271,1.1309,1.1266,1.1294
1542121200,1.1294,1.13235,1.12855,1.12865
1542135600,1.12865,1.13215,1.12815,1.13155
1542150000,1.1325,1.13515,1.1325,1.1328
1542164400,1.13285,1.13345,1.1314,1.13255
1542178800,1.13255,1.13275,1.1293,1.1298
1542193200,1.12985,1.13765,1.12915,1.13625
1542207600,1.1362,1.1369,1.13045,1.13375
1542222000,1.1338,1.13735,1.13295,1.13415
1542236400,1.13415,1.1358,1.1337,1.13535
1542250800,1.1353,1.13735,1.13495,1.13685
1542265200,1.1369,1.13785,1.12965,1.1326
1542279600,1.1326,1.13445,1.13135,1.13265
1542294000,1.1326,1.1366,1.1326,1.1344
1542308400,1.13435,1.1389,1.1343,1.13585
1542322800,1.135,1.13685,1.13465,1.1361
1542337200,1.1361,1.1375,1.13565,1.1374
1542351600,1.13735,1.13935,1.13495,1.1354
1542366000,1.1354,1.1437,1.13465,1.14305
1542380400,1.14305,1.14455,1.14165,1.14365
1542394800,1.1436,1.14465,1.14285,1.14465
1542582000,1.1442,1.14455,1.14305,1.14325
1542596400,1.1433,1.14365,1.1418,1.14275
1542610800,1.1427,1.14535,1.14255,1.14435
1542625200,1.1443,1.1463,1.1439,1.1452
1542639600,1.14525,1.1489,1.1449,1.14755
1542654000,1.1475,1.14825,1.14735,1.14795
1542668400,1.14745,1.1481,1.1465,1.1473
1542682800,1.14725,1.1479,1.14675,1.1474
1542697200,1.14745,1.1495,1.14445,1.14535
1542711600,1.14535,1.14595,1.14155,1.1421
1542726000,1.1421,1.14355,1.1381,1.1388
1542740400,1.13875,1.1395,1.13815,1.1392
1542754800,1.1391,1.13975,1.13885,1.13965
1542769200,1.13965,1.14235,1.1393,1.14155
1542783600,1.14155,1.1433,1.13895,1.1397
1542798000,1.13975,1.14475,1.1397,1.1416
1542812400,1.14155,1.1437,1.14025,1.14125
1542826800,1.14125,1.1416,1.14035,1.14095
1542841200,1.1407,1.14205,1.1404,1.14175
1542855600,1.14165,1.1432,1.1412,1.1425
1542870000,1.14245,1.1454,1.1414,1.14355
1542884400,1.14355,1.144,1.14175,1.14245
1542898800,1.1424,1.14315,1.1411,1.1427
1542927600,1.1424,1.1432,1.14195,1.1428
1542942000,1.1428,1.14405,1.14265,1.14325
1542956400,1.1432,1.14375,1.13645,1.13685
1542970800,1.13685,1.1379,1.1356,1.1366
1542985200,1.13655,1.1379,1.135,1.13525
1543186800,1.1355,1.1359,1.1344,1.1347
1543201200,1.1347,1.1372,1.1347,1.13705
1543215600,1.13705,1.14025,1.13685,1.1385
1543230000,1.1385,1.13935,1.13675,1.13715
1543244400,1.1371,1.13755,1.13435,1.13485
1543258800,1.1348,1.13535,1.1342,1.1347
1543273200,1.13485,1.1353,1.13455,1.135
1543287600,1.13495,1.1361,1.134,1.1346
1543302000,1.13465,1.13605,1.13225,1.13345
1543316400,1.1335,1.1354,1.13125,1.1315
1543330800,1.13145,1.13275,1.12945,1.1314
1543345200,1.1314,1.13165,1.13,1.13055
1543359600,1.1312,1.1316,1.13005,1.13105
1543374000,1.131,1.1317,1.1307,1.1314
1543388400,1.1314,1.1315,1.1283,1.13085
1543402800,1.13085,1.1311,1.12845,1.1292
1543417200,1.1292,1.14055,1.1286,1.13915
1543431600,1.1391,1.1402,1.13815,1.1382
1543446000,1.1382,1.13885,1.1377,1.13875
1543460400,1.13875,1.14065,1.13865,1.1395
1543474800,1.13945,1.1412,1.13645,1.1365
1543489200,1.1365,1.14155,1.13625,1.1398
1543503600,1.1398,1.14115,1.1377,1.139
1543518000,1.139,1.141,1.13785,1.14085
1543532400,1.14025,1.14115,1.1398,1.14115
1543546800,1.1411,1.14135,1.14005,1.1404
1543561200,1.1404,1.14075,1.13705,1.13835
1543575600,1.1383,1.13925,1.1345,1.1351
1543590000,1.1351,1.13575,1.1318,1.1327
1543604400,1.1327,1.1335,1.13205,1.13345
1543791600,1.13465,1.13675,1.134,1.13645
1543806000,1.13645,1.13815,1.1357,1.13755
1543820400,1.1376,1.13915,1.1351,1.1351
1543834800,1.1351,1.13645,1.1331,1.13585
1543849200,1.13585,1.1376,1.1347,1.13635
1543863600,1.1364,1.13675,1.13505,1.1363
1543878000,1.13665,1.13805,1.1361,1.1378
1543892400,1.1378,1.1399,1.1375,1.1397
1543906800,1.1397,1.14305,1.1386,1.14175
1543921200,1.14175,1.14285,1.13935,1.13995
1543935600,1.13995,1.14035,1.1329,1.13485
1543950000,1.1349,1.13545,1.1348,1.13525
1543964400,1.13505,1.13565,1.1339,1.1339
1543978800,1.1339,1.1344,1.13265,1.1341
1543993200,1.1341,1.1356,1.1332,1.13535
1544007600,1.13535,1.1372,1.13325,1.1333
1544022000,1.1333,1.13695,1.1321,1.13555
1544036400,1.13555,1.1358,1.1349,1.13545
1544050800,1.1354,1.13595,1.135,1.13505
1544065200,1.13505,1.1361,1.13355,1.134
1544079600,1.13405,1.1354,1.13285,1.13375
1544094000,1.13375,1.1408,1.13355,1.1403
1544108400,1.1403,1.142,1.1365,1.13915
1544122800,1.1391,1.13975,1.1375,1.13855
1544137200,1.13845,1.13865,1.1378,1.13815
1544151600,1.13815,1.1389,1.13715,1.138
1544166000,1.138,1.13895,1.1367,1.13775
1544180400,1.1377,1.1423,1.13715,1.13935
1544194800,1.1394,1.14155,1.1383,1.14145
1544209200,1.14145,1.1431,1.1388,1.13895
1544396400,1.1407,1.1449,1.13995,1.1442
1544410800,1.14415,1.14455,1.1431,1.1435
1544425200,1.1435,1.14465,1.1408,1.1412
1544439600,1.1412,1.14345,1.1399,1.1413
1544454000,1.14135,1.1421,1.1357,1.1367
1544468400,1.1367,1.1367,1.1356,1.1362
1544482800,1.1357,1.13735,1.13565,1.13715
1544497200,1.13715,1.1377,1.13635,1.13685
1544511600,1.13685,1.1396,1.13655,1.1393
1544526000,1.1393,1.14055,1.13375,1.1341
1544540400,1.1341,1.1346,1.1311,1.13245
1544554800,1.13245,1.13325,1.1317,1.13225
1544569200,1.1325,1.1338,1.13225,1.1334
1544583600,1.1334,1.1337,1.13265,1.13325
1544598000,1.13325,1.13425,1.1319,1.13395
1544612400,1.134,1.13725,1.1329,1.13685
1544626800,1.1369,1.1392,1.1359,1.1367
1544641200,1.1367,1.13835,1.1363,1.1372
1544655600,1.1375,1.13795,1.13675,1.1372
1544670000,1.1372,1.1375,1.1365,1.1372
1544684400,1.13725,1.1395,1.13685,1.1374
1544698800,1.1374,1.1396,1.13325,1.13455
1544713200,1.1345,1.13735,1.1333,1.13645
1544727600,1.13645,1.137,1.1359,1.13615
1544742000,1.1448,1.1457,1.14465,1.14515
1544756400,1.14515,1.14535,1.14375,1.1441
1544770800,1.14405,1.14505,1.1376,1.13895
1544785200,1.13895,1.13995,1.1362,1.13755
1544799600,1.13755,1.14005,1.13755,1.13965
1544814000,1.13965,1.1401,1.13915,1.1398
1545001200,1.13955,1.14025,1.1395,1.1402
1545015600,1.1402,1.1405,1.13975,1.1403
1545030000,1.14025,1.1436,1.14015,1.14305
1545044400,1.143,1.1446,1.14265,1.1435
1545058800,1.1435,1.14495,1.14215,1.14465
1545073200,1.1447,1.1449,1.1435,1.1437
1545087600,1.1438,1.14505,1.14345,1.1443
1545102000,1.14435,1.14455,1.1428,1.1429
1545116400,1.14285,1.14795,1.1426,1.14785
1545130800,1.14785,1.1493,1.14545,1.14555
1545145200,1.14555,1.1465,1.144,1.14595
1545159600,1.14595,1.14655,1.14445,1.14515
1545174000,1.1458,1.1476,1.14575,1.14745
1545188400,1.1474,1.14795,1.14675,1.1474
1545202800,1.1474,1.15,1.1472,1.14985
1545217200,1.14985,1.1524,1.14855,1.15215
1545231600,1.15215,1.15325,1.15095,1.1523
1545246000,1.15225,1.1525,1.14555,1.14715
1545260400,1.147,1.14775,1.1466,1.14685
1545274800,1.14685,1.14985,1.1467,1.14975
1545289200,1.14975,1.1575,1.1494,1.1566
1545303600,1.15655,1.1572,1.15305,1.1538
1545318000,1.15375,1.1563,1.14895,1.1558
1545332400,1.15575,1.15725,1.15315,1.1535
1545346800,1.1535,1.1547,1.1532,1.1533
1545361200,1.15335,1.154,1.15255,1.154
1545375600,1.15395,1.1558,1.14955,1.15035
1545390000,1.1503,1.1511,1.14835,1.1486
1545404400,1.1486,1.1505,1.1445,1.14465
1545418800,1.14465,1.14555,1.14385,1.14515
1545606000,1.1452,1.14715,1.145,1.14695
1545620400,1.1469,1.14745,1.14605,1.1462
1545634800,1.14625,1.1494,1.1456,1.14845
1545649200,1.14845,1.15215,1.14705,1.151
1545663600,1.1511,1.15165,1.1482,1.1503
1545778800,1.1495,1.1504,1.1481,1.1494
1545793200,1.14935,1.14985,1.1479,1.1487
1545807600,1.14865,1.1488,1.1462,1.14655
1545822000,1.14655,1.1476,1.1455,1.14665
1545836400,1.1467,1.14965,1.1435,1.14415
1545850800,1.14415,1.1448,1.1424,1.14335
1545865200,1.1437,1.14655,1.1434,1.14595
1545879600,1.14595,1.1469,1.14535,1.1462
1545894000,1.1462,1.1483,1.14505,1.1481
1545908400,1.1481,1.15155,1.1442,1.15135
1545922800,1.1513,1.15325,1.1476,1.1526
1545937200,1.1526,1.1532,1.1505,1.15095
1545951600,1.15065,1.15375,1.15045,1.15365
1545966000,1.1536,1.15415,1.15245,1.15345
1545980400,1.1534,1.15455,1.15055,1.15395
1545994800,1.154,1.15475,1.15135,1.15285
1546009200,1.15285,1.15315,1.15045,1.1513
1546023600,1.1513,1.15285,1.1508,1.1518
1546210800,1.1514,1.1524,1.1507,1.1509
1546225200,1.15095,1.15145,1.14945,1.15
1546239600,1.15,1.1526,1.14975,1.15215
1546254000,1.15215,1.154,1.14995,1.1508
1546268400,1.1508,1.15335,1.1499,1.15185
1546282800,1.15185,1.15405,1.15175,1.1539
1546383600,1.1533,1.15415,1.15145,1.1518
1546398000,1.1518,1.1569,1.15145,1.15575
1546412400,1.1557,1.15655,1.1493,1.15085
1546426800,1.1508,1.151,1.14285,1.14315
1546441200,1.1432,1.14405,1.13965,1.13995
1546455600,1.13985,1.1419,1.1396,1.14145
1546470000,1.142,1.143,1.13775,1.14265
1546484400,1.1427,1.14445,1.1423,1.14405
1546498800,1.144,1.1453,1.14225,1.1437
1546513200,1.1437,1.1441,1.14055,1.14335
1546527600,1.1434,1.14805,1.1434,1.147
1546542000,1.14705,1.1473,1.1452,1.14645
1546556400,1.14635,1.148,1.14575,1.14655
1546570800,1.14655,1.1467,1.14505,1.1461
1546585200,1.14615,1.14875,1.146,1.14725
1546599600,1.14725,1.1484,1.14135,1.14215
1546614000,1.1421,1.14865,1.1413,1.14725
1546628400,1.14725,1.14725,1.14625,1.14655
1546815600,1.1475,1.14905,1.1471,1.14875
1546830000,1.14875,1.14975,1.14815,1.1484
1546844400,1.14845,1.15165,1.14775,1.15065
1546858800,1.15065,1.15405,1.15015,1.15355
1546873200,1.15385,1.15505,1.15215,1.1542
1546887600,1.15425,1.15505,1.15365,1.15425
1546902000,1.15445,1.15515,1.1508,1.15175
1546916400,1.15175,1.15225,1.14985,1.15125
1546930800,1.1512,1.1528,1.14995,1.1512
1546945200,1.1512,1.15355,1.1488,1.15045
1546959600,1.15045,1.1525,1.14915,1.15075
1546974000,1.15075,1.1511,1.1502,1.15055
1546988400,1.15065,1.1532,1.15055,1.15165
1547002800,1.1517,1.15305,1.1517,1.1524
1547017200,1.15235,1.15435,1.151,1.15175
1547031600,1.1517,1.1592,1.1504,1.159
1547046000,1.159,1.16075,1.1574,1.1602
1547060400,1.1602,1.16245,1.15945,1.16105
1547074800,1.16125,1.16235,1.16065,1.16175
1547089200,1.1617,1.16325,1.16135,1.1615
1547103600,1.1615,1.16205,1.158,1.15905
1547118000,1.15905,1.1608,1.1579,1.15885
1547132400,1.1588,1.15905,1.1547,1.15605
1547146800,1.15605,1.15685,1.15575,1.15615
1547161200,1.1559,1.1587,1.1559,1.1584
1547175600,1.15835,1.1593,1.1579,1.15845
1547190000,1.15845,1.1603,1.1577,1.15965
1547204400,1.15965,1.1599,1.15195,1.15315
1547218800,1.15315,1.1548,1.15235,1.1533
1547233200,1.1533,1.15345,1.152,1.15325
1547420400,1.15265,1.1539,1.152,1.1528
1547434800,1.15275,1.1542,1.1527,1.15355
1547449200,1.1535,1.1543,1.15115,1.15225
1547463600,1.15225,1.1535,1.15135,1.1527
1547478000,1.1527,1.1542,1.1524,1.1531
1547492400,1.1531,1.15325,1.15245,1.15295
1547506800,1.1527,1.155,1.15265,1.1543
1547521200,1.15435,1.1546,1.1532,1.1536
1547535600,1.1536,1.1543,1.14825,1.1489
1547550000,1.14895,1.15155,1.1472,1.15145
1547564400,1.15145,1.1515,1.1441,1.14465
1547578800,1.1447,1.14775,1.1444,1.1473
1547593200,1.1466,1.1474,1.14555,1.14605
1547607600,1.146,1.1474,1.1455,1.14565
1547622000,1.1457,1.1483,1.145,1.14585
1547636400,1.1459,1.1462,1.14365,1.1456
1547650800,1.1456,1.14695,1.1451,1.1466
1547665200,1.1466,1.14685,1.1448,1.14515
1547679600,1.1451,1.14555,1.1443,1.14445
1547694000,1.1445,1.1446,1.14335,1.14415
1547708400,1.14415,1.14565,1.1426,1.14545
1547722800,1.14545,1.14605,1.1437,1.1442
1547737200,1.14415,1.1449,1.14245,1.1436
1547751600,1.1436,1.1455,1.1435,1.1445
1547766000,1.14445,1.1454,1.14425,1.1449
1547780400,1.1449,1.1452,1.1441,1.14495
1547794800,1.14495,1.1464,1.14425,1.1461
1547809200,1.1461,1.14645,1.1428,1.1429
1547823600,1.14285,1.1437,1.14075,1.14195
1547838000,1.142,1.1427,1.14165,1.142
1548025200,1.14185,1.1434,1.1418,1.143
1548039600,1.14305,1.1434,1.14265,1.1433
1548054000,1.1433,1.1445,1.1419,1.1431
1548068400,1.14305,1.14315,1.14105,1.1418
1548082800,1.1418,1.14245,1.14125,1.14225
1548111600,1.1422,1.14255,1.14195,1.1423
1548126000,1.1423,1.14235,1.1402,1.14065
1548140400,1.1407,1.142,1.13985,1.1415
1548154800,1.1415,1.14155,1.1389,1.1408
1548169200,1.14085,1.14275,1.1407,1.1421
1548183600,1.1421,1.14215,1.1404,1.1413
1548198000,1.14135,1.14195,1.14125,1.1417
1548212400,1.1417,1.1424,1.1415,1.14235
1548226800,1.1423,1.1424,1.14025,1.1409
1548241200,1.141,1.1422,1.1402,1.14145
1548255600,1.14145,1.14465,1.14145,1.1439
1548270000,1.1439,1.1442,1.14315,1.1432
1548284400,1.1431,1.14405,1.1428,1.1435
1548298800,1.1435,1.14395,1.1426,1.14295
1548313200,1.1429,1.1431,1.1386,1.13925
1548327600,1.13925,1.1429,1.1355,1.14265
1548342000,1.1427,1.143,1.1341,1.1352
1548356400,1.13525,1.1362,1.13375,1.13565
1548370800,1.1352,1.1368,1.1347,1.1368
1548385200,1.13675,1.13755,1.13625,1.13715
1548399600,1.1372,1.1386,1.1363,1.13855
1548414000,1.13855,1.14375,1.13815,1.14275
1548428400,1.14275,1.1464,1.14255,1.14545
1548442800,1.1454,1.1466,1.1451,1.1456
1548630000,1.1455,1.14665,1.1455,1.14615
1548644400,1.1461,1.1473,1.14495,1.1456
1548658800,1.1456,1.1465,1.14375,1.14615
1548673200,1.1461,1.1481,1.1452,1.14745
1548687600,1.1474,1.14915,1.14725,1.14825
1548702000,1.1482,1.14855,1.1472,1.14745
1548716400,1.14735,1.148,1.1467,1.1477
1548730800,1.1477,1.1486,1.1474,1.14805
1548745200,1.14805,1.14965,1.14775,1.14865
1548759600,1.14865,1.1487,1.14605,1.14715
1548774000,1.1472,1.1486,1.14575,1.147
1548788400,1.147,1.14875,1.147,1.148
1548802800,1.148,1.1489,1.1473,1.1485
1548817200,1.1485,1.14955,1.14785,1.14805
1548831600,1.14805,1.1487,1.1469,1.14745
1548846000,1.1474,1.1486,1.1451,1.1459
1548860400,1.14595,1.14725,1.14565,1.1463
1548874800,1.14625,1.15475,1.14625,1.15265
1548889200,1.1525,1.15475,1.1524,1.15455
1548903600,1.15455,1.1551,1.15395,1.1543
1548918000,1.15425,1.15565,1.15145,1.15195
1548932400,1.15195,1.1539,1.1519,1.15205
1548946800,1.152,1.1532,1.14775,1.1487
1548961200,1.14865,1.1491,1.14825,1.14895
1548975600,1.1489,1.1492,1.14795,1.14845
1548990000,1.1484,1.1489,1.1476,1.14835
1549004400,1.1484,1.1514,1.1482,1.15085
1549018800,1.1509,1.1528,1.14945,1.1518
1549033200,1.1517,1.15305,1.1489,1.15025
1549047600,1.15025,1.15035,1.1494,1.1501
1549234800,1.14955,1.1501,1.14935,1.14945
1549249200,1.14945,1.14955,1.148,1.1485
1549263600,1.1485,1.14945,1.14785,1.1487
1549278000,1.1487,1.14945,1.1465,1.1467
1549292400,1.1467,1.14805,1.1465,1.1473
1549306800,1.1473,1.14775,1.1471,1.1476
1549321200,1.14745,1.148,1.14725,1.14785
1549335600,1.14785,1.1479,1.14685,1.14725
1549350000,1.1472,1.1472,1.14505,1.1457
1549364400,1.14565,1.14735,1.14505,1.14525
1549378800,1.1454,1.1457,1.144,1.14515
1549393200,1.1452,1.1453,1.144,1.14435
1549407600,1.1443,1.14475,1.14345,1.1441
1549422000,1.1441,1.1441,1.1425,1.14285
1549436400,1.1428,1.14375,1.14185,1.1435
1549450800,1.1435,1.1435,1.14195,1.1421
1549465200,1.1421,1.1424,1.1402,1.1404
1549479600,1.14045,1.14075,1.1398,1.1401
1549494000,1.14005,1.1404,1.1392,1.13955
1549508400,1.1396,1.14015,1.13915,1.1401
1549522800,1.1401,1.1401,1.1367,1.13715
1549537200,1.1371,1.1387,1.1359,1.1382
1549551600,1.13815,1.13955,1.1381,1.1389
1549566000,1.1388,1.1389,1.13705,1.13745
1549580400,1.1373,1.13765,1.13685,1.1372
1549594800,1.1372,1.13775,1.137,1.13725
1549609200,1.13725,1.1377,1.13565,1.1372
1549623600,1.13715,1.13845,1.13675,1.1372
1549638000,1.13715,1.1376,1.1355,1.13585
1549652400,1.13585,1.1361,1.13545,1.1356
1549839600,1.13525,1.13605,1.1351,1.1357
1549854000,1.13575,1.1363,1.1351,1.136
1549868400,1.136,1.136,1.1329,1.13365
1549882800,1.13365,1.13545,1.1315,1.13245
1549897200,1.13245,1.13345,1.13,1.13035
1549911600,1.13035,1.1311,1.13025,1.1307
1549926000,1.1308,1.1317,1.1304,1.1315
1549940400,1.13145,1.1317,1.13065,1.1316
1549954800,1.13155,1.13225,1.12895,1.1318
1549969200,1.13175,1.1336,1.1306,1.1327
1549983600,1.13275,1.1372,1.1319,1.1363
1549998000,1.13635,1.1369,1.1357,1.1357
1550012400,1.13595,1.13695,1.1358,1.1367
1550026800,1.13665,1.13725,1.1361,1.1363
1550041200,1.1363,1.13655,1.13435,1.13485
1550055600,1.1348,1.13625,1.1312,1.13295
1550070000,1.1329,1.1335,1.13035,1.131
1550084400,1.13105,1.13105,1.1291,1.12925
1550098800,1.1284,1.13,1.12815,1.1299
1550113200,1.12995,1.1311,1.12995,1.1305
1550127600,1.1305,1.13225,1.12765,1.1299
1550142000,1.1299,1.13375,1.1288,1.13235
1550156400,1.1323,1.13275,1.12915,1.1327
1550170800,1.1327,1.133,1.1318,1.1322
1550185200,1.132,1.13235,1.13115,1.1315
1550199600,1.1315,1.13165,1.13095,1.1316
1550214000,1.1316,1.13185,1.1295,1.13015
1550228400,1.1301,1.13135,1.1261,1.1296
1550242800,1.12965,1.13335,1.12845,1.13275
1550257200,1.1327,1.1331,1.1317,1.13225
1550444400,1.13185,1.1353,1.13155,1.1344
1550458800,1.1344,1.1348,1.13325,1.1335
1550473200,1.13345,1.13565,1.1321,1.1354
1550487600,1.1354,1.13605,1.1346,1.13485
1550502000,1.13485,1.13485,1.13285,1.13375
1550530800,1.1334,1.1339,1.1323,1.1326
1550545200,1.13265,1.13285,1.1318,1.13215
1550559600,1.13215,1.13495,1.132,1.1332
1550574000,1.13325,1.13485,1.13005,1.13455
1550588400,1.13455,1.13835,1.13415,1.13745
1550602800,1.1374,1.1376,1.1361,1.1365
1550617200,1.13625,1.13805,1.13625,1.13745
1550631600,1.13745,1.1375,1.1357,1.13575
1550646000,1.13575,1.13825,1.1356,1.13665
1550660400,1.1366,1.137,1.1349,1.1362
1550674800,1.13625,1.13965,1.136,1.1388
1550689200,1.13885,1.1392,1.1359,1.1361
1550703600,1.13635,1.13695,1.1354,1.136
1550718000,1.13595,1.1374,1.13465,1.13515
1550732400,1.1352,1.1385,1.13405,1.13655
1550746800,1.1366,1.1388,1.1359,1.13645
1550761200,1.13645,1.13735,1.1344,1.13515
1550775600,1.1351,1.13625,1.13485,1.13545
1550790000,1.1355,1.1362,1.13525,1.136
1550804400,1.13595,1.1365,1.1352,1.13635
1550818800,1.13635,1.13715,1.1355,1.1362
1550833200,1.13615,1.13655,1.1336,1.13545
1550847600,1.1355,1.1377,1.1348,1.1364
1550862000,1.13645,1.1365,1.135,1.13515
1551049200,1.1355,1.13685,1.13545,1.13595
1551063600,1.13595,1.13695,1.13575,1.13675
1551078000,1.1368,1.13875,1.13615,1.13835
1551092400,1.13835,1.1387,1.13675,1.1372
1551106800,1.1372,1.1379,1.1356,1.1375
1551121200,1.1375,1.1387,1.1374,1.13775
1551135600,1.1377,1.13845,1.1373,1.13825
1551150000,1.13825,1.13865,1.1368,1.13685
1551164400,1.13685,1.1391,1.1364,1.13825
1551178800,1.13825,1.1395,1.1373,1.13795
1551193200,1.13795,1.14,1.13635,1.13995
1551207600,1.13995,1.14215,1.1399,1.1408
1551222000,1.1411,1.1413,1.14065,1.1408
1551236400,1.13995,1.1401,1.139,1.1393
1551250800,1.1393,1.14175,1.1391,1.14125
1551265200,1.1412,1.14215,1.1396,1.14
1551279600,1.14005,1.1413,1.138,1.1393
1551294000,1.13935,1.13945,1.1385,1.13875
1551308400,1.13865,1.1395,1.1385,1.1393
1551322800,1.1393,1.13945,1.1385,1.1387
1551337200,1.1387,1.1423,1.1382,1.14165
1551351600,1.14165,1.14365,1.13945,1.1398
1551366000,1.13985,1.1412,1.13745,1.13955
1551380400,1.1395,1.1398,1.13845,1.13865
1551394800,1.13865,1.13895,1.1378,1.13835
1551409200,1.13835,1.1389,1.1376,1.13765
1551423600,1.13765,1.13915,1.1367,1.1389
1551438000,1.1389,1.1415,1.13875,1.14095
1551452400,1.1411,1.1423,1.13755,1.13775
1551466800,1.13775,1.13825,1.1368,1.1377
1551654000,1.1388,1.13935,1.1376,1.1378
1551668400,1.1378,1.13805,1.13735,1.13785
1551682800,1.13785,1.1382,1.13465,1.135
1551697200,1.135,1.13585,1.1334,1.13385
1551711600,1.13385,1.13485,1.1321,1.13425
1551726000,1.13425,1.13555,1.1338,1.1352
1551740400,1.1349,1.1351,1.13445,1.13475
1551754800,1.13475,1.135,1.13325,1.13355
1551769200,1.13355,1.135,1.1328,1.13365
1551783600,1.1336,1.1351,1.1331,1.1339
1551798000,1.1338,1.1338,1.13015,1.1318
1551812400,1.13185,1.13205,1.1314,1.1319
1551826800,1.13125,1.13175,1.13035,1.13065
1551841200,1.13065,1.13145,1.1301,1.13135
1551855600,1.1313,1.1321,1.1307,1.1314
1551870000,1.1314,1.13285,1.1296,1.13205
1551884400,1.1321,1.13355,1.1315,1.13185
1551898800,1.13185,1.1323,1.1315,1.1318
1551913200,1.1315,1.1324,1.1313,1.13145
1551927600,1.1315,1.13165,1.131,1.13105
1551942000,1.13105,1.13265,1.1309,1.1324
1551956400,1.13245,1.13285,1.1237,1.1241
1551970800,1.12405,1.1251,1.1214,1.1227
1551985200,1.12265,1.1227,1.11845,1.12015
1551999600,1.12015,1.1208,1.11925,1.12055
1552014000,1.1206,1.12165,1.12015,1.1214
1552028400,1.1214,1.1227,1.1205,1.12255
1552042800,1.12255,1.1249,1.122,1.12335
1552057200,1.1233,1.12535,1.1233,1.1248
1552071600,1.12475,1.1251,1.1238,1.124
1552255200,1.1243,1.1244,1.12295,1.1235
1552269600,1.12355,1.12415,1.1235,1.124
1552284000,1.124,1.12645,1.12395,1.12585
1552298400,1.1259,1.12615,1.1235,1.12545
1552312800,1.12535,1.12555,1.1228,1.1248
1552327200,1.12485,1.12565,1.12445,1.1251
1552341600,1.1253,1.1279,1.12525,1.1266
1552356000,1.1266,1.1271,1.1257,1.1261
1552370400,1.1261,1.12905,1.1259,1.12785
1552384800,1.12785,1.12905,1.12545,1.12855
1552399200,1.12855,1.1301,1.12725,1.12955
1552413600,1.12955,1.1311,1.12875,1.1294
1552428000,1.1294,1.12955,1.12895,1.1292
1552442400,1.1292,1.1294,1.1287,1.1291
1552456800,1.1291,1.13025,1.1282,1.12985
1552471200,1.12985,1.13175,1.1294,1.1312
1552485600,1.1312,1.132,1.13045,1.13075
1552500000,1.13075,1.1343,1.13075,1.13305
1552514400,1.13315,1.13395,1.1325,1.13285
1552528800,1.13285,1.13335,1.13195,1.13215
1552543200,1.1322,1.13375,1.1313,1.13155
1552557600,1.13155,1.13155,1.12955,1.13015
1552572000,1.1301,1.13115,1.12965,1.1301
1552586400,1.1301,1.13095,1.13,1.13065
1552600800,1.13925,1.13995,1.1391,1.1397
1552615200,1.13975,1.1414,1.13975,1.14035
1552629600,1.14035,1.1417,1.13995,1.141
1552644000,1.141,1.1423,1.1387,1.14175
1552658400,1.14175,1.1432,1.14015,1.1408
1552672800,1.14075,1.1417,1.14045,1.1413
1552860000,1.141,1.1414,1.14055,1.1412
1552874400,1.1412,1.1425,1.1411,1.14205
1552888800,1.14205,1.14375,1.1419,1.14375
1552903200,1.1437,1.14455,1.1428,1.1433
1552917600,1.14325,1.1436,1.1411,1.14145
1552932000,1.1414,1.14295,1.1413,1.14265
1552946400,1.14225,1.1428,1.14195,1.14245
1552960800,1.14245,1.14345,1.14235,1.14295
1552975200,1.14295,1.14435,1.14295,1.1438
1552989600,1.1438,1.1448,1.14305,1.1433
1553004000,1.14325,1.14465,1.1424,1.14395
1553018400,1.144,1.1445,1.1434,1.1438
1553032800,1.1433,1.14415,1.14275,1.14335
1553047200,1.14335,1.14355,1.14295,1.1432
1553061600,1.14315,1.1438,1.142,1.1434
1553076000,1.14345,1.14515,1.14325,1.1445
1553090400,1.1445,1.14495,1.14315,1.14435
1553104800,1.1443,1.15345,1.1443,1.14995
1553119200,1.1509,1.1521,1.15035,1.1515
1553133600,1.1515,1.15175,1.1502,1.15035
1553148000,1.15035,1.1513,1.14765,1.14895
1553162400,1.14895,1.149,1.1462,1.1475
1553176800,1.1475,1.1475,1.1425,1.14355
1553191200,1.1435,1.146,1.1429,1.1455
1553205600,1.1458,1.14595,1.1443,1.14575
1553220000,1.14575,1.1461,1.1453,1.1459
1553234400,1.1459,1.1473,1.1369,1.1386
1553248800,1.13865,1.14015,1.1375,1.13865
1553263200,1.13865,1.13905,1.1354,1.13775
1553277600,1.1378,1.13835,1.13645,1.1381
1553464800,1.13725,1.13795,1.13685,1.13755
1553479200,1.13755,1.13845,1.1375,1.13835
1553493600,1.1383,1.14035,1.1375,1.1401
1553508000,1.14005,1.1408,1.1384,1.13975
1553522400,1.1397,1.1412,1.13905,1.13975
1553536800,1.1397,1.14065,1.139,1.1393
1553551200,1.1393,1.14015,1.1392,1.1396
1553565600,1.1396,1.13975,1.13845,1.1387
1553580000,1.1387,1.1399,1.13825,1.1397
1553594400,1.1397,1.14065,1.13595,1.13655
1553608800,1.13655,1.138,1.1358,1.1363
1553623200,1.1363,1.1364,1.13425,1.1346
1553637600,1.1348,1.1356,1.13335,1.13345
1553652000,1.1335,1.1339,1.133,1.1336
1553666400,1.1336,1.1364,1.1326,1.13585
1553680800,1.13585,1.1364,1.1326,1.13365
1553695200,1.1336,1.13455,1.132,1.13315
1553709600,1.1332,1.1343,1.1321,1.13225
1553724000,1.13255,1.1328,1.13175,1.13205
1553738400,1.132,1.1332,1.132,1.1331
1553752800,1.13305,1.1335,1.1308,1.1329
1553767200,1.13295,1.1332,1.12875,1.12915
1553781600,1.1292,1.1313,1.129,1.13095
1553796000,1.13095,1.13125,1.12945,1.1299
1553810400,1.13,1.1308,1.12985,1.1301
1553824800,1.13005,1.1309,1.12965,1.1307
1553839200,1.1307,1.13125,1.1285,1.1285
1553853600,1.12845,1.13205,1.1283,1.13085
1553868000,1.1308,1.1315,1.12885,1.12945
1553882400,1.12945,1.1301,1.1286,1.1291
1554069600,1.12985,1.1302,1.1293,1.12985
1554084000,1.12985,1.1314,1.12965,1.1311
1554098400,1.1311,1.1323,1.13,1.131
1554112800,1.13095,1.1322,1.12995,1.1308
1554127200,1.13075,1.13085,1.12765,1.12805
1554141600,1.12805,1.1287,1.1279,1.1286
1554156000,1.1277,1.128,1.1267,1.12745
1554170400,1.1275,1.12825,1.1267,1.12795
1554184800,1.1279,1.12795,1.12615,1.12755
1554199200,1.1275,1.1284,1.12685,1.12735
1554213600,1.12725,1.12875,1.1255,1.1266
1554228000,1.1266,1.1278,1.1263,1.12755
1554242400,1.1272,1.1297,1.1272,1.12945
1554256800,1.1294,1.1297,1.12895,1.1296
1554271200,1.12955,1.1326,1.12855,1.1319
1554285600,1.1319,1.1323,1.12985,1.13035
1554300000,1.1304,1.132,1.12955,1.13165
1554314400,1.13165,1.13175,1.13025,1.13025
1554328800,1.13065,1.13155,1.1305,1.1312
1554343200,1.1312,1.13155,1.1305,1.1315
1554357600,1.1315,1.1315,1.1288,1.12945
1554372000,1.1295,1.1301,1.12735,1.12815
1554386400,1.12815,1.12925,1.12775,1.12875
1554400800,1.12875,1.12945,1.1285,1.1288
1554415200,1.1289,1.1296,1.1286,1.12915
1554429600,1.12915,1.1296,1.12895,1.12935
1554444000,1.12935,1.1303,1.12915,1.12955
1554458400,1.12955,1.1321,1.1284,1.12925
1554472800,1.12925,1.13005,1.1277,1.12825
1554487200,1.1283,1.12865,1.12805,1.1283
1554674400,1.12825,1.1288,1.12805,1.12865
1554688800,1.12865,1.1298,1.12865,1.12925
1554703200,1.12925,1.1306,1.12875,1.1306
1554717600,1.13055,1.13415,1.1303,1.13405
1554732000,1.13405,1.13405,1.1325,1.1329
1554746400,1.1329,1.1332,1.13255,1.13275
1554760800,1.1328,1.1332,1.13205,1.1329
1554775200,1.1329,1.1335,1.1328,1.13295
1554789600,1.1329,1.1347,1.1322,1.13395
1554804000,1.13405,1.13505,1.13375,1.13445
1554818400,1.1345,1.1348,1.13285,1.13335
1554832800,1.1333,1.1334,1.13265,1.13275
1554847200,1.1328,1.1332,1.132,1.1322
1554861600,1.1322,1.1329,1.1321,1.1328
1554876000,1.1328,1.13435,1.13255,1.13425
1554890400,1.13425,1.136,1.12935,1.1306
1554904800,1.13055,1.13435,1.13045,1.13395
1554919200,1.13395,1.13425,1.13275,1.1339
1554933600,1.1336,1.1341,1.13345,1.1338
1554948000,1.13385,1.1345,1.13345,1.13435
1554962400,1.13435,1.1349,1.1336,1.134
1554976800,1.13395,1.1346,1.1317,1.1333
1554991200,1.1333,1.1339,1.13115,1.1317
1555005600,1.1317,1.1322,1.13115,1.1313
1555020000,1.1316,1.13525,1.1316,1.13455
1555034400,1.1345,1.13555,1.1345,1.1347
1555048800,1.13465,1.13755,1.13425,1.1375
1555063200,1.13755,1.13855,1.13665,1.13755
1555077600,1.13755,1.1384,1.13555,1.1358
1555092000,1.1358,1.13615,1.13535,1.136
1555279200,1.13635,1.1369,1.13615,1.1369
1555293600,1.13685,1.13745,1.1366,1.13665
1555308000,1.1367,1.13815,1.13625,1.1374
1555322400,1.1374,1.13765,1.1358,1.1364
1555336800,1.1364,1.1373,1.13605,1.13635
1555351200,1.1363,1.13665,1.13605,1.1363
1555365600,1.13595,1.13665,1.1352,1.13525
1555380000,1.1353,1.13655,1.13525,1.1364
1555394400,1.1364,1.13735,1.13385,1.13495
1555408800,1.13495,1.1371,1.1349,1.1355
1555423200,1.1355,1.13655,1.13395,1.13475
1555437600,1.1347,1.135,1.13355,1.13385
1555452000,1.1339,1.1349,1.13335,1.13475
1555466400,1.13475,1.1366,1.13475,1.1366
1555480800,1.13655,1.13785,1.1358,1.13635
1555495200,1.1363,1.13685,1.1345,1.13585
1555509600,1.1359,1.13625,1.13455,1.13515
1555524000,1.13515,1.13565,1.1346,1.13495
1555538400,1.135,1.1354,1.1346,1.1346
1555552800,1.13465,1.1355,1.13435,1.13535
1555567200,1.13535,1.13575,1.12965,1.1305
1555581600,1.1305,1.1312,1.12895,1.13035
1555596000,1.13035,1.13045,1.12795,1.1282
1555610400,1.1282,1.12865,1.12805,1.12845
1555884000,1.1294,1.12985,1.12905,1.1294
1555898400,1.1294,1.12965,1.1289,1.1296
1555912800,1.12955,1.1303,1.12935,1.13025
1555927200,1.1302,1.13085,1.12995,1.13055
1555941600,1.1306,1.1316,1.13035,1.1315
1555956000,1.1315,1.13155,1.131,1.13105
1555970400,1.13095,1.13135,1.1297,1.13025
1555984800,1.13025,1.1308,1.13,1.13025
1555999200,1.1302,1.13145,1.12945,1.13095
1556013600,1.1309,1.1309,1.12565,1.12635
1556028000,1.1263,1.12685,1.12445,1.1266
1556042400,1.12655,1.1281,1.12635,1.128
1556056800,1.1276,1.1277,1.12615,1.1269
1556071200,1.12685,1.1269,1.12605,1.1263
1556157600,1.1205,1.1207,1.1199,1.1204
1556172000,1.12035,1.12105,1.11775,1.11815
1556186400,1.1182,1.11955,1.1166,1.119
1556200800,1.11905,1.12025,1.11785,1.1184
1556215200,1.1184,1.11845,1.1175,1.118
1556229600,1.11805,1.11865,1.1171,1.1181
1556244000,1.1181,1.1188,1.11765,1.1186
1556258400,1.1186,1.11945,1.1177,1.1185
1556272800,1.1185,1.1207,1.11565,1.12015
1556287200,1.12015,1.1222,1.1199,1.1205
1556301600,1.1205,1.12075,1.11855,1.1192
1556488800,1.11925,1.11975,1.11905,1.11945
1556503200,1.11945,1.12055,1.11945,1.1203
1556517600,1.12025,1.1213,1.1201,1.12075
1556532000,1.1208,1.12085,1.1191,1.11965
1556546400,1.11965,1.123,1.1195,1.12255
1556560800,1.1226,1.12335,1.12225,1.1233
1556575200,1.12295,1.12365,1.1224,1.1231
1556589600,1.12305,1.1238,1.12205,1.1223
1556604000,1.1223,1.12615,1.12205,1.12555
1556618400,1.1256,1.1275,1.12495,1.1271
1556632800,1.12715,1.12725,1.1243,1.12655
1556647200,1.12655,1.12685,1.12595,1.1261
1556661600,1.12615,1.12645,1.1256,1.12625
1556676000,1.12625,1.12655,1.12595,1.1264
1556690400,1.1264,1.12855,1.12595,1.128
1556704800,1.12805,1.12845,1.12675,1.12735
1556719200,1.1274,1.1296,1.1274,1.1292
1556733600,1.1292,1.1311,1.12325,1.12395
1556748000,1.1242,1.12515,1.12415,1.12505
1556762400,1.12505,1.12515,1.12425,1.12465
1556776800,1.12465,1.12605,1.12335,1.12435
1556791200,1.12435,1.12535,1.12175,1.1227
1556805600,1.1227,1.123,1.12135,1.122
1556820000,1.12205,1.12235,1.12125,1.1214
1556834400,1.1214,1.12185,1.1211,1.12155
1556848800,1.1216,1.12185,1.12075,1.12125
1556863200,1.12125,1.1213,1.11945,1.1195
1556877600,1.11945,1.1212,1.11755,1.1207
1556892000,1.12075,1.12415,1.12075,1.12335
1556906400,1.12335,1.12455,1.12305,1.1244
1557093600,1.1222,1.12415,1.1218,1.12315
1557108000,1.12315,1.12355,1.12245,1.1231
1557122400,1.1231,1.1235,1.12225,1.12335
1557136800,1.1233,1.1244,1.1219,1.1232
1557151200,1.12315,1.1249,1.12245,1.1244
1557165600,1.1244,1.1246,1.12375,1.124
1557180000,1.12345,1.12435,1.1233,1.12435
1557194400,1.1243,1.12545,1.12415,1.1253
1557208800,1.12525,1.12565,1.1231,1.1242
1557223200,1.12425,1.1245,1.1213,1.1224
1557237600,1.1224,1.12315,1.12045,1.12165
1557252000,1.1216,1.1234,1.121,1.123
1557266400,1.12305,1.1238,1.12255,1.12355
1557280800,1.1236,1.1244,1.1232,1.1241
1557295200,1.12415,1.125,1.1231,1.124
1557309600,1.12395,1.1245,1.1226,1.1236
1557324000,1.12365,1.1251,1.12195,1.12265
1557338400,1.1227,1.1232,1.12225,1.12295
1557352800,1.12305,1.12335,1.12235,1.1225
1557367200,1.1225,1.1232,1.12205,1.1231
1557381600,1.12305,1.1238,1.12075,1.12305
1557396000,1.12305,1.12775,1.1219,1.127
1557410400,1.127,1.1286,1.12455,1.12595
1557424800,1.12595,1.12625,1.1244,1.1247
1557439200,1.1253,1.1268,1.1251,1.1266
1557453600,1.1266,1.12665,1.1257,1.12605
1557468000,1.12605,1.1272,1.1251,1.12655
1557482400,1.12655,1.1283,1.12565,1.1279
1557496800,1.1279,1.12875,1.1261,1.12685
1557511200,1.1268,1.1273,1.1263,1.12685
1557698400,1.127,1.1272,1.1263,1.12665
1557712800,1.12665,1.1267,1.12595,1.12625
1557727200,1.12625,1.1274,1.12555,1.12715
1557741600,1.12715,1.12965,1.1261,1.12875
1557756000,1.12875,1.12915,1.126,1.1265
1557770400,1.1265,1.1268,1.1254,1.12545
1557784800,1.12565,1.12685,1.1255,1.12645
1557799200,1.12645,1.1273,1.1262,1.12695
1557813600,1.1269,1.12755,1.1261,1.1268
1557828000,1.1268,1.127,1.1235,1.1243
1557842400,1.1243,1.12465,1.12355,1.12435
1557856800,1.12435,1.12485,1.1233,1.1236
1557871200,1.1239,1.12395,1.1232,1.12375
1557885600,1.12375,1.1244,1.1234,1.1243
1557900000,1.1242,1.12475,1.12285,1.12305
1557914400,1.12305,1.12355,1.1208,1.12165
1557928800,1.1216,1.12555,1.1213,1.12385
1557943200,1.1238,1.12385,1.1228,1.12305
1557957600,1.1234,1.12375,1.12295,1.1236
1557972000,1.12365,1.12385,1.12335,1.12375
1557986400,1.12375,1.1252,1.1232,1.12395
1558000800,1.12395,1.124,1.12105,1.12145
1558015200,1.12145,1.12155,1.11995,1.1207
1558029600,1.1207,1.12075,1.1194,1.12005
1558044000,1.12035,1.1206,1.11975,1.1206
1558058400,1.12055,1.1207,1.11975,1.12
1558072800,1.12005,1.1211,1.11855,1.11905
1558087200,1.11905,1.1206,1.1185,1.1202
1558101600,1.12015,1.12015,1.1182,1.1192
1558116000,1.11915,1.11935,1.1182,1.11855
1558303200,1.1185,1.11935,1.11845,1.1188
1558317600,1.1188,1.11885,1.11765,1.11785
1558332000,1.11785,1.11925,1.11765,1.1184
1558346400,1.11835,1.1195,1.1179,1.11915
1558360800,1.1192,1.1201,1.11895,1.1193
1558375200,1.11935,1.11955,1.11905,1.11915
1558389600,1.1192,1.11975,1.11885,1.11915
1558404000,1.1192,1.1192,1.1177,1.11775
1558418400,1.11775,1.1184,1.11665,1.11755
1558432800,1.11755,1.11865,1.1169,1.11755
1558447200,1.11755,1.1214,1.1175,1.11855
1558461600,1.11855,1.1191,1.1179,1.11875
1558476000,1.11855,1.119,1.1185,1.11885
1558490400,1.1189,1.119,1.1177,1.1177
1558504800,1.11765,1.1197,1.11725,1.11915
1558519200,1.1192,1.1205,1.11815,1.1187
1558533600,1.1187,1.11925,1.1175,1.11855
1558548000,1.11855,1.1188,1.11725,1.11745
1558562400,1.1174,1.1178,1.11685,1.11725
1558576800,1.1172,1.11735,1.11675,1.11705
1558591200,1.117,1.11725,1.11495,1.1155
1558605600,1.1155,1.1164,1.11265,1.11535
1558620000,1.1154,1.12085,1.11535,1.1198
1558634400,1.11985,1.1206,1.11975,1.1201
1558648800,1.12025,1.1206,1.11975,1.1202
1558663200,1.1202,1.12055,1.11995,1.1204
1558677600,1.12035,1.12265,1.11985,1.12105
1558692000,1.1211,1.12215,1.12025,1.1217
1558706400,1.12175,1.1233,1.1213,1.12315
1558720800,1.12315,1.12315,1.12235,1.12235
1558908000,1.1228,1.12325,1.1223,1.1232
1558922400,1.12315,1.12345,1.12265,1.123
1558936800,1.12295,1.12305,1.1211,1.1214
1558951200,1.12135,1.12195,1.12065,1.1212
1558965600,1.1212,1.1215,1.12095,1.1211
1558994400,1.1213,1.1215,1.12,1.12025
1559008800,1.12025,1.12055,1.1197,1.12045
1559023200,1.1205,1.1217,1.1194,1.1209
1559037600,1.1209,1.1214,1.12005,1.12105
1559052000,1.12105,1.12135,1.11805,1.11895
1559066400,1.11895,1.11905,1.1177,1.1179
1559080800,1.1183,1.119,1.1181,1.11845
1559095200,1.1184,1.11865,1.11795,1.11845
1559109600,1.1184,1.1185,1.11675,1.1174
1559124000,1.1174,1.11765,1.11575,1.1162
1559138400,1.11615,1.1171,1.11415,1.1155
1559152800,1.11545,1.1156,1.1146,1.11475
1559167200,1.11495,1.11575,1.11485,1.11545
1559181600,1.11545,1.1156,1.1148,1.11505
1559196000,1.1151,1.1158,1.1139,1.1157
1559210400,1.11565,1.1158,1.11305,1.1138
1559224800,1.1138,1.1155,1.1134,1.1152
1559239200,1.1152,1.11525,1.11425,1.11425
1559253600,1.11445,1.1154,1.1143,1.11515
1559268000,1.1151,1.1151,1.1139,1.1143
1559282400,1.1143,1.11705,1.11425,1.1164
1559296800,1.11635,1.118,1.11545,1.11725
1559311200,1.11725,1.1194,1.11505,1.1181
1559325600,1.118,1.1192,1.11795,1.1183
1559512800,1.11805,1.11995,1.118,1.1198
1559527200,1.11975,1.1203,1.11875,1.1188
1559541600,1.1188,1.1196,1.11735,1.1186
1559556000,1.1186,1.12185,1.1186,1.12145
1559570400,1.1215,1.1264,1.12095,1.1256
1559584800,1.1256,1.12755,1.12515,1.1254
1559599200,1.1256,1.1267,1.12555,1.12595
1559613600,1.12595,1.12695,1.12575,1.12655
1559628000,1.12655,1.12895,1.1252,1.12605
1559642400,1.126,1.1279,1.1238,1.12595
1559656800,1.12595,1.12725,1.12405,1.12705
1559671200,1.12705,1.1279,1.12635,1.12635
1559685600,1.12645,1.1275,1.1262,1.12745
1559700000,1.12735,1.12765,1.127,1.1275
1559714400,1.1275,1.13,1.1268,1.12945
1559728800,1.12945,1.1318,1.12635,1.12845
1559743200,1.12845,1.12845,1.12415,1.1244
1559757600,1.1244,1.12445,1.12305,1.1232
1559772000,1.1234,1.12405,1.1232,1.1233
1559786400,1.12335,1.12425,1.1232,1.1242
1559800800,1.1242,1.1251,1.12305,1.12455
1559815200,1.1245,1.1318,1.12075,1.1263
1559829600,1.12625,1.1309,1.1262,1.12955
1559844000,1.1296,1.1297,1.12755,1.1284
1559858400,1.12845,1.1287,1.1278,1.12825
1559872800,1.12825,1.12825,1.1271,1.12715
1559887200,1.1272,1.12775,1.12635,1.1264
1559901600,1.1264,1.13345,1.12585,1.13265
1559916000,1.13265,1.1355,1.13235,1.13505
1559930400,1.1351,1.1352,1.1334,1.1342
1560117600,1.1335,1.13395,1.13175,1.1322
1560132000,1.1322,1.1322,1.13095,1.13115
1560146400,1.1311,1.132,1.12965,1.13135
1560160800,1.13125,1.1327,1.1304,1.13075
1560175200,1.13075,1.13265,1.1297,1.1321
1560189600,1.1321,1.13315,1.13165,1.1317
1560204000,1.13185,1.13245,1.1314,1.13165
1560218400,1.13165,1.1325,1.13135,1.1325
1560232800,1.13245,1.13375,1.13175,1.1324
1560247200,1.1324,1.13335,1.1307,1.13205
1560261600,1.1321,1.13425,1.13145,1.13385
1560276000,1.13385,1.1343,1.13305,1.1332
1560290400,1.1332,1.1339,1.1331,1.1334
1560304800,1.13335,1.13425,1.1331,1.1342
1560319200,1.1342,1.1348,1.1329,1.13335
1560333600,1.1334,1.13455,1.13115,1.13195
1560348000,1.13195,1.1331,1.12935,1.12985
1560362400,1.12985,1.1301,1.1287,1.12925
1560376800,1.12935,1.13005,1.12905,1.1298
1560391200,1.12975,1.13025,1.12935,1.1301
1560405600,1.1301,1.13055,1.12875,1.12905
1560420000,1.1291,1.1299,1.1273,1.12745
1560434400,1.12745,1.1286,1.12705,1.12815
1560448800,1.1282,1.1287,1.1275,1.12765
1560463200,1.1359,1.1365,1.1356,1.13585
1560477600,1.1358,1.1363,1.13525,1.1354
1560492000,1.1354,1.1372,1.1342,1.1353
1560506400,1.13525,1.1355,1.13135,1.13245
1560520800,1.13245,1.13285,1.12845,1.1292
1560535200,1.12925,1.1296,1.12875,1.129
1560722400,1.1295,1.13055,1.12925,1.13055
1560736800,1.13055,1.13055,1.1295,1.1298
1560751200,1.12985,1.13005,1.1285,1.12935
1560765600,1.12935,1.13295,1.1293,1.1321
1560780000,1.13205,1.13265,1.13,1.1301
1560794400,1.13005,1.13035,1.12955,1.1299
1560808800,1.13015,1.1312,1.1301,1.13115
1560823200,1.13115,1.13205,1.13105,1.13175
1560837600,1.1317,1.1324,1.12615,1.1265
1560852000,1.1265,1.12905,1.1263,1.12795
1560866400,1.1279,1.12935,1.1262,1.1275
1560880800,1.12755,1.128,1.12735,1.1275
1560895200,1.12745,1.12815,1.12725,1.1275
1560909600,1.1275,1.1276,1.12665,1.12715
1560924000,1.1272,1.1286,1.1268,1.12825
1560938400,1.12825,1.1288,1.128,1.1284
1560952800,1.1284,1.1302,1.12805,1.12975
1560967200,1.1297,1.13345,1.1282,1.1306
1560981600,1.13075,1.1343,1.1307,1.134
1560996000,1.13395,1.13495,1.13335,1.1342
1561010400,1.13425,1.13815,1.13415,1.13815
1561024800,1.1381,1.1394,1.1369,1.1372
1561039200,1.13715,1.1384,1.1347,1.13715
1561053600,1.1371,1.13745,1.13625,1.1368
1561068000,1.13715,1.13825,1.1365,1.1382
1561082400,1.13825,1.1385,1.13675,1.1369
1561096800,1.13685,1.13935,1.1359,1.13755
1561111200,1.1375,1.14105,1.13725,1.1402
1561125600,1.1402,1.14445,1.13845,1.1438
1561140000,1.1438,1.14545,1.1433,1.14465
1561327200,1.14495,1.1462,1.14465,1.1453
1561341600,1.1453,1.1461,1.145,1.1453
1561356000,1.1453,1.1471,1.14475,1.1469
1561370400,1.14695,1.1474,1.14555,1.14605
1561384800,1.14605,1.1476,1.14545,1.1466
1561399200,1.1466,1.14795,1.14655,1.1476
1561413600,1.1472,1.14845,1.14695,1.14815
1561428000,1.1481,1.1486,1.1467,1.1468
1561442400,1.1468,1.1479,1.1452,1.1453
1561456800,1.1453,1.1473,1.1451,1.1465
1561471200,1.14645,1.1473,1.14185,1.1446
1561485600,1.14455,1.14525,1.14365,1.14425
1561500000,1.14435,1.14465,1.14275,1.1432
1561514400,1.1432,1.1437,1.1427,1.1437
1561528800,1.14375,1.14485,1.1426,1.1434
1561543200,1.1434,1.14425,1.1422,1.14245
1561557600,1.1425,1.1466,1.1425,1.1449
1561572000,1.1449,1.14505,1.14375,1.14435
1561586400,1.14435,1.14455,1.14385,1.1441
1561600800,1.14405,1.14405,1.1418,1.14255
1561615200,1.14255,1.1452,1.1421,1.1446
1561629600,1.14455,1.14515,1.14265,1.1429
1561644000,1.1429,1.1445,1.14275,1.1438
1561658400,1.14375,1.1444,1.1436,1.144
1561672800,1.1439,1.1446,1.1435,1.14365
1561687200,1.1437,1.14395,1.143,1.1433
1561701600,1.1433,1.1464,1.1433,1.1454
1561716000,1.1454,1.14585,1.14375,1.14525
1561730400,1.14525,1.1462,1.142,1.1438
1561744800,1.1438,1.1448,1.14355,1.1438
1561932000,1.1435,1.144,1.14165,1.142
1561946400,1.142,1.1425,1.139,1.1397
1561960800,1.13965,1.14025,1.1385,1.1392
1561975200,1.1392,1.14295,1.13915,1.14045
1561989600,1.1404,1.1406,1.1349,1.1352
1562004000,1.1352,1.1358,1.13505,1.1355
1562018400,1.13565,1.1357,1.13475,1.135
1562032800,1.135,1.13585,1.1342,1.1358
1562047200,1.1358,1.13895,1.1353,1.1374
1562061600,1.13735,1.1378,1.1357,1.13665
1562076000,1.13665,1.1379,1.1353,1.1368
1562090400,1.1368,1.1368,1.13485,1.13515
1562104800,1.1354,1.13615,1.13535,1.13545
1562119200,1.1355,1.13595,1.13515,1.1356
1562133600,1.1356,1.13585,1.13345,1.1355
1562148000,1.1355,1.13665,1.1343,1.1358
1562162400,1.1358,1.1379,1.13385,1.13455
1562176800,1.13455,1.13475,1.13415,1.13435
1562191200,1.1344,1.1358,1.13435,1.1358
1562205600,1.13575,1.13585,1.13455,1.1347
1562220000,1.1347,1.13535,1.13405,1.13485
1562234400,1.13485,1.13535,1.13365,1.13415
1562248800,1.1342,1.13485,1.13405,1.13435
1562277600,1.1348,1.13505,1.134,1.13415
1562292000,1.13415,1.1347,1.134,1.13415
1562306400,1.13415,1.1344,1.1319,1.1327
1562320800,1.13265,1.1334,1.1279,1.1283
1562335200,1.1283,1.1289,1.1271,1.1282
1562349600,1.12825,1.12925,1.12815,1.129
1562536800,1.12915,1.12925,1.12825,1.129
1562551200,1.129,1.12955,1.1286,1.12925
1562565600,1.12925,1.1297,1.1282,1.1291
1562580000,1.1291,1.1293,1.12755,1.12815
1562594400,1.1281,1.1284,1.127,1.1279
1562608800,1.1279,1.128,1.12715,1.1277
1562623200,1.1276,1.1281,1.1272,1.12755
1562637600,1.12755,1.12805,1.12725,1.1276
1562652000,1.1276,1.1276,1.12555,1.1266
1562666400,1.12665,1.1272,1.12575,1.12685
1562680800,1.1269,1.1276,1.12615,1.12725
1562695200,1.12725,1.1274,1.1265,1.127
1562709600,1.12695,1.127,1.1263,1.1265
1562724000,1.12645,1.1271,1.12635,1.12705
1562738400,1.127,1.12905,1.1264,1.12845
1562752800,1.12845,1.1317,1.1273,1.12995
1562767200,1.13,1.1325,1.1296,1.13145
1562781600,1.1315,1.13225,1.131,1.13105
1562796000,1.1313,1.13225,1.13105,1.1319
1562810400,1.13195,1.13385,1.1319,1.13275
1562824800,1.13275,1.1336,1.1324,1.13245
1562839200,1.13245,1.1344,1.13095,1.1315
1562853600,1.13155,1.1321,1.13035,1.131
1562868000,1.131,1.1319,1.13095,1.13125
1562882400,1.1311,1.13225,1.13065,1.1322
1562896800,1.13215,1.13325,1.132,1.13305
1562911200,1.1331,1.1332,1.13125,1.1314
1562925600,1.13145,1.1318,1.12955,1.1306
1562940000,1.1306,1.1327,1.13015,1.13245
1562954400,1.1325,1.13315,1.13235,1.13285
1563141600,1.13285,1.1331,1.1321,1.1326
1563156000,1.13255,1.13305,1.13205,1.1329
1563170400,1.1329,1.134,1.1325,1.13355
1563184800,1.13355,1.13405,1.1318,1.1324
1563199200,1.1324,1.1324,1.1309,1.1313
1563213600,1.1313,1.1317,1.1312,1.13145
1563228000,1.13155,1.13185,1.13105,1.13135
1563242400,1.13135,1.13185,1.1312,1.13135
1563256800,1.13135,1.1317,1.1286,1.1287
1563271200,1.1287,1.1288,1.1264,1.1273
1563285600,1.12735,1.12795,1.1258,1.12655
1563300000,1.1265,1.12675,1.12575,1.12655
1563314400,1.12645,1.1269,1.1261,1.1267
1563328800,1.12665,1.12715,1.1262,1.12695
1563343200,1.12695,1.12745,1.1254,1.1271
1563357600,1.1271,1.1276,1.1264,1.1275
1563372000,1.1275,1.1288,1.1269,1.12815
1563386400,1.12815,1.12855,1.12735,1.1278
1563400800,1.12795,1.1292,1.1277,1.12855
1563415200,1.1285,1.1293,1.1284,1.1291
1563429600,1.12905,1.12955,1.1281,1.12835
1563444000,1.1284,1.12845,1.12565,1.12685
1563458400,1.12685,1.1289,1.12645,1.1286
1563472800,1.12865,1.13315,1.1285,1.13285
1563487200,1.13285,1.1332,1.129,1.1314
1563501600,1.1314,1.13185,1.1305,1.1307
1563516000,1.13075,1.1316,1.1286,1.1289
1563530400,1.1289,1.1293,1.12675,1.1285
1563544800,1.12845,1.129,1.1265,1.1275
1563559200,1.1275,1.1276,1.12535,1.1273
1563746400,1.12715,1.12715,1.1258,1.1264
1563760800,1.1264,1.12705,1.12635,1.1268
1563775200,1.1268,1.12735,1.1262,1.1267
1563789600,1.1267,1.12755,1.12565,1.1274
1563804000,1.12735,1.12745,1.1262,1.12685
1563818400,1.1269,1.1269,1.1256,1.12575
1563832800,1.1259,1.1259,1.12425,1.1248
1563847200,1.1248,1.12495,1.12375,1.1238
1563861600,1.12385,1.12455,1.12255,1.1226
1563876000,1.1226,1.1234,1.1199,1.1209
1563890400,1.12095,1.1215,1.1196,1.1202
1563904800,1.1202,1.12025,1.11945,1.11995
1563919200,1.12015,1.12015,1.1191,1.11935
1563933600,1.1194,1.11955,1.1189,1.11955
1563948000,1.11955,1.12035,1.1171,1.1186
1563962400,1.1186,1.12035,1.1186,1.11965
1563976800,1.1197,1.1204,1.1187,1.11885
1563991200,1.11885,1.1189,1.1181,1.11875
1564005600,1.1187,1.11885,1.1179,1.11835
1564020000,1.11835,1.1184,1.11785,1.11805
1564034400,1.1181,1.11825,1.1167,1.11735
1564048800,1.1174,1.1232,1.11455,1.1226
1564063200,1.1226,1.1233,1.1171,1.11895
1564077600,1.11895,1.1196,1.1188,1.1191
1564092000,1.11895,1.1194,1.11865,1.1191
1564106400,1.1191,1.1195,1.11875,1.11895
1564120800,1.11895,1.1192,1.1176,1.1186
1564135200,1.11865,1.11885,1.11695,1.11745
1564149600,1.1175,1.11805,1.1156,1.11685
1564164000,1.11685,1.11765,1.11675,1.11735
1564351200,1.1171,1.1182,1.1171,1.1179
1564365600,1.11785,1.11785,1.11685,1.117
1564380000,1.117,1.11705,1.11595,1.1167
1564394400,1.1167,1.1174,1.11555,1.11695
1564408800,1.11695,1.11865,1.1169,1.1185
1564423200,1.1185,1.1194,1.11825,1.11885
1564437600,1.1187,1.11895,1.11755,1.118
1564452000,1.118,1.11865,1.11755,1.11755
1564466400,1.11755,1.1192,1.11745,1.11875
1564480800,1.11875,1.1202,1.11845,1.1192
1564495200,1.1192,1.1198,1.118,1.1195
1564509600,1.1195,1.12035,1.1195,1.11985
1564524000,1.11965,1.12,1.1189,1.1194
1564538400,1.11945,1.11995,1.11925,1.11985
1564552800,1.1198,1.12035,1.1184,1.1187
1564567200,1.11875,1.11945,1.11795,1.1183
1564581600,1.1183,1.1183,1.11615,1.11785
1564596000,1.11795,1.1181,1.1102,1.1117
1564610400,1.1112,1.11185,1.10725,1.1088
1564624800,1.10885,1.10925,1.10815,1.109
1564639200,1.109,1.10915,1.107,1.1077
1564653600,1.1077,1.10845,1.1065,1.10815
1564668000,1.1082,1.11345,1.1082,1.11205
1564682400,1.11205,1.11325,1.11135,1.1122
1564696800,1.11205,1.1134,1.11115,1.1126
1564711200,1.11255,1.11315,1.1107,1.11165
1564725600,1.1116,1.11525,1.1116,1.11345
1564740000,1.1135,1.11445,1.1115,1.1138
1564754400,1.11375,1.11535,1.1133,1.1144
1564768800,1.11435,1.11505,1.1141,1.11435
1564956000,1.11425,1.1169,1.1141,1.11585
1564970400,1.1158,1.1168,1.1148,1.1162
1564984800,1.11615,1.1191,1.11505,1.1185
1564999200,1.1185,1.12215,1.1185,1.1215
1565013600,1.12155,1.12495,1.1215,1.1241
1565028000,1.12405,1.12435,1.12305,1.12395
1565042400,1.1248,1.1285,1.12475,1.12615
1565056800,1.1261,1.1267,1.12255,1.1233
1565071200,1.1233,1.1254,1.12305,1.1237
1565085600,1.1237,1.12375,1.12025,1.1208
1565100000,1.1208,1.1241,1.12065,1.12295
1565114400,1.123,1.1243,1.1226,1.12375
1565128800,1.1237,1.1254,1.1235,1.12475
1565143200,1.1248,1.1251,1.1238,1.12405
1565157600,1.1241,1.1242,1.12155,1.1219
1565172000,1.1219,1.12745,1.12125,1.12685
1565186400,1.12685,1.12765,1.12415,1.12505
1565200800,1.12505,1.1257,1.12325,1.1233
1565215200,1.12315,1.12455,1.12315,1.12385
1565229600,1.1239,1.1244,1.12385,1.1244
1565244000,1.1243,1.1259,1.1232,1.12435
1565258400,1.1243,1.12565,1.1213,1.12285
1565272800,1.12285,1.1265,1.12245,1.1232
1565287200,1.1232,1.12365,1.12085,1.12105
1565301600,1.1222,1.12275,1.12155,1.1225
1565316000,1.1225,1.1229,1.12235,1.1227
1565330400,1.1227,1.12375,1.1214,1.12345
1565344800,1.1235,1.1239,1.12225,1.1224
1565359200,1.1224,1.12535,1.1219,1.12345
1565373600,1.12345,1.12385,1.123,1.1231
1565560800,1.123,1.1238,1.1229,1.12375
1565575200,1.1237,1.1241,1.12355,1.1241
1565589600,1.12405,1.12405,1.1192,1.12155
1565604000,1.12155,1.12515,1.1213,1.12485
1565618400,1.12485,1.1261,1.124,1.1244
1565632800,1.12435,1.1254,1.12405,1.12445
1565647200,1.1246,1.1248,1.1234,1.12385
1565661600,1.1239,1.1239,1.12115,1.12225
1565676000,1.1223,1.12395,1.12135,1.12355
1565690400,1.12355,1.1259,1.12,1.12145
1565704800,1.1214,1.12295,1.1201,1.12055
1565719200,1.1205,1.1208,1.12005,1.1201
1565733600,1.1201,1.12085,1.11995,1.1201
1565748000,1.1201,1.1207,1.1194,1.11955
1565762400,1.1195,1.1215,1.1193,1.1207
1565776800,1.12075,1.12205,1.11845,1.1186
1565791200,1.1186,1.1189,1.11645,1.11695
1565805600,1.117,1.11725,1.1159,1.1167
1565820000,1.1167,1.1173,1.11655,1.1169
1565834400,1.1169,1.1178,1.11655,1.11745
1565848800,1.11745,1.118,1.1166,1.11765
1565863200,1.1176,1.1184,1.11335,1.1138
1565877600,1.1138,1.1145,1.11165,1.1139
1565892000,1.1139,1.114,1.11265,1.11315
1565906400,1.11305,1.1137,1.1122,1.1123
1565920800,1.11235,1.113,1.11195,1.11295
1565935200,1.11295,1.1131,1.1104,1.11085
1565949600,1.1109,1.11105,1.10905,1.11
1565964000,1.11005,1.11315,1.1094,1.1122
1565978400,1.11225,1.1128,1.1114,1.11155
1566165600,1.1116,1.1125,1.11115,1.1116
1566180000,1.11165,1.11185,1.11115,1.1115
1566194400,1.1115,1.11345,1.1114,1.1125
1566208800,1.11245,1.1138,1.1118,1.1119
1566223200,1.1119,1.1128,1.1113,1.11135
1566237600,1.1114,1.1114,1.1099,1.1101
1566252000,1.11,1.11105,1.11,1.1109
1566266400,1.1109,1.1111,1.11035,1.1107
1566280800,1.1107,1.11095,1.10935,1.1105
1566295200,1.1105,1.11105,1.1088,1.1102
1566309600,1.1102,1.11295,1.10985,1.11275
1566324000,1.1128,1.11295,1.11185,1.11225
1566338400,1.1118,1.1124,1.11125,1.11195
1566352800,1.11195,1.11265,1.11135,1.1118
1566367200,1.1118,1.1128,1.11095,1.11165
1566381600,1.1116,1.1129,1.11155,1.11205
1566396000,1.11205,1.1126,1.1114,1.11165
1566410400,1.1116,1.1127,1.11015,1.1106
1566424800,1.11085,1.11115,1.11035,1.1106
1566439200,1.11065,1.11095,1.11,1.11005
1566453600,1.11005,1.1133,1.10905,1.1101
1566468000,1.1101,1.1118,1.10825,1.11155
1566482400,1.11155,1.11155,1.10865,1.11015
1566496800,1.1102,1.11085,1.10985,1.1099
1566511200,1.10975,1.11045,1.1092,1.10935
1566525600,1.1094,1.10945,1.1079,1.10865
1566540000,1.10865,1.10925,1.1074,1.1078
1566554400,1.1078,1.10915,1.107,1.10855
1566568800,1.10855,1.11665,1.10705,1.11585
1566583200,1.11585,1.11725,1.1152,1.116
1566770400,1.1166,1.11825,1.1154,1.11625
1566784800,1.11625,1.1166,1.11505,1.1162
1566799200,1.1162,1.1171,1.11275,1.1136
1566813600,1.1136,1.11425,1.11245,1.11355
1566828000,1.1135,1.114,1.1115,1.11225
1566842400,1.1123,1.11255,1.11125,1.11175
1566856800,1.1118,1.11225,1.1116,1.11205
1566871200,1.11205,1.11245,1.11155,1.11195
1566885600,1.11195,1.1133,1.1115,1.1125
1566900000,1.1125,1.11265,1.1111,1.1118
1566914400,1.11185,1.112,1.1103,1.1109
1566928800,1.1109,1.11125,1.11045,1.11065
1566943200,1.1107,1.1109,1.1101,1.1103
1566957600,1.11035,1.1106,1.11005,1.1105
1566972000,1.11045,1.1114,1.10985,1.1107
1566986400,1.1107,1.1114,1.109,1.1098
1567000800,1.10975,1.11015,1.1089,1.1099
1567015200,1.10995,1.11005,1.109,1.1092
1567029600,1.1094,1.11,1.1093,1.10955
1567044000,1.10955,1.10975,1.10925,1.1097
1567058400,1.1097,1.1098,1.1082,1.1089
1567072800,1.10885,1.10945,1.10675,1.1075
1567087200,1.10755,1.11065,1.10545,1.1066
1567101600,1.10655,1.1071,1.1063,1.1069
1567116000,1.1069,1.10725,1.106,1.10615
1567130400,1.10615,1.10635,1.10545,1.10605
1567144800,1.10605,1.10645,1.1046,1.1053
1567159200,1.10525,1.10615,1.10465,1.1057
1567173600,1.1057,1.1062,1.09755,1.0984
1567188000,1.09835,1.1007,1.09815,1.10055
1567375200,1.10015,1.1009,1.0996,1.1003
1567389600,1.10025,1.1005,1.0998,1.0998
1567404000,1.09985,1.1004,1.09695,1.09705
1567418400,1.0971,1.0987,1.0971,1.0979
1567432800,1.0979,1.0987,1.0973,1.09855
1567461600,1.09825,1.09825,1.0945,1.09505
1567476000,1.09505,1.096,1.09415,1.0957
1567490400,1.0957,1.0962,1.0943,1.09525
1567504800,1.0953,1.0965,1.09365,1.0958
1567519200,1.09585,1.09895,1.09585,1.0983
1567533600,1.09825,1.09865,1.0975,1.0981
1567548000,1.0979,1.09895,1.0978,1.0984
1567562400,1.0984,1.0987,1.09825,1.0985
1567576800,1.0985,1.10335,1.09835,1.10305
1567591200,1.103,1.10315,1.1017,1.10215
1567605600,1.1022,1.10425,1.10195,1.10375
1567620000,1.10375,1.10485,1.10345,1.1044
1567634400,1.10445,1.10465,1.1035,1.10365
1567648800,1.1036,1.1041,1.10315,1.1035
1567663200,1.1035,1.10555,1.10235,1.1051
1567677600,1.1051,1.10925,1.10495,1.1089
1567692000,1.1089,1.1089,1.1042,1.10455
1567706400,1.10455,1.10475,1.1039,1.1042
1567720800,1.10425,1.1045,1.1036,1.1037
1567735200,1.1037,1.1053,1.10365,1.10505
1567749600,1.10505,1.10585,1.1035,1.10365
1567764000,1.10365,1.10635,1.10265,1.10565
1567778400,1.10565,1.106,1.10315,1.10445
1567792800,1.10445,1.10445,1.10305,1.1034
1567980000,1.10325,1.10345,1.1021,1.10325
1567994400,1.1032,1.10355,1.10295,1.1031
1568008800,1.1031,1.10475,1.1028,1.1044
1568023200,1.1044,1.10645,1.10265,1.10615
1568037600,1.10615,1.10735,1.105,1.1062
1568052000,1.1062,1.10625,1.105,1.1053
1568066400,1.1054,1.10565,1.10465,1.1048
1568080800,1.10475,1.10515,1.1045,1.1048
1568095200,1.1048,1.10645,1.1041,1.1051
1568109600,1.10515,1.10515,1.1037,1.10445
1568124000,1.10445,1.1057,1.10355,1.105
1568138400,1.105,1.1054,1.10425,1.1048
1568152800,1.1052,1.10595,1.1048,1.10505
1568167200,1.10505,1.10595,1.1049,1.1053
1568181600,1.1053,1.10535,1.10235,1.10245
1568196000,1.1024,1.10265,1.0997,1.0999
1568210400,1.0999,1.1016,1.09895,1.1012
1568224800,1.10115,1.1018,1.10095,1.1014
1568239200,1.1011,1.1017,1.1009,1.1015
1568253600,1.1015,1.10165,1.10105,1.10155
1568268000,1.1015,1.1034,1.10075,1.1031
1568282400,1.1031,1.10725,1.0928,1.1037
1568296800,1.10375,1.10895,1.10275,1.1069
1568311200,1.1069,1.1077,1.1063,1.1064
1568325600,1.114,1.11405,1.113,1.1139
1568340000,1.1139,1.11475,1.1138,1.1145
1568354400,1.11455,1.1184,1.1142,1.11745
1568368800,1.11745,1.11805,1.11395,1.11425
1568383200,1.11425,1.116,1.11345,1.115
1568397600,1.115,1.1154,1.11405,1.11485
1568584800,1.11495,1.11595,1.11455,1.1152
1568599200,1.11515,1.11515,1.1141,1.11415
1568613600,1.11415,1.11555,1.11315,1.1134
1568628000,1.11345,1.1135,1.1086,1.10865
1568642400,1.10865,1.1092,1.10675,1.10705
1568656800,1.10705,1.10865,1.10705,1.1079
1568671200,1.1078,1.1086,1.1075,1.10815
1568685600,1.10815,1.10885,1.108,1.10865
1568700000,1.10865,1.10985,1.10655,1.10925
1568714400,1.10925,1.1114,1.1084,1.11065
1568728800,1.11065,1.11475,1.1104,1.114
1568743200,1.11395,1.11475,1.1138,1.11445
1568757600,1.1145,1.1148,1.11385,1.11415
1568772000,1.11415,1.11415,1.11355,1.1138
1568786400,1.11385,1.1141,1.11095,1.1121
1568800800,1.11215,1.1133,1.11125,1.11275
1568815200,1.11275,1.114,1.1126,1.11355
1568829600,1.11345,1.11365,1.1085,1.1103
1568844000,1.1104,1.11045,1.10935,1.11015
1568858400,1.11015,1.1113,1.11005,1.11115
1568872800,1.11115,1.11395,1.1106,1.1133
1568887200,1.11335,1.1144,1.1127,1.11315
1568901600,1.11315,1.1132,1.11085,1.11295
1568916000,1.1129,1.11295,1.11095,1.1111
1568930400,1.1109,1.1123,1.1109,1.1121
1568944800,1.1121,1.11285,1.11205,1.11245
1568959200,1.11245,1.1137,1.1113,1.11165
1568973600,1.1116,1.1121,1.10805,1.10875
1568988000,1.10875,1.10905,1.1063,1.1085
1569002400,1.1085,1.10885,1.1076,1.10865
1569189600,1.1085,1.1089,1.1082,1.10885
1569204000,1.10885,1.1091,1.10855,1.1089
1569218400,1.10895,1.1091,1.10315,1.1048
1569232800,1.10475,1.1062,1.10415,1.1055
1569247200,1.1055,1.1066,1.1049,1.10565
1569261600,1.10565,1.10645,1.1054,1.1059
1569276000,1.10585,1.1062,1.1052,1.1053
1569290400,1.1053,1.10585,1.1052,1.1055
1569304800,1.1055,1.10665,1.1049,1.1065
1569319200,1.10645,1.10765,1.10535,1.10635
1569333600,1.10635,1.10885,1.1061,1.10825
1569348000,1.10825,1.10925,1.10665,1.10885
1569362400,1.10855,1.1088,1.1067,1.1069
1569376800,1.1069,1.1072,1.10615,1.10645
1569391200,1.1065,1.1073,1.10595,1.1066
1569405600,1.10655,1.10685,1.1045,1.1053
1569420000,1.1053,1.1055,1.10055,1.1013
1569434400,1.1013,1.1014,1.10035,1.1009
1569448800,1.1009,1.10195,1.1008,1.10185
1569463200,1.10185,1.10285,1.1018,1.1018
1569477600,1.1018,1.1019,1.0993,1.09985
1569492000,1.09985,1.10315,1.09865,1.1027
1569506400,1.1027,1.10285,1.09845,1.09895
1569520800,1.099,1.09935,1.0972,1.09825
1569535200,1.098,1.0985,1.0966,1.0978
1569549600,1.09775,1.0987,1.09755,1.09805
1569564000,1.09805,1.099,1.09675,1.0988
1569578400,1.09875,1.101,1.09815,1.09955
1569592800,1.09955,1.102,1.0993,1.10025
1569607200,1.1002,1.1005,1.0999,1.1002
1569794400,1.09995,1.10065,1.09905,1.0994
1569808800,1.0994,1.0999,1.099,1.0996
1569823200,1.0996,1.1008,1.098,1.0981
1569837600,1.0981,1.09865,1.09445,1.0961
1569852000,1.0961,1.09745,1.0954,1.0958
1569866400,1.0958,1.09665,1.09575,1.0958
1569880800,1.0957,1.09605,1.0949,1.095
1569895200,1.09505,1.0954,1.09455,1.09495
1569909600,1.0949,1.09615,1.09385,1.0954
1569924000,1.0954,1.0968,1.09445,1.0946
1569938400,1.09465,1.10025,1.09465,1.09915
1569952800,1.0991,1.0998,1.0989,1.09915
1569967200,1.099,1.09995,1.0988,1.09955
1569981600,1.0995,1.0996,1.09895,1.0994
1569996000,1.09935,1.09935,1.0962,1.0976
1570010400,1.09765,1.1008,1.0973,1.1005
1570024800,1.1005,1.1021,1.0995,1.1017
1570039200,1.10175,1.1021,1.10135,1.10155
1570053600,1.1015,1.102,1.1014,1.1015
1570068000,1.1015,1.10155,1.101,1.1012
1570082400,1.10115,1.1029,1.09955,1.10035
1570096800,1.10035,1.1026,1.1,1.10155
1570111200,1.10155,1.1055,1.10155,1.1037
1570125600,1.1037,1.10395,1.10175,1.10175
1570140000,1.1026,1.10355,1.10215,1.10355
1570154400,1.10355,1.10385,1.10225,1.1024
1570168800,1.1024,1.10375,1.1019,1.1033
1570183200,1.1033,1.1058,1.1012,1.10245
1570197600,1.10245,1.10415,1.10185,1.1032
1570212000,1.1032,1.10385,1.1027,1.10335
1570399200,1.10305,1.1043,1.10305,1.10395
1570413600,1.104,1.104,1.10305,1.1031
1570428000,1.1031,1.1037,1.10145,1.10275
1570442400,1.1027,1.10535,1.10225,1.1046
1570456800,1.10465,1.1052,1.1021,1.103
1570471200,1.10295,1.10335,1.1021,1.10235
1570485600,1.10215,1.1026,1.1015,1.1025
1570500000,1.10255,1.103,1.1024,1.10275
1570514400,1.10275,1.1044,1.10275,1.10395
1570528800,1.104,1.10475,1.1021,1.10255
1570543200,1.1025,1.1027,1.09965,1.10035
1570557600,1.10035,1.1015,1.09925,1.10075
1570572000,1.10065,1.10135,1.10055,1.1012
1570586400,1.1012,1.1016,1.10095,1.10105
1570600800,1.10105,1.10425,1.1006,1.1033
1570615200,1.1033,1.104,1.10225,1.10315
1570629600,1.10315,1.10345,1.1021,1.103
1570644000,1.1029,1.10305,1.10185,1.10225
1570658400,1.10205,1.1041,1.10205,1.10355
1570672800,1.10355,1.1041,1.1032,1.10355
1570687200,1.10355,1.10815,1.1031,1.10785
1570701600,1.10785,1.1083,1.1064,1.10675
1570716000,1.10675,1.10725,1.105,1.10635
1570730400,1.10635,1.1066,1.1051,1.1054
1570744800,1.1057,1.10645,1.1053,1.1064
1570759200,1.10645,1.1068,1.1062,1.1064
1570773600,1.1064,1.10745,1.1049,1.10685
1570788000,1.1068,1.11115,1.10675,1.11025
1570802400,1.1102,1.11055,1.1074,1.10945
1570816800,1.1094,1.10955,1.10805,1.10855
1571004000,1.10855,1.1086,1.10715,1.10755
1571018400,1.1075,1.10825,1.1073,1.1077
1571032800,1.1077,1.1085,1.10595,1.1084
1571047200,1.10835,1.1089,1.1067,1.1072
1571061600,1.1072,1.10775,1.1064,1.10725
1571076000,1.10725,1.10795,1.1069,1.1073
1571090400,1.1073,1.1078,1.10675,1.1076
1571104800,1.1076,1.1079,1.1071,1.10785
1571119200,1.1078,1.1092,1.10515,1.1058
1571133600,1.10585,1.10655,1.1037,1.1039
1571148000,1.10395,1.10915,1.10385,1.10755
1571162400,1.1076,1.10845,1.1073,1.1078
1571176800,1.10775,1.10805,1.10715,1.1074
1571191200,1.1074,1.10815,1.1069,1.10805
1571205600,1.10805,1.11065,1.10675,1.10845
1571220000,1.1085,1.1099,1.10685,1.10985
1571234400,1.1098,1.11315,1.10865,1.11155
1571248800,1.1115,1.11225,1.1114,1.11175
1571263200,1.1118,1.1128,1.11165,1.11235
1571277600,1.1123,1.11235,1.11125,1.11145
1571292000,1.1115,1.11835,1.11085,1.11615
1571306400,1.1162,1.11735,1.1145,1.11665
1571320800,1.1167,1.11755,1.1154,1.11705
1571335200,1.11705,1.11715,1.11635,1.11675
1571349600,1.1171,1.1173,1.11635,1.11655
1571364000,1.11655,1.117,1.11615,1.1162
1571378400,1.11625,1.1175,1.1157,1.1172
1571392800,1.1172,1.11955,1.11675,1.11825
1571407200,1.1183,1.12055,1.11775,1.1201
1571421600,1.1201,1.1215,1.1199,1.12145
1571608800,1.1199,1.1205,1.1192,1.1199
1571623200,1.1199,1.12025,1.11945,1.1195
1571637600,1.1195,1.12215,1.11915,1.1211
1571652000,1.12105,1.12155,1.11935,1.1198
1571666400,1.1198,1.1203,1.11805,1.11925
1571680800,1.11925,1.11955,1.1187,1.11915
1571695200,1.11915,1.1198,1.1189,1.11925
1571709600,1.11925,1.11975,1.1188,1.1194
1571724000,1.11945,1.11975,1.1174,1.1185
1571738400,1.11845,1.1189,1.1164,1.11755
1571752800,1.11755,1.1187,1.1166,1.1185
1571767200,1.11855,1.1195,1.11585,1.11655
1571781600,1.11655,1.11715,1.1161,1.1161
1571796000,1.1161,1.1165,1.11555,1.1165
1571810400,1.1165,1.11685,1.115,1.1152
1571824800,1.11515,1.1165,1.1146,1.1163
1571839200,1.1163,1.1164,1.11515,1.11635
1571853600,1.1163,1.11805,1.11625,1.11695
1571868000,1.117,1.1176,1.11665,1.1176
1571882400,1.11755,1.1179,1.1169,1.117
1571896800,1.11705,1.12,1.11615,1.11685
1571911200,1.11685,1.1192,1.11485,1.1154
1571925600,1.11535,1.11545,1.113,1.11435
1571940000,1.11435,1.1147,1.1137,1.11425
1571954400,1.11425,1.11425,1.1138,1.1139
1571968800,1.11385,1.1146,1.1137,1.11455
1571983200,1.1145,1.11595,1.11415,1.1152
1571997600,1.1152,1.1156,1.1124,1.1131
1572012000,1.1131,1.11325,1.11095,1.11135
1572026400,1.11135,1.1119,1.11125,1.11175
1572213600,1.1117,1.112,1.1113,1.11145
1572228000,1.11145,1.11235,1.11125,1.11235
1572242400,1.1123,1.1133,1.11215,1.11275
1572256800,1.1128,1.1143,1.11205,1.11305
1572271200,1.113,1.11385,1.11225,1.11385
1572285600,1.1138,1.11395,1.11325,1.1135
1572300000,1.1136,1.11365,1.11265,1.11295
1572314400,1.113,1.11375,1.11275,1.11295
1572328800,1.1129,1.11295,1.11115,1.1112
1572343200,1.1112,1.11335,1.1108,1.1131
1572357600,1.11305,1.11535,1.113,1.11435
1572372000,1.11435,1.1149,1.114,1.11465
1572386400,1.1145,1.11485,1.1141,1.1144
1572400800,1.1144,1.11465,1.114,1.11435
1572415200,1.11435,1.11575,1.11435,1.1146
1572429600,1.1146,1.1161,1.11355,1.11415
1572444000,1.1142,1.11595,1.11395,1.11495
1572458400,1.115,1.1185,1.11135,1.11835
1572472800,1.11855,1.12015,1.11835,1.1198
1572487200,1.1198,1.1202,1.1192,1.1193
1572501600,1.1193,1.12075,1.1189,1.11955
1572516000,1.1196,1.1207,1.11735,1.11805
1572530400,1.11805,1.11905,1.11635,1.1178
1572544800,1.1178,1.1186,1.1172,1.11825
1572559200,1.1184,1.11975,1.118,1.11965
1572573600,1.11965,1.11975,1.1192,1.1195
1572588000,1.11955,1.12,1.11785,1.118
1572602400,1.11805,1.11885,1.11585,1.1178
1572616800,1.11785,1.1203,1.11785,1.1193
1572631200,1.11925,1.1201,1.119,1.11965
1572822000,1.1196,1.1202,1.119,1.12015
1572836400,1.1201,1.12035,1.1195,1.1198
1572850800,1.11985,1.12055,1.1179,1.1193
1572865200,1.11935,1.12005,1.1178,1.1178
1572879600,1.11775,1.1187,1.11605,1.11645
1572894000,1.1164,1.1165,1.11545,1.11575
1572908400,1.11515,1.116,1.1151,1.1152
1572922800,1.1152,1.11575,1.11415,1.11565
1572937200,1.11565,1.1169,1.11495,1.11505
1572951600,1.11505,1.1154,1.1115,1.11175
1572966000,1.1117,1.1117,1.1092,1.1096
1572980400,1.10965,1.1103,1.1092,1.11015
1572994800,1.11015,1.1105,1.10945,1.1105
1573009200,1.1105,1.1108,1.10975,1.11035
1573023600,1.1104,1.1121,1.11,1.11185
1573038000,1.11175,1.112,1.1105,1.11105
1573052400,1.11105,1.1114,1.10905,1.10955
1573066800,1.10955,1.11015,1.1093,1.10945
1573081200,1.10935,1.1096,1.1082,1.10865
1573095600,1.1086,1.1088,1.108,1.1085
1573110000,1.1085,1.1117,1.1084,1.11145
1573124400,1.1114,1.11165,1.1087,1.10885
1573138800,1.10885,1.10895,1.1061,1.10705
1573153200,1.1071,1.1079,1.10685,1.10745
1573167600,1.10755,1.10795,1.1071,1.10785
1573182000,1.10785,1.10785,1.1072,1.1077
1573196400,1.10775,1.1081,1.10585,1.10605
1573210800,1.10605,1.10625,1.10495,1.10525
1573225200,1.10525,1.1054,1.1042,1.10455
1573239600,1.10455,1.1049,1.1044,1.1045
1573426800,1.1044,1.1048,1.10405,1.10475
1573441200,1.10475,1.105,1.10455,1.10495
1573455600,1.105,1.106,1.10455,1.1058
1573470000,1.10575,1.1067,1.10495,1.10605
1573484400,1.10605,1.10655,1.1055,1.1061
1573498800,1.1061,1.10635,1.1055,1.1058
1573513200,1.1057,1.10615,1.105,1.1052
1573527600,1.1052,1.10615,1.1051,1.1057
1573542000,1.10575,1.10615,1.10425,1.1047
1573556400,1.1047,1.10475,1.10345,1.1038
1573570800,1.10385,1.10435,1.10255,1.10305
1573585200,1.103,1.1036,1.10285,1.1032
1573599600,1.10335,1.10385,1.1031,1.1038
1573614000,1.1038,1.10395,1.10345,1.10365
1573628400,1.10365,1.1043,1.10215,1.1036
1573642800,1.10355,1.10385,1.10225,1.1035
1573657200,1.10355,1.1038,1.1018,1.1027
1573671600,1.1027,1.10315,1.10225,1.1029
1573686000,1.1029,1.1032,1.10205,1.10225
1573700400,1.1023,1.10265,1.10145,1.10155
1573714800,1.10155,1.10365,1.1015,1.10185
1573729200,1.1018,1.1026,1.10095,1.10215
1573743600,1.10215,1.10485,1.1013,1.1047
1573758000,1.1047,1.1048,1.1038,1.1041
1573772400,1.10405,1.10495,1.1038,1.1049
1573786800,1.1049,1.10495,1.104,1.1042
1573801200,1.10425,1.10485,1.1034,1.10465
1573815600,1.10465,1.1068,1.10455,1.10675
1573830000,1.1067,1.10765,1.1063,1.1075
1573844400,1.1075,1.1076,1.1071,1.10715
1574031600,1.1072,1.10815,1.10705,1.1081
1574046000,1.10805,1.10835,1.10775,1.1081
1574060400,1.10805,1.1087,1.10735,1.1077
1574074800,1.1077,1.10895,1.1073,1.10865
1574089200,1.10865,1.11095,1.10835,1.10985
1574103600,1.1098,1.1099,1.109,1.10915
1574118000,1.109,1.1093,1.1081,1.10905
1574132400,1.10905,1.10995,1.10895,1.1097
1574146800,1.1097,1.11,1.10825,1.10875
1574161200,1.10875,1.11015,1.1087,1.1092
1574175600,1.10915,1.1102,1.10905,1.1101
1574190000,1.11015,1.11015,1.1094,1.10965
1574204400,1.10945,1.10975,1.10875,1.1093
1574218800,1.10925,1.1093,1.10875,1.1088
1574233200,1.10875,1.10905,1.1073,1.10835
1574247600,1.10835,1.10975,1.10705,1.1096
1574262000,1.1096,1.1099,1.1078,1.10865
1574276400,1.1086,1.10925,1.10835,1.109
1574290800,1.10915,1.1095,1.10905,1.10935
1574305200,1.10935,1.10935,1.1088,1.10905
1574319600,1.10895,1.11045,1.1086,1.1097
1574334000,1.1097,1.1113,1.10865,1.1096
1574348400,1.1096,1.1098,1.1072,1.1073
1574362800,1.1074,1.10765,1.1067,1.1074
1574377200,1.1076,1.10805,1.10755,1.1078
1574391600,1.1078,1.1087,1.10765,1.1085
1574406000,1.1085,1.11115,1.10615,1.1071
1574420400,1.1071,1.10825,1.10575,1.10605
1574434800,1.10605,1.1061,1.10365,1.10415
1574449200,1.1041,1.10435,1.1029,1.1034
1574636400,1.10355,1.104,1.1034,1.10375
1574650800,1.10375,1.10445,1.10325,1.104
1574665200,1.104,1.1047,1.10235,1.10275
1574679600,1.1027,1.10355,1.10175,1.10355
1574694000,1.10355,1.10395,1.10185,1.1022
1574708400,1.1022,1.10275,1.1021,1.1027
1574722800,1.10265,1.1027,1.102,1.10225
1574737200,1.10225,1.103,1.10225,1.10265
1574751600,1.10265,1.10335,1.1024,1.10295
1574766000,1.103,1.1038,1.1021,1.1024
1574780400,1.10245,1.10355,1.102,1.1035
1574794800,1.10355,1.10385,1.1032,1.1034
1574809200,1.1035,1.1037,1.1026,1.1029
1574823600,1.1029,1.1031,1.1021,1.10245
1574838000,1.10245,1.10265,1.1015,1.10175
1574852400,1.10175,1.1026,1.10045,1.10085
1574866800,1.10085,1.1019,1.1006,1.10135
1574881200,1.10135,1.102,1.101,1.1012
1574895600,1.1016,1.10185,1.1014,1.10175
1574910000,1.10175,1.10205,1.10145,1.1018
1574924400,1.1018,1.10285,1.1016,1.10215
1574938800,1.10215,1.10225,1.1011,1.1016
1574953200,1.1016,1.10205,1.10125,1.10185
1574982000,1.10195,1.10225,1.1018,1.102
1574996400,1.102,1.10225,1.10185,1.1019
1575010800,1.1019,1.10235,1.1011,1.10145
1575025200,1.1015,1.1015,1.09905,1.101
1575039600,1.10105,1.10385,1.1009,1.1032
1575241200,1.10295,1.1031,1.10245,1.10265
1575255600,1.10265,1.103,1.10255,1.1026
1575270000,1.10265,1.1032,1.10205,1.1021
1575284400,1.1021,1.1056,1.1012,1.1054
1575298800,1.10545,1.11,1.10545,1.10875
1575313200,1.10875,1.10945,1.10825,1.10885
1575327600,1.10865,1.1087,1.108,1.1081
1575342000,1.10815,1.1087,1.10805,1.1087
1575356400,1.10875,1.10955,1.10745,1.1082
1575370800,1.10815,1.10965,1.1078,1.1091
1575385200,1.1091,1.1103,1.10845,1.10915
1575399600,1.1091,1.1093,1.10875,1.109
1575414000,1.10895,1.10925,1.10845,1.1088
1575428400,1.10875,1.1089,1.10815,1.1083
1575442800,1.10835,1.10955,1.10745,1.1082
1575457200,1.1082,1.11175,1.1075,1.1108
1575471600,1.1108,1.1124,1.1076,1.1081
1575486000,1.10805,1.1088,1.10755,1.10845
1575500400,1.1083,1.10915,1.1083,1.10885
1575514800,1.10885,1.10925,1.10865,1.10885
1575529200,1.10885,1.1099,1.1085,1.1095
1575543600,1.1095,1.11105,1.10905,1.1106
1575558000,1.1106,1.1114,1.1096,1.1107
1575572400,1.1107,1.1114,1.1102,1.111
1575586800,1.11095,1.1114,1.1108,1.1113
1575601200,1.11135,1.11145,1.11085,1.111
1575615600,1.11095,1.1115,1.1098,1.1099
1575630000,1.10985,1.1106,1.1062,1.10625
1575644400,1.10625,1.10705,1.10445,1.10575
1575658800,1.10575,1.10675,1.10575,1.10675
1575846000,1.1063,1.1065,1.10585,1.1059
1575860400,1.10585,1.10685,1.1058,1.1066
1575874800,1.1066,1.10785,1.10655,1.1075
1575889200,1.10755,1.1083,1.1073,1.1077
1575903600,1.1077,1.108,1.1059,1.1066
1575918000,1.10655,1.10705,1.10655,1.1068
1575932400,1.1068,1.1075,1.1067,1.1074
1575946800,1.1074,1.1074,1.1069,1.10695
1575961200,1.1069,1.1085,1.1069,1.1081
1575975600,1.1081,1.1089,1.1078,1.10845
1575990000,1.10845,1.1101,1.1078,1.1094
1576004400,1.1094,1.1102,1.1094,1.10965
1576018800,1.1096,1.10995,1.1094,1.1096
1576033200,1.1096,1.10975,1.1089,1.109
1576047600,1.109,1.1091,1.10815,1.10855
1576062000,1.1085,1.1101,1.10735,1.1094
1576076400,1.1094,1.11055,1.1086,1.11015
1576090800,1.1101,1.11485,1.10915,1.11335
1576105200,1.11345,1.11455,1.1133,1.11455
1576119600,1.1145,1.11455,1.11375,1.11375
1576134000,1.1138,1.1143,1.11265,1.11305
1576148400,1.11305,1.1156,1.1122,1.1126
1576162800,1.11265,1.1138,1.1104,1.11115
1576177200,1.1111,1.1137,1.11055,1.11335
1576191600,1.125,1.12635,1.1238,1.1244
1576206000,1.1244,1.1248,1.1233,1.1237
1576220400,1.1237,1.12545,1.12325,1.12495
1576234800,1.12495,1.12555,1.12175,1.1222
1576249200,1.12225,1.1237,1.11815,1.11885
1576263600,1.1189,1.11925,1.11815,1.119
1576450800,1.1197,1.12005,1.11915,1.1198
1576465200,1.1198,1.1212,1.11975,1.12115
1576479600,1.12115,1.12195,1.11955,1.1208
1576494000,1.12085,1.12245,1.12065,1.12195
1576508400,1.12195,1.12275,1.12045,1.1216
1576522800,1.12155,1.1218,1.12105,1.12135
1576537200,1.121,1.1213,1.1203,1.1213
1576551600,1.1213,1.1218,1.12105,1.12145
1576566000,1.12145,1.1229,1.11985,1.12285
1576580400,1.12285,1.1244,1.1214,1.12195
1576594800,1.122,1.12275,1.1214,1.1219
1576609200,1.1219,1.1222,1.12145,1.122
1576623600,1.12205,1.12215,1.12025,1.12055
1576638000,1.1205,1.1207,1.11975,1.1207
1576652400,1.1207,1.1211,1.11945,1.12015
1576666800,1.12015,1.12045,1.1178,1.11845
1576681200,1.11845,1.1203,1.11795,1.11835
1576695600,1.11835,1.11885,1.118,1.1181
1576710000,1.11835,1.11925,1.118,1.1192
1576724400,1.1192,1.1198,1.119,1.11955
1576738800,1.11955,1.12095,1.11895,1.1209
1576753200,1.12095,1.12095,1.11755,1.1188
1576767600,1.1188,1.11955,1.11725,1.11925
1576782000,1.11925,1.11925,1.11825,1.1186
1576796400,1.1187,1.1189,1.1178,1.1179
1576810800,1.11795,1.11835,1.1177,1.11795
1576825200,1.118,1.11865,1.11755,1.11765
1576839600,1.11765,1.11765,1.1146,1.11485
1576854000,1.11485,1.11525,1.11305,1.1132
1576868400,1.11325,1.1143,1.1132,1.1141
1577055600,1.11405,1.1143,1.1135,1.1141
1577070000,1.11405,1.11485,1.114,1.11465
1577084400,1.1146,1.11515,1.1143,1.1146
1577098800,1.1146,1.11505,1.11325,1.11505
1577113200,1.115,1.1159,1.1148,1.1153
1577127600,1.11535,1.1158,1.1152,1.1152
1577142000,1.11515,1.1155,1.1146,1.11485
1577156400,1.11485,1.11505,1.11465,1.1149
1577170800,1.1148,1.11495,1.11325,1.1134
1577185200,1.1134,1.1147,1.113,1.11435
1577199600,1.11435,1.1156,1.1142,1.11465
1577314800,1.1154,1.11575,1.1148,1.11545
1577329200,1.1155,1.1156,1.1148,1.11485
1577343600,1.1148,1.11585,1.11455,1.11465
1577358000,1.1147,1.1163,1.1144,1.11535
1577372400,1.11535,1.1172,1.11525,1.11715
1577386800,1.11715,1.11715,1.1157,1.11585
1577401200,1.116,1.11785,1.1159,1.11775
1577415600,1.11775,1.1183,1.1177,1.11805
1577430000,1.11805,1.12075,1.118,1.12075
1577444400,1.12075,1.12215,1.12025,1.12155
1577458800,1.12155,1.1243,1.1215,1.12425
1577473200,1.1242,1.12465,1.12285,1.12335
1577660400,1.12375,1.1259,1.1234,1.1258
1577674800,1.1258,1.1265,1.12455,1.12495
1577689200,1.1249,1.12595,1.12425,1.1247
1577703600,1.1247,1.1262,1.1235,1.126
1577718000,1.126,1.1275,1.1251,1.12575
1577732400,1.12575,1.12585,1.12505,1.12525
1577746800,1.12565,1.12675,1.1254,1.1263
1577761200,1.1263,1.1263,1.12515,1.1259
1577775600,1.1259,1.12715,1.1256,1.12705
1577790000,1.127,1.1293,1.12695,1.12735
1577804400,1.1274,1.1286,1.12695,1.12765
1577818800,1.12765,1.12775,1.12635,1.1264
1577919600,1.1267,1.12755,1.12645,1.12735
1577934000,1.12735,1.1274,1.12515,1.12585
1577948400,1.12585,1.12645,1.12435,1.1249
1577962800,1.1249,1.1252,1.12195,1.1224
1577977200,1.1224,1.12535,1.12135,1.12205
1577991600,1.122,1.12235,1.12145,1.12225
1578006000,1.1222,1.1228,1.1219,1.1221
1578020400,1.12215,1.1224,1.12135,1.12185
1578034800,1.12185,1.1221,1.11795,1.1185
1578049200,1.11845,1.12035,1.11735,1.12015
1578063600,1.1202,1.1229,1.1201,1.12155
1578078000,1.12155,1.12175,1.12015,1.12045
1578265200,1.12085,1.1217,1.1208,1.1214
1578279600,1.12145,1.122,1.1206,1.12095
1578294000,1.1209,1.1249,1.12085,1.1245
1578308400,1.1245,1.12545,1.12315,1.1232
1578322800,1.12325,1.1247,1.123,1.1241
1578337200,1.1241,1.1248,1.1237,1.1246
1578351600,1.1246,1.12465,1.12375,1.12395
1578366000,1.124,1.1243,1.1229,1.123
1578380400,1.123,1.12375,1.12125,1.12245
1578394800,1.1224,1.1233,1.1194,1.11955
1578409200,1.1195,1.11995,1.1181,1.1191
1578423600,1.11915,1.1203,1.11895,1.1201
1578438000,1.1198,1.12155,1.1195,1.12055
1578452400,1.1206,1.1206,1.11925,1.1197
1578466800,1.11975,1.1202,1.1172,1.11745
1578481200,1.11745,1.11785,1.11585,1.11715
1578495600,1.11715,1.1178,1.11555,1.116
1578510000,1.11605,1.11615,1.11485,1.11515
1578524400,1.1153,1.1164,1.1152,1.116
1578538800,1.116,1.1164,1.11555,1.11575
1578553200,1.11575,1.11655,1.1142,1.1155
1578567600,1.11545,1.11625,1.11485,1.11535
1578582000,1.1153,1.11565,1.1137,1.115
1578596400,1.115,1.1155,1.1149,1.1151
1578610800,1.11515,1.1154,1.11465,1.11525
1578625200,1.11525,1.11555,1.11515,1.11535
1578639600,1.1154,1.1156,1.1134,1.1137
1578654000,1.11365,1.11585,1.1129,1.1145
1578668400,1.11445,1.11735,1.11425,1.1163
1578682800,1.1163,1.11675,1.11615,1.1167
1578870000,1.11615,1.11695,1.1158,1.11695
1578884400,1.11695,1.11755,1.11685,1.1172
1578898800,1.1172,1.118,1.11565,1.11605
1578913200,1.116,1.11725,1.116,1.11675
1578927600,1.11675,1.11905,1.11645,1.11835
1578942000,1.11835,1.1185,1.1176,1.1177
1578956400,1.11775,1.1185,1.11735,1.118
1578970800,1.118,1.11875,1.11775,1.11875
1578985200,1.1187,1.1187,1.1171,1.11765
1578999600,1.11765,1.11775,1.11465,1.1164
1579014000,1.1164,1.1178,1.11565,1.1174
1579028400,1.11745,1.11755,1.11675,1.1169
1579042800,1.1169,1.11725,1.1168,1.11705
1579057200,1.11705,1.1178,1.11695,1.1177
1579071600,1.1177,1.11815,1.116,1.1181
1579086000,1.11805,1.12055,1.118,1.1194
1579100400,1.1194,1.12035,1.1185,1.1194
1579114800,1.1194,1.1196,1.119,1.11915
1579129200,1.1192,1.11975,1.11895,1.11905
1579143600,1.11905,1.1194,1.11835,1.11895
1579158000,1.1189,1.1203,1.1184,1.11965
1579172400,1.11965,1.12125,1.118,1.11805
1579186800,1.11805,1.1186,1.11665,1.11735
1579201200,1.11735,1.11775,1.1172,1.1175
1579215600,1.1176,1.1182,1.1173,1.11755
1579230000,1.11755,1.11795,1.117,1.1179
1579244400,1.11785,1.11805,1.1155,1.1155
1579258800,1.11555,1.11555,1.11345,1.11385
1579273200,1.11395,1.11415,1.1125,1.11315
1579287600,1.1132,1.1134,1.11275,1.1129
1579474800,1.1129,1.1137,1.1127,1.11355
1579489200,1.11355,1.11395,1.1132,1.1139
1579503600,1.11385,1.11405,1.11205,1.1123
1579518000,1.11225,1.11265,1.11175,1.11205
1579532400,1.11205,1.1125,1.1115,1.1121
1579561200,1.1133,1.11345,1.11265,1.11335
1579575600,1.11335,1.1137,1.1131,1.11315
1579590000,1.11315,1.1148,1.1123,1.11415
1579604400,1.1141,1.1156,1.11375,1.11405
1579618800,1.11405,1.11415,1.11265,1.113
1579633200,1.113,1.1133,1.11185,1.1119
1579647600,1.11185,1.1124,1.1114,1.1117
1579662000,1.1117,1.1123,1.1117,1.112
1579676400,1.11195,1.11315,1.11115,1.1123
1579690800,1.11225,1.11355,1.11085,1.11105
1579705200,1.11105,1.11285,1.11065,1.1124
1579719600,1.1124,1.11325,1.11235,1.11305
1579734000,1.1128,1.1135,1.1114,1.11245
1579748400,1.11245,1.1125,1.1116,1.112
1579762800,1.112,1.11275,1.1114,1.1126
1579777200,1.1126,1.1144,1.1094,1.11035
1579791600,1.11035,1.1106,1.10705,1.1084
1579806000,1.1084,1.10935,1.10825,1.10905
1579820400,1.1089,1.10905,1.10845,1.1087
1579834800,1.1087,1.1087,1.10785,1.10845
1579849200,1.10845,1.1101,1.10655,1.1071
1579863600,1.1071,1.10735,1.10585,1.10645
1579878000,1.10645,1.10695,1.1051,1.10615
1579892400,1.10615,1.10665,1.10575,1.10575
1580079600,1.10625,1.1069,1.10575,1.10625
1580094000,1.1062,1.10645,1.10595,1.10605
1580108400,1.1061,1.1071,1.1048,1.10615
1580122800,1.10615,1.1065,1.10485,1.10505
1580137200,1.10505,1.10565,1.10425,1.1047
1580151600,1.1047,1.1053,1.1047,1.1052
1580166000,1.1051,1.1058,1.10495,1.1054
1580180400,1.10535,1.1056,1.1051,1.1052
1580194800,1.1052,1.10555,1.1045,1.10515
1580209200,1.10515,1.10525,1.10325,1.1037
1580223600,1.10365,1.1047,1.103,1.10445
1580238000,1.10445,1.10555,1.10435,1.10545
1580252400,1.10525,1.106,1.10465,1.1048
1580266800,1.1048,1.10485,1.1043,1.1047
1580281200,1.1047,1.1047,1.1026,1.1033
1580295600,1.1033,1.1035,1.1024,1.10275
1580310000,1.10275,1.10415,1.1026,1.1033
1580324400,1.10335,1.1053,1.103,1.1041
1580338800,1.10415,1.1048,1.10385,1.10415
1580353200,1.10415,1.1047,1.1039,1.10395
1580367600,1.1039,1.1051,1.10365,1.10435
1580382000,1.10435,1.10615,1.10435,1.10555
1580396400,1.10555,1.1068,1.10525,1.10635
1580410800,1.10635,1.10685,1.1058,1.10605
1580425200,1.1062,1.10625,1.10555,1.10555
1580439600,1.1055,1.10555,1.10475,1.10495
1580454000,1.10495,1.1063,1.10455,1.10595
1580468400,1.1059,1.1097,1.10555,1.1092
1580482800,1.1092,1.112,1.1085,1.1109
1580497200,1.1109,1.1125,1.11085,1.1124
1580684400,1.11165,1.112,1.11085,1.11105
1580698800,1.111,1.1115,1.11085,1.1111
1580713200,1.1111,1.1113,1.10875,1.10935
1580727600,1.10935,1.10965,1.1073,1.1076
1580742000,1.10755,1.1095,1.1061,1.10895
1580756400,1.109,1.10945,1.10855,1.1089
1580770800,1.10875,1.1092,1.1083,1.10865
1580785200,1.10865,1.10915,1.1083,1.1087
1580799600,1.10865,1.10895,1.10765,1.1083
1580814000,1.10825,1.1086,1.10685,1.1072
1580828400,1.1072,1.10755,1.10605,1.10685
1580842800,1.10685,1.10735,1.1068,1.1072
1580857200,1.10715,1.1073,1.1061,1.10615
1580871600,1.10615,1.1065,1.10605,1.1063
1580886000,1.1063,1.10745,1.1043,1.10455
1580900400,1.10455,1.1052,1.1026,1.10295
1580914800,1.10295,1.10365,1.1023,1.1029
1580929200,1.1029,1.1029,1.102,1.1025
1580943600,1.10245,1.1025,1.1019,1.10225
1580958000,1.1022,1.10265,1.1019,1.1025
1580972400,1.1025,1.10385,1.10185,1.1026
1580986800,1.1026,1.1029,1.1013,1.1013
1581001200,1.1013,1.1016,1.0989,1.09975
1581015600,1.0998,1.1007,1.09955,1.1006
1581030000,1.10035,1.10085,1.1002,1.10085
1581044400,1.1008,1.10085,1.1001,1.10015
1581058800,1.1002,1.1002,1.09715,1.0978
1581073200,1.0978,1.09975,1.0973,1.09955
1581087600,1.09955,1.10005,1.0966,1.09675
1581102000,1.0968,1.0973,1.0966,1.0968
1581289200,1.0968,1.0977,1.0966,1.0977
1581303600,1.09765,1.0981,1.09735,1.09745
1581318000,1.0975,1.0978,1.09675,1.0973
1581332400,1.09725,1.09765,1.095,1.09505
1581346800,1.095,1.09615,1.0932,1.0937
1581361200,1.0937,1.09395,1.09305,1.09345
1581375600,1.09335,1.0939,1.09305,1.09365
1581390000,1.0937,1.09395,1.093,1.09335
1581404400,1.0934,1.0942,1.0928,1.09405
1581418800,1.09405,1.09455,1.09135,1.0943
1581433200,1.0943,1.09475,1.0934,1.09415
1581447600,1.09415,1.0946,1.09375,1.0938
1581462000,1.094,1.09415,1.0934,1.0938
1581476400,1.0938,1.094,1.0927,1.09275
1581490800,1.09275,1.09475,1.0924,1.094
1581505200,1.09395,1.094,1.0921,1.0926
1581519600,1.0926,1.0927,1.08975,1.08985
1581534000,1.08985,1.08995,1.0887,1.0895
1581548400,1.0892,1.08955,1.08885,1.08895
1581562800,1.08895,1.08925,1.0884,1.08905
1581577200,1.08905,1.0908,1.089,1.0893
1581591600,1.08935,1.08945,1.0867,1.08745
1581606000,1.08745,1.08775,1.08525,1.0861
1581620400,1.0861,1.08645,1.0857,1.08595
1581634800,1.0859,1.0861,1.0846,1.0856
1581649200,1.0856,1.0858,1.085,1.0855
1581663600,1.08545,1.08695,1.08515,1.08585
1581678000,1.0858,1.08805,1.08515,1.0876
1581692400,1.0876,1.0878,1.0852,1.08625
1581706800,1.08625,1.08645,1.08485,1.08505
1581894000,1.0857,1.086,1.0852,1.08575
1581908400,1.0858,1.086,1.08525,1.08535
1581922800,1.0854,1.08695,1.0854,1.0865
1581937200,1.08645,1.0866,1.085,1.0857
1581951600,1.0857,1.08585,1.08475,1.085
1581980400,1.08535,1.0855,1.08405,1.0846
1581994800,1.0846,1.08545,1.08455,1.08475
1582009200,1.08475,1.0855,1.08395,1.08445
1582023600,1.0845,1.0854,1.08025,1.08255
1582038000,1.08255,1.0844,1.0817,1.0818
1582052400,1.0818,1.082,1.08075,1.0809
1582066800,1.081,1.0821,1.08095,1.0816
1582081200,1.08165,1.0819,1.08085,1.08155
1582095600,1.0815,1.08255,1.0814,1.0818
1582110000,1.08175,1.0821,1.08005,1.0804
1582124400,1.08045,1.0816,1.0799,1.0815
1582138800,1.0815,1.0829,1.08095,1.08235
1582153200,1.0822,1.08305,1.08075,1.0808
1582167600,1.08085,1.0815,1.08025,1.0804
1582182000,1.0804,1.08215,1.0793,1.08075
1582196400,1.08075,1.08365,1.0801,1.0832
1582210800,1.0832,1.0835,1.0797,1.08085
1582225200,1.0809,1.081,1.07975,1.0799
1582239600,1.0798,1.0808,1.07975,1.08045
1582254000,1.08045,1.08095,1.08035,1.0805
1582268400,1.0805,1.0835,1.08045,1.08145
1582282800,1.08145,1.0861,1.08095,1.0852
1582297200,1.0852,1.08785,1.0852,1.0871
1582311600,1.08715,1.0873,1.0861,1.08615
1582498800,1.0845,1.08565,1.08365,1.08365
1582513200,1.0837,1.0838,1.0829,1.08305
1582527600,1.0831,1.0856,1.0819,1.08295
1582542000,1.08295,1.0867,1.0827,1.0863
1582556400,1.08635,1.0887,1.086,1.0878
1582570800,1.08775,1.0878,1.0855,1.0867
1582585200,1.0867,1.08775,1.08585,1.08765
1582599600,1.08765,1.0881,1.08625,1.0865
1582614000,1.08655,1.08795,1.0848,1.0851
1582628400,1.0851,1.08635,1.0843,1.08495
1582642800,1.08495,1.0896,1.08465,1.089
1582657200,1.089,1.09035,1.08865,1.08945
1582671600,1.08945,1.08945,1.0875,1.0881
1582686000,1.0881,1.0891,1.08775,1.0887
1582700400,1.08875,1.091,1.08785,1.08995
1582714800,1.0899,1.09215,1.08675,1.08725
1582729200,1.08725,1.0907,1.08695,1.0894
1582743600,1.08945,1.0913,1.089,1.08935
1582758000,1.08935,1.09255,1.089,1.0921
1582772400,1.0921,1.09285,1.0914,1.0922
1582786800,1.09215,1.0959,1.0919,1.09505
1582801200,1.09505,1.09965,1.0946,1.0988
1582815600,1.09875,1.1018,1.09755,1.09995
1582830000,1.1,1.1014,1.09915,1.10115
1582844400,1.1014,1.10155,1.09925,1.09965
1582858800,1.09965,1.10185,1.09945,1.10115
1582873200,1.10115,1.10635,1.10015,1.10445
1582887600,1.10445,1.1053,1.09615,1.0977
1582902000,1.09765,1.1019,1.09655,1.1011
1582916400,1.1011,1.10575,1.10015,1.1039
1583103600,1.1064,1.10845,1.10465,1.10665
1583118000,1.10665,1.10715,1.1048,1.10515
1583132400,1.10515,1.11035,1.10495,1.1095
1583146800,1.1095,1.1175,1.10915,1.11365
1583161200,1.11365,1.11945,1.11215,1.1174
1583175600,1.1174,1.1177,1.11335,1.11435
1583190000,1.11545,1.11575,1.11295,1.11495
1583204400,1.11495,1.1165,1.1142,1.1155
1583218800,1.1155,1.1156,1.1109,1.11215
1583233200,1.1122,1.1143,1.1104,1.11345
1583247600,1.1135,1.1221,1.1135,1.11925
1583262000,1.11925,1.12035,1.11765,1.1179
1583276400,1.1183,1.11925,1.1169,1.1173
1583290800,1.1173,1.1174,1.11505,1.1161
1583305200,1.11605,1.1195,1.1143,1.1144
1583319600,1.1144,1.1163,1.1103,1.11255
1583334000,1.1125,1.1153,1.1108,1.11385
1583348400,1.11385,1.1149,1.1136,1.11425
1583362800,1.11395,1.11485,1.1138,1.1147
1583377200,1.1147,1.1149,1.11365,1.1138
1583391600,1.11385,1.1183,1.1125,1.11755
1583406000,1.11755,1.12075,1.11625,1.11965
1583420400,1.11965,1.12235,1.1172,1.12055
1583434800,1.12055,1.12505,1.1198,1.12415
1583449200,1.1239,1.12535,1.12155,1.1237
1583463600,1.1237,1.12445,1.1224,1.1233
1583478000,1.1233,1.13295,1.1229,1.1322
1583492400,1.1322,1.13605,1.13105,1.13545
1583506800,1.13545,1.136,1.12925,1.13035
1583521200,1.13035,1.13315,1.129,1.129
1583704800,1.13485,1.1502,1.1344,1.1432
1583719200,1.1433,1.1466,1.13755,1.1387
1583733600,1.13865,1.14805,1.13695,1.13965
1583748000,1.13955,1.14895,1.13815,1.14065
1583762400,1.1407,1.1484,1.14055,1.1468
1583776800,1.1468,1.1478,1.1432,1.1446
1583791200,1.1453,1.14625,1.1376,1.1411
1583805600,1.1411,1.1419,1.13365,1.13445
1583820000,1.1346,1.14065,1.13415,1.13555
1583834400,1.13555,1.1399,1.13405,1.13765
1583848800,1.1376,1.13895,1.13,1.132
1583863200,1.13195,1.1335,1.1279,1.12855
1583877600,1.1294,1.13325,1.1291,1.13275
1583892000,1.13265,1.13545,1.1319,1.13535
1583906400,1.13535,1.13695,1.1305,1.13075
1583920800,1.13075,1.13555,1.1307,1.13475
1583935200,1.1348,1.13515,1.12605,1.1287
1583949600,1.12875,1.1291,1.12705,1.12735
1583964000,1.12655,1.1336,1.12555,1.1321
1583978400,1.13205,1.1334,1.1286,1.12945
1583992800,1.1295,1.1321,1.124,1.1247
1584007200,1.1247,1.13045,1.12,1.12415
1584021600,1.1241,1.12415,1.1056,1.1186
1584036000,1.11865,1.1227,1.11605,1.11765
1584050400,1.1207,1.1234,1.1195,1.1227
1584064800,1.12275,1.12635,1.1218,1.1244
1584079200,1.12445,1.12605,1.12055,1.1212
1584093600,1.12135,1.12335,1.115,1.1174
1584108000,1.11735,1.1185,1.111,1.11385
1584122400,1.1138,1.1169,1.1111,1.1138
1584309600,1.1214,1.12705,1.1128,1.1144
1584324000,1.11445,1.11795,1.1135,1.1163
1584338400,1.1163,1.1278,1.11615,1.1239
1584352800,1.12395,1.1256,1.1168,1.12075
1584367200,1.1207,1.12345,1.11505,1.1216
1584381600,1.12155,1.12425,1.12055,1.12395
1584396000,1.12435,1.1244,1.1213,1.1225
1584410400,1.1225,1.1243,1.1218,1.12185
1584424800,1.12185,1.12235,1.11585,1.1159
1584439200,1.11585,1.1162,1.10295,1.1052
1584453600,1.10515,1.107,1.1005,1.10375
1584468000,1.10385,1.10715,1.10305,1.104
1584482400,1.10515,1.10695,1.1028,1.10455
1584496800,1.1045,1.10945,1.1044,1.109
1584511200,1.109,1.109,1.09995,1.1041
1584525600,1.10405,1.10575,1.0937,1.0951
1584540000,1.09525,1.09715,1.085,1.0901
1584554400,1.09,1.09725,1.08725,1.09715
1584568800,1.0972,1.10345,1.0937,1.0959
1584583200,1.09595,1.09695,1.0931,1.09545
1584597600,1.09555,1.10005,1.0867,1.0881
1584612000,1.08805,1.0894,1.07815,1.0861
1584626400,1.08605,1.08745,1.07075,1.07355
1584640800,1.0735,1.07535,1.0707,1.0744
1584655200,1.0714,1.07915,1.07015,1.07675
1584669600,1.07665,1.08125,1.0757,1.07965
1584684000,1.0797,1.08715,1.07555,1.0763
1584698400,1.07635,1.0806,1.07205,1.07365
1584712800,1.07365,1.079,1.0693,1.0706
1584727200,1.07055,1.07375,1.0675,1.0734
1584914400,1.07315,1.07575,1.0671,1.07545
1584928800,1.07545,1.0795,1.0749,1.0788
1584943200,1.0788,1.08055,1.0713,1.07235
1584957600,1.0724,1.0851,1.07075,1.0836
1584972000,1.0835,1.08715,1.07665,1.07945
1584986400,1.07945,1.07985,1.0763,1.07725
1585000800,1.0773,1.08665,1.07665,1.08365
1585015200,1.08365,1.086,1.0818,1.08215
1585029600,1.08225,1.09085,1.08205,1.08985
1585044000,1.08985,1.09315,1.08305,1.08545
1585058400,1.08545,1.08645,1.07935,1.07975
1585072800,1.07975,1.08405,1.07875,1.08285
1585087200,1.0822,1.08565,1.08005,1.08465
1585101600,1.08465,1.0863,1.08315,1.0856
1585116000,1.08565,1.089,1.0833,1.0883
1585130400,1.08835,1.08875,1.0837,1.0839
1585144800,1.0839,1.09105,1.08245,1.0903
1585159200,1.09025,1.09345,1.0898,1.0921
1585173600,1.0923,1.09705,1.0909,1.0943
1585188000,1.0943,1.09565,1.09275,1.0946
1585202400,1.0946,1.09885,1.09335,1.09835
1585216800,1.09835,1.1028,1.09645,1.1012
1585231200,1.1012,1.1081,1.09895,1.1061
1585245600,1.1061,1.1096,1.1056,1.10685
1585260000,1.107,1.10945,1.10615,1.10675
1585274400,1.10675,1.1124,1.1064,1.11095
1585288800,1.11095,1.1111,1.10315,1.104
1585303200,1.10405,1.1069,1.0991,1.102
1585317600,1.102,1.1143,1.10165,1.11385
1585332000,1.11385,1.11875,1.11315,1.11815
1585519200,1.1165,1.11835,1.11275,1.1133
1585533600,1.1134,1.1141,1.1106,1.11385
1585548000,1.1138,1.1145,1.1098,1.1107
1585562400,1.1107,1.1111,1.10465,1.1068
1585576800,1.1068,1.1082,1.10475,1.1055
1585591200,1.10545,1.1092,1.1053,1.10815
1585605600,1.10815,1.10865,1.1018,1.1051
1585620000,1.10515,1.1066,1.10415,1.1052
1585634400,1.10525,1.10585,1.09995,1.1009
1585648800,1.10085,1.1013,1.0959,1.0986
1585663200,1.09865,1.106,1.09755,1.1035
1585677600,1.10345,1.10695,1.10285,1.10675
1585692000,1.10625,1.10695,1.10405,1.10465
1585706400,1.1046,1.10635,1.1037,1.1055
1585720800,1.1055,1.10575,1.09455,1.0963
1585735200,1.09625,1.09775,1.0949,1.0959
1585749600,1.09585,1.0971,1.0931,1.09475
1585764000,1.09475,1.09985,1.09465,1.09915
1585778400,1.0979,1.09875,1.09655,1.09675
1585792800,1.09665,1.0976,1.0956,1.09725
1585807200,1.0972,1.09905,1.0939,1.0959
1585821600,1.09585,1.09615,1.08645,1.08745
1585836000,1.0875,1.0924,1.0849,1.085
1585850400,1.085,1.089,1.0844,1.0881
1585864800,1.08805,1.08835,1.08565,1.08765
1585879200,1.0876,1.0878,1.08595,1.08705
1585893600,1.087,1.087,1.08095,1.0836
1585908000,1.08355,1.0839,1.07985,1.08125
1585922400,1.0812,1.0832,1.07955,1.0821
1585936800,1.0821,1.08505,1.0819,1.08345
1586124000,1.0835,1.0845,1.08205,1.08395
1586138400,1.08395,1.0857,1.08275,1.0848
1586152800,1.08485,1.0853,1.08055,1.08335
1586167200,1.08335,1.084,1.07915,1.08255
1586181600,1.0825,1.08415,1.0801,1.08235
1586196000,1.08235,1.0827,1.0806,1.0816
1586210400,1.0816,1.0834,1.08075,1.08305
1586224800,1.083,1.08645,1.08275,1.0853
1586239200,1.0853,1.0904,1.0847,1.0899
1586253600,1.0899,1.09425,1.08845,1.0939
1586268000,1.0939,1.09525,1.09005,1.09275
1586282400,1.0927,1.0934,1.09135,1.0916
1586296800,1.09155,1.09245,1.0889,1.08935
1586311200,1.08935,1.09105,1.0881,1.09035
1586325600,1.09035,1.09055,1.0851,1.08845
1586340000,1.0885,1.091,1.08785,1.0902
1586354400,1.0902,1.0908,1.08725,1.0887
1586368800,1.0887,1.0894,1.0871,1.0877
1586383200,1.08785,1.09015,1.0873,1.088
1586397600,1.088,1.0892,1.0874,1.0876
1586412000,1.08765,1.0908,1.08615,1.0907
1586426400,1.0907,1.09625,1.08695,1.09515
1586440800,1.0952,1.09715,1.0935,1.09645
1586455200,1.09645,1.09665,1.09395,1.09485
1586728800,1.09565,1.09635,1.0947,1.0951
1586743200,1.09505,1.096,1.09435,1.09535
1586757600,1.09535,1.09865,1.0947,1.09575
1586772000,1.0958,1.0958,1.0922,1.09305
1586786400,1.093,1.09435,1.0912,1.09395
1586800800,1.0939,1.09445,1.0928,1.09295
1586815200,1.093,1.0958,1.0928,1.0956
1586829600,1.09565,1.09675,1.09555,1.09575
1586844000,1.09575,1.0976,1.0933,1.0965
1586858400,1.0965,1.0994,1.09555,1.09785
1586872800,1.09785,1.10025,1.0973,1.1001
1586887200,1.10015,1.1005,1.09885,1.0999
1586901600,1.1,1.1007,1.0997,1.1003
1586916000,1.10035,1.1004,1.0979,1.098
1586930400,1.09795,1.0985,1.09365,1.095
1586944800,1.09505,1.0952,1.08725,1.0886
1586959200,1.0886,1.0947,1.0883,1.09345
1586973600,1.09345,1.09555,1.0926,1.0927
1586988000,1.0924,1.0927,1.0891,1.0891
1587002400,1.08915,1.09035,1.088,1.09005
1587016800,1.09,1.0921,1.0874,1.0884
1587031200,1.0884,1.09175,1.08685,1.0895
1587045600,1.08945,1.0905,1.0832,1.0857
1587060000,1.0857,1.08675,1.08455,1.0857
1587074400,1.0872,1.08945,1.0867,1.0889
1587088800,1.08885,1.0892,1.0879,1.08815
1587103200,1.0881,1.08825,1.08305,1.08345
1587117600,1.0835,1.0905,1.0827,1.09015
1587132000,1.09015,1.09095,1.0875,1.08915
1587146400,1.08915,1.0893,1.08795,1.0891
1587333600,1.0891,1.08915,1.08715,1.0879
1587348000,1.0879,1.0887,1.08675,1.087
1587362400,1.08695,1.0912,1.08555,1.08975
1587376800,1.08975,1.08975,1.0864,1.08795
1587391200,1.0879,1.0902,1.0876,1.08835
1587405600,1.08835,1.0886,1.087,1.08775
1587420000,1.08825,1.08825,1.086,1.086
1587434400,1.086,1.08625,1.08395,1.08555
1587448800,1.08555,1.08675,1.0834,1.08465
1587463200,1.08465,1.0889,1.08305,1.0885
1587477600,1.0885,1.08955,1.08555,1.0859
1587492000,1.0859,1.08795,1.0856,1.0872
1587506400,1.0869,1.08745,1.08615,1.0863
1587520800,1.0863,1.08725,1.0859,1.08695
1587535200,1.08695,1.08875,1.0865,1.0874
1587549600,1.0874,1.0899,1.0864,1.0865
1587564000,1.08655,1.0869,1.0816,1.0827
1587578400,1.0827,1.08385,1.08255,1.08375
1587592800,1.0836,1.0837,1.0817,1.08305
1587607200,1.08305,1.08465,1.08205,1.0842
1587621600,1.0842,1.0847,1.07805,1.07855
1587636000,1.07855,1.0816,1.0768,1.08065
1587650400,1.08065,1.08595,1.0777,1.07775
1587664800,1.07775,1.0801,1.0774,1.079
1587679200,1.079,1.07925,1.0773,1.0779
1587693600,1.07785,1.0787,1.07725,1.0775
1587708000,1.07755,1.07805,1.0739,1.0777
1587722400,1.0777,1.0823,1.07735,1.0809
1587736800,1.08085,1.08325,1.0797,1.08065
1587751200,1.08065,1.08425,1.0803,1.0838
1587938400,1.08325,1.0844,1.08235,1.08375
1587952800,1.0838,1.0868,1.0832,1.0859
1587967200,1.08595,1.0872,1.08455,1.08585
1587981600,1.08585,1.08725,1.0846,1.08595
1587996000,1.08595,1.08595,1.0828,1.0841
1588010400,1.08405,1.0846,1.08365,1.084
1588024800,1.08415,1.0848,1.0834,1.08365
1588039200,1.0836,1.08395,1.0828,1.0837
1588053600,1.0837,1.08975,1.08205,1.08885
1588068000,1.0888,1.09005,1.08505,1.0854
1588082400,1.08545,1.0869,1.0835,1.08465
1588096800,1.0847,1.08515,1.0829,1.0831
1588111200,1.08325,1.08645,1.08305,1.0856
1588125600,1.08565,1.08665,1.08515,1.08645
1588140000,1.08655,1.0885,1.08495,1.08655
1588154400,1.0866,1.0878,1.08495,1.0874
1588168800,1.0874,1.08775,1.08525,1.08735
1588183200,1.08735,1.0895,1.08725,1.08855
1588197600,1.08835,1.08885,1.08605,1.0877
1588212000,1.08765,1.0881,1.0864,1.0874
1588226400,1.08735,1.09015,1.0863,1.0871
1588240800,1.0871,1.08965,1.08415,1.0868
1588255200,1.0868,1.09825,1.08585,1.09565
1588269600,1.09565,1.09725,1.09525,1.0961
1588284000,1.0961,1.09645,1.09435,1.09505
1588298400,1.09505,1.0964,1.09475,1.0961
1588312800,1.09605,1.09965,1.0958,1.09915
1588327200,1.0991,1.09995,1.098,1.09845
1588341600,1.0985,1.10285,1.0981,1.09915
1588356000,1.0991,1.0992,1.0982,1.099
1588543200,1.09815,1.0984,1.0955,1.0959
1588557600,1.0959,1.09615,1.09355,1.09375
1588572000,1.09375,1.0958,1.09325,1.09475
1588586400,1.0948,1.09535,1.093,1.09355
1588600800,1.0935,1.09445,1.09045,1.09105
1588615200,1.09105,1.09185,1.09035,1.09135
1588629600,1.09095,1.0925,1.0909,1.09175
1588644000,1.0918,1.09235,1.09085,1.09165
1588658400,1.0917,1.0935,1.0834,1.0858
1588672800,1.0858,1.0896,1.0839,1.08875
1588687200,1.08875,1.0894,1.08425,1.0853
1588701600,1.0853,1.08665,1.08425,1.08465
1588716000,1.08495,1.08525,1.08405,1.0847
1588730400,1.08475,1.0851,1.08405,1.08465
1588744800,1.0847,1.08475,1.0791,1.0795
1588759200,1.0795,1.08355,1.079,1.08205
1588773600,1.08205,1.08255,1.07985,1.08175
1588788000,1.0818,1.08205,1.0799,1.08055
1588802400,1.08015,1.08105,1.08,1.0808
1588816800,1.0808,1.08125,1.0797,1.08005
1588831200,1.08005,1.0824,1.0786,1.0806
1588845600,1.08065,1.0809,1.0783,1.0786
1588860000,1.07855,1.08415,1.0774,1.08385
1588874400,1.08385,1.0842,1.08305,1.084
1588888800,1.08395,1.086,1.08375,1.0858
1588903200,1.0858,1.08625,1.08475,1.0849
1588917600,1.08495,1.08525,1.08275,1.085
1588932000,1.08495,1.0862,1.0829,1.08335
1588946400,1.08335,1.08835,1.08225,1.08575
1588960800,1.08575,1.0861,1.08405,1.08495
1589148000,1.08395,1.08575,1.08355,1.0857
1589162400,1.0857,1.08575,1.08475,1.0849
1589176800,1.0849,1.08545,1.08155,1.08315
1589191200,1.08315,1.08515,1.08195,1.08405
1589205600,1.08405,1.0844,1.081,1.08185
1589220000,1.0818,1.08245,1.08075,1.08155
1589234400,1.08145,1.08175,1.0791,1.0802
1589248800,1.0802,1.08245,1.08,1.08165
1589263200,1.08165,1.0835,1.0811,1.08265
1589277600,1.08265,1.0893,1.0823,1.0885
1589292000,1.0885,1.08865,1.0854,1.08595
1589306400,1.0859,1.08655,1.08535,1.08555
1589320800,1.08545,1.0864,1.08515,1.0862
1589335200,1.08615,1.0863,1.08505,1.08565
1589349600,1.0857,1.08625,1.08375,1.08495
1589364000,1.08495,1.09045,1.08475,1.08685
1589378400,1.08685,1.0872,1.08185,1.0824
1589392800,1.0824,1.08305,1.0818,1.0825
1589407200,1.08245,1.083,1.08145,1.08155
1589421600,1.0815,1.08215,1.08105,1.08135
1589436000,1.0813,1.08265,1.08015,1.08145
1589450400,1.08145,1.0815,1.0781,1.07965
1589464800,1.07965,1.08225,1.0786,1.0788
1589479200,1.0788,1.08115,1.0786,1.08105
1589493600,1.08115,1.0814,1.08055,1.08085
1589508000,1.0809,1.0813,1.08045,1.08125
1589522400,1.0812,1.0826,1.0799,1.08185
1589536800,1.08185,1.08575,1.0795,1.0844
1589551200,1.0844,1.08455,1.0809,1.08165
1589565600,1.08165,1.083,1.08145,1.08295
1589752800,1.082,1.0829,1.082,1.0828
1589767200,1.0828,1.0833,1.0823,1.08245
1589781600,1.0824,1.0834,1.0805,1.0814
1589796000,1.08135,1.0873,1.08085,1.08635
1589810400,1.08635,1.0933,1.08565,1.09235
1589824800,1.0924,1.09275,1.09155,1.092
1589839200,1.0921,1.093,1.0915,1.09165
1589853600,1.09165,1.0921,1.0908,1.0921
1589868000,1.0921,1.0962,1.092,1.09525
1589882400,1.0952,1.09815,1.0932,1.094
1589896800,1.09405,1.0955,1.09295,1.0946
1589911200,1.0945,1.096,1.0924,1.09285
1589925600,1.09285,1.09505,1.0924,1.0949
1589940000,1.0949,1.0952,1.0941,1.0948
1589954400,1.09485,1.0965,1.09435,1.09555
1589968800,1.0956,1.0989,1.0943,1.0987
1589983200,1.09865,1.1005,1.09765,1.0986
1589997600,1.09865,1.09975,1.09805,1.0984
1590012000,1.0984,1.0986,1.09615,1.09655
1590026400,1.09655,1.09685,1.09565,1.0959
1590040800,1.09595,1.09835,1.09575,1.0965
1590055200,1.09655,1.1014,1.0965,1.09905
1590069600,1.09905,1.0994,1.09415,1.09625
1590084000,1.09625,1.0966,1.0946,1.09535
1590098400,1.09525,1.09585,1.0949,1.0951
1590112800,1.09505,1.09505,1.09225,1.09325
1590127200,1.0932,1.0936,1.08915,1.0896
1590141600,1.0896,1.09175,1.0893,1.09005
1590156000,1.0901,1.09075,1.089,1.0897
1590170400,1.0897,1.091,1.08965,1.0908
1590357600,1.09025,1.09125,1.0896,1.0898
1590372000,1.0898,1.09005,1.08905,1.0892
1590386400,1.08925,1.0906,1.0874,1.09055
1590400800,1.09055,1.09195,1.08955,1.08995
1590415200,1.08995,1.09045,1.0894,1.08985
1590444000,1.0897,1.09185,1.08965,1.0916
1590458400,1.0917,1.09265,1.09115,1.09255
1590472800,1.09265,1.09775,1.09185,1.0968
1590487200,1.09675,1.0985,1.0956,1.0984
1590501600,1.09835,1.0996,1.09725,1.0983
1590516000,1.0983,1.1,1.09825,1.0986
1590530400,1.09815,1.09895,1.0971,1.09715
1590544800,1.09715,1.09715,1.0956,1.09625
1590559200,1.0962,1.10345,1.09375,1.10295
1590573600,1.10295,1.10345,1.09815,1.09915
1590588000,1.09915,1.10205,1.0959,1.09955
1590602400,1.09955,1.10135,1.0989,1.10115
1590616800,1.10105,1.10385,1.1009,1.10295
1590631200,1.10295,1.1032,1.10085,1.1015
1590645600,1.10155,1.10335,1.09945,1.1013
1590660000,1.10125,1.1044,1.0999,1.10425
1590674400,1.1043,1.10935,1.10335,1.1085
1590688800,1.1085,1.1097,1.107,1.10805
1590703200,1.1084,1.10915,1.1073,1.109
1590717600,1.109,1.1114,1.10855,1.1104
1590732000,1.1104,1.11415,1.10925,1.1136
1590746400,1.1136,1.11485,1.11045,1.11235
1590760800,1.1123,1.1136,1.1084,1.1094
1590775200,1.10945,1.1112,1.10875,1.11105
1590962400,1.1119,1.1143,1.1105,1.11365
1590976800,1.1137,1.11455,1.1133,1.11425
1590991200,1.1143,1.11575,1.11105,1.11165
1591005600,1.1117,1.113,1.11035,1.11285
1591020000,1.1129,1.1144,1.1116,1.11325
1591034400,1.11325,1.11395,1.11255,1.11375
1591048800,1.11345,1.11415,1.11265,1.1129
1591063200,1.11285,1.114,1.1122,1.11365
1591077600,1.1137,1.1191,1.11175,1.11835
1591092000,1.11835,1.1192,1.11575,1.11915
1591106400,1.11915,1.11995,1.11665,1.11735
1591120800,1.11735,1.1177,1.1164,1.11705
1591135200,1.11735,1.12045,1.11695,1.11905
1591149600,1.11905,1.12145,1.1185,1.12065
1591164000,1.12065,1.123,1.11935,1.122
1591178400,1.122,1.12215,1.11865,1.12185
1591192800,1.1218,1.1254,1.1215,1.1243
1591207200,1.1243,1.12605,1.12345,1.12365
1591221600,1.1237,1.12395,1.12155,1.1222
1591236000,1.12225,1.1224,1.1213,1.1217
1591250400,1.1217,1.1223,1.11965,1.12015
1591264800,1.12015,1.1277,1.1197,1.127
1591279200,1.127,1.13645,1.1268,1.1346
1591293600,1.13465,1.13645,1.13285,1.1337
1591308000,1.13385,1.13465,1.133,1.13305
1591322400,1.1331,1.1376,1.1328,1.13705
1591336800,1.1371,1.13855,1.13185,1.1337
1591351200,1.13365,1.1345,1.1284,1.12995
1591365600,1.13,1.1325,1.12805,1.12935
1591380000,1.12935,1.13015,1.12805,1.12935
1591567200,1.1296,1.1321,1.12865,1.12945
1591581600,1.12945,1.1298,1.12845,1.12935
1591596000,1.12935,1.13175,1.12825,1.1299
1591610400,1.12985,1.13205,1.127,1.13115
1591624800,1.1311,1.1315,1.12855,1.1303
1591639200,1.13035,1.13105,1.12925,1.1296
1591653600,1.1294,1.1317,1.12865,1.1294
1591668000,1.1294,1.1297,1.12855,1.1293
1591682400,1.12925,1.12975,1.1242,1.12685
1591696800,1.12685,1.1359,1.1263,1.13505
1591711200,1.13505,1.13655,1.1334,1.13475
1591725600,1.1347,1.135,1.13325,1.13405
1591740000,1.13405,1.13475,1.1333,1.134
1591754400,1.13395,1.13715,1.1339,1.13635
1591768800,1.13635,1.1377,1.13445,1.13605
1591783200,1.13605,1.13905,1.1349,1.1367
1591797600,1.1367,1.1379,1.1343,1.137
1591812000,1.1369,1.1424,1.1322,1.1377
1591826400,1.13785,1.1396,1.13645,1.139
1591840800,1.139,1.13945,1.1326,1.13445
1591855200,1.1344,1.14025,1.13405,1.1384
1591869600,1.1384,1.1386,1.13365,1.13785
1591884000,1.1379,1.14045,1.13085,1.13185
1591898400,1.13185,1.1326,1.1289,1.1301
1591912800,1.132,1.13245,1.13005,1.13125
1591927200,1.13125,1.1338,1.131,1.13355
1591941600,1.1335,1.1365,1.1321,1.1346
1591956000,1.13465,1.13525,1.13155,1.13265
1591970400,1.1326,1.133,1.12365,1.1248
1591984800,1.1248,1.12865,1.1245,1.12795
1592172000,1.12665,1.1285,1.125,1.12835
1592186400,1.12835,1.1293,1.1261,1.12655
1592200800,1.1265,1.1292,1.1251,1.12735
1592215200,1.1274,1.13095,1.12645,1.1302
1592229600,1.1302,1.13255,1.12845,1.1323
1592244000,1.1323,1.13565,1.13225,1.13465
1592258400,1.1348,1.13645,1.13455,1.1352
1592272800,1.13525,1.13725,1.13525,1.13595
1592287200,1.13605,1.13775,1.1339,1.13575
1592301600,1.13575,1.13585,1.1289,1.1293
1592316000,1.1293,1.1298,1.1251,1.1286
1592330400,1.12865,1.1296,1.128,1.12865
1592344800,1.12845,1.1296,1.12765,1.12885
1592359200,1.12885,1.13025,1.12775,1.1296
1592373600,1.12965,1.1317,1.12465,1.12525
1592388000,1.12525,1.1278,1.1237,1.1243
1592402400,1.12425,1.12635,1.12295,1.126
1592416800,1.12595,1.1269,1.1252,1.12645
1592431200,1.12635,1.1272,1.1247,1.1257
1592445600,1.12575,1.12835,1.1254,1.1273
1592460000,1.12725,1.12835,1.1252,1.12725
1592474400,1.12725,1.12805,1.12325,1.1235
1592488800,1.1235,1.12545,1.1208,1.1226
1592503200,1.1226,1.1235,1.1221,1.12275
1592517600,1.12255,1.12345,1.12205,1.12275
1592532000,1.12275,1.12385,1.1226,1.12365
1592546400,1.12365,1.12435,1.1225,1.1237
1592560800,1.1237,1.1277,1.12155,1.124
1592575200,1.12405,1.1255,1.11895,1.12105
1592589600,1.1211,1.1212,1.1194,1.1199
1592776800,1.1202,1.12105,1.11895,1.1207
1592791200,1.12065,1.1226,1.12065,1.12165
1592805600,1.1217,1.1249,1.121,1.1235
1592820000,1.1235,1.12685,1.12255,1.1267
1592834400,1.1267,1.12925,1.1264,1.1281
1592848800,1.1281,1.1289,1.1275,1.12835
1592863200,1.1283,1.1303,1.12545,1.12805
1592877600,1.12805,1.12975,1.1278,1.12805
1592892000,1.12805,1.1328,1.1278,1.131
1592906400,1.13095,1.136,1.1305,1.1351
1592920800,1.1351,1.1371,1.13285,1.13405
1592935200,1.13405,1.13415,1.1323,1.13275
1592949600,1.133,1.1346,1.1328,1.13375
1592964000,1.13375,1.1347,1.133,1.13355
1592978400,1.13355,1.1346,1.1289,1.13245
1592992800,1.1324,1.1332,1.1285,1.12875
1593007200,1.1288,1.13015,1.12775,1.12825
1593021600,1.12825,1.1285,1.1269,1.12715
1593036000,1.1274,1.12795,1.12655,1.12695
1593050400,1.12695,1.1273,1.12595,1.1268
1593064800,1.1268,1.12735,1.1237,1.12465
1593079200,1.12465,1.125,1.121,1.12365
1593093600,1.12365,1.12515,1.123,1.1243
1593108000,1.12435,1.12495,1.1234,1.1239
1593122400,1.1236,1.12435,1.12275,1.12395
1593136800,1.1239,1.1246,1.12355,1.1241
1593151200,1.1241,1.1259,1.1224,1.12395
1593165600,1.124,1.12535,1.1225,1.1227
1593180000,1.12275,1.1258,1.12145,1.1251
1593194400,1.12505,1.12515,1.12365,1.12405
1593381600,1.124,1.1255,1.12365,1.1254
1593396000,1.12535,1.1278,1.1252,1.1271
1593410400,1.1271,1.129,1.126,1.129
1593424800,1.129,1.13075,1.12735,1.12765
1593439200,1.1277,1.12795,1.12375,1.1246
1593453600,1.12455,1.12615,1.12445,1.12595
1593468000,1.12575,1.127,1.1253,1.12655
1593482400,1.12655,1.12675,1.1243,1.1249
1593496800,1.12485,1.1249,1.12175,1.1223
1593511200,1.1223,1.12505,1.1208,1.1227
1593525600,1.1227,1.1281,1.1222,1.12565
1593540000,1.1257,1.12575,1.1245,1.12525
1593554400,1.125,1.1258,1.1246,1.1257
1593568800,1.12575,1.12595,1.1234,1.12425
1593583200,1.12425,1.1263,1.12255,1.1226
1593597600,1.12265,1.1259,1.1202,1.1258
1593612000,1.1258,1.12935,1.1255,1.1273
1593626400,1.1273,1.1279,1.1261,1.127
1593640800,1.12675,1.12765,1.12655,1.12705
1593655200,1.12705,1.12845,1.12695,1.12815
1593669600,1.1281,1.13205,1.1279,1.13045
1593684000,1.13045,1.13155,1.1268,1.12915
1593698400,1.1291,1.12995,1.1241,1.1252
1593712800,1.12525,1.1259,1.1246,1.12565
1593727200,1.1256,1.1266,1.12505,1.12595
1593741600,1.12595,1.12655,1.12455,1.12535
1593756000,1.1253,1.12645,1.1241,1.12465
1593770400,1.1247,1.1257,1.12365,1.12555
1593784800,1.12555,1.1266,1.12535,1.12595
1593986400,1.126,1.12905,1.126,1.12855
1594000800,1.1286,1.1311,1.1286,1.131
1594015200,1.13095,1.132,1.12985,1.1312
1594029600,1.1312,1.1364,1.13065,1.13445
1594044000,1.1345,1.1352,1.132,1.1334
1594058400,1.13335,1.13355,1.1323,1.1326
1594072800,1.13265,1.135,1.1325,1.133
1594087200,1.133,1.13345,1.13195,1.13255
1594101600,1.1325,1.13255,1.12755,1.12905
1594116000,1.12905,1.1325,1.12885,1.1303
1594130400,1.1303,1.1321,1.1289,1.13125
1594144800,1.13125,1.1316,1.1286,1.1292
1594159200,1.1292,1.13,1.12825,1.1289
1594173600,1.1289,1.12995,1.1288,1.1293
1594188000,1.12935,1.1311,1.1279,1.12915
1594202400,1.1292,1.13515,1.12845,1.1347
1594216800,1.13475,1.13685,1.1332,1.1351
1594231200,1.1351,1.1355,1.1345,1.13475
1594245600,1.135,1.1363,1.1344,1.1354
1594260000,1.13535,1.13865,1.13515,1.13805
1594274400,1.13805,1.13835,1.1335,1.1347
1594288800,1.1347,1.13645,1.1332,1.13425
1594303200,1.1342,1.1354,1.1301,1.1308
1594317600,1.1308,1.13135,1.1296,1.13005
1594332000,1.1298,1.1306,1.1286,1.1294
1594346400,1.1294,1.1294,1.1279,1.1285
1594360800,1.1285,1.1311,1.127,1.1306
1594375200,1.1307,1.13315,1.129,1.13235
1594389600,1.13235,1.1341,1.13115,1.1322
1594404000,1.1322,1.13225,1.1312,1.13165
1594591200,1.1321,1.13405,1.13185,1.13355
1594605600,1.13355,1.13525,1.13345,1.13455
1594620000,1.1346,1.1351,1.1318,1.1336
1594634400,1.13355,1.13745,1.13355,1.137
1594648800,1.13705,1.1392,1.13695,1.13865
1594663200,1.1386,1.13885,1.1358,1.13605
1594677600,1.13665,1.13665,1.13535,1.136
1594692000,1.13595,1.13625,1.13515,1.13545
1594706400,1.1355,1.13815,1.13405,1.13765
1594720800,1.1376,1.1409,1.1368,1.14055
1594735200,1.14055,1.14245,1.1401,1.14125
1594749600,1.14125,1.14195,1.14025,1.1415
1594764000,1.14195,1.14385,1.14175,1.1427
1594778400,1.1427,1.1427,1.14065,1.14155
1594792800,1.1415,1.146,1.1411,1.14425
1594807200,1.14425,1.14675,1.14415,1.1443
1594821600,1.1443,1.1444,1.14165,1.14215
1594836000,1.1421,1.14285,1.1418,1.14275
1594850400,1.1427,1.1433,1.14235,1.14285
1594864800,1.14285,1.1431,1.14115,1.14175
1594879200,1.14175,1.143,1.13955,1.13955
1594893600,1.1395,1.14495,1.13925,1.1444
1594908000,1.14445,1.14565,1.13915,1.13975
1594922400,1.1397,1.13995,1.13845,1.13975
1594936800,1.1397,1.1407,1.13915,1.1395
1594951200,1.1395,1.14075,1.13925,1.1394
1594965600,1.13935,1.1438,1.1392,1.14275
1594980000,1.14275,1.14495,1.14235,1.1445
1594994400,1.1445,1.1458,1.14345,1.14525
1595008800,1.1452,1.14585,1.1438,1.1442
1595196000,1.14325,1.146,1.14265,1.1431
1595210400,1.14305,1.14705,1.1428,1.14665
1595224800,1.14665,1.14815,1.1454,1.147
1595239200,1.14695,1.1479,1.14165,1.1432
1595253600,1.1432,1.1463,1.1424,1.145
1595268000,1.14505,1.14635,1.14485,1.14615
1595282400,1.146,1.14785,1.1457,1.14735
1595296800,1.14735,1.1484,1.14365,1.1458
1595311200,1.1458,1.1481,1.14435,1.14575
1595325600,1.14575,1.1476,1.1439,1.14735
1595340000,1.14735,1.15535,1.1465,1.15475
1595354400,1.1548,1.1554,1.15335,1.1541
1595368800,1.15465,1.1556,1.15435,1.1554
1595383200,1.15535,1.15615,1.15485,1.15535
1595397600,1.1554,1.1561,1.15205,1.15585
1595412000,1.15585,1.1616,1.15555,1.1605
1595426400,1.1605,1.1609,1.15785,1.15825
1595440800,1.15825,1.15935,1.15765,1.15845
1595455200,1.1587,1.159,1.15775,1.15875
1595469600,1.1587,1.16,1.1579,1.15975
1595484000,1.15975,1.1612,1.15835,1.16045
1595498400,1.16045,1.16075,1.15535,1.15985
1595512800,1.1599,1.164,1.15885,1.16215
1595527200,1.1621,1.1624,1.1602,1.161
1595541600,1.161,1.16345,1.16055,1.16265
1595556000,1.1627,1.1631,1.16035,1.16155
1595570400,1.1616,1.1634,1.1604,1.1611
1595584800,1.1611,1.1635,1.15945,1.16255
1595599200,1.16255,1.1658,1.1623,1.1654
1595613600,1.1654,1.1671,1.1647,1.167
1595800800,1.1659,1.1712,1.1655,1.1705
1595815200,1.1705,1.1738,1.1702,1.1714
1595829600,1.1714,1.17295,1.16945,1.1719
1595844000,1.17195,1.17775,1.1718,1.17715
1595858400,1.17715,1.1794,1.1756,1.1768
1595872800,1.1768,1.1777,1.1755,1.17635
1595887200,1.17635,1.1786,1.17635,1.1771
1595901600,1.17705,1.17755,1.17265,1.17475
1595916000,1.1748,1.1753,1.17115,1.17415
1595930400,1.17415,1.17555,1.17125,1.1745
1595944800,1.1745,1.17525,1.17205,1.1743
1595959200,1.17435,1.17445,1.1724,1.1727
1595973600,1.17325,1.17375,1.1726,1.1736
1595988000,1.17365,1.17465,1.1732,1.17465
1596002400,1.1746,1.1782,1.1744,1.1759
1596016800,1.1759,1.17765,1.17305,1.17675
1596031200,1.17675,1.1803,1.1764,1.17995
1596045600,1.17985,1.1819,1.17655,1.1804
1596060000,1.18055,1.18055,1.17795,1.17815
1596074400,1.17815,1.17965,1.17695,1.1771
1596088800,1.17715,1.17765,1.17425,1.17685
1596103200,1.17685,1.1821,1.17535,1.1799
1596117600,1.1799,1.1845,1.1785,1.1839
1596132000,1.1839,1.18595,1.18355,1.1858
1596146400,1.18545,1.18995,1.1851,1.18935
1596160800,1.1894,1.19155,1.18925,1.18985
1596175200,1.1899,1.19195,1.18495,1.1868
1596189600,1.18675,1.18735,1.18125,1.18355
1596204000,1.18355,1.1862,1.17725,1.18005
1596218400,1.1801,1.1806,1.17805,1.1786
1596405600,1.179,1.18075,1.1751,1.17815
1596420000,1.1781,1.1793,1.17735,1.1785
1596434400,1.1784,1.17955,1.1753,1.17555
1596448800,1.1755,1.17565,1.17065,1.1733
1596463200,1.17335,1.1769,1.1732,1.17625
1596477600,1.17625,1.17785,1.17615,1.1772
1596492000,1.1774,1.17765,1.17625,1.17685
1596506400,1.17685,1.17875,1.17675,1.1777
1596520800,1.17775,1.18165,1.17735,1.18045
1596535200,1.18045,1.1805,1.1731,1.17345
1596549600,1.17345,1.17955,1.17335,1.17925
1596564000,1.17925,1.18135,1.1785,1.18125
1596578400,1.1808,1.1825,1.1803,1.182
1596592800,1.18195,1.18315,1.18125,1.1813
1596607200,1.1813,1.1871,1.18095,1.18665
1596621600,1.18665,1.191,1.1841,1.19015
1596636000,1.19015,1.1915,1.18725,1.18755
1596650400,1.1875,1.1878,1.18645,1.1873
1596664800,1.1874,1.1895,1.18735,1.1881
1596679200,1.1881,1.1895,1.1872,1.18905
1596693600,1.1891,1.1926,1.18465,1.187
1596708000,1.18695,1.1876,1.18405,1.18655
1596722400,1.18655,1.1903,1.18265,1.1888
1596736800,1.18875,1.18895,1.18725,1.18845
1596751200,1.1888,1.1892,1.1872,1.18775
1596765600,1.18775,1.1878,1.18285,1.1852
1596780000,1.1852,1.186,1.18185,1.1826
1596794400,1.1826,1.1855,1.1773,1.17815
1596808800,1.17815,1.1806,1.1764,1.179
1596823200,1.179,1.1798,1.1787,1.17955
1597010400,1.1795,1.1806,1.17815,1.1802
1597024800,1.18015,1.1807,1.1798,1.18025
1597039200,1.1803,1.18095,1.17605,1.17685
1597053600,1.17685,1.1801,1.1749,1.17965
1597068000,1.17965,1.17965,1.17555,1.17605
1597082400,1.17605,1.1761,1.17445,1.1746
1597096800,1.175,1.17555,1.173,1.1752
1597111200,1.1752,1.17635,1.17505,1.17575
1597125600,1.1758,1.1797,1.1731,1.1796
1597140000,1.1796,1.1817,1.17655,1.1791
1597154400,1.1791,1.17975,1.17635,1.17715
1597168800,1.17715,1.1774,1.17365,1.1749
1597183200,1.1748,1.1753,1.1733,1.1737
1597197600,1.1737,1.174,1.1719,1.1731
1597212000,1.17315,1.17835,1.1729,1.17755
1597226400,1.1776,1.181,1.1764,1.17895
1597240800,1.17895,1.1826,1.178,1.17995
1597255200,1.17995,1.18055,1.1791,1.1793
1597269600,1.1793,1.1825,1.17915,1.1816
1597284000,1.1816,1.1823,1.1808,1.18215
1597298400,1.1822,1.1849,1.1821,1.18415
1597312800,1.1841,1.18695,1.183,1.18635
1597327200,1.1863,1.1872,1.18185,1.1824
1597341600,1.1824,1.1826,1.18005,1.1821
1597356000,1.1823,1.18275,1.1808,1.1819
1597370400,1.1819,1.18285,1.18095,1.1827
1597384800,1.1827,1.1834,1.17885,1.1798
1597399200,1.17985,1.1844,1.1798,1.1842
1597413600,1.1842,1.18575,1.1817,1.18465
1597428000,1.1846,1.185,1.1841,1.1849
1597615200,1.18495,1.186,1.1848,1.1853
1597629600,1.1853,1.18745,1.1853,1.1868
1597644000,1.1868,1.1875,1.18355,1.1862
1597658400,1.1861,1.1888,1.18405,1.188
1597672800,1.18805,1.1888,1.18635,1.1871
1597687200,1.1871,1.1881,1.1867,1.1876
1597701600,1.18775,1.19035,1.1875,1.18965
1597716000,1.1896,1.1902,1.18915,1.18985
1597730400,1.1899,1.19225,1.18895,1.191
1597744800,1.191,1.1973,1.1904,1.1965
1597759200,1.1965,1.1968,1.19245,1.1938
1597773600,1.1938,1.19455,1.1935,1.19375
1597788000,1.19405,1.19595,1.1936,1.1947
1597802400,1.19465,1.19485,1.1934,1.1944
1597816800,1.1944,1.19575,1.19285,1.19425
1597831200,1.19425,1.1955,1.19315,1.19495
1597845600,1.195,1.19525,1.1871,1.1888
1597860000,1.1888,1.19005,1.1836,1.18455
1597874400,1.18465,1.1859,1.1837,1.185
1597888800,1.1849,1.1859,1.18385,1.1847
1597903200,1.1847,1.18745,1.1817,1.18395
1597917600,1.18395,1.18625,1.18075,1.1836
1597932000,1.1836,1.18715,1.18285,1.18565
1597946400,1.1857,1.1869,1.1855,1.1866
1597960800,1.1868,1.18825,1.18655,1.18725
1597975200,1.1872,1.1888,1.1868,1.1886
1597989600,1.18865,1.1888,1.18045,1.1819
1598004000,1.1819,1.1823,1.1759,1.1767
1598018400,1.17665,1.17925,1.17585,1.179
1598032800,1.17905,1.1804,1.1786,1.18015
1598220000,1.17995,1.1812,1.1796,1.18075
1598234400,1.1807,1.18095,1.17895,1.18085
1598248800,1.18085,1.1845,1.17995,1.18385
1598263200,1.1839,1.18555,1.18305,1.1831
1598277600,1.18315,1.18335,1.17965,1.18025
1598292000,1.18025,1.18045,1.17895,1.17935
1598306400,1.17935,1.1812,1.1789,1.1811
1598320800,1.1811,1.18195,1.18045,1.18145
1598335200,1.1815,1.18475,1.18025,1.1833
1598349600,1.1833,1.18485,1.18085,1.1836
1598364000,1.1836,1.1842,1.181,1.1826
1598378400,1.1826,1.1842,1.18235,1.1839
1598392800,1.1839,1.18435,1.1832,1.1837
1598407200,1.1837,1.1837,1.18115,1.1817
1598421600,1.1817,1.183,1.18055,1.1821
1598436000,1.1821,1.183,1.17765,1.182
1598450400,1.182,1.1845,1.18135,1.1828
1598464800,1.1828,1.18375,1.1819,1.18345
1598479200,1.18365,1.18535,1.1832,1.1833
1598493600,1.18335,1.18395,1.1828,1.1835
1598508000,1.1835,1.1844,1.182,1.18285
1598522400,1.18285,1.19065,1.17905,1.18075
1598536800,1.18075,1.1837,1.17655,1.1826
1598551200,1.18265,1.1839,1.18215,1.18255
1598565600,1.18245,1.1833,1.18145,1.1833
1598580000,1.18315,1.1884,1.18295,1.1877
1598594400,1.1877,1.19235,1.1865,1.1893
1598608800,1.18935,1.1923,1.1878,1.18825
1598623200,1.18825,1.1915,1.18715,1.18905
1598637600,1.189,1.1911,1.18875,1.1909
1598824800,1.1914,1.1933,1.19,1.1912
1598839200,1.19115,1.19205,1.19035,1.19075
1598853600,1.19075,1.19215,1.18875,1.19205
1598868000,1.19205,1.1955,1.19125,1.19275
1598882400,1.19275,1.19695,1.1927,1.19465
1598896800,1.1947,1.1947,1.1929,1.19385
1598911200,1.1941,1.1977,1.19385,1.19735
1598925600,1.1974,1.2001,1.19685,1.1997
1598940000,1.1997,1.2,1.19645,1.19835
1598954400,1.1984,1.2015,1.19665,1.1978
1598968800,1.1978,1.1979,1.19085,1.19185
1598983200,1.19185,1.1922,1.19045,1.1915
1598997600,1.1918,1.19315,1.18945,1.19045
1599012000,1.19045,1.19125,1.19005,1.19105
1599026400,1.191,1.19165,1.1855,1.18745
1599040800,1.1874,1.18805,1.1827,1.1838
1599055200,1.1838,1.1852,1.18245,1.18365
1599069600,1.18365,1.1861,1.1826,1.1858
1599084000,1.1855,1.1858,1.18265,1.18325
1599098400,1.1833,1.18375,1.17985,1.1804
1599112800,1.1804,1.1838,1.17905,1.1825
1599127200,1.1825,1.1851,1.18035,1.18455
1599141600,1.18465,1.1851,1.18125,1.18495
1599156000,1.1849,1.1867,1.18485,1.18535
1599170400,1.18505,1.18605,1.1841,1.1855
1599184800,1.18545,1.18595,1.18425,1.18535
1599199200,1.1853,1.18675,1.18355,1.18545
1599213600,1.18545,1.1861,1.1792,1.18005
1599228000,1.18005,1.18495,1.17825,1.1846
1599242400,1.18455,1.1857,1.18385,1.18405
1599429600,1.1841,1.18455,1.1835,1.1838
1599444000,1.1838,1.184,1.18285,1.18315
1599458400,1.18315,1.18505,1.1826,1.183
1599472800,1.183,1.1831,1.18145,1.1822
1599487200,1.18215,1.1834,1.1816,1.1817
1599516000,1.1819,1.18235,1.17965,1.17985
1599530400,1.17985,1.1813,1.17975,1.1812
1599544800,1.1812,1.1829,1.1791,1.17945
1599559200,1.17945,1.1808,1.17665,1.17785
1599573600,1.17785,1.1808,1.1774,1.1794
1599588000,1.17945,1.17945,1.17745,1.17775
1599602400,1.17735,1.17805,1.17575,1.1777
1599616800,1.1777,1.1784,1.1773,1.17815
1599631200,1.1781,1.17885,1.1759,1.1768
1599645600,1.17675,1.1826,1.1753,1.1817
1599660000,1.18175,1.1836,1.18005,1.1805
1599674400,1.1805,1.18125,1.18005,1.1804
1599688800,1.1805,1.18215,1.1801,1.18215
1599703200,1.18215,1.183,1.18155,1.18275
1599717600,1.18275,1.1841,1.18165,1.1839
1599732000,1.1839,1.1918,1.18315,1.1899
1599746400,1.18995,1.19095,1.18485,1.18555
1599760800,1.1855,1.1858,1.181,1.1816
1599775200,1.18435,1.1864,1.1843,1.18575
1599789600,1.18575,1.18655,1.18545,1.18615
1599804000,1.1861,1.1898,1.18525,1.18965
1599818400,1.18965,1.1898,1.1859,1.18645
1599832800,1.18645,1.18745,1.18505,1.18515
1599847200,1.18515,1.18725,1.185,1.18685
1600034400,1.1864,1.18715,1.18555,1.18675
1600048800,1.18675,1.1878,1.18665,1.1878
1600063200,1.18775,1.18925,1.1866,1.18785
1600077600,1.18785,1.19125,1.18775,1.1903
1600092000,1.1903,1.191,1.18835,1.1886
1600106400,1.1886,1.1894,1.18835,1.18865
1600120800,1.1889,1.18995,1.1882,1.18975
1600135200,1.18975,1.19225,1.1897,1.192
1600149600,1.19205,1.19235,1.18995,1.19045
1600164000,1.1904,1.1924,1.18785,1.18865
1600178400,1.18865,1.18865,1.1862,1.187
1600192800,1.187,1.1878,1.1868,1.1869
1600207200,1.1871,1.18735,1.18505,1.1867
1600221600,1.1867,1.18745,1.18645,1.1869
1600236000,1.18695,1.1905,1.1864,1.18995
1600250400,1.18995,1.1903,1.18645,1.18675
1600264800,1.1867,1.1872,1.1831,1.1852
1600279200,1.18495,1.1879,1.18095,1.18385
1600293600,1.1836,1.1841,1.17815,1.1784
1600308000,1.17835,1.17925,1.1759,1.17905
1600322400,1.1791,1.1834,1.1777,1.1821
1600336800,1.1821,1.1839,1.18105,1.1831
1600351200,1.18315,1.18555,1.18235,1.18535
1600365600,1.1854,1.18745,1.18525,1.1871
1600380000,1.18665,1.18835,1.18655,1.18705
1600394400,1.1871,1.18775,1.1865,1.18775
1600408800,1.18775,1.18905,1.18615,1.18755
1600423200,1.1875,1.1875,1.1852,1.18535
1600437600,1.18535,1.18925,1.1848,1.1879
1600452000,1.1879,1.18825,1.186,1.18615
1600639200,1.18675,1.18825,1.18615,1.1877
1600653600,1.18775,1.18935,1.1877,1.1884
1600668000,1.18845,1.189,1.1801,1.1805
1600682400,1.1805,1.18185,1.17705,1.17715
1600696800,1.1771,1.1781,1.17515,1.17745
1600711200,1.1774,1.17955,1.17705,1.1793
1600725600,1.17885,1.1793,1.1774,1.1786
1600740000,1.1786,1.17925,1.17735,1.17735
1600754400,1.17735,1.17795,1.17405,1.1758
1600768800,1.1758,1.1788,1.17475,1.17495
1600783200,1.17495,1.17585,1.1712,1.17305
1600797600,1.17305,1.1737,1.1723,1.1728
1600812000,1.17275,1.17305,1.16955,1.17085
1600826400,1.1708,1.1713,1.16945,1.1708
1600840800,1.17075,1.1739,1.16915,1.17345
1600855200,1.1734,1.17375,1.1699,1.17035
1600869600,1.1704,1.17095,1.16835,1.1701
1600884000,1.17005,1.17015,1.1671,1.16795
1600898400,1.168,1.1699,1.1671,1.1681
1600912800,1.16805,1.16845,1.1664,1.1678
1600927200,1.16775,1.1693,1.1652,1.16605
1600941600,1.1661,1.16735,1.16455,1.1659
1600956000,1.16585,1.17065,1.16545,1.1699
1600970400,1.1699,1.1701,1.16825,1.1689
1600984800,1.16875,1.16965,1.16815,1.16865
1600999200,1.16865,1.16915,1.16815,1.16875
1601013600,1.16875,1.1704,1.1658,1.1663
1601028000,1.16625,1.1672,1.16445,1.16535
1601042400,1.1654,1.16545,1.16305,1.1645
1601056800,1.1645,1.1654,1.16405,1.1649
1601244000,1.16475,1.16575,1.16345,1.1649
1601258400,1.16485,1.16595,1.1645,1.1648
1601272800,1.1648,1.1669,1.1642,1.1665
1601287200,1.1665,1.16995,1.1663,1.1689
1601301600,1.16895,1.16915,1.16615,1.16835
1601316000,1.1684,1.16905,1.168,1.1684
1601330400,1.16805,1.17025,1.16805,1.16875
1601344800,1.1687,1.1698,1.1686,1.169
1601359200,1.16905,1.17165,1.16835,1.1712
1601373600,1.17115,1.1747,1.17005,1.17435
1601388000,1.1743,1.1763,1.17285,1.176
1601402400,1.17595,1.1765,1.17535,1.1762
1601416800,1.17575,1.1768,1.1754,1.1764
1601431200,1.17635,1.17735,1.1746,1.17505
1601445600,1.1751,1.17615,1.1712,1.1727
1601460000,1.1727,1.17375,1.17025,1.1714
1601474400,1.1714,1.177,1.1712,1.17425
1601488800,1.1742,1.17455,1.17295,1.17395
1601503200,1.17395,1.1761,1.1735,1.17515
1601517600,1.1752,1.17685,1.175,1.1765
1601532000,1.17645,1.1776,1.17395,1.17655
1601546400,1.1765,1.17875,1.17485,1.1756
1601560800,1.17565,1.1773,1.17375,1.17585
1601575200,1.17585,1.1768,1.1752,1.1763
1601589600,1.17645,1.17655,1.1747,1.17485
1601604000,1.17485,1.175,1.17125,1.1739
1601618400,1.17395,1.1759,1.1725,1.17355
1601632800,1.1736,1.1751,1.17155,1.17295
1601647200,1.17295,1.1742,1.1719,1.1731
1601661600,1.1731,1.1736,1.17265,1.1733
1601848800,1.173,1.1753,1.1725,1.1751
1601863200,1.1751,1.17525,1.17435,1.17515
1601877600,1.17515,1.17765,1.17365,1.1774
1601892000,1.17745,1.1809,1.17635,1.1804
1601906400,1.18035,1.1815,1.17925,1.1794
1601920800,1.17935,1.1805,1.1789,1.18
1601935200,1.1801,1.181,1.17975,1.1803
1601949600,1.1803,1.18155,1.1802,1.1803
1601964000,1.1803,1.18165,1.1782,1.17965
1601978400,1.17965,1.1825,1.1791,1.1797
1601992800,1.1797,1.18115,1.17885,1.17955
1602007200,1.1795,1.1807,1.1748,1.17505
1602021600,1.17505,1.17565,1.17415,1.17445
1602036000,1.17445,1.17575,1.17415,1.17545
1602050400,1.1755,1.17835,1.1751,1.1776
1602064800,1.1776,1.1799,1.1766,1.1778
1602079200,1.17785,1.1792,1.17745,1.17835
1602093600,1.17835,1.17905,1.17765,1.17805
1602108000,1.1783,1.17865,1.17755,1.17825
1602122400,1.1782,1.1792,1.17775,1.179
1602136800,1.17905,1.1797,1.1768,1.1774
1602151200,1.17735,1.17845,1.1748,1.17595
1602165600,1.176,1.17755,1.1749,1.17735
1602180000,1.1774,1.17775,1.1769,1.1776
1602194400,1.17755,1.179,1.17735,1.17875
1602208800,1.1788,1.17965,1.17855,1.17875
1602223200,1.17875,1.182,1.17825,1.1812
1602237600,1.18125,1.18345,1.18085,1.18225
1602252000,1.18225,1.1844,1.1821,1.1839
1602266400,1.1839,1.18475,1.1836,1.18475
1602453600,1.18325,1.18375,1.18235,1.18335
1602468000,1.1833,1.1842,1.1829,1.1836
1602482400,1.18355,1.18385,1.181,1.1818
1602496800,1.18175,1.18315,1.1802,1.18305
1602511200,1.18305,1.18325,1.18175,1.1825
1602525600,1.1825,1.1831,1.1823,1.1828
1602540000,1.1827,1.1831,1.18095,1.18115
1602554400,1.1811,1.1818,1.1806,1.18095
1602568800,1.18095,1.1815,1.1793,1.18035
1602583200,1.1803,1.18145,1.17625,1.17695
1602597600,1.1769,1.17715,1.1745,1.17535
1602612000,1.17535,1.17655,1.175,1.17615
1602626400,1.1758,1.1766,1.17505,1.1758
1602640800,1.17585,1.17625,1.17545,1.17605
1602655200,1.1761,1.17685,1.17345,1.1745
1602669600,1.17445,1.1785,1.17425,1.17765
1602684000,1.17765,1.17865,1.17605,1.17695
1602698400,1.1769,1.1771,1.1759,1.1761
1602712800,1.17625,1.177,1.1755,1.17675
1602727200,1.17675,1.17725,1.17575,1.1769
1602741600,1.17695,1.17695,1.1717,1.17265
1602756000,1.1726,1.174,1.1703,1.17125
1602770400,1.1712,1.1721,1.1702,1.171
1602784800,1.171,1.17245,1.1707,1.1721
1602799200,1.17225,1.1729,1.17145,1.17225
1602813600,1.17225,1.1723,1.17155,1.17225
1602828000,1.1722,1.1734,1.17075,1.1724
1602842400,1.1724,1.17605,1.17205,1.17445
1602856800,1.1744,1.17505,1.17275,1.1731
1602871200,1.1731,1.17365,1.1727,1.17335
1603058400,1.1735,1.1739,1.1725,1.1729
1603072800,1.1729,1.1729,1.17175,1.17265
1603087200,1.1726,1.17765,1.1717,1.177
1603101600,1.177,1.1803,1.17665,1.1797
1603116000,1.17965,1.18075,1.1787,1.17945
1603130400,1.1794,1.1796,1.1778,1.17825
1603144800,1.1779,1.17895,1.17785,1.178
1603159200,1.17805,1.17945,1.1777,1.1791
1603173600,1.1791,1.1823,1.17735,1.18195
1603188000,1.182,1.18375,1.1814,1.18335
1603202400,1.18335,1.18545,1.1829,1.18455
1603216800,1.1845,1.18485,1.1834,1.18355
1603231200,1.1835,1.1857,1.18345,1.1849
1603245600,1.1849,1.18635,1.1848,1.1859
1603260000,1.1859,1.1884,1.18565,1.1858
1603274400,1.18585,1.188,1.1855,1.18735
1603288800,1.1874,1.18945,1.18705,1.18805
1603303200,1.18805,1.18835,1.1868,1.18745
1603317600,1.18745,1.1878,1.18555,1.1858
1603332000,1.1858,1.1863,1.1851,1.1861
1603346400,1.18605,1.18795,1.18395,1.18455
1603360800,1.18455,1.18535,1.18235,1.18355
1603375200,1.1836,1.1846,1.1828,1.1832
1603389600,1.18325,1.18345,1.18285,1.18315
1603404000,1.18325,1.18355,1.1799,1.18165
1603418400,1.1816,1.1817,1.18075,1.1816
1603432800,1.18165,1.1866,1.1804,1.1859
1603447200,1.1859,1.1873,1.18495,1.18515
1603461600,1.1852,1.187,1.1838,1.1868
1603476000,1.18675,1.18775,1.1867,1.18745
1603663200,1.187,1.18725,1.18455,1.1852
1603677600,1.18515,1.1857,1.1841,1.18435
1603692000,1.1844,1.18595,1.18175,1.1822
1603706400,1.18225,1.18405,1.1815,1.18295
1603720800,1.18295,1.18385,1.182,1.18285
1603735200,1.18285,1.18305,1.1819,1.18215
1603749600,1.1822,1.1835,1.1819,1.18305
1603764000,1.1831,1.18475,1.18295,1.1846
1603778400,1.18455,1.1848,1.18085,1.1821
1603792800,1.1821,1.18505,1.18165,1.1847
1603807200,1.18475,1.18515,1.1832,1.1838
1603821600,1.1837,1.18405,1.1804,1.18075
1603836000,1.18,1.1801,1.1781,1.1792
1603850400,1.1792,1.17965,1.1786,1.1796
1603864800,1.17955,1.1797,1.17545,1.176
1603879200,1.176,1.17645,1.1729,1.17455
1603893600,1.17455,1.1772,1.1732,1.1762
1603908000,1.17625,1.177,1.1756,1.1757
1603922400,1.17555,1.17695,1.1755,1.17675
1603936800,1.1768,1.1769,1.1755,1.1765
1603951200,1.17655,1.1768,1.1735,1.1737
1603965600,1.1737,1.1739,1.16905,1.1703
1603980000,1.17035,1.1711,1.1661,1.1669
1603994400,1.1669,1.1689,1.16685,1.1684
1604008800,1.1684,1.1696,1.1679,1.16945
1604023200,1.16945,1.1705,1.16855,1.1691
1604037600,1.1691,1.1695,1.1671,1.16845
1604052000,1.16845,1.1715,1.16755,1.1697
1604066400,1.1698,1.17,1.1651,1.16565
1604080800,1.16565,1.16615,1.16525,1.1658
1604271600,1.1655,1.16595,1.16485,1.1655
1604286000,1.16545,1.1655,1.16405,1.16535
1604300400,1.16535,1.16615,1.1632,1.16585
1604314800,1.16585,1.1667,1.164,1.1643
1604329200,1.16425,1.16515,1.16335,1.16355
1604343600,1.16355,1.16525,1.1635,1.1651
1604358000,1.16505,1.1663,1.1648,1.1662
1604372400,1.16615,1.1677,1.1658,1.1671
1604386800,1.16715,1.17095,1.16685,1.17085
1604401200,1.17085,1.1735,1.1707,1.17225
1604415600,1.17225,1.1751,1.17105,1.1711
1604430000,1.1711,1.17335,1.1707,1.1729
1604444400,1.1741,1.17825,1.16125,1.1629
1604458800,1.1629,1.16925,1.1626,1.16545
1604473200,1.16545,1.1708,1.16385,1.17035
1604487600,1.1703,1.17565,1.16905,1.17185
1604502000,1.1719,1.17445,1.17075,1.17295
1604516400,1.17295,1.17385,1.1723,1.17325
1604530800,1.1733,1.1749,1.17205,1.17425
1604545200,1.17425,1.17545,1.1737,1.17445
1604559600,1.1744,1.1821,1.1737,1.18205
1604574000,1.1821,1.1869,1.18095,1.18375
1604588400,1.18375,1.18425,1.18,1.18205
1604602800,1.1821,1.18535,1.1817,1.18385
1604617200,1.18335,1.1857,1.18045,1.18325
1604631600,1.18335,1.18425,1.1822,1.18385
1604646000,1.1838,1.18845,1.1835,1.1875
1604660400,1.1875,1.19005,1.18605,1.18705
1604674800,1.18705,1.18995,1.1868,1.1891
1604689200,1.1891,1.18955,1.18805,1.18845
1604876400,1.18965,1.1904,1.18865,1.19
1604890800,1.1899,1.19045,1.18885,1.1901
1604905200,1.1901,1.1907,1.18735,1.1889
1604919600,1.18885,1.19295,1.18685,1.1872
1604934000,1.1872,1.1882,1.18035,1.18255
1604948400,1.18255,1.18455,1.1819,1.18235
1604962800,1.1825,1.18475,1.18165,1.1835
1604977200,1.1835,1.18465,1.18285,1.18385
1604991600,1.1839,1.1853,1.17885,1.1789
1605006000,1.1789,1.18355,1.17885,1.18225
1605020400,1.1822,1.1843,1.18115,1.18295
1605034800,1.183,1.1835,1.1812,1.18245
1605049200,1.1826,1.18375,1.18255,1.18335
1605063600,1.18335,1.18415,1.18255,1.18325
1605078000,1.18325,1.1837,1.1783,1.1793
1605092400,1.1793,1.18005,1.1754,1.1761
1605106800,1.17605,1.17865,1.17535,1.1781
1605121200,1.17815,1.1791,1.1778,1.17875
1605135600,1.17835,1.1796,1.1781,1.17885
1605150000,1.17885,1.1789,1.1767,1.17735
1605164400,1.17735,1.18285,1.1771,1.18185
1605178800,1.18185,1.1831,1.17945,1.18045
1605193200,1.18045,1.18255,1.18,1.1818
1605207600,1.18175,1.1819,1.1807,1.1813
1605222000,1.18135,1.1821,1.1808,1.1812
1605236400,1.1812,1.18175,1.18065,1.18145
1605250800,1.1815,1.1842,1.1808,1.1834
1605265200,1.18335,1.1838,1.1816,1.1824
1605279600,1.18245,1.1841,1.1822,1.1833
1605294000,1.18325,1.18455,1.1832,1.1845
1605481200,1.18465,1.1858,1.1845,1.1857
1605495600,1.1857,1.1862,1.1854,1.18585
1605510000,1.1859,1.1877,1.18425,1.1852
1605524400,1.18515,1.1857,1.1821,1.1834
1605538800,1.1834,1.1854,1.18275,1.18475
1605553200,1.1847,1.1864,1.18455,1.18605
1605567600,1.18625,1.1874,1.1862,1.18695
1605582000,1.1869,1.1869,1.18585,1.18625
1605596400,1.1863,1.1884,1.18495,1.1882
1605610800,1.1882,1.19015,1.18735,1.18785
1605625200,1.18785,1.1884,1.18645,1.18745
1605639600,1.1874,1.1876,1.1867,1.1868
1605654000,1.18695,1.18725,1.1857,1.18655
1605668400,1.1865,1.18855,1.1864,1.1883
1605682800,1.1883,1.18975,1.18785,1.18835
1605697200,1.18835,1.18855,1.18575,1.1872
1605711600,1.18725,1.18835,1.1869,1.18715
1605726000,1.18715,1.1874,1.1856,1.18595
1605740400,1.18595,1.18605,1.18375,1.18515
1605754800,1.18515,1.1858,1.1847,1.18565
1605769200,1.1856,1.1858,1.1822,1.1833
1605783600,1.18325,1.1847,1.18245,1.1837
1605798000,1.1837,1.186,1.18335,1.18595
1605812400,1.18595,1.18885,1.1859,1.188
1605826800,1.1879,1.1884,1.1871,1.18785
1605841200,1.1879,1.18965,1.18785,1.18895
1605855600,1.1889,1.1892,1.18565,1.186
1605870000,1.18595,1.1884,1.1858,1.1875
1605884400,1.18745,1.188,1.1855,1.1863
1605898800,1.1863,1.18695,1.18605,1.18625
1606086000,1.1865,1.1884,1.18625,1.18795
1606100400,1.188,1.1884,1.1877,1.188
1606114800,1.188,1.1905,1.18685,1.19015
1606129200,1.1901,1.1912,1.187,1.1874
1606143600,1.1874,1.18745,1.18045,1.1848
1606158000,1.18475,1.18535,1.18405,1.1846
1606172400,1.1847,1.1853,1.18435,1.1851
1606186800,1.1851,1.18625,1.1847,1.1857
1606201200,1.18575,1.18995,1.18515,1.1886
1606215600,1.1886,1.189,1.1846,1.187
1606230000,1.18695,1.18915,1.1861,1.1886
1606244400,1.1886,1.1902,1.188,1.1898
1606258800,1.1898,1.19115,1.1895,1.1909
1606273200,1.1909,1.1915,1.1896,1.19025
1606287600,1.1902,1.1935,1.18965,1.18995
1606302000,1.1899,1.19205,1.18865,1.19125
1606316400,1.1912,1.19315,1.19,1.1922
1606330800,1.1922,1.19295,1.1913,1.19175
1606345200,1.1921,1.1934,1.19185,1.19315
1606359600,1.19315,1.1943,1.19245,1.1939
1606374000,1.19395,1.1945,1.19055,1.1912
1606388400,1.1912,1.1916,1.1889,1.1905
1606402800,1.1905,1.19185,1.19,1.1917
1606431600,1.1916,1.1919,1.1913,1.19185
1606446000,1.19185,1.1933,1.1918,1.19285
1606460400,1.1929,1.19365,1.19185,1.1927
1606474800,1.1927,1.19505,1.19185,1.19475
1606489200,1.19475,1.19665,1.1939,1.19545
1606690800,1.1968,1.19785,1.1967,1.1972
1606705200,1.1972,1.198,1.19665,1.1967
1606719600,1.19665,1.1989,1.1966,1.1989
1606734000,1.19885,1.2003,1.1977,1.19985
1606748400,1.1999,1.20075,1.1945,1.19555
1606762800,1.19555,1.1956,1.19275,1.19275
1606777200,1.1932,1.1961,1.1932,1.1959
1606791600,1.1959,1.19635,1.1958,1.19605
1606806000,1.1961,1.19895,1.1957,1.1972
1606820400,1.1972,1.2004,1.19635,1.19975
1606834800,1.1998,1.20585,1.19875,1.20475
1606849200,1.2047,1.208,1.20465,1.20745
1606863600,1.2076,1.2083,1.20635,1.20765
1606878000,1.20765,1.2087,1.2067,1.20685
1606892400,1.20685,1.2091,1.20485,1.20525
1606906800,1.2052,1.2086,1.2043,1.20855
1606921200,1.20855,1.2112,1.2078,1.2096
1606935600,1.2096,1.21215,1.20925,1.21185
1606950000,1.21155,1.2124,1.21065,1.21225
1606964400,1.21225,1.21275,1.21155,1.212
1606978800,1.21205,1.2142,1.2103,1.2118
1606993200,1.2118,1.21715,1.21135,1.2162
1607007600,1.21625,1.2177,1.2135,1.2142
1607022000,1.2142,1.2152,1.21355,1.215
1607036400,1.2144,1.2156,1.21405,1.21465
1607050800,1.21465,1.21595,1.2143,1.2157
1607065200,1.2157,1.2179,1.21455,1.2177
1607079600,1.21765,1.2178,1.2134,1.21585
1607094000,1.21585,1.21685,1.21355,1.2144
1607108400,1.2144,1.21475,1.2112,1.21235
1607295600,1.2132,1.2142,1.2121,1.21385
1607310000,1.21385,1.21405,1.2127,1.21305
1607324400,1.21305,1.21315,1.208,1.21105
1607338800,1.21105,1.2168,1.2105,1.21525
1607353200,1.21525,1.21545,1.21195,1.2127
1607367600,1.2127,1.21315,1.2109,1.2111
1607382000,1.21125,1.21155,1.2106,1.2113
1607396400,1.21135,1.21245,1.2112,1.2117
1607410800,1.21175,1.21355,1.20965,1.21155
1607425200,1.21155,1.21355,1.21085,1.2126
1607439600,1.2126,1.213,1.21015,1.21035
1607454000,1.2104,1.21095,1.21015,1.2107
1607468400,1.21065,1.2121,1.21055,1.2121
1607482800,1.21215,1.2149,1.21185,1.21395
1607497200,1.214,1.21425,1.212,1.2122
1607511600,1.2122,1.213,1.2097,1.21
1607526000,1.21,1.21055,1.20595,1.20625
1607540400,1.2063,1.20845,1.20625,1.2082
1607554800,1.20815,1.20915,1.2076,1.20895
1607569200,1.209,1.21005,1.20875,1.20885
1607583600,1.2088,1.21095,1.20835,1.2098
1607598000,1.20975,1.21555,1.20815,1.2153
1607612400,1.21525,1.21595,1.2111,1.21255
1607626800,1.21255,1.2146,1.21215,1.2142
1607641200,1.21705,1.219,1.21705,1.21875
1607655600,1.2187,1.21935,1.21835,1.21865
1607670000,1.2187,1.2189,1.2142,1.21495
1607684400,1.21495,1.21635,1.21405,1.21475
1607698800,1.21475,1.21595,1.2136,1.2146
1607713200,1.21465,1.2151,1.2141,1.21425
1607900400,1.2162,1.2169,1.21455,1.2162
1607914800,1.2162,1.2174,1.216,1.2173
1607929200,1.2173,1.21905,1.2168,1.2181
1607943600,1.21805,1.2206,1.218,1.21935
1607958000,1.2193,1.2195,1.2152,1.21795
1607972400,1.2179,1.21815,1.2168,1.21725
1607986800,1.2174,1.21915,1.2172,1.21875
1608001200,1.21875,1.21885,1.21735,1.2177
1608015600,1.2177,1.2191,1.21595,1.21865
1608030000,1.21865,1.21945,1.2149,1.2172
1608044400,1.21725,1.2198,1.2171,1.21805
1608058800,1.21805,1.21915,1.2178,1.2181
1608073200,1.2181,1.2186,1.2174,1.2185
1608087600,1.21845,1.21935,1.2184,1.21915
1608102000,1.21915,1.2241,1.2181,1.2226
1608116400,1.2226,1.2238,1.22095,1.2227
1608130800,1.2227,1.22295,1.2194,1.22035
1608145200,1.2204,1.22325,1.21555,1.223
1608159600,1.2229,1.2243,1.22195,1.22415
1608174000,1.22415,1.2265,1.2238,1.2261
1608188400,1.2261,1.22755,1.22555,1.226
1608202800,1.22605,1.2292,1.226,1.2282
1608217200,1.2282,1.2302,1.22705,1.2298
1608231600,1.2298,1.23035,1.22895,1.2302
1608246000,1.22995,1.23,1.22755,1.2277
1608260400,1.22775,1.22865,1.22695,1.22845
1608274800,1.2284,1.2293,1.2273,1.22835
1608289200,1.22835,1.22975,1.2257,1.2267
1608303600,1.2267,1.2277,1.22555,1.22715
1608318000,1.2272,1.22895,1.2265,1.2289
1608505200,1.22555,1.22665,1.2209,1.22195
1608519600,1.22195,1.22295,1.2211,1.2229
1608534000,1.2229,1.2257,1.2158,1.2177
1608548400,1.2178,1.225,1.21775,1.22395
1608562800,1.22395,1.22785,1.2237,1.2275
1608577200,1.22745,1.2285,1.2259,1.22755
1608591600,1.2271,1.22805,1.2259,1.22635
1608606000,1.2264,1.2264,1.22465,1.22475
1608620400,1.2248,1.2266,1.22355,1.2262
1608634800,1.2262,1.22905,1.22375,1.2239
1608649200,1.22395,1.22435,1.21895,1.2196
1608663600,1.21955,1.21995,1.2185,1.2196
1608678000,1.2195,1.2219,1.2186,1.2207
1608692400,1.22075,1.22235,1.2207,1.2216
1608706800,1.22155,1.22315,1.2203,1.22095
1608721200,1.221,1.2251,1.21895,1.2237
1608735600,1.2237,1.22485,1.2209,1.2211
1608750000,1.2211,1.2225,1.22015,1.22145
1608764400,1.22175,1.22435,1.22125,1.22385
1608778800,1.2239,1.2243,1.22295,1.22345
1608793200,1.2235,1.2237,1.2215,1.22265
1608807600,1.22265,1.2231,1.2205,1.2217
1608822000,1.2217,1.22255,1.22055,1.2212
1609110000,1.2219,1.2241,1.2208,1.22355
1609124400,1.2236,1.22535,1.2235,1.2251
1609138800,1.22515,1.2278,1.22335,1.22395
1609153200,1.2239,1.2266,1.2217,1.2258
1609167600,1.22575,1.2261,1.2228,1.2234
1609182000,1.22335,1.2241,1.2228,1.2239
1609196400,1.2234,1.2261,1.22335,1.22575
1609210800,1.2258,1.22665,1.2255,1.2266
1609225200,1.2266,1.2282,1.22605,1.2274
1609239600,1.22735,1.23,1.22635,1.2292
1609254000,1.22915,1.2293,1.22615,1.22715
1609268400,1.2271,1.2284,1.22695,1.2276
1609282800,1.22745,1.2315,1.2271,1.2307
1609297200,1.2307,1.231,1.2296,1.23015
1609311600,1.2301,1.2305,1.22725,1.2299
1609326000,1.22985,1.233,1.22865,1.2317
1609340400,1.23165,1.23265,1.22965,1.2311
1609354800,1.2311,1.23225,1.2301,1.23195
1609369200,1.2319,1.2329,1.2305,1.23095
1609383600,1.231,1.2317,1.2305,1.23115
1609398000,1.23115,1.23235,1.2295,1.22995
1609412400,1.22995,1.2308,1.22795,1.22895
1609426800,1.22895,1.22905,1.2235,1.22365
1609441200,1.2236,1.2248,1.2229,1.22335
1609714800,1.2252,1.2277,1.2249,1.22725
1609729200,1.22725,1.2278,1.22605,1.2275
1609743600,1.22755,1.2319,1.2273,1.2311
1609758000,1.23105,1.23295,1.2303,1.2308
1609772400,1.23085,1.231,1.22615,1.22695
1609786800,1.22695,1.2272,1.226,1.2268
1609801200,1.2268,1.22915,1.22655,1.22895
1609815600,1.2289,1.22955,1.2284,1.2288
1609830000,1.2288,1.23025,1.22735,1.2295
1609844400,1.22955,1.23085,1.2277,1.2283
1609858800,1.2282,1.2324,1.22715,1.23125
1609873200,1.23125,1.2324,1.23085,1.2316
1609887600,1.2316,1.23455,1.22945,1.2297
1609902000,1.22965,1.23395,1.22925,1.23345
1609916400,1.23345,1.23635,1.23305,1.2356
1609930800,1.2357,1.2368,1.231,1.23275
1609945200,1.23275,1.2336,1.22835,1.23285
1609959600,1.23285,1.2358,1.23155,1.2345
1609974000,1.23445,1.2362,1.2337,1.23425
1609988400,1.23425,1.2349,1.23255,1.2338
1610002800,1.2338,1.2343,1.2262,1.2267
1610017200,1.22665,1.23005,1.2265,1.2276
1610031600,1.2276,1.2297,1.22635,1.2292
1610046000,1.2292,1.2294,1.22805,1.2288
1610060400,1.2286,1.229,1.22525,1.2277
1610074800,1.22775,1.22855,1.2273,1.2281
1610089200,1.22805,1.22865,1.223,1.22565
1610103600,1.22565,1.2302,1.22495,1.22675
1610118000,1.22675,1.2281,1.221,1.22125
1610132400,1.22125,1.2245,1.22125,1.22415
1610319600,1.22335,1.2235,1.2184,1.2197
1610334000,1.2197,1.2208,1.21835,1.22065
1610348400,1.22065,1.2217,1.21715,1.2184
1610362800,1.2184,1.2189,1.21505,1.21545
1610377200,1.21545,1.21915,1.21485,1.2183
1610391600,1.2183,1.21865,1.2165,1.2168
1610406000,1.21715,1.2179,1.21575,1.2161
1610420400,1.2161,1.21785,1.21555,1.21775
1610434800,1.2177,1.2196,1.21605,1.21625
1610449200,1.21625,1.21815,1.21535,1.2168
1610463600,1.21675,1.221,1.21655,1.22045
1610478000,1.22045,1.2226,1.22035,1.2225
1610492400,1.22225,1.2236,1.22175,1.22285
1610506800,1.2229,1.22375,1.2224,1.22305
1610521200,1.223,1.22395,1.2189,1.21935
1610535600,1.2194,1.2195,1.21695,1.218
1610550000,1.218,1.21965,1.21555,1.21775
1610564400,1.21775,1.2179,1.2164,1.21735
1610578800,1.21745,1.2187,1.215,1.2167
1610593200,1.21675,1.21705,1.21545,1.21655
1610607600,1.2165,1.2183,1.2151,1.2181
1610622000,1.2181,1.21815,1.2125,1.2132
1610636400,1.2132,1.2195,1.2127,1.2166
1610650800,1.2166,1.21805,1.2161,1.21695
1610665200,1.2166,1.2178,1.21585,1.21665
1610679600,1.21665,1.21695,1.21485,1.21525
1610694000,1.21525,1.2162,1.2133,1.2147
1610708400,1.2147,1.2152,1.21085,1.21125
1610722800,1.2113,1.2117,1.2092,1.2096
1610737200,1.2096,1.21,1.20885,1.20885
1610924400,1.2096,1.2102,1.20795,1.20975
1610938800,1.20975,1.20975,1.208,1.20955
1610953200,1.2095,1.2101,1.20705,1.20815
1610967600,1.2082,1.2091,1.20675,1.2086
1610982000,1.20865,1.20955,1.20825,1.20885
1611010800,1.2091,1.2112,1.20875,1.2109
1611025200,1.2109,1.21125,1.2105,1.2112
1611039600,1.21125,1.21495,1.20995,1.2143
1611054000,1.21435,1.216,1.2137,1.2141
1611068400,1.21405,1.215,1.21305,1.2137
1611082800,1.21365,1.2145,1.21345,1.2144
1611097200,1.2145,1.2164,1.2141,1.2158
1611111600,1.2158,1.2174,1.2154,1.21635
1611126000,1.2163,1.21725,1.2128,1.21355
1611140400,1.21355,1.2137,1.2091,1.20945
1611154800,1.20945,1.2132,1.20945,1.21235
1611169200,1.21235,1.21235,1.21135,1.212
1611183600,1.21225,1.21475,1.21215,1.21395
1611198000,1.21395,1.2152,1.2139,1.2145
1611212400,1.21445,1.2161,1.2127,1.21525
1611226800,1.21525,1.2187,1.21465,1.2164
1611241200,1.2164,1.2184,1.2149,1.2169
1611255600,1.21685,1.21835,1.21675,1.218
1611270000,1.218,1.21915,1.2175,1.2187
1611284400,1.2187,1.219,1.2176,1.21785
1611298800,1.2178,1.2203,1.21645,1.21815
1611313200,1.21815,1.22005,1.21675,1.2188
1611327600,1.21875,1.2198,1.21755,1.21825
1611342000,1.2182,1.2187,1.2179,1.2186
1611529200,1.2183,1.2189,1.2173,1.21835
1611543600,1.2184,1.2197,1.21835,1.219
1611558000,1.219,1.2196,1.2153,1.217
1611572400,1.21705,1.2176,1.2132,1.21335
1611586800,1.21335,1.2161,1.2129,1.2156
1611601200,1.21565,1.21575,1.21495,1.21545
1611615600,1.2155,1.21595,1.21465,1.21555
1611630000,1.21555,1.21575,1.21365,1.214
1611644400,1.21405,1.2155,1.21205,1.21395
1611658800,1.21395,1.2177,1.2138,1.21725
1611673200,1.2172,1.2189,1.2152,1.2177
1611687600,1.21765,1.21815,1.2172,1.2172
1611702000,1.2172,1.21825,1.21675,1.21715
1611716400,1.2171,1.21785,1.21655,1.2175
1611730800,1.2175,1.21755,1.21305,1.2143
1611745200,1.2143,1.2143,1.20695,1.208
1611759600,1.208,1.2137,1.20795,1.21335
1611774000,1.21325,1.21425,1.2106,1.21235
1611788400,1.21205,1.21235,1.20935,1.21055
1611802800,1.2106,1.21175,1.2098,1.21145
1611817200,1.21145,1.2129,1.2092,1.21205
1611831600,1.212,1.21545,1.21,1.21425
1611846000,1.2142,1.2154,1.21305,1.21465
1611860400,1.21465,1.21515,1.21295,1.2134
1611874800,1.21345,1.21365,1.2113,1.21155
1611889200,1.2116,1.2118,1.21055,1.2117
1611903600,1.21165,1.2146,1.21085,1.21455
1611918000,1.2146,1.2168,1.2138,1.2158
1611932400,1.2158,1.2167,1.21365,1.2141
1611946800,1.21405,1.21505,1.21395,1.21485
1612134000,1.21415,1.21475,1.21305,1.2138
1612148400,1.2138,1.2146,1.2137,1.21405
1612162800,1.214,1.2142,1.20795,1.209
1612177200,1.209,1.211,1.20825,1.20975
1612191600,1.20985,1.2109,1.2072,1.20785
1612206000,1.2078,1.2088,1.20665,1.20715
1612220400,1.2072,1.20985,1.2071,1.2094
1612234800,1.2094,1.2095,1.20765,1.20815
1612249200,1.2081,1.20975,1.2042,1.2045
1612263600,1.2045,1.2061,1.20295,1.20335
1612278000,1.2034,1.2044,1.20215,1.2028
1612292400,1.2028,1.2056,1.2027,1.20535
1612306800,1.20525,1.206,1.2046,1.20565
1612321200,1.20565,1.20575,1.20445,1.20475
1612335600,1.20475,1.20525,1.2017,1.2031
1612350000,1.2031,1.20425,1.20145,1.2036
1612364400,1.2036,1.2041,1.20135,1.20375
1612378800,1.2037,1.20475,1.2034,1.2046
1612393200,1.2045,1.2052,1.2041,1.20415
1612407600,1.2042,1.20425,1.2016,1.2021
1612422000,1.20205,1.2023,1.1992,1.19965
1612436400,1.1997,1.2007,1.1984,1.19895
1612450800,1.19895,1.19935,1.1966,1.1972
1612465200,1.1972,1.19775,1.1967,1.1972
1612479600,1.1973,1.1981,1.1962,1.1963
1612494000,1.19635,1.1975,1.19605,1.19745
1612508400,1.1974,1.1997,1.19685,1.1983
1612522800,1.1983,1.2033,1.1978,1.20305
1612537200,1.203,1.2057,1.2027,1.2052
1612551600,1.2052,1.206,1.20485,1.2058
1612738800,1.2054,1.2063,1.20385,1.20455
1612753200,1.2045,1.2052,1.2042,1.2048
1612767600,1.20475,1.20575,1.20315,1.2041
1612782000,1.2041,1.2073,1.20285,1.20655
1612796400,1.20655,1.20745,1.2042,1.2059
1612810800,1.2059,1.20675,1.20565,1.20595
1612825200,1.206,1.2091,1.20555,1.2088
1612839600,1.2088,1.2091,1.2083,1.20855
1612854000,1.2086,1.2125,1.20755,1.21125
1612868400,1.21125,1.21155,1.20985,1.20995
1612882800,1.21,1.2118,1.20965,1.21135
1612897200,1.2113,1.21295,1.2113,1.21275
1612911600,1.2128,1.21355,1.21165,1.21325
1612926000,1.21325,1.2138,1.21305,1.2135
1612940400,1.21345,1.21515,1.2122,1.2133
1612954800,1.2133,1.2148,1.2121,1.21325
1612969200,1.21325,1.21475,1.21315,1.2138
1612983600,1.21375,1.214,1.21245,1.21275
1612998000,1.21275,1.2128,1.21205,1.21275
1613012400,1.21275,1.21375,1.2125,1.21365
1613026800,1.21365,1.2143,1.2125,1.2131
1613041200,1.2131,1.2157,1.21275,1.2142
1613055600,1.21415,1.215,1.21285,1.2138
1613070000,1.21375,1.21445,1.21335,1.21385
1613084400,1.21395,1.2141,1.21255,1.2127
1613098800,1.21265,1.21385,1.21255,1.21325
1613113200,1.21325,1.21335,1.21075,1.2116
1613127600,1.2116,1.2122,1.20875,1.2099
1613142000,1.2099,1.21365,1.20985,1.21285
1613156400,1.21285,1.21305,1.212,1.2128
1613343600,1.2129,1.214,1.21235,1.21395
1613358000,1.2139,1.21475,1.2137,1.21415
1613372400,1.21415,1.21525,1.21375,1.21405
1613386800,1.21405,1.21475,1.21275,1.2131
1613401200,1.2131,1.21455,1.213,1.21375
1613430000,1.21375,1.2154,1.2134,1.2152
1613444400,1.2152,1.2159,1.2139,1.21465
1613458800,1.21465,1.2174,1.2135,1.21705
1613473200,1.2171,1.21765,1.2101,1.21035
1613487600,1.2104,1.21305,1.21035,1.21185
1613502000,1.2119,1.21245,1.211,1.2113
1613516400,1.21105,1.2112,1.2089,1.2101
1613530800,1.21015,1.2102,1.20905,1.20925
1613545200,1.2092,1.2093,1.20655,1.20745
1613559600,1.2075,1.20755,1.20365,1.2046
1613574000,1.2046,1.2053,1.20295,1.20445
1613588400,1.20435,1.205,1.20405,1.2046
1613602800,1.20485,1.20555,1.20435,1.20495
1613617200,1.20495,1.20525,1.2041,1.20515
1613631600,1.2051,1.2081,1.20415,1.2072
1613646000,1.2072,1.2096,1.2068,1.20765
1613660400,1.20765,1.20925,1.2068,1.20865
1613674800,1.20865,1.21005,1.20865,1.2098
1613689200,1.2098,1.2104,1.20875,1.20915
1613703600,1.20915,1.2105,1.2088,1.21005
1613718000,1.21005,1.21495,1.2096,1.2149
1613732400,1.2149,1.21505,1.2123,1.2131
1613746800,1.21315,1.2146,1.2113,1.2117
1613761200,1.21165,1.2125,1.2116,1.2123
1613948400,1.21295,1.21405,1.2117,1.21255
1613962800,1.2125,1.21295,1.2121,1.21245
1613977200,1.21245,1.214,1.2096,1.2134
1613991600,1.21345,1.21595,1.21315,1.2151
1614006000,1.2151,1.21745,1.2139,1.2171
1614020400,1.2171,1.21745,1.21555,1.21635
1614034800,1.2164,1.2183,1.2163,1.2175
1614049200,1.21755,1.21775,1.2168,1.2176
1614063600,1.2176,1.2186,1.21485,1.2152
1614078000,1.2152,1.21635,1.214,1.2147
1614092400,1.21465,1.21715,1.21415,1.2158
1614106800,1.2158,1.21625,1.21465,1.2155
1614121200,1.21525,1.2171,1.21475,1.21605
1614135600,1.21605,1.2162,1.2149,1.21615
1614150000,1.21615,1.21795,1.21545,1.2163
1614164400,1.21625,1.21775,1.2128,1.2137
1614178800,1.2137,1.21545,1.21135,1.21495
1614193200,1.21495,1.2179,1.21475,1.21755
1614207600,1.2171,1.21755,1.216,1.2164
1614222000,1.2164,1.2187,1.2164,1.2185
1614236400,1.2185,1.22405,1.21715,1.2232
1614250800,1.22325,1.22475,1.2213,1.22455
1614265200,1.22455,1.2249,1.2164,1.21845
1614279600,1.2184,1.2197,1.21665,1.21795
1614294000,1.2185,1.2188,1.2141,1.21765
1614308400,1.2176,1.2179,1.21485,1.21585
1614322800,1.21585,1.2163,1.21175,1.21175
1614337200,1.2118,1.2141,1.20965,1.2129
1614351600,1.21285,1.2145,1.20755,1.2087
1614366000,1.20865,1.2094,1.2066,1.2075
1614553200,1.208,1.2105,1.2075,1.20875
1614567600,1.2087,1.20965,1.2078,1.2094
1614582000,1.2094,1.2096,1.2032,1.20465
1614596400,1.20475,1.20735,1.20405,1.2044
1614610800,1.2043,1.20645,1.2031,1.20475
1614625200,1.2048,1.20545,1.20445,1.2052
1614639600,1.20525,1.20535,1.20185,1.20245
1614654000,1.2024,1.2031,1.202,1.20255
1614668400,1.2026,1.203,1.19945,1.2027
1614682800,1.20265,1.2049,1.2023,1.20455
1614697200,1.2045,1.2092,1.20375,1.2089
1614711600,1.2089,1.20975,1.2085,1.2093
1614726000,1.20875,1.2096,1.2086,1.20865
1614740400,1.20865,1.20925,1.2082,1.2085
1614754800,1.20845,1.2116,1.20765,1.2086
1614769200,1.20865,1.2087,1.20455,1.20565
1614783600,1.2057,1.20835,1.20495,1.20755
1614798000,1.2076,1.2076,1.20635,1.20655
1614812400,1.2067,1.20685,1.20455,1.2056
1614826800,1.2056,1.20635,1.2046,1.20635
1614841200,1.2063,1.20645,1.2028,1.2051
1614855600,1.2051,1.2051,1.20295,1.204
1614870000,1.204,1.2056,1.19675,1.197
1614884400,1.197,1.19805,1.19635,1.19745
1614898800,1.1975,1.1977,1.19535,1.1965
1614913200,1.1965,1.19665,1.19545,1.19555
1614927600,1.1955,1.19625,1.19155,1.1932
1614942000,1.1932,1.19485,1.18945,1.19175
1614956400,1.19175,1.19305,1.1907,1.1915
1614970800,1.19155,1.1925,1.1909,1.1912
1615158000,1.1919,1.1934,1.1902,1.19075
1615172400,1.19075,1.1916,1.189,1.1894
1615186800,1.18945,1.18995,1.1866,1.18795
1615201200,1.188,1.18885,1.1858,1.18805
1615215600,1.1881,1.18885,1.1847,1.1855
1615230000,1.18555,1.18605,1.18455,1.18485
1615244400,1.18485,1.1858,1.18365,1.18565
1615258800,1.18565,1.1868,1.18545,1.18585
1615273200,1.1859,1.1911,1.18525,1.1902
1615287600,1.19015,1.19165,1.18835,1.19025
1615302000,1.1903,1.19105,1.1882,1.18955
1615316400,1.1895,1.1906,1.1895,1.19025
1615330800,1.19045,1.19045,1.18785,1.1883
1615345200,1.1883,1.18845,1.187,1.18785
1615359600,1.1879,1.19055,1.1873,1.18965
1615374000,1.18965,1.1926,1.1883,1.1914
1615388400,1.1914,1.1924,1.1887,1.19155
1615402800,1.19155,1.1931,1.1914,1.193
1615417200,1.19275,1.1935,1.19155,1.1929
1615431600,1.19295,1.19335,1.192,1.19305
1615446000,1.19305,1.1969,1.19245,1.1964
1615460400,1.1964,1.1975,1.19315,1.1937
1615474800,1.1937,1.19905,1.19285,1.19865
1615489200,1.19865,1.19905,1.19815,1.1987
1615503600,1.20075,1.2012,1.1983,1.1986
1615518000,1.1986,1.1991,1.19695,1.19725
1615532400,1.1973,1.19745,1.19335,1.19445
1615546800,1.19445,1.1964,1.1937,1.19555
1615561200,1.19555,1.19805,1.19355,1.1976
1615575600,1.1976,1.1985,1.1971,1.19775
1615759200,1.19745,1.19905,1.1967,1.19815
1615773600,1.1981,1.1985,1.1953,1.1956
1615788000,1.19565,1.19635,1.19415,1.19495
1615802400,1.1949,1.19575,1.1939,1.19435
1615816800,1.19435,1.1961,1.1934,1.1951
1615831200,1.19515,1.19565,1.1944,1.1953
1615845600,1.1952,1.1955,1.1945,1.19505
1615860000,1.19505,1.1962,1.19445,1.19575
1615874400,1.19575,1.19585,1.1936,1.1952
1615888800,1.1952,1.19755,1.192,1.19255
1615903200,1.19255,1.1937,1.1905,1.19255
1615917600,1.19255,1.19335,1.1924,1.19255
1615932000,1.19275,1.1929,1.19155,1.192
1615946400,1.192,1.1927,1.19185,1.1921
1615960800,1.1921,1.19395,1.19085,1.19335
1615975200,1.1933,1.1939,1.1914,1.19245
1615989600,1.1924,1.19385,1.192,1.1931
1616004000,1.1932,1.2009,1.1932,1.2002
1616018400,1.20015,1.201,1.1989,1.19915
1616032800,1.1992,1.1997,1.1977,1.1987
1616047200,1.1987,1.2011,1.1957,1.1964
1616061600,1.19645,1.19715,1.19315,1.19385
1616076000,1.1938,1.19605,1.193,1.1951
1616090400,1.1951,1.19515,1.1928,1.1937
1616104800,1.19365,1.1942,1.1924,1.1931
1616119200,1.1931,1.1941,1.19235,1.1939
1616133600,1.1939,1.1959,1.1914,1.1915
1616148000,1.1915,1.1931,1.18955,1.1903
1616162400,1.19025,1.19335,1.18975,1.1931
1616176800,1.1931,1.19345,1.19235,1.19245
1616364000,1.19,1.19135,1.18925,1.19055
1616378400,1.19055,1.1921,1.19055,1.1915
1616392800,1.19145,1.19275,1.1896,1.19215
1616407200,1.1922,1.1953,1.1921,1.19385
1616421600,1.1938,1.1969,1.1935,1.1964
1616436000,1.19635,1.19665,1.19545,1.19555
1616450400,1.19555,1.19625,1.1948,1.1951
1616464800,1.19515,1.1955,1.19415,1.19465
1616479200,1.19465,1.1954,1.19075,1.1913
1616493600,1.1913,1.1922,1.1892,1.18945
1616508000,1.18945,1.18985,1.1877,1.18785
1616522400,1.18785,1.1879,1.18635,1.18715
1616536800,1.1869,1.1873,1.1857,1.18695
1616551200,1.18695,1.1871,1.186,1.18615
1616565600,1.1862,1.18685,1.1833,1.1856
1616580000,1.1856,1.18575,1.1835,1.18435
1616594400,1.1844,1.18595,1.1837,1.1848
1616608800,1.1848,1.18515,1.18305,1.18345
1616623200,1.18335,1.1838,1.1824,1.1832
1616637600,1.1832,1.18475,1.1832,1.184
1616652000,1.184,1.18415,1.18205,1.18305
1616666400,1.183,1.18375,1.18105,1.1828
1616680800,1.18275,1.1832,1.178,1.17935
1616695200,1.17935,1.1801,1.17815,1.1784
1616709600,1.17865,1.1804,1.17865,1.18025
1616724000,1.1803,1.1804,1.1794,1.18025
1616738400,1.1802,1.1816,1.1794,1.1812
1616752800,1.18115,1.18125,1.1791,1.18035
1616767200,1.18035,1.18245,1.17975,1.181
1616781600,1.181,1.18195,1.1804,1.1812
1616968800,1.1812,1.18135,1.1794,1.18045
1616983200,1.18045,1.18105,1.17925,1.1795
1616997600,1.17945,1.18135,1.1782,1.1794
1617012000,1.1794,1.1812,1.1784,1.1797
1617026400,1.17965,1.18055,1.17795,1.17895
1617040800,1.17895,1.17915,1.1782,1.1784
1617055200,1.1783,1.17925,1.1783,1.17905
1617069600,1.1791,1.17915,1.17785,1.178
1617084000,1.17795,1.1784,1.17515,1.1758
1617098400,1.17575,1.1762,1.1729,1.17375
1617112800,1.17375,1.17515,1.17325,1.1733
1617127200,1.17335,1.1742,1.1733,1.17355
1617141600,1.1736,1.17435,1.1728,1.1731
1617156000,1.1731,1.1731,1.17215,1.17255
1617170400,1.17255,1.1765,1.1722,1.17465
1617184800,1.17465,1.17565,1.17375,1.17525
1617199200,1.17525,1.17785,1.1746,1.17565
1617213600,1.17565,1.1757,1.17365,1.1748
1617228000,1.17445,1.1749,1.17375,1.17465
1617242400,1.1747,1.175,1.17305,1.17345
1617256800,1.17345,1.17615,1.17295,1.17565
1617271200,1.17565,1.17805,1.17495,1.1771
1617285600,1.1771,1.17975,1.17555,1.17905
1617300000,1.17905,1.1795,1.17835,1.17935
1617314400,1.1795,1.18015,1.17865,1.1789
1617328800,1.17885,1.1798,1.1787,1.17945
1617343200,1.1795,1.1804,1.17865,1.17965
1617357600,1.1797,1.18035,1.1766,1.17845
1617372000,1.1785,1.1785,1.177,1.1776
1617573600,1.17765,1.1789,1.177,1.1787
1617588000,1.1787,1.1788,1.17645,1.1766
1617602400,1.17665,1.17745,1.1757,1.1758
1617616800,1.1758,1.18205,1.17535,1.18145
1617631200,1.1814,1.18375,1.1813,1.18305
1617645600,1.183,1.18315,1.1825,1.1829
1617660000,1.18305,1.1839,1.18255,1.18275
1617674400,1.1828,1.1829,1.1817,1.18275
1617688800,1.18275,1.1839,1.18115,1.18295
1617703200,1.1829,1.18575,1.1819,1.18565
1617717600,1.1856,1.18775,1.1853,1.18725
1617732000,1.1872,1.18945,1.18705,1.18935
1617746400,1.18895,1.1895,1.18845,1.18895
1617760800,1.189,1.1892,1.1882,1.18905
1617775200,1.18905,1.19065,1.188,1.19005
1617789600,1.19005,1.19145,1.1893,1.1908
1617804000,1.19085,1.19315,1.18965,1.18995
1617818400,1.18985,1.1902,1.1877,1.1885
1617832800,1.18875,1.189,1.1876,1.1882
1617847200,1.1882,1.18965,1.18785,1.1889
1617861600,1.18895,1.19085,1.18805,1.18805
1617876000,1.18805,1.1926,1.1877,1.19125
1617890400,1.19125,1.1943,1.1909,1.1934
1617904800,1.1934,1.1934,1.19275,1.19305
1617919200,1.193,1.19355,1.1922,1.1926
1617933600,1.19255,1.1926,1.1908,1.19085
1617948000,1.19085,1.19145,1.18995,1.19075
1617962400,1.19075,1.1916,1.18825,1.18995
1617976800,1.18995,1.19265,1.18975,1.1922
1617991200,1.1922,1.1922,1.19155,1.1917
1618178400,1.1916,1.1919,1.19015,1.19045
1618192800,1.19045,1.19085,1.19,1.1905
1618207200,1.19055,1.19245,1.1886,1.19195
1618221600,1.192,1.19335,1.1916,1.19205
1618236000,1.19205,1.1935,1.1919,1.193
1618250400,1.193,1.19305,1.1914,1.1926
1618264800,1.1928,1.19315,1.1912,1.19145
1618279200,1.19145,1.19165,1.1901,1.19085
1618293600,1.19085,1.19235,1.1898,1.19085
1618308000,1.19085,1.19585,1.18925,1.19505
1618322400,1.1951,1.19605,1.1939,1.19575
1618336800,1.19575,1.19715,1.19565,1.19635
1618351200,1.1965,1.19765,1.19635,1.19725
1618365600,1.1973,1.1981,1.19695,1.1979
1618380000,1.19795,1.19895,1.19665,1.19715
1618394400,1.19715,1.19855,1.1966,1.19725
1618408800,1.19725,1.2003,1.1968,1.19945
1618423200,1.19945,1.19965,1.19845,1.1994
1618437600,1.19945,1.20045,1.19865,1.19885
1618452000,1.19885,1.19925,1.1984,1.1988
1618466400,1.1988,1.2008,1.19865,1.19935
1618480800,1.19935,1.1995,1.19705,1.19895
1618495200,1.199,1.19985,1.1971,1.1981
1618509600,1.19815,1.19915,1.19785,1.198
1618524000,1.198,1.1989,1.19665,1.1972
1618538400,1.1972,1.1986,1.19645,1.1985
1618552800,1.1985,1.2003,1.1972,1.1992
1618567200,1.1992,1.20085,1.19905,1.19925
1618581600,1.1993,1.2008,1.1989,1.19915
1618596000,1.19915,1.19975,1.19865,1.1996
1618783200,1.19915,1.1993,1.1956,1.19575
1618797600,1.1958,1.19825,1.19565,1.19805
1618812000,1.1981,1.20535,1.1977,1.2052
1618826400,1.2052,1.20625,1.20345,1.2039
1618840800,1.20385,1.2055,1.2029,1.20495
1618855200,1.20495,1.2054,1.2047,1.205
1618869600,1.205,1.20615,1.20495,1.2058
1618884000,1.2058,1.20855,1.2057,1.20745
1618898400,1.20745,1.20935,1.2062,1.20715
1618912800,1.20715,1.20735,1.204,1.20565
1618927200,1.20565,1.20705,1.20355,1.2041
1618941600,1.20405,1.2051,1.2037,1.205
1618956000,1.20505,1.2057,1.2044,1.20505
1618970400,1.205,1.2051,1.20375,1.20445
1618984800,1.20445,1.2049,1.20135,1.20205
1618999200,1.202,1.20285,1.2012,1.20245
1619013600,1.20245,1.20525,1.20145,1.2042
1619028000,1.2042,1.205,1.204,1.2048
1619042400,1.2047,1.2057,1.20455,1.2055
1619056800,1.20545,1.206,1.20435,1.20465
1619071200,1.20465,1.20625,1.20345,1.20545
1619085600,1.2054,1.2083,1.20315,1.2042
1619100000,1.20425,1.2044,1.2015,1.20205
1619114400,1.2021,1.203,1.20065,1.20275
1619128800,1.20285,1.20385,1.2025,1.2038
1619143200,1.20375,1.20425,1.20305,1.20415
1619157600,1.2041,1.20745,1.2035,1.2069
1619172000,1.2069,1.20885,1.20615,1.2074
1619186400,1.2074,1.20995,1.20585,1.20985
1619200800,1.20985,1.2113,1.2098,1.21095
1619388000,1.2109,1.21245,1.2101,1.2122
1619402400,1.21225,1.2129,1.21185,1.21185
1619416800,1.2119,1.21275,1.21005,1.21085
1619431200,1.21085,1.2111,1.2073,1.20785
1619445600,1.2079,1.2102,1.20775,1.20985
1619460000,1.20985,1.2106,1.2096,1.2097
1619474400,1.21015,1.21015,1.20805,1.20845
1619488800,1.2085,1.20885,1.2077,1.20875
1619503200,1.2088,1.2092,1.2069,1.20765
1619517600,1.20765,1.2105,1.20765,1.2097
1619532000,1.20965,1.2102,1.2081,1.20915
1619546400,1.20915,1.2105,1.2091,1.21035
1619560800,1.21025,1.2103,1.20865,1.20895
1619575200,1.209,1.20965,1.2082,1.2082
1619589600,1.2082,1.20915,1.20675,1.2078
1619604000,1.20775,1.20865,1.2068,1.2083
1619618400,1.2083,1.2114,1.20805,1.20955
1619632800,1.20955,1.21465,1.20765,1.2136
1619647200,1.2138,1.21615,1.21355,1.21575
1619661600,1.21575,1.21595,1.21345,1.21455
1619676000,1.21455,1.21475,1.2122,1.21295
1619690400,1.21295,1.21465,1.2113,1.21165
1619704800,1.2117,1.21325,1.2113,1.21295
1619719200,1.2129,1.214,1.2123,1.21305
1619733600,1.21355,1.2137,1.2127,1.21315
1619748000,1.21315,1.2132,1.21255,1.2128
1619762400,1.2128,1.21305,1.21025,1.2105
1619776800,1.2105,1.2108,1.2078,1.2085
1619791200,1.2085,1.209,1.20295,1.2032
1619805600,1.2032,1.2038,1.20265,1.203
1619992800,1.20395,1.20455,1.203,1.20375
1620007200,1.20375,1.20375,1.2026,1.20315
1620021600,1.20315,1.2066,1.2023,1.2061
1620036000,1.2061,1.2071,1.2052,1.2068
1620050400,1.20695,1.20865,1.20615,1.2071
1620064800,1.20705,1.20775,1.207,1.2073
1620079200,1.20725,1.20745,1.20565,1.20565
1620093600,1.20565,1.20585,1.20435,1.2046
1620108000,1.20465,1.20485,1.20085,1.20175
1620122400,1.20175,1.204,1.2013,1.2034
1620136800,1.20335,1.20455,1.2011,1.2028
1620151200,1.20285,1.2033,1.20185,1.2024
1620165600,1.20195,1.20315,1.20195,1.2031
1620180000,1.2031,1.2036,1.20215,1.20215
1620194400,1.20215,1.2025,1.1995,1.2013
1620208800,1.2013,1.2029,1.2001,1.20065
1620223200,1.2008,1.20215,1.20005,1.2008
1620237600,1.20085,1.2016,1.20055,1.20145
1620252000,1.2015,1.20185,1.20075,1.2018
1620266400,1.2018,1.20205,1.20015,1.2017
1620280800,1.20165,1.20615,1.20135,1.2055
1620295200,1.20555,1.2081,1.20475,1.2071
1620309600,1.2071,1.2077,1.2053,1.2065
1620324000,1.20645,1.2073,1.2062,1.20725
1620338400,1.2072,1.2078,1.20675,1.2074
1620352800,1.20735,1.2078,1.20685,1.2069
1620367200,1.20695,1.20995,1.2061,1.2087
1620381600,1.20865,1.2155,1.20665,1.213
1620396000,1.213,1.21735,1.21265,1.21675
1620410400,1.2168,1.218,1.2163,1.2172
1620597600,1.21755,1.2185,1.2163,1.21665
1620612000,1.21665,1.21695,1.2159,1.216
1620626400,1.21605,1.2184,1.21455,1.21725
1620640800,1.21725,1.2187,1.21635,1.21675
1620655200,1.21675,1.2181,1.21575,1.2165
1620669600,1.2165,1.2168,1.2136,1.21385
1620684000,1.2139,1.2151,1.21335,1.21445
1620698400,1.2145,1.21575,1.2143,1.215
1620712800,1.2151,1.21775,1.2131,1.2174
1620727200,1.21735,1.21895,1.2156,1.218
1620741600,1.218,1.21815,1.21615,1.21665
1620756000,1.21665,1.21665,1.21525,1.21565
1620770400,1.21575,1.21585,1.2141,1.21435
1620784800,1.2143,1.2145,1.21225,1.213
1620799200,1.21295,1.2151,1.21295,1.21425
1620813600,1.21425,1.216,1.20785,1.21085
1620828000,1.21085,1.21095,1.2071,1.2082
1620842400,1.2082,1.209,1.20765,1.20805
1620856800,1.2079,1.20955,1.2077,1.20925
1620871200,1.2093,1.2093,1.2078,1.208
1620885600,1.20795,1.2113,1.2058,1.2073
1620900000,1.2073,1.21045,1.20665,1.2104
1620914400,1.2104,1.2107,1.20685,1.207
1620928800,1.20695,1.2094,1.20685,1.20865
1620943200,1.2088,1.2091,1.20775,1.2089
1620957600,1.2089,1.21045,1.20825,1.2103
1620972000,1.2103,1.2136,1.2099,1.21165
1620986400,1.2117,1.2152,1.21095,1.2148
1621000800,1.21485,1.2155,1.21385,1.2142
1621015200,1.21425,1.2154,1.21425,1.2152
1621202400,1.2153,1.2158,1.21385,1.21395
1621216800,1.2139,1.2145,1.2133,1.21335
1621231200,1.21335,1.21655,1.2133,1.21625
1621245600,1.21625,1.21755,1.2141,1.21535
1621260000,1.2153,1.21645,1.21455,1.2163
1621274400,1.21635,1.2168,1.2158,1.2159
1621288800,1.21605,1.2174,1.2159,1.21725
1621303200,1.2173,1.21755,1.21685,1.2173
1621317600,1.2173,1.223,1.21715,1.2224
1621332000,1.2224,1.22415,1.2212,1.22185
1621346400,1.22185,1.22305,1.2204,1.22295
1621360800,1.22295,1.22365,1.2228,1.22285
1621375200,1.22305,1.22385,1.22255,1.22275
1621389600,1.2227,1.22495,1.22235,1.2245
1621404000,1.2245,1.22515,1.2211,1.22165
1621418400,1.22165,1.2245,1.21945,1.2235
1621432800,1.22345,1.22375,1.2212,1.2214
1621447200,1.22135,1.2217,1.21655,1.21815
1621461600,1.21815,1.219,1.2174,1.21865
1621476000,1.21865,1.21905,1.2178,1.2184
1621490400,1.2184,1.221,1.2183,1.21925
1621504800,1.21925,1.22215,1.2186,1.22155
1621519200,1.22155,1.2232,1.22125,1.2221
1621533600,1.2221,1.22345,1.22205,1.2234
1621548000,1.2235,1.22445,1.2229,1.22375
1621562400,1.22375,1.2242,1.22325,1.2239
1621576800,1.2239,1.22455,1.2215,1.22315
1621591200,1.2231,1.2243,1.21805,1.219
1621605600,1.21905,1.21965,1.2166,1.2181
1621620000,1.21815,1.21935,1.21805,1.21865
1621807200,1.21885,1.2192,1.2176,1.2189
1621821600,1.21895,1.2195,1.218,1.21945
1621836000,1.21945,1.2217,1.218,1.22165
1621850400,1.2217,1.2228,1.22085,1.22275
1621864800,1.2227,1.22355,1.22095,1.2222
1621879200,1.22215,1.2223,1.2215,1.2221
1621893600,1.222,1.22345,1.22165,1.22295
1621908000,1.223,1.22365,1.2227,1.22285
1621922400,1.2228,1.2267,1.2225,1.226
1621936800,1.22595,1.2271,1.22455,1.2252
1621951200,1.22525,1.2259,1.2231,1.22525
1621965600,1.2253,1.22615,1.22505,1.22565
1621980000,1.22555,1.22595,1.2247,1.22485
1621994400,1.22485,1.22675,1.22465,1.22605
1622008800,1.226,1.2261,1.22375,1.22495
1622023200,1.2249,1.2249,1.22215,1.2233
1622037600,1.2232,1.2244,1.21865,1.21915
1622052000,1.21915,1.2202,1.2189,1.2197
1622066400,1.2197,1.22015,1.21785,1.21885
1622080800,1.21885,1.22005,1.2188,1.2199
1622095200,1.21985,1.2218,1.21835,1.21965
1622109600,1.2197,1.2214,1.21835,1.2201
1622124000,1.2201,1.2216,1.2188,1.22055
1622138400,1.2205,1.22085,1.21955,1.2198
1622152800,1.2198,1.22,1.2185,1.2186
1622167200,1.2186,1.21935,1.2179,1.21805
1622181600,1.218,1.2204,1.2175,1.21895
1622196000,1.2189,1.21945,1.2136,1.2168
1622210400,1.2168,1.22085,1.21665,1.22055
1622224800,1.22055,1.2206,1.2193,1.21965
1622412000,1.22005,1.2203,1.21875,1.2203
1622426400,1.2203,1.22075,1.21955,1.2197
1622440800,1.21975,1.22075,1.21865,1.219
1622455200,1.219,1.22085,1.21885,1.22085
1622469600,1.2208,1.2235,1.2204,1.22315
1622498400,1.223,1.22395,1.22265,1.2235
1622512800,1.2235,1.2239,1.22215,1.2228
1622527200,1.22285,1.22445,1.22165,1.22355
1622541600,1.2235,1.2247,1.2219,1.2242
1622556000,1.22415,1.2258,1.223,1.2234
1622570400,1.22335,1.2236,1.22145,1.22165
1622584800,1.2217,1.2229,1.2215,1.22245
1622599200,1.2224,1.22295,1.22175,1.22175
1622613600,1.22175,1.2221,1.21715,1.21825
1622628000,1.21825,1.2208,1.21665,1.22075
1622642400,1.2207,1.2221,1.21995,1.2211
1622656800,1.2211,1.2218,1.22085,1.2214
1622671200,1.2216,1.22165,1.22075,1.2208
1622685600,1.2208,1.221,1.21975,1.2198
1622700000,1.21985,1.2199,1.21805,1.21935
1622714400,1.21935,1.22105,1.2138,1.21475
1622728800,1.21475,1.2152,1.212,1.21255
1622743200,1.21255,1.21355,1.2123,1.21295
1622757600,1.2128,1.2134,1.2116,1.2124
1622772000,1.21245,1.2126,1.21065,1.2109
1622786400,1.21085,1.21195,1.21055,1.21175
1622800800,1.21175,1.21835,1.21055,1.21825
1622815200,1.21825,1.21885,1.21625,1.2165
1622829600,1.21655,1.2172,1.21625,1.217
1623016800,1.21675,1.21745,1.21615,1.2163
1623031200,1.2163,1.2173,1.21595,1.21595
1623045600,1.216,1.21695,1.21465,1.21625
1623060000,1.2163,1.21835,1.21525,1.21825
1623074400,1.2183,1.2204,1.21755,1.21985
1623088800,1.2199,1.2201,1.2191,1.21915
1623103200,1.2193,1.2196,1.2184,1.2189
1623117600,1.2189,1.21905,1.21775,1.21785
1623132000,1.2179,1.21865,1.21655,1.21755
1623146400,1.21755,1.219,1.2171,1.2184
1623160800,1.21845,1.21945,1.21755,1.2179
1623175200,1.2179,1.21835,1.21725,1.2175
1623189600,1.2174,1.21815,1.2172,1.21815
1623204000,1.21815,1.2187,1.2177,1.2179
1623218400,1.21785,1.21935,1.2177,1.2192
1623232800,1.2192,1.22195,1.21895,1.2216
1623247200,1.2216,1.22175,1.21755,1.218
1623261600,1.218,1.21855,1.2175,1.21805
1623276000,1.2179,1.21815,1.21695,1.21705
1623290400,1.21705,1.2171,1.21635,1.21665
1623304800,1.2166,1.21745,1.21535,1.2166
1623319200,1.2166,1.2195,1.21435,1.2183
1623333600,1.21825,1.2191,1.21625,1.21745
1623348000,1.21745,1.21785,1.217,1.21755
1623362400,1.21965,1.22105,1.21925,1.22095
1623376800,1.2209,1.22135,1.2205,1.221
1623391200,1.221,1.2215,1.2174,1.21755
1623405600,1.2176,1.21825,1.21325,1.2142
1623420000,1.21425,1.21485,1.21145,1.2121
1623434400,1.2121,1.21325,1.2119,1.2131
1623621600,1.213,1.21335,1.2117,1.2122
1623636000,1.2122,1.21285,1.2116,1.21265
1623650400,1.2126,1.2142,1.2116,1.2135
1623664800,1.21345,1.2152,1.21335,1.2143
1623679200,1.21435,1.2152,1.21405,1.21435
1623693600,1.2143,1.21445,1.2138,1.21425
1623708000,1.21415,1.21455,1.21355,1.214
1623722400,1.21395,1.21495,1.21375,1.21485
1623736800,1.2149,1.2169,1.21415,1.21445
1623751200,1.21445,1.2151,1.2122,1.21485
1623765600,1.2148,1.21525,1.21385,1.21455
1623780000,1.21455,1.2151,1.21435,1.21465
1623794400,1.215,1.21505,1.21415,1.21435
1623808800,1.21425,1.21525,1.21375,1.21515
1623823200,1.2151,1.2156,1.2139,1.2146
1623837600,1.2146,1.2149,1.21315,1.2141
1623852000,1.21415,1.2148,1.2132,1.2135
1623866400,1.2135,1.2135,1.2015,1.2016
1623880800,1.20145,1.2022,1.2004,1.20185
1623895200,1.20185,1.20265,1.2014,1.20205
1623909600,1.202,1.2022,1.1956,1.1971
1623924000,1.19715,1.19735,1.19465,1.195
1623938400,1.195,1.1963,1.19115,1.19365
1623952800,1.19365,1.19425,1.19205,1.19275
1623967200,1.19255,1.19355,1.19245,1.1935
1623981600,1.1935,1.1945,1.19155,1.19245
1623996000,1.19245,1.1944,1.1905,1.1937
1624010400,1.1937,1.1942,1.18815,1.1887
1624024800,1.1887,1.19025,1.1867,1.18975
1624039200,1.1897,1.18985,1.1877,1.1886
1624226400,1.1882,1.1896,1.18805,1.1881
1624240800,1.18805,1.1893,1.18675,1.18885
1624255200,1.1888,1.19185,1.1871,1.19175
1624269600,1.19175,1.1932,1.19045,1.1931
1624284000,1.1931,1.1942,1.1924,1.19345
1624298400,1.1934,1.19405,1.1927,1.19365
1624312800,1.19365,1.194,1.19205,1.1926
1624327200,1.19265,1.19345,1.19115,1.19115
1624341600,1.1912,1.19305,1.19005,1.1903
1624356000,1.1903,1.193,1.19015,1.19235
1624370400,1.19225,1.19625,1.1916,1.19545
1624384800,1.19545,1.19725,1.1954,1.19605
1624399200,1.1961,1.1963,1.19425,1.1943
1624413600,1.19435,1.19485,1.19355,1.1946
1624428000,1.1946,1.19645,1.19305,1.19595
1624442400,1.19595,1.199,1.1956,1.19895
1624456800,1.19895,1.19895,1.1948,1.19565
1624471200,1.19565,1.19575,1.1939,1.1946
1624485600,1.19465,1.1952,1.1938,1.19455
1624500000,1.19455,1.19475,1.19395,1.1942
1624514400,1.19415,1.19645,1.1936,1.19625
1624528800,1.19625,1.19755,1.19505,1.1969
1624543200,1.19685,1.1969,1.19385,1.19455
1624557600,1.1946,1.19545,1.1946,1.195
1624572000,1.19505,1.1964,1.1946,1.19605
1624586400,1.1961,1.19635,1.19535,1.19595
1624600800,1.19595,1.1969,1.19545,1.1962
1624615200,1.1962,1.19945,1.19565,1.1993
1624629600,1.1993,1.19935,1.1948,1.19495
1624644000,1.195,1.19615,1.1945,1.1956
1624831200,1.1956,1.19605,1.1941,1.1945
1624845600,1.19445,1.19475,1.19385,1.19445
1624860000,1.1945,1.19635,1.19415,1.1956
1624874400,1.1956,1.19605,1.1921,1.1945
1624888800,1.1945,1.1959,1.19385,1.1943
1624903200,1.1943,1.1948,1.19385,1.19425
1624917600,1.19435,1.1948,1.19345,1.1935
1624932000,1.19345,1.19395,1.1926,1.19395
1624946400,1.1939,1.1941,1.19165,1.1926
1624960800,1.19265,1.19315,1.18955,1.19095
1624975200,1.191,1.19295,1.18995,1.1915
1624989600,1.1915,1.19235,1.1913,1.19155
1625004000,1.1917,1.19245,1.19145,1.19235
1625018400,1.19235,1.1927,1.19135,1.1914
1625032800,1.19135,1.1926,1.19025,1.191
1625047200,1.191,1.1913,1.1883,1.1892
1625061600,1.1892,1.18925,1.18625,1.18705
1625076000,1.18705,1.18795,1.18635,1.1874
1625090400,1.1874,1.1877,1.18635,1.18685
1625104800,1.18685,1.18685,1.18555,1.186
1625119200,1.186,1.1877,1.1854,1.18715
1625133600,1.1871,1.19015,1.18665,1.1894
1625148000,1.1895,1.18965,1.18635,1.18635
1625162400,1.1864,1.18675,1.18575,1.18665
1625176800,1.18655,1.1867,1.18575,1.186
1625191200,1.186,1.18645,1.1857,1.1858
1625205600,1.1858,1.186,1.18385,1.1839
1625220000,1.1839,1.1877,1.18235,1.1861
1625234400,1.1861,1.18855,1.18455,1.18845
1625248800,1.18845,1.1891,1.18795,1.18815
1625436000,1.1883,1.18845,1.18695,1.18765
1625450400,1.18765,1.18765,1.18675,1.18695
1625464800,1.187,1.1897,1.1868,1.18925
1625479200,1.18925,1.1897,1.18765,1.18815
1625493600,1.18815,1.1886,1.18715,1.18845
1625522400,1.1881,1.18855,1.1875,1.1882
1625536800,1.1882,1.18995,1.1882,1.1899
1625551200,1.1899,1.19115,1.18465,1.18555
1625565600,1.1856,1.1863,1.18385,1.18485
1625580000,1.18495,1.1859,1.18205,1.1839
1625594400,1.1839,1.18445,1.1836,1.1839
1625608800,1.18365,1.18405,1.18315,1.1839
1625623200,1.1839,1.18505,1.18345,1.18465
1625637600,1.1846,1.18475,1.1828,1.18445
1625652000,1.18445,1.18535,1.1816,1.18205
1625666400,1.1821,1.1822,1.1797,1.18175
1625680800,1.18175,1.18375,1.18055,1.1808
1625695200,1.1808,1.1814,1.17985,1.18005
1625709600,1.18005,1.1822,1.18,1.1821
1625724000,1.18205,1.18505,1.18075,1.1849
1625738400,1.18485,1.188,1.184,1.18735
1625752800,1.1873,1.18835,1.18515,1.1855
1625767200,1.18545,1.18635,1.18505,1.1862
1625781600,1.186,1.1865,1.1851,1.1854
1625796000,1.18545,1.18545,1.18465,1.18495
1625810400,1.1849,1.1871,1.184,1.187
1625824800,1.187,1.18855,1.18695,1.18815
1625839200,1.18815,1.189,1.18705,1.18885
1625853600,1.1888,1.1896,1.18875,1.18915
1626040800,1.1892,1.1895,1.18825,1.18845
1626055200,1.1885,1.18895,1.18805,1.1882
1626069600,1.18825,1.1895,1.18635,1.18675
1626084000,1.18675,1.1885,1.1851,1.188
1626098400,1.188,1.1889,1.1866,1.1874
1626112800,1.1874,1.1877,1.18705,1.1875
1626127200,1.1876,1.18845,1.1873,1.18825
1626141600,1.18825,1.189,1.18705,1.18715
1626156000,1.18715,1.188,1.185,1.1857
1626170400,1.18565,1.18655,1.18055,1.18355
1626184800,1.18355,1.18475,1.18015,1.1802
1626199200,1.1802,1.1805,1.1786,1.1791
1626213600,1.1792,1.1797,1.17855,1.17955
1626228000,1.1795,1.18045,1.1792,1.18025
1626242400,1.1802,1.18135,1.179,1.18075
1626256800,1.18075,1.18425,1.18055,1.1837
1626271200,1.18365,1.18495,1.1827,1.184
1626285600,1.184,1.18535,1.18395,1.18505
1626300000,1.1847,1.1852,1.1838,1.18395
1626314400,1.18395,1.18565,1.1835,1.18555
1626328800,1.18555,1.1864,1.1839,1.18565
1626343200,1.18565,1.18575,1.1817,1.18295
1626357600,1.183,1.18365,1.18095,1.1817
1626372000,1.1817,1.18265,1.1815,1.18235
1626386400,1.18245,1.183,1.1815,1.18155
1626400800,1.18155,1.18265,1.18155,1.1823
1626415200,1.1823,1.18355,1.181,1.18325
1626429600,1.18325,1.1833,1.1805,1.1815
1626444000,1.1815,1.1832,1.1809,1.18245
1626458400,1.1824,1.18285,1.1816,1.18185
1626645600,1.1821,1.18265,1.18105,1.18145
1626660000,1.1814,1.1821,1.18135,1.18155
1626674400,1.1815,1.18175,1.1778,1.17915
1626688800,1.17915,1.18365,1.17765,1.1834
1626703200,1.18345,1.1838,1.1806,1.1807
1626717600,1.1807,1.1815,1.1803,1.1812
1626732000,1.1808,1.1813,1.18025,1.181
1626746400,1.18095,1.1815,1.17925,1.1797
1626760800,1.1797,1.1815,1.1785,1.18125
1626775200,1.18125,1.18125,1.1768,1.1779
1626789600,1.1779,1.17955,1.17685,1.17915
1626804000,1.17915,1.1799,1.1791,1.17925
1626818400,1.17925,1.1796,1.17865,1.1788
1626832800,1.1788,1.17895,1.1779,1.1779
1626847200,1.17795,1.17945,1.1764,1.17855
1626861600,1.17855,1.18015,1.1772,1.18
1626876000,1.18,1.18165,1.17945,1.18085
1626890400,1.18085,1.18175,1.1804,1.18075
1626904800,1.1809,1.18095,1.17985,1.1808
1626919200,1.1808,1.1812,1.1802,1.1805
1626933600,1.1805,1.1814,1.1791,1.18055
1626948000,1.18055,1.18425,1.1782,1.1828
1626962400,1.18285,1.1829,1.1769,1.1774
1626976800,1.1774,1.1788,1.17735,1.17825
1626991200,1.1783,1.1792,1.1782,1.17865
1627005600,1.17865,1.1787,1.17755,1.1776
1627020000,1.17755,1.1798,1.1773,1.178
1627034400,1.17805,1.1793,1.1766,1.1776
1627048800,1.17765,1.1785,1.1766,1.17815
1627063200,1.17815,1.17875,1.178,1.17825
1627250400,1.1783,1.17855,1.1774,1.1782
1627264800,1.17825,1.17965,1.1782,1.1795
1627279200,1.1794,1.1812,1.17785,1.18085
1627293600,1.18085,1.18235,1.17905,1.1818
1627308000,1.18175,1.18285,1.18135,1.1822
1627322400,1.1822,1.18235,1.18105,1.1813
1627336800,1.18135,1.1823,1.18105,1.18145
1627351200,1.1814,1.18175,1.18095,1.18115
1627365600,1.1812,1.1812,1.17805,1.17925
1627380000,1.17925,1.18375,1.17875,1.18235
1627394400,1.1824,1.18525,1.18175,1.18455
1627408800,1.1845,1.18465,1.18265,1.18275
1627423200,1.18295,1.18345,1.1823,1.1833
1627437600,1.1833,1.18385,1.18255,1.1829
1627452000,1.1829,1.1841,1.1813,1.1826
1627466400,1.1826,1.18295,1.1794,1.17975
1627480800,1.1797,1.1829,1.17955,1.18235
1627495200,1.18225,1.1861,1.1783,1.18535
1627509600,1.18545,1.18605,1.1851,1.186
1627524000,1.186,1.18705,1.1857,1.1866
1627538400,1.1866,1.18895,1.18605,1.18845
1627552800,1.1884,1.18975,1.188,1.1895
1627567200,1.1895,1.19025,1.18875,1.18975
1627581600,1.1897,1.1903,1.18945,1.18965
1627596000,1.18965,1.19045,1.1889,1.18925
1627610400,1.1892,1.1894,1.1885,1.1888
1627624800,1.1888,1.1919,1.1885,1.1907
1627639200,1.1907,1.1914,1.18845,1.1888
1627653600,1.1888,1.1893,1.18615,1.1871
1627668000,1.18705,1.18865,1.18635,1.18785
1627855200,1.18755,1.1881,1.18705,1.1873
1627869600,1.18725,1.18845,1.18685,1.18815
1627884000,1.18815,1.19055,1.18735,1.1905
1627898400,1.1905,1.19065,1.1881,1.1891
1627912800,1.1891,1.1899,1.1875,1.1878
1627927200,1.1878,1.18845,1.18755,1.18815
1627941600,1.18805,1.18875,1.1877,1.1884
1627956000,1.1884,1.18915,1.18795,1.1884
1627970400,1.18845,1.18965,1.188,1.1894
1627984800,1.1894,1.1903,1.18705,1.18785
1627999200,1.1879,1.1885,1.18625,1.1873
1628013600,1.1873,1.1877,1.18705,1.18735
1628028000,1.1872,1.1881,1.18695,1.18795
1628042400,1.18795,1.1885,1.1875,1.18805
1628056800,1.1881,1.18885,1.18505,1.1867
1628071200,1.1867,1.1909,1.1862,1.1902
1628085600,1.19015,1.19025,1.18415,1.18475
1628100000,1.1848,1.18515,1.1844,1.1846
1628114400,1.1845,1.1848,1.1839,1.1844
1628128800,1.1844,1.18465,1.18405,1.1845
1628143200,1.18445,1.1858,1.18365,1.184
1628157600,1.184,1.18655,1.184,1.18465
1628172000,1.18465,1.186,1.184,1.1844
1628186400,1.18435,1.1847,1.1839,1.18425
1628200800,1.18425,1.1844,1.18315,1.18335
1628215200,1.1834,1.18345,1.1826,1.1833
1628229600,1.18325,1.1838,1.18125,1.1818
1628244000,1.18175,1.18205,1.1775,1.17815
1628258400,1.1782,1.17835,1.1762,1.17675
1628272800,1.1768,1.17725,1.1764,1.1768
1628460000,1.17665,1.1768,1.175,1.1762
1628474400,1.17615,1.17725,1.1761,1.17655
1628488800,1.17655,1.17745,1.17575,1.1769
1628503200,1.1769,1.1777,1.176,1.1769
1628517600,1.17695,1.17715,1.1745,1.1751
1628532000,1.17515,1.17565,1.1742,1.1744
1628546400,1.1747,1.1747,1.17395,1.17405
1628560800,1.174,1.17495,1.174,1.1745
1628575200,1.17455,1.17505,1.17295,1.1731
1628589600,1.17315,1.17355,1.1718,1.17235
1628604000,1.17235,1.1732,1.1717,1.17255
1628618400,1.1726,1.1731,1.1724,1.17275
1628632800,1.17275,1.17295,1.17185,1.1728
1628647200,1.1728,1.17325,1.17225,1.17245
1628661600,1.17245,1.17255,1.1713,1.17175
1628676000,1.17175,1.17565,1.17155,1.17415
1628690400,1.17415,1.1762,1.17365,1.17545
1628704800,1.17545,1.1755,1.1745,1.1747
1628719200,1.17485,1.1751,1.1744,1.17465
1628733600,1.17465,1.17525,1.1741,1.1748
1628748000,1.17475,1.1755,1.1739,1.17485
1628762400,1.17485,1.1749,1.17305,1.1736
1628776800,1.1736,1.1749,1.173,1.17445
1628791200,1.17445,1.1745,1.1736,1.1736
1628805600,1.17365,1.1747,1.1736,1.17455
1628820000,1.17455,1.17485,1.17425,1.1743
1628834400,1.1743,1.17555,1.17365,1.17555
1628848800,1.17555,1.17795,1.17525,1.1773
1628863200,1.1773,1.18115,1.1771,1.18055
1628877600,1.18055,1.18065,1.17985,1.1802
1629064800,1.1803,1.18075,1.17975,1.1804
1629079200,1.1804,1.18065,1.1793,1.1793
1629093600,1.1793,1.17995,1.1784,1.1788
1629108000,1.1788,1.1794,1.1774,1.1781
1629122400,1.1781,1.1797,1.17795,1.17835
1629136800,1.17835,1.17855,1.17805,1.17825
1629151200,1.17845,1.17865,1.17755,1.17795
1629165600,1.17795,1.17805,1.1773,1.1776
1629180000,1.17765,1.17905,1.1766,1.17775
1629194400,1.17775,1.17815,1.17375,1.17435
1629208800,1.1744,1.17445,1.17135,1.17235
1629223200,1.17235,1.17255,1.17135,1.1714
1629237600,1.17175,1.1723,1.1707,1.17215
1629252000,1.17215,1.1729,1.1716,1.1721
1629266400,1.1721,1.1735,1.1718,1.1721
1629280800,1.17215,1.17315,1.17115,1.1724
1629295200,1.1724,1.1725,1.1699,1.17055
1629309600,1.17055,1.1749,1.1705,1.17145
1629324000,1.17135,1.1721,1.16885,1.1689
1629338400,1.1689,1.1692,1.16705,1.16775
1629352800,1.1677,1.17025,1.16735,1.1701
1629367200,1.1701,1.1709,1.16945,1.1705
1629381600,1.1705,1.1705,1.1682,1.16825
1629396000,1.16825,1.16855,1.16775,1.16805
1629410400,1.16815,1.16905,1.16795,1.16845
1629424800,1.1685,1.16945,1.1681,1.1692
1629439200,1.16915,1.1692,1.1675,1.168
1629453600,1.168,1.16905,1.1669,1.1684
1629468000,1.16845,1.17095,1.1676,1.16995
1629482400,1.16995,1.17095,1.1697,1.1705
1629669600,1.17005,1.1723,1.16975,1.17185
1629684000,1.1718,1.1729,1.17175,1.17215
1629698400,1.17215,1.17375,1.1711,1.1729
1629712800,1.1729,1.17495,1.172,1.1735
1629727200,1.1735,1.1749,1.17285,1.17485
1629741600,1.1748,1.1755,1.1747,1.17505
1629756000,1.1751,1.17535,1.17405,1.17405
1629770400,1.17405,1.17505,1.1739,1.17455
1629784800,1.1746,1.1752,1.1732,1.17355
1629799200,1.1735,1.17595,1.1735,1.17525
1629813600,1.17525,1.17695,1.17465,1.17495
1629828000,1.1749,1.17635,1.1747,1.17605
1629842400,1.1762,1.1763,1.1739,1.174
1629856800,1.174,1.17495,1.1737,1.1747
1629871200,1.17465,1.17635,1.17365,1.1753
1629885600,1.17535,1.1755,1.17305,1.17515
1629900000,1.17515,1.17675,1.175,1.1764
1629914400,1.1764,1.1779,1.1764,1.17765
1629928800,1.17755,1.1777,1.1766,1.1769
1629943200,1.17695,1.1773,1.17645,1.17685
1629957600,1.17685,1.17785,1.176,1.1773
1629972000,1.17735,1.17825,1.17515,1.1757
1629986400,1.1757,1.17705,1.17495,1.17565
1630000800,1.17565,1.17595,1.1753,1.17555
1630015200,1.1759,1.1761,1.17455,1.1753
1630029600,1.17525,1.17675,1.17525,1.17645
1630044000,1.1765,1.17745,1.1753,1.17615
1630058400,1.1761,1.1777,1.17375,1.17685
1630072800,1.1768,1.1806,1.17455,1.17985
1630087200,1.1798,1.18015,1.17955,1.1799
1630274400,1.1801,1.18115,1.17985,1.18095
1630288800,1.1809,1.18135,1.18025,1.18025
1630303200,1.1803,1.18085,1.17965,1.18025
1630317600,1.18025,1.18055,1.1786,1.1791
1630332000,1.17915,1.18065,1.1787,1.18005
1630346400,1.18,1.18075,1.1799,1.18005
1630360800,1.18005,1.181,1.17985,1.18065
1630375200,1.1806,1.1831,1.1805,1.18305
1630389600,1.1831,1.1834,1.1823,1.18265
1630404000,1.1826,1.1849,1.1819,1.1823
1630418400,1.18235,1.1836,1.1799,1.1811
1630432800,1.18115,1.18165,1.18085,1.1811
1630447200,1.1813,1.18145,1.18035,1.1806
1630461600,1.1806,1.1809,1.1798,1.1802
1630476000,1.1802,1.1821,1.1796,1.18195
1630490400,1.182,1.18515,1.18155,1.18475
1630504800,1.18465,1.18605,1.1836,1.1846
1630519200,1.1846,1.185,1.184,1.18435
1630533600,1.1843,1.1848,1.18395,1.1841
1630548000,1.1841,1.18455,1.1836,1.1845
1630562400,1.1845,1.18545,1.18415,1.18535
1630576800,1.18535,1.18645,1.1838,1.18605
1630591200,1.1861,1.1873,1.18515,1.1873
1630605600,1.1873,1.1878,1.1871,1.1876
1630620000,1.1876,1.1886,1.1875,1.1884
1630634400,1.18845,1.18865,1.18775,1.18815
1630648800,1.18815,1.1885,1.1868,1.1872
1630663200,1.1872,1.19115,1.1868,1.18895
1630677600,1.18905,1.19,1.18725,1.18975
1630692000,1.1897,1.18985,1.18765,1.18825
1630879200,1.18815,1.1888,1.18775,1.1879
1630893600,1.1879,1.18795,1.18665,1.18735
1630908000,1.1873,1.18765,1.18575,1.1862
1630922400,1.18625,1.1872,1.1861,1.1869
1630936800,1.1869,1.18725,1.1859,1.1872
1630965600,1.1875,1.18865,1.1872,1.1884
1630980000,1.1884,1.1884,1.1872,1.1873
1630994400,1.1873,1.1884,1.18615,1.1867
1631008800,1.18665,1.1878,1.1845,1.1858
1631023200,1.18575,1.1859,1.1839,1.18505
1631037600,1.185,1.18545,1.18395,1.1843
1631052000,1.18465,1.1852,1.1841,1.1849
1631066400,1.1849,1.1849,1.1836,1.18375
1631080800,1.18375,1.1846,1.18135,1.18165
1631095200,1.1816,1.1831,1.181,1.18185
1631109600,1.18185,1.183,1.1803,1.1825
1631124000,1.18245,1.18315,1.18165,1.1818
1631138400,1.1819,1.18215,1.18125,1.1821
1631152800,1.18215,1.18255,1.18115,1.1814
1631167200,1.1814,1.18365,1.18125,1.1833
1631181600,1.18325,1.1843,1.18085,1.1816
1631196000,1.1816,1.184,1.18055,1.18345
1631210400,1.1835,1.18355,1.1822,1.18235
1631224800,1.1844,1.18485,1.184,1.1843
1631239200,1.18425,1.1855,1.1841,1.1849
1631253600,1.18485,1.18725,1.1846,1.1857
1631268000,1.1857,1.18635,1.18425,1.1856
1631282400,1.1856,1.1859,1.18335,1.18365
1631296800,1.1836,1.1838,1.18305,1.18315
1631484000,1.18365,1.1837,1.1823,1.1824
1631498400,1.18235,1.18275,1.18085,1.1814
1631512800,1.18145,1.1816,1.17945,1.1812
1631527200,1.1812,1.18225,1.17905,1.18215
1631541600,1.18215,1.18385,1.18135,1.18235
1631556000,1.18235,1.1832,1.18225,1.18315
1631570400,1.18305,1.1833,1.18265,1.18285
1631584800,1.18285,1.184,1.18285,1.18335
1631599200,1.1833,1.1851,1.18275,1.1835
1631613600,1.1835,1.1867,1.1821,1.18485
1631628000,1.18485,1.18485,1.1836,1.18445
1631642400,1.18435,1.1845,1.18205,1.1825
1631656800,1.18255,1.18325,1.18205,1.1829
1631671200,1.18285,1.183,1.18215,1.18265
1631685600,1.1826,1.18495,1.1819,1.1845
1631700000,1.1845,1.1853,1.1828,1.1839
1631714400,1.18395,1.18435,1.18245,1.1829
1631728800,1.18295,1.1839,1.18255,1.1836
1631743200,1.1836,1.1841,1.18355,1.18385
1631757600,1.1839,1.184,1.1823,1.1823
1631772000,1.18225,1.1827,1.1786,1.1791
1631786400,1.17905,1.17945,1.177,1.17775
1631800800,1.1777,1.17885,1.17735,1.17755
1631815200,1.17755,1.17915,1.1773,1.1789
1631829600,1.1786,1.17885,1.17785,1.17805
1631844000,1.178,1.1794,1.178,1.17905
1631858400,1.179,1.18085,1.17885,1.18025
1631872800,1.1802,1.1809,1.177,1.17735
1631887200,1.1774,1.1777,1.1744,1.17465
1631901600,1.1747,1.1752,1.1743,1.1745
1632088800,1.1746,1.1749,1.17375,1.1738
1632103200,1.1738,1.17385,1.1729,1.1736
1632117600,1.1736,1.17375,1.17195,1.1726
1632132000,1.1726,1.1738,1.17225,1.17375
1632146400,1.17375,1.1756,1.1732,1.1745
1632160800,1.17455,1.175,1.17415,1.1746
1632175200,1.17495,1.17585,1.1743,1.1758
1632189600,1.17585,1.1759,1.1749,1.1753
1632204000,1.1753,1.1757,1.1738,1.1756
1632218400,1.1756,1.1768,1.17475,1.175
1632232800,1.175,1.17505,1.17335,1.17455
1632247200,1.17455,1.17515,1.17425,1.17445
1632261600,1.1744,1.1749,1.17355,1.17465
1632276000,1.17465,1.1747,1.17355,1.17415
1632290400,1.1741,1.17565,1.1736,1.1747
1632304800,1.1747,1.17545,1.1743,1.175
1632319200,1.175,1.1764,1.17405,1.1748
1632333600,1.17465,1.1775,1.1703,1.1707
1632348000,1.1711,1.1713,1.1701,1.17125
1632362400,1.17125,1.1731,1.17075,1.17275
1632376800,1.1727,1.17505,1.1724,1.17405
1632391200,1.1741,1.1758,1.17295,1.17575
1632405600,1.1758,1.17685,1.1749,1.1767
1632420000,1.17665,1.1767,1.1754,1.17575
1632434400,1.1757,1.17655,1.17565,1.17565
1632448800,1.1757,1.17605,1.17535,1.1755
1632463200,1.1755,1.1759,1.1748,1.1753
1632477600,1.1753,1.1755,1.17185,1.1729
1632492000,1.17285,1.17435,1.1722,1.1735
1632506400,1.17355,1.174,1.1731,1.1737
1632693600,1.1735,1.1743,1.1734,1.17415
1632708000,1.17415,1.17425,1.1736,1.17375
1632722400,1.1738,1.17405,1.17005,1.1714
1632736800,1.17135,1.1728,1.17065,1.17195
1632751200,1.17195,1.1727,1.1714,1.17215
1632765600,1.17215,1.1726,1.17115,1.17135
1632780000,1.1715,1.1715,1.17015,1.17045
1632794400,1.1705,1.17205,1.17045,1.1716
1632808800,1.1716,1.17185,1.1688,1.16955
1632823200,1.1696,1.17105,1.1689,1.16985
1632837600,1.1698,1.17185,1.16855,1.16965
1632852000,1.16965,1.17065,1.1692,1.17005
1632866400,1.17,1.1704,1.16945,1.16995
1632880800,1.1699,1.1707,1.1698,1.16995
1632895200,1.16995,1.17025,1.16735,1.16815
1632909600,1.1681,1.1683,1.16485,1.16525
1632924000,1.16525,1.166,1.16105,1.1612
1632938400,1.1612,1.16215,1.16055,1.1613
1632952800,1.16125,1.1622,1.16115,1.162
1632967200,1.162,1.16245,1.16105,1.1611
1632981600,1.16105,1.16255,1.16075,1.1614
1632996000,1.1614,1.1614,1.15835,1.1602
1633010400,1.16015,1.16135,1.15785,1.15845
1633024800,1.15845,1.16045,1.1578,1.1594
1633039200,1.1597,1.15985,1.1578,1.1591
1633053600,1.15915,1.1597,1.15875,1.15925
1633068000,1.1592,1.16065,1.15905,1.15945
1633082400,1.15945,1.1623,1.15875,1.1618
1633096800,1.16185,1.16195,1.1599,1.1615
1633111200,1.16155,1.16185,1.16075,1.16085
1633298400,1.16095,1.16295,1.1607,1.1613
1633312800,1.1613,1.1616,1.16035,1.1614
1633327200,1.16135,1.1634,1.1612,1.16255
1633341600,1.16255,1.1656,1.16235,1.16455
1633356000,1.16455,1.1656,1.16305,1.1636
1633370400,1.16355,1.16435,1.16325,1.1635
1633384800,1.16335,1.1638,1.1618,1.16185
1633399200,1.1619,1.16235,1.1605,1.16095
1633413600,1.161,1.16205,1.16075,1.16185
1633428000,1.1618,1.16205,1.16015,1.16105
1633442400,1.161,1.1629,1.1596,1.16205
1633456800,1.16205,1.16235,1.1609,1.16125
1633471200,1.1611,1.1616,1.16035,1.1606
1633485600,1.1606,1.16095,1.15965,1.1597
1633500000,1.1597,1.1599,1.1556,1.1557
1633514400,1.1557,1.15675,1.15445,1.15575
1633528800,1.15575,1.15735,1.15475,1.1566
1633543200,1.1566,1.1575,1.1564,1.15725
1633557600,1.1571,1.1575,1.1565,1.1571
1633572000,1.15705,1.15715,1.15635,1.15635
1633586400,1.15635,1.1585,1.15635,1.15745
1633600800,1.15745,1.15865,1.15615,1.15705
1633615200,1.15705,1.1583,1.1567,1.15745
1633629600,1.15745,1.1575,1.15635,1.15675
1633644000,1.1569,1.1574,1.15665,1.157
1633658400,1.157,1.1571,1.15555,1.1556
1633672800,1.1556,1.1583,1.15555,1.1581
1633687200,1.15815,1.16005,1.15695,1.15775
1633701600,1.1578,1.15935,1.1574,1.15825
1633716000,1.15825,1.15925,1.1582,1.15875
1633903200,1.1586,1.15935,1.15775,1.1588
1633917600,1.1588,1.15895,1.1582,1.15875
1633932000,1.15875,1.1601,1.15655,1.1569
1633946400,1.15685,1.15935,1.1567,1.15905
1633960800,1.1591,1.15975,1.15705,1.1571
1633975200,1.15715,1.15745,1.1562,1.1567
1633989600,1.1568,1.15685,1.15605,1.15635
1634004000,1.15635,1.1577,1.1563,1.15745
1634018400,1.1575,1.1584,1.1569,1.15715
1634032800,1.1572,1.1575,1.1547,1.15575
1634047200,1.1557,1.1564,1.15375,1.1539
1634061600,1.15395,1.1548,1.1538,1.15435
1634076000,1.15435,1.1565,1.15425,1.15645
1634090400,1.1564,1.15695,1.15625,1.1564
1634104800,1.15635,1.1574,1.1559,1.157
1634119200,1.1571,1.15845,1.1549,1.1578
1634133600,1.1578,1.16065,1.15705,1.16035
1634148000,1.1603,1.1611,1.1594,1.16095
1634162400,1.16105,1.1614,1.16025,1.16025
1634176800,1.16025,1.1609,1.16005,1.1602
1634191200,1.16025,1.1637,1.1602,1.16235
1634205600,1.16235,1.16285,1.16045,1.16095
1634220000,1.16095,1.16115,1.15965,1.1603
1634234400,1.16035,1.16155,1.16025,1.161
1634248800,1.16135,1.16145,1.16005,1.16125
1634263200,1.16125,1.16245,1.161,1.1618
1634277600,1.1618,1.16315,1.1611,1.1616
1634292000,1.16155,1.16245,1.16015,1.1606
1634306400,1.16065,1.16225,1.16015,1.1609
1634320800,1.1609,1.16185,1.16065,1.1611
1634508000,1.16115,1.16175,1.15955,1.1603
1634522400,1.1603,1.16065,1.159,1.15905
1634536800,1.1591,1.1609,1.1584,1.15945
1634551200,1.1595,1.1626,1.1589,1.1614
1634565600,1.16135,1.1635,1.1605,1.16255
1634580000,1.16255,1.16285,1.16205,1.1624
1634594400,1.16245,1.1649,1.16205,1.1646
1634608800,1.1646,1.16675,1.16425,1.16625
1634623200,1.16625,1.16815,1.1657,1.16785
1634637600,1.16785,1.168,1.16535,1.1668
1634652000,1.1668,1.167,1.1642,1.16525
1634666400,1.16525,1.1657,1.1643,1.16455
1634680800,1.1645,1.166,1.16395,1.1654
1634695200,1.1654,1.1664,1.16475,1.1657
1634709600,1.1657,1.16585,1.16285,1.16365
1634724000,1.16365,1.16605,1.1633,1.166
1634738400,1.166,1.16705,1.1654,1.1665
1634752800,1.1665,1.167,1.166,1.1662
1634767200,1.16585,1.1674,1.16585,1.16725
1634781600,1.1672,1.1679,1.1659,1.16635
1634796000,1.16635,1.16675,1.16455,1.16525
1634810400,1.1653,1.16625,1.16425,1.1656
1634824800,1.1656,1.16625,1.16375,1.1638
1634839200,1.1638,1.1639,1.1631,1.1635
1634853600,1.16365,1.1643,1.1632,1.16405
1634868000,1.164,1.16405,1.16355,1.1638
1634882400,1.1638,1.16575,1.1634,1.16535
1634896800,1.16535,1.16585,1.16355,1.1656
1634911200,1.1656,1.1667,1.16325,1.1641
1634925600,1.1641,1.16575,1.16405,1.16565
1635112800,1.1651,1.1659,1.16465,1.16535
1635127200,1.16535,1.1676,1.16525,1.1668
1635141600,1.1668,1.16755,1.1633,1.1637
1635156000,1.1637,1.1638,1.1601,1.1622
1635170400,1.1622,1.1626,1.16155,1.1622
1635184800,1.16225,1.1628,1.1619,1.1622
1635199200,1.16225,1.1623,1.161,1.16145
1635213600,1.16145,1.16175,1.16075,1.16135
1635228000,1.16135,1.1629,1.16045,1.1627
1635242400,1.1627,1.16365,1.16125,1.1622
1635256800,1.16215,1.1623,1.15955,1.16055
1635271200,1.1605,1.16115,1.1605,1.16075
1635285600,1.16055,1.1615,1.16035,1.1609
1635300000,1.1609,1.16155,1.1606,1.16065
1635314400,1.16065,1.16235,1.1595,1.1602
1635328800,1.16015,1.1638,1.15975,1.16285
1635343200,1.16285,1.1635,1.15985,1.1626
1635357600,1.16255,1.16265,1.16085,1.16135
1635372000,1.16135,1.16145,1.15985,1.16135
1635386400,1.16135,1.16195,1.16105,1.16105
1635400800,1.16105,1.16245,1.15915,1.16025
1635415200,1.1602,1.16705,1.1592,1.16675
1635429600,1.1668,1.17025,1.16675,1.1698
1635444000,1.16975,1.16995,1.1688,1.16925
1635458400,1.1692,1.17,1.1685,1.1687
1635472800,1.16875,1.16875,1.16735,1.16775
1635487200,1.16775,1.1686,1.1655,1.1663
1635501600,1.16625,1.16665,1.16275,1.1629
1635516000,1.1629,1.1629,1.15445,1.1565
1635530400,1.1565,1.15745,1.15615,1.15715
1635717600,1.15715,1.15725,1.15605,1.15655
1635732000,1.15655,1.1573,1.15555,1.1573
1635746400,1.15725,1.15845,1.1557,1.15755
1635760800,1.15755,1.159,1.1574,1.1582
1635775200,1.15825,1.16045,1.15745,1.1604
1635789600,1.1604,1.16185,1.1604,1.1616
1635804000,1.16145,1.16155,1.1604,1.1607
1635818400,1.1607,1.16175,1.1605,1.16165
1635832800,1.16165,1.1623,1.1595,1.16075
1635847200,1.16075,1.1617,1.1598,1.16
1635861600,1.16,1.16085,1.15845,1.15925
1635876000,1.1592,1.15945,1.1586,1.15895
1635890400,1.15875,1.1592,1.15835,1.1591
1635904800,1.1591,1.1596,1.15885,1.15945
1635919200,1.1594,1.16065,1.15875,1.16015
1635933600,1.16015,1.16015,1.1577,1.158
1635948000,1.15795,1.15965,1.1571,1.1592
1635962400,1.1592,1.1625,1.158,1.16215
1635976800,1.16205,1.1625,1.16115,1.1612
1635991200,1.1612,1.1615,1.15935,1.15975
1636005600,1.15975,1.15975,1.15555,1.15615
1636020000,1.15605,1.1581,1.15505,1.15615
1636034400,1.15615,1.15645,1.1535,1.1555
1636048800,1.1555,1.1566,1.15545,1.1563
1636063200,1.15605,1.15635,1.1553,1.15585
1636077600,1.1558,1.15655,1.1549,1.1561
1636092000,1.15605,1.1571,1.1547,1.155
1636106400,1.155,1.15505,1.15205,1.1527
1636120800,1.1527,1.1576,1.1526,1.15645
1636135200,1.1565,1.15815,1.1556,1.15765
1636326000,1.1573,1.15775,1.15605,1.15665
1636340400,1.15665,1.15765,1.15645,1.1571
1636354800,1.15715,1.1584,1.1558,1.1575
1636369200,1.1575,1.1591,1.1569,1.15835
1636383600,1.1583,1.1603,1.15815,1.1595
1636398000,1.1595,1.15995,1.159,1.1594
1636412400,1.1594,1.1598,1.15845,1.1592
1636426800,1.15915,1.16135,1.15905,1.16045
1636441200,1.16045,1.1611,1.15875,1.1598
1636455600,1.15975,1.1616,1.15765,1.16075
1636470000,1.16075,1.1609,1.15785,1.15975
1636484400,1.1597,1.16055,1.15955,1.16015
1636498800,1.16015,1.16025,1.159,1.1592
1636513200,1.15925,1.1595,1.1584,1.1587
1636527600,1.1587,1.15895,1.15645,1.15795
1636542000,1.1579,1.15815,1.15405,1.1568
1636556400,1.15685,1.15705,1.1489,1.1506
1636570800,1.15055,1.1506,1.1482,1.1484
1636585200,1.1485,1.1494,1.14735,1.1475
1636599600,1.14755,1.1491,1.1471,1.14865
1636614000,1.1486,1.1488,1.146,1.1468
1636628400,1.1468,1.14815,1.14605,1.14755
1636642800,1.14755,1.1483,1.1452,1.1455
1636657200,1.1455,1.14575,1.14495,1.14555
1636671600,1.1457,1.1457,1.1442,1.14465
1636686000,1.1446,1.14515,1.14425,1.14515
1636700400,1.1451,1.1462,1.1443,1.14475
1636714800,1.1448,1.1461,1.1439,1.14425
1636729200,1.1443,1.14685,1.1443,1.1453
1636743600,1.1453,1.14555,1.14475,1.14495
1636930800,1.145,1.14695,1.1447,1.1466
1636945200,1.14655,1.1469,1.14595,1.1464
1636959600,1.1464,1.14675,1.14425,1.1454
1636974000,1.1454,1.14615,1.144,1.14435
1636988400,1.14435,1.14515,1.1384,1.13905
1637002800,1.139,1.1396,1.1362,1.13725
1637017200,1.1373,1.13915,1.1365,1.13885
1637031600,1.13885,1.139,1.138,1.1383
1637046000,1.13835,1.1385,1.13565,1.1367
1637060400,1.1367,1.13805,1.1335,1.13495
1637074800,1.13495,1.1361,1.1325,1.13325
1637089200,1.1333,1.1337,1.13145,1.13235
1637103600,1.1326,1.1332,1.1315,1.1327
1637118000,1.1327,1.1327,1.12685,1.13075
1637132400,1.13075,1.13265,1.13035,1.1313
1637146800,1.1313,1.13375,1.13025,1.1323
1637161200,1.13235,1.1332,1.12985,1.1323
1637175600,1.13235,1.13285,1.1316,1.1324
1637190000,1.1324,1.1343,1.132,1.13385
1637204400,1.13385,1.134,1.1318,1.1324
1637218800,1.1324,1.13445,1.13185,1.13415
1637233200,1.13415,1.1353,1.13315,1.13465
1637247600,1.13465,1.1379,1.1341,1.1372
1637262000,1.1372,1.1379,1.13715,1.13775
1637276400,1.1377,1.13775,1.1358,1.13585
1637290800,1.13585,1.1365,1.13555,1.1363
1637305200,1.13635,1.13635,1.12875,1.1305
1637319600,1.1305,1.1326,1.1254,1.1312
1637334000,1.1312,1.1327,1.12915,1.12915
1637348400,1.12915,1.1297,1.12845,1.1287
1637535600,1.1289,1.1294,1.12695,1.1276
1637550000,1.1276,1.1283,1.12695,1.12705
1637564400,1.1271,1.12945,1.1264,1.1291
1637578800,1.1291,1.12925,1.124,1.12625
1637593200,1.1262,1.127,1.1242,1.12445
1637607600,1.12445,1.12455,1.1235,1.12385
1637622000,1.12395,1.1248,1.123,1.124
1637636400,1.12395,1.1245,1.12355,1.1244
1637650800,1.12445,1.12785,1.1238,1.1258
1637665200,1.1258,1.1265,1.1238,1.12535
1637679600,1.1253,1.12755,1.1246,1.12525
1637694000,1.1253,1.12575,1.12505,1.1253
1637708400,1.12525,1.1254,1.1239,1.12415
1637722800,1.12415,1.1251,1.12365,1.1251
1637737200,1.12505,1.1259,1.1207,1.12125
1637751600,1.12125,1.1224,1.119,1.1208
1637766000,1.1208,1.1217,1.11915,1.1197
1637780400,1.11965,1.12095,1.11925,1.12045
1637794800,1.1203,1.12175,1.1203,1.12155
1637809200,1.12155,1.1221,1.1213,1.12175
1637823600,1.1217,1.12325,1.12155,1.1225
1637838000,1.1225,1.1233,1.1216,1.12205
1637852400,1.12205,1.12205,1.12095,1.1213
1637881200,1.12125,1.1228,1.12095,1.1227
1637895600,1.12275,1.1236,1.12205,1.1234
1637910000,1.12345,1.1289,1.12305,1.12875
1637924400,1.12875,1.1301,1.12775,1.12965
1637938800,1.1297,1.1325,1.12925,1.1309
1638140400,1.13,1.1304,1.12795,1.12855
1638154800,1.12855,1.1288,1.1274,1.12755
1638169200,1.1275,1.1297,1.1263,1.1288
1638183600,1.1288,1.1298,1.12615,1.1264
1638198000,1.12635,1.1279,1.12615,1.127
1638212400,1.127,1.1296,1.1268,1.12945
1638226800,1.1294,1.1308,1.1288,1.1307
1638241200,1.1307,1.133,1.1298,1.13255
1638255600,1.1326,1.1376,1.1315,1.1365
1638270000,1.1365,1.13855,1.13435,1.1381
1638284400,1.13805,1.1386,1.12375,1.1313
1638298800,1.1313,1.13485,1.131,1.1343
1638313200,1.1342,1.13455,1.13195,1.13245
1638327600,1.13245,1.13405,1.1324,1.1334
1638342000,1.13345,1.1363,1.1305,1.13285
1638356400,1.1329,1.13585,1.1311,1.1355
1638370800,1.13555,1.13605,1.1318,1.13305
1638385200,1.1331,1.13325,1.13115,1.13225
1638399600,1.132,1.13415,1.13165,1.13355
1638414000,1.1335,1.1337,1.13185,1.13235
1638428400,1.13235,1.1336,1.13095,1.1334
1638442800,1.1334,1.135,1.13295,1.134
1638457200,1.134,1.13415,1.12975,1.13055
1638471600,1.1306,1.131,1.1297,1.1304
1638486000,1.1304,1.13095,1.1292,1.1297
1638500400,1.12975,1.1304,1.1284,1.1284
1638514800,1.12845,1.13165,1.1283,1.13105
1638529200,1.13105,1.1336,1.1286,1.1295
1638543600,1.12945,1.1329,1.12685,1.13265
1638558000,1.13265,1.1328,1.13025,1.1313
1638745200,1.13125,1.13155,1.12895,1.1293
1638759600,1.12935,1.12945,1.12815,1.12815
1638774000,1.12815,1.13115,1.12765,1.13
1638788400,1.12995,1.1309,1.12845,1.12925
1638802800,1.12925,1.12925,1.1268,1.12845
1638817200,1.12845,1.12875,1.1279,1.1287
1638831600,1.1286,1.1294,1.1277,1.12935
1638846000,1.1293,1.1298,1.1288,1.1295
1638860400,1.12955,1.13,1.1255,1.12615
1638874800,1.12615,1.12685,1.12285,1.12465
1638889200,1.12465,1.1256,1.12375,1.1254
1638903600,1.1254,1.1275,1.12515,1.12695
1638918000,1.127,1.1293,1.12695,1.12925
1638932400,1.12925,1.12965,1.12885,1.129
1638946800,1.129,1.1302,1.12735,1.1293
1638961200,1.1293,1.1319,1.1267,1.1305
1638975600,1.1305,1.13515,1.13045,1.13465
1638990000,1.13465,1.1356,1.13425,1.13435
1639004400,1.1343,1.1346,1.13335,1.1334
1639018800,1.1334,1.13375,1.13275,1.13285
1639033200,1.1329,1.1331,1.13115,1.13145
1639047600,1.13145,1.1323,1.13005,1.13025
1639062000,1.13025,1.1305,1.12785,1.1294
1639076400,1.1294,1.1296,1.1287,1.1293
1639090800,1.1319,1.13275,1.1313,1.13275
1639105200,1.1328,1.1329,1.13205,1.13235
1639119600,1.13235,1.1324,1.1291,1.12945
1639134000,1.1294,1.13365,1.12925,1.13125
1639148400,1.1313,1.13515,1.13105,1.1343
1639162800,1.1343,1.1347,1.1337,1.13435
1639350000,1.1341,1.1346,1.1322,1.1322
1639364400,1.1322,1.13265,1.13115,1.13115
1639378800,1.1312,1.13195,1.12865,1.12975
1639393200,1.1297,1.1325,1.12895,1.1314
1639407600,1.13145,1.1334,1.13005,1.1322
1639422000,1.1322,1.1322,1.13095,1.13125
1639436400,1.1309,1.1312,1.1301,1.13095
1639450800,1.13095,1.13105,1.12975,1.13045
1639465200,1.13045,1.1344,1.1293,1.13425
1639479600,1.13425,1.1351,1.13225,1.1328
1639494000,1.13285,1.13295,1.12905,1.12915
1639508400,1.12915,1.12925,1.12805,1.12855
1639522800,1.1285,1.12965,1.128,1.12885
1639537200,1.12885,1.1303,1.12845,1.13015
1639551600,1.13015,1.1304,1.12895,1.1294
1639566000,1.1294,1.1303,1.1277,1.1286
1639580400,1.12865,1.12955,1.12755,1.12875
1639594800,1.1286,1.1326,1.12475,1.13205
1639609200,1.132,1.1326,1.1308,1.1316
1639623600,1.1316,1.13195,1.131,1.1318
1639638000,1.1318,1.1346,1.1317,1.13265
1639652400,1.13265,1.1388,1.1317,1.1354
1639666800,1.1354,1.1363,1.1325,1.1347
1639681200,1.13465,1.1363,1.1345,1.13555
1639695600,1.13575,1.13615,1.13465,1.13515
1639710000,1.1351,1.1375,1.13495,1.13595
1639724400,1.13595,1.13655,1.13435,1.13505
1639738800,1.13505,1.1358,1.13175,1.1332
1639753200,1.13315,1.1333,1.12775,1.12775
1639767600,1.1278,1.12835,1.126,1.1263
1639954800,1.12635,1.1275,1.12585,1.1273
1639969200,1.12725,1.128,1.1269,1.12755
1639983600,1.12765,1.12975,1.12705,1.129
1639998000,1.12895,1.1324,1.1288,1.13215
1640012400,1.1322,1.1327,1.1301,1.13035
1640026800,1.13035,1.13085,1.1294,1.12975
1640041200,1.12985,1.1309,1.1295,1.13085
1640055600,1.13085,1.13085,1.12975,1.13
1640070000,1.13005,1.1325,1.1298,1.13125
1640084400,1.1312,1.1323,1.1292,1.12945
1640098800,1.1295,1.1305,1.12815,1.1294
1640113200,1.1294,1.13085,1.12935,1.13075
1640127600,1.13035,1.1315,1.1295,1.12985
1640142000,1.12985,1.1299,1.1286,1.1288
1640156400,1.12875,1.13215,1.1285,1.13145
1640170800,1.13145,1.1342,1.1314,1.133
1640185200,1.13295,1.1364,1.1328,1.13475
1640199600,1.1348,1.1361,1.13445,1.13485
1640214000,1.13465,1.1363,1.1344,1.1362
1640228400,1.13615,1.13625,1.1355,1.13565
1640242800,1.13565,1.136,1.1331,1.13475
1640257200,1.13475,1.135,1.1311,1.13295
1640271600,1.13295,1.13595,1.13265,1.1353
1640286000,1.1353,1.13565,1.13465,1.13485
1640559600,1.13445,1.13485,1.1335,1.134
1640574000,1.134,1.1346,1.1334,1.13375
1640588400,1.13375,1.13555,1.1323,1.13405
1640602800,1.13405,1.1352,1.13235,1.135
1640617200,1.135,1.1352,1.1333,1.13455
1640631600,1.1346,1.13505,1.1342,1.1347
1640646000,1.13465,1.1351,1.1338,1.13435
1640660400,1.1343,1.13485,1.13395,1.1345
1640674800,1.13455,1.13525,1.13355,1.135
1640689200,1.13505,1.13535,1.1312,1.13255
1640703600,1.1326,1.13405,1.1309,1.1323
1640718000,1.1323,1.1334,1.13185,1.133
1640732400,1.13285,1.1334,1.1317,1.13265
1640746800,1.1326,1.1329,1.1319,1.13195
1640761200,1.1319,1.13215,1.1292,1.1303
1640775600,1.1303,1.1371,1.12975,1.13675
1640790000,1.1367,1.13905,1.1355,1.13605
1640804400,1.13605,1.13725,1.1358,1.13685
1640818800,1.13665,1.13775,1.136,1.1362
1640833200,1.13625,1.13645,1.13315,1.13335
1640847600,1.1334,1.13405,1.13165,1.1334
1640862000,1.1333,1.13615,1.1315,1.135
1640876400,1.1351,1.1357,1.13205,1.1323
1640890800,1.1323,1.1347,1.1321,1.13435
1640905200,1.134,1.13455,1.1333,1.1336
1640919600,1.13355,1.13425,1.1325,1.1332
1640934000,1.13325,1.13535,1.132,1.1342
1640948400,1.1342,1.137,1.13285,1.13605
1640962800,1.1361,1.14035,1.1355,1.14015
1640977200,1.14015,1.14025,1.1385,1.13875
1641164400,1.1394,1.1395,1.13585,1.13585
1641178800,1.1359,1.1366,1.13525,1.13595
1641193200,1.13595,1.1375,1.1351,1.1371
1641207600,1.13705,1.1382,1.13155,1.13215
1641222000,1.13215,1.13245,1.1295,1.131
1641236400,1.131,1.13155,1.1309,1.1314
1641250800,1.1311,1.13255,1.1311,1.13175
1641265200,1.13175,1.13225,1.13075,1.13085
1641279600,1.13085,1.1323,1.1298,1.13095
1641294000,1.13095,1.1311,1.1287,1.1299
1641308400,1.13,1.1338,1.12945,1.12955
1641322800,1.1295,1.1308,1.12925,1.13015
1641337200,1.1301,1.1309,1.12915,1.13065
1641351600,1.1307,1.1316,1.13015,1.13105
1641366000,1.131,1.1329,1.13095,1.13225
1641380400,1.13225,1.1354,1.13175,1.1351
1641394800,1.13505,1.1362,1.1338,1.1352
1641409200,1.13525,1.13545,1.1317,1.1327
1641423600,1.13245,1.13345,1.1319,1.13335
1641438000,1.1333,1.1333,1.131,1.1311
1641452400,1.1311,1.13415,1.12985,1.13265
1641466800,1.13265,1.13465,1.13165,1.1337
1641481200,1.13375,1.13455,1.13025,1.1306
1641495600,1.1306,1.1314,1.13005,1.1312
1641510000,1.1311,1.13155,1.13045,1.131
1641524400,1.131,1.13175,1.131,1.1313
1641538800,1.13135,1.13335,1.13125,1.13205
1641553200,1.13205,1.13495,1.13065,1.1345
1641567600,1.1345,1.1377,1.13445,1.13725
1641582000,1.13725,1.138,1.13715,1.13775
1641769200,1.13745,1.13765,1.13535,1.1354
1641783600,1.1354,1.13555,1.1341,1.13475
1641798000,1.1348,1.1359,1.1335,1.13445
1641812400,1.13445,1.1351,1.1299,1.1312
1641826800,1.13115,1.135,1.1307,1.1337
1641841200,1.13375,1.1345,1.1335,1.13425
1641855600,1.1342,1.1358,1.1342,1.13525
1641870000,1.1353,1.1359,1.13465,1.13505
1641884400,1.1351,1.13665,1.13405,1.1345
1641898800,1.1345,1.1358,1.1327,1.1338
1641913200,1.13375,1.13835,1.13375,1.1381
1641927600,1.1381,1.139,1.13775,1.13825
1641942000,1.13845,1.1388,1.13785,1.13865
1641956400,1.1386,1.1392,1.13785,1.13785
1641970800,1.13785,1.1388,1.1369,1.13715
1641985200,1.13715,1.14335,1.13705,1.143
1641999600,1.143,1.14595,1.1427,1.1453
1642014000,1.1453,1.14675,1.14525,1.14555
1642028400,1.1456,1.1462,1.14495,1.14555
1642042800,1.1455,1.14605,1.1449,1.1452
1642057200,1.14525,1.1492,1.1452,1.14735
1642071600,1.14735,1.1495,1.14665,1.1487
1642086000,1.1487,1.1491,1.146,1.1472
1642100400,1.1472,1.1478,1.14635,1.14685
1642114800,1.1468,1.14845,1.14645,1.14845
1642129200,1.1484,1.1496,1.1482,1.14825
1642143600,1.14835,1.1488,1.14675,1.147
1642158000,1.147,1.1473,1.1443,1.1455
1642172400,1.1455,1.14555,1.14115,1.14225
1642186800,1.14225,1.1431,1.142,1.1429
1642374000,1.1431,1.1431,1.1413,1.1429
1642388400,1.1429,1.14355,1.1425,1.14255
1642402800,1.14255,1.1447,1.1425,1.1433
1642417200,1.1433,1.144,1.14045,1.14245
1642431600,1.14245,1.14285,1.141,1.1421
1642446000,1.14205,1.1422,1.1417,1.1419
1642460400,1.14185,1.14335,1.1418,1.14315
1642474800,1.1431,1.14345,1.13975,1.14135
1642489200,1.14135,1.1419,1.13985,1.1403
1642503600,1.14025,1.14045,1.1369,1.1379
1642518000,1.138,1.138,1.13315,1.13405
1642532400,1.134,1.1348,1.1328,1.134
1642546800,1.13415,1.1343,1.13315,1.13355
1642561200,1.1335,1.1349,1.13335,1.13465
1642575600,1.13465,1.1363,1.13415,1.136
1642590000,1.136,1.1367,1.1346,1.13565
1642604400,1.13565,1.13695,1.13485,1.1361
1642618800,1.13605,1.13675,1.1355,1.1355
1642633200,1.1355,1.13775,1.13525,1.1367
1642647600,1.13665,1.1368,1.1357,1.1361
1642662000,1.13615,1.1381,1.13535,1.1357
1642676400,1.13575,1.137,1.13425,1.1357
1642690800,1.13565,1.13655,1.13265,1.13295
1642705200,1.13295,1.1332,1.13145,1.13225
1642719600,1.1323,1.13465,1.13125,1.1346
1642734000,1.13455,1.13455,1.1334,1.13405
1642748400,1.134,1.1357,1.1334,1.13505
1642762800,1.13505,1.1372,1.1337,1.1362
1642777200,1.1362,1.13655,1.13485,1.1356
1642791600,1.13555,1.13585,1.135,1.13575
1642978800,1.1355,1.13565,1.1343,1.1344
1642993200,1.13435,1.1345,1.1326,1.13345
1643007600,1.1335,1.13475,1.13205,1.133
1643022000,1.13305,1.1333,1.13015,1.131
1643036400,1.131,1.13465,1.1302,1.13395
1643050800,1.134,1.13455,1.13295,1.1337
1643065200,1.1337,1.1341,1.13205,1.1324
1643079600,1.13245,1.13275,1.1316,1.1317
1643094000,1.13175,1.1327,1.1291,1.12915
1643108400,1.12915,1.12945,1.1274,1.12845
1643122800,1.12845,1.1309,1.12805,1.13075
1643137200,1.13075,1.1318,1.1305,1.13125
1643151600,1.13155,1.1322,1.13115,1.1317
1643166000,1.1317,1.13205,1.13045,1.13045
1643180400,1.1305,1.13085,1.1287,1.12925
1643194800,1.1292,1.13075,1.12825,1.1295
1643209200,1.1295,1.13055,1.12845,1.12965
1643223600,1.1295,1.1313,1.12455,1.1253
1643238000,1.1252,1.1253,1.1236,1.1236
1643252400,1.12365,1.1238,1.1225,1.1229
1643266800,1.1229,1.12295,1.1197,1.11975
1643281200,1.11975,1.12015,1.11445,1.1171
1643295600,1.11705,1.11715,1.1141,1.1154
1643310000,1.1154,1.1159,1.11485,1.1154
1643324400,1.11555,1.11615,1.11475,1.11615
1643338800,1.11615,1.11655,1.1156,1.1156
1643353200,1.1156,1.11565,1.11305,1.11465
1643367600,1.11465,1.11835,1.1135,1.1167
1643382000,1.1167,1.11795,1.1148,1.1162
1643396400,1.1162,1.11635,1.1151,1.1157
1643583600,1.11555,1.117,1.11435,1.11685
1643598000,1.11685,1.1177,1.1167,1.1176
1643612400,1.11765,1.11925,1.117,1.1177
1643626800,1.1177,1.12085,1.1156,1.11985
1643641200,1.11985,1.1244,1.1193,1.1243
1643655600,1.12425,1.12575,1.12405,1.12425
1643670000,1.12405,1.1243,1.123,1.1242
1643684400,1.12425,1.12545,1.12355,1.12435
1643698800,1.1244,1.12785,1.12435,1.12715
1643713200,1.12715,1.12885,1.1263,1.1273
1643727600,1.1274,1.1276,1.1244,1.1258
1643742000,1.12585,1.12845,1.1252,1.1284
1643756400,1.12775,1.1287,1.1277,1.12865
1643770800,1.12865,1.12865,1.12755,1.12785
1643785200,1.1278,1.13235,1.12775,1.13185
1643799600,1.13185,1.134,1.1312,1.1314
1643814000,1.1314,1.13235,1.13015,1.13185
1643828400,1.1318,1.1323,1.1311,1.1313
1643842800,1.13125,1.1314,1.1301,1.13075
1643857200,1.1307,1.1317,1.12985,1.1299
1643871600,1.13,1.1311,1.12845,1.1288
1643886000,1.12875,1.14205,1.1275,1.13995
1643900400,1.14005,1.146,1.1395,1.14515
1643914800,1.14515,1.14585,1.14365,1.14495
1643929200,1.1449,1.14715,1.14405,1.1471
1643943600,1.1471,1.14805,1.14625,1.1465
1643958000,1.14655,1.1484,1.1448,1.14715
1643972400,1.14715,1.14925,1.14235,1.1424
1643986800,1.14245,1.1473,1.142,1.1463
1644001200,1.1463,1.14685,1.1456,1.1458
1644188400,1.1464,1.14675,1.14355,1.14365
1644202800,1.14365,1.1449,1.14325,1.144
1644217200,1.144,1.1458,1.14235,1.14295
1644231600,1.14295,1.14675,1.1429,1.14465
1644246000,1.14465,1.146,1.14255,1.14345
1644260400,1.14345,1.14525,1.14335,1.14495
1644274800,1.1449,1.14565,1.1435,1.1438
1644289200,1.1438,1.144,1.14215,1.1428
1644303600,1.1428,1.14365,1.1404,1.1436
1644318000,1.1436,1.1442,1.1408,1.1417
1644332400,1.1417,1.14315,1.14095,1.14305
1644346800,1.1431,1.14325,1.142,1.1424
1644361200,1.1425,1.14395,1.14195,1.14395
1644375600,1.14395,1.14405,1.14255,1.1426
1644390000,1.1426,1.14525,1.14105,1.1449
1644404400,1.1449,1.14535,1.1433,1.14395
1644418800,1.1439,1.1456,1.14335,1.14405
1644433200,1.144,1.14415,1.14275,1.1431
1644447600,1.1429,1.14365,1.14205,1.1436
1644462000,1.14365,1.14385,1.1428,1.143
1644476400,1.143,1.14535,1.14265,1.1443
1644490800,1.1443,1.1449,1.13815,1.14145
1644505200,1.1415,1.15035,1.1415,1.1473
1644519600,1.1473,1.1474,1.1415,1.1435
1644534000,1.1437,1.1437,1.1393,1.141
1644548400,1.14105,1.14105,1.1378,1.1383
1644562800,1.13835,1.14075,1.13805,1.14055
1644577200,1.14055,1.1426,1.1387,1.13955
1644591600,1.1396,1.14155,1.1349,1.1358
1644606000,1.1358,1.13715,1.1336,1.13545
1644793200,1.13515,1.13765,1.13475,1.13505
1644807600,1.13505,1.1359,1.13455,1.13515
1644822000,1.1351,1.13565,1.13085,1.13205
1644836400,1.1321,1.13495,1.13075,1.1327
1644850800,1.1327,1.1327,1.1299,1.13045
1644865200,1.1305,1.1315,1.12875,1.1313
1644879600,1.13125,1.1329,1.131,1.13255
1644894000,1.13255,1.13305,1.132,1.1328
1644908400,1.13285,1.13605,1.1316,1.1355
1644922800,1.13545,1.13665,1.13265,1.1328
1644937200,1.1328,1.13745,1.13275,1.1362
1644951600,1.1362,1.13705,1.1361,1.1365
1644966000,1.13625,1.1366,1.13515,1.13545
1644980400,1.1354,1.137,1.13515,1.13695
1644994800,1.13695,1.1402,1.13695,1.1387
1645009200,1.13865,1.13945,1.13595,1.1372
1645023600,1.13715,1.1389,1.1366,1.1383
1645038000,1.13835,1.1402,1.1376,1.13775
1645052400,1.138,1.1391,1.13725,1.1388
1645066800,1.13885,1.139,1.13285,1.13655
1645081200,1.13655,1.1392,1.1348,1.1381
1645095600,1.13805,1.13845,1.1356,1.13645
1645110000,1.13645,1.1385,1.136,1.1368
1645124400,1.1368,1.13725,1.1362,1.13675
1645138800,1.1367,1.1377,1.1363,1.13725
1645153200,1.1372,1.1377,1.1367,1.13765
1645167600,1.13765,1.13825,1.1366,1.13665
1645182000,1.13665,1.1374,1.1344,1.13535
1645196400,1.1354,1.136,1.1319,1.13355
1645210800,1.13355,1.1341,1.13185,1.1326
1645398000,1.13235,1.1364,1.13185,1.13625
1645412400,1.13625,1.1375,1.13625,1.1374
1645426800,1.1374,1.13965,1.13595,1.1362
1645441200,1.13615,1.13665,1.13255,1.13385
1645455600,1.13385,1.1354,1.1322,1.1322
1645470000,1.13225,1.1326,1.1311,1.13135
1645484400,1.1312,1.13245,1.13015,1.13095
1645498800,1.1309,1.13175,1.1293,1.13095
1645513200,1.13095,1.1372,1.12975,1.13575
1645527600,1.1358,1.13645,1.13405,1.1352
1645542000,1.13515,1.13595,1.133,1.1334
1645556400,1.1334,1.13465,1.1327,1.1331
1645570800,1.13315,1.13435,1.1325,1.1327
1645585200,1.1327,1.1336,1.13245,1.1327
1645599600,1.13265,1.1364,1.13205,1.1356
1645614000,1.13555,1.13575,1.1335,1.1338
1645628400,1.13385,1.13425,1.13085,1.13135
1645642800,1.13135,1.1317,1.13055,1.13085
1645657200,1.131,1.1313,1.1268,1.1277
1645671600,1.12765,1.1283,1.12125,1.12495
1645686000,1.12485,1.1267,1.11675,1.1182
1645700400,1.11825,1.11895,1.11485,1.11515
1645714800,1.1151,1.1211,1.11105,1.11955
1645729200,1.11945,1.1226,1.1189,1.11975
1645743600,1.12,1.12185,1.11905,1.1218
1645758000,1.12175,1.12325,1.1205,1.1206
1645772400,1.1206,1.1226,1.117,1.1184
1645786800,1.1184,1.12545,1.11725,1.12365
1645801200,1.1237,1.12715,1.1236,1.1261
1645815600,1.1261,1.12785,1.1254,1.1275
1646002800,1.11635,1.12005,1.11525,1.11635
1646017200,1.1163,1.11745,1.11485,1.11655
1646031600,1.1166,1.1239,1.11625,1.12355
1646046000,1.1236,1.1236,1.11845,1.1227
1646060400,1.1227,1.1252,1.1203,1.12205
1646074800,1.1221,1.12295,1.12095,1.1223
1646089200,1.12235,1.1225,1.1198,1.1201
1646103600,1.12005,1.12125,1.11955,1.12105
1646118000,1.1211,1.12365,1.117,1.1185
1646132400,1.1185,1.119,1.1144,1.1154
1646146800,1.11545,1.1155,1.10935,1.11265
1646161200,1.11255,1.11425,1.1117,1.1129
1646175600,1.11245,1.1139,1.11135,1.11285
1646190000,1.1129,1.11325,1.10995,1.1101
1646204400,1.11005,1.1116,1.1061,1.11
1646218800,1.11,1.1122,1.1079,1.1096
1646233200,1.1096,1.1146,1.106,1.11305
1646247600,1.11305,1.11365,1.1119,1.1121
1646262000,1.11215,1.1125,1.1092,1.1108
1646276400,1.11075,1.11085,1.10955,1.11065
1646290800,1.1106,1.1108,1.10735,1.10885
1646305200,1.1088,1.1099,1.1066,1.10815
1646319600,1.10825,1.109,1.1035,1.1064
1646334000,1.1064,1.1069,1.1057,1.1069
1646348400,1.10675,1.10695,1.1011,1.10315
1646362800,1.1031,1.1041,1.10165,1.10175
1646377200,1.10175,1.1026,1.1001,1.1003
1646391600,1.1003,1.10085,1.08875,1.09105
1646406000,1.09105,1.0935,1.0903,1.09345
1646420400,1.0935,1.09425,1.09115,1.0938
1646607600,1.0928,1.0929,1.0823,1.0847
1646622000,1.0848,1.08915,1.0843,1.08755
1646636400,1.08755,1.08995,1.08065,1.0834
1646650800,1.08345,1.0934,1.08275,1.08925
1646665200,1.08925,1.09015,1.085,1.08815
1646679600,1.088,1.08915,1.08465,1.08565
1646694000,1.0854,1.0886,1.085,1.08765
1646708400,1.0876,1.088,1.0853,1.08615
1646722800,1.0862,1.0923,1.0852,1.08995
1646737200,1.08995,1.09255,1.0882,1.09055
1646751600,1.0906,1.0959,1.0873,1.09185
1646766000,1.0918,1.0918,1.0895,1.08965
1646780400,1.09005,1.09215,1.089,1.0917
1646794800,1.0917,1.093,1.0906,1.09185
1646809200,1.0918,1.09935,1.091,1.0968
1646823600,1.0968,1.10515,1.0943,1.1032
1646838000,1.1032,1.10965,1.1012,1.1067
1646852400,1.1067,1.10845,1.10625,1.10765
1646866800,1.10705,1.1079,1.1042,1.10525
1646881200,1.1053,1.10685,1.1046,1.1057
1646895600,1.10565,1.1081,1.1026,1.10355
1646910000,1.10355,1.11225,1.10005,1.10165
1646924400,1.10165,1.1024,1.09805,1.0987
1646938800,1.0987,1.09945,1.0977,1.09875
1646953200,1.10255,1.10565,1.1018,1.10315
1646967600,1.10315,1.1047,1.10285,1.1042
1646982000,1.1042,1.1046,1.0998,1.1017
1646996400,1.1017,1.10815,1.10105,1.1019
1647010800,1.10195,1.102,1.0939,1.094
1647025200,1.094,1.0954,1.09395,1.0949
1647208800,1.09565,1.09755,1.09415,1.0954
1647223200,1.09545,1.0955,1.09365,1.09495
1647237600,1.0948,1.10265,1.0946,1.1019
1647252000,1.10185,1.10205,1.09715,1.09795
1647266400,1.09795,1.10315,1.09765,1.1012
1647280800,1.1012,1.1013,1.09765,1.09785
1647295200,1.09805,1.09925,1.09665,1.09915
1647309600,1.0991,1.1022,1.09905,1.102
1647324000,1.10195,1.10565,1.10035,1.10425
1647338400,1.10425,1.10425,1.10105,1.1035
1647352800,1.10345,1.1037,1.0974,1.09755
1647367200,1.0976,1.0992,1.09635,1.0992
1647381600,1.0989,1.1011,1.09885,1.10045
1647396000,1.1004,1.1015,1.10015,1.10145
1647410400,1.1014,1.1043,1.09925,1.1025
1647424800,1.1025,1.1063,1.10205,1.10385
1647439200,1.10385,1.10785,1.10195,1.1023
1647453600,1.1021,1.10835,1.09865,1.10705
1647468000,1.1065,1.1088,1.1042,1.10705
1647482400,1.10715,1.10775,1.10585,1.10585
1647496800,1.1059,1.11025,1.10575,1.10885
1647511200,1.10885,1.11055,1.10575,1.11045
1647525600,1.1105,1.11725,1.11015,1.11615
1647540000,1.11615,1.11625,1.1124,1.11275
1647554400,1.1126,1.1153,1.11195,1.11215
1647568800,1.1122,1.1125,1.11095,1.1118
1647583200,1.1118,1.11285,1.1087,1.10915
1647597600,1.10915,1.1094,1.1037,1.1059
1647612000,1.1059,1.11065,1.10585,1.1093
1647626400,1.1093,1.1094,1.10745,1.10825
1647813600,1.10845,1.1092,1.10715,1.1079
1647828000,1.10785,1.1086,1.10715,1.10755
1647842400,1.10755,1.11045,1.10685,1.10905
1647856800,1.1091,1.10925,1.10595,1.10675
1647871200,1.10675,1.10855,1.1052,1.10645
1647885600,1.10645,1.1065,1.1044,1.10475
1647900000,1.10505,1.10595,1.10145,1.10285
1647914400,1.1029,1.10385,1.1013,1.10145
1647928800,1.1015,1.10485,1.0994,1.103
1647943200,1.10305,1.1078,1.1021,1.1075
1647957600,1.1075,1.10795,1.1045,1.10565
1647972000,1.1057,1.1068,1.1054,1.1066
1647986400,1.1064,1.1078,1.10545,1.10595
1648000800,1.10595,1.1073,1.10575,1.10705
1648015200,1.10705,1.1073,1.1022,1.10305
1648029600,1.10305,1.10405,1.09965,1.09995
1648044000,1.09995,1.1041,1.0999,1.10395
1648058400,1.10395,1.10455,1.10355,1.10395
1648072800,1.10405,1.10465,1.10145,1.10205
1648087200,1.10215,1.10245,1.10095,1.10105
1648101600,1.101,1.10335,1.1005,1.1021
1648116000,1.1021,1.1035,1.0998,1.10075
1648130400,1.1007,1.1047,1.10045,1.10265
1648144800,1.10265,1.1039,1.10235,1.1031
1648159200,1.10335,1.1068,1.10315,1.1065
1648173600,1.10655,1.1071,1.10565,1.10615
1648188000,1.10615,1.1064,1.10335,1.1038
1648202400,1.1038,1.1055,1.1025,1.10445
1648216800,1.1045,1.1058,1.10135,1.1024
1648231200,1.10235,1.103,1.101,1.1015
1648418400,1.1017,1.10185,1.0986,1.0987
1648432800,1.09875,1.09945,1.0977,1.0984
1648447200,1.09835,1.10325,1.09775,1.1013
1648461600,1.1013,1.10265,1.098,1.1002
1648476000,1.10015,1.1033,1.0997,1.10165
1648490400,1.1016,1.1024,1.1007,1.10205
1648504800,1.10205,1.1031,1.1002,1.1025
1648519200,1.10255,1.10305,1.1012,1.10155
1648533600,1.1016,1.10785,1.10065,1.107
1648548000,1.10695,1.117,1.1064,1.11625
1648562400,1.11615,1.11645,1.11035,1.1109
1648576800,1.11095,1.1126,1.1105,1.1116
1648591200,1.1119,1.1141,1.11175,1.11355
1648605600,1.1135,1.1153,1.11325,1.11435
1648620000,1.1144,1.1193,1.1136,1.11775
1648634400,1.1177,1.11965,1.1143,1.1195
1648648800,1.11955,1.1202,1.1179,1.1179
1648663200,1.1179,1.11935,1.1179,1.1188
1648677600,1.11875,1.12155,1.11865,1.1206
1648692000,1.12055,1.12055,1.1187,1.1196
1648706400,1.1196,1.12055,1.1135,1.11405
1648720800,1.11405,1.11445,1.1098,1.11215
1648735200,1.11215,1.1163,1.11,1.11105
1648749600,1.1111,1.1111,1.109,1.10955
1648764000,1.10955,1.11055,1.1088,1.11005
1648778400,1.11,1.11035,1.10905,1.10965
1648792800,1.1097,1.11045,1.107,1.1084
1648807200,1.10845,1.10965,1.1065,1.1074
1648821600,1.10735,1.1079,1.10565,1.10685
1648836000,1.1068,1.10815,1.1067,1.10775
1649023200,1.1069,1.10835,1.1067,1.10775
1649037600,1.10775,1.1082,1.10745,1.108
1649052000,1.10795,1.1083,1.10375,1.1038
1649066400,1.10385,1.10425,1.1009,1.1021
1649080800,1.10205,1.10295,1.0991,1.0992
1649095200,1.0992,1.1004,1.0989,1.09955
1649109600,1.10005,1.10075,1.0995,1.09965
1649124000,1.09965,1.1001,1.09905,1.0997
1649138400,1.09965,1.1017,1.09885,1.10065
1649152800,1.1006,1.10065,1.09845,1.09985
1649167200,1.09975,1.1001,1.09395,1.09415
1649181600,1.09415,1.09435,1.0928,1.09335
1649196000,1.09325,1.09365,1.09185,1.09195
1649210400,1.09195,1.0931,1.0911,1.09115
1649224800,1.09115,1.09555,1.09025,1.0941
1649239200,1.0941,1.0966,1.09275,1.09415
1649253600,1.0942,1.09515,1.0927,1.0928
1649268000,1.09285,1.0957,1.0907,1.09235
1649282400,1.0926,1.09395,1.0921,1.09375
1649296800,1.09365,1.09475,1.0932,1.0946
1649311200,1.09455,1.09615,1.08915,1.0919
1649325600,1.09195,1.09655,1.09135,1.09415
1649340000,1.09415,1.09505,1.09035,1.091
1649354400,1.091,1.09155,1.08935,1.09065
1649368800,1.09075,1.0909,1.08845,1.0892
1649383200,1.08925,1.08945,1.0881,1.08945
1649397600,1.0894,1.09065,1.08745,1.0896
1649412000,1.08955,1.0918,1.0863,1.08665
1649426400,1.08665,1.09095,1.08655,1.0899
1649440800,1.08995,1.09125,1.08965,1.0903
1649628000,1.0939,1.09405,1.09065,1.0917
1649642400,1.09165,1.09195,1.09015,1.0919
1649656800,1.09185,1.09545,1.09005,1.0952
1649671200,1.0952,1.09595,1.0906,1.0908
1649685600,1.09075,1.0926,1.0899,1.0909
1649700000,1.0909,1.09215,1.0907,1.0911
1649714400,1.09125,1.09135,1.0893,1.0897
1649728800,1.0897,1.09095,1.08925,1.0897
1649743200,1.08965,1.08995,1.08795,1.08995
1649757600,1.08995,1.093,1.08765,1.08965
1649772000,1.0896,1.09145,1.0853,1.08545
1649786400,1.08545,1.0859,1.08465,1.08515
1649800800,1.08505,1.0856,1.0835,1.08545
1649815200,1.08545,1.08675,1.08525,1.08675
1649829600,1.0867,1.0869,1.0839,1.08585
1649844000,1.0859,1.08715,1.0833,1.08405
1649858400,1.0841,1.09185,1.08385,1.0899
1649872800,1.08995,1.09175,1.0896,1.09165
1649887200,1.09155,1.09325,1.0907,1.093
1649901600,1.093,1.09425,1.09255,1.0934
1649916000,1.09345,1.0948,1.09255,1.0938
1649930400,1.09385,1.09425,1.0781,1.0794
1649944800,1.07945,1.08555,1.07925,1.0848
1649959200,1.0848,1.08595,1.0845,1.08545
1650232800,1.08315,1.08465,1.0818,1.08315
1650247200,1.08315,1.08335,1.08125,1.08185
1650261600,1.0818,1.0828,1.08075,1.08175
1650276000,1.08165,1.0839,1.08145,1.08245
1650290400,1.08245,1.08285,1.0794,1.08065
1650304800,1.0807,1.08105,1.0802,1.08055
1650319200,1.0804,1.0812,1.0797,1.08005
1650333600,1.0801,1.08055,1.07845,1.0798
1650348000,1.07975,1.08385,1.0791,1.0822
1650362400,1.08215,1.0832,1.08085,1.08295
1650376800,1.08295,1.083,1.08055,1.08125
1650391200,1.08125,1.08185,1.0806,1.081
1650405600,1.0811,1.0824,1.08075,1.08205
1650420000,1.08195,1.0846,1.08155,1.08395
1650434400,1.0839,1.089,1.08285,1.0878
1650448800,1.0878,1.08895,1.0844,1.0865
1650463200,1.0865,1.08895,1.0863,1.0875
1650477600,1.08745,1.08805,1.0863,1.08775
1650492000,1.0874,1.0878,1.08535,1.086
1650506400,1.08595,1.0874,1.0845,1.0869
1650520800,1.08695,1.09585,1.0868,1.09365
1650535200,1.0936,1.0944,1.08925,1.0894
1650549600,1.0894,1.08985,1.0855,1.0872
1650564000,1.08715,1.0873,1.0852,1.08525
1650578400,1.0856,1.08685,1.08535,1.0862
1650592800,1.08625,1.08735,1.08525,1.08685
1650607200,1.08675,1.0873,1.0812,1.08275
1650621600,1.0827,1.0867,1.08215,1.0828
1650636000,1.08285,1.0839,1.07925,1.081
1650650400,1.08095,1.0824,1.08065,1.082
1650837600,1.0831,1.084,1.08055,1.0809
1650852000,1.0809,1.08105,1.079,1.0797
1650866400,1.0797,1.07995,1.0728,1.07525
1650880800,1.07525,1.078,1.07375,1.07445
1650895200,1.07445,1.0751,1.0718,1.07345
1650909600,1.07345,1.074,1.0726,1.07325
1650924000,1.07335,1.07545,1.0728,1.07465
1650938400,1.07465,1.07595,1.07435,1.07525
1650952800,1.0753,1.07555,1.0693,1.0708
1650967200,1.0708,1.0719,1.06855,1.0696
1650981600,1.06955,1.0699,1.0663,1.06675
1650996000,1.06675,1.06725,1.0657,1.0657
1651010400,1.06605,1.06685,1.0655,1.06675
1651024800,1.0667,1.06765,1.06545,1.0671
1651039200,1.0671,1.06725,1.0606,1.0634
1651053600,1.06345,1.06435,1.0554,1.0569
1651068000,1.0568,1.05925,1.05345,1.05905
1651082400,1.05905,1.0593,1.0574,1.05805
1651096800,1.0579,1.05795,1.05505,1.0566
1651111200,1.0567,1.0567,1.05,1.0532
1651125600,1.05315,1.05845,1.05265,1.05395
1651140000,1.05395,1.0549,1.04905,1.0528
1651154400,1.05275,1.05515,1.05005,1.0519
1651168800,1.05195,1.05305,1.05175,1.05195
1651183200,1.05185,1.0549,1.051,1.0538
1651197600,1.0538,1.0561,1.0524,1.05565
1651212000,1.0556,1.0612,1.055,1.0597
1651226400,1.05975,1.05985,1.0529,1.0553
1651240800,1.05535,1.0598,1.05375,1.0592
1651255200,1.0592,1.0594,1.0561,1.05635
1651442400,1.0569,1.05725,1.05405,1.0544
1651456800,1.05435,1.0547,1.0529,1.05325
1651471200,1.05325,1.05875,1.0529,1.05455
1651485600,1.0546,1.05515,1.0522,1.0542
1651500000,1.05435,1.0561,1.05115,1.0512
1651514400,1.0512,1.053,1.0509,1.05265
1651528800,1.05275,1.0545,1.05245,1.0541
1651543200,1.05405,1.05445,1.0516,1.0526
1651557600,1.05255,1.05465,1.05105,1.0532
1651572000,1.05315,1.0596,1.05175,1.05745
1651586400,1.0575,1.05835,1.053,1.0548
1651600800,1.0548,1.0549,1.05315,1.054
1651615200,1.05405,1.05525,1.0537,1.0547
1651629600,1.0547,1.05485,1.0529,1.05305
1651644000,1.0531,1.05525,1.0524,1.05415
1651658400,1.0542,1.05735,1.0539,1.05505
1651672800,1.05505,1.05825,1.0543,1.05665
1651687200,1.0563,1.065,1.05275,1.0639
1651701600,1.06395,1.06585,1.062,1.06425
1651716000,1.0642,1.0647,1.0623,1.0629
1651730400,1.06295,1.0634,1.0598,1.0614
1651744800,1.0614,1.06245,1.0558,1.05725
1651759200,1.0573,1.0573,1.0509,1.052
1651773600,1.052,1.05675,1.05185,1.0555
1651788000,1.0556,1.0567,1.0532,1.0542
1651802400,1.0542,1.05555,1.05355,1.05385
1651816800,1.0538,1.0597,1.04985,1.0587
1651831200,1.05865,1.0615,1.0564,1.05895
1651845600,1.05895,1.0611,1.0566,1.0566
1651860000,1.0566,1.05745,1.05525,1.05605
1652047200,1.05595,1.05605,1.0529,1.05395
1652061600,1.05395,1.05395,1.0518,1.0523
1652076000,1.0523,1.0546,1.0511,1.0543
1652090400,1.0543,1.0589,1.0541,1.05475
1652104800,1.05475,1.0608,1.05325,1.0574
1652119200,1.0574,1.0591,1.0566,1.0574
1652133600,1.0575,1.0585,1.05675,1.05765
1652148000,1.0578,1.06,1.0575,1.05915
1652162400,1.0592,1.05935,1.05515,1.0554
1652176800,1.0554,1.059,1.055,1.05585
1652191200,1.05585,1.0568,1.05405,1.05525
1652205600,1.05525,1.0555,1.05425,1.0545
1652220000,1.0546,1.0551,1.05395,1.0548
1652234400,1.05475,1.0565,1.0544,1.05605
1652248800,1.05605,1.059,1.05515,1.0578
1652263200,1.0578,1.0592,1.05165,1.0575
1652277600,1.0575,1.05845,1.05285,1.0531
1652292000,1.0532,1.05505,1.05245,1.05275
1652306400,1.05275,1.0542,1.05205,1.05365
1652320800,1.05365,1.05425,1.0512,1.05145
1652335200,1.05145,1.05285,1.0435,1.04405
1652349600,1.04405,1.04565,1.0402,1.0412
1652364000,1.04125,1.04385,1.0366,1.0382
1652378400,1.03815,1.0396,1.03785,1.0394
1652392800,1.0392,1.0402,1.0386,1.03905
1652407200,1.0391,1.04145,1.03895,1.04085
1652421600,1.04085,1.0432,1.03855,1.0387
1652436000,1.0387,1.0411,1.03615,1.03765
1652450400,1.0376,1.0429,1.0376,1.0411
1652464800,1.04115,1.0434,1.04055,1.0428
1652652000,1.04135,1.043,1.04095,1.04175
1652666400,1.0417,1.042,1.0401,1.0413
1652680800,1.04135,1.0448,1.0407,1.0428
1652695200,1.0428,1.04505,1.0414,1.0416
1652709600,1.0417,1.04405,1.0401,1.04375
1652724000,1.0437,1.0455,1.0434,1.0446
1652738400,1.04495,1.04655,1.04395,1.04605
1652752800,1.04605,1.0463,1.04435,1.04585
1652767200,1.0459,1.0504,1.04575,1.0487
1652781600,1.04875,1.05675,1.04875,1.0552
1652796000,1.0552,1.0564,1.0537,1.0558
1652810400,1.0558,1.05665,1.05325,1.0562
1652824800,1.056,1.0575,1.0547,1.055
1652839200,1.0551,1.0552,1.05355,1.05505
1652853600,1.0551,1.05515,1.05055,1.05355
1652868000,1.05355,1.05535,1.05155,1.0529
1652882400,1.05295,1.05355,1.0487,1.0489
1652896800,1.04885,1.0497,1.04715,1.04725
1652911200,1.04755,1.05105,1.0471,1.04965
1652925600,1.04965,1.0517,1.0493,1.04965
1652940000,1.0496,1.0519,1.04745,1.05095
1652954400,1.05095,1.05815,1.0506,1.05685
1652968800,1.0569,1.06175,1.0562,1.06145
1652983200,1.0615,1.0616,1.0591,1.05925
1652997600,1.0595,1.0597,1.0578,1.0583
1653012000,1.05825,1.0603,1.0564,1.06005
1653026400,1.0601,1.06025,1.05645,1.06005
1653040800,1.06005,1.06085,1.05655,1.05725
1653055200,1.05725,1.0575,1.05485,1.0554
1653069600,1.0555,1.0578,1.0542,1.05715
1653256800,1.05755,1.06,1.05695,1.0597
1653271200,1.0597,1.06235,1.0594,1.06085
1653285600,1.0608,1.0697,1.06015,1.0688
1653300000,1.06875,1.0691,1.06535,1.0675
1653314400,1.0675,1.07005,1.06635,1.06935
1653328800,1.06935,1.0707,1.06885,1.0703
1653343200,1.0702,1.07035,1.06755,1.0676
1653357600,1.06765,1.06825,1.067,1.0677
1653372000,1.06775,1.0745,1.06745,1.072
1653386400,1.07195,1.0748,1.07045,1.07435
1653400800,1.07435,1.0757,1.07295,1.07415
1653415200,1.07405,1.07475,1.07305,1.07445
1653429600,1.07415,1.07475,1.0719,1.07205
1653444000,1.0721,1.07285,1.0711,1.0717
1653458400,1.07165,1.07165,1.06705,1.0684
1653472800,1.06835,1.0686,1.06505,1.0676
1653487200,1.0676,1.06955,1.066,1.068
1653501600,1.06795,1.0703,1.06705,1.06875
1653516000,1.06885,1.07135,1.06885,1.0695
1653530400,1.06955,1.07095,1.0674,1.06745
1653544800,1.06745,1.07225,1.0669,1.07195
1653559200,1.072,1.073,1.06955,1.07235
1653573600,1.0723,1.07365,1.0709,1.0721
1653588000,1.07205,1.0739,1.072,1.0738
1653602400,1.0737,1.0772,1.07335,1.07695
1653616800,1.07695,1.07695,1.075,1.0757
1653631200,1.07565,1.0762,1.0722,1.07225
1653645600,1.07225,1.0756,1.0703,1.07515
1653660000,1.07515,1.07575,1.0708,1.07245
1653674400,1.07245,1.0748,1.0723,1.07435
1653861600,1.0741,1.0759,1.07325,1.07545
1653876000,1.0755,1.0767,1.0744,1.07595
1653890400,1.07595,1.0777,1.07465,1.0772
1653904800,1.0772,1.0787,1.07545,1.07775
1653919200,1.07775,1.07935,1.07725,1.07905
1653933600,1.07895,1.07915,1.07835,1.07875
1653948000,1.0785,1.0786,1.074,1.0756
1653962400,1.07565,1.07635,1.0748,1.07515
1653976800,1.0752,1.07575,1.0727,1.07295
1653991200,1.073,1.07405,1.0685,1.0719
1654005600,1.0717,1.07445,1.06945,1.0744
1654020000,1.07435,1.07525,1.07355,1.07385
1654034400,1.07385,1.07435,1.0714,1.07225
1654048800,1.0722,1.0727,1.07105,1.0715
1654063200,1.0715,1.07445,1.07115,1.07325
1654077600,1.0732,1.07365,1.0707,1.0714
1654092000,1.07135,1.07135,1.06325,1.06565
1654106400,1.0657,1.06655,1.06505,1.06585
1654120800,1.0654,1.06635,1.06495,1.06585
1654135200,1.0659,1.06695,1.06485,1.06615
1654149600,1.06615,1.06995,1.06615,1.06925
1654164000,1.0692,1.07205,1.0687,1.07035
1654178400,1.0704,1.0752,1.06995,1.07495
1654192800,1.0749,1.07545,1.07415,1.07535
1654207200,1.0752,1.07665,1.075,1.07635
1654221600,1.07635,1.0768,1.07485,1.0758
1654236000,1.07575,1.0766,1.07465,1.0751
1654250400,1.0751,1.07555,1.0707,1.0748
1654264800,1.07485,1.0753,1.07135,1.0722
1654279200,1.07215,1.07255,1.0718,1.0723
1654466400,1.07215,1.0735,1.0713,1.0718
1654480800,1.0719,1.074,1.07175,1.073
1654495200,1.07305,1.07555,1.0721,1.0748
1654509600,1.0748,1.0749,1.07085,1.0717
1654524000,1.0717,1.0728,1.06875,1.07015
1654538400,1.0702,1.0703,1.0688,1.0699
1654552800,1.0697,1.0698,1.06755,1.06825
1654567200,1.0683,1.0703,1.0673,1.06765
1654581600,1.06775,1.07075,1.0668,1.06805
1654596000,1.06805,1.07005,1.0655,1.0691
1654610400,1.0691,1.07125,1.06775,1.0698
1654624800,1.0697,1.0717,1.0696,1.07075
1654639200,1.07075,1.071,1.06865,1.06885
1654653600,1.06885,1.0698,1.06795,1.06905
1654668000,1.069,1.07115,1.06735,1.07065
1654682400,1.07065,1.0751,1.0706,1.0743
1654696800,1.07435,1.07475,1.07185,1.07215
1654711200,1.07215,1.07225,1.0715,1.07185
1654725600,1.0719,1.0722,1.07105,1.07125
1654740000,1.07125,1.07355,1.07115,1.072
1654754400,1.072,1.0721,1.06945,1.0717
1654768800,1.0717,1.0775,1.06815,1.0688
1654783200,1.06875,1.06885,1.0619,1.064
1654797600,1.064,1.06445,1.06115,1.0618
1654812000,1.06795,1.06875,1.0672,1.06865
1654826400,1.0687,1.0704,1.0685,1.06955
1654840800,1.0695,1.07035,1.06515,1.0658
1654855200,1.06585,1.06675,1.0583,1.0588
1654869600,1.0588,1.05975,1.0567,1.0582
1654884000,1.05825,1.05895,1.05765,1.058
1655071200,1.05765,1.05825,1.0539,1.0544
1655085600,1.0545,1.05585,1.05445,1.05495
1655100000,1.0549,1.05525,1.05195,1.0525
1655114400,1.0525,1.0538,1.0499,1.0502
1655128800,1.05015,1.05235,1.0482,1.05135
1655143200,1.05135,1.0516,1.04685,1.04735
1655157600,1.04775,1.04935,1.0464,1.04695
1655172000,1.0469,1.0507,1.0468,1.0506
1655186400,1.05065,1.05535,1.0495,1.05045
1655200800,1.05045,1.0537,1.0494,1.0508
1655215200,1.0508,1.05145,1.04755,1.0488
1655229600,1.0488,1.05005,1.0469,1.0487
1655244000,1.04835,1.0521,1.0482,1.051
1655258400,1.05095,1.05445,1.04925,1.0533
1655272800,1.05325,1.05775,1.0515,1.05635
1655287200,1.05635,1.0564,1.04715,1.04955
1655301600,1.0495,1.0501,1.04485,1.04725
1655316000,1.04725,1.0539,1.0428,1.05155
1655330400,1.05115,1.0536,1.0498,1.05015
1655344800,1.05015,1.05185,1.0491,1.04955
1655359200,1.04945,1.05015,1.04465,1.04745
1655373600,1.04745,1.0539,1.045,1.05155
1655388000,1.05155,1.0668,1.05005,1.06515
1655402400,1.0651,1.0651,1.0612,1.06165
1655416800,1.0617,1.0627,1.05945,1.05995
1655431200,1.0601,1.0606,1.05835,1.0584
1655445600,1.05845,1.06025,1.05595,1.0584
1655460000,1.0584,1.0593,1.054,1.0551
1655474400,1.0551,1.0566,1.0511,1.05565
1655488800,1.0557,1.0569,1.05535,1.05615
1655676000,1.0555,1.0566,1.05405,1.05595
1655690400,1.0559,1.0598,1.05585,1.0595
1655704800,1.0595,1.06115,1.05755,1.05985
1655719200,1.0599,1.06035,1.05735,1.0585
1655733600,1.05845,1.0608,1.05725,1.05725
1655748000,1.0573,1.0581,1.0564,1.05775
1655762400,1.05775,1.06075,1.0574,1.05995
1655776800,1.06,1.0606,1.05785,1.0584
1655791200,1.05845,1.06485,1.05805,1.0634
1655805600,1.0634,1.06345,1.0611,1.0626
1655820000,1.0625,1.06335,1.05935,1.06055
1655834400,1.06055,1.06075,1.05855,1.06005
1655848800,1.0602,1.0605,1.05675,1.05735
1655863200,1.05735,1.0581,1.05505,1.0554
1655877600,1.05535,1.05905,1.05345,1.0585
1655892000,1.05855,1.06365,1.0576,1.0626
1655906400,1.0626,1.0673,1.0619,1.0645
1655920800,1.0645,1.06515,1.063,1.06345
1655935200,1.0631,1.0646,1.06215,1.06225
1655949600,1.06225,1.06415,1.062,1.06345
1655964000,1.0635,1.0644,1.0546,1.0582
1655978400,1.05815,1.06075,1.0554,1.06075
1655992800,1.06075,1.0618,1.0558,1.05705
1656007200,1.0571,1.05975,1.05705,1.05865
1656021600,1.05865,1.05975,1.0576,1.0593
1656036000,1.05925,1.061,1.05905,1.06065
1656050400,1.0606,1.0618,1.05825,1.06165
1656064800,1.0616,1.06185,1.0577,1.05975
1656079200,1.05985,1.06345,1.05975,1.0602
1656093600,1.0602,1.06225,1.0602,1.0617
1656280800,1.06145,1.0637,1.06145,1.06235
1656295200,1.06235,1.06335,1.0613,1.06215
1656309600,1.0621,1.06535,1.0617,1.06315
1656324000,1.06315,1.0652,1.0616,1.06445
1656338400,1.0645,1.06785,1.0633,1.06535
1656352800,1.06535,1.0657,1.0641,1.06435
1656367200,1.06445,1.0649,1.0633,1.06365
1656381600,1.0637,1.0647,1.0632,1.0633
1656396000,1.06335,1.0668,1.06325,1.06475
1656410400,1.06475,1.06525,1.0584,1.0595
1656424800,1.0594,1.06035,1.0564,1.0593
1656439200,1.0593,1.05955,1.05805,1.05815
1656453600,1.0582,1.0593,1.05775,1.059
1656468000,1.059,1.0596,1.05605,1.0563
1656482400,1.0563,1.0589,1.05445,1.057
1656496800,1.05705,1.0596,1.05325,1.05415
1656511200,1.0541,1.05525,1.0504,1.05085
1656525600,1.05085,1.0514,1.0495,1.05
1656540000,1.05005,1.0504,1.04885,1.0494
1656554400,1.04945,1.0515,1.04945,1.05125
1656568800,1.0512,1.05255,1.04825,1.0487
1656583200,1.04875,1.0488,1.04395,1.0474
1656597600,1.0474,1.05465,1.04695,1.0538
1656612000,1.0538,1.05425,1.05245,1.05415
1656626400,1.0536,1.0542,1.05215,1.05275
1656640800,1.0527,1.053,1.05045,1.05205
1656655200,1.052,1.0528,1.049,1.05135
1656669600,1.05135,1.05315,1.0449,1.04565
1656684000,1.0457,1.04765,1.04205,1.04675
1656698400,1.0468,1.049,1.04675,1.0486
1656885600,1.04815,1.0501,1.0478,1.049
1656900000,1.049,1.0495,1.0481,1.04895
1656914400,1.0489,1.05135,1.04775,1.0499
1656928800,1.0499,1.052,1.0498,1.05025
1656943200,1.05025,1.0505,1.0474,1.0478
1656957600,1.0478,1.0482,1.0478,1.04795
1656972000,1.04785,1.04945,1.04785,1.04915
1656986400,1.04915,1.05045,1.0484,1.04985
1657000800,1.0499,1.04995,1.03355,1.03505
1657015200,1.03505,1.03615,1.0309,1.0316
1657029600,1.03165,1.03215,1.02895,1.03065
1657044000,1.03065,1.03255,1.03045,1.032
1657058400,1.03205,1.0326,1.0308,1.0316
1657072800,1.03165,1.0325,1.02935,1.03015
1657087200,1.0301,1.0331,1.02745,1.0277
1657101600,1.02775,1.0281,1.02195,1.0231
1657116000,1.02305,1.0251,1.0215,1.024
1657130400,1.02405,1.0253,1.0227,1.0238
1657144800,1.02365,1.0241,1.02285,1.02375
1657159200,1.02375,1.0273,1.02365,1.02705
1657173600,1.027,1.02705,1.02265,1.02595
1657188000,1.02595,1.02695,1.02165,1.02365
1657202400,1.0236,1.02365,1.0195,1.0207
1657216800,1.02075,1.02195,1.0205,1.02115
1657231200,1.0214,1.02415,1.0211,1.0227
1657245600,1.02275,1.02295,1.01905,1.0211
1657260000,1.02105,1.02205,1.01215,1.01715
1657274400,1.01715,1.02285,1.01665,1.01935
1657288800,1.01945,1.0242,1.01865,1.0217
1657303200,1.0216,1.024,1.0216,1.024
1657490400,1.02285,1.02345,1.0185,1.019
1657504800,1.01895,1.0206,1.0188,1.019
1657519200,1.01895,1.0194,1.0152,1.0153
1657533600,1.0153,1.01685,1.0101,1.01185
1657548000,1.01185,1.01425,1.011,1.012
1657562400,1.01205,1.01225,1.00835,1.0089
1657576800,1.0089,1.01045,1.0055,1.00775
1657591200,1.00775,1.008,1.00535,1.00595
1657605600,1.00595,1.00885,1.0048,1.00615
1657620000,1.0061,1.0119,1.00555,1.00965
1657634400,1.0096,1.01235,1.009,1.01075
1657648800,1.01075,1.0112,1.00795,1.00865
1657663200,1.0086,1.0094,1.0071,1.00755
1657677600,1.0076,1.00955,1.00715,1.0086
1657692000,1.00865,1.01015,1.00545,1.00865
1657706400,1.0086,1.01615,1.0046,1.0071
1657720800,1.0071,1.01725,1.00665,1.0132
1657735200,1.0132,1.0132,1.01045,1.01085
1657749600,1.0107,1.01085,1.00635,1.00675
1657764000,1.0067,1.0089,1.0062,1.0067
1657778400,1.0068,1.00995,1.00535,1.0095
1657792800,1.00945,1.00965,1,1.00285
1657807200,1.00285,1.0095,1.0008,1.0061
1657821600,1.00605,1.0085,1.00575,1.0067
1657836000,1.00675,1.00805,1.0058,1.008
1657850400,1.00795,1.0088,1.0065,1.0068
1657864800,1.0068,1.0096,1.0053,1.0091
1657879200,1.00905,1.0132,1.00835,1.00925
1657893600,1.00935,1.01455,1.00935,1.0124
1657908000,1.0124,1.0136,1.012,1.0134
1658095200,1.0134,1.0158,1.01255,1.0155
1658109600,1.0155,1.0161,1.01335,1.01345
1658124000,1.0135,1.0205,1.01275,1.02025
1658138400,1.02025,1.02225,1.01655,1.0202
1658152800,1.0202,1.0249,1.01995,1.02015
1658167200,1.02015,1.02065,1.0187,1.01905
1658181600,1.01915,1.01945,1.0165,1.01685
1658196000,1.0169,1.02005,1.0169,1.0193
1658210400,1.0194,1.0305,1.01915,1.0287
1658224800,1.02875,1.03155,1.027,1.0287
1658239200,1.0287,1.03105,1.0274,1.0281
1658253600,1.02805,1.02815,1.0266,1.0271
1658268000,1.0271,1.02935,1.02705,1.02785
1658282400,1.02785,1.02925,1.0276,1.02825
1658296800,1.0283,1.03175,1.0264,1.0296
1658311200,1.0296,1.0296,1.02175,1.02605
1658325600,1.02605,1.02705,1.02,1.0202
1658340000,1.0202,1.02285,1.0202,1.02285
1658354400,1.0224,1.0238,1.02195,1.0237
1658368800,1.02365,1.02715,1.0234,1.0266
1658383200,1.02665,1.02735,1.0209,1.0225
1658397600,1.0225,1.032,1.0194,1.0253
1658412000,1.0253,1.0255,1.0209,1.02255
1658426400,1.02255,1.02755,1.0224,1.027
1658440800,1.0268,1.0271,1.0231,1.02425
1658455200,1.0243,1.0244,1.02205,1.02255
1658469600,1.0225,1.0254,1.01695,1.02
1658484000,1.01995,1.02835,1.01835,1.02745
1658498400,1.0274,1.0296,1.02545,1.0264
1658512800,1.02635,1.02695,1.02305,1.02565
1658700000,1.0255,1.0258,1.02205,1.02395
1658714400,1.024,1.02525,1.0235,1.02385
1658728800,1.0239,1.02945,1.0218,1.02825
1658743200,1.02825,1.0298,1.02545,1.02895
1658757600,1.0289,1.02915,1.0243,1.026
1658772000,1.026,1.0267,1.0257,1.0259
1658786400,1.0259,1.029,1.02555,1.028
1658800800,1.02805,1.02845,1.02525,1.02545
1658815200,1.0255,1.02755,1.021,1.0215
1658829600,1.02145,1.02175,1.01545,1.0183
1658844000,1.0183,1.019,1.01465,1.0156
1658858400,1.0156,1.01685,1.0153,1.01555
1658872800,1.01565,1.01855,1.0156,1.01835
1658887200,1.0183,1.0191,1.01765,1.01845
1658901600,1.0185,1.0197,1.01655,1.01815
1658916000,1.0181,1.021,1.0165,1.01725
1658930400,1.0173,1.0181,1.01345,1.0169
1658944800,1.01695,1.02585,1.0144,1.0233
1658959200,1.02345,1.02505,1.02155,1.02415
1658973600,1.0242,1.02615,1.02315,1.02565
1658988000,1.02565,1.027,1.0187,1.01885
1659002400,1.0188,1.02105,1.0149,1.01745
1659016800,1.0175,1.0207,1.01735,1.01955
1659031200,1.01955,1.0235,1.01915,1.0232
1659045600,1.023,1.0239,1.02235,1.0232
1659060000,1.02325,1.026,1.02255,1.02445
1659074400,1.0245,1.02895,1.02195,1.0237
1659088800,1.0237,1.02805,1.01805,1.02
1659103200,1.01995,1.02495,1.0186,1.0244
1659117600,1.0244,1.0262,1.0241,1.02595
1659304800,1.0258,1.02745,1.02395,1.02665
1659319200,1.0267,1.0275,1.02475,1.025
1659333600,1.02495,1.03045,1.02475,1.0298
1659348000,1.0298,1.03015,1.02585,1.0288
1659362400,1.0287,1.03095,1.0267,1.0293
1659376800,1.02935,1.0296,1.02785,1.0292
1659391200,1.02905,1.03275,1.02895,1.03005
1659405600,1.03015,1.0315,1.0294,1.03005
1659420000,1.0301,1.0301,1.0248,1.0271
1659434400,1.0271,1.02755,1.0235,1.024
1659448800,1.024,1.02455,1.02035,1.0217
1659463200,1.02165,1.02225,1.0196,1.01995
1659477600,1.01975,1.02055,1.01825,1.0203
1659492000,1.0203,1.0226,1.0201,1.0208
1659506400,1.0208,1.023,1.0186,1.02185
1659520800,1.0218,1.02425,1.01975,1.0202
1659535200,1.0201,1.0201,1.01545,1.01895
1659549600,1.01895,1.02055,1.0181,1.02005
1659564000,1.0201,1.0206,1.01835,1.01985
1659578400,1.0199,1.02035,1.019,1.01925
1659592800,1.01925,1.02275,1.01865,1.02185
1659607200,1.02185,1.02265,1.01895,1.02205
1659621600,1.02215,1.02725,1.02155,1.02675
1659636000,1.0267,1.0284,1.02665,1.02765
1659650400,1.0277,1.0281,1.0259,1.0262
1659664800,1.02625,1.0269,1.02565,1.0261
1659679200,1.0261,1.02685,1.02475,1.02575
1659693600,1.02575,1.02675,1.01705,1.0204
1659708000,1.0204,1.0222,1.01805,1.02105
1659722400,1.02105,1.0214,1.02015,1.02105
1659909600,1.02055,1.02055,1.01875,1.0204
1659924000,1.0204,1.02175,1.0201,1.02145
1659938400,1.0215,1.02435,1.01995,1.0216
1659952800,1.02165,1.0244,1.02095,1.023
1659967200,1.02305,1.0251,1.02225,1.02315
1659981600,1.0231,1.0234,1.0214,1.0224
1659996000,1.0223,1.02285,1.0217,1.0219
1660010400,1.02185,1.0229,1.0217,1.02275
1660024800,1.0227,1.02755,1.02235,1.0266
1660039200,1.02665,1.0272,1.02425,1.0267
1660053600,1.0267,1.0269,1.0239,1.0242
1660068000,1.02415,1.0245,1.023,1.0241
1660082400,1.0239,1.0243,1.023,1.02395
1660096800,1.0239,1.0246,1.0238,1.0239
1660111200,1.0239,1.0258,1.0229,1.0255
1660125600,1.02545,1.03735,1.02495,1.03495
1660140000,1.03495,1.03965,1.03435,1.03435
1660154400,1.0344,1.0347,1.0322,1.03275
1660168800,1.03265,1.033,1.0309,1.03135
1660183200,1.0314,1.0319,1.03005,1.0307
1660197600,1.03075,1.03665,1.03035,1.0361
1660212000,1.0361,1.039,1.03475,1.0384
1660226400,1.0384,1.03865,1.03425,1.0347
1660240800,1.0347,1.03515,1.0335,1.03485
1660255200,1.03475,1.0353,1.03295,1.0331
1660269600,1.0331,1.03485,1.033,1.03395
1660284000,1.034,1.03475,1.0312,1.03225
1660298400,1.0323,1.0323,1.02925,1.03055
1660312800,1.0305,1.0305,1.02625,1.02855
1660327200,1.02855,1.0292,1.0279,1.02805
1660514400,1.0283,1.0292,1.02765,1.0281
1660528800,1.0281,1.0281,1.0263,1.0264
1660543200,1.02645,1.02715,1.02105,1.0223
1660557600,1.0223,1.0247,1.0209,1.0222
1660572000,1.0222,1.02245,1.0187,1.01885
1660586400,1.01885,1.0189,1.0178,1.0181
1660600800,1.01815,1.0191,1.017,1.018
1660615200,1.018,1.01925,1.0178,1.0187
1660629600,1.01865,1.01915,1.0147,1.0156
1660644000,1.0156,1.0201,1.01445,1.01985
1660658400,1.0199,1.02175,1.01855,1.01985
1660672800,1.0199,1.02035,1.01845,1.01945
1660687200,1.0191,1.0199,1.0188,1.0194
1660701600,1.01935,1.0207,1.01905,1.02035
1660716000,1.02035,1.02085,1.01715,1.02035
1660730400,1.0203,1.0204,1.0167,1.0189
1660744800,1.0189,1.02205,1.01825,1.019
1660759200,1.01905,1.0225,1.01905,1.02
1660773600,1.0197,1.02125,1.01925,1.02065
1660788000,1.0207,1.0209,1.01825,1.0184
1660802400,1.0184,1.0196,1.01655,1.019
1660816800,1.01895,1.0208,1.01405,1.0143
1660831200,1.0143,1.0159,1.00985,1.01005
1660845600,1.0101,1.01185,1.01,1.0105
1660860000,1.0106,1.0112,1.00885,1.0094
1660874400,1.00935,1.01055,1.00905,1.0102
1660888800,1.01015,1.0114,1.00905,1.00915
1660903200,1.00915,1.00915,1.0064,1.00725
1660917600,1.00725,1.00735,1.0051,1.0062
1660932000,1.00615,1.00645,1.00505,1.0057
1661119200,1.00565,1.0059,1.0041,1.0046
1661133600,1.00465,1.0065,1.00435,1.00505
1661148000,1.0051,1.00515,1.0007,1.0032
1661162400,1.0032,1.00365,0.9987,0.99875
1661176800,0.9988,0.9995,0.99435,0.9945
1661191200,0.9945,0.99635,0.99445,0.9958
1661205600,0.99585,0.9967,0.9947,0.99575
1661220000,0.9957,0.99635,0.9932,0.99365
1661234400,0.99365,0.9967,0.9916,0.9947
1661248800,0.9947,1.00165,0.99295,1.0015
1661263200,1.00155,1.00355,0.9979,0.998
1661277600,0.99805,0.99875,0.99765,0.9986
1661292000,0.99835,0.999,0.9959,0.99655
1661306400,0.9966,0.99785,0.99585,0.9959
1661320800,0.9959,0.99755,0.9951,0.9966
1661335200,0.9966,0.9966,0.99305,0.99345
1661349600,0.9934,1.00165,0.9926,0.998
1661364000,0.998,0.9992,0.9975,0.99825
1661378400,0.99835,1.0007,0.99775,1
1661392800,0.99995,1.0023,0.9995,1.00075
1661407200,1.00075,1.0048,1.00015,1.00115
1661421600,1.00115,1.0012,0.99695,0.9977
1661436000,0.9977,1.00155,0.99635,0.9985
1661450400,0.99855,0.99935,0.9976,0.99865
1661464800,0.99895,0.99915,0.9976,0.99815
1661479200,0.99805,0.99885,0.99715,0.99735
1661493600,0.9974,1.0022,0.996,1.0017
1661508000,1.0017,1.0089,0.9999,1.00775
1661522400,1.0079,1.0104,0.99725,0.99835
1661536800,0.99835,0.99865,0.99695,0.998
1661724000,0.997,0.9974,0.9931,0.9943
1661738400,0.9943,0.99475,0.99265,0.9936
1661752800,0.99365,0.99795,0.9933,0.99755
1661767200,0.9975,1.00425,0.99725,1.0024
1661781600,1.00235,1.004,0.9994,1.002
1661796000,1.002,1.0023,1.0002,1.0011
1661810400,1.001,1.00255,1.00015,1.0003
1661824800,1.0003,1.00205,0.99935,1.00135
1661839200,1.00145,1.0067,0.9994,1.00445
1661853600,1.0045,1.0062,1.00205,1.0041
1661868000,1.0041,1.00475,0.99945,1.00295
1661882400,1.003,1.00435,1.0026,1.00295
1661896800,1.00285,1.0046,1.00265,1.0032
1661911200,1.00315,1.0058,1.00285,1.0051
1661925600,1.0051,1.00545,0.9985,0.9992
1661940000,0.9992,1.0036,0.99825,1.00175
1661954400,1.0017,1.00905,1.00105,1.006
1661968800,1.006,1.00685,1.0052,1.0066
1661983200,1.00615,1.0064,1.0029,1.00325
1661997600,1.00335,1.0039,1.0017,1.00265
1662012000,1.0027,1.0058,1.00185,1.00375
1662026400,1.00375,1.0038,0.99815,0.9989
1662040800,0.9989,0.99925,0.9919,0.99615
1662055200,0.9962,0.99685,0.99505,0.9954
1662069600,0.99545,0.99715,0.99505,0.99655
1662084000,0.9965,0.9985,0.99625,0.99795
1662098400,0.998,1.00165,0.9972,1.00135
1662112800,1.0013,1.00395,0.99865,1.0008
1662127200,1.0008,1.00425,0.9955,0.99695
1662141600,0.9969,0.9977,0.9954,0.9964
1662328800,0.99375,0.99415,0.99115,0.99275
1662343200,0.99275,0.993,0.9888,0.9893
1662357600,0.98925,0.9945,0.98855,0.99315
1662372000,0.9932,0.9953,0.99205,0.99335
1662386400,0.9933,0.9943,0.9926,0.99385
1662400800,0.99385,0.99445,0.99355,0.99385
1662415200,0.994,0.99785,0.9939,0.9972
1662429600,0.99715,0.99725,0.995,0.99665
1662444000,0.9967,0.9994,0.99435,0.996
1662458400,0.996,0.9964,0.98885,0.9892
1662472800,0.98915,0.9936,0.9871,0.99065
1662487200,0.99065,0.9919,0.99025,0.9911
1662501600,0.9911,0.9912,0.98875,0.98965
1662516000,0.9896,0.99095,0.98835,0.99005
1662530400,0.98995,0.9937,0.9894,0.9916
1662544800,0.99165,0.99275,0.98825,0.99085
1662559200,0.9909,1.001,0.9906,1.00035
1662573600,1.0004,1.00185,0.99885,1.0014
1662588000,1.0014,1.0018,0.99875,0.999
1662602400,0.999,1.0006,0.9984,1.00025
1662616800,1.0003,1.00205,0.9981,1.0003
1662631200,1.0003,1.005,0.9935,0.99695
1662645600,0.99695,1.0005,0.99465,0.99985
1662660000,0.99985,1.0005,0.9995,1.0005
1662674400,0.99995,1.0059,0.99995,1.0056
1662688800,1.0056,1.00885,1.00545,1.00715
1662703200,1.0071,1.01175,1.00625,1.0091
1662717600,1.00915,1.01015,1.00375,1.0054
1662732000,1.0054,1.0066,1.0036,1.00475
1662746400,1.00475,1.00545,1.00405,1.0052
1662933600,1.0092,1.01,1.0062,1.0091
1662948000,1.00915,1.0099,1.00765,1.0095
1662962400,1.0095,1.0202,1.00855,1.01505
1662976800,1.01505,1.01665,1.01075,1.0127
1662991200,1.01275,1.0148,1.0122,1.0136
1663005600,1.0136,1.01365,1.0114,1.01255
1663020000,1.01245,1.01495,1.0123,1.01385
1663034400,1.0138,1.0143,1.01225,1.0141
1663048800,1.01415,1.01695,1.01295,1.01685
1663063200,1.01685,1.019,1.00075,1.00355
1663077600,1.0035,1.0044,0.9986,0.9991
1663092000,0.9991,0.99955,0.99685,0.99685
1663106400,0.99695,0.99885,0.9958,0.9983
1663120800,0.9982,1.00045,0.9982,0.9985
1663135200,0.99845,1.0017,0.9962,1.0014
1663149600,1.0014,1.00265,0.99825,0.99945
1663164000,0.99945,1.0011,0.9973,0.999
1663178400,0.99905,0.9992,0.9972,0.9982
1663192800,0.9981,0.99855,0.9972,0.99825
1663207200,0.99825,0.99835,0.99605,0.99635
1663221600,0.99635,1.00015,0.9957,0.99955
1663236000,0.99955,1.0019,0.9966,1
1663250400,1.00005,1.00165,0.9984,0.9999
1663264800,0.99985,1.00035,0.99885,1.00025
1663279200,1.00645,1.0079,1.0053,1.00645
1663293600,1.00645,1.00695,1.00475,1.0049
1663308000,1.00495,1.0065,1.0011,1.0034
1663322400,1.00345,1.0056,1.00195,1.00405
1663336800,1.00415,1.0103,1.0038,1.006
1663351200,1.00605,1.0083,1.00595,1.0078
1663538400,1.0078,1.0096,1.0071,1.00745
1663552800,1.0074,1.00745,1.00415,1.0047
1663567200,1.0047,1.0053,1.0032,1.0037
1663581600,1.0037,1.00715,1.00335,1.00535
1663596000,1.0053,1.00845,1.00485,1.00735
1663610400,1.00735,1.00945,1.0071,1.0091
1663624800,1.0093,1.01165,1.00885,1.00895
1663639200,1.00895,1.00995,1.00825,1.0083
1663653600,1.0083,1.0108,1.0066,1.0073
1663668000,1.0073,1.00795,1.0021,1.00485
1663682400,1.00485,1.00655,1.0026,1.00315
1663696800,1.00315,1.00445,1.0026,1.0036
1663711200,1.004,1.00405,1.00225,1.0032
1663725600,1.0031,1.0036,1.00145,1.00155
1663740000,1.0015,1.00205,0.99495,0.9996
1663754400,0.9996,1,0.99605,0.9968
1663768800,0.99685,0.9979,0.9931,0.99405
1663783200,0.99405,0.9975,0.98775,0.9902
1663797600,0.99035,0.9911,0.98685,0.9883
1663812000,0.98825,0.99015,0.9872,0.98865
1663826400,0.9886,0.99695,0.9875,0.9918
1663840800,0.99175,0.995,0.9896,0.99
1663855200,0.99005,0.99175,0.98735,0.9905
1663869600,0.99045,0.99055,0.9891,0.9898
1663884000,0.98975,0.9913,0.9892,0.9898
1663898400,0.98975,0.98975,0.9879,0.98905
1663912800,0.989,0.9899,0.9796,0.9823
1663927200,0.98225,0.98365,0.9792,0.9795
1663941600,0.9795,0.98055,0.9742,0.97515
1663956000,0.9752,0.97565,0.9728,0.97485
1664143200,0.97325,0.977,0.96095,0.97135
1664157600,0.9714,0.9724,0.96805,0.96895
1664172000,0.96885,0.97615,0.96865,0.9706
1664186400,0.9707,0.9749,0.9678,0.97335
1664200800,0.9734,0.9736,0.9659,0.96605
1664215200,0.9661,0.9687,0.9659,0.9667
1664229600,0.96675,0.96995,0.96415,0.9687
1664244000,0.96875,0.9714,0.96815,0.971
1664258400,0.97095,0.9729,0.9666,0.9666
1664272800,0.96655,0.97105,0.96645,0.9682
1664287200,0.9683,0.96905,0.9627,0.96425
1664301600,0.9642,0.96585,0.9638,0.96505
1664316000,0.9651,0.96575,0.9612,0.96155
1664330400,0.9616,0.96215,0.9599,0.96125
1664344800,0.96125,0.96445,0.9592,0.96
1664359200,0.96,0.9694,0.95945,0.96615
1664373600,0.9662,0.98045,0.96495,0.9788
1664388000,0.97885,0.98085,0.97795,0.9793
1664402400,0.9792,0.97935,0.9739,0.974
1664416800,0.974,0.9745,0.9709,0.972
1664431200,0.97195,0.97615,0.969,0.9748
1664445600,0.97485,0.9804,0.97375,0.97965
1664460000,0.97965,0.98535,0.97735,0.98355
1664474400,0.98355,0.9871,0.98315,0.98695
1664488800,0.98785,0.98985,0.9864,0.98645
1664503200,0.98645,0.9883,0.98495,0.9879
1664517600,0.98795,0.99085,0.98445,0.98515
1664532000,0.98515,0.9858,0.9788,0.9828
1664546400,0.9829,0.98725,0.9807,0.98485
1664560800,0.9849,0.98695,0.98455,0.9861
1664748000,0.9847,0.9882,0.98385,0.98795
1664762400,0.98785,0.9888,0.98375,0.9879
1664776800,0.9879,0.9882,0.98065,0.98165
1664791200,0.98165,0.9839,0.9808,0.9822
1664805600,0.9822,0.98985,0.9822,0.9849
1664820000,0.9849,0.9884,0.98435,0.98785
1664834400,0.98775,0.9892,0.98655,0.98655
1664848800,0.9865,0.9903,0.98595,0.9897
1664863200,0.9898,0.99495,0.98915,0.9933
1664877600,0.99335,0.99895,0.99315,0.9984
1664892000,0.9983,1.00485,0.9983,1.00285
1664906400,1.00285,1.00545,1.0021,1.0039
1664920800,1.0036,1.0045,1.0019,1.00195
1664935200,1.00195,1.0033,1.0014,1.00175
1664949600,1.0018,1.0049,0.9974,0.99835
1664964000,0.99835,0.99855,0.99185,0.99305
1664978400,0.99295,0.99345,0.9887,0.9928
1664992800,0.9928,0.995,0.99265,0.99385
1665007200,0.99375,0.9977,0.9935,0.99605
1665021600,0.9961,0.9977,0.9955,0.99725
1665036000,0.9973,0.99735,0.9925,0.99385
1665050400,0.99385,0.9944,0.9868,0.9879
1665064800,0.9879,0.9895,0.98375,0.9866
1665079200,0.98665,0.98665,0.9839,0.98435
1665093600,0.9842,0.9849,0.98355,0.98475
1665108000,0.98475,0.98615,0.9841,0.9851
1665122400,0.98505,0.9867,0.98155,0.98555
1665136800,0.98565,0.98585,0.9776,0.9799
1665151200,0.97985,0.98415,0.9794,0.9807
1665165600,0.9807,0.98135,0.9781,0.97875
1665352800,0.97855,0.9803,0.9774,0.98
1665367200,0.97995,0.98,0.9765,0.9766
1665381600,0.9766,0.97825,0.973,0.97555
1665396000,0.97555,0.97715,0.97365,0.9749
1665410400,0.9749,0.97955,0.97345,0.97625
1665424800,0.9763,0.9773,0.9751,0.97535
1665439200,0.97535,0.9772,0.9741,0.9746
1665453600,0.97455,0.9749,0.97185,0.97345
1665468000,0.97345,0.97735,0.9724,0.97485
1665482400,0.9748,0.9787,0.97405,0.97505
1665496800,0.9751,0.98235,0.9739,0.9802
1665511200,0.9802,0.98025,0.9743,0.9756
1665525600,0.975,0.9767,0.97305,0.9739
1665540000,0.9739,0.97835,0.9731,0.9769
1665554400,0.9769,0.97815,0.97445,0.97565
1665568800,0.9757,0.97685,0.9736,0.9739
1665583200,0.97385,0.97585,0.9716,0.97395
1665597600,0.974,0.977,0.9733,0.9752
1665612000,0.9752,0.97685,0.9744,0.97515
1665626400,0.97515,0.97535,0.97415,0.9744
1665640800,0.97435,0.9791,0.97315,0.9773
1665655200,0.9773,0.98,0.9675,0.97415
1665669600,0.9742,0.98535,0.9723,0.98435
1665684000,0.9844,0.98475,0.98185,0.9826
1665698400,0.9826,0.98555,0.98085,0.9847
1665712800,0.9847,0.98485,0.98215,0.98235
1665727200,0.98225,0.9844,0.9766,0.97765
1665741600,0.9777,0.98465,0.97555,0.9782
1665756000,0.9783,0.9815,0.97535,0.97745
1665770400,0.97745,0.97785,0.9763,0.97695
1665957600,0.97675,0.9796,0.9766,0.9791
1665972000,0.97915,0.9802,0.97785,0.9798
1665986400,0.9798,0.98035,0.9766,0.9799
1666000800,0.97985,0.9845,0.97755,0.98285
1666015200,0.98285,0.98985,0.9828,0.9887
1666029600,0.9887,0.98945,0.9878,0.9888
1666044000,0.98855,0.9898,0.9874,0.98775
1666058400,0.98775,0.99115,0.9868,0.9899
1666072800,0.9899,0.99185,0.98695,0.98825
1666087200,0.9882,0.9921,0.9857,0.98975
1666101600,0.9898,0.99055,0.98655,0.98985
1666116000,0.98985,0.9909,0.9887,0.9905
1666130400,0.9905,0.99165,0.98975,0.9903
1666144800,0.9903,0.9905,0.98755,0.988
1666159200,0.98795,0.9885,0.9848,0.9862
1666173600,0.9862,0.9865,0.9803,0.98175
1666188000,0.98175,0.98465,0.9801,0.981
1666202400,0.98095,0.98225,0.9807,0.98175
1666216800,0.98165,0.9818,0.9796,0.98
1666231200,0.9801,0.98305,0.9798,0.9825
1666245600,0.98245,0.9836,0.9813,0.9825
1666260000,0.9825,0.98795,0.98185,0.98275
1666274400,0.98275,0.9888,0.9822,0.9827
1666288800,0.98275,0.98315,0.9815,0.983
1666303200,0.9829,0.983,0.98055,0.98115
1666317600,0.9811,0.9824,0.9804,0.98165
1666332000,0.98165,0.98435,0.9776,0.97815
1666346400,0.97815,0.98495,0.97455,0.98395
1666360800,0.98405,0.99095,0.98065,0.98715
1666375200,0.98715,0.99115,0.9866,0.98985
1666562400,0.99205,0.99405,0.9871,0.9876
1666576800,0.98765,0.98915,0.9866,0.98845
1666591200,0.9884,0.9903,0.9848,0.9874
1666605600,0.98745,0.9932,0.9854,0.99165
1666620000,0.9917,0.99345,0.9895,0.9912
1666634400,0.9912,0.99225,0.99095,0.99165
1666648800,0.9915,0.9939,0.99135,0.99285
1666663200,0.99285,0.99305,0.99065,0.9911
1666677600,0.9911,0.9919,0.98925,0.9904
1666692000,0.99045,1.00105,0.9888,1.0008
1666706400,1.0008,1.00175,0.9975,1.0005
1666720800,1.00045,1.00105,0.9996,1.00075
1666735200,1.00065,1.0007,0.9983,0.9987
1666749600,0.99875,1.0011,0.99865,1.0002
1666764000,1.00015,1.00875,1,1.00655
1666778400,1.00655,1.0072,1.00355,1.0053
1666792800,1.00535,1.01235,1.00525,1.012
1666807200,1.012,1.01285,1.0114,1.01215
1666821600,1.0121,1.01315,1.0111,1.01135
1666836000,1.01135,1.01215,1.01,1.01145
1666850400,1.0115,1.01185,1.0069,1.0076
1666864800,1.00765,1.00895,1.00095,1.00425
1666879200,1.00425,1.0081,1.0007,1.00085
1666893600,1.0009,1.0011,0.99945,1.0002
1666908000,1.0004,1.00325,0.99945,1.00315
1666922400,1.0031,1.00345,1.00095,1.001
1666936800,1.00095,1.00175,0.9963,0.99895
1666951200,0.99895,1.00265,0.99715,1.00055
1666965600,1.0006,1.0019,0.99645,0.9974
1666980000,0.99745,1.0004,0.99735,1.00025
1667167200,0.99995,1.00005,0.99785,0.9984
1667181600,0.99835,1.0001,0.998,0.99835
1667196000,0.99835,0.99905,0.995,0.9982
1667210400,0.99825,0.99825,0.9923,0.99245
1667224800,0.99255,0.99435,0.99085,0.9922
1667239200,0.9922,0.99315,0.99125,0.9918
1667253600,0.99165,0.99345,0.99155,0.993
1667268000,0.993,0.9963,0.9928,0.996
1667282400,0.996,0.9983,0.9944,0.9968
1667296800,0.99685,0.99895,0.99585,0.99705
1667311200,0.99715,0.99735,0.98875,0.9917
1667325600,0.99165,0.9921,0.99075,0.9908
1667340000,0.9912,0.99235,0.99035,0.9922
1667354400,0.99215,0.99335,0.9913,0.9921
1667368800,0.9921,0.9941,0.9905,0.9939
1667383200,0.99385,0.99495,0.9918,0.99285
1667397600,0.99285,0.99285,0.98925,0.99155
1667412000,0.99155,1.00115,0.98465,0.98505
1667426400,0.9846,0.98715,0.98415,0.98625
1667440800,0.98625,0.9871,0.98555,0.98575
1667455200,0.9857,0.9857,0.9778,0.9785
1667469600,0.97845,0.97945,0.97605,0.97755
1667484000,0.9777,0.9826,0.9774,0.97785
1667498400,0.9778,0.9793,0.97735,0.97815
1667512800,0.9779,0.9797,0.9773,0.9794
1667527200,0.97945,0.98215,0.9791,0.9806
1667541600,0.98055,0.9827,0.97875,0.98065
1667556000,0.98055,0.99125,0.97815,0.9898
1667570400,0.98975,0.9972,0.9891,0.9954
1667584800,0.9954,0.9998,0.99445,0.9997
1667775600,0.99615,0.9977,0.9948,0.9968
1667790000,0.9968,0.99855,0.9955,0.997
1667804400,0.99705,1.00375,0.99545,1.0012
1667818800,1.00115,1.00365,0.9996,1.0019
1667833200,1.00195,1.0062,1.0011,1.00615
1667847600,1.00615,1.00645,1.00485,1.0053
1667862000,1.0049,1.0061,1.0037,1.00375
1667876400,1.00375,1.00445,1.00245,1.00285
1667890800,1.0029,1.00355,1.0001,1.00245
1667905200,1.0024,1.00425,1.00145,1.004
1667919600,1.004,1.0126,1.004,1.00975
1667934000,1.0097,1.0113,1.00835,1.0103
1667948400,1.0103,1.0112,1.00865,1.01085
1667962800,1.01085,1.01155,1.00835,1.00855
1667977200,1.0086,1.01125,1.00605,1.00725
1667991600,1.00725,1.00915,1.00375,1.0045
1668006000,1.00455,1.0114,1.003,1.0039
1668020400,1.00395,1.00425,1.002,1.004
1668034800,1.00415,1.0056,1.00355,1.00435
1668049200,1.00435,1.007,1.0042,1.00585
1668063600,1.0058,1.0058,0.99625,0.9982
1668078000,0.99815,1.01955,0.9962,1.0191
1668092400,1.01915,1.02125,1.01555,1.01855
1668106800,1.0185,1.0249,1.01845,1.02365
1668121200,1.0227,1.0232,1.01895,1.0221
1668135600,1.02205,1.02615,1.02045,1.0244
1668150000,1.02445,1.03075,1.0238,1.02825
1668164400,1.02825,1.03515,1.02815,1.0316
1668178800,1.0314,1.03865,1.03015,1.03845
1668193200,1.0384,1.03915,1.03755,1.039
1668380400,1.03545,1.03765,1.03395,1.0352
1668394800,1.03525,1.03605,1.0324,1.03515
1668409200,1.03515,1.0377,1.03135,1.0319
1668423600,1.0319,1.03625,1.0297,1.0339
1668438000,1.03395,1.03815,1.03385,1.0379
1668452400,1.0379,1.03855,1.0352,1.0354
1668466800,1.03495,1.0354,1.03375,1.0346
1668481200,1.03465,1.03695,1.0339,1.03655
1668495600,1.0366,1.04635,1.03645,1.0453
1668510000,1.04535,1.05085,1.0406,1.04255
1668524400,1.0426,1.0434,1.0319,1.03345
1668538800,1.03345,1.0403,1.03055,1.0374
1668553200,1.0372,1.0412,1.0356,1.0402
1668567600,1.04025,1.04115,1.0363,1.04035
1668582000,1.04035,1.04635,1.04,1.04525
1668596400,1.0453,1.04565,1.03975,1.0413
1668610800,1.04135,1.04375,1.03795,1.03915
1668625200,1.03915,1.043,1.0391,1.042
1668639600,1.0419,1.0421,1.03845,1.03925
1668654000,1.03925,1.04155,1.0382,1.041
1668668400,1.041,1.0429,1.0358,1.03605
1668682800,1.03605,1.03775,1.03275,1.03575
1668697200,1.03575,1.0392,1.0341,1.0388
1668711600,1.0388,1.03925,1.038,1.03865
1668726000,1.0388,1.04,1.0379,1.03895
1668740400,1.03895,1.04125,1.03815,1.0397
1668754800,1.0397,1.0418,1.0364,1.03905
1668769200,1.0391,1.0409,1.0351,1.03555
1668783600,1.03565,1.0393,1.03475,1.03525
1668798000,1.0353,1.03555,1.03355,1.0341
1668985200,1.03495,1.03545,1.0309,1.03095
1668999600,1.0309,1.0325,1.0278,1.028
1669014000,1.02805,1.02945,1.02465,1.0261
1669028400,1.02605,1.0279,1.0249,1.0277
1669042800,1.0277,1.0284,1.02435,1.02565
1669057200,1.0256,1.027,1.02535,1.02615
1669071600,1.02635,1.02875,1.02595,1.0284
1669086000,1.02845,1.02875,1.0265,1.02665
1669100400,1.0267,1.03095,1.02655,1.02995
1669114800,1.03,1.03105,1.02735,1.0285
1669129200,1.0285,1.0328,1.02825,1.0325
1669143600,1.0325,1.03255,1.031,1.0323
1669158000,1.0323,1.03445,1.03195,1.03435
1669172400,1.0343,1.0355,1.03295,1.0351
1669186800,1.03505,1.0368,1.0316,1.0331
1669201200,1.0331,1.0395,1.03265,1.0395
1669215600,1.0395,1.04045,1.0363,1.03955
1669230000,1.0394,1.0425,1.03865,1.04135
1669244400,1.0415,1.0453,1.0414,1.045
1669258800,1.045,1.0466,1.0447,1.0448
1669273200,1.04475,1.04575,1.04095,1.04225
1669287600,1.0423,1.0445,1.03985,1.04395
1669302000,1.04395,1.04405,1.0418,1.0423
1669316400,1.0423,1.0432,1.04215,1.04295
1669330800,1.0426,1.04325,1.0413,1.0428
1669345200,1.0428,1.0446,1.04215,1.04365
1669359600,1.0437,1.04455,1.03985,1.04315
1669374000,1.0431,1.0431,1.0371,1.0398
1669388400,1.03985,1.04285,1.0393,1.042
1669590000,1.03955,1.0401,1.0357,1.03765
1669604400,1.0377,1.0391,1.0363,1.03875
1669618800,1.0388,1.0498,1.03835,1.049
1669633200,1.049,1.05135,1.04375,1.0446
1669647600,1.04465,1.045,1.03715,1.0377
1669662000,1.0377,1.03795,1.0346,1.0354
1669676400,1.03595,1.03775,1.03495,1.03645
1669690800,1.0364,1.041,1.03625,1.03745
1669705200,1.0375,1.04095,1.0366,1.03975
1669719600,1.03975,1.04015,1.0339,1.03555
1669734000,1.0356,1.03885,1.0343,1.0353
1669748400,1.0353,1.03605,1.03345,1.03435
1669762800,1.03455,1.03675,1.0333,1.0363
1669777200,1.0363,1.0375,1.035,1.03565
1669791600,1.0356,1.0396,1.0353,1.03685
1669806000,1.03685,1.04155,1.0361,1.03995
1669820400,1.04,1.0403,1.03045,1.0386
1669834800,1.03865,1.0443,1.03775,1.04195
1669849200,1.0421,1.046,1.0421,1.04385
1669863600,1.0438,1.0469,1.04355,1.0468
1669878000,1.04685,1.04765,1.04055,1.0433
1669892400,1.04325,1.0542,1.04305,1.0537
1669906800,1.0538,1.05485,1.0482,1.052
1669921200,1.052,1.05425,1.05085,1.0539
1669935600,1.0537,1.05525,1.0517,1.0524
1669950000,1.0523,1.05475,1.0522,1.05395
1669964400,1.05395,1.0557,1.05245,1.0541
1669978800,1.05405,1.05565,1.04395,1.04825
1669993200,1.0482,1.0546,1.0461,1.05315
1670007600,1.0531,1.0555,1.05225,1.05525
1670194800,1.0549,1.05855,1.05415,1.05815
1670209200,1.0582,1.0596,1.05775,1.058
1670223600,1.05805,1.05825,1.0529,1.0547
1670238000,1.0547,1.0606,1.05395,1.05605
1670252400,1.05605,1.05605,1.0501,1.05085
1670266800,1.0508,1.051,1.04915,1.05015
1670281200,1.0507,1.05295,1.0502,1.0509
1670295600,1.0509,1.052,1.0486,1.0495
1670310000,1.04945,1.052,1.0487,1.05115
1670324400,1.0512,1.05435,1.05045,1.0511
1670338800,1.05115,1.0539,1.04735,1.0474
1670353200,1.04745,1.04825,1.04695,1.04745
1670367600,1.04735,1.04865,1.0465,1.04765
1670382000,1.0475,1.04805,1.0457,1.04585
1670396400,1.0458,1.05165,1.04525,1.05095
1670410800,1.0509,1.056,1.0496,1.0527
1670425200,1.05275,1.05395,1.04975,1.0521
1670439600,1.05205,1.05305,1.05115,1.05135
1670454000,1.0517,1.0523,1.05025,1.05035
1670468400,1.0504,1.0526,1.0501,1.0521
1670482800,1.05205,1.05385,1.04965,1.05205
1670497200,1.05205,1.05485,1.05,1.05465
1670511600,1.0547,1.0573,1.05415,1.05655
1670526000,1.0566,1.0572,1.0553,1.0562
1670540400,1.05635,1.0593,1.05595,1.05815
1670554800,1.0582,1.0594,1.05785,1.0583
1670569200,1.05835,1.05955,1.0554,1.05655
1670583600,1.0566,1.058,1.05,1.0542
1670598000,1.0543,1.0567,1.0526,1.05565
1670612400,1.05565,1.0559,1.05355,1.05385
1670799600,1.0543,1.0543,1.0512,1.05195
1670814000,1.05195,1.05335,1.0514,1.05285
1670828400,1.0529,1.0573,1.05205,1.0571
1670842800,1.05705,1.0584,1.0556,1.0562
1670857200,1.0562,1.05865,1.0522,1.05285
1670871600,1.0529,1.05455,1.0517,1.05455
1670886000,1.0544,1.05595,1.0542,1.0552
1670900400,1.0552,1.056,1.0537,1.05525
1670914800,1.05525,1.05665,1.0533,1.0541
1670929200,1.0541,1.06795,1.0538,1.06515
1670943600,1.0652,1.06645,1.06165,1.06265
1670958000,1.0626,1.06465,1.06235,1.06375
1670972400,1.0639,1.0644,1.0625,1.06325
1670986800,1.06325,1.06455,1.0624,1.06415
1671001200,1.0642,1.0676,1.0623,1.0674
1671015600,1.06745,1.0675,1.06365,1.06475
1671030000,1.0648,1.06895,1.0646,1.06835
1671044400,1.0683,1.0701,1.062,1.0687
1671058800,1.06845,1.0686,1.0657,1.06605
1671073200,1.06605,1.0663,1.0648,1.06565
1671087600,1.06565,1.06585,1.06075,1.06175
1671102000,1.0618,1.07385,1.06085,1.0701
1671116400,1.0701,1.0707,1.05945,1.06245
1671130800,1.06245,1.064,1.0621,1.0626
1671145200,1.06955,1.07315,1.06945,1.07195
1671159600,1.07195,1.0729,1.07085,1.07245
1671174000,1.0724,1.07315,1.06785,1.06925
1671188400,1.0692,1.07185,1.06835,1.0713
1671202800,1.07135,1.0714,1.0666,1.0684
1671217200,1.0684,1.0684,1.06515,1.0652
1671404400,1.0658,1.06805,1.0649,1.0676
1671418800,1.0676,1.07015,1.0668,1.0697
1671433200,1.06965,1.0726,1.06805,1.06865
1671447600,1.06875,1.06875,1.06645,1.06715
1671462000,1.0672,1.06995,1.06435,1.0682
1671476400,1.0682,1.06825,1.0669,1.0676
1671490800,1.06755,1.0683,1.06655,1.06825
1671505200,1.06825,1.0721,1.0646,1.06605
1671519600,1.06605,1.0708,1.06585,1.06965
1671534000,1.06965,1.0714,1.0661,1.0703
1671548400,1.07035,1.07265,1.0673,1.0674
1671562800,1.06735,1.06965,1.0667,1.06875
1671577200,1.0688,1.0695,1.068,1.068
1671591600,1.068,1.06845,1.06735,1.0681
1671606000,1.06805,1.07035,1.06775,1.0684
1671620400,1.06835,1.0712,1.06675,1.06695
1671634800,1.067,1.06995,1.0655,1.0674
1671649200,1.06745,1.06855,1.0669,1.067
1671663600,1.067,1.06965,1.0668,1.0692
1671678000,1.0692,1.0714,1.0692,1.07075
1671692400,1.07075,1.0723,1.0689,1.0691
1671706800,1.06915,1.07015,1.0648,1.0671
1671721200,1.0671,1.0674,1.06395,1.06415
1671735600,1.0642,1.06655,1.0634,1.06595
1671750000,1.0666,1.06745,1.0649,1.067
1671764400,1.067,1.0673,1.06635,1.0668
1671778800,1.0668,1.06925,1.0658,1.06815
1671793200,1.0682,1.0695,1.06545,1.06715
1671807600,1.06725,1.0695,1.06685,1.0672
1671822000,1.06715,1.06865,1.06685,1.0676
1672095600,1.0696,1.07235,1.06915,1.07095
1672110000,1.071,1.07275,1.0698,1.0726
1672124400,1.07265,1.07315,1.07,1.07275
1672138800,1.0728,1.0731,1.0672,1.06865
1672153200,1.06865,1.07215,1.06845,1.07095
1672167600,1.071,1.0717,1.06965,1.0699
1672182000,1.06995,1.07025,1.06845,1.0696
1672196400,1.0696,1.0712,1.0692,1.07055
1672210800,1.07055,1.0714,1.06865,1.0692
1672225200,1.06925,1.07335,1.069,1.0717
1672239600,1.0717,1.0721,1.067,1.0678
1672254000,1.06785,1.06855,1.0665,1.0671
1672268400,1.0671,1.0691,1.0671,1.06795
1672282800,1.06795,1.06825,1.0665,1.06675
1672297200,1.06675,1.07115,1.06655,1.06895
1672311600,1.06895,1.0725,1.0686,1.0699
1672326000,1.06995,1.07455,1.06905,1.07295
1672340400,1.0729,1.07335,1.0714,1.07145
1672354800,1.0712,1.07235,1.07085,1.07125
1672369200,1.0712,1.07175,1.0694,1.0698
1672383600,1.0698,1.073,1.06915,1.0723
1672398000,1.07235,1.0755,1.0699,1.07425
1672412400,1.07425,1.0767,1.0713,1.07565
1672426800,1.07565,1.0763,1.0746,1.0753
1672700400,1.0723,1.0736,1.07015,1.0728
1672714800,1.07275,1.07315,1.0703,1.07035
1672729200,1.0704,1.071,1.0576,1.05815
1672743600,1.0581,1.06485,1.057,1.06245
1672758000,1.0625,1.0633,1.05875,1.06065
1672772400,1.06075,1.062,1.05965,1.05965
1672786800,1.06,1.06195,1.05905,1.06145
1672801200,1.0615,1.06285,1.06095,1.062
1672815600,1.06195,1.0686,1.0617,1.0671
1672830000,1.0671,1.0679,1.06455,1.0675
1672844400,1.06755,1.0676,1.06315,1.065
1672858800,1.065,1.06605,1.0636,1.06535
1672873200,1.0652,1.06795,1.06505,1.0665
1672887600,1.06655,1.06675,1.06495,1.0651
1672902000,1.06505,1.0677,1.0638,1.0667
1672916400,1.0667,1.0671,1.05835,1.0587
1672930800,1.05875,1.06155,1.0562,1.0583
1672945200,1.05835,1.05865,1.05635,1.0568
1672959600,1.05705,1.0581,1.0566,1.0574
1672974000,1.05735,1.0584,1.05565,1.05595
1672988400,1.05595,1.0578,1.0544,1.0555
1673002800,1.0555,1.05925,1.0529,1.05565
1673017200,1.05565,1.0691,1.05565,1.06855
1673031600,1.06855,1.06965,1.06855,1.06925
1673218800,1.069,1.07245,1.0689,1.0724
1673233200,1.0724,1.0733,1.07125,1.07285
1673247600,1.0729,1.0747,1.0707,1.0716
1673262000,1.07165,1.0786,1.07145,1.0775
1673276400,1.0776,1.0812,1.07755,1.0791
1673290800,1.07915,1.0801,1.0777,1.07805
1673305200,1.07815,1.07885,1.0767,1.07765
1673319600,1.0777,1.079,1.0772,1.078
1673334000,1.07805,1.0798,1.0768,1.07825
1673348400,1.0783,1.0806,1.07585,1.0787
1673362800,1.0787,1.07995,1.07675,1.07845
1673377200,1.0785,1.07905,1.0777,1.07795
1673391600,1.07795,1.07915,1.07715,1.07725
1673406000,1.07725,1.0802,1.0772,1.0791
1673420400,1.0791,1.0803,1.07705,1.07945
1673434800,1.07945,1.0822,1.07735,1.0815
1673449200,1.08155,1.08205,1.0779,1.0799
1673463600,1.0799,1.08095,1.0793,1.0803
1673478000,1.0803,1.08175,1.07995,1.08095
1673492400,1.081,1.0818,1.07995,1.08
1673506800,1.07995,1.08165,1.07855,1.08045
1673521200,1.08045,1.0892,1.0758,1.08105
1673535600,1.08105,1.09115,1.0807,1.08995
1673550000,1.0899,1.09,1.08825,1.0895
1673564400,1.0892,1.09105,1.08745,1.0887
1673578800,1.0888,1.0894,1.0875,1.0888
1673593200,1.0888,1.09075,1.0876,1.08875
1673607600,1.0887,1.08885,1.08225,1.0861
1673622000,1.08605,1.08805,1.0843,1.0873
1673636400,1.0873,1.0878,1.08685,1.08765
1673823600,1.0877,1.0916,1.08615,1.09085
1673838000,1.09085,1.0909,1.0877,1.0881
1673852400,1.08805,1.08835,1.0843,1.08715
1673866800,1.08715,1.0878,1.08475,1.08635
1673881200,1.08635,1.08705,1.08525,1.08545
1673895600,1.0854,1.0866,1.0854,1.08625
1673910000,1.0862,1.08745,1.0847,1.0855
1673924400,1.08545,1.0876,1.0854,1.08555
1673938800,1.0856,1.08795,1.08495,1.08625
1673953200,1.08625,1.0911,1.0854,1.09035
1673967600,1.0904,1.0905,1.08145,1.08355
1673982000,1.0835,1.0844,1.0827,1.0827
1673996400,1.0828,1.0839,1.08055,1.08265
1674010800,1.0827,1.08305,1.0807,1.083
1674025200,1.0829,1.09125,1.0829,1.08925
1674039600,1.08925,1.09275,1.08525,1.0903
1674054000,1.0904,1.0909,1.0827,1.08365
1674068400,1.08365,1.08375,1.0827,1.08345
1674082800,1.08305,1.08355,1.0819,1.0831
1674097200,1.0831,1.08425,1.0828,1.08285
1674111600,1.0829,1.08755,1.08195,1.08665
1674126000,1.08665,1.0872,1.0832,1.08475
1674140400,1.0848,1.0873,1.08205,1.08655
1674154800,1.08655,1.08775,1.0858,1.0867
1674169200,1.0867,1.08815,1.0865,1.08735
1674183600,1.08735,1.08755,1.0861,1.08615
1674198000,1.0861,1.08955,1.08575,1.08755
1674212400,1.0875,1.08785,1.08385,1.0859
1674226800,1.08595,1.0889,1.0855,1.08845
1674241200,1.08845,1.08955,1.08825,1.08935
1674428400,1.09005,1.0936,1.0897,1.0928
1674442800,1.09285,1.09485,1.0923,1.0937
1674457200,1.0937,1.09625,1.0928,1.09355
1674471600,1.09355,1.09385,1.0882,1.0897
1674486000,1.0898,1.09115,1.08825,1.0902
1674500400,1.0902,1.09085,1.08835,1.0908
1674514800,1.09055,1.0918,1.09025,1.0914
1674529200,1.09135,1.09265,1.09045,1.09225
1674543600,1.09225,1.0933,1.0887,1.0899
1674558000,1.08985,1.0916,1.08755,1.0877
1674572400,1.08775,1.09235,1.087,1.0914
1674586800,1.0914,1.0924,1.0909,1.09225
1674601200,1.09195,1.0936,1.09155,1.09305
1674615600,1.0931,1.09455,1.0926,1.094
1674630000,1.09405,1.0945,1.0897,1.08995
1674644400,1.08995,1.09345,1.08915,1.0928
1674658800,1.0928,1.0958,1.0908,1.09435
1674673200,1.0944,1.0952,1.09405,1.09485
1674687600,1.0948,1.0957,1.0939,1.09475
1674702000,1.09475,1.09615,1.09415,1.0952
1674716400,1.0952,1.096,1.0924,1.09385
1674730800,1.0938,1.0949,1.09045,1.0919
1674745200,1.09195,1.09265,1.08815,1.09175
1674759600,1.09175,1.0927,1.0914,1.0923
1674774000,1.0924,1.09315,1.091,1.0911
1674788400,1.0911,1.09115,1.0897,1.0901
1674802800,1.09005,1.0926,1.08965,1.09205
1674817200,1.092,1.0925,1.0876,1.08975
1674831600,1.08975,1.09105,1.08685,1.08965
1674846000,1.08965,1.0904,1.08945,1.0899
1675033200,1.0898,1.09065,1.08915,1.0899
1675047600,1.08995,1.09095,1.08885,1.08915
1675062000,1.08915,1.09445,1.0883,1.0941
1675076400,1.0941,1.0942,1.091,1.0922
1675090800,1.0922,1.093,1.088,1.08845
1675105200,1.0885,1.08855,1.0869,1.08805
1675119600,1.08815,1.08895,1.0876,1.08815
1675134000,1.0881,1.0882,1.0861,1.08685
1675148400,1.0868,1.08785,1.08305,1.08515
1675162800,1.08515,1.0894,1.08505,1.0877
1675177200,1.08775,1.09045,1.08625,1.0902
1675191600,1.0901,1.0903,1.0889,1.08905
1675206000,1.08915,1.0894,1.088,1.0882
1675220400,1.0882,1.0905,1.08805,1.08975
1675234800,1.0898,1.09215,1.08945,1.092
1675249200,1.092,1.0939,1.0916,1.09325
1675263600,1.0933,1.0953,1.0916,1.0946
1675278000,1.09465,1.10395,1.0916,1.1016
1675292400,1.1018,1.1059,1.1015,1.1045
1675306800,1.10445,1.10515,1.10305,1.1031
1675321200,1.10315,1.1041,1.10065,1.1009
1675335600,1.10095,1.10305,1.093,1.0931
1675350000,1.09315,1.0974,1.0911,1.09445
1675364400,1.09445,1.09475,1.09305,1.0936
1675378800,1.09345,1.09365,1.09125,1.09145
1675393200,1.09145,1.09245,1.09115,1.09225
1675407600,1.09225,1.0961,1.0906,1.09595
1675422000,1.09595,1.09645,1.08505,1.0887
1675436400,1.0887,1.0904,1.08285,1.0836
1675450800,1.0836,1.08385,1.08165,1.08185
1675638000,1.08215,1.0822,1.08045,1.08135
1675652400,1.08135,1.0822,1.0809,1.08105
1675666800,1.081,1.0819,1.07825,1.07885
1675681200,1.07885,1.08065,1.07625,1.0768
1675695600,1.0768,1.0771,1.07325,1.07495
1675710000,1.0749,1.076,1.07415,1.0747
1675724400,1.0748,1.0765,1.0746,1.0763
1675738800,1.0763,1.0766,1.0751,1.0761
1675753200,1.0761,1.0762,1.0719,1.0736
1675767600,1.07355,1.074,1.07015,1.07045
1675782000,1.0705,1.07895,1.06915,1.07245
1675796400,1.0724,1.07525,1.07235,1.075
1675810800,1.075,1.0757,1.07445,1.07545
1675825200,1.0754,1.0761,1.0749,1.0749
1675839600,1.07485,1.07825,1.07455,1.07685
1675854000,1.07685,1.0771,1.07395,1.0747
1675868400,1.0747,1.0762,1.07355,1.07555
1675882800,1.07555,1.0756,1.0731,1.07345
1675897200,1.07335,1.07525,1.07285,1.075
1675911600,1.07505,1.07645,1.0745,1.076
1675926000,1.07595,1.0798,1.0744,1.0797
1675940400,1.07975,1.0811,1.07785,1.08
1675954800,1.08005,1.081,1.07575,1.07615
1675969200,1.0761,1.0766,1.07515,1.0759
1675983600,1.07595,1.07615,1.0743,1.0744
1675998000,1.0744,1.0748,1.07365,1.0742
1676012400,1.07425,1.0772,1.0711,1.07275
1676026800,1.07275,1.073,1.07,1.0717
1676041200,1.07175,1.07265,1.0685,1.069
1676055600,1.069,1.07,1.06865,1.0696
1676242800,1.0698,1.0699,1.0674,1.06855
1676257200,1.0686,1.06975,1.0679,1.06925
1676271600,1.0692,1.07085,1.06815,1.0699
1676286000,1.0699,1.07255,1.0692,1.07235
1676300400,1.07235,1.07485,1.07205,1.0746
1676314800,1.07465,1.07465,1.07325,1.0743
1676329200,1.07425,1.07545,1.0739,1.075
1676343600,1.07495,1.0761,1.07475,1.07565
1676358000,1.0757,1.0785,1.0747,1.07735
1676372400,1.07735,1.08245,1.0726,1.077
1676386800,1.07705,1.079,1.07245,1.07495
1676401200,1.07495,1.076,1.0741,1.07545
1676415600,1.07515,1.0762,1.07405,1.0742
1676430000,1.0742,1.0745,1.07205,1.07245
1676444400,1.0724,1.075,1.07165,1.0733
1676458800,1.0733,1.07415,1.06825,1.06855
1676473200,1.06865,1.07045,1.06775,1.06925
1676487600,1.06925,1.07085,1.0692,1.0704
1676502000,1.0703,1.0729,1.06985,1.0727
1676516400,1.0727,1.0727,1.07105,1.0714
1676530800,1.07145,1.07365,1.0703,1.07205
1676545200,1.0721,1.07235,1.067,1.0677
1676559600,1.06775,1.07105,1.06675,1.0706
1676574000,1.0706,1.0712,1.0683,1.0687
1676588400,1.0686,1.0687,1.0662,1.06655
1676602800,1.06655,1.067,1.0645,1.0649
1676617200,1.06485,1.06755,1.0642,1.06555
1676631600,1.06555,1.067,1.06265,1.0655
1676646000,1.0655,1.0708,1.0655,1.06995
1676660400,1.07,1.0713,1.06995,1.07065
1676847600,1.0706,1.07095,1.0687,1.06975
1676862000,1.0697,1.07075,1.06925,1.07045
1676876400,1.07045,1.07185,1.06915,1.0702
1676890800,1.0702,1.0706,1.0684,1.0702
1676905200,1.0702,1.07075,1.0697,1.06975
1676919600,1.0697,1.07015,1.0696,1.0699
1676934000,1.06975,1.0702,1.06765,1.06765
1676948400,1.06765,1.06875,1.06755,1.06845
1676962800,1.06845,1.07015,1.0656,1.06615
1676977200,1.06615,1.0686,1.0657,1.06615
1676991600,1.0662,1.07115,1.06505,1.0655
1677006000,1.06555,1.06655,1.0653,1.066
1677020400,1.0665,1.0676,1.066,1.06685
1677034800,1.0669,1.06745,1.06635,1.0669
1677049200,1.06685,1.06755,1.0636,1.06375
1677063600,1.06375,1.0673,1.06365,1.0662
1677078000,1.06625,1.067,1.06295,1.06375
1677092400,1.06375,1.06475,1.0611,1.0618
1677106800,1.06165,1.06355,1.0613,1.06335
1677121200,1.0633,1.0638,1.0626,1.06325
1677135600,1.06325,1.06345,1.0597,1.06085
1677150000,1.06085,1.0632,1.0596,1.06175
1677164400,1.06175,1.0619,1.0587,1.05985
1677178800,1.05985,1.06145,1.05965,1.06045
1677193200,1.06055,1.0624,1.06035,1.0607
1677207600,1.0607,1.0615,1.06055,1.06085
1677222000,1.0608,1.0608,1.0589,1.0596
1677236400,1.0596,1.05995,1.05455,1.05575
1677250800,1.05575,1.05695,1.05495,1.05545
1677265200,1.0555,1.0565,1.05525,1.0555
1677452400,1.05535,1.0569,1.05515,1.0562
1677466800,1.05625,1.05635,1.0542,1.0547
1677481200,1.0547,1.05765,1.05445,1.05765
1677495600,1.05765,1.0603,1.05595,1.0599
1677510000,1.05995,1.06295,1.05885,1.0616
1677524400,1.0616,1.0622,1.0614,1.0619
1677538800,1.0617,1.06245,1.05945,1.06035
1677553200,1.0604,1.0605,1.05905,1.0596
1677567600,1.0596,1.0635,1.05905,1.06245
1677582000,1.0625,1.06495,1.06145,1.0643
1677596400,1.06435,1.0654,1.0596,1.05995
1677610800,1.05995,1.06045,1.0583,1.0585
1677625200,1.0589,1.0594,1.05735,1.0591
1677639600,1.0591,1.06225,1.059,1.06145
1677654000,1.0615,1.0677,1.0612,1.06755
1677668400,1.0676,1.06995,1.0663,1.0674
1677682800,1.0675,1.0688,1.06505,1.066
1677697200,1.06595,1.06795,1.06545,1.0679
1677711600,1.06775,1.0679,1.0652,1.06615
1677726000,1.06615,1.06615,1.0641,1.06455
1677740400,1.06455,1.0651,1.06185,1.06195
1677754800,1.06195,1.06365,1.0587,1.06055
1677769200,1.06055,1.06205,1.0582,1.05985
1677783600,1.0599,1.06125,1.0592,1.06025
1677798000,1.06025,1.062,1.0602,1.0608
1677812400,1.06075,1.0628,1.06075,1.0626
1677826800,1.06265,1.0634,1.06055,1.0622
1677841200,1.06225,1.0635,1.06085,1.06195
1677855600,1.06185,1.0633,1.05935,1.06295
1677870000,1.06295,1.0644,1.06285,1.0641
1678057200,1.06345,1.06545,1.06285,1.06495
1678071600,1.065,1.06565,1.06415,1.06475
1678086000,1.0648,1.0662,1.06295,1.0633
1678100400,1.06325,1.06785,1.06265,1.06735
1678114800,1.0674,1.0699,1.0666,1.06785
1678129200,1.06785,1.0688,1.0673,1.06875
1678143600,1.06855,1.06965,1.068,1.06915
1678158000,1.06915,1.0697,1.068,1.068
1678172400,1.06805,1.06985,1.06575,1.06645
1678186800,1.06645,1.0677,1.0644,1.0652
1678201200,1.06525,1.06525,1.0556,1.05595
1678215600,1.05595,1.05635,1.05495,1.05535
1678230000,1.0553,1.0556,1.0535,1.05355
1678244400,1.0536,1.05435,1.05275,1.0543
1678258800,1.05425,1.05515,1.05365,1.05425
1678273200,1.05425,1.0565,1.0537,1.0559
1678287600,1.05595,1.05775,1.0532,1.0546
1678302000,1.0546,1.05535,1.05445,1.05485
1678316400,1.0548,1.05545,1.05395,1.05465
1678330800,1.0547,1.05565,1.0545,1.05525
1678345200,1.0552,1.0571,1.05495,1.05675
1678359600,1.05675,1.05875,1.05535,1.05765
1678374000,1.05765,1.0591,1.0565,1.0591
1678388400,1.05905,1.05925,1.05735,1.0585
1678402800,1.06475,1.0663,1.0642,1.06555
1678417200,1.06545,1.06645,1.0647,1.065
1678431600,1.065,1.0674,1.064,1.06535
1678446000,1.0653,1.0741,1.06465,1.07335
1678460400,1.0734,1.07705,1.07065,1.071
1678474800,1.071,1.07185,1.0703,1.0709
1678658400,1.0744,1.07795,1.0727,1.0732
1678672800,1.0732,1.07985,1.07315,1.0783
1678687200,1.07825,1.07995,1.0724,1.0733
1678701600,1.07325,1.07885,1.07135,1.07665
1678716000,1.0767,1.08165,1.0765,1.08075
1678730400,1.08075,1.0811,1.079,1.07995
1678744800,1.07995,1.08,1.07745,1.07775
1678759200,1.0778,1.07825,1.0766,1.07765
1678773600,1.07765,1.0784,1.07485,1.07775
1678788000,1.07775,1.0815,1.07405,1.0771
1678802400,1.07715,1.0806,1.07685,1.0796
1678816800,1.0796,1.08125,1.07945,1.0797
1678831200,1.0797,1.08035,1.07895,1.08015
1678845600,1.08015,1.08225,1.0798,1.08005
1678860000,1.08,1.08065,1.07255,1.074
1678874400,1.07395,1.07455,1.05855,1.061
1678888800,1.06095,1.06295,1.05805,1.06215
1678903200,1.0622,1.06585,1.06115,1.0641
1678917600,1.0641,1.0661,1.06345,1.06555
1678932000,1.0655,1.06755,1.06485,1.0667
1678946400,1.0667,1.06955,1.0653,1.06775
1678960800,1.06775,1.0682,1.06125,1.0668
1678975200,1.0668,1.0689,1.0634,1.0652
1678989600,1.06515,1.06795,1.0651,1.06705
1679004000,1.0669,1.06915,1.06685,1.06835
1679018400,1.0684,1.07075,1.06835,1.0706
1679032800,1.07055,1.0728,1.0699,1.0705
1679047200,1.07055,1.07055,1.06705,1.06845
1679061600,1.0685,1.07355,1.0683,1.0732
1679076000,1.07325,1.0744,1.0716,1.07245
1679263200,1.0734,1.07485,1.07235,1.0732
1679277600,1.0733,1.0741,1.07215,1.0736
1679292000,1.07355,1.07375,1.06905,1.07335
1679306400,1.07335,1.07905,1.07295,1.0783
1679320800,1.0783,1.079,1.0766,1.0775
1679335200,1.07745,1.0784,1.0773,1.07825
1679349600,1.0782,1.0784,1.0772,1.07745
1679364000,1.0774,1.078,1.0767,1.07735
1679378400,1.07735,1.08055,1.07615,1.0802
1679392800,1.0802,1.08445,1.07955,1.0833
1679407200,1.08335,1.0838,1.08165,1.0821
1679421600,1.0821,1.0831,1.0812,1.0825
1679436000,1.0826,1.0832,1.08215,1.08275
1679450400,1.08275,1.083,1.08205,1.08275
1679464800,1.0827,1.08485,1.0814,1.0842
1679479200,1.0842,1.08555,1.08305,1.0836
1679493600,1.0836,1.08555,1.08305,1.0851
1679508000,1.085,1.0968,1.0848,1.091
1679522400,1.09165,1.0942,1.09105,1.094
1679536800,1.09405,1.0965,1.0936,1.09585
1679551200,1.09585,1.09835,1.0934,1.09395
1679565600,1.09395,1.0947,1.09205,1.09405
1679580000,1.0941,1.09615,1.0917,1.0922
1679594400,1.09225,1.09295,1.08775,1.08855
1679608800,1.0884,1.08915,1.08735,1.0878
1679623200,1.0878,1.089,1.08705,1.08865
1679637600,1.0887,1.08885,1.0775,1.0779
1679652000,1.07795,1.08195,1.0768,1.0811
1679666400,1.0811,1.08215,1.0795,1.08155
1679680800,1.08155,1.082,1.08075,1.0814
1679868000,1.08165,1.08415,1.0811,1.0815
1679882400,1.0815,1.0828,1.0815,1.0819
1679896800,1.0818,1.0835,1.07975,1.0819
1679911200,1.08185,1.0848,1.08145,1.08365
1679925600,1.0837,1.0849,1.0828,1.08465
1679940000,1.08465,1.0853,1.08415,1.0851
1679954400,1.0851,1.0871,1.08495,1.08665
1679968800,1.0867,1.08695,1.0858,1.0862
1679983200,1.0862,1.0886,1.08595,1.0868
1679997600,1.08675,1.08995,1.08665,1.0877
1680012000,1.0877,1.0898,1.08685,1.089
1680026400,1.08895,1.09005,1.08875,1.0897
1680040800,1.08955,1.09015,1.0888,1.08965
1680055200,1.08965,1.0898,1.0883,1.0884
1680069600,1.08845,1.0914,1.087,1.09115
1680084000,1.09115,1.0923,1.0885,1.0899
1680098400,1.0899,1.0905,1.0875,1.0898
1680112800,1.08985,1.0899,1.0889,1.08965
1680127200,1.08935,1.08985,1.0878,1.0881
1680141600,1.08815,1.0896,1.0876,1.08915
1680156000,1.08905,1.09285,1.0873,1.091
1680170400,1.09095,1.0976,1.09095,1.09665
1680184800,1.0967,1.0971,1.09415,1.09495
1680199200,1.0949,1.09575,1.0946,1.0955
1680213600,1.0955,1.09745,1.09505,1.09565
1680228000,1.0957,1.0961,1.0944,1.09445
1680242400,1.0945,1.09595,1.09215,1.0932
1680256800,1.0933,1.0943,1.0913,1.0939
1680271200,1.094,1.095,1.08965,1.09015
1680285600,1.09015,1.091,1.0885,1.089
1680472800,1.08875,1.0893,1.0847,1.0855
1680487200,1.0855,1.0855,1.08355,1.08425
1680501600,1.0842,1.09015,1.0838,1.0898
1680516000,1.0898,1.09445,1.08965,1.0933
1680530400,1.09335,1.0964,1.09255,1.0934
1680544800,1.0934,1.0956,1.0933,1.09515
1680559200,1.09505,1.09565,1.09375,1.094
1680573600,1.094,1.09455,1.09295,1.09325
1680588000,1.09325,1.0985,1.0932,1.0978
1680602400,1.09785,1.0982,1.09335,1.09505
1680616800,1.09515,1.10195,1.0951,1.09945
1680631200,1.09945,1.10045,1.099,1.1001
1680645600,1.0998,1.10125,1.09975,1.1001
1680660000,1.1001,1.10075,1.0995,1.10005
1680674400,1.10015,1.10105,1.0984,1.0995
1680688800,1.09955,1.10065,1.09785,1.09835
1680703200,1.0985,1.101,1.09345,1.09445
1680717600,1.09445,1.09535,1.0943,1.0951
1680732000,1.0952,1.09535,1.09285,1.0936
1680746400,1.0936,1.0939,1.0929,1.0938
1680760800,1.09375,1.09605,1.09355,1.0952
1680775200,1.0952,1.09645,1.0929,1.09395
1680789600,1.094,1.0981,1.09355,1.09775
1680804000,1.09775,1.0979,1.09605,1.09645
1680818400,1.09635,1.0968,1.0958,1.0961
1680832800,1.09615,1.09655,1.0958,1.0961
1680847200,1.09605,1.09635,1.0955,1.09575
1680861600,1.0958,1.0966,1.092,1.09425
1680876000,1.09425,1.09595,1.09425,1.095
1681077600,1.09515,1.09585,1.09415,1.09445
1681092000,1.0944,1.09465,1.0935,1.09435
1681106400,1.09435,1.09605,1.09395,1.095
1681120800,1.09505,1.0955,1.08815,1.0882
1681135200,1.08815,1.0901,1.08745,1.0899
1681149600,1.08995,1.0907,1.0897,1.09045
1681164000,1.09075,1.09225,1.0903,1.09215
1681178400,1.09205,1.09375,1.092,1.0937
1681192800,1.09365,1.0962,1.09235,1.09555
1681207200,1.09555,1.09695,1.0945,1.0964
1681221600,1.09645,1.0971,1.0939,1.0953
1681236000,1.09535,1.09595,1.09465,1.09565
1681250400,1.0956,1.0971,1.0954,1.0968
1681264800,1.0968,1.0978,1.09585,1.0977
1681279200,1.09775,1.09795,1.0958,1.097
1681293600,1.09705,1.1033,1.0962,1.1017
1681308000,1.10175,1.1042,1.10125,1.1036
1681322400,1.10355,1.10425,1.1028,1.10335
1681336800,1.10325,1.1045,1.1028,1.1036
1681351200,1.1036,1.1038,1.1023,1.1024
1681365600,1.10245,1.10715,1.10165,1.10625
1681380000,1.1063,1.11075,1.1048,1.11045
1681394400,1.11045,1.11055,1.1084,1.1093
1681408800,1.1093,1.10935,1.1084,1.10865
1681423200,1.10865,1.1103,1.10865,1.11025
1681437600,1.1103,1.11145,1.1101,1.1113
1681452000,1.11135,1.11145,1.10925,1.11015
1681466400,1.1101,1.11135,1.1058,1.1069
1681480800,1.107,1.107,1.1012,1.1026
1681495200,1.10265,1.10385,1.10265,1.10325
1681682400,1.10355,1.10375,1.1,1.101
1681696800,1.101,1.1033,1.101,1.1027
1681711200,1.1027,1.1038,1.10025,1.1019
1681725600,1.1019,1.10235,1.0968,1.09705
1681740000,1.0971,1.09745,1.0947,1.09615
1681754400,1.0962,1.097,1.0957,1.09665
1681768800,1.0964,1.0972,1.09595,1.09705
1681783200,1.0971,1.09815,1.0966,1.09805
1681797600,1.09805,1.10215,1.0973,1.10135
1681812000,1.1013,1.1018,1.09815,1.09965
1681826400,1.09965,1.101,1.09915,1.1007
1681840800,1.10065,1.10135,1.1006,1.1011
1681855200,1.1012,1.10215,1.1006,1.10065
1681869600,1.10075,1.1013,1.0998,1.09985
1681884000,1.09995,1.101,1.0963,1.0967
1681898400,1.0967,1.1002,1.0954,1.09975
1681912800,1.0998,1.1017,1.09885,1.09935
1681927200,1.09935,1.09985,1.0989,1.0994
1681941600,1.0994,1.0997,1.09825,1.0996
1681956000,1.09955,1.09995,1.09875,1.0997
1681970400,1.0997,1.10135,1.0985,1.0997
1681984800,1.0997,1.10205,1.09685,1.10085
1681999200,1.1009,1.10255,1.0999,1.1006
1682013600,1.10055,1.1008,1.09915,1.1006
1682028000,1.1003,1.1008,1.09965,1.1
1682042400,1.09995,1.1005,1.09895,1.0995
1682056800,1.09945,1.1007,1.09725,1.09895
1682071200,1.09895,1.1029,1.0984,1.09905
1682085600,1.0991,1.10165,1.09775,1.1016
1682100000,1.1016,1.1028,1.10095,1.1025
1682287200,1.1024,1.10305,1.10185,1.10215
1682301600,1.10215,1.1025,1.10065,1.10125
1682316000,1.10125,1.1056,1.10005,1.1035
1682330400,1.10355,1.10665,1.10335,1.10585
1682344800,1.1059,1.10835,1.1055,1.1079
1682359200,1.10785,1.1085,1.10765,1.10815
1682373600,1.1081,1.11025,1.108,1.1091
1682388000,1.10905,1.10925,1.1079,1.1083
1682402400,1.1083,1.1091,1.10585,1.10645
1682416800,1.10645,1.10695,1.10285,1.10335
1682431200,1.10335,1.10375,1.0998,1.10025
1682445600,1.10025,1.101,1.0998,1.1008
1682460000,1.101,1.10145,1.1002,1.1009
1682474400,1.1009,1.1024,1.10055,1.1022
1682488800,1.10215,1.10885,1.1018,1.1075
1682503200,1.1076,1.1129,1.10655,1.1119
1682517600,1.11195,1.11205,1.1067,1.10715
1682532000,1.10715,1.1076,1.1066,1.10735
1682546400,1.1076,1.10805,1.1066,1.1077
1682560800,1.1077,1.10945,1.1074,1.1091
1682575200,1.109,1.10925,1.1065,1.10685
1682589600,1.10685,1.10895,1.1023,1.10415
1682604000,1.10415,1.10585,1.1036,1.10535
1682618400,1.1053,1.1061,1.10495,1.10595
1682632800,1.10585,1.10695,1.10555,1.1057
1682647200,1.1057,1.1057,1.10365,1.10425
1682661600,1.10425,1.1067,1.10075,1.10185
1682676000,1.10185,1.10465,1.0993,1.10315
1682690400,1.1032,1.1076,1.10215,1.10555
1682704800,1.10555,1.10575,1.1043,1.10485
1682892000,1.1049,1.1057,1.1033,1.1035
1682906400,1.10345,1.10455,1.10315,1.10365
1682920800,1.10365,1.10375,1.10195,1.1034
1682935200,1.1034,1.10665,1.1031,1.10495
1682949600,1.10495,1.10495,1.0995,1.10025
1682964000,1.10025,1.1008,1.0997,1.1007
1682978400,1.1001,1.1025,1.09975,1.1018
1682992800,1.10185,1.1023,1.10095,1.10135
1683007200,1.10135,1.1037,1.0979,1.0983
1683021600,1.0983,1.10065,1.0972,1.0974
1683036000,1.09745,1.1034,1.09735,1.1028
1683050400,1.1028,1.10385,1.1028,1.10295
1683064800,1.1032,1.1054,1.10295,1.10525
1683079200,1.10525,1.10595,1.10485,1.105
1683093600,1.105,1.10775,1.10445,1.10705
1683108000,1.10705,1.1074,1.1052,1.10625
1683122400,1.1063,1.10895,1.1062,1.10805
1683136800,1.108,1.11215,1.10675,1.10935
1683151200,1.10935,1.11155,1.1092,1.11095
1683165600,1.11095,1.1116,1.11075,1.1112
1683180000,1.11125,1.11195,1.10645,1.1083
1683194400,1.1083,1.1115,1.103,1.1052
1683208800,1.10525,1.1067,1.10145,1.105
1683223200,1.105,1.1051,1.104,1.1041
1683237600,1.10405,1.1065,1.10375,1.1063
1683252000,1.10635,1.10745,1.10555,1.1068
1683266400,1.1068,1.1076,1.105,1.1055
1683280800,1.10555,1.1059,1.09945,1.1019
1683295200,1.1019,1.1064,1.1013,1.10395
1683309600,1.1039,1.10545,1.10385,1.1044
1683496800,1.10465,1.1059,1.1041,1.1058
1683511200,1.10585,1.10715,1.10545,1.1066
1683525600,1.1066,1.10805,1.10495,1.10625
1683540000,1.10625,1.1078,1.1057,1.107
1683554400,1.10705,1.1071,1.10375,1.1042
1683568800,1.1042,1.10425,1.10265,1.10305
1683583200,1.10295,1.1031,1.101,1.10135
1683597600,1.10135,1.1021,1.101,1.102
1683612000,1.102,1.1026,1.09985,1.10095
1683626400,1.10095,1.10095,1.09665,1.09875
1683640800,1.09875,1.09905,1.0975,1.09895
1683655200,1.099,1.09985,1.09855,1.0986
1683669600,1.0985,1.0999,1.0984,1.09965
1683684000,1.0997,1.1002,1.09875,1.0992
1683698400,1.09915,1.1008,1.0973,1.09815
1683712800,1.0982,1.1031,1.09665,1.1011
1683727200,1.1011,1.1032,1.09865,1.0992
1683741600,1.09925,1.101,1.09925,1.1008
1683756000,1.10075,1.1021,1.1005,1.10075
1683770400,1.10075,1.1008,1.0993,1.10015
1683784800,1.1002,1.1002,1.09405,1.0951
1683799200,1.09505,1.0971,1.0923,1.09245
1683813600,1.09245,1.0952,1.0923,1.09355
1683828000,1.0936,1.0945,1.0935,1.0939
1683842400,1.0938,1.0946,1.0934,1.0946
1683856800,1.09465,1.09525,1.09375,1.09465
1683871200,1.0946,1.0958,1.0921,1.0933
1683885600,1.0933,1.0937,1.0901,1.09115
1683900000,1.09115,1.09195,1.08705,1.0877
1683914400,1.08765,1.08775,1.087,1.08715
1684101600,1.08685,1.0886,1.0867,1.08845
1684116000,1.0884,1.08905,1.08765,1.0889
1684130400,1.0889,1.0902,1.08765,1.089
1684144800,1.089,1.09125,1.0888,1.09005
1684159200,1.0901,1.09035,1.08855,1.0898
1684173600,1.08975,1.09,1.08945,1.08965
1684188000,1.0897,1.0903,1.08945,1.08985
1684202400,1.0898,1.09055,1.08895,1.08915
1684216800,1.0892,1.0926,1.0884,1.0915
1684231200,1.09145,1.09185,1.0889,1.0896
1684245600,1.08965,1.08975,1.08755,1.0888
1684260000,1.0888,1.0891,1.0879,1.0884
1684274400,1.08835,1.08925,1.0881,1.089
1684288800,1.089,1.0894,1.08725,1.0874
1684303200,1.08735,1.08845,1.0841,1.08515
1684317600,1.08515,1.0862,1.0834,1.0836
1684332000,1.08365,1.087,1.0831,1.08645
1684346400,1.08645,1.0866,1.0857,1.0859
1684360800,1.08595,1.08665,1.08535,1.08635
1684375200,1.08635,1.08665,1.08455,1.0849
1684389600,1.08485,1.0853,1.0826,1.0837
1684404000,1.0837,1.0838,1.07935,1.0796
1684418400,1.0797,1.0805,1.0781,1.0785
1684432800,1.0785,1.07935,1.07825,1.0788
1684447200,1.07885,1.0798,1.0778,1.07815
1684461600,1.0781,1.07915,1.0778,1.07865
1684476000,1.0787,1.0822,1.07845,1.082
1684490400,1.082,1.08415,1.0807,1.08135
1684504800,1.08135,1.08475,1.08,1.08375
1684519200,1.0838,1.08385,1.0816,1.0825
1684706400,1.0827,1.08475,1.08245,1.0843
1684720800,1.08425,1.0843,1.0827,1.0828
1684735200,1.0828,1.08415,1.0813,1.08365
1684749600,1.08365,1.08485,1.0826,1.08295
1684764000,1.08295,1.08415,1.08135,1.08355
1684778400,1.08355,1.08385,1.08265,1.08295
1684792800,1.08295,1.0837,1.0821,1.0821
1684807200,1.0821,1.08275,1.0817,1.0824
1684821600,1.0824,1.08295,1.07965,1.0798
1684836000,1.07975,1.0802,1.0779,1.07985
1684850400,1.0799,1.0812,1.0777,1.07945
1684864800,1.07945,1.07975,1.0783,1.07875
1684879200,1.07885,1.0791,1.07835,1.07895
1684893600,1.0789,1.08025,1.07845,1.0799
1684908000,1.0799,1.0811,1.0786,1.07895
1684922400,1.079,1.08175,1.0764,1.07855
1684936800,1.0786,1.0793,1.07655,1.07725
1684951200,1.0772,1.0782,1.0763,1.07655
1684965600,1.07655,1.07705,1.07545,1.07575
1684980000,1.0758,1.076,1.07465,1.07535
1684994400,1.0753,1.0758,1.07275,1.07455
1685008800,1.07455,1.07545,1.07215,1.07275
1685023200,1.07275,1.07465,1.07255,1.07415
1685037600,1.07415,1.0743,1.0729,1.0739
1685052000,1.074,1.0746,1.07325,1.07455
1685066400,1.07455,1.0756,1.07455,1.0751
1685080800,1.07505,1.07585,1.0739,1.07485
1685095200,1.07485,1.0774,1.0734,1.0737
1685109600,1.07375,1.0755,1.07155,1.0741
1685124000,1.0741,1.07465,1.07385,1.07405
1685311200,1.07385,1.07455,1.07305,1.0745
1685325600,1.07445,1.0752,1.07425,1.07495
1685340000,1.07495,1.07565,1.07265,1.07295
1685354400,1.0729,1.0732,1.0721,1.07225
1685368800,1.0723,1.07285,1.0719,1.07245
1685383200,1.0725,1.0725,1.07175,1.0722
1685397600,1.07235,1.0739,1.07165,1.07355
1685412000,1.0736,1.07375,1.0694,1.0699
1685426400,1.0699,1.07375,1.0685,1.0732
1685440800,1.0732,1.07595,1.0731,1.07425
1685455200,1.0743,1.07535,1.0727,1.07295
1685469600,1.07295,1.07485,1.0727,1.0747
1685484000,1.0749,1.0749,1.07235,1.0725
1685498400,1.07255,1.0727,1.0697,1.0709
1685512800,1.07095,1.071,1.067,1.06875
1685527200,1.0687,1.0717,1.06795,1.07035
1685541600,1.07035,1.07035,1.0647,1.06745
1685556000,1.06745,1.07035,1.0674,1.0701
1685570400,1.07005,1.07065,1.069,1.07015
1685584800,1.0701,1.07035,1.0686,1.0687
1685599200,1.06875,1.07195,1.06715,1.07185
1685613600,1.07185,1.07415,1.06915,1.07395
1685628000,1.07395,1.07745,1.07305,1.0774
1685642400,1.07735,1.07785,1.07665,1.07715
1685656800,1.07725,1.0776,1.0767,1.0771
1685671200,1.0771,1.07815,1.077,1.07805
1685685600,1.0781,1.0788,1.0769,1.07765
1685700000,1.0777,1.07845,1.0743,1.07515
1685714400,1.07515,1.07585,1.07165,1.0719
1685728800,1.0719,1.07245,1.0714,1.0717
1685916000,1.07165,1.0717,1.06985,1.071
1685930400,1.07095,1.0713,1.0702,1.071
1685944800,1.07095,1.07095,1.06915,1.07005
1685959200,1.07005,1.07035,1.06825,1.06895
1685973600,1.069,1.0731,1.069,1.0721
1685988000,1.07215,1.0726,1.0718,1.0721
1686002400,1.0721,1.0725,1.0715,1.07235
1686016800,1.07235,1.0739,1.07225,1.0733
1686031200,1.07335,1.07405,1.0697,1.07
1686045600,1.07,1.0708,1.06745,1.068
1686060000,1.06805,1.07055,1.06785,1.06935
1686074400,1.0694,1.0704,1.06925,1.07
1686088800,1.0701,1.07115,1.07,1.07035
1686103200,1.07035,1.07035,1.06905,1.0692
1686117600,1.0692,1.0705,1.06755,1.0703
1686132000,1.0703,1.07465,1.0703,1.07445
1686146400,1.0745,1.0747,1.0698,1.0706
1686160800,1.07055,1.0712,1.07,1.07055
1686175200,1.07055,1.0715,1.07025,1.07135
1686189600,1.0714,1.07225,1.0711,1.07155
1686204000,1.07155,1.07395,1.07065,1.0734
1686218400,1.07345,1.0775,1.07295,1.0771
1686232800,1.0771,1.07925,1.07675,1.07835
1686247200,1.07835,1.0789,1.0779,1.07885
1686261600,1.0788,1.07905,1.0784,1.07855
1686276000,1.07855,1.07885,1.078,1.07825
1686290400,1.0783,1.07875,1.0763,1.0763
1686304800,1.0763,1.0789,1.0761,1.07755
1686319200,1.0776,1.0778,1.07485,1.07535
1686333600,1.0754,1.0756,1.07475,1.07535
1686520800,1.07525,1.0756,1.07405,1.0741
1686535200,1.07415,1.0755,1.07375,1.07535
1686549600,1.07535,1.07945,1.07485,1.07895
1686564000,1.079,1.07915,1.0747,1.0757
1686578400,1.07575,1.0766,1.0748,1.07575
1686592800,1.07575,1.0768,1.07545,1.0763
1686607200,1.076,1.0772,1.076,1.07715
1686621600,1.07715,1.08,1.07695,1.07865
1686636000,1.0787,1.08145,1.0785,1.08095
1686650400,1.0809,1.0828,1.0778,1.07975
1686664800,1.07975,1.08125,1.07815,1.0793
1686679200,1.07925,1.07995,1.0786,1.0797
1686693600,1.07935,1.07985,1.0789,1.07965
1686708000,1.07965,1.0799,1.0777,1.0779
1686722400,1.07795,1.0813,1.0779,1.08075
1686736800,1.08075,1.0848,1.08045,1.08475
1686751200,1.08475,1.0867,1.0844,1.08605
1686765600,1.08585,1.08665,1.08045,1.0836
1686780000,1.0889,1.0897,1.08625,1.08635
1686794400,1.08635,1.0876,1.08585,1.08705
1686808800,1.08705,1.08995,1.08555,1.08995
1686823200,1.08995,1.0953,1.08665,1.0951
1686837600,1.0951,1.10025,1.0951,1.09955
1686852000,1.09955,1.10045,1.0994,1.09975
1686866400,1.0997,1.1004,1.0992,1.0996
1686880800,1.0996,1.0998,1.0988,1.0992
1686895200,1.09925,1.1015,1.0986,1.1001
1686909600,1.1001,1.10225,1.09945,1.1005
1686924000,1.10055,1.1019,1.097,1.0991
1686938400,1.09905,1.09975,1.09865,1.0993
1687125600,1.0993,1.0997,1.0985,1.09875
1687140000,1.09875,1.09925,1.09825,1.09915
1687154400,1.0991,1.0991,1.0961,1.09625
1687168800,1.09625,1.0981,1.0958,1.09695
1687183200,1.09695,1.098,1.09635,1.0968
1687197600,1.09685,1.0974,1.0967,1.0972
1687212000,1.0973,1.09765,1.09615,1.0964
1687226400,1.09635,1.09765,1.09615,1.09765
1687240800,1.09765,1.09965,1.0966,1.09755
1687255200,1.09755,1.09865,1.0957,1.09675
1687269600,1.09675,1.09715,1.0943,1.0966
1687284000,1.0966,1.09695,1.09605,1.09695
1687298400,1.0968,1.0973,1.0962,1.09645
1687312800,1.09645,1.09715,1.0961,1.0963
1687327200,1.0963,1.0984,1.0956,1.09665
1687341600,1.09665,1.0981,1.0958,1.0977
1687356000,1.0977,1.103,1.0973,1.10275
1687370400,1.10275,1.1041,1.1026,1.10375
1687384800,1.10355,1.1044,1.10335,1.10425
1687399200,1.10425,1.1043,1.10335,1.10345
1687413600,1.1035,1.10525,1.1028,1.10505
1687428000,1.105,1.10615,1.10165,1.10295
1687442400,1.103,1.1037,1.0996,1.1005
1687456800,1.10055,1.101,1.0999,1.1004
1687471200,1.1003,1.1007,1.0994,1.09945
1687485600,1.09945,1.09945,1.0975,1.098
1687500000,1.098,1.0981,1.0891,1.09075
1687514400,1.09075,1.095,1.0907,1.093
1687528800,1.09305,1.09455,1.09255,1.0941
1687543200,1.0941,1.09435,1.0934,1.0943
1687730400,1.09455,1.09565,1.0942,1.095
1687744800,1.095,1.09565,1.0946,1.09535
1687759200,1.0953,1.09575,1.09335,1.0943
1687773600,1.09425,1.0967,1.09405,1.0959
1687788000,1.0959,1.0964,1.0946,1.09565
1687802400,1.09565,1.09615,1.095,1.0952
1687816800,1.0954,1.0981,1.09475,1.097
1687831200,1.09695,1.0975,1.0962,1.09635
1687845600,1.0963,1.09905,1.0962,1.0986
1687860000,1.09865,1.10225,1.0984,1.10125
1687874400,1.10125,1.10155,1.0988,1.1008
1687888800,1.10075,1.101,1.1004,1.10055
1687903200,1.1007,1.1008,1.09915,1.09915
1687917600,1.0992,1.10005,1.0988,1.0999
1687932000,1.0999,1.1006,1.09815,1.09925
1687946400,1.0993,1.10075,1.09685,1.098
1687960800,1.09805,1.09825,1.09415,1.096
1687975200,1.09605,1.0969,1.0956,1.0958
1687989600,1.09575,1.0962,1.0945,1.09495
1688004000,1.09495,1.09495,1.0924,1.0937
1688018400,1.0937,1.0965,1.09325,1.096
1688032800,1.096,1.09845,1.09035,1.0912
1688047200,1.09125,1.094,1.09115,1.09155
1688061600,1.09155,1.0916,1.09055,1.09055
1688076000,1.09065,1.09175,1.09025,1.09035
1688090400,1.09035,1.0917,1.0903,1.09115
1688104800,1.0911,1.09115,1.0876,1.08875
1688119200,1.0887,1.09585,1.0883,1.0956
1688133600,1.09565,1.09735,1.0948,1.09535
1688148000,1.0954,1.0958,1.09495,1.0953
1688335200,1.09515,1.0959,1.09425,1.09505
1688349600,1.0951,1.096,1.09445,1.0945
1688364000,1.09455,1.09485,1.0911,1.09315
1688378400,1.0931,1.09615,1.09225,1.0954
1688392800,1.09555,1.09755,1.0943,1.095
1688407200,1.09505,1.09565,1.095,1.09555
1688421600,1.0955,1.09575,1.09495,1.0952
1688436000,1.09515,1.09525,1.09345,1.09365
1688450400,1.09365,1.0956,1.0933,1.09395
1688464800,1.0939,1.09445,1.093,1.09405
1688479200,1.09405,1.0948,1.09325,1.09345
1688493600,1.09345,1.09365,1.09175,1.0919
1688508000,1.09185,1.0931,1.0916,1.09175
1688522400,1.09175,1.0924,1.0908,1.09215
1688536800,1.09215,1.0948,1.0906,1.09345
1688551200,1.09345,1.09425,1.09155,1.09325
1688565600,1.09325,1.0936,1.08985,1.09
1688580000,1.09,1.0906,1.0891,1.0894
1688594400,1.08945,1.0896,1.08815,1.0889
1688608800,1.08885,1.0895,1.08715,1.0894
1688623200,1.08935,1.0915,1.08835,1.09005
1688637600,1.09,1.09405,1.08975,1.0923
1688652000,1.0922,1.0925,1.08725,1.0921
1688666400,1.0921,1.09315,1.0916,1.09305
1688680800,1.0929,1.09335,1.09205,1.0926
1688695200,1.0926,1.0935,1.09225,1.09265
1688709600,1.09265,1.0939,1.0906,1.09195
1688724000,1.0919,1.09705,1.0913,1.0955
1688738400,1.09555,1.10125,1.09485,1.10065
1688752800,1.10065,1.101,1.10025,1.10085
1688940000,1.1005,1.1009,1.09955,1.0999
1688954400,1.09995,1.10015,1.0984,1.09845
1688968800,1.09845,1.1012,1.09835,1.10005
1688983200,1.10005,1.10095,1.0982,1.10055
1688997600,1.10055,1.1035,1.1005,1.10335
1689012000,1.1033,1.104,1.103,1.10395
1689026400,1.1039,1.1051,1.1037,1.10475
1689040800,1.10475,1.106,1.1044,1.1045
1689055200,1.10455,1.10655,1.1035,1.1044
1689069600,1.1044,1.10505,1.1014,1.1025
1689084000,1.10255,1.10465,1.1016,1.1044
1689098400,1.1044,1.10465,1.10355,1.10465
1689112800,1.1046,1.1069,1.1044,1.1064
1689127200,1.10645,1.1074,1.10625,1.1063
1689141600,1.1064,1.10725,1.1056,1.1062
1689156000,1.10625,1.1138,1.10505,1.11355
1689170400,1.1135,1.11715,1.11265,1.1168
1689184800,1.1168,1.11785,1.1166,1.1169
1689199200,1.11675,1.1182,1.1166,1.11815
1689213600,1.11815,1.11855,1.1166,1.1167
1689228000,1.11675,1.1211,1.1167,1.12085
1689242400,1.1209,1.1232,1.1195,1.12305
1689256800,1.12305,1.12545,1.1217,1.1252
1689271200,1.12515,1.12645,1.1249,1.1263
1689285600,1.126,1.127,1.12495,1.1269
1689300000,1.1269,1.1279,1.12545,1.12555
1689314400,1.1256,1.12805,1.12405,1.12625
1689328800,1.12625,1.128,1.12465,1.1276
1689343200,1.1276,1.12805,1.12515,1.127
1689357600,1.127,1.12725,1.126,1.1264
1689544800,1.12655,1.12675,1.1253,1.1254
1689559200,1.12535,1.12705,1.12505,1.12685
1689573600,1.1268,1.12845,1.12585,1.1279
1689588000,1.12785,1.12785,1.1239,1.1257
1689602400,1.1257,1.128,1.12535,1.12755
1689616800,1.12755,1.12815,1.1272,1.1274
1689631200,1.1273,1.12915,1.12695,1.12805
1689645600,1.12805,1.1299,1.1279,1.1285
1689660000,1.1285,1.13105,1.1263,1.12835
1689674400,1.1284,1.1305,1.12515,1.12615
1689688800,1.12615,1.12805,1.12435,1.12535
1689703200,1.1254,1.12665,1.12485,1.1263
1689717600,1.1262,1.12675,1.12565,1.126
1689732000,1.126,1.12705,1.12505,1.12695
1689746400,1.12695,1.12745,1.12305,1.1264
1689760800,1.1264,1.1264,1.1243,1.12475
1689775200,1.1248,1.12485,1.1208,1.12325
1689789600,1.12325,1.1239,1.12285,1.1236
1689804000,1.12355,1.12605,1.12315,1.12585
1689818400,1.1258,1.12615,1.12455,1.12495
1689832800,1.1249,1.12535,1.12305,1.1244
1689847200,1.1244,1.1249,1.1204,1.12155
1689861600,1.1216,1.1221,1.11505,1.1162
1689876000,1.11625,1.11655,1.1155,1.1161
1689890400,1.1165,1.1172,1.116,1.11705
1689904800,1.117,1.1175,1.11645,1.11745
1689919200,1.1174,1.1176,1.1153,1.1159
1689933600,1.1159,1.11695,1.11435,1.115
1689948000,1.11505,1.116,1.1139,1.11575
1689962400,1.11575,1.11615,1.11505,1.1159
1690149600,1.116,1.11635,1.115,1.1153
1690164000,1.1153,1.1163,1.1148,1.1163
1690178400,1.1163,1.11775,1.10955,1.11125
1690192800,1.11125,1.114,1.11055,1.11155
1690207200,1.1116,1.11215,1.1099,1.11055
1690221600,1.11055,1.11055,1.10905,1.1095
1690236000,1.1094,1.11075,1.109,1.1104
1690250400,1.1104,1.11115,1.1099,1.1106
1690264800,1.1106,1.1117,1.10715,1.10725
1690279200,1.1072,1.1083,1.10555,1.1068
1690293600,1.1069,1.1085,1.1051,1.10695
1690308000,1.10695,1.10855,1.1066,1.1085
1690322400,1.10855,1.1087,1.1067,1.10675
1690336800,1.1068,1.1092,1.1067,1.10915
1690351200,1.1091,1.1107,1.10855,1.11045
1690365600,1.1104,1.11155,1.10865,1.10945
1690380000,1.1095,1.11115,1.1087,1.10885
1690394400,1.1088,1.11365,1.1086,1.11155
1690408800,1.1116,1.11285,1.11055,1.1127
1690423200,1.1127,1.11455,1.1116,1.1116
1690437600,1.11165,1.1172,1.11165,1.11675
1690452000,1.11675,1.1177,1.1019,1.10355
1690466400,1.10355,1.10375,1.1011,1.1026
1690480800,1.10255,1.1026,1.0993,1.10035
1690495200,1.1006,1.10125,1.10005,1.1009
1690509600,1.10085,1.10155,1.0975,1.1013
1690524000,1.10125,1.1018,1.097,1.1
1690538400,1.1,1.10605,1.0997,1.1044
1690552800,1.10445,1.10745,1.10425,1.10485
1690567200,1.10475,1.1057,1.1042,1.1043
1690754400,1.10445,1.10545,1.104,1.104
1690768800,1.10405,1.10445,1.10315,1.10405
1690783200,1.10405,1.1064,1.1033,1.1059
1690797600,1.10585,1.1072,1.1041,1.1064
1690812000,1.1064,1.10725,1.103,1.1031
1690826400,1.1031,1.1034,1.10195,1.1023
1690840800,1.1023,1.1029,1.101,1.10115
1690855200,1.10115,1.10245,1.1006,1.10245
1690869600,1.1025,1.1026,1.0991,1.10005
1690884000,1.10005,1.101,1.09775,1.09985
1690898400,1.0999,1.10145,1.0986,1.0989
1690912800,1.0989,1.10105,1.09885,1.10095
1690927200,1.10395,1.1043,1.1016,1.1016
1690941600,1.10165,1.1025,1.1005,1.1019
1690956000,1.10195,1.1022,1.10005,1.10055
1690970400,1.1005,1.1012,1.09745,1.09745
1690984800,1.0975,1.0982,1.09425,1.09705
1690999200,1.09705,1.0974,1.09595,1.0964
1691013600,1.09625,1.09725,1.09605,1.0967
1691028000,1.0967,1.0968,1.09425,1.0963
1691042400,1.09625,1.09665,1.0935,1.09545
1691056800,1.0955,1.09795,1.09385,1.09415
1691071200,1.0942,1.0986,1.09385,1.09705
1691085600,1.09705,1.0975,1.09615,1.09715
1691100000,1.0972,1.0984,1.0969,1.0979
1691114400,1.0979,1.0984,1.097,1.09745
1691128800,1.0975,1.0981,1.09575,1.0967
1691143200,1.0967,1.1053,1.0952,1.10355
1691157600,1.1035,1.1065,1.1025,1.10515
1691172000,1.1051,1.10515,1.10265,1.1032
1691359200,1.10325,1.1037,1.10175,1.1023
1691373600,1.1023,1.1026,1.1004,1.1005
1691388000,1.10055,1.1017,1.0988,1.09885
1691402400,1.09885,1.10355,1.09875,1.10155
1691416800,1.10155,1.10305,1.10085,1.1028
1691431200,1.10285,1.10325,1.10215,1.1025
1691445600,1.1024,1.1027,1.10005,1.1001
1691460000,1.1001,1.10215,1.0999,1.1021
1691474400,1.1021,1.1033,1.09885,1.0992
1691488800,1.0992,1.09935,1.09545,1.09595
1691503200,1.096,1.09825,1.09505,1.0981
1691517600,1.0981,1.09835,1.09735,1.0978
1691532000,1.09775,1.0991,1.0973,1.09845
1691546400,1.0984,1.09995,1.09825,1.09975
1691560800,1.0997,1.10095,1.0991,1.09995
1691575200,1.09995,1.10095,1.0983,1.1001
1691589600,1.10015,1.10165,1.09945,1.1001
1691604000,1.1001,1.1003,1.0992,1.09955
1691618400,1.0997,1.09985,1.09865,1.09925
1691632800,1.0992,1.10075,1.0991,1.10045
1691647200,1.10045,1.1046,1.10025,1.104
1691661600,1.10405,1.1085,1.1027,1.1059
1691676000,1.10595,1.10635,1.09955,1.0999
1691690400,1.0999,1.1012,1.09975,1.1001
1691704800,1.1002,1.10165,1.09985,1.1013
1691719200,1.1013,1.1013,1.1003,1.1012
1691733600,1.10115,1.10225,1.0995,1.09955
1691748000,1.0996,1.10245,1.09735,1.0982
1691762400,1.0982,1.10025,1.09615,1.0964
1691776800,1.0964,1.097,1.0962,1.0966
1691964000,1.0967,1.0969,1.0949,1.09535
1691978400,1.0954,1.09585,1.0947,1.09555
1691992800,1.09555,1.0978,1.0944,1.0968
1692007200,1.0968,1.09715,1.0892,1.08995
1692021600,1.08995,1.0954,1.0898,1.0935
1692036000,1.0935,1.09385,1.092,1.09235
1692050400,1.09235,1.09325,1.09175,1.09275
1692064800,1.09265,1.0935,1.09235,1.0929
1692079200,1.0929,1.09625,1.09275,1.09575
1692093600,1.09575,1.09705,1.0914,1.09585
1692108000,1.09585,1.0965,1.09325,1.0935
1692122400,1.09355,1.0937,1.09165,1.09225
1692136800,1.09215,1.09285,1.0916,1.09225
1692151200,1.09225,1.09345,1.0921,1.0933
1692165600,1.09325,1.0951,1.09275,1.0943
1692180000,1.09435,1.09435,1.09125,1.0926
1692194400,1.0926,1.09405,1.0901,1.09065
1692208800,1.09065,1.0917,1.08885,1.0896
1692223200,1.0896,1.08985,1.0877,1.08815
1692237600,1.08815,1.0889,1.0878,1.0889
1692252000,1.08885,1.0902,1.08795,1.0889
1692266400,1.0889,1.09345,1.08885,1.0915
1692280800,1.0915,1.0915,1.08725,1.08765
1692295200,1.08765,1.0889,1.08715,1.08885
1692309600,1.0888,1.09075,1.0885,1.09055
1692324000,1.09055,1.0909,1.0891,1.0898
1692338400,1.0898,1.0902,1.0877,1.0883
1692352800,1.0883,1.0891,1.08595,1.0886
1692367200,1.0886,1.08965,1.08825,1.08945
1692381600,1.08945,1.0895,1.08835,1.0886
1692568800,1.0889,1.0899,1.0884,1.0888
1692583200,1.08875,1.09015,1.08845,1.08955
1692597600,1.08955,1.09195,1.08865,1.0916
1692612000,1.0916,1.0929,1.0895,1.09015
1692626400,1.0902,1.0919,1.089,1.0914
1692640800,1.09145,1.0918,1.0907,1.09105
1692655200,1.0911,1.0924,1.09075,1.09205
1692669600,1.09205,1.0931,1.0919,1.09195
1692684000,1.092,1.09445,1.0912,1.0921
1692698400,1.0921,1.0924,1.0855,1.08575
1692712800,1.0858,1.08695,1.08465,1.0866
1692727200,1.0866,1.08695,1.08575,1.086
1692741600,1.08575,1.08695,1.08575,1.08685
1692756000,1.08685,1.08765,1.08655,1.0876
1692770400,1.08755,1.0885,1.0821,1.08225
1692784800,1.0823,1.0858,1.08155,1.0851
1692799200,1.08515,1.08835,1.0848,1.0878
1692813600,1.08775,1.088,1.0869,1.0877
1692828000,1.08765,1.08865,1.08705,1.0873
1692842400,1.0873,1.08885,1.087,1.08825
1692856800,1.0883,1.08855,1.08585,1.08605
1692871200,1.086,1.08705,1.08255,1.08535
1692885600,1.0854,1.08605,1.08255,1.08275
1692900000,1.08275,1.08315,1.08165,1.08225
1692914400,1.0824,1.0824,1.07985,1.08
1692928800,1.08,1.0803,1.07875,1.0801
1692943200,1.0801,1.08055,1.0777,1.08005
1692957600,1.0801,1.08285,1.08005,1.08195
1692972000,1.08195,1.0853,1.07765,1.081
1692986400,1.081,1.0824,1.08025,1.0807
1693173600,1.08085,1.0821,1.0804,1.0813
1693188000,1.08135,1.08245,1.08125,1.0821
1693202400,1.08205,1.08315,1.081,1.0818
1693216800,1.0818,1.08325,1.08095,1.0818
1693231200,1.0818,1.08245,1.08095,1.08195
1693245600,1.0819,1.08305,1.08165,1.0829
1693260000,1.083,1.08475,1.08295,1.08445
1693274400,1.0845,1.08485,1.0831,1.0832
1693288800,1.08315,1.084,1.08155,1.08235
1693303200,1.08235,1.0826,1.0792,1.0814
1693317600,1.08145,1.0887,1.08135,1.0884
1693332000,1.0884,1.0902,1.0871,1.089
1693346400,1.08885,1.0895,1.0877,1.08785
1693360800,1.08785,1.0881,1.08655,1.0876
1693375200,1.08765,1.0903,1.08645,1.08985
1693389600,1.08985,1.09555,1.08845,1.09545
1693404000,1.0955,1.0955,1.0928,1.093
1693418400,1.093,1.09345,1.09265,1.0933
1693432800,1.0937,1.09475,1.09335,1.0936
1693447200,1.0937,1.09375,1.09245,1.09255
1693461600,1.0926,1.0932,1.0872,1.08815
1693476000,1.08815,1.08925,1.0848,1.08565
1693490400,1.0857,1.08665,1.08425,1.0856
1693504800,1.08565,1.0862,1.08485,1.085
1693519200,1.08505,1.08615,1.0844,1.0854
1693533600,1.0854,1.08595,1.0845,1.08535
1693548000,1.0853,1.0867,1.08355,1.08565
1693562400,1.0857,1.08895,1.0832,1.0853
1693576800,1.0853,1.0855,1.0787,1.07915
1693591200,1.0791,1.07915,1.0779,1.07805
1693778400,1.07815,1.0789,1.0778,1.0783
1693792800,1.07835,1.0797,1.07835,1.0794
1693807200,1.07935,1.08135,1.07905,1.08015
1693821600,1.08015,1.08155,1.08005,1.08025
1693836000,1.08025,1.0807,1.079,1.0802
1693850400,1.0802,1.0804,1.08,1.08025
1693864800,1.0802,1.0805,1.07915,1.0795
1693879200,1.0795,1.08,1.0787,1.07925
1693893600,1.0792,1.07925,1.07485,1.0755
1693908000,1.07545,1.07555,1.07225,1.07355
1693922400,1.0736,1.07385,1.07125,1.0729
1693936800,1.0729,1.07335,1.0725,1.07285
1693951200,1.07285,1.0734,1.0719,1.07205
1693965600,1.07205,1.07445,1.07205,1.07435
1693980000,1.07435,1.0754,1.0729,1.0738
1693994400,1.0738,1.0755,1.0731,1.07445
1694008800,1.0743,1.0743,1.07085,1.0734
1694023200,1.0734,1.07355,1.0728,1.07335
1694037600,1.07315,1.07355,1.07235,1.07355
1694052000,1.0735,1.0736,1.072,1.0724
1694066400,1.0724,1.073,1.07115,1.07195
1694080800,1.07195,1.07195,1.06905,1.0696
1694095200,1.0696,1.0715,1.06905,1.07035
1694109600,1.0704,1.0708,1.0698,1.06995
1694124000,1.06995,1.0725,1.0698,1.0721
1694138400,1.0721,1.073,1.07165,1.0728
1694152800,1.07275,1.07325,1.0703,1.0707
1694167200,1.07065,1.073,1.0698,1.073
1694181600,1.07305,1.0748,1.0704,1.07095
1694196000,1.071,1.0712,1.0701,1.07025
1694383200,1.07175,1.07245,1.0711,1.0723
1694397600,1.07235,1.07445,1.0722,1.07325
1694412000,1.0732,1.0741,1.07255,1.0736
1694426400,1.07355,1.07405,1.0719,1.0739
1694440800,1.07395,1.0763,1.0738,1.07495
1694455200,1.0749,1.07545,1.07475,1.0754
1694469600,1.0755,1.07725,1.07405,1.0744
1694484000,1.0744,1.0754,1.0738,1.0739
1694498400,1.07395,1.07435,1.0715,1.0725
1694512800,1.0725,1.0727,1.07085,1.07205
1694527200,1.07205,1.0741,1.07135,1.0729
1694541600,1.0729,1.0768,1.07275,1.07575
1694556000,1.0762,1.07675,1.07555,1.076
1694570400,1.07605,1.07625,1.07445,1.07475
1694584800,1.0747,1.0751,1.07315,1.07325
1694599200,1.07325,1.07645,1.0713,1.0741
1694613600,1.07415,1.07515,1.07295,1.07475
1694628000,1.0747,1.0749,1.07305,1.07325
1694642400,1.0729,1.0744,1.0729,1.0738
1694656800,1.0738,1.07535,1.07325,1.0749
1694671200,1.0749,1.075,1.07255,1.07295
1694685600,1.0729,1.07495,1.0656,1.0665
1694700000,1.06655,1.0677,1.06325,1.0637
1694714400,1.06375,1.0648,1.0634,1.06435
1694728800,1.06845,1.06865,1.06755,1.06815
1694743200,1.0682,1.0699,1.0682,1.06985
1694757600,1.0699,1.0712,1.06925,1.07055
1694772000,1.0706,1.07115,1.0688,1.07045
1694786400,1.0705,1.07305,1.0704,1.07145
1694800800,1.07145,1.07145,1.06995,1.07045
1694988000,1.0707,1.0716,1.0703,1.07045
1695002400,1.0704,1.0715,1.0704,1.07105
1695016800,1.0711,1.07195,1.0698,1.0715
1695031200,1.07145,1.07165,1.06965,1.0704
1695045600,1.07045,1.0741,1.0701,1.0729
1695060000,1.0729,1.07345,1.0719,1.07335
1695074400,1.0733,1.0738,1.0722,1.0725
1695088800,1.07255,1.0729,1.0717,1.07205
1695103200,1.0721,1.07365,1.0716,1.073
1695117600,1.07305,1.07595,1.0724,1.0733
1695132000,1.0733,1.07345,1.072,1.0726
1695146400,1.0726,1.07265,1.07175,1.0721
1695160800,1.07175,1.07285,1.07175,1.0727
1695175200,1.0727,1.07305,1.0719,1.07215
1695189600,1.0721,1.0741,1.07135,1.07395
1695204000,1.074,1.076,1.0733,1.07575
1695218400,1.07585,1.0778,1.0754,1.07675
1695232800,1.07675,1.07675,1.069,1.07015
1695247200,1.07015,1.0704,1.0667,1.06765
1695261600,1.06765,1.06805,1.0656,1.06735
1695276000,1.06735,1.07035,1.06725,1.06925
1695290400,1.06925,1.0702,1.06605,1.068
1695304800,1.06805,1.0713,1.0677,1.0705
1695319200,1.0705,1.07105,1.0697,1.07005
1695333600,1.07015,1.0703,1.06795,1.06825
1695348000,1.0683,1.06965,1.0682,1.06885
1695362400,1.06885,1.07065,1.0653,1.06775
1695376800,1.06775,1.07015,1.06735,1.07
1695391200,1.07,1.0711,1.06905,1.0691
1695405600,1.0691,1.06915,1.0678,1.06845
1695592800,1.06845,1.06935,1.06825,1.0685
1695607200,1.0685,1.0689,1.06805,1.0682
1695621600,1.0682,1.0692,1.06615,1.0673
1695636000,1.0673,1.0682,1.06335,1.064
1695650400,1.06405,1.0645,1.0613,1.06325
1695664800,1.0633,1.0637,1.06235,1.06315
1695679200,1.0631,1.0635,1.06185,1.06245
1695693600,1.0624,1.0631,1.06165,1.06255
1695708000,1.06255,1.0641,1.06075,1.0635
1695722400,1.06345,1.06475,1.0623,1.063
1695736800,1.06305,1.06365,1.06045,1.06085
1695751200,1.0609,1.06125,1.05995,1.06105
1695765600,1.0609,1.06115,1.0593,1.06065
1695780000,1.0607,1.0607,1.0592,1.0597
1695794400,1.0597,1.0611,1.059,1.0597
1695808800,1.0597,1.0599,1.0549,1.0557
1695823200,1.05575,1.05635,1.05275,1.0536
1695837600,1.05365,1.05565,1.05255,1.0539
1695852000,1.0543,1.05515,1.05375,1.05465
1695866400,1.05465,1.05475,1.0532,1.05445
1695880800,1.0544,1.0577,1.05265,1.05745
1695895200,1.0575,1.0593,1.0553,1.0585
1695909600,1.05855,1.06145,1.05815,1.0587
1695924000,1.0587,1.0603,1.05855,1.0602
1695938400,1.06,1.0611,1.0593,1.0609
1695952800,1.0609,1.06215,1.0609,1.06115
1695967200,1.0612,1.06525,1.06095,1.06495
1695981600,1.06495,1.0651,1.061,1.0616
1695996000,1.06165,1.0628,1.0599,1.06
1696010400,1.06,1.0615,1.05995,1.06075
1696197600,1.0602,1.06065,1.05925,1.0603
1696212000,1.0603,1.0606,1.0595,1.05965
1696226400,1.0597,1.0627,1.057,1.0574
1696240800,1.0574,1.0579,1.05495,1.055
1696255200,1.05495,1.0562,1.0523,1.05305
1696269600,1.05305,1.0537,1.05115,1.05125
1696284000,1.0513,1.05175,1.0499,1.05055
1696298400,1.05055,1.05055,1.0494,1.05
1696312800,1.04995,1.05275,1.0496,1.05175
1696327200,1.05175,1.05195,1.04955,1.05145
1696341600,1.0515,1.05165,1.0482,1.05025
1696356000,1.05025,1.05135,1.0493,1.0501
1696370400,1.0498,1.05095,1.0494,1.05005
1696384800,1.05005,1.05075,1.04905,1.05015
1696399200,1.0502,1.05375,1.0484,1.0532
1696413600,1.0531,1.0566,1.05285,1.0541
1696428000,1.05415,1.05555,1.0516,1.05365
1696442400,1.05365,1.0553,1.0531,1.05375
1696456800,1.054,1.05605,1.0534,1.056
1696471200,1.05605,1.05605,1.05485,1.0549
1696485600,1.05495,1.0553,1.05335,1.0539
1696500000,1.0539,1.05635,1.05315,1.05565
1696514400,1.0557,1.0572,1.0544,1.05695
1696528800,1.05695,1.05835,1.05695,1.05815
1696543200,1.05805,1.0582,1.05695,1.05745
1696557600,1.05745,1.05785,1.0565,1.0567
1696572000,1.05665,1.0589,1.0563,1.0584
1696586400,1.05845,1.06065,1.0514,1.05435
1696600800,1.0544,1.0632,1.0537,1.062
1696615200,1.062,1.06315,1.0614,1.0619
1696802400,1.05855,1.06055,1.0582,1.0594
1696816800,1.0595,1.0597,1.05795,1.05855
1696831200,1.0586,1.05905,1.0551,1.05655
1696845600,1.05655,1.0586,1.05545,1.05845
1696860000,1.0584,1.05965,1.05655,1.05945
1696874400,1.05945,1.0604,1.0591,1.0599
1696888800,1.05985,1.06145,1.0597,1.0604
1696903200,1.06045,1.0608,1.059,1.05925
1696917600,1.0593,1.0642,1.0585,1.0633
1696932000,1.0633,1.0636,1.06025,1.06255
1696946400,1.0626,1.0651,1.062,1.0626
1696960800,1.0626,1.06375,1.06235,1.0636
1696975200,1.0635,1.0645,1.06315,1.06385
1696989600,1.06385,1.06405,1.0631,1.0632
1697004000,1.06315,1.06585,1.0624,1.0635
1697018400,1.0635,1.0665,1.0611,1.06595
1697032800,1.066,1.0665,1.0615,1.0623
1697047200,1.06235,1.06505,1.06215,1.065
1697061600,1.06495,1.0657,1.0647,1.06535
1697076000,1.06535,1.06625,1.0649,1.066
1697090400,1.06605,1.06685,1.06445,1.0647
1697104800,1.06475,1.06575,1.0576,1.0578
1697119200,1.05785,1.05915,1.0561,1.0563
1697133600,1.05635,1.0566,1.05545,1.0557
1697148000,1.0559,1.0572,1.0558,1.05705
1697162400,1.05705,1.05795,1.0568,1.0577
1697176800,1.05765,1.0587,1.0556,1.0558
1697191200,1.0558,1.05755,1.05425,1.05545
1697205600,1.0555,1.0555,1.05235,1.0533
1697220000,1.05335,1.0544,1.05325,1.05375
1697407200,1.0548,1.05535,1.05435,1.055
1697421600,1.055,1.05585,1.0547,1.0557
1697436000,1.05575,1.05705,1.0551,1.05595
1697450400,1.05595,1.05735,1.0554,1.05575
1697464800,1.0558,1.0584,1.05535,1.0583
1697479200,1.05825,1.0591,1.05795,1.0589
1697493600,1.05885,1.05895,1.0577,1.05795
1697508000,1.05795,1.05815,1.0571,1.05715
1697522400,1.05715,1.05825,1.056,1.0581
1697536800,1.05815,1.06065,1.0565,1.05765
1697551200,1.05765,1.06225,1.0576,1.05945
1697565600,1.05945,1.06085,1.05915,1.06045
1697580000,1.06045,1.06045,1.05875,1.0596
1697594400,1.05965,1.06115,1.05965,1.06095
1697608800,1.06095,1.06215,1.05925,1.0596
1697623200,1.05955,1.06015,1.0575,1.0577
1697637600,1.05775,1.0587,1.05495,1.05765
1697652000,1.0577,1.0578,1.0558,1.0563
1697666400,1.05625,1.05675,1.0558,1.05615
1697680800,1.0562,1.05645,1.05555,1.05585
1697695200,1.0558,1.05735,1.0553,1.05695
1697709600,1.05695,1.06075,1.0568,1.0601
1697724000,1.0601,1.06415,1.0581,1.0624
1697738400,1.0624,1.063,1.06035,1.06095
1697752800,1.06045,1.06115,1.0593,1.05975
1697767200,1.0597,1.0605,1.0596,1.05985
1697781600,1.05985,1.062,1.05895,1.0615
1697796000,1.06145,1.0624,1.05895,1.0604
1697810400,1.0604,1.06285,1.05965,1.06205
1697824800,1.06205,1.06215,1.0611,1.06195
1698012000,1.0619,1.0621,1.0606,1.06075
1698026400,1.0607,1.0608,1.0597,1.06015
1698040800,1.0602,1.06395,1.05955,1.06175
1698055200,1.0617,1.06435,1.0615,1.06295
1698069600,1.06295,1.06975,1.0629,1.0693
1698084000,1.06925,1.07025,1.06845,1.06945
1698098400,1.06945,1.06995,1.0691,1.06945
1698112800,1.0695,1.07115,1.0693,1.0705
1698127200,1.0705,1.07215,1.066,1.06605
1698141600,1.06605,1.0665,1.06195,1.06355
1698156000,1.06355,1.064,1.0607,1.06125
1698170400,1.06125,1.0618,1.06085,1.06145
1698184800,1.0614,1.0622,1.06125,1.06175
1698199200,1.06175,1.063,1.06175,1.0624
1698213600,1.0624,1.06275,1.05895,1.0592
1698228000,1.05925,1.0606,1.0589,1.0604
1698242400,1.06045,1.0619,1.0589,1.05945
1698256800,1.05945,1.05965,1.05885,1.059
1698271200,1.059,1.0591,1.0576,1.0577
1698285600,1.05775,1.0578,1.05635,1.0565
1698300000,1.0565,1.0574,1.05545,1.05675
1698314400,1.0567,1.05825,1.05425,1.05695
1698328800,1.05685,1.05745,1.05465,1.0572
1698343200,1.05725,1.05865,1.05705,1.05845
1698357600,1.05835,1.0587,1.0574,1.058
1698372000,1.05805,1.0591,1.05805,1.05905
1698386400,1.05905,1.0591,1.05735,1.0586
1698400800,1.05855,1.06135,1.0557,1.0602
1698415200,1.06025,1.06185,1.0579,1.0589
1698429600,1.05885,1.0595,1.05835,1.0585
1698616800,1.05855,1.0589,1.0576,1.0585
1698631200,1.0585,1.0587,1.05795,1.0583
1698645600,1.0583,1.06075,1.0568,1.0604
1698660000,1.0604,1.0636,1.0595,1.0631
1698674400,1.0631,1.06465,1.06125,1.06325
1698688800,1.0633,1.0643,1.06315,1.06365
1698703200,1.0635,1.06385,1.06245,1.06305
1698717600,1.06305,1.0632,1.06115,1.06195
1698732000,1.06195,1.0696,1.0615,1.06895
1698746400,1.069,1.06915,1.0622,1.0625
1698760800,1.0625,1.06365,1.0578,1.05955
1698775200,1.0596,1.0606,1.05915,1.05965
1698789600,1.0596,1.0601,1.05875,1.05895
1698804000,1.05895,1.0594,1.05855,1.0588
1698818400,1.05885,1.05975,1.0565,1.0569
1698832800,1.05695,1.05775,1.05415,1.05515
1698847200,1.0552,1.0591,1.05475,1.05535
1698861600,1.0553,1.05955,1.05365,1.0591
1698876000,1.05895,1.06215,1.05885,1.06165
1698890400,1.06165,1.0621,1.06125,1.0616
1698904800,1.0616,1.0644,1.061,1.06425
1698919200,1.06425,1.06865,1.064,1.06665
1698933600,1.06665,1.0667,1.06295,1.06475
1698948000,1.0647,1.06515,1.06355,1.064
1698962400,1.064,1.06415,1.0633,1.06405
1698976800,1.06405,1.065,1.064,1.0648
1698991200,1.06485,1.06665,1.0638,1.0666
1699005600,1.0666,1.07435,1.06595,1.07355
1699020000,1.0736,1.07655,1.07125,1.07555
1699034400,1.0755,1.0758,1.0741,1.07505
1699225200,1.0747,1.0752,1.0741,1.0751
1699239600,1.0751,1.07585,1.0749,1.07545
1699254000,1.07545,1.07745,1.075,1.07665
1699268400,1.07665,1.0773,1.07535,1.07575
1699282800,1.07575,1.07675,1.07445,1.0754
1699297200,1.0754,1.0755,1.07345,1.07355
1699311600,1.07395,1.07405,1.0724,1.0729
1699326000,1.0729,1.0732,1.0718,1.07185
1699340400,1.07185,1.0724,1.0698,1.06995
1699354800,1.0699,1.0704,1.06815,1.06935
1699369200,1.06935,1.07175,1.069,1.07165
1699383600,1.07165,1.07225,1.0707,1.0718
1699398000,1.0716,1.0717,1.07035,1.07105
1699412400,1.0711,1.07125,1.0698,1.06985
1699426800,1.0699,1.07015,1.06765,1.0685
1699441200,1.06855,1.07095,1.0677,1.07075
1699455600,1.0708,1.07335,1.06995,1.0726
1699470000,1.0726,1.0728,1.0717,1.0727
1699484400,1.07255,1.07315,1.07185,1.07255
1699498800,1.0725,1.07275,1.07175,1.0723
1699513200,1.0723,1.07255,1.07005,1.07025
1699527600,1.07025,1.0741,1.0696,1.07395
1699542000,1.074,1.07405,1.06885,1.071
1699556400,1.071,1.07125,1.0676,1.0684
1699570800,1.0684,1.06905,1.06785,1.0688
1699585200,1.0688,1.06895,1.0679,1.0681
1699599600,1.06805,1.07035,1.06715,1.07025
1699614000,1.07025,1.07085,1.06855,1.0688
1699628400,1.0689,1.06995,1.06765,1.06965
1699642800,1.06965,1.0703,1.06925,1.07025
1699830000,1.0701,1.07055,1.0696,1.0698
1699844400,1.0698,1.07075,1.0697,1.0705
1699858800,1.07055,1.0717,1.07005,1.07125
1699873200,1.07125,1.0713,1.06795,1.0692
1699887600,1.0692,1.0722,1.06895,1.0717
1699902000,1.07165,1.07205,1.0712,1.07125
1699916400,1.0713,1.0717,1.0709,1.07125
1699930800,1.07125,1.07145,1.07075,1.07135
1699945200,1.0714,1.07455,1.07105,1.07365
1699959600,1.07365,1.0851,1.06725,1.08485
1699974000,1.08485,1.08915,1.0838,1.0885
1699988400,1.0885,1.0902,1.08825,1.0894
1700002800,1.0892,1.08975,1.088,1.08935
1700017200,1.0893,1.08985,1.0886,1.0888
1700031600,1.0888,1.0894,1.08585,1.08715
1700046000,1.08715,1.0901,1.0846,1.08505
1700060400,1.0851,1.0883,1.08485,1.086
1700074800,1.08605,1.08625,1.0855,1.0862
1700089200,1.0863,1.0869,1.08435,1.0847
1700103600,1.08465,1.0854,1.0845,1.08525
1700118000,1.0852,1.0874,1.0847,1.08585
1700132400,1.0858,1.08945,1.0852,1.0889
1700146800,1.08895,1.09085,1.08595,1.08725
1700161200,1.0872,1.08735,1.0858,1.0865
1700175600,1.0866,1.087,1.08615,1.0868
1700190000,1.08685,1.08695,1.08605,1.08635
1700204400,1.0864,1.08835,1.08375,1.08835
1700218800,1.0883,1.0897,1.08705,1.0882
1700233200,1.0882,1.0917,1.08805,1.0916
1700247600,1.0916,1.0931,1.0908,1.09305
1700434800,1.09235,1.09365,1.09095,1.0934
1700449200,1.09345,1.0948,1.0928,1.0929
1700463600,1.0929,1.09525,1.09245,1.0938
1700478000,1.09385,1.0958,1.0931,1.09525
1700492400,1.0953,1.09645,1.09385,1.0958
1700506800,1.0958,1.096,1.0951,1.09525
1700521200,1.09535,1.09735,1.0953,1.0971
1700535600,1.09715,1.09765,1.09635,1.097
1700550000,1.097,1.09755,1.0954,1.0957
1700564400,1.0957,1.0973,1.09505,1.09645
1700578800,1.0965,1.0971,1.09145,1.09205
1700593200,1.09205,1.09285,1.09115,1.0922
1700607600,1.0922,1.09345,1.0921,1.0928
1700622000,1.09275,1.0931,1.09075,1.09125
1700636400,1.0912,1.09315,1.0895,1.0912
1700650800,1.09125,1.09295,1.08835,1.08865
1700665200,1.0887,1.08985,1.0864,1.08965
1700679600,1.0896,1.0901,1.08915,1.08995
1700694000,1.08985,1.0915,1.08925,1.09135
1700708400,1.0914,1.0928,1.09115,1.09185
1700722800,1.0918,1.0941,1.09055,1.0929
1700737200,1.09295,1.093,1.0898,1.09065
1700751600,1.09065,1.0921,1.09065,1.09145
1700766000,1.0914,1.0918,1.0913,1.09155
1700780400,1.0917,1.092,1.0905,1.09055
1700794800,1.09055,1.0922,1.0905,1.09175
1700809200,1.0917,1.09305,1.09115,1.09195
1700823600,1.09195,1.09485,1.09165,1.09465
1700838000,1.0947,1.09555,1.09385,1.0953
1701039600,1.09545,1.0959,1.0936,1.09525
1701054000,1.09525,1.09655,1.0948,1.09595
1701068400,1.09595,1.09685,1.0949,1.09635
1701082800,1.0964,1.0965,1.0935,1.0938
1701097200,1.0938,1.0952,1.09345,1.09515
1701111600,1.09515,1.0967,1.09515,1.09625
1701126000,1.0964,1.0972,1.09625,1.0967
1701140400,1.0967,1.0968,1.0955,1.0956
1701154800,1.09555,1.09655,1.09435,1.0961
1701169200,1.09615,1.09945,1.0954,1.09875
1701183600,1.09885,1.1018,1.0977,1.09905
1701198000,1.099,1.10045,1.0985,1.1001
1701212400,1.1002,1.1025,1.1002,1.1015
1701226800,1.1015,1.1016,1.1004,1.10095
1701241200,1.1009,1.1009,1.09775,1.0985
1701255600,1.0985,1.1003,1.09705,1.09845
1701270000,1.09855,1.09995,1.09685,1.09925
1701284400,1.0993,1.1003,1.09765,1.09775
1701298800,1.09785,1.0991,1.09745,1.09835
1701313200,1.0983,1.0989,1.0972,1.09855
1701327600,1.0986,1.0986,1.09165,1.0925
1701342000,1.0925,1.09575,1.0899,1.09155
1701356400,1.09155,1.09255,1.08905,1.0896
1701370800,1.08965,1.0902,1.0886,1.0894
1701385200,1.0897,1.09195,1.0896,1.09135
1701399600,1.09145,1.09185,1.0905,1.0915
1701414000,1.0915,1.09185,1.08915,1.0897
1701428400,1.08965,1.09075,1.08475,1.08505
1701442800,1.0851,1.08995,1.0835,1.08955
1701457200,1.0896,1.0899,1.0877,1.08875
1701644400,1.08905,1.0901,1.08725,1.0889
1701658800,1.08885,1.0892,1.0873,1.0875
1701673200,1.0875,1.0887,1.08555,1.08745
1701687600,1.0874,1.08845,1.0825,1.08455
1701702000,1.0846,1.08495,1.08095,1.08225
1701716400,1.0823,1.0843,1.0822,1.08415
1701730800,1.0839,1.08515,1.0837,1.0842
1701745200,1.0842,1.0853,1.0837,1.08395
1701759600,1.0839,1.0848,1.08095,1.0838
1701774000,1.0838,1.0842,1.0807,1.0814
1701788400,1.08145,1.08445,1.0784,1.07905
1701802800,1.079,1.08045,1.0786,1.08025
1701817200,1.0802,1.0804,1.0793,1.0797
1701831600,1.07975,1.0807,1.0793,1.0793
1701846000,1.07925,1.08025,1.07795,1.07965
1701860400,1.07955,1.08095,1.0777,1.07995
1701874800,1.08,1.08055,1.0776,1.0783
1701889200,1.0783,1.0784,1.07635,1.07685
1701903600,1.0771,1.0776,1.07655,1.07685
1701918000,1.07685,1.07705,1.07605,1.07675
1701932400,1.07675,1.0788,1.0759,1.0775
1701946800,1.0775,1.0802,1.0763,1.0774
1701961200,1.0774,1.08215,1.07705,1.0809
1701975600,1.0809,1.081,1.07945,1.07985
1701990000,1.07985,1.08035,1.0787,1.0793
1702004400,1.07925,1.07985,1.07825,1.07825
1702018800,1.0783,1.07945,1.07755,1.0787
1702033200,1.0787,1.07905,1.0727,1.07495
1702047600,1.075,1.07895,1.07435,1.076
1702062000,1.076,1.07695,1.07595,1.0767
1702249200,1.0765,1.07765,1.0764,1.07685
1702263600,1.07685,1.07735,1.0764,1.0772
1702278000,1.0772,1.0782,1.0754,1.0776
1702292400,1.0776,1.0781,1.07465,1.07555
1702306800,1.0756,1.07675,1.07445,1.07665
1702321200,1.07665,1.07725,1.07635,1.0768
1702335600,1.0768,1.07725,1.0764,1.0764
1702350000,1.07645,1.07825,1.07635,1.0782
1702364400,1.07815,1.081,1.0776,1.08035
1702378800,1.08035,1.08325,1.07695,1.07765
1702393200,1.07765,1.0801,1.07715,1.07955
1702407600,1.0796,1.08015,1.079,1.07975
1702422000,1.0797,1.0802,1.07865,1.0789
1702436400,1.07895,1.0794,1.0783,1.07855
1702450800,1.0786,1.0795,1.0775,1.078
1702465200,1.07795,1.08115,1.07755,1.0793
1702479600,1.0793,1.0799,1.0782,1.07895
1702494000,1.07885,1.0899,1.0788,1.08765
1702508400,1.08765,1.09065,1.08765,1.0905
1702522800,1.09055,1.0916,1.0894,1.0902
1702537200,1.09025,1.0915,1.0881,1.0914
1702551600,1.0914,1.09935,1.09075,1.0992
1702566000,1.0992,1.10105,1.09685,1.09835
1702580400,1.09835,1.0998,1.09805,1.0995
1702594800,1.1038,1.10425,1.1021,1.1041
1702609200,1.10415,1.10475,1.10245,1.10315
1702623600,1.10315,1.10435,1.09905,1.10085
1702638000,1.1008,1.10135,1.0948,1.0963
1702652400,1.09635,1.0967,1.09315,1.0937
1702666800,1.09365,1.0952,1.0933,1.09385
1702854000,1.0938,1.0948,1.0935,1.09465
1702868400,1.0947,1.0963,1.09455,1.0961
1702882800,1.09605,1.0973,1.09505,1.09525
1702897200,1.0953,1.09735,1.09495,1.09725
1702911600,1.09725,1.09745,1.09535,1.0966
1702926000,1.09655,1.09665,1.09555,1.09655
1702940400,1.0966,1.0968,1.0957,1.09635
1702954800,1.0963,1.0973,1.0962,1.097
1702969200,1.09695,1.0991,1.09655,1.09795
1702983600,1.09795,1.10265,1.09725,1.1021
1702998000,1.10215,1.1029,1.1011,1.1017
1703012400,1.10165,1.10235,1.1014,1.10225
1703026800,1.1024,1.1025,1.10085,1.10115
1703041200,1.10115,1.10125,1.0997,1.1
1703055600,1.1,1.10125,1.0987,1.09935
1703070000,1.09935,1.10125,1.0975,1.10105
1703084400,1.10115,1.1016,1.09905,1.1
1703098800,1.1,1.1001,1.097,1.0982
1703113200,1.098,1.09925,1.0979,1.0987
1703127600,1.09875,1.0994,1.0981,1.0983
1703142000,1.09835,1.0995,1.0974,1.09925
1703156400,1.0993,1.10415,1.09925,1.1032
1703170800,1.1032,1.10345,1.10145,1.10295
1703185200,1.10295,1.10525,1.10285,1.1051
1703199600,1.1049,1.1052,1.1035,1.104
1703214000,1.104,1.10445,1.10335,1.10335
1703228400,1.1034,1.1061,1.10335,1.1059
1703242800,1.10585,1.108,1.10415,1.10755
1703257200,1.1075,1.10815,1.104,1.10535
1703271600,1.1053,1.10555,1.1042,1.10535
1703545200,1.10535,1.1066,1.10515,1.10655
1703559600,1.1066,1.10685,1.1061,1.10635
1703574000,1.1063,1.1066,1.1049,1.10555
1703588400,1.10555,1.1067,1.1048,1.10655
1703602800,1.10665,1.10795,1.10635,1.10765
1703617200,1.10765,1.1085,1.1076,1.1083
1703631600,1.1083,1.1084,1.1069,1.1071
1703646000,1.10705,1.1084,1.1068,1.1083
1703660400,1.10825,1.10975,1.1075,1.1094
1703674800,1.1094,1.1143,1.1087,1.1142
1703689200,1.11425,1.11605,1.1137,1.1145
1703703600,1.1145,1.1151,1.1136,1.1142
1703718000,1.11415,1.1157,1.114,1.11525
1703732400,1.11525,1.11555,1.11395,1.1148
1703746800,1.1148,1.11745,1.1139,1.1163
1703761200,1.1163,1.11675,1.11075,1.11375
1703775600,1.11385,1.11485,1.10905,1.1099
1703790000,1.1099,1.11055,1.1093,1.10965
1703804400,1.1097,1.11195,1.10965,1.1106
1703818800,1.11065,1.11095,1.10955,1.1108
1703833200,1.11075,1.1112,1.1079,1.10995
1703847600,1.1099,1.1115,1.1081,1.1103
1703862000,1.11035,1.1113,1.1077,1.10875
1703876400,1.10875,1.1088,1.10685,1.10705
1704150000,1.1076,1.10785,1.1052,1.10525
1704164400,1.10525,1.1069,1.105,1.10625
1704178800,1.10625,1.1073,1.10305,1.1041
1704193200,1.1041,1.1041,1.09785,1.09965
1704207600,1.0996,1.1002,1.09745,1.09805
1704222000,1.09805,1.0985,1.09725,1.09735
1704236400,1.09745,1.0988,1.09745,1.0986
1704250800,1.0986,1.0996,1.09825,1.0992
1704265200,1.09915,1.09985,1.09595,1.0961
1704279600,1.09615,1.0965,1.0943,1.09465
1704294000,1.09475,1.09715,1.09315,1.09385
1704308400,1.09395,1.09585,1.0926,1.0956
1704322800,1.0956,1.09595,1.09475,1.09515
1704337200,1.09515,1.0966,1.09515,1.0964
1704351600,1.09645,1.1004,1.0961,1.09875
1704366000,1.09875,1.09895,1.09645,1.09775
1704380400,1.09775,1.09975,1.09745,1.09795
1704394800,1.09795,1.09825,1.0975,1.09765
1704409200,1.09765,1.09875,1.09745,1.0978
1704423600,1.09785,1.09785,1.0956,1.0959
1704438000,1.0959,1.09645,1.09345,1.0944
1704452400,1.0944,1.0987,1.0908,1.0981
1704466800,1.09815,1.1031,1.0967,1.09855
1704481200,1.0986,1.09915,1.09675,1.0974
1704668400,1.0977,1.0984,1.09665,1.09685
1704682800,1.0968,1.0978,1.09615,1.09765
1704697200,1.09775,1.09835,1.09535,1.09735
1704711600,1.09735,1.09935,1.0968,1.0992
1704726000,1.0992,1.101,1.09805,1.0987
1704740400,1.09865,1.0994,1.09805,1.0982
1704754800,1.0984,1.0995,1.09795,1.0993
1704769200,1.09935,1.09965,1.09785,1.09805
1704783600,1.09805,1.09935,1.0963,1.0966
1704798000,1.09655,1.0982,1.09585,1.09765
1704812400,1.09765,1.09775,1.0941,1.09545
1704826800,1.09545,1.0962,1.0951,1.09615
1704841200,1.096,1.0966,1.0956,1.09635
1704855600,1.0964,1.09665,1.09535,1.09545
1704870000,1.0955,1.0985,1.0953,1.0979
1704884400,1.09795,1.09855,1.09625,1.09705
1704898800,1.09705,1.10005,1.0966,1.1
1704913200,1.1,1.10035,1.0992,1.1003
1704927600,1.1003,1.10135,1.09995,1.10065
1704942000,1.1007,1.1017,1.1003,1.1014
1704956400,1.10145,1.10155,1.0987,1.09975
1704970800,1.09975,1.10405,1.09595,1.09825
1704985200,1.0983,1.09945,1.0958,1.09935
1704999600,1.09935,1.1012,1.09845,1.1
1705014000,1.1,1.10135,1.0999,1.1008
1705028400,1.1008,1.10115,1.1002,1.10035
1705042800,1.1004,1.1011,1.09855,1.09885
1705057200,1.09885,1.1014,1.09645,1.1005
1705071600,1.1004,1.10155,1.09755,1.0988
1705086000,1.09875,1.0992,1.09765,1.09785
1705273200,1.09775,1.09935,1.09685,1.09925
1705287600,1.0993,1.09955,1.09865,1.0992
1705302000,1.09915,1.0994,1.0961,1.0968
1705316400,1.09675,1.0987,1.09665,1.0971
1705330800,1.0971,1.09805,1.09655,1.0976
1705359600,1.0979,1.0979,1.09425,1.0951
1705374000,1.0951,1.09525,1.094,1.09445
1705388400,1.0945,1.09535,1.0906,1.0908
1705402800,1.0908,1.0925,1.08935,1.08995
1705417200,1.09,1.09225,1.08895,1.0897
1705431600,1.08975,1.09045,1.0895,1.09025
1705446000,1.0902,1.09115,1.0899,1.0902
1705460400,1.09015,1.09015,1.08825,1.0889
1705474800,1.08895,1.0911,1.0886,1.08985
1705489200,1.0899,1.09095,1.0874,1.0876
1705503600,1.0876,1.08975,1.0871,1.08925
1705518000,1.0893,1.09105,1.08925,1.09105
1705532400,1.091,1.0929,1.0906,1.0919
1705546800,1.0919,1.09325,1.0916,1.09295
1705561200,1.09295,1.0932,1.0902,1.09205
1705575600,1.09205,1.09205,1.08745,1.08845
1705590000,1.0885,1.08955,1.0872,1.0889
1705604400,1.08895,1.09025,1.0885,1.0902
1705618800,1.09015,1.09145,1.08995,1.0913
1705633200,1.0913,1.0914,1.09005,1.09055
1705647600,1.0906,1.0911,1.0893,1.09055
1705662000,1.0906,1.0918,1.08905,1.09055
1705676400,1.0906,1.09215,1.0895,1.0917
1705690800,1.09175,1.09235,1.0913,1.09225
1705878000,1.09195,1.09335,1.09145,1.09315
1705892400,1.0932,1.09335,1.0923,1.0929
1705906800,1.0929,1.0932,1.091,1.09115
1705921200,1.0911,1.0924,1.0904,1.0914
1705935600,1.09145,1.0925,1.0906,1.09145
1705950000,1.09145,1.09155,1.09045,1.09065
1705964400,1.0905,1.0918,1.08995,1.09115
1705978800,1.09115,1.09385,1.09095,1.0938
1705993200,1.0938,1.09405,1.0891,1.0893
1706007600,1.08935,1.09,1.08725,1.08765
1706022000,1.0877,1.0882,1.08455,1.0861
1706036400,1.08615,1.08805,1.08595,1.0877
1706050800,1.0878,1.08835,1.0875,1.08805
1706065200,1.0881,1.08905,1.08805,1.08875
1706079600,1.0887,1.09315,1.0884,1.09215
1706094000,1.0922,1.0956,1.0911,1.09275
1706108400,1.09275,1.09325,1.0914,1.09165
1706122800,1.0916,1.0917,1.0901,1.09085
1706137200,1.09095,1.09095,1.08925,1.09
1706151600,1.09,1.0909,1.0897,1.09085
1706166000,1.0908,1.0922,1.09055,1.09155
1706180400,1.09155,1.09255,1.0875,1.08825
1706194800,1.08825,1.0884,1.08465,1.08525
1706209200,1.08525,1.08705,1.0844,1.08685
1706223600,1.08685,1.08715,1.0859,1.0866
1706238000,1.0866,1.0869,1.08505,1.0851
1706252400,1.0851,1.0888,1.08345,1.08865
1706266800,1.0887,1.0909,1.08785,1.0896
1706281200,1.08955,1.0896,1.08755,1.0878
1706295600,1.08775,1.08845,1.0874,1.0876
1706482800,1.08715,1.08725,1.08605,1.0865
1706497200,1.0865,1.0869,1.08605,1.08675
1706511600,1.0868,1.08715,1.0835,1.08405
1706526000,1.084,1.0858,1.08255,1.08285
1706540400,1.0829,1.08375,1.08175,1.08325
1706554800,1.0833,1.0862,1.0831,1.0855
1706569200,1.08565,1.08635,1.08505,1.0855
1706583600,1.08545,1.0855,1.08345,1.0836
1706598000,1.0836,1.0861,1.0833,1.08595
1706612400,1.08595,1.08785,1.08505,1.08705
1706626800,1.08715,1.08795,1.08485,1.0857
1706641200,1.08565,1.08695,1.0856,1.08655
1706655600,1.08655,1.08685,1.0836,1.0838
1706670000,1.08385,1.0842,1.0835,1.0836
1706684400,1.08355,1.0857,1.08265,1.0846
1706698800,1.0846,1.0907,1.0846,1.0901
1706713200,1.09015,1.09085,1.0863,1.0868
1706727600,1.08675,1.0886,1.081,1.0839
1706742000,1.08355,1.08415,1.0821,1.0839
1706756400,1.0839,1.084,1.0813,1.08155
1706770800,1.08155,1.08225,1.0799,1.08125
1706785200,1.08125,1.0849,1.08125,1.0846
1706799600,1.0846,1.0895,1.0825,1.089
1706814000,1.089,1.08955,1.0888,1.0892
1706828400,1.0893,1.08995,1.08895,1.08975
1706842800,1.0898,1.0902,1.0891,1.0895
1706857200,1.08955,1.0917,1.08935,1.0904
1706871600,1.09035,1.09055,1.08105,1.0828
1706886000,1.08285,1.08305,1.0799,1.08065
1706900400,1.0807,1.08165,1.0805,1.0806
1707087600,1.08,1.0803,1.0786,1.07975
1707102000,1.07975,1.0803,1.07915,1.07965
1707116400,1.0796,1.08045,1.07655,1.07675
1707130800,1.0768,1.07765,1.0753,1.076
1707145200,1.076,1.07645,1.0741,1.0762
1707159600,1.0762,1.07645,1.0755,1.076
1707174000,1.07605,1.07665,1.07585,1.0763
1707188400,1.0763,1.07715,1.07605,1.07685
1707202800,1.0768,1.078,1.0743,1.07465
1707217200,1.0747,1.0761,1.074,1.0758
1707231600,1.0758,1.07735,1.0754,1.07715
1707246000,1.07715,1.0775,1.07645,1.07725
1707260400,1.0772,1.0783,1.07715,1.0781
1707274800,1.07805,1.07835,1.0774,1.07785
1707289200,1.0778,1.07905,1.07755,1.07815
1707303600,1.0781,1.08015,1.07795,1.07885
1707318000,1.0789,1.07975,1.0773,1.07885
1707332400,1.07885,1.07925,1.0787,1.0789
1707346800,1.0789,1.07995,1.0788,1.07985
1707361200,1.07985,1.08045,1.07945,1.08
1707375600,1.08005,1.0805,1.07845,1.07875
1707390000,1.07875,1.07895,1.07575,1.0781
1707404400,1.0781,1.0799,1.07675,1.07925
1707418800,1.0793,1.07955,1.07885,1.0793
1707433200,1.0794,1.0794,1.07875,1.07915
1707447600,1.0792,1.07935,1.0785,1.07905
1707462000,1.07905,1.08,1.07775,1.0782
1707476400,1.07825,1.08115,1.0779,1.07975
1707490800,1.0798,1.08065,1.07945,1.08025
1707505200,1.08025,1.08045,1.07955,1.0801
1707692400,1.0801,1.08155,1.07985,1.081
1707706800,1.08105,1.08125,1.08045,1.0807
1707721200,1.08065,1.08205,1.0782,1.07915
1707735600,1.0792,1.0793,1.0776,1.07875
1707750000,1.07875,1.08015,1.07715,1.07965
1707764400,1.07965,1.0798,1.0783,1.07875
1707778800,1.07875,1.0789,1.07765,1.07785
1707793200,1.0779,1.0787,1.0775,1.0785
1707807600,1.07845,1.0792,1.0771,1.0787
1707822000,1.07875,1.083,1.07145,1.0732
1707836400,1.07325,1.07415,1.07205,1.0723
1707850800,1.07235,1.07245,1.07145,1.07225
1707865200,1.07225,1.07285,1.07175,1.07235
1707879600,1.07235,1.0733,1.07225,1.073
1707894000,1.073,1.07315,1.0709,1.07175
1707908400,1.0718,1.0737,1.0711,1.073
1707922800,1.07305,1.07485,1.07275,1.0741
1707937200,1.0741,1.07435,1.07395,1.07425
1707951600,1.07405,1.0748,1.0738,1.07415
1707966000,1.0742,1.07465,1.0737,1.07435
1707980400,1.0743,1.0754,1.074,1.07465
1707994800,1.07475,1.07955,1.07455,1.0789
1708009200,1.0789,1.07975,1.07675,1.07795
1708023600,1.07795,1.07865,1.0779,1.0785
1708038000,1.0787,1.07895,1.07725,1.07735
1708052400,1.0773,1.07755,1.077,1.0775
1708066800,1.07755,1.0784,1.0772,1.07805
1708081200,1.0781,1.07925,1.07445,1.07625
1708095600,1.0763,1.07985,1.0761,1.07975
1708110000,1.07975,1.08,1.07855,1.07905
1708297200,1.07895,1.08015,1.0789,1.07935
1708311600,1.07935,1.0799,1.0787,1.07985
1708326000,1.0799,1.0802,1.07845,1.07875
1708340400,1.0788,1.07935,1.0775,1.0778
1708354800,1.0778,1.07885,1.0774,1.07875
1708383600,1.079,1.0791,1.0773,1.07785
1708398000,1.07785,1.07845,1.07765,1.07825
1708412400,1.0783,1.08215,1.0779,1.0816
1708426800,1.0816,1.08505,1.0805,1.0841
1708441200,1.08415,1.08415,1.08185,1.08215
1708455600,1.0821,1.0824,1.08155,1.08185
1708470000,1.0822,1.08285,1.08165,1.0826
1708484400,1.08265,1.083,1.08185,1.08225
1708498800,1.0823,1.0826,1.0801,1.0812
1708513200,1.0812,1.0827,1.08055,1.0824
1708527600,1.08245,1.0831,1.0811,1.0823
1708542000,1.08225,1.08355,1.0816,1.08305
1708556400,1.0831,1.08425,1.08285,1.0836
1708570800,1.08365,1.085,1.0833,1.08485
1708585200,1.0848,1.0899,1.08475,1.08665
1708599600,1.08665,1.08685,1.08125,1.0828
1708614000,1.08275,1.0836,1.0813,1.0835
1708628400,1.08345,1.0835,1.0828,1.0832
1708642800,1.0832,1.08415,1.08245,1.0835
1708657200,1.08345,1.0838,1.08305,1.0835
1708671600,1.0835,1.0842,1.08235,1.0834
1708686000,1.08335,1.0849,1.08325,1.0835
1708700400,1.0835,1.08395,1.08215,1.08365
1708714800,1.0836,1.08365,1.08275,1.08315
1708902000,1.0831,1.0832,1.0822,1.08265
1708916400,1.0826,1.08345,1.08255,1.0833
1708930800,1.0833,1.0858,1.08315,1.0857
1708945200,1.0857,1.0869,1.08535,1.0855
1708959600,1.0856,1.08645,1.0848,1.0854
1708974000,1.0854,1.0862,1.0853,1.08615
1708988400,1.08605,1.08625,1.08545,1.086
1709002800,1.08605,1.0864,1.08555,1.0859
1709017200,1.08585,1.08745,1.08505,1.08605
1709031600,1.08605,1.0872,1.08445,1.0849
1709046000,1.08495,1.08665,1.08415,1.08585
1709060400,1.08585,1.08585,1.085,1.0853
1709074800,1.08525,1.0854,1.08455,1.0846
1709089200,1.08455,1.0846,1.083,1.08305
1709103600,1.0831,1.0833,1.08045,1.08235
1709118000,1.08235,1.0842,1.0815,1.0838
1709132400,1.08385,1.0854,1.08345,1.08425
1709146800,1.08425,1.08485,1.08405,1.0847
1709161200,1.08455,1.08475,1.0835,1.08435
1709175600,1.08435,1.0845,1.08385,1.084
1709190000,1.084,1.08615,1.0833,1.0845
1709204400,1.0844,1.0857,1.08285,1.08535
1709218800,1.0854,1.0863,1.08025,1.08155
1709233200,1.0816,1.08175,1.08075,1.0813
1709247600,1.0811,1.08285,1.08085,1.0825
1709262000,1.0825,1.08275,1.0815,1.08155
1709276400,1.0815,1.0829,1.08045,1.08165
1709290800,1.0817,1.08315,1.0804,1.0806
1709305200,1.0807,1.08495,1.0807,1.0846
1709319600,1.08465,1.085,1.084,1.08465
1709506800,1.08485,1.08545,1.08445,1.08515
1709521200,1.08515,1.0854,1.08485,1.0853
1709535600,1.0853,1.0864,1.08435,1.08595
1709550000,1.086,1.0868,1.0846,1.08655
1709564400,1.0866,1.08725,1.08615,1.0862
1709578800,1.0862,1.08655,1.08605,1.08625
1709593200,1.08635,1.08635,1.08535,1.08555
1709607600,1.08555,1.08605,1.085,1.08525
1709622000,1.08525,1.08615,1.08475,1.08555
1709636400,1.08555,1.08605,1.0845,1.0851
1709650800,1.08515,1.0882,1.08515,1.0858
1709665200,1.0858,1.08645,1.08545,1.0862
1709679600,1.0862,1.0864,1.0847,1.08575
1709694000,1.0858,1.08655,1.08545,1.08645
1709708400,1.0864,1.0885,1.08635,1.08825
1709722800,1.08825,1.0895,1.08715,1.08925
1709737200,1.0893,1.09205,1.08865,1.09085
1709751600,1.0908,1.0908,1.0898,1.09045
1709766000,1.09015,1.09115,1.08975,1.0902
1709780400,1.0902,1.0909,1.08995,1.0905
1709794800,1.09055,1.09085,1.08915,1.09005
1709809200,1.09005,1.0923,1.08715,1.0919
1709823600,1.09195,1.09485,1.0912,1.0946
1709838000,1.0946,1.0953,1.0945,1.09525
1709852400,1.09525,1.09595,1.09485,1.09495
1709866800,1.0949,1.09525,1.09475,1.09515
1709881200,1.0952,1.0955,1.09295,1.0937
1709895600,1.0937,1.0985,1.09215,1.09615
1709910000,1.09615,1.09655,1.0937,1.09405
1709924400,1.09405,1.09475,1.0938,1.0943
1710108000,1.09425,1.09495,1.09385,1.09435
1710122400,1.0944,1.09475,1.094,1.09445
1710136800,1.0944,1.09515,1.0937,1.09375
1710151200,1.0938,1.09465,1.09205,1.0923
1710165600,1.0923,1.09335,1.0917,1.09285
1710180000,1.0928,1.09305,1.09215,1.09285
1710194400,1.09275,1.09365,1.0927,1.0936
1710208800,1.0936,1.09415,1.0933,1.0941
1710223200,1.0941,1.0942,1.0924,1.09325
1710237600,1.09325,1.09465,1.09045,1.0913
1710252000,1.09135,1.09235,1.0909,1.0922
1710266400,1.0922,1.093,1.0921,1.0929
1710280800,1.0928,1.0932,1.0926,1.0926
1710295200,1.09265,1.0933,1.09245,1.09305
1710309600,1.09305,1.0935,1.0922,1.0925
1710324000,1.0925,1.09495,1.0924,1.09395
1710338400,1.09395,1.0966,1.09335,1.09595
1710352800,1.0959,1.09605,1.09475,1.095
1710367200,1.095,1.0956,1.0946,1.095
1710381600,1.095,1.09505,1.094,1.09405
1710396000,1.09405,1.09455,1.0933,1.0942
1710410400,1.0942,1.0946,1.09095,1.09125
1710424800,1.0913,1.0915,1.08815,1.08875
1710439200,1.0887,1.0893,1.08815,1.0884
1710453600,1.0928,1.09285,1.0917,1.0918
1710468000,1.0918,1.09195,1.09145,1.0918
1710482400,1.0918,1.09405,1.09165,1.0939
1710496800,1.0939,1.0941,1.09245,1.0928
1710511200,1.0928,1.0936,1.09225,1.0925
1710525600,1.09255,1.09325,1.09255,1.093
1710712800,1.0932,1.0932,1.0921,1.093
1710727200,1.093,1.0933,1.0926,1.0928
1710741600,1.09275,1.09415,1.09275,1.09405
1710756000,1.09405,1.09465,1.09265,1.09295
1710770400,1.093,1.0934,1.0907,1.0909
1710784800,1.09095,1.0914,1.0908,1.0913
1710799200,1.0912,1.09145,1.09065,1.09085
1710813600,1.09085,1.09165,1.0903,1.09045
1710828000,1.0904,1.09085,1.08745,1.08765
1710842400,1.0877,1.08975,1.0877,1.0894
1710856800,1.08945,1.0908,1.08935,1.0904
1710871200,1.0904,1.09065,1.0901,1.0905
1710885600,1.09045,1.0906,1.0898,1.09035
1710900000,1.09035,1.09105,1.0902,1.09055
1710914400,1.0905,1.0911,1.08755,1.0878
1710928800,1.08785,1.0885,1.0876,1.0884
1710943200,1.0884,1.0906,1.0883,1.09045
1710957600,1.0904,1.09625,1.09035,1.09625
1710972000,1.0962,1.09775,1.096,1.0974
1710986400,1.09735,1.09755,1.097,1.097
1711000800,1.097,1.09815,1.0925,1.0951
1711015200,1.0951,1.09615,1.09215,1.0924
1711029600,1.09235,1.0924,1.08935,1.08955
1711044000,1.0896,1.0901,1.08935,1.08975
1711058400,1.0902,1.09055,1.08875,1.0888
1711072800,1.08875,1.089,1.08685,1.0878
1711087200,1.08785,1.08785,1.0845,1.0853
1711101600,1.0853,1.08685,1.0849,1.08665
1711116000,1.0867,1.0869,1.08425,1.08435
1711130400,1.08435,1.08475,1.08395,1.08445
1711317600,1.08435,1.08575,1.0839,1.0854
1711332000,1.0854,1.0859,1.0848,1.0859
1711346400,1.08595,1.0861,1.08445,1.0855
1711360800,1.0855,1.0875,1.08535,1.08725
1711375200,1.0873,1.088,1.0869,1.0874
1711389600,1.0874,1.0878,1.0872,1.0875
1711404000,1.08745,1.0883,1.08735,1.08775
1711418400,1.08775,1.08855,1.0873,1.0884
1711432800,1.0884,1.0893,1.0876,1.08905
1711447200,1.08905,1.09015,1.0884,1.089
1711461600,1.08905,1.08925,1.08615,1.08675
1711476000,1.0868,1.0872,1.08655,1.08685
1711490400,1.0868,1.08685,1.0855,1.0858
1711504800,1.08585,1.0865,1.08585,1.0861
1711519200,1.08605,1.08735,1.08555,1.0862
1711533600,1.08625,1.08695,1.08455,1.08515
1711548000,1.08515,1.086,1.0848,1.08535
1711562400,1.08535,1.08635,1.0853,1.08625
1711576800,1.0862,1.0862,1.08415,1.0852
1711591200,1.0852,1.0861,1.08515,1.0858
1711605600,1.0858,1.0858,1.08085,1.08095
1711620000,1.0809,1.08525,1.0809,1.08465
1711634400,1.08475,1.08535,1.0827,1.08305
1711648800,1.083,1.0833,1.08185,1.08215
1711922400,1.0812,1.0833,1.0812,1.0821
1711936800,1.08205,1.08255,1.0817,1.08195
1711951200,1.0819,1.08265,1.0817,1.082
1711965600,1.082,1.08215,1.08055,1.0807
1711980000,1.0807,1.0807,1.07645,1.07755
1711994400,1.07755,1.07765,1.077,1.07765
1712008800,1.07765,1.0777,1.0764,1.07675
1712023200,1.07675,1.07695,1.0759,1.076
1712037600,1.076,1.07765,1.0758,1.0775
1712052000,1.0775,1.0802,1.0772,1.07985
1712066400,1.0799,1.0813,1.0791,1.08005
1712080800,1.0801,1.0803,1.07935,1.08015
1712095200,1.08045,1.08065,1.0799,1.0805
1712109600,1.0805,1.0812,1.08045,1.0808
1712124000,1.0808,1.08105,1.0797,1.08005
1712138400,1.08005,1.0826,1.0799,1.0823
1712152800,1.0823,1.0869,1.0823,1.08655
1712167200,1.0865,1.087,1.08625,1.08695
1712181600,1.08675,1.0876,1.08665,1.08725
1712196000,1.0873,1.08785,1.087,1.08735
1712210400,1.0874,1.08975,1.0871,1.0891
1712224800,1.0891,1.09085,1.08825,1.0902
1712239200,1.0902,1.09085,1.089,1.0892
1712253600,1.08915,1.0892,1.08635,1.0869
1712268000,1.0871,1.08755,1.08565,1.0858
1712282400,1.08585,1.08595,1.0855,1.0859
1712296800,1.0859,1.08775,1.0854,1.087
1712311200,1.087,1.08795,1.08225,1.08325
1712325600,1.08325,1.0876,1.0828,1.08645
1712340000,1.08645,1.08695,1.0862,1.0868
1712527200,1.0869,1.087,1.0854,1.08665
1712541600,1.0867,1.08745,1.08625,1.08655
1712556000,1.08655,1.0869,1.0852,1.0859
1712570400,1.0859,1.08845,1.08525,1.0883
1712584800,1.0883,1.08905,1.08745,1.0889
1712599200,1.0889,1.0893,1.0887,1.08905
1712613600,1.08915,1.08945,1.0888,1.08905
1712628000,1.089,1.0893,1.08845,1.0889
1712642400,1.0889,1.08965,1.088,1.08955
1712656800,1.0896,1.0916,1.089,1.0909
1712671200,1.09095,1.0913,1.0882,1.0882
1712685600,1.0882,1.089,1.0878,1.08875
1712700000,1.0886,1.089,1.0882,1.08845
1712714400,1.08845,1.0886,1.0881,1.0882
1712728800,1.0882,1.08955,1.08775,1.0892
1712743200,1.08915,1.08965,1.07795,1.0781
1712757600,1.0781,1.0797,1.07585,1.07805
1712772000,1.0781,1.07845,1.0765,1.0773
1712786400,1.0771,1.07755,1.0767,1.07745
1712800800,1.0774,1.07775,1.07715,1.07715
1712815200,1.0771,1.07785,1.07555,1.076
1712829600,1.07595,1.0785,1.07405,1.07635
1712844000,1.07635,1.07635,1.0728,1.07565
1712858400,1.0757,1.07635,1.07535,1.07545
1712872800,1.0754,1.0758,1.07505,1.07525
1712887200,1.07525,1.07555,1.0739,1.074
1712901600,1.07395,1.074,1.0683,1.0688
1712916000,1.06885,1.0689,1.0659,1.0671
1712930400,1.067,1.0679,1.0651,1.0675
1712944800,1.0675,1.0679,1.06655,1.0669
1713132000,1.06665,1.068,1.06635,1.06775
1713146400,1.0677,1.0687,1.0675,1.06855
1713160800,1.0685,1.06925,1.06775,1.06825
1713175200,1.0683,1.0693,1.06585,1.06645
1713189600,1.0665,1.0675,1.06495,1.06565
1713204000,1.06565,1.06595,1.0648,1.06525
1713218400,1.06525,1.0656,1.0634,1.06435
1713232800,1.06435,1.0648,1.06335,1.0646
1713247200,1.06455,1.0662,1.06295,1.06565
1713261600,1.06565,1.0681,1.065,1.0657
1713276000,1.06575,1.0672,1.06285,1.06485
1713290400,1.0648,1.0662,1.06435,1.06455
1713304800,1.06445,1.0657,1.06395,1.0655
1713319200,1.06545,1.06625,1.0637,1.0639
1713333600,1.06385,1.06755,1.0633,1.06675
1713348000,1.06675,1.06795,1.0658,1.06705
1713362400,1.0671,1.06955,1.06565,1.06945
1713376800,1.0695,1.0706,1.0691,1.07
1713391200,1.06995,1.0702,1.069,1.0696
1713405600,1.0696,1.07095,1.06945,1.0706
1713420000,1.07065,1.07155,1.06955,1.0696
1713434400,1.0696,1.0705,1.0672,1.06765
1713448800,1.0677,1.06905,1.0669,1.06745
1713463200,1.06735,1.06755,1.0667,1.06685
1713477600,1.06675,1.06695,1.0639,1.0644
1713492000,1.0644,1.06685,1.06355,1.06565
1713506400,1.0656,1.06875,1.06525,1.06835
1713520800,1.0684,1.0701,1.06685,1.0691
1713535200,1.06915,1.0703,1.06655,1.0681
1713549600,1.06805,1.06835,1.06715,1.0682
1713736800,1.06775,1.06945,1.06775,1.06925
1713751200,1.0693,1.0695,1.0685,1.06885
1713765600,1.0689,1.0694,1.06725,1.0676
1713780000,1.0676,1.068,1.06485,1.0658
1713794400,1.0658,1.0682,1.06575,1.06815
1713808800,1.06815,1.0685,1.0675,1.06785
1713823200,1.06775,1.0685,1.06765,1.06785
1713837600,1.0678,1.0685,1.0674,1.0675
1713852000,1.06755,1.07195,1.06625,1.06835
1713866400,1.06835,1.07345,1.06775,1.0726
1713880800,1.07265,1.0736,1.07145,1.0729
1713895200,1.0729,1.07315,1.0725,1.07255
1713909600,1.07285,1.0738,1.0723,1.07335
1713924000,1.07335,1.0737,1.0724,1.0725
1713938400,1.07255,1.07295,1.07045,1.0708
1713952800,1.07075,1.07235,1.0702,1.07175
1713967200,1.07175,1.0727,1.0705,1.07195
1713981600,1.072,1.0731,1.0711,1.0724
1713996000,1.07235,1.07315,1.07175,1.073
1714010400,1.07295,1.0736,1.07265,1.07345
1714024800,1.0735,1.07515,1.0734,1.07495
1714039200,1.0749,1.0764,1.0701,1.0723
1714053600,1.07235,1.07615,1.07155,1.07535
1714068000,1.0753,1.07575,1.0746,1.0753
1714082400,1.07535,1.07535,1.07455,1.07495
1714096800,1.07495,1.0751,1.0741,1.07485
1714111200,1.0748,1.07755,1.0748,1.0759
1714125600,1.0759,1.0767,1.0729,1.073
1714140000,1.07305,1.07345,1.0696,1.0716
1714154400,1.0717,1.07295,1.07135,1.07155
1714341600,1.0715,1.07375,1.0714,1.07355
1714356000,1.0736,1.07555,1.0734,1.0747
1714370400,1.0747,1.07505,1.0719,1.0736
1714384800,1.0736,1.07485,1.07115,1.072
1714399200,1.07205,1.07515,1.07205,1.0743
1714413600,1.0743,1.0747,1.0736,1.0742
1714428000,1.07435,1.0744,1.0728,1.0728
1714442400,1.0728,1.07285,1.0716,1.07205
1714456800,1.072,1.0756,1.0711,1.0748
1714471200,1.0748,1.07565,1.071,1.0727
1714485600,1.07265,1.0741,1.0696,1.0701
1714500000,1.07015,1.0704,1.06855,1.06865
1714514400,1.06875,1.0691,1.0679,1.0682
1714528800,1.06815,1.06815,1.0675,1.0676
1714543200,1.06765,1.06945,1.067,1.0691
1714557600,1.06905,1.07065,1.0688,1.07025
1714572000,1.0703,1.0715,1.06915,1.0695
1714586400,1.0695,1.0754,1.0692,1.07335
1714600800,1.0732,1.0741,1.0727,1.0735
1714615200,1.07355,1.07405,1.0732,1.07355
1714629600,1.07355,1.07475,1.0715,1.0723
1714644000,1.0723,1.0732,1.07,1.07055
1714658400,1.0706,1.0743,1.0694,1.0739
1714672800,1.0739,1.07505,1.07375,1.07445
1714687200,1.0746,1.0759,1.0744,1.07565
1714701600,1.07565,1.07575,1.0751,1.0755
1714716000,1.07555,1.0767,1.0744,1.07625
1714730400,1.07625,1.08325,1.0758,1.0796
1714744800,1.07965,1.08195,1.07705,1.07845
1714759200,1.07845,1.0789,1.0781,1.07815
1714946400,1.07815,1.07895,1.0774,1.0789
1714960800,1.0789,1.07905,1.07785,1.078
1714975200,1.078,1.07955,1.07765,1.07885
1714989600,1.07885,1.08095,1.07855,1.0805
1715004000,1.08055,1.0806,1.079,1.07935
1715018400,1.0793,1.07945,1.0785,1.07895
1715032800,1.07865,1.0795,1.07825,1.07845
1715047200,1.0784,1.0788,1.07755,1.0777
1715061600,1.07775,1.0788,1.0773,1.0778
1715076000,1.0778,1.08055,1.0777,1.0799
1715090400,1.07995,1.08015,1.07745,1.0775
1715104800,1.0775,1.07765,1.0766,1.0774
1715119200,1.07725,1.0774,1.07585,1.07585
1715133600,1.07585,1.07615,1.0756,1.0759
1715148000,1.07585,1.0771,1.0753,1.07695
1715162400,1.07695,1.07725,1.0758,1.0769
1715176800,1.0769,1.0776,1.0759,1.0761
1715191200,1.0761,1.0767,1.0759,1.0767
1715205600,1.07675,1.0768,1.07595,1.07645
1715220000,1.0764,1.07685,1.0759,1.07605
1715234400,1.07605,1.0761,1.07425,1.07475
1715248800,1.07475,1.07845,1.07405,1.0781
1715263200,1.0781,1.0799,1.078,1.0794
1715277600,1.0794,1.08015,1.0792,1.0799
1715292000,1.08,1.08025,1.07925,1.07925
1715306400,1.0793,1.0794,1.079,1.0792
1715320800,1.07925,1.08035,1.0788,1.07965
1715335200,1.0796,1.08065,1.07825,1.0804
1715349600,1.0804,1.0807,1.07765,1.07905
1715364000,1.07905,1.0792,1.0785,1.0788
1715551200,1.0788,1.07915,1.07825,1.0785
1715565600,1.0785,1.07905,1.0782,1.0789
1715580000,1.0789,1.0805,1.07845,1.0799
1715594400,1.0799,1.0823,1.0793,1.08205
1715608800,1.08205,1.08215,1.0803,1.0808
1715623200,1.08075,1.081,1.08025,1.08065
1715637600,1.0807,1.0809,1.08,1.0803
1715652000,1.0803,1.0805,1.08,1.0802
1715666400,1.08025,1.08095,1.07905,1.0808
1715680800,1.08085,1.08385,1.07805,1.0835
1715695200,1.0835,1.08415,1.08255,1.0835
1715709600,1.08345,1.08385,1.08335,1.0836
1715724000,1.0834,1.0838,1.08285,1.08375
1715738400,1.0838,1.0843,1.08355,1.0842
1715752800,1.08425,1.085,1.0838,1.08435
1715767200,1.08435,1.0885,1.0837,1.08505
1715781600,1.0851,1.0896,1.0849,1.0895
1715796000,1.0895,1.09015,1.08885,1.09005
1715810400,1.08995,1.09095,1.08985,1.09005
1715824800,1.09005,1.09035,1.08935,1.0894
1715839200,1.08935,1.08975,1.088,1.0884
1715853600,1.08835,1.0889,1.08685,1.08695
1715868000,1.087,1.08895,1.0868,1.08845
1715882400,1.08845,1.08855,1.08785,1.08805
1715896800,1.08815,1.08825,1.0871,1.0873
1715911200,1.08735,1.0876,1.0868,1.08745
1715925600,1.0875,1.0882,1.08545,1.08585
1715940000,1.0858,1.087,1.08495,1.0869
1715954400,1.0869,1.0892,1.0868,1.0887
1715968800,1.0887,1.08905,1.0882,1.08825
1716156000,1.08825,1.089,1.0881,1.08885
1716170400,1.0888,1.08955,1.08845,1.08935
1716184800,1.0893,1.08975,1.088,1.0882
1716199200,1.0882,1.0887,1.0867,1.08785
1716213600,1.08785,1.08835,1.0871,1.0877
1716228000,1.08775,1.088,1.08695,1.087
1716242400,1.08715,1.0875,1.0868,1.08685
1716256800,1.08685,1.0874,1.08635,1.08715
1716271200,1.0871,1.08875,1.08695,1.0885
1716285600,1.0885,1.0886,1.08555,1.08625
1716300000,1.08625,1.08745,1.0859,1.08655
1716314400,1.0866,1.08695,1.08625,1.0866
1716328800,1.0868,1.08735,1.0866,1.08725
1716343200,1.08725,1.08755,1.08645,1.0868
1716357600,1.08685,1.0876,1.08535,1.0856
1716372000,1.0856,1.08585,1.0834,1.08475
1716386400,1.0848,1.0859,1.0844,1.08495
1716400800,1.08505,1.0851,1.08295,1.0834
1716415200,1.0837,1.08405,1.0834,1.08385
1716429600,1.0838,1.08435,1.08325,1.08345
1716444000,1.08345,1.08585,1.0823,1.08565
1716458400,1.08565,1.0872,1.0839,1.08445
1716472800,1.0845,1.0853,1.0819,1.0822
1716487200,1.0822,1.08265,1.0815,1.0826
1716501600,1.0825,1.08255,1.0818,1.0821
1716516000,1.08215,1.0822,1.0816,1.08215
1716530400,1.0821,1.0842,1.0819,1.0839
1716544800,1.0839,1.08645,1.0838,1.08535
1716559200,1.08545,1.08685,1.08525,1.08625
1716573600,1.0863,1.08645,1.08565,1.08585
1716760800,1.08585,1.08615,1.0856,1.086
1716775200,1.086,1.08625,1.08575,1.0859
1716789600,1.08595,1.0877,1.08545,1.0877
1716804000,1.0877,1.08775,1.0851,1.0865
1716818400,1.08655,1.08725,1.0859,1.08705
1716847200,1.0868,1.08835,1.0868,1.08825
1716861600,1.0882,1.0891,1.08815,1.0885
1716876000,1.08845,1.08905,1.0877,1.0887
1716890400,1.08865,1.0899,1.08735,1.08745
1716904800,1.08745,1.08895,1.08675,1.0875
1716919200,1.0875,1.0875,1.0865,1.0866
1716933600,1.0868,1.08715,1.0857,1.08615
1716948000,1.0861,1.08635,1.08535,1.0854
1716962400,1.08545,1.08685,1.0839,1.0861
1716976800,1.0861,1.0868,1.08415,1.0848
1716991200,1.0848,1.08515,1.08165,1.08225
1717005600,1.08225,1.08245,1.0809,1.08105
1717020000,1.0812,1.0812,1.0803,1.0806
1717034400,1.0806,1.08075,1.0796,1.07975
1717048800,1.07975,1.0826,1.0797,1.0821
1717063200,1.08205,1.08415,1.08165,1.0837
1717077600,1.08375,1.0853,1.0836,1.0847
1717092000,1.0847,1.08475,1.0835,1.08395
1717106400,1.084,1.08415,1.08275,1.0828
1717120800,1.08275,1.083,1.0818,1.08265
1717135200,1.0827,1.0855,1.0822,1.08545
1717149600,1.0855,1.089,1.0852,1.0876
1717164000,1.0876,1.0885,1.0847,1.08545
1717178400,1.08545,1.08595,1.08475,1.08565
1717365600,1.08575,1.08655,1.08545,1.08645
1717380000,1.0865,1.0865,1.0855,1.0859
1717394400,1.08595,1.08655,1.0839,1.08415
1717408800,1.08415,1.08605,1.08345,1.08585
1717423200,1.0859,1.08975,1.0859,1.0895
1717437600,1.0895,1.09125,1.0894,1.0912
1717452000,1.0912,1.0923,1.091,1.09145
1717466400,1.09145,1.09175,1.09095,1.09095
1717480800,1.091,1.09115,1.0876,1.08785
1717495200,1.0878,1.08785,1.08655,1.08725
1717509600,1.08745,1.08945,1.08695,1.08895
1717524000,1.08895,1.0893,1.08845,1.0885
1717538400,1.0885,1.0892,1.08845,1.089
1717552800,1.089,1.08915,1.0882,1.08855
1717567200,1.0885,1.08865,1.08765,1.08795
1717581600,1.08795,1.0898,1.08655,1.0896
1717596000,1.0896,1.0896,1.08605,1.08735
1717610400,1.08735,1.08835,1.0872,1.0874
1717624800,1.0874,1.08995,1.0874,1.08995
1717639200,1.08995,1.0901,1.08875,1.08895
1717653600,1.089,1.0893,1.0876,1.08845
1717668000,1.0885,1.09075,1.08665,1.089
1717682400,1.08905,1.08985,1.08775,1.0897
1717696800,1.08965,1.0899,1.08905,1.0894
1717711200,1.08955,1.09,1.08915,1.09
1717725600,1.09,1.09025,1.0894,1.0895
1717740000,1.08955,1.0903,1.08875,1.0896
1717754400,1.0896,1.0919,1.0822,1.08235
1717768800,1.0824,1.08295,1.0805,1.08095
1717783200,1.08095,1.08115,1.08035,1.0806
1717970400,1.07745,1.07855,1.0769,1.0779
1717984800,1.0779,1.0779,1.07515,1.07575
1717999200,1.0757,1.0772,1.07445,1.0747
1718013600,1.0747,1.07645,1.07365,1.0744
1718028000,1.0744,1.0764,1.0737,1.0763
1718042400,1.0763,1.07705,1.0761,1.0769
1718056800,1.0768,1.0772,1.07645,1.077
1718071200,1.077,1.0774,1.07675,1.0769
1718085600,1.0769,1.0777,1.0744,1.0754
1718100000,1.0754,1.07595,1.0723,1.07275
1718114400,1.07275,1.0747,1.0723,1.0746
1718128800,1.0746,1.07525,1.07425,1.07445
1718143200,1.0743,1.0746,1.07375,1.0743
1718157600,1.0743,1.0749,1.0739,1.07485
1718172000,1.07485,1.0757,1.07385,1.07555
1718186400,1.07555,1.08405,1.0752,1.08395
1718200800,1.084,1.08555,1.08205,1.0843
1718215200,1.08435,1.08505,1.0807,1.08115
1718229600,1.0814,1.0817,1.08055,1.08065
1718244000,1.0806,1.08105,1.08025,1.0806
1718258400,1.0806,1.0818,1.08025,1.08035
1718272800,1.0803,1.08175,1.0782,1.0789
1718287200,1.0789,1.0792,1.07345,1.0744
1718301600,1.07435,1.07445,1.07375,1.07385
1718316000,1.0783,1.07885,1.0782,1.0788
1718330400,1.0788,1.0792,1.0777,1.07775
1718344800,1.0777,1.07795,1.07195,1.0735
1718359200,1.0735,1.07535,1.0715,1.07165
1718373600,1.07165,1.0752,1.0715,1.0745
1718388000,1.07455,1.0755,1.0742,1.0752
1718575200,1.075,1.07555,1.07455,1.07485
1718589600,1.0748,1.0752,1.0745,1.07465
1718604000,1.0746,1.0761,1.07325,1.0757
1718618400,1.0757,1.0767,1.0748,1.0762
1718632800,1.07625,1.07735,1.07575,1.0772
1718647200,1.07715,1.07845,1.07715,1.078
1718661600,1.07795,1.0787,1.07735,1.0774
1718676000,1.07735,1.07745,1.07645,1.07695
1718690400,1.07695,1.07815,1.0761,1.07655
1718704800,1.07655,1.07955,1.0756,1.0794
1718719200,1.07945,1.08075,1.07795,1.07815
1718733600,1.0781,1.0787,1.0778,1.07855
1718748000,1.07855,1.0787,1.0781,1.0786
1718762400,1.07865,1.0788,1.07805,1.0783
1718776800,1.07835,1.07895,1.077,1.07825
1718791200,1.07825,1.07995,1.07805,1.07895
1718805600,1.0789,1.07965,1.07865,1.07925
1718834400,1.079,1.0793,1.0786,1.079
1718848800,1.07895,1.07895,1.0781,1.0782
1718863200,1.0782,1.07825,1.07565,1.07695
1718877600,1.0769,1.0776,1.0757,1.07685
1718892000,1.0769,1.0775,1.07475,1.07505
1718906400,1.0751,1.07615,1.07455,1.07455
1718920800,1.0749,1.0754,1.0744,1.07535
1718935200,1.0754,1.0763,1.07535,1.07615
1718949600,1.0761,1.0764,1.07145,1.0741
1718964000,1.0741,1.07415,1.072,1.0726
1718978400,1.07265,1.07415,1.07235,1.0737
1718992800,1.0737,1.07405,1.07345,1.0737
1719180000,1.0735,1.07385,1.0727,1.0734
1719194400,1.0734,1.0743,1.07315,1.0742
1719208800,1.0742,1.07725,1.07405,1.0766
1719223200,1.07655,1.07865,1.07625,1.0786
1719237600,1.0786,1.079,1.0765,1.07675
1719252000,1.0768,1.07815,1.07675,1.07775
1719266400,1.07765,1.07795,1.0774,1.07775
1719280800,1.0777,1.07865,1.0777,1.0784
1719295200,1.07845,1.07845,1.07635,1.0767
1719309600,1.0767,1.0773,1.07425,1.0745
1719324000,1.0745,1.0757,1.07325,1.07555
1719338400,1.0756,1.076,1.07535,1.0757
1719352800,1.0756,1.07585,1.0748,1.0758
1719367200,1.0758,1.076,1.0744,1.0746
1719381600,1.07455,1.07475,1.0727,1.07305
1719396000,1.07305,1.0736,1.07075,1.0716
1719410400,1.0716,1.07375,1.0716,1.0727
1719424800,1.0727,1.0727,1.07165,1.0722
1719439200,1.0722,1.07295,1.0717,1.07285
1719453600,1.07285,1.0737,1.0728,1.07355
1719468000,1.07355,1.0741,1.07205,1.0737
1719482400,1.0737,1.0767,1.0731,1.0761
1719496800,1.07615,1.0766,1.07405,1.07455
1719511200,1.07455,1.07485,1.07415,1.07435
1719525600,1.0744,1.07505,1.07245,1.0731
1719540000,1.0731,1.07365,1.07245,1.073
1719554400,1.07305,1.0749,1.07295,1.07485
1719568800,1.0749,1.07615,1.0732,1.0738
1719583200,1.0738,1.0765,1.07325,1.0754
1719597600,1.07545,1.07585,1.07455,1.0753
1719784800,1.07705,1.08015,1.077,1.07875
1719799200,1.0788,1.08015,1.07865,1.07955
1719813600,1.0795,1.08155,1.0789,1.07965
1719828000,1.0796,1.07985,1.07785,1.0794
1719842400,1.07945,1.08135,1.07585,1.0768
1719856800,1.0768,1.07815,1.0763,1.07795
1719871200,1.0779,1.07805,1.077,1.0772
1719885600,1.07725,1.0774,1.07645,1.07695
1719900000,1.077,1.07735,1.0748,1.0749
1719914400,1.07485,1.07845,1.0748,1.07805
1719928800,1.0781,1.0785,1.0762,1.0776
1719943200,1.0776,1.07845,1.0776,1.0783
1719957600,1.0788,1.0792,1.0778,1.078
1719972000,1.07795,1.07845,1.0774,1.07765
1719986400,1.07765,1.0802,1.0775,1.0793
1720000800,1.0793,1.08305,1.07905,1.08275
1720015200,1.0828,1.0855,1.08195,1.08215
1720029600,1.0821,1.08265,1.08155,1.08255
1720044000,1.08245,1.0831,1.08235,1.0827
1720058400,1.0827,1.08275,1.08195,1.08265
1720072800,1.0826,1.08395,1.0821,1.0834
1720087200,1.08345,1.08385,1.08305,1.08375
1720101600,1.08375,1.085,1.08355,1.08485
1720130400,1.08485,1.0854,1.08455,1.08515
1720144800,1.08515,1.086,1.085,1.08575
1720159200,1.08575,1.0867,1.08525,1.08625
1720173600,1.08625,1.0878,1.08325,1.0855
1720188000,1.08555,1.0867,1.08465,1.08635
1720202400,1.0864,1.08785,1.0863,1.0875
1720389600,1.08515,1.08685,1.08515,1.08645
1720404000,1.08645,1.08715,1.08565,1.0858
1720418400,1.0858,1.0879,1.08505,1.08735
1720432800,1.0873,1.0881,1.0859,1.0876
1720447200,1.08765,1.088,1.0864,1.08675
1720461600,1.0867,1.08675,1.08575,1.08585
1720476000,1.0859,1.0868,1.08575,1.08585
1720490400,1.0858,1.0866,1.0854,1.08635
1720504800,1.0863,1.0865,1.08495,1.08575
1720519200,1.08575,1.0863,1.0847,1.08565
1720533600,1.0857,1.08635,1.08405,1.08435
1720548000,1.08435,1.08515,1.08425,1.0849
1720562400,1.0847,1.0851,1.08455,1.08485
1720576800,1.0849,1.08555,1.08465,1.0852
1720591200,1.0852,1.08595,1.08465,1.0853
1720605600,1.0853,1.0863,1.0848,1.08565
1720620000,1.0857,1.08625,1.0854,1.08565
1720634400,1.0856,1.0865,1.08515,1.08645
1720648800,1.08665,1.0873,1.08635,1.0872
1720663200,1.0872,1.0873,1.08675,1.08675
1720677600,1.08675,1.0886,1.0865,1.088
1720692000,1.08795,1.0933,1.0877,1.092
1720706400,1.092,1.0923,1.08925,1.0894
1720720800,1.08935,1.0903,1.08935,1.0901
1720735200,1.0901,1.0907,1.0896,1.0897
1720749600,1.08975,1.0905,1.0896,1.0902
1720764000,1.09015,1.0922,1.08945,1.09175
1720778400,1.09175,1.0931,1.09055,1.09305
1720792800,1.0931,1.0944,1.0926,1.09395
1720807200,1.0939,1.0944,1.09335,1.0942
1720994400,1.09255,1.0928,1.09155,1.0922
1721008800,1.0922,1.09285,1.0919,1.09265
1721023200,1.0927,1.09475,1.09165,1.09455
1721037600,1.09445,1.0953,1.0934,1.09475
1721052000,1.09475,1.0954,1.09255,1.0927
1721066400,1.09275,1.09345,1.09255,1.09265
1721080800,1.0927,1.09305,1.0922,1.09245
1721095200,1.09245,1.09265,1.0919,1.09205
1721109600,1.092,1.09355,1.09155,1.093
1721124000,1.093,1.09375,1.0903,1.09145
1721138400,1.0915,1.0924,1.09045,1.09235
1721152800,1.09235,1.09345,1.0922,1.0932
1721167200,1.093,1.09345,1.0927,1.0934
1721181600,1.0934,1.0938,1.0932,1.09355
1721196000,1.09355,1.09765,1.0926,1.0975
1721210400,1.0975,1.09795,1.096,1.097
1721224800,1.09705,1.09705,1.0955,1.09625
1721239200,1.09625,1.09715,1.09615,1.09715
1721253600,1.09695,1.0971,1.09645,1.0965
1721268000,1.0964,1.0968,1.09615,1.0967
1721282400,1.09665,1.09685,1.0956,1.09605
1721296800,1.09605,1.09675,1.0937,1.0941
1721311200,1.0941,1.0948,1.09345,1.09365
1721325600,1.0937,1.0937,1.09235,1.09265
1721340000,1.09255,1.09305,1.09155,1.09165
1721354400,1.0917,1.09215,1.0914,1.09185
1721368800,1.0918,1.09195,1.0905,1.091
1721383200,1.09095,1.09235,1.0907,1.09105
1721397600,1.0911,1.09205,1.09085,1.0913
1721412000,1.0913,1.09135,1.0905,1.0913
1721599200,1.0913,1.0932,1.0912,1.09155
1721613600,1.0915,1.0924,1.0911,1.09135
1721628000,1.0913,1.0924,1.09075,1.09205
1721642400,1.09205,1.09215,1.0904,1.0909
1721656800,1.09095,1.09205,1.09015,1.0919
1721671200,1.0919,1.09205,1.09145,1.0919
1721685600,1.092,1.09225,1.09155,1.0917
1721700000,1.09165,1.0925,1.09165,1.09185
1721714400,1.09185,1.09185,1.0894,1.0895
1721728800,1.0895,1.08965,1.08735,1.0877
1721743200,1.08775,1.0886,1.08715,1.08815
1721757600,1.08815,1.08845,1.0877,1.0881
1721772000,1.08815,1.0884,1.08735,1.0876
1721786400,1.08755,1.0881,1.08695,1.088
1721800800,1.08795,1.0881,1.0852,1.0868
1721815200,1.08675,1.08905,1.0866,1.0882
1721829600,1.0882,1.0894,1.0873,1.0874
1721844000,1.08735,1.08735,1.0863,1.08665
1721858400,1.08665,1.0869,1.0861,1.08635
1721872800,1.08635,1.08715,1.08625,1.0871
1721887200,1.08705,1.0884,1.0854,1.08775
1721901600,1.08775,1.0885,1.08565,1.0865
1721916000,1.08645,1.0896,1.08625,1.08805
1721930400,1.088,1.0881,1.08695,1.0871
1721944800,1.0871,1.0885,1.0869,1.08835
1721959200,1.08835,1.0886,1.08795,1.0883
1721973600,1.08825,1.08825,1.08675,1.08795
1721988000,1.088,1.08925,1.0871,1.0891
1722002400,1.08915,1.0894,1.0877,1.08865
1722016800,1.0886,1.0889,1.088,1.08805
1722204000,1.08815,1.0893,1.0876,1.08905
1722218400,1.08905,1.0895,1.0882,1.08845
1722232800,1.08845,1.08875,1.0851,1.0862
1722247200,1.0862,1.0867,1.08355,1.08365
1722261600,1.0837,1.0851,1.08275,1.085
1722276000,1.085,1.08505,1.0844,1.08455
1722290400,1.0846,1.0848,1.08385,1.08415
1722304800,1.0842,1.08495,1.0839,1.0845
1722319200,1.08445,1.08595,1.084,1.0856
1722333600,1.08565,1.086,1.0826,1.0835
1722348000,1.08355,1.0842,1.08225,1.08385
1722362400,1.08385,1.084,1.08325,1.084
1722376800,1.08395,1.0848,1.0836,1.08455
1722391200,1.08455,1.0854,1.0844,1.08485
1722405600,1.08485,1.08515,1.08305,1.08495
1722420000,1.0849,1.08755,1.08485,1.08665
1722434400,1.0867,1.08705,1.0828,1.084
1722448800,1.08395,1.08565,1.0825,1.08485
1722463200,1.0849,1.0856,1.0844,1.085
1722477600,1.085,1.08575,1.08465,1.08495
1722492000,1.0849,1.085,1.0799,1.07995
1722506400,1.08,1.08305,1.07995,1.08255
1722520800,1.0826,1.08405,1.08025,1.0814
1722535200,1.0814,1.08175,1.0805,1.0813
1722549600,1.08125,1.08155,1.08035,1.08125
1722564000,1.08125,1.0826,1.08065,1.0826
1722578400,1.0826,1.0847,1.0808,1.08415
1722592800,1.08425,1.09285,1.08375,1.09275
1722607200,1.09275,1.09485,1.09215,1.0933
1722621600,1.0933,1.09385,1.09295,1.0933
1722808800,1.094,1.0945,1.0924,1.094
1722823200,1.09405,1.0961,1.09335,1.09335
1722837600,1.0934,1.0997,1.0914,1.0973
1722852000,1.09725,1.10305,1.09545,1.10015
1722866400,1.10005,1.1008,1.0969,1.0975
1722880800,1.0975,1.09815,1.09705,1.0973
1722895200,1.09735,1.0984,1.0965,1.09755
1722909600,1.09755,1.09785,1.0966,1.0968
1722924000,1.0968,1.097,1.09285,1.09325
1722938400,1.0932,1.09455,1.09245,1.09395
1722952800,1.09395,1.0956,1.09365,1.09465
1722967200,1.09465,1.09545,1.09435,1.09525
1722981600,1.09515,1.0953,1.0931,1.09385
1722996000,1.09385,1.094,1.0927,1.09305
1723010400,1.0931,1.09485,1.09255,1.09335
1723024800,1.0934,1.09465,1.093,1.0939
1723039200,1.0939,1.0957,1.0938,1.09425
1723053600,1.0942,1.0947,1.09375,1.0943
1723068000,1.0943,1.09525,1.0941,1.09465
1723082400,1.09465,1.09565,1.09455,1.09545
1723096800,1.0955,1.0964,1.09445,1.0945
1723111200,1.0946,1.0952,1.09,1.0911
1723125600,1.09115,1.09355,1.091,1.09315
1723140000,1.09315,1.09385,1.09295,1.09375
1723154400,1.09365,1.09375,1.093,1.09365
1723168800,1.09365,1.09425,1.0934,1.0938
1723183200,1.09375,1.09475,1.09315,1.0938
1723197600,1.09375,1.09425,1.0927,1.0941
1723212000,1.0941,1.09495,1.0933,1.0939
1723226400,1.09385,1.094,1.0933,1.09335
1723413600,1.0935,1.0941,1.0928,1.09385
1723428000,1.0939,1.09395,1.093,1.09365
1723442400,1.0937,1.09465,1.09335,1.09445
1723456800,1.0945,1.09515,1.0935,1.0943
1723471200,1.09435,1.0957,1.0933,1.0951
1723485600,1.0951,1.09525,1.0945,1.0949
1723500000,1.09495,1.0954,1.09465,1.09525
1723514400,1.09525,1.09585,1.09515,1.0957
1723528800,1.09575,1.09585,1.09305,1.0937
1723543200,1.0937,1.09795,1.0935,1.0976
1723557600,1.09765,1.0996,1.09655,1.09945
1723572000,1.09945,1.10175,1.09945,1.10115
1723586400,1.1011,1.10155,1.10075,1.1009
1723600800,1.10085,1.10125,1.1006,1.10085
1723615200,1.1008,1.10455,1.10035,1.1043
1723629600,1.10425,1.106,1.10215,1.1055
1723644000,1.1055,1.10645,1.10305,1.1032
1723658400,1.1031,1.1034,1.1028,1.1029
1723672800,1.103,1.1031,1.10185,1.10225
1723687200,1.1023,1.10285,1.10215,1.1025
1723701600,1.1025,1.1031,1.1019,1.10275
1723716000,1.10275,1.10295,1.09645,1.0984
1723730400,1.09845,1.1005,1.09805,1.09895
1723744800,1.099,1.09955,1.0986,1.0987
1723759200,1.09885,1.0996,1.09855,1.09955
1723773600,1.0996,1.1001,1.09905,1.1001
1723788000,1.1,1.10055,1.09915,1.1005
1723802400,1.1005,1.10195,1.10005,1.10175
1723816800,1.1018,1.1028,1.09975,1.1028
1723831200,1.10275,1.10445,1.10245,1.10435
1724018400,1.10435,1.10505,1.1037,1.10455
1724032800,1.10455,1.10635,1.1043,1.1062
1724047200,1.1062,1.1065,1.1049,1.105
1724061600,1.10495,1.1059,1.10445,1.1059
1724076000,1.1059,1.10915,1.10575,1.10915
1724090400,1.10915,1.1101,1.1091,1.11
1724104800,1.11,1.1103,1.1094,1.1099
1724119200,1.10995,1.11015,1.1087,1.1091
1724133600,1.1091,1.1103,1.10855,1.10895
1724148000,1.10895,1.11195,1.1089,1.11155
1724162400,1.11165,1.11335,1.11075,1.113
1724176800,1.113,1.1145,1.113,1.11445
1724191200,1.11415,1.11465,1.1133,1.11355
1724205600,1.1135,1.1139,1.113,1.11315
1724220000,1.1132,1.11425,1.1124,1.1131
1724234400,1.1131,1.11435,1.1124,1.1128
1724248800,1.11285,1.1172,1.1113,1.11695
1724263200,1.1169,1.11875,1.11605,1.1163
1724277600,1.1162,1.117,1.11545,1.11555
1724292000,1.11555,1.1158,1.11525,1.11555
1724306400,1.11555,1.11895,1.11395,1.1152
1724320800,1.1152,1.1158,1.1124,1.1131
1724335200,1.11315,1.11315,1.111,1.11145
1724349600,1.1115,1.11255,1.1115,1.11245
1724364000,1.1124,1.114,1.1121,1.1139
1724378400,1.11395,1.11405,1.11345,1.11375
1724392800,1.1137,1.11435,1.1124,1.1129
1724407200,1.1129,1.11345,1.1117,1.11255
1724421600,1.11255,1.12095,1.11245,1.1204
1724436000,1.1204,1.12125,1.1197,1.1204
1724623200,1.12025,1.12125,1.1197,1.12
1724637600,1.12,1.12055,1.11885,1.119
1724652000,1.11905,1.12005,1.11825,1.11855
1724666400,1.11855,1.1188,1.11605,1.11705
1724680800,1.1171,1.119,1.11645,1.11805
1724695200,1.11805,1.1182,1.11695,1.11715
1724709600,1.117,1.1181,1.117,1.118
1724724000,1.11795,1.11825,1.11745,1.11775
1724738400,1.11775,1.11895,1.11715,1.11785
1724752800,1.11785,1.11805,1.11595,1.11785
1724767200,1.1179,1.1193,1.11695,1.11915
1724781600,1.11915,1.1201,1.11905,1.11955
1724796000,1.11935,1.11955,1.1182,1.1184
1724810400,1.11835,1.11875,1.11495,1.1154
1724824800,1.1154,1.11695,1.1143,1.11455
1724839200,1.1146,1.11475,1.11145,1.1121
1724853600,1.11215,1.11475,1.1115,1.11165
1724868000,1.11165,1.113,1.11155,1.11295
1724882400,1.11275,1.11415,1.1125,1.1137
1724896800,1.1137,1.11455,1.1135,1.11435
1724911200,1.11435,1.11475,1.10795,1.11015
1724925600,1.11015,1.1109,1.10805,1.10905
1724940000,1.10905,1.10955,1.10635,1.10915
1724954400,1.1092,1.1092,1.10825,1.1085
1724968800,1.1085,1.1091,1.1079,1.1079
1724983200,1.10795,1.10855,1.10775,1.1085
1724997600,1.1085,1.1103,1.10815,1.10905
1725012000,1.1091,1.1096,1.1062,1.10805
1725026400,1.10805,1.1088,1.1051,1.106
1725040800,1.106,1.1064,1.10545,1.10555
1725228000,1.1054,1.1063,1.1049,1.10585
1725242400,1.10585,1.10635,1.1051,1.10625
1725256800,1.10625,1.1085,1.1062,1.10765
1725271200,1.10765,1.1079,1.10655,1.1075
1725285600,1.1075,1.1079,1.10675,1.1073
1725314400,1.1079,1.10795,1.10655,1.10735
1725328800,1.1074,1.1077,1.10605,1.10665
1725343200,1.10665,1.10745,1.1041,1.10465
1725357600,1.10465,1.107,1.10395,1.10685
1725372000,1.1069,1.10835,1.1033,1.10345
1725386400,1.10345,1.1051,1.1033,1.105
1725400800,1.10505,1.1062,1.1045,1.1059
1725415200,1.1059,1.1066,1.10555,1.1064
1725429600,1.1064,1.1069,1.1053,1.10595
1725444000,1.10595,1.10655,1.1046,1.1064
1725458400,1.1064,1.11015,1.10635,1.10725
1725472800,1.1072,1.10895,1.10715,1.1088
1725487200,1.10885,1.1091,1.108,1.1083
1725501600,1.10835,1.1088,1.1079,1.10845
1725516000,1.1085,1.1105,1.1084,1.10995
1725530400,1.1099,1.11255,1.1092,1.11095
1725544800,1.11115,1.1112,1.10805,1.11115
1725559200,1.1111,1.11185,1.1107,1.11155
1725573600,1.1115,1.11185,1.11125,1.11145
1725588000,1.1115,1.1123,1.11135,1.1121
1725602400,1.1121,1.1125,1.11115,1.11175
1725616800,1.11175,1.11595,1.10695,1.1087
1725631200,1.10875,1.11395,1.10735,1.1089
1725645600,1.1089,1.10935,1.10825,1.10895
1725832800,1.10895,1.1095,1.1085,1.1086
1725847200,1.10855,1.1087,1.10725,1.1073
1725861600,1.1073,1.1076,1.10495,1.106
1725876000,1.106,1.10605,1.10395,1.10505
1725890400,1.1051,1.10575,1.1038,1.10465
1725904800,1.10475,1.105,1.1037,1.1038
1725919200,1.1039,1.1043,1.10295,1.1038
1725933600,1.1038,1.1046,1.10355,1.10425
1725948000,1.10425,1.1053,1.10355,1.10415
1725962400,1.1042,1.10465,1.10205,1.10225
1725976800,1.1023,1.1032,1.1018,1.1026
1725991200,1.1026,1.1031,1.10215,1.1022
1726005600,1.10215,1.10425,1.10195,1.10395
1726020000,1.10395,1.10545,1.1034,1.10465
1726034400,1.1046,1.1055,1.10395,1.10445
1726048800,1.10445,1.10575,1.10055,1.10155
1726063200,1.10155,1.10235,1.10045,1.1021
1726077600,1.10215,1.1029,1.10135,1.10145
1726092000,1.1015,1.10165,1.1007,1.1012
1726106400,1.10125,1.1023,1.10085,1.1023
1726120800,1.10225,1.10245,1.10065,1.1015
1726135200,1.1015,1.1042,1.1008,1.1038
1726149600,1.10385,1.10575,1.1031,1.10575
1726164000,1.10575,1.10765,1.1052,1.1076
1726178400,1.1118,1.11315,1.11125,1.1124
1726192800,1.11245,1.11325,1.11215,1.1125
1726207200,1.1125,1.1143,1.11155,1.1134
1726221600,1.1134,1.11445,1.1122,1.11365
1726236000,1.1137,1.1138,1.1119,1.1124
1726250400,1.11235,1.11265,1.1115,1.11185
1726437600,1.1121,1.1134,1.1118,1.1129
1726452000,1.1129,1.11465,1.1128,1.11395
1726466400,1.114,1.11705,1.1139,1.1162
1726480800,1.1162,1.11785,1.1157,1.11705
1726495200,1.1171,1.1172,1.1157,1.11645
1726509600,1.11645,1.11745,1.11595,1.1173
1726524000,1.1174,1.1174,1.1162,1.1168
1726538400,1.1168,1.117,1.11615,1.1167
1726552800,1.1167,1.1186,1.1156,1.11785
1726567200,1.11785,1.1184,1.1152,1.1154
1726581600,1.1154,1.11685,1.11495,1.11565
1726596000,1.1156,1.1164,1.1153,1.1154
1726610400,1.1156,1.11705,1.1154,1.1168
1726624800,1.1168,1.11685,1.1158,1.1161
1726639200,1.116,1.118,1.1155,1.1178
1726653600,1.1178,1.118,1.11575,1.1175
1726668000,1.11755,1.11765,1.1148,1.11655
1726682400,1.11645,1.1227,1.1134,1.1156
1726696800,1.11575,1.11635,1.1104,1.1119
1726711200,1.1119,1.1167,1.1119,1.1167
1726725600,1.11665,1.1215,1.1165,1.1214
1726740000,1.1214,1.12145,1.1153,1.1158
1726754400,1.1158,1.1197,1.1152,1.1196
1726768800,1.11965,1.1204,1.1195,1.1198
1726783200,1.1197,1.1199,1.11925,1.11945
1726797600,1.11945,1.12045,1.11925,1.1199
1726812000,1.11995,1.1217,1.11875,1.1196
1726826400,1.1196,1.12125,1.1189,1.119
1726840800,1.11905,1.1211,1.1171,1.1194
1726855200,1.1194,1.12005,1.11905,1.11975
1727042400,1.11975,1.1199,1.119,1.1193
1727056800,1.1193,1.12015,1.11905,1.11975
1727071200,1.1198,1.11985,1.1118,1.1141
1727085600,1.1141,1.1178,1.114,1.11645
1727100000,1.11645,1.11785,1.11505,1.11555
1727114400,1.11555,1.1159,1.11445,1.1146
1727128800,1.1146,1.11495,1.1139,1.1142
1727143200,1.1142,1.1154,1.1138,1.1151
1727157600,1.1151,1.11815,1.1139,1.1171
1727172000,1.1171,1.1183,1.11575,1.1175
1727186400,1.11755,1.11995,1.11745,1.1198
1727200800,1.11985,1.12165,1.1195,1.1214
1727215200,1.12145,1.1229,1.12135,1.1223
1727229600,1.1223,1.1234,1.1223,1.1231
1727244000,1.1231,1.12315,1.1213,1.1218
1727258400,1.1218,1.12495,1.1216,1.123
1727272800,1.12305,1.12305,1.1156,1.11715
1727287200,1.11715,1.11735,1.116,1.1168
1727301600,1.1165,1.11745,1.11625,1.11725
1727316000,1.1173,1.1185,1.11705,1.1183
1727330400,1.11825,1.11915,1.1159,1.1177
1727344800,1.1177,1.1199,1.11685,1.11735
1727359200,1.1174,1.12225,1.11595,1.1213
1727373600,1.12135,1.1218,1.1207,1.1211
1727388000,1.12105,1.1211,1.11955,1.1197
1727402400,1.11975,1.1206,1.11915,1.1197
1727416800,1.11965,1.1209,1.1158,1.1193
1727431200,1.1193,1.12365,1.11875,1.12185
1727445600,1.1219,1.12255,1.118,1.1197
1727460000,1.1197,1.12015,1.1192,1.11965
1727647200,1.1196,1.1207,1.1192,1.11935
1727661600,1.11935,1.12025,1.1189,1.11995
1727676000,1.11995,1.1242,1.1189,1.12225
1727690400,1.1223,1.12365,1.12,1.1202
1727704800,1.12025,1.12025,1.11685,1.11865
1727719200,1.11865,1.1188,1.11475,1.11685
1727733600,1.11665,1.1177,1.1161,1.11765
1727748000,1.11765,1.1177,1.1168,1.1171
1727762400,1.11705,1.11745,1.1125,1.11285
1727776800,1.11285,1.1133,1.10915,1.11055
1727791200,1.11065,1.11205,1.1079,1.1096
1727805600,1.1096,1.11105,1.1096,1.1101
1727820000,1.1104,1.1107,1.10965,1.1105
1727834400,1.1105,1.1107,1.10875,1.10955
1727848800,1.1095,1.1116,1.1093,1.11045
1727863200,1.1105,1.11105,1.10805,1.10845
1727877600,1.1085,1.10905,1.1066,1.1081
1727892000,1.10805,1.10865,1.107,1.10785
1727906400,1.108,1.10815,1.1067,1.1071
1727920800,1.10715,1.10715,1.10565,1.10605
1727935200,1.106,1.10785,1.1058,1.1068
1727949600,1.10675,1.10795,1.10595,1.10695
1727964000,1.10685,1.10705,1.10385,1.1064
1727978400,1.10645,1.10665,1.1057,1.10615
1727992800,1.10615,1.10705,1.106,1.1061
1728007200,1.1061,1.10665,1.10565,1.10645
1728021600,1.1065,1.10665,1.1051,1.1058
1728036000,1.10585,1.1068,1.09905,1.1005
1728050400,1.10055,1.10135,1.0983,1.09995
1728064800,1.1,1.101,1.0997,1.1007
1728252000,1.10025,1.10095,1.0995,1.10055
1728266400,1.10055,1.1009,1.09965,1.10015
1728280800,1.10005,1.1011,1.09865,1.0991
1728295200,1.0991,1.1016,1.099,1.10115
1728309600,1.1012,1.1019,1.1002,1.10145
1728324000,1.10145,1.10145,1.0998,1.1006
1728338400,1.10065,1.10165,1.1004,1.1015
1728352800,1.1015,1.10185,1.1004,1.1015
1728367200,1.1014,1.1029,1.101,1.1019
1728381600,1.1019,1.10235,1.10025,1.10095
1728396000,1.10095,1.1012,1.0992,1.1006
1728410400,1.1006,1.10125,1.10005,1.1012
1728424800,1.10115,1.10125,1.09995,1.1005
1728439200,1.10045,1.1007,1.0993,1.1004
1728453600,1.10045,1.10045,1.09815,1.09975
1728468000,1.09975,1.10015,1.0977,1.09845
1728482400,1.09845,1.09905,1.0968,1.097
1728496800,1.09705,1.0974,1.0967,1.097
1728511200,1.097,1.09755,1.0967,1.09725
1728525600,1.09725,1.0975,1.09665,1.09685
1728540000,1.0968,1.0972,1.09565,1.0963
1728554400,1.09625,1.0984,1.09345,1.0966
1728568800,1.09665,1.0971,1.09295,1.0948
1728583200,1.09485,1.09675,1.09475,1.09665
1728597600,1.0966,1.0967,1.09585,1.0961
1728612000,1.0961,1.097,1.096,1.09645
1728626400,1.09645,1.0983,1.09615,1.0968
1728640800,1.0968,1.098,1.09555,1.09685
1728655200,1.0969,1.0982,1.0963,1.09725
1728669600,1.09725,1.0975,1.09615,1.09655
1728856800,1.09635,1.09635,1.0944,1.0952
1728871200,1.0952,1.0958,1.09475,1.09545
1728885600,1.0955,1.0965,1.09525,1.09575
1728900000,1.09575,1.09585,1.09335,1.09485
1728914400,1.09485,1.09485,1.0926,1.09325
1728928800,1.0933,1.09385,1.0917,1.0938
1728943200,1.0935,1.09385,1.09325,1.09355
1728957600,1.09355,1.09375,1.0917,1.092
1728972000,1.09195,1.09445,1.0913,1.09415
1728986400,1.0942,1.0945,1.0926,1.0938
1729000800,1.0938,1.094,1.091,1.0913
1729015200,1.09135,1.092,1.0912,1.09185
1729029600,1.09185,1.092,1.09095,1.0919
1729044000,1.09195,1.0923,1.0914,1.09155
1729058400,1.0916,1.0925,1.0903,1.09225
1729072800,1.09225,1.0929,1.09125,1.0918
1729087200,1.0918,1.09185,1.0889,1.089
1729101600,1.08895,1.08905,1.08805,1.08885
1729116000,1.08885,1.08905,1.08825,1.08885
1729130400,1.0889,1.08915,1.08775,1.08805
1729144800,1.08805,1.08905,1.0875,1.0885
1729159200,1.0885,1.09005,1.08375,1.0859
1729173600,1.08595,1.0867,1.08405,1.08515
1729188000,1.0852,1.08585,1.08495,1.08575
1729202400,1.08575,1.0862,1.0851,1.08605
1729216800,1.0861,1.087,1.0859,1.0869
1729231200,1.08685,1.08745,1.08605,1.087
1729245600,1.08705,1.08895,1.0864,1.0883
1729260000,1.0883,1.08945,1.0879,1.08875
1729274400,1.08875,1.08955,1.08875,1.0893
1729461600,1.0893,1.08975,1.0889,1.08905
1729476000,1.08905,1.08935,1.08835,1.08855
1729490400,1.0885,1.0886,1.0872,1.0872
1729504800,1.0872,1.0885,1.087,1.0873
1729519200,1.08735,1.08745,1.0841,1.08415
1729533600,1.08415,1.08425,1.0836,1.08405
1729548000,1.08405,1.0846,1.0839,1.0844
1729562400,1.0844,1.0849,1.084,1.08445
1729576800,1.0844,1.08635,1.084,1.0841
1729591200,1.0841,1.0855,1.08265,1.0832
1729605600,1.08325,1.08405,1.08255,1.0828
1729620000,1.0828,1.08295,1.08175,1.0824
1729634400,1.08235,1.08255,1.08165,1.08195
1729648800,1.08195,1.0831,1.08195,1.0831
1729663200,1.08305,1.08305,1.0804,1.0807
1729677600,1.08065,1.0808,1.07855,1.08
1729692000,1.08005,1.0811,1.0792,1.07935
1729706400,1.0793,1.0811,1.0793,1.0807
1729720800,1.08065,1.0813,1.0802,1.0806
1729735200,1.0806,1.0816,1.0804,1.08115
1729749600,1.08115,1.08315,1.07935,1.082
1729764000,1.082,1.0834,1.0811,1.08235
1729778400,1.08235,1.08475,1.08195,1.0844
1729792800,1.08435,1.0853,1.0841,1.08505
1729807200,1.08495,1.08515,1.0842,1.08455
1729821600,1.08455,1.085,1.08425,1.0844
1729836000,1.0844,1.08595,1.0836,1.0845
1729850400,1.0845,1.0862,1.08435,1.08575
1729864800,1.0857,1.08605,1.08245,1.08255
1729879200,1.08255,1.0827,1.0816,1.08185
1730066400,1.0819,1.0824,1.08075,1.0813
1730080800,1.0813,1.08185,1.08045,1.081
1730095200,1.08095,1.08435,1.08085,1.0835
1730109600,1.0835,1.0848,1.08335,1.0842
1730124000,1.08425,1.08495,1.0835,1.08355
1730138400,1.08355,1.08415,1.0832,1.0834
1730152800,1.08345,1.08405,1.0832,1.08375
1730167200,1.08375,1.084,1.08275,1.08325
1730181600,1.08325,1.0848,1.08275,1.0839
1730196000,1.08395,1.08425,1.07905,1.0809
1730210400,1.081,1.08345,1.08065,1.0827
1730224800,1.08275,1.084,1.0825,1.084
1730239200,1.0838,1.0847,1.0836,1.08425
1730253600,1.08425,1.08425,1.08345,1.08365
1730268000,1.08365,1.08805,1.08365,1.08605
1730282400,1.0861,1.0865,1.0826,1.08645
1730296800,1.0865,1.08895,1.08625,1.0887
1730311200,1.0887,1.08925,1.08765,1.0878
1730325600,1.08785,1.08795,1.0864,1.08645
1730340000,1.08645,1.08725,1.0864,1.0871
1730354400,1.0871,1.0887,1.0867,1.08855
1730368800,1.08855,1.0908,1.08755,1.0879
1730383200,1.0879,1.0896,1.08655,1.0881
1730397600,1.0881,1.09045,1.088,1.0903
1730412000,1.0901,1.0907,1.0897,1.08985
1730426400,1.0899,1.09,1.089,1.08905
1730440800,1.0891,1.0896,1.08765,1.08775
1730455200,1.08775,1.09245,1.08715,1.0888
1730469600,1.08885,1.0898,1.08525,1.08545
1730484000,1.08545,1.08645,1.08505,1.0852
1730674800,1.0889,1.0913,1.0888,1.0913
1730689200,1.0913,1.0924,1.091,1.091
1730703600,1.091,1.09215,1.09055,1.092
1730718000,1.092,1.09335,1.09115,1.09185
1730732400,1.0919,1.09265,1.0897,1.0904
1730746800,1.0904,1.0904,1.08925,1.0896
1730761200,1.0897,1.0898,1.08905,1.08955
1730775600,1.0895,1.09005,1.0892,1.0899
1730790000,1.0899,1.09155,1.0899,1.0912
1730804400,1.0912,1.09295,1.09075,1.0925
1730818800,1.09235,1.0955,1.0907,1.0949
1730833200,1.09485,1.09525,1.0942,1.09475
1730847600,1.0946,1.09545,1.0779,1.078
1730862000,1.07805,1.0812,1.072,1.07435
1730876400,1.07435,1.07985,1.0743,1.07635
1730890800,1.0763,1.07635,1.0699,1.07325
1730905200,1.0733,1.07755,1.0731,1.077
1730919600,1.07705,1.07705,1.07455,1.07465
1730934000,1.07475,1.0753,1.07285,1.0752
1730948400,1.0752,1.0766,1.0747,1.0766
1730962800,1.0765,1.07875,1.07605,1.07715
1730977200,1.07715,1.0832,1.07675,1.0825
1730991600,1.0825,1.084,1.08,1.08135
1731006000,1.0814,1.0825,1.07825,1.0818
1731020400,1.0818,1.082,1.07945,1.07965
1731034800,1.0796,1.08045,1.07885,1.07925
1731049200,1.0793,1.08045,1.07765,1.07935
1731063600,1.0794,1.08125,1.07595,1.07665
1731078000,1.0767,1.07695,1.0702,1.07215
1731092400,1.07215,1.0737,1.07205,1.07345
1731279600,1.07245,1.0743,1.0723,1.0738
1731294000,1.07375,1.07425,1.0723,1.07355
1731308400,1.07355,1.0737,1.0683,1.0687
1731322800,1.06865,1.06865,1.06435,1.06575
1731337200,1.06575,1.0671,1.0651,1.0665
1731351600,1.0665,1.06725,1.0664,1.06705
1731366000,1.0671,1.06775,1.06565,1.0658
1731380400,1.0658,1.06635,1.0644,1.06485
1731394800,1.06485,1.06515,1.06255,1.0632
1731409200,1.06325,1.0644,1.06205,1.06315
1731423600,1.0632,1.06325,1.0609,1.06305
1731438000,1.063,1.0641,1.06235,1.06375
1731452400,1.06355,1.0643,1.0625,1.064
1731466800,1.064,1.06415,1.06215,1.0627
1731481200,1.0627,1.0644,1.06075,1.06285
1731495600,1.06285,1.0669,1.059,1.05995
1731510000,1.05995,1.06075,1.05695,1.0573
1731524400,1.05725,1.059,1.05705,1.05765
1731538800,1.0577,1.05815,1.056,1.0562
1731553200,1.0562,1.0568,1.0546,1.05575
1731567600,1.0558,1.05705,1.0514,1.0524
1731582000,1.0524,1.0581,1.05085,1.05655
1731596400,1.05655,1.05955,1.05585,1.05595
1731610800,1.05595,1.0564,1.0524,1.05425
1731625200,1.0543,1.0555,1.0535,1.0553
1731639600,1.0553,1.05735,1.0546,1.0566
1731654000,1.05655,1.0592,1.0563,1.05865
1731668400,1.0586,1.06055,1.05355,1.05435
1731682800,1.0544,1.0572,1.0537,1.05635
1731697200,1.0564,1.0564,1.05285,1.0553
1731884400,1.05495,1.0562,1.0544,1.0553
1731898800,1.0553,1.0559,1.05415,1.05545
1731913200,1.05545,1.0583,1.05495,1.056
1731927600,1.056,1.05865,1.05445,1.0581
1731942000,1.0581,1.06095,1.05725,1.06085
1731956400,1.0609,1.0619,1.06005,1.061
1731970800,1.06115,1.06115,1.0598,1.0603
1731985200,1.0603,1.0612,1.05935,1.0604
1731999600,1.0604,1.0606,1.05345,1.05725
1732014000,1.05725,1.06085,1.05605,1.0584
1732028400,1.0584,1.06125,1.05765,1.0601
1732042800,1.06015,1.06095,1.0595,1.06065
1732057200,1.0608,1.06205,1.06065,1.0607
1732071600,1.0607,1.06095,1.0594,1.05985
1732086000,1.0598,1.0606,1.05565,1.056
1732100400,1.05595,1.0579,1.05335,1.05355
1732114800,1.0536,1.05485,1.05175,1.05465
1732129200,1.0547,1.05555,1.05465,1.05545
1732143600,1.05535,1.056,1.0552,1.0559
1732158000,1.05595,1.05645,1.05515,1.0555
1732172400,1.05545,1.05575,1.05235,1.05305
1732186800,1.05305,1.05495,1.0525,1.05445
1732201200,1.0545,1.05545,1.04715,1.04955
1732215600,1.04955,1.0497,1.0481,1.0484
1732230000,1.0484,1.04865,1.04755,1.0482
1732244400,1.0482,1.0488,1.04705,1.04785
1732258800,1.0479,1.05085,1.03405,1.0439
1732273200,1.0439,1.0444,1.0407,1.0413
1732287600,1.04145,1.0434,1.04015,1.04255
1732302000,1.04255,1.0429,1.04165,1.0428
1732489200,1.046,1.05125,1.0451,1.0496
1732503600,1.0496,1.04985,1.04835,1.0492
1732518000,1.0492,1.0506,1.04575,1.0495
1732532400,1.0495,1.05395,1.0483,1.0517
1732546800,1.0517,1.05285,1.04755,1.0516
1732561200,1.05165,1.05195,1.05,1.05045
1732575600,1.0503,1.05085,1.0433,1.04685
1732590000,1.0468,1.0498,1.0466,1.0484
1732604400,1.04845,1.05285,1.04775,1.0525
1732618800,1.05245,1.05525,1.0498,1.051
1732633200,1.0511,1.0518,1.0465,1.0473
1732647600,1.04735,1.0498,1.04655,1.0497
1732662000,1.0497,1.05045,1.04895,1.04935
1732676400,1.04935,1.0494,1.04825,1.0488
1732690800,1.0488,1.05485,1.04875,1.05355
1732705200,1.0535,1.0587,1.0518,1.05645
1732719600,1.0565,1.0596,1.0541,1.05745
1732734000,1.0574,1.0579,1.0567,1.05745
1732748400,1.0574,1.0576,1.0554,1.05635
1732762800,1.05635,1.05645,1.05495,1.0555
1732777200,1.05555,1.0563,1.05345,1.0557
1732791600,1.0557,1.0563,1.0537,1.0556
1732806000,1.05555,1.0564,1.05485,1.05595
1732834800,1.05615,1.0581,1.0559,1.0577
1732849200,1.0577,1.05865,1.0571,1.05865
1732863600,1.05865,1.0603,1.05575,1.0571
1732878000,1.05705,1.05745,1.05515,1.0559
1732892400,1.05595,1.05845,1.0547,1.0577
1733094000,1.0575,1.0575,1.05255,1.0531
1733108400,1.0531,1.05415,1.05205,1.0538
1733122800,1.0539,1.0543,1.0502,1.0527
1733137200,1.0527,1.0544,1.04775,1.0479
1733151600,1.0479,1.05045,1.04665,1.0495
1733166000,1.04955,1.05215,1.0493,1.05045
1733180400,1.05035,1.05075,1.0488,1.04945
1733194800,1.04945,1.05,1.0486,1.0493
1733209200,1.04935,1.0536,1.04915,1.052
1733223600,1.052,1.05345,1.05115,1.05245
1733238000,1.05245,1.05405,1.04975,1.0533
1733252400,1.0533,1.05345,1.0508,1.0515
1733266800,1.0515,1.05175,1.05015,1.0505
1733281200,1.05055,1.05335,1.0493,1.05275
1733295600,1.05275,1.05315,1.04875,1.05045
1733310000,1.0504,1.05175,1.0477,1.0497
1733324400,1.05,1.0549,1.05,1.0521
1733338800,1.05205,1.05345,1.05095,1.0516
1733353200,1.05145,1.0526,1.05115,1.0523
1733367600,1.05235,1.05335,1.05195,1.05295
1733382000,1.05295,1.055,1.0525,1.053
1733396400,1.0529,1.05935,1.05265,1.0579
1733410800,1.05795,1.05835,1.05545,1.05715
1733425200,1.0572,1.0593,1.0572,1.05895
1733439600,1.059,1.0591,1.0569,1.058
1733454000,1.05805,1.05835,1.0572,1.0578
1733468400,1.0578,1.0598,1.05705,1.0586
1733482800,1.0586,1.06335,1.0571,1.05825
1733497200,1.0582,1.0582,1.05475,1.0553
1733511600,1.0553,1.05725,1.05455,1.0571
1733698800,1.05655,1.0572,1.05535,1.05575
1733713200,1.0558,1.05595,1.0535,1.05475
1733727600,1.0547,1.05885,1.0544,1.05835
1733742000,1.0583,1.0588,1.0561,1.05815
1733756400,1.05815,1.05975,1.0563,1.05665
1733770800,1.05665,1.0567,1.055,1.0556
1733785200,1.0559,1.0564,1.05475,1.0556
1733799600,1.0556,1.05705,1.05515,1.05695
1733814000,1.0569,1.0569,1.0525,1.0531
1733828400,1.0531,1.05365,1.0518,1.0522
1733842800,1.05225,1.0529,1.0501,1.0528
1733857200,1.05275,1.0534,1.0526,1.0529
1733871600,1.0529,1.05415,1.0529,1.0539
1733886000,1.05395,1.05395,1.05225,1.0528
1733900400,1.0528,1.05305,1.0489,1.0497
1733914800,1.0497,1.05395,1.0492,1.05035
1733929200,1.0503,1.0514,1.0482,1.04865
1733943600,1.04865,1.04995,1.04835,1.0498
1733958000,1.0499,1.05095,1.04975,1.05045
1733972400,1.05045,1.0515,1.05015,1.05145
1733986800,1.05145,1.05315,1.04965,1.04975
1734001200,1.04975,1.05215,1.047,1.052
1734015600,1.05205,1.0522,1.04645,1.04835
1734030000,1.04835,1.0486,1.04645,1.04665
1734044400,1.051,1.05235,1.05035,1.0504
1734058800,1.0504,1.0509,1.04995,1.0509
1734073200,1.0509,1.05395,1.0496,1.05305
1734087600,1.053,1.05675,1.053,1.05335
1734102000,1.05335,1.0549,1.0525,1.0539
1734116400,1.0539,1.05475,1.0535,1.0546
1734303600,1.05405,1.0566,1.0537,1.0555
1734318000,1.05555,1.05645,1.0552,1.0556
1734332400,1.05565,1.05675,1.05315,1.0532
1734346800,1.0532,1.05515,1.0517,1.0525
1734361200,1.05255,1.0564,1.05255,1.05635
1734375600,1.0563,1.0565,1.0549,1.05545
1734390000,1.0553,1.0577,1.05525,1.05595
1734404400,1.05595,1.05625,1.054,1.05455
1734418800,1.05455,1.0552,1.05215,1.05305
1734433200,1.053,1.0554,1.05265,1.0547
1734447600,1.0547,1.05585,1.05325,1.0536
1734462000,1.05365,1.0538,1.0528,1.0533
1734476400,1.05335,1.05455,1.05335,1.05425
1734490800,1.05425,1.0554,1.0538,1.0553
1734505200,1.05525,1.05545,1.05295,1.05405
1734519600,1.05405,1.0546,1.0525,1.0539
1734534000,1.05385,1.05415,1.0509,1.05285
1734548400,1.05275,1.05275,1.03845,1.03935
1734562800,1.0388,1.04305,1.03875,1.043
1734577200,1.043,1.0431,1.04145,1.04255
1734591600,1.0425,1.0463,1.0425,1.0446
1734606000,1.0446,1.04555,1.04265,1.04365
1734620400,1.0437,1.04425,1.0395,1.0414
1734634800,1.0414,1.04175,1.03985,1.0404
1734649200,1.0404,1.0409,1.0399,1.0403
1734663600,1.0403,1.0417,1.03825,1.04145
1734678000,1.0415,1.04385,1.0412,1.0432
1734692400,1.0432,1.04605,1.04195,1.0434
1734706800,1.0435,1.04855,1.04315,1.0477
1734721200,1.04765,1.04875,1.04625,1.0469
1734908400,1.04715,1.0483,1.04655,1.0479
1734922800,1.0479,1.0484,1.0472,1.04725
1734937200,1.04725,1.0476,1.04255,1.0429
1734951600,1.04285,1.04475,1.04245,1.04325
1734966000,1.0433,1.04565,1.0423,1.0448
1734980400,1.04475,1.04535,1.04385,1.04455
1734994800,1.0445,1.04465,1.04345,1.04375
1735009200,1.04375,1.0438,1.04265,1.04335
1735023600,1.04335,1.0443,1.04265,1.04345
1735038000,1.0434,1.0448,1.0427,1.0443
1735052400,1.0443,1.0446,1.0421,1.0428
1735167600,1.04365,1.04415,1.04305,1.04365
1735182000,1.04365,1.04415,1.04345,1.04355
1735196400,1.04355,1.0441,1.04285,1.0439
1735210800,1.04395,1.04435,1.04305,1.044
1735225200,1.04395,1.04685,1.0436,1.046
1735239600,1.0459,1.0462,1.04525,1.0461
1735254000,1.0461,1.04675,1.04455,1.0447
1735268400,1.0447,1.04505,1.04445,1.045
1735282800,1.0449,1.0464,1.04425,1.04565
1735297200,1.0456,1.0482,1.0456,1.0464
1735311600,1.0464,1.0473,1.04525,1.0464
1735326000,1.04635,1.0468,1.0459,1.04615
1735513200,1.04645,1.0471,1.04595,1.0461
1735527600,1.0461,1.0467,1.04565,1.0464
1735542000,1.04645,1.04795,1.0445,1.04735
1735556400,1.04735,1.04935,1.04145,1.04395
1735570800,1.04395,1.04415,1.04065,1.0439
1735585200,1.04395,1.0442,1.043,1.04415
1735599600,1.0441,1.045,1.04315,1.04475
1735614000,1.04475,1.0448,1.04345,1.04385
1735628400,1.04385,1.04585,1.0437,1.0447
1735642800,1.0447,1.04535,1.0409,1.04105
1735657200,1.041,1.04235,1.0378,1.03865
1735671600,1.03865,1.03985,1.03855,1.0388
1735772400,1.0388,1.0404,1.0376,1.0404
1735786800,1.04035,1.0408,1.0393,1.0397
1735801200,1.0397,1.0405,1.03465,1.03495
1735815600,1.0349,1.0367,1.03345,1.03365
1735830000,1.03365,1.03415,1.0256,1.02885
1735844400,1.0289,1.0302,1.028,1.02995
1735858800,1.0297,1.03065,1.02965,1.0304
1735873200,1.03045,1.0311,1.02965,1.03105
1735887600,1.03105,1.0332,1.03005,1.0313
1735902000,1.03135,1.0335,1.03135,1.03325
1735916400,1.0332,1.0338,1.0305,1.03295
1735930800,1.0329,1.03415,1.03255,1.034
1736118000,1.03345,1.0349,1.0327,1.0347
1736132400,1.03475,1.035,1.0339,1.0344
1736146800,1.0344,1.04,1.0341,1.0367
1736161200,1.03665,1.04685,1.03605,1.0424
1736175600,1.04245,1.0434,1.0403,1.04135
1736190000,1.0413,1.04235,1.04105,1.04215
1736204400,1.042,1.04215,1.04075,1.04135
1736218800,1.04135,1.04355,1.04115,1.0428
1736233200,1.04285,1.04655,1.04285,1.0459
1736247600,1.04585,1.04595,1.0418,1.0425
1736262000,1.0424,1.0424,1.03805,1.03855
1736276400,1.0385,1.03905,1.03705,1.03715
1736290800,1.0373,1.03855,1.03695,1.03845
1736305200,1.0384,1.0388,1.0377,1.03825
1736319600,1.03815,1.0382,1.0341,1.035
1736334000,1.03495,1.035,1.03035,1.0322
1736348400,1.0322,1.03465,1.0322,1.0344
1736362800,1.03435,1.0355,1.03385,1.0349
1736377200,1.0348,1.0349,1.03345,1.03455
1736391600,1.0346,1.03505,1.03265,1.03295
1736406000,1.033,1.0347,1.0313,1.03325
1736420400,1.03325,1.03485,1.03255,1.0337
1736434800,1.03375,1.0339,1.0321,1.03295
1736449200,1.033,1.0333,1.03265,1.03295
1736463600,1.0329,1.0333,1.0321,1.03305
1736478000,1.03305,1.03325,1.03105,1.03105
1736492400,1.03105,1.0341,1.031,1.03315
1736506800,1.03315,1.0341,1.02415,1.0282
1736521200,1.02805,1.0308,1.0256,1.02705
1736535600,1.02705,1.02775,1.02635,1.0274
1736722800,1.0274,1.02785,1.0265,1.02685
1736737200,1.02685,1.02685,1.0236,1.0246
1736751600,1.02455,1.02595,1.02045,1.02305
1736766000,1.023,1.0249,1.02145,1.02365
1736780400,1.02365,1.025,1.022,1.02445
1736794800,1.02445,1.02755,1.02355,1.02735
1736809200,1.0291,1.03055,1.02665,1.0273
1736823600,1.02725,1.02835,1.02705,1.02805
1736838000,1.0281,1.0303,1.0278,1.0288
1736852400,1.0288,1.03035,1.02675,1.02965
1736866800,1.02965,1.0333,1.0291,1.03275
1736881200,1.03275,1.0337,1.03245,1.0336
1736895600,1.0335,1.03365,1.0323,1.03245
1736910000,1.0325,1.0333,1.03195,1.0324
1736924400,1.0325,1.03455,1.0315,1.03355
1736938800,1.03355,1.03825,1.03215,1.03555
1736953200,1.0355,1.03585,1.0285,1.032
1736967600,1.03205,1.0327,1.0316,1.03185
1736982000,1.0316,1.03265,1.0311,1.0313
1736996400,1.03135,1.032,1.0307,1.0315
1737010800,1.0315,1.03285,1.0308,1.03115
1737025200,1.0312,1.0318,1.02865,1.03055
1737039600,1.0306,1.03415,1.03005,1.03265
1737054000,1.0326,1.0334,1.0323,1.03295
1737068400,1.0327,1.0336,1.03245,1.03295
1737082800,1.03295,1.0331,1.03115,1.0316
1737097200,1.0316,1.0332,1.03035,1.033
1737111600,1.033,1.03365,1.0291,1.0325
1737126000,1.03245,1.0357,1.0305,1.0307
1737140400,1.0307,1.03105,1.0295,1.02955
1737327600,1.0302,1.03185,1.0292,1.0317
1737342000,1.0317,1.0345,1.0317,1.03365
1737356400,1.0336,1.03485,1.03305,1.0341
1737370800,1.0341,1.04565,1.0333,1.04415
1737385200,1.0441,1.0456,1.0379,1.0423
1737399600,1.0423,1.0461,1.04165,1.0443
1737414000,1.0443,1.046,1.0378,1.04125
1737428400,1.04135,1.0427,1.03915,1.0394
1737442800,1.0394,1.04115,1.03675,1.03785
1737457200,1.0378,1.0425,1.03685,1.04125
1737471600,1.0413,1.0461,1.04045,1.0455
1737486000,1.0455,1.04565,1.04415,1.0454
1737500400,1.04505,1.04535,1.0418,1.04395
1737514800,1.0439,1.04475,1.04255,1.0429
1737529200,1.043,1.0483,1.0429,1.04755
1737543600,1.04755,1.0482,1.044,1.04505
1737558000,1.04505,1.0451,1.04375,1.0442
1737572400,1.0442,1.04485,1.04335,1.04355
1737586800,1.04345,1.0441,1.04215,1.0428
1737601200,1.04285,1.0437,1.04275,1.0428
1737615600,1.04285,1.0445,1.04145,1.04355
1737630000,1.04355,1.0443,1.04185,1.04325
1737644400,1.04335,1.0462,1.03955,1.04485
1737658800,1.04485,1.04535,1.0437,1.04405
1737673200,1.0441,1.0473,1.04355,1.04725
1737687600,1.0473,1.04955,1.046,1.04815
1737702000,1.0481,1.0539,1.04715,1.0513
1737716400,1.0513,1.052,1.04875,1.05155
1737730800,1.05155,1.05455,1.0514,1.05195
1737745200,1.05195,1.05225,1.05125,1.0519
1737932400,1.05095,1.051,1.0482,1.04895
1737946800,1.0489,1.0501,1.0479,1.04825
1737961200,1.0483,1.05325,1.04775,1.0529
1737975600,1.05285,1.05575,1.0528,1.0533
1737990000,1.0533,1.05335,1.05055,1.05085
1738004400,1.05085,1.05185,1.0503,1.0516
1738018800,1.05145,1.0515,1.04475,1.0457
1738033200,1.0457,1.04675,1.04485,1.0461
1738047600,1.0461,1.0467,1.04425,1.0448
1738062000,1.04475,1.04645,1.0437,1.0455
1738076400,1.0455,1.04625,1.0444,1.04495
1738090800,1.0449,1.046,1.04455,1.04545
1738105200,1.04535,1.04585,1.04485,1.04565
1738119600,1.0457,1.04665,1.0454,1.046
1738134000,1.04595,1.0461,1.0417,1.0426
1738148400,1.04265,1.04305,1.04045,1.04235
1738162800,1.04235,1.0451,1.04175,1.04415
1738177200,1.0443,1.04515,1.04105,1.0444
1738191600,1.04425,1.045,1.04395,1.04445
1738206000,1.04445,1.04485,1.0432,1.0435
1738220400,1.0435,1.04505,1.0417,1.0422
1738234800,1.04215,1.0489,1.04115,1.04495
1738249200,1.045,1.0464,1.0431,1.04465
1738263600,1.04465,1.04535,1.04075,1.04125
1738278000,1.0412,1.04235,1.0397,1.04105
1738292400,1.04105,1.04165,1.0404,1.04155
1738306800,1.0415,1.04335,1.0386,1.0397
1738321200,1.0397,1.04165,1.0387,1.03895
1738335600,1.03895,1.0455,1.0381,1.03905
1738350000,1.03905,1.04085,1.03705,1.03815
1738537200,1.0281,1.0291,1.0231,1.0244
1738551600,1.0244,1.0272,1.0232,1.02635
1738566000,1.02635,1.02745,1.02335,1.0264
1738580400,1.02635,1.0309,1.0257,1.0272
1738594800,1.027,1.03565,1.026,1.0298
1738609200,1.02985,1.0372,1.02985,1.03645
1738623600,1.03645,1.03715,1.0328,1.03415
1738638000,1.03415,1.0344,1.0292,1.0326
1738652400,1.0326,1.03695,1.0319,1.0355
1738666800,1.03545,1.03865,1.034,1.03795
1738681200,1.0379,1.0408,1.0378,1.04015
1738695600,1.04015,1.0408,1.0397,1.03985
1738710000,1.0401,1.04065,1.03895,1.0404
1738724400,1.04045,1.04135,1.0393,1.04045
1738738800,1.0405,1.045,1.0402,1.04445
1738753200,1.04445,1.04455,1.0421,1.04445
1738767600,1.0445,1.0464,1.043,1.04355
1738782000,1.04355,1.04365,1.04165,1.0423
1738796400,1.0424,1.0424,1.04095,1.04135
1738810800,1.0413,1.04145,1.04035,1.0408
1738825200,1.0408,1.04095,1.03735,1.03805
1738839600,1.03805,1.03925,1.0371,1.03805
1738854000,1.03805,1.0415,1.03775,1.04075
1738868400,1.04075,1.04095,1.03985,1.04015
1738882800,1.0402,1.0409,1.03925,1.0402
1738897200,1.0402,1.04025,1.039,1.0394
1738911600,1.03935,1.0418,1.03925,1.0399
1738926000,1.0399,1.04325,1.03665,1.04035
1738940400,1.0403,1.04055,1.0323,1.0342
1738954800,1.03425,1.0356,1.03395,1.0346
1739142000,1.0315,1.0336,1.03065,1.0317
1739156400,1.0317,1.03385,1.0317,1.0336
1739170800,1.03355,1.0352,1.0324,1.0347
1739185200,1.03475,1.0354,1.03215,1.03285
1739199600,1.03285,1.03375,1.03215,1.03245
1739214000,1.0324,1.03275,1.03215,1.03245
1739228400,1.03235,1.0325,1.0309,1.03095
1739242800,1.031,1.0327,1.0309,1.03215
1739257200,1.03215,1.0342,1.03165,1.03325
1739271600,1.0333,1.0354,1.03325,1.03495
1739286000,1.035,1.0368,1.0345,1.03625
1739300400,1.0362,1.03985,1.03585,1.03785
1739314800,1.0377,1.0384,1.037,1.0379
1739329200,1.0379,1.03815,1.03715,1.0375
1739343600,1.03755,1.0396,1.0375,1.0392
1739358000,1.0392,1.0402,1.03295,1.03665
1739372400,1.03665,1.04465,1.0354,1.04055
1739386800,1.04055,1.0415,1.0397,1.03995
1739401200,1.03995,1.0422,1.03945,1.04185
1739415600,1.0419,1.0455,1.0418,1.0445
1739430000,1.0446,1.04515,1.0424,1.04305
1739444400,1.04305,1.0442,1.03895,1.0414
1739458800,1.04145,1.046,1.03875,1.0424
1739473200,1.0424,1.04835,1.04225,1.0479
1739487600,1.04805,1.0482,1.04695,1.0471
1739502000,1.0471,1.04785,1.04615,1.0473
1739516400,1.04725,1.05025,1.04725,1.04815
1739530800,1.04815,1.0529,1.04715,1.05235
1739545200,1.05235,1.05275,1.05055,1.05195
1739559600,1.0519,1.05195,1.0503,1.0506
1739746800,1.0505,1.05205,1.04985,1.05155
1739761200,1.0515,1.05175,1.04985,1.0506
1739775600,1.0506,1.05095,1.0485,1.0503
1739790000,1.05025,1.0503,1.0481,1.04925
1739804400,1.04925,1.0499,1.0488,1.0496
1739818800,1.04965,1.0499,1.04935,1.0498
1739833200,1.04965,1.04995,1.04755,1.0481
1739847600,1.04815,1.0486,1.04655,1.0475
1739862000,1.04745,1.0483,1.04685,1.04755
1739876400,1.0476,1.04815,1.04545,1.0466
1739890800,1.04665,1.04835,1.04485,1.04575
1739905200,1.0457,1.0463,1.0454,1.0459
1739919600,1.04635,1.04655,1.0454,1.0465
1739934000,1.04645,1.0474,1.0461,1.0468
1739948400,1.0468,1.04725,1.04315,1.0437
1739962800,1.0437,1.0451,1.0433,1.0447
1739977200,1.04475,1.04545,1.0414,1.0433
1739991600,1.0432,1.0445,1.0431,1.0436
1740006000,1.04355,1.0449,1.04305,1.0447
1740020400,1.04475,1.04475,1.04355,1.0437
1740034800,1.04375,1.0456,1.0435,1.04535
1740049200,1.04545,1.0472,1.04425,1.04585
1740063600,1.0458,1.0507,1.0453,1.0507